"Ticket";"Symbol";"Type";"Open time";"Open price";"Size";"Close time";"Close price";"Profit/Loss";"Balance";"Sample type";"Close type";"MAE ($)";"MFE ($)";"Time in trade";"Comment"
"1";"NAS100_DukasM1_Infinox";"Buy";"2012.02.13 17:00:00";"2568.37";"2.76";"2012.02.14 17:55:00";"2557.56";"-31.51";"9968.49";"IS";"TrailingStop";"-38.53";"11.62";"1d 0h 55m";""
"2";"NAS100_DukasM1_Infinox";"Buy";"2012.02.14 23:00:00";"2576.98";"2.66";"2012.02.15 19:34:00";"2587.34";"25.94";"9994.43";"IS";"TrailingStop";"-4.79";"63.79";"20h 34m";""
"3";"NAS100_DukasM1_Infinox";"Buy";"2012.02.15 21:00:00";"2579.64";"2.23";"2012.02.17 18:02:00";"2577.00";"-8.60";"9985.83";"IS";"TrailingStop";"-62.55";"33.61";"1d 21h 2m";""
"4";"NAS100_DukasM1_Infinox";"Buy";"2012.02.21 18:00:00";"2600.59";"2.6";"2012.02.27 16:30:00";"2588.58";"-40.80";"9945.02";"IS";"TrailingStop";"-79.35";"23.04";"5d 22h 30m";""
"5";"NAS100_DukasM1_Infinox";"Buy";"2012.02.27 18:00:00";"2603.30";"2.42";"2012.02.29 17:47:00";"2631.40";"65.03";"10010.05";"IS";"TrailingStop";"-4.57";"101.37";"1d 23h 47m";""
"6";"NAS100_DukasM1_Infinox";"Buy";"2012.02.29 21:00:00";"2635.77";"2.52";"2012.03.05 17:21:00";"2632.32";"-16.54";"9993.51";"IS";"TrailingStop";"-51.36";"35.86";"4d 20h 21m";""
"7";"NAS100_DukasM1_Infinox";"Buy";"2012.03.09 18:00:00";"2651.05";"2.45";"2012.03.15 15:30:00";"2716.19";"150.39";"10143.90";"IS";"PT";"-37.46";"159.59";"5d 21h 30m";""
"8";"NAS100_DukasM1_Infinox";"Buy";"2012.03.19 16:00:00";"2722.20";"2.89";"2012.03.20 15:30:00";"2718.60";"-12.26";"10131.64";"IS";"TrailingStop";"-31.53";"46.30";"23h 30m";""
"9";"NAS100_DukasM1_Infinox";"Buy";"2012.03.20 21:00:00";"2735.32";"2.84";"2012.03.21 21:59:00";"2737.15";"3.36";"10135.01";"IS";"TrailingStop";"-5.11";"48.68";"1d 0h 59m";""
"10";"NAS100_DukasM1_Infinox";"Buy";"2012.03.22 19:00:00";"2739.50";"2.81";"2012.03.27 21:10:00";"2791.89";"138.13";"10273.13";"IS";"PT";"-69.94";"147.22";"5d 2h 10m";""
"11";"NAS100_DukasM1_Infinox";"Buy";"2012.04.02 19:00:00";"2781.46";"2.21";"2012.04.03 19:01:00";"2780.52";"-3.53";"10269.60";"IS";"TrailingStop";"-4.11";"30.70";"1d 0h 1m";""
"12";"NAS100_DukasM1_Infinox";"Buy";"2012.04.25 17:00:00";"2711.17";"1.53";"2012.04.30 16:44:00";"2729.78";"23.58";"10293.18";"IS";"TrailingStop";"-23.03";"60.17";"4d 23h 44m";""
"13";"NAS100_DukasM1_Infinox";"Buy";"2012.05.01 18:00:00";"2749.56";"2.1";"2012.05.01 21:25:00";"2737.00";"-26.38";"10266.80";"IS";"TrailingStop";"-26.38";"15.22";"3h 25m";""
"14";"NAS100_DukasM1_Infinox";"Buy";"2012.06.07 17:00:00";"2565.83";"1.65";"2012.06.11 16:46:00";"2560.11";"-13.44";"10253.37";"IS";"TrailingStop";"-71.68";"21.80";"3d 23h 46m";""
"15";"NAS100_DukasM1_Infinox";"Buy";"2012.07.18 20:00:00";"2631.99";"1.66";"2012.07.20 17:37:00";"2636.90";"6.09";"10259.46";"IS";"TrailingStop";"-25.96";"51.68";"1d 21h 37m";""
"16";"NAS100_DukasM1_Infinox";"Buy";"2012.07.31 21:00:00";"2648.10";"1.85";"2012.08.01 17:18:00";"2642.98";"-10.63";"10248.83";"IS";"TrailingStop";"-11.51";"25.33";"20h 18m";""
"17";"NAS100_DukasM1_Infinox";"Buy";"2012.08.01 20:00:00";"2647.41";"1.95";"2012.08.07 18:49:00";"2722.74";"139.58";"10388.41";"IS";"PT";"-79.70";"146.89";"5d 22h 49m";""
"18";"NAS100_DukasM1_Infinox";"Buy";"2012.08.20 19:00:00";"2782.27";"3.14";"2012.08.21 18:12:00";"2785.97";"9.56";"10397.96";"IS";"TrailingStop";"-25.06";"64.81";"23h 12m";""
"19";"NAS100_DukasM1_Infinox";"Buy";"2012.08.22 22:00:00";"2787.77";"2.46";"2012.08.27 22:54:00";"2777.47";"-33.43";"10364.53";"IS";"TrailingStop";"-90.90";"15.99";"5d 0h 54m";""
"20";"NAS100_DukasM1_Infinox";"Buy";"2012.09.06 17:00:00";"2802.30";"1.91";"2012.09.10 16:42:00";"2813.30";"15.95";"10380.48";"IS";"TrailingStop";"-3.44";"52.81";"3d 23h 42m";""
"21";"NAS100_DukasM1_Infinox";"Buy";"2012.09.13 22:00:00";"2836.38";"2.02";"2012.09.20 16:30:00";"2849.64";"17.32";"10397.80";"IS";"TrailingStop";"-16.69";"70.11";"6d 18h 30m";""
"22";"NAS100_DukasM1_Infinox";"Buy";"2012.09.21 17:00:00";"2877.26";"2.71";"2012.09.24 16:30:00";"2835.55";"-118.56";"10279.24";"IS";"SL";"-113.03";"0.00";"2d 23h 30m";""
"23";"NAS100_DukasM1_Infinox";"Buy";"2012.11.21 17:00:00";"2602.77";"1.82";"2012.11.27 17:24:00";"2638.06";"57.52";"10336.76";"IS";"TrailingStop";"-27.12";"96.70";"6d 0h 24m";""
"24";"NAS100_DukasM1_Infinox";"Buy";"2012.11.27 19:00:00";"2656.07";"2.23";"2012.11.27 21:36:00";"2641.97";"-31.44";"10305.32";"IS";"TrailingStop";"-31.44";"7.31";"2h 36m";""
"25";"NAS100_DukasM1_Infinox";"Buy";"2012.11.28 19:00:00";"2643.43";"1.96";"2012.11.29 18:43:00";"2666.96";"44.90";"10350.21";"IS";"TrailingStop";"-16.88";"89.22";"23h 43m";""
"26";"NAS100_DukasM1_Infinox";"Buy";"2012.12.11 17:00:00";"2682.05";"1.8";"2012.12.12 18:07:00";"2676.44";"-11.24";"10338.97";"IS";"TrailingStop";"-13.32";"25.61";"1d 1h 7m";""
"27";"NAS100_DukasM1_Infinox";"Buy";"2012.12.18 17:00:00";"2673.50";"1.95";"2012.12.19 21:52:00";"2692.40";"35.62";"10374.60";"IS";"TrailingStop";"-7.16";"77.79";"1d 4h 52m";""
"28";"NAS100_DukasM1_Infinox";"Buy";"2012.12.31 22:00:00";"2663.40";"1.53";"2013.01.03 22:23:00";"2726.94";"94.33";"10468.93";"IS";"TrailingStop";"-22.48";"133.75";"3d 0h 23m";""
"29";"NAS100_DukasM1_Infinox";"Buy";"2013.01.09 17:00:00";"2728.93";"2.38";"2013.01.10 17:29:00";"2733.60";"9.58";"10478.51";"IS";"TrailingStop";"-15.30";"48.05";"1d 0h 29m";""
"30";"NAS100_DukasM1_Infinox";"Buy";"2013.01.23 17:00:00";"2764.02";"2.81";"2013.01.24 16:30:00";"2753.30";"-31.96";"10446.55";"IS";"TrailingStop";"-30.12";"14.86";"23h 30m";""
"31";"NAS100_DukasM1_Infinox";"Buy";"2013.02.13 17:00:00";"2782.17";"2.85";"2013.02.20 18:01:00";"2770.93";"-45.14";"10401.41";"IS";"TrailingStop";"-73.36";"2.91";"7d 1h 1m";""
"32";"NAS100_DukasM1_Infinox";"Buy";"2013.05.22 19:00:00";"3043.62";"0.86";"2013.06.06 18:56:00";"2927.28";"-109.32";"10292.09";"IS";"SL";"-100.05";"0.00";"14d 23h 56m";""
"33";"NAS100_DukasM1_Infinox";"Buy";"2013.06.07 18:00:00";"2975.52";"2.29";"2013.06.10 20:32:00";"2988.76";"25.49";"10317.58";"IS";"TrailingStop";"-4.50";"65.29";"3d 2h 32m";""
"34";"NAS100_DukasM1_Infinox";"Buy";"2013.06.17 11:18:00";"2971.50";"2.87";"2013.06.17 21:18:00";"2974.41";"8.35";"10325.93";"IS";"TrailingStop";"-21.92";"46.41";"10h 0m";""
"35";"NAS100_DukasM1_Infinox";"Buy";"2013.06.28 21:00:00";"2921.67";"2.46";"2013.07.01 21:15:00";"2930.33";"16.21";"10342.15";"IS";"TrailingStop";"-58.02";"70.76";"3d 0h 15m";""
"36";"NAS100_DukasM1_Infinox";"Buy";"2013.07.02 10:00:00";"2939.82";"2.85";"2013.07.02 20:35:00";"2928.87";"-31.21";"10310.94";"IS";"TrailingStop";"-49.78";"15.30";"10h 35m";""
"37";"NAS100_DukasM1_Infinox";"Buy";"2013.07.05 05:00:00";"2972.52";"3.52";"2013.07.05 14:44:00";"2963.72";"-30.98";"10279.96";"IS";"TrailingStop";"-30.98";"3.77";"9h 44m";""
"38";"NAS100_DukasM1_Infinox";"Buy";"2013.07.08 13:00:00";"2981.84";"3.26";"2013.07.10 11:43:00";"2973.74";"-31.00";"10248.97";"IS";"TrailingStop";"-92.73";"24.19";"1d 22h 43m";""
"39";"NAS100_DukasM1_Infinox";"Buy";"2013.07.12 22:00:00";"3067.11";"3.71";"2013.07.15 16:43:00";"3066.89";"-8.88";"10240.09";"IS";"TrailingStop";"-14.81";"36.18";"2d 18h 43m";""
"40";"NAS100_DukasM1_Infinox";"Buy";"2013.07.15 19:00:00";"3078.97";"4.33";"2013.07.16 18:03:00";"3074.54";"-22.33";"10217.76";"IS";"TrailingStop";"-19.18";"24.73";"23h 3m";""
"41";"NAS100_DukasM1_Infinox";"Buy";"2013.08.01 18:00:00";"3116.09";"3.61";"2013.08.02 16:46:00";"3117.49";"2.40";"10220.16";"IS";"TrailingStop";"-15.56";"54.69";"22h 46m";""
"42";"NAS100_DukasM1_Infinox";"Buy";"2013.08.02 22:00:00";"3135.51";"3.96";"2013.08.05 16:31:00";"3134.51";"-12.76";"10207.40";"IS";"TrailingStop";"-8.94";"29.26";"2d 18h 31m";""
"43";"NAS100_DukasM1_Infinox";"Buy";"2013.09.06 21:00:00";"3147.89";"2.31";"2013.09.10 19:47:00";"3175.85";"57.72";"10265.12";"IS";"TrailingStop";"-44.67";"92.26";"3d 22h 47m";""
"44";"NAS100_DukasM1_Infinox";"Buy";"2013.09.16 02:00:00";"3215.03";"2.88";"2013.09.16 17:43:00";"3179.53";"-102.24";"10162.88";"IS";"SL";"-102.24";"0.00";"15h 43m";""
"45";"NAS100_DukasM1_Infinox";"Buy";"2013.09.18 22:00:00";"3233.27";"3.17";"2013.09.19 17:16:00";"3230.82";"-10.19";"10152.70";"IS";"TrailingStop";"-26.36";"27.03";"19h 16m";""
"46";"NAS100_DukasM1_Infinox";"Buy";"2013.10.01 18:00:00";"3247.19";"2.17";"2013.10.02 17:13:00";"3232.95";"-32.56";"10120.13";"IS";"TrailingStop";"-30.90";"13.36";"23h 13m";""
"47";"NAS100_DukasM1_Infinox";"Buy";"2013.10.17 17:30:00";"3267.69";"1.57";"2013.10.21 16:33:00";"3361.43";"142.33";"10262.46";"IS";"PT";"-5.45";"147.17";"3d 23h 3m";""
"48";"NAS100_DukasM1_Infinox";"Buy";"2013.10.23 03:00:00";"3365.41";"1.76";"2013.10.23 19:43:00";"3347.50";"-31.52";"10230.94";"IS";"TrailingStop";"-31.52";"15.07";"16h 43m";""
"49";"NAS100_DukasM1_Infinox";"Buy";"2013.10.25 10:35:00";"3364.15";"2.05";"2013.10.28 16:34:00";"3374.99";"17.34";"10248.27";"IS";"TrailingStop";"-3.69";"50.25";"3d 5h 59m";""
"50";"NAS100_DukasM1_Infinox";"Buy";"2013.10.29 11:00:00";"3391.92";"2.78";"2013.10.29 15:56:00";"3380.38";"-32.08";"10216.19";"IS";"TrailingStop";"-32.08";"19.62";"4h 56m";""
"51";"NAS100_DukasM1_Infinox";"Buy";"2013.10.30 11:00:00";"3403.79";"3.36";"2013.10.30 15:14:00";"3395.47";"-27.96";"10188.24";"IS";"TrailingStop";"-27.96";"6.78";"4h 14m";""
"52";"NAS100_DukasM1_Infinox";"Buy";"2013.11.14 21:00:00";"3411.91";"2.81";"2013.11.15 16:32:00";"3412.08";"-1.79";"10186.45";"IS";"TrailingStop";"-10.12";"31.61";"19h 32m";""
"53";"NAS100_DukasM1_Infinox";"Buy";"2013.11.25 21:00:00";"3436.27";"3.58";"2013.11.28 08:11:00";"3477.37";"138.42";"10324.88";"IS";"PT";"-51.82";"147.14";"2d 11h 11m";""
"54";"NAS100_DukasM1_Infinox";"Buy";"2013.12.06 16:00:00";"3506.56";"2.83";"2013.12.10 15:00:00";"3513.90";"11.40";"10336.28";"IS";"TrailingStop";"-61.85";"49.15";"3d 23h 0m";""
"55";"NAS100_DukasM1_Infinox";"Buy";"2013.12.16 17:00:00";"3493.28";"2.37";"2013.12.18 18:42:00";"3450.44";"-105.44";"10230.83";"IS";"SL";"-101.53";"2.58";"2d 1h 42m";""
"56";"NAS100_DukasM1_Infinox";"Buy";"2013.12.20 17:00:00";"3517.43";"3.38";"2013.12.23 11:25:00";"3547.95";"94.74";"10325.57";"IS";"TrailingStop";"-14.92";"142.01";"2d 18h 25m";""
"57";"NAS100_DukasM1_Infinox";"Buy";"2013.12.23 20:00:00";"3564.64";"3.16";"2013.12.26 16:58:00";"3571.29";"13.04";"10338.61";"IS";"TrailingStop";"-24.06";"53.51";"2d 20h 58m";""
"58";"NAS100_DukasM1_Infinox";"Buy";"2013.12.26 19:00:00";"3583.74";"3.84";"2013.12.27 17:36:00";"3580.42";"-16.00";"10322.61";"IS";"TrailingStop";"-17.23";"23.64";"22h 36m";""
"59";"NAS100_DukasM1_Infinox";"Buy";"2014.02.07 16:00:00";"3518.42";"1.17";"2014.02.12 17:20:00";"3624.06";"118.74";"10441.35";"IS";"TrailingStop";"-13.90";"138.61";"5d 1h 20m";""
"60";"NAS100_DukasM1_Infinox";"Buy";"2014.02.12 21:00:00";"3631.99";"2.69";"2014.02.14 06:25:00";"3642.69";"24.17";"10465.52";"IS";"TrailingStop";"-89.33";"72.79";"1d 9h 25m";""
"61";"NAS100_DukasM1_Infinox";"Buy";"2014.02.14 21:00:00";"3666.82";"2.57";"2014.02.18 03:59:00";"3661.02";"-23.81";"10441.71";"IS";"TrailingStop";"-20.36";"20.73";"3d 6h 59m";""
"62";"NAS100_DukasM1_Infinox";"Buy";"2014.03.04 22:05:00";"3717.66";"1.99";"2014.03.06 17:16:00";"3724.68";"10.48";"10452.19";"IS";"TrailingStop";"-10.77";"38.73";"1d 19h 11m";""
"63";"NAS100_DukasM1_Infinox";"Buy";"2014.03.18 16:00:00";"3684.10";"2.18";"2014.03.19 15:35:00";"3696.39";"24.90";"10477.08";"IS";"TrailingStop";"-11.65";"58.97";"23h 35m";""
"64";"NAS100_DukasM1_Infinox";"Buy";"2014.03.31 17:00:00";"3612.65";"2.19";"2014.04.02 17:12:00";"3653.91";"86.62";"10563.71";"IS";"TrailingStop";"-58.13";"136.27";"2d 0h 12m";""
"65";"NAS100_DukasM1_Infinox";"Buy";"2014.04.03 17:00:00";"3675.58";"3.27";"2014.04.03 19:09:00";"3644.22";"-102.55";"10461.16";"IS";"SL";"-102.55";"0.27";"2h 9m";""
"66";"NAS100_DukasM1_Infinox";"Buy";"2014.04.16 23:05:00";"3518.87";"1.47";"2014.04.21 17:35:00";"3528.86";"9.80";"10470.96";"IS";"TrailingStop";"-27.69";"52.06";"4d 18h 30m";""
"67";"NAS100_DukasM1_Infinox";"Buy";"2014.04.21 19:00:00";"3549.95";"2.19";"2014.04.23 16:32:00";"3580.07";"62.29";"10533.25";"IS";"TrailingStop";"-15.18";"101.26";"1d 21h 32m";""
"68";"NAS100_DukasM1_Infinox";"Buy";"2014.05.01 18:00:00";"3604.12";"2.7";"2014.05.05 12:09:00";"3566.35";"-111.17";"10422.08";"IS";"SL";"-101.98";"22.16";"3d 18h 9m";""
"69";"NAS100_DukasM1_Infinox";"Buy";"2014.05.13 18:00:00";"3621.17";"2.84";"2014.05.14 22:32:00";"3585.25";"-104.44";"10317.64";"IS";"SL";"-102.01";"0.00";"1d 4h 32m";""
"70";"NAS100_DukasM1_Infinox";"Buy";"2014.05.26 18:00:00";"3691.10";"5.26";"2014.05.27 22:50:00";"3719.05";"142.43";"10460.07";"IS";"PT";"-23.94";"147.02";"1d 4h 50m";""
"71";"NAS100_DukasM1_Infinox";"Buy";"2014.06.05 19:00:00";"3767.71";"3.01";"2014.06.09 16:37:00";"3788.92";"53.13";"10513.20";"IS";"TrailingStop";"-5.43";"94.45";"3d 21h 37m";""
"72";"NAS100_DukasM1_Infinox";"Buy";"2014.07.02 20:00:00";"3902.58";"4.52";"2014.07.03 16:47:00";"3902.83";"-3.03";"10510.17";"IS";"TrailingStop";"-53.64";"42.03";"20h 47m";""
"73";"NAS100_DukasM1_Infinox";"Buy";"2014.07.14 18:00:00";"3932.50";"3.55";"2014.07.15 13:33:00";"3922.51";"-38.76";"10471.41";"IS";"TrailingStop";"-35.46";"14.88";"19h 33m";""
"74";"NAS100_DukasM1_Infinox";"Buy";"2014.07.23 18:00:00";"3987.02";"3.01";"2014.07.24 16:42:00";"3985.22";"-8.25";"10463.16";"IS";"TrailingStop";"-28.51";"31.74";"22h 42m";""
"75";"NAS100_DukasM1_Infinox";"Buy";"2014.08.13 18:00:00";"3937.59";"2.88";"2014.08.15 16:28:00";"3988.68";"141.78";"10604.94";"IS";"PT";"-5.17";"147.14";"1d 22h 28m";""
"76";"NAS100_DukasM1_Infinox";"Buy";"2014.08.15 23:00:00";"3987.33";"2.13";"2014.08.20 04:38:00";"4029.62";"80.05";"10684.99";"IS";"TrailingStop";"-3.84";"113.02";"4d 5h 38m";""
"77";"NAS100_DukasM1_Infinox";"Buy";"2014.09.17 22:00:00";"4084.13";"2.39";"2014.09.19 16:35:00";"4111.12";"59.90";"10744.89";"IS";"TrailingStop";"-39.13";"96.75";"1d 18h 35m";""
"78";"NAS100_DukasM1_Infinox";"Buy";"2014.10.17 18:00:00";"3826.95";"1.03";"2014.10.17 21:08:00";"3803.84";"-23.80";"10721.08";"IS";"TrailingStop";"-23.80";"21.46";"3h 8m";""
"79";"NAS100_DukasM1_Infinox";"Buy";"2014.10.20 19:00:00";"3840.29";"1.21";"2014.10.21 09:27:00";"3856.86";"18.95";"10740.04";"IS";"TrailingStop";"-5.81";"60.99";"14h 27m";""
"80";"NAS100_DukasM1_Infinox";"Buy";"2014.10.23 17:00:00";"3995.25";"1.64";"2014.10.24 03:31:00";"3999.64";"5.65";"10745.69";"IS";"TrailingStop";"-4.92";"59.22";"10h 31m";""
"81";"NAS100_DukasM1_Infinox";"Buy";"2014.10.28 11:00:00";"4068.40";"2.24";"2014.10.29 01:05:00";"4087.77";"41.24";"10786.93";"IS";"TrailingStop";"-26.37";"83.95";"14h 5m";""
"82";"NAS100_DukasM1_Infinox";"Buy";"2014.10.29 03:00:00";"4086.67";"2.07";"2014.10.29 16:27:00";"4085.10";"-3.25";"10783.68";"IS";"TrailingStop";"-10.39";"31.73";"13h 27m";""
"83";"NAS100_DukasM1_Infinox";"Buy";"2014.10.30 20:00:00";"4106.69";"1.74";"2014.11.03 17:22:00";"4159.63";"85.37";"10869.04";"IS";"TrailingStop";"-48.62";"125.80";"3d 21h 22m";""
"84";"NAS100_DukasM1_Infinox";"Buy";"2014.12.19 22:00:00";"4301.77";"1.55";"2014.12.23 16:48:00";"4291.43";"-22.32";"10846.72";"IS";"TrailingStop";"-39.15";"14.23";"3d 18h 48m";""
"85";"NAS100_DukasM1_Infinox";"Buy";"2015.01.13 17:00:00";"4249.84";"1.4";"2015.01.13 20:43:00";"4177.93";"-100.67";"10746.05";"IS";"SL";"-100.67";"5.81";"3h 43m";""
"86";"NAS100_DukasM1_Infinox";"Buy";"2015.01.20 22:00:00";"4178.54";"1.21";"2015.01.21 14:22:00";"4155.58";"-28.98";"10717.07";"IS";"TrailingStop";"-27.78";"7.31";"16h 22m";""
"87";"NAS100_DukasM1_Infinox";"Buy";"2015.01.21 18:00:00";"4205.63";"1.25";"2015.01.22 16:40:00";"4187.80";"-23.53";"10693.54";"IS";"TrailingStop";"-46.04";"25.81";"22h 40m";""
"88";"NAS100_DukasM1_Infinox";"Buy";"2015.01.22 18:00:00";"4235.63";"1.19";"2015.01.23 16:31:00";"4256.84";"24.05";"10717.59";"IS";"TrailingStop";"-14.92";"53.50";"22h 31m";""
"89";"NAS100_DukasM1_Infinox";"Buy";"2015.01.23 20:00:00";"4285.79";"1.57";"2015.01.26 01:05:00";"4267.77";"-33.06";"10684.54";"IS";"TrailingStop";"-68.88";"9.75";"2d 5h 5m";""
"90";"NAS100_DukasM1_Infinox";"Buy";"2015.01.26 16:00:00";"4282.72";"1.72";"2015.01.27 15:08:00";"4223.85";"-103.00";"10581.54";"IS";"SL";"-101.26";"0.00";"23h 8m";""
"91";"NAS100_DukasM1_Infinox";"Buy";"2015.02.03 21:00:00";"4211.57";"1.16";"2015.02.04 22:46:00";"4211.91";"-0.76";"10580.78";"IS";"TrailingStop";"-17.21";"42.45";"1d 1h 46m";""
"92";"NAS100_DukasM1_Infinox";"Buy";"2015.02.06 19:00:00";"4268.06";"1.97";"2015.02.06 22:20:00";"4216.63";"-101.32";"10479.46";"IS";"SL";"-101.32";"0.36";"3h 20m";""
"93";"NAS100_DukasM1_Infinox";"Buy";"2015.02.10 19:00:00";"4259.16";"1.78";"2015.02.11 19:59:00";"4285.48";"45.06";"10524.52";"IS";"TrailingStop";"-11.63";"78.03";"1d 0h 59m";""
"94";"NAS100_DukasM1_Infinox";"Buy";"2015.02.13 19:00:00";"4370.62";"2.71";"2015.02.16 18:58:00";"4376.74";"8.20";"10532.72";"IS";"TrailingStop";"-42.57";"52.44";"2d 23h 58m";""
"95";"NAS100_DukasM1_Infinox";"Buy";"2015.02.20 21:00:00";"4433.99";"2.56";"2015.02.23 17:16:00";"4431.64";"-14.06";"10518.66";"IS";"TrailingStop";"-10.81";"28.50";"2d 20h 16m";""
"96";"NAS100_DukasM1_Infinox";"Buy";"2015.03.16 17:00:00";"4356.89";"1.89";"2015.03.17 12:08:00";"4349.94";"-15.08";"10503.58";"IS";"TrailingStop";"-16.52";"26.68";"19h 8m";""
"97";"NAS100_DukasM1_Infinox";"Buy";"2015.03.18 21:00:00";"4418.79";"1.9";"2015.03.19 10:38:00";"4424.61";"9.08";"10512.66";"IS";"TrailingStop";"-19.28";"44.10";"13h 38m";""
"98";"NAS100_DukasM1_Infinox";"Buy";"2015.03.20 11:00:00";"4443.87";"2.67";"2015.03.20 21:59:00";"4459.72";"42.32";"10554.98";"IS";"TrailingStop";"-11.05";"92.24";"10h 59m";""
"99";"NAS100_DukasM1_Infinox";"Buy";"2015.03.30 20:00:00";"4377.78";"1.65";"2015.03.31 12:10:00";"4364.20";"-24.11";"10530.87";"IS";"TrailingStop";"-22.41";"16.84";"16h 10m";""
"100";"NAS100_DukasM1_Infinox";"Buy";"2015.04.07 18:00:00";"4374.77";"1.97";"2015.04.09 10:56:00";"4366.58";"-20.20";"10510.66";"IS";"TrailingStop";"-79.47";"24.05";"1d 16h 56m";""
"101";"NAS100_DukasM1_Infinox";"Buy";"2015.04.10 18:00:00";"4413.44";"2.44";"2015.04.13 19:12:00";"4431.26";"35.85";"10546.51";"IS";"TrailingStop";"-8.54";"85.52";"3d 1h 12m";""
"102";"NAS100_DukasM1_Infinox";"Buy";"2015.04.22 22:00:00";"4460.93";"1.57";"2015.04.27 16:01:00";"4554.55";"138.71";"10685.23";"IS";"PT";"-56.16";"146.98";"4d 18h 1m";""
"103";"NAS100_DukasM1_Infinox";"Buy";"2015.05.08 19:00:00";"4466.29";"1.24";"2015.05.12 16:43:00";"4385.46";"-105.46";"10579.77";"IS";"SL";"-100.23";"1.92";"3d 21h 43m";""
"104";"NAS100_DukasM1_Infinox";"Buy";"2015.05.14 18:00:00";"4471.71";"1.48";"2015.05.15 16:42:00";"4489.60";"24.91";"10604.68";"IS";"TrailingStop";"-4.31";"56.67";"22h 42m";""
"105";"NAS100_DukasM1_Infinox";"Buy";"2015.05.18 19:00:00";"4505.66";"1.86";"2015.05.19 16:37:00";"4510.18";"6.43";"10611.11";"IS";"TrailingStop";"-7.18";"41.38";"21h 37m";""
"106";"NAS100_DukasM1_Infinox";"Buy";"2015.06.17 22:00:00";"4481.79";"1.5";"2015.06.19 16:41:00";"4522.97";"58.60";"10669.71";"IS";"TrailingStop";"-52.36";"94.81";"1d 18h 41m";""
"107";"NAS100_DukasM1_Infinox";"Buy";"2015.06.22 12:00:00";"4551.73";"1.69";"2015.06.23 17:28:00";"4533.92";"-31.92";"10637.79";"IS";"TrailingStop";"-31.90";"10.52";"1d 5h 28m";""
"108";"NAS100_DukasM1_Infinox";"Buy";"2015.07.16 10:00:00";"4557.80";"1.91";"2015.07.17 15:25:00";"4634.69";"144.80";"10782.60";"IS";"PT";"-7.56";"146.86";"1d 5h 25m";""
"109";"NAS100_DukasM1_Infinox";"Buy";"2015.07.17 18:00:00";"4640.78";"2.0";"2015.07.20 17:20:00";"4655.88";"23.63";"10806.22";"IS";"TrailingStop";"-11.95";"66.44";"2d 23h 20m";""
"110";"NAS100_DukasM1_Infinox";"Buy";"2015.07.20 18:00:00";"4674.78";"2.24";"2015.07.20 22:43:00";"4674.20";"-1.30";"10804.92";"IS";"TrailingStop";"-6.81";"40.81";"4h 43m";""
"111";"NAS100_DukasM1_Infinox";"Buy";"2015.08.17 20:00:00";"4559.14";"1.33";"2015.08.18 20:00:00";"4542.71";"-23.28";"10781.64";"IS";"TrailingStop";"-21.85";"12.01";"1d 0h 0m";""
"112";"NAS100_DukasM1_Infinox";"Buy";"2015.08.27 18:00:00";"4304.75";"0.47";"2015.08.27 21:58:00";"4256.66";"-22.60";"10759.04";"IS";"TrailingStop";"-22.60";"11.87";"3h 58m";""
"113";"NAS100_DukasM1_Infinox";"Buy";"2015.08.28 15:00:00";"4299.79";"0.54";"2015.08.31 21:50:00";"4268.95";"-18.30";"10740.74";"IS";"TrailingStop";"-16.65";"22.79";"3d 6h 50m";""
"114";"NAS100_DukasM1_Infinox";"Buy";"2015.09.08 22:00:00";"4288.07";"0.97";"2015.09.09 17:04:00";"4325.60";"35.42";"10776.16";"IS";"TrailingStop";"-5.96";"80.43";"19h 4m";""
"115";"NAS100_DukasM1_Infinox";"Buy";"2015.09.10 21:00:00";"4315.77";"0.73";"2015.09.14 16:48:00";"4306.21";"-9.95";"10766.21";"IS";"TrailingStop";"-40.81";"24.26";"3d 19h 48m";""
"116";"NAS100_DukasM1_Infinox";"Buy";"2015.09.15 18:00:00";"4349.78";"1.06";"2015.09.17 21:04:00";"4371.26";"20.59";"10786.80";"IS";"TrailingStop";"-11.51";"67.66";"2d 3h 4m";""
"117";"NAS100_DukasM1_Infinox";"Buy";"2015.09.25 12:00:00";"4322.17";"0.81";"2015.09.25 22:13:00";"4198.35";"-100.29";"10686.50";"IS";"SL";"-100.29";"1.48";"10h 13m";""
"118";"NAS100_DukasM1_Infinox";"Buy";"2015.10.02 23:00:00";"4268.81";"0.71";"2015.10.06 10:54:00";"4294.27";"15.21";"10701.72";"IS";"TrailingStop";"-2.76";"49.93";"3d 11h 54m";""
"119";"NAS100_DukasM1_Infinox";"Buy";"2015.10.06 12:00:00";"4311.72";"0.98";"2015.10.06 17:31:00";"4298.01";"-13.44";"10688.28";"IS";"TrailingStop";"-13.44";"20.85";"5h 31m";""
"120";"NAS100_DukasM1_Infinox";"Buy";"2015.10.07 10:00:00";"4326.80";"1.03";"2015.10.07 17:48:00";"4306.17";"-21.25";"10667.03";"IS";"TrailingStop";"-21.25";"16.74";"7h 48m";""
"121";"NAS100_DukasM1_Infinox";"Buy";"2015.10.08 22:00:00";"4340.71";"0.93";"2015.10.13 11:16:00";"4356.56";"9.97";"10677.01";"IS";"TrailingStop";"-6.74";"44.86";"4d 13h 16m";""
"122";"NAS100_DukasM1_Infinox";"Buy";"2015.10.13 18:00:00";"4397.75";"1.38";"2015.10.16 21:02:00";"4406.39";"7.62";"10684.63";"IS";"TrailingStop";"-98.53";"51.62";"3d 3h 2m";""
"123";"NAS100_DukasM1_Infinox";"Buy";"2015.10.16 23:00:00";"4437.78";"1.33";"2015.10.19 15:55:00";"4421.39";"-25.98";"10658.65";"IS";"TrailingStop";"-21.80";"19.03";"2d 16h 55m";""
"124";"NAS100_DukasM1_Infinox";"Buy";"2015.10.19 19:00:00";"4463.36";"1.44";"2015.10.23 09:00:00";"4582.12";"164.95";"10823.60";"IS";"PT";"-77.99";"171.02";"3d 14h 0m";""
"125";"NAS100_DukasM1_Infinox";"Buy";"2015.10.23 22:00:00";"4639.87";"1.02";"2015.10.28 15:33:00";"4635.43";"-10.12";"10813.49";"IS";"TrailingStop";"-39.73";"18.49";"4d 17h 33m";""
"126";"NAS100_DukasM1_Infinox";"Buy";"2015.10.28 20:00:00";"4663.38";"1.66";"2015.10.29 11:06:00";"4650.93";"-22.49";"10791.00";"IS";"TrailingStop";"-88.75";"24.24";"15h 6m";""
"127";"NAS100_DukasM1_Infinox";"Buy";"2015.10.29 12:00:00";"4660.36";"1.41";"2015.10.30 12:27:00";"4670.13";"12.22";"10803.22";"IS";"TrailingStop";"-13.47";"51.66";"1d 0h 27m";""
"128";"NAS100_DukasM1_Infinox";"Buy";"2015.11.03 19:00:00";"4717.21";"2.03";"2015.11.04 16:49:00";"4721.34";"6.12";"10809.34";"IS";"TrailingStop";"-11.95";"40.20";"21h 49m";""
"129";"NAS100_DukasM1_Infinox";"Buy";"2015.11.20 10:00:00";"4676.72";"1.5";"2015.11.23 20:56:00";"4682.21";"3.27";"10812.61";"IS";"TrailingStop";"-27.37";"46.47";"3d 10h 56m";""
"130";"NAS100_DukasM1_Infinox";"Buy";"2015.12.02 20:00:00";"4733.65";"1.73";"2015.12.03 15:44:00";"4675.25";"-102.97";"10709.64";"IS";"SL";"-101.03";"0.00";"19h 44m";""
"131";"NAS100_DukasM1_Infinox";"Buy";"2015.12.15 20:00:00";"4636.63";"0.85";"2015.12.17 17:19:00";"4650.34";"9.79";"10719.43";"IS";"TrailingStop";"-49.36";"45.50";"1d 21h 19m";""
"132";"NAS100_DukasM1_Infinox";"Buy";"2015.12.23 22:00:00";"4625.26";"1.42";"2015.12.28 09:00:00";"4615.08";"-22.21";"10697.23";"IS";"TrailingStop";"-26.19";"15.25";"4d 11h 0m";""
"133";"NAS100_DukasM1_Infinox";"Buy";"2016.01.22 10:00:00";"4201.38";"0.51";"2016.01.25 22:21:00";"4214.82";"5.34";"10702.56";"IS";"TrailingStop";"-8.90";"33.70";"3d 12h 21m";""
"134";"NAS100_DukasM1_Infinox";"Buy";"2016.01.29 17:00:00";"4223.78";"0.74";"2016.02.02 11:50:00";"4246.70";"14.01";"10716.57";"IS";"TrailingStop";"-7.33";"57.14";"3d 18h 50m";""
"135";"NAS100_DukasM1_Infinox";"Buy";"2016.02.02 15:00:00";"4274.78";"0.99";"2016.02.03 17:00:00";"4173.90";"-100.87";"10615.70";"IS";"SL";"-99.87";"0.22";"1d 2h 0m";""
"136";"NAS100_DukasM1_Infinox";"Buy";"2016.02.12 23:00:00";"4019.58";"0.68";"2016.02.16 15:09:00";"4062.99";"26.94";"10642.64";"IS";"TrailingStop";"-2.05";"56.41";"3d 16h 9m";""
"137";"NAS100_DukasM1_Infinox";"Buy";"2016.02.17 12:00:00";"4114.41";"0.99";"2016.02.18 16:45:00";"4187.23";"71.13";"10713.77";"IS";"TrailingStop";"-3.70";"112.63";"1d 4h 45m";""
"138";"NAS100_DukasM1_Infinox";"Buy";"2016.02.22 10:00:00";"4206.73";"1.0";"2016.02.23 09:00:00";"4197.09";"-10.63";"10703.13";"IS";"TrailingStop";"-9.64";"28.66";"23h 0m";""
"139";"NAS100_DukasM1_Infinox";"Buy";"2016.02.25 23:00:00";"4242.54";"0.96";"2016.02.26 17:01:00";"4255.85";"11.82";"10714.95";"IS";"TrailingStop";"-1.94";"49.78";"18h 1m";""
"140";"NAS100_DukasM1_Infinox";"Buy";"2016.02.29 17:00:00";"4243.75";"1.01";"2016.02.29 21:21:00";"4225.50";"-18.43";"10696.52";"IS";"TrailingStop";"-18.43";"20.32";"4h 21m";""
"141";"NAS100_DukasM1_Infinox";"Buy";"2016.03.01 18:00:00";"4272.68";"1.04";"2016.03.02 16:25:00";"4324.27";"52.60";"10749.12";"IS";"TrailingStop";"-2.32";"85.93";"22h 25m";""
"142";"NAS100_DukasM1_Infinox";"Buy";"2016.03.11 23:00:00";"4362.17";"1.05";"2016.03.15 09:28:00";"4347.79";"-19.42";"10729.70";"IS";"TrailingStop";"-23.20";"16.24";"3d 10h 28m";""
"143";"NAS100_DukasM1_Infinox";"Buy";"2016.03.15 20:00:00";"4365.97";"1.48";"2016.03.16 14:51:00";"4352.34";"-21.70";"10708.00";"IS";"TrailingStop";"-20.17";"12.72";"18h 51m";""
"144";"NAS100_DukasM1_Infinox";"Buy";"2016.03.16 18:00:00";"4380.30";"1.67";"2016.03.17 11:48:00";"4391.77";"17.43";"10725.43";"IS";"TrailingStop";"-36.59";"68.17";"17h 48m";""
"145";"NAS100_DukasM1_Infinox";"Buy";"2016.03.18 19:00:00";"4418.75";"1.43";"2016.03.22 10:02:00";"4403.19";"-28.22";"10697.21";"IS";"TrailingStop";"-45.78";"17.23";"3d 15h 2m";""
"146";"NAS100_DukasM1_Infinox";"Buy";"2016.03.22 17:00:00";"4431.81";"1.39";"2016.03.23 15:31:00";"4426.52";"-8.81";"10688.40";"IS";"TrailingStop";"-7.80";"25.74";"22h 31m";""
"147";"NAS100_DukasM1_Infinox";"Buy";"2016.03.31 18:00:00";"4501.37";"1.64";"2016.04.04 16:30:00";"4524.37";"30.75";"10719.15";"IS";"TrailingStop";"-83.87";"79.81";"3d 22h 30m";""
"148";"NAS100_DukasM1_Infinox";"Buy";"2016.04.14 19:00:00";"4564.46";"1.5";"2016.04.15 11:35:00";"4542.55";"-34.48";"10684.67";"IS";"TrailingStop";"-32.87";"7.56";"16h 35m";""
"149";"NAS100_DukasM1_Infinox";"Buy";"2016.04.18 18:00:00";"4565.68";"1.56";"2016.04.19 16:32:00";"4568.63";"2.92";"10687.59";"IS";"TrailingStop";"-30.70";"40.90";"22h 32m";""
"150";"NAS100_DukasM1_Infinox";"Buy";"2016.05.09 22:00:00";"4361.27";"1.41";"2016.05.10 14:21:00";"4344.87";"-24.58";"10663.01";"IS";"TrailingStop";"-32.55";"12.87";"16h 21m";""
"151";"NAS100_DukasM1_Infinox";"Buy";"2016.05.10 18:00:00";"4380.11";"1.44";"2016.05.11 10:20:00";"4379.95";"-1.72";"10661.29";"IS";"TrailingStop";"-6.87";"35.12";"16h 20m";""
"152";"NAS100_DukasM1_Infinox";"Buy";"2016.05.24 16:00:00";"4383.20";"1.61";"2016.05.25 17:07:00";"4474.40";"145.17";"10806.46";"IS";"PT";"-6.90";"146.83";"1d 1h 7m";""
"153";"NAS100_DukasM1_Infinox";"Buy";"2016.05.25 18:00:00";"4476.09";"1.72";"2016.05.31 11:01:00";"4511.89";"50.67";"10857.13";"IS";"TrailingStop";"-16.44";"86.56";"5d 17h 1m";""
"154";"NAS100_DukasM1_Infinox";"Buy";"2016.06.24 09:00:00";"4256.57";"1.4";"2016.06.24 13:47:00";"4286.69";"42.17";"10899.29";"IS";"TrailingStop";"-12.79";"111.39";"4h 47m";""
"155";"NAS100_DukasM1_Infinox";"Buy";"2016.06.30 19:00:00";"4395.88";"1.25";"2016.07.01 21:46:00";"4427.49";"38.22";"10937.51";"IS";"TrailingStop";"-6.28";"72.74";"1d 2h 46m";""
"156";"NAS100_DukasM1_Infinox";"Buy";"2016.07.08 11:00:00";"4468.82";"1.43";"2016.07.12 10:05:00";"4571.36";"140.60";"11078.11";"IS";"PT";"-26.55";"146.63";"3d 23h 5m";""
"157";"NAS100_DukasM1_Infinox";"Buy";"2016.07.13 16:00:00";"4591.45";"2.19";"2016.07.14 14:00:00";"4592.84";"0.67";"11078.78";"IS";"TrailingStop";"-58.44";"50.62";"22h 0m";""
"158";"NAS100_DukasM1_Infinox";"Buy";"2016.07.18 18:00:00";"4621.37";"1.93";"2016.07.19 10:05:00";"4607.60";"-28.68";"11050.09";"IS";"TrailingStop";"-26.58";"12.99";"16h 5m";""
"159";"NAS100_DukasM1_Infinox";"Buy";"2016.07.22 19:00:00";"4669.16";"2.06";"2016.07.26 17:54:00";"4669.84";"-7.68";"11042.41";"IS";"TrailingStop";"-39.27";"39.82";"3d 22h 54m";""
"160";"NAS100_DukasM1_Infinox";"Buy";"2016.07.28 10:00:00";"4718.08";"1.83";"2016.07.28 16:36:00";"4701.60";"-30.16";"11012.25";"IS";"TrailingStop";"-30.16";"16.45";"6h 36m";""
"161";"NAS100_DukasM1_Infinox";"Buy";"2016.07.29 15:00:00";"4729.60";"2.07";"2016.07.29 17:05:00";"4713.58";"-33.16";"10979.09";"IS";"TrailingStop";"-33.16";"15.68";"2h 5m";""
"162";"NAS100_DukasM1_Infinox";"Buy";"2016.08.01 10:00:00";"4748.17";"1.88";"2016.08.01 19:24:00";"4739.90";"-15.55";"10963.54";"IS";"TrailingStop";"-38.58";"34.83";"9h 24m";""
"163";"NAS100_DukasM1_Infinox";"Buy";"2016.09.16 23:00:00";"4817.67";"1.33";"2016.09.19 17:47:00";"4819.60";"-1.97";"10961.57";"IS";"TrailingStop";"-4.12";"36.31";"2d 18h 47m";""
"164";"NAS100_DukasM1_Infinox";"Buy";"2016.09.21 22:00:00";"4840.07";"1.53";"2016.09.23 17:00:00";"4872.67";"46.38";"11007.95";"IS";"TrailingStop";"-9.65";"85.25";"1d 19h 0m";""
"165";"NAS100_DukasM1_Infinox";"Buy";"2016.10.10 17:00:00";"4903.37";"1.79";"2016.10.11 09:17:00";"4884.88";"-35.17";"10972.78";"OOS1";"TrailingStop";"-33.10";"3.51";"16h 17m";""
"166";"NAS100_DukasM1_Infinox";"Buy";"2016.10.18 19:00:00";"4859.81";"1.66";"2016.10.25 16:30:00";"4907.60";"66.00";"11038.78";"OOS1";"TrailingStop";"-92.63";"106.12";"6d 21h 30m";""
"167";"NAS100_DukasM1_Infinox";"Buy";"2016.11.07 18:00:00";"4761.47";"1.38";"2016.11.08 21:13:00";"4799.63";"51.11";"11089.89";"OOS1";"TrailingStop";"-9.52";"87.03";"1d 3h 13m";""
"168";"NAS100_DukasM1_Infinox";"Buy";"2016.11.09 17:00:00";"4793.87";"0.62";"2016.11.10 16:58:00";"4821.11";"16.19";"11106.08";"OOS1";"TrailingStop";"-27.78";"55.80";"23h 58m";""
"169";"NAS100_DukasM1_Infinox";"Buy";"2016.11.16 18:00:00";"4787.02";"1.02";"2016.11.18 17:34:00";"4812.29";"23.47";"11129.55";"OOS1";"TrailingStop";"-14.07";"54.36";"1d 23h 34m";""
"170";"NAS100_DukasM1_Infinox";"Buy";"2016.11.21 17:00:00";"4849.97";"1.69";"2016.11.23 15:47:00";"4860.87";"14.55";"11144.10";"OOS1";"TrailingStop";"-45.80";"57.97";"1d 22h 47m";""
"171";"NAS100_DukasM1_Infinox";"Buy";"2016.12.08 23:00:00";"4859.17";"1.5";"2016.12.12 09:03:00";"4875.16";"17.10";"11161.20";"OOS1";"TrailingStop";"-9.59";"57.12";"3d 10h 3m";""
"172";"NAS100_DukasM1_Infinox";"Buy";"2016.12.14 20:00:00";"4947.87";"1.9";"2016.12.15 20:54:00";"4926.00";"-43.77";"11117.42";"OOS1";"TrailingStop";"-74.33";"22.42";"1d 0h 54m";""
"173";"NAS100_DukasM1_Infinox";"Buy";"2017.01.09 19:00:00";"5024.17";"2.18";"2017.01.10 16:52:00";"5014.52";"-23.62";"11093.80";"OOS1";"TrailingStop";"-21.04";"19.40";"21h 52m";""
"174";"NAS100_DukasM1_Infinox";"Buy";"2017.01.10 18:00:00";"5031.57";"2.49";"2017.01.11 10:16:00";"5030.27";"-6.19";"11087.61";"OOS1";"TrailingStop";"-5.48";"46.81";"16h 16m";""
"175";"NAS100_DukasM1_Infinox";"Buy";"2017.01.11 18:00:00";"5044.17";"2.46";"2017.01.12 16:29:00";"5028.82";"-40.69";"11046.92";"OOS1";"TrailingStop";"-81.43";"10.58";"22h 29m";""
"176";"NAS100_DukasM1_Infinox";"Buy";"2017.02.10 20:00:00";"5231.41";"2.52";"2017.02.14 16:32:00";"5247.23";"27.42";"11074.33";"OOS1";"TrailingStop";"-14.23";"78.42";"3d 20h 32m";""
"177";"NAS100_DukasM1_Infinox";"Buy";"2017.02.14 20:00:00";"5264.84";"2.87";"2017.02.15 15:37:00";"5266.15";"0.19";"11074.52";"OOS1";"TrailingStop";"-8.66";"43.34";"19h 37m";""
"178";"NAS100_DukasM1_Infinox";"Buy";"2017.02.15 19:00:00";"5283.12";"2.79";"2017.02.16 17:52:00";"5295.55";"31.20";"11105.72";"OOS1";"TrailingStop";"-12.73";"89.13";"22h 52m";""
"179";"NAS100_DukasM1_Infinox";"Buy";"2017.03.29 21:00:00";"5426.67";"1.83";"2017.03.30 19:38:00";"5428.66";"1.30";"11107.02";"OOS1";"TrailingStop";"-9.70";"35.69";"22h 38m";""
"180";"NAS100_DukasM1_Infinox";"Buy";"2017.04.24 10:00:00";"5497.15";"1.7";"2017.04.26 18:46:00";"5540.99";"70.12";"11177.13";"OOS1";"TrailingStop";"-7.11";"111.72";"2d 8h 46m";""
"181";"NAS100_DukasM1_Infinox";"Buy";"2017.04.27 17:00:00";"5560.17";"2.44";"2017.04.28 16:54:00";"5582.01";"50.09";"11227.22";"OOS1";"TrailingStop";"-13.18";"94.91";"23h 54m";""
"182";"NAS100_DukasM1_Infinox";"Buy";"2017.05.01 16:00:00";"5604.67";"2.86";"2017.05.02 16:45:00";"5629.19";"66.34";"11293.56";"OOS1";"TrailingStop";"-17.45";"105.53";"1d 0h 45m";""
"183";"NAS100_DukasM1_Infinox";"Buy";"2017.05.02 20:00:00";"5643.77";"2.77";"2017.05.04 16:39:00";"5606.89";"-109.54";"11184.02";"OOS1";"SL";"-102.16";"0.00";"1d 20h 39m";""
"184";"NAS100_DukasM1_Infinox";"Buy";"2017.05.24 11:00:00";"5715.17";"2.0";"2017.05.24 17:04:00";"5704.22";"-21.90";"11162.12";"OOS1";"TrailingStop";"-21.90";"13.40";"6h 4m";""
"185";"NAS100_DukasM1_Infinox";"Buy";"2017.05.25 18:00:00";"5767.87";"2.03";"2017.05.26 13:00:00";"5772.48";"6.59";"11168.72";"OOS1";"TrailingStop";"-5.68";"50.75";"19h 0m";""
"186";"NAS100_DukasM1_Infinox";"Buy";"2017.05.29 10:00:00";"5795.87";"2.48";"2017.05.30 09:40:00";"5785.51";"-29.09";"11139.63";"OOS1";"TrailingStop";"-25.69";"6.45";"23h 40m";""
"187";"NAS100_DukasM1_Infinox";"Buy";"2017.06.02 18:00:00";"5847.87";"1.92";"2017.06.06 09:15:00";"5867.79";"27.64";"11167.27";"OOS1";"TrailingStop";"-4.42";"78.14";"3d 15h 15m";""
"188";"NAS100_DukasM1_Infinox";"Buy";"2017.07.10 18:00:00";"5681.87";"1.15";"2017.07.11 18:23:00";"5680.93";"-2.62";"11164.65";"OOS1";"TrailingStop";"-7.48";"35.76";"1d 0h 23m";""
"189";"NAS100_DukasM1_Infinox";"Buy";"2017.07.11 21:00:00";"5706.47";"1.28";"2017.07.13 16:29:00";"5781.55";"92.65";"11257.30";"OOS1";"TrailingStop";"-5.89";"128.64";"1d 19h 29m";""
"190";"NAS100_DukasM1_Infinox";"Buy";"2017.07.14 16:00:00";"5823.67";"1.6";"2017.07.17 18:08:00";"5834.12";"10.12";"11267.42";"OOS1";"TrailingStop";"-40.00";"58.40";"3d 2h 8m";""
"191";"NAS100_DukasM1_Infinox";"Buy";"2017.07.18 12:00:00";"5857.97";"1.83";"2017.07.20 17:15:00";"5910.03";"90.21";"11357.63";"OOS1";"TrailingStop";"-75.21";"140.36";"2d 5h 15m";""
"192";"NAS100_DukasM1_Infinox";"Buy";"2017.07.27 10:00:00";"5979.87";"1.92";"2017.07.27 16:37:00";"5970.11";"-18.74";"11338.89";"OOS1";"TrailingStop";"-18.74";"20.54";"6h 37m";""
"193";"NAS100_DukasM1_Infinox";"Buy";"2017.08.02 10:00:00";"5941.37";"1.31";"2017.08.02 17:44:00";"5864.53";"-100.66";"11238.23";"OOS1";"SL";"-100.66";"0.00";"7h 44m";""
"194";"NAS100_DukasM1_Infinox";"Buy";"2017.08.16 13:00:00";"5926.97";"1.61";"2017.08.16 20:15:00";"5905.58";"-34.44";"11203.79";"OOS1";"TrailingStop";"-44.92";"22.54";"7h 15m";""
"195";"NAS100_DukasM1_Infinox";"Buy";"2017.08.30 18:00:00";"5903.97";"1.29";"2017.09.01 16:54:00";"5984.94";"100.85";"11304.64";"OOS1";"TrailingStop";"-9.55";"144.87";"1d 22h 54m";""
"196";"NAS100_DukasM1_Infinox";"Buy";"2017.10.05 19:00:00";"6028.87";"1.98";"2017.10.06 15:38:00";"6048.23";"35.51";"11340.16";"OOS1";"TrailingStop";"-4.16";"75.24";"20h 38m";""
"197";"NAS100_DukasM1_Infinox";"Buy";"2017.10.31 10:00:00";"6236.47";"1.31";"2017.11.01 15:54:00";"6260.57";"29.64";"11369.80";"OOS1";"TrailingStop";"-11.00";"61.83";"1d 5h 54m";""
"198";"NAS100_DukasM1_Infinox";"Buy";"2017.11.03 20:00:00";"6286.37";"1.39";"2017.11.07 12:30:00";"6307.54";"21.17";"11390.97";"OOS1";"TrailingStop";"-3.61";"57.82";"3d 16h 30m";""
"199";"NAS100_DukasM1_Infinox";"Buy";"2017.11.23 13:00:00";"6393.57";"2.14";"2017.11.27 14:34:00";"6404.72";"10.94";"11401.91";"OOS1";"TrailingStop";"-40.02";"57.57";"4d 1h 34m";""
"200";"NAS100_DukasM1_Infinox";"Buy";"2017.12.08 10:00:00";"6348.79";"0.93";"2017.12.08 21:21:00";"6334.30";"-13.48";"11388.44";"OOS1";"TrailingStop";"-13.48";"24.72";"11h 21m";""
"201";"NAS100_DukasM1_Infinox";"Buy";"2017.12.13 17:00:00";"6413.07";"1.54";"2017.12.14 20:15:00";"6395.54";"-29.33";"11359.11";"OOS1";"TrailingStop";"-40.35";"14.31";"1d 3h 15m";""
"202";"NAS100_DukasM1_Infinox";"Buy";"2017.12.18 20:00:00";"6521.17";"1.55";"2017.12.19 16:25:00";"6502.33";"-31.59";"11327.52";"OOS1";"TrailingStop";"-29.20";"6.05";"20h 25m";""
"203";"NAS100_DukasM1_Infinox";"Buy";"2018.01.05 11:00:00";"6609.47";"1.58";"2018.01.08 15:28:00";"6643.54";"46.43";"11373.95";"OOS1";"TrailingStop";"-7.58";"89.24";"3d 4h 28m";""
"204";"NAS100_DukasM1_Infinox";"Buy";"2018.01.08 18:00:00";"6671.17";"1.61";"2018.01.09 16:40:00";"6676.00";"5.24";"11379.20";"OOS1";"TrailingStop";"-6.60";"40.30";"22h 40m";""
"205";"NAS100_DukasM1_Infinox";"Buy";"2018.01.11 20:00:00";"6702.27";"1.4";"2018.01.12 15:37:00";"6708.06";"5.89";"11385.08";"OOS1";"TrailingStop";"-15.26";"45.71";"19h 37m";""
"206";"NAS100_DukasM1_Infinox";"Buy";"2018.01.12 18:00:00";"6747.09";"1.32";"2018.01.16 17:36:00";"6806.12";"69.51";"11454.59";"OOS1";"TrailingStop";"-11.38";"117.45";"3d 23h 36m";""
"207";"NAS100_DukasM1_Infinox";"Buy";"2018.01.17 20:00:00";"6794.37";"1.11";"2018.01.19 17:05:00";"6805.92";"9.26";"11463.85";"OOS1";"TrailingStop";"-10.77";"55.72";"1d 21h 5m";""
"208";"NAS100_DukasM1_Infinox";"Buy";"2018.01.23 18:00:00";"6963.67";"1.17";"2018.01.24 18:13:00";"6950.69";"-17.11";"11446.74";"OOS1";"TrailingStop";"-27.50";"33.69";"1d 0h 13m";""
"209";"NAS100_DukasM1_Infinox";"Buy";"2018.01.26 18:00:00";"6971.57";"0.92";"2018.01.29 16:35:00";"6981.53";"4.62";"11451.36";"OOS1";"TrailingStop";"-10.59";"43.71";"2d 22h 35m";""
"1";"NAS100_DukasM1_Infinox";"Buy";"2018.02.13 21:00:00";"6549.37";"0.32";"2018.02.14 15:32:00";"6498.78";"-16.68";"11434.68";"OOS1";"TrailingStop";"-16.19";"14.78";"18h 32m";""
"2";"NAS100_DukasM1_Infinox";"Buy";"2018.02.14 18:00:00";"6604.27";"0.33";"2018.02.15 18:03:00";"6666.05";"19.87";"11454.55";"OOS1";"TrailingStop";"-3.93";"47.88";"1d 0h 3m";""
"3";"NAS100_DukasM1_Infinox";"Buy";"2018.02.15 20:00:00";"6757.67";"0.38";"2018.02.16 21:17:00";"6761.52";"0.86";"11455.41";"OOS1";"TrailingStop";"-2.59";"35.95";"1d 1h 17m";""
"4";"NAS100_DukasM1_Infinox";"Buy";"2018.02.20 18:00:00";"6789.47";"0.55";"2018.02.20 22:07:00";"6772.53";"-9.32";"11446.09";"OOS1";"TrailingStop";"-9.32";"27.05";"4h 7m";""
"5";"NAS100_DukasM1_Infinox";"Buy";"2018.02.21 10:00:00";"6795.06";"0.51";"2018.02.21 22:50:00";"6782.55";"-6.38";"11439.71";"OOS1";"TrailingStop";"-10.20";"42.84";"12h 50m";""
"6";"NAS100_DukasM1_Infinox";"Buy";"2018.02.23 10:00:00";"6812.96";"0.45";"2018.02.27 17:55:00";"6943.99";"56.07";"11495.78";"OOS1";"TrailingStop";"-11.57";"85.28";"4d 7h 55m";""
"7";"NAS100_DukasM1_Infinox";"Buy";"2018.02.28 17:00:00";"6954.77";"0.68";"2018.02.28 22:04:00";"6899.09";"-37.86";"11457.92";"OOS1";"TrailingStop";"-45.29";"7.07";"5h 4m";""
"8";"NAS100_DukasM1_Infinox";"Buy";"2018.03.05 19:00:00";"6867.16";"0.35";"2018.03.07 09:05:00";"6830.67";"-13.91";"11444.01";"OOS1";"TrailingStop";"-12.77";"24.26";"1d 14h 5m";""
"9";"NAS100_DukasM1_Infinox";"Buy";"2018.03.09 09:05:00";"6967.66";"0.56";"2018.03.13 17:01:00";"7125.78";"84.86";"11528.87";"OOS1";"TrailingStop";"-4.59";"121.86";"4d 7h 56m";""
"10";"NAS100_DukasM1_Infinox";"Buy";"2018.04.06 17:00:00";"6575.46";"0.34";"2018.04.09 22:49:00";"6492.28";"-29.86";"11499.01";"OOS1";"TrailingStop";"-60.21";"10.95";"3d 5h 49m";""
"11";"NAS100_DukasM1_Infinox";"Buy";"2018.04.10 10:00:00";"6606.97";"0.3";"2018.04.13 17:12:00";"6641.83";"9.05";"11508.06";"OOS1";"TrailingStop";"-22.71";"28.62";"3d 7h 12m";""
"12";"NAS100_DukasM1_Infinox";"Buy";"2018.04.16 20:00:00";"6690.76";"0.63";"2018.04.18 16:40:00";"6809.28";"72.68";"11580.74";"OOS1";"TrailingStop";"-17.20";"98.15";"1d 20h 40m";""
"13";"NAS100_DukasM1_Infinox";"Buy";"2018.04.19 02:00:00";"6848.87";"0.89";"2018.04.19 13:34:00";"6819.89";"-25.79";"11554.95";"OOS1";"TrailingStop";"-25.79";"6.59";"11h 34m";""
"14";"NAS100_DukasM1_Infinox";"Buy";"2018.04.26 18:00:00";"6639.96";"0.56";"2018.04.27 16:36:00";"6719.24";"43.52";"11598.46";"OOS1";"TrailingStop";"-15.18";"70.62";"22h 36m";""
"15";"NAS100_DukasM1_Infinox";"Buy";"2018.05.04 18:00:00";"6727.86";"0.53";"2018.05.08 13:54:00";"6792.88";"31.09";"11629.56";"OOS1";"TrailingStop";"-1.01";"62.86";"3d 19h 54m";""
"16";"NAS100_DukasM1_Infinox";"Buy";"2018.05.09 12:00:00";"6845.97";"0.89";"2018.05.11 16:41:00";"6939.19";"80.09";"11709.65";"OOS1";"TrailingStop";"-36.05";"112.23";"2d 4h 41m";""
"17";"NAS100_DukasM1_Infinox";"Buy";"2018.05.14 03:00:00";"6977.37";"1.01";"2018.05.14 20:19:00";"6963.71";"-13.80";"11695.85";"OOS1";"TrailingStop";"-14.76";"30.19";"17h 19m";""
"18";"NAS100_DukasM1_Infinox";"Buy";"2018.05.23 22:00:00";"6932.86";"0.76";"2018.05.24 16:49:00";"6925.23";"-7.04";"11688.81";"OOS1";"TrailingStop";"-11.86";"25.09";"18h 49m";""
"19";"NAS100_DukasM1_Infinox";"Buy";"2018.05.25 05:00:00";"6986.77";"0.77";"2018.05.29 08:21:00";"6962.01";"-24.15";"11664.66";"OOS1";"TrailingStop";"-38.51";"10.40";"4d 3h 21m";""
"20";"NAS100_DukasM1_Infinox";"Buy";"2018.06.05 18:00:00";"7172.17";"1.24";"2018.06.06 16:02:00";"7170.72";"-3.90";"11660.76";"OOS1";"TrailingStop";"-44.65";"32.97";"22h 2m";""
"21";"NAS100_DukasM1_Infinox";"Buy";"2018.06.06 23:00:00";"7213.16";"1.05";"2018.06.07 16:32:00";"7199.75";"-15.87";"11644.89";"OOS1";"TrailingStop";"-14.08";"17.43";"17h 32m";""
"22";"NAS100_DukasM1_Infinox";"Buy";"2018.06.13 18:00:00";"7238.26";"1.24";"2018.06.13 21:04:00";"7225.32";"-16.05";"11628.85";"OOS1";"TrailingStop";"-16.05";"28.90";"3h 4m";""
"23";"NAS100_DukasM1_Infinox";"Buy";"2018.06.14 17:00:00";"7248.66";"0.98";"2018.06.15 13:26:00";"7251.82";"1.42";"11630.27";"OOS1";"TrailingStop";"-5.19";"42.83";"20h 26m";""
"24";"NAS100_DukasM1_Infinox";"Buy";"2018.06.29 18:00:00";"7095.86";"0.62";"2018.07.03 16:38:00";"7093.15";"-5.84";"11624.43";"OOS1";"TrailingStop";"-79.92";"29.64";"3d 22h 38m";""
"25";"NAS100_DukasM1_Infinox";"Buy";"2018.07.05 20:00:00";"7092.76";"0.78";"2018.07.06 11:15:00";"7088.98";"-4.25";"11620.18";"OOS1";"TrailingStop";"-23.63";"33.86";"15h 15m";""
"26";"NAS100_DukasM1_Infinox";"Buy";"2018.07.09 21:00:00";"7253.16";"0.95";"2018.07.10 16:33:00";"7275.03";"19.15";"11639.33";"OOS1";"TrailingStop";"-7.13";"56.44";"19h 33m";""
"27";"NAS100_DukasM1_Infinox";"Buy";"2018.08.06 05:00:00";"7412.16";"0.98";"2018.08.08 15:45:00";"7445.04";"28.79";"11668.12";"OOS1";"TrailingStop";"-32.34";"64.69";"2d 10h 45m";""
"28";"NAS100_DukasM1_Infinox";"Buy";"2018.08.30 18:00:00";"7667.57";"1.4";"2018.08.30 21:19:00";"7656.86";"-14.99";"11653.13";"OOS1";"TrailingStop";"-23.52";"32.46";"3h 19m";""
"29";"NAS100_DukasM1_Infinox";"Buy";"2018.09.11 19:00:00";"7514.07";"0.75";"2018.09.12 15:45:00";"7498.13";"-13.29";"11639.84";"OOS1";"TrailingStop";"-22.96";"16.27";"20h 45m";""
"30";"NAS100_DukasM1_Infinox";"Buy";"2018.09.13 17:00:00";"7553.16";"0.84";"2018.09.14 16:32:00";"7556.71";"1.48";"11641.32";"OOS1";"TrailingStop";"-21.16";"34.36";"23h 32m";""
"31";"NAS100_DukasM1_Infinox";"Buy";"2018.09.27 17:00:00";"7623.07";"0.98";"2018.09.28 10:05:00";"7617.32";"-7.40";"11633.92";"OOS1";"TrailingStop";"-5.64";"34.19";"17h 5m";""
"32";"NAS100_DukasM1_Infinox";"Buy";"2018.10.16 17:00:00";"7174.67";"0.49";"2018.10.17 16:33:00";"7283.66";"52.58";"11686.50";"OOS1";"TrailingStop";"-21.56";"85.65";"23h 33m";""
"33";"NAS100_DukasM1_Infinox";"Buy";"2018.10.31 19:00:00";"6990.87";"0.33";"2018.11.02 15:11:00";"7022.56";"9.37";"11695.87";"OOS1";"TrailingStop";"-19.41";"47.32";"1d 20h 11m";""
"34";"NAS100_DukasM1_Infinox";"Buy";"2018.11.06 17:00:00";"7014.86";"0.52";"2018.11.08 20:30:00";"7137.43";"62.01";"11757.88";"OOS1";"TrailingStop";"-46.74";"105.51";"2d 3h 30m";""
"35";"NAS100_DukasM1_Infinox";"Buy";"2018.11.15 21:00:00";"6872.26";"0.33";"2018.11.19 15:47:00";"6838.95";"-13.13";"11744.75";"OOS1";"TrailingStop";"-25.94";"16.33";"3d 18h 47m";""
"36";"NAS100_DukasM1_Infinox";"Buy";"2018.11.26 22:00:00";"6669.47";"0.55";"2018.11.27 03:15:00";"6615.50";"-30.55";"11714.20";"OOS1";"TrailingStop";"-29.68";"10.89";"5h 15m";""
"37";"NAS100_DukasM1_Infinox";"Buy";"2018.11.27 07:00:00";"6660.17";"0.6";"2018.11.29 17:52:00";"6843.71";"108.24";"11822.43";"OOS1";"TrailingStop";"-32.05";"153.66";"2d 10h 52m";""
"38";"NAS100_DukasM1_Infinox";"Buy";"2018.11.29 22:00:00";"6937.87";"0.55";"2018.12.03 16:36:00";"7070.74";"69.47";"11891.91";"OOS1";"TrailingStop";"-39.94";"106.97";"3d 18h 36m";""
"39";"NAS100_DukasM1_Infinox";"Buy";"2018.12.12 16:00:00";"6814.07";"0.44";"2018.12.12 21:43:00";"6782.24";"-14.01";"11877.90";"OOS1";"TrailingStop";"-16.99";"23.62";"5h 43m";""
"40";"NAS100_DukasM1_Infinox";"Buy";"2018.12.13 10:00:00";"6822.36";"0.52";"2018.12.14 20:34:00";"6630.07";"-100.83";"11777.08";"OOS1";"SL";"-99.99";"6.35";"1d 10h 34m";""
"41";"NAS100_DukasM1_Infinox";"Buy";"2018.12.27 23:00:00";"6290.46";"0.25";"2018.12.28 17:36:00";"6238.08";"-13.47";"11763.61";"OOS1";"TrailingStop";"-13.10";"18.25";"18h 36m";""
"42";"NAS100_DukasM1_Infinox";"Buy";"2018.12.28 22:00:00";"6385.47";"0.31";"2019.01.03 01:05:00";"6301.72";"-28.77";"11734.84";"OOS1";"TrailingStop";"-76.23";"3.75";"5d 3h 5m";""
"43";"NAS100_DukasM1_Infinox";"Buy";"2019.01.04 13:00:00";"6265.66";"0.42";"2019.01.08 17:38:00";"6485.67";"89.92";"11824.76";"OOS1";"TrailingStop";"-21.00";"128.86";"4d 4h 38m";""
"44";"NAS100_DukasM1_Infinox";"Buy";"2019.01.08 23:00:00";"6552.27";"0.48";"2019.01.10 03:14:00";"6555.59";"0.11";"11824.87";"OOS1";"TrailingStop";"-8.98";"38.16";"1d 4h 14m";""
"45";"NAS100_DukasM1_Infinox";"Buy";"2019.01.10 18:00:00";"6586.66";"0.58";"2019.01.11 16:44:00";"6563.71";"-14.21";"11810.66";"OOS1";"TrailingStop";"-19.55";"24.48";"22h 44m";""
"46";"NAS100_DukasM1_Infinox";"Buy";"2019.01.17 17:00:00";"6678.27";"0.75";"2019.01.18 21:42:00";"6762.15";"61.73";"11872.38";"OOS1";"TrailingStop";"-14.33";"104.33";"1d 4h 42m";""
"47";"NAS100_DukasM1_Infinox";"Buy";"2019.01.31 18:00:00";"6895.56";"0.67";"2019.01.31 22:15:00";"6877.55";"-12.07";"11860.32";"OOS1";"TrailingStop";"-12.07";"27.94";"4h 15m";""
"48";"NAS100_DukasM1_Infinox";"Buy";"2019.02.01 16:00:00";"6883.76";"0.72";"2019.02.01 21:20:00";"6858.93";"-17.88";"11842.44";"OOS1";"TrailingStop";"-17.88";"27.37";"5h 20m";""
"49";"NAS100_DukasM1_Infinox";"Buy";"2019.02.12 17:00:00";"6978.36";"0.93";"2019.02.13 18:30:00";"7019.26";"36.50";"11878.95";"OOS1";"TrailingStop";"-2.78";"78.59";"1d 1h 30m";""
"50";"NAS100_DukasM1_Infinox";"Buy";"2019.02.18 04:00:00";"7064.36";"0.8";"2019.02.19 13:13:00";"7047.17";"-15.09";"11863.86";"OOS1";"TrailingStop";"-13.75";"12.57";"1d 9h 13m";""
"51";"NAS100_DukasM1_Infinox";"Buy";"2019.03.04 02:00:00";"7198.56";"0.88";"2019.03.04 17:56:00";"7172.09";"-23.29";"11840.56";"OOS1";"TrailingStop";"-23.29";"7.14";"15h 56m";""
"52";"NAS100_DukasM1_Infinox";"Buy";"2019.03.13 08:00:00";"7203.57";"0.98";"2019.03.14 03:02:00";"7246.64";"40.54";"11881.11";"OOS1";"TrailingStop";"-14.50";"87.51";"19h 2m";""
"53";"NAS100_DukasM1_Infinox";"Buy";"2019.03.14 04:00:00";"7261.36";"0.89";"2019.03.14 12:52:00";"7248.06";"-11.84";"11869.27";"OOS1";"TrailingStop";"-14.05";"21.98";"8h 52m";""
"54";"NAS100_DukasM1_Infinox";"Buy";"2019.03.15 16:00:00";"7299.57";"1.02";"2019.03.18 17:24:00";"7312.54";"7.96";"11877.23";"OOS1";"TrailingStop";"-20.71";"51.19";"3d 1h 24m";""
"55";"NAS100_DukasM1_Infinox";"Buy";"2019.03.19 18:00:00";"7382.96";"1.11";"2019.03.21 09:50:00";"7367.09";"-21.49";"11855.74";"OOS1";"TrailingStop";"-72.82";"46.19";"1d 15h 50m";""
"56";"NAS100_DukasM1_Infinox";"Buy";"2019.03.21 16:00:00";"7404.67";"0.74";"2019.03.22 14:11:00";"7463.12";"41.96";"11897.70";"OOS1";"TrailingStop";"-2.67";"79.48";"22h 11m";""
"57";"NAS100_DukasM1_Infinox";"Buy";"2019.04.01 20:00:00";"7468.37";"0.86";"2019.04.03 20:50:00";"7552.12";"68.99";"11966.69";"OOS1";"TrailingStop";"-9.46";"104.49";"2d 0h 50m";""
"58";"NAS100_DukasM1_Infinox";"Buy";"2019.04.04 04:00:00";"7556.76";"0.97";"2019.04.04 17:22:00";"7530.17";"-25.79";"11940.90";"OOS1";"TrailingStop";"-26.09";"12.91";"13h 22m";""
"59";"NAS100_DukasM1_Infinox";"Buy";"2019.05.15 18:00:00";"7468.26";"0.49";"2019.05.17 07:00:00";"7553.01";"39.80";"11980.70";"OOS1";"TrailingStop";"-7.64";"77.91";"1d 13h 0m";""
"1";"NAS100_DukasM1_Infinox";"Buy";"2019.06.06 11:00:00";"7245.66";"0.69";"2019.06.06 16:57:00";"7206.31";"-27.15";"11953.55";"OOS1";"TrailingStop";"-27.15";"7.52";"5h 57m";""
"2";"NAS100_DukasM1_Infinox";"Buy";"2019.06.07 03:00:00";"7271.06";"0.7";"2019.06.10 01:05:00";"7453.64";"124.20";"12077.75";"OOS1";"PT";"-8.96";"144.35";"2d 22h 5m";""
"3";"NAS100_DukasM1_Infinox";"Buy";"2019.06.19 23:00:00";"7667.67";"0.82";"2019.06.20 16:36:00";"7745.59";"62.41";"12140.16";"OOS1";"TrailingStop";"-4.77";"100.12";"17h 36m";""
"4";"NAS100_DukasM1_Infinox";"Buy";"2019.07.02 23:00:00";"7801.37";"0.9";"2019.07.03 16:30:00";"7812.90";"8.72";"12148.88";"OOS1";"TrailingStop";"-6.67";"38.43";"17h 30m";""
"5";"NAS100_DukasM1_Infinox";"Buy";"2019.07.03 20:00:00";"7858.46";"1.11";"2019.07.05 10:18:00";"7864.09";"2.13";"12151.01";"OOS1";"TrailingStop";"-5.09";"26.08";"1d 14h 18m";""
"6";"NAS100_DukasM1_Infinox";"Buy";"2019.07.10 19:00:00";"7895.27";"0.75";"2019.07.11 17:32:00";"7901.75";"3.46";"12154.47";"OOS1";"TrailingStop";"-12.00";"31.58";"22h 32m";""
"7";"NAS100_DukasM1_Infinox";"Buy";"2019.08.08 05:00:00";"7590.76";"0.38";"2019.08.09 01:13:00";"7657.12";"24.54";"12179.00";"OOS1";"TrailingStop";"-15.08";"53.39";"20h 13m";""
"8";"NAS100_DukasM1_Infinox";"Buy";"2019.08.13 17:00:00";"7756.67";"0.43";"2019.08.14 18:15:00";"7524.95";"-100.43";"12078.58";"OOS1";"SL";"-99.64";"10.45";"1d 1h 15m";""
"9";"NAS100_DukasM1_Infinox";"Buy";"2019.08.16 12:00:00";"7583.36";"0.47";"2019.08.20 16:33:00";"7692.31";"47.84";"12126.42";"OOS1";"TrailingStop";"-22.14";"74.12";"4d 4h 33m";""
"10";"NAS100_DukasM1_Infinox";"Buy";"2019.08.21 17:00:00";"7749.76";"0.91";"2019.08.22 06:00:00";"7722.98";"-26.03";"12100.38";"OOS1";"TrailingStop";"-40.85";"19.56";"13h 0m";""
"11";"NAS100_DukasM1_Infinox";"Buy";"2019.08.27 16:00:00";"7627.46";"0.53";"2019.08.29 17:37:00";"7657.05";"13.77";"12114.16";"OOS1";"TrailingStop";"-68.90";"47.86";"2d 1h 37m";""
"12";"NAS100_DukasM1_Infinox";"Buy";"2019.08.29 19:00:00";"7705.77";"0.6";"2019.08.30 16:56:00";"7716.63";"5.42";"12119.58";"OOS1";"TrailingStop";"-13.26";"34.14";"21h 56m";""
"13";"NAS100_DukasM1_Infinox";"Buy";"2019.09.05 04:00:00";"7740.27";"0.79";"2019.09.05 10:18:00";"7769.66";"23.22";"12142.80";"OOS1";"TrailingStop";"-10.11";"72.84";"6h 18m";""
"14";"NAS100_DukasM1_Infinox";"Buy";"2019.10.07 18:00:00";"7759.27";"0.75";"2019.10.07 21:48:00";"7734.19";"-18.81";"12123.99";"OOS1";"TrailingStop";"-18.81";"19.79";"3h 48m";""
"15";"NAS100_DukasM1_Infinox";"Buy";"2019.10.10 17:00:00";"7746.57";"0.5";"2019.10.10 21:08:00";"7700.98";"-22.79";"12101.19";"OOS1";"TrailingStop";"-22.80";"13.74";"4h 8m";""
"16";"NAS100_DukasM1_Infinox";"Buy";"2019.10.14 02:00:00";"7870.87";"0.57";"2019.10.14 12:21:00";"7823.62";"-26.93";"12074.26";"OOS1";"TrailingStop";"-26.93";"5.30";"10h 21m";""
"17";"NAS100_DukasM1_Infinox";"Buy";"2019.10.15 18:00:00";"7944.67";"0.81";"2019.10.16 12:01:00";"7914.68";"-25.81";"12048.45";"OOS1";"TrailingStop";"-24.29";"13.11";"18h 1m";""
"18";"NAS100_DukasM1_Infinox";"Buy";"2019.10.17 13:00:00";"7975.67";"0.98";"2019.10.18 18:50:00";"7873.82";"-101.66";"11946.79";"OOS1";"SL";"-99.81";"6.65";"1d 5h 50m";""
"19";"NAS100_DukasM1_Infinox";"Buy";"2019.10.24 19:00:00";"7967.27";"0.97";"2019.10.28 16:23:00";"8099.60";"121.06";"12067.85";"OOS1";"PT";"-54.32";"128.36";"3d 21h 23m";""
"20";"NAS100_DukasM1_Infinox";"Buy";"2019.11.01 22:00:00";"8162.27";"0.97";"2019.11.05 16:31:00";"8216.09";"44.73";"12112.58";"OOS1";"TrailingStop";"-7.57";"77.60";"3d 18h 31m";""
"21";"NAS100_DukasM1_Infinox";"Buy";"2019.12.06 16:00:00";"8372.26";"1.08";"2019.12.09 18:25:00";"8390.55";"13.35";"12125.93";"OOS1";"TrailingStop";"-8.42";"55.63";"3d 2h 25m";""
"22";"NAS100_DukasM1_Infinox";"Buy";"2020.01.08 19:00:00";"8910.81";"0.5";"2020.01.09 19:34:00";"8948.34";"17.71";"12143.64";"OOS1";"TrailingStop";"-2.56";"46.35";"1d 0h 34m";""
"23";"NAS100_DukasM1_Infinox";"Buy";"2020.01.09 22:00:00";"8983.46";"0.69";"2020.01.10 16:37:00";"8997.47";"8.20";"12151.85";"OOS1";"TrailingStop";"-10.89";"37.08";"18h 37m";""
"24";"NAS100_DukasM1_Infinox";"Buy";"2020.01.16 23:00:00";"9126.67";"0.95";"2020.01.17 16:38:00";"9133.80";"4.73";"12156.57";"OOS1";"TrailingStop";"-6.73";"42.95";"17h 38m";""
"25";"NAS100_DukasM1_Infinox";"Buy";"2020.02.07 02:00:00";"9457.81";"0.61";"2020.02.11 20:54:00";"9543.81";"47.01";"12203.58";"OOS1";"TrailingStop";"-83.77";"86.91";"4d 18h 54m";""
"26";"NAS100_DukasM1_Infinox";"Buy";"2020.03.02 05:00:00";"8526.88";"0.12";"2020.03.02 13:52:00";"8390.98";"-16.31";"12187.28";"OOS1";"TrailingStop";"-16.31";"17.26";"8h 52m";""
"27";"NAS100_DukasM1_Infinox";"Buy";"2020.03.03 18:00:00";"8929.40";"0.16";"2020.03.05 10:31:00";"8787.29";"-23.41";"12163.86";"OOS1";"TrailingStop";"-67.43";"3.20";"1d 16h 31m";""
"28";"NAS100_DukasM1_Infinox";"Buy";"2020.03.10 22:00:00";"8372.03";"0.15";"2020.03.12 03:37:00";"7711.24";"-99.71";"12064.15";"OOS1";"SL";"-99.12";"1.92";"1d 5h 37m";""
"29";"NAS100_DukasM1_Infinox";"Buy";"2020.03.13 22:00:00";"7949.34";"0.09";"2020.03.18 19:33:00";"6868.42";"-98.13";"11966.02";"OOS1";"SL";"-97.28";"2.71";"4d 21h 33m";""
"30";"NAS100_DukasM1_Infinox";"Buy";"2020.03.19 11:00:00";"7307.80";"0.09";"2020.03.20 15:39:00";"7382.33";"6.55";"11972.58";"OOS1";"TrailingStop";"-25.00";"30.37";"1d 4h 39m";""
"31";"NAS100_DukasM1_Infinox";"Buy";"2020.03.24 13:07:00";"7326.16";"0.13";"2020.03.25 12:54:00";"7483.97";"20.29";"11992.87";"OOS1";"TrailingStop";"-11.10";"57.35";"23h 47m";""
"32";"NAS100_DukasM1_Infinox";"Buy";"2020.03.26 17:00:00";"7692.78";"0.15";"2020.03.27 11:30:00";"7693.28";"-0.20";"11992.67";"OOS1";"TrailingStop";"-5.27";"32.34";"18h 30m";""
"33";"NAS100_DukasM1_Infinox";"Buy";"2020.03.30 18:00:00";"7783.50";"0.19";"2020.03.31 15:13:00";"7821.29";"6.83";"11999.50";"OOS1";"TrailingStop";"-1.71";"35.62";"21h 13m";""
"34";"NAS100_DukasM1_Infinox";"Buy";"2020.04.03 15:00:00";"7654.02";"0.28";"2020.04.07 06:32:00";"7970.75";"86.66";"12086.16";"OOS1";"TrailingStop";"-59.91";"126.86";"3d 15h 32m";""
"35";"NAS100_DukasM1_Infinox";"Buy";"2020.04.08 19:00:00";"8172.51";"0.23";"2020.04.09 13:25:00";"8153.99";"-4.70";"12081.46";"OOS1";"TrailingStop";"-9.36";"25.42";"18h 25m";""
"36";"NAS100_DukasM1_Infinox";"Buy";"2020.04.09 16:00:00";"8278.23";"0.25";"2020.04.09 17:19:00";"8189.49";"-22.19";"12059.27";"OOS1";"TrailingStop";"-22.18";"14.79";"1h 19m";""
"37";"NAS100_DukasM1_Infinox";"Buy";"2020.04.13 21:00:00";"8256.88";"0.29";"2020.04.14 20:51:00";"8695.72";"126.70";"12185.97";"OOS1";"PT";"-8.05";"127.26";"23h 51m";""
"38";"NAS100_DukasM1_Infinox";"Buy";"2020.04.16 18:00:00";"8720.10";"0.31";"2020.04.16 19:26:00";"8676.95";"-13.38";"12172.59";"OOS1";"TrailingStop";"-13.38";"23.67";"1h 26m";""
"39";"NAS100_DukasM1_Infinox";"Buy";"2020.04.20 19:00:00";"8846.59";"0.31";"2020.04.21 17:23:00";"8530.07";"-98.77";"12073.83";"OOS1";"SL";"-98.12";"0.35";"22h 23m";""
"40";"NAS100_DukasM1_Infinox";"Buy";"2020.04.23 22:00:00";"8713.71";"0.28";"2020.04.27 20:23:00";"8811.63";"25.11";"12098.94";"OOS1";"TrailingStop";"-57.33";"54.26";"3d 22h 23m";""
"41";"NAS100_DukasM1_Infinox";"Buy";"2020.04.28 13:00:00";"8950.57";"0.41";"2020.04.28 17:58:00";"8710.67";"-98.36";"12000.58";"OOS1";"SL";"-98.36";"2.19";"4h 58m";""
"42";"NAS100_DukasM1_Infinox";"Buy";"2020.04.29 17:00:00";"8908.00";"0.35";"2020.04.30 15:00:00";"9051.35";"49.44";"12050.02";"OOS1";"TrailingStop";"-10.12";"86.31";"22h 0m";""
"43";"NAS100_DukasM1_Infinox";"Buy";"2020.05.06 02:00:00";"8976.36";"0.38";"2020.05.06 22:50:00";"8972.04";"-1.64";"12048.37";"OOS1";"TrailingStop";"-33.62";"34.60";"20h 50m";""
"44";"NAS100_DukasM1_Infinox";"Buy";"2020.05.07 07:00:00";"9035.02";"0.43";"2020.05.08 16:20:00";"9169.46";"56.89";"12105.27";"OOS1";"TrailingStop";"-8.57";"90.25";"1d 9h 20m";""
"45";"NAS100_DukasM1_Infinox";"Buy";"2020.05.11 03:00:00";"9261.81";"0.47";"2020.05.11 11:46:00";"9219.25";"-20.00";"12085.26";"OOS1";"TrailingStop";"-20.00";"13.62";"8h 46m";""
"46";"NAS100_DukasM1_Infinox";"Buy";"2020.05.12 14:00:00";"9305.37";"0.47";"2020.05.12 16:51:00";"9259.18";"-21.71";"12063.55";"OOS1";"TrailingStop";"-21.71";"22.27";"2h 51m";""
"47";"NAS100_DukasM1_Infinox";"Buy";"2020.05.14 23:00:00";"9097.20";"0.27";"2020.05.15 13:58:00";"9049.88";"-13.36";"12050.20";"OOS1";"TrailingStop";"-12.78";"14.28";"14h 58m";""
"48";"NAS100_DukasM1_Infinox";"Buy";"2020.05.15 23:00:00";"9156.97";"0.29";"2020.05.19 11:07:00";"9331.86";"48.21";"12098.41";"OOS1";"TrailingStop";"-16.61";"76.77";"3d 12h 7m";""
"49";"NAS100_DukasM1_Infinox";"Buy";"2020.05.20 17:00:00";"9466.94";"0.47";"2020.05.21 10:00:00";"9424.88";"-20.82";"12077.59";"OOS1";"TrailingStop";"-19.77";"17.54";"17h 0m";""
"50";"NAS100_DukasM1_Infinox";"Buy";"2020.05.26 04:00:00";"9527.60";"0.64";"2020.05.26 15:33:00";"9543.52";"10.19";"12087.78";"OOS1";"TrailingStop";"-2.46";"50.70";"11h 33m";""
"51";"NAS100_DukasM1_Infinox";"Buy";"2020.05.28 18:00:00";"9496.57";"0.31";"2020.05.28 22:46:00";"9445.74";"-15.76";"12072.02";"OOS1";"TrailingStop";"-15.76";"22.59";"4h 46m";""
"52";"NAS100_DukasM1_Infinox";"Buy";"2020.05.29 22:00:00";"9502.35";"0.31";"2020.06.01 11:23:00";"9487.38";"-6.73";"12065.29";"OOS1";"TrailingStop";"-15.29";"27.35";"2d 13h 23m";""
"53";"NAS100_DukasM1_Infinox";"Buy";"2020.06.01 21:00:00";"9599.94";"0.37";"2020.06.02 15:49:00";"9600.64";"-0.58";"12064.71";"OOS1";"TrailingStop";"-15.80";"26.83";"18h 49m";""
"54";"NAS100_DukasM1_Infinox";"Buy";"2020.06.03 03:00:00";"9679.11";"0.46";"2020.06.04 18:13:00";"9668.09";"-6.12";"12058.59";"OOS1";"TrailingStop";"-15.72";"30.21";"1d 15h 13m";""
"55";"NAS100_DukasM1_Infinox";"Buy";"2020.06.05 17:00:00";"9760.92";"0.45";"2020.06.08 10:58:00";"9798.82";"13.94";"12072.54";"OOS1";"TrailingStop";"-9.65";"51.67";"2d 17h 58m";""
"56";"NAS100_DukasM1_Infinox";"Buy";"2020.06.08 21:00:00";"9859.21";"0.48";"2020.06.09 11:10:00";"9844.45";"-8.20";"12064.33";"OOS1";"TrailingStop";"-7.08";"23.23";"14h 10m";""
"57";"NAS100_DukasM1_Infinox";"Buy";"2020.06.09 18:00:00";"9966.83";"0.5";"2020.06.11 06:47:00";"10028.23";"28.35";"12092.68";"OOS1";"TrailingStop";"-13.39";"95.29";"1d 12h 47m";""
"58";"NAS100_DukasM1_Infinox";"Buy";"2020.06.17 11:00:00";"10025.05";"0.3";"2020.06.18 03:04:00";"9943.30";"-25.24";"12067.45";"OOS1";"TrailingStop";"-24.52";"10.18";"16h 4m";""
"59";"NAS100_DukasM1_Infinox";"Buy";"2020.06.19 10:00:00";"10065.39";"0.43";"2020.06.19 19:12:00";"10034.41";"-13.32";"12054.13";"OOS1";"TrailingStop";"-13.32";"24.17";"9h 12m";""
"60";"NAS100_DukasM1_Infinox";"Buy";"2020.06.22 19:00:00";"10069.52";"0.42";"2020.06.23 04:15:00";"10088.23";"6.86";"12060.99";"OOS1";"TrailingStop";"-0.76";"41.95";"9h 15m";""
"61";"NAS100_DukasM1_Infinox";"Buy";"2020.06.23 18:00:00";"10227.70";"0.42";"2020.06.23 22:31:00";"10219.47";"-3.46";"12057.53";"OOS1";"TrailingStop";"-6.32";"33.88";"4h 31m";""
"62";"NAS100_DukasM1_Infinox";"Buy";"2020.06.24 04:00:00";"10228.01";"0.42";"2020.06.24 10:44:00";"10169.73";"-24.48";"12033.05";"OOS1";"TrailingStop";"-24.48";"10.07";"6h 44m";""
"63";"NAS100_DukasM1_Infinox";"Buy";"2020.06.30 18:00:00";"10074.86";"0.4";"2020.07.02 15:53:00";"10391.54";"124.77";"12157.82";"OOS1";"PT";"-10.10";"126.67";"1d 21h 53m";""
"64";"NAS100_DukasM1_Infinox";"Buy";"2020.07.02 19:00:00";"10395.10";"0.48";"2020.07.02 22:51:00";"10343.09";"-24.96";"12132.86";"OOS1";"TrailingStop";"-24.96";"9.60";"3h 51m";""
"65";"NAS100_DukasM1_Infinox";"Buy";"2020.07.06 03:00:00";"10404.11";"0.6";"2020.07.06 18:27:00";"10617.44";"128.00";"12260.85";"OOS1";"PT";"-2.01";"128.00";"15h 27m";""
"66";"NAS100_DukasM1_Infinox";"Buy";"2020.07.08 17:00:00";"10640.34";"0.46";"2020.07.09 17:41:00";"10677.48";"15.93";"12276.78";"OOS1";"TrailingStop";"-53.27";"54.28";"1d 0h 41m";""
"67";"NAS100_DukasM1_Infinox";"Buy";"2020.07.09 22:00:00";"10760.09";"0.38";"2020.07.10 08:06:00";"10682.94";"-30.28";"12246.50";"OOS1";"TrailingStop";"-29.32";"9.92";"10h 6m";""
"68";"NAS100_DukasM1_Infinox";"Buy";"2020.07.27 17:00:00";"10635.15";"0.32";"2020.07.28 12:50:00";"10661.31";"7.57";"12254.07";"OOS1";"TrailingStop";"-36.02";"42.54";"19h 50m";""
"69";"NAS100_DukasM1_Infinox";"Buy";"2020.07.30 20:00:00";"10700.60";"0.33";"2020.07.31 16:33:00";"10840.58";"45.36";"12299.43";"OOS1";"TrailingStop";"-4.94";"81.94";"20h 33m";""
"70";"NAS100_DukasM1_Infinox";"Buy";"2020.08.03 05:00:00";"10961.88";"0.3";"2020.08.04 11:03:00";"11021.97";"17.25";"12316.68";"OOS1";"TrailingStop";"-15.42";"42.21";"1d 6h 3m";""
"71";"NAS100_DukasM1_Infinox";"Buy";"2020.08.05 07:00:00";"11111.54";"0.49";"2020.08.05 16:31:00";"11087.98";"-11.54";"12305.13";"OOS1";"TrailingStop";"-11.54";"21.79";"9h 31m";""
"72";"NAS100_DukasM1_Infinox";"Buy";"2020.08.06 20:00:00";"11185.92";"0.51";"2020.08.07 06:40:00";"11214.64";"13.30";"12318.43";"OOS1";"TrailingStop";"-6.57";"53.34";"10h 40m";""
"73";"NAS100_DukasM1_Infinox";"Buy";"2020.08.14 03:00:00";"11212.92";"0.41";"2020.08.14 11:23:00";"11152.27";"-24.87";"12293.57";"OOS1";"TrailingStop";"-24.87";"12.11";"8h 23m";""
"74";"NAS100_DukasM1_Infinox";"Buy";"2020.08.17 17:00:00";"11271.72";"0.59";"2020.08.18 17:10:00";"11299.47";"14.80";"12308.37";"OOS1";"TrailingStop";"-16.71";"67.60";"1d 0h 10m";""
"75";"NAS100_DukasM1_Infinox";"Buy";"2020.08.18 19:00:00";"11362.68";"0.61";"2020.08.19 15:15:00";"11386.57";"12.94";"12321.31";"OOS1";"TrailingStop";"-3.25";"42.46";"20h 15m";""
"76";"NAS100_DukasM1_Infinox";"Buy";"2020.08.21 18:00:00";"11551.40";"0.46";"2020.08.24 16:54:00";"11636.20";"35.24";"12356.55";"OOS1";"TrailingStop";"-28.06";"80.50";"2d 22h 54m";""
"77";"NAS100_DukasM1_Infinox";"Buy";"2020.08.25 22:00:00";"11703.06";"0.48";"2020.08.26 21:22:00";"11966.20";"124.98";"12481.53";"OOS1";"PT";"-4.52";"126.31";"23h 22m";""
"78";"NAS100_DukasM1_Infinox";"Buy";"2020.08.27 18:00:00";"12010.38";"0.43";"2020.08.27 19:33:00";"11945.16";"-28.04";"12453.49";"OOS1";"TrailingStop";"-28.04";"16.65";"1h 33m";""
"79";"NAS100_DukasM1_Infinox";"Buy";"2020.08.28 06:00:00";"12005.51";"0.38";"2020.08.28 10:35:00";"11926.24";"-30.12";"12423.36";"OOS1";"TrailingStop";"-30.12";"4.42";"4h 35m";""
"80";"NAS100_DukasM1_Infinox";"Buy";"2020.08.31 02:00:00";"12029.80";"0.4";"2020.08.31 14:42:00";"12018.54";"-4.50";"12418.86";"OOS1";"TrailingStop";"-4.50";"25.30";"12h 42m";""
"81";"NAS100_DukasM1_Infinox";"Buy";"2020.09.01 20:00:00";"12255.20";"0.44";"2020.09.02 16:31:00";"12393.37";"59.52";"12478.38";"OOS1";"TrailingStop";"-7.98";"92.31";"20h 31m";""
"82";"NAS100_DukasM1_Infinox";"Buy";"2020.09.09 18:00:00";"11373.93";"0.19";"2020.09.10 10:52:00";"11301.08";"-14.35";"12464.03";"OOS1";"TrailingStop";"-13.84";"20.55";"16h 52m";""
"83";"NAS100_DukasM1_Infinox";"Buy";"2020.09.14 17:00:00";"11302.61";"0.25";"2020.09.14 20:22:00";"11214.82";"-21.95";"12442.08";"OOS1";"TrailingStop";"-21.95";"15.50";"3h 22m";""
"1";"NAS100_DukasM1_Infinox";"Buy";"2020.09.22 21:00:00";"11123.02";"0.17";"2020.09.23 16:52:00";"11116.90";"-1.49";"12440.60";"OOS1";"TrailingStop";"-5.31";"19.43";"19h 52m";""
"2";"NAS100_DukasM1_Infinox";"Buy";"2020.09.25 20:00:00";"11032.83";"0.18";"2020.09.28 17:51:00";"11254.95";"38.57";"12479.17";"OOS1";"TrailingStop";"-2.39";"62.38";"2d 21h 51m";""
"3";"NAS100_DukasM1_Infinox";"Buy";"2020.09.29 13:00:00";"11382.62";"0.29";"2020.09.30 06:27:00";"11292.52";"-26.91";"12452.26";"OOS1";"TrailingStop";"-26.13";"15.73";"17h 27m";""
"4";"NAS100_DukasM1_Infinox";"Buy";"2020.09.30 18:00:00";"11450.36";"0.22";"2020.09.30 22:17:00";"11385.44";"-14.28";"12437.98";"OOS1";"TrailingStop";"-14.28";"18.94";"4h 17m";""
"5";"NAS100_DukasM1_Infinox";"Buy";"2020.10.01 03:00:00";"11453.44";"0.2";"2020.10.02 07:59:00";"11483.16";"5.40";"12443.38";"OOS1";"TrailingStop";"-6.93";"31.79";"1d 4h 59m";""
"6";"NAS100_DukasM1_Infinox";"Buy";"2020.10.09 03:00:00";"11594.41";"0.35";"2020.10.12 15:26:00";"11949.45";"121.39";"12564.77";"OOS1";"PT";"-10.13";"124.26";"3d 12h 26m";""
"7";"NAS100_DukasM1_Infinox";"Buy";"2020.10.12 18:00:00";"11980.03";"0.32";"2020.10.13 04:45:00";"12051.49";"21.96";"12586.73";"OOS1";"TrailingStop";"-0.60";"72.24";"10h 45m";""
"8";"NAS100_DukasM1_Infinox";"Buy";"2020.11.03 17:00:00";"11213.84";"0.24";"2020.11.04 05:15:00";"11731.17";"123.52";"12710.26";"OOS1";"PT";"-0.99";"124.16";"12h 15m";""
"9";"NAS100_DukasM1_Infinox";"Buy";"2020.11.04 18:00:00";"11794.63";"0.11";"2020.11.06 06:03:00";"11945.44";"15.98";"12726.23";"OOS1";"TrailingStop";"-7.93";"36.26";"1d 12h 3m";""
"10";"NAS100_DukasM1_Infinox";"Buy";"2020.11.06 19:00:00";"12055.37";"0.16";"2020.11.09 14:01:00";"12244.69";"28.92";"12755.16";"OOS1";"TrailingStop";"-3.91";"56.95";"2d 19h 1m";""
"11";"NAS100_DukasM1_Infinox";"Buy";"2020.11.27 16:00:00";"12232.33";"0.59";"2020.11.27 18:58:00";"12243.16";"6.39";"12761.55";"OOS1";"TrailingStop";"-10.00";"44.52";"2h 58m";""
"12";"NAS100_DukasM1_Infinox";"Buy";"2020.12.01 02:00:00";"12346.88";"0.3";"2020.12.02 04:05:00";"12409.83";"18.01";"12779.56";"OOS1";"TrailingStop";"-4.83";"49.57";"1d 2h 5m";""
"13";"NAS100_DukasM1_Infinox";"Buy";"2020.12.02 19:00:00";"12460.11";"0.34";"2020.12.03 22:54:00";"12441.89";"-7.20";"12772.36";"OOS1";"TrailingStop";"-16.24";"26.99";"1d 3h 54m";""
"14";"NAS100_DukasM1_Infinox";"Buy";"2020.12.15 22:00:00";"12572.69";"0.38";"2020.12.16 16:38:00";"12581.76";"2.32";"12774.68";"OOS1";"TrailingStop";"-2.96";"27.53";"18h 38m";""
"15";"NAS100_DukasM1_Infinox";"Buy";"2020.12.16 19:00:00";"12653.19";"0.45";"2020.12.17 18:50:00";"12689.34";"14.92";"12789.61";"OOS1";"TrailingStop";"-20.41";"47.94";"23h 50m";""
"16";"NAS100_DukasM1_Infinox";"Buy";"2020.12.17 23:00:00";"12749.37";"0.5";"2020.12.18 16:46:00";"12726.99";"-12.70";"12776.91";"OOS1";"TrailingStop";"-23.33";"17.76";"17h 46m";""
"17";"NAS100_DukasM1_Infinox";"Buy";"2020.12.28 20:00:00";"12842.88";"0.49";"2020.12.29 16:56:00";"12859.11";"6.47";"12783.38";"OOS1";"TrailingStop";"-6.23";"39.90";"20h 56m";""
"18";"NAS100_DukasM1_Infinox";"Buy";"2021.01.07 17:00:00";"12850.19";"0.22";"2021.01.08 20:37:00";"12954.66";"22.32";"12805.69";"OOS1";"TrailingStop";"-1.58";"49.45";"1d 3h 37m";""
"19";"NAS100_DukasM1_Infinox";"Buy";"2021.01.08 22:00:00";"13054.40";"0.27";"2021.01.11 15:29:00";"13000.39";"-17.08";"12788.61";"OOS1";"TrailingStop";"-14.58";"19.63";"2d 17h 29m";""
"20";"NAS100_DukasM1_Infinox";"Buy";"2021.01.19 20:00:00";"12965.61";"0.39";"2021.01.20 20:04:00";"13282.79";"122.51";"12911.12";"OOS1";"PT";"-1.26";"123.70";"1d 0h 4m";""
"21";"NAS100_DukasM1_Infinox";"Buy";"2021.01.21 22:00:00";"13414.90";"0.36";"2021.01.25 17:48:00";"13484.92";"20.65";"12931.77";"OOS1";"TrailingStop";"-38.73";"53.46";"3d 19h 48m";""
"22";"NAS100_DukasM1_Infinox";"Buy";"2021.01.26 18:00:00";"13521.12";"0.29";"2021.01.27 13:46:00";"13488.80";"-10.30";"12921.47";"OOS1";"TrailingStop";"-16.19";"25.52";"19h 46m";""
"23";"NAS100_DukasM1_Infinox";"Buy";"2021.02.01 19:00:00";"13187.69";"0.15";"2021.02.03 16:32:00";"13486.64";"43.91";"12965.38";"OOS1";"TrailingStop";"-0.27";"60.47";"1d 21h 32m";""
"24";"NAS100_DukasM1_Infinox";"Buy";"2021.02.05 20:00:00";"13638.37";"0.36";"2021.02.08 18:32:00";"13617.09";"-11.14";"12954.24";"OOS1";"TrailingStop";"-23.12";"21.35";"2d 22h 32m";""
"25";"NAS100_DukasM1_Infinox";"Buy";"2021.02.08 23:00:00";"13695.04";"0.4";"2021.02.10 17:13:00";"13714.80";"5.32";"12959.55";"OOS1";"TrailingStop";"-21.86";"32.15";"1d 18h 13m";""
"26";"NAS100_DukasM1_Infinox";"Buy";"2021.03.01 18:00:00";"13184.17";"0.16";"2021.03.02 10:06:00";"13183.86";"-0.55";"12959.01";"OOS1";"TrailingStop";"-1.82";"23.41";"16h 6m";""
"27";"NAS100_DukasM1_Infinox";"Buy";"2021.03.09 17:00:00";"12710.72";"0.15";"2021.03.10 17:39:00";"12764.41";"7.60";"12966.61";"OOS1";"TrailingStop";"-3.23";"42.36";"1d 0h 39m";""
"28";"NAS100_DukasM1_Infinox";"Buy";"2021.03.11 10:00:00";"12932.90";"0.19";"2021.03.12 08:53:00";"12960.98";"4.76";"12971.37";"OOS1";"TrailingStop";"-6.89";"35.62";"22h 53m";""
"29";"NAS100_DukasM1_Infinox";"Buy";"2021.03.15 21:00:00";"13032.55";"0.23";"2021.03.16 18:26:00";"13186.90";"34.79";"13006.16";"OOS1";"TrailingStop";"-7.03";"60.95";"21h 26m";""
"30";"NAS100_DukasM1_Infinox";"Buy";"2021.03.17 21:00:00";"13247.28";"0.21";"2021.03.18 09:24:00";"13143.05";"-22.55";"12983.61";"OOS1";"TrailingStop";"-21.89";"7.14";"12h 24m";""
"31";"NAS100_DukasM1_Infinox";"Buy";"2021.03.23 19:00:00";"13133.48";"0.27";"2021.03.24 15:35:00";"13046.04";"-24.45";"12959.17";"OOS1";"TrailingStop";"-38.44";"7.30";"20h 35m";""
"32";"NAS100_DukasM1_Infinox";"Buy";"2021.03.26 22:00:00";"12976.04";"0.19";"2021.03.30 11:15:00";"12870.48";"-22.38";"12936.78";"OOS1";"TrailingStop";"-29.51";"7.71";"3d 13h 15m";""
"33";"NAS100_DukasM1_Infinox";"Buy";"2021.04.05 16:00:00";"13433.21";"0.48";"2021.04.06 10:04:00";"13557.96";"58.36";"12995.14";"OOS1";"TrailingStop";"-7.02";"94.56";"18h 4m";""
"34";"NAS100_DukasM1_Infinox";"Buy";"2021.04.06 19:00:00";"13662.14";"0.38";"2021.04.09 08:17:00";"13780.16";"41.17";"13036.31";"OOS1";"TrailingStop";"-53.50";"70.96";"2d 13h 17m";""
"35";"NAS100_DukasM1_Infinox";"Buy";"2021.04.13 16:00:00";"13896.58";"0.4";"2021.04.14 16:30:00";"13977.64";"31.11";"13067.42";"OOS1";"TrailingStop";"-7.51";"55.96";"1d 0h 30m";""
"36";"NAS100_DukasM1_Infinox";"Buy";"2021.05.18 10:00:00";"13424.27";"0.31";"2021.05.19 10:15:00";"13102.74";"-100.66";"12966.76";"OOS1";"SL";"-99.67";"3.84";"1d 0h 15m";""
"37";"NAS100_DukasM1_Infinox";"Buy";"2021.05.24 17:00:00";"13585.16";"0.32";"2021.05.25 16:52:00";"13658.85";"22.55";"12989.32";"OOS1";"TrailingStop";"-0.58";"49.10";"23h 52m";""
"38";"NAS100_DukasM1_Infinox";"Buy";"2021.06.04 17:00:00";"13703.10";"0.33";"2021.06.07 12:11:00";"13699.95";"-4.24";"12985.08";"OOS1";"TrailingStop";"-1.04";"26.37";"2d 19h 11m";""
"39";"NAS100_DukasM1_Infinox";"Buy";"2021.06.07 22:00:00";"13781.83";"0.41";"2021.06.08 10:39:00";"13793.55";"3.47";"12988.55";"OOS1";"TrailingStop";"-1.55";"34.51";"12h 39m";""
"40";"NAS100_DukasM1_Infinox";"Buy";"2021.06.10 17:00:00";"13945.77";"0.35";"2021.06.11 18:04:00";"13933.62";"-5.40";"12983.14";"OOS1";"TrailingStop";"-42.38";"18.10";"1d 1h 4m";""
"41";"NAS100_DukasM1_Infinox";"Buy";"2021.06.14 02:00:00";"14017.81";"0.46";"2021.06.14 16:30:00";"13994.10";"-10.91";"12972.24";"OOS1";"TrailingStop";"-10.91";"14.39";"14h 30m";""
"42";"NAS100_DukasM1_Infinox";"Buy";"2021.06.22 19:00:00";"14212.10";"0.34";"2021.06.23 14:21:00";"14255.67";"13.67";"12985.91";"OOS1";"TrailingStop";"-0.64";"37.95";"19h 21m";""
"43";"NAS100_DukasM1_Infinox";"Buy";"2021.06.24 12:00:00";"14359.73";"0.54";"2021.06.24 20:20:00";"14354.53";"-2.81";"12983.10";"OOS1";"TrailingStop";"-7.08";"38.98";"8h 20m";""
"44";"NAS100_DukasM1_Infinox";"Buy";"2021.06.28 17:00:00";"14462.71";"0.52";"2021.06.30 12:04:00";"14548.39";"41.00";"13024.10";"OOS1";"TrailingStop";"-1.06";"74.87";"1d 19h 4m";""
"45";"NAS100_DukasM1_Infinox";"Buy";"2021.07.02 19:00:00";"14676.59";"0.46";"2021.07.06 10:05:00";"14683.87";"-3.03";"13021.08";"OOS1";"TrailingStop";"-6.66";"27.37";"3d 15h 5m";""
"46";"NAS100_DukasM1_Infinox";"Buy";"2021.07.13 18:00:00";"14960.65";"0.38";"2021.07.13 20:18:00";"14925.03";"-13.54";"13007.54";"OOS1";"TrailingStop";"-13.54";"16.16";"2h 18m";""
"47";"NAS100_DukasM1_Infinox";"Buy";"2021.07.14 18:00:00";"14991.56";"0.36";"2021.07.16 18:46:00";"14713.00";"-102.83";"12904.71";"OOS1";"SL";"-100.28";"1.08";"2d 0h 46m";""
"48";"NAS100_DukasM1_Infinox";"Buy";"2021.07.22 18:00:00";"14923.31";"0.42";"2021.07.23 16:32:00";"14962.47";"14.97";"12919.68";"OOS1";"TrailingStop";"-25.56";"42.92";"22h 32m";""
"49";"NAS100_DukasM1_Infinox";"Buy";"2021.07.23 18:00:00";"15027.99";"0.48";"2021.07.26 11:03:00";"15072.98";"16.49";"12936.16";"OOS1";"TrailingStop";"-3.39";"51.07";"2d 17h 3m";""
"50";"NAS100_DukasM1_Infinox";"Buy";"2021.07.26 19:00:00";"15137.69";"0.44";"2021.07.27 17:37:00";"14910.58";"-101.50";"12834.66";"OOS1";"SL";"-99.93";"1.76";"22h 37m";""
"51";"NAS100_DukasM1_Infinox";"Buy";"2021.09.01 17:00:00";"15675.22";"0.49";"2021.09.01 22:07:00";"15627.79";"-23.24";"12811.42";"OOS1";"TrailingStop";"-23.24";"6.97";"5h 7m";""
"52";"NAS100_DukasM1_Infinox";"Buy";"2021.09.23 18:00:00";"15337.88";"0.27";"2021.09.24 10:01:00";"15254.52";"-23.49";"12787.94";"OOS1";"TrailingStop";"-22.51";"5.03";"16h 1m";""
"53";"NAS100_DukasM1_Infinox";"Buy";"2021.09.27 04:00:00";"15383.66";"0.33";"2021.09.27 12:29:00";"15334.61";"-16.19";"12771.75";"OOS1";"TrailingStop";"-16.19";"9.48";"8h 29m";""
"54";"NAS100_DukasM1_Infinox";"Buy";"2021.10.06 21:00:00";"14703.74";"0.18";"2021.10.07 22:51:00";"14898.53";"34.44";"12806.19";"OOS1";"TrailingStop";"-3.78";"55.22";"1d 1h 51m";""
"55";"NAS100_DukasM1_Infinox";"Buy";"2021.10.08 16:00:00";"14977.76";"0.28";"2021.10.12 03:44:00";"14630.90";"-101.08";"12705.11";"OOS1";"SL";"-97.12";"1.04";"3d 11h 44m";""
"56";"NAS100_DukasM1_Infinox";"Buy";"2021.10.14 18:00:00";"14995.16";"0.32";"2021.10.18 09:12:00";"15073.78";"20.63";"12725.73";"OOS1";"TrailingStop";"-3.79";"57.39";"3d 15h 12m";""
"57";"NAS100_DukasM1_Infinox";"Buy";"2021.10.18 17:00:00";"15153.36";"0.35";"2021.10.20 20:09:00";"15370.02";"73.33";"12799.06";"OOS1";"TrailingStop";"-4.21";"106.91";"2d 3h 9m";""
"58";"NAS100_DukasM1_Infinox";"Buy";"2021.10.27 17:00:00";"15654.72";"0.35";"2021.10.27 22:18:00";"15637.54";"-6.01";"12793.04";"OOS1";"TrailingStop";"-28.56";"25.57";"5h 18m";""
"59";"NAS100_DukasM1_Infinox";"Buy";"2021.10.28 18:00:00";"15727.94";"0.34";"2021.10.29 01:05:00";"15691.98";"-13.49";"12779.56";"OOS1";"TrailingStop";"-13.95";"20.96";"7h 5m";""
"60";"NAS100_DukasM1_Infinox";"Buy";"2021.11.02 16:00:00";"15969.72";"0.42";"2021.11.04 16:02:00";"16263.62";"120.27";"12899.83";"OOS1";"PT";"-26.46";"123.44";"2d 0h 2m";""
"61";"NAS100_DukasM1_Infinox";"Buy";"2021.11.18 19:00:00";"16459.30";"0.34";"2021.11.19 20:40:00";"16538.75";"25.69";"12925.52";"OOS1";"TrailingStop";"-16.84";"57.77";"1d 1h 40m";""
"62";"NAS100_DukasM1_Infinox";"Buy";"2021.11.22 03:00:00";"16615.73";"0.34";"2021.11.22 18:11:00";"16654.77";"13.27";"12938.79";"OOS1";"TrailingStop";"-3.16";"52.04";"15h 11m";""
"63";"NAS100_DukasM1_Infinox";"Buy";"2021.12.21 20:00:00";"15874.10";"0.18";"2021.12.27 20:59:00";"16551.71";"117.92";"13056.71";"OOS1";"PT";"-3.83";"121.97";"6d 0h 59m";""
"64";"NAS100_DukasM1_Infinox";"Buy";"2022.01.11 19:00:00";"15830.90";"0.15";"2022.01.12 18:05:00";"15844.13";"1.42";"13058.14";"OOS1";"TrailingStop";"-13.69";"28.15";"23h 5m";""
"1";"NAS100_DukasM1_Infinox";"Buy";"2022.01.26 12:00:00";"14419.02";"0.14";"2022.01.26 21:36:00";"14386.57";"-4.54";"13053.59";"OOS1";"TrailingStop";"-10.13";"32.95";"9h 36m";""
"2";"NAS100_DukasM1_Infinox";"Buy";"2022.01.27 17:00:00";"14372.09";"0.13";"2022.02.01 16:41:00";"14866.30";"62.04";"13115.64";"OOS1";"TrailingStop";"-68.81";"79.17";"4d 23h 41m";""
"3";"NAS100_DukasM1_Infinox";"Buy";"2022.02.01 23:00:00";"15007.65";"0.2";"2022.02.02 16:00:00";"15181.06";"33.97";"13149.61";"OOS1";"TrailingStop";"-1.20";"53.73";"17h 0m";""
"4";"NAS100_DukasM1_Infinox";"Buy";"2022.02.09 18:00:00";"14961.52";"0.29";"2022.02.10 11:01:00";"14976.25";"3.25";"13152.86";"OOS1";"TrailingStop";"-11.39";"31.49";"17h 1m";""
"5";"NAS100_DukasM1_Infinox";"Buy";"2022.02.15 11:00:00";"14480.41";"0.2";"2022.02.15 19:48:00";"14446.20";"-6.84";"13146.01";"OOS1";"TrailingStop";"-6.84";"20.54";"8h 48m";""
"6";"NAS100_DukasM1_Infinox";"Buy";"2022.02.16 09:00:00";"14587.92";"0.29";"2022.02.16 15:49:00";"14556.87";"-9.00";"13137.01";"OOS1";"TrailingStop";"-9.00";"24.85";"6h 49m";""
"7";"NAS100_DukasM1_Infinox";"Buy";"2022.02.25 19:00:00";"14171.29";"0.14";"2022.02.28 01:05:00";"14025.35";"-21.84";"13115.17";"OOS1";"TrailingStop";"-67.07";"4.48";"2d 6h 5m";""
"8";"NAS100_DukasM1_Infinox";"Buy";"2022.02.28 17:00:00";"14153.21";"0.16";"2022.02.28 19:40:00";"14109.41";"-7.01";"13108.17";"OOS1";"TrailingStop";"-17.86";"23.25";"2h 40m";""
"9";"NAS100_DukasM1_Infinox";"Buy";"2022.03.02 19:00:00";"14171.30";"0.18";"2022.03.03 16:49:00";"14241.57";"12.05";"13120.21";"OOS1";"TrailingStop";"-2.96";"40.09";"21h 49m";""
"10";"NAS100_DukasM1_Infinox";"Buy";"2022.03.08 20:00:00";"13592.59";"0.14";"2022.03.10 10:28:00";"13614.82";"2.21";"13122.43";"OOS1";"TrailingStop";"-55.76";"28.66";"1d 14h 28m";""
"11";"NAS100_DukasM1_Infinox";"Buy";"2022.03.11 14:00:00";"13819.19";"0.21";"2022.03.11 22:31:00";"13358.15";"-96.82";"13025.61";"OOS1";"SL";"-96.82";"2.15";"8h 31m";""
"12";"NAS100_DukasM1_Infinox";"Buy";"2022.03.16 22:00:00";"13958.81";"0.18";"2022.03.17 11:20:00";"13895.35";"-12.02";"13013.59";"OOS1";"TrailingStop";"-11.42";"11.48";"13h 20m";""
"13";"NAS100_DukasM1_Infinox";"Buy";"2022.03.17 20:00:00";"14075.48";"0.19";"2022.03.18 02:43:00";"14000.09";"-14.96";"12998.64";"OOS1";"TrailingStop";"-14.32";"11.50";"6h 43m";""
"14";"NAS100_DukasM1_Infinox";"Buy";"2022.03.18 09:00:00";"14028.11";"0.25";"2022.03.21 07:33:00";"14323.81";"71.44";"13070.08";"OOS1";"TrailingStop";"-11.95";"103.06";"2d 22h 33m";""
"15";"NAS100_DukasM1_Infinox";"Buy";"2022.03.22 17:00:00";"14616.39";"0.27";"2022.03.23 11:37:00";"14597.00";"-6.17";"13063.91";"OOS1";"TrailingStop";"-11.60";"20.40";"18h 37m";""
"16";"NAS100_DukasM1_Infinox";"Buy";"2022.03.24 18:00:00";"14640.81";"0.3";"2022.03.25 10:09:00";"14733.77";"26.85";"13090.76";"OOS1";"TrailingStop";"-16.09";"52.83";"16h 9m";""
"17";"NAS100_DukasM1_Infinox";"Buy";"2022.03.28 17:00:00";"14889.57";"0.29";"2022.03.29 17:08:00";"15084.73";"55.58";"13146.34";"OOS1";"TrailingStop";"-54.80";"95.16";"1d 0h 8m";""
"18";"NAS100_DukasM1_Infinox";"Buy";"2022.03.29 21:00:00";"15184.91";"0.26";"2022.03.30 10:19:00";"15167.96";"-5.34";"13141.00";"OOS1";"TrailingStop";"-8.02";"20.83";"13h 19m";""
"19";"NAS100_DukasM1_Infinox";"Buy";"2022.03.30 13:00:00";"15178.03";"0.35";"2022.03.30 18:08:00";"15116.33";"-21.60";"13119.40";"OOS1";"TrailingStop";"-21.59";"18.36";"5h 8m";""
"20";"NAS100_DukasM1_Infinox";"Buy";"2022.04.04 17:00:00";"15046.01";"0.34";"2022.04.05 12:45:00";"15125.23";"25.73";"13145.13";"OOS1";"TrailingStop";"-14.31";"48.59";"19h 45m";""
"21";"NAS100_DukasM1_Infinox";"Buy";"2022.04.21 17:00:00";"14202.82";"0.28";"2022.04.21 20:17:00";"13853.99";"-97.67";"13047.46";"OOS1";"SL";"-97.67";"3.29";"3h 17m";""
"22";"NAS100_DukasM1_Infinox";"Buy";"2022.04.28 20:00:00";"13357.62";"0.17";"2022.04.28 23:01:00";"13357.63";"-0.53";"13046.92";"OOS1";"TrailingStop";"-2.69";"31.19";"3h 1m";""
"23";"NAS100_DukasM1_Infinox";"Buy";"2022.04.29 08:00:00";"13348.68";"0.19";"2022.04.29 14:50:00";"13252.92";"-18.19";"13028.73";"OOS1";"TrailingStop";"-18.19";"13.34";"6h 50m";""
"24";"NAS100_DukasM1_Infinox";"Buy";"2022.05.04 22:00:00";"13340.59";"0.2";"2022.05.05 10:16:00";"13444.47";"20.15";"13048.88";"OOS1";"TrailingStop";"-5.98";"43.06";"12h 16m";""
"25";"NAS100_DukasM1_Infinox";"Buy";"2022.05.17 12:00:00";"12494.90";"0.23";"2022.05.17 17:09:00";"12427.03";"-15.61";"13033.26";"OOS1";"TrailingStop";"-15.61";"10.31";"5h 9m";""
"26";"NAS100_DukasM1_Infinox";"Buy";"2022.05.25 22:00:00";"11964.76";"0.2";"2022.05.26 06:10:00";"11866.06";"-20.31";"13012.96";"OOS1";"TrailingStop";"-19.74";"12.49";"8h 10m";""
"27";"NAS100_DukasM1_Infinox";"Buy";"2022.05.26 11:00:00";"11972.23";"0.24";"2022.05.27 16:39:00";"12494.00";"124.55";"13137.51";"OOS1";"PT";"-25.51";"125.22";"1d 5h 39m";""
"28";"NAS100_DukasM1_Infinox";"Buy";"2022.06.01 17:00:00";"12805.75";"0.26";"2022.06.03 10:35:00";"12824.87";"3.40";"13140.91";"OOS1";"TrailingStop";"-94.94";"35.35";"1d 17h 35m";""
"29";"NAS100_DukasM1_Infinox";"Buy";"2022.06.06 18:00:00";"12779.60";"0.31";"2022.06.07 08:29:00";"12465.81";"-98.21";"13042.69";"OOS1";"SL";"-97.27";"3.53";"14h 29m";""
"30";"NAS100_DukasM1_Infinox";"Buy";"2022.06.20 02:00:00";"11384.05";"0.2";"2022.06.20 04:30:00";"11278.97";"-21.02";"13021.68";"OOS1";"TrailingStop";"-21.02";"3.20";"2h 30m";""
"31";"NAS100_DukasM1_Infinox";"Buy";"2022.06.22 17:00:00";"11556.06";"0.3";"2022.06.22 18:51:00";"11572.75";"5.01";"13026.69";"OOS1";"TrailingStop";"-10.63";"45.79";"1h 51m";""
"32";"NAS100_DukasM1_Infinox";"Buy";"2022.06.23 04:00:00";"11550.54";"0.25";"2022.06.23 16:35:00";"11565.09";"3.64";"13030.32";"OOS1";"TrailingStop";"-25.46";"29.19";"12h 35m";""
"33";"NAS100_DukasM1_Infinox";"Buy";"2022.06.24 04:00:00";"11695.57";"0.25";"2022.06.27 05:33:00";"12185.74";"120.47";"13150.79";"OOS1";"PT";"-2.19";"122.54";"3d 1h 33m";""
"34";"NAS100_DukasM1_Infinox";"Buy";"2022.07.05 02:00:00";"11621.90";"0.33";"2022.07.05 11:09:00";"11591.16";"-10.14";"13140.65";"OOS1";"TrailingStop";"-10.14";"30.84";"9h 9m";""
"35";"NAS100_DukasM1_Infinox";"Buy";"2022.07.06 22:00:00";"11909.09";"0.24";"2022.07.08 09:35:00";"12030.88";"27.88";"13168.53";"OOS1";"TrailingStop";"-24.91";"54.84";"1d 11h 35m";""
"36";"NAS100_DukasM1_Infinox";"Buy";"2022.07.08 18:00:00";"12120.45";"0.3";"2022.07.08 19:27:00";"12079.65";"-12.24";"13156.29";"OOS1";"TrailingStop";"-12.24";"18.64";"1h 27m";""
"37";"NAS100_DukasM1_Infinox";"Buy";"2022.07.15 18:00:00";"11917.79";"0.26";"2022.07.18 15:47:00";"12073.76";"38.36";"13194.65";"OOS1";"TrailingStop";"-4.74";"60.48";"2d 21h 47m";""
"38";"NAS100_DukasM1_Infinox";"Buy";"2022.07.18 19:00:00";"12153.38";"0.34";"2022.07.18 22:38:00";"11864.11";"-98.35";"13096.30";"OOS1";"SL";"-98.35";"0.48";"3h 38m";""
"39";"NAS100_DukasM1_Infinox";"Buy";"2022.07.19 17:00:00";"12038.68";"0.35";"2022.07.20 10:41:00";"12251.58";"73.52";"13169.82";"OOS1";"TrailingStop";"-19.37";"100.60";"17h 41m";""
"40";"NAS100_DukasM1_Infinox";"Buy";"2022.07.20 18:00:00";"12456.84";"0.32";"2022.07.20 19:46:00";"12391.14";"-21.02";"13148.79";"OOS1";"TrailingStop";"-21.02";"10.33";"1h 46m";""
"41";"NAS100_DukasM1_Infinox";"Buy";"2022.07.21 20:00:00";"12580.41";"0.27";"2022.07.22 01:05:00";"12531.67";"-13.96";"13134.83";"OOS1";"TrailingStop";"-16.84";"12.74";"5h 5m";""
"42";"NAS100_DukasM1_Infinox";"Buy";"2022.07.22 05:00:00";"12530.68";"0.31";"2022.07.22 17:05:00";"12521.60";"-2.81";"13132.02";"OOS1";"TrailingStop";"-11.14";"43.16";"12h 5m";""
"43";"NAS100_DukasM1_Infinox";"Buy";"2022.07.27 17:00:00";"12361.80";"0.37";"2022.07.28 10:55:00";"12511.31";"54.24";"13186.25";"OOS1";"TrailingStop";"-5.48";"112.12";"17h 55m";""
"44";"NAS100_DukasM1_Infinox";"Buy";"2022.07.28 19:00:00";"12645.01";"0.28";"2022.07.29 11:50:00";"12833.80";"52.03";"13238.28";"OOS1";"TrailingStop";"-11.91";"75.88";"16h 50m";""
"45";"NAS100_DukasM1_Infinox";"Buy";"2022.07.29 22:00:00";"12940.34";"0.3";"2022.08.01 15:53:00";"12886.20";"-18.99";"13219.29";"OOS1";"TrailingStop";"-17.76";"14.06";"2d 17h 53m";""
"46";"NAS100_DukasM1_Infinox";"Buy";"2022.08.01 17:00:00";"12971.21";"0.35";"2022.08.01 19:13:00";"12992.81";"7.56";"13226.85";"OOS1";"TrailingStop";"-9.10";"40.21";"2h 13m";""
"47";"NAS100_DukasM1_Infinox";"Buy";"2022.08.02 18:00:00";"12949.90";"0.32";"2022.08.02 20:28:00";"12972.34";"7.18";"13234.03";"OOS1";"TrailingStop";"-15.47";"40.51";"2h 28m";""
"48";"NAS100_DukasM1_Infinox";"Buy";"2022.08.05 05:00:00";"13349.89";"0.37";"2022.08.05 18:29:00";"13081.19";"-99.42";"13134.61";"OOS1";"SL";"-99.42";"4.08";"13h 29m";""
"49";"NAS100_DukasM1_Infinox";"Buy";"2022.08.08 17:00:00";"13374.62";"0.34";"2022.08.09 13:32:00";"13082.19";"-100.50";"13034.11";"OOS1";"SL";"-99.43";"8.40";"20h 32m";""
"50";"NAS100_DukasM1_Infinox";"Buy";"2022.08.10 16:00:00";"13305.16";"0.32";"2022.08.11 11:50:00";"13377.59";"22.17";"13056.28";"OOS1";"TrailingStop";"-28.93";"48.14";"19h 50m";""
"51";"NAS100_DukasM1_Infinox";"Buy";"2022.08.12 17:00:00";"13405.02";"0.42";"2022.08.15 10:15:00";"13496.51";"34.44";"13090.72";"OOS1";"TrailingStop";"-25.88";"65.46";"2d 17h 15m";""
"52";"NAS100_DukasM1_Infinox";"Buy";"2022.08.15 19:00:00";"13635.61";"0.39";"2022.08.16 10:13:00";"13606.13";"-12.75";"13077.97";"OOS1";"TrailingStop";"-11.50";"19.65";"15h 13m";""
"53";"NAS100_DukasM1_Infinox";"Buy";"2022.08.16 21:00:00";"13684.21";"0.4";"2022.08.17 17:36:00";"13436.29";"-100.46";"12977.51";"OOS1";"SL";"-99.17";"15.83";"20h 36m";""
"54";"NAS100_DukasM1_Infinox";"Buy";"2022.08.25 23:00:00";"13147.07";"0.34";"2022.08.26 18:02:00";"12854.82";"-100.42";"12877.09";"OOS1";"SL";"-99.36";"20.00";"19h 2m";""
"55";"NAS100_DukasM1_Infinox";"Buy";"2022.09.02 19:00:00";"12410.62";"0.26";"2022.09.06 16:54:00";"12027.47";"-102.67";"12774.42";"OOS1";"SL";"-99.62";"1.40";"3d 21h 54m";""
"56";"NAS100_DukasM1_Infinox";"Buy";"2022.09.08 18:00:00";"12339.83";"0.29";"2022.09.12 15:29:00";"12616.97";"76.99";"12851.41";"OOS1";"TrailingStop";"-59.37";"102.24";"3d 21h 29m";""
"57";"NAS100_DukasM1_Infinox";"Buy";"2022.09.12 20:00:00";"12713.12";"0.33";"2022.09.13 15:30:00";"12775.61";"19.63";"12871.04";"OOS1";"TrailingStop";"-11.37";"50.84";"19h 30m";""
"58";"NAS100_DukasM1_Infinox";"Buy";"2022.09.21 21:00:00";"11962.44";"0.35";"2022.09.21 22:10:00";"11912.30";"-17.55";"12853.49";"OOS1";"TrailingStop";"-93.60";"36.57";"1h 10m";""
"59";"NAS100_DukasM1_Infinox";"Buy";"2022.10.05 14:00:00";"11503.41";"0.37";"2022.10.06 09:59:00";"11573.43";"24.90";"12878.39";"OOS1";"TrailingStop";"-73.37";"60.89";"19h 59m";""
"60";"NAS100_DukasM1_Infinox";"Buy";"2022.10.13 19:00:00";"10958.44";"0.18";"2022.10.14 11:21:00";"10997.60";"6.58";"12884.98";"OOS1";"TrailingStop";"-16.48";"31.04";"16h 21m";""
"61";"NAS100_DukasM1_Infinox";"Buy";"2022.10.17 17:00:00";"11028.15";"0.24";"2022.10.18 12:03:00";"11189.48";"38.09";"12923.07";"OOS1";"TrailingStop";"-14.13";"67.38";"19h 3m";""
"62";"NAS100_DukasM1_Infinox";"Buy";"2022.10.19 05:00:00";"11312.97";"0.23";"2022.10.24 06:11:00";"11328.23";"0.44";"12923.51";"OOS1";"TrailingStop";"-97.62";"38.44";"5d 1h 11m";""
"63";"NAS100_DukasM1_Infinox";"Buy";"2022.10.24 22:00:00";"11436.04";"0.22";"2022.10.25 23:01:00";"11585.50";"31.69";"12955.20";"OOS1";"TrailingStop";"-11.19";"54.75";"1d 1h 1m";""
"64";"NAS100_DukasM1_Infinox";"Buy";"2022.10.26 18:00:00";"11560.04";"0.29";"2022.10.26 19:55:00";"11535.12";"-7.23";"12947.98";"OOS1";"TrailingStop";"-7.23";"27.91";"1h 55m";""
"65";"NAS100_DukasM1_Infinox";"Buy";"2022.11.01 13:00:00";"11543.16";"0.4";"2022.11.01 15:45:00";"11502.61";"-16.22";"12931.76";"OOS1";"TrailingStop";"-16.22";"14.26";"2h 45m";""
"66";"NAS100_DukasM1_Infinox";"Buy";"2022.11.07 22:00:00";"10963.59";"0.25";"2022.11.08 10:01:00";"10931.87";"-8.58";"12923.18";"OOS1";"TrailingStop";"-7.93";"15.59";"12h 1m";""
"67";"NAS100_DukasM1_Infinox";"Buy";"2022.11.08 18:00:00";"11093.23";"0.32";"2022.11.08 20:26:00";"11085.19";"-2.57";"12920.61";"OOS1";"TrailingStop";"-6.18";"32.35";"2h 26m";""
"68";"NAS100_DukasM1_Infinox";"Buy";"2022.11.09 02:00:00";"11087.68";"0.26";"2022.11.09 11:57:00";"11001.07";"-22.52";"12898.09";"OOS1";"TrailingStop";"-22.52";"9.42";"9h 57m";""
"69";"NAS100_DukasM1_Infinox";"Buy";"2022.11.10 16:00:00";"11271.94";"0.25";"2022.11.11 14:12:00";"11646.50";"92.97";"12991.06";"OOS1";"TrailingStop";"-9.03";"117.39";"22h 12m";""
"70";"NAS100_DukasM1_Infinox";"Buy";"2022.11.11 21:00:00";"11810.59";"0.23";"2022.11.14 07:28:00";"11738.87";"-18.42";"12972.64";"OOS1";"TrailingStop";"-18.47";"7.13";"2d 10h 28m";""
"71";"NAS100_DukasM1_Infinox";"Buy";"2022.11.14 09:00:00";"11750.88";"0.3";"2022.11.14 16:37:00";"11690.95";"-17.98";"12954.66";"OOS1";"TrailingStop";"-17.98";"7.12";"7h 37m";""
"72";"NAS100_DukasM1_Infinox";"Buy";"2022.11.15 08:00:00";"11785.67";"0.36";"2022.11.15 16:41:00";"11970.31";"66.47";"13021.13";"OOS1";"TrailingStop";"-1.43";"107.72";"8h 41m";""
"73";"NAS100_DukasM1_Infinox";"Buy";"2022.11.18 16:00:00";"11796.95";"0.36";"2022.11.21 19:58:00";"11521.69";"-102.10";"12919.03";"OOS1";"SL";"-99.09";"2.77";"3d 3h 58m";""
"74";"NAS100_DukasM1_Infinox";"Buy";"2022.11.23 21:00:00";"11787.56";"0.37";"2022.11.25 10:41:00";"11857.10";"23.67";"12942.70";"OOS1";"TrailingStop";"-11.82";"43.60";"1d 13h 41m";""
"75";"NAS100_DukasM1_Infinox";"Buy";"2022.11.30 21:00:00";"11734.41";"0.36";"2022.12.01 11:11:00";"11978.66";"86.93";"13029.63";"OOS1";"TrailingStop";"-1.04";"116.60";"14h 11m";""
"76";"NAS100_DukasM1_Infinox";"Buy";"2022.12.14 18:00:00";"11906.42";"0.33";"2022.12.14 21:00:00";"11852.16";"-17.91";"13011.73";"OOS1";"TrailingStop";"-17.91";"12.10";"3h 0m";""
"77";"NAS100_DukasM1_Infinox";"Buy";"2022.12.21 18:00:00";"11250.45";"0.37";"2022.12.22 12:35:00";"11217.30";"-13.25";"12998.48";"OOS1";"TrailingStop";"-18.27";"13.67";"18h 35m";""
"78";"NAS100_DukasM1_Infinox";"Buy";"2022.12.29 17:00:00";"10873.02";"0.44";"2022.12.30 07:48:00";"10910.80";"15.49";"13013.97";"OOS1";"TrailingStop";"-8.92";"48.57";"14h 48m";""
"79";"NAS100_DukasM1_Infinox";"Buy";"2023.01.03 06:00:00";"10949.15";"0.37";"2023.01.03 13:43:00";"11018.27";"25.57";"13039.55";"OOS1";"TrailingStop";"-5.16";"50.01";"7h 43m";""
"80";"NAS100_DukasM1_Infinox";"Buy";"2023.01.06 18:00:00";"10909.80";"0.28";"2023.01.09 20:43:00";"11219.39";"84.52";"13124.07";"OOS1";"TrailingStop";"-5.02";"111.22";"3d 2h 43m";""
"81";"NAS100_DukasM1_Infinox";"Buy";"2023.01.10 13:00:00";"11120.46";"0.41";"2023.01.10 17:44:00";"11067.25";"-21.82";"13102.25";"OOS1";"TrailingStop";"-42.96";"34.78";"4h 44m";""
"82";"NAS100_DukasM1_Infinox";"Buy";"2023.01.11 19:00:00";"11303.99";"0.41";"2023.01.12 15:29:00";"11374.53";"27.83";"13130.08";"OOS1";"TrailingStop";"-1.15";"65.36";"20h 29m";""
"83";"NAS100_DukasM1_Infinox";"Buy";"2023.01.12 21:00:00";"11494.56";"0.27";"2023.01.16 10:09:00";"11499.50";"-1.60";"13128.48";"OOS1";"TrailingStop";"-48.17";"20.16";"3d 13h 9m";""
"84";"NAS100_DukasM1_Infinox";"Buy";"2023.01.17 17:00:00";"11549.11";"0.53";"2023.01.18 01:32:00";"11524.90";"-14.28";"13114.21";"OOS1";"TrailingStop";"-32.76";"36.13";"8h 32m";""
"85";"NAS100_DukasM1_Infinox";"Buy";"2023.01.26 21:00:00";"11972.31";"0.33";"2023.01.27 05:54:00";"11974.79";"-0.11";"13114.09";"OOS1";"TrailingStop";"-5.13";"27.91";"8h 54m";""
"86";"NAS100_DukasM1_Infinox";"Buy";"2023.02.01 22:00:00";"12290.38";"0.33";"2023.02.02 16:30:00";"12669.86";"124.27";"13238.36";"OOS1";"PT";"-0.60";"125.23";"18h 30m";""
"87";"NAS100_DukasM1_Infinox";"Buy";"2023.02.03 03:00:00";"12619.50";"0.21";"2023.02.03 15:30:00";"12593.99";"-5.36";"13233.01";"OOS1";"TrailingStop";"-19.41";"18.23";"12h 30m";""
"88";"NAS100_DukasM1_Infinox";"Buy";"2023.02.07 22:00:00";"12654.11";"0.23";"2023.02.08 10:35:00";"12671.07";"3.21";"13236.22";"OOS1";"TrailingStop";"-9.27";"27.03";"12h 35m";""
"89";"NAS100_DukasM1_Infinox";"Buy";"2023.02.15 19:00:00";"12606.48";"0.31";"2023.02.16 12:07:00";"12676.95";"20.92";"13257.14";"OOS1";"TrailingStop";"-12.98";"43.78";"17h 7m";""
"90";"NAS100_DukasM1_Infinox";"Buy";"2023.03.14 16:00:00";"12124.67";"0.24";"2023.03.14 19:16:00";"12096.00";"-6.88";"13250.26";"OOS1";"TrailingStop";"-6.88";"22.57";"3h 16m";""
"91";"NAS100_DukasM1_Infinox";"Buy";"2023.03.15 21:00:00";"12248.11";"0.22";"2023.03.16 14:42:00";"12228.17";"-5.02";"13245.24";"OOS1";"TrailingStop";"-17.46";"17.84";"17h 42m";""
"92";"NAS100_DukasM1_Infinox";"Buy";"2023.03.21 21:00:00";"12710.40";"0.34";"2023.03.22 10:04:00";"12695.72";"-6.01";"13239.23";"OOS1";"TrailingStop";"-4.99";"18.98";"13h 4m";""
"93";"NAS100_DukasM1_Infinox";"Buy";"2023.03.22 20:00:00";"12792.69";"0.44";"2023.03.22 21:59:00";"12567.46";"-99.10";"13140.13";"OOS1";"SL";"-99.10";"68.61";"1h 59m";""
"94";"NAS100_DukasM1_Infinox";"Buy";"2023.03.23 17:00:00";"12869.20";"0.35";"2023.03.28 16:36:00";"12589.18";"-103.32";"13036.80";"OOS1";"SL";"-98.01";"11.55";"4d 23h 36m";""
"95";"NAS100_DukasM1_Infinox";"Buy";"2023.03.29 19:00:00";"12797.98";"0.46";"2023.03.30 17:12:00";"12914.84";"52.37";"13089.17";"OOS1";"TrailingStop";"-13.68";"79.91";"22h 12m";""
"96";"NAS100_DukasM1_Infinox";"Buy";"2023.03.30 22:00:00";"12946.42";"0.48";"2023.03.31 10:06:00";"12965.18";"7.54";"13096.70";"OOS1";"TrailingStop";"-5.83";"33.15";"12h 6m";""
"97";"NAS100_DukasM1_Infinox";"Buy";"2023.04.03 23:00:00";"13152.62";"0.48";"2023.04.04 15:45:00";"13177.05";"10.24";"13106.94";"OOS1";"TrailingStop";"-23.92";"34.74";"16h 45m";""
"98";"NAS100_DukasM1_Infinox";"Buy";"2023.04.18 12:00:00";"13143.08";"0.58";"2023.04.18 16:58:00";"13145.26";"1.26";"13108.20";"OOS1";"TrailingStop";"-4.04";"31.80";"4h 58m";""
"99";"NAS100_DukasM1_Infinox";"Buy";"2023.04.27 18:00:00";"13011.19";"0.46";"2023.04.28 10:17:00";"13103.67";"41.13";"13149.33";"OOS1";"TrailingStop";"-2.21";"111.48";"16h 17m";""
"100";"NAS100_DukasM1_Infinox";"Buy";"2023.04.28 19:00:00";"13179.80";"0.42";"2023.05.01 11:11:00";"13229.23";"16.84";"13166.17";"OOS1";"TrailingStop";"-8.81";"45.78";"2d 16h 11m";""
"101";"NAS100_DukasM1_Infinox";"Buy";"2023.05.08 21:00:00";"13283.66";"0.59";"2023.05.09 10:02:00";"13254.26";"-19.20";"13146.97";"OOS1";"TrailingStop";"-34.17";"12.13";"13h 2m";""
"102";"NAS100_DukasM1_Infinox";"Buy";"2023.05.10 16:00:00";"13323.32";"0.6";"2023.05.11 14:20:00";"13346.24";"11.86";"13158.84";"OOS1";"TrailingStop";"-72.57";"46.67";"22h 20m";""
"103";"NAS100_DukasM1_Infinox";"Buy";"2023.05.11 22:00:00";"13409.14";"0.46";"2023.05.11 23:14:00";"13385.39";"-10.93";"13147.91";"OOS1";"EndTest";"-16.30";"0.90";"1h 14m";""
"1";"NAS100_DukasM1_Infinox";"Buy";"2023.05.22 17:00:00";"13876.36";"0.44";"2023.05.23 10:01:00";"13856.98";"-9.97";"13137.95";"OOS1";"TrailingStop";"-30.24";"20.43";"17h 1m";""
"2";"NAS100_DukasM1_Infinox";"Buy";"2023.05.25 02:00:00";"13784.01";"0.27";"2023.05.25 16:32:00";"13855.70";"19.36";"13157.30";"OOS1";"TrailingStop";"-2.72";"38.38";"14h 32m";""
"3";"NAS100_DukasM1_Infinox";"Buy";"2023.05.26 10:00:00";"13944.37";"0.34";"2023.05.29 15:56:00";"14327.16";"126.79";"13284.09";"OOS1";"TrailingStop";"-14.06";"156.92";"3d 5h 56m";""
"4";"NAS100_DukasM1_Infinox";"Buy";"2023.05.30 12:00:00";"14434.34";"0.48";"2023.05.30 16:32:00";"14447.07";"6.11";"13290.20";"OOS1";"TrailingStop";"-2.55";"45.87";"4h 32m";""
"5";"NAS100_DukasM1_Infinox";"Buy";"2023.06.02 18:00:00";"14558.12";"0.3";"2023.06.05 02:30:00";"14496.31";"-21.64";"13268.57";"OOS1";"TrailingStop";"-18.54";"5.86";"2d 8h 30m";""
"6";"NAS100_DukasM1_Infinox";"Buy";"2023.06.12 19:00:00";"14657.21";"0.36";"2023.06.13 13:49:00";"14824.36";"58.93";"13327.49";"OOS1";"TrailingStop";"-7.60";"82.37";"18h 49m";""
"7";"NAS100_DukasM1_Infinox";"Buy";"2023.06.14 02:00:00";"14920.84";"0.29";"2023.06.14 16:08:00";"14888.29";"-9.44";"13318.05";"OOS1";"TrailingStop";"-10.92";"9.15";"14h 8m";""
"8";"NAS100_DukasM1_Infinox";"Buy";"2023.06.15 18:00:00";"15069.10";"0.28";"2023.06.16 03:09:00";"15159.72";"24.38";"13342.43";"OOS1";"TrailingStop";"-4.62";"51.56";"9h 9m";""
"9";"NAS100_DukasM1_Infinox";"Buy";"2023.06.30 16:00:00";"15078.50";"0.39";"2023.07.03 14:55:00";"15173.48";"32.88";"13375.31";"OOS1";"TrailingStop";"-1.05";"58.72";"2d 22h 55m";""
"10";"NAS100_DukasM1_Infinox";"Buy";"2023.07.12 21:00:00";"15315.85";"0.29";"2023.07.14 17:50:00";"15625.50";"87.70";"13463.01";"OOS1";"TrailingStop";"-10.17";"118.16";"1d 20h 50m";""
"11";"NAS100_DukasM1_Infinox";"Buy";"2023.07.18 19:00:00";"15752.82";"0.39";"2023.07.18 23:10:00";"15817.32";"23.70";"13486.71";"OOS1";"TrailingStop";"-6.48";"56.53";"4h 10m";""
"12";"NAS100_DukasM1_Infinox";"Buy";"2023.07.19 19:00:00";"15898.58";"0.41";"2023.07.20 17:20:00";"15657.40";"-100.42";"13386.29";"OOS1";"SL";"-98.88";"14.20";"22h 20m";""
"13";"NAS100_DukasM1_Infinox";"Buy";"2023.07.28 17:00:00";"15692.01";"0.26";"2023.07.28 20:34:00";"15711.21";"4.99";"13391.28";"OOS1";"TrailingStop";"-2.65";"25.35";"3h 34m";""
"14";"NAS100_DukasM1_Infinox";"Buy";"2023.08.10 17:00:00";"15352.97";"0.29";"2023.08.11 16:28:00";"15008.43";"-100.97";"13290.32";"OOS1";"SL";"-99.92";"4.55";"23h 28m";""
"15";"NAS100_DukasM1_Infinox";"Buy";"2023.08.14 23:00:00";"15205.65";"0.24";"2023.08.15 10:22:00";"15186.08";"-5.56";"13284.76";"OOS1";"TrailingStop";"-4.70";"14.27";"11h 22m";""
"16";"NAS100_DukasM1_Infinox";"Buy";"2023.08.21 20:00:00";"14850.20";"0.26";"2023.08.22 16:37:00";"14987.76";"34.85";"13319.61";"OOS1";"TrailingStop";"-4.60";"55.59";"20h 37m";""
"17";"NAS100_DukasM1_Infinox";"Buy";"2023.08.23 17:00:00";"15043.12";"0.31";"2023.08.24 15:16:00";"15282.41";"73.08";"13392.69";"OOS1";"TrailingStop";"-3.94";"99.50";"22h 16m";""
"18";"NAS100_DukasM1_Infinox";"Buy";"2023.08.29 17:00:00";"15119.47";"0.3";"2023.08.30 10:18:00";"15355.47";"69.73";"13462.42";"OOS1";"TrailingStop";"-1.07";"92.05";"17h 18m";""
"19";"NAS100_DukasM1_Infinox";"Buy";"2023.08.30 18:00:00";"15435.72";"0.3";"2023.08.31 12:12:00";"15424.80";"-4.37";"13458.05";"OOS1";"TrailingStop";"-12.41";"16.40";"18h 12m";""
"20";"NAS100_DukasM1_Infinox";"Buy";"2023.08.31 21:00:00";"15528.19";"0.31";"2023.09.01 16:36:00";"15554.14";"6.91";"13464.96";"OOS1";"TrailingStop";"-18.16";"31.14";"19h 36m";""
"21";"NAS100_DukasM1_Infinox";"Buy";"2023.09.11 21:00:00";"15456.91";"0.32";"2023.09.12 11:01:00";"15412.33";"-15.43";"13449.52";"OOS1";"TrailingStop";"-14.27";"8.38";"14h 1m";""
"22";"NAS100_DukasM1_Infinox";"Buy";"2023.09.28 19:00:00";"14756.55";"0.24";"2023.09.29 18:29:00";"14808.27";"11.58";"13461.10";"OOS1";"TrailingStop";"-23.71";"35.84";"23h 29m";""
"23";"NAS100_DukasM1_Infinox";"Buy";"2023.10.04 19:00:00";"14748.64";"0.22";"2023.10.05 12:00:00";"14720.45";"-6.97";"13454.13";"OOS1";"TrailingStop";"-20.40";"12.84";"17h 0m";""
"24";"NAS100_DukasM1_Infinox";"Buy";"2023.10.06 19:00:00";"14910.11";"0.2";"2023.10.09 01:05:00";"14902.05";"-3.72";"13450.41";"OOS1";"TrailingStop";"-7.64";"22.26";"2d 6h 5m";""
"25";"NAS100_DukasM1_Infinox";"Buy";"2023.10.11 18:00:00";"15223.03";"0.36";"2023.10.12 15:30:00";"15266.40";"14.32";"13464.73";"OOS1";"TrailingStop";"-38.32";"33.51";"21h 30m";""
"26";"NAS100_DukasM1_Infinox";"Buy";"2023.10.31 20:00:00";"14397.53";"0.26";"2023.11.01 10:47:00";"14353.53";"-12.32";"13452.40";"OOS1";"TrailingStop";"-11.44";"6.08";"14h 47m";""
"27";"NAS100_DukasM1_Infinox";"Buy";"2023.11.02 20:00:00";"14916.91";"0.3";"2023.11.03 11:04:00";"14857.30";"-18.94";"13433.46";"OOS1";"TrailingStop";"-18.12";"3.89";"15h 4m";""
"28";"NAS100_DukasM1_Infinox";"Buy";"2023.11.03 14:00:00";"14896.39";"0.45";"2023.11.03 16:26:00";"14992.46";"43.23";"13476.70";"OOS1";"TrailingStop";"-10.89";"84.14";"2h 26m";""
"29";"NAS100_DukasM1_Infinox";"Buy";"2023.11.06 19:00:00";"15149.50";"0.4";"2023.11.07 13:38:00";"15103.22";"-19.94";"13456.75";"OOS1";"TrailingStop";"-35.10";"4.13";"18h 38m";""
"30";"NAS100_DukasM1_Infinox";"Buy";"2023.11.13 19:00:00";"15507.53";"0.37";"2023.11.14 15:30:00";"15491.83";"-7.16";"13449.59";"OOS1";"TrailingStop";"-12.87";"13.05";"20h 30m";""
"31";"NAS100_DukasM1_Infinox";"Buy";"2023.11.20 17:00:00";"15938.52";"0.42";"2023.11.21 13:38:00";"16010.87";"28.81";"13478.40";"OOS1";"TrailingStop";"-24.84";"52.70";"20h 38m";""
"32";"NAS100_DukasM1_Infinox";"Buy";"2023.12.07 18:00:00";"15977.94";"0.33";"2023.12.08 14:03:00";"15967.90";"-4.56";"13473.84";"OOS1";"TrailingStop";"-22.51";"21.93";"20h 3m";""
"33";"NAS100_DukasM1_Infinox";"Buy";"2023.12.08 18:00:00";"16091.61";"0.33";"2023.12.11 13:23:00";"16032.19";"-23.37";"13450.47";"OOS1";"TrailingStop";"-38.87";"3.20";"2d 19h 23m";""
"34";"NAS100_DukasM1_Infinox";"Buy";"2023.12.12 22:00:00";"16326.37";"0.4";"2023.12.13 19:06:00";"16370.62";"16.16";"13466.63";"OOS1";"TrailingStop";"-2.72";"42.90";"21h 6m";""
"35";"NAS100_DukasM1_Infinox";"Buy";"2023.12.13 22:00:00";"16553.29";"0.38";"2023.12.14 11:06:00";"16607.90";"19.27";"13485.89";"OOS1";"TrailingStop";"-34.90";"42.72";"13h 6m";""
"36";"NAS100_DukasM1_Infinox";"Buy";"2024.01.09 19:00:00";"16683.41";"0.34";"2024.01.09 22:50:00";"16636.12";"-16.08";"13469.81";"OOS1";"TrailingStop";"-16.08";"11.29";"3h 50m";""
"37";"NAS100_DukasM1_Infinox";"Buy";"2024.01.10 20:00:00";"16760.94";"0.35";"2024.01.10 22:25:00";"16769.75";"3.08";"13472.90";"OOS1";"TrailingStop";"-9.32";"24.38";"2h 25m";""
"38";"NAS100_DukasM1_Infinox";"Buy";"2024.01.18 14:00:00";"16869.42";"0.32";"2024.01.18 19:11:00";"16880.09";"3.41";"13476.31";"OOS1";"TrailingStop";"-5.64";"33.33";"5h 11m";""
"39";"NAS100_DukasM1_Infinox";"Buy";"2024.01.19 19:00:00";"17141.18";"0.31";"2024.01.22 15:48:00";"17386.16";"72.18";"13548.49";"OOS1";"TrailingStop";"-9.78";"96.28";"2d 20h 48m";""
"40";"NAS100_DukasM1_Infinox";"Buy";"2024.01.24 18:00:00";"17614.42";"0.36";"2024.01.24 20:15:00";"17602.68";"-4.23";"13544.27";"OOS1";"TrailingStop";"-17.71";"19.26";"2h 15m";""
"41";"NAS100_DukasM1_Infinox";"Buy";"2024.02.02 18:00:00";"17549.93";"0.24";"2024.02.05 02:45:00";"17585.77";"5.62";"13549.88";"OOS1";"TrailingStop";"-8.35";"32.18";"2d 8h 45m";""
"42";"NAS100_DukasM1_Infinox";"Buy";"2024.02.09 18:00:00";"17915.04";"0.41";"2024.02.12 16:31:00";"17932.48";"1.95";"13551.83";"OOS1";"TrailingStop";"-11.33";"30.12";"2d 22h 31m";""
"43";"NAS100_DukasM1_Infinox";"Buy";"2024.02.22 02:00:00";"17650.39";"0.22";"2024.02.23 17:44:00";"17972.12";"69.86";"13621.70";"OOS1";"TrailingStop";"-0.79";"97.72";"1d 15h 44m";""
"44";"NAS100_DukasM1_Infinox";"Buy";"2024.02.29 17:00:00";"18015.83";"0.32";"2024.03.01 12:13:00";"18057.13";"11.86";"13633.55";"OOS1";"TrailingStop";"-50.49";"33.97";"19h 13m";""
"45";"NAS100_DukasM1_Infinox";"Buy";"2024.03.01 18:00:00";"18156.61";"0.31";"2024.03.04 13:08:00";"18276.69";"33.24";"13666.79";"OOS1";"TrailingStop";"-1.50";"56.83";"2d 19h 8m";""
"46";"NAS100_DukasM1_Infinox";"Buy";"2024.03.12 17:00:00";"18160.55";"0.21";"2024.03.13 14:25:00";"18171.82";"1.47";"13668.25";"OOS1";"TrailingStop";"-20.53";"17.83";"21h 25m";""
"47";"NAS100_DukasM1_Infinox";"Buy";"2024.03.20 21:00:00";"18177.10";"0.27";"2024.03.21 11:05:00";"18356.10";"47.17";"13715.43";"OOS1";"TrailingStop";"-2.09";"66.27";"14h 5m";""
"48";"NAS100_DukasM1_Infinox";"Buy";"2024.04.04 20:00:00";"18353.44";"0.34";"2024.04.04 21:32:00";"18064.15";"-98.36";"13617.07";"OOS1";"SL";"-98.36";"0.20";"1h 32m";""
"49";"NAS100_DukasM1_Infinox";"Buy";"2024.04.26 18:00:00";"17727.32";"0.22";"2024.04.29 16:41:00";"17733.55";"-1.39";"13615.67";"OOS1";"TrailingStop";"-9.12";"20.68";"2d 22h 41m";""
"50";"NAS100_DukasM1_Infinox";"Buy";"2024.05.01 22:00:00";"17635.44";"0.21";"2024.05.03 17:13:00";"17810.73";"35.06";"13650.74";"OOS1";"TrailingStop";"-73.98";"64.17";"1d 19h 13m";""
"51";"NAS100_DukasM1_Infinox";"Buy";"2024.05.03 19:00:00";"17879.41";"0.21";"2024.05.07 20:49:00";"18096.74";"42.09";"13692.83";"OOS1";"TrailingStop";"-5.83";"58.26";"4d 1h 49m";""
"52";"NAS100_DukasM1_Infinox";"Buy";"2024.05.15 18:00:00";"18477.70";"0.36";"2024.05.16 16:06:00";"18590.53";"39.05";"13731.88";"OOS1";"TrailingStop";"-1.20";"59.80";"22h 6m";""
"53";"NAS100_DukasM1_Infinox";"Buy";"2024.05.16 18:00:00";"18660.53";"0.44";"2024.05.20 20:27:00";"18659.56";"-8.18";"13723.70";"OOS1";"TrailingStop";"-89.75";"20.88";"4d 2h 27m";""
"54";"NAS100_DukasM1_Infinox";"Buy";"2024.07.03 18:00:00";"20080.12";"0.32";"2024.07.05 15:30:00";"20180.31";"29.03";"13752.73";"OOS1";"TrailingStop";"-7.20";"46.69";"1d 21h 30m";""
"55";"NAS100_DukasM1_Infinox";"Buy";"2024.07.08 19:00:00";"20442.71";"0.45";"2024.07.09 17:25:00";"20483.66";"16.26";"13768.98";"OOS1";"TrailingStop";"-27.58";"46.66";"22h 25m";""
"56";"NAS100_DukasM1_Infinox";"Buy";"2024.07.15 18:00:00";"20521.62";"0.27";"2024.07.17 10:56:00";"20157.75";"-100.86";"13668.12";"OOS1";"SL";"-98.24";"17.61";"1d 16h 56m";""
"57";"NAS100_DukasM1_Infinox";"Buy";"2024.07.31 16:00:00";"19204.98";"0.17";"2024.07.31 20:42:00";"19206.51";"0.26";"13668.38";"OOS1";"TrailingStop";"-6.24";"27.56";"4h 42m";""
"58";"NAS100_DukasM1_Infinox";"Buy";"2024.08.07 14:00:00";"18326.95";"0.1";"2024.08.07 18:48:00";"18232.78";"-9.42";"13658.96";"OOS1";"TrailingStop";"-9.42";"12.11";"4h 48m";""
"59";"NAS100_DukasM1_Infinox";"Buy";"2024.08.12 06:00:00";"18553.25";"0.14";"2024.08.12 16:46:00";"18455.72";"-13.65";"13645.31";"OOS1";"TrailingStop";"-13.65";"5.21";"10h 46m";""
"60";"NAS100_DukasM1_Infinox";"Buy";"2024.08.14 19:00:00";"19105.70";"0.19";"2024.08.15 13:59:00";"19022.01";"-16.76";"13628.55";"OOS1";"TrailingStop";"-34.67";"3.59";"18h 59m";""
"61";"NAS100_DukasM1_Infinox";"Buy";"2024.08.19 20:00:00";"19602.03";"0.24";"2024.08.20 15:55:00";"19750.22";"34.46";"13663.00";"OOS1";"TrailingStop";"-4.44";"56.43";"19h 55m";""
"62";"NAS100_DukasM1_Infinox";"Buy";"2024.08.29 17:00:00";"19580.41";"0.18";"2024.08.29 21:27:00";"19476.35";"-18.73";"13644.27";"OOS1";"TrailingStop";"-20.28";"8.63";"4h 27m";""
"63";"NAS100_DukasM1_Infinox";"Buy";"2024.08.30 23:00:00";"19566.72";"0.17";"2024.09.03 02:22:00";"19533.52";"-8.79";"13635.49";"OOS1";"TrailingStop";"-18.09";"11.37";"3d 3h 22m";""
"1";"NAS100_DukasM1_Infinox";"Buy";"2024.09.10 21:00:00";"18761.46";"0.17";"2024.09.11 06:16:00";"18717.92";"-8.16";"13627.33";"OOS1";"TrailingStop";"-7.40";"14.47";"9h 16m";""
"2";"NAS100_DukasM1_Infinox";"Buy";"2024.09.11 20:00:00";"18890.87";"0.15";"2024.09.12 16:49:00";"19180.33";"42.75";"13670.08";"OOS1";"TrailingStop";"-0.79";"63.68";"20h 49m";""
"3";"NAS100_DukasM1_Infinox";"Buy";"2024.09.12 20:00:00";"19361.14";"0.17";"2024.09.16 13:11:00";"19461.27";"13.91";"13684.00";"OOS1";"TrailingStop";"-4.21";"33.39";"3d 17h 11m";""
"4";"NAS100_DukasM1_Infinox";"Buy";"2024.09.19 18:00:00";"19818.12";"0.18";"2024.09.19 22:19:00";"19845.91";"5.00";"13689.00";"OOS1";"TrailingStop";"-2.65";"24.84";"4h 19m";""
"5";"NAS100_DukasM1_Infinox";"Buy";"2024.09.23 04:00:00";"19902.08";"0.22";"2024.09.23 10:01:00";"19838.93";"-13.89";"13675.11";"OOS1";"TrailingStop";"-13.89";"6.54";"6h 1m";""
"6";"NAS100_DukasM1_Infinox";"Buy";"2024.10.07 02:00:00";"20051.39";"0.18";"2024.10.08 20:09:00";"19980.76";"-13.57";"13661.54";"OOS1";"TrailingStop";"-60.76";"5.24";"1d 18h 9m";""
"7";"NAS100_DukasM1_Infinox";"Buy";"2024.10.09 18:00:00";"20170.83";"0.28";"2024.10.09 19:19:00";"20186.18";"4.30";"13665.84";"OOS1";"TrailingStop";"-0.62";"23.73";"1h 19m";""
"8";"NAS100_DukasM1_Infinox";"Buy";"2024.11.05 17:00:00";"20177.99";"0.24";"2024.11.06 07:10:00";"20387.45";"49.13";"13714.96";"OOS1";"TrailingStop";"-15.68";"82.43";"14h 10m";""
"9";"NAS100_DukasM1_Infinox";"Buy";"2024.11.06 19:00:00";"20679.40";"0.16";"2024.11.08 12:30:00";"21072.23";"61.29";"13776.25";"OOS1";"TrailingStop";"-3.51";"74.80";"1d 17h 30m";""
"10";"NAS100_DukasM1_Infinox";"Buy";"2024.11.11 02:00:00";"21197.89";"0.29";"2024.11.11 16:30:00";"21167.84";"-8.71";"13767.54";"OOS1";"TrailingStop";"-14.14";"9.58";"14h 30m";""
"11";"NAS100_DukasM1_Infinox";"Buy";"2024.11.21 16:00:00";"20761.11";"0.18";"2024.11.22 11:27:00";"20648.27";"-21.19";"13746.35";"OOS1";"TrailingStop";"-59.26";"10.82";"19h 27m";""
"12";"NAS100_DukasM1_Infinox";"Buy";"2024.12.04 18:00:00";"21431.99";"0.38";"2024.12.05 16:56:00";"21448.37";"4.30";"13750.65";"OOS1";"TrailingStop";"-16.65";"25.48";"22h 56m";""
"13";"NAS100_DukasM1_Infinox";"Buy";"2024.12.06 17:00:00";"21567.31";"0.39";"2024.12.09 11:10:00";"21616.52";"13.23";"13763.88";"OOS1";"TrailingStop";"-14.86";"37.01";"2d 18h 10m";""
"14";"NAS100_DukasM1_Infinox";"Buy";"2024.12.11 17:00:00";"21658.82";"0.32";"2024.12.12 11:41:00";"21702.72";"12.41";"13776.29";"OOS1";"TrailingStop";"-8.04";"38.59";"18h 41m";""
"15";"NAS100_DukasM1_Infinox";"Buy";"2024.12.23 21:00:00";"21482.41";"0.14";"2024.12.26 10:07:00";"21792.47";"41.28";"13817.57";"OOS1";"TrailingStop";"-11.28";"53.61";"2d 13h 7m";""
"16";"NAS100_DukasM1_Infinox";"Buy";"2025.01.15 16:00:00";"21122.16";"0.17";"2025.01.16 11:36:00";"21294.56";"28.46";"13846.03";"OOS1";"TrailingStop";"-15.70";"46.95";"19h 36m";""
"17";"NAS100_DukasM1_Infinox";"Buy";"2025.01.17 18:00:00";"21443.38";"0.18";"2025.01.20 01:39:00";"21378.99";"-14.32";"13831.71";"OOS1";"TrailingStop";"-11.59";"13.56";"2d 7h 39m";""
"18";"NAS100_DukasM1_Infinox";"Buy";"2025.01.20 19:00:00";"21547.74";"0.23";"2025.01.21 02:50:00";"21501.45";"-11.82";"13819.89";"OOS1";"TrailingStop";"-16.96";"11.17";"7h 50m";""
"19";"NAS100_DukasM1_Infinox";"Buy";"2025.01.21 12:00:00";"21560.23";"0.19";"2025.01.21 16:38:00";"21487.66";"-13.79";"13806.10";"OOS1";"TrailingStop";"-13.79";"5.02";"4h 38m";""
"20";"NAS100_DukasM1_Infinox";"Buy";"2025.01.23 23:00:00";"21900.14";"0.28";"2025.01.24 06:16:00";"21850.40";"-15.38";"13790.73";"OOS1";"TrailingStop";"-13.93";"5.75";"7h 16m";""
"21";"NAS100_DukasM1_Infinox";"Buy";"2025.01.30 11:00:00";"21583.89";"0.19";"2025.01.31 20:19:00";"21728.37";"26.48";"13817.21";"OOS1";"TrailingStop";"-53.66";"50.17";"1d 9h 19m";""
"22";"NAS100_DukasM1_Infinox";"Buy";"2025.02.06 23:00:00";"21770.54";"0.21";"2025.02.07 15:30:00";"21712.46";"-13.28";"13803.93";"OOS1";"TrailingStop";"-23.09";"9.18";"16h 30m";""
"23";"NAS100_DukasM1_Infinox";"Buy";"2025.02.13 18:00:00";"21953.02";"0.19";"2025.02.14 13:17:00";"21986.73";"5.42";"13809.35";"OOS1";"TrailingStop";"-28.54";"23.55";"19h 17m";""
"24";"NAS100_DukasM1_Infinox";"Buy";"2025.02.14 18:00:00";"22088.44";"0.26";"2025.02.17 16:35:00";"22139.26";"9.15";"13818.50";"OOS1";"TrailingStop";"-19.65";"30.05";"2d 22h 35m";""
"25";"NAS100_DukasM1_Infinox";"Buy";"2025.03.05 22:00:00";"20612.55";"0.1";"2025.03.06 10:13:00";"20446.58";"-17.08";"13801.42";"OOS1";"TrailingStop";"-16.60";"7.31";"12h 13m";""
"26";"NAS100_DukasM1_Infinox";"Buy";"2025.03.12 15:00:00";"19698.13";"0.12";"2025.03.17 16:36:00";"19673.58";"-5.74";"13795.68";"OOS1";"TrailingStop";"-65.52";"16.08";"5d 1h 36m";""
"27";"NAS100_DukasM1_Infinox";"Buy";"2025.03.17 21:00:00";"19924.45";"0.15";"2025.03.25 19:29:00";"20207.37";"36.79";"13832.47";"OOS1";"TrailingStop";"-79.92";"55.44";"7d 22h 29m";""
"28";"NAS100_DukasM1_Infinox";"Buy";"2025.03.25 22:00:00";"20288.45";"0.25";"2025.03.26 07:51:00";"20260.90";"-8.08";"13824.39";"OOS1";"TrailingStop";"-6.89";"11.93";"9h 51m";""
"29";"NAS100_DukasM1_Infinox";"Buy";"2025.04.01 23:00:00";"19432.79";"0.13";"2025.04.02 11:01:00";"19341.93";"-12.41";"13811.98";"OOS1";"TrailingStop";"-11.81";"11.12";"12h 1m";""
"30";"NAS100_DukasM1_Infinox";"Buy";"2025.04.02 18:00:00";"19461.00";"0.15";"2025.04.02 21:05:00";"19512.98";"7.80";"13819.78";"OOS1";"TrailingStop";"-8.16";"38.31";"3h 5m";""
"31";"NAS100_DukasM1_Infinox";"Buy";"2025.04.07 21:00:00";"17642.82";"0.04";"2025.04.08 19:17:00";"17809.03";"6.48";"13826.26";"OOS1";"TrailingStop";"-15.01";"23.16";"22h 17m";""
"32";"NAS100_DukasM1_Infinox";"Buy";"2025.04.09 20:00:00";"17399.89";"0.05";"2025.04.10 10:40:00";"18759.89";"67.79";"13894.05";"OOS1";"TrailingStop";"-3.84";"91.47";"14h 40m";""
"33";"NAS100_DukasM1_Infinox";"Buy";"2025.04.11 21:00:00";"18682.28";"0.05";"2025.04.14 18:27:00";"18834.94";"6.97";"13901.02";"OOS1";"TrailingStop";"-5.53";"21.59";"2d 21h 27m";""
"34";"NAS100_DukasM1_Infinox";"Buy";"2025.04.15 17:00:00";"18927.12";"0.11";"2025.04.16 22:04:00";"18055.49";"-96.37";"13804.65";"OOS1";"SL";"-95.88";"8.42";"1d 5h 4m";""
"35";"NAS100_DukasM1_Infinox";"Buy";"2025.04.22 17:00:00";"18138.93";"0.15";"2025.04.22 20:16:00";"18212.45";"11.03";"13815.68";"OOS1";"TrailingStop";"-1.89";"38.83";"3h 16m";""
"36";"NAS100_DukasM1_Infinox";"Buy";"2025.04.24 17:00:00";"18941.09";"0.12";"2025.04.25 13:20:00";"19229.46";"34.07";"13849.75";"OOS1";"TrailingStop";"-0.92";"53.61";"20h 20m";""
"37";"NAS100_DukasM1_Infinox";"Buy";"2025.04.25 22:00:00";"19393.21";"0.13";"2025.04.28 17:00:00";"19329.86";"-10.02";"13839.73";"OOS1";"TrailingStop";"-14.01";"15.99";"2d 19h 0m";""
"38";"NAS100_DukasM1_Infinox";"Buy";"2025.04.29 04:00:00";"19453.01";"0.16";"2025.04.29 13:46:00";"19405.92";"-7.53";"13832.19";"OOS1";"TrailingStop";"-7.53";"12.06";"9h 46m";""
"39";"NAS100_DukasM1_Infinox";"Buy";"2025.04.30 23:00:00";"19552.58";"0.12";"2025.05.01 16:40:00";"19801.72";"29.34";"13861.54";"OOS1";"TrailingStop";"-6.98";"46.10";"17h 40m";""
"40";"NAS100_DukasM1_Infinox";"Buy";"2025.05.01 18:00:00";"19976.04";"0.15";"2025.05.05 01:44:00";"20022.81";"4.19";"13865.72";"OOS1";"TrailingStop";"-48.00";"30.41";"3d 7h 44m";""
"41";"NAS100_DukasM1_Infinox";"Buy";"2025.05.07 02:00:00";"19993.85";"0.16";"2025.05.07 09:00:00";"19882.55";"-17.81";"13847.91";"OOS1";"TrailingStop";"-17.81";"4.15";"7h 0m";""
"42";"NAS100_DukasM1_Infinox";"Buy";"2025.05.08 07:00:00";"20082.11";"0.15";"2025.05.08 15:37:00";"20066.26";"-2.38";"13845.54";"OOS1";"TrailingStop";"-6.28";"14.41";"8h 37m";""
"43";"NAS100_DukasM1_Infinox";"Buy";"2025.05.12 02:00:00";"20331.59";"0.15";"2025.05.12 16:31:00";"20772.67";"66.16";"13911.70";"OOS1";"TrailingStop";"-0.96";"87.11";"14h 31m";""
"44";"NAS100_DukasM1_Infinox";"Buy";"2025.05.13 16:00:00";"20926.64";"0.19";"2025.05.14 11:08:00";"21184.77";"48.11";"13959.80";"OOS1";"TrailingStop";"-6.71";"65.12";"19h 8m";""
"45";"NAS100_DukasM1_Infinox";"Buy";"2025.05.14 23:00:00";"21317.21";"0.2";"2025.05.15 08:35:00";"21244.89";"-15.47";"13944.33";"OOS1";"TrailingStop";"-14.46";"2.44";"9h 35m";""
"46";"NAS100_DukasM1_Infinox";"Buy";"2025.05.15 19:00:00";"21347.79";"0.21";"2025.05.15 21:16:00";"21318.65";"-6.12";"13938.21";"OOS1";"TrailingStop";"-6.12";"20.48";"2h 16m";""
"47";"NAS100_DukasM1_Infinox";"Buy";"2025.05.27 11:00:00";"21282.49";"0.22";"2025.05.28 16:57:00";"21397.90";"24.28";"13962.50";"OOS1";"TrailingStop";"-31.19";"49.68";"1d 5h 57m";""
"48";"NAS100_DukasM1_Infinox";"Buy";"2025.05.29 02:00:00";"21535.60";"0.21";"2025.05.29 13:04:00";"21705.08";"35.59";"13998.09";"OOS1";"TrailingStop";"-0.38";"56.38";"11h 4m";""
"49";"NAS100_DukasM1_Infinox";"Buy";"2025.06.04 21:00:00";"21749.81";"0.25";"2025.06.05 13:43:00";"21717.59";"-9.34";"13988.75";"OOS1";"TrailingStop";"-15.68";"13.49";"16h 43m";""
"50";"NAS100_DukasM1_Infinox";"Buy";"2025.06.05 19:00:00";"21884.09";"0.22";"2025.06.10 08:20:00";"21866.92";"-9.46";"13979.29";"OOS1";"TrailingStop";"-93.80";"13.59";"4d 13h 20m";""
"51";"NAS100_DukasM1_Infinox";"Buy";"2025.06.11 16:00:00";"22006.34";"0.23";"2025.06.11 19:06:00";"21948.83";"-13.23";"13966.06";"OOS1";"TrailingStop";"-25.91";"8.57";"3h 6m";""
"52";"NAS100_DukasM1_Infinox";"Buy";"2025.06.23 21:00:00";"21834.32";"0.15";"2025.06.24 14:20:00";"22038.05";"29.79";"13995.85";"OOS1";"TrailingStop";"-4.80";"49.29";"17h 20m";""
"53";"NAS100_DukasM1_Infinox";"Buy";"2025.06.24 20:00:00";"22179.35";"0.19";"2025.06.25 18:04:00";"22242.20";"10.95";"14006.79";"OOS1";"TrailingStop";"-4.13";"28.42";"22h 4m";""
"54";"NAS100_DukasM1_Infinox";"Buy";"2025.06.26 19:00:00";"22389.02";"0.31";"2025.06.27 15:43:00";"22513.76";"37.03";"14043.83";"OOS1";"TrailingStop";"-4.49";"56.38";"20h 43m";""
"55";"NAS100_DukasM1_Infinox";"Buy";"2025.06.27 19:00:00";"22594.09";"0.31";"2025.06.30 16:32:00";"22615.27";"1.60";"14045.43";"OOS1";"TrailingStop";"-65.40";"31.53";"2d 21h 32m";""
"56";"NAS100_DukasM1_Infinox";"Buy";"2025.07.09 17:00:00";"22895.73";"0.3";"2025.07.15 05:20:00";"22898.57";"-8.88";"14036.55";"OOS1";"TrailingStop";"-81.06";"30.02";"5d 12h 20m";""
"57";"NAS100_DukasM1_Infinox";"Buy";"2025.07.31 01:06:00";"23574.72";"0.24";"2025.07.31 14:42:00";"23625.85";"12.27";"14048.82";"OOS1";"TrailingStop";"-4.65";"32.49";"13h 36m";""
"58";"NAS100_DukasM1_Infinox";"Buy";"2025.08.08 17:00:00";"23541.40";"0.26";"2025.08.11 10:54:00";"23596.96";"10.11";"14058.93";"OOS1";"TrailingStop";"-8.61";"32.86";"2d 17h 54m";""
"59";"NAS100_DukasM1_Infinox";"Buy";"2025.08.12 20:00:00";"23768.44";"0.23";"2025.08.13 17:26:00";"23862.46";"20.33";"14079.27";"OOS1";"TrailingStop";"-5.36";"45.99";"21h 26m";""
"60";"NAS100_DukasM1_Infinox";"Buy";"2025.09.18 20:00:00";"24534.12";"0.23";"2025.09.19 18:15:00";"24483.77";"-12.91";"14066.35";"OOS1";"TrailingStop";"-28.92";"8.00";"22h 15m";""
"61";"NAS100_DukasM1_Infinox";"Buy";"2025.10.15 16:00:00";"24850.05";"0.16";"2025.10.15 18:35:00";"24809.20";"-6.54";"14059.82";"OOS1";"TrailingStop";"-20.18";"14.27";"2h 35m";""
"62";"NAS100_DukasM1_Infinox";"Buy";"2025.10.24 19:00:00";"25375.05";"0.21";"2025.10.28 16:45:00";"25869.56";"98.81";"14158.63";"OOS1";"TrailingStop";"-5.65";"120.90";"3d 21h 45m";""
"63";"NAS100_DukasM1_Infinox";"Buy";"2025.10.28 19:00:00";"25965.19";"0.32";"2025.10.29 11:14:00";"26093.68";"39.16";"14197.79";"OOS1";"TrailingStop";"-2.20";"64.37";"16h 14m";""
"64";"NAS100_DukasM1_Infinox";"Buy";"2025.10.30 05:00:00";"26217.01";"0.19";"2025.10.30 06:10:00";"26142.54";"-14.15";"14183.64";"OOS1";"TrailingStop";"-14.15";"7.65";"1h 10m";""
"65";"NAS100_DukasM1_Infinox";"Buy";"2025.11.10 20:00:00";"25533.01";"0.15";"2025.11.11 10:25:00";"25536.78";"-0.34";"14183.30";"OOS1";"TrailingStop";"-1.28";"20.17";"14h 25m";""
"66";"NAS100_DukasM1_Infinox";"Buy";"2025.11.19 17:00:00";"24814.33";"0.11";"2025.11.20 12:09:00";"24938.16";"12.98";"14196.28";"OOS1";"TrailingStop";"-42.30";"34.13";"19h 9m";""
"67";"NAS100_DukasM1_Infinox";"Buy";"2025.11.25 20:00:00";"24919.84";"0.12";"2025.12.01 02:08:00";"25366.65";"49.38";"14245.66";"OOS1";"TrailingStop";"-6.01";"67.22";"5d 6h 8m";""
"68";"NAS100_DukasM1_Infinox";"Buy";"2025.12.02 21:00:00";"25530.66";"0.17";"2025.12.03 16:02:00";"25535.01";"-0.29";"14245.37";"OOS1";"TrailingStop";"-2.66";"16.91";"19h 2m";""
