"Ticket";"Symbol";"Type";"Open time";"Open price";"Size";"Close time";"Close price";"Profit/Loss";"Balance";"Sample type";"Close type";"MAE ($)";"MFE ($)";"Time in trade";"Comment"
"1";"AUDJPY_DukasM1_the5ers";"Buy";"2003.12.11 22:00:00";"79.810";"0.1";"2003.12.17 17:31:00";"79.345";"-31.01";"9968.99";"IS";"TrailingStop";"-30.41";"24.13";"5d 19h 31m";""
"2";"AUDJPY_DukasM1_the5ers";"Buy";"2003.12.31 11:00:00";"80.264";"0.11";"2004.01.08 16:01:00";"82.113";"132.16";"10101.14";"IS";"PT";"-12.52";"133.00";"8d 5h 1m";""
"3";"AUDJPY_DukasM1_the5ers";"Buy";"2004.01.09 04:00:00";"82.209";"0.11";"2004.01.15 07:16:00";"82.033";"-13.39";"10087.75";"IS";"TrailingStop";"-12.66";"104.52";"6d 3h 16m";""
"4";"AUDJPY_DukasM1_the5ers";"Buy";"2004.02.12 11:00:00";"82.840";"0.11";"2004.02.19 22:05:00";"84.790";"139.51";"10227.27";"IS";"PT";"-9.14";"140.27";"7d 11h 5m";""
"5";"AUDJPY_DukasM1_the5ers";"Buy";"2004.02.19 23:00:00";"84.748";"0.1";"2004.02.20 19:41:00";"83.984";"-50.49";"10176.78";"IS";"TrailingStop";"-49.96";"15.30";"20h 41m";""
"6";"AUDJPY_DukasM1_the5ers";"Buy";"2004.03.08 11:00:00";"85.010";"0.07";"2004.03.10 05:18:00";"83.896";"-51.38";"10125.40";"IS";"TrailingStop";"-50.99";"6.13";"1d 18h 18m";""
"7";"AUDJPY_DukasM1_the5ers";"Buy";"2004.04.07 17:00:00";"80.524";"0.08";"2004.04.13 09:56:00";"80.357";"-9.27";"10116.13";"IS";"TrailingStop";"-12.45";"45.15";"5d 16h 56m";""
"8";"AUDJPY_DukasM1_the5ers";"Buy";"2004.05.26 11:00:00";"79.257";"0.09";"2004.05.28 18:27:00";"78.641";"-36.80";"10079.33";"IS";"TrailingStop";"-36.37";"24.95";"2d 7h 27m";""
"9";"AUDJPY_DukasM1_the5ers";"Buy";"2004.07.01 14:00:00";"76.026";"0.08";"2004.07.06 08:02:00";"78.456";"126.66";"10205.99";"IS";"PT";"-21.40";"127.12";"4d 18h 2m";""
"10";"AUDJPY_DukasM1_the5ers";"Buy";"2004.07.06 09:00:00";"78.518";"0.1";"2004.07.20 16:55:00";"78.880";"22.80";"10228.79";"IS";"TrailingStop";"-48.72";"90.44";"14d 7h 55m";""
"11";"AUDJPY_DukasM1_the5ers";"Buy";"2004.08.06 11:00:00";"78.548";"0.12";"2004.08.17 17:34:00";"78.643";"6.57";"10235.35";"IS";"TrailingStop";"-52.34";"86.87";"11d 6h 34m";""
"12";"AUDJPY_DukasM1_the5ers";"Buy";"2004.08.20 11:00:00";"79.077";"0.11";"2004.08.23 21:08:00";"78.272";"-58.48";"10176.87";"IS";"TrailingStop";"-57.90";"16.26";"3d 10h 8m";""
"13";"AUDJPY_DukasM1_the5ers";"Buy";"2004.09.21 05:00:00";"76.951";"0.13";"2004.09.23 10:27:00";"78.606";"139.90";"10316.77";"IS";"PT";"-13.35";"140.69";"2d 5h 27m";""
"14";"AUDJPY_DukasM1_the5ers";"Buy";"2004.09.23 11:00:00";"78.856";"0.11";"2004.09.29 17:23:00";"79.099";"16.81";"10333.58";"IS";"TrailingStop";"-24.67";"89.63";"6d 6h 23m";""
"15";"AUDJPY_DukasM1_the5ers";"Buy";"2004.10.01 03:00:00";"79.941";"0.1";"2004.10.11 14:41:00";"80.055";"6.74";"10340.32";"IS";"TrailingStop";"-24.20";"68.73";"10d 11h 41m";""
"16";"AUDJPY_DukasM1_the5ers";"Buy";"2004.11.04 11:00:00";"80.272";"0.12";"2004.11.19 04:49:00";"80.790";"39.57";"10379.89";"IS";"TrailingStop";"-40.65";"112.45";"14d 17h 49m";""
"17";"AUDJPY_DukasM1_the5ers";"Buy";"2004.12.22 17:00:00";"79.787";"0.11";"2005.01.03 05:41:00";"79.679";"-8.67";"10371.22";"IS";"TrailingStop";"-46.54";"65.75";"11d 12h 41m";""
"18";"AUDJPY_DukasM1_the5ers";"Buy";"2005.01.26 12:00:00";"79.632";"0.11";"2005.02.04 13:22:00";"79.970";"23.44";"10394.65";"IS";"TrailingStop";"-6.69";"86.82";"9d 1h 22m";""
"19";"AUDJPY_DukasM1_the5ers";"Buy";"2005.02.08 07:00:00";"80.606";"0.11";"2005.02.10 14:38:00";"82.435";"130.89";"10525.55";"IS";"PT";"-12.59";"131.56";"2d 7h 38m";""
"20";"AUDJPY_DukasM1_the5ers";"Buy";"2005.02.10 15:00:00";"82.475";"0.11";"2005.02.14 07:06:00";"82.219";"-19.02";"10506.53";"IS";"TrailingStop";"-18.41";"50.64";"3d 16h 6m";""
"21";"AUDJPY_DukasM1_the5ers";"Buy";"2005.02.14 21:00:00";"82.782";"0.12";"2005.02.22 11:26:00";"82.529";"-20.71";"10485.82";"IS";"TrailingStop";"-62.46";"55.95";"7d 14h 26m";""
"22";"AUDJPY_DukasM1_the5ers";"Buy";"2005.03.08 11:00:00";"83.247";"0.14";"2005.03.09 12:42:00";"82.789";"-42.67";"10443.15";"IS";"TrailingStop";"-41.93";"37.35";"1d 1h 42m";""
"23";"AUDJPY_DukasM1_the5ers";"Buy";"2005.04.05 11:00:00";"83.310";"0.12";"2005.04.15 04:16:00";"83.035";"-22.57";"10420.58";"IS";"TrailingStop";"-62.86";"45.51";"9d 17h 16m";""
"24";"AUDJPY_DukasM1_the5ers";"Buy";"2005.05.25 18:00:00";"82.164";"0.12";"2005.05.31 16:40:00";"81.517";"-51.56";"10369.02";"IS";"TrailingStop";"-50.77";"20.17";"5d 22h 40m";""
"25";"AUDJPY_DukasM1_the5ers";"Buy";"2005.06.10 16:00:00";"82.527";"0.13";"2005.06.16 16:19:00";"84.174";"139.15";"10508.17";"IS";"PT";"-7.57";"140.01";"6d 0h 19m";""
"26";"AUDJPY_DukasM1_the5ers";"Buy";"2005.06.16 17:00:00";"84.093";"0.12";"2005.06.23 10:24:00";"84.086";"-1.37";"10506.80";"IS";"TrailingStop";"-6.51";"72.82";"6d 17h 24m";""
"27";"AUDJPY_DukasM1_the5ers";"Buy";"2005.07.19 04:00:00";"84.301";"0.11";"2005.07.21 14:25:00";"84.617";"22.06";"10528.86";"IS";"TrailingStop";"-22.66";"106.39";"2d 10h 25m";""
"28";"AUDJPY_DukasM1_the5ers";"Buy";"2005.08.04 12:00:00";"85.783";"0.12";"2005.08.08 14:59:00";"85.461";"-25.93";"10502.93";"IS";"TrailingStop";"-25.27";"43.55";"4d 2h 59m";""
"29";"AUDJPY_DukasM1_the5ers";"Buy";"2005.09.02 11:00:00";"83.800";"0.13";"2005.09.09 11:59:00";"85.411";"136.06";"10638.98";"IS";"PT";"-21.34";"136.95";"7d 0h 59m";""
"30";"AUDJPY_DukasM1_the5ers";"Buy";"2005.09.09 12:00:00";"85.461";"0.12";"2005.09.22 18:06:00";"85.130";"-26.99";"10611.99";"IS";"TrailingStop";"-86.63";"44.02";"13d 6h 6m";""
"31";"AUDJPY_DukasM1_the5ers";"Buy";"2005.10.03 08:00:00";"86.571";"0.11";"2005.10.05 07:43:00";"86.440";"-10.03";"10601.96";"IS";"TrailingStop";"-10.86";"52.51";"1d 23h 43m";""
"32";"AUDJPY_DukasM1_the5ers";"Buy";"2005.10.20 09:00:00";"86.698";"0.14";"2005.10.24 16:03:00";"86.239";"-42.80";"10559.16";"IS";"TrailingStop";"-42.02";"31.77";"4d 7h 3m";""
"33";"AUDJPY_DukasM1_the5ers";"Buy";"2005.10.26 05:00:00";"87.062";"0.12";"2005.10.28 16:02:00";"86.672";"-31.33";"10527.83";"IS";"TrailingStop";"-30.60";"40.65";"2d 11h 2m";""
"34";"AUDJPY_DukasM1_the5ers";"Buy";"2005.11.16 11:00:00";"87.094";"0.14";"2005.11.30 22:17:00";"88.602";"136.83";"10664.66";"IS";"PT";"-34.97";"138.06";"14d 11h 17m";""
"35";"AUDJPY_DukasM1_the5ers";"Buy";"2005.11.30 23:00:00";"88.491";"0.14";"2005.12.02 15:10:00";"89.954";"133.09";"10797.75";"IS";"PT";"-20.51";"133.94";"1d 16h 10m";""
"36";"AUDJPY_DukasM1_the5ers";"Buy";"2005.12.02 16:00:00";"90.048";"0.14";"2005.12.07 02:43:00";"90.406";"31.96";"10829.71";"IS";"TrailingStop";"-33.51";"117.27";"4d 10h 43m";""
"37";"AUDJPY_DukasM1_the5ers";"Buy";"2006.01.05 04:00:00";"86.909";"0.11";"2006.01.10 10:29:00";"85.610";"-94.08";"10735.63";"IS";"SL";"-93.44";"4.17";"5d 6h 29m";""
"38";"AUDJPY_DukasM1_the5ers";"Buy";"2006.01.26 08:00:00";"87.260";"0.13";"2006.01.31 22:07:00";"88.875";"136.54";"10872.17";"IS";"PT";"-13.94";"137.29";"5d 14h 7m";""
"39";"AUDJPY_DukasM1_the5ers";"Buy";"2006.01.31 23:00:00";"88.915";"0.11";"2006.02.06 04:37:00";"88.549";"-27.05";"10845.12";"IS";"TrailingStop";"-29.42";"33.16";"5d 5h 37m";""
"40";"AUDJPY_DukasM1_the5ers";"Buy";"2006.04.03 10:00:00";"84.621";"0.07";"2006.04.13 14:52:00";"86.065";"65.52";"10910.64";"IS";"TrailingStop";"-39.41";"106.24";"10d 4h 52m";""
"41";"AUDJPY_DukasM1_the5ers";"Buy";"2006.04.18 06:00:00";"87.036";"0.12";"2006.04.20 17:19:00";"86.893";"-11.95";"10898.69";"IS";"TrailingStop";"-30.05";"61.05";"2d 11h 19m";""
"42";"AUDJPY_DukasM1_the5ers";"Buy";"2006.05.04 12:00:00";"87.414";"0.11";"2006.05.05 17:14:00";"86.776";"-46.47";"10852.22";"IS";"TrailingStop";"-45.89";"23.09";"1d 5h 14m";""
"43";"AUDJPY_DukasM1_the5ers";"Buy";"2006.05.30 00:00:00";"85.253";"0.12";"2006.05.31 16:29:00";"84.797";"-36.41";"10815.80";"IS";"TrailingStop";"-35.78";"39.55";"1d 16h 29m";""
"44";"AUDJPY_DukasM1_the5ers";"Buy";"2006.07.05 06:00:00";"85.619";"0.13";"2006.07.10 08:07:00";"85.288";"-28.96";"10786.84";"IS";"TrailingStop";"-50.58";"43.53";"5d 2h 7m";""
"45";"AUDJPY_DukasM1_the5ers";"Buy";"2006.07.12 05:00:00";"86.086";"0.1";"2006.07.24 21:03:00";"88.063";"128.46";"10915.30";"IS";"PT";"-26.09";"129.28";"12d 16h 3m";""
"46";"AUDJPY_DukasM1_the5ers";"Buy";"2006.07.25 06:00:00";"88.116";"0.12";"2006.07.28 11:13:00";"87.858";"-21.01";"10894.29";"IS";"TrailingStop";"-20.25";"58.85";"3d 5h 13m";""
"47";"AUDJPY_DukasM1_the5ers";"Buy";"2006.08.11 03:00:00";"88.709";"0.12";"2006.08.14 16:24:00";"88.547";"-13.34";"10880.95";"IS";"TrailingStop";"-22.91";"49.75";"3d 13h 24m";""
"48";"AUDJPY_DukasM1_the5ers";"Buy";"2006.08.30 05:00:00";"89.092";"0.15";"2006.09.05 10:18:00";"88.921";"-17.76";"10863.18";"IS";"TrailingStop";"-16.77";"73.96";"6d 5h 18m";""
"49";"AUDJPY_DukasM1_the5ers";"Buy";"2006.10.10 04:00:00";"88.678";"0.14";"2006.10.17 23:39:00";"89.151";"42.30";"10905.49";"IS";"TrailingStop";"-10.35";"115.72";"7d 19h 39m";""
"50";"AUDJPY_DukasM1_the5ers";"Buy";"2006.10.19 08:00:00";"89.759";"0.15";"2006.11.06 12:30:00";"91.141";"134.16";"11039.65";"IS";"PT";"-29.23";"135.56";"18d 4h 30m";""
"51";"AUDJPY_DukasM1_the5ers";"Buy";"2006.11.06 13:00:00";"91.102";"0.14";"2006.11.08 07:07:00";"90.558";"-50.58";"10989.07";"IS";"TrailingStop";"-49.80";"15.65";"1d 18h 7m";""
"52";"AUDJPY_DukasM1_the5ers";"Buy";"2006.11.29 09:00:00";"90.687";"0.12";"2006.12.01 21:00:00";"90.866";"13.32";"11002.39";"IS";"TrailingStop";"-9.97";"90.01";"2d 12h 0m";""
"53";"AUDJPY_DukasM1_the5ers";"Buy";"2006.12.12 07:00:00";"91.683";"0.14";"2006.12.25 08:40:00";"93.221";"139.61";"11142.01";"IS";"PT";"-3.94";"140.80";"13d 1h 40m";""
"54";"AUDJPY_DukasM1_the5ers";"Buy";"2006.12.25 09:00:00";"93.148";"0.11";"2006.12.25 16:17:00";"95.057";"136.77";"11278.77";"IS";"PT";"-4.82";"137.32";"7h 17m";""
"55";"AUDJPY_DukasM1_the5ers";"Buy";"2006.12.26 01:00:00";"93.265";"0.04";"2007.01.04 09:54:00";"94.050";"20.22";"11298.99";"IS";"TrailingStop";"-14.31";"44.13";"9d 8h 54m";""
"56";"AUDJPY_DukasM1_the5ers";"Buy";"2007.01.18 11:00:00";"95.734";"0.11";"2007.01.24 02:41:00";"95.605";"-9.95";"11289.04";"IS";"TrailingStop";"-34.17";"49.78";"5d 15h 41m";""
"57";"AUDJPY_DukasM1_the5ers";"Buy";"2007.02.09 11:00:00";"94.621";"0.12";"2007.02.13 02:07:00";"93.854";"-60.85";"11228.19";"IS";"TrailingStop";"-60.19";"16.79";"3d 15h 7m";""
"58";"AUDJPY_DukasM1_the5ers";"Buy";"2007.02.22 10:00:00";"95.652";"0.11";"2007.02.27 09:34:00";"95.074";"-42.21";"11185.98";"IS";"TrailingStop";"-41.58";"19.57";"4d 23h 34m";""
"59";"AUDJPY_DukasM1_the5ers";"Buy";"2007.03.16 04:00:00";"92.392";"0.08";"2007.03.21 20:50:00";"94.871";"129.22";"11315.20";"IS";"PT";"-7.90";"129.69";"5d 16h 50m";""
"60";"AUDJPY_DukasM1_the5ers";"Buy";"2007.03.21 21:00:00";"94.897";"0.09";"2007.03.28 03:28:00";"94.791";"-6.86";"11308.34";"IS";"TrailingStop";"-23.78";"51.38";"6d 6h 28m";""
"61";"AUDJPY_DukasM1_the5ers";"Buy";"2007.04.03 06:00:00";"96.108";"0.12";"2007.04.04 02:30:00";"95.852";"-20.72";"11287.62";"IS";"TrailingStop";"-20.09";"52.73";"20h 30m";""
"62";"AUDJPY_DukasM1_the5ers";"Buy";"2007.04.04 07:00:00";"96.398";"0.1";"2007.04.10 22:36:00";"98.400";"130.25";"11417.87";"IS";"PT";"-1.83";"130.92";"6d 15h 36m";""
"63";"AUDJPY_DukasM1_the5ers";"Buy";"2007.04.10 23:00:00";"98.418";"0.14";"2007.04.17 15:35:00";"99.919";"136.45";"11554.33";"IS";"PT";"-38.73";"137.42";"6d 16h 35m";""
"64";"AUDJPY_DukasM1_the5ers";"Buy";"2007.04.17 16:00:00";"99.928";"0.11";"2007.04.18 15:15:00";"98.584";"-97.26";"11457.07";"IS";"SL";"-96.68";"4.46";"23h 15m";""
"65";"AUDJPY_DukasM1_the5ers";"Buy";"2007.05.09 08:00:00";"99.298";"0.14";"2007.05.10 19:57:00";"99.488";"16.58";"11473.65";"IS";"TrailingStop";"-13.55";"96.31";"1d 11h 57m";""
"66";"AUDJPY_DukasM1_the5ers";"Buy";"2007.05.11 15:00:00";"99.438";"0.09";"2007.05.16 18:10:00";"99.536";"5.25";"11478.90";"IS";"TrailingStop";"-12.24";"58.97";"5d 3h 10m";""
"67";"AUDJPY_DukasM1_the5ers";"Buy";"2007.05.31 11:00:00";"100.418";"0.12";"2007.06.05 19:29:00";"101.329";"70.79";"11549.69";"IS";"TrailingStop";"-17.11";"130.42";"5d 8h 29m";""
"68";"AUDJPY_DukasM1_the5ers";"Buy";"2007.06.05 21:00:00";"101.468";"0.11";"2007.06.07 20:42:00";"101.700";"16.02";"11565.71";"IS";"TrailingStop";"-2.01";"99.41";"1d 23h 42m";""
"69";"AUDJPY_DukasM1_the5ers";"Buy";"2007.06.08 14:00:00";"102.168";"0.06";"2007.06.22 10:20:00";"105.266";"121.03";"11686.74";"IS";"PT";"-11.30";"121.55";"13d 20h 20m";""
"70";"AUDJPY_DukasM1_the5ers";"Buy";"2007.06.22 11:00:00";"105.268";"0.14";"2007.06.26 12:16:00";"104.210";"-97.63";"11589.10";"IS";"SL";"-96.86";"7.51";"4d 1h 16m";""
"71";"AUDJPY_DukasM1_the5ers";"Buy";"2007.07.05 09:00:00";"105.288";"0.15";"2007.07.10 15:59:00";"105.496";"19.53";"11608.63";"IS";"TrailingStop";"-32.17";"98.28";"5d 6h 59m";""
"72";"AUDJPY_DukasM1_the5ers";"Buy";"2007.07.13 04:00:00";"106.228";"0.11";"2007.07.20 17:33:00";"106.899";"47.51";"11656.14";"IS";"TrailingStop";"-28.63";"107.32";"7d 13h 33m";""
"73";"AUDJPY_DukasM1_the5ers";"Buy";"2007.07.23 12:00:00";"107.018";"0.08";"2007.07.24 22:32:00";"106.116";"-47.61";"11608.53";"IS";"TrailingStop";"-47.19";"15.28";"1d 10h 32m";""
"74";"AUDJPY_DukasM1_the5ers";"Buy";"2007.09.13 09:00:00";"95.888";"0.09";"2007.09.14 01:52:00";"95.697";"-11.72";"11596.82";"IS";"TrailingStop";"-11.24";"76.04";"16h 52m";""
"75";"AUDJPY_DukasM1_the5ers";"Buy";"2007.09.14 03:00:00";"96.103";"0.06";"2007.09.17 17:48:00";"95.947";"-6.44";"11590.38";"IS";"TrailingStop";"-6.12";"56.38";"3d 14h 48m";""
"76";"AUDJPY_DukasM1_the5ers";"Buy";"2007.09.19 05:00:00";"98.798";"0.05";"2007.09.25 12:57:00";"98.662";"-4.78";"11585.60";"IS";"TrailingStop";"-13.01";"44.53";"6d 7h 57m";""
"77";"AUDJPY_DukasM1_the5ers";"Buy";"2007.09.26 04:00:00";"100.308";"0.07";"2007.10.01 12:11:00";"103.130";"128.73";"11714.34";"IS";"PT";"-10.44";"129.18";"5d 8h 11m";""
"78";"AUDJPY_DukasM1_the5ers";"Buy";"2007.10.01 13:00:00";"103.228";"0.08";"2007.10.02 07:43:00";"102.138";"-57.44";"11656.89";"IS";"TrailingStop";"-57.02";"20.77";"18h 43m";""
"79";"AUDJPY_DukasM1_the5ers";"Buy";"2007.10.04 15:00:00";"103.008";"0.07";"2007.10.09 06:20:00";"104.482";"67.07";"11723.96";"IS";"TrailingStop";"-1.28";"126.89";"4d 15h 20m";""
"80";"AUDJPY_DukasM1_the5ers";"Buy";"2007.10.09 17:00:00";"105.018";"0.08";"2007.10.11 21:15:00";"105.383";"18.61";"11742.57";"IS";"TrailingStop";"-15.59";"84.85";"2d 4h 15m";""
"81";"AUDJPY_DukasM1_the5ers";"Buy";"2007.10.12 15:00:00";"106.328";"0.07";"2007.10.15 17:25:00";"105.658";"-31.04";"11711.53";"IS";"TrailingStop";"-30.67";"24.81";"3d 2h 25m";""
"82";"AUDJPY_DukasM1_the5ers";"Buy";"2007.10.30 02:00:00";"105.813";"0.09";"2007.11.01 14:51:00";"106.182";"21.17";"11732.70";"IS";"TrailingStop";"-68.45";"120.47";"2d 12h 51m";""
"83";"AUDJPY_DukasM1_the5ers";"Buy";"2007.12.11 07:00:00";"99.288";"0.09";"2007.12.11 21:21:00";"98.213";"-63.72";"11668.98";"IS";"TrailingStop";"-63.27";"8.36";"14h 21m";""
"84";"AUDJPY_DukasM1_the5ers";"Buy";"2007.12.27 11:00:00";"99.998";"0.13";"2007.12.28 04:15:00";"99.117";"-75.58";"11593.40";"IS";"TrailingStop";"-74.89";"12.92";"17h 15m";""
"85";"AUDJPY_DukasM1_the5ers";"Buy";"2008.01.31 00:00:00";"94.858";"0.05";"2008.02.05 16:01:00";"96.105";"40.48";"11633.89";"IS";"TrailingStop";"-40.80";"86.22";"5d 16h 1m";""
"86";"AUDJPY_DukasM1_the5ers";"Buy";"2008.02.15 10:00:00";"98.038";"0.08";"2008.02.20 08:08:00";"98.474";"22.34";"11656.23";"IS";"TrailingStop";"-49.07";"79.10";"4d 22h 8m";""
"87";"AUDJPY_DukasM1_the5ers";"Buy";"2008.02.20 22:00:00";"99.388";"0.07";"2008.02.22 17:32:00";"98.269";"-51.65";"11604.58";"IS";"TrailingStop";"-51.22";"6.96";"1d 19h 32m";""
"88";"AUDJPY_DukasM1_the5ers";"Buy";"2008.02.26 05:00:00";"100.263";"0.08";"2008.02.29 01:46:00";"99.296";"-51.09";"11553.49";"IS";"TrailingStop";"-50.59";"12.40";"2d 20h 46m";""
"89";"AUDJPY_DukasM1_the5ers";"Buy";"2008.04.03 00:00:00";"93.563";"0.06";"2008.04.03 15:52:00";"93.034";"-21.06";"11532.43";"IS";"TrailingStop";"-20.76";"33.23";"15h 52m";""
"90";"AUDJPY_DukasM1_the5ers";"Buy";"2008.04.04 00:00:00";"93.668";"0.06";"2008.04.09 19:56:00";"94.343";"26.14";"11558.57";"IS";"TrailingStop";"-21.70";"83.26";"5d 19h 56m";""
"91";"AUDJPY_DukasM1_the5ers";"Buy";"2008.04.17 08:00:00";"95.578";"0.09";"2008.04.21 09:46:00";"97.966";"140.04";"11698.61";"IS";"PT";"-16.95";"140.54";"4d 1h 46m";""
"92";"AUDJPY_DukasM1_the5ers";"Buy";"2008.04.21 10:00:00";"97.908";"0.08";"2008.04.25 16:56:00";"97.079";"-43.90";"11654.71";"IS";"TrailingStop";"-57.18";"26.52";"4d 6h 56m";""
"93";"AUDJPY_DukasM1_the5ers";"Buy";"2008.05.05 08:00:00";"98.723";"0.08";"2008.05.07 22:37:00";"98.677";"-2.85";"11651.87";"IS";"TrailingStop";"-13.76";"57.91";"2d 14h 37m";""
"94";"AUDJPY_DukasM1_the5ers";"Buy";"2008.05.19 12:00:00";"99.108";"0.08";"2008.06.02 10:37:00";"99.999";"45.91";"11697.78";"IS";"TrailingStop";"-11.67";"102.64";"13d 22h 37m";""
"95";"AUDJPY_DukasM1_the5ers";"Buy";"2008.06.05 06:00:00";"100.628";"0.08";"2008.06.09 00:05:00";"100.873";"12.37";"11710.15";"IS";"TrailingStop";"-4.76";"71.77";"3d 18h 5m";""
"96";"AUDJPY_DukasM1_the5ers";"Buy";"2008.06.09 11:00:00";"101.488";"0.08";"2008.06.12 04:30:00";"100.810";"-35.98";"11674.17";"IS";"TrailingStop";"-48.02";"27.31";"2d 17h 30m";""
"97";"AUDJPY_DukasM1_the5ers";"Buy";"2008.06.18 08:00:00";"101.818";"0.11";"2008.06.26 09:24:00";"103.664";"131.94";"11806.12";"IS";"PT";"-12.08";"132.79";"8d 1h 24m";""
"98";"AUDJPY_DukasM1_the5ers";"Buy";"2008.06.26 10:00:00";"103.628";"0.13";"2008.06.26 18:25:00";"102.528";"-94.16";"11711.96";"IS";"SL";"-93.51";"2.72";"8h 25m";""
"99";"AUDJPY_DukasM1_the5ers";"Buy";"2008.07.14 01:00:00";"102.968";"0.09";"2008.07.15 17:35:00";"102.449";"-31.02";"11680.94";"IS";"TrailingStop";"-30.54";"27.78";"1d 16h 35m";""
"100";"AUDJPY_DukasM1_the5ers";"Buy";"2008.07.18 09:00:00";"103.128";"0.1";"2008.07.24 04:08:00";"103.512";"24.45";"11705.39";"IS";"TrailingStop";"-8.04";"87.76";"5d 19h 8m";""
"101";"AUDJPY_DukasM1_the5ers";"Buy";"2008.09.22 12:00:00";"89.053";"0.03";"2008.09.26 10:34:00";"87.362";"-33.37";"11672.01";"IS";"TrailingStop";"-33.17";"23.68";"3d 22h 34m";""
"102";"AUDJPY_DukasM1_the5ers";"Buy";"2009.01.01 10:00:00";"63.711";"0.08";"2009.01.02 03:54:00";"63.437";"-14.76";"11657.26";"IS";"TrailingStop";"-14.33";"51.01";"17h 54m";""
"103";"AUDJPY_DukasM1_the5ers";"Buy";"2009.01.02 17:00:00";"63.993";"0.07";"2009.01.05 17:49:00";"66.792";"127.75";"11785.01";"IS";"PT";"-11.81";"128.12";"3d 0h 49m";""
"104";"AUDJPY_DukasM1_the5ers";"Buy";"2009.01.05 18:00:00";"66.608";"0.05";"2009.01.07 21:05:00";"66.086";"-17.34";"11767.67";"IS";"TrailingStop";"-23.31";"54.67";"2d 3h 5m";""
"105";"AUDJPY_DukasM1_the5ers";"Buy";"2009.02.06 11:00:00";"60.088";"0.05";"2009.02.10 11:11:00";"60.463";"11.98";"11779.65";"IS";"TrailingStop";"-6.64";"87.04";"4d 0h 11m";""
"106";"AUDJPY_DukasM1_the5ers";"Buy";"2009.02.25 11:00:00";"63.488";"0.05";"2009.02.27 10:08:00";"62.642";"-27.96";"11751.69";"IS";"TrailingStop";"-33.28";"35.54";"1d 23h 8m";""
"107";"AUDJPY_DukasM1_the5ers";"Buy";"2009.03.05 05:00:00";"63.698";"0.06";"2009.03.05 21:27:00";"62.580";"-44.17";"11707.52";"IS";"TrailingStop";"-43.87";"21.27";"16h 27m";""
"108";"AUDJPY_DukasM1_the5ers";"Buy";"2009.03.13 08:00:00";"63.773";"0.06";"2009.03.18 17:25:00";"64.391";"23.90";"11731.42";"IS";"TrailingStop";"-0.71";"67.37";"5d 9h 25m";""
"109";"AUDJPY_DukasM1_the5ers";"Buy";"2009.03.18 22:00:00";"65.258";"0.07";"2009.03.23 21:13:00";"68.128";"130.93";"11862.35";"IS";"PT";"-48.43";"131.37";"4d 23h 13m";""
"110";"AUDJPY_DukasM1_the5ers";"Buy";"2009.03.24 03:00:00";"69.193";"0.06";"2009.03.24 22:04:00";"67.826";"-53.93";"11808.42";"IS";"TrailingStop";"-53.63";"16.75";"19h 4m";""
"111";"AUDJPY_DukasM1_the5ers";"Buy";"2009.03.25 16:00:00";"68.308";"0.05";"2009.03.27 14:35:00";"67.878";"-14.36";"11794.05";"IS";"TrailingStop";"-31.16";"36.85";"1d 22h 35m";""
"112";"AUDJPY_DukasM1_the5ers";"Buy";"2009.04.03 09:00:00";"71.033";"0.05";"2009.04.07 02:59:00";"71.026";"-0.51";"11793.55";"IS";"TrailingStop";"-23.15";"59.57";"3d 17h 59m";""
"113";"AUDJPY_DukasM1_the5ers";"Buy";"2009.04.07 10:00:00";"71.923";"0.05";"2009.04.14 10:02:00";"72.173";"7.83";"11801.38";"IS";"TrailingStop";"-62.06";"51.23";"7d 0h 2m";""
"114";"AUDJPY_DukasM1_the5ers";"Buy";"2009.05.04 01:00:00";"72.693";"0.05";"2009.05.06 04:36:00";"72.376";"-10.64";"11790.74";"IS";"TrailingStop";"-10.36";"42.08";"2d 3h 36m";""
"115";"AUDJPY_DukasM1_the5ers";"Buy";"2009.05.06 16:00:00";"73.668";"0.05";"2009.05.11 12:26:00";"74.459";"25.55";"11816.28";"IS";"TrailingStop";"-13.83";"81.32";"4d 20h 26m";""
"116";"AUDJPY_DukasM1_the5ers";"Buy";"2009.05.27 11:00:00";"74.948";"0.07";"2009.06.01 17:07:00";"77.886";"134.04";"11950.33";"IS";"PT";"-52.55";"134.49";"5d 6h 7m";""
"117";"AUDJPY_DukasM1_the5ers";"Buy";"2009.06.01 18:00:00";"78.158";"0.06";"2009.06.03 16:48:00";"77.680";"-19.09";"11931.24";"IS";"TrailingStop";"-25.23";"52.65";"1d 22h 48m";""
"118";"AUDJPY_DukasM1_the5ers";"Buy";"2009.06.04 13:00:00";"77.913";"0.05";"2009.06.15 10:28:00";"78.716";"25.88";"11957.12";"IS";"TrailingStop";"-53.56";"82.95";"10d 21h 28m";""
"119";"AUDJPY_DukasM1_the5ers";"Buy";"2009.07.21 15:00:00";"76.873";"0.07";"2009.07.22 15:17:00";"75.625";"-57.50";"11899.63";"IS";"TrailingStop";"-57.13";"14.74";"1d 0h 17m";""
"120";"AUDJPY_DukasM1_the5ers";"Buy";"2009.07.22 21:00:00";"76.698";"0.06";"2009.07.28 18:10:00";"78.012";"51.16";"11950.79";"IS";"TrailingStop";"-18.95";"101.50";"5d 21h 10m";""
"121";"AUDJPY_DukasM1_the5ers";"Buy";"2009.07.28 22:00:00";"78.233";"0.06";"2009.08.04 11:44:00";"79.414";"45.92";"11996.71";"IS";"TrailingStop";"-54.46";"101.50";"6d 13h 44m";""
"122";"AUDJPY_DukasM1_the5ers";"Buy";"2009.08.04 19:00:00";"80.348";"0.07";"2009.08.11 05:49:00";"80.509";"6.89";"12003.60";"IS";"TrailingStop";"-47.29";"75.62";"6d 10h 49m";""
"123";"AUDJPY_DukasM1_the5ers";"Buy";"2009.09.08 14:00:00";"79.618";"0.1";"2009.09.10 12:25:00";"78.854";"-50.57";"11953.03";"IS";"TrailingStop";"-49.96";"24.98";"1d 22h 25m";""
"124";"AUDJPY_DukasM1_the5ers";"Buy";"2009.10.09 08:00:00";"80.638";"0.11";"2009.10.15 10:10:00";"82.571";"138.32";"12091.35";"IS";"PT";"-29.71";"139.04";"6d 2h 10m";""
"125";"AUDJPY_DukasM1_the5ers";"Buy";"2009.10.15 11:00:00";"82.723";"0.1";"2009.10.19 02:16:00";"82.903";"11.22";"12102.57";"IS";"TrailingStop";"-14.26";"96.58";"3d 15h 16m";""
"126";"AUDJPY_DukasM1_the5ers";"Buy";"2009.10.20 04:00:00";"84.033";"0.09";"2009.10.27 16:00:00";"84.099";"3.27";"12105.83";"IS";"TrailingStop";"-34.31";"75.16";"7d 12h 0m";""
"127";"AUDJPY_DukasM1_the5ers";"Buy";"2009.12.30 15:00:00";"82.458";"0.14";"2010.01.04 10:42:00";"83.936";"134.42";"12240.25";"IS";"PT";"-8.97";"135.31";"4d 19h 42m";""
"128";"AUDJPY_DukasM1_the5ers";"Buy";"2010.01.05 03:00:00";"84.438";"0.12";"2010.01.08 15:30:00";"84.634";"14.62";"12254.87";"IS";"TrailingStop";"-87.34";"122.96";"3d 12h 30m";""
"129";"AUDJPY_DukasM1_the5ers";"Buy";"2010.01.08 22:00:00";"85.583";"0.09";"2010.01.12 03:18:00";"85.196";"-23.27";"12231.60";"IS";"TrailingStop";"-22.78";"36.31";"3d 5h 18m";""
"130";"AUDJPY_DukasM1_the5ers";"Buy";"2010.02.17 11:00:00";"81.533";"0.11";"2010.02.23 14:45:00";"81.617";"5.32";"12236.91";"IS";"TrailingStop";"-27.91";"91.14";"6d 3h 45m";""
"131";"AUDJPY_DukasM1_the5ers";"Buy";"2010.03.08 11:00:00";"82.328";"0.1";"2010.03.09 11:32:00";"81.380";"-62.52";"12174.39";"IS";"TrailingStop";"-61.99";"12.88";"1d 0h 32m";""
"132";"AUDJPY_DukasM1_the5ers";"Buy";"2010.03.10 11:00:00";"82.643";"0.1";"2010.03.15 17:21:00";"82.375";"-18.16";"12156.24";"IS";"TrailingStop";"-24.72";"62.91";"5d 6h 21m";""
"133";"AUDJPY_DukasM1_the5ers";"Buy";"2010.03.18 22:00:00";"83.238";"0.1";"2010.03.22 09:45:00";"82.563";"-44.69";"12111.54";"IS";"TrailingStop";"-44.14";"17.13";"3d 11h 45m";""
"134";"AUDJPY_DukasM1_the5ers";"Buy";"2010.03.25 11:00:00";"83.853";"0.11";"2010.03.26 13:32:00";"83.602";"-18.63";"12092.91";"IS";"TrailingStop";"-18.05";"57.69";"1d 2h 32m";""
"135";"AUDJPY_DukasM1_the5ers";"Buy";"2010.03.30 03:00:00";"84.743";"0.12";"2010.04.01 17:41:00";"86.498";"136.99";"12229.90";"IS";"PT";"-20.25";"137.72";"2d 14h 41m";""
"136";"AUDJPY_DukasM1_the5ers";"Buy";"2010.04.01 18:00:00";"86.548";"0.1";"2010.04.06 04:26:00";"86.278";"-18.24";"12211.66";"IS";"TrailingStop";"-36.16";"42.31";"4d 10h 26m";""
"137";"AUDJPY_DukasM1_the5ers";"Buy";"2010.04.06 13:00:00";"86.888";"0.11";"2010.04.07 22:06:00";"86.354";"-38.99";"12172.67";"IS";"TrailingStop";"-38.41";"44.74";"1d 9h 6m";""
"138";"AUDJPY_DukasM1_the5ers";"Buy";"2010.04.26 11:00:00";"87.388";"0.09";"2010.04.27 09:18:00";"86.621";"-45.61";"12127.05";"IS";"TrailingStop";"-45.14";"21.89";"22h 18m";""
"139";"AUDJPY_DukasM1_the5ers";"Buy";"2010.04.29 13:00:00";"87.138";"0.08";"2010.04.30 20:11:00";"86.977";"-8.84";"12118.21";"IS";"TrailingStop";"-8.42";"47.71";"1d 7h 11m";""
"140";"AUDJPY_DukasM1_the5ers";"Buy";"2010.06.04 00:00:00";"78.303";"0.05";"2010.06.04 15:30:00";"76.914";"-45.67";"12072.54";"IS";"TrailingStop";"-45.42";"12.00";"15h 30m";""
"141";"AUDJPY_DukasM1_the5ers";"Buy";"2010.06.15 20:00:00";"78.738";"0.06";"2010.06.22 12:18:00";"79.321";"22.46";"12095.01";"IS";"TrailingStop";"-29.74";"83.06";"6d 16h 18m";""
"142";"AUDJPY_DukasM1_the5ers";"Buy";"2010.07.14 00:00:00";"78.363";"0.07";"2010.07.15 09:19:00";"77.312";"-48.52";"12046.49";"IS";"TrailingStop";"-48.11";"22.52";"1d 9h 19m";""
"143";"AUDJPY_DukasM1_the5ers";"Buy";"2010.09.02 11:00:00";"76.353";"0.08";"2010.09.07 08:31:00";"76.702";"17.79";"12064.28";"IS";"TrailingStop";"-3.30";"88.78";"4d 21h 31m";""
"144";"AUDJPY_DukasM1_the5ers";"Buy";"2010.09.13 06:00:00";"78.308";"0.11";"2010.09.14 08:36:00";"77.571";"-53.59";"12010.69";"IS";"TrailingStop";"-53.01";"13.81";"1d 2h 36m";""
"145";"AUDJPY_DukasM1_the5ers";"Buy";"2010.09.14 18:00:00";"78.383";"0.09";"2010.09.17 05:11:00";"80.688";"135.09";"12145.78";"IS";"PT";"-28.13";"135.66";"2d 11h 11m";""
"146";"AUDJPY_DukasM1_the5ers";"Buy";"2010.09.17 06:00:00";"80.753";"0.09";"2010.09.22 17:30:00";"80.343";"-24.65";"12121.12";"IS";"TrailingStop";"-31.07";"39.26";"5d 11h 30m";""
"147";"AUDJPY_DukasM1_the5ers";"Buy";"2010.11.03 12:00:00";"80.741";"0.14";"2010.11.05 14:30:00";"82.217";"134.28";"12255.40";"IS";"PT";"-15.84";"135.13";"2d 2h 30m";""
"148";"AUDJPY_DukasM1_the5ers";"Buy";"2010.11.05 15:00:00";"82.436";"0.09";"2010.11.09 09:26:00";"81.525";"-54.11";"12201.29";"IS";"TrailingStop";"-53.62";"11.18";"3d 18h 26m";""
"149";"AUDJPY_DukasM1_the5ers";"Buy";"2010.11.11 04:00:00";"82.456";"0.08";"2010.11.12 08:48:00";"81.457";"-52.68";"12148.60";"IS";"TrailingStop";"-52.26";"15.90";"1d 4h 48m";""
"150";"AUDJPY_DukasM1_the5ers";"Buy";"2010.11.19 11:00:00";"82.407";"0.11";"2010.11.22 19:28:00";"82.092";"-23.24";"12125.37";"IS";"TrailingStop";"-49.56";"42.30";"3d 8h 28m";""
"151";"AUDJPY_DukasM1_the5ers";"Buy";"2010.12.08 11:00:00";"82.258";"0.11";"2010.12.17 12:26:00";"82.838";"40.85";"12166.21";"IS";"TrailingStop";"-14.46";"102.07";"9d 1h 26m";""
"152";"AUDJPY_DukasM1_the5ers";"Buy";"2010.12.22 06:00:00";"83.480";"0.17";"2010.12.27 00:05:00";"82.970";"-57.77";"12108.44";"IS";"TrailingStop";"-80.60";"9.78";"4d 18h 5m";""
"153";"AUDJPY_DukasM1_the5ers";"Buy";"2011.02.04 00:00:00";"82.853";"0.14";"2011.02.10 10:23:00";"83.011";"13.54";"12121.98";"IS";"TrailingStop";"-31.58";"79.37";"6d 10h 23m";""
"154";"AUDJPY_DukasM1_the5ers";"Buy";"2011.02.11 05:00:00";"83.410";"0.13";"2011.02.21 18:24:00";"83.829";"34.69";"12156.67";"IS";"TrailingStop";"-17.26";"89.94";"10d 13h 24m";""
"155";"AUDJPY_DukasM1_the5ers";"Buy";"2011.03.28 01:00:00";"83.426";"0.12";"2011.03.30 03:52:00";"85.136";"133.52";"12290.19";"IS";"PT";"-2.12";"134.19";"2d 2h 52m";""
"156";"AUDJPY_DukasM1_the5ers";"Buy";"2011.03.30 04:00:00";"85.187";"0.12";"2011.04.01 15:30:00";"86.921";"135.34";"12425.53";"IS";"PT";"-15.77";"136.07";"2d 11h 30m";""
"157";"AUDJPY_DukasM1_the5ers";"Buy";"2011.04.01 16:00:00";"87.178";"0.1";"2011.04.06 17:46:00";"89.185";"130.66";"12556.19";"IS";"PT";"-31.45";"131.24";"5d 1h 46m";""
"158";"AUDJPY_DukasM1_the5ers";"Buy";"2011.04.06 18:00:00";"89.188";"0.08";"2011.04.07 18:35:00";"88.326";"-45.56";"12510.63";"IS";"TrailingStop";"-45.09";"21.03";"1d 0h 35m";""
"159";"AUDJPY_DukasM1_the5ers";"Buy";"2011.04.08 04:00:00";"89.211";"0.07";"2011.04.11 21:58:00";"88.846";"-17.08";"12493.56";"IS";"TrailingStop";"-16.71";"37.17";"3d 17h 58m";""
"160";"AUDJPY_DukasM1_the5ers";"Buy";"2011.04.28 11:00:00";"89.151";"0.1";"2011.05.03 07:45:00";"88.222";"-61.33";"12432.23";"IS";"TrailingStop";"-60.75";"10.07";"4d 20h 45m";""
"161";"AUDJPY_DukasM1_the5ers";"Buy";"2011.06.30 11:00:00";"86.291";"0.12";"2011.07.06 14:00:00";"86.401";"7.90";"12440.13";"IS";"TrailingStop";"-14.75";"74.47";"6d 3h 0m";""
"162";"AUDJPY_DukasM1_the5ers";"Buy";"2011.07.08 05:00:00";"87.501";"0.16";"2011.07.08 15:30:00";"87.087";"-44.12";"12396.01";"IS";"TrailingStop";"-43.32";"25.32";"10h 30m";""
"163";"AUDJPY_DukasM1_the5ers";"Buy";"2011.07.27 11:00:00";"85.907";"0.11";"2011.07.29 05:28:00";"85.252";"-47.78";"12348.23";"IS";"TrailingStop";"-47.12";"17.05";"1d 18h 28m";""
"164";"AUDJPY_DukasM1_the5ers";"Buy";"2011.08.26 07:00:00";"81.028";"0.1";"2011.09.02 16:41:00";"81.680";"41.95";"12390.18";"IS";"TrailingStop";"-58.13";"117.31";"7d 9h 41m";""
"165";"AUDJPY_DukasM1_the5ers";"Buy";"2011.10.11 20:00:00";"76.665";"0.08";"2011.10.14 14:23:00";"79.174";"130.75";"12520.93";"IS";"PT";"-52.10";"131.26";"2d 18h 23m";""
"166";"AUDJPY_DukasM1_the5ers";"Buy";"2011.10.28 10:00:00";"81.002";"0.09";"2011.10.31 03:39:00";"83.371";"138.95";"12659.88";"IS";"PT";"-16.13";"139.42";"2d 17h 39m";""
"167";"AUDJPY_DukasM1_the5ers";"Buy";"2011.12.01 15:00:00";"79.569";"0.07";"2011.12.06 06:52:00";"79.161";"-19.08";"12640.79";"IS";"TrailingStop";"-18.68";"43.03";"4d 15h 52m";""
"168";"AUDJPY_DukasM1_the5ers";"Buy";"2011.12.26 06:00:00";"79.250";"0.16";"2011.12.28 17:27:00";"78.768";"-51.32";"12589.48";"IS";"TrailingStop";"-50.43";"4.92";"2d 11h 27m";""
"169";"AUDJPY_DukasM1_the5ers";"Buy";"2012.01.04 10:00:00";"79.401";"0.14";"2012.01.05 11:52:00";"78.806";"-55.28";"12534.19";"IS";"TrailingStop";"-54.47";"15.93";"1d 1h 52m";""
"170";"AUDJPY_DukasM1_the5ers";"Buy";"2012.01.05 21:00:00";"79.254";"0.12";"2012.01.09 00:23:00";"78.466";"-62.50";"12471.69";"IS";"TrailingStop";"-64.35";"9.26";"3d 3h 23m";""
"171";"AUDJPY_DukasM1_the5ers";"Buy";"2012.01.18 13:00:00";"79.978";"0.13";"2012.01.24 21:12:00";"81.533";"131.33";"12603.03";"IS";"PT";"-31.03";"132.19";"6d 8h 12m";""
"172";"AUDJPY_DukasM1_the5ers";"Buy";"2012.01.24 22:00:00";"81.490";"0.14";"2012.01.27 02:18:00";"82.039";"49.37";"12652.40";"IS";"TrailingStop";"-24.63";"123.68";"2d 4h 18m";""
"173";"AUDJPY_DukasM1_the5ers";"Buy";"2012.02.06 08:00:00";"82.335";"0.13";"2012.02.08 18:20:00";"82.793";"38.21";"12690.61";"IS";"TrailingStop";"-38.68";"109.07";"2d 10h 20m";""
"174";"AUDJPY_DukasM1_the5ers";"Buy";"2012.02.08 20:00:00";"83.187";"0.12";"2012.02.10 10:04:00";"82.976";"-17.29";"12673.33";"IS";"TrailingStop";"-25.97";"52.97";"1d 14h 4m";""
"175";"AUDJPY_DukasM1_the5ers";"Buy";"2012.02.15 04:00:00";"83.867";"0.11";"2012.02.16 07:53:00";"83.594";"-20.28";"12653.05";"IS";"TrailingStop";"-19.64";"53.23";"1d 3h 53m";""
"176";"AUDJPY_DukasM1_the5ers";"Buy";"2012.02.16 12:00:00";"84.040";"0.1";"2012.02.20 01:16:00";"86.187";"139.84";"12792.89";"IS";"PT";"-9.48";"140.40";"3d 13h 16m";""
"177";"AUDJPY_DukasM1_the5ers";"Buy";"2012.02.20 02:00:00";"86.174";"0.09";"2012.02.27 09:26:00";"86.379";"11.45";"12804.34";"IS";"TrailingStop";"-86.16";"76.21";"7d 7h 26m";""
"178";"AUDJPY_DukasM1_the5ers";"Buy";"2012.02.27 10:00:00";"86.562";"0.09";"2012.03.05 07:31:00";"87.086";"30.22";"12834.56";"IS";"TrailingStop";"-55.62";"84.69";"6d 21h 31m";""
"179";"AUDJPY_DukasM1_the5ers";"Buy";"2012.03.16 11:00:00";"88.187";"0.11";"2012.03.20 13:13:00";"87.680";"-37.08";"12797.48";"IS";"TrailingStop";"-36.47";"31.79";"4d 2h 13m";""
"180";"AUDJPY_DukasM1_the5ers";"Buy";"2012.06.07 11:00:00";"78.801";"0.08";"2012.06.08 04:33:00";"78.282";"-27.57";"12769.91";"IS";"TrailingStop";"-27.15";"47.61";"17h 33m";""
"181";"AUDJPY_DukasM1_the5ers";"Buy";"2012.06.08 22:00:00";"78.716";"0.08";"2012.06.12 00:26:00";"78.283";"-23.09";"12746.82";"IS";"TrailingStop";"-22.65";"51.11";"3d 2h 26m";""
"182";"AUDJPY_DukasM1_the5ers";"Buy";"2012.06.15 06:00:00";"79.273";"0.11";"2012.06.20 20:02:00";"81.123";"132.44";"12879.25";"IS";"PT";"-31.58";"133.07";"5d 14h 2m";""
"183";"AUDJPY_DukasM1_the5ers";"Buy";"2012.06.20 21:00:00";"81.137";"0.1";"2012.06.22 02:45:00";"80.448";"-45.66";"12833.59";"IS";"TrailingStop";"-45.06";"28.31";"1d 5h 45m";""
"184";"AUDJPY_DukasM1_the5ers";"Buy";"2012.07.02 09:00:00";"81.347";"0.1";"2012.07.06 15:30:00";"81.527";"11.11";"12844.70";"IS";"TrailingStop";"-13.41";"65.92";"4d 6h 30m";""
"185";"AUDJPY_DukasM1_the5ers";"Buy";"2012.07.30 07:00:00";"82.086";"0.12";"2012.08.01 04:07:00";"81.643";"-35.43";"12809.27";"IS";"TrailingStop";"-34.76";"29.66";"1d 21h 7m";""
"186";"AUDJPY_DukasM1_the5ers";"Buy";"2012.08.03 10:00:00";"82.080";"0.13";"2012.08.10 09:56:00";"82.503";"35.07";"12844.34";"IS";"TrailingStop";"-2.04";"108.90";"6d 23h 56m";""
"187";"AUDJPY_DukasM1_the5ers";"Buy";"2012.09.13 21:00:00";"81.582";"0.13";"2012.09.18 04:30:00";"81.981";"33.16";"12877.50";"IS";"TrailingStop";"-2.04";"126.92";"4d 7h 30m";""
"188";"AUDJPY_DukasM1_the5ers";"Buy";"2012.10.16 09:00:00";"81.036";"0.16";"2012.10.18 11:17:00";"82.369";"138.50";"13016.00";"IS";"PT";"-20.40";"139.47";"2d 2h 17m";""
"189";"AUDJPY_DukasM1_the5ers";"Buy";"2012.10.18 12:00:00";"82.447";"0.14";"2012.10.23 14:07:00";"81.975";"-44.02";"12971.97";"IS";"TrailingStop";"-75.71";"22.61";"5d 2h 7m";""
"190";"AUDJPY_DukasM1_the5ers";"Buy";"2012.10.25 03:00:00";"82.798";"0.15";"2012.10.26 05:52:00";"82.640";"-16.29";"12955.69";"IS";"TrailingStop";"-15.50";"66.60";"1d 2h 52m";""
"191";"AUDJPY_DukasM1_the5ers";"Buy";"2012.11.02 07:00:00";"83.426";"0.18";"2012.11.02 20:45:00";"83.119";"-37.04";"12918.65";"IS";"TrailingStop";"-36.14";"47.32";"13h 45m";""
"192";"AUDJPY_DukasM1_the5ers";"Buy";"2012.11.05 06:00:00";"83.399";"0.15";"2012.11.07 04:51:00";"83.325";"-8.09";"12910.56";"IS";"TrailingStop";"-45.22";"61.70";"1d 22h 51m";""
"193";"AUDJPY_DukasM1_the5ers";"Buy";"2012.11.07 08:00:00";"83.805";"0.14";"2012.11.07 16:02:00";"83.289";"-47.94";"12862.62";"IS";"TrailingStop";"-47.24";"31.49";"8h 2m";""
"194";"AUDJPY_DukasM1_the5ers";"Buy";"2012.11.16 14:00:00";"83.812";"0.12";"2012.11.21 22:06:00";"85.479";"130.11";"12992.74";"IS";"PT";"-19.30";"130.81";"5d 8h 6m";""
"195";"AUDJPY_DukasM1_the5ers";"Buy";"2012.11.21 23:00:00";"85.534";"0.14";"2012.11.28 03:21:00";"85.577";"2.97";"12995.71";"IS";"TrailingStop";"-18.86";"82.30";"6d 4h 21m";""
"196";"AUDJPY_DukasM1_the5ers";"Buy";"2012.12.07 16:00:00";"86.631";"0.14";"2012.12.13 05:25:00";"88.080";"131.73";"13127.44";"IS";"PT";"-53.74";"132.65";"5d 13h 25m";""
"197";"AUDJPY_DukasM1_the5ers";"Buy";"2012.12.13 06:00:00";"88.195";"0.14";"2012.12.20 00:14:00";"88.170";"-3.25";"13124.19";"IS";"TrailingStop";"-40.01";"72.51";"6d 18h 14m";""
"198";"AUDJPY_DukasM1_the5ers";"Buy";"2012.12.17 01:00:00";"88.849";"0.11";"2012.12.21 16:01:00";"87.544";"-94.60";"13029.59";"OOS1";"SL";"-93.87";"7.84";"4d 15h 1m";""
"199";"AUDJPY_DukasM1_the5ers";"Buy";"2012.12.27 10:00:00";"88.834";"0.16";"2012.12.31 00:05:00";"88.907";"6.75";"13036.34";"OOS1";"TrailingStop";"-6.80";"102.74";"3d 14h 5m";""
"200";"AUDJPY_DukasM1_the5ers";"Buy";"2012.12.31 06:00:00";"89.376";"0.12";"2013.01.02 04:35:00";"91.042";"130.07";"13166.41";"OOS1";"PT";"-11.30";"130.73";"1d 22h 35m";""
"201";"AUDJPY_DukasM1_the5ers";"Buy";"2013.01.02 05:00:00";"91.390";"0.1";"2013.01.07 08:30:00";"91.790";"25.52";"13191.93";"OOS1";"TrailingStop";"-25.50";"93.77";"5d 3h 30m";""
"202";"AUDJPY_DukasM1_the5ers";"Buy";"2013.01.07 10:00:00";"91.961";"0.09";"2013.01.08 17:36:00";"91.238";"-43.02";"13148.91";"OOS1";"TrailingStop";"-42.55";"22.48";"1d 7h 36m";""
"203";"AUDJPY_DukasM1_the5ers";"Buy";"2013.01.10 04:00:00";"92.502";"0.1";"2013.01.11 01:54:00";"94.487";"129.28";"13278.19";"OOS1";"PT";"-1.50";"129.80";"21h 54m";""
"204";"AUDJPY_DukasM1_the5ers";"Buy";"2013.01.11 02:00:00";"94.475";"0.09";"2013.01.15 05:06:00";"93.678";"-47.40";"13230.78";"OOS1";"TrailingStop";"-46.91";"9.89";"4d 3h 6m";""
"205";"AUDJPY_DukasM1_the5ers";"Buy";"2013.01.18 06:00:00";"94.653";"0.07";"2013.01.22 11:06:00";"93.596";"-48.77";"13182.01";"OOS1";"TrailingStop";"-48.38";"12.63";"4d 5h 6m";""
"206";"AUDJPY_DukasM1_the5ers";"Buy";"2013.01.25 11:00:00";"94.824";"0.09";"2013.01.31 05:10:00";"94.512";"-18.96";"13163.05";"OOS1";"TrailingStop";"-43.20";"37.31";"5d 18h 10m";""
"207";"AUDJPY_DukasM1_the5ers";"Buy";"2013.01.31 17:00:00";"95.005";"0.11";"2013.02.04 11:10:00";"96.909";"136.35";"13299.40";"OOS1";"PT";"-2.81";"136.96";"3d 18h 10m";""
"208";"AUDJPY_DukasM1_the5ers";"Buy";"2013.02.04 12:00:00";"97.040";"0.1";"2013.02.06 15:44:00";"96.145";"-59.08";"13240.32";"OOS1";"TrailingStop";"-71.21";"25.50";"2d 3h 44m";""
"209";"AUDJPY_DukasM1_the5ers";"Buy";"2013.03.08 10:00:00";"97.830";"0.13";"2013.03.12 03:37:00";"99.398";"132.58";"13372.90";"OOS1";"PT";"-12.41";"133.30";"3d 17h 37m";""
"210";"AUDJPY_DukasM1_the5ers";"Buy";"2013.03.12 04:00:00";"99.491";"0.12";"2013.03.15 16:46:00";"98.978";"-41.02";"13331.88";"OOS1";"TrailingStop";"-80.28";"37.82";"3d 12h 46m";""
"211";"AUDJPY_DukasM1_the5ers";"Buy";"2013.03.21 08:00:00";"99.349";"0.11";"2013.03.22 10:22:00";"98.498";"-61.79";"13270.09";"OOS1";"TrailingStop";"-61.21";"19.42";"1d 2h 22m";""
"212";"AUDJPY_DukasM1_the5ers";"Buy";"2013.04.05 11:00:00";"100.371";"0.07";"2013.04.08 22:00:00";"103.297";"133.57";"13403.66";"OOS1";"PT";"-27.60";"133.94";"3d 11h 0m";""
"213";"AUDJPY_DukasM1_the5ers";"Buy";"2013.04.08 23:00:00";"103.413";"0.07";"2013.04.12 12:18:00";"104.158";"33.64";"13437.30";"OOS1";"TrailingStop";"-26.55";"92.01";"3d 13h 18m";""
"214";"AUDJPY_DukasM1_the5ers";"Buy";"2013.07.02 17:00:00";"91.985";"0.08";"2013.07.03 10:20:00";"91.047";"-49.49";"13387.80";"OOS1";"TrailingStop";"-49.07";"22.34";"17h 20m";""
"215";"AUDJPY_DukasM1_the5ers";"Buy";"2013.07.09 06:00:00";"92.182";"0.1";"2013.07.10 17:59:00";"91.855";"-21.91";"13365.89";"OOS1";"TrailingStop";"-21.38";"58.13";"1d 11h 59m";""
"216";"AUDJPY_DukasM1_the5ers";"Buy";"2013.08.15 00:00:00";"89.519";"0.12";"2013.08.15 17:07:00";"89.030";"-38.97";"13326.92";"OOS1";"TrailingStop";"-38.37";"43.32";"17h 7m";""
"217";"AUDJPY_DukasM1_the5ers";"Buy";"2013.08.19 03:00:00";"89.842";"0.1";"2013.08.19 22:05:00";"88.981";"-56.80";"13270.12";"OOS1";"TrailingStop";"-56.30";"18.57";"19h 5m";""
"218";"AUDJPY_DukasM1_the5ers";"Buy";"2013.09.04 00:00:00";"90.237";"0.09";"2013.09.10 11:57:00";"92.630";"140.24";"13410.36";"OOS1";"PT";"-15.01";"140.84";"6d 11h 57m";""
"219";"AUDJPY_DukasM1_the5ers";"Buy";"2013.09.10 12:00:00";"92.626";"0.12";"2013.09.12 04:31:00";"92.600";"-2.77";"13407.59";"OOS1";"TrailingStop";"-2.43";"73.68";"1d 16h 31m";""
"220";"AUDJPY_DukasM1_the5ers";"Buy";"2013.09.19 07:00:00";"93.415";"0.12";"2013.09.20 23:46:00";"93.346";"-6.08";"13401.51";"OOS1";"TrailingStop";"-19.30";"80.67";"1d 16h 46m";""
"221";"AUDJPY_DukasM1_the5ers";"Buy";"2013.10.11 11:00:00";"93.130";"0.1";"2013.10.22 13:17:00";"95.117";"129.19";"13530.71";"OOS1";"PT";"-40.87";"129.93";"11d 2h 17m";""
"222";"AUDJPY_DukasM1_the5ers";"Buy";"2013.10.22 14:00:00";"95.152";"0.21";"2013.10.23 06:39:00";"94.944";"-29.67";"13501.04";"OOS1";"TrailingStop";"-63.86";"72.37";"16h 39m";""
"223";"AUDJPY_DukasM1_the5ers";"Buy";"2013.11.18 10:00:00";"94.087";"0.15";"2013.11.19 03:43:00";"93.423";"-65.92";"13435.11";"OOS1";"TrailingStop";"-65.13";"6.87";"17h 43m";""
"224";"AUDJPY_DukasM1_the5ers";"Buy";"2013.12.09 11:00:00";"93.656";"0.11";"2013.12.11 12:48:00";"93.336";"-23.63";"13411.49";"OOS1";"TrailingStop";"-23.02";"40.79";"2d 1h 48m";""
"225";"AUDJPY_DukasM1_the5ers";"Buy";"2013.12.27 00:00:00";"93.231";"0.2";"2014.01.02 12:58:00";"93.385";"18.82";"13430.31";"OOS1";"TrailingStop";"-30.34";"108.94";"6d 12h 58m";""
"226";"AUDJPY_DukasM1_the5ers";"Buy";"2014.01.06 23:00:00";"93.457";"0.11";"2014.01.09 08:08:00";"93.020";"-32.13";"13398.17";"OOS1";"TrailingStop";"-33.52";"26.26";"2d 9h 8m";""
"227";"AUDJPY_DukasM1_the5ers";"Buy";"2014.02.10 01:00:00";"91.857";"0.1";"2014.02.13 02:30:00";"91.984";"7.67";"13405.85";"OOS1";"TrailingStop";"-60.81";"72.78";"3d 1h 30m";""
"228";"AUDJPY_DukasM1_the5ers";"Buy";"2014.02.25 10:00:00";"92.278";"0.13";"2014.02.26 16:53:00";"91.645";"-54.50";"13351.35";"OOS1";"TrailingStop";"-53.81";"22.95";"1d 6h 53m";""
"229";"AUDJPY_DukasM1_the5ers";"Buy";"2014.03.07 11:00:00";"93.795";"0.12";"2014.03.07 21:22:00";"93.562";"-18.88";"13332.47";"OOS1";"TrailingStop";"-18.28";"53.75";"10h 22m";""
"230";"AUDJPY_DukasM1_the5ers";"Buy";"2014.03.25 11:00:00";"93.409";"0.14";"2014.03.27 01:47:00";"93.930";"46.85";"13379.31";"OOS1";"TrailingStop";"-3.20";"117.55";"1d 14h 47m";""
"231";"AUDJPY_DukasM1_the5ers";"Buy";"2014.03.27 12:00:00";"94.417";"0.14";"2014.04.01 04:00:00";"95.920";"136.79";"13516.10";"OOS1";"PT";"-11.99";"137.60";"4d 16h 0m";""
"232";"AUDJPY_DukasM1_the5ers";"Buy";"2014.04.01 05:00:00";"95.805";"0.13";"2014.04.07 06:57:00";"95.766";"-4.17";"13511.92";"OOS1";"TrailingStop";"-34.77";"59.93";"6d 1h 57m";""
"233";"AUDJPY_DukasM1_the5ers";"Buy";"2014.05.09 12:00:00";"95.352";"0.17";"2014.05.14 17:46:00";"95.528";"18.58";"13530.50";"OOS1";"TrailingStop";"-31.90";"83.38";"5d 5h 46m";""
"234";"AUDJPY_DukasM1_the5ers";"Buy";"2014.06.04 00:00:00";"94.978";"0.2";"2014.06.11 10:57:00";"96.048";"138.56";"13669.07";"OOS1";"PT";"-7.85";"139.94";"7d 10h 57m";""
"235";"AUDJPY_DukasM1_the5ers";"Buy";"2014.06.11 11:00:00";"96.063";"0.27";"2014.06.12 04:30:00";"95.495";"-101.85";"13567.21";"OOS1";"SL";"-100.29";"10.59";"17h 30m";""
"236";"AUDJPY_DukasM1_the5ers";"Buy";"2014.06.12 11:00:00";"95.953";"0.18";"2014.06.16 16:11:00";"95.483";"-56.32";"13510.90";"OOS1";"TrailingStop";"-55.32";"22.84";"4d 5h 11m";""
"237";"AUDJPY_DukasM1_the5ers";"Buy";"2014.07.24 11:00:00";"95.876";"0.2";"2014.07.31 11:51:00";"95.520";"-47.93";"13462.96";"OOS1";"TrailingStop";"-46.56";"31.52";"7d 0h 51m";""
"238";"AUDJPY_DukasM1_the5ers";"Buy";"2014.08.20 11:00:00";"95.984";"0.23";"2014.08.25 00:05:00";"96.892";"135.11";"13598.07";"OOS1";"PT";"-15.64";"161.68";"4d 13h 5m";""
"239";"AUDJPY_DukasM1_the5ers";"Buy";"2014.08.25 01:00:00";"96.848";"0.2";"2014.08.26 02:05:00";"96.602";"-33.23";"13564.84";"OOS1";"TrailingStop";"-32.17";"35.97";"1d 1h 5m";""
"240";"AUDJPY_DukasM1_the5ers";"Buy";"2014.08.26 14:00:00";"96.757";"0.25";"2014.09.03 02:39:00";"97.612";"137.99";"13702.83";"OOS1";"PT";"-5.39";"139.78";"7d 12h 39m";""
"241";"AUDJPY_DukasM1_the5ers";"Buy";"2014.09.03 03:00:00";"97.635";"0.25";"2014.09.04 15:34:00";"98.479";"136.53";"13839.36";"OOS1";"PT";"-31.55";"137.98";"1d 12h 34m";""
"242";"AUDJPY_DukasM1_the5ers";"Buy";"2014.09.04 16:00:00";"98.383";"0.19";"2014.09.09 16:07:00";"98.059";"-41.36";"13798.00";"OOS1";"TrailingStop";"-40.26";"36.28";"5d 0h 7m";""
"243";"AUDJPY_DukasM1_the5ers";"Buy";"2014.10.27 01:00:00";"95.237";"0.12";"2014.10.29 20:03:00";"95.637";"30.72";"13828.72";"OOS1";"TrailingStop";"-39.16";"81.69";"2d 19h 3m";""
"244";"AUDJPY_DukasM1_the5ers";"Buy";"2014.10.30 15:00:00";"95.977";"0.13";"2014.10.31 07:48:00";"97.546";"132.70";"13961.42";"OOS1";"PT";"-11.39";"133.38";"16h 48m";""
"245";"AUDJPY_DukasM1_the5ers";"Buy";"2014.10.31 08:00:00";"97.512";"0.11";"2014.11.04 02:39:00";"98.349";"59.60";"14021.02";"OOS1";"TrailingStop";"-8.99";"135.52";"3d 18h 39m";""
"246";"AUDJPY_DukasM1_the5ers";"Buy";"2014.11.04 03:00:00";"98.597";"0.09";"2014.11.05 12:07:00";"98.801";"11.53";"14032.55";"OOS1";"TrailingStop";"-1.88";"65.68";"1d 9h 7m";""
"247";"AUDJPY_DukasM1_the5ers";"Buy";"2014.11.06 12:00:00";"98.728";"0.08";"2014.11.13 12:10:00";"101.125";"124.85";"14157.40";"OOS1";"PT";"-25.69";"125.40";"7d 0h 10m";""
"248";"AUDJPY_DukasM1_the5ers";"Buy";"2014.11.13 13:00:00";"101.180";"0.1";"2014.11.17 11:49:00";"101.264";"4.94";"14162.34";"OOS1";"TrailingStop";"-29.03";"79.71";"3d 22h 49m";""
"249";"AUDJPY_DukasM1_the5ers";"Buy";"2014.11.18 03:00:00";"101.701";"0.11";"2014.11.25 03:04:00";"101.578";"-9.60";"14152.73";"OOS1";"TrailingStop";"-27.12";"82.00";"7d 0h 4m";""
"1";"AUDJPY_DukasM1_the5ers";"Buy";"2015.02.18 08:00:00";"93.129";"0.12";"2015.02.19 10:11:00";"92.361";"-60.96";"14091.77";"OOS1";"TrailingStop";"-60.27";"10.83";"1d 2h 11m";""
"2";"AUDJPY_DukasM1_the5ers";"Buy";"2015.02.23 11:00:00";"92.930";"0.11";"2015.02.26 21:11:00";"93.079";"10.02";"14101.79";"OOS1";"TrailingStop";"-36.40";"74.02";"3d 10h 11m";""
"3";"AUDJPY_DukasM1_the5ers";"Buy";"2015.03.24 05:00:00";"94.069";"0.1";"2015.03.26 02:26:00";"93.444";"-41.48";"14060.31";"OOS1";"TrailingStop";"-40.87";"38.91";"1d 21h 26m";""
"4";"AUDJPY_DukasM1_the5ers";"Buy";"2015.04.17 09:00:00";"92.715";"0.12";"2015.04.20 17:01:00";"92.142";"-45.60";"14014.72";"OOS1";"TrailingStop";"-44.96";"34.53";"3d 8h 1m";""
"5";"AUDJPY_DukasM1_the5ers";"Buy";"2015.04.23 19:00:00";"93.156";"0.11";"2015.04.28 17:34:00";"94.983";"130.78";"14145.50";"OOS1";"PT";"-22.95";"131.42";"4d 22h 34m";""
"6";"AUDJPY_DukasM1_the5ers";"Buy";"2015.04.28 18:00:00";"95.090";"0.11";"2015.04.30 05:15:00";"94.947";"-10.95";"14134.54";"OOS1";"TrailingStop";"-17.26";"61.65";"1d 11h 15m";""
"7";"AUDJPY_DukasM1_the5ers";"Buy";"2015.05.13 11:00:00";"95.786";"0.11";"2015.05.14 10:56:00";"96.157";"26.05";"14160.59";"OOS1";"TrailingStop";"-7.55";"108.33";"23h 56m";""
"8";"AUDJPY_DukasM1_the5ers";"Buy";"2015.05.14 15:00:00";"96.620";"0.09";"2015.05.19 04:30:00";"95.604";"-60.32";"14100.27";"OOS1";"TrailingStop";"-59.79";"11.95";"4d 13h 30m";""
"9";"AUDJPY_DukasM1_the5ers";"Buy";"2015.06.03 11:00:00";"96.751";"0.11";"2015.06.04 04:40:00";"95.999";"-54.73";"14045.54";"OOS1";"TrailingStop";"-54.09";"16.98";"17h 40m";""
"10";"AUDJPY_DukasM1_the5ers";"Buy";"2015.08.05 17:00:00";"91.789";"0.13";"2015.08.11 04:46:00";"91.850";"4.33";"14049.87";"OOS1";"TrailingStop";"-37.91";"76.76";"5d 11h 46m";""
"11";"AUDJPY_DukasM1_the5ers";"Buy";"2015.09.16 11:00:00";"86.308";"0.1";"2015.09.17 22:23:00";"86.181";"-8.89";"14040.98";"OOS1";"TrailingStop";"-11.84";"78.41";"1d 11h 23m";""
"12";"AUDJPY_DukasM1_the5ers";"Buy";"2015.09.18 11:00:00";"86.489";"0.07";"2015.09.22 11:25:00";"85.379";"-51.20";"13989.79";"OOS1";"TrailingStop";"-50.81";"17.07";"4d 0h 25m";""
"13";"AUDJPY_DukasM1_the5ers";"Buy";"2015.10.07 11:00:00";"86.486";"0.1";"2015.10.12 11:24:00";"88.517";"132.18";"14121.96";"OOS1";"PT";"-44.79";"132.81";"5d 0h 24m";""
"14";"AUDJPY_DukasM1_the5ers";"Buy";"2015.10.12 12:00:00";"88.490";"0.1";"2015.10.13 05:09:00";"87.605";"-58.40";"14063.57";"OOS1";"TrailingStop";"-57.87";"7.85";"17h 9m";""
"15";"AUDJPY_DukasM1_the5ers";"Buy";"2015.11.13 10:00:00";"87.505";"0.15";"2015.11.16 01:09:00";"86.944";"-55.82";"14007.75";"OOS1";"TrailingStop";"-55.03";"17.07";"2d 15h 9m";""
"16";"AUDJPY_DukasM1_the5ers";"Buy";"2015.11.18 04:00:00";"87.626";"0.16";"2015.11.20 16:24:00";"88.959";"138.50";"14146.24";"OOS1";"PT";"-25.84";"139.47";"2d 12h 24m";""
"17";"AUDJPY_DukasM1_the5ers";"Buy";"2015.11.20 17:00:00";"88.997";"0.15";"2015.11.26 12:13:00";"88.414";"-58.18";"14088.07";"OOS1";"TrailingStop";"-94.75";"11.18";"5d 19h 13m";""
"18";"AUDJPY_DukasM1_the5ers";"Buy";"2015.11.26 21:00:00";"88.673";"0.17";"2015.12.01 16:40:00";"89.888";"134.08";"14222.15";"OOS1";"PT";"-70.04";"135.07";"4d 19h 40m";""
"19";"AUDJPY_DukasM1_the5ers";"Buy";"2015.12.01 17:00:00";"89.889";"0.12";"2015.12.03 17:09:00";"89.829";"-5.44";"14216.71";"OOS1";"TrailingStop";"-14.52";"54.14";"2d 0h 9m";""
"20";"AUDJPY_DukasM1_the5ers";"Buy";"2015.12.03 20:00:00";"90.039";"0.11";"2015.12.07 17:02:00";"89.670";"-27.15";"14189.56";"OOS1";"TrailingStop";"-31.29";"49.35";"3d 21h 2m";""
"21";"AUDJPY_DukasM1_the5ers";"Buy";"2016.01.27 10:00:00";"83.155";"0.07";"2016.01.29 05:43:00";"86.162";"137.22";"14326.78";"OOS1";"PT";"-13.23";"137.64";"1d 19h 43m";""
"22";"AUDJPY_DukasM1_the5ers";"Buy";"2016.01.29 06:00:00";"85.370";"0.06";"2016.02.02 16:51:00";"84.711";"-26.19";"14300.59";"OOS1";"TrailingStop";"-40.45";"38.96";"4d 10h 51m";""
"23";"AUDJPY_DukasM1_the5ers";"Buy";"2016.03.02 11:00:00";"82.605";"0.07";"2016.03.08 03:45:00";"83.877";"57.76";"14358.35";"OOS1";"TrailingStop";"-18.22";"110.27";"5d 16h 45m";""
"24";"AUDJPY_DukasM1_the5ers";"Buy";"2016.03.08 07:00:00";"84.182";"0.09";"2016.03.10 18:25:00";"84.202";"0.63";"14358.98";"OOS1";"TrailingStop";"-49.26";"84.45";"2d 11h 25m";""
"25";"AUDJPY_DukasM1_the5ers";"Buy";"2016.03.11 06:00:00";"85.001";"0.07";"2016.03.15 03:37:00";"85.174";"7.53";"14366.52";"OOS1";"TrailingStop";"-7.10";"64.31";"3d 21h 37m";""
"26";"AUDJPY_DukasM1_the5ers";"Buy";"2016.03.30 10:00:00";"85.830";"0.13";"2016.04.01 15:51:00";"85.595";"-20.77";"14345.75";"OOS1";"TrailingStop";"-19.98";"74.04";"2d 5h 51m";""
"27";"AUDJPY_DukasM1_the5ers";"Buy";"2016.04.20 00:00:00";"85.313";"0.1";"2016.04.21 16:56:00";"84.810";"-33.47";"14312.28";"OOS1";"TrailingStop";"-46.30";"39.56";"1d 16h 56m";""
"28";"AUDJPY_DukasM1_the5ers";"Buy";"2016.04.25 03:00:00";"85.942";"0.09";"2016.04.27 04:36:00";"85.383";"-33.40";"14278.88";"OOS1";"TrailingStop";"-41.37";"21.13";"2d 1h 36m";""
"29";"AUDJPY_DukasM1_the5ers";"Buy";"2016.07.12 09:00:00";"78.204";"0.1";"2016.07.12 19:33:00";"80.330";"138.52";"14417.40";"OOS1";"PT";"-2.68";"139.02";"10h 33m";""
"30";"AUDJPY_DukasM1_the5ers";"Buy";"2016.07.13 00:00:00";"79.807";"0.08";"2016.07.15 19:25:00";"79.859";"2.23";"14419.64";"OOS1";"TrailingStop";"-50.01";"88.78";"2d 19h 25m";""
"31";"AUDJPY_DukasM1_the5ers";"Buy";"2016.07.15 21:00:00";"80.225";"0.06";"2016.07.19 10:54:00";"79.368";"-33.96";"14385.68";"OOS1";"TrailingStop";"-42.81";"21.70";"3d 13h 54m";""
"32";"AUDJPY_DukasM1_the5ers";"Buy";"2016.09.01 11:00:00";"77.943";"0.19";"2016.09.06 04:45:00";"79.027";"133.58";"14519.26";"OOS1";"PT";"-17.15";"134.68";"4d 17h 45m";""
"33";"AUDJPY_DukasM1_the5ers";"Buy";"2016.09.28 11:00:00";"77.345";"0.13";"2016.09.29 20:18:00";"77.239";"-9.77";"14509.50";"OOS1";"TrailingStop";"-36.89";"70.13";"1d 9h 18m";""
"34";"AUDJPY_DukasM1_the5ers";"Buy";"2016.09.30 15:00:00";"77.177";"0.09";"2016.10.07 16:47:00";"78.286";"64.65";"14574.14";"OOS1";"TrailingStop";"-3.18";"108.35";"7d 1h 47m";""
"35";"AUDJPY_DukasM1_the5ers";"Buy";"2016.10.14 00:00:00";"78.483";"0.11";"2016.10.19 17:07:00";"79.156";"47.77";"14621.92";"OOS1";"TrailingStop";"-7.55";"110.27";"5d 17h 7m";""
"36";"AUDJPY_DukasM1_the5ers";"Buy";"2016.10.19 20:00:00";"79.757";"0.13";"2016.10.21 00:14:00";"79.207";"-47.54";"14574.37";"OOS1";"TrailingStop";"-46.76";"20.91";"1d 4h 14m";""
"37";"AUDJPY_DukasM1_the5ers";"Buy";"2016.10.26 08:00:00";"80.184";"0.14";"2016.10.28 20:25:00";"79.524";"-61.27";"14513.10";"OOS1";"TrailingStop";"-60.42";"6.96";"2d 12h 25m";""
"38";"AUDJPY_DukasM1_the5ers";"Buy";"2016.11.08 11:00:00";"80.612";"0.13";"2016.11.09 02:43:00";"80.775";"13.17";"14526.27";"OOS1";"TrailingStop";"-12.50";"100.31";"15h 43m";""
"39";"AUDJPY_DukasM1_the5ers";"Buy";"2016.11.09 03:00:00";"81.898";"0.08";"2016.11.09 04:02:00";"80.195";"-89.49";"14436.78";"OOS1";"SL";"-89.09";"1.52";"1h 2m";""
"40";"AUDJPY_DukasM1_the5ers";"Buy";"2016.11.10 00:00:00";"80.667";"0.04";"2016.11.11 16:58:00";"80.278";"-10.39";"14426.39";"OOS1";"TrailingStop";"-10.18";"46.77";"1d 16h 58m";""
"41";"AUDJPY_DukasM1_the5ers";"Buy";"2016.11.16 04:00:00";"82.348";"0.1";"2016.11.16 22:54:00";"81.515";"-54.97";"14371.42";"OOS1";"TrailingStop";"-54.47";"16.87";"18h 54m";""
"42";"AUDJPY_DukasM1_the5ers";"Buy";"2016.11.24 07:00:00";"83.124";"0.14";"2016.11.28 02:46:00";"83.681";"50.22";"14421.64";"OOS1";"TrailingStop";"-5.68";"136.96";"3d 19h 46m";""
"43";"AUDJPY_DukasM1_the5ers";"Buy";"2016.11.28 16:00:00";"84.095";"0.1";"2016.12.05 00:52:00";"83.966";"-9.12";"14412.52";"OOS1";"TrailingStop";"-32.11";"49.37";"6d 8h 52m";""
"44";"AUDJPY_DukasM1_the5ers";"Buy";"2016.12.06 03:00:00";"84.740";"0.1";"2016.12.15 02:02:00";"86.891";"139.86";"14552.38";"OOS1";"PT";"-11.38";"140.66";"8d 23h 2m";""
"45";"AUDJPY_DukasM1_the5ers";"Buy";"2016.12.15 03:00:00";"87.198";"0.12";"2016.12.16 15:43:00";"86.593";"-48.11";"14504.27";"OOS1";"TrailingStop";"-47.47";"26.13";"1d 12h 43m";""
"46";"AUDJPY_DukasM1_the5ers";"Buy";"2017.01.10 19:00:00";"85.328";"0.13";"2017.01.16 04:32:00";"85.324";"-1.20";"14503.07";"OOS1";"TrailingStop";"-13.60";"80.76";"5d 9h 32m";""
"47";"AUDJPY_DukasM1_the5ers";"Buy";"2017.01.19 11:00:00";"86.521";"0.14";"2017.01.23 01:23:00";"86.240";"-26.50";"14476.57";"OOS1";"TrailingStop";"-25.73";"49.89";"3d 14h 23m";""
"48";"AUDJPY_DukasM1_the5ers";"Buy";"2017.02.13 11:00:00";"87.221";"0.14";"2017.02.16 11:50:00";"87.475";"22.37";"14498.94";"OOS1";"TrailingStop";"-35.98";"87.70";"3d 0h 50m";""
"49";"AUDJPY_DukasM1_the5ers";"Buy";"2017.03.16 11:00:00";"87.209";"0.15";"2017.03.21 17:33:00";"86.222";"-97.68";"14401.25";"OOS1";"SL";"-96.81";"3.24";"5d 6h 33m";""
"1";"AUDJPY_DukasM1_the5ers";"Buy";"2017.04.26 02:00:00";"83.707";"0.14";"2017.04.26 18:49:00";"83.131";"-53.43";"14347.82";"OOS1";"TrailingStop";"-52.73";"28.20";"16h 49m";""
"2";"AUDJPY_DukasM1_the5ers";"Buy";"2017.05.02 06:00:00";"84.359";"0.16";"2017.05.03 09:40:00";"83.924";"-46.36";"14301.47";"OOS1";"TrailingStop";"-45.51";"18.83";"1d 3h 40m";""
"3";"AUDJPY_DukasM1_the5ers";"Buy";"2017.06.15 05:00:00";"83.529";"0.12";"2017.06.20 18:52:00";"84.488";"74.56";"14376.02";"OOS1";"TrailingStop";"-25.58";"122.02";"5d 13h 52m";""
"4";"AUDJPY_DukasM1_the5ers";"Buy";"2017.06.27 07:00:00";"85.022";"0.2";"2017.06.29 10:00:00";"86.092";"138.73";"14514.75";"OOS1";"PT";"-23.28";"139.94";"2d 3h 0m";""
"5";"AUDJPY_DukasM1_the5ers";"Buy";"2017.06.29 11:00:00";"86.291";"0.15";"2017.06.29 19:59:00";"85.787";"-50.19";"14464.56";"OOS1";"TrailingStop";"-49.44";"24.13";"8h 59m";""
"6";"AUDJPY_DukasM1_the5ers";"Buy";"2017.06.30 00:00:00";"86.185";"0.12";"2017.07.04 07:38:00";"86.275";"6.40";"14470.96";"OOS1";"TrailingStop";"-26.37";"63.09";"4d 7h 38m";""
"7";"AUDJPY_DukasM1_the5ers";"Buy";"2017.07.12 21:00:00";"86.995";"0.16";"2017.07.18 03:53:00";"87.583";"60.46";"14531.42";"OOS1";"TrailingStop";"-17.16";"134.13";"5d 6h 53m";""
"8";"AUDJPY_DukasM1_the5ers";"Buy";"2017.07.18 05:00:00";"88.276";"0.13";"2017.07.21 05:40:00";"88.444";"13.46";"14544.88";"OOS1";"TrailingStop";"-2.13";"89.18";"3d 0h 40m";""
"9";"AUDJPY_DukasM1_the5ers";"Buy";"2017.08.30 10:00:00";"87.693";"0.11";"2017.09.04 00:05:00";"87.206";"-35.73";"14509.15";"OOS1";"TrailingStop";"-54.09";"17.62";"4d 14h 5m";""
"10";"AUDJPY_DukasM1_the5ers";"Buy";"2017.09.04 03:00:00";"87.470";"0.12";"2017.09.05 20:32:00";"86.724";"-59.17";"14449.98";"OOS1";"TrailingStop";"-58.54";"11.14";"1d 17h 32m";""
"11";"AUDJPY_DukasM1_the5ers";"Buy";"2017.09.12 09:00:00";"87.712";"0.16";"2017.09.15 01:01:00";"87.959";"24.83";"14474.81";"OOS1";"TrailingStop";"-2.30";"107.98";"2d 16h 1m";""
"12";"AUDJPY_DukasM1_the5ers";"Buy";"2017.09.15 10:00:00";"88.505";"0.13";"2017.09.18 21:44:00";"88.564";"4.33";"14479.14";"OOS1";"TrailingStop";"-4.85";"70.81";"3d 11h 44m";""
"13";"AUDJPY_DukasM1_the5ers";"Buy";"2017.09.20 03:00:00";"89.342";"0.16";"2017.09.21 09:00:00";"89.508";"16.44";"14495.58";"OOS1";"TrailingStop";"-12.03";"100.23";"1d 6h 0m";""
"14";"AUDJPY_DukasM1_the5ers";"Buy";"2017.10.19 11:00:00";"88.726";"0.18";"2017.10.23 22:57:00";"88.455";"-32.89";"14462.69";"OOS1";"TrailingStop";"-39.78";"40.84";"4d 11h 57m";""
"15";"AUDJPY_DukasM1_the5ers";"Buy";"2017.12.05 03:00:00";"85.782";"0.16";"2017.12.06 02:30:00";"85.477";"-32.75";"14429.93";"OOS1";"TrailingStop";"-31.91";"43.73";"23h 30m";""
"16";"AUDJPY_DukasM1_the5ers";"Buy";"2017.12.15 17:00:00";"86.246";"0.18";"2017.12.22 04:10:00";"87.431";"138.24";"14568.18";"OOS1";"PT";"-38.49";"139.48";"6d 11h 10m";""
"17";"AUDJPY_DukasM1_the5ers";"Buy";"2017.12.22 05:00:00";"87.416";"0.23";"2018.01.02 07:06:00";"88.339";"137.12";"14705.29";"OOS1";"PT";"-19.55";"138.82";"11d 2h 6m";""
"18";"AUDJPY_DukasM1_the5ers";"Buy";"2018.01.03 11:00:00";"88.024";"0.2";"2018.01.05 22:25:00";"89.086";"137.68";"14842.97";"OOS1";"PT";"-17.26";"138.89";"2d 11h 25m";""
"19";"AUDJPY_DukasM1_the5ers";"Buy";"2018.01.05 23:00:00";"89.074";"0.22";"2018.01.09 10:03:00";"88.393";"-99.19";"14743.78";"OOS1";"SL";"-97.97";"0.00";"3d 11h 3m";""
"20";"AUDJPY_DukasM1_the5ers";"Buy";"2018.01.18 10:00:00";"88.726";"0.13";"2018.01.23 05:15:00";"88.489";"-20.90";"14722.88";"OOS1";"TrailingStop";"-30.18";"28.99";"4d 19h 15m";""
"21";"AUDJPY_DukasM1_the5ers";"Buy";"2018.03.14 12:00:00";"84.073";"0.15";"2018.03.14 17:37:00";"83.505";"-56.46";"14666.42";"OOS1";"TrailingStop";"-55.71";"18.15";"5h 37m";""
"22";"AUDJPY_DukasM1_the5ers";"Buy";"2018.04.05 11:00:00";"82.336";"0.12";"2018.04.13 14:47:00";"84.064";"134.74";"14801.16";"OOS1";"PT";"-34.21";"135.60";"8d 3h 47m";""
"23";"AUDJPY_DukasM1_the5ers";"Buy";"2018.04.13 15:00:00";"83.986";"0.16";"2018.04.19 19:24:00";"83.032";"-100.87";"14700.28";"OOS1";"SL";"-99.81";"2.51";"6d 4h 24m";""
"24";"AUDJPY_DukasM1_the5ers";"Buy";"2018.05.17 03:00:00";"82.983";"0.18";"2018.05.21 18:16:00";"84.146";"135.90";"14836.18";"OOS1";"PT";"-16.71";"136.89";"4d 15h 16m";""
"25";"AUDJPY_DukasM1_the5ers";"Buy";"2018.05.22 03:00:00";"84.171";"0.19";"2018.05.23 04:18:00";"83.856";"-40.14";"14796.04";"OOS1";"TrailingStop";"-39.14";"38.02";"1d 1h 18m";""
"26";"AUDJPY_DukasM1_the5ers";"Buy";"2018.06.07 02:00:00";"84.495";"0.18";"2018.06.07 19:46:00";"83.646";"-100.83";"14695.21";"OOS1";"SL";"-99.93";"4.71";"17h 46m";""
"27";"AUDJPY_DukasM1_the5ers";"Buy";"2018.07.09 06:00:00";"82.406";"0.17";"2018.07.11 00:02:00";"82.591";"19.62";"14714.83";"OOS1";"TrailingStop";"-7.00";"83.71";"1d 18h 2m";""
"28";"AUDJPY_DukasM1_the5ers";"Buy";"2018.07.11 20:00:00";"82.702";"0.13";"2018.07.18 11:11:00";"83.045";"28.26";"14743.10";"OOS1";"TrailingStop";"-26.95";"83.65";"6d 15h 11m";""
"29";"AUDJPY_DukasM1_the5ers";"Buy";"2018.07.19 04:00:00";"83.465";"0.21";"2018.07.19 11:28:00";"83.203";"-37.03";"14706.07";"OOS1";"TrailingStop";"-35.98";"63.58";"7h 28m";""
"30";"AUDJPY_DukasM1_the5ers";"Buy";"2018.08.28 00:00:00";"81.637";"0.19";"2018.08.29 08:36:00";"81.237";"-50.70";"14655.37";"OOS1";"TrailingStop";"-49.70";"19.76";"1d 8h 36m";""
"31";"AUDJPY_DukasM1_the5ers";"Buy";"2018.08.29 20:00:00";"81.619";"0.17";"2018.08.30 16:04:00";"81.106";"-58.02";"14597.35";"OOS1";"TrailingStop";"-57.03";"9.12";"20h 4m";""
"32";"AUDJPY_DukasM1_the5ers";"Buy";"2018.09.19 04:00:00";"81.049";"0.13";"2018.09.24 00:05:00";"81.704";"54.86";"14652.21";"OOS1";"TrailingStop";"-2.47";"111.45";"4d 20h 5m";""
"33";"AUDJPY_DukasM1_the5ers";"Buy";"2018.09.24 19:00:00";"81.814";"0.16";"2018.09.27 08:15:00";"81.673";"-15.77";"14636.45";"OOS1";"TrailingStop";"-15.80";"72.19";"2d 13h 15m";""
"34";"AUDJPY_DukasM1_the5ers";"Buy";"2018.10.31 11:00:00";"80.198";"0.14";"2018.11.02 06:48:00";"81.717";"138.21";"14774.66";"OOS1";"PT";"-35.34";"139.06";"1d 19h 48m";""
"35";"AUDJPY_DukasM1_the5ers";"Buy";"2018.11.02 11:00:00";"81.674";"0.12";"2018.11.09 09:14:00";"82.418";"57.56";"14832.22";"OOS1";"TrailingStop";"-33.74";"107.90";"6d 22h 14m";""
"36";"AUDJPY_DukasM1_the5ers";"Buy";"2018.11.29 10:00:00";"82.975";"0.17";"2018.12.04 16:56:00";"83.127";"15.91";"14848.13";"OOS1";"TrailingStop";"-26.24";"102.83";"5d 6h 56m";""
"37";"AUDJPY_DukasM1_the5ers";"Buy";"2019.01.15 00:00:00";"77.833";"0.16";"2019.01.17 09:38:00";"77.774";"-7.14";"14840.98";"OOS1";"TrailingStop";"-6.38";"71.67";"2d 9h 38m";""
"38";"AUDJPY_DukasM1_the5ers";"Buy";"2019.01.18 03:00:00";"78.615";"0.12";"2019.01.22 09:14:00";"77.986";"-50.02";"14790.96";"OOS1";"TrailingStop";"-49.36";"38.22";"4d 6h 14m";""
"39";"AUDJPY_DukasM1_the5ers";"Buy";"2019.01.28 11:00:00";"78.592";"0.15";"2019.02.06 03:30:00";"79.124";"51.07";"14842.03";"OOS1";"TrailingStop";"-61.70";"122.71";"8d 16h 30m";""
"40";"AUDJPY_DukasM1_the5ers";"Buy";"2019.02.26 22:00:00";"79.505";"0.18";"2019.02.27 17:10:00";"78.958";"-65.33";"14776.70";"OOS1";"TrailingStop";"-64.39";"7.77";"19h 10m";""
"41";"AUDJPY_DukasM1_the5ers";"Buy";"2019.03.19 15:00:00";"79.148";"0.22";"2019.03.21 18:25:00";"78.620";"-77.30";"14699.40";"OOS1";"TrailingStop";"-75.96";"30.21";"2d 3h 25m";""
"42";"AUDJPY_DukasM1_the5ers";"Buy";"2019.04.04 18:00:00";"79.357";"0.21";"2019.04.08 03:46:00";"79.153";"-29.18";"14670.22";"OOS1";"TrailingStop";"-28.01";"38.31";"3d 9h 46m";""
"43";"AUDJPY_DukasM1_the5ers";"Buy";"2019.04.08 19:00:00";"79.421";"0.24";"2019.04.09 20:27:00";"79.142";"-45.05";"14625.17";"OOS1";"TrailingStop";"-43.79";"30.29";"1d 1h 27m";""
"44";"AUDJPY_DukasM1_the5ers";"Buy";"2019.04.11 06:00:00";"79.529";"0.21";"2019.04.16 05:06:00";"79.928";"53.57";"14678.75";"OOS1";"TrailingStop";"-14.28";"131.14";"4d 23h 6m";""
"45";"AUDJPY_DukasM1_the5ers";"Buy";"2019.04.17 06:00:00";"80.561";"0.17";"2019.04.18 17:20:00";"80.022";"-60.91";"14617.84";"OOS1";"TrailingStop";"-59.92";"13.45";"1d 11h 20m";""
"1";"AUDJPY_DukasM1_the5ers";"Buy";"2019.06.28 08:00:00";"75.467";"0.29";"2019.07.01 01:56:00";"76.239";"144.87";"14762.71";"OOS1";"PT";"-14.98";"146.40";"2d 17h 56m";""
"2";"AUDJPY_DukasM1_the5ers";"Buy";"2019.07.01 02:00:00";"76.287";"0.25";"2019.07.01 04:45:00";"75.675";"-101.30";"14661.41";"OOS1";"SL";"-100.05";"0.00";"2h 45m";""
"3";"AUDJPY_DukasM1_the5ers";"Buy";"2019.07.02 12:00:00";"75.583";"0.24";"2019.07.02 22:06:00";"75.336";"-39.96";"14621.45";"OOS1";"TrailingStop";"-38.76";"25.42";"10h 6m";""
"4";"AUDJPY_DukasM1_the5ers";"Buy";"2019.07.17 08:00:00";"75.889";"0.33";"2019.07.18 00:28:00";"75.632";"-57.37";"14564.07";"OOS1";"TrailingStop";"-55.46";"6.26";"16h 28m";""
"5";"AUDJPY_DukasM1_the5ers";"Buy";"2019.09.05 11:00:00";"72.591";"0.2";"2019.09.10 03:52:00";"73.735";"148.46";"14712.53";"OOS1";"PT";"-10.99";"149.62";"4d 16h 52m";""
"6";"AUDJPY_DukasM1_the5ers";"Buy";"2019.09.10 04:00:00";"73.724";"0.25";"2019.09.12 15:33:00";"73.983";"40.82";"14753.35";"OOS1";"TrailingStop";"-50.68";"122.94";"2d 11h 33m";""
"7";"AUDJPY_DukasM1_the5ers";"Buy";"2019.09.12 16:00:00";"73.982";"0.23";"2019.09.16 00:05:00";"74.066";"11.36";"14764.71";"OOS1";"TrailingStop";"-36.10";"77.31";"3d 8h 5m";""
"8";"AUDJPY_DukasM1_the5ers";"Buy";"2019.09.16 23:00:00";"74.224";"0.22";"2019.09.18 21:38:00";"73.864";"-53.01";"14711.71";"OOS1";"TrailingStop";"-51.79";"10.36";"1d 22h 38m";""
"9";"AUDJPY_DukasM1_the5ers";"Buy";"2019.10.11 11:00:00";"73.260";"0.21";"2019.10.14 04:15:00";"73.317";"6.72";"14718.43";"OOS1";"TrailingStop";"-6.73";"95.71";"2d 17h 15m";""
"10";"AUDJPY_DukasM1_the5ers";"Buy";"2019.10.14 05:00:00";"73.449";"0.16";"2019.10.16 04:19:00";"73.102";"-37.19";"14681.24";"OOS1";"TrailingStop";"-47.71";"24.80";"1d 23h 19m";""
"11";"AUDJPY_DukasM1_the5ers";"Buy";"2019.10.18 05:00:00";"74.135";"0.21";"2019.10.22 15:47:00";"74.387";"33.44";"14714.68";"OOS1";"TrailingStop";"-5.22";"94.48";"4d 10h 47m";""
"12";"AUDJPY_DukasM1_the5ers";"Buy";"2019.10.22 20:00:00";"74.563";"0.28";"2019.10.23 05:49:00";"74.026";"-99.80";"14614.88";"OOS1";"SL";"-98.32";"1.28";"9h 49m";""
"13";"AUDJPY_DukasM1_the5ers";"Buy";"2019.10.30 08:00:00";"74.718";"0.3";"2019.10.31 11:05:00";"74.887";"31.41";"14646.29";"OOS1";"TrailingStop";"-21.97";"113.00";"1d 3h 5m";""
"14";"AUDJPY_DukasM1_the5ers";"Buy";"2019.11.06 11:00:00";"75.290";"0.24";"2019.11.07 03:52:00";"74.675";"-97.91";"14548.38";"OOS1";"SL";"-96.52";"0.00";"16h 52m";""
"15";"AUDJPY_DukasM1_the5ers";"Buy";"2019.12.03 11:00:00";"74.835";"0.25";"2019.12.03 16:48:00";"74.234";"-99.50";"14448.88";"OOS1";"SL";"-98.25";"1.47";"5h 48m";""
"16";"AUDJPY_DukasM1_the5ers";"Buy";"2019.12.04 12:00:00";"74.267";"0.21";"2019.12.05 15:10:00";"74.235";"-5.61";"14443.26";"OOS1";"TrailingStop";"-13.46";"51.63";"1d 3h 10m";""
"17";"AUDJPY_DukasM1_the5ers";"Buy";"2019.12.12 11:00:00";"74.807";"0.34";"2019.12.12 21:30:00";"75.465";"144.60";"14587.86";"OOS1";"PT";"-12.67";"146.30";"10h 30m";""
"18";"AUDJPY_DukasM1_the5ers";"Buy";"2019.12.13 00:00:00";"75.510";"0.22";"2019.12.13 16:07:00";"75.406";"-16.06";"14571.80";"OOS1";"TrailingStop";"-40.57";"66.61";"16h 7m";""
"19";"AUDJPY_DukasM1_the5ers";"Buy";"2019.12.16 12:00:00";"75.317";"0.2";"2019.12.17 04:20:00";"75.151";"-22.76";"14549.03";"OOS1";"TrailingStop";"-21.71";"40.80";"16h 20m";""
"20";"AUDJPY_DukasM1_the5ers";"Buy";"2019.12.27 10:00:00";"76.144";"0.43";"2019.12.30 16:46:00";"76.220";"19.10";"14568.14";"OOS1";"TrailingStop";"-8.72";"112.76";"3d 6h 46m";""
"21";"AUDJPY_DukasM1_the5ers";"Buy";"2020.02.13 20:00:00";"73.818";"0.2";"2020.02.18 02:31:00";"73.551";"-36.08";"14532.06";"OOS1";"TrailingStop";"-34.92";"21.84";"4d 6h 31m";""
"22";"AUDJPY_DukasM1_the5ers";"Buy";"2020.02.20 11:00:00";"74.122";"0.18";"2020.02.21 09:34:00";"73.763";"-43.20";"14488.85";"OOS1";"TrailingStop";"-42.26";"34.61";"22h 34m";""
"23";"AUDJPY_DukasM1_the5ers";"Buy";"2020.04.08 17:00:00";"67.385";"0.11";"2020.04.13 08:31:00";"68.353";"68.93";"14557.79";"OOS1";"TrailingStop";"-6.91";"118.11";"4d 15h 31m";""
"24";"AUDJPY_DukasM1_the5ers";"Buy";"2020.04.13 20:00:00";"68.687";"0.17";"2020.04.14 12:31:00";"68.590";"-11.68";"14546.11";"OOS1";"TrailingStop";"-10.78";"63.81";"16h 31m";""
"25";"AUDJPY_DukasM1_the5ers";"Buy";"2020.04.14 18:00:00";"68.847";"0.14";"2020.04.15 08:46:00";"68.412";"-40.56";"14505.55";"OOS1";"TrailingStop";"-39.82";"23.16";"14h 46m";""
"26";"AUDJPY_DukasM1_the5ers";"Buy";"2020.04.28 11:00:00";"69.471";"0.17";"2020.04.30 16:03:00";"69.431";"-5.48";"14500.07";"OOS1";"TrailingStop";"-29.24";"52.92";"2d 5h 3m";""
"27";"AUDJPY_DukasM1_the5ers";"Buy";"2020.04.30 18:00:00";"70.015";"0.14";"2020.05.01 10:34:00";"68.947";"-98.51";"14401.56";"OOS1";"SL";"-97.77";"12.18";"16h 34m";""
"28";"AUDJPY_DukasM1_the5ers";"Buy";"2020.05.12 09:00:00";"69.574";"0.14";"2020.05.12 23:05:00";"69.403";"-16.39";"14385.16";"OOS1";"TrailingStop";"-15.65";"53.28";"14h 5m";""
"29";"AUDJPY_DukasM1_the5ers";"Buy";"2020.05.19 07:00:00";"69.995";"0.16";"2020.05.22 05:13:00";"70.433";"44.81";"14429.98";"OOS1";"TrailingStop";"-7.43";"113.73";"2d 22h 13m";""
"30";"AUDJPY_DukasM1_the5ers";"Buy";"2020.05.27 06:00:00";"71.445";"0.16";"2020.05.27 16:25:00";"71.264";"-19.74";"14410.24";"OOS1";"TrailingStop";"-18.94";"50.01";"10h 25m";""
"31";"AUDJPY_DukasM1_the5ers";"Buy";"2020.05.28 04:00:00";"71.497";"0.15";"2020.06.01 19:13:00";"73.024";"148.95";"14559.19";"OOS1";"PT";"-47.38";"149.78";"4d 15h 13m";""
"32";"AUDJPY_DukasM1_the5ers";"Buy";"2020.06.01 20:00:00";"72.993";"0.11";"2020.06.03 02:24:00";"75.003";"143.97";"14703.16";"OOS1";"PT";"-4.53";"144.58";"1d 6h 24m";""
"33";"AUDJPY_DukasM1_the5ers";"Buy";"2020.06.03 03:00:00";"75.261";"0.12";"2020.06.03 13:59:00";"74.741";"-41.40";"14661.76";"OOS1";"TrailingStop";"-40.80";"39.00";"10h 59m";""
"34";"AUDJPY_DukasM1_the5ers";"Buy";"2020.06.04 00:00:00";"75.384";"0.1";"2020.06.08 17:26:00";"75.885";"32.21";"14693.96";"OOS1";"TrailingStop";"-34.33";"91.68";"4d 17h 26m";""
"35";"AUDJPY_DukasM1_the5ers";"Buy";"2020.07.02 02:00:00";"74.343";"0.17";"2020.07.07 10:12:00";"74.655";"33.70";"14727.66";"OOS1";"TrailingStop";"-18.34";"90.93";"5d 8h 12m";""
"36";"AUDJPY_DukasM1_the5ers";"Buy";"2020.07.07 17:00:00";"74.897";"0.19";"2020.07.09 18:05:00";"74.583";"-40.17";"14687.50";"OOS1";"TrailingStop";"-48.58";"20.38";"2d 1h 5m";""
"37";"AUDJPY_DukasM1_the5ers";"Buy";"2020.07.16 17:00:00";"74.969";"0.2";"2020.07.21 15:43:00";"76.079";"144.01";"14831.51";"OOS1";"PT";"-30.73";"145.17";"4d 22h 43m";""
"38";"AUDJPY_DukasM1_the5ers";"Buy";"2020.07.21 16:00:00";"76.048";"0.21";"2020.07.23 15:33:00";"76.212";"21.25";"14852.75";"OOS1";"TrailingStop";"-30.90";"112.88";"1d 23h 33m";""
"39";"AUDJPY_DukasM1_the5ers";"Buy";"2020.08.13 06:00:00";"76.518";"0.2";"2020.08.14 12:07:00";"76.224";"-39.50";"14813.25";"OOS1";"TrailingStop";"-38.45";"23.93";"1d 6h 7m";""
"40";"AUDJPY_DukasM1_the5ers";"Buy";"2020.08.26 11:00:00";"76.521";"0.23";"2020.08.28 02:36:00";"77.494";"144.94";"14958.19";"OOS1";"PT";"-8.87";"146.34";"1d 15h 36m";""
"41";"AUDJPY_DukasM1_the5ers";"Buy";"2020.08.28 03:00:00";"77.549";"0.21";"2020.08.28 08:10:00";"77.408";"-20.41";"14937.78";"OOS1";"TrailingStop";"-23.89";"56.17";"5h 10m";""
"42";"AUDJPY_DukasM1_the5ers";"Buy";"2020.08.31 03:00:00";"77.799";"0.18";"2020.09.02 04:32:00";"77.823";"1.83";"14939.61";"OOS1";"TrailingStop";"-45.91";"77.92";"2d 1h 32m";""
"43";"AUDJPY_DukasM1_the5ers";"Buy";"2020.10.12 04:00:00";"76.265";"0.25";"2020.10.12 16:14:00";"75.965";"-50.29";"14889.31";"OOS1";"TrailingStop";"-49.04";"17.17";"12h 14m";""
"44";"AUDJPY_DukasM1_the5ers";"Buy";"2020.11.04 15:00:00";"74.823";"0.09";"2020.11.12 08:15:00";"76.390";"91.53";"14980.85";"OOS1";"TrailingStop";"-22.19";"133.89";"7d 17h 15m";""
"45";"AUDJPY_DukasM1_the5ers";"Buy";"2020.11.25 23:00:00";"76.955";"0.21";"2020.11.30 08:58:00";"76.681";"-38.96";"14941.89";"OOS1";"TrailingStop";"-63.03";"21.56";"4d 9h 58m";""
"46";"AUDJPY_DukasM1_the5ers";"Buy";"2020.12.03 03:00:00";"77.340";"0.21";"2020.12.04 03:32:00";"77.123";"-30.91";"14910.98";"OOS1";"TrailingStop";"-29.80";"30.49";"1d 0h 32m";""
"47";"AUDJPY_DukasM1_the5ers";"Buy";"2020.12.10 06:00:00";"78.031";"0.2";"2020.12.11 19:11:00";"78.208";"22.10";"14933.08";"OOS1";"TrailingStop";"-19.62";"97.96";"1d 13h 11m";""
"48";"AUDJPY_DukasM1_the5ers";"Buy";"2020.12.11 21:00:00";"78.392";"0.19";"2020.12.16 07:37:00";"78.136";"-32.91";"14900.17";"OOS1";"TrailingStop";"-31.81";"38.76";"4d 10h 37m";""
"49";"AUDJPY_DukasM1_the5ers";"Buy";"2020.12.18 10:00:00";"78.690";"0.25";"2020.12.21 03:48:00";"78.342";"-58.21";"14841.96";"OOS1";"TrailingStop";"-56.89";"21.91";"2d 17h 48m";""
"50";"AUDJPY_DukasM1_the5ers";"Buy";"2020.12.29 05:00:00";"78.807";"0.24";"2020.12.31 13:48:00";"79.734";"144.03";"14985.99";"OOS1";"PT";"-15.07";"145.48";"2d 8h 48m";""
"51";"AUDJPY_DukasM1_the5ers";"Buy";"2020.12.31 14:00:00";"79.789";"0.22";"2021.01.04 18:54:00";"79.093";"-101.35";"14884.64";"OOS1";"SL";"-100.13";"0.00";"4d 4h 54m";""
"52";"AUDJPY_DukasM1_the5ers";"Buy";"2021.01.06 03:00:00";"79.756";"0.18";"2021.01.11 01:54:00";"80.376";"71.84";"14956.48";"OOS1";"TrailingStop";"-26.60";"137.72";"4d 22h 54m";""
"53";"AUDJPY_DukasM1_the5ers";"Buy";"2021.02.08 11:00:00";"80.990";"0.28";"2021.02.09 13:08:00";"80.790";"-38.09";"14918.38";"OOS1";"TrailingStop";"-36.62";"36.44";"1d 2h 8m";""
"54";"AUDJPY_DukasM1_the5ers";"Buy";"2021.02.12 04:00:00";"81.228";"0.3";"2021.02.15 17:58:00";"81.990";"147.91";"15066.29";"OOS1";"PT";"-28.25";"149.49";"3d 13h 58m";""
"55";"AUDJPY_DukasM1_the5ers";"Buy";"2021.02.15 18:00:00";"82.021";"0.28";"2021.02.16 07:39:00";"82.047";"3.29";"15069.57";"OOS1";"TrailingStop";"-19.77";"71.77";"13h 39m";""
"56";"AUDJPY_DukasM1_the5ers";"Buy";"2021.02.16 08:00:00";"82.100";"0.24";"2021.02.17 16:34:00";"81.838";"-42.38";"15027.19";"OOS1";"TrailingStop";"-41.12";"30.13";"1d 8h 34m";""
"57";"AUDJPY_DukasM1_the5ers";"Buy";"2021.02.18 01:00:00";"82.115";"0.24";"2021.02.18 17:23:00";"81.861";"-41.06";"14986.13";"OOS1";"TrailingStop";"-39.86";"29.03";"16h 23m";""
"58";"AUDJPY_DukasM1_the5ers";"Buy";"2021.02.22 04:00:00";"83.390";"0.18";"2021.02.25 09:55:00";"84.654";"147.64";"15133.77";"OOS1";"PT";"-56.15";"148.78";"3d 5h 55m";""
"59";"AUDJPY_DukasM1_the5ers";"Buy";"2021.02.25 10:00:00";"84.697";"0.19";"2021.02.25 19:21:00";"84.347";"-44.44";"15089.33";"OOS1";"TrailingStop";"-43.49";"31.31";"9h 21m";""
"60";"AUDJPY_DukasM1_the5ers";"Buy";"2021.03.15 01:00:00";"84.594";"0.19";"2021.03.15 17:34:00";"84.209";"-48.78";"15040.55";"OOS1";"TrailingStop";"-47.83";"16.77";"16h 34m";""
"61";"AUDJPY_DukasM1_the5ers";"Buy";"2021.03.16 03:00:00";"84.606";"0.22";"2021.03.16 11:35:00";"84.232";"-54.90";"14985.64";"OOS1";"TrailingStop";"-53.80";"8.20";"8h 35m";""
"62";"AUDJPY_DukasM1_the5ers";"Buy";"2021.03.18 05:00:00";"85.415";"0.18";"2021.03.18 21:03:00";"84.587";"-98.36";"14887.28";"OOS1";"SL";"-97.46";"3.88";"16h 3m";""
"63";"AUDJPY_DukasM1_the5ers";"Buy";"2021.04.15 11:00:00";"84.379";"0.19";"2021.04.20 13:44:00";"84.187";"-24.96";"14862.32";"OOS1";"TrailingStop";"-78.27";"41.87";"5d 2h 44m";""
"64";"AUDJPY_DukasM1_the5ers";"Buy";"2021.04.29 07:00:00";"84.593";"0.22";"2021.04.29 17:37:00";"84.543";"-8.29";"14854.03";"OOS1";"TrailingStop";"-7.19";"59.27";"10h 37m";""
"65";"AUDJPY_DukasM1_the5ers";"Buy";"2021.04.30 01:00:00";"84.637";"0.21";"2021.04.30 18:09:00";"84.285";"-49.39";"14804.64";"OOS1";"TrailingStop";"-48.34";"29.39";"17h 9m";""
"66";"AUDJPY_DukasM1_the5ers";"Buy";"2021.05.07 06:00:00";"84.912";"0.21";"2021.05.10 21:52:00";"85.306";"53.00";"14857.64";"OOS1";"TrailingStop";"-26.09";"122.36";"3d 15h 52m";""
"67";"AUDJPY_DukasM1_the5ers";"Buy";"2021.05.28 11:00:00";"84.923";"0.25";"2021.06.03 15:03:00";"84.697";"-38.60";"14819.04";"OOS1";"TrailingStop";"-62.78";"43.49";"6d 4h 3m";""
"68";"AUDJPY_DukasM1_the5ers";"Buy";"2021.08.12 00:00:00";"81.389";"0.3";"2021.08.12 16:24:00";"81.135";"-51.33";"14767.71";"OOS1";"TrailingStop";"-49.83";"13.93";"16h 24m";""
"1";"AUDJPY_DukasM1_the5ers";"Buy";"2021.09.01 00:00:00";"80.472";"0.2";"2021.09.01 10:50:00";"81.100";"81.13";"14848.85";"OOS1";"PT";"-4.84";"82.13";"10h 50m";""
"2";"AUDJPY_DukasM1_the5ers";"Buy";"2021.09.02 00:00:00";"81.022";"0.2";"2021.09.03 09:01:00";"81.669";"83.56";"14932.41";"OOS1";"PT";"-18.05";"84.62";"1d 9h 1m";""
"3";"AUDJPY_DukasM1_the5ers";"Buy";"2021.09.03 10:00:00";"81.679";"0.21";"2021.09.03 16:36:00";"81.618";"-9.43";"14922.98";"OOS1";"TrailingStop";"-14.56";"47.51";"6h 36m";""
"4";"AUDJPY_DukasM1_the5ers";"Buy";"2021.09.06 00:10:00";"81.718";"0.18";"2021.09.07 08:00:00";"81.588";"-16.25";"14906.73";"OOS1";"TrailingStop";"-20.48";"31.90";"1d 7h 50m";""
"5";"AUDJPY_DukasM1_the5ers";"Buy";"2021.10.06 06:00:00";"81.119";"0.16";"2021.10.06 10:33:00";"80.764";"-37.94";"14868.79";"OOS1";"TrailingStop";"-37.14";"9.52";"4h 33m";""
"6";"AUDJPY_DukasM1_the5ers";"Buy";"2021.10.07 06:00:00";"81.200";"0.16";"2021.10.08 18:01:00";"81.982";"80.98";"14949.77";"OOS1";"PT";"-18.10";"81.82";"1d 12h 1m";""
"7";"AUDJPY_DukasM1_the5ers";"Buy";"2021.10.08 19:00:00";"81.980";"0.19";"2021.10.11 09:00:00";"82.660";"83.49";"15033.25";"OOS1";"PT";"-15.78";"84.49";"2d 14h 0m";""
"8";"AUDJPY_DukasM1_the5ers";"Buy";"2021.10.11 10:00:00";"82.689";"0.18";"2021.10.11 17:20:00";"83.411";"84.08";"15117.34";"OOS1";"PT";"-5.30";"84.98";"7h 20m";""
"9";"AUDJPY_DukasM1_the5ers";"Buy";"2021.10.12 00:00:00";"83.235";"0.16";"2021.10.13 02:56:00";"83.289";"4.81";"15122.14";"OOS1";"TrailingStop";"-23.54";"59.11";"1d 2h 56m";""
"10";"AUDJPY_DukasM1_the5ers";"Buy";"2021.10.13 05:00:00";"83.266";"0.15";"2021.10.14 11:41:00";"84.086";"79.56";"15201.71";"OOS1";"PT";"-6.47";"80.43";"1d 6h 41m";""
"11";"AUDJPY_DukasM1_the5ers";"Buy";"2021.10.14 12:00:00";"84.090";"0.18";"2021.10.15 10:07:00";"84.813";"84.15";"15285.86";"OOS1";"PT";"-17.30";"85.10";"22h 7m";""
"12";"AUDJPY_DukasM1_the5ers";"Buy";"2021.10.15 11:00:00";"84.718";"0.17";"2021.10.18 04:12:00";"84.538";"-20.91";"15264.95";"OOS1";"TrailingStop";"-20.01";"33.24";"2d 17h 12m";""
"13";"AUDJPY_DukasM1_the5ers";"Buy";"2021.10.18 05:00:00";"84.600";"0.17";"2021.10.18 15:06:00";"84.327";"-31.20";"15233.75";"OOS1";"TrailingStop";"-30.35";"15.56";"10h 6m";""
"14";"AUDJPY_DukasM1_the5ers";"Buy";"2021.10.19 05:00:00";"85.006";"0.18";"2021.10.20 04:25:00";"85.722";"83.33";"15317.08";"OOS1";"PT";"-10.71";"84.28";"23h 25m";""
"15";"AUDJPY_DukasM1_the5ers";"Buy";"2021.10.20 05:00:00";"85.691";"0.19";"2021.10.20 10:01:00";"85.553";"-18.10";"15298.99";"OOS1";"TrailingStop";"-17.15";"29.57";"5h 1m";""
"16";"AUDJPY_DukasM1_the5ers";"Buy";"2021.10.21 00:05:00";"85.851";"0.18";"2021.10.21 07:06:00";"85.878";"2.28";"15301.27";"OOS1";"TrailingStop";"-9.42";"47.44";"7h 1m";""
"17";"AUDJPY_DukasM1_the5ers";"Buy";"2021.12.16 11:00:00";"82.073";"0.13";"2021.12.16 16:38:00";"81.963";"-10.00";"15291.26";"OOS1";"TrailingStop";"-9.35";"30.94";"5h 38m";""
"18";"AUDJPY_DukasM1_the5ers";"Buy";"2021.12.23 05:00:00";"82.283";"0.17";"2021.12.24 17:51:00";"82.603";"34.68";"15325.94";"OOS1";"TrailingStop";"-11.89";"77.82";"1d 12h 51m";""
"19";"AUDJPY_DukasM1_the5ers";"Buy";"2021.12.28 03:00:00";"83.198";"0.2";"2021.12.28 17:25:00";"83.055";"-19.70";"15306.24";"OOS1";"TrailingStop";"-21.19";"31.13";"14h 25m";""
"20";"AUDJPY_DukasM1_the5ers";"Buy";"2021.12.29 03:00:00";"83.087";"0.2";"2021.12.30 17:17:00";"83.727";"82.54";"15388.78";"OOS1";"PT";"-38.32";"83.70";"1d 14h 17m";""
"21";"AUDJPY_DukasM1_the5ers";"Buy";"2021.12.30 18:00:00";"83.554";"0.2";"2021.12.31 14:07:00";"83.400";"-21.19";"15367.59";"OOS1";"TrailingStop";"-30.60";"18.31";"20h 7m";""
"22";"AUDJPY_DukasM1_the5ers";"Buy";"2021.12.31 18:00:00";"83.729";"0.2";"2022.01.03 12:57:00";"83.446";"-38.07";"15329.52";"OOS1";"TrailingStop";"-37.54";"17.26";"2d 18h 57m";""
"23";"AUDJPY_DukasM1_the5ers";"Buy";"2022.01.05 04:00:00";"83.936";"0.16";"2022.01.05 21:47:00";"83.869";"-7.81";"15321.71";"OOS1";"TrailingStop";"-18.41";"37.67";"17h 47m";""
"24";"AUDJPY_DukasM1_the5ers";"Buy";"2022.02.09 04:00:00";"82.628";"0.18";"2022.02.10 12:52:00";"83.339";"82.64";"15404.36";"OOS1";"PT";"-16.60";"83.69";"1d 8h 52m";""
"25";"AUDJPY_DukasM1_the5ers";"Buy";"2022.02.10 13:00:00";"83.369";"0.18";"2022.02.10 20:29:00";"83.518";"16.64";"15420.99";"OOS1";"TrailingStop";"-41.90";"72.86";"7h 29m";""
"26";"AUDJPY_DukasM1_the5ers";"Buy";"2022.02.11 00:00:00";"83.131";"0.12";"2022.02.11 06:48:00";"82.648";"-38.50";"15382.49";"OOS1";"TrailingStop";"-37.90";"4.24";"6h 48m";""
"27";"AUDJPY_DukasM1_the5ers";"Buy";"2022.02.28 11:00:00";"83.190";"0.1";"2022.03.01 17:46:00";"83.353";"10.13";"15392.63";"OOS1";"TrailingStop";"-3.53";"43.75";"1d 6h 46m";""
"28";"AUDJPY_DukasM1_the5ers";"Buy";"2022.03.02 04:00:00";"83.666";"0.13";"2022.03.03 08:19:00";"84.629";"81.11";"15473.74";"OOS1";"PT";"-22.10";"81.86";"1d 4h 19m";""
"29";"AUDJPY_DukasM1_the5ers";"Buy";"2022.03.03 09:00:00";"84.713";"0.14";"2022.03.03 18:15:00";"84.426";"-26.97";"15446.76";"OOS1";"TrailingStop";"-29.39";"20.14";"9h 15m";""
"30";"AUDJPY_DukasM1_the5ers";"Buy";"2022.03.04 00:00:00";"84.611";"0.13";"2022.03.04 02:38:00";"84.285";"-28.36";"15418.40";"OOS1";"TrailingStop";"-27.71";"11.48";"2h 38m";""
"31";"AUDJPY_DukasM1_the5ers";"Buy";"2022.03.07 01:00:00";"84.719";"0.11";"2022.03.07 16:29:00";"84.825";"7.07";"15425.47";"OOS1";"TrailingStop";"-17.77";"56.75";"15h 29m";""
"32";"AUDJPY_DukasM1_the5ers";"Buy";"2022.03.11 04:00:00";"85.375";"0.14";"2022.03.14 06:38:00";"85.344";"-3.58";"15421.90";"OOS1";"TrailingStop";"-10.35";"47.15";"3d 2h 38m";""
"33";"AUDJPY_DukasM1_the5ers";"Buy";"2022.03.17 09:00:00";"86.845";"0.11";"2022.03.18 08:21:00";"87.990";"81.78";"15503.68";"OOS1";"PT";"-7.27";"82.36";"23h 21m";""
"34";"AUDJPY_DukasM1_the5ers";"Buy";"2022.03.18 09:00:00";"88.024";"0.13";"2022.03.21 11:52:00";"87.976";"-4.77";"15498.91";"OOS1";"TrailingStop";"-36.38";"40.04";"3d 2h 52m";""
"35";"AUDJPY_DukasM1_the5ers";"Buy";"2022.03.22 03:00:00";"88.584";"0.15";"2022.03.22 11:20:00";"89.421";"81.35";"15580.26";"OOS1";"PT";"-18.24";"82.10";"8h 20m";""
"36";"AUDJPY_DukasM1_the5ers";"Buy";"2022.03.23 00:00:00";"90.205";"0.12";"2022.03.23 14:18:00";"90.047";"-13.00";"15567.26";"OOS1";"TrailingStop";"-12.40";"35.08";"14h 18m";""
"37";"AUDJPY_DukasM1_the5ers";"Buy";"2022.03.24 00:00:00";"90.830";"0.11";"2022.03.24 21:27:00";"91.920";"77.86";"15645.12";"OOS1";"PT";"-22.01";"78.41";"21h 27m";""
"38";"AUDJPY_DukasM1_the5ers";"Buy";"2022.03.25 00:00:00";"91.928";"0.11";"2022.03.25 04:23:00";"91.453";"-34.72";"15610.40";"OOS1";"TrailingStop";"-34.17";"5.97";"4h 23m";""
"39";"AUDJPY_DukasM1_the5ers";"Buy";"2022.03.28 05:00:00";"92.356";"0.09";"2022.03.28 11:38:00";"93.732";"80.53";"15690.93";"OOS1";"PT";"-11.06";"80.98";"6h 38m";""
"40";"AUDJPY_DukasM1_the5ers";"Buy";"2022.03.29 00:00:00";"92.734";"0.07";"2022.03.29 06:35:00";"92.215";"-24.11";"15666.83";"OOS1";"TrailingStop";"-23.76";"17.58";"6h 35m";""
"41";"AUDJPY_DukasM1_the5ers";"Buy";"2022.04.06 07:00:00";"93.731";"0.11";"2022.04.06 17:42:00";"93.442";"-21.34";"15645.49";"OOS1";"TrailingStop";"-20.79";"28.92";"10h 42m";""
"42";"AUDJPY_DukasM1_the5ers";"Buy";"2022.04.20 11:00:00";"95.432";"0.09";"2022.04.20 17:07:00";"94.776";"-39.06";"15606.43";"OOS1";"TrailingStop";"-38.61";"5.12";"6h 7m";""
"43";"AUDJPY_DukasM1_the5ers";"Buy";"2022.04.21 00:02:00";"95.268";"0.1";"2022.04.21 18:17:00";"94.943";"-21.75";"15584.68";"OOS1";"TrailingStop";"-21.25";"20.66";"18h 15m";""
"44";"AUDJPY_DukasM1_the5ers";"Buy";"2022.05.30 09:00:00";"91.265";"0.12";"2022.05.31 10:38:00";"91.622";"27.38";"15612.06";"OOS1";"TrailingStop";"-2.51";"75.80";"1d 1h 38m";""
"45";"AUDJPY_DukasM1_the5ers";"Buy";"2022.05.31 11:00:00";"91.762";"0.13";"2022.06.01 04:17:00";"92.760";"84.16";"15696.22";"OOS1";"PT";"-2.13";"84.84";"17h 17m";""
"46";"AUDJPY_DukasM1_the5ers";"Buy";"2022.06.01 05:00:00";"92.755";"0.12";"2022.06.02 08:17:00";"92.961";"15.47";"15711.68";"OOS1";"TrailingStop";"-26.21";"67.48";"1d 3h 17m";""
"47";"AUDJPY_DukasM1_the5ers";"Buy";"2022.06.02 09:00:00";"93.069";"0.11";"2022.06.02 18:43:00";"94.198";"80.66";"15792.35";"OOS1";"PT";"-3.74";"81.21";"9h 43m";""
"48";"AUDJPY_DukasM1_the5ers";"Buy";"2022.06.03 00:00:00";"94.295";"0.11";"2022.06.06 04:24:00";"94.004";"-21.51";"15770.83";"OOS1";"TrailingStop";"-20.93";"20.00";"3d 4h 24m";""
"49";"AUDJPY_DukasM1_the5ers";"Buy";"2022.06.06 11:00:00";"94.408";"0.11";"2022.06.07 07:30:00";"95.518";"79.26";"15850.10";"OOS1";"PT";"-13.38";"79.84";"20h 30m";""
"50";"AUDJPY_DukasM1_the5ers";"Buy";"2022.06.07 08:00:00";"95.609";"0.1";"2022.06.08 16:58:00";"96.877";"82.39";"15932.49";"OOS1";"PT";"-39.76";"82.92";"1d 8h 58m";""
"51";"AUDJPY_DukasM1_the5ers";"Buy";"2022.06.08 17:00:00";"96.800";"0.1";"2022.06.09 16:43:00";"95.359";"-94.81";"15837.68";"OOS1";"SL";"-94.23";"4.38";"23h 43m";""
"52";"AUDJPY_DukasM1_the5ers";"Buy";"2022.07.15 14:00:00";"93.758";"0.09";"2022.07.18 22:45:00";"93.988";"13.06";"15850.74";"OOS1";"TrailingStop";"-8.24";"51.61";"3d 8h 45m";""
"53";"AUDJPY_DukasM1_the5ers";"Buy";"2022.07.19 01:00:00";"94.123";"0.12";"2022.07.19 17:33:00";"95.171";"81.64";"15932.38";"OOS1";"PT";"-9.97";"82.24";"16h 33m";""
"54";"AUDJPY_DukasM1_the5ers";"Buy";"2022.07.20 02:00:00";"95.393";"0.13";"2022.07.20 16:58:00";"95.127";"-23.26";"15909.12";"OOS1";"TrailingStop";"-26.10";"30.60";"14h 58m";""
"55";"AUDJPY_DukasM1_the5ers";"Buy";"2022.07.21 04:00:00";"95.394";"0.12";"2022.07.21 18:13:00";"95.001";"-31.44";"15877.68";"OOS1";"TrailingStop";"-30.84";"15.69";"14h 13m";""
"56";"AUDJPY_DukasM1_the5ers";"Buy";"2022.08.15 00:05:00";"94.934";"0.14";"2022.08.15 05:26:00";"94.631";"-28.44";"15849.24";"OOS1";"TrailingStop";"-27.74";"13.64";"5h 21m";""
"57";"AUDJPY_DukasM1_the5ers";"Buy";"2022.08.26 10:00:00";"95.348";"0.16";"2022.08.26 17:55:00";"95.216";"-14.61";"15834.63";"OOS1";"TrailingStop";"-13.81";"43.84";"7h 55m";""
"58";"AUDJPY_DukasM1_the5ers";"Buy";"2022.08.29 09:00:00";"95.196";"0.13";"2022.08.30 05:04:00";"95.353";"12.66";"15847.29";"OOS1";"TrailingStop";"-22.78";"61.55";"20h 4m";""
"59";"AUDJPY_DukasM1_the5ers";"Buy";"2022.08.30 06:00:00";"95.372";"0.12";"2022.08.30 16:36:00";"95.606";"17.76";"15865.05";"OOS1";"TrailingStop";"-9.73";"64.97";"10h 36m";""
"60";"AUDJPY_DukasM1_the5ers";"Buy";"2022.09.07 08:00:00";"96.706";"0.1";"2022.09.08 06:05:00";"96.921";"13.48";"15878.53";"OOS1";"TrailingStop";"-10.72";"51.40";"22h 5m";""
"61";"AUDJPY_DukasM1_the5ers";"Buy";"2022.09.08 07:00:00";"96.787";"0.1";"2022.09.09 07:14:00";"97.326";"34.72";"15913.25";"OOS1";"TrailingStop";"-9.74";"73.63";"1d 0h 14m";""
"62";"AUDJPY_DukasM1_the5ers";"Buy";"2022.09.09 08:00:00";"97.595";"0.1";"2022.09.09 13:48:00";"97.074";"-34.57";"15878.68";"OOS1";"TrailingStop";"-34.07";"7.26";"5h 48m";""
"63";"AUDJPY_DukasM1_the5ers";"Buy";"2022.09.12 01:00:00";"97.357";"0.1";"2022.09.13 05:22:00";"97.869";"32.95";"15911.63";"OOS1";"TrailingStop";"-1.18";"70.36";"1d 4h 22m";""
"64";"AUDJPY_DukasM1_the5ers";"Buy";"2022.09.13 06:00:00";"97.936";"0.12";"2022.09.13 17:41:00";"97.727";"-17.00";"15894.63";"OOS1";"TrailingStop";"-17.58";"51.16";"11h 41m";""
"65";"AUDJPY_DukasM1_the5ers";"Buy";"2022.10.21 11:00:00";"94.369";"0.1";"2022.10.21 16:58:00";"95.613";"80.85";"15975.48";"OOS1";"PT";"-10.14";"81.35";"5h 58m";""
"66";"AUDJPY_DukasM1_the5ers";"Buy";"2022.10.24 02:00:00";"95.091";"0.05";"2022.10.26 17:18:00";"94.767";"-10.87";"15964.61";"OOS1";"TrailingStop";"-70.62";"11.38";"2d 15h 18m";""
"67";"AUDJPY_DukasM1_the5ers";"Buy";"2022.11.07 11:00:00";"94.832";"0.09";"2022.11.08 21:07:00";"94.623";"-12.77";"15951.84";"OOS1";"TrailingStop";"-19.48";"21.54";"1d 10h 7m";""
"68";"AUDJPY_DukasM1_the5ers";"Buy";"2023.01.05 10:00:00";"90.231";"0.09";"2023.01.05 18:33:00";"90.035";"-11.99";"15939.85";"OOS1";"TrailingStop";"-11.54";"44.02";"8h 33m";""
"69";"AUDJPY_DukasM1_the5ers";"Buy";"2023.01.09 08:00:00";"91.444";"0.1";"2023.01.09 22:08:00";"91.146";"-19.99";"15919.86";"OOS1";"TrailingStop";"-19.49";"24.39";"14h 8m";""
"70";"AUDJPY_DukasM1_the5ers";"Buy";"2023.01.10 00:00:00";"91.125";"0.11";"2023.01.12 01:30:00";"91.127";"-0.52";"15919.34";"OOS1";"TrailingStop";"-24.82";"39.13";"2d 1h 30m";""
"71";"AUDJPY_DukasM1_the5ers";"Buy";"2023.01.24 11:00:00";"91.379";"0.12";"2023.01.25 04:36:00";"92.467";"84.74";"16004.08";"OOS1";"PT";"-9.81";"85.38";"17h 36m";""
"72";"AUDJPY_DukasM1_the5ers";"Buy";"2023.01.25 05:00:00";"92.459";"0.1";"2023.01.25 11:36:00";"92.193";"-17.89";"15986.19";"OOS1";"TrailingStop";"-17.39";"21.12";"6h 36m";""
"73";"AUDJPY_DukasM1_the5ers";"Buy";"2023.01.26 00:00:00";"92.038";"0.11";"2023.01.27 10:19:00";"92.162";"8.34";"15994.53";"OOS1";"TrailingStop";"-28.63";"55.75";"1d 10h 19m";""
"74";"AUDJPY_DukasM1_the5ers";"Buy";"2023.01.27 11:00:00";"92.408";"0.12";"2023.01.30 05:02:00";"92.156";"-20.41";"15974.12";"OOS1";"TrailingStop";"-35.94";"19.23";"2d 18h 2m";""
"75";"AUDJPY_DukasM1_the5ers";"Buy";"2023.02.14 11:00:00";"91.942";"0.14";"2023.02.14 19:24:00";"92.856";"82.98";"16057.10";"OOS1";"PT";"-4.67";"83.68";"8h 24m";""
"76";"AUDJPY_DukasM1_the5ers";"Buy";"2023.02.15 00:00:00";"92.934";"0.12";"2023.02.15 04:09:00";"92.438";"-39.52";"16017.58";"OOS1";"TrailingStop";"-38.92";"4.94";"4h 9m";""
"77";"AUDJPY_DukasM1_the5ers";"Buy";"2023.02.16 06:00:00";"92.465";"0.11";"2023.02.16 17:03:00";"92.143";"-23.71";"15993.87";"OOS1";"TrailingStop";"-23.16";"18.92";"11h 3m";""
"78";"AUDJPY_DukasM1_the5ers";"Buy";"2023.04.03 01:00:00";"89.060";"0.1";"2023.04.04 10:28:00";"89.574";"33.08";"16026.95";"OOS1";"TrailingStop";"-33.15";"72.06";"1d 9h 28m";""
"79";"AUDJPY_DukasM1_the5ers";"Buy";"2023.04.04 11:00:00";"89.601";"0.11";"2023.04.04 16:44:00";"89.251";"-25.73";"16001.22";"OOS1";"TrailingStop";"-25.18";"18.34";"5h 44m";""
"80";"AUDJPY_DukasM1_the5ers";"Buy";"2023.04.14 10:00:00";"89.735";"0.14";"2023.04.14 18:51:00";"89.561";"-16.63";"15984.59";"OOS1";"TrailingStop";"-19.41";"32.13";"8h 51m";""
"81";"AUDJPY_DukasM1_the5ers";"Buy";"2023.04.18 11:00:00";"90.351";"0.14";"2023.04.21 04:20:00";"90.307";"-4.92";"15979.68";"OOS1";"TrailingStop";"-31.49";"39.09";"2d 17h 20m";""
"82";"AUDJPY_DukasM1_the5ers";"Buy";"2023.05.02 08:00:00";"92.189";"0.12";"2023.05.02 16:51:00";"91.790";"-31.91";"15947.77";"OOS1";"TrailingStop";"-31.31";"19.23";"8h 51m";""
"83";"AUDJPY_DukasM1_the5ers";"Buy";"2023.05.18 08:00:00";"91.536";"0.13";"2023.05.19 18:12:00";"91.864";"27.20";"15974.97";"OOS1";"TrailingStop";"-25.59";"69.37";"1d 10h 12m";""
"84";"AUDJPY_DukasM1_the5ers";"Buy";"2023.05.19 19:00:00";"91.706";"0.12";"2023.05.23 10:15:00";"91.866";"11.89";"15986.86";"OOS1";"TrailingStop";"-25.82";"50.38";"3d 15h 15m";""
"85";"AUDJPY_DukasM1_the5ers";"Buy";"2023.05.23 11:00:00";"91.722";"0.13";"2023.05.24 05:00:00";"91.380";"-29.76";"15957.10";"OOS1";"TrailingStop";"-29.07";"14.28";"18h 0m";""
"86";"AUDJPY_DukasM1_the5ers";"Buy";"2023.06.05 11:00:00";"92.591";"0.16";"2023.06.07 13:47:00";"93.391";"82.82";"16039.92";"OOS1";"PT";"-48.02";"83.70";"2d 2h 47m";""
"87";"AUDJPY_DukasM1_the5ers";"Buy";"2023.06.07 14:00:00";"93.446";"0.13";"2023.06.13 09:20:00";"94.440";"83.64";"16123.56";"OOS1";"PT";"-40.04";"84.50";"5d 19h 20m";""
"88";"AUDJPY_DukasM1_the5ers";"Buy";"2023.06.13 10:00:00";"94.487";"0.15";"2023.06.14 21:02:00";"94.834";"33.25";"16156.80";"OOS1";"TrailingStop";"-20.89";"77.88";"1d 11h 2m";""
"89";"AUDJPY_DukasM1_the5ers";"Buy";"2023.06.14 22:00:00";"95.116";"0.14";"2023.06.15 07:09:00";"96.015";"81.49";"16238.29";"OOS1";"PT";"-14.37";"82.30";"9h 9m";""
"90";"AUDJPY_DukasM1_the5ers";"Buy";"2023.06.15 08:00:00";"96.184";"0.12";"2023.06.15 15:46:00";"95.839";"-27.67";"16210.62";"OOS1";"TrailingStop";"-27.07";"17.11";"7h 46m";""
"91";"AUDJPY_DukasM1_the5ers";"Buy";"2023.06.16 00:00:00";"96.512";"0.11";"2023.06.19 02:04:00";"97.662";"82.14";"16292.76";"OOS1";"PT";"-19.85";"82.72";"3d 2h 4m";""
"92";"AUDJPY_DukasM1_the5ers";"Buy";"2023.06.19 03:00:00";"97.504";"0.11";"2023.06.20 11:34:00";"96.221";"-92.87";"16199.90";"OOS1";"SL";"-92.29";"5.18";"1d 8h 34m";""
"93";"AUDJPY_DukasM1_the5ers";"Buy";"2023.07.24 11:00:00";"95.250";"0.12";"2023.07.26 04:30:00";"95.339";"6.32";"16206.22";"OOS1";"TrailingStop";"-31.15";"47.55";"1d 17h 30m";""
"94";"AUDJPY_DukasM1_the5ers";"Buy";"2023.07.26 05:00:00";"95.304";"0.12";"2023.07.26 12:11:00";"94.872";"-34.50";"16171.72";"OOS1";"TrailingStop";"-33.90";"14.28";"7h 11m";""
"95";"AUDJPY_DukasM1_the5ers";"Buy";"2023.08.31 00:00:00";"94.688";"0.15";"2023.08.31 11:18:00";"94.357";"-33.22";"16138.50";"OOS1";"TrailingStop";"-32.47";"24.52";"11h 18m";""
"96";"AUDJPY_DukasM1_the5ers";"Buy";"2023.09.15 00:00:00";"94.966";"0.16";"2023.09.15 20:15:00";"95.065";"9.56";"16148.06";"OOS1";"TrailingStop";"-23.23";"60.58";"20h 15m";""
"97";"AUDJPY_DukasM1_the5ers";"Buy";"2023.09.18 00:05:00";"95.047";"0.16";"2023.09.18 17:06:00";"94.846";"-21.83";"16126.23";"OOS1";"TrailingStop";"-21.03";"21.34";"17h 1m";""
"98";"AUDJPY_DukasM1_the5ers";"Buy";"2023.09.20 03:00:00";"95.529";"0.21";"2023.09.20 21:01:00";"95.740";"27.93";"16154.15";"OOS1";"TrailingStop";"-31.58";"73.47";"18h 1m";""
"99";"AUDJPY_DukasM1_the5ers";"Buy";"2023.09.21 00:00:00";"95.607";"0.16";"2023.09.21 04:33:00";"95.251";"-38.05";"16116.10";"OOS1";"TrailingStop";"-37.25";"7.01";"4h 33m";""
"100";"AUDJPY_DukasM1_the5ers";"Buy";"2023.09.29 10:00:00";"96.389";"0.14";"2023.09.29 17:23:00";"96.413";"1.50";"16117.60";"OOS1";"TrailingStop";"-14.83";"48.61";"7h 23m";""
"101";"AUDJPY_DukasM1_the5ers";"Buy";"2023.10.02 01:00:00";"96.172";"0.13";"2023.10.02 08:36:00";"95.802";"-32.10";"16085.50";"OOS1";"TrailingStop";"-31.45";"20.57";"7h 36m";""
"1";"AUDJPY_DukasM1_the5ers";"Buy";"2023.11.01 11:00:00";"95.925";"0.13";"2023.11.02 11:41:00";"96.862";"78.90";"16164.40";"OOS1";"PT";"-13.18";"79.65";"1d 0h 41m";""
"2";"AUDJPY_DukasM1_the5ers";"Buy";"2023.11.02 12:00:00";"96.845";"0.13";"2023.11.02 16:35:00";"96.504";"-29.64";"16134.76";"OOS1";"TrailingStop";"-28.99";"7.06";"4h 35m";""
"3";"AUDJPY_DukasM1_the5ers";"Buy";"2023.11.03 00:00:00";"96.803";"0.14";"2023.11.07 03:50:00";"97.166";"32.46";"16167.22";"OOS1";"TrailingStop";"-20.87";"64.36";"4d 3h 50m";""
"4";"AUDJPY_DukasM1_the5ers";"Buy";"2023.11.15 08:00:00";"97.970";"0.15";"2023.11.16 03:15:00";"98.157";"17.47";"16184.69";"OOS1";"TrailingStop";"-18.44";"60.23";"19h 15m";""
"5";"AUDJPY_DukasM1_the5ers";"Buy";"2023.11.16 04:00:00";"98.015";"0.13";"2023.11.16 15:30:00";"97.901";"-10.34";"16174.35";"OOS1";"TrailingStop";"-22.44";"26.01";"11h 30m";""
"6";"AUDJPY_DukasM1_the5ers";"Buy";"2023.11.27 11:00:00";"98.390";"0.17";"2023.11.27 16:19:00";"98.174";"-24.86";"16149.49";"OOS1";"TrailingStop";"-24.01";"11.56";"5h 19m";""
"7";"AUDJPY_DukasM1_the5ers";"Buy";"2023.12.20 18:00:00";"97.308";"0.12";"2023.12.20 22:07:00";"96.936";"-29.79";"16119.69";"OOS1";"TrailingStop";"-29.19";"7.22";"4h 7m";""
"8";"AUDJPY_DukasM1_the5ers";"Buy";"2024.01.11 11:00:00";"97.673";"0.17";"2024.01.11 15:31:00";"97.386";"-32.75";"16086.94";"OOS1";"TrailingStop";"-31.90";"2.89";"4h 31m";""
"9";"AUDJPY_DukasM1_the5ers";"Buy";"2024.01.22 09:00:00";"97.603";"0.15";"2024.01.22 15:42:00";"97.290";"-31.45";"16055.49";"OOS1";"TrailingStop";"-30.70";"6.77";"6h 42m";""
"10";"AUDJPY_DukasM1_the5ers";"Buy";"2024.02.13 11:00:00";"97.489";"0.23";"2024.02.13 15:30:00";"97.273";"-33.64";"16021.85";"OOS1";"TrailingStop";"-32.49";"9.02";"4h 30m";""
"11";"AUDJPY_DukasM1_the5ers";"Buy";"2024.02.15 10:00:00";"97.548";"0.18";"2024.02.16 19:45:00";"98.210";"76.97";"16098.82";"OOS1";"PT";"-16.95";"77.92";"1d 9h 45m";""
"12";"AUDJPY_DukasM1_the5ers";"Buy";"2024.02.16 20:00:00";"98.253";"0.19";"2024.02.20 17:03:00";"98.358";"11.99";"16110.82";"OOS1";"TrailingStop";"-36.53";"44.73";"3d 21h 3m";""
"13";"AUDJPY_DukasM1_the5ers";"Buy";"2024.02.20 18:00:00";"98.401";"0.21";"2024.02.21 13:21:00";"98.310";"-13.60";"16097.21";"OOS1";"TrailingStop";"-40.10";"25.95";"19h 21m";""
"14";"AUDJPY_DukasM1_the5ers";"Buy";"2024.02.21 16:00:00";"98.377";"0.22";"2024.02.22 04:11:00";"98.409";"3.33";"16100.54";"OOS1";"TrailingStop";"-16.98";"43.16";"12h 11m";""
"15";"AUDJPY_DukasM1_the5ers";"Buy";"2024.02.22 05:00:00";"98.584";"0.2";"2024.02.22 15:30:00";"98.669";"10.12";"16110.66";"OOS1";"TrailingStop";"-12.69";"56.89";"10h 30m";""
"16";"AUDJPY_DukasM1_the5ers";"Buy";"2024.02.23 00:00:00";"98.713";"0.2";"2024.02.23 17:07:00";"98.735";"1.88";"16112.54";"OOS1";"TrailingStop";"-14.12";"44.86";"17h 7m";""
"17";"AUDJPY_DukasM1_the5ers";"Buy";"2024.03.20 11:00:00";"98.808";"0.18";"2024.03.20 21:27:00";"99.455";"75.26";"16187.79";"OOS1";"PT";"-5.89";"76.16";"10h 27m";""
"18";"AUDJPY_DukasM1_the5ers";"Buy";"2024.03.21 00:00:00";"99.507";"0.16";"2024.03.21 11:05:00";"99.811";"31.01";"16218.80";"OOS1";"TrailingStop";"-23.65";"69.16";"11h 5m";""
"19";"AUDJPY_DukasM1_the5ers";"Buy";"2024.03.22 00:00:00";"99.610";"0.16";"2024.03.22 04:04:00";"99.339";"-29.15";"16189.64";"OOS1";"TrailingStop";"-28.35";"10.15";"4h 4m";""
"20";"AUDJPY_DukasM1_the5ers";"Buy";"2024.04.05 19:00:00";"99.806";"0.13";"2024.04.09 15:49:00";"100.693";"74.68";"16264.33";"OOS1";"PT";"-24.99";"75.40";"3d 20h 49m";""
"21";"AUDJPY_DukasM1_the5ers";"Buy";"2024.04.09 16:00:00";"100.667";"0.18";"2024.04.09 17:38:00";"100.449";"-26.56";"16237.77";"OOS1";"TrailingStop";"-25.66";"16.36";"1h 38m";""
"22";"AUDJPY_DukasM1_the5ers";"Buy";"2024.04.10 00:00:00";"100.578";"0.17";"2024.04.10 15:30:00";"100.352";"-25.97";"16211.79";"OOS1";"TrailingStop";"-25.12";"7.11";"15h 30m";""
"23";"AUDJPY_DukasM1_the5ers";"Buy";"2024.04.25 00:00:00";"100.829";"0.15";"2024.04.25 11:32:00";"101.613";"76.15";"16287.95";"OOS1";"PT";"-9.22";"76.90";"11h 32m";""
"24";"AUDJPY_DukasM1_the5ers";"Buy";"2024.04.26 00:00:00";"101.465";"0.13";"2024.04.26 09:57:00";"102.370";"76.28";"16364.23";"OOS1";"PT";"-8.84";"76.93";"9h 57m";""
"25";"AUDJPY_DukasM1_the5ers";"Buy";"2024.04.29 00:05:00";"103.035";"0.1";"2024.04.29 04:35:00";"104.247";"78.76";"16442.99";"OOS1";"PT";"-6.02";"79.26";"4h 30m";""
"26";"AUDJPY_DukasM1_the5ers";"Buy";"2024.04.30 04:00:00";"102.890";"0.05";"2024.05.01 23:47:00";"100.317";"-84.43";"16358.56";"OOS1";"SL";"-84.13";"0.00";"1d 19h 47m";""
"27";"AUDJPY_DukasM1_the5ers";"Buy";"2024.05.15 00:00:00";"103.643";"0.19";"2024.05.15 10:36:00";"103.672";"2.65";"16361.21";"OOS1";"TrailingStop";"-14.41";"48.83";"10h 36m";""
"28";"AUDJPY_DukasM1_the5ers";"Buy";"2024.05.16 00:00:00";"103.658";"0.14";"2024.05.20 04:01:00";"104.514";"77.59";"16438.80";"OOS1";"PT";"-78.82";"78.37";"4d 4h 1m";""
"29";"AUDJPY_DukasM1_the5ers";"Buy";"2024.05.20 05:00:00";"104.497";"0.15";"2024.05.22 21:29:00";"103.508";"-97.84";"16340.96";"OOS1";"SL";"-97.01";"0.00";"2d 16h 29m";""
"30";"AUDJPY_DukasM1_the5ers";"Buy";"2024.05.28 07:00:00";"104.543";"0.21";"2024.05.29 09:09:00";"104.358";"-26.51";"16314.45";"OOS1";"TrailingStop";"-25.40";"43.53";"1d 2h 9m";""
"31";"AUDJPY_DukasM1_the5ers";"Buy";"2024.05.29 10:00:00";"104.557";"0.17";"2024.05.29 14:05:00";"104.282";"-31.42";"16283.03";"OOS1";"TrailingStop";"-30.57";"9.12";"4h 5m";""
"32";"AUDJPY_DukasM1_the5ers";"Buy";"2024.06.03 15:00:00";"104.438";"0.13";"2024.06.03 20:08:00";"104.079";"-31.17";"16251.86";"OOS1";"TrailingStop";"-30.52";"13.86";"5h 8m";""
"33";"AUDJPY_DukasM1_the5ers";"Buy";"2024.06.14 05:00:00";"104.387";"0.13";"2024.06.14 10:58:00";"104.339";"-4.73";"16247.13";"OOS1";"TrailingStop";"-25.84";"35.11";"5h 58m";""
"34";"AUDJPY_DukasM1_the5ers";"Buy";"2024.06.19 11:00:00";"105.269";"0.16";"2024.06.21 10:30:00";"105.660";"39.94";"16287.07";"OOS1";"TrailingStop";"-6.28";"73.24";"1d 23h 30m";""
"35";"AUDJPY_DukasM1_the5ers";"Buy";"2024.06.21 12:00:00";"105.690";"0.16";"2024.06.21 16:45:00";"105.597";"-10.53";"16276.54";"OOS1";"TrailingStop";"-14.44";"27.83";"4h 45m";""
"36";"AUDJPY_DukasM1_the5ers";"Buy";"2024.06.24 01:00:00";"105.977";"0.15";"2024.06.24 13:05:00";"105.979";"-0.55";"16275.98";"OOS1";"TrailingStop";"-16.87";"35.12";"12h 5m";""
"37";"AUDJPY_DukasM1_the5ers";"Buy";"2024.06.25 00:05:00";"106.075";"0.14";"2024.06.25 04:05:00";"105.923";"-14.62";"16261.37";"OOS1";"TrailingStop";"-13.92";"19.04";"4h 0m";""
"38";"AUDJPY_DukasM1_the5ers";"Buy";"2024.06.26 00:00:00";"106.111";"0.16";"2024.06.26 08:41:00";"106.835";"74.95";"16336.32";"OOS1";"PT";"-19.46";"75.75";"8h 41m";""
"39";"AUDJPY_DukasM1_the5ers";"Buy";"2024.06.27 03:00:00";"106.758";"0.15";"2024.06.27 15:05:00";"106.716";"-4.87";"16331.45";"OOS1";"TrailingStop";"-11.28";"29.72";"12h 5m";""
"40";"AUDJPY_DukasM1_the5ers";"Buy";"2024.06.28 00:00:00";"106.840";"0.18";"2024.06.28 04:15:00";"106.697";"-17.73";"16313.71";"OOS1";"TrailingStop";"-16.83";"18.13";"4h 15m";""
"41";"AUDJPY_DukasM1_the5ers";"Buy";"2024.07.01 02:00:00";"107.386";"0.14";"2024.07.02 05:38:00";"107.311";"-7.60";"16306.11";"OOS1";"TrailingStop";"-12.73";"39.37";"1d 3h 38m";""
"42";"AUDJPY_DukasM1_the5ers";"Buy";"2024.07.02 15:00:00";"107.509";"0.16";"2024.07.03 16:52:00";"108.254";"77.10";"16383.22";"OOS1";"PT";"-9.10";"77.95";"1d 1h 52m";""
"43";"AUDJPY_DukasM1_the5ers";"Buy";"2024.07.04 03:00:00";"108.472";"0.17";"2024.07.05 06:19:00";"108.274";"-22.91";"16360.31";"OOS1";"TrailingStop";"-22.01";"14.34";"1d 3h 19m";""
"44";"AUDJPY_DukasM1_the5ers";"Buy";"2024.07.05 17:00:00";"108.550";"0.16";"2024.07.08 00:05:00";"108.256";"-31.60";"16328.71";"OOS1";"TrailingStop";"-38.29";"2.41";"2d 7h 5m";""
"45";"AUDJPY_DukasM1_the5ers";"Buy";"2024.07.08 03:00:00";"108.388";"0.17";"2024.07.08 17:23:00";"108.249";"-16.30";"16312.40";"OOS1";"TrailingStop";"-25.79";"20.34";"14h 23m";""
"46";"AUDJPY_DukasM1_the5ers";"Buy";"2024.07.10 03:00:00";"108.777";"0.21";"2024.07.11 09:02:00";"109.339";"75.96";"16388.36";"OOS1";"PT";"-5.36";"77.18";"1d 6h 2m";""
"47";"AUDJPY_DukasM1_the5ers";"Buy";"2024.07.11 10:00:00";"109.287";"0.22";"2024.07.11 15:42:00";"108.611";"-98.35";"16290.01";"OOS1";"SL";"-97.25";"1.58";"5h 42m";""
"48";"AUDJPY_DukasM1_the5ers";"Buy";"2024.08.16 11:00:00";"98.848";"0.1";"2024.08.19 08:30:00";"97.420";"-93.91";"16196.10";"OOS1";"SL";"-93.38";"5.10";"2d 21h 30m";""
"49";"AUDJPY_DukasM1_the5ers";"Buy";"2024.08.19 20:00:00";"98.464";"0.08";"2024.08.20 04:02:00";"98.247";"-11.77";"16184.33";"OOS1";"TrailingStop";"-11.35";"24.43";"8h 2m";""
"50";"AUDJPY_DukasM1_the5ers";"Buy";"2024.08.20 06:00:00";"98.810";"0.08";"2024.08.20 17:17:00";"98.342";"-24.88";"16159.45";"OOS1";"TrailingStop";"-24.48";"11.67";"11h 17m";""
"51";"AUDJPY_DukasM1_the5ers";"Buy";"2024.08.30 11:00:00";"98.691";"0.12";"2024.09.02 05:50:00";"98.715";"1.25";"16160.70";"OOS1";"TrailingStop";"-10.67";"45.36";"2d 18h 50m";""
"52";"AUDJPY_DukasM1_the5ers";"Buy";"2024.09.02 06:00:00";"98.763";"0.11";"2024.09.02 17:53:00";"99.787";"73.11";"16233.80";"OOS1";"PT";"-15.61";"73.66";"11h 53m";""
"53";"AUDJPY_DukasM1_the5ers";"Buy";"2024.09.03 00:04:00";"99.587";"0.13";"2024.09.03 04:51:00";"99.415";"-15.27";"16218.53";"OOS1";"TrailingStop";"-14.62";"21.34";"4h 47m";""
"54";"AUDJPY_DukasM1_the5ers";"Buy";"2024.09.20 11:00:00";"97.879";"0.07";"2024.09.23 10:08:00";"98.020";"6.09";"16224.62";"OOS1";"TrailingStop";"-8.93";"34.56";"2d 23h 8m";""
"55";"AUDJPY_DukasM1_the5ers";"Buy";"2024.09.23 13:00:00";"97.933";"0.08";"2024.09.25 14:07:00";"99.313";"71.75";"16296.37";"OOS1";"PT";"-10.36";"72.19";"2d 1h 7m";""
"56";"AUDJPY_DukasM1_the5ers";"Buy";"2024.09.25 15:00:00";"99.257";"0.09";"2024.09.27 08:08:00";"100.486";"71.78";"16368.15";"OOS1";"PT";"-39.26";"72.33";"1d 17h 8m";""
"57";"AUDJPY_DukasM1_the5ers";"Buy";"2024.09.27 09:00:00";"100.593";"0.08";"2024.09.27 09:23:00";"98.846";"-91.79";"16276.36";"OOS1";"SL";"-91.39";"1.99";"23m 0s";""
"58";"AUDJPY_DukasM1_the5ers";"Buy";"2024.09.30 21:00:00";"99.265";"0.07";"2024.10.01 10:19:00";"99.407";"6.13";"16282.49";"OOS1";"TrailingStop";"-4.49";"38.22";"13h 19m";""
"59";"AUDJPY_DukasM1_the5ers";"Buy";"2024.10.03 05:00:00";"100.894";"0.07";"2024.10.07 10:21:00";"100.782";"-5.51";"16276.98";"OOS1";"TrailingStop";"-45.50";"23.94";"4d 5h 21m";""
"60";"AUDJPY_DukasM1_the5ers";"Buy";"2024.10.23 09:00:00";"101.620";"0.13";"2024.10.23 20:04:00";"101.245";"-32.53";"16244.45";"OOS1";"TrailingStop";"-31.88";"5.95";"11h 4m";""
"61";"AUDJPY_DukasM1_the5ers";"Buy";"2024.10.24 00:00:00";"101.306";"0.13";"2024.10.24 17:30:00";"100.977";"-28.62";"16215.83";"OOS1";"TrailingStop";"-27.97";"10.37";"17h 30m";""
"62";"AUDJPY_DukasM1_the5ers";"Buy";"2024.11.07 11:00:00";"102.227";"0.09";"2024.11.08 05:15:00";"101.792";"-26.08";"16189.75";"OOS1";"TrailingStop";"-25.60";"10.24";"18h 15m";""
"63";"AUDJPY_DukasM1_the5ers";"Buy";"2024.12.17 00:04:00";"97.992";"0.14";"2024.12.17 07:13:00";"97.882";"-10.77";"16178.99";"OOS1";"TrailingStop";"-10.07";"32.23";"7h 9m";""
"64";"AUDJPY_DukasM1_the5ers";"Buy";"2024.12.23 01:00:00";"97.794";"0.1";"2024.12.24 05:07:00";"97.793";"-0.59";"16178.39";"OOS1";"TrailingStop";"-3.53";"28.97";"1d 4h 7m";""
"65";"AUDJPY_DukasM1_the5ers";"Buy";"2025.01.07 11:00:00";"98.925";"0.12";"2025.01.07 17:46:00";"98.704";"-17.94";"16160.45";"OOS1";"TrailingStop";"-17.34";"18.91";"6h 46m";""
"66";"AUDJPY_DukasM1_the5ers";"Buy";"2025.02.13 11:00:00";"96.575";"0.1";"2025.02.17 04:45:00";"96.435";"-9.71";"16150.74";"OOS1";"TrailingStop";"-37.67";"26.94";"3d 17h 45m";""
"67";"AUDJPY_DukasM1_the5ers";"Buy";"2025.03.18 11:00:00";"95.674";"0.12";"2025.03.19 09:41:00";"94.461";"-95.82";"16054.92";"OOS1";"SL";"-95.19";"0.55";"22h 41m";""
"68";"AUDJPY_DukasM1_the5ers";"Buy";"2025.03.19 18:00:00";"94.988";"0.11";"2025.03.20 11:33:00";"93.612";"-99.62";"15955.31";"OOS1";"SL";"-98.98";"1.44";"17h 33m";""
"69";"AUDJPY_DukasM1_the5ers";"Buy";"2025.04.24 11:00:00";"91.026";"0.08";"2025.04.25 10:34:00";"91.602";"29.71";"15985.02";"OOS1";"TrailingStop";"-11.61";"62.41";"23h 34m";""
"70";"AUDJPY_DukasM1_the5ers";"Buy";"2025.04.25 11:00:00";"91.786";"0.09";"2025.04.28 19:27:00";"91.430";"-21.43";"15963.59";"OOS1";"TrailingStop";"-26.60";"18.30";"3d 8h 27m";""
"71";"AUDJPY_DukasM1_the5ers";"Buy";"2025.05.02 05:00:00";"93.222";"0.09";"2025.05.05 23:55:00";"92.933";"-17.51";"15946.09";"OOS1";"TrailingStop";"-22.48";"20.07";"3d 18h 55m";""
"72";"AUDJPY_DukasM1_the5ers";"Buy";"2025.05.09 05:00:00";"93.115";"0.11";"2025.05.09 14:26:00";"92.850";"-19.61";"15926.48";"OOS1";"TrailingStop";"-19.06";"15.25";"9h 26m";""
"73";"AUDJPY_DukasM1_the5ers";"Buy";"2025.05.12 01:00:00";"93.872";"0.11";"2025.05.12 18:46:00";"94.308";"30.81";"15957.29";"OOS1";"TrailingStop";"-25.54";"74.88";"17h 46m";""
"74";"AUDJPY_DukasM1_the5ers";"Buy";"2025.05.13 10:00:00";"94.907";"0.1";"2025.05.14 07:42:00";"95.089";"11.37";"15968.66";"OOS1";"TrailingStop";"-15.89";"48.13";"21h 42m";""
"75";"AUDJPY_DukasM1_the5ers";"Buy";"2025.05.14 08:00:00";"95.103";"0.11";"2025.05.14 11:57:00";"94.896";"-15.44";"15953.22";"OOS1";"TrailingStop";"-14.89";"19.06";"3h 57m";""
"76";"AUDJPY_DukasM1_the5ers";"Buy";"2025.06.06 06:00:00";"93.440";"0.12";"2025.06.10 00:05:00";"94.019";"44.77";"15997.99";"OOS1";"TrailingStop";"-4.63";"70.47";"3d 18h 5m";""
"77";"AUDJPY_DukasM1_the5ers";"Buy";"2025.06.10 00:05:00";"94.040";"0.18";"2025.06.10 08:22:00";"94.237";"22.29";"16020.28";"OOS1";"TrailingStop";"-4.71";"66.15";"8h 17m";""
"78";"AUDJPY_DukasM1_the5ers";"Buy";"2025.06.11 00:00:00";"94.441";"0.15";"2025.06.11 04:55:00";"94.268";"-17.72";"16002.56";"OOS1";"TrailingStop";"-16.97";"30.41";"4h 55m";""
"79";"AUDJPY_DukasM1_the5ers";"Buy";"2025.06.17 07:00:00";"94.501";"0.11";"2025.06.17 20:16:00";"94.259";"-17.96";"15984.60";"OOS1";"TrailingStop";"-17.41";"24.38";"13h 16m";""
"80";"AUDJPY_DukasM1_the5ers";"Buy";"2025.06.26 18:00:00";"94.571";"0.14";"2025.06.27 09:00:00";"94.471";"-9.89";"15974.71";"OOS1";"TrailingStop";"-17.67";"25.63";"15h 0m";""
"81";"AUDJPY_DukasM1_the5ers";"Buy";"2025.07.04 05:00:00";"95.061";"0.17";"2025.07.08 14:02:00";"95.768";"77.65";"16052.37";"OOS1";"PT";"-92.16";"78.60";"4d 9h 2m";""
"82";"AUDJPY_DukasM1_the5ers";"Buy";"2025.07.09 04:00:00";"95.823";"0.14";"2025.07.09 13:31:00";"95.713";"-10.77";"16041.59";"OOS1";"TrailingStop";"-10.07";"35.80";"9h 31m";""
"83";"AUDJPY_DukasM1_the5ers";"Buy";"2025.07.10 10:00:00";"95.844";"0.16";"2025.07.11 03:20:00";"96.134";"29.50";"16071.09";"OOS1";"TrailingStop";"-6.91";"66.02";"17h 20m";""
"84";"AUDJPY_DukasM1_the5ers";"Buy";"2025.07.11 04:00:00";"96.262";"0.14";"2025.07.14 00:05:00";"96.665";"36.16";"16107.25";"OOS1";"TrailingStop";"-4.49";"72.42";"2d 20h 5m";""
"85";"AUDJPY_DukasM1_the5ers";"Buy";"2025.07.14 02:00:00";"96.881";"0.13";"2025.07.16 12:45:00";"96.897";"0.64";"16107.89";"OOS1";"TrailingStop";"-36.89";"46.84";"2d 10h 45m";""
"86";"AUDJPY_DukasM1_the5ers";"Buy";"2025.07.16 15:00:00";"97.013";"0.15";"2025.07.17 10:33:00";"96.045";"-95.82";"16012.07";"OOS1";"SL";"-94.95";"0.00";"19h 33m";""
"87";"AUDJPY_DukasM1_the5ers";"Buy";"2025.09.01 10:00:00";"96.158";"0.19";"2025.09.02 00:05:00";"96.226";"7.45";"16019.52";"OOS1";"TrailingStop";"-5.72";"53.80";"14h 5m";""
"88";"AUDJPY_DukasM1_the5ers";"Buy";"2025.09.02 01:00:00";"96.440";"0.21";"2025.09.02 11:30:00";"96.559";"15.29";"16034.81";"OOS1";"TrailingStop";"-5.22";"59.05";"10h 30m";""
"89";"AUDJPY_DukasM1_the5ers";"Buy";"2025.09.03 00:00:00";"96.704";"0.19";"2025.09.03 08:24:00";"96.817";"13.09";"16047.90";"OOS1";"TrailingStop";"-34.54";"55.17";"8h 24m";""
"90";"AUDJPY_DukasM1_the5ers";"Buy";"2025.09.04 04:00:00";"96.927";"0.17";"2025.09.05 15:30:00";"96.715";"-24.46";"16023.44";"OOS1";"TrailingStop";"-44.02";"8.12";"1d 11h 30m";""
"91";"AUDJPY_DukasM1_the5ers";"Buy";"2025.09.09 06:00:00";"97.289";"0.18";"2025.09.11 00:05:00";"97.431";"15.62";"16039.06";"OOS1";"TrailingStop";"-55.79";"53.32";"1d 18h 5m";""
"92";"AUDJPY_DukasM1_the5ers";"Buy";"2025.09.11 03:00:00";"97.550";"0.2";"2025.09.11 15:40:00";"97.503";"-7.15";"16031.91";"OOS1";"TrailingStop";"-19.75";"32.04";"12h 40m";""
"93";"AUDJPY_DukasM1_the5ers";"Buy";"2025.09.12 00:04:00";"97.886";"0.19";"2025.09.12 16:17:00";"98.111";"27.01";"16058.92";"OOS1";"TrailingStop";"-2.98";"66.60";"16h 13m";""
"94";"AUDJPY_DukasM1_the5ers";"Buy";"2025.09.15 05:00:00";"98.272";"0.19";"2025.09.16 00:04:00";"98.102";"-22.12";"16036.79";"OOS1";"TrailingStop";"-27.58";"9.32";"19h 4m";""
"95";"AUDJPY_DukasM1_the5ers";"Buy";"2025.10.07 11:00:00";"99.285";"0.14";"2025.10.08 03:04:00";"100.159";"79.28";"16116.07";"OOS1";"PT";"-7.14";"80.01";"16h 4m";""
"96";"AUDJPY_DukasM1_the5ers";"Buy";"2025.10.08 04:00:00";"100.167";"0.15";"2025.10.09 12:04:00";"100.455";"27.38";"16143.45";"OOS1";"TrailingStop";"-24.72";"72.00";"1d 8h 4m";""
"97";"AUDJPY_DukasM1_the5ers";"Buy";"2025.10.09 13:00:00";"100.627";"0.13";"2025.10.09 17:22:00";"100.520";"-9.75";"16133.70";"OOS1";"TrailingStop";"-9.10";"27.12";"4h 22m";""
"98";"AUDJPY_DukasM1_the5ers";"Buy";"2025.10.27 01:00:00";"100.041";"0.14";"2025.10.28 02:20:00";"100.015";"-3.12";"16130.58";"OOS1";"TrailingStop";"-22.43";"30.12";"1d 1h 20m";""
"99";"AUDJPY_DukasM1_the5ers";"Buy";"2025.10.28 19:00:00";"100.235";"0.14";"2025.10.29 01:59:00";"99.910";"-30.49";"16100.09";"OOS1";"TrailingStop";"-29.75";"4.76";"6h 59m";""
"100";"AUDJPY_DukasM1_the5ers";"Buy";"2025.10.29 02:00:00";"99.933";"0.15";"2025.10.29 20:00:00";"100.740";"78.41";"16178.50";"OOS1";"PT";"-19.81";"79.16";"18h 0m";""
"101";"AUDJPY_DukasM1_the5ers";"Buy";"2025.10.30 00:00:00";"100.343";"0.11";"2025.11.03 16:27:00";"100.776";"30.54";"16209.04";"OOS1";"TrailingStop";"-5.47";"62.15";"4d 16h 27m";""
"102";"AUDJPY_DukasM1_the5ers";"Buy";"2025.11.13 10:00:00";"101.744";"0.14";"2025.11.13 20:37:00";"100.699";"-96.37";"16112.67";"OOS1";"SL";"-95.67";"6.87";"10h 37m";""
"103";"AUDJPY_DukasM1_the5ers";"Buy";"2025.11.14 19:00:00";"101.259";"0.1";"2025.11.19 04:50:00";"100.864";"-26.41";"16086.26";"OOS1";"TrailingStop";"-72.72";"11.44";"4d 9h 50m";""
"104";"AUDJPY_DukasM1_the5ers";"Buy";"2025.11.20 05:00:00";"101.934";"0.1";"2025.11.20 10:52:00";"101.758";"-12.01";"16074.25";"OOS1";"TrailingStop";"-11.51";"19.94";"5h 52m";""
"105";"AUDJPY_DukasM1_the5ers";"Buy";"2025.12.03 09:00:00";"102.445";"0.16";"2025.12.03 16:05:00";"102.185";"-28.00";"16046.25";"OOS1";"TrailingStop";"-27.20";"6.07";"7h 5m";""
"106";"AUDJPY_DukasM1_the5ers";"Buy";"2025.12.04 00:00:00";"102.423";"0.17";"2025.12.04 10:10:00";"102.511";"8.93";"16055.18";"OOS1";"TrailingStop";"-10.34";"47.69";"10h 10m";""
"107";"AUDJPY_DukasM1_the5ers";"Buy";"2025.12.05 07:00:00";"102.562";"0.17";"2025.12.08 14:23:00";"103.265";"77.25";"16132.43";"OOS1";"PT";"-30.24";"78.15";"3d 7h 23m";""
"108";"AUDJPY_DukasM1_the5ers";"Buy";"2025.12.08 15:00:00";"103.290";"0.18";"2025.12.09 05:30:00";"103.035";"-30.96";"16101.47";"OOS1";"TrailingStop";"-30.02";"9.53";"14h 30m";""
"109";"AUDJPY_DukasM1_the5ers";"Buy";"2025.12.09 06:00:00";"103.263";"0.16";"2025.12.09 17:00:00";"104.001";"76.42";"16177.89";"OOS1";"PT";"-6.38";"77.22";"11h 0m";""
"110";"AUDJPY_DukasM1_the5ers";"Buy";"2025.12.10 00:00:00";"104.191";"0.15";"2025.12.10 16:04:00";"103.944";"-24.98";"16152.91";"OOS1";"TrailingStop";"-35.02";"11.87";"16h 4m";""
"111";"AUDJPY_DukasM1_the5ers";"Buy";"2025.12.11 00:04:00";"103.928";"0.15";"2025.12.11 02:30:00";"103.717";"-21.45";"16131.46";"OOS1";"TrailingStop";"-20.70";"19.32";"2h 26m";""
"112";"AUDJPY_DukasM1_the5ers";"Buy";"2025.12.22 11:00:00";"104.623";"0.12";"2025.12.24 03:31:00";"104.358";"-21.46";"16110.00";"OOS1";"TrailingStop";"-57.44";"7.14";"1d 16h 31m";""
"113";"AUDJPY_DukasM1_the5ers";"Buy";"2025.12.24 04:00:00";"104.444";"0.15";"2025.12.25 01:11:00";"104.326";"-12.45";"16097.56";"OOS1";"TrailingStop";"-11.57";"20.30";"21h 11m";""
"114";"AUDJPY_DukasM1_the5ers";"Buy";"2025.12.29 05:00:00";"105.179";"0.15";"2025.12.31 23:58:00";"104.531";"-64.31";"16033.25";"OOS1";"EndTest";"-81.61";"3.53";"2d 18h 58m";""
