"Ticket";"Symbol";"Type";"Open time";"Open price";"Size";"Close time";"Close price";"Profit/Loss";"Balance";"Sample type";"Close type";"MAE ($)";"MFE ($)";"Time in trade";"Comment"
"1";"AUDJPY_DukasM1_the5ers";"Buy";"2003.12.10 10:00:00";"80.005";"0.16";"2003.12.17 17:03:00";"79.431";"-61.16";"9938.84";"IS";"TrailingStop";"-67.90";"25.84";"7d 7h 3m";""
"2";"AUDJPY_DukasM1_the5ers";"Buy";"2003.12.19 10:00:00";"79.518";"0.18";"2003.12.22 13:48:00";"78.811";"-84.17";"9854.68";"IS";"TrailingStop";"-83.22";"22.13";"3d 3h 48m";""
"3";"AUDJPY_DukasM1_the5ers";"Buy";"2003.12.31 05:00:00";"80.111";"0.18";"2004.01.05 09:43:00";"81.871";"206.02";"10060.70";"IS";"PT";"-34.02";"207.16";"5d 4h 43m";""
"4";"AUDJPY_DukasM1_the5ers";"Buy";"2004.01.06 13:00:00";"81.943";"0.16";"2004.01.14 22:56:00";"82.144";"19.89";"10080.59";"IS";"TrailingStop";"-83.39";"179.86";"8d 9h 56m";""
"5";"AUDJPY_DukasM1_the5ers";"Buy";"2004.02.02 08:00:00";"80.406";"0.14";"2004.02.11 18:21:00";"82.641";"203.57";"10284.16";"IS";"PT";"-61.15";"204.61";"9d 10h 21m";""
"6";"AUDJPY_DukasM1_the5ers";"Buy";"2004.02.12 21:00:00";"83.060";"0.17";"2004.02.20 03:39:00";"84.893";"202.55";"10486.71";"IS";"PT";"-13.78";"203.77";"7d 6h 39m";""
"7";"AUDJPY_DukasM1_the5ers";"Buy";"2004.03.15 09:00:00";"81.486";"0.1";"2004.03.17 10:09:00";"80.086";"-92.10";"10394.61";"IS";"SL";"-91.55";"3.73";"2d 1h 9m";""
"8";"AUDJPY_DukasM1_the5ers";"Buy";"2004.03.22 09:00:00";"80.213";"0.15";"2004.03.24 10:34:00";"79.636";"-57.43";"10337.18";"IS";"TrailingStop";"-56.60";"50.12";"2d 1h 34m";""
"9";"AUDJPY_DukasM1_the5ers";"Buy";"2004.03.30 00:00:00";"78.785";"0.14";"2004.03.31 06:14:00";"78.987";"17.76";"10354.94";"IS";"TrailingStop";"-15.11";"106.65";"1d 6h 14m";""
"10";"AUDJPY_DukasM1_the5ers";"Buy";"2004.03.31 23:00:00";"79.913";"0.13";"2004.04.05 00:31:00";"78.763";"-98.59";"10256.35";"IS";"SL";"-97.76";"2.72";"4d 1h 31m";""
"11";"AUDJPY_DukasM1_the5ers";"Buy";"2004.04.07 20:00:00";"80.832";"0.12";"2004.04.13 07:21:00";"80.463";"-29.75";"10226.61";"IS";"TrailingStop";"-42.85";"43.55";"5d 11h 21m";""
"12";"AUDJPY_DukasM1_the5ers";"Buy";"2004.04.19 06:00:00";"80.750";"0.12";"2004.04.20 09:20:00";"80.061";"-54.70";"10171.91";"IS";"TrailingStop";"-54.07";"27.15";"1d 3h 20m";""
"13";"AUDJPY_DukasM1_the5ers";"Buy";"2004.04.22 20:00:00";"80.221";"0.11";"2004.04.23 17:15:00";"79.263";"-69.49";"10102.42";"IS";"TrailingStop";"-68.91";"19.71";"21h 15m";""
"14";"AUDJPY_DukasM1_the5ers";"Buy";"2004.04.26 12:00:00";"79.687";"0.14";"2004.04.28 15:39:00";"79.571";"-11.39";"10091.02";"IS";"TrailingStop";"-36.07";"90.91";"2d 3h 39m";""
"15";"AUDJPY_DukasM1_the5ers";"Buy";"2004.05.11 04:00:00";"78.998";"0.12";"2004.05.17 21:11:00";"78.179";"-65.06";"10025.96";"IS";"TrailingStop";"-64.27";"37.59";"6d 17h 11m";""
"16";"AUDJPY_DukasM1_the5ers";"Buy";"2004.05.24 07:00:00";"78.470";"0.13";"2004.05.28 17:10:00";"78.759";"23.71";"10049.67";"IS";"TrailingStop";"-18.62";"102.95";"4d 10h 10m";""
"17";"AUDJPY_DukasM1_the5ers";"Buy";"2004.06.04 17:00:00";"76.870";"0.11";"2004.06.09 04:43:00";"76.496";"-27.54";"10022.13";"IS";"TrailingStop";"-26.90";"52.37";"4d 11h 43m";""
"18";"AUDJPY_DukasM1_the5ers";"Buy";"2004.06.11 19:00:00";"76.009";"0.14";"2004.06.15 09:03:00";"75.614";"-36.94";"9985.19";"IS";"TrailingStop";"-36.16";"75.71";"3d 14h 3m";""
"19";"AUDJPY_DukasM1_the5ers";"Buy";"2004.06.23 03:00:00";"74.897";"0.15";"2004.06.29 17:30:00";"74.921";"1.36";"9986.55";"IS";"TrailingStop";"-62.87";"97.79";"6d 14h 30m";""
"20";"AUDJPY_DukasM1_the5ers";"Buy";"2004.07.01 16:00:00";"75.968";"0.14";"2004.07.06 06:27:00";"78.303";"212.96";"10199.51";"IS";"PT";"-32.13";"213.77";"4d 14h 27m";""
"21";"AUDJPY_DukasM1_the5ers";"Buy";"2004.07.07 15:00:00";"78.133";"0.14";"2004.07.20 14:02:00";"78.991";"77.36";"10276.87";"IS";"TrailingStop";"-32.96";"161.86";"12d 23h 2m";""
"22";"AUDJPY_DukasM1_the5ers";"Buy";"2004.07.27 13:00:00";"78.179";"0.17";"2004.07.27 19:48:00";"77.470";"-79.67";"10197.20";"IS";"TrailingStop";"-78.82";"29.13";"6h 48m";""
"23";"AUDJPY_DukasM1_the5ers";"Buy";"2004.08.05 19:00:00";"78.455";"0.19";"2004.08.17 17:30:00";"78.753";"35.57";"10232.77";"IS";"TrailingStop";"-71.32";"149.09";"11d 22h 30m";""
"24";"AUDJPY_DukasM1_the5ers";"Buy";"2004.09.01 19:00:00";"77.119";"0.15";"2004.09.02 16:09:00";"76.146";"-96.31";"10136.46";"IS";"SL";"-95.44";"8.14";"21h 9m";""
"25";"AUDJPY_DukasM1_the5ers";"Buy";"2004.09.20 17:00:00";"76.757";"0.19";"2004.09.23 07:56:00";"78.416";"204.92";"10341.38";"IS";"PT";"-8.45";"206.12";"2d 14h 56m";""
"26";"AUDJPY_DukasM1_the5ers";"Buy";"2004.09.24 15:00:00";"79.117";"0.15";"2004.09.29 13:17:00";"79.206";"7.86";"10349.24";"IS";"TrailingStop";"-59.25";"96.62";"4d 22h 17m";""
"27";"AUDJPY_DukasM1_the5ers";"Buy";"2004.10.01 22:00:00";"80.128";"0.17";"2004.10.08 09:33:00";"80.159";"2.28";"10351.51";"IS";"TrailingStop";"-61.92";"96.05";"6d 11h 33m";""
"28";"AUDJPY_DukasM1_the5ers";"Buy";"2004.10.18 10:00:00";"79.878";"0.18";"2004.10.18 23:54:00";"79.065";"-96.64";"10254.87";"IS";"SL";"-95.70";"9.53";"13h 54m";""
"29";"AUDJPY_DukasM1_the5ers";"Buy";"2004.11.01 01:00:00";"79.242";"0.15";"2004.11.08 17:17:00";"79.814";"55.08";"10309.95";"IS";"TrailingStop";"-26.68";"134.48";"7d 16h 17m";""
"30";"AUDJPY_DukasM1_the5ers";"Buy";"2004.11.11 19:00:00";"81.530";"0.19";"2004.11.12 04:33:00";"80.819";"-89.34";"10220.61";"IS";"TrailingStop";"-88.34";"21.74";"9h 33m";""
"31";"AUDJPY_DukasM1_the5ers";"Buy";"2004.11.15 04:00:00";"81.054";"0.18";"2004.11.18 17:54:00";"80.878";"-21.86";"10198.75";"IS";"TrailingStop";"-20.72";"68.03";"3d 13h 54m";""
"32";"AUDJPY_DukasM1_the5ers";"Buy";"2004.12.02 10:00:00";"79.816";"0.15";"2004.12.08 04:13:00";"79.178";"-63.49";"10135.26";"IS";"TrailingStop";"-62.58";"42.28";"5d 18h 13m";""
"33";"AUDJPY_DukasM1_the5ers";"Buy";"2004.12.13 11:00:00";"79.505";"0.14";"2004.12.16 15:47:00";"79.038";"-43.64";"10091.62";"IS";"TrailingStop";"-42.75";"46.87";"3d 4h 47m";""
"34";"AUDJPY_DukasM1_the5ers";"Buy";"2004.12.29 04:00:00";"80.497";"0.18";"2004.12.31 12:53:00";"79.782";"-85.25";"10006.36";"IS";"TrailingStop";"-84.16";"24.01";"2d 8h 53m";""
"35";"AUDJPY_DukasM1_the5ers";"Buy";"2005.01.03 02:00:00";"80.298";"0.14";"2005.01.07 17:29:00";"79.274";"-94.67";"9911.69";"IS";"SL";"-93.75";"5.58";"4d 15h 29m";""
"36";"AUDJPY_DukasM1_the5ers";"Buy";"2005.01.19 10:00:00";"77.862";"0.16";"2005.01.26 12:56:00";"79.825";"204.28";"10115.98";"IS";"PT";"-31.91";"205.38";"7d 2h 56m";""
"37";"AUDJPY_DukasM1_the5ers";"Buy";"2005.01.26 13:00:00";"79.775";"0.17";"2005.02.04 12:15:00";"80.063";"30.66";"10146.64";"IS";"TrailingStop";"-23.68";"118.28";"8d 23h 15m";""
"38";"AUDJPY_DukasM1_the5ers";"Buy";"2005.02.08 11:00:00";"80.796";"0.17";"2005.02.10 15:32:00";"82.627";"202.51";"10349.15";"IS";"PT";"-29.90";"203.55";"2d 4h 32m";""
"39";"AUDJPY_DukasM1_the5ers";"Buy";"2005.02.18 17:00:00";"83.063";"0.18";"2005.02.22 04:54:00";"82.627";"-52.32";"10296.84";"IS";"TrailingStop";"-51.32";"50.85";"3d 11h 54m";""
"40";"AUDJPY_DukasM1_the5ers";"Buy";"2005.03.18 20:00:00";"83.214";"0.19";"2005.03.21 19:22:00";"82.425";"-99.03";"10197.81";"IS";"SL";"-98.03";"7.21";"2d 23h 22m";""
"41";"AUDJPY_DukasM1_the5ers";"Buy";"2005.03.25 13:00:00";"82.274";"0.2";"2005.04.06 08:38:00";"82.529";"31.81";"10229.62";"IS";"TrailingStop";"-47.34";"143.73";"11d 19h 38m";""
"42";"AUDJPY_DukasM1_the5ers";"Buy";"2005.04.13 22:00:00";"83.594";"0.2";"2005.04.15 09:34:00";"82.886";"-93.81";"10135.81";"IS";"TrailingStop";"-92.60";"3.92";"1d 11h 34m";""
"43";"AUDJPY_DukasM1_the5ers";"Buy";"2005.05.02 16:00:00";"81.970";"0.19";"2005.05.03 15:22:00";"81.201";"-96.55";"10039.27";"IS";"SL";"-95.54";"6.83";"23h 22m";""
"44";"AUDJPY_DukasM1_the5ers";"Buy";"2005.05.12 18:00:00";"81.898";"0.18";"2005.05.16 18:04:00";"81.061";"-99.52";"9939.75";"IS";"SL";"-98.52";"5.89";"4d 0h 4m";""
"45";"AUDJPY_DukasM1_the5ers";"Buy";"2005.05.24 00:00:00";"81.745";"0.23";"2005.05.31 04:47:00";"81.614";"-21.28";"9918.46";"IS";"TrailingStop";"-32.49";"101.67";"7d 4h 47m";""
"46";"AUDJPY_DukasM1_the5ers";"Buy";"2005.06.06 16:00:00";"81.673";"0.19";"2005.06.13 17:51:00";"83.345";"206.43";"10124.90";"IS";"PT";"-20.00";"207.74";"7d 1h 51m";""
"47";"AUDJPY_DukasM1_the5ers";"Buy";"2005.06.16 17:00:00";"84.093";"0.18";"2005.06.21 18:01:00";"84.186";"9.90";"10134.80";"IS";"TrailingStop";"-9.77";"109.23";"5d 1h 1m";""
"48";"AUDJPY_DukasM1_the5ers";"Buy";"2005.06.27 17:00:00";"84.100";"0.17";"2005.07.04 01:08:00";"83.699";"-45.75";"10089.05";"IS";"TrailingStop";"-44.58";"67.03";"6d 8h 8m";""
"49";"AUDJPY_DukasM1_the5ers";"Buy";"2005.07.07 11:00:00";"83.216";"0.15";"2005.07.20 15:41:00";"85.324";"205.58";"10294.63";"IS";"PT";"-56.70";"206.77";"13d 4h 41m";""
"50";"AUDJPY_DukasM1_the5ers";"Buy";"2005.07.25 17:00:00";"85.099";"0.15";"2005.08.08 13:47:00";"85.561";"44.00";"10338.63";"IS";"TrailingStop";"-43.06";"121.53";"13d 20h 47m";""
"51";"AUDJPY_DukasM1_the5ers";"Buy";"2005.08.31 14:00:00";"83.408";"0.18";"2005.09.08 15:59:00";"85.148";"203.43";"10542.06";"IS";"PT";"-33.66";"204.81";"8d 1h 59m";""
"52";"AUDJPY_DukasM1_the5ers";"Buy";"2005.09.13 00:00:00";"84.855";"0.18";"2005.09.22 13:07:00";"85.225";"42.12";"10584.18";"IS";"TrailingStop";"-37.55";"137.36";"9d 13h 7m";""
"53";"AUDJPY_DukasM1_the5ers";"Buy";"2005.09.26 03:00:00";"85.037";"0.18";"2005.10.03 10:35:00";"86.791";"205.22";"10789.40";"IS";"PT";"-33.78";"206.46";"7d 7h 35m";""
"54";"AUDJPY_DukasM1_the5ers";"Buy";"2005.10.10 09:00:00";"86.260";"0.2";"2005.10.11 14:44:00";"85.955";"-40.94";"10748.46";"IS";"TrailingStop";"-39.89";"62.52";"1d 5h 44m";""
"55";"AUDJPY_DukasM1_the5ers";"Buy";"2005.10.17 16:00:00";"86.169";"0.18";"2005.10.24 15:36:00";"86.325";"17.12";"10765.58";"IS";"TrailingStop";"-32.60";"103.11";"6d 23h 36m";""
"56";"AUDJPY_DukasM1_the5ers";"Buy";"2005.11.09 10:00:00";"86.263";"0.2";"2005.11.24 13:49:00";"87.856";"206.43";"10972.01";"IS";"PT";"-53.36";"208.34";"15d 3h 49m";""
"57";"AUDJPY_DukasM1_the5ers";"Buy";"2005.11.25 16:00:00";"87.980";"0.25";"2005.12.01 18:10:00";"89.282";"211.20";"11183.21";"IS";"PT";"-54.60";"212.85";"6d 2h 10m";""
"58";"AUDJPY_DukasM1_the5ers";"Buy";"2005.12.19 12:00:00";"86.507";"0.14";"2005.12.22 16:01:00";"85.549";"-88.59";"11094.62";"IS";"TrailingStop";"-87.70";"6.04";"3d 4h 1m";""
"59";"AUDJPY_DukasM1_the5ers";"Buy";"2005.12.27 03:00:00";"85.426";"0.15";"2006.01.03 17:15:00";"85.864";"41.93";"11136.55";"IS";"TrailingStop";"-55.71";"117.12";"7d 14h 15m";""
"60";"AUDJPY_DukasM1_the5ers";"Buy";"2006.01.17 17:00:00";"86.913";"0.22";"2006.01.18 08:09:00";"86.366";"-79.85";"11056.70";"IS";"TrailingStop";"-78.69";"21.87";"15h 9m";""
"61";"AUDJPY_DukasM1_the5ers";"Buy";"2006.01.23 10:00:00";"86.425";"0.17";"2006.01.30 12:24:00";"88.297";"206.94";"11263.63";"IS";"PT";"-81.93";"208.10";"7d 2h 24m";""
"62";"AUDJPY_DukasM1_the5ers";"Buy";"2006.02.09 22:00:00";"87.862";"0.18";"2006.02.10 07:31:00";"87.261";"-71.69";"11191.94";"IS";"TrailingStop";"-70.74";"24.72";"9h 31m";""
"63";"AUDJPY_DukasM1_the5ers";"Buy";"2006.02.13 16:00:00";"87.063";"0.18";"2006.02.22 14:22:00";"87.249";"20.56";"11212.50";"IS";"TrailingStop";"-87.69";"96.52";"8d 22h 22m";""
"64";"AUDJPY_DukasM1_the5ers";"Buy";"2006.03.01 13:00:00";"86.390";"0.19";"2006.03.07 16:17:00";"86.574";"21.61";"11234.11";"IS";"TrailingStop";"-24.48";"117.66";"6d 3h 17m";""
"65";"AUDJPY_DukasM1_the5ers";"Buy";"2006.03.09 21:00:00";"86.711";"0.17";"2006.03.14 13:37:00";"86.704";"-1.76";"11232.34";"IS";"TrailingStop";"-15.12";"87.04";"4d 16h 37m";""
"66";"AUDJPY_DukasM1_the5ers";"Buy";"2006.03.29 17:00:00";"83.076";"0.17";"2006.04.03 12:36:00";"84.981";"210.70";"11443.04";"IS";"PT";"-11.78";"211.77";"4d 19h 36m";""
"67";"AUDJPY_DukasM1_the5ers";"Buy";"2006.04.07 12:00:00";"86.096";"0.17";"2006.04.13 04:39:00";"86.164";"6.44";"11449.47";"IS";"TrailingStop";"-50.58";"94.05";"5d 16h 39m";""
"68";"AUDJPY_DukasM1_the5ers";"Buy";"2006.05.19 13:00:00";"85.190";"0.16";"2006.05.19 15:52:00";"84.264";"-97.69";"11351.79";"IS";"SL";"-96.89";"1.46";"2h 52m";""
"69";"AUDJPY_DukasM1_the5ers";"Buy";"2006.05.26 14:00:00";"84.899";"0.15";"2006.05.29 02:02:00";"84.524";"-37.57";"11314.21";"IS";"TrailingStop";"-36.78";"55.52";"2d 12h 2m";""
"70";"AUDJPY_DukasM1_the5ers";"Buy";"2006.06.07 19:00:00";"84.085";"0.2";"2006.06.13 09:39:00";"84.766";"87.74";"11401.96";"IS";"TrailingStop";"-25.50";"198.79";"5d 14h 39m";""
"71";"AUDJPY_DukasM1_the5ers";"Buy";"2006.06.19 15:00:00";"85.261";"0.21";"2006.06.21 11:32:00";"84.596";"-92.48";"11309.47";"IS";"TrailingStop";"-91.32";"11.12";"1d 20h 32m";""
"72";"AUDJPY_DukasM1_the5ers";"Buy";"2006.06.23 22:00:00";"85.253";"0.2";"2006.06.28 09:41:00";"84.693";"-74.40";"11235.07";"IS";"TrailingStop";"-73.24";"25.50";"4d 11h 41m";""
"73";"AUDJPY_DukasM1_the5ers";"Buy";"2006.07.04 14:00:00";"85.355";"0.22";"2006.07.06 07:03:00";"85.104";"-37.45";"11197.63";"IS";"TrailingStop";"-36.11";"80.71";"1d 17h 3m";""
"74";"AUDJPY_DukasM1_the5ers";"Buy";"2006.07.06 19:00:00";"85.884";"0.17";"2006.07.10 06:05:00";"85.381";"-56.86";"11140.77";"IS";"TrailingStop";"-55.92";"27.46";"3d 11h 5m";""
"75";"AUDJPY_DukasM1_the5ers";"Buy";"2006.07.17 18:00:00";"87.615";"0.17";"2006.07.19 16:40:00";"87.179";"-49.41";"11091.36";"IS";"TrailingStop";"-48.47";"45.24";"1d 22h 40m";""
"76";"AUDJPY_DukasM1_the5ers";"Buy";"2006.07.19 22:00:00";"87.592";"0.19";"2006.07.21 11:07:00";"87.196";"-50.35";"11041.00";"IS";"TrailingStop";"-49.20";"40.26";"1d 13h 7m";""
"77";"AUDJPY_DukasM1_the5ers";"Buy";"2006.07.24 06:00:00";"87.621";"0.22";"2006.07.25 00:58:00";"87.496";"-19.14";"11021.86";"IS";"TrailingStop";"-27.05";"76.82";"18h 58m";""
"78";"AUDJPY_DukasM1_the5ers";"Buy";"2006.08.28 17:00:00";"88.824";"0.23";"2006.09.05 10:05:00";"89.004";"25.43";"11047.29";"IS";"TrailingStop";"-11.13";"153.71";"7d 17h 5m";""
"79";"AUDJPY_DukasM1_the5ers";"Buy";"2006.09.07 05:00:00";"89.548";"0.21";"2006.09.07 11:56:00";"88.855";"-96.22";"10951.08";"IS";"TrailingStop";"-95.17";"4.81";"6h 56m";""
"80";"AUDJPY_DukasM1_the5ers";"Buy";"2006.09.13 22:00:00";"88.504";"0.19";"2006.09.19 15:46:00";"88.403";"-13.80";"10937.27";"IS";"TrailingStop";"-42.74";"89.83";"5d 17h 46m";""
"81";"AUDJPY_DukasM1_the5ers";"Buy";"2006.09.27 21:00:00";"88.076";"0.18";"2006.10.13 14:32:00";"89.813";"202.69";"11139.96";"IS";"PT";"-69.45";"204.46";"15d 17h 32m";""
"82";"AUDJPY_DukasM1_the5ers";"Buy";"2006.10.31 01:00:00";"90.346";"0.22";"2006.11.08 07:05:00";"90.639";"40.58";"11180.54";"IS";"TrailingStop";"-22.44";"133.36";"8d 6h 5m";""
"83";"AUDJPY_DukasM1_the5ers";"Buy";"2006.11.14 11:00:00";"90.134";"0.21";"2006.11.22 15:22:00";"90.292";"20.20";"11200.74";"IS";"TrailingStop";"-40.51";"117.00";"8d 4h 22m";""
"84";"AUDJPY_DukasM1_the5ers";"Buy";"2006.11.28 12:00:00";"90.617";"0.21";"2006.12.01 20:39:00";"90.975";"47.83";"11248.57";"IS";"TrailingStop";"-27.33";"167.12";"3d 8h 39m";""
"85";"AUDJPY_DukasM1_the5ers";"Buy";"2006.12.08 12:00:00";"90.994";"0.19";"2006.12.20 02:53:00";"92.671";"206.90";"11455.47";"IS";"PT";"-2.61";"208.36";"11d 14h 53m";""
"86";"AUDJPY_DukasM1_the5ers";"Buy";"2007.01.12 20:00:00";"94.332";"0.18";"2007.01.22 14:04:00";"96.124";"209.64";"11665.11";"IS";"PT";"-27.66";"210.93";"9d 18h 4m";""
"87";"AUDJPY_DukasM1_the5ers";"Buy";"2007.01.23 12:00:00";"96.164";"0.2";"2007.01.24 02:41:00";"95.697";"-62.13";"11602.98";"IS";"TrailingStop";"-61.08";"34.27";"14h 41m";""
"88";"AUDJPY_DukasM1_the5ers";"Buy";"2007.01.26 18:00:00";"93.855";"0.15";"2007.01.31 09:30:00";"93.532";"-32.55";"11570.43";"IS";"TrailingStop";"-31.68";"65.23";"4d 15h 30m";""
"89";"AUDJPY_DukasM1_the5ers";"Buy";"2007.02.20 07:00:00";"94.215";"0.19";"2007.02.22 18:19:00";"95.879";"205.59";"11776.02";"IS";"PT";"-15.65";"206.74";"2d 11h 19m";""
"90";"AUDJPY_DukasM1_the5ers";"Buy";"2007.03.19 04:00:00";"93.089";"0.12";"2007.03.26 21:18:00";"95.644";"199.67";"11975.69";"IS";"PT";"-15.30";"200.49";"7d 17h 18m";""
"91";"AUDJPY_DukasM1_the5ers";"Buy";"2007.04.04 17:00:00";"96.723";"0.17";"2007.04.11 16:09:00";"98.564";"203.49";"12179.18";"IS";"PT";"-9.78";"204.66";"6d 23h 9m";""
"92";"AUDJPY_DukasM1_the5ers";"Buy";"2007.04.12 23:00:00";"98.748";"0.19";"2007.04.18 14:42:00";"99.084";"40.59";"12219.77";"IS";"TrailingStop";"-55.66";"159.28";"5d 15h 42m";""
"93";"AUDJPY_DukasM1_the5ers";"Buy";"2007.04.25 05:00:00";"98.268";"0.16";"2007.05.02 06:18:00";"98.710";"45.15";"12264.91";"IS";"TrailingStop";"-7.95";"127.33";"7d 1h 18m";""
"94";"AUDJPY_DukasM1_the5ers";"Buy";"2007.05.03 22:00:00";"99.198";"0.21";"2007.05.04 04:35:00";"98.558";"-88.99";"12175.92";"IS";"TrailingStop";"-87.89";"8.51";"6h 35m";""
"95";"AUDJPY_DukasM1_the5ers";"Buy";"2007.05.09 11:00:00";"99.348";"0.22";"2007.05.10 19:39:00";"99.583";"32.53";"12208.45";"IS";"TrailingStop";"-28.48";"144.15";"1d 8h 39m";""
"96";"AUDJPY_DukasM1_the5ers";"Buy";"2007.05.23 07:00:00";"99.928";"0.22";"2007.05.24 18:20:00";"99.640";"-42.71";"12165.74";"IS";"TrailingStop";"-41.43";"63.59";"1d 11h 20m";""
"97";"AUDJPY_DukasM1_the5ers";"Buy";"2007.05.28 19:00:00";"99.708";"0.28";"2007.05.29 05:04:00";"99.243";"-86.62";"12079.13";"IS";"TrailingStop";"-85.14";"8.79";"10h 4m";""
"98";"AUDJPY_DukasM1_the5ers";"Buy";"2007.05.30 17:00:00";"99.958";"0.18";"2007.06.04 09:02:00";"101.693";"203.08";"12282.20";"IS";"PT";"-22.13";"204.22";"4d 16h 2m";""
"99";"AUDJPY_DukasM1_the5ers";"Buy";"2007.06.05 08:00:00";"101.798";"0.22";"2007.06.05 16:12:00";"101.410";"-56.92";"12225.29";"IS";"TrailingStop";"-55.82";"40.57";"8h 12m";""
"100";"AUDJPY_DukasM1_the5ers";"Buy";"2007.06.12 12:00:00";"102.578";"0.18";"2007.06.19 17:43:00";"104.389";"211.93";"12437.21";"IS";"PT";"-65.68";"213.17";"7d 5h 43m";""
"101";"AUDJPY_DukasM1_the5ers";"Buy";"2007.07.02 15:00:00";"105.058";"0.15";"2007.07.10 15:18:00";"105.579";"50.03";"12487.25";"IS";"TrailingStop";"-62.58";"120.85";"8d 0h 18m";""
"102";"AUDJPY_DukasM1_the5ers";"Buy";"2007.07.12 17:00:00";"105.728";"0.14";"2007.07.20 17:32:00";"106.985";"114.08";"12601.32";"IS";"TrailingStop";"-3.48";"182.37";"8d 0h 32m";""
"103";"AUDJPY_DukasM1_the5ers";"Buy";"2007.07.30 22:00:00";"101.258";"0.06";"2007.08.01 00:17:00";"100.750";"-20.26";"12581.06";"IS";"TrailingStop";"-19.93";"61.68";"1d 2h 17m";""
"104";"AUDJPY_DukasM1_the5ers";"Buy";"2007.08.06 22:00:00";"101.548";"0.1";"2007.08.07 21:20:00";"100.799";"-49.51";"12531.55";"IS";"TrailingStop";"-48.98";"43.29";"23h 20m";""
"105";"AUDJPY_DukasM1_the5ers";"Buy";"2007.08.08 03:00:00";"102.108";"0.1";"2007.08.09 10:03:00";"102.586";"30.68";"12562.23";"IS";"TrailingStop";"-28.64";"100.84";"1d 7h 3m";""
"106";"AUDJPY_DukasM1_the5ers";"Buy";"2007.08.24 14:00:00";"95.123";"0.07";"2007.08.28 03:50:00";"95.161";"1.35";"12563.58";"IS";"TrailingStop";"-3.80";"86.83";"3d 13h 50m";""
"107";"AUDJPY_DukasM1_the5ers";"Buy";"2007.08.31 02:00:00";"94.698";"0.06";"2007.08.31 18:03:00";"94.001";"-27.65";"12535.94";"IS";"TrailingStop";"-27.35";"55.40";"16h 3m";""
"108";"AUDJPY_DukasM1_the5ers";"Buy";"2007.09.03 16:00:00";"95.078";"0.1";"2007.09.05 10:39:00";"94.889";"-12.91";"12523.02";"IS";"TrailingStop";"-19.49";"90.37";"1d 18h 39m";""
"109";"AUDJPY_DukasM1_the5ers";"Buy";"2007.09.14 21:00:00";"96.978";"0.1";"2007.09.17 17:31:00";"96.108";"-57.42";"12465.60";"IS";"TrailingStop";"-56.89";"36.75";"2d 20h 31m";""
"110";"AUDJPY_DukasM1_the5ers";"Buy";"2007.09.21 03:00:00";"99.978";"0.09";"2007.09.25 12:42:00";"98.784";"-70.77";"12394.84";"IS";"TrailingStop";"-70.27";"10.71";"4d 9h 42m";""
"111";"AUDJPY_DukasM1_the5ers";"Buy";"2007.09.28 18:00:00";"101.798";"0.12";"2007.10.02 06:09:00";"102.303";"38.96";"12433.80";"IS";"TrailingStop";"-15.54";"143.37";"3d 12h 9m";""
"112";"AUDJPY_DukasM1_the5ers";"Buy";"2007.10.04 19:00:00";"103.518";"0.11";"2007.10.09 03:36:00";"104.624";"78.92";"12512.72";"IS";"TrailingStop";"-21.44";"162.71";"4d 8h 36m";""
"113";"AUDJPY_DukasM1_the5ers";"Buy";"2007.10.12 20:00:00";"106.123";"0.11";"2007.10.15 17:22:00";"105.796";"-24.10";"12488.62";"IS";"TrailingStop";"-23.52";"53.73";"2d 21h 22m";""
"114";"AUDJPY_DukasM1_the5ers";"Buy";"2007.10.31 03:00:00";"105.773";"0.12";"2007.11.01 14:49:00";"106.370";"46.15";"12534.77";"IS";"TrailingStop";"-22.99";"163.77";"1d 11h 49m";""
"115";"AUDJPY_DukasM1_the5ers";"Buy";"2007.11.28 06:00:00";"94.833";"0.07";"2007.12.04 02:30:00";"96.823";"90.63";"12625.40";"IS";"TrailingStop";"-6.32";"175.64";"5d 20h 30m";""
"116";"AUDJPY_DukasM1_the5ers";"Buy";"2007.12.10 14:00:00";"98.318";"0.13";"2007.12.11 21:17:00";"98.342";"1.36";"12626.75";"IS";"TrailingStop";"-30.86";"94.53";"1d 7h 17m";""
"117";"AUDJPY_DukasM1_the5ers";"Buy";"2007.12.19 17:00:00";"97.413";"0.13";"2007.12.26 21:56:00";"99.857";"206.87";"12833.62";"IS";"PT";"-57.64";"207.76";"7d 4h 56m";""
"118";"AUDJPY_DukasM1_the5ers";"Buy";"2008.01.07 16:00:00";"95.163";"0.09";"2008.01.14 00:05:00";"96.722";"91.13";"12924.75";"IS";"TrailingStop";"-42.55";"188.15";"6d 8h 5m";""
"119";"AUDJPY_DukasM1_the5ers";"Buy";"2008.01.30 16:00:00";"95.253";"0.11";"2008.01.30 23:59:00";"94.873";"-27.97";"12896.78";"IS";"TrailingStop";"-27.33";"89.70";"7h 59m";""
"120";"AUDJPY_DukasM1_the5ers";"Buy";"2008.02.05 10:00:00";"97.213";"0.13";"2008.02.05 16:00:00";"96.252";"-82.34";"12814.44";"IS";"TrailingStop";"-81.69";"23.97";"6h 0m";""
"121";"AUDJPY_DukasM1_the5ers";"Buy";"2008.02.13 22:00:00";"96.888";"0.11";"2008.02.15 15:37:00";"97.101";"14.65";"12829.09";"IS";"TrailingStop";"-11.72";"104.80";"1d 17h 37m";""
"122";"AUDJPY_DukasM1_the5ers";"Buy";"2008.02.18 03:00:00";"98.393";"0.12";"2008.02.20 07:58:00";"98.585";"14.40";"12843.49";"IS";"TrailingStop";"-8.08";"90.79";"2d 4h 58m";""
"123";"AUDJPY_DukasM1_the5ers";"Buy";"2008.03.18 10:00:00";"90.268";"0.06";"2008.03.19 18:40:00";"90.695";"16.44";"12859.93";"IS";"TrailingStop";"-7.38";"130.14";"1d 8h 40m";""
"124";"AUDJPY_DukasM1_the5ers";"Buy";"2008.03.24 09:00:00";"90.068";"0.13";"2008.03.27 03:04:00";"90.648";"48.48";"12908.41";"IS";"TrailingStop";"-14.28";"166.79";"2d 18h 4m";""
"125";"AUDJPY_DukasM1_the5ers";"Buy";"2008.03.28 13:00:00";"92.318";"0.09";"2008.03.28 22:19:00";"90.909";"-83.37";"12825.04";"IS";"TrailingStop";"-82.92";"8.36";"9h 19m";""
"126";"AUDJPY_DukasM1_the5ers";"Buy";"2008.03.31 18:00:00";"90.853";"0.09";"2008.04.03 09:27:00";"94.308";"202.77";"13027.80";"IS";"PT";"-19.89";"203.34";"2d 15h 27m";""
"127";"AUDJPY_DukasM1_the5ers";"Buy";"2008.04.08 20:00:00";"95.228";"0.12";"2008.04.09 18:57:00";"94.501";"-57.68";"12970.13";"IS";"TrailingStop";"-57.05";"44.10";"22h 57m";""
"128";"AUDJPY_DukasM1_the5ers";"Buy";"2008.04.16 00:00:00";"94.348";"0.11";"2008.04.18 14:56:00";"97.288";"210.81";"13180.94";"IS";"PT";"-27.19";"211.48";"2d 14h 56m";""
"129";"AUDJPY_DukasM1_the5ers";"Buy";"2008.04.24 13:00:00";"98.103";"0.14";"2008.04.25 16:50:00";"97.123";"-90.46";"13090.48";"IS";"TrailingStop";"-89.72";"22.61";"1d 3h 50m";""
"130";"AUDJPY_DukasM1_the5ers";"Buy";"2008.04.28 10:00:00";"98.088";"0.15";"2008.04.29 10:35:00";"97.173";"-90.54";"12999.94";"IS";"TrailingStop";"-89.75";"10.99";"1d 0h 35m";""
"131";"AUDJPY_DukasM1_the5ers";"Buy";"2008.05.06 20:00:00";"99.403";"0.13";"2008.05.07 22:09:00";"98.798";"-52.12";"12947.82";"IS";"TrailingStop";"-51.43";"36.30";"1d 2h 9m";""
"132";"AUDJPY_DukasM1_the5ers";"Buy";"2008.05.22 22:00:00";"99.728";"0.12";"2008.06.02 09:43:00";"100.116";"29.56";"12977.38";"IS";"TrailingStop";"-63.40";"105.31";"10d 11h 43m";""
"133";"AUDJPY_DukasM1_the5ers";"Buy";"2008.06.09 17:00:00";"101.288";"0.13";"2008.06.12 04:30:00";"100.939";"-30.49";"12946.89";"IS";"TrailingStop";"-61.04";"61.38";"2d 11h 30m";""
"134";"AUDJPY_DukasM1_the5ers";"Buy";"2008.06.17 21:00:00";"102.003";"0.16";"2008.06.26 16:48:00";"102.934";"96.14";"13043.02";"IS";"TrailingStop";"-36.93";"176.51";"8d 19h 48m";""
"135";"AUDJPY_DukasM1_the5ers";"Buy";"2008.07.03 16:00:00";"102.343";"0.15";"2008.07.07 19:22:00";"102.351";"-0.05";"13042.98";"IS";"TrailingStop";"-26.78";"77.69";"4d 3h 22m";""
"136";"AUDJPY_DukasM1_the5ers";"Buy";"2008.07.11 13:00:00";"103.133";"0.18";"2008.07.15 17:01:00";"102.558";"-68.68";"12974.30";"IS";"TrailingStop";"-83.92";"36.14";"4d 4h 1m";""
"137";"AUDJPY_DukasM1_the5ers";"Buy";"2008.08.04 14:00:00";"100.858";"0.15";"2008.08.05 07:42:00";"99.977";"-87.21";"12887.09";"IS";"TrailingStop";"-86.42";"5.59";"17h 42m";""
"138";"AUDJPY_DukasM1_the5ers";"Buy";"2008.09.25 16:00:00";"88.768";"0.09";"2008.09.26 10:11:00";"87.516";"-74.16";"12812.94";"IS";"TrailingStop";"-73.68";"35.43";"18h 11m";""
"139";"AUDJPY_DukasM1_the5ers";"Buy";"2008.10.01 14:00:00";"84.928";"0.07";"2008.10.02 10:20:00";"82.900";"-93.24";"12719.70";"IS";"SL";"-92.83";"6.96";"20h 20m";""
"140";"AUDJPY_DukasM1_the5ers";"Buy";"2008.11.17 23:00:00";"62.793";"0.04";"2008.11.19 22:44:00";"61.431";"-35.85";"12683.85";"IS";"TrailingStop";"-35.63";"31.70";"1d 23h 44m";""
"141";"AUDJPY_DukasM1_the5ers";"Buy";"2008.11.26 01:00:00";"61.968";"0.04";"2008.12.01 03:21:00";"61.406";"-14.95";"12668.90";"IS";"TrailingStop";"-25.32";"28.82";"5d 2h 21m";""
"142";"AUDJPY_DukasM1_the5ers";"Buy";"2008.12.03 18:00:00";"60.438";"0.07";"2008.12.05 15:03:00";"58.730";"-78.61";"12590.29";"IS";"TrailingStop";"-78.18";"16.80";"1d 21h 3m";""
"143";"AUDJPY_DukasM1_the5ers";"Buy";"2008.12.10 04:00:00";"61.068";"0.08";"2008.12.12 05:23:00";"60.473";"-31.61";"12558.68";"IS";"TrailingStop";"-39.13";"71.51";"2d 1h 23m";""
"144";"AUDJPY_DukasM1_the5ers";"Buy";"2008.12.22 08:00:00";"61.283";"0.08";"2009.01.01 20:32:00";"63.578";"119.40";"12678.08";"IS";"TrailingStop";"-8.79";"178.02";"10d 12h 32m";""
"145";"AUDJPY_DukasM1_the5ers";"Buy";"2009.02.24 11:00:00";"61.698";"0.08";"2009.02.27 05:05:00";"62.844";"59.44";"12737.52";"IS";"TrailingStop";"-5.13";"150.51";"2d 18h 5m";""
"146";"AUDJPY_DukasM1_the5ers";"Buy";"2009.03.04 11:00:00";"63.253";"0.08";"2009.03.05 16:10:00";"63.156";"-5.54";"12731.99";"IS";"TrailingStop";"-5.07";"79.62";"1d 5h 10m";""
"147";"AUDJPY_DukasM1_the5ers";"Buy";"2009.03.09 16:00:00";"62.798";"0.09";"2009.03.11 20:34:00";"62.747";"-3.50";"12728.49";"IS";"TrailingStop";"-32.55";"74.86";"2d 4h 34m";""
"148";"AUDJPY_DukasM1_the5ers";"Buy";"2009.03.16 12:00:00";"65.008";"0.11";"2009.03.18 16:41:00";"64.515";"-36.07";"12692.41";"IS";"TrailingStop";"-35.46";"34.67";"2d 4h 41m";""
"149";"AUDJPY_DukasM1_the5ers";"Buy";"2009.03.19 03:00:00";"65.103";"0.11";"2009.03.23 17:56:00";"68.034";"210.22";"12902.64";"IS";"PT";"-64.95";"210.83";"4d 14h 56m";""
"150";"AUDJPY_DukasM1_the5ers";"Buy";"2009.04.01 23:00:00";"69.008";"0.08";"2009.04.06 04:29:00";"72.666";"190.86";"13093.49";"IS";"PT";"-19.51";"191.36";"4d 5h 29m";""
"151";"AUDJPY_DukasM1_the5ers";"Buy";"2009.04.13 01:00:00";"72.498";"0.14";"2009.04.14 09:25:00";"72.318";"-17.22";"13076.28";"IS";"TrailingStop";"-40.10";"90.82";"1d 8h 25m";""
"152";"AUDJPY_DukasM1_the5ers";"Buy";"2009.04.23 03:00:00";"69.248";"0.08";"2009.04.27 06:47:00";"68.774";"-25.24";"13051.04";"IS";"TrailingStop";"-31.55";"57.91";"4d 3h 47m";""
"153";"AUDJPY_DukasM1_the5ers";"Buy";"2009.05.01 11:00:00";"72.458";"0.09";"2009.05.06 04:22:00";"72.550";"4.89";"13055.93";"IS";"TrailingStop";"-36.08";"89.57";"4d 17h 22m";""
"154";"AUDJPY_DukasM1_the5ers";"Buy";"2009.05.08 16:00:00";"75.138";"0.1";"2009.05.11 12:23:00";"74.647";"-32.63";"13023.29";"IS";"TrailingStop";"-32.11";"66.50";"2d 20h 23m";""
"155";"AUDJPY_DukasM1_the5ers";"Buy";"2009.05.25 23:00:00";"74.098";"0.13";"2009.05.28 00:13:00";"73.817";"-24.71";"12998.58";"IS";"TrailingStop";"-86.54";"92.83";"2d 1h 13m";""
"156";"AUDJPY_DukasM1_the5ers";"Buy";"2009.06.05 13:00:00";"77.818";"0.09";"2009.06.09 07:12:00";"77.016";"-47.70";"12950.88";"IS";"TrailingStop";"-47.20";"86.34";"3d 18h 12m";""
"157";"AUDJPY_DukasM1_the5ers";"Buy";"2009.07.13 09:00:00";"71.458";"0.09";"2009.07.15 14:55:00";"74.874";"200.54";"13151.43";"IS";"PT";"-41.67";"201.04";"2d 5h 55m";""
"158";"AUDJPY_DukasM1_the5ers";"Buy";"2009.07.16 23:00:00";"75.483";"0.09";"2009.07.21 18:57:00";"75.782";"17.07";"13168.50";"IS";"TrailingStop";"-48.44";"100.76";"4d 19h 57m";""
"159";"AUDJPY_DukasM1_the5ers";"Buy";"2009.07.22 20:00:00";"76.658";"0.1";"2009.07.28 17:16:00";"78.155";"97.23";"13265.74";"IS";"TrailingStop";"-28.97";"171.79";"5d 21h 16m";""
"160";"AUDJPY_DukasM1_the5ers";"Buy";"2009.08.03 12:00:00";"79.603";"0.13";"2009.08.04 11:17:00";"79.560";"-4.34";"13261.39";"IS";"TrailingStop";"-3.66";"103.46";"23h 17m";""
"161";"AUDJPY_DukasM1_the5ers";"Buy";"2009.09.08 17:00:00";"79.448";"0.16";"2009.09.10 11:26:00";"78.972";"-50.77";"13210.62";"IS";"TrailingStop";"-49.80";"57.75";"1d 18h 26m";""
"162";"AUDJPY_DukasM1_the5ers";"Buy";"2009.09.14 23:00:00";"78.288";"0.15";"2009.09.24 00:58:00";"79.228";"90.97";"13301.59";"IS";"TrailingStop";"-21.38";"172.34";"9d 1h 58m";""
"163";"AUDJPY_DukasM1_the5ers";"Buy";"2009.09.30 03:00:00";"78.863";"0.13";"2009.10.01 17:07:00";"78.388";"-41.13";"13260.46";"IS";"TrailingStop";"-40.38";"59.68";"1d 14h 7m";""
"164";"AUDJPY_DukasM1_the5ers";"Buy";"2009.10.07 15:00:00";"79.173";"0.14";"2009.10.12 01:44:00";"81.373";"200.52";"13460.98";"IS";"PT";"-54.29";"201.41";"4d 10h 44m";""
"165";"AUDJPY_DukasM1_the5ers";"Buy";"2009.10.13 13:00:00";"81.608";"0.17";"2009.10.16 00:52:00";"83.472";"206.14";"13667.12";"IS";"PT";"-68.15";"207.22";"2d 11h 52m";""
"166";"AUDJPY_DukasM1_the5ers";"Buy";"2009.10.19 14:00:00";"83.778";"0.13";"2009.10.26 20:18:00";"84.220";"36.68";"13703.80";"IS";"TrailingStop";"-35.96";"130.24";"7d 6h 18m";""
"167";"AUDJPY_DukasM1_the5ers";"Buy";"2009.11.02 19:00:00";"82.258";"0.08";"2009.11.03 11:53:00";"80.418";"-96.68";"13607.12";"IS";"SL";"-96.26";"1.15";"16h 53m";""
"168";"AUDJPY_DukasM1_the5ers";"Buy";"2009.11.06 01:00:00";"82.563";"0.11";"2009.11.13 16:35:00";"83.101";"37.94";"13645.06";"IS";"TrailingStop";"-37.26";"118.47";"7d 15h 35m";""
"169";"AUDJPY_DukasM1_the5ers";"Buy";"2009.11.23 08:00:00";"81.718";"0.13";"2009.11.24 08:34:00";"81.451";"-23.38";"13621.68";"IS";"TrailingStop";"-22.70";"67.33";"1d 0h 34m";""
"170";"AUDJPY_DukasM1_the5ers";"Buy";"2009.11.30 01:00:00";"78.963";"0.08";"2009.12.04 15:36:00";"82.982";"209.72";"13831.40";"IS";"PT";"-23.44";"210.25";"4d 14h 36m";""
"171";"AUDJPY_DukasM1_the5ers";"Buy";"2009.12.23 17:00:00";"80.573";"0.19";"2009.12.29 13:45:00";"82.254";"207.60";"14039.00";"IS";"PT";"-35.78";"208.86";"5d 20h 45m";""
"172";"AUDJPY_DukasM1_the5ers";"Buy";"2009.12.30 16:00:00";"82.558";"0.22";"2010.01.04 11:49:00";"83.998";"205.77";"14244.77";"IS";"PT";"-28.48";"207.16";"4d 19h 49m";""
"173";"AUDJPY_DukasM1_the5ers";"Buy";"2010.01.11 01:00:00";"85.913";"0.14";"2010.01.12 03:15:00";"85.309";"-56.03";"14188.73";"IS";"TrailingStop";"-55.30";"26.27";"1d 2h 15m";""
"174";"AUDJPY_DukasM1_the5ers";"Buy";"2010.01.18 17:00:00";"84.183";"0.14";"2010.01.20 09:23:00";"83.310";"-80.70";"14108.04";"IS";"TrailingStop";"-79.92";"13.92";"1d 16h 23m";""
"175";"AUDJPY_DukasM1_the5ers";"Buy";"2010.01.26 04:00:00";"82.108";"0.12";"2010.01.26 06:57:00";"80.854";"-99.00";"14009.03";"IS";"SL";"-98.40";"0.00";"2h 57m";""
"176";"AUDJPY_DukasM1_the5ers";"Buy";"2010.02.01 19:00:00";"80.618";"0.09";"2010.02.02 05:57:00";"79.751";"-51.50";"13957.53";"IS";"TrailingStop";"-51.03";"31.02";"10h 57m";""
"177";"AUDJPY_DukasM1_the5ers";"Buy";"2010.02.09 09:00:00";"77.958";"0.11";"2010.02.12 12:25:00";"79.155";"85.40";"14042.94";"IS";"TrailingStop";"-14.60";"179.97";"3d 3h 25m";""
"178";"AUDJPY_DukasM1_the5ers";"Buy";"2010.02.18 19:00:00";"82.028";"0.13";"2010.02.23 05:16:00";"81.738";"-25.41";"14017.53";"IS";"TrailingStop";"-34.68";"65.63";"4d 10h 16m";""
"179";"AUDJPY_DukasM1_the5ers";"Buy";"2010.03.11 22:00:00";"82.913";"0.14";"2010.03.15 17:15:00";"82.497";"-38.86";"13978.67";"IS";"TrailingStop";"-38.08";"63.35";"3d 19h 15m";""
"180";"AUDJPY_DukasM1_the5ers";"Buy";"2010.03.19 03:00:00";"83.273";"0.16";"2010.03.19 17:30:00";"82.666";"-64.31";"13914.36";"IS";"TrailingStop";"-63.51";"23.75";"14h 30m";""
"181";"AUDJPY_DukasM1_the5ers";"Buy";"2010.03.31 18:00:00";"85.783";"0.13";"2010.04.06 04:01:00";"86.365";"48.62";"13962.98";"IS";"TrailingStop";"-26.18";"120.03";"5d 10h 1m";""
"182";"AUDJPY_DukasM1_the5ers";"Buy";"2010.04.23 19:00:00";"86.918";"0.12";"2010.04.27 05:18:00";"86.745";"-14.24";"13948.74";"IS";"TrailingStop";"-13.58";"66.07";"3d 10h 18m";""
"183";"AUDJPY_DukasM1_the5ers";"Buy";"2010.05.03 18:00:00";"87.328";"0.14";"2010.05.04 11:46:00";"86.936";"-36.62";"13912.11";"IS";"TrailingStop";"-35.89";"56.94";"17h 46m";""
"184";"AUDJPY_DukasM1_the5ers";"Buy";"2010.05.27 13:00:00";"75.903";"0.07";"2010.06.01 06:56:00";"76.110";"9.07";"13921.18";"IS";"TrailingStop";"-18.68";"97.59";"4d 17h 56m";""
"185";"AUDJPY_DukasM1_the5ers";"Buy";"2010.06.08 21:00:00";"74.808";"0.06";"2010.06.15 09:11:00";"78.046";"126.63";"14047.82";"IS";"TrailingStop";"-2.86";"188.02";"6d 12h 11m";""
"186";"AUDJPY_DukasM1_the5ers";"Buy";"2010.06.18 15:00:00";"78.683";"0.12";"2010.06.22 08:58:00";"79.477";"61.64";"14109.46";"IS";"TrailingStop";"-5.34";"170.44";"3d 17h 58m";""
"187";"AUDJPY_DukasM1_the5ers";"Buy";"2010.07.05 18:00:00";"73.498";"0.11";"2010.07.07 11:27:00";"73.607";"7.23";"14116.69";"IS";"TrailingStop";"-56.68";"109.48";"1d 17h 27m";""
"188";"AUDJPY_DukasM1_the5ers";"Buy";"2010.07.07 18:00:00";"74.923";"0.11";"2010.07.12 00:22:00";"77.893";"212.94";"14329.63";"IS";"PT";"-24.31";"213.64";"4d 6h 22m";""
"189";"AUDJPY_DukasM1_the5ers";"Buy";"2010.07.19 17:00:00";"75.583";"0.1";"2010.07.22 03:35:00";"75.831";"15.58";"14345.21";"IS";"TrailingStop";"-35.84";"122.41";"2d 10h 35m";""
"190";"AUDJPY_DukasM1_the5ers";"Buy";"2010.08.17 09:00:00";"76.918";"0.13";"2010.08.18 17:27:00";"76.593";"-28.31";"14316.90";"IS";"TrailingStop";"-27.63";"66.90";"1d 8h 27m";""
"191";"AUDJPY_DukasM1_the5ers";"Buy";"2010.08.23 22:00:00";"76.173";"0.14";"2010.08.24 10:20:00";"75.137";"-95.58";"14221.32";"IS";"SL";"-94.85";"2.47";"12h 20m";""
"192";"AUDJPY_DukasM1_the5ers";"Buy";"2010.08.26 09:00:00";"75.303";"0.12";"2010.08.30 09:24:00";"76.241";"72.94";"14294.26";"IS";"TrailingStop";"-59.09";"173.19";"4d 0h 24m";""
"193";"AUDJPY_DukasM1_the5ers";"Buy";"2010.09.03 02:00:00";"76.688";"0.15";"2010.09.07 07:39:00";"76.840";"14.08";"14308.33";"IS";"TrailingStop";"-33.15";"133.60";"4d 5h 39m";""
"194";"AUDJPY_DukasM1_the5ers";"Buy";"2010.09.10 14:00:00";"77.773";"0.16";"2010.09.14 02:50:00";"77.670";"-11.66";"14296.67";"IS";"TrailingStop";"-10.78";"77.63";"3d 12h 50m";""
"195";"AUDJPY_DukasM1_the5ers";"Buy";"2010.09.16 18:00:00";"80.148";"0.12";"2010.09.17 16:32:00";"80.242";"6.74";"14303.42";"IS";"TrailingStop";"-14.36";"90.01";"22h 32m";""
"196";"AUDJPY_DukasM1_the5ers";"Buy";"2010.09.20 13:00:00";"80.933";"0.17";"2010.09.22 17:23:00";"80.457";"-53.86";"14249.56";"IS";"TrailingStop";"-52.92";"54.14";"2d 4h 23m";""
"197";"AUDJPY_DukasM1_the5ers";"Buy";"2010.09.28 21:00:00";"81.123";"0.17";"2010.09.30 07:42:00";"80.546";"-65.18";"14184.38";"IS";"TrailingStop";"-64.14";"26.90";"1d 10h 42m";""
"198";"AUDJPY_DukasM1_the5ers";"Buy";"2010.11.01 03:00:00";"79.444";"0.14";"2010.11.03 23:56:00";"81.675";"203.36";"14387.74";"IS";"PT";"-22.25";"204.25";"2d 20h 56m";""
"199";"AUDJPY_DukasM1_the5ers";"Buy";"2010.11.05 15:00:00";"82.436";"0.14";"2010.11.09 09:00:00";"81.651";"-72.64";"14315.10";"IS";"TrailingStop";"-71.87";"17.39";"3d 18h 0m";""
"200";"AUDJPY_DukasM1_the5ers";"Buy";"2010.11.10 15:00:00";"82.321";"0.15";"2010.11.12 06:13:00";"81.742";"-57.70";"14257.40";"IS";"TrailingStop";"-56.79";"51.20";"1d 15h 13m";""
"201";"AUDJPY_DukasM1_the5ers";"Buy";"2010.11.26 03:00:00";"81.816";"0.19";"2010.11.26 11:35:00";"81.047";"-96.49";"14160.90";"IS";"SL";"-95.54";"8.20";"8h 35m";""
"202";"AUDJPY_DukasM1_the5ers";"Buy";"2010.12.02 17:00:00";"81.644";"0.13";"2010.12.03 15:30:00";"81.293";"-30.52";"14130.38";"IS";"TrailingStop";"-29.84";"54.15";"22h 30m";""
"203";"AUDJPY_DukasM1_the5ers";"Buy";"2010.12.08 17:00:00";"82.553";"0.17";"2010.12.17 11:21:00";"82.927";"40.23";"14170.60";"IS";"TrailingStop";"-49.36";"124.95";"8d 18h 21m";""
"204";"AUDJPY_DukasM1_the5ers";"Buy";"2010.12.23 01:00:00";"83.521";"0.29";"2010.12.27 00:05:00";"82.996";"-101.17";"14069.44";"IS";"SL";"-145.26";"1.33";"3d 23h 5m";""
"205";"AUDJPY_DukasM1_the5ers";"Buy";"2010.12.28 00:00:00";"83.168";"0.29";"2010.12.30 04:37:00";"82.790";"-73.44";"13996.00";"IS";"TrailingStop";"-71.68";"33.38";"2d 4h 37m";""
"206";"AUDJPY_DukasM1_the5ers";"Buy";"2011.01.18 10:00:00";"82.300";"0.22";"2011.01.19 19:33:00";"82.139";"-24.32";"13971.67";"IS";"TrailingStop";"-28.77";"69.34";"1d 9h 33m";""
"207";"AUDJPY_DukasM1_the5ers";"Buy";"2011.01.24 10:00:00";"82.027";"0.2";"2011.01.25 14:53:00";"81.698";"-44.08";"13927.59";"IS";"TrailingStop";"-43.03";"60.16";"1d 4h 53m";""
"208";"AUDJPY_DukasM1_the5ers";"Buy";"2011.01.27 10:00:00";"82.224";"0.2";"2011.01.28 17:46:00";"81.673";"-73.12";"13854.48";"IS";"TrailingStop";"-72.06";"27.73";"1d 7h 46m";""
"209";"AUDJPY_DukasM1_the5ers";"Buy";"2011.01.31 18:00:00";"81.672";"0.18";"2011.02.04 15:30:00";"82.553";"102.51";"13956.99";"IS";"TrailingStop";"-3.65";"178.56";"3d 21h 30m";""
"210";"AUDJPY_DukasM1_the5ers";"Buy";"2011.02.09 10:00:00";"83.407";"0.25";"2011.02.21 18:05:00";"83.895";"77.72";"14034.71";"IS";"TrailingStop";"-78.31";"173.45";"12d 8h 5m";""
"211";"AUDJPY_DukasM1_the5ers";"Buy";"2011.02.28 15:00:00";"83.238";"0.21";"2011.03.01 19:01:00";"83.100";"-20.06";"14014.65";"IS";"TrailingStop";"-18.95";"65.78";"1d 4h 1m";""
"212";"AUDJPY_DukasM1_the5ers";"Buy";"2011.03.21 10:00:00";"81.432";"0.09";"2011.03.29 02:36:00";"83.439";"117.48";"14132.13";"IS";"TrailingStop";"-16.13";"164.38";"7d 16h 36m";""
"213";"AUDJPY_DukasM1_the5ers";"Buy";"2011.03.31 21:00:00";"86.117";"0.17";"2011.04.06 01:09:00";"87.976";"205.63";"14337.76";"IS";"PT";"-34.13";"206.66";"5d 4h 9m";""
"214";"AUDJPY_DukasM1_the5ers";"Buy";"2011.05.02 04:00:00";"89.052";"0.16";"2011.05.03 05:02:00";"88.341";"-75.23";"14262.52";"IS";"TrailingStop";"-74.39";"26.47";"1d 1h 2m";""
"215";"AUDJPY_DukasM1_the5ers";"Buy";"2011.05.09 18:00:00";"86.603";"0.1";"2011.05.11 18:49:00";"86.991";"24.82";"14287.34";"IS";"TrailingStop";"-24.06";"97.96";"2d 0h 49m";""
"216";"AUDJPY_DukasM1_the5ers";"Buy";"2011.05.18 14:00:00";"85.875";"0.12";"2011.05.19 18:10:00";"86.496";"48.03";"14335.38";"IS";"TrailingStop";"-10.75";"130.73";"1d 4h 10m";""
"217";"AUDJPY_DukasM1_the5ers";"Buy";"2011.05.20 18:00:00";"86.767";"0.14";"2011.05.23 09:51:00";"86.215";"-51.27";"14284.10";"IS";"TrailingStop";"-50.54";"57.22";"2d 15h 51m";""
"218";"AUDJPY_DukasM1_the5ers";"Buy";"2011.05.26 04:00:00";"86.644";"0.14";"2011.05.31 17:33:00";"86.542";"-10.15";"14273.95";"IS";"TrailingStop";"-62.62";"71.68";"5d 13h 33m";""
"219";"AUDJPY_DukasM1_the5ers";"Buy";"2011.06.01 10:00:00";"87.450";"0.17";"2011.06.01 17:00:00";"86.564";"-99.34";"14174.61";"IS";"SL";"-98.49";"16.90";"7h 0m";""
"220";"AUDJPY_DukasM1_the5ers";"Buy";"2011.06.06 20:00:00";"86.062";"0.15";"2011.06.08 04:08:00";"85.290";"-76.55";"14098.05";"IS";"TrailingStop";"-75.72";"19.81";"1d 8h 8m";""
"221";"AUDJPY_DukasM1_the5ers";"Buy";"2011.06.13 14:00:00";"84.890";"0.16";"2011.06.15 20:39:00";"85.385";"50.90";"14148.96";"IS";"TrailingStop";"-42.69";"156.73";"2d 6h 39m";""
"222";"AUDJPY_DukasM1_the5ers";"Buy";"2011.06.22 18:00:00";"85.158";"0.19";"2011.06.23 15:47:00";"84.543";"-77.51";"14071.44";"IS";"TrailingStop";"-76.41";"23.11";"21h 47m";""
"223";"AUDJPY_DukasM1_the5ers";"Buy";"2011.06.27 21:00:00";"84.455";"0.18";"2011.06.29 18:16:00";"86.254";"210.76";"14282.20";"IS";"PT";"-18.83";"211.75";"1d 21h 16m";""
"224";"AUDJPY_DukasM1_the5ers";"Buy";"2011.07.01 18:00:00";"86.826";"0.19";"2011.07.04 08:23:00";"86.498";"-41.75";"14240.45";"IS";"TrailingStop";"-40.75";"51.44";"2d 14h 23m";""
"225";"AUDJPY_DukasM1_the5ers";"Buy";"2011.07.14 09:00:00";"84.724";"0.1";"2011.07.18 03:14:00";"83.933";"-52.28";"14188.17";"IS";"TrailingStop";"-51.73";"33.35";"3d 18h 14m";""
"226";"AUDJPY_DukasM1_the5ers";"Buy";"2011.07.26 00:00:00";"84.900";"0.18";"2011.07.28 22:46:00";"85.347";"51.52";"14239.69";"IS";"TrailingStop";"-42.26";"146.43";"2d 22h 46m";""
"227";"AUDJPY_DukasM1_the5ers";"Buy";"2011.08.04 05:00:00";"83.780";"0.1";"2011.08.04 17:10:00";"83.625";"-10.64";"14229.05";"IS";"TrailingStop";"-10.14";"89.78";"12h 10m";""
"228";"AUDJPY_DukasM1_the5ers";"Buy";"2011.08.25 04:00:00";"80.555";"0.16";"2011.08.26 15:50:00";"80.295";"-28.05";"14201.01";"IS";"TrailingStop";"-40.91";"75.65";"1d 11h 50m";""
"229";"AUDJPY_DukasM1_the5ers";"Buy";"2011.08.31 03:00:00";"81.941";"0.18";"2011.09.02 16:25:00";"81.794";"-18.40";"14182.61";"IS";"TrailingStop";"-34.84";"103.70";"2d 13h 25m";""
"230";"AUDJPY_DukasM1_the5ers";"Buy";"2011.09.07 12:00:00";"81.895";"0.14";"2011.09.09 16:22:00";"81.610";"-26.94";"14155.67";"IS";"TrailingStop";"-26.09";"50.08";"2d 4h 22m";""
"231";"AUDJPY_DukasM1_the5ers";"Buy";"2011.09.26 02:00:00";"75.240";"0.07";"2011.09.26 09:41:00";"73.471";"-81.33";"14074.35";"IS";"TrailingStop";"-80.98";"7.78";"7h 41m";""
"232";"AUDJPY_DukasM1_the5ers";"Buy";"2011.09.30 20:00:00";"75.014";"0.11";"2011.10.03 15:59:00";"73.676";"-96.82";"13977.52";"IS";"SL";"-96.24";"0.00";"2d 19h 59m";""
"233";"AUDJPY_DukasM1_the5ers";"Buy";"2011.10.10 11:00:00";"75.968";"0.13";"2011.10.12 03:35:00";"75.717";"-22.06";"13955.46";"IS";"TrailingStop";"-21.34";"70.98";"1d 16h 35m";""
"234";"AUDJPY_DukasM1_the5ers";"Buy";"2011.10.21 17:00:00";"78.672";"0.11";"2011.10.26 02:55:00";"78.866";"13.32";"13968.78";"IS";"TrailingStop";"-11.87";"89.12";"4d 9h 55m";""
"235";"AUDJPY_DukasM1_the5ers";"Buy";"2011.10.31 04:00:00";"83.263";"0.1";"2011.11.01 05:30:00";"82.085";"-77.56";"13891.22";"IS";"TrailingStop";"-77.03";"44.73";"1d 1h 30m";""
"236";"AUDJPY_DukasM1_the5ers";"Buy";"2011.11.07 02:00:00";"81.277";"0.13";"2011.11.09 10:04:00";"80.138";"-97.55";"13793.68";"IS";"SL";"-96.83";"5.19";"2d 8h 4m";""
"237";"AUDJPY_DukasM1_the5ers";"Buy";"2011.11.25 16:00:00";"75.373";"0.18";"2011.11.28 11:53:00";"77.105";"202.92";"13996.59";"IS";"PT";"-12.95";"203.87";"2d 19h 53m";""
"238";"AUDJPY_DukasM1_the5ers";"Buy";"2011.11.30 16:00:00";"79.630";"0.1";"2011.12.06 05:42:00";"79.276";"-23.81";"13972.79";"IS";"TrailingStop";"-52.12";"57.48";"5d 13h 42m";""
"239";"AUDJPY_DukasM1_the5ers";"Buy";"2011.12.20 11:00:00";"77.674";"0.23";"2011.12.21 08:34:00";"79.088";"211.46";"14184.24";"IS";"PT";"-3.91";"212.67";"21h 34m";""
"240";"AUDJPY_DukasM1_the5ers";"Buy";"2012.01.05 02:00:00";"79.345";"0.22";"2012.01.06 16:53:00";"78.660";"-99.71";"14084.54";"IS";"SL";"-98.55";"3.88";"1d 14h 53m";""
"241";"AUDJPY_DukasM1_the5ers";"Buy";"2012.01.09 23:00:00";"78.724";"0.21";"2012.01.12 17:24:00";"79.084";"48.11";"14132.64";"IS";"TrailingStop";"-15.52";"141.72";"2d 18h 24m";""
"242";"AUDJPY_DukasM1_the5ers";"Buy";"2012.01.13 17:00:00";"79.173";"0.23";"2012.01.20 09:43:00";"80.556";"206.43";"14339.07";"IS";"PT";"-60.01";"208.01";"6d 16h 43m";""
"243";"AUDJPY_DukasM1_the5ers";"Buy";"2012.01.24 18:00:00";"81.330";"0.21";"2012.01.27 02:12:00";"82.129";"108.39";"14447.46";"IS";"TrailingStop";"-14.97";"207.50";"2d 8h 12m";""
"244";"AUDJPY_DukasM1_the5ers";"Buy";"2012.02.03 04:00:00";"81.449";"0.2";"2012.02.07 17:40:00";"83.017";"203.96";"14651.42";"IS";"PT";"-18.96";"205.07";"4d 13h 40m";""
"245";"AUDJPY_DukasM1_the5ers";"Buy";"2012.02.09 12:00:00";"83.413";"0.19";"2012.02.10 08:29:00";"83.066";"-44.11";"14607.31";"IS";"TrailingStop";"-43.11";"55.79";"20h 29m";""
"246";"AUDJPY_DukasM1_the5ers";"Buy";"2012.02.23 11:00:00";"85.761";"0.18";"2012.02.27 02:33:00";"86.498";"85.75";"14693.06";"IS";"TrailingStop";"-44.02";"201.04";"3d 15h 33m";""
"247";"AUDJPY_DukasM1_the5ers";"Buy";"2012.03.01 17:00:00";"87.654";"0.15";"2012.03.05 07:13:00";"87.188";"-46.54";"14646.52";"IS";"TrailingStop";"-45.71";"34.04";"3d 14h 13m";""
"248";"AUDJPY_DukasM1_the5ers";"Buy";"2012.03.15 04:00:00";"87.867";"0.17";"2012.03.20 13:10:00";"87.783";"-10.32";"14636.20";"IS";"TrailingStop";"-54.47";"84.71";"5d 9h 10m";""
"249";"AUDJPY_DukasM1_the5ers";"Buy";"2012.04.30 08:00:00";"83.790";"0.18";"2012.05.01 07:30:00";"82.948";"-100.06";"14536.14";"IS";"SL";"-99.11";"10.71";"23h 30m";""
"250";"AUDJPY_DukasM1_the5ers";"Buy";"2012.05.16 16:00:00";"79.996";"0.19";"2012.05.17 17:00:00";"79.263";"-92.17";"14443.96";"IS";"TrailingStop";"-91.07";"17.27";"1d 1h 0m";""
"251";"AUDJPY_DukasM1_the5ers";"Buy";"2012.05.21 16:00:00";"77.974";"0.15";"2012.05.22 22:49:00";"78.226";"23.93";"14467.89";"IS";"TrailingStop";"-13.34";"117.61";"1d 6h 49m";""
"252";"AUDJPY_DukasM1_the5ers";"Buy";"2012.08.09 18:00:00";"83.271";"0.2";"2012.08.10 09:44:00";"82.519";"-99.40";"14368.49";"IS";"SL";"-98.35";"0.39";"15h 44m";""
"253";"AUDJPY_DukasM1_the5ers";"Buy";"2012.08.13 08:00:00";"82.669";"0.24";"2012.08.17 10:07:00";"82.877";"31.06";"14399.54";"IS";"TrailingStop";"-70.15";"130.42";"4d 2h 7m";""
"254";"AUDJPY_DukasM1_the5ers";"Buy";"2012.08.29 16:00:00";"81.697";"0.28";"2012.08.30 06:37:00";"81.148";"-102.15";"14297.40";"IS";"SL";"-100.52";"6.77";"14h 37m";""
"255";"AUDJPY_DukasM1_the5ers";"Buy";"2012.09.04 08:00:00";"80.446";"0.26";"2012.09.05 03:14:00";"80.005";"-76.35";"14221.05";"IS";"TrailingStop";"-74.98";"31.28";"19h 14m";""
"256";"AUDJPY_DukasM1_the5ers";"Buy";"2012.10.11 13:00:00";"80.522";"0.2";"2012.10.12 17:31:00";"80.078";"-59.12";"14161.93";"IS";"TrailingStop";"-58.07";"34.79";"1d 4h 31m";""
"257";"AUDJPY_DukasM1_the5ers";"Buy";"2012.10.22 11:00:00";"82.347";"0.22";"2012.10.23 10:07:00";"82.055";"-43.17";"14118.76";"IS";"TrailingStop";"-42.01";"49.92";"23h 7m";""
"258";"AUDJPY_DukasM1_the5ers";"Buy";"2012.10.29 06:00:00";"82.659";"0.2";"2012.11.02 20:38:00";"83.196";"68.91";"14187.67";"IS";"TrailingStop";"-88.93";"152.89";"4d 14h 38m";""
"259";"AUDJPY_DukasM1_the5ers";"Buy";"2012.11.07 10:00:00";"84.040";"0.21";"2012.11.07 16:00:00";"83.338";"-97.45";"14090.22";"IS";"SL";"-96.40";"9.06";"6h 0m";""
"260";"AUDJPY_DukasM1_the5ers";"Buy";"2012.11.15 07:00:00";"83.783";"0.21";"2012.11.21 11:22:00";"85.321";"209.93";"14300.15";"IS";"PT";"-45.73";"211.20";"6d 4h 22m";""
"261";"AUDJPY_DukasM1_the5ers";"Buy";"2012.12.14 06:00:00";"88.399";"0.23";"2012.12.14 17:00:00";"87.827";"-87.18";"14212.97";"IS";"TrailingStop";"-86.03";"19.40";"11h 0m";""
"262";"AUDJPY_DukasM1_the5ers";"Buy";"2012.12.25 10:00:00";"87.949";"0.28";"2012.12.27 15:30:00";"89.116";"211.98";"14424.94";"IS";"PT";"-47.79";"213.68";"2d 5h 30m";""
"263";"AUDJPY_DukasM1_the5ers";"Buy";"2012.12.31 14:00:00";"89.343";"0.22";"2013.01.02 03:47:00";"90.793";"207.38";"14632.33";"IS";"PT";"-9.93";"208.60";"1d 13h 47m";""
"264";"AUDJPY_DukasM1_the5ers";"Buy";"2013.01.15 01:00:00";"94.483";"0.18";"2013.01.15 05:04:00";"93.779";"-83.77";"14548.56";"IS";"TrailingStop";"-82.87";"18.48";"4h 4m";""
"265";"AUDJPY_DukasM1_the5ers";"Buy";"2013.03.11 17:00:00";"98.473";"0.19";"2013.03.12 10:25:00";"98.722";"29.94";"14578.50";"IS";"TrailingStop";"-4.47";"136.05";"17h 25m";""
"266";"AUDJPY_DukasM1_the5ers";"Buy";"2013.03.18 22:00:00";"98.961";"0.12";"2013.03.19 17:52:00";"98.311";"-51.64";"14526.86";"IS";"TrailingStop";"-51.01";"38.45";"19h 52m";""
"267";"AUDJPY_DukasM1_the5ers";"Buy";"2013.04.01 01:00:00";"98.157";"0.26";"2013.04.01 04:57:00";"97.634";"-90.22";"14436.64";"IS";"TrailingStop";"-88.92";"15.13";"3h 57m";""
"268";"AUDJPY_DukasM1_the5ers";"Buy";"2013.04.05 22:00:00";"101.447";"0.1";"2013.04.10 11:11:00";"104.636";"207.96";"14644.60";"IS";"PT";"-13.34";"208.54";"4d 13h 11m";""
"269";"AUDJPY_DukasM1_the5ers";"Buy";"2013.04.29 16:00:00";"101.110";"0.13";"2013.05.01 15:23:00";"100.460";"-55.98";"14588.62";"IS";"TrailingStop";"-55.26";"42.42";"1d 23h 23m";""
"270";"AUDJPY_DukasM1_the5ers";"Buy";"2013.05.10 22:00:00";"101.644";"0.13";"2013.05.14 12:57:00";"100.842";"-68.90";"14519.72";"IS";"TrailingStop";"-68.18";"32.90";"3d 14h 57m";""
"271";"AUDJPY_DukasM1_the5ers";"Buy";"2013.05.20 20:00:00";"100.542";"0.18";"2013.05.22 21:05:00";"100.013";"-63.26";"14456.46";"IS";"TrailingStop";"-62.27";"49.20";"2d 1h 5m";""
"272";"AUDJPY_DukasM1_the5ers";"Buy";"2013.06.03 11:00:00";"96.575";"0.12";"2013.06.05 07:57:00";"96.050";"-41.86";"14414.60";"IS";"TrailingStop";"-41.20";"61.68";"1d 20h 57m";""
"273";"AUDJPY_DukasM1_the5ers";"Buy";"2013.06.10 05:00:00";"92.596";"0.07";"2013.06.11 10:05:00";"92.113";"-22.48";"14392.12";"IS";"TrailingStop";"-22.11";"54.79";"1d 5h 5m";""
"274";"AUDJPY_DukasM1_the5ers";"Buy";"2013.06.17 18:00:00";"90.735";"0.09";"2013.06.19 22:14:00";"89.951";"-46.64";"14345.48";"IS";"TrailingStop";"-53.38";"25.48";"2d 4h 14m";""
"275";"AUDJPY_DukasM1_the5ers";"Buy";"2013.06.21 10:00:00";"90.266";"0.09";"2013.06.28 17:07:00";"90.568";"17.15";"14362.63";"IS";"TrailingStop";"-43.79";"83.57";"7d 7h 7m";""
"276";"AUDJPY_DukasM1_the5ers";"Buy";"2013.07.01 14:00:00";"91.427";"0.13";"2013.07.03 10:11:00";"91.171";"-22.48";"14340.15";"IS";"TrailingStop";"-21.76";"83.73";"1d 20h 11m";""
"277";"AUDJPY_DukasM1_the5ers";"Buy";"2013.07.08 17:00:00";"92.132";"0.16";"2013.07.10 16:41:00";"91.977";"-17.10";"14323.05";"IS";"TrailingStop";"-37.77";"98.25";"1d 23h 41m";""
"278";"AUDJPY_DukasM1_the5ers";"Buy";"2013.07.18 18:00:00";"92.158";"0.18";"2013.07.24 20:21:00";"91.720";"-52.65";"14270.40";"IS";"TrailingStop";"-65.92";"67.56";"6d 2h 21m";""
"279";"AUDJPY_DukasM1_the5ers";"Buy";"2013.08.14 14:00:00";"89.630";"0.18";"2013.08.15 17:06:00";"89.132";"-59.66";"14210.74";"IS";"TrailingStop";"-58.62";"51.91";"1d 3h 6m";""
"280";"AUDJPY_DukasM1_the5ers";"Buy";"2013.08.22 11:00:00";"88.530";"0.13";"2013.08.27 03:07:00";"88.432";"-9.09";"14201.65";"IS";"TrailingStop";"-8.33";"74.64";"4d 16h 7m";""
"281";"AUDJPY_DukasM1_the5ers";"Buy";"2013.09.17 16:00:00";"92.695";"0.21";"2013.09.19 15:40:00";"94.244";"211.44";"14413.09";"IS";"PT";"-37.76";"212.71";"1d 23h 40m";""
"282";"AUDJPY_DukasM1_the5ers";"Buy";"2013.09.23 21:00:00";"93.411";"0.17";"2013.09.24 15:55:00";"92.557";"-95.83";"14317.26";"IS";"SL";"-94.94";"3.22";"18h 55m";""
"283";"AUDJPY_DukasM1_the5ers";"Buy";"2013.09.30 18:00:00";"91.756";"0.14";"2013.10.02 10:01:00";"91.209";"-50.85";"14266.41";"IS";"TrailingStop";"-50.08";"58.23";"1d 16h 1m";""
"284";"AUDJPY_DukasM1_the5ers";"Buy";"2013.10.09 17:00:00";"92.077";"0.19";"2013.10.15 01:45:00";"93.770";"209.09";"14475.50";"IS";"PT";"-62.99";"210.35";"5d 8h 45m";""
"285";"AUDJPY_DukasM1_the5ers";"Buy";"2013.10.16 04:00:00";"93.922";"0.15";"2013.10.22 15:30:00";"94.687";"74.05";"14549.55";"IS";"TrailingStop";"-43.94";"121.04";"6d 11h 30m";""
"286";"AUDJPY_DukasM1_the5ers";"Buy";"2013.12.13 16:00:00";"92.245";"0.17";"2013.12.17 16:27:00";"91.646";"-67.53";"14482.02";"IS";"TrailingStop";"-66.59";"41.35";"4d 0h 27m";""
"287";"AUDJPY_DukasM1_the5ers";"Buy";"2013.12.17 11:00:00";"92.000";"0.23";"2013.12.17 17:46:00";"91.382";"-94.10";"14387.92";"OOS1";"TrailingStop";"-92.95";"11.58";"6h 46m";""
"288";"AUDJPY_DukasM1_the5ers";"Buy";"2013.12.20 01:00:00";"92.303";"0.18";"2013.12.31 18:07:00";"94.036";"202.65";"14590.57";"OOS1";"PT";"-2.59";"203.99";"11d 17h 7m";""
"289";"AUDJPY_DukasM1_the5ers";"Buy";"2014.01.10 05:00:00";"93.395";"0.23";"2014.01.14 16:48:00";"93.108";"-44.44";"14546.13";"OOS1";"TrailingStop";"-54.14";"69.03";"4d 11h 48m";""
"290";"AUDJPY_DukasM1_the5ers";"Buy";"2014.01.20 14:00:00";"91.795";"0.21";"2014.01.21 18:22:00";"91.651";"-20.88";"14525.25";"OOS1";"TrailingStop";"-33.92";"87.61";"1d 4h 22m";""
"291";"AUDJPY_DukasM1_the5ers";"Buy";"2014.01.22 04:00:00";"92.454";"0.19";"2014.01.23 05:30:00";"91.889";"-71.30";"14453.95";"OOS1";"TrailingStop";"-70.20";"29.69";"1d 1h 30m";""
"292";"AUDJPY_DukasM1_the5ers";"Buy";"2014.01.27 11:00:00";"89.397";"0.11";"2014.01.29 13:33:00";"89.948";"39.03";"14492.97";"OOS1";"TrailingStop";"-19.64";"123.36";"2d 2h 33m";""
"293";"AUDJPY_DukasM1_the5ers";"Buy";"2014.02.03 13:00:00";"89.498";"0.14";"2014.02.03 18:52:00";"88.726";"-71.38";"14421.60";"OOS1";"TrailingStop";"-70.68";"31.22";"5h 52m";""
"294";"AUDJPY_DukasM1_the5ers";"Buy";"2014.02.06 03:00:00";"91.208";"0.13";"2014.02.13 02:30:00";"92.086";"73.74";"14495.34";"OOS1";"TrailingStop";"-49.39";"149.79";"6d 23h 30m";""
"295";"AUDJPY_DukasM1_the5ers";"Buy";"2014.02.17 04:00:00";"92.130";"0.16";"2014.02.19 03:00:00";"91.975";"-17.10";"14478.24";"OOS1";"TrailingStop";"-27.10";"88.20";"1d 23h 0m";""
"296";"AUDJPY_DukasM1_the5ers";"Buy";"2014.03.04 00:00:00";"90.670";"0.18";"2014.03.06 03:00:00";"92.475";"211.37";"14689.60";"OOS1";"PT";"-21.54";"212.46";"2d 3h 0m";""
"297";"AUDJPY_DukasM1_the5ers";"Buy";"2014.03.11 03:00:00";"93.078";"0.19";"2014.03.11 18:20:00";"92.647";"-54.50";"14635.10";"OOS1";"TrailingStop";"-53.55";"46.22";"15h 20m";""
"298";"AUDJPY_DukasM1_the5ers";"Buy";"2014.03.17 07:00:00";"91.877";"0.13";"2014.03.26 10:45:00";"94.289";"204.08";"14839.19";"OOS1";"PT";"-4.59";"205.04";"9d 3h 45m";""
"299";"AUDJPY_DukasM1_the5ers";"Buy";"2014.03.27 17:00:00";"94.634";"0.21";"2014.04.04 15:29:00";"96.196";"213.00";"15052.19";"OOS1";"PT";"-28.43";"214.50";"7d 22h 29m";""
"300";"AUDJPY_DukasM1_the5ers";"Buy";"2014.04.04 16:00:00";"96.371";"0.28";"2014.04.04 21:03:00";"95.829";"-100.64";"14951.55";"OOS1";"SL";"-99.24";"25.45";"5h 3m";""
"301";"AUDJPY_DukasM1_the5ers";"Buy";"2014.04.09 14:00:00";"95.624";"0.21";"2014.04.11 02:45:00";"95.342";"-40.00";"14911.54";"OOS1";"TrailingStop";"-52.46";"82.81";"1d 12h 45m";""
"302";"AUDJPY_DukasM1_the5ers";"Buy";"2014.05.08 04:00:00";"95.049";"0.27";"2014.05.14 13:15:00";"95.582";"92.47";"15004.01";"OOS1";"TrailingStop";"-13.77";"185.92";"6d 9h 15m";""
"303";"AUDJPY_DukasM1_the5ers";"Buy";"2014.05.23 12:00:00";"93.961";"0.28";"2014.05.28 11:32:00";"94.096";"23.09";"15027.10";"OOS1";"TrailingStop";"-11.35";"107.11";"4d 23h 32m";""
"304";"AUDJPY_DukasM1_the5ers";"Buy";"2014.06.06 21:00:00";"95.770";"0.31";"2014.06.11 17:26:00";"95.695";"-17.00";"15010.10";"OOS1";"TrailingStop";"-30.41";"71.56";"4d 20h 26m";""
"305";"AUDJPY_DukasM1_the5ers";"Buy";"2014.06.13 10:00:00";"95.998";"0.28";"2014.06.17 06:20:00";"95.455";"-100.97";"14909.13";"OOS1";"SL";"-99.42";"9.89";"3d 20h 20m";""
"306";"AUDJPY_DukasM1_the5ers";"Buy";"2014.06.20 18:00:00";"95.851";"0.41";"2014.06.24 11:52:00";"95.812";"-12.73";"14896.40";"OOS1";"TrailingStop";"-46.92";"127.08";"3d 17h 52m";""
"307";"AUDJPY_DukasM1_the5ers";"Buy";"2014.07.14 09:00:00";"95.342";"0.37";"2014.07.15 10:00:00";"95.146";"-49.37";"14847.03";"OOS1";"TrailingStop";"-47.42";"38.47";"1d 1h 0m";""
"308";"AUDJPY_DukasM1_the5ers";"Buy";"2014.07.28 19:00:00";"95.820";"0.41";"2014.07.31 11:45:00";"95.564";"-71.24";"14775.80";"OOS1";"TrailingStop";"-68.64";"79.63";"2d 16h 45m";""
"309";"AUDJPY_DukasM1_the5ers";"Buy";"2014.08.04 16:00:00";"95.648";"0.38";"2014.08.05 20:43:00";"95.401";"-63.38";"14712.42";"OOS1";"TrailingStop";"-61.38";"43.98";"1d 4h 43m";""
"310";"AUDJPY_DukasM1_the5ers";"Buy";"2014.08.14 19:00:00";"95.503";"0.42";"2014.08.15 17:47:00";"95.352";"-43.68";"14668.73";"OOS1";"TrailingStop";"-41.47";"53.01";"22h 47m";""
"311";"AUDJPY_DukasM1_the5ers";"Buy";"2014.08.18 18:00:00";"95.614";"0.39";"2014.08.20 22:45:00";"96.435";"207.22";"14875.95";"OOS1";"PT";"-9.44";"209.38";"2d 4h 45m";""
"312";"AUDJPY_DukasM1_the5ers";"Buy";"2014.08.21 17:00:00";"96.424";"0.32";"2014.08.25 16:15:00";"96.661";"47.82";"14923.78";"OOS1";"TrailingStop";"-7.11";"146.27";"3d 23h 15m";""
"313";"AUDJPY_DukasM1_the5ers";"Buy";"2014.09.09 04:00:00";"98.408";"0.31";"2014.09.09 16:04:00";"98.122";"-59.53";"14864.25";"OOS1";"TrailingStop";"-57.98";"49.06";"12h 4m";""
"314";"AUDJPY_DukasM1_the5ers";"Buy";"2014.09.16 00:00:00";"96.765";"0.28";"2014.09.19 04:22:00";"97.897";"205.49";"15069.74";"OOS1";"PT";"-73.42";"207.27";"3d 4h 22m";""
"315";"AUDJPY_DukasM1_the5ers";"Buy";"2014.10.06 13:00:00";"95.414";"0.23";"2014.10.08 17:20:00";"94.856";"-85.20";"14984.54";"OOS1";"TrailingStop";"-83.92";"25.27";"2d 4h 20m";""
"316";"AUDJPY_DukasM1_the5ers";"Buy";"2014.10.13 17:00:00";"94.217";"0.16";"2014.10.14 12:00:00";"93.461";"-79.94";"14904.60";"OOS1";"TrailingStop";"-79.10";"30.66";"19h 0m";""
"317";"AUDJPY_DukasM1_the5ers";"Buy";"2014.10.22 16:00:00";"94.122";"0.2";"2014.10.24 03:45:00";"94.132";"0.09";"14904.69";"OOS1";"TrailingStop";"-42.51";"106.46";"1d 11h 45m";""
"318";"AUDJPY_DukasM1_the5ers";"Buy";"2014.10.24 12:00:00";"94.926";"0.19";"2014.10.29 20:01:00";"95.707";"95.93";"15000.63";"OOS1";"TrailingStop";"-23.36";"167.98";"5d 8h 1m";""
"319";"AUDJPY_DukasM1_the5ers";"Buy";"2014.11.04 19:00:00";"99.022";"0.16";"2014.11.05 12:07:00";"98.906";"-12.98";"14987.65";"OOS1";"TrailingStop";"-12.14";"72.30";"17h 7m";""
"320";"AUDJPY_DukasM1_the5ers";"Buy";"2014.11.12 20:00:00";"100.689";"0.17";"2014.11.17 11:26:00";"101.382";"75.96";"15063.61";"OOS1";"TrailingStop";"-47.02";"190.10";"4d 15h 26m";""
"321";"AUDJPY_DukasM1_the5ers";"Buy";"2014.11.19 12:00:00";"101.467";"0.18";"2014.11.25 02:41:00";"101.711";"27.53";"15091.14";"OOS1";"TrailingStop";"-9.42";"161.73";"5d 14h 41m";""
"322";"AUDJPY_DukasM1_the5ers";"Buy";"2014.12.04 03:00:00";"100.843";"0.18";"2014.12.08 08:45:00";"100.496";"-41.84";"15049.30";"OOS1";"TrailingStop";"-73.10";"60.85";"4d 5h 45m";""
"323";"AUDJPY_DukasM1_the5ers";"Buy";"2014.12.23 13:00:00";"97.661";"0.23";"2014.12.30 09:18:00";"97.695";"3.53";"15052.83";"OOS1";"TrailingStop";"-41.96";"96.26";"6d 20h 18m";""
"324";"AUDJPY_DukasM1_the5ers";"Buy";"2015.01.26 15:00:00";"93.598";"0.11";"2015.01.28 22:00:00";"93.388";"-15.71";"15037.12";"OOS1";"TrailingStop";"-29.78";"73.30";"2d 7h 0m";""
"325";"AUDJPY_DukasM1_the5ers";"Buy";"2015.02.02 11:00:00";"91.868";"0.11";"2015.02.03 05:30:00";"90.540";"-96.10";"14941.01";"OOS1";"SL";"-95.53";"0.00";"18h 30m";""
"326";"AUDJPY_DukasM1_the5ers";"Buy";"2015.02.09 21:00:00";"92.747";"0.15";"2015.02.12 02:30:00";"92.179";"-56.67";"14884.35";"OOS1";"TrailingStop";"-55.71";"34.33";"2d 5h 30m";""
"327";"AUDJPY_DukasM1_the5ers";"Buy";"2015.02.20 21:00:00";"93.311";"0.15";"2015.02.24 04:48:00";"92.554";"-75.08";"14809.26";"OOS1";"TrailingStop";"-74.25";"13.83";"3d 7h 48m";""
"328";"AUDJPY_DukasM1_the5ers";"Buy";"2015.03.04 13:00:00";"93.743";"0.25";"2015.03.05 19:02:00";"93.252";"-81.72";"14727.54";"OOS1";"TrailingStop";"-80.27";"34.17";"1d 6h 2m";""
"329";"AUDJPY_DukasM1_the5ers";"Buy";"2015.03.09 18:00:00";"93.500";"0.22";"2015.03.10 10:47:00";"92.957";"-79.28";"14648.27";"OOS1";"TrailingStop";"-78.12";"13.38";"16h 47m";""
"330";"AUDJPY_DukasM1_the5ers";"Buy";"2015.03.16 16:00:00";"92.877";"0.17";"2015.03.18 09:43:00";"92.197";"-76.53";"14571.73";"OOS1";"TrailingStop";"-75.59";"15.56";"1d 17h 43m";""
"331";"AUDJPY_DukasM1_the5ers";"Buy";"2015.04.06 18:00:00";"91.197";"0.2";"2015.04.09 13:34:00";"92.761";"203.28";"14775.01";"OOS1";"PT";"-86.84";"204.55";"2d 19h 34m";""
"332";"AUDJPY_DukasM1_the5ers";"Buy";"2015.04.20 01:00:00";"92.856";"0.17";"2015.04.20 17:10:00";"92.062";"-89.12";"14685.89";"OOS1";"TrailingStop";"-88.27";"16.12";"16h 10m";""
"333";"AUDJPY_DukasM1_the5ers";"Buy";"2015.04.27 16:00:00";"93.263";"0.23";"2015.04.28 14:42:00";"94.665";"209.65";"14895.55";"OOS1";"PT";"-5.56";"210.86";"22h 42m";""
"334";"AUDJPY_DukasM1_the5ers";"Buy";"2015.05.20 11:00:00";"95.467";"0.21";"2015.05.22 15:30:00";"95.198";"-38.22";"14857.33";"OOS1";"TrailingStop";"-36.94";"41.06";"2d 4h 30m";""
"335";"AUDJPY_DukasM1_the5ers";"Buy";"2015.05.25 16:00:00";"95.119";"0.27";"2015.05.26 21:59:00";"95.120";"-1.25";"14856.08";"OOS1";"TrailingStop";"-14.65";"114.23";"1d 5h 59m";""
"336";"AUDJPY_DukasM1_the5ers";"Buy";"2015.05.27 16:00:00";"95.249";"0.22";"2015.05.28 04:42:00";"95.146";"-16.09";"14839.99";"OOS1";"TrailingStop";"-14.82";"108.33";"12h 42m";""
"337";"AUDJPY_DukasM1_the5ers";"Buy";"2015.06.02 04:00:00";"95.173";"0.22";"2015.06.03 04:30:00";"96.605";"204.85";"15044.84";"OOS1";"PT";"-13.24";"206.01";"1d 0h 30m";""
"338";"AUDJPY_DukasM1_the5ers";"Buy";"2015.06.30 00:00:00";"94.094";"0.13";"2015.07.02 14:40:00";"93.797";"-26.04";"15018.81";"OOS1";"TrailingStop";"-40.63";"75.83";"2d 14h 40m";""
"339";"AUDJPY_DukasM1_the5ers";"Buy";"2015.07.07 00:00:00";"91.919";"0.13";"2015.07.07 15:17:00";"90.815";"-94.50";"14924.30";"OOS1";"SL";"-93.85";"8.67";"15h 17m";""
"340";"AUDJPY_DukasM1_the5ers";"Buy";"2015.07.13 10:00:00";"91.752";"0.11";"2015.07.15 18:17:00";"91.471";"-20.82";"14903.48";"OOS1";"TrailingStop";"-43.95";"48.48";"2d 8h 17m";""
"341";"AUDJPY_DukasM1_the5ers";"Buy";"2015.07.21 17:00:00";"91.928";"0.2";"2015.07.22 05:11:00";"91.435";"-65.53";"14837.95";"OOS1";"TrailingStop";"-64.48";"43.42";"12h 11m";""
"342";"AUDJPY_DukasM1_the5ers";"Buy";"2015.07.30 04:00:00";"90.601";"0.19";"2015.07.31 12:34:00";"90.109";"-62.13";"14775.82";"OOS1";"TrailingStop";"-61.13";"36.53";"1d 8h 34m";""
"343";"AUDJPY_DukasM1_the5ers";"Buy";"2015.08.05 21:00:00";"91.801";"0.22";"2015.08.11 04:23:00";"91.937";"18.11";"14793.93";"OOS1";"TrailingStop";"-65.89";"128.18";"5d 7h 23m";""
"344";"AUDJPY_DukasM1_the5ers";"Buy";"2015.08.17 19:00:00";"91.835";"0.25";"2015.08.18 09:49:00";"91.345";"-81.42";"14712.51";"OOS1";"TrailingStop";"-80.11";"9.81";"14h 49m";""
"345";"AUDJPY_DukasM1_the5ers";"Buy";"2015.09.07 16:00:00";"82.919";"0.11";"2015.09.10 00:20:00";"84.198";"91.30";"14803.81";"OOS1";"TrailingStop";"-28.92";"184.65";"2d 8h 20m";""
"346";"AUDJPY_DukasM1_the5ers";"Buy";"2015.09.15 03:00:00";"86.210";"0.14";"2015.09.15 08:55:00";"85.266";"-87.12";"14716.69";"OOS1";"TrailingStop";"-86.42";"10.25";"5h 55m";""
"347";"AUDJPY_DukasM1_the5ers";"Buy";"2015.09.17 22:00:00";"87.300";"0.15";"2015.09.17 22:23:00";"86.284";"-100.41";"14616.28";"OOS1";"SL";"-99.66";"9.81";"23m 0s";""
"348";"AUDJPY_DukasM1_the5ers";"Buy";"2015.09.30 12:00:00";"84.598";"0.13";"2015.10.02 15:32:00";"83.932";"-57.41";"14558.88";"OOS1";"TrailingStop";"-59.34";"38.51";"2d 3h 32m";""
"349";"AUDJPY_DukasM1_the5ers";"Buy";"2015.10.19 07:00:00";"86.881";"0.14";"2015.10.21 09:57:00";"86.578";"-28.51";"14530.36";"OOS1";"TrailingStop";"-31.13";"43.12";"2d 2h 57m";""
"350";"AUDJPY_DukasM1_the5ers";"Buy";"2015.10.26 14:00:00";"87.783";"0.18";"2015.10.27 14:30:00";"87.053";"-86.87";"14443.49";"OOS1";"TrailingStop";"-85.93";"10.12";"1d 0h 30m";""
"351";"AUDJPY_DukasM1_the5ers";"Buy";"2015.11.02 08:00:00";"85.944";"0.18";"2015.11.04 18:30:00";"86.785";"97.99";"14541.48";"OOS1";"TrailingStop";"-3.88";"192.69";"2d 10h 30m";""
"352";"AUDJPY_DukasM1_the5ers";"Buy";"2015.11.09 14:00:00";"87.214";"0.23";"2015.11.10 17:48:00";"86.552";"-100.78";"14440.71";"OOS1";"SL";"-99.57";"8.27";"1d 3h 48m";""
"353";"AUDJPY_DukasM1_the5ers";"Buy";"2015.11.16 16:00:00";"87.255";"0.21";"2015.11.20 15:39:00";"88.760";"205.28";"14645.99";"OOS1";"PT";"-15.65";"206.67";"3d 23h 39m";""
"354";"AUDJPY_DukasM1_the5ers";"Buy";"2015.11.26 01:00:00";"89.039";"0.26";"2015.11.26 12:13:00";"88.448";"-101.78";"14544.21";"OOS1";"SL";"-100.48";"7.48";"11h 13m";""
"355";"AUDJPY_DukasM1_the5ers";"Buy";"2015.12.03 12:00:00";"90.448";"0.23";"2015.12.03 17:07:00";"89.910";"-82.07";"14462.14";"OOS1";"TrailingStop";"-80.92";"19.70";"5h 7m";""
"356";"AUDJPY_DukasM1_the5ers";"Buy";"2015.12.21 07:00:00";"86.901";"0.14";"2015.12.31 17:57:00";"87.593";"62.20";"14524.34";"OOS1";"TrailingStop";"-23.99";"119.29";"10d 10h 57m";""
"357";"AUDJPY_DukasM1_the5ers";"Buy";"2016.01.11 16:00:00";"82.821";"0.08";"2016.01.13 23:27:00";"81.781";"-54.91";"14469.43";"OOS1";"TrailingStop";"-75.38";"29.98";"2d 7h 27m";""
"358";"AUDJPY_DukasM1_the5ers";"Buy";"2016.01.18 11:00:00";"80.891";"0.09";"2016.01.20 03:39:00";"80.716";"-10.80";"14458.63";"OOS1";"TrailingStop";"-41.20";"74.51";"1d 16h 39m";""
"359";"AUDJPY_DukasM1_the5ers";"Buy";"2016.01.28 12:00:00";"84.197";"0.1";"2016.02.02 15:57:00";"84.865";"43.10";"14501.73";"OOS1";"TrailingStop";"-23.48";"141.64";"5d 3h 57m";""
"360";"AUDJPY_DukasM1_the5ers";"Buy";"2016.02.10 11:00:00";"81.640";"0.08";"2016.02.11 05:31:00";"79.999";"-86.31";"14415.42";"OOS1";"TrailingStop";"-85.85";"15.43";"18h 31m";""
"361";"AUDJPY_DukasM1_the5ers";"Buy";"2016.03.22 20:00:00";"85.608";"0.13";"2016.03.23 20:28:00";"84.708";"-77.19";"14338.23";"OOS1";"TrailingStop";"-76.51";"21.34";"1d 0h 28m";""
"362";"AUDJPY_DukasM1_the5ers";"Buy";"2016.03.29 20:00:00";"85.982";"0.18";"2016.04.01 15:48:00";"85.706";"-33.63";"14304.60";"OOS1";"TrailingStop";"-42.61";"84.63";"2d 19h 48m";""
"363";"AUDJPY_DukasM1_the5ers";"Buy";"2016.04.11 17:00:00";"82.417";"0.11";"2016.04.15 16:45:00";"83.728";"93.58";"14398.18";"OOS1";"TrailingStop";"-39.92";"169.18";"3d 23h 45m";""
"364";"AUDJPY_DukasM1_the5ers";"Buy";"2016.04.18 18:00:00";"84.252";"0.11";"2016.04.21 16:56:00";"84.921";"47.42";"14445.60";"OOS1";"TrailingStop";"-8.06";"119.84";"2d 22h 56m";""
"365";"AUDJPY_DukasM1_the5ers";"Buy";"2016.04.26 13:00:00";"85.776";"0.17";"2016.04.27 04:35:00";"85.481";"-33.69";"14411.91";"OOS1";"TrailingStop";"-32.79";"58.36";"15h 35m";""
"366";"AUDJPY_DukasM1_the5ers";"Buy";"2016.05.02 19:00:00";"81.356";"0.16";"2016.05.03 07:30:00";"81.028";"-35.16";"14376.75";"OOS1";"TrailingStop";"-34.32";"62.04";"12h 30m";""
"1";"AUDJPY_DukasM1_the5ers";"Buy";"2016.05.17 00:00:00";"79.469";"0.19";"2016.05.18 02:53:00";"79.709";"28.82";"14405.57";"OOS1";"TrailingStop";"-21.49";"135.30";"1d 2h 53m";""
"2";"AUDJPY_DukasM1_the5ers";"Buy";"2016.05.27 00:00:00";"79.327";"0.19";"2016.05.31 19:06:00";"80.123";"97.85";"14503.42";"OOS1";"TrailingStop";"-53.92";"169.22";"4d 19h 6m";""
"3";"AUDJPY_DukasM1_the5ers";"Buy";"2016.06.09 01:00:00";"79.987";"0.16";"2016.06.09 10:30:00";"79.376";"-64.73";"14438.69";"OOS1";"TrailingStop";"-63.93";"22.49";"9h 30m";""
"4";"AUDJPY_DukasM1_the5ers";"Buy";"2016.06.14 06:00:00";"78.268";"0.15";"2016.06.14 11:32:00";"77.688";"-57.64";"14381.05";"OOS1";"TrailingStop";"-56.89";"19.13";"5h 32m";""
"5";"AUDJPY_DukasM1_the5ers";"Buy";"2016.06.22 16:00:00";"78.533";"0.15";"2016.06.23 18:58:00";"80.417";"183.93";"14564.97";"OOS1";"PT";"-33.55";"184.80";"1d 2h 58m";""
"6";"AUDJPY_DukasM1_the5ers";"Buy";"2016.06.30 20:00:00";"76.853";"0.11";"2016.07.05 04:28:00";"76.773";"-6.39";"14558.58";"OOS1";"TrailingStop";"-33.38";"39.49";"4d 8h 28m";""
"7";"AUDJPY_DukasM1_the5ers";"Buy";"2016.07.14 06:00:00";"79.881";"0.1";"2016.07.15 17:47:00";"80.248";"23.47";"14582.05";"OOS1";"TrailingStop";"-26.29";"106.13";"1d 11h 47m";""
"8";"AUDJPY_DukasM1_the5ers";"Buy";"2016.07.18 23:00:00";"80.723";"0.11";"2016.07.19 10:54:00";"79.363";"-98.41";"14483.65";"OOS1";"SL";"-97.83";"0.00";"11h 54m";""
"9";"AUDJPY_DukasM1_the5ers";"Buy";"2016.07.20 13:00:00";"79.945";"0.13";"2016.07.21 11:35:00";"79.472";"-40.96";"14442.68";"OOS1";"TrailingStop";"-40.21";"43.27";"22h 35m";""
"10";"AUDJPY_DukasM1_the5ers";"Buy";"2016.07.25 04:00:00";"79.565";"0.14";"2016.07.26 03:10:00";"78.860";"-65.28";"14377.40";"OOS1";"TrailingStop";"-64.54";"13.73";"23h 10m";""
"11";"AUDJPY_DukasM1_the5ers";"Buy";"2016.07.27 05:00:00";"79.131";"0.13";"2016.07.29 01:33:00";"78.257";"-75.09";"14302.32";"OOS1";"TrailingStop";"-74.30";"37.49";"1d 20h 33m";""
"12";"AUDJPY_DukasM1_the5ers";"Buy";"2016.08.11 21:00:00";"78.530";"0.21";"2016.08.12 17:17:00";"77.802";"-101.08";"14201.24";"OOS1";"SL";"-99.97";"12.91";"20h 17m";""
"13";"AUDJPY_DukasM1_the5ers";"Buy";"2016.08.16 00:00:00";"77.710";"0.25";"2016.08.16 04:56:00";"77.313";"-66.15";"14135.08";"OOS1";"TrailingStop";"-64.90";"10.63";"4h 56m";""
"14";"AUDJPY_DukasM1_the5ers";"Buy";"2016.08.23 18:00:00";"76.662";"0.25";"2016.09.01 05:17:00";"77.812";"186.02";"14321.10";"OOS1";"PT";"-91.39";"188.00";"8d 11h 17m";""
"15";"AUDJPY_DukasM1_the5ers";"Buy";"2016.09.08 09:00:00";"78.283";"0.23";"2016.09.08 17:06:00";"78.027";"-39.65";"14281.45";"OOS1";"TrailingStop";"-38.50";"47.53";"8h 6m";""
"16";"AUDJPY_DukasM1_the5ers";"Buy";"2016.09.28 17:00:00";"77.166";"0.2";"2016.09.29 20:00:00";"77.447";"35.59";"14317.04";"OOS1";"TrailingStop";"-33.35";"131.31";"1d 3h 0m";""
"17";"AUDJPY_DukasM1_the5ers";"Buy";"2016.10.03 02:00:00";"77.681";"0.15";"2016.10.06 13:09:00";"78.466";"76.05";"14393.09";"OOS1";"TrailingStop";"-30.21";"131.14";"3d 11h 9m";""
"18";"AUDJPY_DukasM1_the5ers";"Buy";"2016.10.24 18:00:00";"79.297";"0.25";"2016.10.26 03:21:00";"79.530";"36.71";"14429.79";"OOS1";"TrailingStop";"-20.93";"117.05";"1d 9h 21m";""
"19";"AUDJPY_DukasM1_the5ers";"Buy";"2016.10.28 10:00:00";"79.806";"0.23";"2016.10.28 20:34:00";"79.452";"-54.39";"14375.40";"OOS1";"TrailingStop";"-53.24";"27.67";"10h 34m";""
"20";"AUDJPY_DukasM1_the5ers";"Buy";"2016.11.01 00:00:00";"79.707";"0.23";"2016.11.01 16:39:00";"80.040";"48.93";"14424.33";"OOS1";"TrailingStop";"-22.11";"139.12";"16h 39m";""
"21";"AUDJPY_DukasM1_the5ers";"Buy";"2016.11.07 01:00:00";"79.658";"0.17";"2016.11.08 19:24:00";"81.383";"190.87";"14615.20";"OOS1";"PT";"-2.45";"191.76";"1d 18h 24m";""
"22";"AUDJPY_DukasM1_the5ers";"Buy";"2016.11.10 10:00:00";"81.220";"0.07";"2016.11.10 17:37:00";"80.810";"-19.12";"14596.08";"OOS1";"TrailingStop";"-18.77";"56.53";"7h 37m";""
"23";"AUDJPY_DukasM1_the5ers";"Buy";"2016.11.14 10:00:00";"81.333";"0.11";"2016.11.16 14:40:00";"81.777";"31.33";"14627.41";"OOS1";"TrailingStop";"-12.37";"91.57";"2d 4h 40m";""
"24";"AUDJPY_DukasM1_the5ers";"Buy";"2016.11.21 17:00:00";"81.722";"0.2";"2016.11.23 17:30:00";"83.192";"191.15";"14818.56";"OOS1";"PT";"-39.76";"192.25";"2d 0h 30m";""
"25";"AUDJPY_DukasM1_the5ers";"Buy";"2016.11.29 16:00:00";"84.283";"0.16";"2016.12.05 00:05:00";"84.166";"-13.30";"14805.26";"OOS1";"TrailingStop";"-33.06";"59.32";"5d 8h 5m";""
"26";"AUDJPY_DukasM1_the5ers";"Buy";"2016.12.05 11:00:00";"84.940";"0.13";"2016.12.06 03:04:00";"84.655";"-24.91";"14780.35";"OOS1";"TrailingStop";"-24.23";"51.09";"16h 4m";""
"27";"AUDJPY_DukasM1_the5ers";"Buy";"2016.12.07 02:00:00";"85.242";"0.18";"2016.12.14 21:12:00";"86.807";"182.97";"14963.32";"OOS1";"PT";"-67.68";"184.21";"7d 19h 12m";""
"28";"AUDJPY_DukasM1_the5ers";"Buy";"2016.12.26 21:00:00";"84.215";"0.21";"2016.12.28 15:02:00";"84.442";"30.01";"14993.33";"OOS1";"TrailingStop";"-21.56";"88.57";"1d 18h 2m";""
"29";"AUDJPY_DukasM1_the5ers";"Buy";"2017.01.13 02:00:00";"85.894";"0.16";"2017.01.16 03:37:00";"85.553";"-36.52";"14956.81";"OOS1";"TrailingStop";"-41.64";"40.18";"3d 1h 37m";""
"30";"AUDJPY_DukasM1_the5ers";"Buy";"2017.01.18 13:00:00";"85.630";"0.2";"2017.01.20 21:11:00";"86.436";"104.20";"15061.01";"OOS1";"TrailingStop";"-19.23";"187.81";"2d 8h 11m";""
"31";"AUDJPY_DukasM1_the5ers";"Buy";"2017.01.26 09:00:00";"85.951";"0.2";"2017.01.30 03:33:00";"86.468";"66.51";"15127.52";"OOS1";"TrailingStop";"-15.82";"148.83";"3d 18h 33m";""
"32";"AUDJPY_DukasM1_the5ers";"Buy";"2017.02.08 15:00:00";"85.521";"0.23";"2017.02.10 03:09:00";"86.780";"187.96";"15315.48";"OOS1";"PT";"-24.21";"189.36";"1d 12h 9m";""
"33";"AUDJPY_DukasM1_the5ers";"Buy";"2017.02.20 17:00:00";"86.839";"0.21";"2017.02.22 12:40:00";"86.855";"1.03";"15316.51";"OOS1";"TrailingStop";"-5.49";"75.67";"1d 19h 40m";""
"34";"AUDJPY_DukasM1_the5ers";"Buy";"2017.02.27 20:00:00";"86.283";"0.2";"2017.02.28 15:08:00";"86.050";"-31.53";"15284.98";"OOS1";"TrailingStop";"-30.47";"46.56";"19h 8m";""
"35";"AUDJPY_DukasM1_the5ers";"Buy";"2017.03.06 02:00:00";"86.456";"0.21";"2017.03.08 06:12:00";"86.317";"-20.25";"15264.73";"OOS1";"TrailingStop";"-40.24";"62.48";"2d 4h 12m";""
"36";"AUDJPY_DukasM1_the5ers";"Buy";"2017.03.13 22:00:00";"86.999";"0.26";"2017.03.16 17:05:00";"86.927";"-13.89";"15250.84";"OOS1";"TrailingStop";"-66.48";"82.63";"2d 19h 5m";""
"37";"AUDJPY_DukasM1_the5ers";"Buy";"2017.03.20 14:00:00";"87.171";"0.26";"2017.03.21 17:03:00";"86.580";"-101.85";"15148.99";"OOS1";"SL";"-100.48";"0.00";"1d 3h 3m";""
"38";"AUDJPY_DukasM1_the5ers";"Buy";"2017.03.28 08:00:00";"84.210";"0.2";"2017.03.30 10:15:00";"84.944";"94.78";"15243.77";"OOS1";"TrailingStop";"-50.74";"167.67";"2d 2h 15m";""
"39";"AUDJPY_DukasM1_the5ers";"Buy";"2017.04.10 05:00:00";"83.541";"0.15";"2017.04.11 16:55:00";"82.582";"-94.86";"15148.92";"OOS1";"SL";"-94.07";"1.08";"1d 11h 55m";""
"40";"AUDJPY_DukasM1_the5ers";"Buy";"2017.04.20 12:00:00";"82.019";"0.21";"2017.04.24 00:05:00";"83.425";"191.91";"15340.83";"OOS1";"PT";"-14.56";"250.07";"3d 12h 5m";""
"41";"AUDJPY_DukasM1_the5ers";"Buy";"2017.04.25 19:00:00";"83.597";"0.17";"2017.04.26 13:38:00";"83.326";"-31.02";"15309.81";"OOS1";"TrailingStop";"-30.13";"46.47";"18h 38m";""
"42";"AUDJPY_DukasM1_the5ers";"Buy";"2017.05.12 18:00:00";"83.766";"0.19";"2017.05.16 17:42:00";"83.977";"25.16";"15334.97";"OOS1";"TrailingStop";"-20.38";"93.43";"3d 23h 42m";""
"43";"AUDJPY_DukasM1_the5ers";"Buy";"2017.05.22 18:00:00";"83.143";"0.18";"2017.05.25 18:40:00";"83.349";"23.11";"15358.08";"OOS1";"TrailingStop";"-38.37";"86.75";"3d 0h 40m";""
"44";"AUDJPY_DukasM1_the5ers";"Buy";"2017.05.29 12:00:00";"82.818";"0.24";"2017.05.30 03:40:00";"82.472";"-55.57";"15302.51";"OOS1";"TrailingStop";"-54.30";"13.97";"15h 40m";""
"45";"AUDJPY_DukasM1_the5ers";"Buy";"2017.06.05 09:00:00";"82.581";"0.21";"2017.06.06 04:18:00";"82.306";"-38.87";"15263.64";"OOS1";"TrailingStop";"-37.76";"26.09";"19h 18m";""
"46";"AUDJPY_DukasM1_the5ers";"Buy";"2017.06.07 10:00:00";"82.554";"0.2";"2017.06.12 16:51:00";"82.794";"30.12";"15293.76";"OOS1";"TrailingStop";"-21.06";"110.12";"5d 6h 51m";""
"47";"AUDJPY_DukasM1_the5ers";"Buy";"2017.06.15 17:00:00";"83.701";"0.17";"2017.06.20 15:16:00";"84.627";"101.95";"15395.72";"OOS1";"TrailingStop";"-9.45";"153.74";"4d 22h 16m";""
"48";"AUDJPY_DukasM1_the5ers";"Buy";"2017.06.23 10:00:00";"84.223";"0.27";"2017.06.27 18:58:00";"85.308";"190.07";"15585.79";"OOS1";"PT";"-30.90";"191.57";"4d 8h 58m";""
"49";"AUDJPY_DukasM1_the5ers";"Buy";"2017.06.30 23:00:00";"86.447";"0.2";"2017.07.04 07:33:00";"86.438";"-2.28";"15583.50";"OOS1";"TrailingStop";"-48.65";"70.89";"3d 8h 33m";""
"50";"AUDJPY_DukasM1_the5ers";"Buy";"2017.07.07 08:00:00";"86.214";"0.2";"2017.07.11 18:26:00";"86.789";"74.09";"15657.60";"OOS1";"TrailingStop";"-6.80";"136.67";"4d 10h 26m";""
"51";"AUDJPY_DukasM1_the5ers";"Buy";"2017.07.13 04:00:00";"87.048";"0.24";"2017.07.17 17:52:00";"88.261";"189.04";"15846.64";"OOS1";"PT";"-34.06";"190.37";"4d 13h 52m";""
"52";"AUDJPY_DukasM1_the5ers";"Buy";"2017.07.19 20:00:00";"88.820";"0.22";"2017.07.21 05:40:00";"88.598";"-33.27";"15813.37";"OOS1";"TrailingStop";"-31.94";"72.65";"1d 9h 40m";""
"53";"AUDJPY_DukasM1_the5ers";"Buy";"2017.07.24 23:00:00";"88.091";"0.22";"2017.07.26 04:30:00";"88.388";"41.51";"15854.88";"OOS1";"TrailingStop";"-25.32";"118.83";"1d 5h 30m";""
"54";"AUDJPY_DukasM1_the5ers";"Buy";"2017.07.26 21:00:00";"88.912";"0.21";"2017.07.27 18:51:00";"88.826";"-13.03";"15841.85";"OOS1";"TrailingStop";"-22.66";"69.76";"21h 51m";""
"55";"AUDJPY_DukasM1_the5ers";"Buy";"2017.08.10 09:00:00";"86.622";"0.18";"2017.08.10 19:40:00";"86.095";"-62.93";"15778.92";"OOS1";"TrailingStop";"-62.03";"8.83";"10h 40m";""
"56";"AUDJPY_DukasM1_the5ers";"Buy";"2017.08.14 03:00:00";"86.369";"0.19";"2017.08.17 17:16:00";"86.941";"69.86";"15848.78";"OOS1";"TrailingStop";"-41.13";"147.73";"3d 14h 16m";""
"57";"AUDJPY_DukasM1_the5ers";"Buy";"2017.08.28 22:00:00";"86.983";"0.23";"2017.08.29 00:27:00";"86.527";"-69.80";"15778.99";"OOS1";"TrailingStop";"-68.58";"19.55";"2h 27m";""
"58";"AUDJPY_DukasM1_the5ers";"Buy";"2017.10.13 14:00:00";"88.014";"0.3";"2017.10.16 17:21:00";"87.859";"-31.99";"15747.00";"OOS1";"TrailingStop";"-55.13";"57.87";"3d 3h 21m";""
"59";"AUDJPY_DukasM1_the5ers";"Buy";"2017.11.06 15:00:00";"87.498";"0.26";"2017.11.07 17:10:00";"87.236";"-45.92";"15701.08";"OOS1";"TrailingStop";"-44.55";"33.49";"1d 2h 10m";""
"60";"AUDJPY_DukasM1_the5ers";"Buy";"2017.11.24 19:00:00";"85.004";"0.33";"2017.11.27 16:14:00";"84.633";"-81.80";"15619.28";"OOS1";"TrailingStop";"-93.22";"10.79";"2d 21h 14m";""
"61";"AUDJPY_DukasM1_the5ers";"Buy";"2017.11.30 04:00:00";"84.928";"0.24";"2017.12.01 18:27:00";"85.130";"30.44";"15649.72";"OOS1";"TrailingStop";"-25.11";"123.51";"1d 14h 27m";""
"62";"AUDJPY_DukasM1_the5ers";"Buy";"2017.12.26 03:00:00";"87.540";"0.4";"2017.12.28 13:28:00";"87.826";"72.38";"15722.10";"OOS1";"TrailingStop";"-41.07";"158.51";"2d 10h 28m";""
"63";"AUDJPY_DukasM1_the5ers";"Buy";"2018.01.19 05:00:00";"88.947";"0.22";"2018.01.23 05:15:00";"88.616";"-48.84";"15673.26";"OOS1";"TrailingStop";"-82.87";"17.26";"4d 0h 15m";""
"64";"AUDJPY_DukasM1_the5ers";"Buy";"2018.01.30 04:00:00";"88.139";"0.24";"2018.01.30 09:57:00";"87.517";"-98.82";"15574.45";"OOS1";"SL";"-97.62";"8.32";"5h 57m";""
"65";"AUDJPY_DukasM1_the5ers";"Buy";"2018.02.07 05:00:00";"86.238";"0.1";"2018.02.08 18:26:00";"84.796";"-94.88";"15479.57";"OOS1";"SL";"-94.30";"6.67";"1d 13h 26m";""
"66";"AUDJPY_DukasM1_the5ers";"Buy";"2018.02.12 22:00:00";"85.242";"0.14";"2018.02.13 09:30:00";"84.737";"-46.97";"15432.60";"OOS1";"TrailingStop";"-46.23";"32.41";"11h 30m";""
"67";"AUDJPY_DukasM1_the5ers";"Buy";"2018.02.19 20:00:00";"84.322";"0.24";"2018.02.21 15:51:00";"84.312";"-2.90";"15429.70";"OOS1";"TrailingStop";"-17.89";"84.59";"1d 19h 51m";""
"68";"AUDJPY_DukasM1_the5ers";"Buy";"2018.02.23 07:00:00";"83.677";"0.22";"2018.02.27 21:47:00";"83.711";"3.67";"15433.38";"OOS1";"TrailingStop";"-58.26";"69.92";"4d 14h 47m";""
"69";"AUDJPY_DukasM1_the5ers";"Buy";"2018.03.09 04:00:00";"83.193";"0.17";"2018.03.13 18:02:00";"83.991";"87.77";"15521.15";"OOS1";"TrailingStop";"-29.57";"147.96";"4d 14h 2m";""
"70";"AUDJPY_DukasM1_the5ers";"Buy";"2018.03.26 05:00:00";"81.160";"0.13";"2018.03.27 21:55:00";"81.120";"-4.09";"15517.06";"OOS1";"TrailingStop";"-20.06";"62.31";"1d 16h 55m";""
"71";"AUDJPY_DukasM1_the5ers";"Buy";"2018.03.30 06:00:00";"81.618";"0.19";"2018.04.02 18:05:00";"81.306";"-39.77";"15477.30";"OOS1";"TrailingStop";"-38.76";"26.09";"3d 12h 5m";""
"72";"AUDJPY_DukasM1_the5ers";"Buy";"2018.04.04 20:00:00";"82.166";"0.16";"2018.04.06 02:05:00";"82.038";"-14.36";"15462.93";"OOS1";"TrailingStop";"-22.81";"50.22";"1d 6h 5m";""
"73";"AUDJPY_DukasM1_the5ers";"Buy";"2018.04.09 20:00:00";"82.425";"0.18";"2018.04.13 13:31:00";"84.004";"184.67";"15647.60";"OOS1";"PT";"-46.61";"185.86";"3d 17h 31m";""
"74";"AUDJPY_DukasM1_the5ers";"Buy";"2018.04.18 07:00:00";"83.402";"0.29";"2018.04.19 18:20:00";"83.393";"-3.39";"15644.21";"OOS1";"TrailingStop";"-58.03";"102.97";"1d 11h 20m";""
"75";"AUDJPY_DukasM1_the5ers";"Buy";"2018.05.25 10:00:00";"82.730";"0.18";"2018.05.25 16:43:00";"82.477";"-30.68";"15613.53";"OOS1";"TrailingStop";"-29.78";"50.97";"6h 43m";""
"76";"AUDJPY_DukasM1_the5ers";"Buy";"2018.06.01 17:00:00";"82.747";"0.17";"2018.06.05 13:12:00";"83.660";"100.55";"15714.08";"OOS1";"TrailingStop";"-29.57";"159.52";"3d 20h 12m";""
"77";"AUDJPY_DukasM1_the5ers";"Buy";"2018.06.11 11:00:00";"83.722";"0.19";"2018.06.12 21:06:00";"83.565";"-20.51";"15693.58";"OOS1";"TrailingStop";"-23.61";"54.05";"1d 10h 6m";""
"78";"AUDJPY_DukasM1_the5ers";"Buy";"2018.06.27 15:00:00";"81.565";"0.16";"2018.07.02 10:46:00";"81.515";"-6.25";"15687.33";"OOS1";"TrailingStop";"-91.44";"56.92";"4d 19h 46m";""
"79";"AUDJPY_DukasM1_the5ers";"Buy";"2018.07.04 22:00:00";"81.616";"0.24";"2018.07.10 02:28:00";"82.846";"191.45";"15878.78";"OOS1";"PT";"-53.99";"193.04";"5d 4h 28m";""
"80";"AUDJPY_DukasM1_the5ers";"Buy";"2018.07.16 05:00:00";"83.482";"0.24";"2018.07.18 09:00:00";"83.190";"-47.16";"15831.63";"OOS1";"TrailingStop";"-45.83";"25.27";"2d 4h 0m";""
"81";"AUDJPY_DukasM1_the5ers";"Buy";"2018.07.31 00:00:00";"82.223";"0.35";"2018.07.31 16:24:00";"83.064";"190.73";"16022.36";"OOS1";"PT";"-17.17";"192.48";"16h 24m";""
"82";"AUDJPY_DukasM1_the5ers";"Buy";"2018.08.06 22:00:00";"82.345";"0.32";"2018.08.08 10:02:00";"82.450";"20.20";"16042.56";"OOS1";"TrailingStop";"-34.74";"94.17";"1d 12h 2m";""
"83";"AUDJPY_DukasM1_the5ers";"Buy";"2018.08.14 06:00:00";"80.658";"0.14";"2018.08.15 14:32:00";"80.065";"-55.03";"15987.53";"OOS1";"TrailingStop";"-54.29";"14.37";"1d 8h 32m";""
"84";"AUDJPY_DukasM1_the5ers";"Buy";"2018.08.17 22:00:00";"80.941";"0.17";"2018.08.22 03:18:00";"80.924";"-2.88";"15984.66";"OOS1";"TrailingStop";"-38.80";"60.70";"4d 5h 18m";""
"85";"AUDJPY_DukasM1_the5ers";"Buy";"2018.09.05 05:00:00";"80.391";"0.2";"2018.09.05 10:22:00";"79.638";"-99.48";"15885.18";"OOS1";"SL";"-98.48";"14.91";"5h 22m";""
"86";"AUDJPY_DukasM1_the5ers";"Buy";"2018.09.12 00:00:00";"79.442";"0.24";"2018.09.13 16:54:00";"80.663";"190.23";"16075.41";"OOS1";"PT";"-57.28";"191.63";"1d 16h 54m";""
"87";"AUDJPY_DukasM1_the5ers";"Buy";"2018.09.17 19:00:00";"80.458";"0.25";"2018.09.18 01:42:00";"80.080";"-63.11";"16012.30";"OOS1";"TrailingStop";"-61.80";"19.45";"6h 42m";""
"88";"AUDJPY_DukasM1_the5ers";"Buy";"2018.09.18 07:00:00";"80.549";"0.19";"2018.09.21 03:48:00";"82.094";"190.75";"16203.05";"OOS1";"PT";"-8.57";"191.96";"2d 20h 48m";""
"89";"AUDJPY_DukasM1_the5ers";"Buy";"2018.09.26 05:00:00";"82.159";"0.3";"2018.09.26 23:07:00";"81.800";"-72.17";"16130.88";"OOS1";"TrailingStop";"-70.43";"67.68";"18h 7m";""
"1";"AUDJPY_DukasM1_the5ers";"Buy";"2018.10.30 05:00:00";"79.851";"0.18";"2018.11.02 06:45:00";"81.492";"192.01";"16322.90";"OOS1";"PT";"-6.94";"193.16";"3d 1h 45m";""
"2";"AUDJPY_DukasM1_the5ers";"Buy";"2018.11.05 22:00:00";"81.718";"0.22";"2018.11.08 21:02:00";"83.031";"187.50";"16510.39";"OOS1";"PT";"-19.13";"188.89";"2d 23h 2m";""
"3";"AUDJPY_DukasM1_the5ers";"Buy";"2018.11.15 03:00:00";"82.679";"0.16";"2018.11.19 17:04:00";"82.100";"-61.47";"16448.93";"OOS1";"TrailingStop";"-60.58";"22.49";"4d 14h 4m";""
"4";"AUDJPY_DukasM1_the5ers";"Buy";"2018.11.28 16:00:00";"82.474";"0.28";"2018.12.03 00:05:00";"83.519";"189.56";"16638.49";"OOS1";"PT";"-29.66";"261.10";"4d 8h 5m";""
"5";"AUDJPY_DukasM1_the5ers";"Buy";"2018.12.11 00:00:00";"81.485";"0.19";"2018.12.14 03:13:00";"81.697";"25.14";"16663.63";"OOS1";"TrailingStop";"-31.06";"89.71";"3d 3h 13m";""
"6";"AUDJPY_DukasM1_the5ers";"Buy";"2018.12.26 14:00:00";"78.091";"0.21";"2018.12.27 09:07:00";"78.131";"4.27";"16667.90";"OOS1";"TrailingStop";"-40.51";"88.85";"19h 7m";""
"7";"AUDJPY_DukasM1_the5ers";"Buy";"2018.12.31 12:00:00";"77.794";"0.23";"2019.01.02 03:45:00";"77.129";"-101.29";"16566.61";"OOS1";"SL";"-100.02";"0.15";"1d 15h 45m";""
"8";"AUDJPY_DukasM1_the5ers";"Buy";"2019.01.04 06:00:00";"76.167";"0.08";"2019.01.09 17:43:00";"77.469";"67.65";"16634.26";"OOS1";"TrailingStop";"-23.70";"101.49";"5d 11h 43m";""
"9";"AUDJPY_DukasM1_the5ers";"Buy";"2019.02.05 06:00:00";"79.757";"0.23";"2019.02.06 03:30:00";"79.282";"-72.65";"16561.61";"OOS1";"TrailingStop";"-71.44";"12.93";"21h 30m";""
"10";"AUDJPY_DukasM1_the5ers";"Buy";"2019.02.11 02:00:00";"77.988";"0.22";"2019.02.14 15:43:00";"78.749";"108.09";"16669.69";"OOS1";"TrailingStop";"-12.95";"179.97";"3d 13h 43m";""
"11";"AUDJPY_DukasM1_the5ers";"Buy";"2019.02.27 09:00:00";"79.358";"0.25";"2019.03.04 10:44:00";"79.165";"-33.14";"16636.55";"OOS1";"TrailingStop";"-69.64";"47.41";"5d 1h 44m";""
"12";"AUDJPY_DukasM1_the5ers";"Buy";"2019.03.11 08:00:00";"78.236";"0.21";"2019.03.13 03:55:00";"78.479";"32.21";"16668.76";"OOS1";"TrailingStop";"-2.61";"94.89";"1d 19h 55m";""
"13";"AUDJPY_DukasM1_the5ers";"Buy";"2019.03.15 02:00:00";"79.002";"0.3";"2019.03.18 17:37:00";"79.049";"7.64";"16676.40";"OOS1";"TrailingStop";"-23.35";"80.43";"3d 15h 37m";""
"14";"AUDJPY_DukasM1_the5ers";"Buy";"2019.03.20 21:00:00";"79.023";"0.27";"2019.03.21 10:27:00";"78.789";"-42.88";"16633.52";"OOS1";"TrailingStop";"-56.85";"59.15";"13h 27m";""
"15";"AUDJPY_DukasM1_the5ers";"Buy";"2019.03.25 20:00:00";"78.109";"0.21";"2019.03.27 04:08:00";"78.489";"51.02";"16684.54";"OOS1";"TrailingStop";"-10.02";"122.49";"1d 8h 8m";""
"16";"AUDJPY_DukasM1_the5ers";"Buy";"2019.04.05 02:00:00";"79.399";"0.33";"2019.04.05 18:09:00";"79.265";"-30.57";"16653.97";"OOS1";"TrailingStop";"-28.92";"51.14";"16h 9m";""
"17";"AUDJPY_DukasM1_the5ers";"Buy";"2019.04.17 05:00:00";"80.379";"0.27";"2019.04.18 10:55:00";"80.172";"-38.11";"16615.86";"OOS1";"TrailingStop";"-36.55";"60.21";"1d 5h 55m";""
"18";"AUDJPY_DukasM1_the5ers";"Buy";"2019.05.07 06:00:00";"77.538";"0.22";"2019.05.07 19:01:00";"77.259";"-41.24";"16574.62";"OOS1";"TrailingStop";"-46.76";"72.51";"13h 1m";""
"19";"AUDJPY_DukasM1_the5ers";"Buy";"2019.06.03 15:00:00";"75.399";"0.25";"2019.06.05 15:31:00";"75.455";"7.77";"16582.39";"OOS1";"TrailingStop";"-52.97";"82.23";"2d 0h 31m";""
"20";"AUDJPY_DukasM1_the5ers";"Buy";"2019.06.17 15:00:00";"74.662";"0.44";"2019.06.18 04:30:00";"74.315";"-102.16";"16480.23";"OOS1";"SL";"-99.84";"0.00";"13h 30m";""
"21";"AUDJPY_DukasM1_the5ers";"Buy";"2019.06.28 17:00:00";"75.574";"0.37";"2019.07.01 03:36:00";"75.895";"75.72";"16555.95";"OOS1";"TrailingStop";"-20.08";"172.03";"2d 10h 36m";""
"22";"AUDJPY_DukasM1_the5ers";"Buy";"2019.07.08 22:00:00";"75.812";"0.42";"2019.07.09 09:45:00";"75.610";"-57.69";"16498.26";"OOS1";"TrailingStop";"-55.48";"27.74";"11h 45m";""
"23";"AUDJPY_DukasM1_the5ers";"Buy";"2019.07.11 20:00:00";"75.715";"0.37";"2019.07.12 17:02:00";"75.551";"-41.63";"16456.63";"OOS1";"TrailingStop";"-39.68";"46.94";"21h 2m";""
"24";"AUDJPY_DukasM1_the5ers";"Buy";"2019.07.15 06:00:00";"76.016";"0.34";"2019.07.17 05:30:00";"75.829";"-43.46";"16413.17";"OOS1";"TrailingStop";"-50.47";"28.01";"1d 23h 30m";""
"25";"AUDJPY_DukasM1_the5ers";"Buy";"2019.07.22 16:00:00";"76.124";"0.36";"2019.07.23 17:19:00";"75.707";"-100.06";"16313.11";"OOS1";"SL";"-98.17";"0.00";"1d 1h 19m";""
"26";"AUDJPY_DukasM1_the5ers";"Buy";"2019.07.29 23:00:00";"75.094";"0.45";"2019.07.30 09:00:00";"74.883";"-64.46";"16248.65";"OOS1";"TrailingStop";"-62.09";"28.84";"10h 0m";""
"27";"AUDJPY_DukasM1_the5ers";"Buy";"2019.08.16 16:00:00";"72.162";"0.2";"2019.08.20 16:13:00";"71.946";"-29.36";"16219.29";"OOS1";"TrailingStop";"-29.95";"25.50";"4d 0h 13m";""
"28";"AUDJPY_DukasM1_the5ers";"Buy";"2019.08.26 22:00:00";"71.959";"0.14";"2019.09.11 07:04:00";"74.032";"188.48";"16407.77";"OOS1";"PT";"-79.19";"189.78";"15d 9h 4m";""
"29";"AUDJPY_DukasM1_the5ers";"Buy";"2019.09.17 06:00:00";"74.051";"0.27";"2019.09.18 21:38:00";"73.870";"-33.38";"16374.39";"OOS1";"TrailingStop";"-31.96";"40.96";"1d 15h 38m";""
"30";"AUDJPY_DukasM1_the5ers";"Buy";"2019.09.27 14:00:00";"73.071";"0.32";"2019.09.27 18:37:00";"72.888";"-39.89";"16334.50";"OOS1";"TrailingStop";"-38.29";"51.90";"4h 37m";""
"31";"AUDJPY_DukasM1_the5ers";"Buy";"2019.10.08 00:00:00";"72.211";"0.3";"2019.10.08 13:09:00";"72.174";"-8.76";"16325.74";"OOS1";"TrailingStop";"-9.61";"64.54";"13h 9m";""
"32";"AUDJPY_DukasM1_the5ers";"Buy";"2019.10.10 05:00:00";"72.492";"0.2";"2019.10.14 04:15:00";"73.326";"107.97";"16433.71";"OOS1";"TrailingStop";"-9.42";"191.60";"3d 23h 15m";""
"33";"AUDJPY_DukasM1_the5ers";"Buy";"2019.11.12 09:00:00";"74.922";"0.32";"2019.11.13 02:38:00";"74.448";"-100.87";"16332.83";"OOS1";"SL";"-99.19";"4.19";"17h 38m";""
"34";"AUDJPY_DukasM1_the5ers";"Buy";"2019.11.27 10:00:00";"73.996";"0.41";"2019.11.28 01:08:00";"74.015";"2.71";"16335.55";"OOS1";"TrailingStop";"-10.99";"79.90";"15h 8m";""
"35";"AUDJPY_DukasM1_the5ers";"Buy";"2019.12.02 04:00:00";"74.304";"0.42";"2019.12.03 12:29:00";"74.450";"37.89";"16373.43";"OOS1";"TrailingStop";"-23.89";"148.31";"1d 8h 29m";""
"36";"AUDJPY_DukasM1_the5ers";"Buy";"2019.12.17 00:00:00";"75.431";"0.29";"2019.12.18 03:58:00";"74.912";"-99.95";"16273.48";"OOS1";"SL";"-98.42";"0.00";"1d 3h 58m";""
"37";"AUDJPY_DukasM1_the5ers";"Buy";"2019.12.24 21:00:00";"75.702";"0.43";"2019.12.27 13:22:00";"76.379";"187.64";"16461.12";"OOS1";"PT";"-37.40";"190.36";"2d 16h 22m";""
"38";"AUDJPY_DukasM1_the5ers";"Buy";"2020.01.06 23:00:00";"75.278";"0.24";"2020.01.07 12:24:00";"74.641";"-101.24";"16359.88";"OOS1";"SL";"-99.97";"0.00";"13h 24m";""
"39";"AUDJPY_DukasM1_the5ers";"Buy";"2020.02.03 23:00:00";"72.712";"0.21";"2020.02.05 10:37:00";"74.107";"190.40";"16550.29";"OOS1";"PT";"-29.25";"191.57";"1d 11h 37m";""
"40";"AUDJPY_DukasM1_the5ers";"Buy";"2020.02.10 17:00:00";"73.416";"0.22";"2020.02.13 01:48:00";"73.831";"58.31";"16608.60";"OOS1";"TrailingStop";"-34.53";"126.02";"2d 8h 48m";""
"41";"AUDJPY_DukasM1_the5ers";"Buy";"2020.02.19 06:00:00";"73.713";"0.3";"2020.02.20 03:32:00";"74.030";"60.45";"16669.04";"OOS1";"TrailingStop";"-19.42";"148.90";"21h 32m";""
"42";"AUDJPY_DukasM1_the5ers";"Buy";"2020.03.02 17:00:00";"70.386";"0.09";"2020.03.05 15:17:00";"70.629";"13.73";"16682.77";"OOS1";"TrailingStop";"-8.71";"66.09";"2d 22h 17m";""
"43";"AUDJPY_DukasM1_the5ers";"Buy";"2020.03.11 20:00:00";"68.223";"0.07";"2020.03.12 13:13:00";"66.250";"-90.72";"16592.05";"OOS1";"SL";"-90.31";"3.25";"17h 13m";""
"44";"AUDJPY_DukasM1_the5ers";"Buy";"2020.03.27 21:00:00";"66.740";"0.08";"2020.03.31 14:09:00";"66.063";"-35.86";"16556.20";"OOS1";"TrailingStop";"-52.58";"27.46";"3d 17h 9m";""
"45";"AUDJPY_DukasM1_the5ers";"Buy";"2020.04.03 17:00:00";"65.189";"0.13";"2020.04.07 10:49:00";"67.403";"187.49";"16743.69";"OOS1";"PT";"-28.48";"188.21";"3d 17h 49m";""
"46";"AUDJPY_DukasM1_the5ers";"Buy";"2020.04.08 19:00:00";"67.656";"0.13";"2020.04.13 07:50:00";"68.362";"59.19";"16802.88";"OOS1";"TrailingStop";"-14.37";"116.55";"4d 12h 50m";""
"47";"AUDJPY_DukasM1_the5ers";"Buy";"2020.04.14 05:00:00";"69.185";"0.19";"2020.04.15 08:47:00";"68.384";"-100.52";"16702.36";"OOS1";"SL";"-99.52";"9.44";"1d 3h 47m";""
"48";"AUDJPY_DukasM1_the5ers";"Buy";"2020.04.27 02:00:00";"68.661";"0.19";"2020.04.30 15:50:00";"69.439";"95.46";"16797.82";"OOS1";"TrailingStop";"-4.85";"159.78";"3d 13h 50m";""
"49";"AUDJPY_DukasM1_the5ers";"Buy";"2020.04.30 18:00:00";"70.015";"0.17";"2020.05.01 08:43:00";"69.127";"-99.61";"16698.21";"OOS1";"SL";"-98.72";"14.79";"14h 43m";""
"50";"AUDJPY_DukasM1_the5ers";"Buy";"2020.05.18 15:00:00";"69.403";"0.19";"2020.05.19 17:57:00";"70.895";"184.37";"16882.58";"OOS1";"PT";"-2.24";"185.37";"1d 2h 57m";""
"51";"AUDJPY_DukasM1_the5ers";"Buy";"2020.05.20 19:00:00";"70.940";"0.17";"2020.05.22 05:13:00";"70.443";"-56.28";"16826.30";"OOS1";"TrailingStop";"-55.25";"15.79";"1d 10h 13m";""
"52";"AUDJPY_DukasM1_the5ers";"Buy";"2020.05.26 04:00:00";"70.716";"0.29";"2020.05.26 21:33:00";"71.735";"191.79";"17018.09";"OOS1";"PT";"-8.72";"193.24";"17h 33m";""
"53";"AUDJPY_DukasM1_the5ers";"Buy";"2020.06.19 18:00:00";"73.407";"0.14";"2020.06.23 04:15:00";"73.431";"1.42";"17019.51";"OOS1";"TrailingStop";"-63.44";"67.38";"3d 10h 15m";""
"54";"AUDJPY_DukasM1_the5ers";"Buy";"2020.06.29 14:00:00";"73.792";"0.21";"2020.06.30 12:03:00";"73.683";"-16.07";"17003.44";"OOS1";"TrailingStop";"-25.54";"54.65";"22h 3m";""
"55";"AUDJPY_DukasM1_the5ers";"Buy";"2020.07.15 02:00:00";"74.960";"0.22";"2020.07.21 21:56:00";"76.270";"187.01";"17190.44";"OOS1";"PT";"-40.14";"188.46";"6d 19h 56m";""
"56";"AUDJPY_DukasM1_the5ers";"Buy";"2020.07.27 17:00:00";"75.209";"0.2";"2020.07.28 17:35:00";"75.022";"-25.51";"17164.93";"OOS1";"TrailingStop";"-26.55";"48.13";"1d 0h 35m";""
"57";"AUDJPY_DukasM1_the5ers";"Buy";"2020.08.06 22:00:00";"76.395";"0.23";"2020.08.07 16:17:00";"75.930";"-71.15";"17093.78";"OOS1";"TrailingStop";"-69.94";"6.47";"18h 17m";""
"58";"AUDJPY_DukasM1_the5ers";"Buy";"2020.08.11 06:00:00";"76.097";"0.3";"2020.08.12 05:17:00";"75.938";"-32.77";"17061.01";"OOS1";"TrailingStop";"-31.19";"46.69";"23h 17m";""
"59";"AUDJPY_DukasM1_the5ers";"Buy";"2020.08.12 16:00:00";"76.340";"0.24";"2020.08.14 12:05:00";"76.231";"-18.56";"17042.45";"OOS1";"TrailingStop";"-17.11";"58.70";"1d 20h 5m";""
"60";"AUDJPY_DukasM1_the5ers";"Buy";"2020.08.24 15:00:00";"76.134";"0.27";"2020.08.27 18:41:00";"77.208";"187.91";"17230.36";"OOS1";"PT";"-55.97";"189.62";"3d 3h 41m";""
"61";"AUDJPY_DukasM1_the5ers";"Buy";"2020.09.28 17:00:00";"74.500";"0.2";"2020.09.30 07:22:00";"75.046";"70.30";"17300.66";"OOS1";"TrailingStop";"-10.07";"141.25";"1d 14h 22m";""
"62";"AUDJPY_DukasM1_the5ers";"Buy";"2020.10.19 04:00:00";"74.876";"0.26";"2020.10.19 21:45:00";"74.509";"-63.70";"17236.96";"OOS1";"TrailingStop";"-62.40";"9.35";"17h 45m";""
"63";"AUDJPY_DukasM1_the5ers";"Buy";"2020.11.02 18:00:00";"73.782";"0.19";"2020.11.04 01:03:00";"75.278";"184.82";"17421.78";"OOS1";"PT";"-21.49";"185.87";"1d 7h 3m";""
"64";"AUDJPY_DukasM1_the5ers";"Buy";"2020.11.05 09:00:00";"74.843";"0.13";"2020.11.09 14:59:00";"76.976";"180.61";"17602.39";"OOS1";"PT";"-4.00";"181.33";"4d 5h 59m";""
"65";"AUDJPY_DukasM1_the5ers";"Buy";"2020.11.11 05:00:00";"76.777";"0.18";"2020.11.12 08:14:00";"76.400";"-45.42";"17556.97";"OOS1";"TrailingStop";"-44.38";"37.78";"1d 3h 14m";""
"66";"AUDJPY_DukasM1_the5ers";"Buy";"2020.11.16 02:00:00";"76.321";"0.22";"2020.11.17 15:35:00";"76.087";"-34.82";"17522.15";"OOS1";"TrailingStop";"-33.66";"64.74";"1d 13h 35m";""
"67";"AUDJPY_DukasM1_the5ers";"Buy";"2020.12.28 05:00:00";"78.871";"0.26";"2021.01.04 02:29:00";"79.346";"78.97";"17601.12";"OOS1";"TrailingStop";"-66.99";"156.25";"6d 21h 29m";""
"68";"AUDJPY_DukasM1_the5ers";"Buy";"2021.01.25 10:00:00";"80.273";"0.31";"2021.01.25 18:03:00";"79.909";"-75.34";"17525.78";"OOS1";"TrailingStop";"-73.79";"4.87";"8h 3m";""
"69";"AUDJPY_DukasM1_the5ers";"Buy";"2021.02.02 02:00:00";"80.079";"0.22";"2021.02.02 13:29:00";"79.830";"-36.92";"17488.86";"OOS1";"TrailingStop";"-35.82";"41.29";"11h 29m";""
"70";"AUDJPY_DukasM1_the5ers";"Buy";"2021.03.01 19:00:00";"82.970";"0.14";"2021.03.03 16:20:00";"83.129";"13.78";"17502.64";"OOS1";"TrailingStop";"-31.58";"71.77";"1d 21h 20m";""
"1";"AUDJPY_DukasM1_the5ers";"Buy";"2021.03.08 02:00:00";"83.575";"0.14";"2021.03.12 13:49:00";"84.228";"58.86";"17561.49";"OOS1";"TrailingStop";"-59.32";"109.95";"4d 11h 49m";""
"2";"AUDJPY_DukasM1_the5ers";"Buy";"2021.03.15 09:00:00";"84.509";"0.25";"2021.03.15 17:37:00";"84.112";"-66.15";"17495.34";"OOS1";"TrailingStop";"-64.90";"17.49";"8h 37m";""
"3";"AUDJPY_DukasM1_the5ers";"Buy";"2021.03.23 04:00:00";"84.060";"0.24";"2021.03.23 08:17:00";"83.431";"-99.92";"17395.43";"OOS1";"SL";"-98.72";"0.00";"4h 17m";""
"4";"AUDJPY_DukasM1_the5ers";"Buy";"2021.03.31 04:00:00";"84.229";"0.23";"2021.04.01 03:30:00";"83.918";"-48.11";"17347.32";"OOS1";"TrailingStop";"-46.78";"37.15";"23h 30m";""
"5";"AUDJPY_DukasM1_the5ers";"Buy";"2021.04.05 15:00:00";"84.294";"0.32";"2021.04.06 12:56:00";"84.072";"-48.14";"17299.18";"OOS1";"TrailingStop";"-46.45";"34.95";"21h 56m";""
"6";"AUDJPY_DukasM1_the5ers";"Buy";"2021.04.13 11:00:00";"83.195";"0.29";"2021.04.14 18:30:00";"84.217";"192.28";"17491.46";"OOS1";"PT";"-30.91";"193.81";"1d 7h 30m";""
"7";"AUDJPY_DukasM1_the5ers";"Buy";"2021.04.16 22:00:00";"84.138";"0.32";"2021.04.20 13:44:00";"84.195";"10.16";"17501.61";"OOS1";"TrailingStop";"-81.40";"120.95";"3d 15h 44m";""
"8";"AUDJPY_DukasM1_the5ers";"Buy";"2021.04.28 00:00:00";"84.457";"0.29";"2021.04.29 17:37:00";"84.550";"15.95";"17517.57";"OOS1";"TrailingStop";"-61.06";"103.92";"1d 17h 37m";""
"9";"AUDJPY_DukasM1_the5ers";"Buy";"2021.05.03 11:00:00";"84.704";"0.27";"2021.05.04 14:40:00";"84.320";"-69.22";"17448.35";"OOS1";"TrailingStop";"-67.80";"5.83";"1d 3h 40m";""
"10";"AUDJPY_DukasM1_the5ers";"Buy";"2021.05.06 17:00:00";"84.711";"0.23";"2021.05.10 21:51:00";"85.314";"89.42";"17537.77";"OOS1";"TrailingStop";"-26.47";"164.24";"4d 4h 51m";""
"11";"AUDJPY_DukasM1_the5ers";"Buy";"2021.05.26 07:00:00";"84.748";"0.3";"2021.05.26 17:02:00";"84.395";"-70.75";"17467.02";"OOS1";"TrailingStop";"-69.25";"10.20";"10h 2m";""
"12";"AUDJPY_DukasM1_the5ers";"Buy";"2021.05.27 17:00:00";"84.759";"0.32";"2021.05.28 14:12:00";"84.771";"0.83";"17467.84";"OOS1";"TrailingStop";"-3.77";"82.03";"21h 12m";""
"13";"AUDJPY_DukasM1_the5ers";"Buy";"2021.05.31 19:00:00";"84.753";"0.34";"2021.06.03 15:03:00";"84.704";"-13.05";"17454.79";"OOS1";"TrailingStop";"-25.12";"96.94";"2d 20h 3m";""
"14";"AUDJPY_DukasM1_the5ers";"Buy";"2021.06.08 10:00:00";"84.818";"0.39";"2021.06.11 15:07:00";"84.712";"-29.51";"17425.28";"OOS1";"TrailingStop";"-49.22";"59.68";"3d 5h 7m";""
"15";"AUDJPY_DukasM1_the5ers";"Buy";"2021.06.14 19:00:00";"84.889";"0.34";"2021.06.15 13:10:00";"84.612";"-63.38";"17361.91";"OOS1";"TrailingStop";"-61.59";"8.89";"18h 10m";""
"16";"AUDJPY_DukasM1_the5ers";"Buy";"2021.06.21 20:00:00";"83.038";"0.18";"2021.06.28 00:11:00";"83.868";"96.46";"17458.37";"OOS1";"TrailingStop";"-29.43";"143.25";"6d 4h 11m";""
"17";"AUDJPY_DukasM1_the5ers";"Buy";"2021.07.02 22:00:00";"83.637";"0.29";"2021.07.06 15:17:00";"83.746";"19.07";"17477.43";"OOS1";"TrailingStop";"-44.00";"105.44";"3d 17h 17m";""
"18";"AUDJPY_DukasM1_the5ers";"Buy";"2021.08.03 00:00:00";"80.456";"0.28";"2021.08.03 16:38:00";"80.344";"-21.91";"17455.52";"OOS1";"TrailingStop";"-20.51";"83.86";"16h 38m";""
"19";"AUDJPY_DukasM1_the5ers";"Buy";"2021.08.04 11:00:00";"81.007";"0.24";"2021.08.09 01:51:00";"80.929";"-13.76";"17441.76";"OOS1";"TrailingStop";"-64.50";"61.05";"4d 14h 51m";""
"20";"AUDJPY_DukasM1_the5ers";"Buy";"2021.08.23 05:00:00";"78.652";"0.18";"2021.08.26 18:05:00";"79.661";"117.62";"17559.38";"OOS1";"TrailingStop";"-8.24";"170.32";"3d 13h 5m";""
"21";"AUDJPY_DukasM1_the5ers";"Buy";"2021.09.14 00:00:00";"81.022";"0.26";"2021.09.14 09:12:00";"80.711";"-54.18";"17505.21";"OOS1";"TrailingStop";"-52.88";"21.59";"9h 12m";""
"22";"AUDJPY_DukasM1_the5ers";"Buy";"2021.09.27 11:00:00";"80.476";"0.23";"2021.09.28 11:15:00";"80.816";"49.93";"17555.13";"OOS1";"TrailingStop";"-9.63";"125.44";"1d 0h 15m";""
"23";"AUDJPY_DukasM1_the5ers";"Buy";"2021.10.04 01:00:00";"80.556";"0.18";"2021.10.06 10:21:00";"80.844";"32.90";"17588.04";"OOS1";"TrailingStop";"-7.89";"99.58";"2d 9h 21m";""
"24";"AUDJPY_DukasM1_the5ers";"Buy";"2021.10.14 02:00:00";"83.574";"0.24";"2021.10.15 10:05:00";"84.804";"191.77";"17779.81";"OOS1";"PT";"-2.82";"193.04";"1d 8h 5m";""
"25";"AUDJPY_DukasM1_the5ers";"Buy";"2021.10.19 05:00:00";"85.006";"0.24";"2021.10.21 04:53:00";"86.233";"191.11";"17970.92";"OOS1";"PT";"-14.28";"192.57";"1d 23h 53m";""
"26";"AUDJPY_DukasM1_the5ers";"Buy";"2021.10.26 00:00:00";"85.153";"0.2";"2021.10.27 10:54:00";"85.444";"37.00";"18007.92";"OOS1";"TrailingStop";"-7.06";"118.23";"1d 10h 54m";""
"27";"AUDJPY_DukasM1_the5ers";"Buy";"2021.11.08 22:00:00";"84.089";"0.25";"2021.11.09 05:14:00";"83.476";"-101.53";"17906.39";"OOS1";"SL";"-100.21";"0.82";"7h 14m";""
"28";"AUDJPY_DukasM1_the5ers";"Buy";"2021.11.22 18:00:00";"83.166";"0.2";"2021.11.26 01:31:00";"82.711";"-60.83";"17845.56";"OOS1";"TrailingStop";"-67.22";"10.86";"3d 7h 31m";""
"29";"AUDJPY_DukasM1_the5ers";"Buy";"2021.12.06 23:00:00";"79.983";"0.17";"2021.12.08 19:11:00";"81.639";"183.15";"18028.72";"OOS1";"PT";"-14.34";"184.09";"1d 20h 11m";""
"30";"AUDJPY_DukasM1_the5ers";"Buy";"2021.12.27 16:00:00";"82.976";"0.27";"2021.12.28 17:37:00";"82.952";"-5.66";"18023.06";"OOS1";"TrailingStop";"-13.07";"81.22";"1d 1h 37m";""
"31";"AUDJPY_DukasM1_the5ers";"Buy";"2022.01.03 00:13:00";"83.479";"0.29";"2022.01.03 13:10:00";"83.335";"-28.76";"17994.30";"OOS1";"TrailingStop";"-27.31";"72.44";"12h 57m";""
"32";"AUDJPY_DukasM1_the5ers";"Buy";"2022.01.17 20:00:00";"82.707";"0.24";"2022.01.18 10:45:00";"82.449";"-41.76";"17952.54";"OOS1";"TrailingStop";"-40.49";"39.86";"14h 45m";""
"33";"AUDJPY_DukasM1_the5ers";"Buy";"2022.01.26 09:00:00";"81.557";"0.17";"2022.01.26 22:04:00";"81.407";"-17.53";"17935.02";"OOS1";"TrailingStop";"-16.68";"65.92";"13h 4m";""
"34";"AUDJPY_DukasM1_the5ers";"Buy";"2022.01.31 11:00:00";"81.408";"0.17";"2022.02.01 05:36:00";"80.929";"-54.14";"17880.87";"OOS1";"TrailingStop";"-53.25";"23.90";"18h 36m";""
"35";"AUDJPY_DukasM1_the5ers";"Buy";"2022.02.01 18:00:00";"81.642";"0.17";"2022.02.04 12:43:00";"81.612";"-4.41";"17876.46";"OOS1";"TrailingStop";"-29.01";"71.15";"2d 18h 43m";""
"36";"AUDJPY_DukasM1_the5ers";"Buy";"2022.02.07 17:00:00";"81.963";"0.2";"2022.02.10 13:14:00";"83.388";"185.10";"18061.56";"OOS1";"PT";"-24.59";"186.37";"2d 20h 14m";""
"37";"AUDJPY_DukasM1_the5ers";"Buy";"2022.02.21 22:00:00";"82.588";"0.18";"2022.02.23 20:33:00";"83.179";"68.57";"18130.13";"OOS1";"TrailingStop";"-54.97";"146.54";"1d 22h 33m";""
"38";"AUDJPY_DukasM1_the5ers";"Buy";"2022.02.28 18:00:00";"83.592";"0.15";"2022.03.01 20:14:00";"83.194";"-39.83";"18090.30";"OOS1";"TrailingStop";"-39.04";"26.19";"1d 2h 14m";""
"39";"AUDJPY_DukasM1_the5ers";"Buy";"2022.03.22 02:00:00";"88.461";"0.21";"2022.03.22 12:50:00";"89.873";"192.85";"18283.15";"OOS1";"PT";"-8.65";"193.90";"10h 50m";""
"40";"AUDJPY_DukasM1_the5ers";"Buy";"2022.03.28 05:00:00";"92.356";"0.12";"2022.03.28 15:45:00";"92.771";"31.97";"18315.12";"OOS1";"TrailingStop";"-14.75";"153.49";"10h 45m";""
"41";"AUDJPY_DukasM1_the5ers";"Buy";"2022.04.04 18:00:00";"92.594";"0.16";"2022.04.06 17:53:00";"93.255";"68.27";"18383.39";"OOS1";"TrailingStop";"-34.53";"164.47";"1d 23h 53m";""
"42";"AUDJPY_DukasM1_the5ers";"Buy";"2022.04.08 10:00:00";"92.825";"0.17";"2022.04.11 23:18:00";"92.949";"12.84";"18396.23";"OOS1";"TrailingStop";"-40.58";"87.93";"3d 13h 18m";""
"43";"AUDJPY_DukasM1_the5ers";"Buy";"2022.04.12 18:00:00";"93.679";"0.17";"2022.04.13 15:30:00";"93.230";"-50.81";"18345.42";"OOS1";"TrailingStop";"-49.91";"20.23";"21h 30m";""
"44";"AUDJPY_DukasM1_the5ers";"Buy";"2022.05.03 04:00:00";"92.160";"0.12";"2022.05.05 17:13:00";"92.915";"58.52";"18403.94";"OOS1";"TrailingStop";"-13.65";"146.27";"2d 13h 13m";""
"45";"AUDJPY_DukasM1_the5ers";"Buy";"2022.05.11 15:00:00";"91.075";"0.12";"2022.05.11 19:29:00";"90.625";"-35.91";"18368.03";"OOS1";"TrailingStop";"-37.59";"54.14";"4h 29m";""
"46";"AUDJPY_DukasM1_the5ers";"Buy";"2022.05.20 12:00:00";"90.559";"0.09";"2022.05.24 16:32:00";"89.875";"-40.75";"18327.27";"OOS1";"TrailingStop";"-64.68";"28.37";"4d 4h 32m";""
"47";"AUDJPY_DukasM1_the5ers";"Buy";"2022.05.27 11:00:00";"90.720";"0.13";"2022.06.01 10:07:00";"92.897";"184.31";"18511.59";"OOS1";"PT";"-13.69";"185.07";"4d 23h 7m";""
"48";"AUDJPY_DukasM1_the5ers";"Buy";"2022.06.15 17:00:00";"93.500";"0.12";"2022.06.16 10:34:00";"93.516";"0.56";"18512.15";"OOS1";"TrailingStop";"-23.15";"81.37";"17h 34m";""
"49";"AUDJPY_DukasM1_the5ers";"Buy";"2022.06.20 19:00:00";"94.252";"0.11";"2022.06.22 04:39:00";"94.455";"13.99";"18526.14";"OOS1";"TrailingStop";"-33.81";"76.68";"1d 9h 39m";""
"50";"AUDJPY_DukasM1_the5ers";"Buy";"2022.06.28 09:00:00";"93.810";"0.15";"2022.06.29 09:04:00";"93.736";"-8.05";"18518.09";"OOS1";"TrailingStop";"-7.45";"88.67";"1d 0h 4m";""
"51";"AUDJPY_DukasM1_the5ers";"Buy";"2022.06.30 01:00:00";"93.899";"0.14";"2022.06.30 18:01:00";"93.347";"-51.24";"18466.86";"OOS1";"TrailingStop";"-50.54";"35.15";"17h 1m";""
"52";"AUDJPY_DukasM1_the5ers";"Buy";"2022.07.08 17:00:00";"93.116";"0.11";"2022.07.11 16:27:00";"92.634";"-35.25";"18431.60";"OOS1";"TrailingStop";"-34.67";"41.22";"2d 23h 27m";""
"53";"AUDJPY_DukasM1_the5ers";"Buy";"2022.07.13 05:00:00";"92.688";"0.14";"2022.07.14 14:40:00";"93.226";"48.44";"18480.04";"OOS1";"TrailingStop";"-16.02";"143.18";"1d 9h 40m";""
"54";"AUDJPY_DukasM1_the5ers";"Buy";"2022.07.15 18:00:00";"94.161";"0.11";"2022.07.22 02:31:00";"94.943";"55.49";"18535.54";"OOS1";"TrailingStop";"-16.40";"114.52";"6d 8h 31m";""
"55";"AUDJPY_DukasM1_the5ers";"Buy";"2022.07.25 20:00:00";"95.131";"0.15";"2022.07.28 04:18:00";"94.798";"-33.61";"18501.93";"OOS1";"TrailingStop";"-55.22";"54.83";"2d 8h 18m";""
"56";"AUDJPY_DukasM1_the5ers";"Buy";"2022.08.29 18:00:00";"95.542";"0.16";"2022.08.30 16:48:00";"95.419";"-13.71";"18488.21";"OOS1";"TrailingStop";"-30.76";"68.85";"22h 48m";""
"57";"AUDJPY_DukasM1_the5ers";"Buy";"2022.09.02 12:00:00";"95.513";"0.18";"2022.09.02 20:24:00";"95.242";"-32.80";"18455.41";"OOS1";"TrailingStop";"-31.90";"61.56";"8h 24m";""
"58";"AUDJPY_DukasM1_the5ers";"Buy";"2022.09.06 02:00:00";"95.666";"0.2";"2022.09.07 13:19:00";"97.119";"188.98";"18644.39";"OOS1";"PT";"-23.93";"190.03";"1d 11h 19m";""
"59";"AUDJPY_DukasM1_the5ers";"Buy";"2022.09.09 04:00:00";"97.573";"0.14";"2022.09.09 13:46:00";"97.118";"-42.35";"18602.04";"OOS1";"TrailingStop";"-41.65";"31.13";"9h 46m";""
"60";"AUDJPY_DukasM1_the5ers";"Buy";"2022.09.12 09:00:00";"98.047";"0.13";"2022.09.13 17:48:00";"97.696";"-30.52";"18571.51";"OOS1";"TrailingStop";"-29.84";"45.99";"1d 8h 48m";""
"61";"AUDJPY_DukasM1_the5ers";"Buy";"2022.10.03 18:00:00";"93.890";"0.11";"2022.10.04 14:19:00";"93.545";"-25.40";"18546.12";"OOS1";"TrailingStop";"-32.23";"57.62";"20h 19m";""
"62";"AUDJPY_DukasM1_the5ers";"Buy";"2022.10.13 19:00:00";"92.470";"0.09";"2022.10.14 17:00:00";"92.480";"0.11";"18546.23";"OOS1";"TrailingStop";"-14.36";"63.21";"22h 0m";""
"63";"AUDJPY_DukasM1_the5ers";"Buy";"2022.10.17 17:00:00";"93.333";"0.12";"2022.10.18 12:04:00";"93.194";"-11.54";"18534.69";"OOS1";"TrailingStop";"-10.91";"65.99";"19h 4m";""
"64";"AUDJPY_DukasM1_the5ers";"Buy";"2022.10.19 22:00:00";"93.898";"0.13";"2022.10.21 03:12:00";"94.096";"16.04";"18550.73";"OOS1";"TrailingStop";"-44.89";"106.77";"1d 5h 12m";""
"65";"AUDJPY_DukasM1_the5ers";"Buy";"2022.11.08 06:00:00";"94.919";"0.16";"2022.11.08 21:28:00";"94.438";"-51.13";"18499.61";"OOS1";"TrailingStop";"-50.33";"29.19";"15h 28m";""
"66";"AUDJPY_DukasM1_the5ers";"Buy";"2022.11.15 19:00:00";"94.474";"0.11";"2022.11.17 05:14:00";"93.629";"-61.45";"18438.16";"OOS1";"TrailingStop";"-60.78";"12.66";"1d 10h 14m";""
"67";"AUDJPY_DukasM1_the5ers";"Buy";"2022.11.21 18:00:00";"93.578";"0.15";"2022.11.24 11:29:00";"93.559";"-2.81";"18435.34";"OOS1";"TrailingStop";"-7.16";"54.24";"2d 17h 29m";""
"68";"AUDJPY_DukasM1_the5ers";"Buy";"2022.11.30 12:00:00";"93.324";"0.16";"2022.12.01 03:06:00";"93.026";"-32.11";"18403.24";"OOS1";"TrailingStop";"-31.18";"54.72";"15h 6m";""
"69";"AUDJPY_DukasM1_the5ers";"Buy";"2022.12.05 15:00:00";"92.043";"0.15";"2022.12.05 22:28:00";"91.431";"-60.78";"18342.46";"OOS1";"TrailingStop";"-60.03";"14.62";"7h 28m";""
"70";"AUDJPY_DukasM1_the5ers";"Buy";"2022.12.08 13:00:00";"92.146";"0.18";"2022.12.09 12:26:00";"92.011";"-16.84";"18325.62";"OOS1";"TrailingStop";"-16.60";"66.27";"23h 26m";""
"71";"AUDJPY_DukasM1_the5ers";"Buy";"2022.12.09 18:00:00";"92.824";"0.15";"2022.12.13 15:30:00";"92.552";"-27.51";"18298.11";"OOS1";"TrailingStop";"-42.96";"51.99";"3d 21h 30m";""
"72";"AUDJPY_DukasM1_the5ers";"Buy";"2022.12.19 19:00:00";"91.862";"0.16";"2022.12.20 05:02:00";"91.391";"-50.12";"18247.98";"OOS1";"TrailingStop";"-49.28";"16.53";"10h 2m";""
"73";"AUDJPY_DukasM1_the5ers";"Buy";"2023.01.06 22:00:00";"90.870";"0.13";"2023.01.10 01:30:00";"90.937";"4.98";"18252.96";"OOS1";"TrailingStop";"-17.51";"80.50";"3d 3h 30m";""
"74";"AUDJPY_DukasM1_the5ers";"Buy";"2023.01.11 03:00:00";"91.255";"0.17";"2023.01.12 03:50:00";"90.969";"-32.78";"18220.18";"OOS1";"TrailingStop";"-31.79";"46.02";"1d 0h 50m";""
"75";"AUDJPY_DukasM1_the5ers";"Buy";"2023.01.16 20:00:00";"89.533";"0.16";"2023.01.18 05:04:00";"91.387";"193.09";"18413.27";"OOS1";"PT";"-32.85";"193.98";"1d 9h 4m";""
"76";"AUDJPY_DukasM1_the5ers";"Buy";"2023.01.25 01:00:00";"91.642";"0.16";"2023.01.25 12:01:00";"91.992";"35.82";"18449.09";"OOS1";"TrailingStop";"-17.47";"119.28";"11h 1m";""
"77";"AUDJPY_DukasM1_the5ers";"Buy";"2023.01.30 06:00:00";"92.062";"0.15";"2023.01.31 06:06:00";"91.535";"-52.48";"18396.61";"OOS1";"TrailingStop";"-51.69";"24.82";"1d 0h 6m";""
"78";"AUDJPY_DukasM1_the5ers";"Buy";"2023.02.02 17:00:00";"91.244";"0.15";"2023.02.07 16:14:00";"91.030";"-21.86";"18374.75";"OOS1";"TrailingStop";"-86.42";"68.66";"4d 23h 14m";""
"79";"AUDJPY_DukasM1_the5ers";"Buy";"2023.02.13 10:00:00";"91.574";"0.17";"2023.02.15 04:51:00";"92.305";"80.32";"18455.07";"OOS1";"TrailingStop";"-9.56";"162.53";"1d 18h 51m";""
"80";"AUDJPY_DukasM1_the5ers";"Buy";"2023.02.16 09:00:00";"92.616";"0.15";"2023.02.16 17:05:00";"91.967";"-64.41";"18390.66";"OOS1";"TrailingStop";"-63.66";"9.42";"8h 5m";""
"81";"AUDJPY_DukasM1_the5ers";"Buy";"2023.03.02 16:00:00";"91.959";"0.2";"2023.03.06 02:59:00";"91.707";"-34.07";"18356.60";"OOS1";"TrailingStop";"-34.53";"37.14";"3d 10h 59m";""
"82";"AUDJPY_DukasM1_the5ers";"Buy";"2023.04.07 10:00:00";"88.097";"0.2";"2023.04.13 10:37:00";"89.515";"184.13";"18540.73";"OOS1";"PT";"-43.42";"185.45";"6d 0h 37m";""
"83";"AUDJPY_DukasM1_the5ers";"Buy";"2023.04.17 23:00:00";"90.145";"0.19";"2023.04.21 04:35:00";"90.168";"1.60";"18542.33";"OOS1";"TrailingStop";"-21.37";"78.65";"3d 5h 35m";""
"84";"AUDJPY_DukasM1_the5ers";"Buy";"2023.04.24 13:00:00";"89.814";"0.19";"2023.04.25 10:30:00";"89.411";"-51.07";"18491.26";"OOS1";"TrailingStop";"-50.07";"28.95";"21h 30m";""
"85";"AUDJPY_DukasM1_the5ers";"Buy";"2023.05.15 04:00:00";"90.395";"0.18";"2023.05.16 09:00:00";"90.667";"31.07";"18522.32";"OOS1";"TrailingStop";"-9.42";"108.29";"1d 5h 0m";""
"86";"AUDJPY_DukasM1_the5ers";"Buy";"2023.05.18 23:00:00";"91.891";"0.17";"2023.05.19 18:24:00";"91.713";"-20.68";"18501.64";"OOS1";"TrailingStop";"-26.35";"51.25";"19h 24m";""
"87";"AUDJPY_DukasM1_the5ers";"Buy";"2023.05.23 00:00:00";"92.200";"0.18";"2023.05.23 10:52:00";"91.709";"-58.69";"18442.95";"OOS1";"TrailingStop";"-57.79";"17.42";"10h 52m";""
"88";"AUDJPY_DukasM1_the5ers";"Buy";"2023.06.09 00:00:00";"93.299";"0.21";"2023.06.13 10:38:00";"94.688";"189.58";"18632.53";"OOS1";"PT";"-43.12";"190.74";"4d 10h 38m";""
"89";"AUDJPY_DukasM1_the5ers";"Buy";"2023.06.15 04:00:00";"95.329";"0.19";"2023.06.16 08:33:00";"96.856";"188.72";"18821.25";"OOS1";"PT";"-20.87";"189.72";"1d 4h 33m";""
"90";"AUDJPY_DukasM1_the5ers";"Buy";"2023.06.26 12:00:00";"95.495";"0.15";"2023.06.28 04:30:00";"95.766";"25.75";"18847.00";"OOS1";"TrailingStop";"-5.00";"98.09";"1d 16h 30m";""
"91";"AUDJPY_DukasM1_the5ers";"Buy";"2023.06.29 17:00:00";"95.722";"0.18";"2023.07.04 07:30:00";"96.069";"39.80";"18886.80";"OOS1";"TrailingStop";"-14.83";"115.00";"4d 14h 30m";""
"92";"AUDJPY_DukasM1_the5ers";"Buy";"2023.07.18 08:00:00";"94.494";"0.16";"2023.07.21 03:02:00";"94.689";"19.39";"18906.19";"OOS1";"TrailingStop";"-75.44";"96.99";"2d 19h 2m";""
"1";"AUDJPY_DukasM1_the5ers";"Buy";"2023.08.08 02:00:00";"93.626";"0.19";"2023.08.08 09:52:00";"93.360";"-34.00";"18872.19";"OOS1";"TrailingStop";"-33.05";"43.61";"7h 52m";""
"2";"AUDJPY_DukasM1_the5ers";"Buy";"2023.08.18 06:00:00";"93.384";"0.16";"2023.08.23 10:32:00";"93.411";"1.90";"18874.09";"OOS1";"TrailingStop";"-62.36";"70.41";"5d 4h 32m";""
"3";"AUDJPY_DukasM1_the5ers";"Buy";"2023.09.11 15:00:00";"94.398";"0.18";"2023.09.18 16:42:00";"94.914";"59.50";"18933.58";"OOS1";"TrailingStop";"-40.61";"135.01";"7d 1h 42m";""
"4";"AUDJPY_DukasM1_the5ers";"Buy";"2023.09.26 00:00:00";"95.629";"0.22";"2023.09.27 03:36:00";"95.200";"-62.88";"18870.71";"OOS1";"TrailingStop";"-61.72";"19.85";"1d 3h 36m";""
"5";"AUDJPY_DukasM1_the5ers";"Buy";"2023.10.12 04:00:00";"95.722";"0.22";"2023.10.12 15:30:00";"95.302";"-61.52";"18809.19";"OOS1";"TrailingStop";"-60.42";"14.82";"11h 30m";""
"6";"AUDJPY_DukasM1_the5ers";"Buy";"2023.10.16 18:00:00";"94.772";"0.21";"2023.10.17 13:13:00";"94.627";"-21.02";"18788.17";"OOS1";"TrailingStop";"-19.91";"60.01";"19h 13m";""
"7";"AUDJPY_DukasM1_the5ers";"Buy";"2023.10.23 08:00:00";"94.637";"0.23";"2023.10.25 11:06:00";"95.264";"93.03";"18881.20";"OOS1";"TrailingStop";"-48.58";"189.36";"2d 3h 6m";""
"8";"AUDJPY_DukasM1_the5ers";"Buy";"2023.10.30 13:00:00";"95.358";"0.22";"2023.10.30 16:29:00";"94.994";"-53.47";"18827.73";"OOS1";"TrailingStop";"-52.37";"23.88";"3h 29m";""
"9";"AUDJPY_DukasM1_the5ers";"Buy";"2023.10.31 10:00:00";"95.575";"0.19";"2023.11.03 14:31:00";"97.073";"184.92";"19012.64";"OOS1";"PT";"-7.58";"186.12";"3d 4h 31m";""
"10";"AUDJPY_DukasM1_the5ers";"Buy";"2023.11.13 05:00:00";"96.450";"0.25";"2023.11.14 16:37:00";"97.632";"191.92";"19204.56";"OOS1";"PT";"-13.57";"193.23";"1d 11h 37m";""
"11";"AUDJPY_DukasM1_the5ers";"Buy";"2023.11.20 02:00:00";"97.650";"0.19";"2023.11.21 09:04:00";"96.879";"-96.79";"19107.77";"OOS1";"SL";"-95.79";"9.44";"1d 7h 4m";""
"12";"AUDJPY_DukasM1_the5ers";"Buy";"2023.11.28 05:00:00";"98.101";"0.24";"2023.11.29 02:00:00";"97.841";"-42.07";"19065.70";"OOS1";"TrailingStop";"-40.80";"43.47";"21h 0m";""
"13";"AUDJPY_DukasM1_the5ers";"Buy";"2023.12.22 05:00:00";"96.607";"0.18";"2023.12.25 02:55:00";"96.414";"-23.67";"19042.03";"OOS1";"TrailingStop";"-29.31";"47.44";"2d 21h 55m";""
"14";"AUDJPY_DukasM1_the5ers";"Buy";"2023.12.26 16:00:00";"97.037";"0.23";"2023.12.27 21:30:00";"97.089";"6.61";"19048.64";"OOS1";"TrailingStop";"-16.39";"83.32";"1d 5h 30m";""
"15";"AUDJPY_DukasM1_the5ers";"Buy";"2024.01.02 15:00:00";"96.452";"0.18";"2024.01.08 07:35:00";"96.700";"28.00";"19076.64";"OOS1";"TrailingStop";"-72.51";"110.64";"5d 16h 35m";""
"16";"AUDJPY_DukasM1_the5ers";"Buy";"2024.01.15 22:00:00";"97.094";"0.28";"2024.01.22 15:26:00";"97.394";"53.00";"19129.65";"OOS1";"TrailingStop";"-93.93";"143.92";"6d 17h 26m";""
"17";"AUDJPY_DukasM1_the5ers";"Buy";"2024.02.07 16:00:00";"96.710";"0.29";"2024.02.13 15:30:00";"97.306";"111.11";"19240.76";"OOS1";"TrailingStop";"-51.96";"182.81";"5d 23h 30m";""
"18";"AUDJPY_DukasM1_the5ers";"Buy";"2024.02.16 02:00:00";"97.869";"0.29";"2024.02.20 17:37:00";"98.243";"69.32";"19310.08";"OOS1";"TrailingStop";"-32.24";"141.09";"4d 15h 37m";""
"19";"AUDJPY_DukasM1_the5ers";"Buy";"2024.02.21 22:00:00";"98.349";"0.32";"2024.02.22 17:18:00";"98.527";"35.39";"19345.46";"OOS1";"TrailingStop";"-16.11";"140.20";"19h 18m";""
"20";"AUDJPY_DukasM1_the5ers";"Buy";"2024.03.08 06:00:00";"97.973";"0.24";"2024.03.08 11:36:00";"97.697";"-44.52";"19300.95";"OOS1";"TrailingStop";"-43.32";"28.09";"5h 36m";""
"21";"AUDJPY_DukasM1_the5ers";"Buy";"2024.03.19 08:00:00";"97.983";"0.23";"2024.03.20 20:02:00";"99.236";"187.24";"19488.19";"OOS1";"PT";"-23.46";"188.45";"1d 12h 2m";""
"22";"AUDJPY_DukasM1_the5ers";"Buy";"2024.03.25 15:00:00";"98.802";"0.25";"2024.03.27 02:30:00";"98.808";"-0.40";"19487.79";"OOS1";"TrailingStop";"-6.54";"72.26";"1d 11h 30m";""
"23";"AUDJPY_DukasM1_the5ers";"Buy";"2024.04.08 04:00:00";"99.550";"0.22";"2024.04.10 15:30:00";"100.298";"106.39";"19594.18";"OOS1";"TrailingStop";"-5.32";"180.69";"2d 11h 30m";""
"24";"AUDJPY_DukasM1_the5ers";"Buy";"2024.04.15 17:00:00";"99.796";"0.19";"2024.04.16 04:15:00";"98.991";"-101.02";"19493.16";"OOS1";"SL";"-100.02";"3.73";"11h 15m";""
"25";"AUDJPY_DukasM1_the5ers";"Buy";"2024.04.17 12:00:00";"99.350";"0.18";"2024.04.19 04:04:00";"99.029";"-38.88";"19454.29";"OOS1";"TrailingStop";"-40.73";"27.54";"1d 16h 4m";""
"26";"AUDJPY_DukasM1_the5ers";"Buy";"2024.04.22 02:00:00";"99.305";"0.15";"2024.04.25 05:52:00";"101.165";"181.49";"19635.78";"OOS1";"PT";"-4.61";"182.44";"3d 3h 52m";""
"27";"AUDJPY_DukasM1_the5ers";"Buy";"2024.05.13 13:00:00";"103.034";"0.27";"2024.05.15 11:33:00";"103.521";"84.49";"19720.27";"OOS1";"TrailingStop";"-7.95";"176.91";"1d 22h 33m";""
"28";"AUDJPY_DukasM1_the5ers";"Buy";"2024.05.27 01:00:00";"103.988";"0.23";"2024.05.29 15:57:00";"104.208";"31.82";"19752.08";"OOS1";"TrailingStop";"-20.00";"131.15";"2d 14h 57m";""
"29";"AUDJPY_DukasM1_the5ers";"Buy";"2024.06.06 18:00:00";"103.763";"0.18";"2024.06.07 15:30:00";"103.335";"-51.33";"19700.76";"OOS1";"TrailingStop";"-50.38";"24.01";"21h 30m";""
"30";"AUDJPY_DukasM1_the5ers";"Buy";"2024.06.10 22:00:00";"103.791";"0.21";"2024.06.13 19:01:00";"104.038";"32.59";"19733.35";"OOS1";"TrailingStop";"-35.84";"122.90";"2d 21h 1m";""
"31";"AUDJPY_DukasM1_the5ers";"Buy";"2024.06.14 07:00:00";"104.654";"0.16";"2024.06.14 11:09:00";"104.116";"-57.09";"19676.26";"OOS1";"TrailingStop";"-56.29";"15.28";"4h 9m";""
"32";"AUDJPY_DukasM1_the5ers";"Buy";"2024.06.17 21:00:00";"104.309";"0.18";"2024.06.20 17:31:00";"105.897";"185.78";"19862.03";"OOS1";"PT";"-34.37";"186.92";"2d 20h 31m";""
"33";"AUDJPY_DukasM1_the5ers";"Buy";"2024.06.21 18:00:00";"105.925";"0.21";"2024.06.24 13:06:00";"105.811";"-16.76";"19845.27";"OOS1";"TrailingStop";"-22.93";"56.30";"2d 19h 6m";""
"34";"AUDJPY_DukasM1_the5ers";"Buy";"2024.06.28 17:00:00";"107.023";"0.22";"2024.07.03 17:03:00";"108.373";"192.94";"20038.21";"OOS1";"PT";"-10.93";"194.22";"5d 0h 3m";""
"35";"AUDJPY_DukasM1_the5ers";"Buy";"2024.07.05 01:00:00";"108.475";"0.3";"2024.07.05 06:22:00";"108.152";"-64.87";"19973.34";"OOS1";"TrailingStop";"-63.37";"24.72";"5h 22m";""
"36";"AUDJPY_DukasM1_the5ers";"Buy";"2024.07.08 10:00:00";"108.431";"0.23";"2024.07.11 15:42:00";"108.961";"78.25";"20051.60";"OOS1";"TrailingStop";"-35.34";"141.08";"3d 5h 42m";""
"37";"AUDJPY_DukasM1_the5ers";"Buy";"2024.07.26 10:00:00";"100.714";"0.11";"2024.07.26 17:19:00";"100.420";"-21.70";"20029.90";"OOS1";"TrailingStop";"-21.15";"56.03";"7h 19m";""
"38";"AUDJPY_DukasM1_the5ers";"Buy";"2024.07.30 08:00:00";"101.257";"0.13";"2024.07.30 16:50:00";"100.841";"-36.01";"19993.89";"OOS1";"TrailingStop";"-35.36";"44.04";"8h 50m";""
"39";"AUDJPY_DukasM1_the5ers";"Buy";"2024.08.12 13:00:00";"97.230";"0.12";"2024.08.13 03:32:00";"96.722";"-40.50";"19953.39";"OOS1";"TrailingStop";"-39.86";"48.73";"14h 32m";""
"40";"AUDJPY_DukasM1_the5ers";"Buy";"2024.08.13 23:00:00";"97.455";"0.12";"2024.08.14 05:35:00";"96.885";"-45.36";"19908.03";"OOS1";"TrailingStop";"-44.73";"21.74";"6h 35m";""
"41";"AUDJPY_DukasM1_the5ers";"Buy";"2024.08.14 11:00:00";"97.796";"0.11";"2024.08.16 14:34:00";"98.135";"23.72";"19931.75";"OOS1";"TrailingStop";"-87.32";"79.92";"2d 3h 34m";""
"42";"AUDJPY_DukasM1_the5ers";"Buy";"2024.08.27 06:00:00";"98.218";"0.16";"2024.08.28 01:20:00";"97.629";"-62.47";"19869.28";"OOS1";"TrailingStop";"-61.63";"20.40";"19h 20m";""
"43";"AUDJPY_DukasM1_the5ers";"Buy";"2024.09.10 00:04:00";"95.237";"0.12";"2024.09.10 17:13:00";"94.848";"-31.13";"19838.15";"OOS1";"TrailingStop";"-30.53";"37.12";"17h 9m";""
"44";"AUDJPY_DukasM1_the5ers";"Buy";"2024.09.16 17:00:00";"94.734";"0.14";"2024.09.18 07:53:00";"95.431";"63.03";"19901.19";"OOS1";"TrailingStop";"-20.32";"138.51";"1d 14h 53m";""
"45";"AUDJPY_DukasM1_the5ers";"Buy";"2024.09.23 18:00:00";"98.506";"0.11";"2024.09.27 09:22:00";"99.669";"82.93";"19984.12";"OOS1";"TrailingStop";"-40.28";"159.33";"3d 15h 22m";""
"46";"AUDJPY_DukasM1_the5ers";"Buy";"2024.09.30 17:00:00";"99.251";"0.1";"2024.10.01 13:35:00";"99.103";"-10.20";"19973.91";"OOS1";"TrailingStop";"-21.12";"55.52";"20h 35m";""
"47";"AUDJPY_DukasM1_the5ers";"Buy";"2024.10.10 07:00:00";"100.482";"0.16";"2024.10.10 15:29:00";"99.972";"-54.16";"19919.75";"OOS1";"TrailingStop";"-53.36";"29.61";"8h 29m";""
"48";"AUDJPY_DukasM1_the5ers";"Buy";"2024.10.22 06:00:00";"100.601";"0.19";"2024.10.23 21:06:00";"101.036";"53.05";"19972.80";"OOS1";"TrailingStop";"-3.48";"135.30";"1d 15h 6m";""
"49";"AUDJPY_DukasM1_the5ers";"Buy";"2024.11.06 11:00:00";"101.396";"0.12";"2024.11.08 06:03:00";"101.523";"9.24";"19982.04";"OOS1";"TrailingStop";"-27.86";"78.86";"1d 19h 3m";""
"50";"AUDJPY_DukasM1_the5ers";"Buy";"2024.11.11 18:00:00";"101.095";"0.16";"2024.11.12 07:35:00";"100.505";"-62.57";"19919.46";"OOS1";"TrailingStop";"-61.73";"17.47";"13h 35m";""
"51";"AUDJPY_DukasM1_the5ers";"Buy";"2024.11.13 09:00:00";"101.195";"0.2";"2024.11.15 11:52:00";"100.433";"-100.87";"19818.59";"OOS1";"SL";"-99.66";"2.88";"2d 2h 52m";""
"52";"AUDJPY_DukasM1_the5ers";"Buy";"2024.11.18 21:00:00";"100.661";"0.14";"2024.11.19 10:39:00";"99.990";"-62.17";"19756.42";"OOS1";"TrailingStop";"-61.43";"5.86";"13h 39m";""
"53";"AUDJPY_DukasM1_the5ers";"Buy";"2024.11.19 20:00:00";"100.906";"0.11";"2024.11.20 17:07:00";"100.733";"-13.02";"19743.40";"OOS1";"TrailingStop";"-12.44";"46.76";"21h 7m";""
"54";"AUDJPY_DukasM1_the5ers";"Buy";"2024.12.05 09:00:00";"96.451";"0.14";"2024.12.06 08:44:00";"96.281";"-16.30";"19727.10";"OOS1";"TrailingStop";"-15.56";"58.04";"23h 44m";""
"55";"AUDJPY_DukasM1_the5ers";"Buy";"2024.12.09 11:00:00";"96.828";"0.14";"2024.12.10 05:30:00";"96.891";"5.03";"19732.13";"OOS1";"TrailingStop";"-4.12";"88.80";"18h 30m";""
"56";"AUDJPY_DukasM1_the5ers";"Buy";"2024.12.23 10:00:00";"97.988";"0.17";"2024.12.27 06:59:00";"97.838";"-17.80";"19714.33";"OOS1";"TrailingStop";"-30.13";"50.47";"3d 20h 59m";""
"57";"AUDJPY_DukasM1_the5ers";"Buy";"2024.12.30 03:00:00";"98.369";"0.19";"2024.12.30 15:53:00";"97.986";"-48.54";"19665.79";"OOS1";"TrailingStop";"-47.59";"45.23";"12h 53m";""
"58";"AUDJPY_DukasM1_the5ers";"Buy";"2025.01.02 20:00:00";"97.736";"0.13";"2025.01.06 16:16:00";"98.138";"33.45";"19699.25";"OOS1";"TrailingStop";"-23.63";"99.63";"3d 20h 16m";""
"59";"AUDJPY_DukasM1_the5ers";"Buy";"2025.01.22 06:00:00";"97.693";"0.19";"2025.01.24 06:20:00";"97.985";"35.13";"19734.38";"OOS1";"TrailingStop";"-28.58";"118.90";"2d 0h 20m";""
"60";"AUDJPY_DukasM1_the5ers";"Buy";"2025.02.04 03:00:00";"96.474";"0.09";"2025.02.05 04:04:00";"95.734";"-44.03";"19690.35";"OOS1";"TrailingStop";"-53.14";"16.36";"1d 1h 4m";""
"61";"AUDJPY_DukasM1_the5ers";"Buy";"2025.02.10 19:00:00";"95.266";"0.16";"2025.02.12 18:38:00";"97.039";"184.62";"19874.97";"OOS1";"PT";"-20.40";"185.51";"1d 23h 38m";""
"62";"AUDJPY_DukasM1_the5ers";"Buy";"2025.02.19 13:00:00";"96.405";"0.2";"2025.02.20 01:42:00";"95.934";"-62.76";"19812.21";"OOS1";"TrailingStop";"-61.60";"13.08";"12h 42m";""
"63";"AUDJPY_DukasM1_the5ers";"Buy";"2025.02.25 00:00:00";"95.066";"0.15";"2025.02.25 17:00:00";"94.499";"-56.37";"19755.84";"OOS1";"TrailingStop";"-55.62";"24.13";"17h 0m";""
"64";"AUDJPY_DukasM1_the5ers";"Buy";"2025.03.03 02:00:00";"93.816";"0.12";"2025.03.03 22:04:00";"93.321";"-39.44";"19716.40";"OOS1";"TrailingStop";"-49.12";"33.43";"20h 4m";""
"65";"AUDJPY_DukasM1_the5ers";"Buy";"2025.04.07 20:00:00";"88.034";"0.04";"2025.04.08 20:11:00";"87.535";"-13.26";"19703.13";"OOS1";"TrailingStop";"-13.05";"43.19";"1d 0h 11m";""
"66";"AUDJPY_DukasM1_the5ers";"Buy";"2025.04.18 01:04:00";"90.848";"0.13";"2025.04.21 03:54:00";"90.165";"-58.75";"19644.39";"OOS1";"TrailingStop";"-58.06";"13.09";"3d 2h 50m";""
"67";"AUDJPY_DukasM1_the5ers";"Buy";"2025.04.22 08:00:00";"90.184";"0.16";"2025.04.25 06:40:00";"92.013";"190.35";"19834.74";"OOS1";"PT";"-57.13";"191.36";"2d 22h 40m";""
"68";"AUDJPY_DukasM1_the5ers";"Buy";"2025.04.28 17:00:00";"91.708";"0.15";"2025.04.29 16:04:00";"91.033";"-67.00";"19767.74";"OOS1";"TrailingStop";"-66.21";"7.75";"23h 4m";""
"69";"AUDJPY_DukasM1_the5ers";"Buy";"2025.05.12 01:00:00";"93.872";"0.16";"2025.05.14 12:15:00";"94.812";"97.46";"19865.20";"OOS1";"TrailingStop";"-37.14";"185.30";"2d 11h 15m";""
"70";"AUDJPY_DukasM1_the5ers";"Buy";"2025.05.19 17:00:00";"93.466";"0.18";"2025.05.20 07:31:00";"93.128";"-40.73";"19824.47";"OOS1";"TrailingStop";"-39.78";"44.61";"14h 31m";""
"71";"AUDJPY_DukasM1_the5ers";"Buy";"2025.05.23 09:00:00";"92.334";"0.2";"2025.05.23 14:45:00";"92.093";"-32.52";"19791.95";"OOS1";"TrailingStop";"-31.52";"46.69";"5h 45m";""
"72";"AUDJPY_DukasM1_the5ers";"Buy";"2025.05.26 02:00:00";"92.837";"0.14";"2025.05.27 02:59:00";"92.420";"-38.91";"19753.04";"OOS1";"TrailingStop";"-38.18";"32.77";"1d 0h 59m";""
"73";"AUDJPY_DukasM1_the5ers";"Buy";"2025.06.02 07:00:00";"92.605";"0.16";"2025.06.03 10:19:00";"92.187";"-44.58";"19708.46";"OOS1";"TrailingStop";"-43.73";"26.68";"1d 3h 19m";""
"74";"AUDJPY_DukasM1_the5ers";"Buy";"2025.06.11 03:00:00";"94.580";"0.21";"2025.06.12 00:04:00";"93.851";"-101.33";"19607.13";"OOS1";"SL";"-100.11";"18.81";"21h 4m";""
"75";"AUDJPY_DukasM1_the5ers";"Buy";"2025.06.16 01:00:00";"93.567";"0.13";"2025.06.17 20:54:00";"94.017";"37.57";"19644.70";"OOS1";"TrailingStop";"-12.84";"108.22";"1d 19h 54m";""
"76";"AUDJPY_DukasM1_the5ers";"Buy";"2025.06.20 08:00:00";"94.377";"0.19";"2025.06.23 01:00:00";"93.912";"-58.78";"19585.93";"OOS1";"TrailingStop";"-57.77";"21.74";"2d 17h 0m";""
"77";"AUDJPY_DukasM1_the5ers";"Buy";"2025.06.23 11:00:00";"94.614";"0.17";"2025.06.26 10:31:00";"94.135";"-54.33";"19531.60";"OOS1";"TrailingStop";"-83.71";"15.34";"2d 23h 31m";""
"78";"AUDJPY_DukasM1_the5ers";"Buy";"2025.06.26 23:00:00";"94.587";"0.22";"2025.06.27 20:55:00";"94.294";"-43.31";"19488.29";"OOS1";"TrailingStop";"-42.15";"37.98";"21h 55m";""
"79";"AUDJPY_DukasM1_the5ers";"Buy";"2025.07.02 13:00:00";"94.636";"0.22";"2025.07.04 07:27:00";"94.819";"24.99";"19513.28";"OOS1";"TrailingStop";"-74.67";"105.16";"1d 18h 27m";""
"80";"AUDJPY_DukasM1_the5ers";"Buy";"2025.07.15 10:00:00";"96.773";"0.22";"2025.07.16 16:57:00";"96.720";"-8.78";"19504.50";"OOS1";"TrailingStop";"-8.34";"94.81";"1d 6h 57m";""
"81";"AUDJPY_DukasM1_the5ers";"Buy";"2025.08.11 22:00:00";"96.528";"0.25";"2025.08.12 09:40:00";"96.293";"-39.74";"19464.76";"OOS1";"TrailingStop";"-48.23";"49.70";"11h 40m";""
"82";"AUDJPY_DukasM1_the5ers";"Buy";"2025.08.27 05:00:00";"95.919";"0.24";"2025.09.03 00:05:00";"96.431";"78.70";"19543.46";"OOS1";"TrailingStop";"-46.93";"149.25";"6d 19h 5m";""
"83";"AUDJPY_DukasM1_the5ers";"Buy";"2025.09.08 01:00:00";"97.016";"0.21";"2025.09.09 11:30:00";"96.932";"-12.64";"19530.82";"OOS1";"TrailingStop";"-11.54";"56.85";"1d 10h 30m";""
"84";"AUDJPY_DukasM1_the5ers";"Buy";"2025.09.15 20:00:00";"98.225";"0.3";"2025.09.16 07:30:00";"97.991";"-47.49";"19483.34";"OOS1";"TrailingStop";"-45.91";"32.17";"11h 30m";""
"85";"AUDJPY_DukasM1_the5ers";"Buy";"2025.09.22 11:00:00";"97.478";"0.24";"2025.09.23 21:17:00";"97.262";"-35.16";"19448.17";"OOS1";"TrailingStop";"-37.20";"37.98";"1d 10h 17m";""
"86";"AUDJPY_DukasM1_the5ers";"Buy";"2025.09.24 06:00:00";"97.870";"0.23";"2025.09.25 16:39:00";"97.769";"-16.53";"19431.65";"OOS1";"TrailingStop";"-15.19";"52.94";"1d 10h 39m";""
"87";"AUDJPY_DukasM1_the5ers";"Buy";"2025.10.14 01:00:00";"99.181";"0.15";"2025.10.14 07:05:00";"98.704";"-47.54";"19384.11";"OOS1";"TrailingStop";"-46.79";"29.82";"6h 5m";""
"88";"AUDJPY_DukasM1_the5ers";"Buy";"2025.10.23 05:00:00";"98.872";"0.17";"2025.10.28 05:55:00";"99.845";"107.18";"19491.29";"OOS1";"TrailingStop";"-12.12";"166.53";"5d 0h 55m";""
"89";"AUDJPY_DukasM1_the5ers";"Buy";"2025.11.03 08:00:00";"101.094";"0.22";"2025.11.03 16:50:00";"100.606";"-71.31";"19419.98";"OOS1";"TrailingStop";"-70.21";"6.62";"8h 50m";""
"90";"AUDJPY_DukasM1_the5ers";"Buy";"2025.11.24 16:00:00";"101.289";"0.15";"2025.11.25 16:10:00";"100.789";"-49.83";"19370.15";"OOS1";"TrailingStop";"-49.04";"21.58";"1d 0h 10m";""
"91";"AUDJPY_DukasM1_the5ers";"Buy";"2025.11.28 18:00:00";"102.340";"0.23";"2025.12.01 04:52:00";"101.693";"-98.52";"19271.63";"OOS1";"SL";"-97.31";"1.80";"2d 10h 52m";""
"92";"AUDJPY_DukasM1_the5ers";"Buy";"2025.12.17 16:00:00";"102.966";"0.2";"2025.12.22 09:24:00";"104.432";"190.46";"19462.09";"OOS1";"PT";"-53.36";"191.73";"4d 17h 24m";""
"93";"AUDJPY_DukasM1_the5ers";"Buy";"2025.12.23 16:00:00";"104.517";"0.21";"2025.12.29 10:05:00";"104.666";"19.07";"19481.16";"OOS1";"TrailingStop";"-28.84";"95.85";"5d 18h 5m";""
