"Ticket";"Symbol";"Type";"Open time";"Open price";"Size";"Close time";"Close price";"Profit/Loss";"Balance";"Sample type";"Close type";"MAE ($)";"MFE ($)";"Time in trade";"Comment"
"1";"GBPUSD_DukasM1_the5ers";"Buy";"2003.08.04 11:00:00";"1.61414";"0.22";"2003.08.04 16:22:00";"1.60974";"-97.90";"9902.10";"IS";"SL";"-96.80";"8.58";"5h 22m";""
"2";"GBPUSD_DukasM1_the5ers";"Buy";"2003.08.11 16:00:00";"1.60258";"0.22";"2003.08.11 19:03:00";"1.60769";"111.32";"10013.42";"IS";"PT";"-33.22";"112.42";"3h 3m";""
"3";"GBPUSD_DukasM1_the5ers";"Buy";"2003.08.13 12:00:00";"1.60250";"0.24";"2003.08.13 17:00:00";"1.60715";"110.40";"10123.82";"IS";"PT";"-37.68";"111.60";"5h 0m";""
"4";"GBPUSD_DukasM1_the5ers";"Buy";"2003.08.28 16:00:00";"1.57091";"0.2";"2003.08.28 17:02:00";"1.57663";"113.40";"10237.22";"IS";"PT";"-1.80";"114.40";"1h 2m";""
"5";"GBPUSD_DukasM1_the5ers";"Buy";"2003.09.02 18:00:00";"1.57123";"0.21";"2003.09.02 23:10:00";"1.56666";"-97.52";"10139.70";"IS";"SL";"-95.97";"73.71";"5h 10m";""
"6";"GBPUSD_DukasM1_the5ers";"Buy";"2003.09.03 17:00:00";"1.56958";"0.19";"2003.09.03 20:05:00";"1.57546";"110.77";"10250.47";"IS";"PT";"-31.92";"111.72";"3h 5m";""
"7";"GBPUSD_DukasM1_the5ers";"Buy";"2003.09.29 18:00:00";"1.66175";"0.17";"2003.09.30 04:31:00";"1.66842";"112.14";"10362.61";"IS";"PT";"-9.35";"113.39";"10h 31m";""
"8";"GBPUSD_DukasM1_the5ers";"Buy";"2003.10.01 18:00:00";"1.66603";"0.14";"2003.10.02 18:45:00";"1.67413";"111.71";"10474.32";"IS";"PT";"-51.38";"113.40";"1d 0h 45m";""
"9";"GBPUSD_DukasM1_the5ers";"Buy";"2003.10.20 10:00:00";"1.67890";"0.19";"2003.10.20 12:36:00";"1.67372";"-99.37";"10374.95";"IS";"SL";"-98.42";"9.31";"2h 36m";""
"10";"GBPUSD_DukasM1_the5ers";"Buy";"2003.10.27 13:00:00";"1.69673";"0.22";"2003.10.27 14:43:00";"1.69228";"-99.00";"10275.95";"IS";"SL";"-97.90";"0.44";"1h 43m";""
"11";"GBPUSD_DukasM1_the5ers";"Buy";"2003.10.28 18:00:00";"1.69393";"0.21";"2003.10.28 21:21:00";"1.69932";"112.14";"10388.09";"IS";"PT";"-22.89";"113.19";"3h 21m";""
"12";"GBPUSD_DukasM1_the5ers";"Buy";"2003.11.07 18:00:00";"1.66925";"0.17";"2003.11.07 23:58:00";"1.67603";"114.01";"10502.10";"IS";"PT";"-7.31";"115.26";"5h 58m";""
"13";"GBPUSD_DukasM1_the5ers";"Buy";"2003.11.12 05:00:00";"1.67055";"0.23";"2003.11.12 14:52:00";"1.67552";"113.16";"10615.26";"IS";"PT";"-47.15";"114.31";"9h 52m";""
"14";"GBPUSD_DukasM1_the5ers";"Buy";"2003.12.04 16:00:00";"1.72693";"0.23";"2003.12.04 16:36:00";"1.72268";"-98.90";"10516.36";"IS";"SL";"-97.75";"34.50";"36m 0s";""
"15";"GBPUSD_DukasM1_the5ers";"Buy";"2004.01.08 16:00:00";"1.83118";"0.15";"2004.01.09 13:25:00";"1.83855";"109.45";"10625.81";"IS";"PT";"-54.90";"110.55";"21h 25m";""
"16";"GBPUSD_DukasM1_the5ers";"Buy";"2004.01.27 16:00:00";"1.81581";"0.13";"2004.01.27 18:21:00";"1.82431";"109.85";"10735.66";"IS";"PT";"-28.73";"110.50";"2h 21m";""
"17";"GBPUSD_DukasM1_the5ers";"Buy";"2004.01.30 16:00:00";"1.82005";"0.12";"2004.01.30 17:14:00";"1.81232";"-93.36";"10642.30";"IS";"SL";"-92.76";"13.92";"1h 14m";""
"18";"GBPUSD_DukasM1_the5ers";"Buy";"2004.03.05 16:00:00";"1.84033";"0.13";"2004.03.05 16:08:00";"1.84900";"112.06";"10754.36";"IS";"PT";"-0.39";"112.71";"8m 0s";""
"19";"GBPUSD_DukasM1_the5ers";"Buy";"2004.03.11 15:00:00";"1.80597";"0.12";"2004.03.12 05:57:00";"1.79778";"-99.16";"10655.19";"IS";"SL";"-98.28";"105.36";"14h 57m";""
"20";"GBPUSD_DukasM1_the5ers";"Buy";"2004.03.29 12:00:00";"1.81615";"0.14";"2004.03.30 11:51:00";"1.82430";"113.07";"10768.26";"IS";"PT";"-35.00";"114.10";"23h 51m";""
"21";"GBPUSD_DukasM1_the5ers";"Buy";"2004.04.12 12:00:00";"1.83386";"0.24";"2004.04.12 20:59:00";"1.83857";"111.84";"10880.10";"IS";"PT";"-64.56";"113.04";"8h 59m";""
"22";"GBPUSD_DukasM1_the5ers";"Buy";"2004.04.29 17:00:00";"1.77486";"0.13";"2004.04.30 10:37:00";"1.76763";"-94.95";"10785.16";"IS";"SL";"-93.99";"79.43";"17h 37m";""
"23";"GBPUSD_DukasM1_the5ers";"Buy";"2004.05.07 13:00:00";"1.79531";"0.17";"2004.05.07 15:28:00";"1.80203";"113.39";"10898.55";"IS";"PT";"-22.44";"114.24";"2h 28m";""
"24";"GBPUSD_DukasM1_the5ers";"Buy";"2004.05.14 17:00:00";"1.76341";"0.13";"2004.05.17 15:55:00";"1.77227";"114.22";"11012.77";"IS";"PT";"-84.89";"115.18";"2d 22h 55m";""
"25";"GBPUSD_DukasM1_the5ers";"Buy";"2004.05.24 13:00:00";"1.78771";"0.17";"2004.05.25 08:52:00";"1.79438";"112.14";"11124.91";"IS";"PT";"-1.70";"113.39";"19h 52m";""
"26";"GBPUSD_DukasM1_the5ers";"Buy";"2004.06.03 14:00:00";"1.83598";"0.17";"2004.06.03 18:26:00";"1.84271";"113.56";"11238.47";"IS";"PT";"-42.16";"114.41";"4h 26m";""
"27";"GBPUSD_DukasM1_the5ers";"Buy";"2004.06.10 19:00:00";"1.83778";"0.13";"2004.06.11 08:41:00";"1.83060";"-94.30";"11144.17";"IS";"SL";"-93.34";"85.93";"13h 41m";""
"28";"GBPUSD_DukasM1_the5ers";"Buy";"2004.06.14 18:00:00";"1.81803";"0.14";"2004.06.14 21:22:00";"1.81135";"-94.22";"11049.95";"IS";"SL";"-93.52";"0.98";"3h 22m";""
"29";"GBPUSD_DukasM1_the5ers";"Buy";"2004.06.24 17:00:00";"1.82125";"0.15";"2004.06.24 19:54:00";"1.82850";"108.00";"11157.95";"IS";"PT";"-42.00";"108.75";"2h 54m";""
"30";"GBPUSD_DukasM1_the5ers";"Buy";"2004.06.28 11:00:00";"1.82673";"0.2";"2004.06.28 15:17:00";"1.83249";"114.20";"11272.15";"IS";"PT";"-33.80";"115.20";"4h 17m";""
"31";"GBPUSD_DukasM1_the5ers";"Buy";"2004.07.15 19:00:00";"1.85373";"0.2";"2004.07.16 03:11:00";"1.84873";"-101.47";"11170.68";"IS";"SL";"-100.00";"11.80";"8h 11m";""
"32";"GBPUSD_DukasM1_the5ers";"Buy";"2004.08.04 18:00:00";"1.82431";"0.18";"2004.08.05 15:56:00";"1.81893";"-99.01";"11071.67";"IS";"SL";"-96.84";"89.64";"21h 56m";""
"33";"GBPUSD_DukasM1_the5ers";"Buy";"2004.08.13 15:00:00";"1.82188";"0.21";"2004.08.13 15:30:00";"1.82729";"112.56";"11184.23";"IS";"PT";"-3.78";"113.61";"30m 0s";""
"34";"GBPUSD_DukasM1_the5ers";"Buy";"2004.08.16 16:00:00";"1.84324";"0.19";"2004.08.16 18:22:00";"1.83809";"-98.80";"11085.42";"IS";"SL";"-97.85";"13.87";"2h 22m";""
"35";"GBPUSD_DukasM1_the5ers";"Buy";"2004.09.13 14:00:00";"1.79993";"0.22";"2004.09.13 17:41:00";"1.79554";"-97.68";"10987.75";"IS";"SL";"-96.58";"23.98";"3h 41m";""
"36";"GBPUSD_DukasM1_the5ers";"Buy";"2004.09.14 05:00:00";"1.79881";"0.24";"2004.09.14 13:02:00";"1.79479";"-97.68";"10890.07";"IS";"SL";"-96.48";"59.04";"8h 2m";""
"37";"GBPUSD_DukasM1_the5ers";"Buy";"2004.10.18 15:00:00";"1.80505";"0.25";"2004.10.18 16:15:00";"1.80117";"-98.25";"10791.82";"IS";"SL";"-97.00";"43.25";"1h 15m";""
"38";"GBPUSD_DukasM1_the5ers";"Buy";"2004.10.19 12:00:00";"1.79976";"0.23";"2004.10.19 16:36:00";"1.80462";"110.63";"10902.45";"IS";"PT";"-30.36";"111.78";"4h 36m";""
"39";"GBPUSD_DukasM1_the5ers";"Buy";"2004.11.05 18:00:00";"1.84781";"0.17";"2004.11.05 18:19:00";"1.85462";"114.92";"11017.37";"IS";"PT";"-6.12";"115.77";"19m 0s";""
"40";"GBPUSD_DukasM1_the5ers";"Buy";"2004.11.08 18:00:00";"1.85749";"0.18";"2004.11.09 03:28:00";"1.85220";"-96.54";"10920.82";"IS";"SL";"-95.22";"38.52";"9h 28m";""
"41";"GBPUSD_DukasM1_the5ers";"Buy";"2004.11.29 18:00:00";"1.89356";"0.17";"2004.11.30 03:18:00";"1.88786";"-98.15";"10822.67";"IS";"SL";"-96.90";"46.58";"9h 18m";""
"42";"GBPUSD_DukasM1_the5ers";"Buy";"2004.12.27 18:00:00";"1.93355";"0.18";"2004.12.28 14:16:00";"1.93979";"111.00";"10933.66";"IS";"PT";"-46.08";"112.32";"20h 16m";""
"43";"GBPUSD_DukasM1_the5ers";"Buy";"2005.01.05 18:00:00";"1.88770";"0.14";"2005.01.06 08:49:00";"1.88067";"-100.11";"10833.55";"IS";"SL";"-98.42";"26.46";"14h 49m";""
"44";"GBPUSD_DukasM1_the5ers";"Buy";"2005.01.12 16:00:00";"1.88547";"0.17";"2005.01.12 17:30:00";"1.89202";"110.50";"10944.05";"IS";"PT";"-4.25";"111.35";"1h 30m";""
"45";"GBPUSD_DukasM1_the5ers";"Buy";"2005.01.18 12:00:00";"1.86383";"0.17";"2005.01.18 13:09:00";"1.87056";"113.56";"11057.61";"IS";"PT";"-12.58";"114.41";"1h 9m";""
"46";"GBPUSD_DukasM1_the5ers";"Buy";"2005.01.31 18:00:00";"1.88593";"0.19";"2005.01.31 19:22:00";"1.88089";"-96.71";"10960.90";"IS";"SL";"-95.76";"39.90";"1h 22m";""
"47";"GBPUSD_DukasM1_the5ers";"Buy";"2005.02.09 08:00:00";"1.85835";"0.21";"2005.02.09 12:00:00";"1.86380";"113.40";"11074.30";"IS";"PT";"-70.77";"114.45";"4h 0m";""
"48";"GBPUSD_DukasM1_the5ers";"Buy";"2005.02.24 14:00:00";"1.91128";"0.16";"2005.02.25 19:42:00";"1.91816";"108.90";"11183.21";"IS";"PT";"-85.28";"110.08";"1d 5h 42m";""
"49";"GBPUSD_DukasM1_the5ers";"Buy";"2005.03.01 12:00:00";"1.92136";"0.22";"2005.03.01 16:46:00";"1.91689";"-99.44";"11083.77";"IS";"SL";"-98.34";"26.62";"4h 46m";""
"50";"GBPUSD_DukasM1_the5ers";"Buy";"2005.03.28 15:00:00";"1.86454";"0.27";"2005.03.28 15:47:00";"1.86092";"-99.09";"10984.68";"IS";"SL";"-97.74";"18.09";"47m 0s";""
"51";"GBPUSD_DukasM1_the5ers";"Buy";"2005.04.08 13:00:00";"1.86987";"0.23";"2005.04.08 17:57:00";"1.87488";"114.08";"11098.76";"IS";"PT";"-46.00";"115.23";"4h 57m";""
"52";"GBPUSD_DukasM1_the5ers";"Buy";"2005.04.25 10:00:00";"1.91346";"0.21";"2005.04.25 12:00:00";"1.90886";"-97.65";"11001.11";"IS";"SL";"-96.60";"37.80";"2h 0m";""
"53";"GBPUSD_DukasM1_the5ers";"Buy";"2005.04.27 16:00:00";"1.90851";"0.24";"2005.04.27 18:56:00";"1.90445";"-98.64";"10902.47";"IS";"SL";"-97.44";"14.16";"2h 56m";""
"54";"GBPUSD_DukasM1_the5ers";"Buy";"2005.05.04 05:00:00";"1.89899";"0.21";"2005.05.05 08:49:00";"1.90432";"109.39";"11011.86";"IS";"PT";"-38.01";"111.93";"1d 3h 49m";""
"55";"GBPUSD_DukasM1_the5ers";"Buy";"2005.05.18 16:00:00";"1.83718";"0.21";"2005.05.18 16:38:00";"1.83262";"-96.81";"10915.05";"IS";"SL";"-95.76";"9.66";"38m 0s";""
"56";"GBPUSD_DukasM1_the5ers";"Buy";"2005.05.31 12:00:00";"1.81950";"0.22";"2005.05.31 17:22:00";"1.82460";"111.10";"11026.15";"IS";"PT";"-82.28";"112.20";"5h 22m";""
"57";"GBPUSD_DukasM1_the5ers";"Buy";"2005.06.01 04:00:00";"1.81953";"0.22";"2005.06.01 11:31:00";"1.81506";"-99.44";"10926.71";"IS";"SL";"-98.34";"61.82";"7h 31m";""
"58";"GBPUSD_DukasM1_the5ers";"Buy";"2005.06.21 18:00:00";"1.82606";"0.22";"2005.06.22 09:57:00";"1.83118";"111.02";"11037.73";"IS";"PT";"-60.72";"112.64";"15h 57m";""
"59";"GBPUSD_DukasM1_the5ers";"Buy";"2005.07.20 22:00:00";"1.74031";"0.13";"2005.07.21 11:30:00";"1.74880";"108.80";"11146.53";"IS";"PT";"-45.89";"110.37";"13h 30m";""
"60";"GBPUSD_DukasM1_the5ers";"Buy";"2005.07.25 12:00:00";"1.73793";"0.17";"2005.07.25 17:48:00";"1.74452";"111.18";"11257.71";"IS";"PT";"-13.26";"112.03";"5h 48m";""
"61";"GBPUSD_DukasM1_the5ers";"Buy";"2005.08.03 12:00:00";"1.77413";"0.24";"2005.08.03 12:18:00";"1.77895";"114.48";"11372.19";"IS";"PT";"-0.96";"115.68";"18m 0s";""
"62";"GBPUSD_DukasM1_the5ers";"Buy";"2005.08.15 09:00:00";"1.81423";"0.23";"2005.08.15 12:41:00";"1.80998";"-98.90";"11273.29";"IS";"SL";"-97.75";"17.25";"3h 41m";""
"63";"GBPUSD_DukasM1_the5ers";"Buy";"2005.08.19 13:00:00";"1.79588";"0.21";"2005.08.22 10:13:00";"1.80127";"111.64";"11384.93";"IS";"PT";"-94.50";"113.19";"2d 21h 13m";""
"64";"GBPUSD_DukasM1_the5ers";"Buy";"2005.08.24 16:00:00";"1.79834";"0.24";"2005.08.25 05:13:00";"1.80307";"110.62";"11495.55";"IS";"PT";"-71.04";"113.52";"13h 13m";""
"65";"GBPUSD_DukasM1_the5ers";"Buy";"2005.09.06 14:00:00";"1.84403";"0.2";"2005.09.07 03:17:00";"1.83909";"-100.27";"11395.28";"IS";"SL";"-98.80";"49.00";"13h 17m";""
"66";"GBPUSD_DukasM1_the5ers";"Buy";"2005.09.09 16:00:00";"1.83962";"0.19";"2005.09.12 05:51:00";"1.83450";"-98.68";"11296.60";"IS";"SL";"-97.28";"52.63";"2d 13h 51m";""
"67";"GBPUSD_DukasM1_the5ers";"Buy";"2005.10.11 12:00:00";"1.75423";"0.21";"2005.10.11 14:17:00";"1.74967";"-96.81";"11199.79";"IS";"SL";"-95.76";"0.84";"2h 17m";""
"68";"GBPUSD_DukasM1_the5ers";"Buy";"2005.10.12 12:00:00";"1.74644";"0.22";"2005.10.12 15:00:00";"1.75157";"111.76";"11311.55";"IS";"PT";"-46.64";"112.86";"3h 0m";""
"69";"GBPUSD_DukasM1_the5ers";"Buy";"2005.11.08 17:00:00";"1.73959";"0.19";"2005.11.09 00:17:00";"1.74544";"109.75";"11421.31";"IS";"PT";"-15.01";"111.15";"7h 17m";""
"70";"GBPUSD_DukasM1_the5ers";"Buy";"2005.11.18 17:00:00";"1.71991";"0.2";"2005.11.18 17:11:00";"1.71493";"-100.60";"11320.71";"IS";"SL";"-99.60";"12.00";"11m 0s";""
"71";"GBPUSD_DukasM1_the5ers";"Buy";"2005.11.22 22:00:00";"1.72130";"0.19";"2005.11.24 12:30:00";"1.72731";"111.45";"11432.15";"IS";"PT";"-73.15";"114.19";"1d 14h 30m";""
"72";"GBPUSD_DukasM1_the5ers";"Buy";"2005.11.28 18:00:00";"1.72008";"0.2";"2005.11.28 20:27:00";"1.72569";"111.20";"11543.35";"IS";"PT";"-13.40";"112.20";"2h 27m";""
"73";"GBPUSD_DukasM1_the5ers";"Buy";"2005.12.05 11:00:00";"1.73110";"0.24";"2005.12.05 13:49:00";"1.73588";"113.52";"11656.87";"IS";"PT";"-36.24";"114.72";"2h 49m";""
"74";"GBPUSD_DukasM1_the5ers";"Buy";"2006.01.03 04:00:00";"1.72426";"0.36";"2006.01.03 04:48:00";"1.72745";"113.04";"11769.91";"IS";"PT";"-7.20";"114.84";"48m 0s";""
"75";"GBPUSD_DukasM1_the5ers";"Buy";"2006.01.11 19:00:00";"1.76388";"0.19";"2006.01.12 11:45:00";"1.76985";"111.13";"11881.05";"IS";"PT";"-19.76";"113.43";"16h 45m";""
"76";"GBPUSD_DukasM1_the5ers";"Buy";"2006.01.27 16:00:00";"1.78598";"0.19";"2006.01.27 17:19:00";"1.78082";"-98.99";"11782.06";"IS";"SL";"-98.04";"16.15";"1h 19m";""
"77";"GBPUSD_DukasM1_the5ers";"Buy";"2006.03.20 10:00:00";"1.75800";"0.28";"2006.03.20 13:53:00";"1.75450";"-99.40";"11682.66";"IS";"SL";"-98.00";"13.72";"3h 53m";""
"78";"GBPUSD_DukasM1_the5ers";"Buy";"2006.03.24 17:00:00";"1.73709";"0.28";"2006.03.24 17:06:00";"1.74120";"113.68";"11796.34";"IS";"PT";"-0.84";"115.08";"6m 0s";""
"79";"GBPUSD_DukasM1_the5ers";"Buy";"2006.04.03 18:00:00";"1.73695";"0.2";"2006.04.04 10:31:00";"1.74262";"111.93";"11908.26";"IS";"PT";"-26.20";"113.40";"16h 31m";""
"80";"GBPUSD_DukasM1_the5ers";"Buy";"2006.05.09 16:00:00";"1.86006";"0.22";"2006.05.09 17:06:00";"1.86526";"113.30";"12021.56";"IS";"PT";"-10.78";"114.40";"1h 6m";""
"81";"GBPUSD_DukasM1_the5ers";"Buy";"2006.05.11 12:00:00";"1.85926";"0.16";"2006.05.11 13:25:00";"1.86631";"112.00";"12133.56";"IS";"PT";"-2.24";"112.80";"1h 25m";""
"82";"GBPUSD_DukasM1_the5ers";"Buy";"2006.05.22 14:00:00";"1.87646";"0.14";"2006.05.22 18:28:00";"1.88446";"111.30";"12244.87";"IS";"PT";"-42.00";"112.00";"4h 28m";""
"83";"GBPUSD_DukasM1_the5ers";"Buy";"2006.06.01 18:00:00";"1.86786";"0.16";"2006.06.02 10:12:00";"1.86163";"-100.86";"12144.01";"IS";"SL";"-99.68";"12.00";"16h 12m";""
"84";"GBPUSD_DukasM1_the5ers";"Buy";"2006.06.19 15:00:00";"1.84701";"0.22";"2006.06.19 15:35:00";"1.84246";"-101.20";"12042.81";"IS";"SL";"-100.10";"0.66";"35m 0s";""
"85";"GBPUSD_DukasM1_the5ers";"Buy";"2006.06.29 22:00:00";"1.82940";"0.18";"2006.06.30 08:50:00";"1.83582";"114.24";"12157.04";"IS";"PT";"-68.40";"115.56";"10h 50m";""
"86";"GBPUSD_DukasM1_the5ers";"Buy";"2006.08.03 15:00:00";"1.88463";"0.2";"2006.08.03 15:41:00";"1.89019";"110.20";"12267.24";"IS";"PT";"-3.60";"111.20";"41m 0s";""
"87";"GBPUSD_DukasM1_the5ers";"Buy";"2006.08.07 14:00:00";"1.90924";"0.21";"2006.08.08 00:59:00";"1.90465";"-97.94";"12169.31";"IS";"SL";"-96.39";"41.16";"10h 59m";""
"88";"GBPUSD_DukasM1_the5ers";"Buy";"2006.08.25 14:00:00";"1.88936";"0.24";"2006.08.25 15:23:00";"1.88531";"-98.40";"12070.91";"IS";"SL";"-97.20";"3.12";"1h 23m";""
"89";"GBPUSD_DukasM1_the5ers";"Buy";"2006.09.01 19:00:00";"1.90460";"0.21";"2006.09.05 10:27:00";"1.90000";"-98.64";"11972.27";"IS";"SL";"-96.60";"69.09";"3d 15h 27m";""
"90";"GBPUSD_DukasM1_the5ers";"Buy";"2006.11.02 12:00:00";"1.90838";"0.27";"2006.11.03 15:31:00";"1.90477";"-99.46";"11872.81";"IS";"SL";"-97.47";"74.25";"1d 3h 31m";""
"91";"GBPUSD_DukasM1_the5ers";"Buy";"2006.11.07 04:00:00";"1.90111";"0.35";"2006.11.07 06:39:00";"1.90439";"113.05";"11985.86";"IS";"PT";"-28.35";"114.80";"2h 39m";""
"92";"GBPUSD_DukasM1_the5ers";"Buy";"2006.11.17 17:00:00";"1.89116";"0.26";"2006.11.17 17:17:00";"1.89557";"113.36";"12099.22";"IS";"PT";"-2.60";"114.66";"17m 0s";""
"93";"GBPUSD_DukasM1_the5ers";"Buy";"2006.12.08 16:00:00";"1.96735";"0.22";"2006.12.08 18:48:00";"1.96284";"-100.32";"11998.90";"IS";"SL";"-99.22";"114.40";"2h 48m";""
"94";"GBPUSD_DukasM1_the5ers";"Buy";"2007.01.31 22:00:00";"1.96358";"0.19";"2007.02.01 16:20:00";"1.96965";"113.03";"12111.93";"IS";"PT";"-27.93";"115.33";"18h 20m";""
"95";"GBPUSD_DukasM1_the5ers";"Buy";"2007.03.14 17:00:00";"1.93311";"0.19";"2007.03.16 04:02:00";"1.93914";"111.83";"12223.76";"IS";"PT";"-43.51";"114.57";"1d 11h 2m";""
"96";"GBPUSD_DukasM1_the5ers";"Buy";"2007.03.30 19:00:00";"1.96828";"0.2";"2007.04.02 10:38:00";"1.97392";"111.33";"12335.09";"IS";"PT";"-39.60";"112.80";"2d 15h 38m";""
"97";"GBPUSD_DukasM1_the5ers";"Buy";"2007.04.04 18:00:00";"1.97733";"0.25";"2007.04.05 09:15:00";"1.97347";"-99.52";"12235.57";"IS";"SL";"-96.50";"1.75";"15h 15m";""
"98";"GBPUSD_DukasM1_the5ers";"Buy";"2007.04.10 05:00:00";"1.96683";"0.35";"2007.04.10 08:50:00";"1.97008";"112.00";"12347.57";"IS";"PT";"-16.80";"113.75";"3h 50m";""
"99";"GBPUSD_DukasM1_the5ers";"Buy";"2007.04.24 13:00:00";"1.99903";"0.29";"2007.04.24 17:00:00";"2.00296";"112.52";"12460.09";"IS";"PT";"-11.02";"113.97";"4h 0m";""
"100";"GBPUSD_DukasM1_the5ers";"Buy";"2007.04.27 12:00:00";"1.99418";"0.25";"2007.04.27 14:04:00";"1.99872";"112.25";"12572.34";"IS";"PT";"-17.00";"113.50";"2h 4m";""
"101";"GBPUSD_DukasM1_the5ers";"Buy";"2007.05.15 18:00:00";"1.98393";"0.25";"2007.05.16 18:12:00";"1.98001";"-99.84";"12472.50";"IS";"SL";"-98.00";"86.75";"1d 0h 12m";""
"102";"GBPUSD_DukasM1_the5ers";"Buy";"2007.07.06 18:00:00";"2.01313";"0.26";"2007.07.10 11:34:00";"2.01745";"109.79";"12582.29";"IS";"PT";"-89.18";"112.32";"3d 17h 34m";""
"103";"GBPUSD_DukasM1_the5ers";"Buy";"2007.07.13 12:00:00";"2.03133";"0.29";"2007.07.13 15:35:00";"2.03524";"111.94";"12694.23";"IS";"PT";"-12.47";"113.39";"3h 35m";""
"104";"GBPUSD_DukasM1_the5ers";"Buy";"2007.07.26 20:00:00";"2.05343";"0.19";"2007.07.26 21:56:00";"2.04826";"-99.18";"12595.05";"IS";"SL";"-98.23";"3.23";"1h 56m";""
"105";"GBPUSD_DukasM1_the5ers";"Buy";"2007.08.01 16:00:00";"2.03203";"0.17";"2007.08.03 15:33:00";"2.03857";"108.73";"12703.78";"IS";"PT";"-87.21";"111.18";"1d 23h 33m";""
"106";"GBPUSD_DukasM1_the5ers";"Buy";"2007.08.08 12:00:00";"2.02368";"0.21";"2007.08.08 13:35:00";"2.02901";"110.88";"12814.66";"IS";"PT";"-39.48";"111.93";"1h 35m";""
"107";"GBPUSD_DukasM1_the5ers";"Buy";"2007.08.15 21:00:00";"1.99433";"0.16";"2007.08.16 00:04:00";"1.98808";"-101.93";"12712.72";"IS";"SL";"-100.00";"5.92";"3h 4m";""
"108";"GBPUSD_DukasM1_the5ers";"Buy";"2007.08.17 16:00:00";"1.98713";"0.11";"2007.08.20 01:59:00";"1.97844";"-96.40";"12616.32";"IS";"SL";"-95.59";"70.07";"2d 9h 59m";""
"109";"GBPUSD_DukasM1_the5ers";"Buy";"2007.08.28 14:00:00";"2.01103";"0.22";"2007.08.28 18:48:00";"2.00650";"-100.76";"12515.56";"IS";"SL";"-99.66";"67.54";"4h 48m";""
"110";"GBPUSD_DukasM1_the5ers";"Buy";"2007.09.11 12:00:00";"2.02873";"0.26";"2007.09.11 15:24:00";"2.03313";"113.10";"12628.66";"IS";"PT";"-18.98";"114.40";"3h 24m";""
"111";"GBPUSD_DukasM1_the5ers";"Buy";"2007.09.13 20:00:00";"2.03113";"0.22";"2007.09.13 23:26:00";"2.02659";"-101.50";"12527.16";"IS";"SL";"-99.88";"76.34";"3h 26m";""
"112";"GBPUSD_DukasM1_the5ers";"Buy";"2007.09.25 15:00:00";"2.01543";"0.19";"2007.09.26 01:23:00";"2.02125";"109.18";"12636.35";"IS";"PT";"-12.92";"110.58";"10h 23m";""
"113";"GBPUSD_DukasM1_the5ers";"Buy";"2007.10.04 12:00:00";"2.03443";"0.22";"2007.10.04 16:14:00";"2.03952";"110.88";"12747.23";"IS";"PT";"-91.96";"111.98";"4h 14m";""
"114";"GBPUSD_DukasM1_the5ers";"Buy";"2007.10.09 22:00:00";"2.03798";"0.22";"2007.10.10 09:49:00";"2.04322";"113.66";"12860.89";"IS";"PT";"-33.66";"115.28";"11h 49m";""
"115";"GBPUSD_DukasM1_the5ers";"Buy";"2007.10.12 15:00:00";"2.03378";"0.18";"2007.10.15 12:08:00";"2.03988";"108.48";"12969.36";"IS";"PT";"-46.44";"109.80";"2d 21h 8m";""
"116";"GBPUSD_DukasM1_the5ers";"Buy";"2007.11.28 17:00:00";"2.07038";"0.16";"2007.11.28 21:17:00";"2.07727";"109.44";"13078.80";"IS";"PT";"-45.28";"110.24";"4h 17m";""
"117";"GBPUSD_DukasM1_the5ers";"Buy";"2007.12.03 13:00:00";"2.06448";"0.15";"2007.12.04 18:37:00";"2.05818";"-95.60";"12983.20";"IS";"SL";"-94.50";"50.55";"1d 5h 37m";""
"118";"GBPUSD_DukasM1_the5ers";"Buy";"2008.01.04 12:00:00";"1.97663";"0.17";"2008.01.04 15:33:00";"1.98315";"109.99";"13093.19";"IS";"PT";"-54.06";"110.84";"3h 33m";""
"119";"GBPUSD_DukasM1_the5ers";"Buy";"2008.01.07 14:00:00";"1.97343";"0.17";"2008.01.08 01:14:00";"1.96760";"-100.36";"12992.83";"IS";"SL";"-99.11";"36.89";"11h 14m";""
"120";"GBPUSD_DukasM1_the5ers";"Buy";"2008.01.10 12:00:00";"1.96148";"0.19";"2008.01.10 14:52:00";"1.95641";"-97.28";"12895.55";"IS";"SL";"-96.33";"102.03";"2h 52m";""
"121";"GBPUSD_DukasM1_the5ers";"Buy";"2008.01.28 13:00:00";"1.98263";"0.15";"2008.01.29 13:40:00";"1.99013";"111.40";"13006.94";"IS";"PT";"-22.95";"112.50";"1d 0h 40m";""
"122";"GBPUSD_DukasM1_the5ers";"Buy";"2008.02.11 13:00:00";"1.95143";"0.17";"2008.02.11 15:50:00";"1.94577";"-97.07";"12909.87";"IS";"SL";"-96.22";"7.14";"2h 50m";""
"123";"GBPUSD_DukasM1_the5ers";"Buy";"2008.02.25 16:00:00";"1.96833";"0.23";"2008.02.26 14:28:00";"1.97327";"111.93";"13021.80";"IS";"PT";"-96.14";"113.62";"22h 28m";""
"124";"GBPUSD_DukasM1_the5ers";"Buy";"2008.02.28 15:00:00";"1.98538";"0.17";"2008.02.28 19:59:00";"1.99209";"113.22";"13135.02";"IS";"PT";"-26.01";"114.07";"4h 59m";""
"125";"GBPUSD_DukasM1_the5ers";"Buy";"2008.03.03 17:00:00";"1.99113";"0.16";"2008.03.03 17:34:00";"1.98495";"-99.68";"13035.34";"IS";"SL";"-98.88";"40.32";"34m 0s";""
"126";"GBPUSD_DukasM1_the5ers";"Buy";"2008.03.05 18:00:00";"1.98968";"0.16";"2008.03.05 19:23:00";"1.99654";"108.96";"13144.30";"IS";"PT";"-8.48";"109.76";"1h 23m";""
"127";"GBPUSD_DukasM1_the5ers";"Buy";"2008.03.14 16:00:00";"2.03733";"0.14";"2008.03.14 17:44:00";"2.03028";"-99.40";"13044.90";"IS";"SL";"-98.70";"34.58";"1h 44m";""
"128";"GBPUSD_DukasM1_the5ers";"Buy";"2008.04.01 15:00:00";"1.98538";"0.15";"2008.04.01 17:12:00";"1.97881";"-99.30";"12945.60";"IS";"SL";"-98.55";"29.55";"2h 12m";""
"129";"GBPUSD_DukasM1_the5ers";"Buy";"2008.04.08 06:00:00";"1.99178";"0.2";"2008.04.08 07:57:00";"1.98694";"-97.80";"12847.80";"IS";"SL";"-96.80";"6.40";"1h 57m";""
"130";"GBPUSD_DukasM1_the5ers";"Buy";"2008.04.22 13:00:00";"1.98403";"0.16";"2008.04.22 14:30:00";"1.99093";"109.60";"12957.40";"IS";"PT";"-14.08";"110.40";"1h 30m";""
"131";"GBPUSD_DukasM1_the5ers";"Buy";"2008.04.25 12:00:00";"1.97583";"0.16";"2008.04.25 12:45:00";"1.98267";"108.64";"13066.04";"IS";"PT";"-22.88";"109.44";"45m 0s";""
"132";"GBPUSD_DukasM1_the5ers";"Buy";"2008.04.28 13:00:00";"1.98958";"0.16";"2008.04.28 18:04:00";"1.99648";"109.60";"13175.64";"IS";"PT";"-41.28";"110.40";"5h 4m";""
"133";"GBPUSD_DukasM1_the5ers";"Buy";"2008.04.30 13:00:00";"1.96913";"0.18";"2008.04.30 17:11:00";"1.97537";"111.42";"13287.06";"IS";"PT";"-70.74";"112.32";"4h 11m";""
"134";"GBPUSD_DukasM1_the5ers";"Buy";"2008.05.12 12:00:00";"1.95713";"0.17";"2008.05.13 09:15:00";"1.95142";"-98.32";"13188.74";"IS";"SL";"-97.07";"104.89";"21h 15m";""
"135";"GBPUSD_DukasM1_the5ers";"Buy";"2008.06.05 17:00:00";"1.95473";"0.19";"2008.06.06 15:30:00";"1.96067";"111.46";"13300.20";"IS";"PT";"-26.22";"112.86";"22h 30m";""
"136";"GBPUSD_DukasM1_the5ers";"Buy";"2008.06.13 19:00:00";"1.94948";"0.17";"2008.06.16 11:46:00";"1.95597";"109.08";"13409.28";"IS";"PT";"-64.26";"110.33";"2d 16h 46m";""
"137";"GBPUSD_DukasM1_the5ers";"Buy";"2008.07.14 16:00:00";"1.98973";"0.17";"2008.07.15 03:02:00";"1.99628";"110.10";"13519.38";"IS";"PT";"-26.01";"111.35";"11h 2m";""
"138";"GBPUSD_DukasM1_the5ers";"Buy";"2008.07.21 13:00:00";"1.99633";"0.21";"2008.07.21 23:21:00";"2.00175";"112.27";"13631.65";"IS";"PT";"-60.48";"113.82";"10h 21m";""
"139";"GBPUSD_DukasM1_the5ers";"Buy";"2008.08.15 16:00:00";"1.86623";"0.13";"2008.08.15 16:54:00";"1.85898";"-94.90";"13536.75";"IS";"SL";"-94.25";"17.81";"54m 0s";""
"140";"GBPUSD_DukasM1_the5ers";"Buy";"2008.08.19 20:00:00";"1.86643";"0.15";"2008.08.20 11:15:00";"1.85987";"-99.50";"13437.25";"IS";"SL";"-98.40";"29.55";"15h 15m";""
"141";"GBPUSD_DukasM1_the5ers";"Buy";"2008.08.25 12:00:00";"1.84728";"0.17";"2008.08.25 15:12:00";"1.85371";"108.46";"13545.71";"IS";"PT";"-7.31";"109.31";"3h 12m";""
"142";"GBPUSD_DukasM1_the5ers";"Buy";"2008.09.11 15:00:00";"1.75568";"0.11";"2008.09.11 18:16:00";"1.74728";"-92.95";"13452.76";"IS";"SL";"-92.40";"35.97";"3h 16m";""
"143";"GBPUSD_DukasM1_the5ers";"Buy";"2008.09.19 16:00:00";"1.81433";"0.08";"2008.09.19 16:38:00";"1.82831";"111.44";"13564.20";"IS";"PT";"-19.44";"111.84";"38m 0s";""
"144";"GBPUSD_DukasM1_the5ers";"Buy";"2008.10.10 15:00:00";"1.70673";"0.06";"2008.10.10 20:04:00";"1.69190";"-89.28";"13474.92";"IS";"SL";"-88.98";"67.02";"5h 4m";""
"145";"GBPUSD_DukasM1_the5ers";"Buy";"2008.11.04 12:00:00";"1.58083";"0.06";"2008.11.04 17:33:00";"1.59876";"107.28";"13582.20";"IS";"PT";"-2.88";"107.58";"5h 33m";""
"146";"GBPUSD_DukasM1_the5ers";"Buy";"2008.11.10 11:00:00";"1.57688";"0.07";"2008.11.10 18:45:00";"1.56282";"-98.77";"13483.43";"IS";"SL";"-98.42";"44.94";"7h 45m";""
"147";"GBPUSD_DukasM1_the5ers";"Buy";"2008.12.02 15:00:00";"1.49898";"0.08";"2008.12.02 21:08:00";"1.48687";"-97.28";"13386.15";"IS";"SL";"-96.88";"62.56";"6h 8m";""
"148";"GBPUSD_DukasM1_the5ers";"Buy";"2008.12.04 19:00:00";"1.47888";"0.07";"2008.12.04 22:55:00";"1.46522";"-95.97";"13290.18";"IS";"SL";"-95.62";"13.79";"3h 55m";""
"149";"GBPUSD_DukasM1_the5ers";"Buy";"2009.01.29 13:00:00";"1.42513";"0.08";"2009.01.29 16:03:00";"1.43830";"104.96";"13395.14";"IS";"PT";"-3.44";"105.36";"3h 3m";""
"150";"GBPUSD_DukasM1_the5ers";"Buy";"2009.02.09 12:00:00";"1.48283";"0.09";"2009.02.09 15:18:00";"1.49530";"111.78";"13506.92";"IS";"PT";"-1.62";"112.23";"3h 18m";""
"151";"GBPUSD_DukasM1_the5ers";"Buy";"2009.02.17 12:00:00";"1.42483";"0.1";"2009.02.18 10:37:00";"1.41569";"-92.14";"13414.78";"IS";"SL";"-91.40";"62.70";"22h 37m";""
"152";"GBPUSD_DukasM1_the5ers";"Buy";"2009.02.20 12:00:00";"1.42738";"0.12";"2009.02.20 14:06:00";"1.43657";"109.68";"13524.46";"IS";"PT";"-35.76";"110.28";"2h 6m";""
"153";"GBPUSD_DukasM1_the5ers";"Buy";"2009.02.26 12:00:00";"1.42723";"0.1";"2009.02.26 16:13:00";"1.43822";"109.40";"13633.86";"IS";"PT";"-40.30";"109.90";"4h 13m";""
"154";"GBPUSD_DukasM1_the5ers";"Buy";"2009.03.31 00:00:00";"1.42658";"0.11";"2009.03.31 22:28:00";"1.43687";"112.64";"13746.50";"IS";"PT";"-29.48";"113.19";"22h 28m";""
"155";"GBPUSD_DukasM1_the5ers";"Buy";"2009.04.27 18:00:00";"1.46628";"0.12";"2009.04.28 06:08:00";"1.45819";"-97.96";"13648.54";"IS";"SL";"-97.08";"37.44";"12h 8m";""
"156";"GBPUSD_DukasM1_the5ers";"Buy";"2009.05.04 19:00:00";"1.49813";"0.14";"2009.05.05 10:09:00";"1.50629";"113.21";"13761.75";"IS";"PT";"-41.02";"114.24";"15h 9m";""
"157";"GBPUSD_DukasM1_the5ers";"Buy";"2009.05.18 12:00:00";"1.52373";"0.14";"2009.05.18 19:40:00";"1.53182";"112.56";"13874.31";"IS";"PT";"-20.72";"113.26";"7h 40m";""
"158";"GBPUSD_DukasM1_the5ers";"Buy";"2009.05.25 09:00:00";"1.59063";"0.13";"2009.05.26 11:06:00";"1.58311";"-98.72";"13775.59";"IS";"SL";"-97.76";"52.91";"1d 2h 6m";""
"159";"GBPUSD_DukasM1_the5ers";"Buy";"2009.05.28 14:00:00";"1.59613";"0.13";"2009.05.28 16:08:00";"1.58864";"-98.02";"13677.57";"IS";"SL";"-97.37";"15.21";"2h 8m";""
"160";"GBPUSD_DukasM1_the5ers";"Buy";"2009.06.08 18:00:00";"1.59848";"0.1";"2009.06.08 22:35:00";"1.60954";"110.10";"13787.67";"IS";"PT";"-36.80";"110.60";"4h 35m";""
"161";"GBPUSD_DukasM1_the5ers";"Buy";"2009.06.15 12:00:00";"1.63930";"0.12";"2009.06.15 18:03:00";"1.63106";"-99.48";"13688.19";"IS";"SL";"-98.88";"41.16";"6h 3m";""
"162";"GBPUSD_DukasM1_the5ers";"Buy";"2009.06.23 16:00:00";"1.63463";"0.11";"2009.06.23 19:56:00";"1.64493";"112.75";"13800.94";"IS";"PT";"-83.93";"113.30";"3h 56m";""
"163";"GBPUSD_DukasM1_the5ers";"Buy";"2009.06.29 11:00:00";"1.65198";"0.14";"2009.06.30 03:13:00";"1.66010";"112.65";"13913.59";"IS";"PT";"-71.82";"113.68";"16h 13m";""
"164";"GBPUSD_DukasM1_the5ers";"Buy";"2009.07.01 16:00:00";"1.64883";"0.13";"2009.07.02 09:07:00";"1.64152";"-96.60";"13816.99";"IS";"SL";"-95.03";"73.06";"17h 7m";""
"165";"GBPUSD_DukasM1_the5ers";"Buy";"2009.07.13 19:00:00";"1.61773";"0.12";"2009.07.14 02:12:00";"1.62700";"110.36";"13927.35";"IS";"PT";"-27.36";"111.24";"7h 12m";""
"166";"GBPUSD_DukasM1_the5ers";"Buy";"2009.07.22 15:00:00";"1.64253";"0.15";"2009.07.22 16:30:00";"1.63617";"-96.15";"13831.20";"IS";"SL";"-95.40";"4.05";"1h 30m";""
"167";"GBPUSD_DukasM1_the5ers";"Buy";"2009.08.31 18:00:00";"1.62983";"0.15";"2009.09.01 10:41:00";"1.63723";"109.90";"13941.09";"IS";"PT";"-65.70";"111.00";"16h 41m";""
"168";"GBPUSD_DukasM1_the5ers";"Buy";"2009.10.13 13:00:00";"1.58063";"0.16";"2009.10.13 17:40:00";"1.58784";"114.56";"14055.65";"IS";"PT";"-49.28";"115.36";"4h 40m";""
"169";"GBPUSD_DukasM1_the5ers";"Buy";"2009.10.28 16:00:00";"1.63918";"0.14";"2009.10.29 13:03:00";"1.64733";"112.41";"14168.06";"IS";"PT";"-76.02";"114.10";"21h 3m";""
"170";"GBPUSD_DukasM1_the5ers";"Buy";"2009.11.27 18:00:00";"1.64918";"0.11";"2009.11.30 06:06:00";"1.65909";"108.20";"14276.26";"IS";"PT";"-35.53";"109.01";"2d 12h 6m";""
"171";"GBPUSD_DukasM1_the5ers";"Buy";"2009.12.30 17:00:00";"1.59303";"0.2";"2009.12.30 17:35:00";"1.59868";"112.00";"14388.26";"IS";"PT";"-28.60";"113.00";"35m 0s";""
"172";"GBPUSD_DukasM1_the5ers";"Buy";"2010.01.04 12:00:00";"1.62048";"0.2";"2010.01.04 14:25:00";"1.61566";"-97.40";"14290.86";"IS";"SL";"-96.40";"73.40";"2h 25m";""
"173";"GBPUSD_DukasM1_the5ers";"Buy";"2010.03.16 12:00:00";"1.50963";"0.19";"2010.03.16 15:38:00";"1.51557";"111.91";"14402.77";"IS";"PT";"-30.97";"112.86";"3h 38m";""
"174";"GBPUSD_DukasM1_the5ers";"Buy";"2010.04.05 17:00:00";"1.53058";"0.24";"2010.04.05 18:37:00";"1.52654";"-98.16";"14304.61";"IS";"SL";"-96.96";"31.68";"1h 37m";""
"175";"GBPUSD_DukasM1_the5ers";"Buy";"2010.04.06 22:00:00";"1.52753";"0.18";"2010.04.07 12:37:00";"1.52222";"-96.90";"14207.71";"IS";"SL";"-95.58";"19.26";"14h 37m";""
"176";"GBPUSD_DukasM1_the5ers";"Buy";"2010.04.16 12:00:00";"1.54633";"0.19";"2010.04.16 17:42:00";"1.54110";"-100.32";"14107.39";"IS";"SL";"-99.37";"19.38";"5h 42m";""
"177";"GBPUSD_DukasM1_the5ers";"Buy";"2010.04.19 16:00:00";"1.52723";"0.16";"2010.04.20 02:09:00";"1.53421";"110.50";"14217.89";"IS";"PT";"-41.28";"111.68";"10h 9m";""
"178";"GBPUSD_DukasM1_the5ers";"Buy";"2010.05.03 17:00:00";"1.52708";"0.17";"2010.05.04 08:49:00";"1.52130";"-99.51";"14118.38";"IS";"SL";"-98.26";"9.69";"15h 49m";""
"179";"GBPUSD_DukasM1_the5ers";"Buy";"2010.05.11 19:00:00";"1.49488";"0.09";"2010.05.12 16:34:00";"1.48376";"-100.74";"14017.64";"IS";"SL";"-100.08";"86.13";"21h 34m";""
"180";"GBPUSD_DukasM1_the5ers";"Buy";"2010.05.17 15:00:00";"1.44628";"0.09";"2010.05.18 21:22:00";"1.43607";"-92.55";"13925.08";"IS";"SL";"-91.89";"50.13";"1d 6h 22m";""
"181";"GBPUSD_DukasM1_the5ers";"Buy";"2010.05.25 23:00:00";"1.43988";"0.13";"2010.05.27 09:01:00";"1.44821";"106.41";"14031.50";"IS";"PT";"-90.09";"108.29";"1d 10h 1m";""
"182";"GBPUSD_DukasM1_the5ers";"Buy";"2010.06.17 12:00:00";"1.47353";"0.16";"2010.06.17 12:46:00";"1.48068";"113.60";"14145.10";"IS";"PT";"-15.68";"114.40";"46m 0s";""
"183";"GBPUSD_DukasM1_the5ers";"Buy";"2010.06.22 16:00:00";"1.47928";"0.15";"2010.06.23 10:19:00";"1.48668";"109.90";"14254.99";"IS";"PT";"-19.95";"111.00";"18h 19m";""
"184";"GBPUSD_DukasM1_the5ers";"Buy";"2010.07.01 14:00:00";"1.49728";"0.16";"2010.07.01 15:46:00";"1.50415";"109.12";"14364.11";"IS";"PT";"-32.48";"109.92";"1h 46m";""
"185";"GBPUSD_DukasM1_the5ers";"Buy";"2010.07.07 17:00:00";"1.51683";"0.2";"2010.07.08 04:33:00";"1.52248";"110.58";"14474.70";"IS";"PT";"-4.60";"113.00";"11h 33m";""
"186";"GBPUSD_DukasM1_the5ers";"Buy";"2010.07.12 15:00:00";"1.50398";"0.19";"2010.07.13 09:06:00";"1.49882";"-99.44";"14375.26";"IS";"SL";"-98.04";"86.83";"18h 6m";""
"187";"GBPUSD_DukasM1_the5ers";"Buy";"2010.07.30 18:00:00";"1.56598";"0.19";"2010.08.02 00:11:00";"1.57207";"114.31";"14489.57";"IS";"PT";"-11.02";"115.71";"2d 6h 11m";""
"188";"GBPUSD_DukasM1_the5ers";"Buy";"2010.08.05 14:00:00";"1.59148";"0.19";"2010.08.05 16:21:00";"1.58637";"-98.04";"14391.53";"IS";"SL";"-97.09";"16.53";"2h 21m";""
"189";"GBPUSD_DukasM1_the5ers";"Buy";"2010.08.10 22:00:00";"1.58748";"0.16";"2010.08.11 02:55:00";"1.58133";"-99.58";"14291.95";"IS";"SL";"-98.40";"20.32";"4h 55m";""
"190";"GBPUSD_DukasM1_the5ers";"Buy";"2010.08.18 12:00:00";"1.56153";"0.18";"2010.08.18 15:24:00";"1.56785";"112.86";"14404.81";"IS";"PT";"-0.54";"113.76";"3h 24m";""
"191";"GBPUSD_DukasM1_the5ers";"Buy";"2010.08.24 19:00:00";"1.54693";"0.17";"2010.08.24 23:38:00";"1.54111";"-100.19";"14304.62";"IS";"SL";"-98.94";"11.39";"4h 38m";""
"192";"GBPUSD_DukasM1_the5ers";"Buy";"2010.09.27 13:00:00";"1.58458";"0.21";"2010.09.28 08:01:00";"1.57991";"-99.62";"14205.01";"IS";"SL";"-98.07";"43.47";"19h 1m";""
"193";"GBPUSD_DukasM1_the5ers";"Buy";"2010.09.28 12:00:00";"1.58818";"0.2";"2010.09.28 13:30:00";"1.58317";"-101.20";"14103.81";"IS";"SL";"-100.20";"26.40";"1h 30m";""
"194";"GBPUSD_DukasM1_the5ers";"Buy";"2010.10.04 13:00:00";"1.58268";"0.19";"2010.10.05 07:08:00";"1.57758";"-98.30";"14005.51";"IS";"SL";"-96.90";"82.08";"18h 8m";""
"195";"GBPUSD_DukasM1_the5ers";"Buy";"2010.11.12 15:00:00";"1.61021";"0.14";"2010.11.12 18:47:00";"1.61803";"108.78";"14114.29";"IS";"PT";"-15.54";"109.48";"3h 47m";""
"196";"GBPUSD_DukasM1_the5ers";"Buy";"2010.11.30 18:00:00";"1.55737";"0.19";"2010.12.01 11:46:00";"1.56327";"110.70";"14224.99";"IS";"PT";"-50.54";"112.10";"17h 46m";""
"197";"GBPUSD_DukasM1_the5ers";"Buy";"2010.12.08 13:00:00";"1.57694";"0.19";"2010.12.08 16:45:00";"1.58286";"111.53";"14336.52";"IS";"PT";"-9.50";"112.48";"3h 45m";""
"198";"GBPUSD_DukasM1_the5ers";"Buy";"2010.12.13 18:00:00";"1.58558";"0.19";"2010.12.14 15:45:00";"1.58055";"-96.97";"14239.55";"IS";"SL";"-95.57";"103.55";"21h 45m";""
"199";"GBPUSD_DukasM1_the5ers";"Buy";"2011.01.07 16:00:00";"1.55241";"0.19";"2011.01.10 19:00:00";"1.55846";"113.55";"14353.10";"IS";"PT";"-94.24";"114.95";"3d 3h 0m";""
"200";"GBPUSD_DukasM1_the5ers";"Buy";"2011.01.17 13:00:00";"1.58927";"0.23";"2011.01.17 14:22:00";"1.59412";"110.40";"14463.50";"IS";"PT";"-11.73";"111.55";"1h 22m";""
"201";"GBPUSD_DukasM1_the5ers";"Buy";"2011.01.20 12:00:00";"1.59935";"0.2";"2011.01.20 16:21:00";"1.59436";"-100.80";"14362.70";"IS";"SL";"-99.80";"20.40";"4h 21m";""
"202";"GBPUSD_DukasM1_the5ers";"Buy";"2011.01.24 18:00:00";"1.60024";"0.19";"2011.01.25 09:16:00";"1.59521";"-96.97";"14265.73";"IS";"SL";"-95.57";"25.65";"15h 16m";""
"203";"GBPUSD_DukasM1_the5ers";"Buy";"2011.01.28 14:00:00";"1.59239";"0.18";"2011.01.28 17:13:00";"1.58711";"-95.94";"14169.79";"IS";"SL";"-95.04";"75.96";"3h 13m";""
"204";"GBPUSD_DukasM1_the5ers";"Buy";"2011.02.10 19:00:00";"1.61296";"0.17";"2011.02.11 03:27:00";"1.60734";"-96.79";"14073.00";"IS";"SL";"-95.54";"3.40";"8h 27m";""
"205";"GBPUSD_DukasM1_the5ers";"Buy";"2011.02.22 18:00:00";"1.61791";"0.23";"2011.02.22 18:31:00";"1.61372";"-97.52";"13975.48";"IS";"SL";"-96.37";"3.22";"31m 0s";""
"206";"GBPUSD_DukasM1_the5ers";"Buy";"2011.02.23 05:00:00";"1.61824";"0.23";"2011.02.23 11:30:00";"1.62324";"113.85";"14089.33";"IS";"PT";"-37.49";"115.00";"6h 30m";""
"207";"GBPUSD_DukasM1_the5ers";"Buy";"2011.03.02 12:00:00";"1.62822";"0.22";"2011.03.02 17:04:00";"1.63338";"112.42";"14201.75";"IS";"PT";"-24.64";"113.52";"5h 4m";""
"208";"GBPUSD_DukasM1_the5ers";"Buy";"2011.03.14 11:00:00";"1.60782";"0.23";"2011.03.14 15:57:00";"1.61269";"110.86";"14312.61";"IS";"PT";"-17.71";"112.01";"4h 57m";""
"209";"GBPUSD_DukasM1_the5ers";"Buy";"2011.03.28 16:00:00";"1.60241";"0.2";"2011.03.29 13:27:00";"1.59744";"-100.87";"14211.74";"IS";"SL";"-99.40";"36.40";"21h 27m";""
"210";"GBPUSD_DukasM1_the5ers";"Buy";"2011.04.01 19:00:00";"1.61303";"0.16";"2011.04.05 11:28:00";"1.61994";"109.00";"14320.75";"IS";"PT";"-62.88";"110.56";"3d 16h 28m";""
"211";"GBPUSD_DukasM1_the5ers";"Buy";"2011.04.11 17:00:00";"1.63895";"0.22";"2011.04.11 21:24:00";"1.63454";"-98.12";"14222.63";"IS";"SL";"-97.02";"79.42";"4h 24m";""
"212";"GBPUSD_DukasM1_the5ers";"Buy";"2011.05.02 10:00:00";"1.66796";"0.19";"2011.05.03 03:23:00";"1.66288";"-97.92";"14124.71";"IS";"SL";"-96.52";"79.80";"17h 23m";""
"213";"GBPUSD_DukasM1_the5ers";"Buy";"2011.05.31 03:00:00";"1.64995";"0.3";"2011.05.31 05:07:00";"1.65379";"113.70";"14238.41";"IS";"PT";"-10.80";"115.20";"2h 7m";""
"214";"GBPUSD_DukasM1_the5ers";"Buy";"2011.06.02 20:00:00";"1.63598";"0.19";"2011.06.03 12:19:00";"1.63095";"-96.97";"14141.44";"IS";"SL";"-95.57";"36.86";"16h 19m";""
"215";"GBPUSD_DukasM1_the5ers";"Buy";"2011.06.03 18:00:00";"1.63611";"0.2";"2011.06.03 19:37:00";"1.64188";"114.40";"14255.84";"IS";"PT";"-0.60";"115.40";"1h 37m";""
"216";"GBPUSD_DukasM1_the5ers";"Buy";"2011.06.20 13:00:00";"1.61617";"0.21";"2011.06.20 16:43:00";"1.62164";"113.82";"14369.66";"IS";"PT";"-11.13";"114.87";"3h 43m";""
"217";"GBPUSD_DukasM1_the5ers";"Buy";"2011.06.27 13:00:00";"1.59741";"0.21";"2011.06.27 16:00:00";"1.59284";"-97.02";"14272.64";"IS";"SL";"-95.97";"71.82";"3h 0m";""
"218";"GBPUSD_DukasM1_the5ers";"Buy";"2011.07.05 12:00:00";"1.60694";"0.22";"2011.07.05 12:43:00";"1.61214";"113.30";"14385.94";"IS";"PT";"-5.28";"114.40";"43m 0s";""
"219";"GBPUSD_DukasM1_the5ers";"Buy";"2011.07.08 16:00:00";"1.60331";"0.21";"2011.07.11 09:32:00";"1.59856";"-101.30";"14284.64";"IS";"SL";"-99.75";"93.24";"2d 17h 32m";""
"220";"GBPUSD_DukasM1_the5ers";"Buy";"2011.07.12 18:00:00";"1.59129";"0.17";"2011.07.13 10:20:00";"1.59802";"113.16";"14397.80";"IS";"PT";"-15.98";"114.41";"16h 20m";""
"221";"GBPUSD_DukasM1_the5ers";"Buy";"2011.07.26 06:00:00";"1.63383";"0.25";"2011.07.26 11:30:00";"1.63836";"112.00";"14509.80";"IS";"PT";"-39.25";"113.25";"5h 30m";""
"222";"GBPUSD_DukasM1_the5ers";"Buy";"2011.07.29 17:00:00";"1.64176";"0.19";"2011.08.01 15:37:00";"1.63672";"-97.16";"14412.64";"IS";"SL";"-95.76";"108.30";"2d 22h 37m";""
"223";"GBPUSD_DukasM1_the5ers";"Buy";"2011.08.26 20:00:00";"1.63411";"0.16";"2011.08.29 15:52:00";"1.64105";"109.86";"14522.51";"IS";"PT";"-30.56";"111.04";"2d 19h 52m";""
"224";"GBPUSD_DukasM1_the5ers";"Buy";"2011.09.12 14:00:00";"1.58594";"0.18";"2011.09.12 17:59:00";"1.58047";"-99.36";"14423.15";"IS";"SL";"-98.46";"46.98";"3h 59m";""
"225";"GBPUSD_DukasM1_the5ers";"Buy";"2011.09.14 13:00:00";"1.57782";"0.19";"2011.09.15 13:59:00";"1.58377";"110.75";"14533.90";"IS";"PT";"-91.58";"113.05";"1d 0h 59m";""
"226";"GBPUSD_DukasM1_the5ers";"Buy";"2011.09.26 12:00:00";"1.54950";"0.16";"2011.09.26 18:05:00";"1.55659";"112.64";"14646.54";"IS";"PT";"-27.36";"113.44";"6h 5m";""
"227";"GBPUSD_DukasM1_the5ers";"Buy";"2011.09.30 19:00:00";"1.56227";"0.15";"2011.10.03 03:58:00";"1.55595";"-95.90";"14550.64";"IS";"SL";"-114.45";"63.60";"2d 8h 58m";""
"228";"GBPUSD_DukasM1_the5ers";"Buy";"2011.10.04 23:00:00";"1.54864";"0.16";"2011.10.05 02:44:00";"1.54244";"-100.38";"14450.26";"IS";"SL";"-99.20";"8.96";"3h 44m";""
"229";"GBPUSD_DukasM1_the5ers";"Buy";"2011.10.17 09:00:00";"1.58117";"0.22";"2011.10.17 12:01:00";"1.57680";"-97.24";"14353.02";"IS";"SL";"-96.14";"79.20";"3h 1m";""
"230";"GBPUSD_DukasM1_the5ers";"Buy";"2011.10.20 12:00:00";"1.57827";"0.18";"2011.10.20 15:57:00";"1.57284";"-98.64";"14254.38";"IS";"SL";"-97.74";"36.72";"3h 57m";""
"231";"GBPUSD_DukasM1_the5ers";"Buy";"2011.10.31 17:00:00";"1.60538";"0.17";"2011.10.31 17:54:00";"1.61212";"113.73";"14368.11";"IS";"PT";"-26.86";"114.58";"54m 0s";""
"232";"GBPUSD_DukasM1_the5ers";"Buy";"2011.11.07 14:00:00";"1.60532";"0.17";"2011.11.08 20:54:00";"1.61180";"108.91";"14477.02";"IS";"PT";"-81.09";"110.16";"1d 6h 54m";""
"233";"GBPUSD_DukasM1_the5ers";"Buy";"2011.11.10 20:00:00";"1.59488";"0.17";"2011.11.11 17:20:00";"1.60168";"114.35";"14591.37";"IS";"PT";"-90.95";"115.60";"21h 20m";""
"234";"GBPUSD_DukasM1_the5ers";"Buy";"2011.11.16 15:00:00";"1.58158";"0.18";"2011.11.16 16:25:00";"1.57614";"-98.82";"14492.55";"IS";"SL";"-97.92";"0.00";"1h 25m";""
"235";"GBPUSD_DukasM1_the5ers";"Buy";"2011.11.25 14:00:00";"1.54885";"0.23";"2011.11.25 19:38:00";"1.54463";"-98.21";"14394.34";"IS";"SL";"-97.06";"67.62";"5h 38m";""
"236";"GBPUSD_DukasM1_the5ers";"Buy";"2011.12.09 12:00:00";"1.56449";"0.21";"2011.12.09 13:06:00";"1.56978";"110.04";"14504.38";"IS";"PT";"-33.60";"111.09";"1h 6m";""
"237";"GBPUSD_DukasM1_the5ers";"Buy";"2011.12.12 15:00:00";"1.56477";"0.17";"2011.12.12 18:48:00";"1.55917";"-96.05";"14408.33";"IS";"SL";"-95.20";"0.34";"3h 48m";""
"238";"GBPUSD_DukasM1_the5ers";"Buy";"2011.12.19 16:00:00";"1.55420";"0.22";"2011.12.19 22:29:00";"1.54978";"-98.34";"14309.99";"IS";"SL";"-97.24";"5.72";"6h 29m";""
"239";"GBPUSD_DukasM1_the5ers";"Buy";"2012.01.12 12:00:00";"1.53416";"0.24";"2012.01.13 08:14:00";"1.53883";"110.31";"14420.30";"IS";"PT";"-73.92";"112.08";"20h 14m";""
"240";"GBPUSD_DukasM1_the5ers";"Buy";"2012.01.23 13:00:00";"1.55641";"0.27";"2012.01.24 18:22:00";"1.56065";"112.49";"14532.79";"IS";"PT";"-84.78";"114.48";"1d 5h 22m";""
"241";"GBPUSD_DukasM1_the5ers";"Buy";"2012.01.31 03:00:00";"1.57215";"0.28";"2012.01.31 10:57:00";"1.57620";"112.00";"14644.79";"IS";"PT";"-16.80";"113.40";"7h 57m";""
"242";"GBPUSD_DukasM1_the5ers";"Buy";"2012.02.06 18:00:00";"1.57945";"0.24";"2012.02.07 16:26:00";"1.58413";"110.55";"14755.35";"IS";"PT";"-16.08";"112.32";"22h 26m";""
"243";"GBPUSD_DukasM1_the5ers";"Buy";"2012.02.10 12:00:00";"1.58369";"0.28";"2012.02.10 14:12:00";"1.58013";"-101.08";"14654.27";"IS";"SL";"-99.68";"33.60";"2h 12m";""
"244";"GBPUSD_DukasM1_the5ers";"Buy";"2012.02.14 12:00:00";"1.57368";"0.27";"2012.02.14 15:47:00";"1.57007";"-98.82";"14555.45";"IS";"SL";"-97.47";"89.10";"3h 47m";""
"245";"GBPUSD_DukasM1_the5ers";"Buy";"2012.02.16 17:00:00";"1.57011";"0.26";"2012.02.16 17:25:00";"1.57445";"111.54";"14666.99";"IS";"PT";"-1.30";"112.84";"25m 0s";""
"246";"GBPUSD_DukasM1_the5ers";"Buy";"2012.03.05 15:00:00";"1.58351";"0.27";"2012.03.06 02:30:00";"1.58770";"111.14";"14778.13";"IS";"PT";"-2.43";"113.13";"11h 30m";""
"247";"GBPUSD_DukasM1_the5ers";"Buy";"2012.03.15 14:00:00";"1.56804";"0.23";"2012.03.15 19:02:00";"1.57298";"112.47";"14890.60";"IS";"PT";"-96.60";"113.62";"5h 2m";""
"248";"GBPUSD_DukasM1_the5ers";"Buy";"2012.03.26 13:00:00";"1.58738";"0.25";"2012.03.26 14:45:00";"1.59199";"114.00";"15004.60";"IS";"PT";"-8.00";"115.25";"1h 45m";""
"249";"GBPUSD_DukasM1_the5ers";"Buy";"2012.04.02 12:00:00";"1.60548";"0.25";"2012.04.02 15:38:00";"1.60152";"-100.25";"14904.35";"IS";"SL";"-99.00";"0.25";"3h 38m";""
"250";"GBPUSD_DukasM1_the5ers";"Buy";"2012.04.05 03:00:00";"1.59020";"0.3";"2012.04.05 11:34:00";"1.58695";"-99.00";"14805.35";"IS";"SL";"-97.50";"18.00";"8h 34m";""
"251";"GBPUSD_DukasM1_the5ers";"Buy";"2012.04.16 13:00:00";"1.58511";"0.31";"2012.04.16 19:59:00";"1.58882";"113.46";"14918.81";"IS";"PT";"-93.31";"115.01";"6h 59m";""
"252";"GBPUSD_DukasM1_the5ers";"Buy";"2012.04.23 23:00:00";"1.61287";"0.3";"2012.04.25 10:40:00";"1.61661";"109.28";"15028.09";"IS";"PT";"-59.10";"112.20";"1d 11h 40m";""
"253";"GBPUSD_DukasM1_the5ers";"Buy";"2012.05.01 17:00:00";"1.62420";"0.38";"2012.05.01 17:04:00";"1.62161";"-100.32";"14927.77";"IS";"SL";"-98.42";"15.20";"4m 0s";""
"254";"GBPUSD_DukasM1_the5ers";"Buy";"2012.05.02 05:00:00";"1.62327";"0.41";"2012.05.02 10:49:00";"1.62087";"-100.45";"14827.32";"IS";"SL";"-98.40";"23.78";"5h 49m";""
"255";"GBPUSD_DukasM1_the5ers";"Buy";"2012.05.18 13:00:00";"1.58114";"0.24";"2012.05.22 12:02:00";"1.57704";"-100.73";"14726.59";"IS";"SL";"-98.40";"87.12";"3d 23h 2m";""
"256";"GBPUSD_DukasM1_the5ers";"Buy";"2012.05.24 16:00:00";"1.57126";"0.25";"2012.05.24 19:54:00";"1.56729";"-100.50";"14626.09";"IS";"SL";"-99.25";"33.25";"3h 54m";""
"257";"GBPUSD_DukasM1_the5ers";"Buy";"2012.06.01 17:00:00";"1.53975";"0.17";"2012.06.01 17:59:00";"1.53405";"-97.75";"14528.34";"IS";"SL";"-96.90";"64.60";"59m 0s";""
"258";"GBPUSD_DukasM1_the5ers";"Buy";"2012.06.14 16:00:00";"1.55476";"0.23";"2012.06.15 10:06:00";"1.55045";"-100.82";"14427.52";"IS";"SL";"-99.13";"35.88";"18h 6m";""
"259";"GBPUSD_DukasM1_the5ers";"Buy";"2012.07.02 12:00:00";"1.56751";"0.22";"2012.07.04 11:19:00";"1.56315";"-98.06";"14329.46";"IS";"SL";"-95.92";"102.30";"1d 23h 19m";""
"260";"GBPUSD_DukasM1_the5ers";"Buy";"2012.07.16 17:00:00";"1.56083";"0.25";"2012.07.16 21:18:00";"1.56538";"112.50";"14441.96";"IS";"PT";"-45.75";"113.75";"4h 18m";""
"261";"GBPUSD_DukasM1_the5ers";"Buy";"2012.08.02 13:00:00";"1.55649";"0.28";"2012.08.02 15:10:00";"1.56054";"112.00";"14553.96";"OOS1";"PT";"-86.24";"113.40";"2h 10m";""
"262";"GBPUSD_DukasM1_the5ers";"Buy";"2012.08.10 18:00:00";"1.56918";"0.27";"2012.08.16 09:07:00";"1.56548";"-105.07";"14448.89";"OOS1";"SL";"-99.90";"98.28";"5d 15h 7m";""
"263";"GBPUSD_DukasM1_the5ers";"Buy";"2012.08.16 12:00:00";"1.57026";"0.36";"2012.08.16 15:40:00";"1.57342";"111.96";"14560.85";"OOS1";"PT";"-51.48";"113.76";"3h 40m";""
"264";"GBPUSD_DukasM1_the5ers";"Buy";"2012.08.28 17:00:00";"1.58054";"0.37";"2012.08.29 14:51:00";"1.58364";"111.98";"14672.82";"OOS1";"PT";"-11.10";"114.70";"21h 51m";""
"265";"GBPUSD_DukasM1_the5ers";"Buy";"2012.09.05 13:00:00";"1.58819";"0.37";"2012.09.05 15:03:00";"1.59125";"111.37";"14784.19";"OOS1";"PT";"-23.68";"113.22";"2h 3m";""
"266";"GBPUSD_DukasM1_the5ers";"Buy";"2012.09.26 13:00:00";"1.61908";"0.3";"2012.09.26 13:57:00";"1.61578";"-100.50";"14683.69";"OOS1";"SL";"-99.00";"5.70";"57m 0s";""
"267";"GBPUSD_DukasM1_the5ers";"Buy";"2012.09.27 04:00:00";"1.61903";"0.33";"2012.09.27 14:45:00";"1.62246";"111.54";"14795.23";"OOS1";"PT";"-81.84";"113.19";"10h 45m";""
"268";"GBPUSD_DukasM1_the5ers";"Buy";"2012.11.08 15:00:00";"1.59939";"0.3";"2012.11.09 10:54:00";"1.59615";"-99.41";"14695.83";"OOS1";"SL";"-97.20";"74.70";"19h 54m";""
"269";"GBPUSD_DukasM1_the5ers";"Buy";"2012.11.15 18:00:00";"1.58724";"0.36";"2012.11.15 22:07:00";"1.58446";"-101.88";"14593.95";"OOS1";"SL";"-100.08";"9.00";"4h 7m";""
"270";"GBPUSD_DukasM1_the5ers";"Buy";"2012.11.21 12:00:00";"1.59177";"0.4";"2012.11.21 15:45:00";"1.59467";"114.00";"14707.95";"OOS1";"PT";"-54.80";"116.00";"3h 45m";""
"271";"GBPUSD_DukasM1_the5ers";"Buy";"2012.11.28 23:00:00";"1.60179";"0.37";"2012.11.30 09:12:00";"1.60489";"109.36";"14817.30";"OOS1";"PT";"-59.57";"114.70";"1d 10h 12m";""
"272";"GBPUSD_DukasM1_the5ers";"Buy";"2012.12.26 23:00:00";"1.61368";"0.35";"2012.12.27 11:43:00";"1.61691";"108.82";"14926.12";"OOS1";"PT";"-46.55";"113.05";"12h 43m";""
"273";"GBPUSD_DukasM1_the5ers";"Buy";"2013.01.07 13:00:00";"1.60590";"0.29";"2013.01.07 20:12:00";"1.60985";"113.10";"15039.22";"OOS1";"PT";"-18.85";"114.55";"7h 12m";""
"274";"GBPUSD_DukasM1_the5ers";"Buy";"2013.01.23 12:00:00";"1.58732";"0.3";"2013.01.23 17:35:00";"1.58400";"-101.10";"14938.12";"OOS1";"SL";"-99.60";"55.80";"5h 35m";""
"275";"GBPUSD_DukasM1_the5ers";"Buy";"2013.02.21 12:00:00";"1.52235";"0.22";"2013.02.22 06:05:00";"1.52761";"114.10";"15052.23";"OOS1";"PT";"-45.98";"115.72";"18h 5m";""
"276";"GBPUSD_DukasM1_the5ers";"Buy";"2013.02.27 13:00:00";"1.51367";"0.2";"2013.02.28 10:52:00";"1.51938";"111.78";"15164.01";"OOS1";"PT";"-47.20";"114.20";"21h 52m";""
"277";"GBPUSD_DukasM1_the5ers";"Buy";"2013.04.04 17:00:00";"1.51456";"0.22";"2013.04.04 18:22:00";"1.51965";"110.88";"15274.89";"OOS1";"PT";"-0.66";"111.98";"1h 22m";""
"278";"GBPUSD_DukasM1_the5ers";"Buy";"2013.04.22 12:00:00";"1.52424";"0.29";"2013.04.22 21:40:00";"1.52818";"112.81";"15387.70";"OOS1";"PT";"-60.90";"114.26";"9h 40m";""
"279";"GBPUSD_DukasM1_the5ers";"Buy";"2013.05.15 12:00:00";"1.52383";"0.27";"2013.05.15 14:01:00";"1.52013";"-101.25";"15286.45";"OOS1";"SL";"-99.90";"90.99";"2h 1m";""
"280";"GBPUSD_DukasM1_the5ers";"Buy";"2013.06.10 14:00:00";"1.55402";"0.24";"2013.06.10 16:20:00";"1.54989";"-100.32";"15186.13";"OOS1";"SL";"-99.12";"27.12";"2h 20m";""
"281";"GBPUSD_DukasM1_the5ers";"Buy";"2013.06.17 11:00:00";"1.57138";"0.3";"2013.06.17 16:41:00";"1.57513";"111.00";"15297.13";"OOS1";"PT";"-29.10";"112.50";"5h 41m";""
"282";"GBPUSD_DukasM1_the5ers";"Buy";"2013.06.20 12:00:00";"1.54825";"0.19";"2013.06.21 15:32:00";"1.54312";"-98.87";"15198.26";"OOS1";"SL";"-97.47";"90.25";"1d 3h 32m";""
"283";"GBPUSD_DukasM1_the5ers";"Buy";"2013.06.24 16:00:00";"1.54143";"0.21";"2013.06.25 14:32:00";"1.54670";"109.12";"15307.38";"OOS1";"PT";"-63.63";"110.67";"22h 32m";""
"284";"GBPUSD_DukasM1_the5ers";"Buy";"2013.07.03 12:00:00";"1.52434";"0.26";"2013.07.03 18:11:00";"1.52875";"113.36";"15420.75";"OOS1";"PT";"-47.06";"114.66";"6h 11m";""
"285";"GBPUSD_DukasM1_the5ers";"Buy";"2013.07.31 22:00:00";"1.52517";"0.21";"2013.07.31 22:46:00";"1.52054";"-98.28";"15322.46";"OOS1";"SL";"-97.23";"4.83";"46m 0s";""
"286";"GBPUSD_DukasM1_the5ers";"Buy";"2013.08.07 14:00:00";"1.54475";"0.18";"2013.08.07 17:14:00";"1.55098";"111.24";"15433.71";"OOS1";"PT";"-32.58";"112.14";"3h 14m";""
"287";"GBPUSD_DukasM1_the5ers";"Buy";"2013.08.28 16:00:00";"1.55366";"0.25";"2013.08.28 16:50:00";"1.54977";"-98.50";"15335.21";"OOS1";"SL";"-97.25";"39.25";"50m 0s";""
"288";"GBPUSD_DukasM1_the5ers";"Buy";"2013.09.06 16:00:00";"1.56266";"0.25";"2013.09.09 11:14:00";"1.56713";"109.91";"15445.12";"OOS1";"PT";"-34.00";"111.75";"2d 19h 14m";""
"289";"GBPUSD_DukasM1_the5ers";"Buy";"2013.09.16 16:00:00";"1.59609";"0.32";"2013.09.16 18:33:00";"1.59300";"-100.48";"15344.63";"OOS1";"SL";"-98.88";"0.00";"2h 33m";""
"290";"GBPUSD_DukasM1_the5ers";"Buy";"2013.10.02 12:00:00";"1.62164";"0.32";"2013.10.03 11:28:00";"1.61851";"-104.03";"15240.61";"OOS1";"SL";"-100.16";"108.48";"23h 28m";""
"291";"GBPUSD_DukasM1_the5ers";"Buy";"2013.11.07 21:00:00";"1.61064";"0.24";"2013.11.08 11:53:00";"1.60656";"-99.69";"15140.92";"OOS1";"SL";"-97.92";"18.00";"14h 53m";""
"292";"GBPUSD_DukasM1_the5ers";"Buy";"2013.11.21 14:00:00";"1.61291";"0.29";"2013.11.21 19:24:00";"1.61684";"112.52";"15253.44";"OOS1";"PT";"-61.19";"113.97";"5h 24m";""
"293";"GBPUSD_DukasM1_the5ers";"Buy";"2013.11.25 09:00:00";"1.62180";"0.37";"2013.11.25 11:07:00";"1.61914";"-100.27";"15153.17";"OOS1";"SL";"-98.42";"15.17";"2h 7m";""
"294";"GBPUSD_DukasM1_the5ers";"Buy";"2014.01.06 16:00:00";"1.63918";"0.25";"2014.01.07 13:05:00";"1.64371";"111.41";"15264.58";"OOS1";"PT";"-38.25";"113.25";"21h 5m";""
"295";"GBPUSD_DukasM1_the5ers";"Buy";"2014.01.10 17:00:00";"1.65002";"0.25";"2014.01.10 19:24:00";"1.64607";"-100.00";"15164.58";"OOS1";"SL";"-98.75";"42.00";"2h 24m";""
"296";"GBPUSD_DukasM1_the5ers";"Buy";"2014.01.21 16:00:00";"1.64742";"0.28";"2014.01.22 11:30:00";"1.65150";"112.18";"15276.76";"OOS1";"PT";"-66.36";"114.24";"19h 30m";""
"297";"GBPUSD_DukasM1_the5ers";"Buy";"2014.02.04 12:00:00";"1.63311";"0.27";"2014.02.04 16:01:00";"1.62948";"-99.36";"15177.40";"OOS1";"SL";"-98.01";"35.91";"4h 1m";""
"298";"GBPUSD_DukasM1_the5ers";"Buy";"2014.03.14 18:00:00";"1.66291";"0.3";"2014.03.18 10:00:00";"1.65960";"-102.22";"15075.19";"OOS1";"SL";"-99.30";"109.80";"3d 16h 0m";""
"299";"GBPUSD_DukasM1_the5ers";"Buy";"2014.04.15 13:00:00";"1.67229";"0.38";"2014.04.16 10:57:00";"1.67533";"112.72";"15187.91";"OOS1";"PT";"-38.00";"115.52";"21h 57m";""
"300";"GBPUSD_DukasM1_the5ers";"Buy";"2014.04.28 10:00:00";"1.68242";"0.5";"2014.04.28 10:27:00";"1.68474";"113.50";"15301.41";"OOS1";"PT";"-1.50";"116.00";"27m 0s";""
"301";"GBPUSD_DukasM1_the5ers";"Buy";"2014.05.06 07:00:00";"1.68813";"0.71";"2014.05.06 09:46:00";"1.68975";"111.47";"15412.88";"OOS1";"PT";"-17.75";"115.02";"2h 46m";""
"302";"GBPUSD_DukasM1_the5ers";"Buy";"2014.05.15 17:00:00";"1.67782";"0.4";"2014.05.16 11:35:00";"1.68066";"110.66";"15523.54";"OOS1";"PT";"-23.60";"113.60";"18h 35m";""
"303";"GBPUSD_DukasM1_the5ers";"Buy";"2014.06.04 12:00:00";"1.67316";"0.47";"2014.06.04 14:13:00";"1.67561";"112.80";"15636.34";"OOS1";"PT";"-29.14";"115.15";"2h 13m";""
"304";"GBPUSD_DukasM1_the5ers";"Buy";"2014.06.25 16:00:00";"1.69984";"0.43";"2014.06.25 18:06:00";"1.69754";"-101.05";"15535.29";"OOS1";"SL";"-98.90";"12.47";"2h 6m";""
"305";"GBPUSD_DukasM1_the5ers";"Buy";"2014.06.30 15:00:00";"1.70451";"0.45";"2014.06.30 17:20:00";"1.70704";"111.60";"15646.89";"OOS1";"PT";"-34.20";"113.85";"2h 20m";""
"306";"GBPUSD_DukasM1_the5ers";"Buy";"2014.07.15 12:00:00";"1.71380";"0.4";"2014.07.15 15:09:00";"1.71668";"113.20";"15760.09";"OOS1";"PT";"-27.60";"115.20";"3h 9m";""
"307";"GBPUSD_DukasM1_the5ers";"Buy";"2014.08.12 16:00:00";"1.67832";"0.57";"2014.08.12 17:56:00";"1.68034";"112.29";"15872.38";"OOS1";"PT";"-13.68";"115.14";"1h 56m";""
"308";"GBPUSD_DukasM1_the5ers";"Buy";"2014.08.14 16:00:00";"1.66924";"0.43";"2014.08.18 00:15:00";"1.67191";"110.63";"15983.01";"OOS1";"PT";"-68.80";"170.28";"3d 8h 15m";""
"309";"GBPUSD_DukasM1_the5ers";"Buy";"2014.08.20 12:00:00";"1.66519";"0.44";"2014.08.20 13:29:00";"1.66291";"-102.52";"15880.49";"OOS1";"SL";"-100.32";"0.00";"1h 29m";""
"310";"GBPUSD_DukasM1_the5ers";"Buy";"2014.08.21 18:00:00";"1.65962";"0.43";"2014.08.22 03:25:00";"1.65730";"-102.92";"15777.56";"OOS1";"SL";"-99.76";"21.07";"9h 25m";""
"311";"GBPUSD_DukasM1_the5ers";"Buy";"2014.09.09 12:00:00";"1.61106";"0.27";"2014.09.09 13:46:00";"1.61530";"113.13";"15890.69";"OOS1";"PT";"-29.70";"114.48";"1h 46m";""
"312";"GBPUSD_DukasM1_the5ers";"Buy";"2014.09.15 12:00:00";"1.62583";"0.3";"2014.09.15 19:31:00";"1.62251";"-101.10";"15789.59";"OOS1";"SL";"-99.60";"28.50";"7h 31m";""
"313";"GBPUSD_DukasM1_the5ers";"Buy";"2014.09.16 19:00:00";"1.62704";"0.25";"2014.09.17 10:49:00";"1.63153";"110.41";"15900.00";"OOS1";"PT";"-75.75";"112.25";"15h 49m";""
"314";"GBPUSD_DukasM1_the5ers";"Buy";"2014.09.25 17:00:00";"1.63373";"0.25";"2014.09.25 18:13:00";"1.62983";"-98.75";"15801.25";"OOS1";"SL";"-97.50";"7.75";"1h 13m";""
"315";"GBPUSD_DukasM1_the5ers";"Buy";"2014.10.30 13:00:00";"1.60078";"0.29";"2014.10.30 14:30:00";"1.59740";"-99.47";"15701.78";"OOS1";"SL";"-98.02";"2.61";"1h 30m";""
"316";"GBPUSD_DukasM1_the5ers";"Buy";"2014.11.19 12:00:00";"1.56499";"0.31";"2014.11.19 12:49:00";"1.56869";"113.15";"15814.93";"OOS1";"PT";"-15.81";"114.70";"49m 0s";""
"317";"GBPUSD_DukasM1_the5ers";"Buy";"2014.12.05 12:00:00";"1.56731";"0.26";"2014.12.05 15:30:00";"1.56356";"-98.80";"15716.13";"OOS1";"SL";"-97.50";"56.68";"3h 30m";""
"318";"GBPUSD_DukasM1_the5ers";"Buy";"2014.12.08 12:00:00";"1.55839";"0.29";"2014.12.08 13:35:00";"1.56235";"113.39";"15829.52";"OOS1";"PT";"-28.71";"114.84";"1h 35m";""
"319";"GBPUSD_DukasM1_the5ers";"Buy";"2015.01.12 21:00:00";"1.51870";"0.23";"2015.01.13 09:43:00";"1.51450";"-98.29";"15731.23";"OOS1";"SL";"-96.60";"10.58";"12h 43m";""
"320";"GBPUSD_DukasM1_the5ers";"Buy";"2015.02.03 13:00:00";"1.50562";"0.22";"2015.02.03 15:20:00";"1.51067";"110.00";"15841.23";"OOS1";"PT";"-10.78";"111.10";"2h 20m";""
"321";"GBPUSD_DukasM1_the5ers";"Buy";"2015.02.23 16:00:00";"1.54074";"0.26";"2015.02.23 17:58:00";"1.54513";"112.84";"15954.07";"OOS1";"PT";"-8.84";"114.14";"1h 58m";""
"322";"GBPUSD_DukasM1_the5ers";"Buy";"2015.03.02 12:00:00";"1.54173";"0.31";"2015.03.02 14:55:00";"1.53857";"-99.51";"15854.56";"OOS1";"SL";"-97.96";"10.54";"2h 55m";""
"323";"GBPUSD_DukasM1_the5ers";"Buy";"2015.03.18 21:00:00";"1.48591";"0.16";"2015.03.18 21:14:00";"1.49301";"112.80";"15967.36";"OOS1";"PT";"-5.92";"113.60";"14m 0s";""
"1";"GBPUSD_DukasM1_the5ers";"Buy";"2015.03.27 13:00:00";"1.48677";"0.19";"2015.03.27 15:41:00";"1.49194";"97.28";"16064.64";"OOS1";"PT";"-11.78";"98.23";"2h 41m";""
"2";"GBPUSD_DukasM1_the5ers";"Buy";"2015.04.13 16:00:00";"1.46339";"0.22";"2015.04.13 19:22:00";"1.46787";"97.46";"16162.10";"OOS1";"PT";"-7.26";"98.56";"3h 22m";""
"3";"GBPUSD_DukasM1_the5ers";"Buy";"2015.04.21 16:00:00";"1.49053";"0.26";"2015.04.21 16:34:00";"1.48672";"-100.36";"16061.74";"OOS1";"SL";"-99.06";"9.88";"34m 0s";""
"4";"GBPUSD_DukasM1_the5ers";"Buy";"2015.04.27 18:00:00";"1.52098";"0.22";"2015.04.27 19:25:00";"1.52547";"97.68";"16159.42";"OOS1";"PT";"-1.76";"98.78";"1h 25m";""
"5";"GBPUSD_DukasM1_the5ers";"Buy";"2015.05.11 13:00:00";"1.54466";"0.17";"2015.05.11 15:32:00";"1.55050";"98.43";"16257.85";"OOS1";"PT";"-4.76";"99.28";"2h 32m";""
"6";"GBPUSD_DukasM1_the5ers";"Buy";"2015.05.15 18:00:00";"1.57893";"0.23";"2015.05.15 20:21:00";"1.57460";"-100.74";"16157.11";"OOS1";"SL";"-99.59";"15.87";"2h 21m";""
"7";"GBPUSD_DukasM1_the5ers";"Buy";"2015.06.15 19:00:00";"1.55710";"0.23";"2015.06.16 07:15:00";"1.56140";"97.21";"16254.32";"OOS1";"PT";"-23.92";"98.90";"12h 15m";""
"8";"GBPUSD_DukasM1_the5ers";"Buy";"2015.07.14 13:00:00";"1.55825";"0.21";"2015.07.14 15:30:00";"1.56296";"97.86";"16352.18";"OOS1";"PT";"-34.02";"98.91";"2h 30m";""
"9";"GBPUSD_DukasM1_the5ers";"Buy";"2015.07.31 16:00:00";"1.56566";"0.23";"2015.07.31 17:25:00";"1.56143";"-98.44";"16253.74";"OOS1";"SL";"-97.29";"42.78";"1h 25m";""
"10";"GBPUSD_DukasM1_the5ers";"Buy";"2015.08.10 16:00:00";"1.55107";"0.29";"2015.08.10 17:52:00";"1.55455";"99.47";"16353.21";"OOS1";"PT";"-51.33";"100.92";"1h 52m";""
"11";"GBPUSD_DukasM1_the5ers";"Buy";"2015.08.18 12:00:00";"1.56701";"0.29";"2015.08.18 13:03:00";"1.57049";"99.47";"16452.68";"OOS1";"PT";"-23.20";"100.92";"1h 3m";""
"12";"GBPUSD_DukasM1_the5ers";"Buy";"2015.08.24 12:00:00";"1.57119";"0.23";"2015.08.24 15:21:00";"1.57553";"98.67";"16551.35";"OOS1";"PT";"-29.90";"99.82";"3h 21m";""
"13";"GBPUSD_DukasM1_the5ers";"Buy";"2015.09.02 21:00:00";"1.53207";"0.25";"2015.09.03 09:23:00";"1.52813";"-101.52";"16449.83";"OOS1";"SL";"-98.50";"0.00";"12h 23m";""
"14";"GBPUSD_DukasM1_the5ers";"Buy";"2015.09.10 12:00:00";"1.53881";"0.33";"2015.09.10 14:00:00";"1.54182";"97.68";"16547.51";"OOS1";"PT";"-62.37";"99.33";"2h 0m";""
"15";"GBPUSD_DukasM1_the5ers";"Buy";"2015.10.13 10:00:00";"1.53771";"0.31";"2015.10.13 11:10:00";"1.53457";"-98.89";"16448.62";"OOS1";"SL";"-97.34";"31.31";"1h 10m";""
"16";"GBPUSD_DukasM1_the5ers";"Buy";"2015.10.21 13:00:00";"1.54486";"0.43";"2015.10.21 18:12:00";"1.54720";"98.47";"16547.09";"OOS1";"PT";"-65.36";"100.62";"5h 12m";""
"17";"GBPUSD_DukasM1_the5ers";"Buy";"2015.10.28 17:00:00";"1.53250";"0.36";"2015.10.28 20:00:00";"1.52972";"-101.88";"16445.21";"OOS1";"SL";"-100.08";"79.20";"3h 0m";""
"18";"GBPUSD_DukasM1_the5ers";"Buy";"2015.11.17 12:00:00";"1.52116";"0.36";"2015.11.18 11:05:00";"1.52396";"98.15";"16543.36";"OOS1";"PT";"-85.68";"100.80";"23h 5m";""
"19";"GBPUSD_DukasM1_the5ers";"Buy";"2015.11.30 18:00:00";"1.50533";"0.3";"2015.12.01 03:27:00";"1.50864";"97.09";"16640.45";"OOS1";"PT";"-71.40";"99.30";"9h 27m";""
"20";"GBPUSD_DukasM1_the5ers";"Buy";"2015.12.16 22:00:00";"1.50600";"0.19";"2015.12.16 22:17:00";"1.50092";"-97.47";"16542.98";"OOS1";"SL";"-96.52";"7.41";"17m 0s";""
"21";"GBPUSD_DukasM1_the5ers";"Buy";"2016.01.21 19:00:00";"1.41967";"0.18";"2016.01.22 10:28:00";"1.42507";"95.88";"16638.85";"OOS1";"PT";"-2.16";"97.20";"15h 28m";""
"22";"GBPUSD_DukasM1_the5ers";"Buy";"2016.01.26 14:00:00";"1.42340";"0.22";"2016.01.26 16:35:00";"1.42782";"96.14";"16734.99";"OOS1";"PT";"-5.06";"97.24";"2h 35m";""
"23";"GBPUSD_DukasM1_the5ers";"Buy";"2016.02.17 12:00:00";"1.43108";"0.21";"2016.02.17 16:17:00";"1.42633";"-100.80";"16634.19";"OOS1";"SL";"-99.75";"58.59";"4h 17m";""
"24";"GBPUSD_DukasM1_the5ers";"Buy";"2016.02.19 19:00:00";"1.43409";"0.18";"2016.02.19 23:50:00";"1.43958";"97.50";"16731.69";"OOS1";"PT";"-31.68";"98.82";"4h 50m";""
"25";"GBPUSD_DukasM1_the5ers";"Buy";"2016.03.07 19:00:00";"1.42529";"0.2";"2016.03.08 13:21:00";"1.42041";"-99.07";"16632.62";"OOS1";"SL";"-97.60";"60.60";"18h 21m";""
"26";"GBPUSD_DukasM1_the5ers";"Buy";"2016.03.10 18:00:00";"1.43058";"0.17";"2016.03.11 17:09:00";"1.43633";"96.50";"16729.12";"OOS1";"PT";"-87.55";"97.75";"23h 9m";""
"27";"GBPUSD_DukasM1_the5ers";"Buy";"2016.03.16 21:00:00";"1.42264";"0.17";"2016.03.17 03:03:00";"1.42830";"94.17";"16823.28";"OOS1";"PT";"-6.80";"96.22";"6h 3m";""
"28";"GBPUSD_DukasM1_the5ers";"Buy";"2016.03.24 13:00:00";"1.41377";"0.25";"2016.03.24 19:22:00";"1.41767";"96.25";"16919.53";"OOS1";"PT";"-85.00";"97.50";"6h 22m";""
"29";"GBPUSD_DukasM1_the5ers";"Buy";"2016.03.31 12:00:00";"1.43845";"0.23";"2016.04.01 05:04:00";"1.43417";"-100.13";"16819.40";"OOS1";"SL";"-98.44";"95.22";"17h 4m";""
"30";"GBPUSD_DukasM1_the5ers";"Buy";"2016.04.04 15:00:00";"1.42691";"0.22";"2016.04.04 15:44:00";"1.43142";"98.12";"16917.52";"OOS1";"PT";"-15.18";"99.22";"44m 0s";""
"31";"GBPUSD_DukasM1_the5ers";"Buy";"2016.04.14 16:00:00";"1.41660";"0.19";"2016.04.15 18:44:00";"1.42181";"97.59";"17015.11";"OOS1";"PT";"-84.36";"98.99";"1d 2h 44m";""
"32";"GBPUSD_DukasM1_the5ers";"Buy";"2016.04.18 11:00:00";"1.41806";"0.26";"2016.04.18 17:01:00";"1.42190";"98.54";"17113.65";"OOS1";"PT";"-45.76";"99.84";"6h 1m";""
"33";"GBPUSD_DukasM1_the5ers";"Buy";"2016.04.21 14:00:00";"1.43755";"0.26";"2016.04.21 15:10:00";"1.44144";"99.84";"17213.49";"OOS1";"PT";"-28.60";"101.14";"1h 10m";""
"34";"GBPUSD_DukasM1_the5ers";"Buy";"2016.04.25 15:00:00";"1.45093";"0.2";"2016.04.26 11:43:00";"1.45586";"97.13";"17310.62";"OOS1";"PT";"-93.40";"98.60";"20h 43m";""
"35";"GBPUSD_DukasM1_the5ers";"Buy";"2016.05.09 13:00:00";"1.44758";"0.2";"2016.05.09 14:49:00";"1.44260";"-100.60";"17210.02";"OOS1";"SL";"-99.60";"0.00";"1h 49m";""
"36";"GBPUSD_DukasM1_the5ers";"Buy";"2016.05.18 14:00:00";"1.44804";"0.26";"2016.05.18 14:06:00";"1.45193";"99.84";"17309.86";"OOS1";"PT";"-3.90";"101.14";"6m 0s";""
"37";"GBPUSD_DukasM1_the5ers";"Buy";"2016.06.16 21:00:00";"1.42090";"0.13";"2016.06.17 02:57:00";"1.42851";"97.97";"17407.83";"OOS1";"PT";"-16.77";"98.93";"5h 57m";""
"38";"GBPUSD_DukasM1_the5ers";"Buy";"2016.06.24 12:00:00";"1.39052";"0.02";"2016.06.27 00:05:00";"1.35554";"-70.11";"17337.72";"OOS1";"SL";"-97.64";"5.20";"2d 12h 5m";""
"39";"GBPUSD_DukasM1_the5ers";"Buy";"2016.07.11 15:00:00";"1.29855";"0.14";"2016.07.12 04:54:00";"1.30530";"93.47";"17431.19";"OOS1";"PT";"-88.34";"94.50";"13h 54m";""
"40";"GBPUSD_DukasM1_the5ers";"Buy";"2016.08.09 12:00:00";"1.30114";"0.28";"2016.08.09 12:54:00";"1.29764";"-99.40";"17331.79";"OOS1";"SL";"-98.00";"0.00";"54m 0s";""
"41";"GBPUSD_DukasM1_the5ers";"Buy";"2016.08.10 02:00:00";"1.30040";"0.28";"2016.08.10 03:14:00";"1.30395";"98.00";"17429.79";"OOS1";"PT";"-2.80";"99.40";"1h 14m";""
"42";"GBPUSD_DukasM1_the5ers";"Buy";"2016.08.22 12:00:00";"1.31153";"0.24";"2016.08.22 18:02:00";"1.31565";"97.68";"17527.47";"OOS1";"PT";"-79.68";"98.88";"6h 2m";""
"43";"GBPUSD_DukasM1_the5ers";"Buy";"2016.10.13 14:00:00";"1.22050";"0.15";"2016.10.13 20:21:00";"1.22710";"98.25";"17625.72";"OOS1";"PT";"-36.15";"99.00";"6h 21m";""
"44";"GBPUSD_DukasM1_the5ers";"Buy";"2016.10.28 21:00:00";"1.21962";"0.22";"2016.10.31 13:32:00";"1.21520";"-98.86";"17526.87";"OOS1";"SL";"-97.24";"40.48";"2d 16h 32m";""
"45";"GBPUSD_DukasM1_the5ers";"Buy";"2016.10.31 18:00:00";"1.22131";"0.25";"2016.11.01 09:54:00";"1.22532";"98.41";"17625.28";"OOS1";"PT";"-30.50";"100.25";"15h 54m";""
"46";"GBPUSD_DukasM1_the5ers";"Buy";"2016.11.09 06:00:00";"1.24870";"0.17";"2016.11.09 06:53:00";"1.25443";"96.56";"17721.83";"OOS1";"PT";"-19.55";"97.41";"53m 0s";""
"47";"GBPUSD_DukasM1_the5ers";"Buy";"2016.11.23 15:00:00";"1.24288";"0.25";"2016.11.23 15:30:00";"1.23891";"-100.50";"17621.33";"OOS1";"SL";"-99.25";"9.75";"30m 0s";""
"48";"GBPUSD_DukasM1_the5ers";"Buy";"2016.12.14 15:00:00";"1.26809";"0.29";"2016.12.14 16:14:00";"1.27151";"97.73";"17719.06";"OOS1";"PT";"-20.88";"99.18";"1h 14m";""
"49";"GBPUSD_DukasM1_the5ers";"Buy";"2017.01.11 21:00:00";"1.22292";"0.15";"2017.01.12 10:42:00";"1.22947";"96.44";"17815.50";"OOS1";"PT";"-91.35";"98.25";"13h 42m";""
"50";"GBPUSD_DukasM1_the5ers";"Buy";"2017.01.13 19:00:00";"1.21979";"0.17";"2017.01.16 00:05:00";"1.21411";"-97.81";"17717.69";"OOS1";"SL";"-349.18";"29.24";"2d 5h 5m";""
"51";"GBPUSD_DukasM1_the5ers";"Buy";"2017.01.31 17:00:00";"1.25332";"0.2";"2017.01.31 17:57:00";"1.25830";"98.60";"17816.29";"OOS1";"PT";"-32.20";"99.60";"57m 0s";""
"52";"GBPUSD_DukasM1_the5ers";"Buy";"2017.02.07 19:00:00";"1.24853";"0.2";"2017.02.07 20:06:00";"1.25335";"95.40";"17911.69";"OOS1";"PT";"-11.00";"96.40";"1h 6m";""
"53";"GBPUSD_DukasM1_the5ers";"Buy";"2017.02.21 18:00:00";"1.24679";"0.29";"2017.02.22 03:43:00";"1.25018";"96.18";"18007.87";"OOS1";"PT";"-37.99";"98.31";"9h 43m";""
"54";"GBPUSD_DukasM1_the5ers";"Buy";"2017.03.03 22:00:00";"1.22802";"0.26";"2017.03.06 18:38:00";"1.22429";"-98.89";"17908.97";"OOS1";"SL";"-96.98";"52.52";"2d 20h 38m";""
"55";"GBPUSD_DukasM1_the5ers";"Buy";"2017.03.29 12:00:00";"1.24454";"0.26";"2017.03.29 16:12:00";"1.24082";"-98.02";"17810.95";"OOS1";"SL";"-96.72";"79.56";"4h 12m";""
"56";"GBPUSD_DukasM1_the5ers";"Buy";"2017.04.24 12:00:00";"1.28247";"0.29";"2017.04.24 15:08:00";"1.27907";"-100.05";"17710.90";"OOS1";"SL";"-98.60";"24.65";"3h 8m";""
"57";"GBPUSD_DukasM1_the5ers";"Buy";"2017.05.01 13:00:00";"1.29333";"0.35";"2017.05.01 19:16:00";"1.29048";"-101.50";"17609.40";"OOS1";"SL";"-99.75";"10.50";"6h 16m";""
"58";"GBPUSD_DukasM1_the5ers";"Buy";"2017.05.04 12:00:00";"1.28904";"0.33";"2017.05.04 17:36:00";"1.29205";"97.68";"17707.08";"OOS1";"PT";"-36.63";"99.33";"5h 36m";""
"59";"GBPUSD_DukasM1_the5ers";"Buy";"2017.05.22 15:00:00";"1.30088";"0.27";"2017.05.23 09:20:00";"1.29721";"-101.08";"17606.01";"OOS1";"SL";"-99.09";"92.07";"18h 20m";""
"60";"GBPUSD_DukasM1_the5ers";"Buy";"2017.05.30 11:00:00";"1.28594";"0.37";"2017.05.30 17:10:00";"1.28864";"98.05";"17704.06";"OOS1";"PT";"-60.68";"99.90";"6h 10m";""
"61";"GBPUSD_DukasM1_the5ers";"Buy";"2017.05.31 14:00:00";"1.28365";"0.25";"2017.05.31 16:47:00";"1.28758";"97.00";"17801.06";"OOS1";"PT";"-10.75";"98.25";"2h 47m";""
"62";"GBPUSD_DukasM1_the5ers";"Buy";"2017.06.15 15:00:00";"1.27664";"0.24";"2017.06.15 15:30:00";"1.27252";"-100.08";"17700.98";"OOS1";"SL";"-98.88";"21.12";"30m 0s";""
"63";"GBPUSD_DukasM1_the5ers";"Buy";"2017.06.21 14:00:00";"1.26471";"0.32";"2017.06.21 14:00:00";"1.26778";"96.64";"17797.62";"OOS1";"PT";"-1.60";"98.24";"0s";""
"64";"GBPUSD_DukasM1_the5ers";"Buy";"2017.07.31 18:00:00";"1.31812";"0.3";"2017.07.31 23:54:00";"1.32141";"96.49";"17894.11";"OOS1";"PT";"-27.60";"98.70";"5h 54m";""
"65";"GBPUSD_DukasM1_the5ers";"Buy";"2017.08.28 15:00:00";"1.29145";"0.37";"2017.08.28 20:47:00";"1.29415";"98.05";"17992.16";"OOS1";"PT";"-28.86";"99.90";"5h 47m";""
"66";"GBPUSD_DukasM1_the5ers";"Buy";"2017.09.28 14:00:00";"1.34209";"0.23";"2017.09.29 11:57:00";"1.33785";"-99.21";"17892.95";"OOS1";"SL";"-97.52";"79.12";"21h 57m";""
"67";"GBPUSD_DukasM1_the5ers";"Buy";"2017.10.12 21:00:00";"1.32731";"0.21";"2017.10.13 10:43:00";"1.33191";"95.05";"17988.00";"OOS1";"PT";"-59.22";"96.60";"13h 43m";""
"68";"GBPUSD_DukasM1_the5ers";"Buy";"2017.10.20 13:00:00";"1.31435";"0.28";"2017.10.20 13:59:00";"1.31794";"99.12";"18087.12";"OOS1";"PT";"-1.12";"100.52";"59m 0s";""
"69";"GBPUSD_DukasM1_the5ers";"Buy";"2017.11.27 11:00:00";"1.33428";"0.4";"2017.11.27 14:56:00";"1.33677";"97.60";"18184.72";"OOS1";"PT";"-16.40";"99.60";"3h 56m";""
"70";"GBPUSD_DukasM1_the5ers";"Buy";"2017.11.28 22:00:00";"1.33767";"0.19";"2017.11.29 10:02:00";"1.34274";"94.93";"18279.65";"OOS1";"PT";"-77.52";"96.33";"12h 2m";""
"1";"GBPUSD_DukasM1_the5ers";"Buy";"2017.12.04 14:00:00";"1.35044";"0.21";"2017.12.04 17:52:00";"1.34577";"-99.12";"18180.53";"OOS1";"SL";"-98.07";"71.19";"3h 52m";""
"2";"GBPUSD_DukasM1_the5ers";"Buy";"2017.12.07 16:00:00";"1.33850";"0.23";"2017.12.07 18:37:00";"1.34278";"97.29";"18277.82";"OOS1";"PT";"-14.72";"98.44";"2h 37m";""
"3";"GBPUSD_DukasM1_the5ers";"Buy";"2017.12.21 12:00:00";"1.33780";"0.42";"2017.12.21 14:27:00";"1.33543";"-101.64";"18176.18";"OOS1";"SL";"-99.54";"36.12";"2h 27m";""
"4";"GBPUSD_DukasM1_the5ers";"Buy";"2017.12.26 20:00:00";"1.33809";"0.52";"2017.12.27 11:22:00";"1.34001";"96.01";"18272.20";"OOS1";"PT";"-71.24";"99.84";"15h 22m";""
"5";"GBPUSD_DukasM1_the5ers";"Buy";"2018.01.08 18:00:00";"1.35809";"0.38";"2018.01.09 09:36:00";"1.35549";"-101.60";"18170.60";"OOS1";"SL";"-98.80";"15.20";"15h 36m";""
"6";"GBPUSD_DukasM1_the5ers";"Buy";"2018.01.11 16:00:00";"1.35247";"0.3";"2018.01.12 02:11:00";"1.35580";"97.69";"18268.29";"OOS1";"PT";"-6.90";"99.90";"10h 11m";""
"7";"GBPUSD_DukasM1_the5ers";"Buy";"2018.01.30 12:00:00";"1.40729";"0.2";"2018.01.30 13:58:00";"1.41228";"98.80";"18367.09";"OOS1";"PT";"-17.20";"99.80";"1h 58m";""
"8";"GBPUSD_DukasM1_the5ers";"Buy";"2018.02.14 18:00:00";"1.39594";"0.17";"2018.02.14 22:59:00";"1.40161";"95.54";"18462.63";"OOS1";"PT";"-31.45";"96.39";"4h 59m";""
"9";"GBPUSD_DukasM1_the5ers";"Buy";"2018.02.20 12:00:00";"1.40039";"0.24";"2018.02.21 10:25:00";"1.39637";"-98.25";"18364.38";"OOS1";"SL";"-96.48";"48.72";"22h 25m";""
"10";"GBPUSD_DukasM1_the5ers";"Buy";"2018.02.22 16:00:00";"1.39196";"0.21";"2018.02.22 19:31:00";"1.39658";"95.97";"18460.35";"OOS1";"PT";"-20.79";"97.02";"3h 31m";""
"11";"GBPUSD_DukasM1_the5ers";"Buy";"2018.03.01 16:00:00";"1.37726";"0.26";"2018.03.01 17:00:00";"1.37354";"-98.02";"18362.33";"OOS1";"SL";"-96.72";"15.86";"1h 0m";""
"12";"GBPUSD_DukasM1_the5ers";"Buy";"2018.03.19 12:00:00";"1.39736";"0.33";"2018.03.19 12:03:00";"1.40035";"97.02";"18459.35";"OOS1";"PT";"-0.99";"98.67";"3m 0s";""
"13";"GBPUSD_DukasM1_the5ers";"Buy";"2018.04.24 13:00:00";"1.39572";"0.34";"2018.04.24 19:21:00";"1.39865";"97.92";"18557.27";"OOS1";"PT";"-64.94";"99.62";"6h 21m";""
"14";"GBPUSD_DukasM1_the5ers";"Buy";"2018.04.26 14:00:00";"1.39634";"0.32";"2018.04.26 16:28:00";"1.39945";"97.92";"18655.19";"OOS1";"PT";"-38.08";"99.52";"2h 28m";""
"15";"GBPUSD_DukasM1_the5ers";"Buy";"2018.06.01 13:00:00";"1.33024";"0.31";"2018.06.01 15:43:00";"1.33342";"97.03";"18752.22";"OOS1";"PT";"-60.14";"98.58";"2h 43m";""
"16";"GBPUSD_DukasM1_the5ers";"Buy";"2018.06.15 12:00:00";"1.32720";"0.27";"2018.06.18 10:19:00";"1.32352";"-101.35";"18650.88";"OOS1";"SL";"-99.36";"69.66";"2d 22h 19m";""
"17";"GBPUSD_DukasM1_the5ers";"Buy";"2018.06.21 15:00:00";"1.32167";"0.25";"2018.06.21 16:35:00";"1.32565";"98.25";"18749.13";"OOS1";"PT";"-39.25";"99.50";"1h 35m";""
"18";"GBPUSD_DukasM1_the5ers";"Buy";"2018.06.25 15:00:00";"1.32833";"0.28";"2018.06.26 12:11:00";"1.32483";"-100.06";"18649.06";"OOS1";"SL";"-98.00";"23.80";"21h 11m";""
"19";"GBPUSD_DukasM1_the5ers";"Buy";"2018.07.13 18:00:00";"1.32006";"0.27";"2018.07.13 23:56:00";"1.32377";"98.18";"18747.25";"OOS1";"PT";"-9.45";"100.17";"5h 56m";""
"20";"GBPUSD_DukasM1_the5ers";"Buy";"2018.07.27 18:00:00";"1.31281";"0.34";"2018.07.27 23:56:00";"1.30986";"-102.80";"18644.45";"OOS1";"SL";"-100.30";"2.04";"5h 56m";""
"21";"GBPUSD_DukasM1_the5ers";"Buy";"2018.08.20 14:00:00";"1.27500";"0.42";"2018.08.20 16:28:00";"1.27737";"97.44";"18741.88";"OOS1";"PT";"-7.56";"99.54";"2h 28m";""
"22";"GBPUSD_DukasM1_the5ers";"Buy";"2018.08.23 14:00:00";"1.29088";"0.31";"2018.08.23 15:20:00";"1.28768";"-100.75";"18641.13";"OOS1";"SL";"-99.20";"0.00";"1h 20m";""
"23";"GBPUSD_DukasM1_the5ers";"Buy";"2018.08.29 13:00:00";"1.28866";"0.37";"2018.08.29 16:57:00";"1.29134";"97.31";"18738.45";"OOS1";"PT";"-82.88";"99.16";"3h 57m";""
"24";"GBPUSD_DukasM1_the5ers";"Buy";"2018.11.05 17:00:00";"1.30265";"0.24";"2018.11.06 01:27:00";"1.30675";"96.63";"18835.08";"OOS1";"PT";"-33.84";"98.40";"8h 27m";""
"25";"GBPUSD_DukasM1_the5ers";"Buy";"2018.11.19 10:00:00";"1.28574";"0.22";"2018.11.19 13:56:00";"1.28131";"-98.56";"18736.52";"OOS1";"SL";"-97.46";"57.42";"3h 56m";""
"26";"GBPUSD_DukasM1_the5ers";"Buy";"2019.01.14 14:00:00";"1.28743";"0.24";"2019.01.14 17:55:00";"1.29163";"99.60";"18836.12";"OOS1";"PT";"-85.44";"100.80";"3h 55m";""
"27";"GBPUSD_DukasM1_the5ers";"Buy";"2019.02.07 16:00:00";"1.29698";"0.31";"2019.02.08 09:43:00";"1.29376";"-102.10";"18734.02";"OOS1";"SL";"-99.82";"81.53";"17h 43m";""
"28";"GBPUSD_DukasM1_the5ers";"Buy";"2019.02.22 18:00:00";"1.30579";"0.25";"2019.02.25 10:22:00";"1.30969";"95.66";"18829.68";"OOS1";"PT";"-28.00";"97.50";"2d 16h 22m";""
"29";"GBPUSD_DukasM1_the5ers";"Buy";"2019.03.01 17:00:00";"1.32728";"0.27";"2019.03.01 18:03:00";"1.32358";"-101.25";"18728.43";"OOS1";"SL";"-99.90";"36.72";"1h 3m";""
"30";"GBPUSD_DukasM1_the5ers";"Buy";"2019.03.25 15:00:00";"1.32264";"0.2";"2019.03.25 18:11:00";"1.31765";"-100.80";"18627.63";"OOS1";"SL";"-99.80";"34.40";"3h 11m";""
"31";"GBPUSD_DukasM1_the5ers";"Buy";"2019.03.29 15:00:00";"1.31053";"0.18";"2019.03.29 17:31:00";"1.30511";"-98.46";"18529.17";"OOS1";"SL";"-97.56";"31.14";"2h 31m";""
"32";"GBPUSD_DukasM1_the5ers";"Buy";"2019.04.02 21:00:00";"1.31098";"0.19";"2019.04.03 09:31:00";"1.31623";"98.35";"18627.52";"OOS1";"PT";"-7.98";"99.75";"12h 31m";""
"33";"GBPUSD_DukasM1_the5ers";"Buy";"2019.04.24 13:00:00";"1.29395";"0.48";"2019.04.24 17:26:00";"1.29605";"98.40";"18725.92";"OOS1";"PT";"-42.72";"100.80";"4h 26m";""
"34";"GBPUSD_DukasM1_the5ers";"Buy";"2019.05.03 18:00:00";"1.31152";"0.3";"2019.05.03 18:07:00";"1.31482";"97.50";"18823.42";"OOS1";"PT";"-2.10";"99.00";"7m 0s";""
"35";"GBPUSD_DukasM1_the5ers";"Buy";"2019.05.21 16:00:00";"1.27371";"0.44";"2019.05.21 16:35:00";"1.27146";"-101.20";"18722.22";"OOS1";"SL";"-99.00";"11.88";"35m 0s";""
"36";"GBPUSD_DukasM1_the5ers";"Buy";"2019.06.03 21:00:00";"1.26651";"0.3";"2019.06.04 16:55:00";"1.26978";"95.89";"18818.11";"OOS1";"PT";"-69.90";"98.10";"19h 55m";""
"37";"GBPUSD_DukasM1_the5ers";"Buy";"2019.06.06 13:00:00";"1.26955";"0.39";"2019.06.06 14:54:00";"1.27209";"97.11";"18915.22";"OOS1";"PT";"-41.34";"99.06";"1h 54m";""
"38";"GBPUSD_DukasM1_the5ers";"Buy";"2019.06.18 19:00:00";"1.25461";"0.36";"2019.06.19 11:30:00";"1.25735";"95.99";"19011.21";"OOS1";"PT";"-30.96";"98.64";"16h 30m";""
"39";"GBPUSD_DukasM1_the5ers";"Buy";"2019.06.26 14:00:00";"1.26896";"0.35";"2019.06.27 12:47:00";"1.27180";"95.17";"19106.38";"OOS1";"PT";"-91.35";"99.40";"22h 47m";""
"40";"GBPUSD_DukasM1_the5ers";"Buy";"2019.07.08 13:00:00";"1.25369";"0.52";"2019.07.08 14:23:00";"1.25178";"-101.92";"19004.46";"OOS1";"SL";"-99.32";"14.04";"1h 23m";""
"41";"GBPUSD_DukasM1_the5ers";"Buy";"2019.07.30 13:00:00";"1.21875";"0.26";"2019.07.30 17:41:00";"1.21499";"-99.06";"18905.40";"OOS1";"SL";"-97.76";"5.98";"4h 41m";""
"42";"GBPUSD_DukasM1_the5ers";"Buy";"2019.08.01 18:00:00";"1.21542";"0.21";"2019.08.02 04:12:00";"1.21083";"-97.94";"18807.47";"OOS1";"SL";"-96.39";"35.91";"10h 12m";""
"43";"GBPUSD_DukasM1_the5ers";"Buy";"2019.08.05 14:00:00";"1.21657";"0.24";"2019.08.05 18:04:00";"1.21245";"-100.08";"18707.39";"OOS1";"SL";"-98.88";"20.16";"4h 4m";""
"44";"GBPUSD_DukasM1_the5ers";"Buy";"2019.09.03 18:00:00";"1.20914";"0.19";"2019.09.04 10:01:00";"1.21427";"96.07";"18803.46";"OOS1";"PT";"-29.07";"97.47";"16h 1m";""
"45";"GBPUSD_DukasM1_the5ers";"Buy";"2019.09.09 12:00:00";"1.23145";"0.29";"2019.09.09 12:35:00";"1.23491";"98.89";"18902.35";"OOS1";"PT";"-5.80";"100.34";"35m 0s";""
"46";"GBPUSD_DukasM1_the5ers";"Buy";"2019.09.12 17:00:00";"1.23460";"0.27";"2019.09.13 09:43:00";"1.23827";"97.10";"18999.45";"OOS1";"PT";"-69.39";"99.09";"16h 43m";""
"47";"GBPUSD_DukasM1_the5ers";"Buy";"2019.10.01 20:00:00";"1.23185";"0.21";"2019.10.01 20:16:00";"1.22712";"-100.38";"18899.07";"OOS1";"SL";"-99.33";"23.73";"16m 0s";""
"48";"GBPUSD_DukasM1_the5ers";"Buy";"2019.10.07 14:00:00";"1.23308";"0.31";"2019.10.07 21:21:00";"1.22994";"-98.89";"18800.18";"OOS1";"SL";"-97.34";"7.44";"7h 21m";""
"49";"GBPUSD_DukasM1_the5ers";"Buy";"2019.10.15 01:00:00";"1.26287";"0.16";"2019.10.15 09:33:00";"1.26909";"98.72";"18898.90";"OOS1";"PT";"-42.08";"99.52";"8h 33m";""
"50";"GBPUSD_DukasM1_the5ers";"Buy";"2019.11.20 20:00:00";"1.29215";"0.4";"2019.11.21 12:01:00";"1.29468";"96.37";"18995.27";"OOS1";"PT";"-43.20";"101.20";"16h 1m";""
"51";"GBPUSD_DukasM1_the5ers";"Buy";"2019.11.27 12:00:00";"1.28615";"0.42";"2019.11.27 13:00:00";"1.28850";"96.60";"19091.87";"OOS1";"PT";"-6.30";"98.70";"1h 0m";""
"52";"GBPUSD_DukasM1_the5ers";"Buy";"2019.11.29 18:00:00";"1.29364";"0.37";"2019.12.02 05:18:00";"1.29094";"-102.62";"18989.25";"OOS1";"SL";"-100.64";"20.35";"2d 11h 18m";""
"53";"GBPUSD_DukasM1_the5ers";"Buy";"2019.12.02 15:00:00";"1.29318";"0.43";"2019.12.03 09:23:00";"1.29552";"97.46";"19086.70";"OOS1";"PT";"-56.76";"100.62";"18h 23m";""
"54";"GBPUSD_DukasM1_the5ers";"Buy";"2020.02.10 12:00:00";"1.29109";"0.38";"2020.02.10 15:09:00";"1.29372";"98.04";"19184.74";"OOS1";"PT";"-12.54";"99.94";"3h 9m";""
"55";"GBPUSD_DukasM1_the5ers";"Buy";"2020.02.13 10:00:00";"1.29783";"0.46";"2020.02.13 11:21:00";"1.29565";"-102.58";"19082.16";"OOS1";"SL";"-100.28";"24.84";"1h 21m";""
"56";"GBPUSD_DukasM1_the5ers";"Buy";"2020.02.18 13:00:00";"1.30291";"0.39";"2020.02.18 19:09:00";"1.30038";"-100.62";"18981.54";"OOS1";"SL";"-98.67";"76.05";"6h 9m";""
"57";"GBPUSD_DukasM1_the5ers";"Buy";"2020.03.30 15:00:00";"1.24273";"0.1";"2020.03.31 03:54:00";"1.23274";"-100.64";"18880.91";"OOS1";"SL";"-99.90";"13.40";"12h 54m";""
"58";"GBPUSD_DukasM1_the5ers";"Buy";"2020.05.14 13:00:00";"1.22237";"0.23";"2020.05.14 15:37:00";"1.21819";"-97.29";"18783.62";"OOS1";"SL";"-96.14";"4.37";"2h 37m";""
"59";"GBPUSD_DukasM1_the5ers";"Buy";"2020.05.21 12:00:00";"1.22253";"0.29";"2020.05.22 10:06:00";"1.21915";"-100.15";"18683.46";"OOS1";"SL";"-98.02";"69.89";"22h 6m";""
"60";"GBPUSD_DukasM1_the5ers";"Buy";"2020.06.04 15:00:00";"1.25689";"0.25";"2020.06.04 15:33:00";"1.25296";"-99.50";"18583.96";"OOS1";"SL";"-98.25";"4.00";"33m 0s";""
"61";"GBPUSD_DukasM1_the5ers";"Buy";"2020.06.15 12:00:00";"1.25420";"0.19";"2020.06.15 21:15:00";"1.25947";"99.18";"18683.14";"OOS1";"PT";"-70.87";"100.13";"9h 15m";""
"62";"GBPUSD_DukasM1_the5ers";"Buy";"2020.06.25 12:00:00";"1.24441";"0.25";"2020.06.25 16:37:00";"1.24052";"-98.50";"18584.64";"OOS1";"SL";"-97.25";"29.50";"4h 37m";""
"63";"GBPUSD_DukasM1_the5ers";"Buy";"2020.07.07 15:00:00";"1.25184";"0.31";"2020.07.07 16:51:00";"1.25502";"97.03";"18681.67";"OOS1";"PT";"-0.93";"98.58";"1h 51m";""
"64";"GBPUSD_DukasM1_the5ers";"Buy";"2020.07.10 12:00:00";"1.25970";"0.33";"2020.07.10 16:02:00";"1.26272";"98.01";"18779.68";"OOS1";"PT";"-39.27";"99.66";"4h 2m";""
"65";"GBPUSD_DukasM1_the5ers";"Buy";"2020.07.15 02:00:00";"1.25712";"0.3";"2020.07.15 10:06:00";"1.26041";"97.20";"18876.88";"OOS1";"PT";"-24.00";"98.70";"8h 6m";""
"66";"GBPUSD_DukasM1_the5ers";"Buy";"2020.07.16 17:00:00";"1.25881";"0.26";"2020.07.16 21:04:00";"1.25507";"-98.54";"18778.34";"OOS1";"SL";"-97.24";"95.42";"4h 4m";""
"67";"GBPUSD_DukasM1_the5ers";"Buy";"2020.07.17 06:00:00";"1.25655";"0.31";"2020.07.17 15:31:00";"1.25338";"-99.82";"18678.52";"OOS1";"SL";"-98.27";"16.74";"9h 31m";""
"68";"GBPUSD_DukasM1_the5ers";"Buy";"2020.07.20 11:00:00";"1.25744";"0.29";"2020.07.20 14:04:00";"1.26085";"97.44";"18775.96";"OOS1";"PT";"-27.84";"98.89";"3h 4m";""
"69";"GBPUSD_DukasM1_the5ers";"Buy";"2020.08.03 12:00:00";"1.31013";"0.22";"2020.08.03 12:49:00";"1.30567";"-99.22";"18676.74";"OOS1";"SL";"-98.12";"1.54";"49m 0s";""
"70";"GBPUSD_DukasM1_the5ers";"Buy";"2020.08.10 17:00:00";"1.30949";"0.24";"2020.08.11 22:09:00";"1.30534";"-101.37";"18575.38";"OOS1";"SL";"-99.60";"88.08";"1d 5h 9m";""
"71";"GBPUSD_DukasM1_the5ers";"Buy";"2020.08.12 18:00:00";"1.30572";"0.24";"2020.08.12 23:59:00";"1.30326";"-60.24";"18515.13";"OOS1";"EndTest";"-88.08";"0.00";"5h 59m";""
"1";"GBPUSD_DukasM1_the5ers";"Buy";"2020.08.13 04:00:00";"1.30567";"0.29";"2020.08.13 11:50:00";"1.30914";"99.18";"18614.32";"OOS1";"PT";"-22.33";"100.63";"7h 50m";""
"2";"GBPUSD_DukasM1_the5ers";"Buy";"2020.08.20 13:00:00";"1.31170";"0.24";"2020.08.20 18:29:00";"1.31578";"96.72";"18711.04";"OOS1";"PT";"-89.52";"97.92";"5h 29m";""
"3";"GBPUSD_DukasM1_the5ers";"Buy";"2020.08.31 18:00:00";"1.33891";"0.22";"2020.09.01 10:52:00";"1.34338";"96.72";"18807.76";"OOS1";"PT";"-72.82";"98.34";"16h 52m";""
"4";"GBPUSD_DukasM1_the5ers";"Buy";"2020.09.09 17:00:00";"1.30020";"0.18";"2020.09.10 15:09:00";"1.29464";"-102.25";"18705.50";"OOS1";"SL";"-100.08";"58.86";"22h 9m";""
"5";"GBPUSD_DukasM1_the5ers";"Buy";"2020.09.23 13:00:00";"1.27348";"0.21";"2020.09.25 10:09:00";"1.27825";"97.14";"18802.64";"OOS1";"PT";"-93.45";"100.17";"1d 21h 9m";""
"6";"GBPUSD_DukasM1_the5ers";"Buy";"2020.10.05 12:00:00";"1.29529";"0.23";"2020.10.06 06:30:00";"1.29962";"97.90";"18900.54";"OOS1";"PT";"-45.54";"99.59";"18h 30m";""
"7";"GBPUSD_DukasM1_the5ers";"Buy";"2020.10.14 14:00:00";"1.29496";"0.24";"2020.10.14 15:09:00";"1.29905";"96.96";"18997.50";"OOS1";"PT";"-2.88";"98.16";"1h 9m";""
"8";"GBPUSD_DukasM1_the5ers";"Buy";"2020.10.20 17:00:00";"1.29693";"0.23";"2020.10.21 10:14:00";"1.30125";"97.67";"19095.16";"OOS1";"PT";"-89.70";"99.36";"17h 14m";""
"9";"GBPUSD_DukasM1_the5ers";"Buy";"2020.10.26 12:00:00";"1.30494";"0.27";"2020.10.26 14:53:00";"1.30124";"-101.25";"18993.91";"OOS1";"SL";"-99.90";"67.77";"2h 53m";""
"10";"GBPUSD_DukasM1_the5ers";"Buy";"2020.10.27 05:00:00";"1.30394";"0.32";"2020.10.27 10:10:00";"1.30083";"-101.12";"18892.79";"OOS1";"SL";"-99.52";"16.00";"5h 10m";""
"11";"GBPUSD_DukasM1_the5ers";"Buy";"2020.11.02 16:00:00";"1.29353";"0.23";"2020.11.02 17:33:00";"1.28927";"-99.13";"18793.66";"OOS1";"SL";"-97.98";"0.00";"1h 33m";""
"12";"GBPUSD_DukasM1_the5ers";"Buy";"2020.11.03 04:00:00";"1.29277";"0.29";"2020.11.03 10:22:00";"1.29624";"99.18";"18892.84";"OOS1";"PT";"-37.99";"100.63";"6h 22m";""
"13";"GBPUSD_DukasM1_the5ers";"Buy";"2020.11.19 14:00:00";"1.32547";"0.28";"2020.11.19 15:36:00";"1.32200";"-98.56";"18794.28";"OOS1";"SL";"-97.16";"8.40";"1h 36m";""
"14";"GBPUSD_DukasM1_the5ers";"Buy";"2020.12.15 14:00:00";"1.33764";"0.19";"2020.12.15 18:07:00";"1.34281";"97.28";"18891.56";"OOS1";"PT";"-33.44";"98.23";"4h 7m";""
"15";"GBPUSD_DukasM1_the5ers";"Buy";"2020.12.21 21:00:00";"1.33698";"0.15";"2020.12.21 21:09:00";"1.34358";"98.25";"18989.81";"OOS1";"PT";"-2.70";"99.00";"9m 0s";""
"16";"GBPUSD_DukasM1_the5ers";"Buy";"2021.01.11 19:00:00";"1.35207";"0.21";"2021.01.12 09:31:00";"1.35676";"96.94";"19086.76";"OOS1";"PT";"-35.07";"98.49";"14h 31m";""
"17";"GBPUSD_DukasM1_the5ers";"Buy";"2021.01.18 19:00:00";"1.35823";"0.28";"2021.01.19 12:05:00";"1.36178";"97.34";"19184.10";"OOS1";"PT";"-26.60";"99.40";"17h 5m";""
"18";"GBPUSD_DukasM1_the5ers";"Buy";"2021.01.26 14:00:00";"1.36748";"0.29";"2021.01.26 15:40:00";"1.37087";"96.86";"19280.96";"OOS1";"PT";"-12.18";"98.31";"1h 40m";""
"19";"GBPUSD_DukasM1_the5ers";"Buy";"2021.01.28 16:00:00";"1.36823";"0.23";"2021.01.28 17:15:00";"1.37252";"97.52";"19378.48";"OOS1";"PT";"-3.22";"98.67";"1h 15m";""
"20";"GBPUSD_DukasM1_the5ers";"Buy";"2021.02.04 15:00:00";"1.36647";"0.25";"2021.02.05 10:19:00";"1.37036";"95.41";"19473.89";"OOS1";"PT";"-35.25";"97.25";"19h 19m";""
"21";"GBPUSD_DukasM1_the5ers";"Buy";"2021.02.12 17:00:00";"1.38203";"0.36";"2021.02.12 17:53:00";"1.38480";"97.92";"19571.81";"OOS1";"PT";"-12.96";"99.72";"53m 0s";""
"22";"GBPUSD_DukasM1_the5ers";"Buy";"2021.03.02 14:00:00";"1.39273";"0.21";"2021.03.02 20:24:00";"1.39743";"97.65";"19669.46";"OOS1";"PT";"-65.73";"98.70";"6h 24m";""
"23";"GBPUSD_DukasM1_the5ers";"Buy";"2021.03.16 16:00:00";"1.38793";"0.28";"2021.03.17 09:00:00";"1.39148";"97.34";"19766.80";"OOS1";"PT";"-29.12";"99.40";"17h 0m";""
"24";"GBPUSD_DukasM1_the5ers";"Buy";"2021.03.24 12:00:00";"1.37306";"0.26";"2021.03.24 20:40:00";"1.36927";"-99.84";"19666.96";"OOS1";"SL";"-98.54";"6.24";"8h 40m";""
"25";"GBPUSD_DukasM1_the5ers";"Buy";"2021.03.29 11:00:00";"1.37964";"0.32";"2021.03.29 11:30:00";"1.38276";"98.24";"19765.20";"OOS1";"PT";"-32.96";"99.84";"30m 0s";""
"26";"GBPUSD_DukasM1_the5ers";"Buy";"2021.04.12 12:00:00";"1.37409";"0.3";"2021.04.12 15:45:00";"1.37736";"96.60";"19861.80";"OOS1";"PT";"-22.20";"98.10";"3h 45m";""
"27";"GBPUSD_DukasM1_the5ers";"Buy";"2021.04.16 13:00:00";"1.37784";"0.32";"2021.04.16 15:08:00";"1.38100";"99.52";"19961.32";"OOS1";"PT";"-14.40";"101.12";"2h 8m";""
"28";"GBPUSD_DukasM1_the5ers";"Buy";"2021.04.27 14:00:00";"1.39114";"0.31";"2021.04.28 04:30:00";"1.38791";"-102.41";"19858.91";"OOS1";"SL";"-100.13";"38.75";"14h 30m";""
"29";"GBPUSD_DukasM1_the5ers";"Buy";"2021.05.17 19:00:00";"1.41260";"0.31";"2021.05.18 04:13:00";"1.41584";"98.16";"19957.06";"OOS1";"PT";"-4.03";"100.44";"9h 13m";""
"30";"GBPUSD_DukasM1_the5ers";"Buy";"2021.05.31 18:00:00";"1.42136";"0.35";"2021.06.01 04:12:00";"1.42420";"96.82";"20053.89";"OOS1";"PT";"-49.00";"99.40";"10h 12m";""
"31";"GBPUSD_DukasM1_the5ers";"Buy";"2021.06.02 16:00:00";"1.41674";"0.34";"2021.06.03 13:00:00";"1.41970";"96.53";"20150.42";"OOS1";"PT";"-82.62";"100.64";"21h 0m";""
"32";"GBPUSD_DukasM1_the5ers";"Buy";"2021.06.07 14:00:00";"1.41494";"0.35";"2021.06.07 15:50:00";"1.41782";"99.05";"20249.47";"OOS1";"PT";"-5.25";"100.80";"1h 50m";""
"33";"GBPUSD_DukasM1_the5ers";"Buy";"2021.06.10 16:00:00";"1.41487";"0.34";"2021.06.11 06:00:00";"1.41782";"97.80";"20347.27";"OOS1";"PT";"-97.92";"100.30";"14h 0m";""
"34";"GBPUSD_DukasM1_the5ers";"Buy";"2021.07.02 16:00:00";"1.37800";"0.34";"2021.07.02 20:07:00";"1.38093";"97.92";"20445.19";"OOS1";"PT";"-71.74";"99.62";"4h 7m";""
"35";"GBPUSD_DukasM1_the5ers";"Buy";"2021.07.16 12:00:00";"1.38591";"0.3";"2021.07.16 12:46:00";"1.38260";"-100.80";"20344.39";"OOS1";"SL";"-99.30";"0.00";"46m 0s";""
"36";"GBPUSD_DukasM1_the5ers";"Buy";"2021.07.26 13:00:00";"1.37932";"0.34";"2021.07.26 16:35:00";"1.38227";"98.60";"20442.99";"OOS1";"PT";"-68.00";"100.30";"3h 35m";""
"37";"GBPUSD_DukasM1_the5ers";"Buy";"2021.08.10 12:00:00";"1.38644";"0.45";"2021.08.10 16:12:00";"1.38424";"-101.25";"20341.74";"OOS1";"SL";"-99.00";"4.95";"4h 12m";""
"38";"GBPUSD_DukasM1_the5ers";"Buy";"2021.08.11 16:00:00";"1.38602";"0.42";"2021.08.11 20:02:00";"1.38840";"97.86";"20439.60";"OOS1";"PT";"-56.28";"99.96";"4h 2m";""
"39";"GBPUSD_DukasM1_the5ers";"Buy";"2021.08.16 15:00:00";"1.38653";"0.44";"2021.08.16 16:46:00";"1.38427";"-101.64";"20337.96";"OOS1";"SL";"-99.44";"30.80";"1h 46m";""
"40";"GBPUSD_DukasM1_the5ers";"Buy";"2021.09.13 18:00:00";"1.38487";"0.39";"2021.09.14 10:44:00";"1.38746";"98.14";"20436.10";"OOS1";"PT";"-87.75";"101.01";"16h 44m";""
"41";"GBPUSD_DukasM1_the5ers";"Buy";"2021.09.22 19:00:00";"1.36677";"0.36";"2021.09.22 21:00:00";"1.36399";"-101.88";"20334.22";"OOS1";"SL";"-100.08";"2.88";"2h 0m";""
"42";"GBPUSD_DukasM1_the5ers";"Buy";"2021.09.27 12:00:00";"1.37020";"0.34";"2021.09.28 10:26:00";"1.36729";"-101.44";"20232.78";"OOS1";"SL";"-98.94";"90.78";"22h 26m";""
"43";"GBPUSD_DukasM1_the5ers";"Buy";"2021.10.18 10:00:00";"1.37360";"0.4";"2021.10.18 18:08:00";"1.37109";"-102.40";"20130.38";"OOS1";"SL";"-100.40";"44.80";"8h 8m";""
"44";"GBPUSD_DukasM1_the5ers";"Buy";"2021.10.19 04:00:00";"1.37522";"0.43";"2021.10.19 08:41:00";"1.37756";"98.47";"20228.85";"OOS1";"PT";"-21.50";"100.62";"4h 41m";""
"45";"GBPUSD_DukasM1_the5ers";"Buy";"2021.10.20 18:00:00";"1.38154";"0.31";"2021.10.21 20:49:00";"1.37839";"-101.39";"20127.45";"OOS1";"SL";"-97.65";"58.59";"1d 2h 49m";""
"46";"GBPUSD_DukasM1_the5ers";"Buy";"2021.11.15 14:00:00";"1.34404";"0.36";"2021.11.15 22:35:00";"1.34130";"-100.44";"20027.01";"OOS1";"SL";"-98.64";"32.04";"8h 35m";""
"47";"GBPUSD_DukasM1_the5ers";"Buy";"2021.11.26 13:00:00";"1.33186";"0.4";"2021.11.26 15:08:00";"1.33436";"98.00";"20125.01";"OOS1";"PT";"-2.00";"100.00";"2h 8m";""
"48";"GBPUSD_DukasM1_the5ers";"Buy";"2021.12.13 14:00:00";"1.32600";"0.36";"2021.12.13 17:54:00";"1.32323";"-101.52";"20023.49";"OOS1";"SL";"-99.72";"30.60";"3h 54m";""
"49";"GBPUSD_DukasM1_the5ers";"Buy";"2021.12.14 12:00:00";"1.32223";"0.4";"2021.12.14 13:34:00";"1.32473";"98.00";"20121.49";"OOS1";"PT";"-18.00";"100.00";"1h 34m";""
"50";"GBPUSD_DukasM1_the5ers";"Buy";"2021.12.20 16:00:00";"1.32392";"0.34";"2021.12.20 17:46:00";"1.32104";"-99.62";"20021.87";"OOS1";"SL";"-97.92";"13.60";"1h 46m";""
"51";"GBPUSD_DukasM1_the5ers";"Buy";"2021.12.29 14:00:00";"1.34387";"0.44";"2021.12.29 15:53:00";"1.34615";"98.12";"20119.99";"OOS1";"PT";"-68.64";"100.32";"1h 53m";""
"52";"GBPUSD_DukasM1_the5ers";"Buy";"2022.01.03 11:00:00";"1.35224";"0.37";"2022.01.03 15:11:00";"1.34957";"-100.64";"20019.35";"OOS1";"SL";"-98.79";"19.98";"4h 11m";""
"53";"GBPUSD_DukasM1_the5ers";"Buy";"2022.01.06 15:00:00";"1.35399";"0.33";"2022.01.07 16:45:00";"1.35704";"98.22";"20117.57";"OOS1";"PT";"-79.53";"100.65";"1d 1h 45m";""
"54";"GBPUSD_DukasM1_the5ers";"Buy";"2022.02.11 11:00:00";"1.35597";"0.27";"2022.02.11 15:14:00";"1.35971";"99.63";"20217.20";"OOS1";"PT";"-35.64";"100.98";"4h 14m";""
"55";"GBPUSD_DukasM1_the5ers";"Buy";"2022.03.02 14:00:00";"1.33290";"0.25";"2022.03.02 18:32:00";"1.33684";"97.25";"20314.45";"OOS1";"PT";"-48.25";"98.50";"4h 32m";""
"56";"GBPUSD_DukasM1_the5ers";"Buy";"2022.03.11 14:00:00";"1.31086";"0.25";"2022.03.11 18:16:00";"1.30695";"-99.00";"20215.45";"OOS1";"SL";"-97.75";"40.00";"4h 16m";""
"57";"GBPUSD_DukasM1_the5ers";"Buy";"2022.03.21 16:00:00";"1.31735";"0.32";"2022.03.21 17:42:00";"1.32046";"97.92";"20313.37";"OOS1";"PT";"-10.56";"99.52";"1h 42m";""
"58";"GBPUSD_DukasM1_the5ers";"Buy";"2022.03.22 11:00:00";"1.31770";"0.29";"2022.03.22 12:56:00";"1.32117";"99.18";"20412.55";"OOS1";"PT";"-13.34";"100.63";"1h 56m";""
"59";"GBPUSD_DukasM1_the5ers";"Buy";"2022.04.06 12:00:00";"1.30973";"0.34";"2022.04.06 17:04:00";"1.30679";"-101.66";"20310.89";"OOS1";"SL";"-99.96";"35.70";"5h 4m";""
"60";"GBPUSD_DukasM1_the5ers";"Buy";"2022.04.07 04:00:00";"1.30768";"0.34";"2022.04.07 10:08:00";"1.31060";"97.58";"20408.47";"OOS1";"PT";"-28.90";"99.28";"6h 8m";""
"61";"GBPUSD_DukasM1_the5ers";"Buy";"2022.04.11 13:00:00";"1.30526";"0.32";"2022.04.11 14:30:00";"1.30220";"-99.52";"20308.95";"OOS1";"SL";"-97.92";"9.92";"1h 30m";""
"62";"GBPUSD_DukasM1_the5ers";"Buy";"2022.04.13 18:00:00";"1.30374";"0.3";"2022.04.13 18:56:00";"1.30706";"98.10";"20407.05";"OOS1";"PT";"-5.40";"99.60";"56m 0s";""
"63";"GBPUSD_DukasM1_the5ers";"Buy";"2022.04.18 15:00:00";"1.30392";"0.42";"2022.04.18 17:53:00";"1.30155";"-101.64";"20305.41";"OOS1";"SL";"-99.54";"22.26";"2h 53m";""
"64";"GBPUSD_DukasM1_the5ers";"Buy";"2022.04.19 12:00:00";"1.30403";"0.4";"2022.04.19 13:13:00";"1.30154";"-101.60";"20203.81";"OOS1";"SL";"-99.60";"0.80";"1h 13m";""
"65";"GBPUSD_DukasM1_the5ers";"Buy";"2022.04.20 04:00:00";"1.30188";"0.39";"2022.04.20 06:28:00";"1.30446";"98.67";"20302.48";"OOS1";"PT";"-31.59";"100.62";"2h 28m";""
"66";"GBPUSD_DukasM1_the5ers";"Buy";"2022.05.02 11:00:00";"1.25738";"0.25";"2022.05.02 17:05:00";"1.25340";"-100.75";"20201.73";"OOS1";"SL";"-99.50";"34.00";"6h 5m";""
"67";"GBPUSD_DukasM1_the5ers";"Buy";"2022.05.06 14:00:00";"1.23744";"0.16";"2022.05.06 16:39:00";"1.23145";"-96.64";"20105.09";"OOS1";"SL";"-95.84";"8.16";"2h 39m";""
"68";"GBPUSD_DukasM1_the5ers";"Buy";"2022.05.09 13:00:00";"1.23165";"0.19";"2022.05.09 14:56:00";"1.23684";"97.66";"20202.75";"OOS1";"PT";"-10.07";"98.61";"1h 56m";""
"69";"GBPUSD_DukasM1_the5ers";"Buy";"2022.05.16 14:00:00";"1.22656";"0.23";"2022.05.16 21:32:00";"1.23095";"99.82";"20302.57";"OOS1";"PT";"-68.31";"100.97";"7h 32m";""
"70";"GBPUSD_DukasM1_the5ers";"Buy";"2022.05.31 19:00:00";"1.26253";"0.26";"2022.06.01 07:06:00";"1.25873";"-100.71";"20201.86";"OOS1";"SL";"-98.80";"7.28";"12h 6m";""
"71";"GBPUSD_DukasM1_the5ers";"Buy";"2022.06.07 17:00:00";"1.25244";"0.22";"2022.06.07 17:47:00";"1.25684";"95.70";"20297.56";"OOS1";"PT";"-12.98";"96.80";"47m 0s";""
"72";"GBPUSD_DukasM1_the5ers";"Buy";"2022.06.22 13:00:00";"1.22531";"0.23";"2022.06.22 16:43:00";"1.22970";"99.82";"20397.38";"OOS1";"PT";"-42.55";"100.97";"3h 43m";""
"73";"GBPUSD_DukasM1_the5ers";"Buy";"2022.06.23 06:00:00";"1.22549";"0.23";"2022.06.23 10:15:00";"1.22128";"-97.98";"20299.40";"OOS1";"SL";"-96.83";"20.01";"4h 15m";""
"74";"GBPUSD_DukasM1_the5ers";"Buy";"2022.07.12 18:00:00";"1.18878";"0.21";"2022.07.13 09:00:00";"1.19348";"97.15";"20396.55";"OOS1";"PT";"-38.01";"98.70";"15h 0m";""
"75";"GBPUSD_DukasM1_the5ers";"Buy";"2022.07.25 11:00:00";"1.19933";"0.21";"2022.07.25 12:10:00";"1.20401";"97.23";"20493.78";"OOS1";"PT";"-28.14";"98.28";"1h 10m";""
"76";"GBPUSD_DukasM1_the5ers";"Buy";"2022.08.16 17:00:00";"1.20923";"0.26";"2022.08.17 09:00:00";"1.21299";"95.85";"20589.63";"OOS1";"PT";"-47.58";"97.76";"16h 0m";""
"77";"GBPUSD_DukasM1_the5ers";"Buy";"2022.08.18 13:00:00";"1.20699";"0.25";"2022.08.18 16:27:00";"1.20300";"-101.00";"20488.63";"OOS1";"SL";"-99.75";"23.50";"3h 27m";""
"78";"GBPUSD_DukasM1_the5ers";"Buy";"2022.08.26 13:00:00";"1.18333";"0.27";"2022.08.26 16:09:00";"1.18706";"99.36";"20587.99";"OOS1";"PT";"-51.30";"100.71";"3h 9m";""
"79";"GBPUSD_DukasM1_the5ers";"Buy";"2022.08.29 13:00:00";"1.16866";"0.23";"2022.08.29 15:31:00";"1.17289";"96.14";"20684.13";"OOS1";"PT";"-22.54";"97.29";"2h 31m";""
"80";"GBPUSD_DukasM1_the5ers";"Buy";"2022.09.05 12:00:00";"1.14900";"0.23";"2022.09.06 01:09:00";"1.15331";"97.44";"20781.57";"OOS1";"PT";"-23.00";"99.13";"13h 9m";""
"81";"GBPUSD_DukasM1_the5ers";"Buy";"2022.09.07 23:00:00";"1.15308";"0.19";"2022.09.08 10:53:00";"1.14795";"-99.77";"20681.80";"OOS1";"SL";"-97.47";"19.19";"11h 53m";""
"82";"GBPUSD_DukasM1_the5ers";"Buy";"2022.09.19 18:00:00";"1.14099";"0.24";"2022.09.20 03:01:00";"1.14505";"95.67";"20777.47";"OOS1";"PT";"-23.52";"97.44";"9h 1m";""
"83";"GBPUSD_DukasM1_the5ers";"Buy";"2022.09.22 12:00:00";"1.13257";"0.18";"2022.09.22 16:37:00";"1.12705";"-100.26";"20677.21";"OOS1";"SL";"-99.36";"68.58";"4h 37m";""
"84";"GBPUSD_DukasM1_the5ers";"Buy";"2022.09.26 12:00:00";"1.07540";"0.06";"2022.09.26 15:48:00";"1.09021";"88.56";"20765.78";"OOS1";"PT";"-49.74";"88.86";"3h 48m";""
"85";"GBPUSD_DukasM1_the5ers";"Buy";"2022.09.27 03:00:00";"1.07658";"0.06";"2022.09.28 14:02:00";"1.06210";"-87.32";"20678.45";"OOS1";"SL";"-86.88";"44.22";"1d 11h 2m";""
"86";"GBPUSD_DukasM1_the5ers";"Buy";"2022.09.28 18:00:00";"1.07469";"0.08";"2022.09.28 19:02:00";"1.08689";"97.20";"20775.65";"OOS1";"PT";"-10.00";"97.60";"1h 2m";""
"87";"GBPUSD_DukasM1_the5ers";"Buy";"2022.10.03 09:00:00";"1.12489";"0.1";"2022.10.04 08:53:00";"1.13455";"95.86";"20871.52";"OOS1";"PT";"-88.10";"96.60";"23h 53m";""
"88";"GBPUSD_DukasM1_the5ers";"Buy";"2022.10.20 15:00:00";"1.12520";"0.17";"2022.10.20 17:19:00";"1.13087";"95.54";"20967.06";"OOS1";"PT";"-18.02";"96.39";"2h 19m";""
"89";"GBPUSD_DukasM1_the5ers";"Buy";"2022.10.21 19:00:00";"1.12887";"0.12";"2022.10.24 00:05:00";"1.13685";"94.88";"21061.93";"OOS1";"PT";"-85.68";"126.48";"2d 5h 5m";""
"90";"GBPUSD_DukasM1_the5ers";"Buy";"2022.10.28 18:00:00";"1.15914";"0.17";"2022.10.31 12:39:00";"1.15350";"-97.13";"20964.80";"OOS1";"SL";"-95.88";"54.57";"2d 18h 39m";""
"91";"GBPUSD_DukasM1_the5ers";"Buy";"2022.11.14 10:00:00";"1.17894";"0.16";"2022.11.14 16:44:00";"1.17280";"-99.04";"20865.76";"OOS1";"SL";"-98.24";"62.24";"6h 44m";""
"92";"GBPUSD_DukasM1_the5ers";"Buy";"2022.11.22 05:00:00";"1.18585";"0.24";"2022.11.22 15:09:00";"1.19000";"98.40";"20964.16";"OOS1";"PT";"-82.56";"99.60";"10h 9m";""
"93";"GBPUSD_DukasM1_the5ers";"Buy";"2022.11.30 21:00:00";"1.20054";"0.15";"2022.11.30 22:17:00";"1.20722";"99.45";"21063.61";"OOS1";"PT";"-11.85";"100.20";"1h 17m";""
"94";"GBPUSD_DukasM1_the5ers";"Buy";"2022.12.07 13:00:00";"1.21758";"0.19";"2022.12.07 19:54:00";"1.22267";"95.76";"21159.37";"OOS1";"PT";"-69.54";"96.71";"6h 54m";""
"95";"GBPUSD_DukasM1_the5ers";"Buy";"2023.01.03 05:00:00";"1.20791";"0.33";"2023.01.03 09:49:00";"1.20494";"-99.66";"21059.71";"OOS1";"SL";"-98.01";"18.48";"4h 49m";""
"96";"GBPUSD_DukasM1_the5ers";"Buy";"2023.01.30 13:00:00";"1.24097";"0.28";"2023.01.30 15:57:00";"1.23747";"-99.40";"20960.31";"OOS1";"SL";"-98.00";"4.76";"2h 57m";""
"97";"GBPUSD_DukasM1_the5ers";"Buy";"2023.02.03 12:00:00";"1.22459";"0.22";"2023.02.03 15:30:00";"1.22006";"-100.76";"20859.55";"OOS1";"SL";"-99.66";"42.24";"3h 30m";""
"98";"GBPUSD_DukasM1_the5ers";"Buy";"2023.02.07 20:00:00";"1.20843";"0.2";"2023.02.07 20:15:00";"1.20365";"-96.60";"20762.95";"OOS1";"SL";"-95.60";"11.60";"15m 0s";""
"99";"GBPUSD_DukasM1_the5ers";"Buy";"2023.02.17 16:00:00";"1.19702";"0.26";"2023.02.17 17:12:00";"1.20087";"98.80";"20861.75";"OOS1";"PT";"-14.04";"100.10";"1h 12m";""
"100";"GBPUSD_DukasM1_the5ers";"Buy";"2023.02.21 12:00:00";"1.20914";"0.26";"2023.02.21 17:40:00";"1.21302";"99.58";"20961.33";"OOS1";"PT";"-77.22";"100.88";"5h 40m";""
"101";"GBPUSD_DukasM1_the5ers";"Buy";"2023.03.06 19:00:00";"1.20467";"0.28";"2023.03.07 11:43:00";"1.20112";"-101.46";"20859.87";"OOS1";"SL";"-99.40";"50.96";"16h 43m";""
"102";"GBPUSD_DukasM1_the5ers";"Buy";"2023.04.10 12:00:00";"1.24285";"0.42";"2023.04.10 15:05:00";"1.24049";"-101.22";"20758.65";"OOS1";"SL";"-99.12";"57.96";"3h 5m";""
"1";"GBPUSD_DukasM1_the5ers";"Buy";"2023.04.24 12:00:00";"1.24517";"0.3";"2023.04.25 01:00:00";"1.24859";"100.39";"20859.04";"OOS1";"PT";"-76.50";"102.60";"13h 0m";""
"2";"GBPUSD_DukasM1_the5ers";"Buy";"2023.05.17 20:00:00";"1.25043";"0.25";"2023.05.18 08:52:00";"1.24646";"-102.27";"20756.77";"OOS1";"SL";"-99.25";"14.00";"12h 52m";""
"3";"GBPUSD_DukasM1_the5ers";"Buy";"2023.05.25 12:00:00";"1.23677";"0.28";"2023.05.25 16:39:00";"1.23329";"-98.84";"20657.93";"OOS1";"SL";"-97.44";"53.20";"4h 39m";""
"4";"GBPUSD_DukasM1_the5ers";"Buy";"2023.06.19 09:00:00";"1.28223";"0.33";"2023.06.19 17:02:00";"1.27920";"-101.64";"20556.29";"OOS1";"SL";"-99.99";"26.07";"8h 2m";""
"5";"GBPUSD_DukasM1_the5ers";"Buy";"2023.07.10 19:00:00";"1.28353";"0.25";"2023.07.11 05:59:00";"1.28756";"98.91";"20655.20";"OOS1";"PT";"-12.00";"100.75";"10h 59m";""
"6";"GBPUSD_DukasM1_the5ers";"Buy";"2023.07.28 13:00:00";"1.28184";"0.21";"2023.07.28 14:10:00";"1.28656";"98.07";"20753.27";"OOS1";"PT";"-11.34";"99.12";"1h 10m";""
"7";"GBPUSD_DukasM1_the5ers";"Buy";"2023.08.03 20:00:00";"1.27192";"0.2";"2023.08.04 16:07:00";"1.27705";"101.13";"20854.40";"OOS1";"PT";"-67.00";"102.60";"20h 7m";""
"8";"GBPUSD_DukasM1_the5ers";"Buy";"2023.08.07 11:00:00";"1.27433";"0.27";"2023.08.07 16:31:00";"1.27803";"98.55";"20952.95";"OOS1";"PT";"-72.09";"99.90";"5h 31m";""
"9";"GBPUSD_DukasM1_the5ers";"Buy";"2023.08.21 15:00:00";"1.27596";"0.3";"2023.08.21 17:15:00";"1.27266";"-100.50";"20852.45";"OOS1";"SL";"-99.00";"14.70";"2h 15m";""
"10";"GBPUSD_DukasM1_the5ers";"Buy";"2023.08.25 14:00:00";"1.26133";"0.28";"2023.08.25 17:04:00";"1.26491";"98.84";"20951.29";"OOS1";"PT";"-72.24";"100.24";"3h 4m";""
"11";"GBPUSD_DukasM1_the5ers";"Buy";"2023.09.20 18:00:00";"1.23993";"0.34";"2023.09.20 21:01:00";"1.23700";"-101.32";"20849.97";"OOS1";"SL";"-99.62";"74.12";"3h 1m";""
"12";"GBPUSD_DukasM1_the5ers";"Buy";"2023.10.03 17:00:00";"1.20967";"0.28";"2023.10.03 17:04:00";"1.20616";"-99.68";"20750.29";"OOS1";"SL";"-98.28";"0.00";"4m 0s";""
"13";"GBPUSD_DukasM1_the5ers";"Buy";"2023.10.09 21:00:00";"1.22326";"0.23";"2023.10.10 18:52:00";"1.22765";"99.28";"20849.57";"OOS1";"PT";"-48.76";"100.97";"21h 52m";""
"14";"GBPUSD_DukasM1_the5ers";"Buy";"2023.10.26 16:00:00";"1.21246";"0.31";"2023.10.27 16:38:00";"1.21574";"99.40";"20948.97";"OOS1";"PT";"-83.39";"101.68";"1d 0h 38m";""
"15";"GBPUSD_DukasM1_the5ers";"Buy";"2023.11.08 18:00:00";"1.22865";"0.32";"2023.11.09 13:45:00";"1.22557";"-102.43";"20846.54";"OOS1";"SL";"-98.56";"69.76";"19h 45m";""
"16";"GBPUSD_DukasM1_the5ers";"Buy";"2023.11.16 12:00:00";"1.24011";"0.29";"2023.11.16 15:45:00";"1.24355";"98.31";"20944.85";"OOS1";"PT";"-56.26";"99.76";"3h 45m";""
"17";"GBPUSD_DukasM1_the5ers";"Buy";"2023.12.13 22:00:00";"1.26269";"0.2";"2023.12.14 13:21:00";"1.26763";"96.38";"21041.24";"OOS1";"PT";"-37.00";"98.80";"15h 21m";""
"18";"GBPUSD_DukasM1_the5ers";"Buy";"2023.12.21 14:00:00";"1.26661";"0.28";"2023.12.22 09:00:00";"1.27024";"99.58";"21140.81";"OOS1";"PT";"-65.52";"101.64";"19h 0m";""
"19";"GBPUSD_DukasM1_the5ers";"Buy";"2024.01.05 17:00:00";"1.27021";"0.27";"2024.01.05 17:00:00";"1.27400";"100.98";"21241.79";"OOS1";"PT";"-7.56";"102.33";"0s";""
"20";"GBPUSD_DukasM1_the5ers";"Buy";"2024.01.08 17:00:00";"1.27290";"0.27";"2024.01.08 19:03:00";"1.27660";"98.55";"21340.35";"OOS1";"PT";"-22.14";"99.90";"2h 3m";""
"21";"GBPUSD_DukasM1_the5ers";"Buy";"2024.01.26 12:00:00";"1.27143";"0.33";"2024.01.26 13:10:00";"1.27450";"99.66";"21440.01";"OOS1";"PT";"-0.99";"101.31";"1h 10m";""
"22";"GBPUSD_DukasM1_the5ers";"Buy";"2024.02.01 19:00:00";"1.27248";"0.22";"2024.02.02 12:04:00";"1.27697";"97.16";"21537.17";"OOS1";"PT";"-3.52";"98.78";"17h 4m";""
"23";"GBPUSD_DukasM1_the5ers";"Buy";"2024.02.20 12:00:00";"1.26032";"0.48";"2024.02.20 15:31:00";"1.26244";"99.36";"21636.53";"OOS1";"PT";"-78.24";"101.76";"3h 31m";""
"24";"GBPUSD_DukasM1_the5ers";"Buy";"2024.03.19 20:00:00";"1.27294";"0.4";"2024.03.20 09:00:00";"1.27049";"-100.94";"21535.58";"OOS1";"SL";"-98.00";"0.40";"13h 0m";""
"25";"GBPUSD_DukasM1_the5ers";"Buy";"2024.04.05 12:00:00";"1.26368";"0.45";"2024.04.05 15:30:00";"1.26146";"-102.15";"21433.43";"OOS1";"SL";"-99.90";"34.65";"3h 30m";""
"26";"GBPUSD_DukasM1_the5ers";"Buy";"2024.04.08 17:00:00";"1.26461";"0.38";"2024.04.09 12:42:00";"1.26730";"99.42";"21532.86";"OOS1";"PT";"-42.18";"102.22";"19h 42m";""
"27";"GBPUSD_DukasM1_the5ers";"Buy";"2024.04.16 13:00:00";"1.24521";"0.33";"2024.04.16 20:30:00";"1.24224";"-99.66";"21433.20";"OOS1";"SL";"-98.01";"65.01";"7h 30m";""
"28";"GBPUSD_DukasM1_the5ers";"Buy";"2024.04.19 13:00:00";"1.24526";"0.32";"2024.04.19 18:11:00";"1.24218";"-100.16";"21333.04";"OOS1";"SL";"-98.56";"49.92";"5h 11m";""
"29";"GBPUSD_DukasM1_the5ers";"Buy";"2024.05.01 12:00:00";"1.24980";"0.4";"2024.05.01 21:39:00";"1.25236";"100.40";"21433.44";"OOS1";"PT";"-88.00";"102.40";"9h 39m";""
"30";"GBPUSD_DukasM1_the5ers";"Buy";"2024.05.07 17:00:00";"1.25585";"0.45";"2024.05.07 18:41:00";"1.25362";"-102.60";"21330.83";"OOS1";"SL";"-100.35";"6.75";"1h 41m";""
"31";"GBPUSD_DukasM1_the5ers";"Buy";"2024.05.08 14:00:00";"1.24956";"0.48";"2024.05.08 15:30:00";"1.24750";"-101.28";"21229.55";"OOS1";"SL";"-98.88";"24.48";"1h 30m";""
"32";"GBPUSD_DukasM1_the5ers";"Buy";"2024.05.09 05:00:00";"1.24958";"0.51";"2024.05.09 10:02:00";"1.24764";"-101.49";"21128.06";"OOS1";"SL";"-98.94";"28.56";"5h 2m";""
"33";"GBPUSD_DukasM1_the5ers";"Buy";"2024.05.30 12:00:00";"1.27125";"0.45";"2024.05.30 17:47:00";"1.27353";"100.35";"21228.41";"OOS1";"PT";"-41.85";"102.60";"5h 47m";""
"34";"GBPUSD_DukasM1_the5ers";"Buy";"2024.06.03 18:00:00";"1.27717";"0.34";"2024.06.03 23:00:00";"1.28015";"99.62";"21328.04";"OOS1";"PT";"-2.38";"101.32";"5h 0m";""
"35";"GBPUSD_DukasM1_the5ers";"Buy";"2024.06.10 19:00:00";"1.27311";"0.36";"2024.06.12 11:38:00";"1.27592";"97.66";"21425.70";"OOS1";"PT";"-91.44";"101.16";"1d 16h 38m";""
"36";"GBPUSD_DukasM1_the5ers";"Buy";"2024.06.17 19:00:00";"1.26874";"0.42";"2024.06.18 02:29:00";"1.27119";"99.81";"21525.50";"OOS1";"PT";"-1.68";"102.90";"7h 29m";""
"37";"GBPUSD_DukasM1_the5ers";"Buy";"2024.07.02 14:00:00";"1.26421";"0.43";"2024.07.02 15:51:00";"1.26660";"100.62";"21626.13";"OOS1";"PT";"-5.16";"102.77";"1h 51m";""
"38";"GBPUSD_DukasM1_the5ers";"Buy";"2024.07.09 17:00:00";"1.28155";"0.48";"2024.07.09 17:43:00";"1.27946";"-102.72";"21523.40";"OOS1";"SL";"-100.32";"26.88";"43m 0s";""
"39";"GBPUSD_DukasM1_the5ers";"Buy";"2024.07.16 23:00:00";"1.29747";"0.43";"2024.07.17 10:32:00";"1.29983";"98.32";"21621.72";"OOS1";"PT";"-38.27";"101.48";"11h 32m";""
"40";"GBPUSD_DukasM1_the5ers";"Buy";"2024.07.24 13:00:00";"1.29091";"0.48";"2024.07.24 16:09:00";"1.29306";"100.80";"21722.52";"OOS1";"PT";"-44.64";"103.20";"3h 9m";""
"41";"GBPUSD_DukasM1_the5ers";"Buy";"2024.08.08 18:00:00";"1.27139";"0.27";"2024.08.08 21:47:00";"1.27509";"98.55";"21821.07";"OOS1";"PT";"-2.16";"99.90";"3h 47m";""
"42";"GBPUSD_DukasM1_the5ers";"Buy";"2024.09.23 16:00:00";"1.33279";"0.26";"2024.09.24 11:31:00";"1.33666";"98.71";"21919.78";"OOS1";"PT";"-40.82";"100.62";"19h 31m";""
"43";"GBPUSD_DukasM1_the5ers";"Buy";"2024.10.17 14:00:00";"1.30077";"0.35";"2024.10.17 16:12:00";"1.29793";"-101.15";"21818.63";"OOS1";"SL";"-99.40";"52.85";"2h 12m";""
"44";"GBPUSD_DukasM1_the5ers";"Buy";"2024.11.07 08:00:00";"1.29305";"0.22";"2024.11.07 16:27:00";"1.29770";"101.20";"21919.83";"OOS1";"PT";"-73.70";"102.30";"8h 27m";""
"45";"GBPUSD_DukasM1_the5ers";"Buy";"2024.11.14 18:00:00";"1.27077";"0.24";"2024.11.14 22:04:00";"1.26674";"-97.92";"21821.91";"OOS1";"SL";"-96.72";"29.52";"4h 4m";""
"46";"GBPUSD_DukasM1_the5ers";"Buy";"2024.11.25 16:00:00";"1.26114";"0.24";"2024.11.25 17:03:00";"1.25712";"-97.68";"21724.23";"OOS1";"SL";"-96.48";"3.36";"1h 3m";""
"47";"GBPUSD_DukasM1_the5ers";"Buy";"2025.01.13 20:00:00";"1.21737";"0.19";"2025.01.14 00:46:00";"1.22259";"97.78";"21822.01";"OOS1";"PT";"-20.52";"99.18";"4h 46m";""
"48";"GBPUSD_DukasM1_the5ers";"Buy";"2025.01.23 16:00:00";"1.23235";"0.29";"2025.01.23 18:45:00";"1.23582";"99.18";"21921.19";"OOS1";"PT";"-69.31";"100.63";"2h 45m";""
"49";"GBPUSD_DukasM1_the5ers";"Buy";"2025.01.31 19:00:00";"1.24458";"0.25";"2025.01.31 20:28:00";"1.24061";"-100.50";"21820.69";"OOS1";"SL";"-99.25";"64.25";"1h 28m";""
"50";"GBPUSD_DukasM1_the5ers";"Buy";"2025.05.01 12:00:00";"1.33247";"0.27";"2025.05.01 17:51:00";"1.32885";"-99.09";"21721.60";"OOS1";"SL";"-97.74";"55.35";"5h 51m";""
"51";"GBPUSD_DukasM1_the5ers";"Buy";"2025.05.28 12:00:00";"1.35093";"0.32";"2025.05.28 14:49:00";"1.34783";"-100.80";"21620.80";"OOS1";"SL";"-99.20";"31.36";"2h 49m";""
"52";"GBPUSD_DukasM1_the5ers";"Buy";"2025.06.16 09:00:00";"1.35712";"0.24";"2025.06.16 16:57:00";"1.36129";"98.88";"21719.68";"OOS1";"PT";"-32.16";"100.08";"7h 57m";""
"53";"GBPUSD_DukasM1_the5ers";"Buy";"2025.06.23 18:00:00";"1.34883";"0.2";"2025.06.24 01:19:00";"1.35397";"101.33";"21821.01";"OOS1";"PT";"-36.80";"102.80";"7h 19m";""
"54";"GBPUSD_DukasM1_the5ers";"Buy";"2025.07.07 18:00:00";"1.36362";"0.3";"2025.07.07 19:54:00";"1.36033";"-100.20";"21720.81";"OOS1";"SL";"-98.70";"22.50";"1h 54m";""
"55";"GBPUSD_DukasM1_the5ers";"Buy";"2025.07.14 14:00:00";"1.34884";"0.3";"2025.07.14 17:45:00";"1.34557";"-99.60";"21621.21";"OOS1";"SL";"-98.10";"9.90";"3h 45m";""
"56";"GBPUSD_DukasM1_the5ers";"Buy";"2025.07.16 19:00:00";"1.34237";"0.23";"2025.07.17 09:00:00";"1.33818";"-99.15";"21522.06";"OOS1";"SL";"-96.37";"52.67";"14h 0m";""
"57";"GBPUSD_DukasM1_the5ers";"Buy";"2025.07.30 04:00:00";"1.33659";"0.31";"2025.07.30 15:35:00";"1.33343";"-99.51";"21422.55";"OOS1";"SL";"-97.96";"60.45";"11h 35m";""
"58";"GBPUSD_DukasM1_the5ers";"Buy";"2025.08.01 16:00:00";"1.32844";"0.19";"2025.08.01 20:05:00";"1.32319";"-100.70";"21321.85";"OOS1";"SL";"-99.75";"49.21";"4h 5m";""
"59";"GBPUSD_DukasM1_the5ers";"Buy";"2025.08.04 13:00:00";"1.32924";"0.21";"2025.08.06 18:10:00";"1.33412";"100.44";"21422.29";"OOS1";"PT";"-69.51";"102.48";"2d 5h 10m";""
"60";"GBPUSD_DukasM1_the5ers";"Buy";"2025.08.21 12:00:00";"1.34661";"0.36";"2025.08.21 16:45:00";"1.34386";"-100.80";"21321.49";"OOS1";"SL";"-99.00";"58.68";"4h 45m";""
"61";"GBPUSD_DukasM1_the5ers";"Buy";"2025.08.29 18:00:00";"1.35097";"0.33";"2025.09.01 09:42:00";"1.35402";"98.22";"21419.71";"OOS1";"PT";"-51.15";"100.65";"2d 15h 42m";""
"62";"GBPUSD_DukasM1_the5ers";"Buy";"2025.09.11 16:00:00";"1.35452";"0.31";"2025.09.11 18:22:00";"1.35776";"98.89";"21518.60";"OOS1";"PT";"-18.60";"100.44";"2h 22m";""
"63";"GBPUSD_DukasM1_the5ers";"Buy";"2025.09.18 13:00:00";"1.36454";"0.27";"2025.09.18 15:30:00";"1.36095";"-98.28";"21420.32";"OOS1";"SL";"-96.93";"40.77";"2h 30m";""
"64";"GBPUSD_DukasM1_the5ers";"Buy";"2025.10.10 19:00:00";"1.33424";"0.23";"2025.10.14 09:18:00";"1.32998";"-100.22";"21320.10";"OOS1";"SL";"-97.98";"54.51";"3d 14h 18m";""
"65";"GBPUSD_DukasM1_the5ers";"Buy";"2025.10.27 12:00:00";"1.33453";"0.33";"2025.10.28 10:39:00";"1.33156";"-100.44";"21219.66";"OOS1";"SL";"-98.01";"79.53";"22h 39m";""
"66";"GBPUSD_DukasM1_the5ers";"Buy";"2025.12.26 16:00:00";"1.35170";"0.37";"2025.12.26 18:21:00";"1.34902";"-101.01";"21118.65";"OOS1";"SL";"-99.16";"31.82";"2h 21m";""
"67";"GBPUSD_DukasM1_the5ers";"Buy";"2025.12.31 15:00:00";"1.34671";"0.37";"2025.12.31 16:40:00";"1.34406";"-99.90";"21018.75";"OOS1";"SL";"-98.05";"34.04";"1h 40m";""
