"Ticket";"Symbol";"Type";"Open time";"Open price";"Size";"Close time";"Close price";"Profit/Loss";"Balance";"Sample type";"Close type";"MAE ($)";"MFE ($)";"Time in trade";"Comment"
"1";"XAUUSD_DukasM1_Infinox";"Buy";"2003.05.30 02:00:00";"364.94";"0.17";"2003.06.02 12:07:00";"360.56";"-76.52";"9923.48";"IS";"Exit After X Bars";"-78.20";"65.54";"3d 10h 7m";""
"2";"XAUUSD_DukasM1_Infinox";"Buy";"2003.06.06 01:07:00";"367.18";"0.21";"2003.06.06 16:23:00";"362.54";"-98.49";"9824.99";"IS";"SL";"-97.44";"23.48";"15h 16m";""
"3";"XAUUSD_DukasM1_Infinox";"Buy";"2003.06.13 01:01:00";"352.87";"0.22";"2003.06.16 09:42:00";"359.50";"143.25";"9968.24";"IS";"PT";"-31.48";"145.86";"3d 8h 41m";""
"4";"XAUUSD_DukasM1_Infinox";"Buy";"2003.06.20 00:01:00";"360.77";"0.21";"2003.06.20 19:31:00";"356.17";"-97.65";"9870.59";"IS";"SL";"-96.60";"27.49";"19h 30m";""
"5";"XAUUSD_DukasM1_Infinox";"Buy";"2003.06.27 00:08:00";"343.20";"0.24";"2003.06.30 12:07:00";"344.30";"23.60";"9894.19";"IS";"Exit After X Bars";"-36.17";"59.76";"3d 11h 59m";""
"6";"XAUUSD_DukasM1_Infinox";"Buy";"2003.07.04 02:07:00";"350.23";"0.28";"2003.07.07 12:05:00";"350.35";"0.05";"9894.25";"IS";"Exit After X Bars";"-11.37";"34.83";"3d 9h 58m";""
"7";"XAUUSD_DukasM1_Infinox";"Buy";"2003.07.11 00:02:00";"344.31";"0.28";"2003.07.14 12:07:00";"343.81";"-17.27";"9876.97";"IS";"Exit After X Bars";"-50.74";"10.08";"3d 12h 5m";""
"8";"XAUUSD_DukasM1_Infinox";"Buy";"2003.07.18 02:31:00";"343.36";"0.28";"2003.07.21 12:05:00";"347.45";"111.25";"9988.22";"IS";"Exit After X Bars";"-26.52";"127.68";"3d 9h 34m";""
"9";"XAUUSD_DukasM1_Infinox";"Buy";"2003.07.25 00:04:00";"362.00";"0.23";"2003.07.29 01:03:00";"363.96";"40.69";"10028.91";"IS";"Exit After X Bars";"-73.26";"104.47";"4d 0h 59m";""
"10";"XAUUSD_DukasM1_Infinox";"Buy";"2003.08.01 00:01:00";"353.90";"0.22";"2003.08.01 22:07:00";"349.48";"-98.34";"9930.57";"IS";"SL";"-97.24";"35.16";"22h 6m";""
"11";"XAUUSD_DukasM1_Infinox";"Buy";"2003.08.08 00:16:00";"352.60";"0.23";"2003.08.11 12:00:00";"356.21";"80.30";"10010.88";"IS";"Exit After X Bars";"-21.27";"118.73";"3d 11h 44m";""
"12";"XAUUSD_DukasM1_Infinox";"Buy";"2003.08.15 00:03:00";"365.70";"0.18";"2003.08.18 12:01:00";"361.37";"-80.12";"9930.76";"IS";"Exit After X Bars";"-94.50";"12.87";"3d 11h 58m";""
"13";"XAUUSD_DukasM1_Infinox";"Buy";"2003.08.22 00:02:00";"360.39";"0.18";"2003.08.25 12:01:00";"362.67";"38.88";"9969.64";"IS";"Exit After X Bars";"-56.93";"59.49";"3d 11h 59m";""
"14";"XAUUSD_DukasM1_Infinox";"Buy";"2003.08.29 00:00:00";"369.40";"0.17";"2003.09.01 09:25:00";"377.94";"143.11";"10112.74";"IS";"PT";"-21.20";"145.18";"3d 9h 25m";""
"15";"XAUUSD_DukasM1_Infinox";"Buy";"2003.09.05 00:02:00";"372.90";"0.16";"2003.09.08 12:00:00";"374.80";"28.44";"10141.18";"IS";"Exit After X Bars";"-53.82";"86.37";"3d 11h 58m";""
"16";"XAUUSD_DukasM1_Infinox";"Buy";"2003.09.12 00:00:00";"379.59";"0.17";"2003.09.15 07:55:00";"373.93";"-98.32";"10042.86";"IS";"SL";"-96.22";"24.91";"3d 7h 55m";""
"17";"XAUUSD_DukasM1_Infinox";"Buy";"2003.09.19 00:00:00";"376.13";"0.19";"2003.09.22 02:58:00";"383.91";"145.48";"10188.34";"IS";"PT";"-38.08";"147.82";"3d 2h 58m";""
"18";"XAUUSD_DukasM1_Infinox";"Buy";"2003.09.26 00:04:00";"385.10";"0.16";"2003.09.26 18:53:00";"378.83";"-101.12";"10087.22";"IS";"SL";"-100.32";"12.00";"18h 49m";""
"19";"XAUUSD_DukasM1_Infinox";"Buy";"2003.10.03 00:00:00";"382.59";"0.18";"2003.10.03 19:09:00";"377.10";"-99.72";"9987.50";"IS";"SL";"-98.82";"52.90";"19h 9m";""
"20";"XAUUSD_DukasM1_Infinox";"Buy";"2003.10.10 01:04:00";"368.44";"0.17";"2003.10.13 12:00:00";"370.96";"40.77";"10028.27";"IS";"Exit After X Bars";"-7.00";"99.04";"3d 10h 56m";""
"21";"XAUUSD_DukasM1_Infinox";"Buy";"2003.10.17 00:01:00";"371.55";"0.2";"2003.10.17 16:50:00";"366.54";"-101.20";"9927.07";"IS";"SL";"-100.20";"10.30";"16h 49m";""
"22";"XAUUSD_DukasM1_Infinox";"Buy";"2003.10.24 00:05:00";"383.94";"0.19";"2003.10.24 19:45:00";"391.59";"144.40";"10071.47";"IS";"PT";"-16.21";"145.35";"19h 40m";""
"23";"XAUUSD_DukasM1_Infinox";"Buy";"2003.10.31 00:18:00";"382.79";"0.18";"2003.11.03 12:00:00";"382.41";"-9.08";"10062.39";"IS";"Exit After X Bars";"-34.52";"104.78";"3d 11h 42m";""
"24";"XAUUSD_DukasM1_Infinox";"Buy";"2003.11.07 00:00:00";"379.70";"0.16";"2003.11.10 12:00:00";"382.99";"50.66";"10113.05";"IS";"Exit After X Bars";"-73.95";"76.48";"3d 12h 0m";""
"25";"XAUUSD_DukasM1_Infinox";"Buy";"2003.11.14 00:09:00";"393.95";"0.16";"2003.11.17 12:00:00";"396.89";"45.01";"10158.07";"IS";"Exit After X Bars";"-13.74";"76.67";"3d 11h 51m";""
"26";"XAUUSD_DukasM1_Infinox";"Buy";"2003.11.21 00:00:00";"393.98";"0.15";"2003.11.24 12:00:00";"392.64";"-22.00";"10136.07";"IS";"Exit After X Bars";"-32.16";"52.77";"3d 12h 0m";""
"27";"XAUUSD_DukasM1_Infinox";"Buy";"2003.11.28 00:19:00";"395.00";"0.19";"2003.12.01 12:03:00";"397.79";"50.60";"10186.67";"IS";"Exit After X Bars";"-23.92";"72.22";"3d 11h 44m";""
"28";"XAUUSD_DukasM1_Infinox";"Buy";"2003.12.05 00:16:00";"402.50";"0.18";"2003.12.08 12:00:00";"408.04";"97.41";"10284.08";"IS";"Exit After X Bars";"-66.71";"107.23";"3d 11h 44m";""
"29";"XAUUSD_DukasM1_Infinox";"Buy";"2003.12.12 00:19:00";"404.70";"0.17";"2003.12.15 12:00:00";"404.02";"-13.75";"10270.33";"IS";"Exit After X Bars";"-66.86";"73.01";"3d 11h 41m";""
"30";"XAUUSD_DukasM1_Infinox";"Buy";"2003.12.19 00:10:00";"410.25";"0.17";"2003.12.22 12:00:00";"410.12";"-4.42";"10265.91";"IS";"Exit After X Bars";"-62.65";"9.32";"3d 11h 50m";""
"31";"XAUUSD_DukasM1_Infinox";"Buy";"2003.12.26 00:01:00";"411.39";"0.28";"2003.12.29 12:01:00";"413.35";"51.24";"10317.15";"IS";"Exit After X Bars";"-48.80";"71.88";"3d 12h 0m";""
"32";"XAUUSD_DukasM1_Infinox";"Buy";"2004.01.02 00:02:00";"415.09";"0.3";"2004.01.05 12:00:00";"416.76";"46.18";"10363.33";"IS";"Exit After X Bars";"-36.69";"89.37";"3d 11h 58m";""
"33";"XAUUSD_DukasM1_Infinox";"Buy";"2004.01.09 00:19:00";"423.21";"0.15";"2004.01.12 12:00:00";"427.63";"64.32";"10427.65";"IS";"Exit After X Bars";"-56.74";"78.74";"3d 11h 41m";""
"34";"XAUUSD_DukasM1_Infinox";"Buy";"2004.01.16 00:01:00";"408.50";"0.13";"2004.01.19 12:01:00";"406.59";"-26.51";"10401.14";"IS";"Exit After X Bars";"-52.87";"24.67";"3d 12h 0m";""
"35";"XAUUSD_DukasM1_Infinox";"Buy";"2004.01.23 00:26:00";"409.10";"0.16";"2004.01.26 12:00:00";"405.43";"-60.79";"10340.34";"IS";"Exit After X Bars";"-79.44";"51.15";"3d 11h 34m";""
"36";"XAUUSD_DukasM1_Infinox";"Buy";"2004.01.30 00:04:00";"398.69";"0.13";"2004.02.02 12:00:00";"400.89";"26.94";"10367.29";"IS";"Exit After X Bars";"-14.18";"57.94";"3d 11h 56m";""
"37";"XAUUSD_DukasM1_Infinox";"Buy";"2004.02.06 00:04:00";"396.37";"0.17";"2004.02.06 15:53:00";"404.60";"139.06";"10506.35";"IS";"PT";"-44.74";"139.91";"15h 49m";""
"38";"XAUUSD_DukasM1_Infinox";"Buy";"2004.02.13 00:01:00";"411.35";"0.16";"2004.02.16 12:01:00";"409.95";"-24.48";"10481.87";"IS";"Exit After X Bars";"-88.02";"81.42";"3d 12h 0m";""
"39";"XAUUSD_DukasM1_Infinox";"Buy";"2004.02.20 00:05:00";"409.49";"0.17";"2004.02.20 17:20:00";"403.84";"-96.90";"10384.97";"IS";"SL";"-96.05";"26.83";"17h 15m";""
"40";"XAUUSD_DukasM1_Infinox";"Buy";"2004.02.27 00:06:00";"394.54";"0.16";"2004.03.01 12:00:00";"397.59";"46.77";"10431.74";"IS";"Exit After X Bars";"-56.88";"79.54";"3d 11h 54m";""
"41";"XAUUSD_DukasM1_Infinox";"Buy";"2004.03.05 00:11:00";"392.42";"0.15";"2004.03.08 12:00:00";"398.79";"93.66";"10525.39";"IS";"Exit After X Bars";"-13.15";"126.51";"3d 11h 49m";""
"42";"XAUUSD_DukasM1_Infinox";"Buy";"2004.03.12 00:16:00";"402.60";"0.16";"2004.03.12 17:00:00";"396.34";"-100.96";"10424.43";"IS";"SL";"-100.16";"0.00";"16h 44m";""
"43";"XAUUSD_DukasM1_Infinox";"Buy";"2004.03.19 00:09:00";"410.82";"0.17";"2004.03.22 12:01:00";"412.70";"29.75";"10454.19";"IS";"Exit After X Bars";"-44.28";"40.78";"3d 11h 52m";""
"44";"XAUUSD_DukasM1_Infinox";"Buy";"2004.03.26 00:14:00";"416.01";"0.18";"2004.03.29 12:00:00";"419.95";"68.56";"10522.75";"IS";"Exit After X Bars";"-40.25";"128.45";"3d 11h 46m";""
"45";"XAUUSD_DukasM1_Infinox";"Buy";"2004.04.02 00:02:00";"425.67";"0.16";"2004.04.02 16:50:00";"419.47";"-100.00";"10422.75";"IS";"SL";"-99.20";"49.50";"16h 48m";""
"46";"XAUUSD_DukasM1_Infinox";"Buy";"2004.04.09 00:11:00";"419.44";"0.16";"2004.04.12 12:20:00";"419.86";"4.62";"10427.37";"IS";"Exit After X Bars";"-15.60";"25.57";"3d 12h 9m";""
"47";"XAUUSD_DukasM1_Infinox";"Buy";"2004.04.16 00:01:00";"398.46";"0.14";"2004.04.19 12:00:00";"403.99";"75.64";"10503.00";"IS";"Exit After X Bars";"-34.03";"91.81";"3d 11h 59m";""
"48";"XAUUSD_DukasM1_Infinox";"Buy";"2004.04.23 00:09:00";"392.06";"0.14";"2004.04.26 12:00:00";"395.23";"42.61";"10545.61";"IS";"Exit After X Bars";"-5.22";"58.42";"3d 11h 51m";""
"49";"XAUUSD_DukasM1_Infinox";"Buy";"2004.04.30 00:05:00";"387.42";"0.14";"2004.05.03 12:03:00";"387.89";"4.83";"10550.44";"IS";"Exit After X Bars";"-35.07";"40.95";"3d 11h 58m";""
"50";"XAUUSD_DukasM1_Infinox";"Buy";"2004.05.07 00:02:00";"387.04";"0.16";"2004.05.07 16:47:00";"380.86";"-99.68";"10450.76";"IS";"SL";"-98.88";"23.23";"16h 45m";""
"51";"XAUUSD_DukasM1_Infinox";"Buy";"2004.05.14 00:07:00";"374.16";"0.14";"2004.05.17 12:00:00";"380.26";"83.68";"10534.44";"IS";"Exit After X Bars";"-26.45";"117.74";"3d 11h 53m";""
"52";"XAUUSD_DukasM1_Infinox";"Buy";"2004.05.21 00:04:00";"379.22";"0.17";"2004.05.24 12:01:00";"383.09";"63.69";"10598.13";"IS";"Exit After X Bars";"-12.00";"129.64";"3d 11h 57m";""
"53";"XAUUSD_DukasM1_Infinox";"Buy";"2004.05.28 00:02:00";"394.51";"0.18";"2004.05.31 12:05:00";"394.83";"3.48";"10601.61";"IS";"Exit After X Bars";"-49.77";"33.71";"3d 12h 3m";""
"54";"XAUUSD_DukasM1_Infinox";"Buy";"2004.06.04 00:01:00";"388.07";"0.19";"2004.06.07 12:00:00";"392.62";"84.07";"10685.67";"IS";"Exit After X Bars";"-66.06";"94.11";"3d 11h 59m";""
"55";"XAUUSD_DukasM1_Infinox";"Buy";"2004.06.11 00:00:00";"385.24";"0.18";"2004.06.14 12:00:00";"381.80";"-64.17";"10621.50";"IS";"Exit After X Bars";"-69.16";"15.44";"3d 12h 0m";""
"56";"XAUUSD_DukasM1_Infinox";"Buy";"2004.06.18 00:00:00";"388.31";"0.19";"2004.06.21 12:03:00";"393.01";"86.92";"10708.42";"IS";"Exit After X Bars";"-55.86";"141.85";"3d 12h 3m";""
"57";"XAUUSD_DukasM1_Infinox";"Buy";"2004.06.25 00:02:00";"401.48";"0.17";"2004.06.28 12:00:00";"401.52";"-1.50";"10706.92";"IS";"Exit After X Bars";"-24.46";"24.00";"3d 11h 58m";""
"58";"XAUUSD_DukasM1_Infinox";"Buy";"2004.07.02 00:03:00";"395.57";"0.18";"2004.07.05 12:03:00";"397.91";"39.84";"10746.76";"IS";"Exit After X Bars";"-77.49";"66.58";"3d 12h 0m";""
"59";"XAUUSD_DukasM1_Infinox";"Buy";"2004.07.09 00:10:00";"407.52";"0.16";"2004.07.12 12:01:00";"407.66";"0.17";"10746.93";"IS";"Exit After X Bars";"-48.61";"12.13";"3d 11h 51m";""
"60";"XAUUSD_DukasM1_Infinox";"Buy";"2004.07.16 00:03:00";"403.80";"0.18";"2004.07.19 12:00:00";"405.93";"36.03";"10782.96";"IS";"Exit After X Bars";"-40.41";"66.38";"3d 11h 57m";""
"61";"XAUUSD_DukasM1_Infinox";"Buy";"2004.07.23 00:05:00";"393.84";"0.17";"2004.07.23 18:01:00";"387.92";"-101.49";"10681.47";"IS";"SL";"-100.64";"34.75";"17h 56m";""
"62";"XAUUSD_DukasM1_Infinox";"Buy";"2004.07.30 00:02:00";"387.04";"0.17";"2004.08.02 12:00:00";"393.33";"104.80";"10786.27";"IS";"Exit After X Bars";"-13.04";"115.89";"3d 11h 58m";""
"63";"XAUUSD_DukasM1_Infinox";"Buy";"2004.08.06 00:01:00";"392.29";"0.2";"2004.08.06 15:54:00";"399.68";"146.80";"10933.07";"IS";"PT";"-37.02";"147.80";"15h 53m";""
"64";"XAUUSD_DukasM1_Infinox";"Buy";"2004.08.13 00:01:00";"393.29";"0.19";"2004.08.16 12:00:00";"398.96";"105.33";"11038.39";"IS";"Exit After X Bars";"-36.37";"140.69";"3d 11h 59m";""
"65";"XAUUSD_DukasM1_Infinox";"Buy";"2004.08.20 00:07:00";"405.94";"0.2";"2004.08.20 18:04:00";"413.17";"143.60";"11181.99";"IS";"PT";"-38.62";"144.60";"17h 57m";""
"66";"XAUUSD_DukasM1_Infinox";"Buy";"2004.08.27 00:08:00";"405.80";"0.17";"2004.08.30 12:01:00";"403.51";"-41.12";"11140.87";"IS";"Exit After X Bars";"-87.07";"40.80";"3d 11h 53m";""
"67";"XAUUSD_DukasM1_Infinox";"Buy";"2004.09.03 00:05:00";"405.74";"0.19";"2004.09.03 16:18:00";"400.67";"-97.28";"11043.59";"IS";"SL";"-96.33";"13.55";"16h 13m";""
"68";"XAUUSD_DukasM1_Infinox";"Buy";"2004.09.10 00:02:00";"398.44";"0.19";"2004.09.13 12:00:00";"400.64";"39.38";"11082.97";"IS";"Exit After X Bars";"-9.35";"77.39";"3d 11h 58m";""
"69";"XAUUSD_DukasM1_Infinox";"Buy";"2004.09.17 00:00:00";"403.72";"0.2";"2004.09.20 12:00:00";"403.18";"-13.37";"11069.60";"IS";"Exit After X Bars";"-30.20";"58.26";"3d 12h 0m";""
"70";"XAUUSD_DukasM1_Infinox";"Buy";"2004.09.24 00:00:00";"408.88";"0.19";"2004.09.27 12:00:00";"406.91";"-39.89";"11029.71";"IS";"Exit After X Bars";"-59.38";"51.07";"3d 12h 0m";""
"71";"XAUUSD_DukasM1_Infinox";"Buy";"2004.10.01 00:19:00";"418.43";"0.19";"2004.10.04 12:00:00";"415.90";"-50.57";"10979.14";"IS";"Exit After X Bars";"-57.68";"18.07";"3d 11h 41m";""
"72";"XAUUSD_DukasM1_Infinox";"Buy";"2004.10.08 00:12:00";"417.10";"0.19";"2004.10.11 12:00:00";"420.41";"60.40";"11039.54";"IS";"Exit After X Bars";"-17.84";"120.88";"3d 11h 48m";""
"73";"XAUUSD_DukasM1_Infinox";"Buy";"2004.10.15 00:02:00";"417.31";"0.16";"2004.10.18 12:02:00";"418.69";"19.98";"11059.52";"IS";"Exit After X Bars";"-15.04";"59.04";"3d 12h 0m";""
"74";"XAUUSD_DukasM1_Infinox";"Buy";"2004.10.22 00:05:00";"423.03";"0.17";"2004.10.25 12:00:00";"428.39";"88.87";"11148.40";"IS";"Exit After X Bars";"-34.92";"106.17";"3d 11h 55m";""
"75";"XAUUSD_DukasM1_Infinox";"Buy";"2004.10.29 00:00:00";"424.00";"0.16";"2004.11.01 12:00:00";"427.43";"52.76";"11201.16";"IS";"Exit After X Bars";"-17.54";"92.77";"3d 12h 0m";""
"76";"XAUUSD_DukasM1_Infinox";"Buy";"2004.11.05 00:04:00";"428.64";"0.14";"2004.11.08 12:00:00";"432.31";"49.51";"11250.67";"IS";"Exit After X Bars";"-63.76";"85.71";"3d 11h 56m";""
"77";"XAUUSD_DukasM1_Infinox";"Buy";"2004.11.12 00:00:00";"434.19";"0.17";"2004.11.15 12:00:00";"438.66";"73.70";"11324.38";"IS";"Exit After X Bars";"-19.35";"88.32";"3d 12h 0m";""
"78";"XAUUSD_DukasM1_Infinox";"Buy";"2004.11.19 00:00:00";"442.53";"0.18";"2004.11.22 12:00:00";"446.06";"61.09";"11385.47";"IS";"Exit After X Bars";"-33.28";"97.18";"3d 12h 0m";""
"79";"XAUUSD_DukasM1_Infinox";"Buy";"2004.11.26 00:05:00";"451.02";"0.2";"2004.11.29 12:01:00";"449.84";"-26.35";"11359.11";"IS";"Exit After X Bars";"-57.14";"71.90";"3d 11h 56m";""
"80";"XAUUSD_DukasM1_Infinox";"Buy";"2004.12.03 00:00:00";"448.34";"0.16";"2004.12.06 12:00:00";"454.28";"92.85";"11451.96";"IS";"Exit After X Bars";"-19.39";"122.35";"3d 12h 0m";""
"81";"XAUUSD_DukasM1_Infinox";"Buy";"2004.12.10 00:07:00";"436.53";"0.12";"2004.12.13 12:00:00";"436.36";"-3.66";"11448.30";"IS";"Exit After X Bars";"-69.34";"10.85";"3d 11h 53m";""
"82";"XAUUSD_DukasM1_Infinox";"Buy";"2004.12.17 00:00:00";"436.87";"0.16";"2004.12.20 12:01:00";"441.01";"64.08";"11512.38";"IS";"Exit After X Bars";"-17.95";"79.20";"3d 12h 1m";""
"83";"XAUUSD_DukasM1_Infinox";"Buy";"2004.12.24 00:06:00";"440.95";"0.21";"2004.12.27 12:01:00";"441.95";"18.15";"11530.53";"IS";"Exit After X Bars";"-23.48";"44.23";"3d 11h 55m";""
"84";"XAUUSD_DukasM1_Infinox";"Buy";"2004.12.31 00:08:00";"437.17";"0.2";"2005.01.03 06:01:00";"432.30";"-100.10";"11430.43";"IS";"SL";"-97.40";"24.28";"3d 5h 53m";""
"85";"XAUUSD_DukasM1_Infinox";"Buy";"2005.01.07 00:00:00";"420.79";"0.17";"2005.01.10 12:00:00";"419.85";"-18.22";"11412.21";"IS";"Exit After X Bars";"-82.02";"62.65";"3d 12h 0m";""
"86";"XAUUSD_DukasM1_Infinox";"Buy";"2005.01.14 00:01:00";"424.49";"0.19";"2005.01.17 12:01:00";"421.81";"-53.44";"11358.77";"IS";"Exit After X Bars";"-95.32";"10.05";"3d 12h 0m";""
"87";"XAUUSD_DukasM1_Infinox";"Buy";"2005.01.21 00:00:00";"421.85";"0.21";"2005.01.24 12:00:00";"426.96";"104.54";"11463.31";"IS";"Exit After X Bars";"-45.42";"126.90";"3d 12h 0m";""
"88";"XAUUSD_DukasM1_Infinox";"Buy";"2005.01.28 00:01:00";"425.43";"0.2";"2005.01.31 12:00:00";"422.53";"-60.65";"11402.65";"IS";"Exit After X Bars";"-67.78";"34.08";"3d 11h 59m";""
"89";"XAUUSD_DukasM1_Infinox";"Buy";"2005.02.04 00:00:00";"416.56";"0.2";"2005.02.07 12:01:00";"412.98";"-74.22";"11328.43";"IS";"Exit After X Bars";"-82.88";"10.56";"3d 12h 1m";""
"90";"XAUUSD_DukasM1_Infinox";"Buy";"2005.02.11 00:00:00";"417.20";"0.2";"2005.02.14 12:00:00";"422.17";"96.78";"11425.21";"IS";"Exit After X Bars";"-34.74";"117.28";"3d 12h 0m";""
"91";"XAUUSD_DukasM1_Infinox";"Buy";"2005.02.18 00:05:00";"426.69";"0.19";"2005.02.21 12:00:00";"426.22";"-11.46";"11413.75";"IS";"Exit After X Bars";"-37.15";"19.91";"3d 11h 55m";""
"92";"XAUUSD_DukasM1_Infinox";"Buy";"2005.02.25 00:04:00";"433.41";"0.2";"2005.02.28 12:00:00";"435.68";"42.71";"11456.47";"IS";"Exit After X Bars";"-69.54";"66.80";"3d 11h 56m";""
"93";"XAUUSD_DukasM1_Infinox";"Buy";"2005.03.04 00:00:00";"429.09";"0.2";"2005.03.07 12:00:00";"433.48";"85.13";"11541.60";"IS";"Exit After X Bars";"-23.30";"120.14";"3d 12h 0m";""
"94";"XAUUSD_DukasM1_Infinox";"Buy";"2005.03.11 00:05:00";"441.81";"0.2";"2005.03.14 12:00:00";"441.94";"-0.12";"11541.48";"IS";"Exit After X Bars";"-58.74";"95.06";"3d 11h 55m";""
"95";"XAUUSD_DukasM1_Infinox";"Buy";"2005.03.18 00:05:00";"438.05";"0.19";"2005.03.21 12:00:00";"435.08";"-59.00";"11482.48";"IS";"Exit After X Bars";"-66.99";"28.33";"3d 11h 55m";""
"96";"XAUUSD_DukasM1_Infinox";"Buy";"2005.03.25 00:06:00";"423.71";"0.18";"2005.03.28 12:02:00";"424.25";"7.34";"11489.82";"IS";"Exit After X Bars";"-11.93";"41.72";"3d 11h 56m";""
"97";"XAUUSD_DukasM1_Infinox";"Buy";"2005.04.01 00:02:00";"427.86";"0.24";"2005.04.04 08:01:00";"425.45";"-61.04";"11428.78";"IS";"Exit After X Bars";"-97.94";"10.18";"3d 7h 59m";""
"98";"XAUUSD_DukasM1_Infinox";"Buy";"2005.04.08 00:00:00";"425.27";"0.23";"2005.04.11 12:00:00";"427.00";"36.74";"11465.52";"IS";"Exit After X Bars";"-42.53";"61.30";"3d 12h 0m";""
"99";"XAUUSD_DukasM1_Infinox";"Buy";"2005.04.15 00:02:00";"423.54";"0.21";"2005.04.18 12:00:00";"425.26";"33.34";"11498.86";"IS";"Exit After X Bars";"-46.98";"42.67";"3d 11h 58m";""
"100";"XAUUSD_DukasM1_Infinox";"Buy";"2005.04.22 00:01:00";"431.73";"0.2";"2005.04.25 12:00:00";"432.77";"18.12";"11516.98";"IS";"Exit After X Bars";"-18.16";"63.72";"3d 11h 59m";""
"101";"XAUUSD_DukasM1_Infinox";"Buy";"2005.04.29 00:03:00";"431.18";"0.2";"2005.05.02 12:00:00";"432.15";"16.72";"11533.71";"IS";"Exit After X Bars";"-23.76";"99.38";"3d 11h 57m";""
"102";"XAUUSD_DukasM1_Infinox";"Buy";"2005.05.06 00:03:00";"429.93";"0.2";"2005.05.06 16:08:00";"425.06";"-98.40";"11435.31";"IS";"SL";"-97.40";"14.98";"16h 5m";""
"103";"XAUUSD_DukasM1_Infinox";"Buy";"2005.05.13 00:03:00";"421.72";"0.2";"2005.05.16 12:01:00";"418.68";"-63.44";"11371.87";"IS";"Exit After X Bars";"-83.16";"15.64";"3d 11h 58m";""
"104";"XAUUSD_DukasM1_Infinox";"Buy";"2005.05.20 00:05:00";"420.05";"0.23";"2005.05.20 17:20:00";"415.70";"-101.20";"11270.67";"IS";"SL";"-100.05";"13.29";"17h 15m";""
"105";"XAUUSD_DukasM1_Infinox";"Buy";"2005.05.27 00:01:00";"417.38";"0.24";"2005.05.30 12:00:00";"418.68";"28.05";"11298.72";"IS";"Exit After X Bars";"-24.65";"62.04";"3d 11h 59m";""
"106";"XAUUSD_DukasM1_Infinox";"Buy";"2005.06.03 00:00:00";"421.23";"0.2";"2005.06.06 12:00:00";"424.19";"56.56";"11355.28";"IS";"Exit After X Bars";"-15.78";"74.72";"3d 12h 0m";""
"107";"XAUUSD_DukasM1_Infinox";"Buy";"2005.06.10 00:00:00";"422.77";"0.21";"2005.06.13 12:00:00";"424.88";"41.53";"11396.81";"IS";"Exit After X Bars";"-34.06";"94.00";"3d 12h 0m";""
"108";"XAUUSD_DukasM1_Infinox";"Buy";"2005.06.17 00:00:00";"435.08";"0.2";"2005.06.20 12:01:00";"439.32";"82.11";"11478.92";"IS";"Exit After X Bars";"-24.34";"114.78";"3d 12h 1m";""
"109";"XAUUSD_DukasM1_Infinox";"Buy";"2005.06.24 00:00:00";"440.65";"0.2";"2005.06.27 12:00:00";"438.83";"-39.11";"11439.81";"IS";"Exit After X Bars";"-59.48";"54.30";"3d 12h 0m";""
"110";"XAUUSD_DukasM1_Infinox";"Buy";"2005.07.01 00:03:00";"434.80";"0.21";"2005.07.01 17:51:00";"430.10";"-99.75";"11340.06";"IS";"SL";"-98.70";"27.93";"17h 48m";""
"111";"XAUUSD_DukasM1_Infinox";"Buy";"2005.07.08 00:00:00";"424.18";"0.19";"2005.07.11 12:00:00";"424.31";"-0.05";"11340.01";"IS";"Exit After X Bars";"-64.73";"22.19";"3d 12h 0m";""
"112";"XAUUSD_DukasM1_Infinox";"Buy";"2005.07.15 00:00:00";"418.88";"0.2";"2005.07.18 12:00:00";"420.56";"30.97";"11370.98";"IS";"Exit After X Bars";"-37.76";"59.64";"3d 12h 0m";""
"113";"XAUUSD_DukasM1_Infinox";"Buy";"2005.07.22 00:01:00";"424.82";"0.21";"2005.07.25 12:00:00";"424.77";"-3.83";"11367.15";"IS";"Exit After X Bars";"-35.78";"35.87";"3d 11h 59m";""
"114";"XAUUSD_DukasM1_Infinox";"Buy";"2005.07.29 00:02:00";"427.66";"0.23";"2005.08.01 12:00:00";"430.84";"70.08";"11437.23";"IS";"Exit After X Bars";"-39.33";"89.42";"3d 11h 58m";""
"115";"XAUUSD_DukasM1_Infinox";"Buy";"2005.08.05 00:02:00";"437.11";"0.21";"2005.08.08 12:00:00";"435.75";"-31.39";"11405.83";"IS";"Exit After X Bars";"-39.19";"36.35";"3d 11h 58m";""
"116";"XAUUSD_DukasM1_Infinox";"Buy";"2005.08.12 00:00:00";"445.33";"0.2";"2005.08.15 12:01:00";"441.78";"-73.73";"11332.10";"IS";"Exit After X Bars";"-75.66";"80.72";"3d 12h 1m";""
"117";"XAUUSD_DukasM1_Infinox";"Buy";"2005.08.19 00:02:00";"439.05";"0.17";"2005.08.22 12:00:00";"436.95";"-38.00";"11294.10";"IS";"Exit After X Bars";"-72.86";"22.47";"3d 11h 58m";""
"118";"XAUUSD_DukasM1_Infinox";"Buy";"2005.08.26 00:01:00";"438.08";"0.2";"2005.08.29 12:00:00";"439.09";"17.50";"11311.59";"IS";"Exit After X Bars";"-42.04";"43.58";"3d 11h 59m";""
"119";"XAUUSD_DukasM1_Infinox";"Buy";"2005.09.02 00:00:00";"442.27";"0.17";"2005.09.05 12:00:00";"444.80";"40.70";"11352.29";"IS";"Exit After X Bars";"-30.77";"79.31";"3d 12h 0m";""
"120";"XAUUSD_DukasM1_Infinox";"Buy";"2005.09.09 00:01:00";"446.51";"0.17";"2005.09.12 12:00:00";"448.20";"26.40";"11378.70";"IS";"Exit After X Bars";"-24.63";"81.91";"3d 11h 59m";""
"121";"XAUUSD_DukasM1_Infinox";"Buy";"2005.09.16 00:00:00";"454.91";"0.18";"2005.09.19 12:00:00";"460.74";"102.45";"11481.14";"IS";"Exit After X Bars";"-31.18";"118.39";"3d 12h 0m";""
"122";"XAUUSD_DukasM1_Infinox";"Buy";"2005.09.23 00:00:00";"465.28";"0.12";"2005.09.26 12:00:00";"461.01";"-52.93";"11428.22";"IS";"Exit After X Bars";"-86.95";"13.43";"3d 12h 0m";""
"123";"XAUUSD_DukasM1_Infinox";"Buy";"2005.09.30 00:01:00";"472.36";"0.13";"2005.10.03 04:22:00";"464.94";"-98.30";"11329.91";"IS";"SL";"-96.46";"23.13";"3d 4h 21m";""
"124";"XAUUSD_DukasM1_Infinox";"Buy";"2005.10.07 00:05:00";"473.08";"0.15";"2005.10.10 12:00:00";"477.87";"69.72";"11399.63";"IS";"Exit After X Bars";"-59.73";"81.89";"3d 11h 55m";""
"125";"XAUUSD_DukasM1_Infinox";"Buy";"2005.10.14 00:00:00";"470.84";"0.14";"2005.10.17 12:00:00";"471.54";"7.82";"11407.45";"IS";"Exit After X Bars";"-84.73";"25.63";"3d 12h 0m";""
"126";"XAUUSD_DukasM1_Infinox";"Buy";"2005.10.21 00:01:00";"460.50";"0.15";"2005.10.24 12:00:00";"463.28";"39.61";"11447.06";"IS";"Exit After X Bars";"-10.80";"98.21";"3d 11h 59m";""
"127";"XAUUSD_DukasM1_Infinox";"Buy";"2005.10.28 00:00:00";"472.73";"0.17";"2005.10.31 12:00:00";"471.93";"-16.01";"11431.05";"IS";"Exit After X Bars";"-71.98";"26.93";"3d 12h 0m";""
"128";"XAUUSD_DukasM1_Infinox";"Buy";"2005.11.04 00:00:00";"460.33";"0.16";"2005.11.04 17:47:00";"454.33";"-96.80";"11334.25";"IS";"SL";"-96.00";"62.14";"17h 47m";""
"129";"XAUUSD_DukasM1_Infinox";"Buy";"2005.11.11 00:00:00";"465.81";"0.17";"2005.11.14 12:01:00";"469.52";"60.68";"11394.93";"IS";"Exit After X Bars";"-32.23";"80.02";"3d 12h 1m";""
"130";"XAUUSD_DukasM1_Infinox";"Buy";"2005.11.18 00:00:00";"485.07";"0.15";"2005.11.21 12:00:00";"487.67";"36.84";"11431.76";"IS";"Exit After X Bars";"-28.80";"66.41";"3d 12h 0m";""
"131";"XAUUSD_DukasM1_Infinox";"Buy";"2005.11.25 00:02:00";"492.67";"0.15";"2005.11.28 12:00:00";"496.41";"53.91";"11485.68";"IS";"Exit After X Bars";"-9.21";"91.03";"3d 11h 58m";""
"132";"XAUUSD_DukasM1_Infinox";"Buy";"2005.12.02 00:01:00";"503.80";"0.13";"2005.12.05 12:01:00";"504.85";"11.73";"11497.40";"IS";"Exit After X Bars";"-58.02";"55.04";"3d 12h 0m";""
"133";"XAUUSD_DukasM1_Infinox";"Buy";"2005.12.09 00:00:00";"520.47";"0.12";"2005.12.12 05:48:00";"532.55";"143.15";"11640.55";"IS";"PT";"-22.75";"144.96";"3d 5h 48m";""
"134";"XAUUSD_DukasM1_Infinox";"Buy";"2005.12.16 00:00:00";"502.31";"0.09";"2005.12.19 12:00:00";"508.03";"50.15";"11690.70";"IS";"Exit After X Bars";"-90.41";"58.03";"3d 12h 0m";""
"135";"XAUUSD_DukasM1_Infinox";"Buy";"2005.12.23 00:00:00";"503.77";"0.1";"2005.12.26 12:01:00";"502.07";"-18.48";"11672.22";"IS";"Exit After X Bars";"-48.23";"19.66";"3d 12h 1m";""
"136";"XAUUSD_DukasM1_Infinox";"Buy";"2005.12.30 00:00:00";"516.07";"0.14";"2006.01.02 12:05:00";"515.38";"-11.76";"11660.45";"IS";"Exit After X Bars";"-60.19";"21.66";"3d 12h 5m";""
"137";"XAUUSD_DukasM1_Infinox";"Buy";"2006.01.06 00:00:00";"524.21";"0.13";"2006.01.06 17:11:00";"535.56";"146.90";"11807.35";"IS";"PT";"-13.66";"147.55";"17h 11m";""
"138";"XAUUSD_DukasM1_Infinox";"Buy";"2006.01.13 00:01:00";"546.52";"0.11";"2006.01.16 12:00:00";"557.80";"122.36";"11929.71";"IS";"Exit After X Bars";"-21.46";"136.42";"3d 11h 59m";""
"139";"XAUUSD_DukasM1_Infinox";"Buy";"2006.01.20 00:00:00";"557.04";"0.09";"2006.01.23 12:00:00";"557.03";"-1.51";"11928.20";"IS";"Exit After X Bars";"-78.34";"94.10";"3d 12h 0m";""
"140";"XAUUSD_DukasM1_Infinox";"Buy";"2006.01.27 00:01:00";"559.55";"0.1";"2006.01.30 12:00:00";"560.22";"5.11";"11933.31";"IS";"Exit After X Bars";"-49.57";"45.45";"3d 11h 59m";""
"141";"XAUUSD_DukasM1_Infinox";"Buy";"2006.02.03 00:05:00";"571.44";"0.1";"2006.02.06 12:00:00";"568.27";"-33.31";"11900.00";"IS";"Exit After X Bars";"-68.80";"20.32";"3d 11h 55m";""
"142";"XAUUSD_DukasM1_Infinox";"Buy";"2006.02.10 00:00:00";"564.11";"0.09";"2006.02.10 17:14:00";"554.01";"-91.35";"11808.65";"IS";"SL";"-90.90";"37.61";"17h 14m";""
"143";"XAUUSD_DukasM1_Infinox";"Buy";"2006.02.17 00:00:00";"547.30";"0.08";"2006.02.20 12:00:00";"552.56";"40.83";"11849.48";"IS";"Exit After X Bars";"-33.34";"55.62";"3d 12h 0m";""
"144";"XAUUSD_DukasM1_Infinox";"Buy";"2006.02.24 00:01:00";"548.17";"0.12";"2006.02.27 12:00:00";"555.54";"86.56";"11936.04";"IS";"Exit After X Bars";"-22.01";"132.22";"3d 11h 59m";""
"145";"XAUUSD_DukasM1_Infinox";"Buy";"2006.03.03 00:00:00";"568.49";"0.14";"2006.03.06 12:00:00";"567.51";"-15.97";"11920.07";"IS";"Exit After X Bars";"-69.22";"28.56";"3d 12h 0m";""
"146";"XAUUSD_DukasM1_Infinox";"Buy";"2006.03.10 00:02:00";"545.63";"0.11";"2006.03.10 15:57:00";"536.85";"-97.13";"11822.94";"IS";"SL";"-96.58";"11.99";"15h 55m";""
"147";"XAUUSD_DukasM1_Infinox";"Buy";"2006.03.17 00:07:00";"554.64";"0.12";"2006.03.20 12:00:00";"552.86";"-23.25";"11799.69";"IS";"Exit After X Bars";"-41.18";"34.40";"3d 11h 53m";""
"148";"XAUUSD_DukasM1_Infinox";"Buy";"2006.03.24 00:01:00";"549.21";"0.12";"2006.03.24 19:58:00";"560.70";"137.28";"11936.97";"IS";"PT";"-16.31";"137.88";"19h 57m";""
"149";"XAUUSD_DukasM1_Infinox";"Buy";"2006.03.31 00:00:00";"588.25";"0.1";"2006.03.31 19:07:00";"578.85";"-94.50";"11842.47";"IS";"SL";"-94.00";"5.67";"19h 7m";""
"150";"XAUUSD_DukasM1_Infinox";"Buy";"2006.04.07 00:02:00";"594.63";"0.11";"2006.04.07 17:18:00";"585.83";"-97.35";"11745.12";"IS";"SL";"-96.80";"34.35";"17h 16m";""
"151";"XAUUSD_DukasM1_Infinox";"Buy";"2006.04.14 00:03:00";"595.80";"0.1";"2006.04.17 12:01:00";"604.75";"87.84";"11832.96";"IS";"Exit After X Bars";"-5.60";"103.78";"3d 11h 58m";""
"152";"XAUUSD_DukasM1_Infinox";"Buy";"2006.04.21 00:00:00";"611.85";"0.06";"2006.04.21 20:41:00";"633.72";"130.92";"11963.88";"IS";"PT";"-15.08";"131.22";"20h 41m";""
"153";"XAUUSD_DukasM1_Infinox";"Buy";"2006.04.28 00:00:00";"632.78";"0.06";"2006.04.28 19:32:00";"654.55";"130.32";"12094.20";"IS";"PT";"-2.29";"130.62";"19h 32m";""
"154";"XAUUSD_DukasM1_Infinox";"Buy";"2006.05.05 00:00:00";"676.60";"0.06";"2006.05.08 12:00:00";"681.01";"25.37";"12119.57";"IS";"Exit After X Bars";"-16.78";"53.71";"3d 12h 0m";""
"155";"XAUUSD_DukasM1_Infinox";"Buy";"2006.05.12 00:00:00";"713.40";"0.06";"2006.05.15 11:01:00";"697.90";"-94.13";"12025.44";"IS";"SL";"-93.00";"99.90";"3d 11h 1m";""
"156";"XAUUSD_DukasM1_Infinox";"Buy";"2006.05.19 00:00:00";"681.48";"0.04";"2006.05.19 17:01:00";"659.71";"-87.28";"11938.16";"IS";"SL";"-87.08";"26.43";"17h 1m";""
"157";"XAUUSD_DukasM1_Infinox";"Buy";"2006.05.26 00:00:00";"649.84";"0.05";"2006.05.29 12:00:00";"647.97";"-10.23";"11927.93";"IS";"Exit After X Bars";"-47.49";"26.93";"3d 12h 0m";""
"158";"XAUUSD_DukasM1_Infinox";"Buy";"2006.06.02 00:02:00";"628.64";"0.06";"2006.06.05 12:00:00";"642.81";"83.99";"12011.91";"IS";"Exit After X Bars";"-64.78";"94.68";"3d 11h 58m";""
"159";"XAUUSD_DukasM1_Infinox";"Buy";"2006.06.09 00:00:00";"612.28";"0.07";"2006.06.12 12:00:00";"606.63";"-40.73";"11971.18";"IS";"Exit After X Bars";"-85.10";"32.98";"3d 12h 0m";""
"160";"XAUUSD_DukasM1_Infinox";"Buy";"2006.06.16 00:00:00";"575.42";"0.05";"2006.06.19 12:00:00";"570.99";"-22.96";"11948.22";"IS";"Exit After X Bars";"-46.73";"46.81";"3d 12h 0m";""
"161";"XAUUSD_DukasM1_Infinox";"Buy";"2006.06.23 00:01:00";"579.84";"0.06";"2006.06.26 12:00:00";"585.99";"35.92";"11984.14";"IS";"Exit After X Bars";"-53.23";"41.09";"3d 11h 59m";""
"162";"XAUUSD_DukasM1_Infinox";"Buy";"2006.06.30 00:00:00";"598.96";"0.07";"2006.07.03 03:32:00";"618.70";"137.01";"12121.16";"IS";"PT";"-18.14";"138.18";"3d 3h 32m";""
"163";"XAUUSD_DukasM1_Infinox";"Buy";"2006.07.07 00:00:00";"632.15";"0.08";"2006.07.10 12:00:00";"624.70";"-60.98";"12060.18";"IS";"Exit After X Bars";"-66.28";"38.78";"3d 12h 0m";""
"164";"XAUUSD_DukasM1_Infinox";"Buy";"2006.07.14 00:00:00";"659.24";"0.07";"2006.07.17 12:00:00";"670.02";"74.21";"12134.39";"IS";"Exit After X Bars";"-6.94";"116.03";"3d 12h 0m";""
"165";"XAUUSD_DukasM1_Infinox";"Buy";"2006.07.21 00:00:00";"628.13";"0.05";"2006.07.24 09:15:00";"611.29";"-85.06";"12049.33";"IS";"SL";"-84.20";"43.84";"3d 9h 15m";""
"166";"XAUUSD_DukasM1_Infinox";"Buy";"2006.07.28 00:00:00";"632.51";"0.07";"2006.07.31 12:00:00";"636.63";"27.63";"12076.96";"IS";"Exit After X Bars";"-47.56";"45.77";"3d 12h 0m";""
"167";"XAUUSD_DukasM1_Infinox";"Buy";"2006.08.04 00:02:00";"644.08";"0.08";"2006.08.07 12:00:00";"647.18";"23.40";"12100.36";"IS";"Exit After X Bars";"-11.85";"77.08";"3d 11h 58m";""
"168";"XAUUSD_DukasM1_Infinox";"Buy";"2006.08.11 00:03:00";"635.29";"0.08";"2006.08.14 12:00:00";"628.01";"-59.63";"12040.73";"IS";"Exit After X Bars";"-77.60";"77.06";"3d 11h 57m";""
"169";"XAUUSD_DukasM1_Infinox";"Buy";"2006.08.18 00:00:00";"613.39";"0.09";"2006.08.21 12:00:00";"620.46";"62.11";"12102.83";"IS";"Exit After X Bars";"-61.10";"76.10";"3d 12h 0m";""
"170";"XAUUSD_DukasM1_Infinox";"Buy";"2006.08.25 00:00:00";"620.73";"0.1";"2006.08.28 12:00:00";"621.81";"9.09";"12111.93";"IS";"Exit After X Bars";"-37.63";"38.74";"3d 12h 0m";""
"171";"XAUUSD_DukasM1_Infinox";"Buy";"2006.09.01 00:00:00";"626.25";"0.11";"2006.09.04 12:00:00";"625.80";"-6.84";"12105.09";"IS";"Exit After X Bars";"-80.40";"13.88";"3d 12h 0m";""
"172";"XAUUSD_DukasM1_Infinox";"Buy";"2006.09.08 00:01:00";"616.16";"0.1";"2006.09.08 16:00:00";"606.42";"-97.90";"12007.19";"IS";"SL";"-97.40";"28.41";"15h 59m";""
"173";"XAUUSD_DukasM1_Infinox";"Buy";"2006.09.15 00:01:00";"574.38";"0.07";"2006.09.18 12:01:00";"578.24";"25.89";"12033.08";"IS";"Exit After X Bars";"-31.35";"51.05";"3d 12h 0m";""
"174";"XAUUSD_DukasM1_Infinox";"Buy";"2006.09.22 00:00:00";"583.75";"0.08";"2006.09.25 12:00:00";"586.77";"22.85";"12055.93";"IS";"Exit After X Bars";"-7.55";"66.93";"3d 12h 0m";""
"175";"XAUUSD_DukasM1_Infinox";"Buy";"2006.09.29 00:00:00";"600.45";"0.09";"2006.10.02 12:00:00";"601.00";"3.45";"12059.38";"IS";"Exit After X Bars";"-62.02";"28.86";"3d 12h 0m";""
"176";"XAUUSD_DukasM1_Infinox";"Buy";"2006.10.06 00:00:00";"573.42";"0.08";"2006.10.06 16:52:00";"561.25";"-97.76";"11961.62";"IS";"SL";"-97.36";"2.41";"16h 52m";""
"177";"XAUUSD_DukasM1_Infinox";"Buy";"2006.10.13 00:01:00";"577.54";"0.1";"2006.10.16 01:05:00";"592.16";"144.58";"12106.19";"IS";"PT";"-14.13";"147.65";"3d 1h 4m";""
"178";"XAUUSD_DukasM1_Infinox";"Buy";"2006.10.20 00:00:00";"598.84";"0.11";"2006.10.23 01:54:00";"589.76";"-101.71";"12004.48";"IS";"SL";"-99.88";"35.57";"3d 1h 54m";""
"179";"XAUUSD_DukasM1_Infinox";"Buy";"2006.10.27 00:00:00";"596.56";"0.1";"2006.10.30 12:00:00";"604.40";"76.74";"12081.22";"IS";"Exit After X Bars";"-55.60";"89.65";"3d 12h 0m";""
"180";"XAUUSD_DukasM1_Infinox";"Buy";"2006.11.03 00:00:00";"624.25";"0.1";"2006.11.06 12:00:00";"625.03";"6.09";"12087.31";"IS";"Exit After X Bars";"-72.64";"50.64";"3d 12h 0m";""
"181";"XAUUSD_DukasM1_Infinox";"Buy";"2006.11.10 00:00:00";"632.89";"0.09";"2006.11.13 12:00:00";"628.00";"-45.57";"12041.74";"IS";"Exit After X Bars";"-74.05";"30.32";"3d 12h 0m";""
"182";"XAUUSD_DukasM1_Infinox";"Buy";"2006.11.17 00:00:00";"618.02";"0.09";"2006.11.20 12:00:00";"622.96";"42.93";"12084.67";"IS";"Exit After X Bars";"-36.38";"56.23";"3d 12h 0m";""
"183";"XAUUSD_DukasM1_Infinox";"Buy";"2006.11.24 00:05:00";"630.17";"0.12";"2006.11.27 12:00:00";"638.21";"94.41";"12179.08";"IS";"Exit After X Bars";"-8.64";"134.78";"3d 11h 55m";""
"184";"XAUUSD_DukasM1_Infinox";"Buy";"2006.12.01 00:00:00";"646.22";"0.12";"2006.12.04 12:00:00";"643.74";"-31.87";"12147.21";"IS";"Exit After X Bars";"-39.60";"40.92";"3d 12h 0m";""
"185";"XAUUSD_DukasM1_Infinox";"Buy";"2006.12.08 00:00:00";"632.89";"0.11";"2006.12.08 22:33:00";"623.79";"-100.65";"12046.56";"IS";"SL";"-100.10";"52.23";"22h 33m";""
"186";"XAUUSD_DukasM1_Infinox";"Buy";"2006.12.15 00:00:00";"625.22";"0.12";"2006.12.15 20:08:00";"617.36";"-94.92";"11951.64";"IS";"SL";"-94.32";"42.50";"20h 8m";""
"187";"XAUUSD_DukasM1_Infinox";"Buy";"2006.12.22 00:00:00";"617.90";"0.13";"2006.12.25 12:04:00";"620.78";"35.23";"11986.87";"IS";"Exit After X Bars";"-8.51";"44.12";"3d 12h 4m";""
"188";"XAUUSD_DukasM1_Infinox";"Buy";"2006.12.29 00:00:00";"634.20";"0.15";"2007.01.01 12:01:00";"635.51";"17.05";"12003.92";"IS";"Exit After X Bars";"-46.91";"32.37";"3d 12h 1m";""
"189";"XAUUSD_DukasM1_Infinox";"Buy";"2007.01.05 00:00:00";"621.14";"0.12";"2007.01.05 15:54:00";"612.83";"-100.32";"11903.60";"IS";"SL";"-99.72";"55.54";"15h 54m";""
"190";"XAUUSD_DukasM1_Infinox";"Buy";"2007.01.12 00:00:00";"610.84";"0.11";"2007.01.12 19:52:00";"624.26";"147.07";"12050.67";"IS";"PT";"-23.78";"147.62";"19h 52m";""
"191";"XAUUSD_DukasM1_Infinox";"Buy";"2007.01.19 00:01:00";"626.96";"0.11";"2007.01.22 12:04:00";"633.24";"67.19";"12117.86";"IS";"Exit After X Bars";"-13.88";"100.35";"3d 12h 3m";""
"192";"XAUUSD_DukasM1_Infinox";"Buy";"2007.01.26 00:00:00";"645.29";"0.1";"2007.01.29 12:00:00";"641.90";"-35.65";"12082.20";"IS";"Exit After X Bars";"-53.48";"25.43";"3d 12h 0m";""
"193";"XAUUSD_DukasM1_Infinox";"Buy";"2007.02.02 00:00:00";"656.46";"0.1";"2007.02.02 17:00:00";"647.29";"-92.20";"11990.00";"IS";"SL";"-91.70";"30.98";"17h 0m";""
"194";"XAUUSD_DukasM1_Infinox";"Buy";"2007.02.09 00:00:00";"659.80";"0.1";"2007.02.12 12:00:00";"662.86";"28.82";"12018.82";"IS";"Exit After X Bars";"-35.73";"83.07";"3d 12h 0m";""
"195";"XAUUSD_DukasM1_Infinox";"Buy";"2007.02.16 00:00:00";"669.17";"0.1";"2007.02.19 12:00:00";"670.33";"9.80";"12028.62";"IS";"Exit After X Bars";"-71.12";"39.32";"3d 12h 0m";""
"196";"XAUUSD_DukasM1_Infinox";"Buy";"2007.02.23 00:00:00";"677.07";"0.1";"2007.02.26 12:00:00";"683.97";"67.18";"12095.80";"IS";"Exit After X Bars";"-51.60";"111.38";"3d 12h 0m";""
"197";"XAUUSD_DukasM1_Infinox";"Buy";"2007.03.02 00:01:00";"663.57";"0.07";"2007.03.02 15:21:00";"649.68";"-97.58";"11998.22";"IS";"SL";"-97.23";"13.02";"15h 20m";""
"198";"XAUUSD_DukasM1_Infinox";"Buy";"2007.03.09 00:00:00";"651.16";"0.08";"2007.03.12 08:00:00";"651.24";"-0.77";"11997.45";"IS";"Exit After X Bars";"-33.46";"53.90";"3d 8h 0m";""
"199";"XAUUSD_DukasM1_Infinox";"Buy";"2007.03.16 00:00:00";"645.88";"0.1";"2007.03.19 08:00:00";"654.48";"84.24";"12081.69";"IS";"Exit After X Bars";"-13.70";"98.75";"3d 8h 0m";""
"200";"XAUUSD_DukasM1_Infinox";"Buy";"2007.03.23 00:00:00";"663.29";"0.12";"2007.03.23 17:09:00";"655.05";"-99.48";"11982.21";"IS";"SL";"-98.88";"14.58";"17h 9m";""
"201";"XAUUSD_DukasM1_Infinox";"Buy";"2007.03.30 00:01:00";"661.34";"0.12";"2007.04.02 12:00:00";"662.47";"11.42";"11993.63";"IS";"Exit After X Bars";"-17.64";"74.50";"3d 11h 59m";""
"202";"XAUUSD_DukasM1_Infinox";"Buy";"2007.04.06 00:00:00";"674.25";"0.14";"2007.04.09 12:00:00";"671.47";"-41.46";"11952.17";"IS";"Exit After X Bars";"-70.57";"5.47";"3d 12h 0m";""
"203";"XAUUSD_DukasM1_Infinox";"Buy";"2007.04.13 00:00:00";"675.65";"0.13";"2007.04.16 06:41:00";"686.35";"136.74";"12088.92";"IS";"PT";"-6.85";"139.10";"3d 6h 41m";""
"204";"XAUUSD_DukasM1_Infinox";"Buy";"2007.04.20 00:00:00";"682.71";"0.12";"2007.04.23 12:00:00";"690.05";"85.89";"12174.80";"IS";"Exit After X Bars";"-5.84";"131.52";"3d 12h 0m";""
"205";"XAUUSD_DukasM1_Infinox";"Buy";"2007.04.27 00:00:00";"674.56";"0.12";"2007.04.30 12:00:00";"676.34";"19.19";"12193.99";"IS";"Exit After X Bars";"-50.11";"84.79";"3d 12h 0m";""
"206";"XAUUSD_DukasM1_Infinox";"Buy";"2007.05.04 00:00:00";"681.86";"0.13";"2007.05.07 12:00:00";"688.72";"86.81";"12280.80";"IS";"Exit After X Bars";"-31.68";"108.72";"3d 12h 0m";""
"207";"XAUUSD_DukasM1_Infinox";"Buy";"2007.05.11 00:01:00";"665.78";"0.14";"2007.05.14 12:00:00";"673.86";"110.61";"12391.40";"IS";"Exit After X Bars";"-24.71";"123.61";"3d 11h 59m";""
"208";"XAUUSD_DukasM1_Infinox";"Buy";"2007.05.18 00:00:00";"657.35";"0.13";"2007.05.21 12:00:00";"661.30";"49.04";"12440.44";"IS";"Exit After X Bars";"-25.45";"70.99";"3d 12h 0m";""
"209";"XAUUSD_DukasM1_Infinox";"Buy";"2007.05.25 00:00:00";"654.25";"0.13";"2007.05.28 12:00:00";"655.54";"14.47";"12454.91";"IS";"Exit After X Bars";"-20.84";"32.28";"3d 12h 0m";""
"210";"XAUUSD_DukasM1_Infinox";"Buy";"2007.06.01 00:00:00";"659.92";"0.15";"2007.06.01 18:48:00";"669.65";"145.20";"12600.11";"IS";"PT";"-4.10";"145.95";"18h 48m";""
"211";"XAUUSD_DukasM1_Infinox";"Buy";"2007.06.08 00:00:00";"658.30";"0.13";"2007.06.08 17:59:00";"650.85";"-97.50";"12502.61";"IS";"SL";"-96.85";"38.97";"17h 59m";""
"212";"XAUUSD_DukasM1_Infinox";"Buy";"2007.06.15 00:04:00";"651.75";"0.12";"2007.06.18 12:00:00";"656.84";"58.96";"12561.57";"IS";"Exit After X Bars";"-31.54";"86.46";"3d 11h 56m";""
"213";"XAUUSD_DukasM1_Infinox";"Buy";"2007.06.22 00:01:00";"651.59";"0.13";"2007.06.25 12:00:00";"650.93";"-10.88";"12550.69";"IS";"Exit After X Bars";"-20.23";"61.19";"3d 11h 59m";""
"214";"XAUUSD_DukasM1_Infinox";"Buy";"2007.06.29 00:01:00";"648.60";"0.13";"2007.07.02 12:01:00";"650.91";"27.74";"12578.43";"IS";"Exit After X Bars";"-37.45";"49.37";"3d 12h 0m";""
"215";"XAUUSD_DukasM1_Infinox";"Buy";"2007.07.06 00:00:00";"649.50";"0.16";"2007.07.09 12:00:00";"656.77";"113.50";"12691.93";"IS";"Exit After X Bars";"-79.65";"118.98";"3d 12h 0m";""
"216";"XAUUSD_DukasM1_Infinox";"Buy";"2007.07.13 00:01:00";"666.32";"0.15";"2007.07.16 12:00:00";"666.71";"3.16";"12695.09";"IS";"Exit After X Bars";"-49.85";"32.07";"3d 11h 59m";""
"217";"XAUUSD_DukasM1_Infinox";"Buy";"2007.07.20 00:00:00";"677.26";"0.16";"2007.07.20 19:11:00";"686.12";"140.96";"12836.05";"IS";"PT";"-40.61";"141.76";"19h 11m";""
"218";"XAUUSD_DukasM1_Infinox";"Buy";"2007.07.27 00:00:00";"662.75";"0.12";"2007.07.30 12:00:00";"661.67";"-15.11";"12820.94";"IS";"Exit After X Bars";"-76.52";"50.34";"3d 12h 0m";""
"219";"XAUUSD_DukasM1_Infinox";"Buy";"2007.08.03 00:00:00";"665.62";"0.13";"2007.08.06 12:00:00";"673.13";"95.30";"12916.24";"IS";"Exit After X Bars";"-17.20";"124.51";"3d 12h 0m";""
"220";"XAUUSD_DukasM1_Infinox";"Buy";"2007.08.10 00:00:00";"661.55";"0.13";"2007.08.10 17:49:00";"672.59";"142.87";"13059.11";"IS";"PT";"-50.73";"143.52";"17h 49m";""
"221";"XAUUSD_DukasM1_Infinox";"Buy";"2007.08.17 00:00:00";"652.27";"0.09";"2007.08.20 12:00:00";"657.23";"43.05";"13102.16";"IS";"Exit After X Bars";"-60.95";"93.39";"3d 12h 0m";""
"222";"XAUUSD_DukasM1_Infinox";"Buy";"2007.08.24 00:00:00";"659.74";"0.12";"2007.08.27 12:00:00";"666.59";"80.06";"13182.22";"IS";"Exit After X Bars";"-34.44";"105.85";"3d 12h 0m";""
"223";"XAUUSD_DukasM1_Infinox";"Buy";"2007.08.31 00:00:00";"664.89";"0.16";"2007.08.31 15:21:00";"674.08";"146.24";"13328.46";"IS";"PT";"-12.70";"147.04";"15h 21m";""
"224";"XAUUSD_DukasM1_Infinox";"Buy";"2007.09.07 00:00:00";"695.10";"0.14";"2007.09.07 16:37:00";"705.44";"144.06";"13472.52";"IS";"PT";"-50.29";"144.76";"16h 37m";""
"225";"XAUUSD_DukasM1_Infinox";"Buy";"2007.09.14 00:00:00";"707.98";"0.12";"2007.09.17 12:00:00";"711.82";"43.83";"13516.35";"IS";"Exit After X Bars";"-55.07";"106.50";"3d 12h 0m";""
"226";"XAUUSD_DukasM1_Infinox";"Buy";"2007.09.21 00:00:00";"733.49";"0.1";"2007.09.24 12:00:00";"732.72";"-9.63";"13506.72";"IS";"Exit After X Bars";"-70.16";"55.55";"3d 12h 0m";""
"227";"XAUUSD_DukasM1_Infinox";"Buy";"2007.09.28 00:00:00";"734.09";"0.1";"2007.10.01 12:00:00";"744.87";"105.87";"13612.59";"IS";"Exit After X Bars";"-58.79";"122.04";"3d 12h 0m";""
"228";"XAUUSD_DukasM1_Infinox";"Buy";"2007.10.05 00:00:00";"737.55";"0.08";"2007.10.08 12:00:00";"735.41";"-18.67";"13593.92";"IS";"Exit After X Bars";"-86.29";"51.36";"3d 12h 0m";""
"229";"XAUUSD_DukasM1_Infinox";"Buy";"2007.10.12 00:00:00";"747.76";"0.09";"2007.10.15 12:00:00";"755.13";"64.57";"13658.50";"IS";"Exit After X Bars";"-28.31";"76.41";"3d 12h 0m";""
"230";"XAUUSD_DukasM1_Infinox";"Buy";"2007.10.19 00:00:00";"767.85";"0.08";"2007.10.22 04:19:00";"756.50";"-92.39";"13566.10";"IS";"SL";"-90.80";"25.57";"3d 4h 19m";""
"231";"XAUUSD_DukasM1_Infinox";"Buy";"2007.10.26 00:00:00";"769.11";"0.1";"2007.10.26 20:27:00";"782.63";"134.70";"13700.80";"IS";"PT";"-12.83";"135.20";"20h 27m";""
"232";"XAUUSD_DukasM1_Infinox";"Buy";"2007.11.02 00:00:00";"787.21";"0.08";"2007.11.02 18:41:00";"803.93";"133.36";"13834.16";"IS";"PT";"-2.49";"133.76";"18h 41m";""
"233";"XAUUSD_DukasM1_Infinox";"Buy";"2007.11.09 00:00:00";"833.11";"0.06";"2007.11.12 05:45:00";"818.35";"-89.83";"13744.33";"IS";"SL";"-88.56";"32.48";"3d 5h 45m";""
"234";"XAUUSD_DukasM1_Infinox";"Buy";"2007.11.16 00:00:00";"787.85";"0.06";"2007.11.19 12:00:00";"787.89";"-0.98";"13743.35";"IS";"Exit After X Bars";"-25.76";"55.55";"3d 12h 0m";""
"235";"XAUUSD_DukasM1_Infinox";"Buy";"2007.11.23 00:00:00";"804.23";"0.07";"2007.11.23 19:28:00";"823.90";"137.34";"13880.69";"IS";"PT";"-11.86";"137.69";"19h 28m";""
"236";"XAUUSD_DukasM1_Infinox";"Buy";"2007.11.30 00:00:00";"793.19";"0.06";"2007.12.03 12:00:00";"784.47";"-53.55";"13827.14";"IS";"Exit After X Bars";"-88.40";"34.51";"3d 12h 0m";""
"237";"XAUUSD_DukasM1_Infinox";"Buy";"2007.12.07 00:00:00";"801.77";"0.07";"2007.12.10 12:00:00";"799.67";"-16.14";"13811.00";"IS";"Exit After X Bars";"-73.28";"20.71";"3d 12h 0m";""
"238";"XAUUSD_DukasM1_Infinox";"Buy";"2007.12.14 00:00:00";"797.02";"0.08";"2007.12.17 12:00:00";"787.15";"-80.60";"13730.40";"IS";"Exit After X Bars";"-81.82";"49.47";"3d 12h 0m";""
"239";"XAUUSD_DukasM1_Infinox";"Buy";"2007.12.21 00:00:00";"795.84";"0.09";"2007.12.21 16:26:00";"811.53";"140.76";"13871.16";"IS";"PT";"-6.55";"141.21";"16h 26m";""
"240";"XAUUSD_DukasM1_Infinox";"Buy";"2007.12.28 00:00:00";"825.39";"0.11";"2007.12.28 18:47:00";"838.20";"140.36";"14011.52";"IS";"PT";"-11.22";"140.91";"18h 47m";""
"241";"XAUUSD_DukasM1_Infinox";"Buy";"2008.01.04 00:00:00";"864.72";"0.08";"2008.01.07 12:00:00";"858.11";"-54.63";"13956.90";"IS";"Exit After X Bars";"-84.46";"29.02";"3d 12h 0m";""
"242";"XAUUSD_DukasM1_Infinox";"Buy";"2008.01.11 00:00:00";"892.85";"0.06";"2008.01.14 12:00:00";"912.08";"114.04";"14070.94";"IS";"Exit After X Bars";"-32.21";"126.40";"3d 12h 0m";""
"243";"XAUUSD_DukasM1_Infinox";"Buy";"2008.01.18 00:00:00";"877.33";"0.05";"2008.01.21 12:00:00";"872.69";"-24.30";"14046.63";"IS";"Exit After X Bars";"-36.08";"54.09";"3d 12h 0m";""
"244";"XAUUSD_DukasM1_Infinox";"Buy";"2008.01.25 00:00:00";"912.67";"0.05";"2008.01.28 12:00:00";"916.12";"16.11";"14062.75";"IS";"Exit After X Bars";"-32.87";"53.17";"3d 12h 0m";""
"245";"XAUUSD_DukasM1_Infinox";"Buy";"2008.02.01 00:00:00";"925.67";"0.06";"2008.02.01 17:18:00";"910.09";"-93.78";"13968.97";"IS";"SL";"-93.48";"64.30";"17h 18m";""
"246";"XAUUSD_DukasM1_Infinox";"Buy";"2008.02.08 00:00:00";"910.40";"0.05";"2008.02.11 12:00:00";"923.42";"63.96";"14032.93";"IS";"Exit After X Bars";"-15.64";"78.86";"3d 12h 0m";""
"247";"XAUUSD_DukasM1_Infinox";"Buy";"2008.02.15 00:00:00";"907.79";"0.06";"2008.02.18 12:00:00";"903.34";"-28.06";"14004.87";"IS";"Exit After X Bars";"-60.04";"44.54";"3d 12h 0m";""
"248";"XAUUSD_DukasM1_Infinox";"Buy";"2008.02.22 00:00:00";"945.53";"0.06";"2008.02.25 12:00:00";"948.88";"18.70";"14023.57";"IS";"Exit After X Bars";"-62.87";"36.90";"3d 12h 0m";""
"249";"XAUUSD_DukasM1_Infinox";"Buy";"2008.02.29 00:00:00";"970.67";"0.06";"2008.03.03 12:00:00";"979.34";"50.59";"14074.16";"IS";"Exit After X Bars";"-34.94";"83.49";"3d 12h 0m";""
"250";"XAUUSD_DukasM1_Infinox";"Buy";"2008.03.07 00:00:00";"978.63";"0.05";"2008.03.10 08:00:00";"974.57";"-21.50";"14052.66";"IS";"Exit After X Bars";"-45.39";"44.28";"3d 8h 0m";""
"251";"XAUUSD_DukasM1_Infinox";"Buy";"2008.03.14 00:00:00";"995.26";"0.06";"2008.03.17 02:04:00";"1016.84";"128.02";"14180.67";"IS";"PT";"-29.30";"129.48";"3d 2h 4m";""
"252";"XAUUSD_DukasM1_Infinox";"Buy";"2008.03.21 00:00:00";"909.49";"0.03";"2008.03.24 08:00:00";"909.05";"-2.00";"14178.67";"IS";"Exit After X Bars";"-9.78";"34.47";"3d 8h 0m";""
"253";"XAUUSD_DukasM1_Infinox";"Buy";"2008.03.28 00:00:00";"947.57";"0.05";"2008.03.28 15:26:00";"930.32";"-86.50";"14092.17";"IS";"SL";"-86.25";"14.93";"15h 26m";""
"254";"XAUUSD_DukasM1_Infinox";"Buy";"2008.04.04 00:00:00";"902.74";"0.05";"2008.04.07 12:00:00";"912.82";"49.27";"14141.45";"IS";"Exit After X Bars";"-13.81";"70.57";"3d 12h 0m";""
"255";"XAUUSD_DukasM1_Infinox";"Buy";"2008.04.11 00:00:00";"928.47";"0.06";"2008.04.14 12:00:00";"916.72";"-71.88";"14069.56";"IS";"Exit After X Bars";"-87.67";"17.72";"3d 12h 0m";""
"256";"XAUUSD_DukasM1_Infinox";"Buy";"2008.04.18 00:00:00";"938.39";"0.07";"2008.04.18 14:59:00";"924.17";"-99.89";"13969.67";"IS";"SL";"-99.54";"55.62";"14h 59m";""
"257";"XAUUSD_DukasM1_Infinox";"Buy";"2008.04.25 00:00:00";"885.66";"0.06";"2008.04.28 12:00:00";"891.69";"34.85";"14004.52";"IS";"Exit After X Bars";"-48.40";"61.60";"3d 12h 0m";""
"258";"XAUUSD_DukasM1_Infinox";"Buy";"2008.05.02 00:00:00";"851.77";"0.05";"2008.05.05 12:00:00";"863.81";"59.12";"14063.64";"IS";"Exit After X Bars";"-25.33";"62.78";"3d 12h 0m";""
"259";"XAUUSD_DukasM1_Infinox";"Buy";"2008.05.09 00:00:00";"881.57";"0.07";"2008.05.12 12:00:00";"878.19";"-25.21";"14038.43";"IS";"Exit After X Bars";"-80.57";"54.44";"3d 12h 0m";""
"260";"XAUUSD_DukasM1_Infinox";"Buy";"2008.05.16 00:00:00";"881.20";"0.07";"2008.05.16 17:35:00";"901.98";"145.11";"14183.54";"IS";"PT";"-11.82";"145.46";"17h 35m";""
"261";"XAUUSD_DukasM1_Infinox";"Buy";"2008.05.23 00:00:00";"920.82";"0.07";"2008.05.26 12:00:00";"923.72";"18.70";"14202.24";"IS";"Exit After X Bars";"-43.04";"51.37";"3d 12h 0m";""
"262";"XAUUSD_DukasM1_Infinox";"Buy";"2008.05.30 00:00:00";"877.58";"0.07";"2008.06.02 12:00:00";"885.00";"50.40";"14252.63";"IS";"Exit After X Bars";"-47.92";"77.42";"3d 12h 0m";""
"263";"XAUUSD_DukasM1_Infinox";"Buy";"2008.06.06 00:00:00";"876.90";"0.07";"2008.06.06 18:14:00";"896.56";"137.27";"14389.90";"IS";"PT";"-5.10";"137.62";"18h 14m";""
"264";"XAUUSD_DukasM1_Infinox";"Buy";"2008.06.13 00:00:00";"867.85";"0.06";"2008.06.16 12:00:00";"870.68";"15.67";"14405.57";"IS";"Exit After X Bars";"-53.37";"36.57";"3d 12h 0m";""
"265";"XAUUSD_DukasM1_Infinox";"Buy";"2008.06.20 00:00:00";"897.47";"0.06";"2008.06.23 12:00:00";"904.77";"42.45";"14448.02";"IS";"Exit After X Bars";"-11.98";"60.91";"3d 12h 0m";""
"266";"XAUUSD_DukasM1_Infinox";"Buy";"2008.06.27 00:00:00";"916.62";"0.06";"2008.06.30 12:00:00";"933.59";"100.45";"14548.47";"IS";"Exit After X Bars";"-40.07";"107.44";"3d 12h 0m";""
"267";"XAUUSD_DukasM1_Infinox";"Buy";"2008.07.04 00:00:00";"934.29";"0.06";"2008.07.07 10:50:00";"919.75";"-88.63";"14459.84";"IS";"SL";"-87.24";"10.28";"3d 10h 50m";""
"268";"XAUUSD_DukasM1_Infinox";"Buy";"2008.07.11 00:00:00";"946.13";"0.07";"2008.07.11 16:34:00";"965.06";"132.16";"14592.00";"IS";"PT";"-32.97";"132.51";"16h 34m";""
"269";"XAUUSD_DukasM1_Infinox";"Buy";"2008.07.18 00:00:00";"956.83";"0.05";"2008.07.21 12:00:00";"966.31";"46.22";"14638.22";"IS";"Exit After X Bars";"-35.24";"56.11";"3d 12h 0m";""
"270";"XAUUSD_DukasM1_Infinox";"Buy";"2008.07.25 00:00:00";"927.58";"0.05";"2008.07.28 12:00:00";"929.47";"8.30";"14646.52";"IS";"Exit After X Bars";"-45.02";"36.31";"3d 12h 0m";""
"271";"XAUUSD_DukasM1_Infinox";"Buy";"2008.08.01 00:00:00";"913.38";"0.06";"2008.08.04 12:00:00";"912.04";"-9.41";"14637.12";"IS";"Exit After X Bars";"-72.11";"18.46";"3d 12h 0m";""
"272";"XAUUSD_DukasM1_Infinox";"Buy";"2008.08.08 00:00:00";"872.34";"0.07";"2008.08.08 15:38:00";"858.07";"-100.24";"14536.88";"IS";"SL";"-99.89";"8.48";"15h 38m";""
"273";"XAUUSD_DukasM1_Infinox";"Buy";"2008.08.15 00:00:00";"805.83";"0.04";"2008.08.15 11:29:00";"784.83";"-84.20";"14452.68";"IS";"SL";"-84.00";"2.88";"11h 29m";""
"274";"XAUUSD_DukasM1_Infinox";"Buy";"2008.08.22 00:00:00";"836.28";"0.04";"2008.08.25 12:00:00";"819.66";"-67.33";"14385.35";"IS";"Exit After X Bars";"-78.16";"4.53";"3d 12h 0m";""
"275";"XAUUSD_DukasM1_Infinox";"Buy";"2008.08.29 00:00:00";"833.42";"0.06";"2008.09.01 12:00:00";"831.54";"-12.55";"14372.79";"IS";"Exit After X Bars";"-26.45";"29.42";"3d 12h 0m";""
"276";"XAUUSD_DukasM1_Infinox";"Buy";"2008.09.05 00:00:00";"795.82";"0.05";"2008.09.08 12:00:00";"806.09";"50.33";"14423.12";"IS";"Exit After X Bars";"-30.31";"109.69";"3d 12h 0m";""
"277";"XAUUSD_DukasM1_Infinox";"Buy";"2008.09.12 00:00:00";"746.24";"0.04";"2008.09.15 03:22:00";"780.16";"134.90";"14558.02";"IS";"PT";"-1.80";"135.68";"3d 3h 22m";""
"278";"XAUUSD_DukasM1_Infinox";"Buy";"2008.09.19 00:00:00";"852.49";"0.02";"2008.09.22 12:00:00";"876.52";"47.63";"14605.65";"IS";"Exit After X Bars";"-57.45";"57.91";"3d 12h 0m";""
"279";"XAUUSD_DukasM1_Infinox";"Buy";"2008.09.26 00:00:00";"877.01";"0.03";"2008.09.29 12:00:00";"871.11";"-18.36";"14587.29";"IS";"Exit After X Bars";"-33.80";"96.03";"3d 12h 0m";""
"280";"XAUUSD_DukasM1_Infinox";"Buy";"2008.10.03 00:00:00";"834.52";"0.03";"2008.10.06 12:00:00";"830.62";"-12.34";"14574.95";"IS";"Exit After X Bars";"-42.96";"36.02";"3d 12h 0m";""
"281";"XAUUSD_DukasM1_Infinox";"Buy";"2008.10.10 00:00:00";"910.58";"0.02";"2008.10.10 19:48:00";"876.80";"-67.66";"14507.29";"IS";"SL";"-67.56";"38.63";"19h 48m";""
"282";"XAUUSD_DukasM1_Infinox";"Buy";"2008.10.17 00:00:00";"803.25";"0.02";"2008.10.20 12:00:00";"801.90";"-3.11";"14504.18";"IS";"Exit After X Bars";"-58.28";"21.49";"3d 12h 0m";""
"283";"XAUUSD_DukasM1_Infinox";"Buy";"2008.10.24 00:00:00";"720.40";"0.03";"2008.10.24 12:04:00";"688.41";"-96.12";"14408.06";"IS";"SL";"-95.97";"25.13";"12h 4m";""
"284";"XAUUSD_DukasM1_Infinox";"Buy";"2008.10.31 00:00:00";"736.32";"0.02";"2008.11.03 12:00:00";"732.74";"-7.55";"14400.51";"IS";"Exit After X Bars";"-38.44";"9.37";"3d 12h 0m";""
"285";"XAUUSD_DukasM1_Infinox";"Buy";"2008.11.07 00:00:00";"732.48";"0.03";"2008.11.10 12:00:00";"750.47";"53.39";"14453.90";"IS";"Exit After X Bars";"-20.35";"61.38";"3d 12h 0m";""
"286";"XAUUSD_DukasM1_Infinox";"Buy";"2008.11.14 00:00:00";"735.79";"0.03";"2008.11.17 12:00:00";"745.05";"27.20";"14481.10";"IS";"Exit After X Bars";"-32.98";"50.90";"3d 12h 0m";""
"287";"XAUUSD_DukasM1_Infinox";"Buy";"2008.11.21 00:00:00";"745.66";"0.04";"2008.11.21 17:01:00";"776.43";"122.88";"14603.98";"IS";"PT";"-12.75";"123.08";"17h 1m";""
"288";"XAUUSD_DukasM1_Infinox";"Buy";"2008.11.28 00:00:00";"814.72";"0.04";"2008.12.01 12:00:00";"804.08";"-43.39";"14560.59";"IS";"Exit After X Bars";"-51.38";"21.41";"3d 12h 0m";""
"289";"XAUUSD_DukasM1_Infinox";"Buy";"2008.12.05 00:00:00";"766.61";"0.04";"2008.12.05 17:11:00";"746.10";"-82.24";"14478.35";"IS";"SL";"-82.04";"22.00";"17h 11m";""
"290";"XAUUSD_DukasM1_Infinox";"Buy";"2008.12.12 00:00:00";"820.44";"0.04";"2008.12.15 12:00:00";"826.84";"24.76";"14503.11";"IS";"Exit After X Bars";"-53.07";"49.04";"3d 12h 0m";""
"291";"XAUUSD_DukasM1_Infinox";"Buy";"2008.12.19 00:00:00";"852.51";"0.04";"2008.12.19 13:48:00";"830.35";"-88.84";"14414.27";"IS";"SL";"-88.64";"4.58";"13h 48m";""
"292";"XAUUSD_DukasM1_Infinox";"Buy";"2008.12.26 00:00:00";"843.93";"0.07";"2008.12.26 20:05:00";"864.22";"141.68";"14555.95";"IS";"PT";"-14.18";"142.03";"20h 5m";""
"293";"XAUUSD_DukasM1_Infinox";"Buy";"2009.01.02 00:00:00";"880.16";"0.07";"2009.01.05 10:28:00";"866.46";"-97.45";"14458.50";"OOS1";"SL";"-95.90";"42.42";"3d 10h 28m";""
"294";"XAUUSD_DukasM1_Infinox";"Buy";"2009.01.09 00:00:00";"856.47";"0.05";"2009.01.12 12:00:00";"844.22";"-62.33";"14396.17";"OOS1";"Exit After X Bars";"-64.90";"56.04";"3d 12h 0m";""
"295";"XAUUSD_DukasM1_Infinox";"Buy";"2009.01.16 00:00:00";"817.22";"0.04";"2009.01.19 12:00:00";"840.68";"93.00";"14489.18";"OOS1";"Exit After X Bars";"-7.38";"112.31";"3d 12h 0m";""
"296";"XAUUSD_DukasM1_Infinox";"Buy";"2009.01.23 00:00:00";"856.49";"0.05";"2009.01.23 18:13:00";"886.06";"147.60";"14636.78";"OOS1";"PT";"-22.03";"147.85";"18h 13m";""
"297";"XAUUSD_DukasM1_Infinox";"Buy";"2009.01.30 00:00:00";"908.17";"0.04";"2009.02.02 12:00:00";"912.18";"15.13";"14651.91";"OOS1";"Exit After X Bars";"-29.94";"82.47";"3d 12h 0m";""
"298";"XAUUSD_DukasM1_Infinox";"Buy";"2009.02.06 00:00:00";"914.23";"0.04";"2009.02.09 12:00:00";"903.61";"-43.39";"14608.52";"OOS1";"Exit After X Bars";"-52.18";"19.30";"3d 12h 0m";""
"299";"XAUUSD_DukasM1_Infinox";"Buy";"2009.02.13 00:00:00";"945.97";"0.05";"2009.02.16 12:00:00";"941.76";"-22.22";"14586.30";"OOS1";"Exit After X Bars";"-69.69";"3.63";"3d 12h 0m";""
"300";"XAUUSD_DukasM1_Infinox";"Buy";"2009.02.20 00:00:00";"973.72";"0.05";"2009.02.20 19:43:00";"998.95";"125.90";"14712.20";"OOS1";"PT";"-20.09";"126.15";"19h 43m";""
"301";"XAUUSD_DukasM1_Infinox";"Buy";"2009.02.27 00:00:00";"945.40";"0.04";"2009.03.02 12:00:00";"952.57";"27.74";"14739.94";"OOS1";"Exit After X Bars";"-64.44";"65.77";"3d 12h 0m";""
"302";"XAUUSD_DukasM1_Infinox";"Buy";"2009.03.06 00:00:00";"931.70";"0.04";"2009.03.09 08:00:00";"935.67";"14.96";"14754.90";"OOS1";"Exit After X Bars";"-8.18";"49.94";"3d 8h 0m";""
"303";"XAUUSD_DukasM1_Infinox";"Buy";"2009.03.13 00:00:00";"926.13";"0.05";"2009.03.16 08:00:00";"924.48";"-9.40";"14745.50";"OOS1";"Exit After X Bars";"-36.05";"54.40";"3d 8h 0m";""
"304";"XAUUSD_DukasM1_Infinox";"Buy";"2009.03.20 00:00:00";"950.13";"0.04";"2009.03.23 08:00:00";"954.31";"15.78";"14761.28";"OOS1";"Exit After X Bars";"-16.29";"65.19";"3d 8h 0m";""
"305";"XAUUSD_DukasM1_Infinox";"Buy";"2009.03.27 00:00:00";"933.74";"0.05";"2009.03.30 12:00:00";"922.97";"-55.01";"14706.27";"OOS1";"Exit After X Bars";"-77.27";"9.62";"3d 12h 0m";""
"306";"XAUUSD_DukasM1_Infinox";"Buy";"2009.04.03 00:00:00";"904.07";"0.05";"2009.04.06 03:35:00";"886.93";"-86.83";"14619.44";"OOS1";"SL";"-85.70";"21.74";"3d 3h 35m";""
"307";"XAUUSD_DukasM1_Infinox";"Buy";"2009.04.10 00:00:00";"878.68";"0.06";"2009.04.13 12:00:00";"887.32";"50.51";"14669.96";"OOS1";"Exit After X Bars";"-8.89";"60.38";"3d 12h 0m";""
"308";"XAUUSD_DukasM1_Infinox";"Buy";"2009.04.17 00:00:00";"875.11";"0.07";"2009.04.20 12:00:00";"869.38";"-41.65";"14628.31";"OOS1";"Exit After X Bars";"-75.47";"8.00";"3d 12h 0m";""
"309";"XAUUSD_DukasM1_Infinox";"Buy";"2009.04.24 00:00:00";"904.19";"0.07";"2009.04.27 12:00:00";"911.15";"47.14";"14675.45";"OOS1";"Exit After X Bars";"-17.28";"96.26";"3d 12h 0m";""
"310";"XAUUSD_DukasM1_Infinox";"Buy";"2009.05.01 00:00:00";"888.06";"0.06";"2009.05.04 12:00:00";"892.72";"26.62";"14702.07";"OOS1";"Exit After X Bars";"-50.67";"38.48";"3d 12h 0m";""
"311";"XAUUSD_DukasM1_Infinox";"Buy";"2009.05.08 00:00:00";"910.35";"0.07";"2009.05.11 12:00:00";"913.46";"20.18";"14722.25";"OOS1";"Exit After X Bars";"-33.96";"61.56";"3d 12h 0m";""
"312";"XAUUSD_DukasM1_Infinox";"Buy";"2009.05.15 00:00:00";"925.76";"0.09";"2009.05.18 12:00:00";"928.94";"26.55";"14748.80";"OOS1";"Exit After X Bars";"-25.21";"71.33";"3d 12h 0m";""
"313";"XAUUSD_DukasM1_Infinox";"Buy";"2009.05.22 00:00:00";"953.08";"0.08";"2009.05.25 12:00:00";"952.83";"-3.88";"14744.92";"OOS1";"Exit After X Bars";"-30.09";"60.84";"3d 12h 0m";""
"314";"XAUUSD_DukasM1_Infinox";"Buy";"2009.05.29 00:00:00";"958.99";"0.08";"2009.05.29 16:05:00";"976.28";"137.92";"14882.84";"OOS1";"PT";"-12.17";"138.32";"16h 5m";""
"315";"XAUUSD_DukasM1_Infinox";"Buy";"2009.06.05 00:00:00";"979.68";"0.06";"2009.06.05 15:53:00";"965.34";"-86.34";"14796.50";"OOS1";"SL";"-86.04";"15.20";"15h 53m";""
"316";"XAUUSD_DukasM1_Infinox";"Buy";"2009.06.12 00:00:00";"954.50";"0.06";"2009.06.12 15:33:00";"938.54";"-96.06";"14700.44";"OOS1";"SL";"-95.76";"19.68";"15h 33m";""
"317";"XAUUSD_DukasM1_Infinox";"Buy";"2009.06.19 00:00:00";"932.74";"0.07";"2009.06.22 12:00:00";"931.15";"-12.75";"14687.69";"OOS1";"Exit After X Bars";"-14.82";"40.61";"3d 12h 0m";""
"318";"XAUUSD_DukasM1_Infinox";"Buy";"2009.06.26 00:00:00";"938.86";"0.08";"2009.06.29 12:00:00";"938.55";"-4.34";"14683.35";"OOS1";"Exit After X Bars";"-36.02";"71.46";"3d 12h 0m";""
"319";"XAUUSD_DukasM1_Infinox";"Buy";"2009.07.03 00:00:00";"929.48";"0.08";"2009.07.06 12:00:00";"922.75";"-55.69";"14627.66";"OOS1";"Exit After X Bars";"-64.63";"35.03";"3d 12h 0m";""
"320";"XAUUSD_DukasM1_Infinox";"Buy";"2009.07.10 00:00:00";"911.77";"0.08";"2009.07.13 12:00:00";"909.20";"-22.38";"14605.28";"OOS1";"Exit After X Bars";"-39.14";"25.69";"3d 12h 0m";""
"321";"XAUUSD_DukasM1_Infinox";"Buy";"2009.07.17 00:00:00";"937.03";"0.1";"2009.07.20 12:00:00";"946.99";"97.28";"14702.56";"OOS1";"Exit After X Bars";"-56.09";"104.96";"3d 12h 0m";""
"322";"XAUUSD_DukasM1_Infinox";"Buy";"2009.07.24 00:00:00";"948.87";"0.09";"2009.07.27 12:00:00";"955.48";"57.38";"14759.94";"OOS1";"Exit After X Bars";"-25.30";"80.51";"3d 12h 0m";""
"323";"XAUUSD_DukasM1_Infinox";"Buy";"2009.07.31 00:00:00";"933.95";"0.1";"2009.07.31 18:48:00";"948.38";"143.80";"14903.74";"OOS1";"PT";"-17.09";"144.30";"18h 48m";""
"324";"XAUUSD_DukasM1_Infinox";"Buy";"2009.08.07 00:00:00";"962.84";"0.08";"2009.08.10 03:14:00";"950.49";"-100.70";"14803.04";"OOS1";"SL";"-98.80";"10.71";"3d 3h 14m";""
"325";"XAUUSD_DukasM1_Infinox";"Buy";"2009.08.14 00:00:00";"954.49";"0.09";"2009.08.14 18:42:00";"943.77";"-96.93";"14706.11";"OOS1";"SL";"-96.48";"38.33";"18h 42m";""
"326";"XAUUSD_DukasM1_Infinox";"Buy";"2009.08.21 00:00:00";"940.22";"0.1";"2009.08.21 15:31:00";"954.75";"144.80";"14850.91";"OOS1";"PT";"-27.94";"145.30";"15h 31m";""
"327";"XAUUSD_DukasM1_Infinox";"Buy";"2009.08.28 00:00:00";"947.74";"0.09";"2009.08.31 12:00:00";"953.45";"49.28";"14900.20";"OOS1";"Exit After X Bars";"-11.56";"111.65";"3d 12h 0m";""
"328";"XAUUSD_DukasM1_Infinox";"Buy";"2009.09.04 00:00:00";"991.62";"0.07";"2009.09.07 12:00:00";"993.75";"13.21";"14913.41";"OOS1";"Exit After X Bars";"-46.31";"31.82";"3d 12h 0m";""
"329";"XAUUSD_DukasM1_Infinox";"Buy";"2009.09.11 00:00:00";"996.23";"0.07";"2009.09.14 12:00:00";"995.07";"-9.83";"14903.58";"OOS1";"Exit After X Bars";"-21.34";"101.77";"3d 12h 0m";""
"330";"XAUUSD_DukasM1_Infinox";"Buy";"2009.09.18 00:00:00";"1013.17";"0.08";"2009.09.21 06:20:00";"1000.85";"-100.54";"14803.04";"OOS1";"SL";"-98.56";"33.18";"3d 6h 20m";""
"331";"XAUUSD_DukasM1_Infinox";"Buy";"2009.09.25 00:00:00";"993.68";"0.06";"2009.09.28 12:00:00";"989.08";"-29.06";"14773.98";"OOS1";"Exit After X Bars";"-52.61";"30.03";"3d 12h 0m";""
"332";"XAUUSD_DukasM1_Infinox";"Buy";"2009.10.02 00:00:00";"998.93";"0.08";"2009.10.05 12:00:00";"1004.60";"43.41";"14817.39";"OOS1";"Exit After X Bars";"-93.09";"66.78";"3d 12h 0m";""
"333";"XAUUSD_DukasM1_Infinox";"Buy";"2009.10.09 00:00:00";"1054.68";"0.06";"2009.10.12 12:00:00";"1051.47";"-20.79";"14796.60";"OOS1";"Exit After X Bars";"-69.83";"1.59";"3d 12h 0m";""
"334";"XAUUSD_DukasM1_Infinox";"Buy";"2009.10.16 00:00:00";"1049.96";"0.06";"2009.10.19 12:00:00";"1055.14";"29.56";"14826.16";"OOS1";"Exit After X Bars";"-42.02";"37.44";"3d 12h 0m";""
"335";"XAUUSD_DukasM1_Infinox";"Buy";"2009.10.23 00:00:00";"1059.68";"0.07";"2009.10.26 08:00:00";"1054.40";"-38.75";"14787.40";"OOS1";"Exit After X Bars";"-63.45";"50.84";"3d 8h 0m";""
"336";"XAUUSD_DukasM1_Infinox";"Buy";"2009.10.30 00:00:00";"1045.14";"0.07";"2009.11.02 12:00:00";"1053.76";"58.57";"14845.97";"OOS1";"Exit After X Bars";"-72.28";"73.56";"3d 12h 0m";""
"337";"XAUUSD_DukasM1_Infinox";"Buy";"2009.11.06 00:00:00";"1090.07";"0.06";"2009.11.09 12:00:00";"1107.93";"105.59";"14951.56";"OOS1";"Exit After X Bars";"-13.93";"112.09";"3d 12h 0m";""
"338";"XAUUSD_DukasM1_Infinox";"Buy";"2009.11.13 00:00:00";"1103.35";"0.07";"2009.11.16 01:20:00";"1123.60";"139.90";"15091.46";"OOS1";"PT";"-20.77";"141.75";"3d 1h 20m";""
"339";"XAUUSD_DukasM1_Infinox";"Buy";"2009.11.20 00:00:00";"1144.12";"0.06";"2009.11.23 09:20:00";"1165.58";"127.13";"15218.58";"OOS1";"PT";"-71.11";"128.76";"3d 9h 20m";""
"340";"XAUUSD_DukasM1_Infinox";"Buy";"2009.11.27 00:00:00";"1192.45";"0.06";"2009.11.27 07:59:00";"1177.78";"-88.32";"15130.26";"OOS1";"SL";"-88.02";"0.29";"7h 59m";""
"341";"XAUUSD_DukasM1_Infinox";"Buy";"2009.12.04 00:00:00";"1207.40";"0.04";"2009.12.04 15:58:00";"1187.11";"-81.36";"15048.90";"OOS1";"SL";"-81.16";"16.95";"15h 58m";""
"342";"XAUUSD_DukasM1_Infinox";"Buy";"2009.12.11 00:00:00";"1130.91";"0.04";"2009.12.14 12:00:00";"1123.12";"-32.24";"15016.66";"OOS1";"Exit After X Bars";"-85.70";"43.09";"3d 12h 0m";""
"343";"XAUUSD_DukasM1_Infinox";"Buy";"2009.12.18 00:00:00";"1098.34";"0.05";"2009.12.21 12:00:00";"1113.26";"73.28";"15089.95";"OOS1";"Exit After X Bars";"-12.40";"103.54";"3d 12h 0m";""
"344";"XAUUSD_DukasM1_Infinox";"Buy";"2009.12.25 00:00:00";"1104.35";"0.05";"2009.12.28 12:00:00";"1110.94";"31.63";"15121.57";"OOS1";"Exit After X Bars";"-4.56";"44.97";"3d 12h 0m";""
"345";"XAUUSD_DukasM1_Infinox";"Buy";"2010.01.01 00:00:00";"1096.52";"0.08";"2010.01.04 12:00:00";"1113.12";"130.69";"15252.27";"OOS1";"Exit After X Bars";"-28.26";"135.33";"3d 12h 0m";""
"346";"XAUUSD_DukasM1_Infinox";"Buy";"2010.01.08 00:00:00";"1131.14";"0.08";"2010.01.11 01:07:00";"1148.92";"140.08";"15392.35";"OOS1";"PT";"-94.82";"142.24";"3d 1h 7m";""
"347";"XAUUSD_DukasM1_Infinox";"Buy";"2010.01.15 00:00:00";"1142.41";"0.05";"2010.01.18 12:00:00";"1135.56";"-35.61";"15356.74";"OOS1";"Exit After X Bars";"-78.87";"13.39";"3d 12h 0m";""
"348";"XAUUSD_DukasM1_Infinox";"Buy";"2010.01.22 00:00:00";"1093.95";"0.06";"2010.01.25 12:00:00";"1099.90";"34.12";"15390.86";"OOS1";"Exit After X Bars";"-72.50";"52.70";"3d 12h 0m";""
"349";"XAUUSD_DukasM1_Infinox";"Buy";"2010.01.29 00:00:00";"1086.32";"0.05";"2010.02.01 12:00:00";"1083.02";"-17.81";"15373.05";"OOS1";"Exit After X Bars";"-60.85";"14.69";"3d 12h 0m";""
"350";"XAUUSD_DukasM1_Infinox";"Buy";"2010.02.05 00:00:00";"1063.02";"0.05";"2010.02.08 12:00:00";"1070.49";"36.07";"15409.12";"OOS1";"Exit After X Bars";"-91.58";"50.88";"3d 12h 0m";""
"351";"XAUUSD_DukasM1_Infinox";"Buy";"2010.02.12 00:00:00";"1095.11";"0.05";"2010.02.15 12:00:00";"1097.94";"12.84";"15421.96";"OOS1";"Exit After X Bars";"-87.69";"17.30";"3d 12h 0m";""
"352";"XAUUSD_DukasM1_Infinox";"Buy";"2010.02.19 00:00:00";"1108.44";"0.05";"2010.02.22 12:00:00";"1120.52";"59.07";"15481.03";"OOS1";"Exit After X Bars";"-46.67";"109.22";"3d 12h 0m";""
"353";"XAUUSD_DukasM1_Infinox";"Buy";"2010.02.26 00:00:00";"1106.20";"0.05";"2010.03.01 12:00:00";"1120.58";"70.57";"15551.60";"OOS1";"Exit After X Bars";"-12.71";"84.32";"3d 12h 0m";""
"354";"XAUUSD_DukasM1_Infinox";"Buy";"2010.03.05 00:00:00";"1131.75";"0.07";"2010.03.08 12:00:00";"1135.87";"26.95";"15578.55";"OOS1";"Exit After X Bars";"-28.94";"58.69";"3d 12h 0m";""
"355";"XAUUSD_DukasM1_Infinox";"Buy";"2010.03.12 00:00:00";"1109.19";"0.07";"2010.03.15 08:00:00";"1104.12";"-37.35";"15541.20";"OOS1";"Exit After X Bars";"-76.29";"68.22";"3d 8h 0m";""
"356";"XAUUSD_DukasM1_Infinox";"Buy";"2010.03.19 00:00:00";"1121.18";"0.07";"2010.03.19 16:30:00";"1108.60";"-88.41";"15452.79";"OOS1";"SL";"-88.06";"37.97";"16h 30m";""
"357";"XAUUSD_DukasM1_Infinox";"Buy";"2010.03.26 00:00:00";"1090.41";"0.08";"2010.03.26 22:00:00";"1108.52";"144.48";"15597.27";"OOS1";"PT";"-18.88";"144.88";"22h 0m";""
"358";"XAUUSD_DukasM1_Infinox";"Buy";"2010.04.02 00:00:00";"1126.27";"0.08";"2010.04.05 12:00:00";"1125.96";"-4.63";"15592.64";"OOS1";"Exit After X Bars";"-73.59";"6.98";"3d 12h 0m";""
"359";"XAUUSD_DukasM1_Infinox";"Buy";"2010.04.09 00:00:00";"1150.22";"0.08";"2010.04.12 01:23:00";"1167.50";"136.05";"15728.69";"OOS1";"PT";"-11.12";"138.24";"3d 1h 23m";""
"360";"XAUUSD_DukasM1_Infinox";"Buy";"2010.04.16 00:00:00";"1158.80";"0.08";"2010.04.16 16:16:00";"1146.28";"-100.56";"15628.13";"OOS1";"SL";"-100.16";"11.18";"16h 16m";""
"361";"XAUUSD_DukasM1_Infinox";"Buy";"2010.04.23 00:00:00";"1141.13";"0.07";"2010.04.26 12:00:00";"1155.16";"96.31";"15724.44";"OOS1";"Exit After X Bars";"-45.68";"128.25";"3d 12h 0m";""
"362";"XAUUSD_DukasM1_Infinox";"Buy";"2010.04.30 00:00:00";"1166.61";"0.07";"2010.05.03 12:00:00";"1177.61";"75.06";"15799.50";"OOS1";"Exit After X Bars";"-16.34";"102.50";"3d 12h 0m";""
"363";"XAUUSD_DukasM1_Infinox";"Buy";"2010.05.07 00:00:00";"1208.01";"0.06";"2010.05.10 10:52:00";"1191.37";"-101.55";"15697.95";"OOS1";"SL";"-99.84";"26.74";"3d 10h 52m";""
"364";"XAUUSD_DukasM1_Infinox";"Buy";"2010.05.14 00:00:00";"1232.59";"0.05";"2010.05.17 12:00:00";"1235.62";"13.70";"15711.65";"OOS1";"Exit After X Bars";"-70.60";"80.83";"3d 12h 0m";""
"365";"XAUUSD_DukasM1_Infinox";"Buy";"2010.05.21 00:00:00";"1182.06";"0.04";"2010.05.24 12:00:00";"1185.04";"10.80";"15722.45";"OOS1";"Exit After X Bars";"-62.34";"34.29";"3d 12h 0m";""
"366";"XAUUSD_DukasM1_Infinox";"Buy";"2010.05.28 00:00:00";"1211.71";"0.05";"2010.05.31 12:00:00";"1212.67";"3.37";"15725.83";"OOS1";"Exit After X Bars";"-49.83";"15.64";"3d 12h 0m";""
"367";"XAUUSD_DukasM1_Infinox";"Buy";"2010.06.04 00:00:00";"1206.38";"0.07";"2010.06.07 12:00:00";"1215.52";"61.99";"15787.81";"OOS1";"Exit After X Bars";"-68.42";"94.37";"3d 12h 0m";""
"368";"XAUUSD_DukasM1_Infinox";"Buy";"2010.06.11 00:00:00";"1216.24";"0.06";"2010.06.14 12:00:00";"1230.46";"83.60";"15871.42";"OOS1";"Exit After X Bars";"-3.47";"103.97";"3d 12h 0m";""
"369";"XAUUSD_DukasM1_Infinox";"Buy";"2010.06.18 00:00:00";"1244.62";"0.07";"2010.06.21 12:00:00";"1257.77";"90.01";"15961.42";"OOS1";"Exit After X Bars";"-22.81";"137.68";"3d 12h 0m";""
"370";"XAUUSD_DukasM1_Infinox";"Buy";"2010.06.25 00:00:00";"1243.16";"0.06";"2010.06.28 12:00:00";"1254.89";"68.63";"16030.05";"OOS1";"Exit After X Bars";"-16.78";"88.99";"3d 12h 0m";""
"371";"XAUUSD_DukasM1_Infinox";"Buy";"2010.07.02 00:00:00";"1198.71";"0.05";"2010.07.05 12:00:00";"1209.66";"53.34";"16083.39";"OOS1";"Exit After X Bars";"-4.18";"76.57";"3d 12h 0m";""
"372";"XAUUSD_DukasM1_Infinox";"Buy";"2010.07.09 00:00:00";"1197.64";"0.06";"2010.07.12 12:00:00";"1206.87";"53.68";"16137.07";"OOS1";"Exit After X Bars";"-23.33";"93.23";"3d 12h 0m";""
"373";"XAUUSD_DukasM1_Infinox";"Buy";"2010.07.16 00:00:00";"1207.96";"0.07";"2010.07.16 15:30:00";"1194.51";"-94.50";"16042.57";"OOS1";"SL";"-94.15";"17.54";"15h 30m";""
"374";"XAUUSD_DukasM1_Infinox";"Buy";"2010.07.23 00:00:00";"1194.69";"0.07";"2010.07.26 12:00:00";"1190.72";"-29.77";"16012.80";"OOS1";"Exit After X Bars";"-70.25";"62.59";"3d 12h 0m";""
"375";"XAUUSD_DukasM1_Infinox";"Buy";"2010.07.30 00:00:00";"1168.06";"0.08";"2010.08.02 12:00:00";"1180.91";"100.58";"16113.39";"OOS1";"Exit After X Bars";"-24.10";"124.86";"3d 12h 0m";""
"376";"XAUUSD_DukasM1_Infinox";"Buy";"2010.08.06 00:00:00";"1194.63";"0.08";"2010.08.09 12:00:00";"1208.20";"106.30";"16219.69";"OOS1";"Exit After X Bars";"-24.40";"126.63";"3d 12h 0m";""
"377";"XAUUSD_DukasM1_Infinox";"Buy";"2010.08.13 00:00:00";"1213.63";"0.08";"2010.08.16 12:00:00";"1222.36";"67.55";"16287.24";"OOS1";"Exit After X Bars";"-21.78";"71.27";"3d 12h 0m";""
"378";"XAUUSD_DukasM1_Infinox";"Buy";"2010.08.20 00:00:00";"1231.81";"0.09";"2010.08.23 12:00:00";"1227.71";"-39.51";"16247.73";"OOS1";"Exit After X Bars";"-88.90";"12.50";"3d 12h 0m";""
"379";"XAUUSD_DukasM1_Infinox";"Buy";"2010.08.27 00:00:00";"1237.32";"0.09";"2010.08.30 12:00:00";"1236.21";"-12.61";"16235.13";"OOS1";"Exit After X Bars";"-44.19";"40.35";"3d 12h 0m";""
"380";"XAUUSD_DukasM1_Infinox";"Buy";"2010.09.03 00:00:00";"1250.74";"0.1";"2010.09.03 15:35:00";"1240.89";"-99.00";"16136.13";"OOS1";"SL";"-98.50";"27.82";"15h 35m";""
"381";"XAUUSD_DukasM1_Infinox";"Buy";"2010.09.10 00:00:00";"1243.50";"0.09";"2010.09.10 23:59:00";"1245.76";"19.93";"16156.05";"OOS1";"EndTest";"-63.04";"59.88";"23h 59m";""
"1";"XAUUSD_DukasM1_Infinox";"Buy";"2010.09.17 00:00:00";"1274.98";"0.08";"2010.09.20 08:00:00";"1279.86";"36.66";"16192.71";"OOS1";"Exit After X Bars";"-26.46";"58.90";"3d 8h 0m";""
"2";"XAUUSD_DukasM1_Infinox";"Buy";"2010.09.24 00:00:00";"1292.05";"0.08";"2010.09.27 08:00:00";"1296.54";"33.51";"16226.22";"OOS1";"Exit After X Bars";"-8.00";"59.23";"3d 8h 0m";""
"3";"XAUUSD_DukasM1_Infinox";"Buy";"2010.10.01 00:00:00";"1308.16";"0.07";"2010.10.04 08:00:00";"1317.37";"62.34";"16288.56";"OOS1";"Exit After X Bars";"-18.49";"81.18";"3d 8h 0m";""
"4";"XAUUSD_DukasM1_Infinox";"Buy";"2010.10.08 00:00:00";"1333.20";"0.06";"2010.10.11 08:00:00";"1352.06";"111.31";"16399.86";"OOS1";"Exit After X Bars";"-51.44";"129.88";"3d 8h 0m";""
"5";"XAUUSD_DukasM1_Infinox";"Buy";"2010.10.15 00:00:00";"1380.67";"0.05";"2010.10.15 17:22:00";"1363.67";"-85.25";"16314.61";"OOS1";"SL";"-85.00";"21.52";"17h 22m";""
"6";"XAUUSD_DukasM1_Infinox";"Buy";"2010.10.22 00:00:00";"1325.17";"0.04";"2010.10.25 08:00:00";"1338.35";"51.49";"16366.10";"OOS1";"Exit After X Bars";"-41.76";"55.57";"3d 8h 0m";""
"7";"XAUUSD_DukasM1_Infinox";"Buy";"2010.10.29 00:00:00";"1343.88";"0.05";"2010.11.01 04:00:00";"1358.01";"69.09";"16435.20";"OOS1";"Exit After X Bars";"-43.89";"104.65";"3d 4h 0m";""
"8";"XAUUSD_DukasM1_Infinox";"Buy";"2010.11.05 00:00:00";"1392.00";"0.04";"2010.11.08 08:00:00";"1390.34";"-7.92";"16427.27";"OOS1";"Exit After X Bars";"-70.63";"23.83";"3d 8h 0m";""
"9";"XAUUSD_DukasM1_Infinox";"Buy";"2010.11.12 00:00:00";"1408.17";"0.04";"2010.11.12 07:24:00";"1385.13";"-92.36";"16334.91";"OOS1";"SL";"-92.16";"5.49";"7h 24m";""
"10";"XAUUSD_DukasM1_Infinox";"Buy";"2010.11.19 00:00:00";"1352.85";"0.04";"2010.11.22 08:00:00";"1361.50";"33.35";"16368.26";"OOS1";"Exit After X Bars";"-45.12";"38.30";"3d 8h 0m";""
"11";"XAUUSD_DukasM1_Infinox";"Buy";"2010.11.26 00:00:00";"1374.66";"0.06";"2010.11.26 13:39:00";"1358.68";"-96.18";"16272.08";"OOS1";"SL";"-95.88";"0.00";"13h 39m";""
"12";"XAUUSD_DukasM1_Infinox";"Buy";"2010.12.03 00:00:00";"1385.26";"0.05";"2010.12.03 22:50:00";"1410.69";"126.90";"16398.98";"OOS1";"PT";"-8.98";"127.15";"22h 50m";""
"13";"XAUUSD_DukasM1_Infinox";"Buy";"2010.12.10 00:00:00";"1386.49";"0.04";"2010.12.13 08:00:00";"1388.39";"6.32";"16405.30";"OOS1";"Exit After X Bars";"-58.16";"22.44";"3d 8h 0m";""
"14";"XAUUSD_DukasM1_Infinox";"Buy";"2010.12.17 00:00:00";"1369.72";"0.05";"2010.12.20 08:00:00";"1383.69";"68.27";"16473.57";"OOS1";"Exit After X Bars";"-24.78";"77.30";"3d 8h 0m";""
"15";"XAUUSD_DukasM1_Infinox";"Buy";"2010.12.24 00:00:00";"1379.53";"0.07";"2010.12.27 08:00:00";"1384.71";"34.03";"16507.60";"OOS1";"Exit After X Bars";"-54.11";"40.72";"3d 8h 0m";""
"16";"XAUUSD_DukasM1_Infinox";"Buy";"2010.12.31 00:00:00";"1404.47";"0.08";"2011.01.03 08:00:00";"1419.40";"116.86";"16624.46";"OOS1";"Exit After X Bars";"-20.55";"131.62";"3d 8h 0m";""
"17";"XAUUSD_DukasM1_Infinox";"Buy";"2011.01.07 00:00:00";"1371.24";"0.06";"2011.01.07 15:21:00";"1355.66";"-93.78";"16530.68";"OOS1";"SL";"-93.48";"8.77";"15h 21m";""
"18";"XAUUSD_DukasM1_Infinox";"Buy";"2011.01.14 00:00:00";"1373.29";"0.06";"2011.01.14 17:58:00";"1356.78";"-99.36";"16431.32";"OOS1";"SL";"-99.06";"28.52";"17h 58m";""
"19";"XAUUSD_DukasM1_Infinox";"Buy";"2011.01.21 00:00:00";"1345.88";"0.06";"2011.01.24 08:00:00";"1351.92";"34.37";"16465.69";"OOS1";"Exit After X Bars";"-49.05";"42.74";"3d 8h 0m";""
"20";"XAUUSD_DukasM1_Infinox";"Buy";"2011.01.28 00:00:00";"1313.65";"0.05";"2011.01.28 18:52:00";"1338.91";"126.05";"16591.74";"OOS1";"PT";"-27.09";"126.30";"18h 52m";""
"21";"XAUUSD_DukasM1_Infinox";"Buy";"2011.02.04 00:00:00";"1354.40";"0.05";"2011.02.07 08:00:00";"1348.08";"-33.17";"16558.57";"OOS1";"Exit After X Bars";"-56.60";"18.15";"3d 8h 0m";""
"22";"XAUUSD_DukasM1_Infinox";"Buy";"2011.02.11 00:00:00";"1363.75";"0.07";"2011.02.14 08:00:00";"1358.82";"-36.72";"16521.85";"OOS1";"Exit After X Bars";"-68.80";"32.21";"3d 8h 0m";""
"23";"XAUUSD_DukasM1_Infinox";"Buy";"2011.02.18 00:00:00";"1383.99";"0.08";"2011.02.21 08:00:00";"1394.33";"80.17";"16602.02";"OOS1";"Exit After X Bars";"-18.94";"97.65";"3d 8h 0m";""
"24";"XAUUSD_DukasM1_Infinox";"Buy";"2011.02.25 00:00:00";"1402.27";"0.06";"2011.02.28 08:00:00";"1413.68";"66.52";"16668.54";"OOS1";"Exit After X Bars";"-15.34";"76.66";"3d 8h 0m";""
"25";"XAUUSD_DukasM1_Infinox";"Buy";"2011.03.04 00:00:00";"1415.62";"0.06";"2011.03.07 08:00:00";"1436.60";"123.93";"16792.47";"OOS1";"Exit After X Bars";"-10.60";"132.89";"3d 8h 0m";""
"26";"XAUUSD_DukasM1_Infinox";"Buy";"2011.03.11 00:00:00";"1411.48";"0.06";"2011.03.14 04:00:00";"1424.49";"76.11";"16868.59";"OOS1";"Exit After X Bars";"-41.92";"120.43";"3d 4h 0m";""
"27";"XAUUSD_DukasM1_Infinox";"Buy";"2011.03.18 00:00:00";"1403.97";"0.05";"2011.03.21 04:00:00";"1427.92";"118.14";"16986.72";"OOS1";"Exit After X Bars";"-9.75";"122.00";"3d 4h 0m";""
"28";"XAUUSD_DukasM1_Infinox";"Buy";"2011.03.25 00:00:00";"1429.90";"0.06";"2011.03.28 08:00:00";"1425.73";"-26.99";"16959.73";"OOS1";"Exit After X Bars";"-44.71";"47.29";"3d 8h 0m";""
"29";"XAUUSD_DukasM1_Infinox";"Buy";"2011.04.01 00:00:00";"1432.19";"0.07";"2011.04.01 16:11:00";"1418.12";"-98.84";"16860.89";"OOS1";"SL";"-98.49";"26.80";"16h 11m";""
"30";"XAUUSD_DukasM1_Infinox";"Buy";"2011.04.08 00:00:00";"1458.08";"0.06";"2011.04.11 08:00:00";"1474.57";"96.94";"16957.83";"OOS1";"Exit After X Bars";"-10.54";"109.09";"3d 8h 0m";""
"31";"XAUUSD_DukasM1_Infinox";"Buy";"2011.04.15 00:00:00";"1474.11";"0.06";"2011.04.18 08:00:00";"1486.51";"72.38";"17030.21";"OOS1";"Exit After X Bars";"-16.14";"87.11";"3d 8h 0m";""
"32";"XAUUSD_DukasM1_Infinox";"Buy";"2011.04.22 00:00:00";"1504.77";"0.07";"2011.04.25 08:00:00";"1515.90";"75.51";"17105.73";"OOS1";"Exit After X Bars";"-24.80";"78.28";"3d 8h 0m";""
"33";"XAUUSD_DukasM1_Infinox";"Buy";"2011.04.29 00:00:00";"1535.26";"0.06";"2011.04.29 20:38:00";"1558.88";"141.42";"17247.15";"OOS1";"PT";"-20.98";"141.72";"20h 38m";""
"34";"XAUUSD_DukasM1_Infinox";"Buy";"2011.05.06 00:00:00";"1474.06";"0.03";"2011.05.09 08:00:00";"1503.90";"88.51";"17335.66";"OOS1";"Exit After X Bars";"-9.46";"91.90";"3d 8h 0m";""
"35";"XAUUSD_DukasM1_Infinox";"Buy";"2011.05.13 00:00:00";"1505.66";"0.04";"2011.05.16 08:00:00";"1490.36";"-62.57";"17273.09";"OOS1";"Exit After X Bars";"-91.48";"43.24";"3d 8h 0m";""
"36";"XAUUSD_DukasM1_Infinox";"Buy";"2011.05.20 00:00:00";"1493.27";"0.05";"2011.05.23 08:00:00";"1511.03";"87.10";"17360.18";"OOS1";"Exit After X Bars";"-31.61";"120.88";"3d 8h 0m";""
"37";"XAUUSD_DukasM1_Infinox";"Buy";"2011.05.27 00:00:00";"1519.04";"0.06";"2011.05.30 08:00:00";"1535.08";"94.17";"17454.35";"OOS1";"Exit After X Bars";"-8.95";"115.47";"3d 8h 0m";""
"38";"XAUUSD_DukasM1_Infinox";"Buy";"2011.06.03 00:00:00";"1533.55";"0.06";"2011.06.06 08:00:00";"1546.31";"74.47";"17528.82";"OOS1";"Exit After X Bars";"-57.31";"77.56";"3d 8h 0m";""
"39";"XAUUSD_DukasM1_Infinox";"Buy";"2011.06.10 00:00:00";"1544.01";"0.06";"2011.06.10 15:46:00";"1529.65";"-86.46";"17442.36";"OOS1";"SL";"-86.16";"7.46";"15h 46m";""
"40";"XAUUSD_DukasM1_Infinox";"Buy";"2011.06.17 00:00:00";"1529.73";"0.06";"2011.06.20 08:00:00";"1535.93";"35.12";"17477.48";"OOS1";"Exit After X Bars";"-43.43";"74.03";"3d 8h 0m";""
"41";"XAUUSD_DukasM1_Infinox";"Buy";"2011.06.24 00:00:00";"1521.28";"0.06";"2011.06.24 17:19:00";"1506.22";"-90.66";"17386.82";"OOS1";"SL";"-90.36";"25.76";"17h 19m";""
"42";"XAUUSD_DukasM1_Infinox";"Buy";"2011.07.01 00:00:00";"1500.18";"0.07";"2011.07.01 15:42:00";"1486.27";"-97.72";"17289.10";"OOS1";"SL";"-97.37";"16.57";"15h 42m";""
"43";"XAUUSD_DukasM1_Infinox";"Buy";"2011.07.08 00:00:00";"1532.10";"0.07";"2011.07.11 08:00:00";"1545.68";"92.63";"17381.72";"OOS1";"Exit After X Bars";"-51.45";"98.11";"3d 8h 0m";""
"44";"XAUUSD_DukasM1_Infinox";"Buy";"2011.07.15 00:00:00";"1587.16";"0.05";"2011.07.18 08:00:00";"1597.24";"48.61";"17430.33";"OOS1";"Exit After X Bars";"-55.51";"57.10";"3d 8h 0m";""
"45";"XAUUSD_DukasM1_Infinox";"Buy";"2011.07.22 00:00:00";"1590.67";"0.05";"2011.07.25 01:27:00";"1616.49";"127.30";"17557.63";"OOS1";"PT";"-34.28";"129.10";"3d 1h 27m";""
"46";"XAUUSD_DukasM1_Infinox";"Buy";"2011.07.29 00:00:00";"1616.03";"0.06";"2011.08.01 08:00:00";"1614.27";"-12.75";"17544.89";"OOS1";"Exit After X Bars";"-49.74";"98.90";"3d 8h 0m";""
"47";"XAUUSD_DukasM1_Infinox";"Buy";"2011.08.05 00:00:00";"1646.77";"0.03";"2011.08.08 01:13:00";"1684.14";"111.00";"17655.89";"OOS1";"PT";"-15.72";"112.11";"3d 1h 13m";""
"48";"XAUUSD_DukasM1_Infinox";"Buy";"2011.08.12 00:00:00";"1764.12";"0.02";"2011.08.15 08:00:00";"1742.29";"-44.45";"17611.44";"OOS1";"Exit After X Bars";"-82.09";"7.58";"3d 8h 0m";""
"49";"XAUUSD_DukasM1_Infinox";"Buy";"2011.08.19 00:00:00";"1823.77";"0.03";"2011.08.19 13:40:00";"1869.48";"136.98";"17748.42";"OOS1";"PT";"-6.42";"137.13";"13h 40m";""
"50";"XAUUSD_DukasM1_Infinox";"Buy";"2011.08.26 00:00:00";"1774.62";"0.01";"2011.08.29 08:00:00";"1822.22";"47.20";"17795.63";"OOS1";"Exit After X Bars";"-17.52";"59.55";"3d 8h 0m";""
"51";"XAUUSD_DukasM1_Infinox";"Buy";"2011.09.02 00:00:00";"1825.67";"0.02";"2011.09.02 22:04:00";"1884.05";"116.66";"17912.29";"OOS1";"PT";"-3.75";"116.76";"22h 4m";""
"52";"XAUUSD_DukasM1_Infinox";"Buy";"2011.09.09 00:00:00";"1870.21";"0.02";"2011.09.12 08:00:00";"1854.37";"-32.51";"17879.78";"OOS1";"Exit After X Bars";"-91.18";"31.33";"3d 8h 0m";""
"53";"XAUUSD_DukasM1_Infinox";"Buy";"2011.09.16 00:00:00";"1788.58";"0.02";"2011.09.19 08:00:00";"1821.62";"65.28";"17945.06";"OOS1";"Exit After X Bars";"-52.01";"77.00";"3d 8h 0m";""
"54";"XAUUSD_DukasM1_Infinox";"Buy";"2011.09.23 00:00:00";"1740.11";"0.02";"2011.09.23 14:38:00";"1697.05";"-86.22";"17858.84";"OOS1";"SL";"-86.12";"30.03";"14h 38m";""
"55";"XAUUSD_DukasM1_Infinox";"Buy";"2011.09.30 00:00:00";"1614.69";"0.01";"2011.10.03 08:00:00";"1631.15";"16.10";"17874.94";"OOS1";"Exit After X Bars";"-8.01";"25.67";"3d 8h 0m";""
"56";"XAUUSD_DukasM1_Infinox";"Buy";"2011.10.07 00:00:00";"1650.94";"0.02";"2011.10.10 08:00:00";"1651.45";"0.28";"17875.22";"OOS1";"Exit After X Bars";"-49.99";"29.85";"3d 8h 0m";""
"57";"XAUUSD_DukasM1_Infinox";"Buy";"2011.10.14 00:00:00";"1667.50";"0.03";"2011.10.17 08:00:00";"1682.57";"44.09";"17919.30";"OOS1";"Exit After X Bars";"-19.13";"51.44";"3d 8h 0m";""
"58";"XAUUSD_DukasM1_Infinox";"Buy";"2011.10.21 00:00:00";"1620.86";"0.03";"2011.10.24 08:00:00";"1646.21";"74.95";"17994.26";"OOS1";"Exit After X Bars";"-28.48";"82.78";"3d 8h 0m";""
"59";"XAUUSD_DukasM1_Infinox";"Buy";"2011.10.28 00:00:00";"1744.32";"0.03";"2011.10.31 04:00:00";"1726.89";"-53.46";"17940.80";"OOS1";"Exit After X Bars";"-58.71";"24.21";"3d 4h 0m";""
"60";"XAUUSD_DukasM1_Infinox";"Buy";"2011.11.04 00:00:00";"1762.25";"0.03";"2011.11.07 08:00:00";"1771.70";"27.17";"17967.97";"OOS1";"Exit After X Bars";"-39.60";"30.40";"3d 8h 0m";""
"61";"XAUUSD_DukasM1_Infinox";"Buy";"2011.11.11 00:00:00";"1758.37";"0.03";"2011.11.14 08:00:00";"1792.81";"102.14";"18070.12";"OOS1";"Exit After X Bars";"-35.91";"112.35";"3d 8h 0m";""
"62";"XAUUSD_DukasM1_Infinox";"Buy";"2011.11.18 00:00:00";"1721.09";"0.03";"2011.11.21 08:00:00";"1721.32";"-0.46";"18069.65";"OOS1";"Exit After X Bars";"-29.91";"49.16";"3d 8h 0m";""
"63";"XAUUSD_DukasM1_Infinox";"Buy";"2011.11.25 00:00:00";"1694.62";"0.03";"2011.11.28 08:00:00";"1705.78";"32.34";"18101.99";"OOS1";"Exit After X Bars";"-68.25";"41.51";"3d 8h 0m";""
"64";"XAUUSD_DukasM1_Infinox";"Buy";"2011.12.02 00:00:00";"1744.32";"0.03";"2011.12.05 08:00:00";"1744.33";"-1.14";"18100.86";"OOS1";"Exit After X Bars";"-19.08";"49.16";"3d 8h 0m";""
"65";"XAUUSD_DukasM1_Infinox";"Buy";"2011.12.09 00:00:00";"1708.33";"0.03";"2011.12.12 08:00:00";"1690.40";"-54.94";"18045.92";"OOS1";"Exit After X Bars";"-58.37";"46.81";"3d 8h 0m";""
"66";"XAUUSD_DukasM1_Infinox";"Buy";"2011.12.16 00:00:00";"1570.24";"0.02";"2011.12.19 08:00:00";"1587.35";"33.51";"18079.43";"OOS1";"Exit After X Bars";"-3.28";"69.14";"3d 8h 0m";""
"67";"XAUUSD_DukasM1_Infinox";"Buy";"2011.12.23 00:00:00";"1605.92";"0.03";"2011.12.26 13:05:00";"1603.89";"-7.18";"18072.25";"OOS1";"Exit After X Bars";"-15.46";"23.42";"3d 13h 5m";""
"68";"XAUUSD_DukasM1_Infinox";"Buy";"2011.12.30 00:00:00";"1545.48";"0.04";"2011.12.30 18:41:00";"1580.93";"141.60";"18213.85";"OOS1";"PT";"-4.81";"141.80";"18h 41m";""
"69";"XAUUSD_DukasM1_Infinox";"Buy";"2012.01.06 00:00:00";"1622.45";"0.04";"2012.01.09 08:00:00";"1610.82";"-47.98";"18165.87";"OOS1";"Exit After X Bars";"-70.10";"33.68";"3d 8h 0m";""
"70";"XAUUSD_DukasM1_Infinox";"Buy";"2012.01.13 00:00:00";"1649.97";"0.04";"2012.01.13 17:21:00";"1629.64";"-81.52";"18084.35";"OOS1";"SL";"-81.32";"1.12";"17h 21m";""
"71";"XAUUSD_DukasM1_Infinox";"Buy";"2012.01.20 00:00:00";"1658.55";"0.04";"2012.01.23 08:00:00";"1670.43";"46.03";"18130.38";"OOS1";"Exit After X Bars";"-54.43";"58.01";"3d 8h 0m";""
"72";"XAUUSD_DukasM1_Infinox";"Buy";"2012.01.27 00:00:00";"1720.47";"0.04";"2012.01.30 08:00:00";"1730.99";"40.54";"18170.92";"OOS1";"Exit After X Bars";"-24.82";"77.29";"3d 8h 0m";""
"73";"XAUUSD_DukasM1_Infinox";"Buy";"2012.02.03 00:00:00";"1758.71";"0.04";"2012.02.03 16:58:00";"1737.62";"-84.56";"18086.36";"OOS1";"SL";"-84.36";"17.91";"16h 58m";""
"74";"XAUUSD_DukasM1_Infinox";"Buy";"2012.02.10 00:00:00";"1728.81";"0.04";"2012.02.10 15:23:00";"1705.02";"-95.36";"17991.00";"OOS1";"SL";"-95.16";"23.08";"15h 23m";""
"75";"XAUUSD_DukasM1_Infinox";"Buy";"2012.02.17 00:00:00";"1728.13";"0.04";"2012.02.20 08:00:00";"1735.23";"26.86";"18017.86";"OOS1";"Exit After X Bars";"-44.11";"36.05";"3d 8h 0m";""
"76";"XAUUSD_DukasM1_Infinox";"Buy";"2012.02.24 00:00:00";"1780.54";"0.05";"2012.02.27 08:00:00";"1773.73";"-36.03";"17981.83";"OOS1";"Exit After X Bars";"-50.67";"11.32";"3d 8h 0m";""
"77";"XAUUSD_DukasM1_Infinox";"Buy";"2012.03.02 00:00:00";"1717.77";"0.03";"2012.03.05 08:00:00";"1712.09";"-18.19";"17963.64";"OOS1";"Exit After X Bars";"-37.27";"18.97";"3d 8h 0m";""
"78";"XAUUSD_DukasM1_Infinox";"Buy";"2012.03.09 00:00:00";"1699.52";"0.04";"2012.03.09 16:05:00";"1677.24";"-89.32";"17874.32";"OOS1";"SL";"-89.12";"28.97";"16h 5m";""
"79";"XAUUSD_DukasM1_Infinox";"Buy";"2012.03.16 00:00:00";"1656.91";"0.03";"2012.03.19 04:00:00";"1662.97";"17.06";"17891.38";"OOS1";"Exit After X Bars";"-52.06";"23.83";"3d 4h 0m";""
"80";"XAUUSD_DukasM1_Infinox";"Buy";"2012.03.23 00:00:00";"1644.36";"0.04";"2012.03.26 08:00:00";"1661.57";"67.36";"17958.74";"OOS1";"Exit After X Bars";"-9.11";"100.37";"3d 8h 0m";""
"81";"XAUUSD_DukasM1_Infinox";"Buy";"2012.03.30 00:00:00";"1661.37";"0.04";"2012.04.02 08:00:00";"1668.46";"26.87";"17985.61";"OOS1";"Exit After X Bars";"-5.92";"51.96";"3d 8h 0m";""
"82";"XAUUSD_DukasM1_Infinox";"Buy";"2012.04.06 00:00:00";"1630.90";"0.04";"2012.04.09 08:00:00";"1641.48";"40.85";"18026.46";"OOS1";"Exit After X Bars";"-13.93";"62.90";"3d 8h 0m";""
"83";"XAUUSD_DukasM1_Infinox";"Buy";"2012.04.13 00:00:00";"1675.54";"0.05";"2012.04.13 20:19:00";"1657.37";"-91.10";"17935.36";"OOS1";"SL";"-90.85";"11.58";"20h 19m";""
"84";"XAUUSD_DukasM1_Infinox";"Buy";"2012.04.20 00:00:00";"1642.71";"0.05";"2012.04.23 08:00:00";"1642.05";"-5.15";"17930.21";"OOS1";"Exit After X Bars";"-21.02";"20.71";"3d 8h 0m";""
"85";"XAUUSD_DukasM1_Infinox";"Buy";"2012.04.27 00:00:00";"1657.11";"0.06";"2012.04.30 08:00:00";"1664.24";"40.55";"17970.76";"OOS1";"Exit After X Bars";"-39.74";"61.45";"3d 8h 0m";""
"86";"XAUUSD_DukasM1_Infinox";"Buy";"2012.05.04 00:00:00";"1635.70";"0.06";"2012.05.07 08:00:00";"1637.90";"10.99";"17981.75";"OOS1";"Exit After X Bars";"-54.41";"67.57";"3d 8h 0m";""
"87";"XAUUSD_DukasM1_Infinox";"Buy";"2012.05.11 00:00:00";"1593.99";"0.05";"2012.05.11 10:24:00";"1576.36";"-88.40";"17893.35";"OOS1";"SL";"-88.15";"4.81";"10h 24m";""
"88";"XAUUSD_DukasM1_Infinox";"Buy";"2012.05.18 00:00:00";"1574.00";"0.04";"2012.05.21 08:00:00";"1597.48";"92.50";"17985.85";"OOS1";"Exit After X Bars";"-24.27";"100.58";"3d 8h 0m";""
"1";"XAUUSD_DukasM1_Infinox";"Buy";"2012.05.25 00:00:00";"1559.13";"0.03";"2012.05.28 08:00:00";"1577.27";"53.36";"18039.21";"OOS1";"Exit After X Bars";"-23.39";"56.47";"3d 8h 0m";""
"2";"XAUUSD_DukasM1_Infinox";"Buy";"2012.06.01 00:00:00";"1560.61";"0.04";"2012.06.01 16:27:00";"1594.27";"134.44";"18173.65";"OOS1";"PT";"-62.55";"134.64";"16h 27m";""
"3";"XAUUSD_DukasM1_Infinox";"Buy";"2012.06.08 00:00:00";"1589.41";"0.03";"2012.06.11 08:00:00";"1598.25";"25.44";"18199.09";"OOS1";"Exit After X Bars";"-75.58";"56.13";"3d 8h 0m";""
"4";"XAUUSD_DukasM1_Infinox";"Buy";"2012.06.15 00:00:00";"1623.47";"0.04";"2012.06.18 08:00:00";"1622.74";"-4.38";"18194.71";"OOS1";"Exit After X Bars";"-62.81";"36.01";"3d 8h 0m";""
"5";"XAUUSD_DukasM1_Infinox";"Buy";"2012.06.22 00:00:00";"1566.10";"0.04";"2012.06.25 08:00:00";"1573.70";"28.98";"18223.69";"OOS1";"Exit After X Bars";"-30.56";"41.81";"3d 8h 0m";""
"6";"XAUUSD_DukasM1_Infinox";"Buy";"2012.06.29 00:00:00";"1552.78";"0.05";"2012.06.29 14:15:00";"1580.57";"138.70";"18362.39";"OOS1";"PT";"-10.40";"138.95";"14h 15m";""
"7";"XAUUSD_DukasM1_Infinox";"Buy";"2012.07.06 00:00:00";"1604.37";"0.05";"2012.07.06 15:51:00";"1585.60";"-94.10";"18268.29";"OOS1";"SL";"-93.85";"24.20";"15h 51m";""
"8";"XAUUSD_DukasM1_Infinox";"Buy";"2012.07.13 00:00:00";"1571.84";"0.04";"2012.07.16 08:00:00";"1590.06";"71.46";"18339.75";"OOS1";"Exit After X Bars";"-23.64";"99.65";"3d 8h 0m";""
"9";"XAUUSD_DukasM1_Infinox";"Buy";"2012.07.20 00:00:00";"1581.07";"0.04";"2012.07.23 08:00:00";"1578.07";"-13.43";"18326.32";"OOS1";"Exit After X Bars";"-29.67";"23.66";"3d 8h 0m";""
"10";"XAUUSD_DukasM1_Infinox";"Buy";"2012.07.27 00:00:00";"1615.61";"0.05";"2012.07.30 08:00:00";"1621.15";"25.88";"18352.20";"OOS1";"Exit After X Bars";"-19.29";"69.37";"3d 8h 0m";""
"11";"XAUUSD_DukasM1_Infinox";"Buy";"2012.08.03 00:00:00";"1587.84";"0.05";"2012.08.06 08:00:00";"1607.75";"97.76";"18449.95";"OOS1";"Exit After X Bars";"-7.40";"100.40";"3d 8h 0m";""
"12";"XAUUSD_DukasM1_Infinox";"Buy";"2012.08.10 00:00:00";"1616.86";"0.07";"2012.08.13 08:00:00";"1623.80";"46.03";"18495.98";"OOS1";"Exit After X Bars";"-73.13";"65.74";"3d 8h 0m";""
"13";"XAUUSD_DukasM1_Infinox";"Buy";"2012.08.17 00:00:00";"1615.02";"0.06";"2012.08.20 08:00:00";"1619.23";"23.08";"18519.06";"OOS1";"Exit After X Bars";"-19.63";"28.75";"3d 8h 0m";""
"14";"XAUUSD_DukasM1_Infinox";"Buy";"2012.08.24 00:00:00";"1670.57";"0.06";"2012.08.27 08:00:00";"1674.81";"23.19";"18542.25";"OOS1";"Exit After X Bars";"-48.47";"37.22";"3d 8h 0m";""
"15";"XAUUSD_DukasM1_Infinox";"Buy";"2012.08.31 00:00:00";"1655.20";"0.06";"2012.08.31 18:02:00";"1676.50";"127.50";"18669.75";"OOS1";"PT";"-49.96";"127.80";"18h 2m";""
"16";"XAUUSD_DukasM1_Infinox";"Buy";"2012.09.07 00:00:00";"1700.18";"0.06";"2012.09.07 15:39:00";"1723.56";"139.98";"18809.73";"OOS1";"PT";"-66.79";"140.28";"15h 39m";""
"17";"XAUUSD_DukasM1_Infinox";"Buy";"2012.09.14 00:00:00";"1766.80";"0.04";"2012.09.17 08:00:00";"1774.83";"30.55";"18840.28";"OOS1";"Exit After X Bars";"-4.48";"43.81";"3d 8h 0m";""
"18";"XAUUSD_DukasM1_Infinox";"Buy";"2012.09.21 00:00:00";"1768.50";"0.05";"2012.09.24 08:00:00";"1761.40";"-37.47";"18802.81";"OOS1";"Exit After X Bars";"-55.68";"94.32";"3d 8h 0m";""
"19";"XAUUSD_DukasM1_Infinox";"Buy";"2012.09.28 00:00:00";"1777.22";"0.05";"2012.10.01 08:00:00";"1765.60";"-60.08";"18742.73";"OOS1";"Exit After X Bars";"-69.29";"29.72";"3d 8h 0m";""
"20";"XAUUSD_DukasM1_Infinox";"Buy";"2012.10.05 00:00:00";"1790.36";"0.05";"2012.10.05 15:46:00";"1772.78";"-88.15";"18654.58";"OOS1";"SL";"-87.90";"27.46";"15h 46m";""
"21";"XAUUSD_DukasM1_Infinox";"Buy";"2012.10.12 00:00:00";"1767.25";"0.06";"2012.10.15 01:06:00";"1751.19";"-98.72";"18555.86";"OOS1";"SL";"-96.36";"35.44";"3d 1h 6m";""
"22";"XAUUSD_DukasM1_Infinox";"Buy";"2012.10.19 00:00:00";"1741.36";"0.06";"2012.10.19 18:30:00";"1726.73";"-88.08";"18467.78";"OOS1";"SL";"-87.78";"11.09";"18h 30m";""
"23";"XAUUSD_DukasM1_Infinox";"Buy";"2012.10.26 00:00:00";"1711.94";"0.06";"2012.10.29 04:00:00";"1714.94";"15.70";"18483.48";"OOS1";"Exit After X Bars";"-67.73";"38.47";"3d 4h 0m";""
"24";"XAUUSD_DukasM1_Infinox";"Buy";"2012.11.02 00:00:00";"1715.23";"0.07";"2012.11.02 14:32:00";"1702.59";"-88.83";"18394.65";"OOS1";"SL";"-88.48";"10.24";"14h 32m";""
"25";"XAUUSD_DukasM1_Infinox";"Buy";"2012.11.09 00:00:00";"1731.36";"0.04";"2012.11.12 08:00:00";"1735.20";"13.81";"18408.46";"OOS1";"Exit After X Bars";"-17.39";"29.57";"3d 8h 0m";""
"26";"XAUUSD_DukasM1_Infinox";"Buy";"2012.11.16 00:00:00";"1715.71";"0.05";"2012.11.19 08:00:00";"1721.70";"28.03";"18436.49";"OOS1";"Exit After X Bars";"-49.94";"39.92";"3d 8h 0m";""
"27";"XAUUSD_DukasM1_Infinox";"Buy";"2012.11.23 00:00:00";"1730.00";"0.07";"2012.11.23 17:29:00";"1747.76";"123.97";"18560.46";"OOS1";"PT";"-14.05";"124.32";"17h 29m";""
"28";"XAUUSD_DukasM1_Infinox";"Buy";"2012.11.30 00:00:00";"1726.01";"0.07";"2012.11.30 18:31:00";"1711.70";"-100.52";"18459.94";"OOS1";"SL";"-100.17";"39.15";"18h 31m";""
"29";"XAUUSD_DukasM1_Infinox";"Buy";"2012.12.07 00:00:00";"1699.80";"0.05";"2012.12.10 08:00:00";"1708.50";"41.60";"18501.54";"OOS1";"Exit After X Bars";"-74.38";"44.90";"3d 8h 0m";""
"30";"XAUUSD_DukasM1_Infinox";"Buy";"2012.12.14 00:00:00";"1697.02";"0.06";"2012.12.17 08:00:00";"1690.92";"-38.88";"18462.66";"OOS1";"Exit After X Bars";"-49.03";"20.66";"3d 8h 0m";""
"31";"XAUUSD_DukasM1_Infinox";"Buy";"2012.12.21 00:00:00";"1648.12";"0.05";"2012.12.24 08:00:00";"1659.40";"54.55";"18517.21";"OOS1";"Exit After X Bars";"-62.88";"58.92";"3d 8h 0m";""
"32";"XAUUSD_DukasM1_Infinox";"Buy";"2012.12.28 00:00:00";"1663.96";"0.07";"2012.12.31 08:00:00";"1663.40";"-6.53";"18510.68";"OOS1";"Exit After X Bars";"-72.16";"15.34";"3d 8h 0m";""
"33";"XAUUSD_DukasM1_Infinox";"Buy";"2013.01.04 00:00:00";"1663.69";"0.06";"2013.01.04 03:03:00";"1647.91";"-94.98";"18415.70";"OOS1";"SL";"-94.68";"2.17";"3h 3m";""
"34";"XAUUSD_DukasM1_Infinox";"Buy";"2013.01.11 00:00:00";"1675.19";"0.05";"2013.01.11 16:45:00";"1657.88";"-86.80";"18328.90";"OOS1";"SL";"-86.55";"8.31";"16h 45m";""
"35";"XAUUSD_DukasM1_Infinox";"Buy";"2013.01.18 00:00:00";"1687.11";"0.05";"2013.01.21 08:00:00";"1689.85";"11.81";"18340.71";"OOS1";"Exit After X Bars";"-17.79";"40.52";"3d 8h 0m";""
"36";"XAUUSD_DukasM1_Infinox";"Buy";"2013.01.25 00:00:00";"1667.99";"0.07";"2013.01.28 08:00:00";"1660.40";"-55.75";"18284.96";"OOS1";"Exit After X Bars";"-84.97";"30.24";"3d 8h 0m";""
"37";"XAUUSD_DukasM1_Infinox";"Buy";"2013.02.01 00:00:00";"1663.47";"0.07";"2013.02.04 08:00:00";"1671.85";"56.05";"18341.00";"OOS1";"Exit After X Bars";"-24.58";"130.20";"3d 8h 0m";""
"38";"XAUUSD_DukasM1_Infinox";"Buy";"2013.02.08 00:00:00";"1671.17";"0.06";"2013.02.11 08:00:00";"1667.57";"-23.85";"18317.15";"OOS1";"Exit After X Bars";"-37.23";"14.72";"3d 8h 0m";""
"39";"XAUUSD_DukasM1_Infinox";"Buy";"2013.02.15 00:00:00";"1634.69";"0.06";"2013.02.15 15:25:00";"1619.37";"-92.22";"18224.93";"OOS1";"SL";"-91.92";"7.57";"15h 25m";""
"40";"XAUUSD_DukasM1_Infinox";"Buy";"2013.02.22 00:00:00";"1576.10";"0.05";"2013.02.25 08:00:00";"1586.30";"49.22";"18274.15";"OOS1";"Exit After X Bars";"-31.24";"55.50";"3d 8h 0m";""
"41";"XAUUSD_DukasM1_Infinox";"Buy";"2013.03.01 00:00:00";"1579.66";"0.04";"2013.03.04 08:00:00";"1578.80";"-4.87";"18269.28";"OOS1";"Exit After X Bars";"-59.73";"30.37";"3d 8h 0m";""
"42";"XAUUSD_DukasM1_Infinox";"Buy";"2013.03.08 00:00:00";"1578.82";"0.05";"2013.03.08 15:35:00";"1561.45";"-87.10";"18182.18";"OOS1";"SL";"-86.85";"18.15";"15h 35m";""
"43";"XAUUSD_DukasM1_Infinox";"Buy";"2013.03.15 00:00:00";"1590.28";"0.06";"2013.03.18 08:00:00";"1596.59";"35.70";"18217.88";"OOS1";"Exit After X Bars";"-10.96";"110.42";"3d 8h 0m";""
"44";"XAUUSD_DukasM1_Infinox";"Buy";"2013.03.22 00:00:00";"1615.05";"0.08";"2013.03.25 08:00:00";"1610.83";"-36.67";"18181.21";"OOS1";"Exit After X Bars";"-98.80";"8.53";"3d 8h 0m";""
"45";"XAUUSD_DukasM1_Infinox";"Buy";"2013.04.05 01:00:00";"1554.35";"0.05";"2013.04.05 21:31:00";"1580.24";"129.20";"18310.41";"OOS1";"PT";"-25.37";"129.45";"20h 31m";""
"46";"XAUUSD_DukasM1_Infinox";"Buy";"2013.04.12 00:00:00";"1561.37";"0.05";"2013.04.12 14:36:00";"1544.09";"-86.65";"18223.76";"OOS1";"SL";"-86.40";"16.36";"14h 36m";""
"47";"XAUUSD_DukasM1_Infinox";"Buy";"2013.04.19 00:00:00";"1390.37";"0.02";"2013.04.22 08:00:00";"1422.29";"63.20";"18286.96";"OOS1";"Exit After X Bars";"-9.31";"69.29";"3d 8h 0m";""
"48";"XAUUSD_DukasM1_Infinox";"Buy";"2013.04.26 00:00:00";"1467.85";"0.03";"2013.04.29 08:00:00";"1469.44";"3.76";"18290.72";"OOS1";"Exit After X Bars";"-60.02";"52.29";"3d 8h 0m";""
"49";"XAUUSD_DukasM1_Infinox";"Buy";"2013.05.03 00:00:00";"1467.03";"0.03";"2013.05.06 08:00:00";"1476.93";"28.69";"18319.42";"OOS1";"Exit After X Bars";"-33.10";"62.32";"3d 8h 0m";""
"50";"XAUUSD_DukasM1_Infinox";"Buy";"2013.05.10 00:00:00";"1458.03";"0.04";"2013.05.10 14:01:00";"1435.20";"-91.52";"18227.90";"OOS1";"SL";"-91.32";"16.31";"14h 1m";""
"51";"XAUUSD_DukasM1_Infinox";"Buy";"2013.05.17 00:00:00";"1385.81";"0.03";"2013.05.17 22:33:00";"1359.20";"-79.98";"18147.92";"OOS1";"SL";"-79.83";"21.15";"22h 33m";""
"52";"XAUUSD_DukasM1_Infinox";"Buy";"2013.05.24 01:01:00";"1390.94";"0.02";"2013.05.27 08:00:00";"1391.90";"1.28";"18149.20";"OOS1";"Exit After X Bars";"-17.18";"14.54";"3d 6h 59m";""
"53";"XAUUSD_DukasM1_Infinox";"Buy";"2013.05.31 00:00:00";"1413.49";"0.04";"2013.05.31 18:01:00";"1390.22";"-93.28";"18055.92";"OOS1";"SL";"-93.08";"33.52";"18h 1m";""
"54";"XAUUSD_DukasM1_Infinox";"Buy";"2013.06.07 00:00:00";"1413.70";"0.04";"2013.06.07 16:17:00";"1390.55";"-92.80";"17963.12";"OOS1";"SL";"-92.60";"16.78";"16h 17m";""
"55";"XAUUSD_DukasM1_Infinox";"Buy";"2013.06.14 00:00:00";"1385.77";"0.04";"2013.06.17 08:00:00";"1389.41";"13.28";"17976.40";"OOS1";"Exit After X Bars";"-29.32";"26.08";"3d 8h 0m";""
"56";"XAUUSD_DukasM1_Infinox";"Buy";"2013.06.21 00:00:00";"1284.52";"0.03";"2013.06.24 08:00:00";"1283.51";"-3.93";"17972.47";"OOS1";"Exit After X Bars";"-45.53";"53.71";"3d 8h 0m";""
"57";"XAUUSD_DukasM1_Infinox";"Buy";"2013.06.28 01:00:00";"1200.50";"0.03";"2013.07.01 02:19:00";"1243.96";"129.53";"18102.00";"OOS1";"PT";"-60.68";"130.38";"3d 1h 19m";""
"58";"XAUUSD_DukasM1_Infinox";"Buy";"2013.07.05 02:55:00";"1248.31";"0.03";"2013.07.05 15:35:00";"1222.18";"-78.54";"18023.46";"OOS1";"SL";"-78.39";"0.81";"12h 40m";""
"59";"XAUUSD_DukasM1_Infinox";"Buy";"2013.07.12 00:00:00";"1285.71";"0.03";"2013.07.15 08:00:00";"1290.06";"12.15";"18035.61";"OOS1";"Exit After X Bars";"-53.91";"26.90";"3d 8h 0m";""
"60";"XAUUSD_DukasM1_Infinox";"Buy";"2013.07.19 00:00:00";"1283.93";"0.05";"2013.07.22 01:12:00";"1311.88";"138.25";"18173.86";"OOS1";"PT";"-8.14";"139.75";"3d 1h 12m";""
"61";"XAUUSD_DukasM1_Infinox";"Buy";"2013.07.26 00:00:00";"1333.34";"0.04";"2013.07.29 08:00:00";"1327.38";"-25.08";"18148.79";"OOS1";"Exit After X Bars";"-85.07";"28.49";"3d 8h 0m";""
"62";"XAUUSD_DukasM1_Infinox";"Buy";"2013.08.02 00:00:00";"1309.53";"0.04";"2013.08.02 08:26:00";"1286.76";"-91.28";"18057.51";"OOS1";"SL";"-91.08";"0.00";"8h 26m";""
"63";"XAUUSD_DukasM1_Infinox";"Buy";"2013.08.09 01:00:00";"1312.13";"0.04";"2013.08.12 08:00:00";"1329.42";"67.94";"18125.45";"OOS1";"Exit After X Bars";"-28.76";"85.58";"3d 7h 0m";""
"64";"XAUUSD_DukasM1_Infinox";"Buy";"2013.08.16 00:00:00";"1365.90";"0.04";"2013.08.19 08:00:00";"1378.81";"50.38";"18175.82";"OOS1";"Exit After X Bars";"-32.47";"73.89";"3d 8h 0m";""
"65";"XAUUSD_DukasM1_Infinox";"Buy";"2013.08.23 00:00:00";"1375.87";"0.04";"2013.08.26 08:00:00";"1396.33";"80.57";"18256.39";"OOS1";"Exit After X Bars";"-29.59";"123.01";"3d 8h 0m";""
"66";"XAUUSD_DukasM1_Infinox";"Buy";"2013.08.30 00:00:00";"1407.45";"0.04";"2013.09.02 01:11:00";"1385.51";"-89.05";"18167.34";"OOS1";"SL";"-87.76";"14.88";"3d 1h 11m";""
"67";"XAUUSD_DukasM1_Infinox";"Buy";"2013.09.06 01:00:00";"1366.54";"0.04";"2013.09.09 08:00:00";"1387.70";"83.38";"18250.71";"OOS1";"Exit After X Bars";"-17.35";"111.11";"3d 7h 0m";""
"68";"XAUUSD_DukasM1_Infinox";"Buy";"2013.09.13 01:00:00";"1321.08";"0.05";"2013.09.16 08:00:00";"1328.29";"34.52";"18285.23";"OOS1";"Exit After X Bars";"-81.00";"69.82";"3d 7h 0m";""
"69";"XAUUSD_DukasM1_Infinox";"Buy";"2013.09.20 01:00:00";"1365.44";"0.03";"2013.09.20 17:40:00";"1336.83";"-85.98";"18199.25";"OOS1";"SL";"-85.83";"8.11";"16h 40m";""
"70";"XAUUSD_DukasM1_Infinox";"Buy";"2013.09.27 00:00:00";"1323.70";"0.04";"2013.09.30 08:00:00";"1337.69";"54.73";"18253.98";"OOS1";"Exit After X Bars";"-16.55";"114.25";"3d 8h 0m";""
"71";"XAUUSD_DukasM1_Infinox";"Buy";"2013.10.04 00:00:00";"1316.65";"0.04";"2013.10.07 08:00:00";"1313.44";"-14.06";"18239.92";"OOS1";"Exit After X Bars";"-44.03";"35.17";"3d 8h 0m";""
"72";"XAUUSD_DukasM1_Infinox";"Buy";"2013.10.11 00:00:00";"1287.06";"0.04";"2013.10.11 15:44:00";"1265.31";"-87.20";"18152.72";"OOS1";"SL";"-87.00";"29.51";"15h 44m";""
"73";"XAUUSD_DukasM1_Infinox";"Buy";"2013.10.18 00:00:00";"1320.25";"0.03";"2013.10.21 08:00:00";"1319.26";"-3.89";"18148.83";"OOS1";"Exit After X Bars";"-25.64";"19.98";"3d 8h 0m";""
"74";"XAUUSD_DukasM1_Infinox";"Buy";"2013.10.25 00:00:00";"1346.52";"0.05";"2013.10.28 08:00:00";"1350.48";"18.24";"18167.07";"OOS1";"Exit After X Bars";"-49.59";"46.14";"3d 8h 0m";""
"75";"XAUUSD_DukasM1_Infinox";"Buy";"2013.11.01 00:00:00";"1322.86";"0.05";"2013.11.04 08:00:00";"1314.59";"-42.89";"18124.18";"OOS1";"Exit After X Bars";"-83.93";"22.56";"3d 8h 0m";""
"76";"XAUUSD_DukasM1_Infinox";"Buy";"2013.11.08 00:00:00";"1307.42";"0.05";"2013.11.08 15:42:00";"1290.53";"-84.70";"18039.48";"OOS1";"SL";"-84.45";"31.19";"15h 42m";""
"77";"XAUUSD_DukasM1_Infinox";"Buy";"2013.11.15 00:00:00";"1287.18";"0.05";"2013.11.18 08:00:00";"1287.10";"-1.90";"18037.58";"OOS1";"Exit After X Bars";"-33.84";"19.97";"3d 8h 0m";""
"78";"XAUUSD_DukasM1_Infinox";"Buy";"2013.11.22 00:00:00";"1243.02";"0.05";"2013.11.25 08:00:00";"1237.86";"-27.26";"18010.32";"OOS1";"Exit After X Bars";"-29.32";"29.66";"3d 8h 0m";""
"79";"XAUUSD_DukasM1_Infinox";"Buy";"2013.11.29 01:00:00";"1243.90";"0.06";"2013.12.02 08:00:00";"1246.29";"12.59";"18022.91";"OOS1";"Exit After X Bars";"-18.78";"65.09";"3d 7h 0m";""
"80";"XAUUSD_DukasM1_Infinox";"Buy";"2013.12.06 00:00:00";"1225.17";"0.05";"2013.12.09 08:00:00";"1229.34";"19.41";"18042.32";"OOS1";"Exit After X Bars";"-67.50";"95.54";"3d 8h 0m";""
"81";"XAUUSD_DukasM1_Infinox";"Buy";"2013.12.13 00:00:00";"1225.38";"0.05";"2013.12.16 08:00:00";"1235.01";"46.71";"18089.03";"OOS1";"Exit After X Bars";"-24.20";"66.19";"3d 8h 0m";""
"82";"XAUUSD_DukasM1_Infinox";"Buy";"2013.12.20 00:00:00";"1188.57";"0.04";"2013.12.23 08:00:00";"1203.66";"59.24";"18148.26";"OOS1";"Exit After X Bars";"-1.21";"75.79";"3d 8h 0m";""
"83";"XAUUSD_DukasM1_Infinox";"Buy";"2013.12.27 00:00:00";"1210.59";"0.06";"2013.12.30 08:00:00";"1207.32";"-21.33";"18126.93";"OOS1";"Exit After X Bars";"-19.62";"50.27";"3d 8h 0m";""
"84";"XAUUSD_DukasM1_Infinox";"Buy";"2014.01.03 00:00:00";"1224.32";"0.05";"2014.01.06 08:00:00";"1240.71";"80.51";"18207.44";"OOS1";"Exit After X Bars";"-13.04";"109.64";"3d 8h 0m";""
"85";"XAUUSD_DukasM1_Infinox";"Buy";"2014.01.10 00:00:00";"1227.96";"0.06";"2014.01.13 03:03:00";"1250.87";"135.73";"18343.17";"OOS1";"PT";"-7.01";"137.46";"3d 3h 3m";""
"86";"XAUUSD_DukasM1_Infinox";"Buy";"2014.01.17 00:00:00";"1242.44";"0.07";"2014.01.20 08:00:00";"1257.08";"100.44";"18443.61";"OOS1";"Exit After X Bars";"-32.91";"131.34";"3d 8h 0m";""
"87";"XAUUSD_DukasM1_Infinox";"Buy";"2014.01.24 00:00:00";"1264.00";"0.07";"2014.01.27 08:00:00";"1271.26";"48.75";"18492.36";"OOS1";"Exit After X Bars";"-50.30";"105.09";"3d 8h 0m";""
"88";"XAUUSD_DukasM1_Infinox";"Buy";"2014.01.31 00:00:00";"1243.60";"0.05";"2014.02.03 08:00:00";"1245.86";"9.84";"18502.20";"OOS1";"Exit After X Bars";"-25.64";"56.56";"3d 8h 0m";""
"1";"XAUUSD_DukasM1_Infinox";"Buy";"2014.02.07 00:00:00";"1258.16";"0.06";"2014.02.10 08:00:00";"1269.63";"67.05";"18569.25";"OOS1";"Exit After X Bars";"-16.13";"81.02";"3d 8h 0m";""
"2";"XAUUSD_DukasM1_Infinox";"Buy";"2014.02.14 00:00:00";"1302.71";"0.06";"2014.02.17 01:28:00";"1321.24";"109.36";"18678.61";"OOS1";"PT";"-17.60";"111.18";"3d 1h 28m";""
"3";"XAUUSD_DukasM1_Infinox";"Buy";"2014.02.21 00:00:00";"1323.02";"0.06";"2014.02.24 08:00:00";"1326.01";"16.10";"18694.71";"OOS1";"Exit After X Bars";"-42.40";"32.60";"3d 8h 0m";""
"4";"XAUUSD_DukasM1_Infinox";"Buy";"2014.02.28 00:00:00";"1331.40";"0.06";"2014.03.03 08:00:00";"1343.28";"69.43";"18764.13";"OOS1";"Exit After X Bars";"-70.03";"79.94";"3d 8h 0m";""
"5";"XAUUSD_DukasM1_Infinox";"Buy";"2014.03.07 00:00:00";"1350.87";"0.06";"2014.03.07 15:35:00";"1335.61";"-91.86";"18672.27";"OOS1";"SL";"-91.56";"12.13";"15h 35m";""
"6";"XAUUSD_DukasM1_Infinox";"Buy";"2014.03.14 00:00:00";"1370.74";"0.05";"2014.03.17 08:00:00";"1383.46";"62.02";"18734.29";"OOS1";"Exit After X Bars";"-14.49";"91.91";"3d 8h 0m";""
"7";"XAUUSD_DukasM1_Infinox";"Buy";"2014.03.21 00:00:00";"1328.94";"0.05";"2014.03.24 08:00:00";"1328.57";"-3.39";"18730.90";"OOS1";"Exit After X Bars";"-20.69";"67.01";"3d 8h 0m";""
"8";"XAUUSD_DukasM1_Infinox";"Buy";"2014.03.28 01:00:00";"1292.05";"0.06";"2014.03.31 08:00:00";"1295.47";"18.71";"18749.61";"OOS1";"Exit After X Bars";"-38.34";"39.72";"3d 7h 0m";""
"9";"XAUUSD_DukasM1_Infinox";"Buy";"2014.04.04 00:00:00";"1286.72";"0.07";"2014.04.04 18:07:00";"1303.16";"114.73";"18864.34";"OOS1";"PT";"-17.63";"115.08";"18h 7m";""
"10";"XAUUSD_DukasM1_Infinox";"Buy";"2014.04.11 00:00:00";"1318.99";"0.07";"2014.04.14 08:00:00";"1326.13";"47.83";"18912.18";"OOS1";"Exit After X Bars";"-34.62";"70.53";"3d 8h 0m";""
"11";"XAUUSD_DukasM1_Infinox";"Buy";"2014.04.18 00:00:00";"1294.96";"0.06";"2014.04.22 04:00:00";"1287.47";"-48.26";"18863.91";"OOS1";"Exit After X Bars";"-78.85";"41.48";"4d 4h 0m";""
"12";"XAUUSD_DukasM1_Infinox";"Buy";"2014.04.25 00:00:00";"1293.30";"0.06";"2014.04.28 08:00:00";"1303.89";"61.73";"18925.64";"OOS1";"Exit After X Bars";"-17.51";"78.89";"3d 8h 0m";""
"13";"XAUUSD_DukasM1_Infinox";"Buy";"2014.05.02 00:00:00";"1284.39";"0.06";"2014.05.02 18:13:00";"1303.50";"114.36";"19040.01";"OOS1";"PT";"-57.70";"114.66";"18h 13m";""
"14";"XAUUSD_DukasM1_Infinox";"Buy";"2014.05.09 00:00:00";"1289.54";"0.06";"2014.05.12 08:00:00";"1291.10";"7.55";"19047.56";"OOS1";"Exit After X Bars";"-71.29";"28.88";"3d 8h 0m";""
"15";"XAUUSD_DukasM1_Infinox";"Buy";"2014.05.16 00:00:00";"1296.21";"0.07";"2014.05.19 08:00:00";"1295.51";"-7.01";"19040.55";"OOS1";"Exit After X Bars";"-59.63";"13.98";"3d 8h 0m";""
"16";"XAUUSD_DukasM1_Infinox";"Buy";"2014.05.23 00:00:00";"1294.13";"0.08";"2014.05.26 08:00:00";"1292.35";"-16.65";"19023.89";"OOS1";"Exit After X Bars";"-59.71";"10.75";"3d 8h 0m";""
"17";"XAUUSD_DukasM1_Infinox";"Buy";"2014.05.30 00:00:00";"1255.74";"0.08";"2014.05.30 17:31:00";"1244.45";"-90.72";"18933.17";"OOS1";"SL";"-90.32";"36.81";"17h 31m";""
"18";"XAUUSD_DukasM1_Infinox";"Buy";"2014.06.06 00:00:00";"1253.61";"0.09";"2014.06.09 08:00:00";"1252.23";"-15.06";"18918.11";"OOS1";"Exit After X Bars";"-69.71";"37.59";"3d 8h 0m";""
"19";"XAUUSD_DukasM1_Infinox";"Buy";"2014.06.13 00:00:00";"1273.32";"0.11";"2014.06.16 08:00:00";"1283.25";"105.96";"19024.07";"OOS1";"Exit After X Bars";"-28.08";"110.81";"3d 8h 0m";""
"20";"XAUUSD_DukasM1_Infinox";"Buy";"2014.06.20 01:00:00";"1319.67";"0.06";"2014.06.23 08:00:00";"1313.02";"-41.74";"18982.33";"OOS1";"Exit After X Bars";"-79.34";"13.93";"3d 7h 0m";""
"21";"XAUUSD_DukasM1_Infinox";"Buy";"2014.06.27 00:00:00";"1316.66";"0.06";"2014.06.30 08:00:00";"1316.30";"-4.00";"18978.33";"OOS1";"Exit After X Bars";"-24.31";"33.54";"3d 8h 0m";""
"22";"XAUUSD_DukasM1_Infinox";"Buy";"2014.07.04 00:00:00";"1319.51";"0.07";"2014.07.07 08:00:00";"1316.33";"-24.41";"18953.92";"OOS1";"Exit After X Bars";"-28.74";"25.29";"3d 8h 0m";""
"23";"XAUUSD_DukasM1_Infinox";"Buy";"2014.07.11 00:00:00";"1335.71";"0.08";"2014.07.14 08:00:00";"1330.94";"-40.64";"18913.29";"OOS1";"Exit After X Bars";"-38.16";"30.42";"3d 8h 0m";""
"24";"XAUUSD_DukasM1_Infinox";"Buy";"2014.07.18 01:00:00";"1318.58";"0.06";"2014.07.21 08:00:00";"1312.51";"-38.26";"18875.03";"OOS1";"Exit After X Bars";"-84.35";"36.34";"3d 7h 0m";""
"25";"XAUUSD_DukasM1_Infinox";"Buy";"2014.07.25 00:00:00";"1293.77";"0.07";"2014.07.28 08:00:00";"1308.20";"98.90";"18973.93";"OOS1";"Exit After X Bars";"-20.19";"103.80";"3d 8h 0m";""
"26";"XAUUSD_DukasM1_Infinox";"Buy";"2014.08.01 01:00:00";"1283.13";"0.07";"2014.08.04 08:00:00";"1291.59";"57.12";"19031.05";"OOS1";"Exit After X Bars";"-22.46";"98.25";"3d 7h 0m";""
"27";"XAUUSD_DukasM1_Infinox";"Buy";"2014.08.08 01:00:00";"1312.83";"0.08";"2014.08.11 08:00:00";"1307.37";"-46.12";"18984.93";"OOS1";"Exit After X Bars";"-61.56";"78.57";"3d 7h 0m";""
"28";"XAUUSD_DukasM1_Infinox";"Buy";"2014.08.15 01:00:00";"1312.11";"0.08";"2014.08.15 15:39:00";"1300.72";"-91.52";"18893.41";"OOS1";"SL";"-91.12";"24.07";"14h 39m";""
"29";"XAUUSD_DukasM1_Infinox";"Buy";"2014.08.22 00:00:00";"1276.73";"0.07";"2014.08.25 12:00:00";"1276.72";"-2.16";"18891.25";"OOS1";"Exit After X Bars";"-18.38";"42.85";"3d 12h 0m";""
"30";"XAUUSD_DukasM1_Infinox";"Buy";"2014.08.29 00:00:00";"1289.54";"0.09";"2014.09.01 08:00:00";"1286.85";"-26.92";"18864.33";"OOS1";"Exit After X Bars";"-56.44";"15.75";"3d 8h 0m";""
"31";"XAUUSD_DukasM1_Infinox";"Buy";"2014.09.05 00:00:00";"1261.74";"0.08";"2014.09.08 08:00:00";"1270.88";"70.76";"18935.09";"OOS1";"Exit After X Bars";"-36.31";"95.50";"3d 8h 0m";""
"32";"XAUUSD_DukasM1_Infinox";"Buy";"2014.09.12 01:00:00";"1239.85";"0.07";"2014.09.15 01:37:00";"1226.44";"-95.91";"18839.18";"OOS1";"SL";"-99.55";"11.55";"3d 0h 37m";""
"33";"XAUUSD_DukasM1_Infinox";"Buy";"2014.09.19 01:00:00";"1224.95";"0.07";"2014.09.22 04:30:00";"1211.57";"-95.68";"18743.51";"OOS1";"SL";"-93.66";"24.80";"3d 3h 30m";""
"34";"XAUUSD_DukasM1_Infinox";"Buy";"2014.09.26 00:00:00";"1221.59";"0.06";"2014.09.29 08:00:00";"1216.70";"-31.07";"18712.44";"OOS1";"Exit After X Bars";"-56.29";"57.95";"3d 8h 0m";""
"35";"XAUUSD_DukasM1_Infinox";"Buy";"2014.10.03 00:00:00";"1214.32";"0.06";"2014.10.03 15:30:00";"1199.79";"-87.48";"18624.96";"OOS1";"SL";"-87.18";"5.65";"15h 30m";""
"36";"XAUUSD_DukasM1_Infinox";"Buy";"2014.10.10 00:00:00";"1224.31";"0.06";"2014.10.13 08:00:00";"1232.16";"45.37";"18670.33";"OOS1";"Exit After X Bars";"-41.87";"63.37";"3d 8h 0m";""
"37";"XAUUSD_DukasM1_Infinox";"Buy";"2014.10.17 00:00:00";"1238.61";"0.06";"2014.10.20 08:00:00";"1235.99";"-17.47";"18652.87";"OOS1";"Exit After X Bars";"-41.93";"18.23";"3d 8h 0m";""
"38";"XAUUSD_DukasM1_Infinox";"Buy";"2014.10.24 01:00:00";"1233.75";"0.07";"2014.10.27 08:00:00";"1231.16";"-20.16";"18632.71";"OOS1";"Exit After X Bars";"-45.16";"3.84";"3d 7h 0m";""
"39";"XAUUSD_DukasM1_Infinox";"Buy";"2014.10.31 00:00:00";"1199.58";"0.07";"2014.10.31 07:42:00";"1186.89";"-89.18";"18543.53";"OOS1";"SL";"-88.83";"21.52";"7h 42m";""
"40";"XAUUSD_DukasM1_Infinox";"Buy";"2014.11.07 00:00:00";"1141.62";"0.06";"2014.11.07 17:43:00";"1162.77";"126.60";"18670.13";"OOS1";"PT";"-60.43";"126.90";"17h 43m";""
"41";"XAUUSD_DukasM1_Infinox";"Buy";"2014.11.14 00:00:00";"1162.28";"0.05";"2014.11.14 19:15:00";"1185.99";"118.30";"18788.43";"OOS1";"PT";"-77.18";"118.55";"19h 15m";""
"42";"XAUUSD_DukasM1_Infinox";"Buy";"2014.11.21 00:00:00";"1193.73";"0.04";"2014.11.24 08:00:00";"1199.80";"23.15";"18811.58";"OOS1";"Exit After X Bars";"-28.21";"56.12";"3d 8h 0m";""
"43";"XAUUSD_DukasM1_Infinox";"Buy";"2014.11.28 01:00:00";"1190.67";"0.06";"2014.11.28 19:10:00";"1175.51";"-91.26";"18720.32";"OOS1";"SL";"-90.96";"0.43";"18h 10m";""
"44";"XAUUSD_DukasM1_Infinox";"Buy";"2014.12.05 00:00:00";"1205.28";"0.04";"2014.12.08 08:00:00";"1193.76";"-47.22";"18673.10";"OOS1";"Exit After X Bars";"-75.88";"8.80";"3d 8h 0m";""
"45";"XAUUSD_DukasM1_Infinox";"Buy";"2014.12.12 00:00:00";"1227.33";"0.04";"2014.12.15 08:00:00";"1217.32";"-41.19";"18631.91";"OOS1";"Exit After X Bars";"-56.04";"2.82";"3d 8h 0m";""
"46";"XAUUSD_DukasM1_Infinox";"Buy";"2014.12.19 00:00:00";"1198.56";"0.04";"2014.12.22 08:00:00";"1198.03";"-3.25";"18628.66";"OOS1";"Exit After X Bars";"-20.20";"10.68";"3d 8h 0m";""
"47";"XAUUSD_DukasM1_Infinox";"Buy";"2014.12.26 01:01:00";"1176.25";"0.06";"2014.12.26 12:56:00";"1195.35";"114.30";"18742.96";"OOS1";"PT";"-1.39";"114.60";"11h 55m";""
"48";"XAUUSD_DukasM1_Infinox";"Buy";"2015.01.02 01:00:00";"1184.15";"0.06";"2015.01.02 15:20:00";"1167.52";"-100.08";"18642.88";"OOS1";"SL";"-99.78";"24.79";"14h 20m";""
"49";"XAUUSD_DukasM1_Infinox";"Buy";"2015.01.09 00:00:00";"1208.82";"0.05";"2015.01.12 08:00:00";"1229.13";"100.13";"18743.00";"OOS1";"Exit After X Bars";"-9.41";"107.76";"3d 8h 0m";""
"50";"XAUUSD_DukasM1_Infinox";"Buy";"2015.01.16 00:00:00";"1262.20";"0.04";"2015.01.19 08:00:00";"1277.10";"58.42";"18801.42";"OOS1";"Exit After X Bars";"-29.08";"79.32";"3d 8h 0m";""
"51";"XAUUSD_DukasM1_Infinox";"Buy";"2015.01.23 00:00:00";"1301.86";"0.04";"2015.01.26 08:00:00";"1292.16";"-40.01";"18761.41";"OOS1";"Exit After X Bars";"-70.21";"0.87";"3d 8h 0m";""
"52";"XAUUSD_DukasM1_Infinox";"Buy";"2015.01.30 00:00:00";"1256.83";"0.04";"2015.01.30 22:05:00";"1283.06";"104.72";"18866.13";"OOS1";"PT";"-0.81";"104.92";"22h 5m";""
"53";"XAUUSD_DukasM1_Infinox";"Buy";"2015.02.06 01:00:00";"1265.03";"0.05";"2015.02.06 15:54:00";"1246.07";"-95.05";"18771.08";"OOS1";"SL";"-94.80";"18.33";"14h 54m";""
"54";"XAUUSD_DukasM1_Infinox";"Buy";"2015.02.13 00:00:00";"1221.77";"0.06";"2015.02.16 08:00:00";"1231.83";"58.63";"18829.71";"OOS1";"Exit After X Bars";"-1.19";"78.77";"3d 8h 0m";""
"55";"XAUUSD_DukasM1_Infinox";"Buy";"2015.02.20 00:00:00";"1206.65";"0.06";"2015.02.23 08:00:00";"1203.28";"-21.93";"18807.78";"OOS1";"Exit After X Bars";"-51.05";"52.43";"3d 8h 0m";""
"56";"XAUUSD_DukasM1_Infinox";"Buy";"2015.02.27 00:00:00";"1208.77";"0.06";"2015.03.02 08:00:00";"1221.92";"77.19";"18884.97";"OOS1";"Exit After X Bars";"-25.99";"86.33";"3d 8h 0m";""
"57";"XAUUSD_DukasM1_Infinox";"Buy";"2015.03.06 01:00:00";"1197.97";"0.06";"2015.03.06 15:35:00";"1183.47";"-87.30";"18797.67";"OOS1";"SL";"-87.00";"16.01";"14h 35m";""
"58";"XAUUSD_DukasM1_Infinox";"Buy";"2015.03.13 00:00:00";"1153.45";"0.06";"2015.03.16 08:00:00";"1162.49";"52.59";"18850.27";"OOS1";"Exit After X Bars";"-12.61";"57.67";"3d 8h 0m";""
"59";"XAUUSD_DukasM1_Infinox";"Buy";"2015.03.20 00:00:00";"1170.81";"0.06";"2015.03.23 08:00:00";"1182.20";"66.67";"18916.94";"OOS1";"Exit After X Bars";"-12.49";"102.82";"3d 8h 0m";""
"60";"XAUUSD_DukasM1_Infinox";"Buy";"2015.03.27 00:00:00";"1203.77";"0.06";"2015.03.30 08:00:00";"1193.79";"-61.58";"18855.36";"OOS1";"Exit After X Bars";"-69.05";"14.26";"3d 8h 0m";""
"61";"XAUUSD_DukasM1_Infinox";"Buy";"2015.04.03 00:00:00";"1202.18";"0.06";"2015.04.06 10:44:00";"1221.25";"112.72";"18968.07";"OOS1";"PT";"-1.69";"114.42";"3d 10h 44m";""
"62";"XAUUSD_DukasM1_Infinox";"Buy";"2015.04.10 00:00:00";"1194.56";"0.07";"2015.04.13 08:00:00";"1203.82";"62.84";"19030.92";"OOS1";"Exit After X Bars";"-9.16";"113.25";"3d 8h 0m";""
"63";"XAUUSD_DukasM1_Infinox";"Buy";"2015.04.17 00:00:00";"1198.12";"0.07";"2015.04.20 08:00:00";"1203.09";"32.81";"19063.73";"OOS1";"Exit After X Bars";"-4.84";"67.61";"3d 8h 0m";""
"64";"XAUUSD_DukasM1_Infinox";"Buy";"2015.04.24 00:00:00";"1193.41";"0.07";"2015.04.24 17:00:00";"1180.65";"-89.67";"18974.06";"OOS1";"SL";"-89.32";"17.44";"17h 0m";""
"65";"XAUUSD_DukasM1_Infinox";"Buy";"2015.05.01 00:00:00";"1183.79";"0.06";"2015.05.04 08:00:00";"1183.56";"-3.06";"18971.00";"OOS1";"Exit After X Bars";"-85.24";"8.39";"3d 8h 0m";""
"66";"XAUUSD_DukasM1_Infinox";"Buy";"2015.05.08 00:00:00";"1184.31";"0.07";"2015.05.11 08:00:00";"1188.13";"24.78";"18995.77";"OOS1";"Exit After X Bars";"-17.49";"63.94";"3d 8h 0m";""
"67";"XAUUSD_DukasM1_Infinox";"Buy";"2015.05.15 00:00:00";"1220.80";"0.07";"2015.05.18 08:00:00";"1224.41";"23.26";"19019.03";"OOS1";"Exit After X Bars";"-68.88";"37.37";"3d 8h 0m";""
"68";"XAUUSD_DukasM1_Infinox";"Buy";"2015.05.22 00:00:00";"1205.85";"0.08";"2015.05.25 08:00:00";"1203.66";"-19.79";"18999.24";"OOS1";"Exit After X Bars";"-34.57";"71.91";"3d 8h 0m";""
"69";"XAUUSD_DukasM1_Infinox";"Buy";"2015.05.29 01:00:00";"1187.88";"0.09";"2015.06.01 08:00:00";"1191.63";"31.22";"19030.46";"OOS1";"Exit After X Bars";"-19.19";"84.85";"3d 7h 0m";""
"70";"XAUUSD_DukasM1_Infinox";"Buy";"2015.06.05 00:00:00";"1176.45";"0.08";"2015.06.05 16:24:00";"1164.45";"-96.40";"18934.06";"OOS1";"SL";"-96.00";"17.03";"16h 24m";""
"71";"XAUUSD_DukasM1_Infinox";"Buy";"2015.06.12 00:00:00";"1181.78";"0.08";"2015.06.15 08:00:00";"1180.85";"-9.68";"18924.38";"OOS1";"Exit After X Bars";"-40.81";"36.63";"3d 8h 0m";""
"72";"XAUUSD_DukasM1_Infinox";"Buy";"2015.06.19 00:00:00";"1201.45";"0.08";"2015.06.22 08:00:00";"1198.93";"-22.43";"18901.95";"OOS1";"Exit After X Bars";"-39.50";"21.51";"3d 8h 0m";""
"73";"XAUUSD_DukasM1_Infinox";"Buy";"2015.06.26 00:00:00";"1173.08";"0.1";"2015.06.29 01:05:00";"1185.64";"122.82";"19024.77";"OOS1";"PT";"-45.51";"147.39";"3d 1h 5m";""
"74";"XAUUSD_DukasM1_Infinox";"Buy";"2015.07.03 01:00:00";"1165.95";"0.08";"2015.07.06 08:00:00";"1167.44";"9.71";"19034.48";"OOS1";"Exit After X Bars";"-11.13";"71.44";"3d 7h 0m";""
"75";"XAUUSD_DukasM1_Infinox";"Buy";"2015.07.10 01:00:00";"1159.71";"0.07";"2015.07.13 08:00:00";"1159.93";"-0.39";"19034.09";"OOS1";"Exit After X Bars";"-16.81";"39.68";"3d 7h 0m";""
"76";"XAUUSD_DukasM1_Infinox";"Buy";"2015.07.17 00:00:00";"1145.16";"0.1";"2015.07.17 16:54:00";"1135.16";"-100.50";"18933.59";"OOS1";"SL";"-100.00";"5.79";"16h 54m";""
"77";"XAUUSD_DukasM1_Infinox";"Buy";"2015.07.24 01:00:00";"1090.61";"0.05";"2015.07.27 08:00:00";"1097.64";"33.84";"18967.43";"OOS1";"Exit After X Bars";"-66.96";"54.76";"3d 7h 0m";""
"78";"XAUUSD_DukasM1_Infinox";"Buy";"2015.07.31 01:00:00";"1088.33";"0.06";"2015.08.03 08:00:00";"1095.27";"40.07";"19007.50";"OOS1";"Exit After X Bars";"-50.29";"90.29";"3d 7h 0m";""
"79";"XAUUSD_DukasM1_Infinox";"Buy";"2015.08.07 01:00:00";"1089.51";"0.08";"2015.08.10 08:00:00";"1096.21";"51.51";"19059.00";"OOS1";"Exit After X Bars";"-53.85";"79.59";"3d 7h 0m";""
"80";"XAUUSD_DukasM1_Infinox";"Buy";"2015.08.14 00:00:00";"1114.92";"0.06";"2015.08.17 08:00:00";"1116.68";"8.96";"19067.96";"OOS1";"Exit After X Bars";"-18.37";"36.61";"3d 8h 0m";""
"81";"XAUUSD_DukasM1_Infinox";"Buy";"2015.08.21 00:00:00";"1152.06";"0.07";"2015.08.24 08:00:00";"1158.83";"45.47";"19113.44";"OOS1";"Exit After X Bars";"-22.04";"113.11";"3d 8h 0m";""
"82";"XAUUSD_DukasM1_Infinox";"Buy";"2015.08.28 01:00:00";"1125.15";"0.05";"2015.08.31 08:00:00";"1133.59";"40.86";"19154.29";"OOS1";"Exit After X Bars";"-6.96";"78.21";"3d 7h 0m";""
"83";"XAUUSD_DukasM1_Infinox";"Buy";"2015.09.04 01:00:00";"1125.23";"0.07";"2015.09.07 08:00:00";"1122.43";"-21.48";"19132.81";"OOS1";"Exit After X Bars";"-59.15";"48.86";"3d 7h 0m";""
"84";"XAUUSD_DukasM1_Infinox";"Buy";"2015.09.11 01:00:00";"1111.20";"0.08";"2015.09.11 16:41:00";"1099.58";"-93.36";"19039.45";"OOS1";"SL";"-92.96";"13.35";"15h 41m";""
"85";"XAUUSD_DukasM1_Infinox";"Buy";"2015.09.18 00:00:00";"1131.29";"0.08";"2015.09.21 08:00:00";"1137.57";"48.08";"19087.53";"OOS1";"Exit After X Bars";"-30.09";"82.79";"3d 8h 0m";""
"86";"XAUUSD_DukasM1_Infinox";"Buy";"2015.09.25 01:00:00";"1151.21";"0.08";"2015.09.28 08:00:00";"1145.29";"-49.55";"19037.98";"OOS1";"Exit After X Bars";"-83.83";"3.27";"3d 7h 0m";""
"87";"XAUUSD_DukasM1_Infinox";"Buy";"2015.10.02 01:00:00";"1113.09";"0.09";"2015.10.02 15:38:00";"1127.25";"126.99";"19164.97";"OOS1";"PT";"-76.34";"127.44";"14h 38m";""
"88";"XAUUSD_DukasM1_Infinox";"Buy";"2015.10.09 01:00:00";"1138.78";"0.07";"2015.10.09 13:02:00";"1156.36";"122.71";"19287.68";"OOS1";"PT";"-1.60";"123.06";"12h 2m";""
"89";"XAUUSD_DukasM1_Infinox";"Buy";"2015.10.16 01:00:00";"1182.54";"0.06";"2015.10.16 23:59:00";"1176.64";"-35.70";"19251.98";"OOS1";"EndTest";"-49.81";"11.41";"22h 59m";""
"1";"XAUUSD_DukasM1_Infinox";"Buy";"2015.10.23 01:00:00";"1166.00";"0.07";"2015.10.26 08:00:00";"1165.87";"-2.85";"19249.13";"OOS1";"Exit After X Bars";"-49.50";"93.46";"3d 7h 0m";""
"2";"XAUUSD_DukasM1_Infinox";"Buy";"2015.10.30 00:00:00";"1146.90";"0.06";"2015.11.02 08:00:00";"1141.98";"-31.16";"19217.97";"OOS1";"Exit After X Bars";"-76.45";"18.71";"3d 8h 0m";""
"3";"XAUUSD_DukasM1_Infinox";"Buy";"2015.11.06 01:00:00";"1103.38";"0.08";"2015.11.06 15:38:00";"1090.92";"-100.08";"19117.89";"OOS1";"SL";"-99.68";"56.39";"14h 38m";""
"4";"XAUUSD_DukasM1_Infinox";"Buy";"2015.11.13 01:00:00";"1084.76";"0.08";"2015.11.16 08:00:00";"1095.17";"81.19";"19199.09";"OOS1";"Exit After X Bars";"-40.42";"84.47";"3d 7h 0m";""
"5";"XAUUSD_DukasM1_Infinox";"Buy";"2015.11.20 01:00:00";"1081.30";"0.06";"2015.11.23 08:00:00";"1069.85";"-70.26";"19128.82";"OOS1";"Exit After X Bars";"-83.46";"40.49";"3d 7h 0m";""
"6";"XAUUSD_DukasM1_Infinox";"Buy";"2015.11.27 01:00:00";"1071.62";"0.09";"2015.11.27 15:09:00";"1061.35";"-92.88";"19035.95";"OOS1";"SL";"-92.43";"19.19";"14h 9m";""
"7";"XAUUSD_DukasM1_Infinox";"Buy";"2015.12.04 01:00:00";"1062.87";"0.07";"2015.12.04 16:41:00";"1080.47";"122.85";"19158.79";"OOS1";"PT";"-33.19";"123.20";"15h 41m";""
"8";"XAUUSD_DukasM1_Infinox";"Buy";"2015.12.11 01:00:00";"1071.86";"0.07";"2015.12.14 08:00:00";"1075.26";"21.99";"19180.79";"OOS1";"Exit After X Bars";"-66.35";"53.41";"3d 7h 0m";""
"9";"XAUUSD_DukasM1_Infinox";"Buy";"2015.12.18 01:00:00";"1052.39";"0.06";"2015.12.21 08:00:00";"1069.49";"101.07";"19281.86";"OOS1";"Exit After X Bars";"-9.19";"115.13";"3d 7h 0m";""
"10";"XAUUSD_DukasM1_Infinox";"Buy";"2016.01.08 01:00:00";"1108.47";"0.07";"2016.01.08 15:30:00";"1095.59";"-90.51";"19191.35";"OOS1";"SL";"-90.16";"31.35";"14h 30m";""
"11";"XAUUSD_DukasM1_Infinox";"Buy";"2016.01.15 01:00:00";"1079.46";"0.06";"2016.01.18 08:00:00";"1090.19";"62.82";"19254.17";"OOS1";"Exit After X Bars";"-19.57";"106.93";"3d 7h 0m";""
"12";"XAUUSD_DukasM1_Infinox";"Buy";"2016.01.22 01:00:00";"1101.44";"0.06";"2016.01.25 08:00:00";"1100.57";"-6.81";"19247.36";"OOS1";"Exit After X Bars";"-44.41";"8.03";"3d 7h 0m";""
"13";"XAUUSD_DukasM1_Infinox";"Buy";"2016.01.29 01:00:00";"1114.34";"0.07";"2016.02.01 08:00:00";"1122.05";"52.10";"19299.47";"OOS1";"Exit After X Bars";"-41.92";"55.66";"3d 7h 0m";""
"14";"XAUUSD_DukasM1_Infinox";"Buy";"2016.02.05 01:00:00";"1154.63";"0.07";"2016.02.05 22:43:00";"1171.50";"117.74";"19417.21";"OOS1";"PT";"-66.09";"118.09";"21h 43m";""
"15";"XAUUSD_DukasM1_Infinox";"Buy";"2016.02.12 01:00:00";"1247.18";"0.03";"2016.02.15 05:44:00";"1221.52";"-77.86";"19339.35";"OOS1";"SL";"-76.98";"3.00";"3d 4h 44m";""
"16";"XAUUSD_DukasM1_Infinox";"Buy";"2016.02.19 01:00:00";"1230.61";"0.04";"2016.02.22 08:00:00";"1216.30";"-58.40";"19280.95";"OOS1";"Exit After X Bars";"-63.87";"15.67";"3d 7h 0m";""
"17";"XAUUSD_DukasM1_Infinox";"Buy";"2016.02.26 01:00:00";"1231.89";"0.04";"2016.02.29 08:00:00";"1228.16";"-16.08";"19264.88";"OOS1";"Exit After X Bars";"-81.72";"34.27";"3d 7h 0m";""
"18";"XAUUSD_DukasM1_Infinox";"Buy";"2016.03.04 01:00:00";"1263.68";"0.04";"2016.03.07 08:00:00";"1260.55";"-13.70";"19251.17";"OOS1";"Exit After X Bars";"-52.69";"64.19";"3d 7h 0m";""
"19";"XAUUSD_DukasM1_Infinox";"Buy";"2016.03.11 01:00:00";"1271.41";"0.04";"2016.03.11 22:59:00";"1248.56";"-91.60";"19159.57";"OOS1";"SL";"-91.40";"51.12";"21h 59m";""
"20";"XAUUSD_DukasM1_Infinox";"Buy";"2016.03.18 00:00:00";"1257.17";"0.04";"2016.03.21 08:00:00";"1245.91";"-46.22";"19113.35";"OOS1";"Exit After X Bars";"-49.28";"38.71";"3d 8h 0m";""
"21";"XAUUSD_DukasM1_Infinox";"Buy";"2016.04.01 01:00:00";"1232.40";"0.05";"2016.04.01 16:19:00";"1215.16";"-86.45";"19026.90";"OOS1";"SL";"-86.20";"14.30";"15h 19m";""
"22";"XAUUSD_DukasM1_Infinox";"Buy";"2016.04.08 01:00:00";"1240.25";"0.06";"2016.04.11 08:00:00";"1251.06";"63.11";"19090.02";"OOS1";"Exit After X Bars";"-64.20";"74.23";"3d 7h 0m";""
"23";"XAUUSD_DukasM1_Infinox";"Buy";"2016.04.15 01:00:00";"1227.32";"0.05";"2016.04.18 08:00:00";"1235.04";"37.16";"19127.18";"OOS1";"Exit After X Bars";"-10.61";"60.85";"3d 7h 0m";""
"24";"XAUUSD_DukasM1_Infinox";"Buy";"2016.04.22 01:00:00";"1247.02";"0.05";"2016.04.22 19:55:00";"1228.20";"-94.35";"19032.82";"OOS1";"SL";"-94.10";"27.95";"18h 55m";""
"25";"XAUUSD_DukasM1_Infinox";"Buy";"2016.04.29 01:00:00";"1266.20";"0.05";"2016.04.29 17:49:00";"1288.30";"110.25";"19143.07";"OOS1";"PT";"-6.64";"110.50";"16h 49m";""
"26";"XAUUSD_DukasM1_Infinox";"Buy";"2016.05.06 01:00:00";"1277.50";"0.05";"2016.05.09 08:00:00";"1284.68";"34.41";"19177.48";"OOS1";"Exit After X Bars";"-15.56";"89.95";"3d 7h 0m";""
"27";"XAUUSD_DukasM1_Infinox";"Buy";"2016.05.13 01:00:00";"1263.47";"0.05";"2016.05.16 08:00:00";"1277.60";"69.17";"19246.65";"OOS1";"Exit After X Bars";"-3.46";"79.90";"3d 7h 0m";""
"28";"XAUUSD_DukasM1_Infinox";"Buy";"2016.05.20 01:00:00";"1255.05";"0.05";"2016.05.23 08:00:00";"1254.63";"-3.57";"19243.09";"OOS1";"Exit After X Bars";"-31.46";"25.75";"3d 7h 0m";""
"29";"XAUUSD_DukasM1_Infinox";"Buy";"2016.05.27 01:00:00";"1219.80";"0.06";"2016.05.30 03:46:00";"1205.39";"-88.18";"19154.90";"OOS1";"SL";"-86.46";"22.39";"3d 2h 46m";""
"30";"XAUUSD_DukasM1_Infinox";"Buy";"2016.06.03 01:00:00";"1210.85";"0.07";"2016.06.03 15:31:00";"1227.21";"114.17";"19269.07";"OOS1";"PT";"-27.65";"114.52";"14h 31m";""
"31";"XAUUSD_DukasM1_Infinox";"Buy";"2016.06.10 01:00:00";"1268.92";"0.07";"2016.06.13 08:00:00";"1274.73";"38.59";"19307.66";"OOS1";"Exit After X Bars";"-30.88";"65.73";"3d 7h 0m";""
"32";"XAUUSD_DukasM1_Infinox";"Buy";"2016.06.17 01:00:00";"1279.05";"0.05";"2016.06.20 08:00:00";"1281.50";"10.76";"19318.42";"OOS1";"Exit After X Bars";"-12.60";"101.96";"3d 7h 0m";""
"33";"XAUUSD_DukasM1_Infinox";"Buy";"2016.06.24 01:00:00";"1251.36";"0.05";"2016.06.24 04:04:00";"1274.76";"116.75";"19435.17";"OOS1";"PT";"-5.91";"117.00";"3h 4m";""
"34";"XAUUSD_DukasM1_Infinox";"Buy";"2016.07.01 01:00:00";"1322.29";"0.04";"2016.07.04 05:09:00";"1350.77";"112.69";"19547.86";"OOS1";"PT";"-7.09";"113.92";"3d 4h 9m";""
"35";"XAUUSD_DukasM1_Infinox";"Buy";"2016.07.08 01:00:00";"1359.43";"0.05";"2016.07.08 15:30:00";"1340.43";"-95.25";"19452.61";"OOS1";"SL";"-95.00";"21.74";"14h 30m";""
"36";"XAUUSD_DukasM1_Infinox";"Buy";"2016.07.15 01:00:00";"1335.76";"0.04";"2016.07.18 08:00:00";"1327.55";"-34.08";"19418.53";"OOS1";"Exit After X Bars";"-53.05";"11.48";"3d 7h 0m";""
"37";"XAUUSD_DukasM1_Infinox";"Buy";"2016.07.22 01:00:00";"1331.55";"0.05";"2016.07.25 04:06:00";"1313.95";"-89.55";"19328.99";"OOS1";"SL";"-88.00";"10.90";"3d 3h 6m";""
"38";"XAUUSD_DukasM1_Infinox";"Buy";"2016.07.29 01:00:00";"1335.95";"0.06";"2016.08.01 08:00:00";"1350.33";"84.42";"19413.41";"OOS1";"Exit After X Bars";"-44.93";"114.29";"3d 7h 0m";""
"39";"XAUUSD_DukasM1_Infinox";"Buy";"2016.08.05 01:00:00";"1360.47";"0.06";"2016.08.05 15:30:00";"1345.93";"-87.54";"19325.87";"OOS1";"SL";"-87.24";"25.07";"14h 30m";""
"40";"XAUUSD_DukasM1_Infinox";"Buy";"2016.08.12 01:00:00";"1339.18";"0.06";"2016.08.15 08:00:00";"1338.22";"-7.62";"19318.25";"OOS1";"Exit After X Bars";"-35.23";"102.95";"3d 7h 0m";""
"41";"XAUUSD_DukasM1_Infinox";"Buy";"2016.08.19 01:00:00";"1352.20";"0.06";"2016.08.22 01:05:00";"1337.23";"-91.70";"19226.55";"OOS1";"SL";"-89.82";"3.65";"3d 0h 5m";""
"42";"XAUUSD_DukasM1_Infinox";"Buy";"2016.08.26 01:00:00";"1321.66";"0.08";"2016.08.26 17:15:00";"1337.48";"126.16";"19352.71";"OOS1";"PT";"-18.50";"126.56";"16h 15m";""
"43";"XAUUSD_DukasM1_Infinox";"Buy";"2016.09.02 01:00:00";"1314.84";"0.08";"2016.09.05 08:00:00";"1324.53";"75.08";"19427.79";"OOS1";"Exit After X Bars";"-93.78";"121.99";"3d 7h 0m";""
"44";"XAUUSD_DukasM1_Infinox";"Buy";"2016.09.09 01:00:00";"1337.69";"0.08";"2016.09.12 04:25:00";"1325.20";"-102.40";"19325.38";"OOS1";"SL";"-99.92";"14.47";"3d 3h 25m";""
"45";"XAUUSD_DukasM1_Infinox";"Buy";"2016.09.16 01:00:00";"1314.28";"0.07";"2016.09.19 08:00:00";"1315.34";"5.28";"19330.66";"OOS1";"Exit After X Bars";"-56.57";"26.24";"3d 7h 0m";""
"46";"XAUUSD_DukasM1_Infinox";"Buy";"2016.09.23 01:00:00";"1336.03";"0.07";"2016.09.26 08:00:00";"1333.12";"-22.54";"19308.13";"OOS1";"Exit After X Bars";"-23.39";"31.92";"3d 7h 0m";""
"47";"XAUUSD_DukasM1_Infinox";"Buy";"2016.09.30 01:00:00";"1319.85";"0.08";"2016.10.03 08:00:00";"1314.34";"-46.53";"19261.59";"OOS1";"Exit After X Bars";"-52.98";"65.27";"3d 7h 0m";""
"48";"XAUUSD_DukasM1_Infinox";"Buy";"2016.10.07 01:00:00";"1254.56";"0.06";"2016.10.10 08:00:00";"1263.35";"50.98";"19312.57";"OOS1";"Exit After X Bars";"-79.03";"65.03";"3d 7h 0m";""
"49";"XAUUSD_DukasM1_Infinox";"Buy";"2016.10.14 01:00:00";"1258.26";"0.07";"2016.10.17 08:00:00";"1254.23";"-30.27";"19282.29";"OOS1";"Exit After X Bars";"-85.41";"7.90";"3d 7h 0m";""
"50";"XAUUSD_DukasM1_Infinox";"Buy";"2016.10.21 01:00:00";"1266.06";"0.08";"2016.10.24 08:00:00";"1264.50";"-14.85";"19267.45";"OOS1";"Exit After X Bars";"-39.59";"15.50";"3d 7h 0m";""
"51";"XAUUSD_DukasM1_Infinox";"Buy";"2016.10.28 01:00:00";"1267.86";"0.1";"2016.10.28 20:49:00";"1280.68";"127.70";"19395.15";"OOS1";"PT";"-63.42";"128.20";"19h 49m";""
"52";"XAUUSD_DukasM1_Infinox";"Buy";"2016.11.04 00:00:00";"1302.55";"0.07";"2016.11.07 01:30:00";"1288.37";"-101.38";"19293.76";"OOS1";"SL";"-99.26";"32.34";"3d 1h 30m";""
"53";"XAUUSD_DukasM1_Infinox";"Buy";"2016.11.11 01:00:00";"1258.35";"0.03";"2016.11.11 17:12:00";"1231.12";"-81.84";"19211.92";"OOS1";"SL";"-81.69";"21.12";"16h 12m";""
"54";"XAUUSD_DukasM1_Infinox";"Buy";"2016.11.18 00:00:00";"1215.74";"0.04";"2016.11.21 08:00:00";"1212.08";"-15.79";"19196.14";"OOS1";"Exit After X Bars";"-51.37";"7.96";"3d 8h 0m";""
"55";"XAUUSD_DukasM1_Infinox";"Buy";"2016.11.25 01:00:00";"1182.58";"0.05";"2016.11.28 08:00:00";"1192.51";"48.25";"19244.39";"OOS1";"Exit After X Bars";"-58.70";"74.90";"3d 7h 0m";""
"56";"XAUUSD_DukasM1_Infinox";"Buy";"2016.12.02 00:00:00";"1170.62";"0.05";"2016.12.05 08:00:00";"1177.36";"32.31";"19276.70";"OOS1";"Exit After X Bars";"-19.69";"87.21";"3d 8h 0m";""
"57";"XAUUSD_DukasM1_Infinox";"Buy";"2016.12.09 01:00:00";"1170.27";"0.06";"2016.12.12 02:27:00";"1155.59";"-89.75";"19186.95";"OOS1";"SL";"-88.08";"10.19";"3d 1h 27m";""
"58";"XAUUSD_DukasM1_Infinox";"Buy";"2016.12.16 01:00:00";"1128.34";"0.06";"2016.12.19 08:00:00";"1139.69";"66.48";"19253.44";"OOS1";"Exit After X Bars";"-10.19";"76.97";"3d 7h 0m";""
"59";"XAUUSD_DukasM1_Infinox";"Buy";"2016.12.23 01:00:00";"1128.18";"0.08";"2016.12.27 08:00:00";"1137.58";"71.29";"19324.73";"OOS1";"Exit After X Bars";"-4.97";"79.37";"4d 7h 0m";""
"60";"XAUUSD_DukasM1_Infinox";"Buy";"2016.12.30 00:00:00";"1157.16";"0.08";"2017.01.03 08:00:00";"1157.78";"0.96";"19325.69";"OOS1";"Exit After X Bars";"-61.94";"48.31";"4d 8h 0m";""
"61";"XAUUSD_DukasM1_Infinox";"Buy";"2017.01.06 00:00:00";"1179.66";"0.06";"2017.01.09 08:00:00";"1173.59";"-38.10";"19287.59";"OOS1";"Exit After X Bars";"-52.45";"17.93";"3d 8h 0m";""
"62";"XAUUSD_DukasM1_Infinox";"Buy";"2017.01.13 01:00:00";"1194.34";"0.07";"2017.01.16 08:00:00";"1203.90";"64.95";"19352.54";"OOS1";"Exit After X Bars";"-45.51";"74.42";"3d 7h 0m";""
"63";"XAUUSD_DukasM1_Infinox";"Buy";"2017.01.20 00:00:00";"1204.06";"0.07";"2017.01.23 08:00:00";"1216.55";"85.44";"19437.98";"OOS1";"Exit After X Bars";"-38.37";"107.72";"3d 8h 0m";""
"64";"XAUUSD_DukasM1_Infinox";"Buy";"2017.01.27 00:00:00";"1187.63";"0.07";"2017.01.30 08:00:00";"1192.70";"33.52";"19471.50";"OOS1";"Exit After X Bars";"-49.57";"56.48";"3d 8h 0m";""
"65";"XAUUSD_DukasM1_Infinox";"Buy";"2017.02.03 01:00:00";"1215.09";"0.07";"2017.02.06 08:00:00";"1223.45";"56.52";"19528.02";"OOS1";"Exit After X Bars";"-61.17";"69.45";"3d 7h 0m";""
"66";"XAUUSD_DukasM1_Infinox";"Buy";"2017.02.10 01:00:00";"1227.77";"0.07";"2017.02.13 08:00:00";"1229.39";"9.32";"19537.33";"OOS1";"Exit After X Bars";"-43.27";"65.09";"3d 7h 0m";""
"67";"XAUUSD_DukasM1_Infinox";"Buy";"2017.02.17 01:00:00";"1238.60";"0.07";"2017.02.20 08:00:00";"1234.08";"-33.68";"19503.66";"OOS1";"Exit After X Bars";"-40.33";"36.04";"3d 7h 0m";""
"68";"XAUUSD_DukasM1_Infinox";"Buy";"2017.02.24 00:00:00";"1248.86";"0.08";"2017.02.27 08:00:00";"1257.59";"67.50";"19571.15";"OOS1";"Exit After X Bars";"-9.22";"89.99";"3d 8h 0m";""
"69";"XAUUSD_DukasM1_Infinox";"Buy";"2017.03.03 00:00:00";"1233.10";"0.07";"2017.03.06 08:00:00";"1233.44";"0.35";"19571.51";"OOS1";"Exit After X Bars";"-72.04";"26.38";"3d 8h 0m";""
"70";"XAUUSD_DukasM1_Infinox";"Buy";"2017.03.10 00:00:00";"1200.18";"0.08";"2017.03.13 08:00:00";"1207.13";"53.33";"19624.84";"OOS1";"Exit After X Bars";"-42.66";"61.58";"3d 8h 0m";""
"71";"XAUUSD_DukasM1_Infinox";"Buy";"2017.03.17 00:00:00";"1225.53";"0.08";"2017.03.20 08:00:00";"1233.88";"64.49";"19689.33";"OOS1";"Exit After X Bars";"-8.86";"76.22";"3d 8h 0m";""
"72";"XAUUSD_DukasM1_Infinox";"Buy";"2017.03.24 00:00:00";"1244.23";"0.09";"2017.03.27 04:04:00";"1257.67";"118.33";"19807.67";"OOS1";"PT";"-29.54";"120.96";"3d 4h 4m";""
"73";"XAUUSD_DukasM1_Infinox";"Buy";"2017.03.31 01:00:00";"1242.43";"0.09";"2017.04.03 08:00:00";"1248.47";"51.73";"19859.40";"OOS1";"Exit After X Bars";"-25.03";"73.01";"3d 7h 0m";""
"74";"XAUUSD_DukasM1_Infinox";"Buy";"2017.04.07 01:00:00";"1251.36";"0.1";"2017.04.07 04:59:00";"1263.98";"125.70";"19985.10";"OOS1";"PT";"-8.02";"126.20";"3h 59m";""
"75";"XAUUSD_DukasM1_Infinox";"Buy";"2017.04.21 01:00:00";"1282.06";"0.08";"2017.04.24 01:05:00";"1270.10";"-98.08";"19887.03";"OOS1";"SL";"-117.78";"49.21";"3d 0h 5m";""
"76";"XAUUSD_DukasM1_Infinox";"Buy";"2017.04.28 01:00:00";"1263.92";"0.08";"2017.05.01 08:00:00";"1263.64";"-4.61";"19882.42";"OOS1";"Exit After X Bars";"-16.39";"57.22";"3d 7h 0m";""
"77";"XAUUSD_DukasM1_Infinox";"Buy";"2017.05.05 01:00:00";"1228.28";"0.08";"2017.05.08 08:00:00";"1231.50";"23.45";"19905.87";"OOS1";"Exit After X Bars";"-57.77";"58.25";"3d 7h 0m";""
"78";"XAUUSD_DukasM1_Infinox";"Buy";"2017.05.12 01:00:00";"1224.96";"0.09";"2017.05.15 08:00:00";"1230.93";"51.14";"19957.01";"OOS1";"Exit After X Bars";"-4.79";"61.01";"3d 7h 0m";""
"79";"XAUUSD_DukasM1_Infinox";"Buy";"2017.05.19 01:00:00";"1246.43";"0.07";"2017.05.22 08:00:00";"1252.31";"39.11";"19996.12";"OOS1";"Exit After X Bars";"-2.18";"77.85";"3d 7h 0m";""
"80";"XAUUSD_DukasM1_Infinox";"Buy";"2017.05.26 01:00:00";"1255.48";"0.09";"2017.05.26 20:29:00";"1268.62";"117.81";"20113.93";"OOS1";"PT";"-21.98";"118.26";"19h 29m";""
"81";"XAUUSD_DukasM1_Infinox";"Buy";"2017.06.02 01:00:00";"1265.03";"0.1";"2017.06.02 17:47:00";"1276.92";"118.40";"20232.33";"OOS1";"PT";"-60.01";"118.90";"16h 47m";""
"82";"XAUUSD_DukasM1_Infinox";"Buy";"2017.06.09 01:00:00";"1281.06";"0.09";"2017.06.09 15:49:00";"1269.97";"-100.26";"20132.07";"OOS1";"SL";"-99.81";"4.16";"14h 49m";""
"83";"XAUUSD_DukasM1_Infinox";"Buy";"2017.06.16 01:00:00";"1253.96";"0.07";"2017.06.19 08:00:00";"1252.61";"-11.51";"20120.56";"OOS1";"Exit After X Bars";"-20.24";"22.27";"3d 7h 0m";""
"84";"XAUUSD_DukasM1_Infinox";"Buy";"2017.06.23 01:00:00";"1250.06";"0.1";"2017.06.26 08:00:00";"1254.04";"36.87";"20157.43";"OOS1";"Exit After X Bars";"-2.02";"87.51";"3d 7h 0m";""
"85";"XAUUSD_DukasM1_Infinox";"Buy";"2017.06.30 01:00:00";"1245.12";"0.08";"2017.06.30 23:59:00";"1240.41";"-38.07";"20119.36";"OOS1";"EndTest";"-46.50";"24.82";"22h 59m";""
"1";"XAUUSD_DukasM1_Infinox";"Buy";"2017.07.07 01:00:00";"1224.99";"0.09";"2017.07.07 16:06:00";"1214.65";"-93.51";"20025.85";"OOS1";"SL";"-93.06";"31.13";"15h 6m";""
"2";"XAUUSD_DukasM1_Infinox";"Buy";"2017.07.14 01:00:00";"1217.09";"0.09";"2017.07.14 15:45:00";"1230.44";"119.70";"20145.55";"OOS1";"PT";"-20.96";"120.15";"14h 45m";""
"3";"XAUUSD_DukasM1_Infinox";"Buy";"2017.07.21 01:00:00";"1244.29";"0.1";"2017.07.24 03:07:00";"1256.61";"120.28";"20265.83";"OOS1";"PT";"-9.59";"123.20";"3d 2h 7m";""
"4";"XAUUSD_DukasM1_Infinox";"Buy";"2017.07.28 01:00:00";"1258.93";"0.09";"2017.07.31 08:00:00";"1268.14";"80.24";"20346.07";"OOS1";"Exit After X Bars";"-14.39";"109.79";"3d 7h 0m";""
"5";"XAUUSD_DukasM1_Infinox";"Buy";"2017.08.04 01:00:00";"1269.43";"0.09";"2017.08.04 16:49:00";"1258.36";"-100.08";"20245.99";"OOS1";"SL";"-99.63";"6.19";"15h 49m";""
"6";"XAUUSD_DukasM1_Infinox";"Buy";"2017.08.11 01:00:00";"1286.62";"0.09";"2017.08.14 08:00:00";"1286.50";"-3.78";"20242.21";"OOS1";"Exit After X Bars";"-48.14";"48.52";"3d 7h 0m";""
"7";"XAUUSD_DukasM1_Infinox";"Buy";"2017.08.18 01:00:00";"1288.21";"0.08";"2017.08.21 08:00:00";"1285.75";"-22.08";"20220.12";"OOS1";"Exit After X Bars";"-61.75";"100.94";"3d 7h 0m";""
"8";"XAUUSD_DukasM1_Infinox";"Buy";"2017.08.25 01:00:00";"1286.52";"0.09";"2017.08.25 16:41:00";"1276.31";"-92.34";"20127.78";"OOS1";"SL";"-91.89";"70.72";"15h 41m";""
"9";"XAUUSD_DukasM1_Infinox";"Buy";"2017.09.01 01:00:00";"1321.75";"0.06";"2017.09.04 08:00:00";"1333.84";"70.70";"20198.48";"OOS1";"Exit After X Bars";"-31.85";"100.03";"3d 7h 0m";""
"10";"XAUUSD_DukasM1_Infinox";"Buy";"2017.09.08 01:00:00";"1348.73";"0.07";"2017.09.11 02:01:00";"1334.63";"-100.89";"20097.59";"OOS1";"SL";"-104.08";"61.38";"3d 1h 1m";""
"11";"XAUUSD_DukasM1_Infinox";"Buy";"2017.09.15 01:00:00";"1329.46";"0.07";"2017.09.18 02:43:00";"1316.29";"-94.35";"20003.24";"OOS1";"SL";"-92.19";"33.82";"3d 1h 43m";""
"12";"XAUUSD_DukasM1_Infinox";"Buy";"2017.09.22 01:00:00";"1291.20";"0.07";"2017.09.25 08:00:00";"1293.52";"14.13";"20017.38";"OOS1";"Exit After X Bars";"-12.40";"52.42";"3d 7h 0m";""
"13";"XAUUSD_DukasM1_Infinox";"Buy";"2017.09.29 01:00:00";"1287.08";"0.07";"2017.10.02 07:37:00";"1273.59";"-96.53";"19920.85";"OOS1";"SL";"-94.43";"22.76";"3d 6h 37m";""
"14";"XAUUSD_DukasM1_Infinox";"Buy";"2017.10.06 01:00:00";"1268.36";"0.09";"2017.10.09 05:13:00";"1281.80";"118.29";"20039.14";"OOS1";"PT";"-70.01";"120.96";"3d 4h 13m";""
"15";"XAUUSD_DukasM1_Infinox";"Buy";"2017.10.13 01:00:00";"1293.56";"0.09";"2017.10.16 08:00:00";"1301.98";"73.07";"20112.20";"OOS1";"Exit After X Bars";"-24.32";"98.39";"3d 7h 0m";""
"16";"XAUUSD_DukasM1_Infinox";"Buy";"2017.10.20 01:00:00";"1289.64";"0.09";"2017.10.20 18:35:00";"1278.75";"-98.46";"20013.74";"OOS1";"SL";"-98.01";"12.58";"17h 35m";""
"17";"XAUUSD_DukasM1_Infinox";"Buy";"2017.10.27 01:00:00";"1267.07";"0.08";"2017.10.30 08:00:00";"1271.12";"30.03";"20043.77";"OOS1";"Exit After X Bars";"-28.73";"55.22";"3d 7h 0m";""
"18";"XAUUSD_DukasM1_Infinox";"Buy";"2017.11.03 00:00:00";"1276.76";"0.09";"2017.11.03 16:58:00";"1265.71";"-99.90";"19943.87";"OOS1";"SL";"-99.45";"30.44";"16h 58m";""
"19";"XAUUSD_DukasM1_Infinox";"Buy";"2017.11.10 01:00:00";"1285.49";"0.09";"2017.11.10 18:15:00";"1275.32";"-91.98";"19851.89";"OOS1";"SL";"-91.53";"13.87";"17h 15m";""
"20";"XAUUSD_DukasM1_Infinox";"Buy";"2017.11.17 01:00:00";"1278.79";"0.09";"2017.11.17 19:51:00";"1291.39";"112.95";"19964.84";"OOS1";"PT";"-5.57";"113.40";"18h 51m";""
"21";"XAUUSD_DukasM1_Infinox";"Buy";"2017.11.24 01:00:00";"1291.67";"0.1";"2017.11.27 08:00:00";"1290.17";"-18.01";"19946.83";"OOS1";"Exit After X Bars";"-60.01";"15.32";"3d 7h 0m";""
"22";"XAUUSD_DukasM1_Infinox";"Buy";"2017.12.01 01:00:00";"1274.56";"0.09";"2017.12.01 18:28:00";"1287.21";"113.40";"20060.23";"OOS1";"PT";"-26.47";"113.85";"17h 28m";""
"23";"XAUUSD_DukasM1_Infinox";"Buy";"2017.12.08 01:00:00";"1247.50";"0.09";"2017.12.11 08:00:00";"1249.52";"15.55";"20075.78";"OOS1";"Exit After X Bars";"-34.75";"43.31";"3d 7h 0m";""
"24";"XAUUSD_DukasM1_Infinox";"Buy";"2017.12.15 01:00:00";"1252.92";"0.09";"2017.12.18 08:00:00";"1255.67";"22.11";"20097.88";"OOS1";"Exit After X Bars";"-2.78";"80.00";"3d 7h 0m";""
"25";"XAUUSD_DukasM1_Infinox";"Buy";"2017.12.22 01:00:00";"1266.63";"0.12";"2017.12.26 03:04:00";"1276.75";"114.93";"20212.81";"OOS1";"PT";"-20.27";"121.44";"4d 2h 4m";""
"26";"XAUUSD_DukasM1_Infinox";"Buy";"2017.12.29 01:00:00";"1294.84";"0.13";"2017.12.29 19:04:00";"1303.91";"117.26";"20330.07";"OOS1";"PT";"-13.64";"117.91";"18h 4m";""
"27";"XAUUSD_DukasM1_Infinox";"Buy";"2018.01.05 01:00:00";"1322.64";"0.09";"2018.01.08 08:00:00";"1317.94";"-45.07";"20285.01";"OOS1";"Exit After X Bars";"-81.01";"6.50";"3d 7h 0m";""
"28";"XAUUSD_DukasM1_Infinox";"Buy";"2018.01.12 01:00:00";"1322.67";"0.09";"2018.01.12 20:37:00";"1336.10";"120.42";"20405.43";"OOS1";"PT";"-10.52";"120.87";"19h 37m";""
"29";"XAUUSD_DukasM1_Infinox";"Buy";"2018.01.19 01:00:00";"1327.03";"0.08";"2018.01.22 08:00:00";"1331.67";"34.66";"20440.08";"OOS1";"Exit After X Bars";"-6.39";"88.07";"3d 7h 0m";""
"30";"XAUUSD_DukasM1_Infinox";"Buy";"2018.01.26 01:00:00";"1347.43";"0.07";"2018.01.29 08:00:00";"1348.01";"1.88";"20441.96";"OOS1";"Exit After X Bars";"-19.73";"67.77";"3d 7h 0m";""
"31";"XAUUSD_DukasM1_Infinox";"Buy";"2018.02.02 01:00:00";"1348.84";"0.07";"2018.02.02 16:00:00";"1334.78";"-98.77";"20343.19";"OOS1";"SL";"-98.42";"8.46";"15h 0m";""
"32";"XAUUSD_DukasM1_Infinox";"Buy";"2018.02.09 01:00:00";"1317.94";"0.06";"2018.02.12 08:00:00";"1323.42";"31.04";"20374.23";"OOS1";"Exit After X Bars";"-40.81";"52.15";"3d 7h 0m";""
"33";"XAUUSD_DukasM1_Infinox";"Buy";"2018.02.16 01:00:00";"1353.51";"0.06";"2018.02.19 08:00:00";"1346.40";"-44.54";"20329.69";"OOS1";"Exit After X Bars";"-52.57";"49.03";"3d 7h 0m";""
"34";"XAUUSD_DukasM1_Infinox";"Buy";"2018.02.23 01:00:00";"1331.71";"0.08";"2018.02.26 08:00:00";"1339.67";"61.21";"20390.90";"OOS1";"Exit After X Bars";"-47.54";"64.14";"3d 7h 0m";""
"35";"XAUUSD_DukasM1_Infinox";"Buy";"2018.03.02 01:00:00";"1317.06";"0.07";"2018.03.05 08:00:00";"1326.24";"62.12";"20453.02";"OOS1";"Exit After X Bars";"-13.17";"70.03";"3d 7h 0m";""
"36";"XAUUSD_DukasM1_Infinox";"Buy";"2018.03.09 01:00:00";"1321.88";"0.08";"2018.03.12 08:00:00";"1322.60";"3.30";"20456.32";"OOS1";"Exit After X Bars";"-72.41";"25.90";"3d 7h 0m";""
"37";"XAUUSD_DukasM1_Infinox";"Buy";"2018.03.16 00:00:00";"1316.37";"0.09";"2018.03.19 08:00:00";"1309.79";"-61.97";"20394.35";"OOS1";"Exit After X Bars";"-68.83";"47.95";"3d 8h 0m";""
"38";"XAUUSD_DukasM1_Infinox";"Buy";"2018.03.23 00:00:00";"1329.13";"0.08";"2018.03.23 14:20:00";"1344.48";"122.40";"20516.75";"OOS1";"PT";"-1.62";"122.80";"14h 20m";""
"39";"XAUUSD_DukasM1_Infinox";"Buy";"2018.04.06 01:00:00";"1326.34";"0.07";"2018.04.09 08:00:00";"1332.34";"39.84";"20556.59";"OOS1";"Exit After X Bars";"-46.82";"63.15";"3d 7h 0m";""
"40";"XAUUSD_DukasM1_Infinox";"Buy";"2018.04.13 01:00:00";"1334.82";"0.06";"2018.04.16 08:00:00";"1345.87";"64.44";"20621.04";"OOS1";"Exit After X Bars";"-9.85";"83.05";"3d 7h 0m";""
"41";"XAUUSD_DukasM1_Infinox";"Buy";"2018.04.20 01:00:00";"1346.13";"0.07";"2018.04.23 01:25:00";"1333.22";"-92.55";"20528.48";"OOS1";"SL";"-90.37";"0.92";"3d 0h 25m";""
"42";"XAUUSD_DukasM1_Infinox";"Buy";"2018.04.27 01:00:00";"1316.90";"0.09";"2018.04.30 08:00:00";"1321.54";"39.01";"20567.49";"OOS1";"Exit After X Bars";"-14.78";"76.03";"3d 7h 0m";""
"43";"XAUUSD_DukasM1_Infinox";"Buy";"2018.05.04 01:00:00";"1311.98";"0.09";"2018.05.07 08:00:00";"1315.99";"33.34";"20600.83";"OOS1";"Exit After X Bars";"-35.82";"62.18";"3d 7h 0m";""
"44";"XAUUSD_DukasM1_Infinox";"Buy";"2018.05.11 01:00:00";"1321.45";"0.08";"2018.05.14 08:00:00";"1319.25";"-20.06";"20580.78";"OOS1";"Exit After X Bars";"-33.98";"35.61";"3d 7h 0m";""
"45";"XAUUSD_DukasM1_Infinox";"Buy";"2018.05.18 01:00:00";"1290.86";"0.09";"2018.05.21 08:00:00";"1288.02";"-28.27";"20552.51";"OOS1";"Exit After X Bars";"-43.40";"29.62";"3d 7h 0m";""
"46";"XAUUSD_DukasM1_Infinox";"Buy";"2018.05.25 01:00:00";"1304.52";"0.09";"2018.05.28 08:00:00";"1298.75";"-54.66";"20497.85";"OOS1";"Exit After X Bars";"-74.45";"29.14";"3d 7h 0m";""
"47";"XAUUSD_DukasM1_Infinox";"Buy";"2018.06.01 01:00:00";"1298.92";"0.08";"2018.06.04 08:00:00";"1291.44";"-62.26";"20435.58";"OOS1";"Exit After X Bars";"-77.34";"12.81";"3d 7h 0m";""
"48";"XAUUSD_DukasM1_Infinox";"Buy";"2018.06.08 01:00:00";"1297.08";"0.1";"2018.06.11 08:00:00";"1298.92";"15.38";"20450.96";"OOS1";"Exit After X Bars";"-38.28";"41.58";"3d 7h 0m";""
"49";"XAUUSD_DukasM1_Infinox";"Buy";"2018.06.15 01:00:00";"1302.48";"0.11";"2018.06.15 15:33:00";"1293.60";"-98.23";"20352.73";"OOS1";"SL";"-97.68";"6.40";"14h 33m";""
"50";"XAUUSD_DukasM1_Infinox";"Buy";"2018.06.22 01:00:00";"1267.20";"0.1";"2018.06.25 08:00:00";"1267.07";"-4.26";"20348.47";"OOS1";"Exit After X Bars";"-6.31";"53.51";"3d 7h 0m";""
"51";"XAUUSD_DukasM1_Infinox";"Buy";"2018.06.29 01:00:00";"1247.99";"0.1";"2018.07.02 08:00:00";"1250.80";"25.17";"20373.64";"OOS1";"Exit After X Bars";"-18.81";"75.79";"3d 7h 0m";""
"52";"XAUUSD_DukasM1_Infinox";"Buy";"2018.07.06 01:00:00";"1257.36";"0.1";"2018.07.09 08:00:00";"1258.76";"11.06";"20384.70";"OOS1";"Exit After X Bars";"-45.82";"20.19";"3d 7h 0m";""
"53";"XAUUSD_DukasM1_Infinox";"Buy";"2018.07.13 01:00:00";"1247.31";"0.11";"2018.07.13 14:58:00";"1238.25";"-100.21";"20284.49";"OOS1";"SL";"-99.66";"8.23";"13h 58m";""
"54";"XAUUSD_DukasM1_Infinox";"Buy";"2018.07.20 01:00:00";"1223.21";"0.09";"2018.07.23 08:00:00";"1231.67";"73.55";"20358.04";"OOS1";"Exit After X Bars";"-67.96";"106.85";"3d 7h 0m";""
"55";"XAUUSD_DukasM1_Infinox";"Buy";"2018.07.27 01:00:00";"1223.06";"0.09";"2018.07.30 08:00:00";"1220.45";"-26.08";"20331.96";"OOS1";"Exit After X Bars";"-49.70";"38.27";"3d 7h 0m";""
"56";"XAUUSD_DukasM1_Infinox";"Buy";"2018.08.03 01:00:00";"1208.03";"0.09";"2018.08.06 08:00:00";"1215.47";"64.40";"20396.35";"OOS1";"Exit After X Bars";"-31.77";"107.53";"3d 7h 0m";""
"57";"XAUUSD_DukasM1_Infinox";"Buy";"2018.08.10 01:00:00";"1212.49";"0.1";"2018.08.13 08:00:00";"1208.19";"-45.86";"20350.49";"OOS1";"Exit After X Bars";"-68.22";"45.82";"3d 7h 0m";""
"58";"XAUUSD_DukasM1_Infinox";"Buy";"2018.08.17 01:00:00";"1173.91";"0.07";"2018.08.20 08:00:00";"1185.74";"80.86";"20431.36";"OOS1";"Exit After X Bars";"-14.50";"88.75";"3d 7h 0m";""
"59";"XAUUSD_DukasM1_Infinox";"Buy";"2018.08.24 01:00:00";"1185.42";"0.08";"2018.08.24 17:03:00";"1199.28";"110.48";"20541.84";"OOS1";"PT";"-18.42";"110.88";"16h 3m";""
"60";"XAUUSD_DukasM1_Infinox";"Buy";"2018.08.31 01:00:00";"1200.39";"0.09";"2018.09.03 08:00:00";"1199.80";"-7.86";"20533.98";"OOS1";"Exit After X Bars";"-42.68";"75.86";"3d 7h 0m";""
"61";"XAUUSD_DukasM1_Infinox";"Buy";"2018.09.07 01:00:00";"1200.03";"0.09";"2018.09.10 08:00:00";"1193.10";"-64.92";"20469.05";"OOS1";"Exit After X Bars";"-68.06";"31.06";"3d 7h 0m";""
"62";"XAUUSD_DukasM1_Infinox";"Buy";"2018.09.14 01:00:00";"1201.40";"0.09";"2018.09.17 08:00:00";"1194.89";"-61.14";"20407.91";"OOS1";"Exit After X Bars";"-77.78";"64.01";"3d 7h 0m";""
"63";"XAUUSD_DukasM1_Infinox";"Buy";"2018.09.21 01:00:00";"1207.38";"0.1";"2018.09.21 15:44:00";"1197.84";"-95.90";"20312.01";"OOS1";"SL";"-95.40";"36.32";"14h 44m";""
"64";"XAUUSD_DukasM1_Infinox";"Buy";"2018.09.28 01:00:00";"1182.64";"0.1";"2018.10.01 08:00:00";"1188.35";"54.30";"20366.31";"OOS1";"Exit After X Bars";"-19.22";"112.01";"3d 7h 0m";""
"65";"XAUUSD_DukasM1_Infinox";"Buy";"2018.10.05 01:00:00";"1199.86";"0.09";"2018.10.08 08:00:00";"1196.83";"-29.82";"20336.49";"OOS1";"Exit After X Bars";"-41.50";"53.09";"3d 7h 0m";""
"66";"XAUUSD_DukasM1_Infinox";"Buy";"2018.10.12 01:00:00";"1224.23";"0.07";"2018.10.15 08:00:00";"1221.94";"-18.05";"20318.45";"OOS1";"Exit After X Bars";"-59.02";"0.00";"3d 7h 0m";""
"67";"XAUUSD_DukasM1_Infinox";"Buy";"2018.10.19 01:00:00";"1225.75";"0.09";"2018.10.22 08:00:00";"1227.49";"13.06";"20331.51";"OOS1";"Exit After X Bars";"-24.23";"45.02";"3d 7h 0m";""
"68";"XAUUSD_DukasM1_Infinox";"Buy";"2018.10.26 01:00:00";"1231.89";"0.09";"2018.10.29 08:00:00";"1233.60";"12.78";"20344.29";"OOS1";"Exit After X Bars";"-16.94";"103.39";"3d 7h 0m";""
"69";"XAUUSD_DukasM1_Infinox";"Buy";"2018.11.02 00:00:00";"1233.97";"0.08";"2018.11.05 08:00:00";"1231.60";"-21.28";"20323.02";"OOS1";"Exit After X Bars";"-34.44";"19.02";"3d 8h 0m";""
"70";"XAUUSD_DukasM1_Infinox";"Buy";"2018.11.09 01:00:00";"1223.64";"0.08";"2018.11.09 15:32:00";"1212.44";"-90.00";"20233.02";"OOS1";"SL";"-89.60";"0.00";"14h 32m";""
"71";"XAUUSD_DukasM1_Infinox";"Buy";"2018.11.16 01:00:00";"1213.67";"0.08";"2018.11.19 08:00:00";"1218.21";"34.03";"20267.05";"OOS1";"Exit After X Bars";"-4.82";"92.38";"3d 7h 0m";""
"72";"XAUUSD_DukasM1_Infinox";"Buy";"2018.11.23 01:00:00";"1227.05";"0.11";"2018.11.26 08:00:00";"1225.49";"-20.34";"20246.71";"OOS1";"Exit After X Bars";"-74.71";"15.82";"3d 7h 0m";""
"73";"XAUUSD_DukasM1_Infinox";"Buy";"2018.11.30 01:00:00";"1224.35";"0.11";"2018.12.03 08:00:00";"1226.70";"22.68";"20269.39";"OOS1";"Exit After X Bars";"-85.19";"27.04";"3d 7h 0m";""
"74";"XAUUSD_DukasM1_Infinox";"Buy";"2018.12.07 01:00:00";"1237.93";"0.1";"2018.12.07 21:08:00";"1249.43";"114.50";"20383.89";"OOS1";"PT";"-7.12";"115.00";"20h 8m";""
"75";"XAUUSD_DukasM1_Infinox";"Buy";"2018.12.14 01:00:00";"1241.84";"0.12";"2018.12.14 16:21:00";"1233.90";"-95.88";"20288.01";"OOS1";"SL";"-95.28";"13.30";"15h 21m";""
"76";"XAUUSD_DukasM1_Infinox";"Buy";"2018.12.21 01:00:00";"1260.18";"0.09";"2018.12.24 08:00:00";"1263.31";"25.51";"20313.53";"OOS1";"Exit After X Bars";"-55.62";"36.70";"3d 7h 0m";""
"77";"XAUUSD_DukasM1_Infinox";"Buy";"2018.12.28 01:00:00";"1275.31";"0.08";"2018.12.31 08:00:00";"1278.83";"25.78";"20339.30";"OOS1";"Exit After X Bars";"-8.84";"54.06";"3d 7h 0m";""
"78";"XAUUSD_DukasM1_Infinox";"Buy";"2019.01.04 01:00:00";"1294.09";"0.09";"2019.01.04 16:23:00";"1283.14";"-99.00";"20240.30";"OOS1";"SL";"-98.55";"40.03";"15h 23m";""
"79";"XAUUSD_DukasM1_Infinox";"Buy";"2019.01.11 01:00:00";"1286.77";"0.09";"2019.01.14 08:00:00";"1291.73";"41.94";"20282.24";"OOS1";"Exit After X Bars";"-2.12";"74.86";"3d 7h 0m";""
"80";"XAUUSD_DukasM1_Infinox";"Buy";"2019.01.18 01:00:00";"1292.27";"0.1";"2019.01.18 15:12:00";"1283.01";"-93.10";"20189.14";"OOS1";"SL";"-92.60";"1.05";"14h 12m";""
"81";"XAUUSD_DukasM1_Infinox";"Buy";"2019.01.25 01:00:00";"1280.93";"0.11";"2019.01.25 16:13:00";"1291.59";"116.71";"20305.85";"OOS1";"PT";"-10.23";"117.26";"15h 13m";""
"82";"XAUUSD_DukasM1_Infinox";"Buy";"2019.02.01 01:00:00";"1321.42";"0.1";"2019.02.04 08:00:00";"1312.64";"-90.87";"20214.98";"OOS1";"Exit After X Bars";"-92.12";"20.45";"3d 7h 0m";""
"83";"XAUUSD_DukasM1_Infinox";"Buy";"2019.02.08 01:00:00";"1310.07";"0.11";"2019.02.11 08:00:00";"1310.76";"4.24";"20219.22";"OOS1";"Exit After X Bars";"-26.09";"60.48";"3d 7h 0m";""
"84";"XAUUSD_DukasM1_Infinox";"Buy";"2019.02.15 01:00:00";"1312.47";"0.1";"2019.02.18 04:08:00";"1324.80";"120.25";"20339.47";"OOS1";"PT";"-11.42";"123.30";"3d 3h 8m";""
"85";"XAUUSD_DukasM1_Infinox";"Buy";"2019.02.22 01:00:00";"1323.70";"0.08";"2019.02.25 08:00:00";"1330.47";"51.70";"20391.17";"OOS1";"Exit After X Bars";"-17.86";"74.70";"3d 7h 0m";""
"86";"XAUUSD_DukasM1_Infinox";"Buy";"2019.03.01 01:00:00";"1313.68";"0.09";"2019.03.01 18:11:00";"1302.88";"-97.65";"20293.52";"OOS1";"SL";"-97.20";"13.12";"17h 11m";""
"87";"XAUUSD_DukasM1_Infinox";"Buy";"2019.03.08 01:00:00";"1286.14";"0.09";"2019.03.08 16:06:00";"1299.28";"117.81";"20411.33";"OOS1";"PT";"-9.11";"118.26";"15h 6m";""
"1";"XAUUSD_DukasM1_Infinox";"Buy";"2019.03.15 00:00:00";"1296.05";"0.09";"2019.03.15 16:15:00";"1305.74";"86.76";"20498.09";"OOS1";"PT";"-19.10";"87.21";"16h 15m";""
"2";"XAUUSD_DukasM1_Infinox";"Buy";"2019.03.22 00:00:00";"1309.32";"0.07";"2019.03.25 08:00:00";"1316.35";"47.08";"20545.17";"OOS1";"Exit After X Bars";"-17.79";"50.60";"3d 8h 0m";""
"3";"XAUUSD_DukasM1_Infinox";"Buy";"2019.03.29 00:00:00";"1290.16";"0.07";"2019.04.01 08:00:00";"1292.83";"16.58";"20561.75";"OOS1";"Exit After X Bars";"-24.44";"67.10";"3d 8h 0m";""
"4";"XAUUSD_DukasM1_Infinox";"Buy";"2019.04.05 01:00:00";"1292.35";"0.08";"2019.04.08 08:00:00";"1296.18";"28.23";"20589.98";"OOS1";"Exit After X Bars";"-64.20";"36.86";"3d 7h 0m";""
"5";"XAUUSD_DukasM1_Infinox";"Buy";"2019.04.12 01:00:00";"1292.38";"0.08";"2019.04.15 08:00:00";"1289.16";"-28.17";"20561.81";"OOS1";"Exit After X Bars";"-42.24";"26.62";"3d 7h 0m";""
"6";"XAUUSD_DukasM1_Infinox";"Buy";"2019.04.26 01:00:00";"1277.09";"0.09";"2019.04.26 16:44:00";"1285.85";"78.39";"20640.20";"OOS1";"PT";"-30.29";"78.84";"15h 44m";""
"7";"XAUUSD_DukasM1_Infinox";"Buy";"2019.05.03 01:00:00";"1270.73";"0.09";"2019.05.03 17:01:00";"1280.43";"86.85";"20727.05";"OOS1";"PT";"-22.16";"87.30";"16h 1m";""
"8";"XAUUSD_DukasM1_Infinox";"Buy";"2019.05.10 01:00:00";"1284.12";"0.08";"2019.05.13 08:00:00";"1283.91";"-4.08";"20722.97";"OOS1";"Exit After X Bars";"-10.42";"41.74";"3d 7h 0m";""
"9";"XAUUSD_DukasM1_Infinox";"Buy";"2019.05.17 01:00:00";"1286.87";"0.08";"2019.05.17 17:56:00";"1275.56";"-90.88";"20632.09";"OOS1";"SL";"-90.48";"15.98";"16h 56m";""
"10";"XAUUSD_DukasM1_Infinox";"Buy";"2019.05.24 01:00:00";"1283.57";"0.09";"2019.05.27 08:00:00";"1286.67";"25.20";"20657.30";"OOS1";"Exit After X Bars";"-25.88";"33.73";"3d 7h 0m";""
"11";"XAUUSD_DukasM1_Infinox";"Buy";"2019.05.31 01:00:00";"1288.25";"0.1";"2019.05.31 12:35:00";"1296.92";"86.20";"20743.50";"OOS1";"PT";"-3.72";"86.70";"11h 35m";""
"12";"XAUUSD_DukasM1_Infinox";"Buy";"2019.06.07 01:00:00";"1335.55";"0.06";"2019.06.10 08:00:00";"1328.07";"-46.74";"20696.76";"OOS1";"Exit After X Bars";"-46.29";"75.89";"3d 7h 0m";""
"13";"XAUUSD_DukasM1_Infinox";"Buy";"2019.06.14 01:00:00";"1342.28";"0.07";"2019.06.14 09:56:00";"1354.19";"83.02";"20779.78";"OOS1";"PT";"-3.30";"83.37";"8h 56m";""
"14";"XAUUSD_DukasM1_Infinox";"Buy";"2019.06.21 01:00:00";"1387.40";"0.04";"2019.06.21 05:00:00";"1405.97";"74.08";"20853.86";"OOS1";"PT";"-0.82";"74.28";"4h 0m";""
"15";"XAUUSD_DukasM1_Infinox";"Buy";"2019.06.28 01:00:00";"1409.97";"0.03";"2019.07.01 08:00:00";"1392.25";"-54.13";"20799.73";"OOS1";"Exit After X Bars";"-77.91";"43.79";"3d 7h 0m";""
"16";"XAUUSD_DukasM1_Infinox";"Buy";"2019.07.05 01:00:00";"1416.30";"0.04";"2019.07.05 16:19:00";"1393.63";"-90.88";"20708.85";"OOS1";"SL";"-90.68";"31.31";"15h 19m";""
"17";"XAUUSD_DukasM1_Infinox";"Buy";"2019.07.12 01:00:00";"1403.99";"0.04";"2019.07.15 08:00:00";"1411.32";"28.03";"20736.88";"OOS1";"Exit After X Bars";"-3.77";"62.83";"3d 7h 0m";""
"18";"XAUUSD_DukasM1_Infinox";"Buy";"2019.07.19 01:00:00";"1447.16";"0.04";"2019.07.19 18:57:00";"1424.25";"-91.84";"20645.04";"OOS1";"SL";"-91.64";"22.91";"17h 57m";""
"19";"XAUUSD_DukasM1_Infinox";"Buy";"2019.07.26 01:00:00";"1414.27";"0.05";"2019.07.29 08:00:00";"1419.90";"26.53";"20671.56";"OOS1";"Exit After X Bars";"-5.21";"52.49";"3d 7h 0m";""
"20";"XAUUSD_DukasM1_Infinox";"Buy";"2019.08.02 01:00:00";"1445.00";"0.04";"2019.08.05 08:00:00";"1452.95";"30.48";"20702.04";"OOS1";"Exit After X Bars";"-59.10";"43.62";"3d 7h 0m";""
"21";"XAUUSD_DukasM1_Infinox";"Buy";"2019.08.09 01:00:00";"1504.78";"0.03";"2019.08.12 08:00:00";"1496.66";"-25.39";"20676.65";"OOS1";"Exit After X Bars";"-30.25";"12.50";"3d 7h 0m";""
"22";"XAUUSD_DukasM1_Infinox";"Buy";"2019.08.16 01:00:00";"1523.59";"0.03";"2019.08.19 08:00:00";"1509.02";"-44.75";"20631.90";"OOS1";"Exit After X Bars";"-59.86";"13.06";"3d 7h 0m";""
"23";"XAUUSD_DukasM1_Infinox";"Buy";"2019.08.23 01:00:00";"1498.47";"0.04";"2019.08.23 17:46:00";"1516.00";"69.92";"20701.82";"OOS1";"PT";"-19.98";"70.12";"16h 46m";""
"24";"XAUUSD_DukasM1_Infinox";"Buy";"2019.08.30 01:00:00";"1527.91";"0.04";"2019.09.02 08:00:00";"1525.45";"-11.23";"20690.59";"OOS1";"Exit After X Bars";"-43.64";"24.15";"3d 7h 0m";""
"25";"XAUUSD_DukasM1_Infinox";"Buy";"2019.09.06 01:00:00";"1517.42";"0.03";"2019.09.09 08:00:00";"1509.46";"-24.92";"20665.68";"OOS1";"Exit After X Bars";"-44.80";"31.13";"3d 7h 0m";""
"26";"XAUUSD_DukasM1_Infinox";"Buy";"2019.09.13 01:00:00";"1498.91";"0.03";"2019.09.16 08:00:00";"1504.11";"14.58";"20680.25";"OOS1";"Exit After X Bars";"-39.52";"39.47";"3d 7h 0m";""
"27";"XAUUSD_DukasM1_Infinox";"Buy";"2019.09.20 01:00:00";"1499.42";"0.04";"2019.09.23 05:01:00";"1519.01";"76.99";"20757.24";"OOS1";"PT";"-6.17";"78.36";"3d 4h 1m";""
"28";"XAUUSD_DukasM1_Infinox";"Buy";"2019.09.27 01:00:00";"1504.40";"0.04";"2019.09.30 08:00:00";"1493.49";"-45.01";"20712.23";"OOS1";"Exit After X Bars";"-70.53";"11.63";"3d 7h 0m";""
"29";"XAUUSD_DukasM1_Infinox";"Buy";"2019.10.04 01:00:00";"1505.55";"0.04";"2019.10.07 08:00:00";"1505.67";"-0.89";"20711.34";"OOS1";"Exit After X Bars";"-38.49";"40.43";"3d 7h 0m";""
"30";"XAUUSD_DukasM1_Infinox";"Buy";"2019.10.11 01:00:00";"1493.93";"0.04";"2019.10.14 08:00:00";"1486.65";"-30.48";"20680.86";"OOS1";"Exit After X Bars";"-80.02";"36.74";"3d 7h 0m";""
"31";"XAUUSD_DukasM1_Infinox";"Buy";"2019.10.18 01:00:00";"1491.92";"0.05";"2019.10.21 08:00:00";"1489.48";"-13.90";"20666.96";"OOS1";"Exit After X Bars";"-35.48";"10.44";"3d 7h 0m";""
"32";"XAUUSD_DukasM1_Infinox";"Buy";"2019.10.25 01:00:00";"1503.53";"0.06";"2019.10.25 16:05:00";"1516.18";"75.60";"20742.56";"OOS1";"PT";"-16.89";"75.90";"15h 5m";""
"33";"XAUUSD_DukasM1_Infinox";"Buy";"2019.11.01 00:00:00";"1512.75";"0.06";"2019.11.04 08:00:00";"1511.38";"-10.28";"20732.28";"OOS1";"Exit After X Bars";"-57.19";"19.13";"3d 8h 0m";""
"34";"XAUUSD_DukasM1_Infinox";"Buy";"2019.11.08 01:00:00";"1467.99";"0.05";"2019.11.11 08:00:00";"1462.26";"-30.33";"20701.95";"OOS1";"Exit After X Bars";"-59.36";"24.39";"3d 7h 0m";""
"35";"XAUUSD_DukasM1_Infinox";"Buy";"2019.11.15 01:00:00";"1471.30";"0.06";"2019.11.18 08:00:00";"1465.01";"-39.76";"20662.19";"OOS1";"Exit After X Bars";"-53.67";"0.00";"3d 7h 0m";""
"36";"XAUUSD_DukasM1_Infinox";"Buy";"2019.11.22 01:00:00";"1464.24";"0.06";"2019.11.25 08:00:00";"1458.34";"-37.41";"20624.79";"OOS1";"Exit After X Bars";"-35.61";"53.69";"3d 7h 0m";""
"37";"XAUUSD_DukasM1_Infinox";"Buy";"2019.11.29 01:00:00";"1455.79";"0.09";"2019.11.29 19:26:00";"1465.49";"86.85";"20711.63";"OOS1";"PT";"-24.08";"87.30";"18h 26m";""
"38";"XAUUSD_DukasM1_Infinox";"Buy";"2019.12.06 01:00:00";"1475.78";"0.07";"2019.12.06 16:16:00";"1462.20";"-95.41";"20616.22";"OOS1";"SL";"-95.06";"28.06";"15h 16m";""
"39";"XAUUSD_DukasM1_Infinox";"Buy";"2019.12.13 01:00:00";"1467.93";"0.06";"2019.12.16 08:00:00";"1476.09";"46.95";"20663.17";"OOS1";"Exit After X Bars";"-37.69";"60.23";"3d 7h 0m";""
"40";"XAUUSD_DukasM1_Infinox";"Buy";"2019.12.20 01:00:00";"1478.88";"0.08";"2019.12.23 08:00:00";"1481.05";"14.66";"20677.83";"OOS1";"Exit After X Bars";"-24.90";"21.96";"3d 7h 0m";""
"41";"XAUUSD_DukasM1_Infinox";"Buy";"2019.12.27 01:00:00";"1511.36";"0.09";"2019.12.30 08:00:00";"1515.10";"30.57";"20708.39";"OOS1";"Exit After X Bars";"-36.65";"39.40";"3d 7h 0m";""
"42";"XAUUSD_DukasM1_Infinox";"Buy";"2020.01.03 01:00:00";"1528.77";"0.08";"2020.01.03 04:27:00";"1539.52";"85.60";"20793.99";"OOS1";"PT";"-7.38";"86.00";"3h 27m";""
"43";"XAUUSD_DukasM1_Infinox";"Buy";"2020.01.10 01:00:00";"1552.40";"0.03";"2020.01.13 08:00:00";"1555.05";"6.89";"20800.89";"OOS1";"Exit After X Bars";"-20.20";"31.82";"3d 7h 0m";""
"44";"XAUUSD_DukasM1_Infinox";"Buy";"2020.01.17 01:00:00";"1552.60";"0.05";"2020.01.20 08:00:00";"1561.71";"43.79";"20844.68";"OOS1";"Exit After X Bars";"-16.52";"47.94";"3d 7h 0m";""
"45";"XAUUSD_DukasM1_Infinox";"Buy";"2020.01.24 01:00:00";"1562.53";"0.05";"2020.01.27 01:05:00";"1577.62";"73.68";"20918.36";"OOS1";"PT";"-30.38";"98.88";"3d 0h 5m";""
"46";"XAUUSD_DukasM1_Infinox";"Buy";"2020.01.31 01:00:00";"1573.98";"0.05";"2020.01.31 23:53:00";"1590.50";"80.82";"20999.18";"OOS1";"PT";"-15.38";"82.60";"22h 53m";""
"47";"XAUUSD_DukasM1_Infinox";"Buy";"2020.02.07 01:00:00";"1566.82";"0.05";"2020.02.10 08:00:00";"1570.91";"18.68";"21017.86";"OOS1";"Exit After X Bars";"-34.73";"48.79";"3d 7h 0m";""
"48";"XAUUSD_DukasM1_Infinox";"Buy";"2020.02.14 01:00:00";"1576.04";"0.06";"2020.02.17 08:00:00";"1582.42";"36.14";"21054.00";"OOS1";"Exit After X Bars";"-18.39";"53.45";"3d 7h 0m";""
"49";"XAUUSD_DukasM1_Infinox";"Buy";"2020.02.21 01:00:00";"1619.84";"0.06";"2020.02.21 09:27:00";"1633.77";"83.28";"21137.28";"OOS1";"PT";"-5.67";"83.58";"8h 27m";""
"50";"XAUUSD_DukasM1_Infinox";"Buy";"2020.02.28 01:00:00";"1644.31";"0.02";"2020.02.28 17:05:00";"1608.74";"-71.24";"21066.04";"OOS1";"SL";"-71.14";"10.16";"16h 5m";""
"51";"XAUUSD_DukasM1_Infinox";"Buy";"2020.03.06 01:00:00";"1672.55";"0.02";"2020.03.09 08:00:00";"1663.05";"-19.75";"21046.29";"OOS1";"Exit After X Bars";"-60.84";"61.54";"3d 7h 0m";""
"52";"XAUUSD_DukasM1_Infinox";"Buy";"2020.03.13 00:00:00";"1579.43";"0.01";"2020.03.13 17:49:00";"1524.43";"-55.05";"20991.24";"OOS1";"SL";"-55.00";"18.40";"17h 49m";""
"53";"XAUUSD_DukasM1_Infinox";"Buy";"2020.03.20 00:00:00";"1470.51";"0.01";"2020.03.23 08:00:00";"1494.56";"23.71";"21014.95";"OOS1";"Exit After X Bars";"-15.61";"45.53";"3d 8h 0m";""
"54";"XAUUSD_DukasM1_Infinox";"Buy";"2020.03.27 00:00:00";"1626.86";"0.01";"2020.03.30 08:00:00";"1615.53";"-11.70";"21003.26";"OOS1";"Exit After X Bars";"-16.76";"12.60";"3d 8h 0m";""
"55";"XAUUSD_DukasM1_Infinox";"Buy";"2020.04.03 01:00:00";"1611.59";"0.02";"2020.04.06 08:00:00";"1618.08";"12.25";"21015.51";"OOS1";"Exit After X Bars";"-11.93";"27.82";"3d 7h 0m";""
"56";"XAUUSD_DukasM1_Infinox";"Buy";"2020.04.17 01:00:00";"1714.13";"0.02";"2020.04.20 02:33:00";"1674.48";"-80.07";"20935.44";"OOS1";"SL";"-79.30";"10.52";"3d 1h 33m";""
"57";"XAUUSD_DukasM1_Infinox";"Buy";"2020.04.24 01:00:00";"1729.60";"0.02";"2020.04.27 08:00:00";"1720.34";"-19.29";"20916.15";"OOS1";"Exit After X Bars";"-38.18";"13.22";"3d 7h 0m";""
"58";"XAUUSD_DukasM1_Infinox";"Buy";"2020.05.01 01:00:00";"1685.04";"0.02";"2020.05.04 08:00:00";"1697.80";"24.76";"20940.92";"OOS1";"Exit After X Bars";"-29.24";"40.06";"3d 7h 0m";""
"59";"XAUUSD_DukasM1_Infinox";"Buy";"2020.05.08 01:00:00";"1715.42";"0.03";"2020.05.11 08:00:00";"1705.29";"-31.54";"20909.38";"OOS1";"Exit After X Bars";"-45.91";"23.18";"3d 7h 0m";""
"60";"XAUUSD_DukasM1_Infinox";"Buy";"2020.05.15 01:00:00";"1729.45";"0.03";"2020.05.18 02:26:00";"1752.55";"68.14";"20977.52";"OOS1";"PT";"-3.07";"69.30";"3d 1h 26m";""
"61";"XAUUSD_DukasM1_Infinox";"Buy";"2020.05.22 01:00:00";"1725.72";"0.03";"2020.05.25 08:00:00";"1726.72";"1.84";"20979.36";"OOS1";"Exit After X Bars";"-4.33";"42.70";"3d 7h 0m";""
"62";"XAUUSD_DukasM1_Infinox";"Buy";"2020.05.29 01:00:00";"1716.81";"0.04";"2020.05.29 21:52:00";"1737.68";"83.28";"21062.64";"OOS1";"PT";"-17.53";"83.48";"20h 52m";""
"63";"XAUUSD_DukasM1_Infinox";"Buy";"2020.06.05 01:00:00";"1713.26";"0.03";"2020.06.05 15:41:00";"1684.76";"-85.65";"20976.99";"OOS1";"SL";"-85.50";"8.18";"14h 41m";""
"64";"XAUUSD_DukasM1_Infinox";"Buy";"2020.06.12 01:00:00";"1727.09";"0.03";"2020.06.15 08:00:00";"1728.42";"2.83";"20979.82";"OOS1";"Exit After X Bars";"-14.86";"47.57";"3d 7h 0m";""
"65";"XAUUSD_DukasM1_Infinox";"Buy";"2020.06.19 01:00:00";"1718.88";"0.03";"2020.06.19 18:14:00";"1741.44";"67.53";"21047.35";"OOS1";"PT";"-0.61";"67.68";"17h 14m";""
"66";"XAUUSD_DukasM1_Infinox";"Buy";"2020.06.26 01:00:00";"1763.46";"0.03";"2020.06.29 08:00:00";"1773.87";"30.05";"21077.40";"OOS1";"Exit After X Bars";"-48.28";"36.86";"3d 7h 0m";""
"67";"XAUUSD_DukasM1_Infinox";"Buy";"2020.07.03 01:00:00";"1775.46";"0.04";"2020.07.06 12:00:00";"1776.63";"3.10";"21080.50";"OOS1";"Exit After X Bars";"-22.57";"9.35";"3d 11h 0m";""
"68";"XAUUSD_DukasM1_Infinox";"Buy";"2020.07.10 01:00:00";"1801.46";"0.04";"2020.07.13 08:00:00";"1804.32";"9.84";"21090.34";"OOS1";"Exit After X Bars";"-30.10";"36.14";"3d 7h 0m";""
"69";"XAUUSD_DukasM1_Infinox";"Buy";"2020.07.17 01:00:00";"1796.66";"0.05";"2020.07.20 08:00:00";"1808.85";"58.95";"21149.29";"OOS1";"Exit After X Bars";"-5.26";"76.09";"3d 7h 0m";""
"70";"XAUUSD_DukasM1_Infinox";"Buy";"2020.07.24 01:00:00";"1885.43";"0.03";"2020.07.27 02:23:00";"1911.51";"76.99";"21226.29";"OOS1";"PT";"-12.49";"78.24";"3d 1h 23m";""
"71";"XAUUSD_DukasM1_Infinox";"Buy";"2020.07.31 01:00:00";"1956.52";"0.02";"2020.08.03 08:00:00";"1973.58";"33.26";"21259.54";"OOS1";"Exit After X Bars";"-3.22";"65.26";"3d 7h 0m";""
"72";"XAUUSD_DukasM1_Infinox";"Buy";"2020.08.07 01:00:00";"2063.55";"0.02";"2020.08.07 17:07:00";"2024.13";"-78.94";"21180.60";"OOS1";"SL";"-78.84";"22.50";"16h 7m";""
"73";"XAUUSD_DukasM1_Infinox";"Buy";"2020.08.14 01:00:00";"1953.33";"0.01";"2020.08.17 08:00:00";"1943.14";"-10.62";"21169.98";"OOS1";"Exit After X Bars";"-23.98";"8.74";"3d 7h 0m";""
"74";"XAUUSD_DukasM1_Infinox";"Buy";"2020.08.21 01:00:00";"1946.94";"0.01";"2020.08.24 08:00:00";"1933.14";"-14.23";"21155.76";"OOS1";"Exit After X Bars";"-35.70";"8.82";"3d 7h 0m";""
"75";"XAUUSD_DukasM1_Infinox";"Buy";"2020.08.28 01:00:00";"1928.92";"0.02";"2020.08.28 18:38:00";"1972.30";"86.66";"21242.42";"OOS1";"PT";"-11.26";"86.76";"17h 38m";""
"76";"XAUUSD_DukasM1_Infinox";"Buy";"2020.09.04 01:00:00";"1931.16";"0.02";"2020.09.07 08:00:00";"1935.02";"6.87";"21249.28";"OOS1";"Exit After X Bars";"-29.92";"32.99";"3d 7h 0m";""
"77";"XAUUSD_DukasM1_Infinox";"Buy";"2020.09.11 01:00:00";"1944.88";"0.02";"2020.09.14 08:00:00";"1946.36";"2.10";"21251.39";"OOS1";"Exit After X Bars";"-15.74";"19.56";"3d 7h 0m";""
"78";"XAUUSD_DukasM1_Infinox";"Buy";"2020.09.18 01:00:00";"1943.85";"0.03";"2020.09.21 08:00:00";"1953.21";"26.80";"21278.18";"OOS1";"Exit After X Bars";"-4.39";"48.14";"3d 7h 0m";""
"79";"XAUUSD_DukasM1_Infinox";"Buy";"2020.09.25 01:00:00";"1867.85";"0.02";"2020.09.28 08:00:00";"1861.41";"-13.71";"21264.48";"OOS1";"Exit After X Bars";"-31.10";"14.45";"3d 7h 0m";""
"80";"XAUUSD_DukasM1_Infinox";"Buy";"2020.10.02 01:00:00";"1905.18";"0.03";"2020.10.05 08:00:00";"1892.93";"-38.01";"21226.47";"OOS1";"Exit After X Bars";"-46.63";"35.38";"3d 7h 0m";""
"81";"XAUUSD_DukasM1_Infinox";"Buy";"2020.10.09 01:00:00";"1893.74";"0.03";"2020.10.09 15:54:00";"1920.18";"79.17";"21305.64";"OOS1";"PT";"-1.09";"79.32";"14h 54m";""
"82";"XAUUSD_DukasM1_Infinox";"Buy";"2020.10.16 01:00:00";"1908.41";"0.03";"2020.10.19 08:00:00";"1902.66";"-18.51";"21287.12";"OOS1";"Exit After X Bars";"-34.60";"16.19";"3d 7h 0m";""
"83";"XAUUSD_DukasM1_Infinox";"Buy";"2020.10.23 01:00:00";"1903.84";"0.03";"2020.10.26 08:00:00";"1896.76";"-22.50";"21264.62";"OOS1";"Exit After X Bars";"-38.11";"30.80";"3d 7h 0m";""
"84";"XAUUSD_DukasM1_Infinox";"Buy";"2020.10.30 00:00:00";"1866.10";"0.03";"2020.10.30 14:57:00";"1888.10";"65.85";"21330.47";"OOS1";"PT";"-5.53";"66.00";"14h 57m";""
"85";"XAUUSD_DukasM1_Infinox";"Buy";"2020.11.06 01:00:00";"1948.58";"0.02";"2020.11.09 08:00:00";"1961.69";"25.36";"21355.84";"OOS1";"Exit After X Bars";"-26.22";"33.67";"3d 7h 0m";""
"86";"XAUUSD_DukasM1_Infinox";"Buy";"2020.11.13 01:00:00";"1877.13";"0.02";"2020.11.16 08:00:00";"1891.85";"28.61";"21384.45";"OOS1";"Exit After X Bars";"-6.30";"43.60";"3d 7h 0m";""
"87";"XAUUSD_DukasM1_Infinox";"Buy";"2020.11.20 01:00:00";"1865.87";"0.03";"2020.11.23 08:00:00";"1873.64";"22.07";"21406.52";"OOS1";"Exit After X Bars";"-14.89";"41.24";"3d 7h 0m";""
"1";"XAUUSD_DukasM1_Infinox";"Buy";"2020.11.27 01:00:00";"1809.66";"0.04";"2020.11.27 15:32:00";"1786.09";"-94.48";"21312.04";"OOS1";"SL";"-94.28";"16.47";"14h 32m";""
"2";"XAUUSD_DukasM1_Infinox";"Buy";"2020.12.04 01:00:00";"1840.46";"0.03";"2020.12.07 04:00:00";"1837.41";"-10.37";"21301.66";"OOS1";"Exit After X Bars";"-34.42";"22.88";"3d 3h 0m";""
"3";"XAUUSD_DukasM1_Infinox";"Buy";"2020.12.11 01:00:00";"1836.15";"0.03";"2020.12.14 04:00:00";"1835.25";"-3.92";"21297.74";"OOS1";"Exit After X Bars";"-36.92";"34.49";"3d 3h 0m";""
"4";"XAUUSD_DukasM1_Infinox";"Buy";"2020.12.18 01:00:00";"1885.40";"0.03";"2020.12.21 04:00:00";"1896.53";"32.14";"21329.88";"OOS1";"Exit After X Bars";"-24.38";"41.74";"3d 3h 0m";""
"5";"XAUUSD_DukasM1_Infinox";"Buy";"2021.01.08 01:00:00";"1914.03";"0.03";"2021.01.08 10:00:00";"1882.39";"-95.07";"21234.81";"OOS1";"SL";"-94.92";"9.91";"9h 0m";""
"6";"XAUUSD_DukasM1_Infinox";"Buy";"2021.01.15 01:00:00";"1845.40";"0.02";"2021.01.18 01:35:00";"1809.60";"-72.42";"21162.39";"OOS1";"SL";"-71.60";"22.90";"3d 0h 35m";""
"7";"XAUUSD_DukasM1_Infinox";"Buy";"2021.01.22 01:00:00";"1869.39";"0.03";"2021.01.22 15:00:00";"1840.39";"-87.15";"21075.24";"OOS1";"SL";"-87.00";"3.64";"14h 0m";""
"8";"XAUUSD_DukasM1_Infinox";"Buy";"2021.01.29 01:00:00";"1842.74";"0.03";"2021.01.29 15:15:00";"1869.09";"78.90";"21154.14";"OOS1";"PT";"-9.97";"79.05";"14h 15m";""
"9";"XAUUSD_DukasM1_Infinox";"Buy";"2021.02.05 01:00:00";"1794.22";"0.03";"2021.02.08 04:00:00";"1815.31";"62.07";"21216.22";"OOS1";"Exit After X Bars";"-6.94";"73.75";"3d 3h 0m";""
"10";"XAUUSD_DukasM1_Infinox";"Buy";"2021.02.12 01:00:00";"1824.58";"0.03";"2021.02.15 04:00:00";"1826.83";"5.54";"21221.75";"OOS1";"Exit After X Bars";"-42.56";"18.10";"3d 3h 0m";""
"11";"XAUUSD_DukasM1_Infinox";"Buy";"2021.02.19 01:00:00";"1775.79";"0.03";"2021.02.22 04:00:00";"1786.58";"31.18";"21252.94";"OOS1";"Exit After X Bars";"-46.05";"46.84";"3d 3h 0m";""
"12";"XAUUSD_DukasM1_Infinox";"Buy";"2021.02.26 01:00:00";"1770.33";"0.03";"2021.02.26 17:03:00";"1740.41";"-89.91";"21163.03";"OOS1";"SL";"-89.76";"15.82";"16h 3m";""
"13";"XAUUSD_DukasM1_Infinox";"Buy";"2021.03.05 01:00:00";"1697.86";"0.02";"2021.03.08 04:00:00";"1713.08";"29.68";"21192.71";"OOS1";"Exit After X Bars";"-21.44";"32.04";"3d 3h 0m";""
"14";"XAUUSD_DukasM1_Infinox";"Buy";"2021.03.12 01:00:00";"1722.00";"0.03";"2021.03.15 04:00:00";"1729.43";"21.14";"21213.84";"OOS1";"Exit After X Bars";"-68.77";"35.81";"3d 3h 0m";""
"15";"XAUUSD_DukasM1_Infinox";"Buy";"2021.03.19 00:00:00";"1735.84";"0.03";"2021.03.22 04:00:00";"1735.28";"-2.84";"21211.00";"OOS1";"Exit After X Bars";"-22.35";"33.26";"3d 4h 0m";""
"16";"XAUUSD_DukasM1_Infinox";"Buy";"2021.03.26 00:00:00";"1726.30";"0.04";"2021.03.29 04:00:00";"1731.07";"17.54";"21228.54";"OOS1";"Exit After X Bars";"-19.21";"41.39";"3d 4h 0m";""
"17";"XAUUSD_DukasM1_Infinox";"Buy";"2021.04.09 01:00:00";"1755.44";"0.05";"2021.04.09 15:49:00";"1735.90";"-97.95";"21130.59";"OOS1";"SL";"-97.70";"8.99";"14h 49m";""
"18";"XAUUSD_DukasM1_Infinox";"Buy";"2021.04.16 01:00:00";"1763.04";"0.04";"2021.04.16 15:13:00";"1782.33";"76.96";"21207.55";"OOS1";"PT";"-13.69";"77.16";"14h 13m";""
"19";"XAUUSD_DukasM1_Infinox";"Buy";"2021.04.23 01:00:00";"1783.36";"0.04";"2021.04.26 04:00:00";"1778.27";"-21.95";"21185.60";"OOS1";"Exit After X Bars";"-53.98";"49.99";"3d 3h 0m";""
"20";"XAUUSD_DukasM1_Infinox";"Buy";"2021.04.30 01:00:00";"1772.08";"0.04";"2021.05.03 04:00:00";"1770.77";"-6.82";"21178.78";"OOS1";"Exit After X Bars";"-31.89";"6.03";"3d 3h 0m";""
"21";"XAUUSD_DukasM1_Infinox";"Buy";"2021.05.07 01:00:00";"1814.76";"0.04";"2021.05.07 15:34:00";"1834.77";"79.84";"21258.62";"OOS1";"PT";"-8.05";"80.04";"14h 34m";""
"22";"XAUUSD_DukasM1_Infinox";"Buy";"2021.05.14 01:00:00";"1826.55";"0.04";"2021.05.17 04:00:00";"1843.89";"67.74";"21326.36";"OOS1";"Exit After X Bars";"-27.94";"85.82";"3d 3h 0m";""
"23";"XAUUSD_DukasM1_Infinox";"Buy";"2021.05.21 01:00:00";"1877.46";"0.03";"2021.05.24 04:00:00";"1880.78";"8.72";"21335.08";"OOS1";"Exit After X Bars";"-22.39";"35.30";"3d 3h 0m";""
"24";"XAUUSD_DukasM1_Infinox";"Buy";"2021.05.28 01:00:00";"1896.24";"0.04";"2021.05.31 04:00:00";"1904.71";"32.21";"21367.28";"OOS1";"Exit After X Bars";"-56.42";"38.23";"3d 3h 0m";""
"25";"XAUUSD_DukasM1_Infinox";"Buy";"2021.06.04 01:00:00";"1870.21";"0.04";"2021.06.04 16:48:00";"1890.05";"79.16";"21446.44";"OOS1";"PT";"-59.58";"79.36";"15h 48m";""
"26";"XAUUSD_DukasM1_Infinox";"Buy";"2021.06.11 01:00:00";"1897.98";"0.04";"2021.06.11 18:20:00";"1876.42";"-86.44";"21360.00";"OOS1";"SL";"-86.24";"19.87";"17h 20m";""
"27";"XAUUSD_DukasM1_Infinox";"Buy";"2021.06.18 01:00:00";"1772.63";"0.03";"2021.06.21 04:00:00";"1773.05";"0.08";"21360.08";"OOS1";"Exit After X Bars";"-35.59";"73.30";"3d 3h 0m";""
"28";"XAUUSD_DukasM1_Infinox";"Buy";"2021.06.25 01:00:00";"1774.97";"0.03";"2021.06.28 04:00:00";"1780.30";"14.80";"21374.88";"OOS1";"Exit After X Bars";"-4.15";"45.89";"3d 3h 0m";""
"29";"XAUUSD_DukasM1_Infinox";"Buy";"2021.07.02 01:00:00";"1775.54";"0.04";"2021.07.05 04:00:00";"1785.77";"39.34";"21414.22";"OOS1";"Exit After X Bars";"-5.73";"77.55";"3d 3h 0m";""
"30";"XAUUSD_DukasM1_Infinox";"Buy";"2021.07.09 01:00:00";"1802.14";"0.04";"2021.07.12 04:00:00";"1808.74";"24.80";"21439.02";"OOS1";"Exit After X Bars";"-22.33";"40.63";"3d 3h 0m";""
"31";"XAUUSD_DukasM1_Infinox";"Buy";"2021.07.16 01:00:00";"1828.84";"0.04";"2021.07.19 04:00:00";"1814.70";"-58.18";"21380.84";"OOS1";"Exit After X Bars";"-79.89";"12.43";"3d 3h 0m";""
"32";"XAUUSD_DukasM1_Infinox";"Buy";"2021.07.23 01:00:00";"1806.39";"0.04";"2021.07.26 04:00:00";"1799.23";"-30.24";"21350.59";"OOS1";"Exit After X Bars";"-67.93";"15.31";"3d 3h 0m";""
"33";"XAUUSD_DukasM1_Infinox";"Buy";"2021.07.30 01:00:00";"1827.37";"0.05";"2021.08.02 04:00:00";"1816.37";"-57.03";"21293.57";"OOS1";"Exit After X Bars";"-86.16";"19.39";"3d 3h 0m";""
"34";"XAUUSD_DukasM1_Infinox";"Buy";"2021.08.06 01:00:00";"1804.07";"0.05";"2021.08.06 15:41:00";"1785.77";"-91.75";"21201.82";"OOS1";"SL";"-91.50";"3.14";"14h 41m";""
"35";"XAUUSD_DukasM1_Infinox";"Buy";"2021.08.13 01:00:00";"1752.12";"0.03";"2021.08.13 18:34:00";"1775.70";"70.59";"21272.41";"OOS1";"PT";"-1.66";"70.74";"17h 34m";""
"36";"XAUUSD_DukasM1_Infinox";"Buy";"2021.08.20 01:00:00";"1779.12";"0.04";"2021.08.23 04:00:00";"1778.97";"-2.18";"21270.22";"OOS1";"Exit After X Bars";"-8.05";"36.64";"3d 3h 0m";""
"37";"XAUUSD_DukasM1_Infinox";"Buy";"2021.08.27 01:00:00";"1791.96";"0.05";"2021.08.27 18:45:00";"1809.80";"88.95";"21359.18";"OOS1";"PT";"-40.81";"89.20";"17h 45m";""
"38";"XAUUSD_DukasM1_Infinox";"Buy";"2021.09.03 01:00:00";"1809.21";"0.05";"2021.09.03 15:31:00";"1825.32";"80.30";"21439.47";"OOS1";"PT";"-2.21";"80.55";"14h 31m";""
"39";"XAUUSD_DukasM1_Infinox";"Buy";"2021.09.10 01:00:00";"1794.01";"0.05";"2021.09.13 04:00:00";"1786.98";"-37.14";"21402.33";"OOS1";"Exit After X Bars";"-40.41";"48.72";"3d 3h 0m";""
"40";"XAUUSD_DukasM1_Infinox";"Buy";"2021.09.17 01:00:00";"1753.45";"0.04";"2021.09.20 04:00:00";"1752.32";"-6.08";"21396.25";"OOS1";"Exit After X Bars";"-24.77";"55.87";"3d 3h 0m";""
"41";"XAUUSD_DukasM1_Infinox";"Buy";"2021.09.24 01:00:00";"1742.77";"0.04";"2021.09.27 04:00:00";"1753.84";"42.72";"21438.97";"OOS1";"Exit After X Bars";"-9.73";"59.15";"3d 3h 0m";""
"42";"XAUUSD_DukasM1_Infinox";"Buy";"2021.10.01 01:00:00";"1756.77";"0.04";"2021.10.04 04:00:00";"1764.02";"27.43";"21466.40";"OOS1";"Exit After X Bars";"-28.46";"35.15";"3d 3h 0m";""
"43";"XAUUSD_DukasM1_Infinox";"Buy";"2021.10.08 01:00:00";"1755.46";"0.04";"2021.10.08 15:40:00";"1775.42";"79.64";"21546.04";"OOS1";"PT";"-8.89";"79.84";"14h 40m";""
"44";"XAUUSD_DukasM1_Infinox";"Buy";"2021.10.15 01:00:00";"1795.40";"0.04";"2021.10.15 15:17:00";"1773.60";"-87.40";"21458.64";"OOS1";"SL";"-87.20";"3.91";"14h 17m";""
"45";"XAUUSD_DukasM1_Infinox";"Buy";"2021.10.22 01:00:00";"1782.45";"0.04";"2021.10.22 15:41:00";"1801.23";"74.92";"21533.56";"OOS1";"PT";"-0.81";"75.12";"14h 41m";""
"46";"XAUUSD_DukasM1_Infinox";"Buy";"2021.10.29 01:00:00";"1799.27";"0.04";"2021.10.29 15:51:00";"1777.74";"-86.32";"21447.24";"OOS1";"SL";"-86.12";"7.19";"14h 51m";""
"47";"XAUUSD_DukasM1_Infinox";"Buy";"2021.11.05 00:00:00";"1791.40";"0.04";"2021.11.05 17:40:00";"1810.70";"77.00";"21524.24";"OOS1";"PT";"-26.02";"77.20";"17h 40m";""
"48";"XAUUSD_DukasM1_Infinox";"Buy";"2021.11.12 01:00:00";"1861.26";"0.04";"2021.11.15 04:00:00";"1860.30";"-5.49";"21518.76";"OOS1";"Exit After X Bars";"-64.69";"32.42";"3d 3h 0m";""
"49";"XAUUSD_DukasM1_Infinox";"Buy";"2021.11.19 01:00:00";"1858.24";"0.04";"2021.11.22 04:00:00";"1845.67";"-51.92";"21466.83";"OOS1";"Exit After X Bars";"-78.37";"29.71";"3d 3h 0m";""
"50";"XAUUSD_DukasM1_Infinox";"Buy";"2021.11.26 01:18:00";"1791.00";"0.04";"2021.11.26 12:55:00";"1810.50";"77.80";"21544.63";"OOS1";"PT";"-4.45";"78.00";"11h 37m";""
"51";"XAUUSD_DukasM1_Infinox";"Buy";"2021.12.03 01:00:00";"1768.41";"0.03";"2021.12.06 04:00:00";"1785.99";"51.56";"21596.19";"OOS1";"Exit After X Bars";"-7.17";"54.13";"3d 3h 0m";""
"52";"XAUUSD_DukasM1_Infinox";"Buy";"2021.12.10 01:00:00";"1774.87";"0.05";"2021.12.13 04:00:00";"1786.61";"56.72";"21652.91";"OOS1";"Exit After X Bars";"-24.51";"72.64";"3d 3h 0m";""
"53";"XAUUSD_DukasM1_Infinox";"Buy";"2021.12.17 01:00:00";"1798.75";"0.05";"2021.12.20 04:00:00";"1800.89";"8.70";"21661.62";"OOS1";"Exit After X Bars";"-14.96";"76.99";"3d 3h 0m";""
"54";"XAUUSD_DukasM1_Infinox";"Buy";"2021.12.31 01:00:00";"1814.60";"0.06";"2021.12.31 22:51:00";"1829.75";"90.60";"21752.22";"OOS1";"PT";"-2.89";"90.90";"21h 51m";""
"55";"XAUUSD_DukasM1_Infinox";"Buy";"2022.01.07 01:00:00";"1790.74";"0.04";"2022.01.10 04:00:00";"1794.78";"14.57";"21766.78";"OOS1";"Exit After X Bars";"-32.98";"31.10";"3d 3h 0m";""
"56";"XAUUSD_DukasM1_Infinox";"Buy";"2022.01.14 01:00:00";"1822.44";"0.05";"2022.01.17 04:00:00";"1816.00";"-34.22";"21732.56";"OOS1";"Exit After X Bars";"-47.20";"33.04";"3d 3h 0m";""
"57";"XAUUSD_DukasM1_Infinox";"Buy";"2022.01.21 01:00:00";"1838.70";"0.05";"2022.01.24 04:00:00";"1835.95";"-15.79";"21716.78";"OOS1";"Exit After X Bars";"-51.58";"22.04";"3d 3h 0m";""
"58";"XAUUSD_DukasM1_Infinox";"Buy";"2022.01.28 01:00:00";"1796.44";"0.04";"2022.01.31 04:00:00";"1790.04";"-27.20";"21689.58";"OOS1";"Exit After X Bars";"-65.13";"11.47";"3d 3h 0m";""
"59";"XAUUSD_DukasM1_Infinox";"Buy";"2022.02.04 01:00:00";"1804.01";"0.05";"2022.02.07 04:00:00";"1810.15";"28.70";"21718.27";"OOS1";"Exit After X Bars";"-59.96";"55.99";"3d 3h 0m";""
"60";"XAUUSD_DukasM1_Infinox";"Buy";"2022.02.11 01:00:00";"1826.62";"0.05";"2022.02.11 20:32:00";"1843.46";"83.95";"21802.22";"OOS1";"PT";"-28.91";"84.20";"19h 32m";""
"61";"XAUUSD_DukasM1_Infinox";"Buy";"2022.02.18 01:00:00";"1898.32";"0.04";"2022.02.21 04:00:00";"1895.49";"-13.00";"21789.23";"OOS1";"Exit After X Bars";"-47.37";"39.35";"3d 3h 0m";""
"62";"XAUUSD_DukasM1_Infinox";"Buy";"2022.02.25 01:00:00";"1903.92";"0.02";"2022.02.28 04:00:00";"1913.13";"17.58";"21806.81";"OOS1";"Exit After X Bars";"-42.18";"54.06";"3d 3h 0m";""
"63";"XAUUSD_DukasM1_Infinox";"Buy";"2022.03.04 01:00:00";"1935.64";"0.02";"2022.03.04 21:40:00";"1969.54";"67.70";"21874.51";"OOS1";"PT";"-12.28";"67.80";"20h 40m";""
"64";"XAUUSD_DukasM1_Infinox";"Buy";"2022.03.11 01:00:00";"1995.14";"0.01";"2022.03.14 04:00:00";"1974.01";"-21.57";"21852.94";"OOS1";"Exit After X Bars";"-36.70";"3.68";"3d 3h 0m";""
"65";"XAUUSD_DukasM1_Infinox";"Buy";"2022.03.18 00:00:00";"1942.99";"0.02";"2022.03.21 04:00:00";"1927.90";"-31.04";"21821.90";"OOS1";"Exit After X Bars";"-50.38";"4.43";"3d 4h 0m";""
"66";"XAUUSD_DukasM1_Infinox";"Buy";"2022.03.25 00:00:00";"1957.13";"0.03";"2022.03.28 04:00:00";"1957.47";"-0.27";"21821.63";"OOS1";"Exit After X Bars";"-42.40";"21.07";"3d 4h 0m";""
"67";"XAUUSD_DukasM1_Infinox";"Buy";"2022.04.01 01:00:00";"1936.35";"0.03";"2022.04.04 04:00:00";"1925.42";"-34.07";"21787.56";"OOS1";"Exit After X Bars";"-55.33";"9.02";"3d 3h 0m";""
"68";"XAUUSD_DukasM1_Infinox";"Buy";"2022.04.08 01:00:00";"1931.56";"0.03";"2022.04.11 04:00:00";"1945.10";"39.34";"21826.91";"OOS1";"Exit After X Bars";"-12.04";"54.83";"3d 3h 0m";""
"69";"XAUUSD_DukasM1_Infinox";"Buy";"2022.04.22 01:00:00";"1951.24";"0.03";"2022.04.25 04:00:00";"1927.66";"-72.03";"21754.88";"OOS1";"Exit After X Bars";"-75.40";"12.73";"3d 3h 0m";""
"70";"XAUUSD_DukasM1_Infinox";"Buy";"2022.04.29 01:00:00";"1894.34";"0.03";"2022.04.29 14:54:00";"1919.83";"76.32";"21831.20";"OOS1";"PT";"-5.62";"76.47";"13h 54m";""
"71";"XAUUSD_DukasM1_Infinox";"Buy";"2022.05.06 01:00:00";"1876.23";"0.03";"2022.05.09 04:00:00";"1881.05";"13.22";"21844.41";"OOS1";"Exit After X Bars";"-30.69";"48.43";"3d 3h 0m";""
"72";"XAUUSD_DukasM1_Infinox";"Buy";"2022.05.13 01:00:00";"1822.82";"0.03";"2022.05.16 04:00:00";"1815.63";"-22.78";"21821.63";"OOS1";"Exit After X Bars";"-71.56";"17.57";"3d 3h 0m";""
"73";"XAUUSD_DukasM1_Infinox";"Buy";"2022.05.20 01:00:00";"1840.54";"0.03";"2022.05.23 04:00:00";"1852.29";"34.03";"21855.66";"OOS1";"Exit After X Bars";"-25.09";"51.95";"3d 3h 0m";""
"74";"XAUUSD_DukasM1_Infinox";"Buy";"2022.05.27 01:00:00";"1850.53";"0.04";"2022.05.30 04:00:00";"1850.16";"-3.12";"21852.54";"OOS1";"Exit After X Bars";"-10.81";"45.23";"3d 3h 0m";""
"75";"XAUUSD_DukasM1_Infinox";"Buy";"2022.06.03 01:00:00";"1868.03";"0.04";"2022.06.06 04:00:00";"1850.73";"-70.85";"21781.68";"OOS1";"Exit After X Bars";"-83.03";"23.73";"3d 3h 0m";""
"76";"XAUUSD_DukasM1_Infinox";"Buy";"2022.06.10 01:00:00";"1847.54";"0.05";"2022.06.10 15:30:00";"1828.81";"-93.90";"21687.78";"OOS1";"SL";"-93.65";"2.97";"14h 30m";""
"77";"XAUUSD_DukasM1_Infinox";"Buy";"2022.06.17 01:00:00";"1856.86";"0.03";"2022.06.20 04:00:00";"1839.60";"-53.01";"21634.77";"OOS1";"Exit After X Bars";"-69.44";"1.13";"3d 3h 0m";""
"78";"XAUUSD_DukasM1_Infinox";"Buy";"2022.06.24 01:00:00";"1822.61";"0.04";"2022.06.27 04:00:00";"1828.86";"23.38";"21658.15";"OOS1";"Exit After X Bars";"-22.85";"67.01";"3d 3h 0m";""
"79";"XAUUSD_DukasM1_Infinox";"Buy";"2022.07.01 01:00:00";"1806.81";"0.04";"2022.07.04 04:00:00";"1808.02";"3.23";"21661.39";"OOS1";"Exit After X Bars";"-89.65";"21.44";"3d 3h 0m";""
"80";"XAUUSD_DukasM1_Infinox";"Buy";"2022.07.08 01:00:00";"1740.06";"0.04";"2022.07.11 04:00:00";"1741.41";"3.85";"21665.23";"OOS1";"Exit After X Bars";"-28.56";"49.31";"3d 3h 0m";""
"81";"XAUUSD_DukasM1_Infinox";"Buy";"2022.07.15 01:00:00";"1710.01";"0.03";"2022.07.18 04:00:00";"1708.30";"-6.28";"21658.96";"OOS1";"Exit After X Bars";"-33.19";"19.52";"3d 3h 0m";""
"82";"XAUUSD_DukasM1_Infinox";"Buy";"2022.07.22 01:00:00";"1718.19";"0.03";"2022.07.25 04:00:00";"1720.40";"5.48";"21664.44";"OOS1";"Exit After X Bars";"-16.40";"63.19";"3d 3h 0m";""
"83";"XAUUSD_DukasM1_Infinox";"Buy";"2022.07.29 01:00:00";"1755.18";"0.04";"2022.08.01 04:00:00";"1762.59";"28.07";"21692.51";"OOS1";"Exit After X Bars";"-13.01";"50.42";"3d 3h 0m";""
"84";"XAUUSD_DukasM1_Infinox";"Buy";"2022.08.05 01:00:00";"1790.82";"0.03";"2022.08.05 16:10:00";"1765.55";"-75.96";"21616.55";"OOS1";"SL";"-75.81";"11.83";"15h 10m";""
"1";"XAUUSD_DukasM1_Infinox";"Buy";"2022.08.12 01:00:00";"1789.37";"0.06";"2022.08.15 08:00:00";"1794.29";"27.13";"21643.68";"OOS1";"Exit After X Bars";"-27.43";"79.07";"3d 7h 0m";""
"2";"XAUUSD_DukasM1_Infinox";"Buy";"2022.08.19 01:00:00";"1758.44";"0.07";"2022.08.22 07:54:00";"1744.12";"-102.98";"21540.70";"OOS1";"SL";"-100.24";"5.66";"3d 6h 54m";""
"3";"XAUUSD_DukasM1_Infinox";"Buy";"2022.08.26 01:00:00";"1758.68";"0.07";"2022.08.26 14:32:00";"1744.75";"-97.86";"21442.84";"OOS1";"SL";"-97.51";"0.62";"13h 32m";""
"4";"XAUUSD_DukasM1_Infinox";"Buy";"2022.09.02 01:00:00";"1696.81";"0.06";"2022.09.02 17:41:00";"1716.07";"115.26";"21558.10";"OOS1";"PT";"-11.65";"115.56";"16h 41m";""
"5";"XAUUSD_DukasM1_Infinox";"Buy";"2022.09.09 01:00:00";"1708.57";"0.06";"2022.09.09 10:24:00";"1728.61";"119.94";"21678.04";"OOS1";"PT";"-2.02";"120.24";"9h 24m";""
"6";"XAUUSD_DukasM1_Infinox";"Buy";"2022.09.16 01:00:00";"1664.91";"0.05";"2022.09.19 08:00:00";"1668.34";"15.28";"21693.32";"OOS1";"Exit After X Bars";"-54.31";"76.68";"3d 7h 0m";""
"7";"XAUUSD_DukasM1_Infinox";"Buy";"2022.09.23 01:00:00";"1671.42";"0.05";"2022.09.23 13:45:00";"1651.48";"-99.95";"21593.37";"OOS1";"SL";"-99.70";"22.09";"12h 45m";""
"8";"XAUUSD_DukasM1_Infinox";"Buy";"2022.09.30 01:00:00";"1661.25";"0.04";"2022.10.03 08:00:00";"1662.10";"1.91";"21595.28";"OOS1";"Exit After X Bars";"-8.37";"56.06";"3d 7h 0m";""
"9";"XAUUSD_DukasM1_Infinox";"Buy";"2022.10.07 01:00:00";"1712.55";"0.05";"2022.10.07 15:50:00";"1693.49";"-95.55";"21499.73";"OOS1";"SL";"-95.30";"10.87";"14h 50m";""
"10";"XAUUSD_DukasM1_Infinox";"Buy";"2022.10.14 01:00:00";"1665.53";"0.04";"2022.10.14 19:00:00";"1644.37";"-84.84";"21414.89";"OOS1";"SL";"-84.64";"24.50";"18h 0m";""
"11";"XAUUSD_DukasM1_Infinox";"Buy";"2022.10.21 01:00:00";"1627.61";"0.05";"2022.10.21 19:00:00";"1650.91";"116.25";"21531.14";"OOS1";"PT";"-52.72";"116.50";"18h 0m";""
"12";"XAUUSD_DukasM1_Infinox";"Buy";"2022.10.28 01:00:00";"1662.16";"0.05";"2022.10.28 15:27:00";"1644.68";"-87.65";"21443.49";"OOS1";"SL";"-87.40";"23.49";"14h 27m";""
"13";"XAUUSD_DukasM1_Infinox";"Buy";"2022.11.04 00:00:00";"1628.75";"0.05";"2022.11.04 11:16:00";"1650.56";"108.80";"21552.29";"OOS1";"PT";"-1.76";"109.05";"11h 16m";""
"14";"XAUUSD_DukasM1_Infinox";"Buy";"2022.11.11 01:00:00";"1754.27";"0.04";"2022.11.14 08:00:00";"1758.24";"14.32";"21566.60";"OOS1";"Exit After X Bars";"-28.65";"72.71";"3d 7h 0m";""
"15";"XAUUSD_DukasM1_Infinox";"Buy";"2022.11.18 01:00:00";"1760.34";"0.05";"2022.11.21 08:00:00";"1746.55";"-70.91";"21495.69";"OOS1";"Exit After X Bars";"-83.42";"36.19";"3d 7h 0m";""
"16";"XAUUSD_DukasM1_Infinox";"Buy";"2022.11.25 01:00:00";"1755.00";"0.07";"2022.11.28 08:00:00";"1749.32";"-42.50";"21453.19";"OOS1";"Exit After X Bars";"-64.06";"41.71";"3d 7h 0m";""
"17";"XAUUSD_DukasM1_Infinox";"Buy";"2022.12.02 01:00:00";"1802.40";"0.05";"2022.12.02 15:31:00";"1784.77";"-88.40";"21364.79";"OOS1";"SL";"-88.15";"9.49";"14h 31m";""
"18";"XAUUSD_DukasM1_Infinox";"Buy";"2022.12.09 01:00:00";"1788.83";"0.06";"2022.12.12 08:00:00";"1786.66";"-15.41";"21349.38";"OOS1";"Exit After X Bars";"-21.13";"103.01";"3d 7h 0m";""
"19";"XAUUSD_DukasM1_Infinox";"Buy";"2022.12.16 01:00:00";"1776.55";"0.05";"2022.12.19 08:00:00";"1790.65";"68.52";"21417.91";"OOS1";"Exit After X Bars";"-11.73";"101.18";"3d 7h 0m";""
"20";"XAUUSD_DukasM1_Infinox";"Buy";"2022.12.23 01:00:00";"1792.63";"0.06";"2022.12.27 08:00:00";"1805.71";"74.00";"21491.91";"OOS1";"Exit After X Bars";"-9.39";"88.35";"4d 7h 0m";""
"21";"XAUUSD_DukasM1_Infinox";"Buy";"2022.12.30 01:00:00";"1814.25";"0.06";"2023.01.03 04:39:00";"1833.38";"110.25";"21602.15";"OOS1";"PT";"-6.45";"114.78";"4d 3h 39m";""
"22";"XAUUSD_DukasM1_Infinox";"Buy";"2023.01.06 01:00:00";"1830.24";"0.05";"2023.01.06 17:03:00";"1853.42";"115.65";"21717.80";"OOS1";"PT";"-1.04";"115.90";"16h 3m";""
"23";"XAUUSD_DukasM1_Infinox";"Buy";"2023.01.13 01:00:00";"1895.50";"0.05";"2023.01.13 20:16:00";"1919.20";"118.25";"21836.05";"OOS1";"PT";"-16.48";"118.50";"19h 16m";""
"24";"XAUUSD_DukasM1_Infinox";"Buy";"2023.01.20 01:00:00";"1931.94";"0.05";"2023.01.23 08:00:00";"1926.08";"-31.43";"21804.63";"OOS1";"Exit After X Bars";"-57.16";"27.48";"3d 7h 0m";""
"25";"XAUUSD_DukasM1_Infinox";"Buy";"2023.01.27 01:00:00";"1928.60";"0.05";"2023.01.30 08:00:00";"1931.25";"11.12";"21815.75";"OOS1";"Exit After X Bars";"-60.38";"31.59";"3d 7h 0m";""
"26";"XAUUSD_DukasM1_Infinox";"Buy";"2023.02.03 01:00:00";"1911.81";"0.04";"2023.02.03 15:37:00";"1891.30";"-82.24";"21733.51";"OOS1";"SL";"-82.04";"26.70";"14h 37m";""
"27";"XAUUSD_DukasM1_Infinox";"Buy";"2023.02.10 01:00:00";"1861.84";"0.04";"2023.02.13 08:00:00";"1859.52";"-10.93";"21722.58";"OOS1";"Exit After X Bars";"-37.01";"40.78";"3d 7h 0m";""
"28";"XAUUSD_DukasM1_Infinox";"Buy";"2023.02.17 01:00:00";"1836.46";"0.05";"2023.02.20 08:00:00";"1844.29";"37.12";"21759.70";"OOS1";"Exit After X Bars";"-88.28";"41.42";"3d 7h 0m";""
"29";"XAUUSD_DukasM1_Infinox";"Buy";"2023.02.24 01:00:00";"1821.64";"0.06";"2023.02.27 05:41:00";"1806.66";"-92.31";"21667.39";"OOS1";"SL";"-89.88";"36.45";"3d 4h 41m";""
"30";"XAUUSD_DukasM1_Infinox";"Buy";"2023.03.03 01:00:00";"1835.85";"0.07";"2023.03.03 21:57:00";"1853.10";"120.40";"21787.79";"OOS1";"PT";"-3.12";"120.75";"20h 57m";""
"31";"XAUUSD_DukasM1_Infinox";"Buy";"2023.03.10 01:00:00";"1830.63";"0.07";"2023.03.10 16:23:00";"1847.16";"115.36";"21903.15";"OOS1";"PT";"-20.68";"115.71";"15h 23m";""
"32";"XAUUSD_DukasM1_Infinox";"Buy";"2023.03.17 00:00:00";"1920.97";"0.04";"2023.03.17 15:18:00";"1950.92";"119.60";"22022.75";"OOS1";"PT";"-11.34";"119.80";"15h 18m";""
"33";"XAUUSD_DukasM1_Infinox";"Buy";"2023.03.24 00:00:00";"1993.40";"0.03";"2023.03.27 08:00:00";"1973.57";"-60.80";"21961.95";"OOS1";"Exit After X Bars";"-72.89";"28.34";"3d 8h 0m";""
"34";"XAUUSD_DukasM1_Infinox";"Buy";"2023.03.31 01:00:00";"1980.08";"0.05";"2023.04.03 01:13:00";"1960.56";"-99.77";"21862.17";"OOS1";"SL";"-97.60";"37.03";"3d 0h 13m";""
"35";"XAUUSD_DukasM1_Infinox";"Buy";"2023.04.14 01:00:00";"2039.65";"0.04";"2023.04.14 15:46:00";"2018.94";"-83.04";"21779.13";"OOS1";"SL";"-82.84";"30.74";"14h 46m";""
"36";"XAUUSD_DukasM1_Infinox";"Buy";"2023.04.21 01:00:00";"2004.62";"0.04";"2023.04.21 09:32:00";"1984.22";"-81.80";"21697.33";"OOS1";"SL";"-81.60";"3.50";"8h 32m";""
"37";"XAUUSD_DukasM1_Infinox";"Buy";"2023.04.28 01:00:00";"1987.60";"0.05";"2023.05.01 08:00:00";"1984.05";"-19.93";"21677.40";"OOS1";"Exit After X Bars";"-58.48";"36.58";"3d 7h 0m";""
"38";"XAUUSD_DukasM1_Infinox";"Buy";"2023.05.05 01:00:00";"2049.84";"0.04";"2023.05.05 15:30:00";"2025.52";"-97.48";"21579.92";"OOS1";"SL";"-97.28";"12.34";"14h 30m";""
"39";"XAUUSD_DukasM1_Infinox";"Buy";"2023.05.12 01:00:00";"2014.85";"0.04";"2023.05.15 08:00:00";"2014.08";"-4.85";"21575.07";"OOS1";"Exit After X Bars";"-56.10";"30.58";"3d 7h 0m";""
"40";"XAUUSD_DukasM1_Infinox";"Buy";"2023.05.19 01:00:00";"1956.62";"0.05";"2023.05.19 18:33:00";"1978.52";"109.25";"21684.32";"OOS1";"PT";"-13.57";"109.50";"17h 33m";""
"41";"XAUUSD_DukasM1_Infinox";"Buy";"2023.05.26 01:00:00";"1940.04";"0.05";"2023.05.29 08:00:00";"1945.69";"26.11";"21710.44";"OOS1";"Exit After X Bars";"-16.93";"85.87";"3d 7h 0m";""
"42";"XAUUSD_DukasM1_Infinox";"Buy";"2023.06.02 01:00:00";"1977.00";"0.06";"2023.06.02 19:07:00";"1960.30";"-100.50";"21609.94";"OOS1";"SL";"-100.20";"37.89";"18h 7m";""
"43";"XAUUSD_DukasM1_Infinox";"Buy";"2023.06.09 01:00:00";"1965.50";"0.06";"2023.06.12 08:00:00";"1956.85";"-54.49";"21555.45";"OOS1";"Exit After X Bars";"-67.89";"44.57";"3d 7h 0m";""
"44";"XAUUSD_DukasM1_Infinox";"Buy";"2023.06.16 01:00:00";"1957.21";"0.05";"2023.06.19 08:00:00";"1956.88";"-3.80";"21551.64";"OOS1";"Exit After X Bars";"-20.23";"53.08";"3d 7h 0m";""
"45";"XAUUSD_DukasM1_Infinox";"Buy";"2023.06.23 01:00:00";"1913.70";"0.07";"2023.06.23 16:14:00";"1931.81";"126.42";"21678.06";"OOS1";"PT";"-25.44";"126.77";"15h 14m";""
"46";"XAUUSD_DukasM1_Infinox";"Buy";"2023.06.30 01:00:00";"1907.90";"0.06";"2023.07.03 08:00:00";"1919.87";"69.29";"21747.36";"OOS1";"Exit After X Bars";"-44.61";"88.37";"3d 7h 0m";""
"47";"XAUUSD_DukasM1_Infinox";"Buy";"2023.07.07 01:00:00";"1910.43";"0.07";"2023.07.07 17:18:00";"1928.07";"123.13";"21870.49";"OOS1";"PT";"-7.15";"123.48";"16h 18m";""
"48";"XAUUSD_DukasM1_Infinox";"Buy";"2023.07.14 01:00:00";"1960.03";"0.07";"2023.07.17 08:00:00";"1953.48";"-48.87";"21821.62";"OOS1";"Exit After X Bars";"-64.36";"24.89";"3d 7h 0m";""
"49";"XAUUSD_DukasM1_Infinox";"Buy";"2023.07.21 01:00:00";"1969.42";"0.07";"2023.07.24 08:00:00";"1960.45";"-65.82";"21755.80";"OOS1";"Exit After X Bars";"-89.19";"30.00";"3d 7h 0m";""
"50";"XAUUSD_DukasM1_Infinox";"Buy";"2023.07.28 01:00:00";"1945.92";"0.06";"2023.07.31 08:00:00";"1954.30";"47.71";"21803.51";"OOS1";"Exit After X Bars";"-3.63";"104.72";"3d 7h 0m";""
"51";"XAUUSD_DukasM1_Infinox";"Buy";"2023.08.04 01:00:00";"1933.84";"0.07";"2023.08.07 08:00:00";"1938.67";"30.83";"21834.34";"OOS1";"Exit After X Bars";"-62.59";"90.71";"3d 7h 0m";""
"52";"XAUUSD_DukasM1_Infinox";"Buy";"2023.08.11 01:00:00";"1912.31";"0.07";"2023.08.14 08:00:00";"1912.27";"-3.23";"21831.10";"OOS1";"Exit After X Bars";"-16.56";"59.53";"3d 7h 0m";""
"53";"XAUUSD_DukasM1_Infinox";"Buy";"2023.08.18 01:00:00";"1889.28";"0.08";"2023.08.21 08:00:00";"1892.36";"21.30";"21852.40";"OOS1";"Exit After X Bars";"-36.20";"59.18";"3d 7h 0m";""
"54";"XAUUSD_DukasM1_Infinox";"Buy";"2023.08.25 01:00:00";"1916.40";"0.08";"2023.08.25 17:57:00";"1904.36";"-96.72";"21755.68";"OOS1";"SL";"-96.32";"46.92";"16h 57m";""
"55";"XAUUSD_DukasM1_Infinox";"Buy";"2023.09.01 01:00:00";"1939.10";"0.09";"2023.09.01 15:31:00";"1952.37";"118.98";"21874.66";"OOS1";"PT";"-8.95";"119.43";"14h 31m";""
"56";"XAUUSD_DukasM1_Infinox";"Buy";"2023.09.08 01:00:00";"1919.21";"0.1";"2023.09.11 08:00:00";"1926.37";"67.37";"21942.03";"OOS1";"Exit After X Bars";"-26.26";"103.85";"3d 7h 0m";""
"57";"XAUUSD_DukasM1_Infinox";"Buy";"2023.09.15 01:00:00";"1910.27";"0.09";"2023.09.15 16:24:00";"1923.74";"120.78";"22062.81";"OOS1";"PT";"-4.91";"121.23";"15h 24m";""
"58";"XAUUSD_DukasM1_Infinox";"Buy";"2023.09.22 01:00:00";"1919.40";"0.08";"2023.09.25 08:00:00";"1922.99";"25.33";"22088.15";"OOS1";"Exit After X Bars";"-2.92";"76.92";"3d 7h 0m";""
"59";"XAUUSD_DukasM1_Infinox";"Buy";"2023.09.29 01:00:00";"1865.19";"0.08";"2023.09.29 18:38:00";"1853.15";"-96.72";"21991.43";"OOS1";"SL";"-96.32";"116.60";"17h 38m";""
"60";"XAUUSD_DukasM1_Infinox";"Buy";"2023.10.06 01:00:00";"1820.28";"0.07";"2023.10.09 01:05:00";"1837.96";"120.93";"22112.36";"OOS1";"PT";"-69.94";"246.09";"3d 0h 5m";""
"61";"XAUUSD_DukasM1_Infinox";"Buy";"2023.10.13 01:00:00";"1868.92";"0.07";"2023.10.13 12:26:00";"1885.84";"118.09";"22230.45";"OOS1";"PT";"-1.44";"118.44";"11h 26m";""
"62";"XAUUSD_DukasM1_Infinox";"Buy";"2023.10.20 01:00:00";"1974.62";"0.05";"2023.10.23 08:00:00";"1973.65";"-7.02";"22223.43";"OOS1";"Exit After X Bars";"-51.73";"112.58";"3d 7h 0m";""
"63";"XAUUSD_DukasM1_Infinox";"Buy";"2023.10.27 01:00:00";"1984.69";"0.05";"2023.10.30 08:00:00";"1999.46";"71.67";"22295.10";"OOS1";"Exit After X Bars";"-39.67";"123.53";"3d 7h 0m";""
"64";"XAUUSD_DukasM1_Infinox";"Buy";"2023.11.03 00:00:00";"1984.96";"0.06";"2023.11.06 08:00:00";"1983.76";"-9.82";"22285.28";"OOS1";"Exit After X Bars";"-18.69";"114.05";"3d 8h 0m";""
"65";"XAUUSD_DukasM1_Infinox";"Buy";"2023.11.10 01:00:00";"1958.30";"0.06";"2023.11.10 14:43:00";"1943.61";"-88.44";"22196.84";"OOS1";"SL";"-88.14";"14.37";"13h 43m";""
"66";"XAUUSD_DukasM1_Infinox";"Buy";"2023.11.17 01:00:00";"1980.44";"0.06";"2023.11.20 08:00:00";"1980.53";"-2.07";"22194.77";"OOS1";"Exit After X Bars";"-43.05";"77.37";"3d 7h 0m";""
"67";"XAUUSD_DukasM1_Infinox";"Buy";"2023.11.24 01:00:00";"1991.90";"0.07";"2023.11.27 03:18:00";"2008.69";"114.47";"22309.24";"OOS1";"PT";"-3.93";"117.53";"3d 2h 18m";""
"68";"XAUUSD_DukasM1_Infinox";"Buy";"2023.12.01 01:00:00";"2036.42";"0.07";"2023.12.01 18:04:00";"2054.48";"126.07";"22435.31";"OOS1";"PT";"-18.31";"126.42";"17h 4m";""
"69";"XAUUSD_DukasM1_Infinox";"Buy";"2023.12.08 01:00:00";"2028.23";"0.04";"2023.12.08 16:18:00";"2007.46";"-83.28";"22352.03";"OOS1";"SL";"-83.08";"22.58";"15h 18m";""
"70";"XAUUSD_DukasM1_Infinox";"Buy";"2023.12.15 01:00:00";"2036.56";"0.04";"2023.12.15 21:31:00";"2016.06";"-82.20";"22269.83";"OOS1";"SL";"-82.00";"33.02";"20h 31m";""
"71";"XAUUSD_DukasM1_Infinox";"Buy";"2023.12.22 01:00:00";"2048.61";"0.06";"2023.12.22 15:53:00";"2069.03";"122.22";"22392.05";"OOS1";"PT";"-12.01";"122.52";"14h 53m";""
"72";"XAUUSD_DukasM1_Infinox";"Buy";"2023.12.29 01:00:00";"2065.90";"0.06";"2024.01.02 08:00:00";"2074.42";"46.00";"22438.05";"OOS1";"Exit After X Bars";"-46.77";"53.07";"4d 7h 0m";""
"73";"XAUUSD_DukasM1_Infinox";"Buy";"2024.01.05 01:00:00";"2043.42";"0.06";"2024.01.05 15:31:00";"2026.79";"-100.08";"22337.97";"OOS1";"SL";"-99.78";"28.41";"14h 31m";""
"74";"XAUUSD_DukasM1_Infinox";"Buy";"2024.01.12 01:00:00";"2027.91";"0.05";"2024.01.12 14:08:00";"2052.26";"121.50";"22459.47";"OOS1";"PT";"-1.01";"121.75";"13h 8m";""
"75";"XAUUSD_DukasM1_Infinox";"Buy";"2024.01.19 01:00:00";"2023.99";"0.05";"2024.01.22 08:00:00";"2023.07";"-6.82";"22452.65";"OOS1";"Exit After X Bars";"-18.33";"76.44";"3d 7h 0m";""
"76";"XAUUSD_DukasM1_Infinox";"Buy";"2024.01.26 01:00:00";"2020.05";"0.06";"2024.01.29 08:00:00";"2025.38";"29.32";"22481.97";"OOS1";"Exit After X Bars";"-25.23";"50.00";"3d 7h 0m";""
"77";"XAUUSD_DukasM1_Infinox";"Buy";"2024.02.02 01:00:00";"2053.99";"0.05";"2024.02.02 15:37:00";"2036.63";"-87.05";"22394.92";"OOS1";"SL";"-86.80";"17.77";"14h 37m";""
"78";"XAUUSD_DukasM1_Infinox";"Buy";"2024.02.09 01:00:00";"2034.08";"0.06";"2024.02.12 08:00:00";"2023.67";"-65.13";"22329.79";"OOS1";"Exit After X Bars";"-83.31";"17.87";"3d 7h 0m";""
"79";"XAUUSD_DukasM1_Infinox";"Buy";"2024.02.16 01:00:00";"2003.80";"0.07";"2024.02.19 04:36:00";"2020.74";"115.50";"22445.29";"OOS1";"PT";"-61.70";"118.58";"3d 3h 36m";""
"80";"XAUUSD_DukasM1_Infinox";"Buy";"2024.02.23 01:00:00";"2023.82";"0.08";"2024.02.23 19:00:00";"2038.58";"117.68";"22562.97";"OOS1";"PT";"-62.92";"118.08";"18h 0m";""
"81";"XAUUSD_DukasM1_Infinox";"Buy";"2024.03.01 01:00:00";"2043.37";"0.08";"2024.03.01 17:15:00";"2058.77";"122.80";"22685.77";"OOS1";"PT";"-35.64";"123.20";"16h 15m";""
"82";"XAUUSD_DukasM1_Infinox";"Buy";"2024.03.08 01:00:00";"2159.30";"0.05";"2024.03.08 15:32:00";"2182.82";"117.35";"22803.12";"OOS1";"PT";"-27.02";"117.60";"14h 32m";""
"83";"XAUUSD_DukasM1_Infinox";"Buy";"2024.03.15 00:00:00";"2161.54";"0.05";"2024.03.18 08:00:00";"2146.96";"-75.25";"22727.87";"OOS1";"Exit After X Bars";"-77.78";"55.38";"3d 8h 0m";""
"84";"XAUUSD_DukasM1_Infinox";"Buy";"2024.03.22 00:00:00";"2181.49";"0.04";"2024.03.22 19:22:00";"2160.83";"-82.84";"22645.03";"OOS1";"SL";"-82.64";"17.90";"19h 22m";""
"85";"XAUUSD_DukasM1_Infinox";"Buy";"2024.04.05 01:00:00";"2290.33";"0.03";"2024.04.05 17:46:00";"2323.68";"99.90";"22744.93";"OOS1";"PT";"-68.17";"100.05";"16h 46m";""
"86";"XAUUSD_DukasM1_Infinox";"Buy";"2024.04.12 01:00:00";"2371.70";"0.03";"2024.04.12 17:13:00";"2412.44";"122.07";"22867.00";"OOS1";"PT";"-2.93";"122.22";"16h 13m";""
"1";"XAUUSD_DukasM1_Infinox";"Buy";"2024.04.19 01:00:00";"2378.10";"0.04";"2024.04.22 04:00:00";"2381.94";"13.31";"22880.31";"OOS1";"Exit After X Bars";"-21.18";"158.58";"3d 3h 0m";""
"2";"XAUUSD_DukasM1_Infinox";"Buy";"2024.04.26 01:00:00";"2331.88";"0.04";"2024.04.29 04:00:00";"2331.94";"-1.77";"22878.54";"OOS1";"Exit After X Bars";"-22.86";"82.15";"3d 3h 0m";""
"3";"XAUUSD_DukasM1_Infinox";"Buy";"2024.05.03 01:00:00";"2303.29";"0.05";"2024.05.03 16:33:00";"2284.89";"-92.25";"22786.29";"OOS1";"SL";"-92.00";"86.29";"15h 33m";""
"4";"XAUUSD_DukasM1_Infinox";"Buy";"2024.05.10 01:00:00";"2345.59";"0.05";"2024.05.10 13:34:00";"2377.65";"160.05";"22946.34";"OOS1";"PT";"-13.13";"160.30";"12h 34m";""
"5";"XAUUSD_DukasM1_Infinox";"Buy";"2024.05.17 01:00:00";"2376.30";"0.06";"2024.05.17 16:19:00";"2404.77";"170.52";"23116.86";"OOS1";"PT";"-15.07";"170.82";"15h 19m";""
"6";"XAUUSD_DukasM1_Infinox";"Buy";"2024.05.24 01:00:00";"2328.01";"0.05";"2024.05.27 04:00:00";"2335.98";"37.34";"23154.19";"OOS1";"Exit After X Bars";"-13.73";"96.58";"3d 3h 0m";""
"7";"XAUUSD_DukasM1_Infinox";"Buy";"2024.05.31 01:00:00";"2344.91";"0.06";"2024.05.31 18:14:00";"2330.24";"-88.32";"23065.87";"OOS1";"SL";"-88.02";"88.13";"17h 14m";""
"8";"XAUUSD_DukasM1_Infinox";"Buy";"2024.06.07 01:00:00";"2375.17";"0.06";"2024.06.07 11:04:00";"2359.27";"-95.70";"22970.17";"OOS1";"SL";"-95.40";"74.55";"10h 4m";""
"9";"XAUUSD_DukasM1_Infinox";"Buy";"2024.06.14 01:00:00";"2303.23";"0.05";"2024.06.17 04:00:00";"2326.22";"112.46";"23082.63";"OOS1";"Exit After X Bars";"-9.07";"166.73";"3d 3h 0m";""
"10";"XAUUSD_DukasM1_Infinox";"Buy";"2024.06.21 01:00:00";"2359.50";"0.07";"2024.06.21 16:45:00";"2345.33";"-99.54";"22983.10";"OOS1";"SL";"-99.19";"63.41";"15h 45m";""
"11";"XAUUSD_DukasM1_Infinox";"Buy";"2024.06.28 01:00:00";"2327.31";"0.07";"2024.07.01 04:00:00";"2324.69";"-21.86";"22961.24";"OOS1";"Exit After X Bars";"-58.83";"86.28";"3d 3h 0m";""
"12";"XAUUSD_DukasM1_Infinox";"Buy";"2024.07.05 01:00:00";"2356.82";"0.08";"2024.07.05 16:11:00";"2378.25";"171.04";"23132.28";"OOS1";"PT";"-74.44";"171.44";"15h 11m";""
"13";"XAUUSD_DukasM1_Infinox";"Buy";"2024.07.12 01:00:00";"2415.50";"0.06";"2024.07.12 10:27:00";"2400.79";"-88.56";"23043.72";"OOS1";"SL";"-88.26";"3.99";"9h 27m";""
"14";"XAUUSD_DukasM1_Infinox";"Buy";"2024.07.19 01:00:00";"2444.84";"0.06";"2024.07.19 03:17:00";"2428.35";"-99.24";"22944.48";"OOS1";"SL";"-98.94";"5.19";"2h 17m";""
"15";"XAUUSD_DukasM1_Infinox";"Buy";"2024.07.26 01:00:00";"2363.77";"0.05";"2024.07.29 01:14:00";"2396.52";"161.20";"23105.68";"OOS1";"PT";"-40.21";"163.75";"3d 0h 14m";""
"16";"XAUUSD_DukasM1_Infinox";"Buy";"2024.08.02 01:00:00";"2445.87";"0.05";"2024.08.02 18:07:00";"2428.12";"-89.00";"23016.68";"OOS1";"SL";"-88.75";"158.12";"17h 7m";""
"17";"XAUUSD_DukasM1_Infinox";"Buy";"2024.08.09 01:00:00";"2427.05";"0.04";"2024.08.12 04:00:00";"2428.25";"2.71";"23019.39";"OOS1";"Exit After X Bars";"-40.94";"39.34";"3d 3h 0m";""
"18";"XAUUSD_DukasM1_Infinox";"Buy";"2024.08.16 01:00:00";"2456.59";"0.05";"2024.08.16 15:59:00";"2491.59";"174.75";"23194.14";"OOS1";"PT";"-30.13";"175.00";"14h 59m";""
"19";"XAUUSD_DukasM1_Infinox";"Buy";"2024.08.23 01:00:00";"2484.39";"0.05";"2024.08.23 17:10:00";"2517.06";"163.10";"23357.24";"OOS1";"PT";"-1.02";"163.35";"16h 10m";""
"20";"XAUUSD_DukasM1_Infinox";"Buy";"2024.08.30 01:00:00";"2520.63";"0.06";"2024.08.30 18:05:00";"2505.42";"-91.56";"23265.68";"OOS1";"SL";"-91.26";"36.57";"17h 5m";""
"21";"XAUUSD_DukasM1_Infinox";"Buy";"2024.09.06 01:00:00";"2516.25";"0.06";"2024.09.06 17:30:00";"2501.25";"-90.30";"23175.38";"OOS1";"SL";"-90.00";"77.25";"16h 30m";""
"22";"XAUUSD_DukasM1_Infinox";"Buy";"2024.09.13 01:00:00";"2557.90";"0.06";"2024.09.16 04:00:00";"2581.22";"136.64";"23312.02";"OOS1";"Exit After X Bars";"-8.17";"168.39";"3d 3h 0m";""
"23";"XAUUSD_DukasM1_Infinox";"Buy";"2024.09.20 01:00:00";"2586.05";"0.05";"2024.09.20 15:26:00";"2618.54";"162.20";"23474.22";"OOS1";"PT";"-6.98";"162.45";"14h 26m";""
"24";"XAUUSD_DukasM1_Infinox";"Buy";"2024.09.27 01:00:00";"2671.47";"0.06";"2024.09.27 17:48:00";"2655.08";"-98.64";"23375.58";"OOS1";"SL";"-98.34";"15.98";"16h 48m";""
"25";"XAUUSD_DukasM1_Infinox";"Buy";"2024.10.04 01:00:00";"2655.08";"0.06";"2024.10.04 15:31:00";"2638.73";"-98.40";"23277.18";"OOS1";"SL";"-98.10";"75.57";"14h 31m";""
"26";"XAUUSD_DukasM1_Infinox";"Buy";"2024.10.11 01:00:00";"2629.30";"0.05";"2024.10.14 04:00:00";"2646.52";"83.29";"23360.47";"OOS1";"Exit After X Bars";"-6.53";"159.79";"3d 3h 0m";""
"27";"XAUUSD_DukasM1_Infinox";"Buy";"2024.10.18 01:00:00";"2692.20";"0.06";"2024.10.18 21:47:00";"2720.08";"166.98";"23527.45";"OOS1";"PT";"-3.21";"167.28";"20h 47m";""
"28";"XAUUSD_DukasM1_Infinox";"Buy";"2024.10.25 01:00:00";"2735.52";"0.06";"2024.10.25 11:25:00";"2720.64";"-89.58";"23437.87";"OOS1";"SL";"-89.28";"2.43";"10h 25m";""
"29";"XAUUSD_DukasM1_Infinox";"Buy";"2024.11.01 00:00:00";"2744.15";"0.06";"2024.11.04 04:00:00";"2739.73";"-30.02";"23407.85";"OOS1";"Exit After X Bars";"-84.90";"107.39";"3d 4h 0m";""
"30";"XAUUSD_DukasM1_Infinox";"Buy";"2024.11.08 01:00:00";"2705.99";"0.04";"2024.11.08 09:02:00";"2684.11";"-87.72";"23320.13";"OOS1";"SL";"-87.52";"16.98";"8h 2m";""
"31";"XAUUSD_DukasM1_Infinox";"Buy";"2024.11.15 01:00:00";"2564.10";"0.04";"2024.11.18 04:00:00";"2586.80";"88.61";"23408.74";"OOS1";"Exit After X Bars";"-39.06";"132.22";"3d 3h 0m";""
"32";"XAUUSD_DukasM1_Infinox";"Buy";"2024.11.22 01:00:00";"2668.90";"0.05";"2024.11.22 11:35:00";"2701.12";"160.85";"23569.59";"OOS1";"PT";"-4.93";"161.10";"10h 35m";""
"33";"XAUUSD_DukasM1_Infinox";"Buy";"2024.11.29 01:00:00";"2637.71";"0.05";"2024.12.02 04:00:00";"2635.72";"-12.76";"23556.82";"OOS1";"Exit After X Bars";"-74.72";"142.43";"3d 3h 0m";""
"34";"XAUUSD_DukasM1_Infinox";"Buy";"2024.12.06 01:00:00";"2631.70";"0.05";"2024.12.06 03:10:00";"2614.54";"-86.05";"23470.77";"OOS1";"SL";"-85.80";"10.13";"2h 10m";""
"35";"XAUUSD_DukasM1_Infinox";"Buy";"2024.12.13 01:00:00";"2679.98";"0.05";"2024.12.13 15:47:00";"2661.05";"-94.90";"23375.88";"OOS1";"SL";"-94.65";"63.08";"14h 47m";""
"36";"XAUUSD_DukasM1_Infinox";"Buy";"2024.12.20 01:00:00";"2593.70";"0.05";"2024.12.20 17:55:00";"2629.89";"180.70";"23556.57";"OOS1";"PT";"-21.13";"180.95";"16h 55m";""
"37";"XAUUSD_DukasM1_Infinox";"Buy";"2024.12.27 01:05:00";"2632.65";"0.07";"2024.12.27 15:34:00";"2618.62";"-98.56";"23458.02";"OOS1";"SL";"-98.21";"38.19";"14h 29m";""
"38";"XAUUSD_DukasM1_Infinox";"Buy";"2025.01.03 01:00:00";"2657.45";"0.07";"2025.01.03 15:40:00";"2643.42";"-98.56";"23359.46";"OOS1";"SL";"-98.21";"54.15";"14h 40m";""
"39";"XAUUSD_DukasM1_Infinox";"Buy";"2025.01.10 01:00:00";"2670.46";"0.06";"2025.01.10 17:33:00";"2697.22";"160.26";"23519.71";"OOS1";"PT";"-43.53";"160.56";"16h 33m";""
"40";"XAUUSD_DukasM1_Infinox";"Buy";"2025.01.17 01:00:00";"2714.27";"0.06";"2025.01.17 23:11:00";"2699.37";"-92.87";"23426.85";"OOS1";"SL";"-89.40";"18.63";"22h 11m";""
"41";"XAUUSD_DukasM1_Infinox";"Buy";"2025.01.24 01:00:00";"2754.15";"0.06";"2025.01.24 15:13:00";"2781.74";"165.24";"23592.09";"OOS1";"PT";"-5.79";"165.54";"14h 13m";""
"42";"XAUUSD_DukasM1_Infinox";"Buy";"2025.01.31 01:01:00";"2793.35";"0.07";"2025.02.03 03:56:00";"2779.11";"-103.83";"23488.26";"OOS1";"SL";"-99.68";"165.10";"3d 2h 55m";""
"43";"XAUUSD_DukasM1_Infinox";"Buy";"2025.02.07 01:00:00";"2855.50";"0.05";"2025.02.10 04:00:00";"2871.65";"77.72";"23565.98";"OOS1";"Exit After X Bars";"-17.08";"155.53";"3d 3h 0m";""
"44";"XAUUSD_DukasM1_Infinox";"Buy";"2025.02.14 01:00:00";"2926.94";"0.04";"2025.02.14 17:22:00";"2905.87";"-84.48";"23481.50";"OOS1";"SL";"-84.28";"51.98";"16h 22m";""
"45";"XAUUSD_DukasM1_Infinox";"Buy";"2025.02.21 01:00:00";"2938.37";"0.05";"2025.02.21 10:21:00";"2919.32";"-95.50";"23386.00";"OOS1";"SL";"-95.25";"55.88";"9h 21m";""
"46";"XAUUSD_DukasM1_Infinox";"Buy";"2025.02.28 01:00:00";"2876.50";"0.04";"2025.02.28 10:17:00";"2854.60";"-87.80";"23298.20";"OOS1";"SL";"-87.60";"33.70";"9h 17m";""
"47";"XAUUSD_DukasM1_Infinox";"Buy";"2025.03.07 01:00:00";"2911.10";"0.04";"2025.03.10 04:00:00";"2912.04";"1.30";"23299.50";"OOS1";"Exit After X Bars";"-61.61";"76.34";"3d 3h 0m";""
"48";"XAUUSD_DukasM1_Infinox";"Buy";"2025.03.14 00:00:00";"2988.90";"0.05";"2025.03.17 04:00:00";"2990.58";"5.25";"23304.74";"OOS1";"Exit After X Bars";"-54.08";"79.13";"3d 4h 0m";""
"49";"XAUUSD_DukasM1_Infinox";"Buy";"2025.03.21 00:00:00";"3044.13";"0.05";"2025.03.21 07:26:00";"3026.63";"-87.75";"23216.99";"OOS1";"SL";"-87.50";"15.68";"7h 26m";""
"50";"XAUUSD_DukasM1_Infinox";"Buy";"2025.03.28 00:00:00";"3055.70";"0.05";"2025.03.31 01:05:00";"3087.51";"155.83";"23372.82";"OOS1";"PT";"-9.13";"186.47";"3d 1h 5m";""
"51";"XAUUSD_DukasM1_Infinox";"Buy";"2025.04.04 01:00:00";"3114.20";"0.03";"2025.04.04 11:33:00";"3081.42";"-98.49";"23274.33";"OOS1";"SL";"-98.34";"6.77";"10h 33m";""
"52";"XAUUSD_DukasM1_Infinox";"Buy";"2025.04.11 01:00:00";"3174.70";"0.02";"2025.04.14 04:00:00";"3220.52";"90.31";"23364.64";"OOS1";"Exit After X Bars";"-0.49";"140.65";"3d 3h 0m";""
"53";"XAUUSD_DukasM1_Infinox";"Buy";"2025.04.25 01:00:00";"3351.09";"0.02";"2025.04.25 08:46:00";"3304.50";"-93.28";"23271.36";"OOS1";"SL";"-93.18";"37.95";"7h 46m";""
"54";"XAUUSD_DukasM1_Infinox";"Buy";"2025.05.02 01:00:00";"3238.59";"0.02";"2025.05.05 04:00:00";"3246.39";"14.24";"23285.60";"OOS1";"Exit After X Bars";"-32.39";"60.43";"3d 3h 0m";""
"55";"XAUUSD_DukasM1_Infinox";"Buy";"2025.05.09 01:00:00";"3304.24";"0.02";"2025.05.12 04:00:00";"3278.85";"-52.16";"23233.43";"OOS1";"Exit After X Bars";"-77.51";"86.25";"3d 3h 0m";""
"56";"XAUUSD_DukasM1_Infinox";"Buy";"2025.05.16 01:00:00";"3240.06";"0.02";"2025.05.16 11:13:00";"3200.81";"-78.60";"23154.83";"OOS1";"SL";"-78.50";"23.49";"10h 13m";""
"57";"XAUUSD_DukasM1_Infinox";"Buy";"2025.05.23 01:00:00";"3294.50";"0.02";"2025.05.23 15:37:00";"3358.66";"128.22";"23283.05";"OOS1";"PT";"-15.47";"128.32";"14h 37m";""
"58";"XAUUSD_DukasM1_Infinox";"Buy";"2025.05.30 01:00:00";"3317.39";"0.03";"2025.05.30 15:10:00";"3285.92";"-94.56";"23188.49";"OOS1";"SL";"-94.41";"15.17";"14h 10m";""
"59";"XAUUSD_DukasM1_Infinox";"Buy";"2025.06.06 01:00:00";"3353.95";"0.03";"2025.06.06 17:18:00";"3325.50";"-85.50";"23102.99";"OOS1";"SL";"-85.35";"64.19";"16h 18m";""
"60";"XAUUSD_DukasM1_Infinox";"Buy";"2025.06.13 01:00:00";"3385.71";"0.03";"2025.06.13 05:33:00";"3438.43";"158.01";"23261.00";"OOS1";"PT";"-19.00";"158.16";"4h 33m";""
"61";"XAUUSD_DukasM1_Infinox";"Buy";"2025.06.20 01:00:00";"3368.61";"0.03";"2025.06.20 09:00:00";"3342.01";"-79.95";"23181.05";"OOS1";"SL";"-79.80";"5.11";"8h 0m";""
"62";"XAUUSD_DukasM1_Infinox";"Buy";"2025.06.27 01:00:00";"3327.56";"0.04";"2025.06.27 06:15:00";"3303.36";"-97.00";"23084.05";"OOS1";"SL";"-96.80";"0.55";"5h 15m";""
"63";"XAUUSD_DukasM1_Infinox";"Buy";"2025.07.04 01:00:00";"3325.20";"0.04";"2025.07.07 08:00:00";"3307.60";"-73.19";"23010.87";"OOS1";"Exit After X Bars";"-80.78";"78.82";"3d 7h 0m";""
"64";"XAUUSD_DukasM1_Infinox";"Buy";"2025.07.11 01:00:00";"3323.14";"0.05";"2025.07.11 17:42:00";"3359.92";"183.65";"23194.52";"OOS1";"PT";"-7.78";"183.90";"16h 42m";""
"65";"XAUUSD_DukasM1_Infinox";"Buy";"2025.07.18 01:00:00";"3340.93";"0.04";"2025.07.21 04:00:00";"3351.95";"41.28";"23235.80";"OOS1";"Exit After X Bars";"-37.14";"80.42";"3d 3h 0m";""
"66";"XAUUSD_DukasM1_Infinox";"Buy";"2025.07.25 01:00:00";"3367.90";"0.05";"2025.07.25 11:28:00";"3348.02";"-99.65";"23136.15";"OOS1";"SL";"-99.40";"26.98";"10h 28m";""
"67";"XAUUSD_DukasM1_Infinox";"Buy";"2025.08.01 01:00:00";"3289.87";"0.04";"2025.08.01 15:34:00";"3329.14";"156.88";"23293.03";"OOS1";"PT";"-33.74";"157.08";"14h 34m";""
"68";"XAUUSD_DukasM1_Infinox";"Buy";"2025.08.08 01:00:00";"3404.37";"0.05";"2025.08.08 04:08:00";"3384.42";"-100.00";"23193.03";"OOS1";"SL";"-99.75";"21.52";"3h 8m";""
"69";"XAUUSD_DukasM1_Infinox";"Buy";"2025.08.15 01:00:00";"3335.70";"0.04";"2025.08.18 04:00:00";"3340.33";"15.73";"23208.75";"OOS1";"Exit After X Bars";"-49.46";"51.58";"3d 3h 0m";""
"70";"XAUUSD_DukasM1_Infinox";"Buy";"2025.08.22 01:00:00";"3338.61";"0.06";"2025.08.22 15:32:00";"3322.83";"-94.98";"23113.77";"OOS1";"SL";"-94.68";"10.95";"14h 32m";""
"71";"XAUUSD_DukasM1_Infinox";"Buy";"2025.08.29 01:00:00";"3417.17";"0.05";"2025.08.29 19:58:00";"3449.09";"159.35";"23273.12";"OOS1";"PT";"-64.93";"159.60";"18h 58m";""
"72";"XAUUSD_DukasM1_Infinox";"Buy";"2025.09.05 01:00:00";"3546.14";"0.04";"2025.09.05 16:48:00";"3592.25";"184.24";"23457.37";"OOS1";"PT";"-25.70";"184.44";"15h 48m";""
"73";"XAUUSD_DukasM1_Infinox";"Buy";"2025.09.12 01:00:00";"3633.16";"0.04";"2025.09.15 04:00:00";"3633.10";"-3.26";"23454.10";"OOS1";"Exit After X Bars";"-11.46";"93.10";"3d 3h 0m";""
"74";"XAUUSD_DukasM1_Infinox";"Buy";"2025.09.19 01:00:00";"3643.88";"0.04";"2025.09.22 01:24:00";"3690.20";"182.25";"23636.35";"OOS1";"PT";"-47.77";"185.28";"3d 0h 24m";""
"75";"XAUUSD_DukasM1_Infinox";"Buy";"2025.09.26 01:00:00";"3749.70";"0.03";"2025.09.29 04:00:00";"3786.85";"109.11";"23745.46";"OOS1";"Exit After X Bars";"-46.27";"112.85";"3d 3h 0m";""
"76";"XAUUSD_DukasM1_Infinox";"Buy";"2025.10.03 01:00:00";"3855.83";"0.03";"2025.10.06 02:04:00";"3916.95";"180.96";"23926.42";"OOS1";"PT";"-54.13";"183.36";"3d 1h 4m";""
"77";"XAUUSD_DukasM1_Infinox";"Buy";"2025.10.10 01:00:00";"3975.13";"0.02";"2025.10.13 02:04:00";"4046.97";"142.03";"24068.45";"OOS1";"PT";"-56.91";"143.68";"3d 1h 4m";""
"78";"XAUUSD_DukasM1_Infinox";"Buy";"2025.10.17 01:00:00";"4331.17";"0.02";"2025.10.17 04:44:00";"4283.60";"-95.24";"23973.21";"OOS1";"SL";"-95.14";"95.91";"3h 44m";""
"79";"XAUUSD_DukasM1_Infinox";"Buy";"2025.10.24 03:00:00";"4121.61";"0.01";"2025.10.24 11:15:00";"4048.52";"-73.14";"23900.07";"OOS1";"SL";"-73.09";"22.53";"8h 15m";""
"80";"XAUUSD_DukasM1_Infinox";"Buy";"2025.10.31 00:00:00";"4023.28";"0.01";"2025.11.03 04:00:00";"3995.64";"-28.47";"23871.60";"OOS1";"Exit After X Bars";"-60.95";"22.64";"3d 4h 0m";""
"81";"XAUUSD_DukasM1_Infinox";"Buy";"2025.11.07 01:00:00";"3976.40";"0.02";"2025.11.10 03:37:00";"4052.88";"151.31";"24022.92";"OOS1";"PT";"-5.49";"152.96";"3d 2h 37m";""
"82";"XAUUSD_DukasM1_Infinox";"Buy";"2025.11.14 02:00:00";"4186.00";"0.02";"2025.11.14 13:17:00";"4143.53";"-85.04";"23937.88";"OOS1";"SL";"-84.94";"50.03";"11h 17m";""
"83";"XAUUSD_DukasM1_Infinox";"Buy";"2025.11.21 01:00:00";"4074.70";"0.01";"2025.11.21 10:03:00";"4023.80";"-50.95";"23886.93";"OOS1";"SL";"-50.90";"13.94";"9h 3m";""
"84";"XAUUSD_DukasM1_Infinox";"Buy";"2025.11.28 01:00:00";"4157.03";"0.02";"2025.11.28 20:31:00";"4223.16";"132.16";"24019.09";"OOS1";"PT";"-13.91";"132.26";"19h 31m";""
"85";"XAUUSD_DukasM1_Infinox";"Buy";"2025.12.05 01:00:00";"4207.10";"0.02";"2025.12.08 04:00:00";"4200.87";"-14.20";"24004.89";"OOS1";"Exit After X Bars";"-30.57";"104.01";"3d 3h 0m";""
"86";"XAUUSD_DukasM1_Infinox";"Buy";"2025.12.12 01:00:00";"4279.10";"0.02";"2025.12.12 15:30:00";"4342.03";"125.76";"24130.65";"OOS1";"PT";"-29.90";"125.86";"14h 30m";""
"87";"XAUUSD_DukasM1_Infinox";"Buy";"2025.12.19 01:00:00";"4331.90";"0.02";"2025.12.22 04:00:00";"4382.49";"99.40";"24230.04";"OOS1";"Exit After X Bars";"-46.37";"105.46";"3d 3h 0m";""
"88";"XAUUSD_DukasM1_Infinox";"Buy";"2025.12.26 01:04:00";"4490.25";"0.02";"2025.12.29 04:00:00";"4496.76";"11.17";"24241.22";"OOS1";"Exit After X Bars";"-37.50";"118.93";"3d 2h 56m";""
