"Ticket";"Symbol";"Type";"Open time";"Open price";"Size";"Close time";"Close price";"Profit/Loss";"Balance";"Sample type";"Close type";"MAE ($)";"MFE ($)";"Time in trade";"Comment"
"1";"USDJPY_DukasM1_the5ers";"Buy";"2003.08.19 12:00:00";"119.490";"0.3";"2003.08.19 19:14:00";"119.111";"-75.85";"9924.15";"IS";"TrailingStop";"-74.35";"58.85";"7h 14m";""
"2";"USDJPY_DukasM1_the5ers";"Buy";"2003.09.02 07:00:00";"116.740";"0.32";"2003.09.02 17:13:00";"116.553";"-40.73";"9883.42";"IS";"TrailingStop";"-39.13";"106.72";"10h 13m";""
"3";"USDJPY_DukasM1_the5ers";"Buy";"2003.09.04 07:00:00";"116.820";"0.22";"2003.09.05 02:00:00";"116.878";"7.10";"9890.52";"IS";"Exit After X Bars";"-27.33";"37.40";"19h 0m";""
"4";"USDJPY_DukasM1_the5ers";"Buy";"2003.09.08 01:00:00";"117.590";"0.27";"2003.09.08 10:12:00";"117.028";"-100.58";"9789.94";"IS";"SL";"-99.23";"22.95";"9h 12m";""
"5";"USDJPY_DukasM1_the5ers";"Buy";"2003.09.10 06:00:00";"116.840";"0.25";"2003.09.11 01:01:00";"117.068";"35.53";"9825.48";"IS";"Exit After X Bars";"-42.50";"67.03";"19h 1m";""
"6";"USDJPY_DukasM1_the5ers";"Buy";"2003.09.12 05:00:00";"117.103";"0.31";"2003.09.15 01:00:00";"117.318";"41.83";"9867.31";"IS";"Exit After X Bars";"-80.28";"77.23";"2d 20h 0m";""
"7";"USDJPY_DukasM1_the5ers";"Buy";"2003.09.30 20:00:00";"111.570";"0.15";"2003.10.01 15:00:00";"110.988";"-57.94";"9809.37";"IS";"Exit After X Bars";"-58.85";"9.81";"19h 0m";""
"8";"USDJPY_DukasM1_the5ers";"Buy";"2003.10.03 20:00:00";"110.962";"0.26";"2003.10.06 15:00:00";"111.108";"23.35";"9832.72";"IS";"Exit After X Bars";"-36.04";"64.27";"2d 19h 0m";""
"9";"USDJPY_DukasM1_the5ers";"Buy";"2003.10.20 05:00:00";"109.640";"0.22";"2003.10.21 00:00:00";"110.378";"104.93";"9937.65";"IS";"Exit After X Bars";"-47.47";"135.23";"19h 0m";""
"10";"USDJPY_DukasM1_the5ers";"Buy";"2003.11.12 14:00:00";"108.880";"0.27";"2003.11.13 03:26:00";"108.323";"-100.22";"9837.43";"IS";"SL";"-98.34";"51.20";"13h 26m";""
"11";"USDJPY_DukasM1_the5ers";"Buy";"2003.11.19 18:00:00";"109.020";"0.19";"2003.11.20 13:00:00";"109.078";"5.88";"9843.31";"IS";"Exit After X Bars";"-32.30";"45.97";"19h 0m";""
"12";"USDJPY_DukasM1_the5ers";"Buy";"2003.11.21 05:00:00";"109.070";"0.26";"2003.11.24 01:00:00";"108.808";"-46.02";"9797.30";"IS";"Exit After X Bars";"-86.71";"30.60";"2d 20h 0m";""
"13";"USDJPY_DukasM1_the5ers";"Buy";"2003.11.24 13:00:00";"109.130";"0.31";"2003.11.25 08:00:00";"109.388";"50.55";"9847.84";"IS";"Exit After X Bars";"-42.57";"81.09";"19h 0m";""
"14";"USDJPY_DukasM1_the5ers";"Buy";"2003.12.10 10:00:00";"108.460";"0.23";"2003.12.11 05:00:00";"108.248";"-33.49";"9814.36";"IS";"Exit After X Bars";"-93.25";"39.10";"19h 0m";""
"15";"USDJPY_DukasM1_the5ers";"Buy";"2003.12.11 16:00:00";"108.360";"0.28";"2003.12.12 11:00:00";"107.908";"-84.34";"9730.02";"IS";"Exit After X Bars";"-95.21";"14.65";"19h 0m";""
"16";"USDJPY_DukasM1_the5ers";"Buy";"2003.12.18 09:00:00";"107.590";"0.31";"2003.12.19 04:00:00";"107.638";"7.98";"9737.99";"IS";"Exit After X Bars";"-34.46";"103.38";"19h 0m";""
"17";"USDJPY_DukasM1_the5ers";"Buy";"2003.12.26 23:01:00";"107.510";"0.42";"2003.12.29 04:23:00";"107.144";"-102.62";"9635.37";"IS";"SL";"-100.52";"0.00";"2d 5h 22m";""
"18";"USDJPY_DukasM1_the5ers";"Buy";"2004.01.12 16:00:00";"106.710";"0.27";"2004.01.13 11:00:00";"106.388";"-58.38";"9576.99";"IS";"Exit After X Bars";"-65.33";"7.06";"19h 0m";""
"19";"USDJPY_DukasM1_the5ers";"Buy";"2004.01.15 22:00:00";"106.270";"0.32";"2004.01.16 09:09:00";"105.887";"-81.95";"9495.04";"IS";"TrailingStop";"-80.14";"48.13";"11h 9m";""
"20";"USDJPY_DukasM1_the5ers";"Buy";"2004.01.16 18:00:00";"106.690";"0.24";"2004.01.19 13:00:00";"107.188";"76.80";"9571.84";"IS";"Exit After X Bars";"-59.64";"123.98";"2d 19h 0m";""
"21";"USDJPY_DukasM1_the5ers";"Buy";"2004.02.04 19:00:00";"105.490";"0.32";"2004.02.05 14:00:00";"105.538";"7.82";"9579.66";"IS";"Exit After X Bars";"-31.39";"37.67";"19h 0m";""
"22";"USDJPY_DukasM1_the5ers";"Buy";"2004.02.05 23:00:00";"105.870";"0.31";"2004.02.06 15:46:00";"105.983";"21.15";"9600.81";"IS";"TrailingStop";"-66.90";"188.53";"16h 46m";""
"23";"USDJPY_DukasM1_the5ers";"Buy";"2004.02.13 20:00:00";"105.450";"0.36";"2004.02.16 15:00:00";"105.458";"-0.15";"9600.66";"IS";"Exit After X Bars";"-30.60";"32.96";"2d 19h 0m";""
"24";"USDJPY_DukasM1_the5ers";"Buy";"2004.02.17 15:00:00";"105.510";"0.37";"2004.02.18 10:00:00";"105.558";"9.52";"9610.18";"IS";"Exit After X Bars";"-16.94";"104.04";"19h 0m";""
"25";"USDJPY_DukasM1_the5ers";"Buy";"2004.02.18 15:00:00";"105.750";"0.32";"2004.02.18 20:57:00";"106.671";"191.12";"9801.30";"IS";"PT";"-33.48";"192.72";"5h 57m";""
"26";"USDJPY_DukasM1_the5ers";"Buy";"2004.02.25 14:00:00";"108.600";"0.31";"2004.02.26 09:00:00";"108.848";"48.12";"9849.42";"IS";"Exit After X Bars";"-54.73";"115.55";"19h 0m";""
"27";"USDJPY_DukasM1_the5ers";"Buy";"2004.03.02 12:00:00";"109.550";"0.33";"2004.03.03 07:00:00";"110.198";"137.97";"9987.39";"IS";"Exit After X Bars";"-8.63";"185.58";"19h 0m";""
"28";"USDJPY_DukasM1_the5ers";"Buy";"2004.03.12 07:00:00";"111.060";"0.28";"2004.03.12 18:56:00";"110.693";"-68.60";"9918.79";"IS";"TrailingStop";"-67.20";"60.42";"11h 56m";""
"29";"USDJPY_DukasM1_the5ers";"Buy";"2004.04.02 12:00:00";"104.370";"0.24";"2004.04.05 06:00:00";"104.388";"1.47";"9920.26";"IS";"Exit After X Bars";"-75.33";"58.07";"2d 18h 0m";""
"30";"USDJPY_DukasM1_the5ers";"Buy";"2004.04.08 12:00:00";"106.020";"0.2";"2004.04.09 07:00:00";"106.313";"37.19";"9957.45";"IS";"Exit After X Bars";"-44.47";"96.26";"19h 0m";""
"31";"USDJPY_DukasM1_the5ers";"Buy";"2004.04.13 18:00:00";"106.820";"0.2";"2004.04.14 13:00:00";"107.468";"83.62";"10041.06";"IS";"Exit After X Bars";"-43.16";"87.63";"19h 0m";""
"32";"USDJPY_DukasM1_the5ers";"Buy";"2004.04.21 00:00:00";"108.780";"0.21";"2004.04.21 17:27:00";"108.702";"-11.76";"10029.30";"IS";"TrailingStop";"-35.70";"135.95";"17h 27m";""
"33";"USDJPY_DukasM1_the5ers";"Buy";"2004.04.23 04:00:00";"109.793";"0.22";"2004.04.23 10:39:00";"109.102";"-100.51";"9928.79";"IS";"SL";"-99.41";"0.00";"6h 39m";""
"34";"USDJPY_DukasM1_the5ers";"Buy";"2004.04.27 15:00:00";"109.670";"0.23";"2004.04.28 05:30:00";"109.013";"-100.11";"9828.68";"IS";"SL";"-98.81";"30.08";"14h 30m";""
"35";"USDJPY_DukasM1_the5ers";"Buy";"2004.04.30 21:00:00";"110.430";"0.21";"2004.05.03 16:00:00";"110.148";"-39.91";"9788.77";"IS";"Exit After X Bars";"-89.26";"13.87";"2d 19h 0m";""
"36";"USDJPY_DukasM1_the5ers";"Buy";"2004.05.03 17:00:00";"110.410";"0.24";"2004.05.04 12:00:00";"110.248";"-26.78";"9761.99";"IS";"Exit After X Bars";"-58.07";"48.65";"19h 0m";""
"37";"USDJPY_DukasM1_the5ers";"Buy";"2004.05.13 05:00:00";"113.710";"0.19";"2004.05.14 00:00:00";"114.518";"99.32";"9861.30";"IS";"Exit After X Bars";"-18.64";"116.79";"19h 0m";""
"38";"USDJPY_DukasM1_the5ers";"Buy";"2004.06.03 11:00:00";"110.750";"0.19";"2004.06.04 06:00:00";"111.031";"33.84";"9895.14";"IS";"Exit After X Bars";"-34.79";"99.40";"19h 0m";""
"39";"USDJPY_DukasM1_the5ers";"Buy";"2004.06.09 22:00:00";"110.550";"0.18";"2004.06.10 07:59:00";"109.701";"-101.19";"9793.96";"IS";"SL";"-99.93";"3.53";"9h 59m";""
"40";"USDJPY_DukasM1_the5ers";"Buy";"2004.06.15 13:00:00";"111.190";"0.21";"2004.06.15 15:46:00";"110.486";"-97.73";"9696.23";"IS";"SL";"-96.68";"21.97";"2h 46m";""
"41";"USDJPY_DukasM1_the5ers";"Buy";"2004.07.05 19:00:00";"109.050";"0.23";"2004.07.06 14:00:00";"109.408";"52.54";"9748.77";"IS";"Exit After X Bars";"-21.06";"103.78";"19h 0m";""
"42";"USDJPY_DukasM1_the5ers";"Buy";"2004.07.06 21:00:00";"109.360";"0.23";"2004.07.07 07:48:00";"108.780";"-88.53";"9660.24";"IS";"TrailingStop";"-87.23";"30.08";"10h 48m";""
"43";"USDJPY_DukasM1_the5ers";"Buy";"2004.07.12 20:00:00";"108.290";"0.25";"2004.07.13 14:59:00";"108.181";"-19.23";"9641.01";"IS";"TrailingStop";"-26.16";"99.72";"18h 59m";""
"44";"USDJPY_DukasM1_the5ers";"Buy";"2004.07.15 00:00:00";"109.170";"0.24";"2004.07.15 19:00:00";"109.498";"50.28";"9691.28";"IS";"Exit After X Bars";"-31.39";"75.33";"19h 0m";""
"45";"USDJPY_DukasM1_the5ers";"Buy";"2004.07.21 13:00:00";"109.030";"0.25";"2004.07.21 18:04:00";"110.232";"195.25";"9886.54";"IS";"PT";"-26.16";"196.50";"5h 4m";""
"46";"USDJPY_DukasM1_the5ers";"Buy";"2004.07.23 03:00:00";"109.760";"0.23";"2004.07.23 22:00:00";"110.033";"39.91";"9926.45";"IS";"Exit After X Bars";"-24.67";"74.30";"19h 0m";""
"47";"USDJPY_DukasM1_the5ers";"Buy";"2004.08.04 06:00:00";"111.200";"0.25";"2004.08.05 01:00:00";"111.118";"-15.15";"9911.30";"IS";"Exit After X Bars";"-27.79";"89.91";"19h 0m";""
"48";"USDJPY_DukasM1_the5ers";"Buy";"2004.08.05 18:00:00";"111.560";"0.27";"2004.08.06 13:00:00";"111.591";"3.95";"9915.25";"IS";"Exit After X Bars";"-22.95";"61.80";"19h 0m";""
"49";"USDJPY_DukasM1_the5ers";"Buy";"2004.08.10 20:00:00";"110.860";"0.3";"2004.08.11 15:00:00";"111.008";"27.34";"9942.58";"IS";"Exit After X Bars";"-29.43";"123.59";"19h 0m";""
"50";"USDJPY_DukasM1_the5ers";"Buy";"2004.08.20 17:00:00";"109.524";"0.29";"2004.08.23 12:00:00";"109.508";"-4.67";"9937.91";"IS";"Exit After X Bars";"-86.10";"8.72";"2d 19h 0m";""
"51";"USDJPY_DukasM1_the5ers";"Buy";"2004.08.23 12:00:00";"109.520";"0.29";"2004.08.24 07:00:00";"109.978";"85.21";"10023.13";"IS";"Exit After X Bars";"-41.72";"104.30";"19h 0m";""
"52";"USDJPY_DukasM1_the5ers";"Buy";"2004.08.25 14:00:00";"110.300";"0.26";"2004.08.26 09:00:00";"110.058";"-42.95";"9980.17";"IS";"Exit After X Bars";"-78.21";"32.30";"19h 0m";""
"53";"USDJPY_DukasM1_the5ers";"Buy";"2004.08.30 05:00:00";"110.140";"0.26";"2004.08.31 00:00:00";"109.858";"-49.42";"9930.75";"IS";"Exit After X Bars";"-66.31";"52.71";"19h 0m";""
"54";"USDJPY_DukasM1_the5ers";"Buy";"2004.09.03 01:00:00";"109.500";"0.31";"2004.09.03 13:59:00";"109.225";"-57.30";"9873.46";"IS";"TrailingStop";"-55.75";"57.77";"12h 59m";""
"55";"USDJPY_DukasM1_the5ers";"Buy";"2004.09.09 10:00:00";"109.380";"0.33";"2004.09.10 05:00:00";"109.959";"123.08";"9996.54";"IS";"Exit After X Bars";"-4.32";"170.69";"19h 0m";""
"56";"USDJPY_DukasM1_the5ers";"Buy";"2004.09.13 18:00:00";"110.170";"0.26";"2004.09.14 13:00:00";"109.828";"-59.62";"9936.92";"IS";"Exit After X Bars";"-90.11";"11.90";"19h 0m";""
"57";"USDJPY_DukasM1_the5ers";"Buy";"2004.09.15 18:00:00";"110.220";"0.27";"2004.09.16 11:01:00";"109.672";"-98.63";"9838.29";"IS";"TrailingStop";"-96.75";"30.01";"17h 1m";""
"58";"USDJPY_DukasM1_the5ers";"Buy";"2004.09.21 09:00:00";"110.090";"0.41";"2004.09.21 13:07:00";"109.720";"-101.25";"9737.04";"IS";"SL";"-99.20";"10.72";"4h 7m";""
"59";"USDJPY_DukasM1_the5ers";"Buy";"2004.09.22 13:00:00";"110.380";"0.31";"2004.09.23 08:00:00";"110.778";"78.52";"9815.56";"IS";"Exit After X Bars";"-12.16";"105.41";"19h 0m";""
"60";"USDJPY_DukasM1_the5ers";"Buy";"2004.09.23 23:00:00";"110.800";"0.28";"2004.09.24 18:00:00";"110.659";"-27.40";"9788.16";"IS";"Exit After X Bars";"-89.17";"10.62";"19h 0m";""
"61";"USDJPY_DukasM1_the5ers";"Buy";"2004.09.27 09:00:00";"110.790";"0.33";"2004.09.28 04:00:00";"111.218";"90.49";"9878.65";"IS";"Exit After X Bars";"-21.58";"133.79";"19h 0m";""
"62";"USDJPY_DukasM1_the5ers";"Buy";"2004.10.27 05:00:00";"107.050";"0.27";"2004.10.27 12:24:00";"106.494";"-99.52";"9779.14";"IS";"SL";"-98.17";"17.66";"7h 24m";""
"63";"USDJPY_DukasM1_the5ers";"Buy";"2004.11.01 10:00:00";"106.360";"0.3";"2004.11.02 05:00:00";"106.368";"-0.13";"9779.01";"IS";"Exit After X Bars";"-43.16";"51.01";"19h 0m";""
"64";"USDJPY_DukasM1_the5ers";"Buy";"2004.11.03 08:00:00";"106.520";"0.3";"2004.11.03 16:11:00";"106.175";"-69.18";"9709.83";"IS";"TrailingStop";"-67.68";"72.59";"8h 11m";""
"65";"USDJPY_DukasM1_the5ers";"Buy";"2004.11.23 04:00:00";"103.450";"0.31";"2004.11.23 14:41:00";"103.015";"-89.73";"9620.10";"IS";"TrailingStop";"-88.18";"48.65";"10h 41m";""
"66";"USDJPY_DukasM1_the5ers";"Buy";"2004.11.24 03:00:00";"103.410";"0.3";"2004.11.24 12:21:00";"103.012";"-79.58";"9540.52";"IS";"TrailingStop";"-78.08";"60.81";"9h 21m";""
"67";"USDJPY_DukasM1_the5ers";"Buy";"2004.11.26 13:00:00";"102.970";"0.24";"2004.11.29 08:00:00";"102.778";"-31.49";"9509.03";"IS";"Exit After X Bars";"-81.61";"17.26";"2d 19h 0m";""
"68";"USDJPY_DukasM1_the5ers";"Buy";"2004.11.29 10:00:00";"102.990";"0.3";"2004.11.30 05:00:00";"103.178";"35.18";"9544.22";"IS";"Exit After X Bars";"-96.13";"72.59";"19h 0m";""
"69";"USDJPY_DukasM1_the5ers";"Buy";"2004.11.30 20:00:00";"103.090";"0.25";"2004.12.01 15:00:00";"102.908";"-31.17";"9513.05";"IS";"Exit After X Bars";"-78.47";"1.63";"19h 0m";""
"70";"USDJPY_DukasM1_the5ers";"Buy";"2004.12.02 20:00:00";"103.200";"0.23";"2004.12.03 15:00:00";"102.968";"-36.19";"9476.86";"IS";"Exit After X Bars";"-45.12";"58.66";"19h 0m";""
"71";"USDJPY_DukasM1_the5ers";"Buy";"2004.12.08 09:00:00";"103.430";"0.26";"2004.12.08 15:37:00";"104.578";"193.88";"9670.74";"IS";"PT";"-15.30";"195.18";"6h 37m";""
"72";"USDJPY_DukasM1_the5ers";"Buy";"2004.12.10 00:00:00";"104.660";"0.21";"2004.12.10 12:41:00";"106.072";"192.85";"9863.59";"IS";"PT";"-15.11";"193.90";"12h 41m";""
"73";"USDJPY_DukasM1_the5ers";"Buy";"2004.12.14 18:00:00";"105.540";"0.26";"2004.12.15 02:18:00";"105.005";"-92.43";"9771.16";"IS";"TrailingStop";"-90.96";"42.50";"8h 18m";""
"74";"USDJPY_DukasM1_the5ers";"Buy";"2004.12.29 12:00:00";"103.360";"0.34";"2004.12.29 16:10:00";"104.244";"194.84";"9966.00";"IS";"PT";"-22.23";"196.54";"4h 10m";""
"75";"USDJPY_DukasM1_the5ers";"Buy";"2005.01.04 13:00:00";"103.500";"0.2";"2005.01.05 08:00:00";"104.388";"115.01";"10081.00";"IS";"Exit After X Bars";"-27.46";"170.02";"19h 0m";""
"76";"USDJPY_DukasM1_the5ers";"Buy";"2005.01.06 12:00:00";"104.900";"0.21";"2005.01.07 07:00:00";"104.648";"-35.79";"10045.21";"IS";"Exit After X Bars";"-46.69";"38.45";"19h 0m";""
"77";"USDJPY_DukasM1_the5ers";"Buy";"2005.01.14 07:00:00";"102.930";"0.27";"2005.01.14 15:19:00";"102.374";"-99.52";"9945.70";"IS";"SL";"-98.17";"47.67";"8h 19m";""
"78";"USDJPY_DukasM1_the5ers";"Buy";"2005.01.19 23:00:00";"102.800";"0.26";"2005.01.20 18:00:00";"103.168";"60.76";"10006.45";"IS";"Exit After X Bars";"-57.81";"81.61";"19h 0m";""
"79";"USDJPY_DukasM1_the5ers";"Buy";"2005.01.25 11:00:00";"103.150";"0.3";"2005.01.25 17:12:00";"104.146";"193.89";"10200.34";"IS";"PT";"-25.50";"195.39";"6h 12m";""
"80";"USDJPY_DukasM1_the5ers";"Buy";"2005.01.28 20:00:00";"103.470";"0.24";"2005.01.31 15:00:00";"103.548";"10.88";"10211.23";"IS";"Exit After X Bars";"-34.53";"48.65";"2d 19h 0m";""
"81";"USDJPY_DukasM1_the5ers";"Buy";"2005.02.01 10:00:00";"103.960";"0.33";"2005.02.01 21:00:00";"103.533";"-93.79";"10117.43";"IS";"TrailingStop";"-92.14";"25.90";"11h 0m";""
"82";"USDJPY_DukasM1_the5ers";"Buy";"2005.02.02 08:00:00";"103.770";"0.35";"2005.02.02 13:02:00";"103.342";"-99.71";"10017.73";"IS";"SL";"-97.96";"9.15";"5h 2m";""
"83";"USDJPY_DukasM1_the5ers";"Buy";"2005.02.03 04:00:00";"104.080";"0.3";"2005.02.03 23:00:00";"104.438";"68.73";"10086.46";"IS";"Exit After X Bars";"-56.89";"127.51";"19h 0m";""
"84";"USDJPY_DukasM1_the5ers";"Buy";"2005.02.10 14:00:00";"106.060";"0.31";"2005.02.10 16:49:00";"105.851";"-43.92";"10042.54";"IS";"TrailingStop";"-42.37";"160.14";"2h 49m";""
"85";"USDJPY_DukasM1_the5ers";"Buy";"2005.02.16 13:00:00";"105.130";"0.3";"2005.02.17 08:00:00";"105.268";"24.98";"10067.52";"IS";"Exit After X Bars";"-62.78";"117.71";"19h 0m";""
"86";"USDJPY_DukasM1_the5ers";"Buy";"2005.02.18 00:00:00";"105.540";"0.31";"2005.02.18 19:00:00";"105.758";"42.64";"10110.17";"IS";"Exit After X Bars";"-79.06";"66.90";"19h 0m";""
"87";"USDJPY_DukasM1_the5ers";"Buy";"2005.02.24 17:00:00";"105.240";"0.26";"2005.02.25 12:00:00";"105.178";"-12.01";"10098.16";"IS";"Exit After X Bars";"-18.70";"56.11";"19h 0m";""
"88";"USDJPY_DukasM1_the5ers";"Buy";"2005.03.02 11:00:00";"104.750";"0.34";"2005.03.02 16:10:00";"104.489";"-59.73";"10038.43";"IS";"TrailingStop";"-58.03";"88.93";"5h 10m";""
"89";"USDJPY_DukasM1_the5ers";"Buy";"2005.03.03 18:00:00";"105.040";"0.33";"2005.03.04 13:00:00";"105.288";"51.65";"10090.08";"IS";"Exit After X Bars";"-51.79";"99.26";"19h 0m";""
"90";"USDJPY_DukasM1_the5ers";"Buy";"2005.03.11 07:00:00";"104.140";"0.28";"2005.03.11 22:00:00";"103.627";"-95.33";"9994.75";"IS";"TrailingStop";"-93.93";"27.46";"15h 0m";""
"91";"USDJPY_DukasM1_the5ers";"Buy";"2005.03.14 05:00:00";"104.400";"0.26";"2005.03.15 00:00:00";"104.818";"69.60";"10064.35";"IS";"Exit After X Bars";"-10.20";"132.61";"19h 0m";""
"92";"USDJPY_DukasM1_the5ers";"Buy";"2005.03.17 16:00:00";"104.740";"0.34";"2005.03.18 11:00:00";"104.778";"6.53";"10070.87";"IS";"Exit After X Bars";"-62.25";"35.57";"19h 0m";""
"93";"USDJPY_DukasM1_the5ers";"Buy";"2005.03.23 00:00:00";"105.600";"0.31";"2005.03.23 19:00:00";"105.739";"26.63";"10097.50";"IS";"Exit After X Bars";"-72.77";"58.99";"19h 0m";""
"94";"USDJPY_DukasM1_the5ers";"Buy";"2005.03.28 04:00:00";"106.891";"0.37";"2005.03.28 23:00:00";"107.179";"67.83";"10165.33";"IS";"Exit After X Bars";"-70.17";"113.72";"19h 0m";""
"95";"USDJPY_DukasM1_the5ers";"Buy";"2005.04.01 07:00:00";"107.471";"0.28";"2005.04.01 16:30:00";"106.925";"-101.37";"10063.96";"IS";"SL";"-99.97";"23.80";"9h 30m";""
"96";"USDJPY_DukasM1_the5ers";"Buy";"2005.04.06 18:00:00";"108.691";"0.27";"2005.04.07 10:37:00";"108.174";"-93.16";"9970.80";"IS";"TrailingStop";"-91.28";"17.66";"16h 37m";""
"97";"USDJPY_DukasM1_the5ers";"Buy";"2005.04.07 23:00:00";"108.631";"0.3";"2005.04.08 18:00:00";"108.589";"-9.94";"9960.86";"IS";"Exit After X Bars";"-33.35";"41.39";"19h 0m";""
"98";"USDJPY_DukasM1_the5ers";"Buy";"2005.04.21 13:00:00";"107.120";"0.3";"2005.04.22 01:58:00";"106.785";"-67.42";"9893.45";"IS";"TrailingStop";"-65.72";"60.81";"12h 58m";""
"99";"USDJPY_DukasM1_the5ers";"Buy";"2005.04.26 13:00:00";"105.920";"0.31";"2005.04.27 08:00:00";"106.178";"50.55";"9944.00";"IS";"Exit After X Bars";"-20.27";"87.17";"19h 0m";""
"100";"USDJPY_DukasM1_the5ers";"Buy";"2005.05.11 19:00:00";"105.750";"0.28";"2005.05.12 14:00:00";"106.238";"87.40";"10031.40";"IS";"Exit After X Bars";"-36.62";"104.37";"19h 0m";""
"101";"USDJPY_DukasM1_the5ers";"Buy";"2005.05.31 07:00:00";"108.070";"0.37";"2005.05.31 11:46:00";"107.848";"-55.56";"9975.84";"IS";"TrailingStop";"-53.71";"84.68";"4h 46m";""
"102";"USDJPY_DukasM1_the5ers";"Buy";"2005.06.08 09:00:00";"106.930";"0.31";"2005.06.09 04:00:00";"107.178";"48.12";"10023.95";"IS";"Exit After X Bars";"-56.76";"99.33";"19h 0m";""
"103";"USDJPY_DukasM1_the5ers";"Buy";"2005.06.15 16:00:00";"109.600";"0.32";"2005.06.16 00:46:00";"109.122";"-102.25";"9921.70";"IS";"SL";"-100.02";"29.30";"8h 46m";""
"104";"USDJPY_DukasM1_the5ers";"Buy";"2005.06.20 17:00:00";"109.200";"0.28";"2005.06.21 12:00:00";"109.298";"16.36";"9938.06";"IS";"Exit After X Bars";"-36.62";"75.07";"19h 0m";""
"105";"USDJPY_DukasM1_the5ers";"Buy";"2005.06.24 00:00:00";"108.920";"0.3";"2005.06.24 19:00:00";"109.194";"52.25";"9990.31";"IS";"Exit After X Bars";"-19.62";"93.18";"19h 0m";""
"106";"USDJPY_DukasM1_the5ers";"Buy";"2005.06.27 16:00:00";"109.400";"0.34";"2005.06.28 11:00:00";"109.768";"79.90";"10070.21";"IS";"Exit After X Bars";"-82.26";"102.27";"19h 0m";""
"107";"USDJPY_DukasM1_the5ers";"Buy";"2005.07.05 08:00:00";"111.630";"0.31";"2005.07.06 03:00:00";"111.708";"14.06";"10084.27";"IS";"Exit After X Bars";"-22.30";"99.33";"19h 0m";""
"108";"USDJPY_DukasM1_the5ers";"Buy";"2005.07.06 20:00:00";"112.130";"0.3";"2005.07.07 12:23:00";"111.751";"-76.44";"10007.83";"IS";"TrailingStop";"-74.35";"45.12";"16h 23m";""
"109";"USDJPY_DukasM1_the5ers";"Buy";"2005.07.08 05:00:00";"112.375";"0.3";"2005.07.08 16:42:00";"111.911";"-92.53";"9915.30";"IS";"TrailingStop";"-91.03";"30.60";"11h 42m";""
"110";"USDJPY_DukasM1_the5ers";"Buy";"2005.07.18 08:00:00";"112.260";"0.36";"2005.07.18 17:22:00";"111.842";"-100.20";"9815.10";"IS";"SL";"-98.40";"18.83";"9h 22m";""
"111";"USDJPY_DukasM1_the5ers";"Buy";"2005.07.19 12:00:00";"112.680";"0.31";"2005.07.20 07:00:00";"113.128";"89.06";"9904.17";"IS";"Exit After X Bars";"-28.38";"107.44";"19h 0m";""
"112";"USDJPY_DukasM1_the5ers";"Buy";"2005.08.09 02:00:00";"112.080";"0.29";"2005.08.09 21:00:00";"112.158";"13.34";"9917.51";"IS";"Exit After X Bars";"-79.65";"34.13";"19h 0m";""
"113";"USDJPY_DukasM1_the5ers";"Buy";"2005.08.26 22:00:00";"110.148";"0.27";"2005.08.29 17:00:00";"110.528";"65.57";"9983.07";"IS";"Exit After X Bars";"-93.22";"78.04";"2d 19h 0m";""
"114";"USDJPY_DukasM1_the5ers";"Buy";"2005.09.16 12:00:00";"110.802";"0.27";"2005.09.19 07:00:00";"111.488";"119.59";"10102.67";"IS";"Exit After X Bars";"-19.42";"144.42";"2d 19h 0m";""
"115";"USDJPY_DukasM1_the5ers";"Buy";"2005.09.27 06:00:00";"112.770";"0.33";"2005.09.28 01:00:00";"113.258";"103.44";"10206.11";"IS";"Exit After X Bars";"-23.74";"157.53";"19h 0m";""
"116";"USDJPY_DukasM1_the5ers";"Buy";"2005.09.28 19:00:00";"113.270";"0.31";"2005.09.29 11:54:00";"112.784";"-100.68";"10105.43";"IS";"SL";"-98.52";"0.00";"16h 54m";""
"117";"USDJPY_DukasM1_the5ers";"Buy";"2005.09.30 03:00:00";"113.314";"0.3";"2005.09.30 22:00:00";"113.603";"55.19";"10160.62";"IS";"Exit After X Bars";"-78.27";"74.55";"19h 0m";""
"118";"USDJPY_DukasM1_the5ers";"Buy";"2005.10.04 10:00:00";"114.180";"0.33";"2005.10.05 05:00:00";"113.938";"-54.09";"10106.54";"IS";"Exit After X Bars";"-64.74";"51.79";"19h 0m";""
"119";"USDJPY_DukasM1_the5ers";"Buy";"2005.10.13 04:00:00";"114.690";"0.34";"2005.10.13 20:54:00";"114.512";"-41.28";"10065.26";"IS";"TrailingStop";"-39.58";"86.71";"16h 54m";""
"120";"USDJPY_DukasM1_the5ers";"Buy";"2005.10.17 14:00:00";"114.740";"0.28";"2005.10.18 09:00:00";"115.348";"109.74";"10175.00";"IS";"Exit After X Bars";"-9.15";"128.17";"19h 0m";""
"121";"USDJPY_DukasM1_the5ers";"Buy";"2005.10.21 18:00:00";"115.912";"0.28";"2005.10.24 13:00:00";"115.768";"-27.95";"10147.05";"IS";"Exit After X Bars";"-75.44";"14.28";"2d 19h 0m";""
"122";"USDJPY_DukasM1_the5ers";"Buy";"2005.10.26 15:00:00";"115.720";"0.28";"2005.10.27 05:05:00";"115.584";"-26.85";"10120.20";"IS";"TrailingStop";"-32.96";"95.21";"14h 5m";""
"123";"USDJPY_DukasM1_the5ers";"Buy";"2005.11.18 09:00:00";"119.128";"0.32";"2005.11.21 04:00:00";"119.318";"37.95";"10158.15";"IS";"Exit After X Bars";"-55.45";"50.43";"2d 19h 0m";""
"124";"USDJPY_DukasM1_the5ers";"Buy";"2005.11.22 14:00:00";"119.330";"0.37";"2005.11.22 21:11:00";"118.934";"-97.66";"10060.49";"IS";"TrailingStop";"-95.81";"43.55";"7h 11m";""
"125";"USDJPY_DukasM1_the5ers";"Buy";"2005.12.07 05:00:00";"121.040";"0.37";"2005.12.08 00:00:00";"121.018";"-7.90";"10052.59";"IS";"Exit After X Bars";"-75.00";"31.45";"19h 0m";""
"126";"USDJPY_DukasM1_the5ers";"Buy";"2005.12.09 22:00:00";"120.629";"0.39";"2005.12.12 10:41:00";"120.556";"-20.82";"10031.77";"IS";"TrailingStop";"-18.62";"107.37";"2d 12h 41m";""
"127";"USDJPY_DukasM1_the5ers";"Buy";"2005.12.30 04:00:00";"117.918";"0.38";"2005.12.30 05:18:00";"117.523";"-100.05";"9931.71";"IS";"SL";"-98.15";"6.71";"1h 18m";""
"128";"USDJPY_DukasM1_the5ers";"Buy";"2006.01.06 12:00:00";"116.138";"0.35";"2006.01.06 15:30:00";"115.702";"-101.54";"9830.17";"IS";"SL";"-99.79";"32.50";"3h 30m";""
"129";"USDJPY_DukasM1_the5ers";"Buy";"2006.01.11 02:00:00";"114.460";"0.28";"2006.01.11 14:20:00";"114.221";"-45.16";"9785.01";"IS";"TrailingStop";"-43.76";"76.90";"12h 20m";""
"130";"USDJPY_DukasM1_the5ers";"Buy";"2006.01.16 14:00:00";"114.690";"0.31";"2006.01.17 09:00:00";"114.848";"30.28";"9815.29";"IS";"Exit After X Bars";"-12.16";"115.55";"19h 0m";""
"131";"USDJPY_DukasM1_the5ers";"Buy";"2006.01.25 00:00:00";"114.690";"0.33";"2006.01.25 16:50:00";"115.584";"191.27";"10006.56";"IS";"PT";"-11.87";"192.92";"16h 50m";""
"132";"USDJPY_DukasM1_the5ers";"Buy";"2006.02.06 22:00:00";"119.020";"0.34";"2006.02.07 09:36:00";"118.661";"-81.74";"9924.82";"IS";"TrailingStop";"-79.82";"31.13";"11h 36m";""
"133";"USDJPY_DukasM1_the5ers";"Buy";"2006.02.17 05:00:00";"118.183";"0.28";"2006.02.17 19:55:00";"118.193";"0.43";"9925.25";"IS";"TrailingStop";"-63.53";"120.66";"14h 55m";""
"134";"USDJPY_DukasM1_the5ers";"Buy";"2006.03.03 04:00:00";"116.362";"0.27";"2006.03.03 23:00:00";"116.345";"-4.35";"9920.90";"IS";"Exit After X Bars";"-26.13";"72.39";"19h 0m";""
"135";"USDJPY_DukasM1_the5ers";"Buy";"2006.03.08 13:00:00";"117.830";"0.33";"2006.03.09 08:00:00";"118.278";"94.38";"10015.28";"IS";"Exit After X Bars";"-62.58";"99.26";"19h 0m";""
"136";"USDJPY_DukasM1_the5ers";"Buy";"2006.03.09 21:00:00";"118.180";"0.24";"2006.03.10 16:00:00";"118.596";"63.93";"10079.21";"IS";"Exit After X Bars";"-27.94";"89.77";"19h 0m";""
"137";"USDJPY_DukasM1_the5ers";"Buy";"2006.03.16 08:00:00";"117.690";"0.34";"2006.03.16 15:41:00";"117.300";"-88.41";"9990.80";"IS";"TrailingStop";"-86.71";"44.47";"7h 41m";""
"138";"USDJPY_DukasM1_the5ers";"Buy";"2006.03.23 18:00:00";"117.680";"0.28";"2006.03.24 13:00:00";"118.196";"92.90";"10083.69";"IS";"Exit After X Bars";"-54.93";"110.77";"19h 0m";""
"139";"USDJPY_DukasM1_the5ers";"Buy";"2006.04.06 04:00:00";"117.665";"0.29";"2006.04.06 23:00:00";"117.628";"-8.47";"10075.23";"IS";"Exit After X Bars";"-78.70";"58.79";"19h 0m";""
"140";"USDJPY_DukasM1_the5ers";"Buy";"2006.04.12 23:00:00";"118.535";"0.36";"2006.04.13 18:00:00";"118.398";"-34.76";"10040.47";"IS";"Exit After X Bars";"-55.32";"71.80";"19h 0m";""
"141";"USDJPY_DukasM1_the5ers";"Buy";"2006.05.16 00:00:00";"110.510";"0.2";"2006.05.16 15:44:00";"109.871";"-84.57";"9955.90";"IS";"TrailingStop";"-83.57";"44.47";"15h 44m";""
"142";"USDJPY_DukasM1_the5ers";"Buy";"2006.05.17 20:00:00";"110.410";"0.19";"2006.05.18 15:00:00";"111.083";"82.29";"10038.19";"IS";"Exit After X Bars";"-1.24";"114.93";"19h 0m";""
"143";"USDJPY_DukasM1_the5ers";"Buy";"2006.05.19 07:00:00";"110.993";"0.2";"2006.05.22 02:00:00";"111.621";"81.00";"10119.19";"IS";"Exit After X Bars";"-20.27";"159.82";"2d 19h 0m";""
"144";"USDJPY_DukasM1_the5ers";"Buy";"2006.05.31 20:00:00";"112.370";"0.23";"2006.06.01 15:00:00";"113.138";"113.91";"10233.10";"IS";"Exit After X Bars";"-15.04";"135.36";"19h 0m";""
"145";"USDJPY_DukasM1_the5ers";"Buy";"2006.06.02 06:00:00";"112.696";"0.28";"2006.06.02 15:29:00";"112.292";"-75.37";"10157.73";"IS";"TrailingStop";"-73.97";"40.10";"9h 29m";""
"146";"USDJPY_DukasM1_the5ers";"Buy";"2006.06.16 17:00:00";"115.171";"0.35";"2006.06.19 12:00:00";"115.613";"99.18";"10256.91";"IS";"Exit After X Bars";"-63.63";"134.81";"2d 19h 0m";""
"147";"USDJPY_DukasM1_the5ers";"Buy";"2006.06.27 14:00:00";"116.535";"0.33";"2006.06.27 16:11:00";"116.082";"-99.40";"10157.51";"IS";"SL";"-97.75";"9.71";"2h 11m";""
"148";"USDJPY_DukasM1_the5ers";"Buy";"2006.06.28 20:00:00";"116.460";"0.36";"2006.06.29 15:00:00";"116.488";"4.09";"10161.59";"IS";"Exit After X Bars";"-28.25";"37.67";"19h 0m";""
"149";"USDJPY_DukasM1_the5ers";"Buy";"2006.07.05 01:00:00";"114.925";"0.38";"2006.07.05 08:34:00";"114.647";"-70.98";"10090.61";"IS";"TrailingStop";"-69.08";"73.30";"7h 34m";""
"150";"USDJPY_DukasM1_the5ers";"Buy";"2006.07.12 06:00:00";"114.365";"0.35";"2006.07.12 14:37:00";"115.209";"191.42";"10282.03";"IS";"PT";"-25.18";"193.17";"8h 37m";""
"151";"USDJPY_DukasM1_the5ers";"Buy";"2006.07.14 05:00:00";"115.747";"0.35";"2006.07.17 01:00:00";"116.293";"122.99";"10405.02";"IS";"Exit After X Bars";"-52.87";"144.42";"2d 20h 0m";""
"152";"USDJPY_DukasM1_the5ers";"Buy";"2006.07.18 18:00:00";"117.330";"0.31";"2006.07.19 13:00:00";"117.623";"57.64";"10462.66";"IS";"Exit After X Bars";"-30.41";"60.81";"19h 0m";""
"153";"USDJPY_DukasM1_the5ers";"Buy";"2006.07.25 18:00:00";"116.870";"0.38";"2006.07.26 11:01:00";"116.804";"-18.55";"10444.11";"IS";"TrailingStop";"-16.40";"129.21";"17h 1m";""
"154";"USDJPY_DukasM1_the5ers";"Buy";"2006.08.21 20:00:00";"115.940";"0.37";"2006.08.22 15:00:00";"116.278";"79.69";"10523.80";"IS";"Exit After X Bars";"-38.71";"99.20";"19h 0m";""
"155";"USDJPY_DukasM1_the5ers";"Buy";"2006.09.06 02:00:00";"116.200";"0.31";"2006.09.06 21:00:00";"116.738";"107.51";"10631.31";"IS";"Exit After X Bars";"-54.73";"139.87";"19h 0m";""
"156";"USDJPY_DukasM1_the5ers";"Buy";"2006.09.15 19:00:00";"117.715";"0.31";"2006.09.18 00:05:00";"117.395";"-66.62";"10564.69";"IS";"TrailingStop";"-96.29";"77.03";"2d 5h 5m";""
"157";"USDJPY_DukasM1_the5ers";"Buy";"2006.09.18 03:00:00";"118.030";"0.25";"2006.09.18 22:00:00";"117.888";"-24.46";"10540.22";"IS";"Exit After X Bars";"-47.41";"40.87";"19h 0m";""
"158";"USDJPY_DukasM1_the5ers";"Buy";"2006.09.25 15:00:00";"116.620";"0.34";"2006.09.26 10:00:00";"116.338";"-64.62";"10475.60";"IS";"Exit After X Bars";"-84.49";"2.22";"19h 0m";""
"159";"USDJPY_DukasM1_the5ers";"Buy";"2006.09.26 19:00:00";"117.170";"0.29";"2006.09.27 14:00:00";"117.268";"16.94";"10492.55";"IS";"Exit After X Bars";"-54.99";"43.62";"19h 0m";""
"160";"USDJPY_DukasM1_the5ers";"Buy";"2006.10.10 13:00:00";"119.495";"0.29";"2006.10.11 08:00:00";"119.528";"4.62";"10497.17";"IS";"Exit After X Bars";"-16.12";"55.94";"19h 0m";""
"161";"USDJPY_DukasM1_the5ers";"Buy";"2006.10.12 03:00:00";"119.730";"0.38";"2006.10.12 09:09:00";"119.326";"-102.29";"10394.88";"IS";"SL";"-100.39";"4.97";"6h 9m";""
"162";"USDJPY_DukasM1_the5ers";"Buy";"2006.10.13 18:00:00";"119.798";"0.35";"2006.10.16 09:14:00";"119.365";"-101.08";"10293.80";"IS";"SL";"-99.10";"3.43";"2d 15h 14m";""
"163";"USDJPY_DukasM1_the5ers";"Buy";"2006.11.08 19:00:00";"117.760";"0.35";"2006.11.09 14:00:00";"118.098";"74.92";"10368.72";"IS";"Exit After X Bars";"-25.18";"91.55";"19h 0m";""
"164";"USDJPY_DukasM1_the5ers";"Buy";"2006.11.16 21:00:00";"118.260";"0.32";"2006.11.17 16:00:00";"118.256";"-2.65";"10366.07";"IS";"Exit After X Bars";"-31.39";"40.18";"19h 0m";""
"165";"USDJPY_DukasM1_the5ers";"Buy";"2006.11.28 14:00:00";"116.330";"0.33";"2006.11.29 02:13:00";"115.865";"-102.21";"10263.86";"IS";"SL";"-100.34";"15.11";"12h 13m";""
"166";"USDJPY_DukasM1_the5ers";"Buy";"2006.11.29 21:00:00";"116.325";"0.27";"2006.11.30 16:00:00";"116.138";"-34.90";"10228.97";"IS";"Exit After X Bars";"-62.68";"41.49";"19h 0m";""
"167";"USDJPY_DukasM1_the5ers";"Buy";"2006.12.08 07:00:00";"115.180";"0.39";"2006.12.08 15:53:00";"115.160";"-7.05";"10221.92";"IS";"TrailingStop";"-5.10";"175.97";"8h 53m";""
"168";"USDJPY_DukasM1_the5ers";"Buy";"2006.12.12 20:00:00";"117.095";"0.29";"2006.12.13 15:00:00";"117.108";"0.83";"10222.74";"IS";"Exit After X Bars";"-88.18";"26.55";"19h 0m";""
"169";"USDJPY_DukasM1_the5ers";"Buy";"2006.12.18 17:00:00";"118.180";"0.31";"2006.12.19 12:00:00";"118.098";"-18.38";"10204.37";"IS";"Exit After X Bars";"-83.11";"26.35";"19h 0m";""
"170";"USDJPY_DukasM1_the5ers";"Buy";"2006.12.20 01:00:00";"118.080";"0.33";"2006.12.20 20:00:00";"118.468";"82.08";"10286.44";"IS";"Exit After X Bars";"-34.53";"86.32";"19h 0m";""
"171";"USDJPY_DukasM1_the5ers";"Buy";"2006.12.22 14:00:00";"118.420";"0.41";"2006.12.25 09:00:00";"118.838";"109.75";"10396.19";"IS";"Exit After X Bars";"-42.90";"147.46";"2d 19h 0m";""
"172";"USDJPY_DukasM1_the5ers";"Buy";"2006.12.26 05:00:00";"118.950";"0.37";"2006.12.27 00:00:00";"119.128";"40.98";"10437.17";"IS";"Exit After X Bars";"-52.02";"67.75";"19h 0m";""
"173";"USDJPY_DukasM1_the5ers";"Buy";"2007.01.01 23:00:00";"119.040";"0.74";"2007.01.02 02:18:00";"118.834";"-103.87";"10333.30";"IS";"SL";"-99.68";"19.36";"3h 18m";""
"174";"USDJPY_DukasM1_the5ers";"Buy";"2007.01.09 01:00:00";"118.830";"0.3";"2007.01.09 20:00:00";"119.198";"70.69";"10403.99";"IS";"Exit After X Bars";"-31.39";"141.25";"19h 0m";""
"175";"USDJPY_DukasM1_the5ers";"Buy";"2007.01.16 01:00:00";"120.480";"0.37";"2007.01.16 20:00:00";"120.643";"37.59";"10441.58";"IS";"Exit After X Bars";"-72.59";"70.17";"19h 0m";""
"176";"USDJPY_DukasM1_the5ers";"Buy";"2007.01.17 22:00:00";"120.680";"0.37";"2007.01.18 15:50:00";"121.476";"190.02";"10631.60";"IS";"PT";"-58.07";"192.59";"17h 50m";""
"177";"USDJPY_DukasM1_the5ers";"Buy";"2007.01.22 10:00:00";"121.410";"0.42";"2007.01.23 05:00:00";"121.718";"82.22";"10713.82";"IS";"Exit After X Bars";"-35.70";"104.37";"19h 0m";""
"178";"USDJPY_DukasM1_the5ers";"Buy";"2007.01.25 22:00:00";"121.120";"0.25";"2007.01.26 17:00:00";"121.439";"50.74";"10764.55";"IS";"Exit After X Bars";"-13.08";"83.54";"19h 0m";""
"179";"USDJPY_DukasM1_the5ers";"Buy";"2007.03.08 09:00:00";"116.750";"0.24";"2007.03.09 04:00:00";"117.325";"88.88";"10853.44";"IS";"Exit After X Bars";"-36.10";"114.57";"19h 0m";""
"180";"USDJPY_DukasM1_the5ers";"Buy";"2007.03.21 17:00:00";"117.890";"0.3";"2007.03.21 20:22:00";"117.388";"-99.98";"10753.46";"IS";"SL";"-98.48";"0.00";"3h 22m";""
"181";"USDJPY_DukasM1_the5ers";"Buy";"2007.03.22 20:00:00";"118.160";"0.26";"2007.03.23 11:10:00";"117.628";"-91.92";"10661.54";"IS";"TrailingStop";"-90.45";"12.07";"15h 10m";""
"182";"USDJPY_DukasM1_the5ers";"Buy";"2007.03.26 12:00:00";"118.240";"0.31";"2007.03.26 16:07:00";"117.809";"-88.92";"10572.62";"IS";"TrailingStop";"-87.37";"37.50";"4h 7m";""
"183";"USDJPY_DukasM1_the5ers";"Buy";"2007.04.03 08:00:00";"118.050";"0.34";"2007.04.03 22:32:00";"118.924";"192.62";"10765.23";"IS";"PT";"-14.45";"194.32";"14h 32m";""
"184";"USDJPY_DukasM1_the5ers";"Buy";"2007.04.20 05:00:00";"118.585";"0.27";"2007.04.23 01:00:00";"118.698";"18.42";"10783.66";"IS";"Exit After X Bars";"-11.48";"65.33";"2d 20h 0m";""
"185";"USDJPY_DukasM1_the5ers";"Buy";"2007.04.23 18:00:00";"118.720";"0.31";"2007.04.24 05:07:00";"118.234";"-100.27";"10683.39";"IS";"SL";"-98.52";"2.03";"11h 7m";""
"186";"USDJPY_DukasM1_the5ers";"Buy";"2007.04.24 23:00:00";"118.600";"0.31";"2007.04.25 18:00:00";"118.468";"-28.51";"10654.88";"IS";"Exit After X Bars";"-68.92";"48.65";"19h 0m";""
"187";"USDJPY_DukasM1_the5ers";"Buy";"2007.04.25 22:00:00";"118.695";"0.35";"2007.04.26 17:00:00";"119.298";"135.57";"10790.45";"IS";"Exit After X Bars";"-37.76";"183.10";"19h 0m";""
"188";"USDJPY_DukasM1_the5ers";"Buy";"2007.04.27 20:00:00";"119.745";"0.31";"2007.04.30 00:05:00";"119.254";"-101.29";"10689.16";"IS";"SL";"-99.53";"1.01";"2d 4h 5m";""
"189";"USDJPY_DukasM1_the5ers";"Buy";"2007.04.30 04:00:00";"119.600";"0.3";"2007.04.30 23:00:00";"119.468";"-27.40";"10661.77";"IS";"Exit After X Bars";"-59.83";"29.43";"19h 0m";""
"190";"USDJPY_DukasM1_the5ers";"Buy";"2007.05.01 20:00:00";"119.810";"0.31";"2007.05.02 08:59:00";"119.548";"-54.86";"10606.90";"IS";"TrailingStop";"-53.11";"68.92";"12h 59m";""
"191";"USDJPY_DukasM1_the5ers";"Buy";"2007.05.03 18:00:00";"120.350";"0.38";"2007.05.04 13:00:00";"120.328";"-7.62";"10599.29";"IS";"Exit After X Bars";"-37.27";"28.58";"19h 0m";""
"192";"USDJPY_DukasM1_the5ers";"Buy";"2007.05.09 14:00:00";"120.055";"0.39";"2007.05.09 17:17:00";"119.664";"-101.67";"10497.62";"IS";"SL";"-99.72";"6.38";"3h 17m";""
"193";"USDJPY_DukasM1_the5ers";"Buy";"2007.05.16 12:00:00";"120.390";"0.46";"2007.05.17 07:00:00";"120.818";"125.54";"10623.16";"IS";"Exit After X Bars";"-33.09";"144.39";"19h 0m";""
"194";"USDJPY_DukasM1_the5ers";"Buy";"2007.05.21 14:00:00";"121.530";"0.41";"2007.05.22 09:00:00";"121.473";"-17.60";"10605.56";"IS";"Exit After X Bars";"-45.58";"26.81";"19h 0m";""
"195";"USDJPY_DukasM1_the5ers";"Buy";"2007.05.23 03:00:00";"121.710";"0.44";"2007.05.23 14:54:00";"121.436";"-81.04";"10524.53";"IS";"TrailingStop";"-78.84";"46.04";"11h 54m";""
"196";"USDJPY_DukasM1_the5ers";"Buy";"2007.05.25 15:00:00";"121.645";"0.35";"2007.05.28 10:00:00";"121.638";"-3.58";"10520.95";"IS";"Exit After X Bars";"-33.19";"51.50";"2d 19h 0m";""
"197";"USDJPY_DukasM1_the5ers";"Buy";"2007.05.29 20:00:00";"121.675";"0.4";"2007.05.30 04:30:00";"121.294";"-101.92";"10419.03";"IS";"SL";"-99.66";"17.00";"8h 30m";""
"198";"USDJPY_DukasM1_the5ers";"Buy";"2007.05.31 19:00:00";"121.770";"0.38";"2007.06.01 14:00:00";"121.958";"44.57";"10463.59";"IS";"Exit After X Bars";"-37.27";"48.46";"19h 0m";""
"199";"USDJPY_DukasM1_the5ers";"Buy";"2007.06.08 15:00:00";"121.580";"0.27";"2007.06.11 10:00:00";"121.648";"10.48";"10474.07";"IS";"Exit After X Bars";"-17.66";"44.14";"2d 19h 0m";""
"200";"USDJPY_DukasM1_the5ers";"Buy";"2007.06.13 07:00:00";"121.810";"0.44";"2007.06.13 13:31:00";"122.487";"192.59";"10666.66";"IS";"PT";"-5.75";"194.79";"6h 31m";""
"201";"USDJPY_DukasM1_the5ers";"Buy";"2007.06.19 01:00:00";"123.630";"0.45";"2007.06.19 20:00:00";"123.388";"-73.46";"10593.20";"IS";"Exit After X Bars";"-91.22";"29.43";"19h 0m";""
"202";"USDJPY_DukasM1_the5ers";"Buy";"2007.07.04 15:00:00";"122.520";"0.37";"2007.07.05 10:00:00";"122.798";"64.69";"10657.89";"IS";"Exit After X Bars";"-26.61";"87.10";"19h 0m";""
"203";"USDJPY_DukasM1_the5ers";"Buy";"2007.07.19 21:00:00";"122.050";"0.35";"2007.07.20 15:32:00";"121.954";"-23.95";"10633.94";"IS";"TrailingStop";"-41.20";"89.26";"18h 32m";""
"204";"USDJPY_DukasM1_the5ers";"Buy";"2007.07.30 12:00:00";"118.770";"0.19";"2007.07.31 07:00:00";"118.908";"16.07";"10650.01";"IS";"Exit After X Bars";"-85.73";"59.64";"19h 0m";""
"205";"USDJPY_DukasM1_the5ers";"Buy";"2007.08.08 04:00:00";"118.960";"0.25";"2007.08.08 23:00:00";"119.678";"116.13";"10766.14";"IS";"Exit After X Bars";"-36.78";"142.23";"19h 0m";""
"206";"USDJPY_DukasM1_the5ers";"Buy";"2007.08.22 13:00:00";"114.870";"0.2";"2007.08.23 08:00:00";"115.818";"122.59";"10888.73";"IS";"Exit After X Bars";"-9.15";"156.94";"19h 0m";""
"207";"USDJPY_DukasM1_the5ers";"Buy";"2007.08.24 22:00:00";"116.230";"0.18";"2007.08.27 17:00:00";"116.058";"-21.26";"10867.46";"IS";"Exit After X Bars";"-34.72";"61.21";"2d 19h 0m";""
"208";"USDJPY_DukasM1_the5ers";"Buy";"2007.08.31 05:00:00";"116.090";"0.21";"2007.08.31 18:03:00";"115.695";"-55.29";"10812.17";"IS";"TrailingStop";"-54.24";"71.41";"13h 3m";""
"209";"USDJPY_DukasM1_the5ers";"Buy";"2007.09.04 19:00:00";"116.210";"0.26";"2007.09.05 07:27:00";"115.764";"-77.30";"10734.87";"IS";"TrailingStop";"-75.83";"44.20";"12h 27m";""
"210";"USDJPY_DukasM1_the5ers";"Buy";"2007.09.13 05:00:00";"114.365";"0.3";"2007.09.13 17:23:00";"115.345";"190.75";"10925.63";"IS";"PT";"-49.04";"192.25";"12h 23m";""
"211";"USDJPY_DukasM1_the5ers";"Buy";"2007.09.14 19:00:00";"115.320";"0.22";"2007.09.17 13:00:00";"114.818";"-73.46";"10852.16";"IS";"Exit After X Bars";"-94.95";"10.07";"2d 18h 0m";""
"212";"USDJPY_DukasM1_the5ers";"Buy";"2007.09.26 06:00:00";"114.970";"0.3";"2007.09.27 01:00:00";"115.423";"86.78";"10938.94";"IS";"Exit After X Bars";"-46.10";"151.06";"19h 0m";""
"213";"USDJPY_DukasM1_the5ers";"Buy";"2007.10.02 21:00:00";"115.845";"0.32";"2007.10.03 16:00:00";"116.358";"105.54";"11044.48";"IS";"Exit After X Bars";"-60.68";"130.78";"19h 0m";""
"214";"USDJPY_DukasM1_the5ers";"Buy";"2007.10.05 16:00:00";"116.685";"0.3";"2007.10.08 11:00:00";"117.338";"126.41";"11170.89";"IS";"Exit After X Bars";"-16.67";"136.34";"2d 19h 0m";""
"215";"USDJPY_DukasM1_the5ers";"Buy";"2007.10.11 07:00:00";"117.370";"0.4";"2007.10.11 20:28:00";"117.292";"-22.40";"11148.48";"IS";"TrailingStop";"-54.93";"109.86";"13h 28m";""
"216";"USDJPY_DukasM1_the5ers";"Buy";"2007.10.26 05:00:00";"114.300";"0.27";"2007.10.29 01:00:00";"114.108";"-35.43";"11113.06";"IS";"Exit After X Bars";"-56.50";"49.44";"2d 20h 0m";""
"217";"USDJPY_DukasM1_the5ers";"Buy";"2007.10.29 14:00:00";"114.680";"0.34";"2007.10.30 09:00:00";"114.448";"-53.50";"11059.56";"IS";"Exit After X Bars";"-60.03";"48.91";"19h 0m";""
"218";"USDJPY_DukasM1_the5ers";"Buy";"2007.10.30 20:00:00";"114.900";"0.39";"2007.10.31 15:00:00";"115.358";"114.60";"11174.15";"IS";"Exit After X Bars";"-94.36";"122.41";"19h 0m";""
"219";"USDJPY_DukasM1_the5ers";"Buy";"2007.11.27 20:00:00";"108.610";"0.17";"2007.11.28 15:00:00";"109.878";"140.00";"11314.15";"IS";"Exit After X Bars";"-39.46";"164.53";"19h 0m";""
"220";"USDJPY_DukasM1_the5ers";"Buy";"2007.11.30 05:00:00";"110.210";"0.2";"2007.12.03 01:00:00";"110.958";"96.70";"11410.85";"IS";"Exit After X Bars";"-24.85";"132.09";"2d 20h 0m";""
"221";"USDJPY_DukasM1_the5ers";"Buy";"2007.12.05 10:00:00";"110.535";"0.28";"2007.12.06 05:00:00";"111.128";"106.63";"11517.47";"IS";"Exit After X Bars";"-75.99";"118.10";"19h 0m";""
"222";"USDJPY_DukasM1_the5ers";"Buy";"2007.12.12 19:00:00";"112.370";"0.23";"2007.12.13 07:37:00";"111.715";"-100.11";"11417.36";"IS";"SL";"-98.51";"0.00";"12h 37m";""
"223";"USDJPY_DukasM1_the5ers";"Buy";"2007.12.14 00:00:00";"112.240";"0.25";"2007.12.14 19:00:00";"113.353";"180.70";"11598.06";"IS";"Exit After X Bars";"-8.17";"196.18";"19h 0m";""
"224";"USDJPY_DukasM1_the5ers";"Buy";"2007.12.18 22:00:00";"113.300";"0.32";"2007.12.19 11:23:00";"112.850";"-95.97";"11502.09";"IS";"TrailingStop";"-94.16";"32.43";"13h 23m";""
"225";"USDJPY_DukasM1_the5ers";"Buy";"2007.12.19 20:00:00";"113.390";"0.3";"2007.12.20 15:00:00";"113.138";"-51.52";"11450.56";"IS";"Exit After X Bars";"-94.16";"12.75";"19h 0m";""
"226";"USDJPY_DukasM1_the5ers";"Buy";"2008.01.09 09:00:00";"109.595";"0.23";"2008.01.10 04:00:00";"109.858";"37.95";"11488.52";"IS";"Exit After X Bars";"-72.94";"78.96";"19h 0m";""
"227";"USDJPY_DukasM1_the5ers";"Buy";"2008.01.18 09:00:00";"107.185";"0.18";"2008.01.21 04:00:00";"106.828";"-43.04";"11445.48";"IS";"Exit After X Bars";"-80.04";"47.08";"2d 19h 0m";""
"228";"USDJPY_DukasM1_the5ers";"Buy";"2008.01.24 02:00:00";"106.760";"0.15";"2008.01.24 21:00:00";"106.803";"3.47";"11448.95";"IS";"Exit After X Bars";"-80.43";"17.17";"19h 0m";""
"229";"USDJPY_DukasM1_the5ers";"Buy";"2008.01.29 09:00:00";"106.880";"0.23";"2008.01.30 04:00:00";"106.868";"-3.11";"11445.84";"IS";"Exit After X Bars";"-60.91";"52.64";"19h 0m";""
"230";"USDJPY_DukasM1_the5ers";"Buy";"2008.02.04 01:00:00";"106.660";"0.21";"2008.02.04 20:00:00";"106.708";"5.54";"11451.38";"IS";"Exit After X Bars";"-20.60";"59.05";"19h 0m";""
"231";"USDJPY_DukasM1_the5ers";"Buy";"2008.02.05 10:00:00";"106.995";"0.37";"2008.02.05 15:55:00";"107.104";"24.52";"11475.91";"IS";"TrailingStop";"-4.84";"180.25";"5h 55m";""
"232";"USDJPY_DukasM1_the5ers";"Buy";"2008.02.07 20:00:00";"107.380";"0.23";"2008.02.08 15:00:00";"107.428";"5.92";"11481.83";"IS";"Exit After X Bars";"-36.10";"66.18";"19h 0m";""
"233";"USDJPY_DukasM1_the5ers";"Buy";"2008.02.18 16:00:00";"108.115";"0.35";"2008.02.19 07:46:00";"107.793";"-75.68";"11406.15";"IS";"TrailingStop";"-73.70";"37.76";"15h 46m";""
"234";"USDJPY_DukasM1_the5ers";"Buy";"2008.02.25 13:00:00";"107.805";"0.33";"2008.02.26 08:00:00";"107.898";"18.20";"11424.35";"IS";"Exit After X Bars";"-48.55";"89.55";"19h 0m";""
"235";"USDJPY_DukasM1_the5ers";"Buy";"2008.03.05 02:00:00";"103.395";"0.22";"2008.03.05 21:00:00";"103.763";"51.84";"11476.20";"IS";"Exit After X Bars";"-17.98";"112.93";"19h 0m";""
"236";"USDJPY_DukasM1_the5ers";"Buy";"2008.03.20 12:00:00";"100.075";"0.14";"2008.03.20 16:42:00";"98.982";"-100.76";"11375.43";"IS";"SL";"-100.06";"12.36";"4h 42m";""
"237";"USDJPY_DukasM1_the5ers";"Buy";"2008.03.27 16:00:00";"99.870";"0.18";"2008.03.28 12:00:00";"100.013";"15.81";"11391.25";"IS";"Exit After X Bars";"-67.09";"40.02";"20h 0m";""
"238";"USDJPY_DukasM1_the5ers";"Buy";"2008.03.31 05:00:00";"99.940";"0.17";"2008.04.01 00:00:00";"99.678";"-30.09";"11361.16";"IS";"Exit After X Bars";"-81.15";"7.78";"19h 0m";""
"239";"USDJPY_DukasM1_the5ers";"Buy";"2008.04.01 12:00:00";"100.160";"0.22";"2008.04.01 17:21:00";"101.517";"194.12";"11555.28";"IS";"PT";"-11.51";"195.22";"5h 21m";""
"240";"USDJPY_DukasM1_the5ers";"Buy";"2008.04.04 04:00:00";"102.490";"0.24";"2008.04.04 15:30:00";"101.934";"-88.46";"11466.82";"IS";"TrailingStop";"-87.26";"30.60";"11h 30m";""
"241";"USDJPY_DukasM1_the5ers";"Buy";"2008.04.07 12:00:00";"102.670";"0.21";"2008.04.08 07:00:00";"102.338";"-46.78";"11420.04";"IS";"Exit After X Bars";"-83.77";"15.11";"19h 0m";""
"242";"USDJPY_DukasM1_the5ers";"Buy";"2008.04.15 08:00:00";"101.270";"0.21";"2008.04.16 03:00:00";"101.688";"56.21";"11476.26";"IS";"Exit After X Bars";"-65.92";"90.63";"19h 0m";""
"243";"USDJPY_DukasM1_the5ers";"Buy";"2008.04.23 18:00:00";"103.615";"0.24";"2008.04.24 13:00:00";"103.643";"2.72";"11478.98";"IS";"Exit After X Bars";"-61.21";"51.01";"19h 0m";""
"244";"USDJPY_DukasM1_the5ers";"Buy";"2008.04.30 16:00:00";"104.550";"0.26";"2008.04.30 21:56:00";"103.985";"-97.36";"11381.62";"IS";"TrailingStop";"-96.06";"42.50";"5h 56m";""
"245";"USDJPY_DukasM1_the5ers";"Buy";"2008.05.02 00:00:00";"104.430";"0.25";"2008.05.02 15:37:00";"105.634";"195.58";"11577.20";"IS";"PT";"-16.35";"196.83";"15h 37m";""
"246";"USDJPY_DukasM1_the5ers";"Buy";"2008.05.12 13:00:00";"103.850";"0.25";"2008.05.13 08:00:00";"103.908";"8.07";"11585.27";"IS";"Exit After X Bars";"-96.45";"29.43";"19h 0m";""
"247";"USDJPY_DukasM1_the5ers";"Buy";"2008.05.13 16:00:00";"104.495";"0.22";"2008.05.14 11:00:00";"105.153";"93.42";"11678.69";"IS";"Exit After X Bars";"-29.49";"102.86";"19h 0m";""
"248";"USDJPY_DukasM1_the5ers";"Buy";"2008.05.22 17:00:00";"103.790";"0.24";"2008.05.23 12:00:00";"103.798";"-0.10";"11678.58";"IS";"Exit After X Bars";"-7.85";"92.60";"19h 0m";""
"249";"USDJPY_DukasM1_the5ers";"Buy";"2008.06.05 00:00:00";"105.215";"0.23";"2008.06.05 19:00:00";"105.993";"115.86";"11794.45";"IS";"Exit After X Bars";"-5.26";"181.23";"19h 0m";""
"250";"USDJPY_DukasM1_the5ers";"Buy";"2008.06.12 14:00:00";"107.720";"0.28";"2008.06.13 09:00:00";"107.818";"16.36";"11810.81";"IS";"Exit After X Bars";"-27.46";"65.92";"19h 0m";""
"251";"USDJPY_DukasM1_the5ers";"Buy";"2008.07.02 12:00:00";"106.480";"0.25";"2008.07.02 15:59:00";"106.029";"-74.98";"11735.83";"IS";"TrailingStop";"-73.73";"46.59";"3h 59m";""
"252";"USDJPY_DukasM1_the5ers";"Buy";"2008.07.03 07:00:00";"106.070";"0.28";"2008.07.04 02:00:00";"106.748";"122.56";"11858.38";"IS";"Exit After X Bars";"-27.46";"157.46";"19h 0m";""
"253";"USDJPY_DukasM1_the5ers";"Buy";"2008.07.07 01:00:00";"106.790";"0.41";"2008.07.07 09:48:00";"107.519";"193.40";"12051.78";"IS";"PT";"-34.85";"195.45";"8h 48m";""
"254";"USDJPY_DukasM1_the5ers";"Buy";"2008.07.22 20:00:00";"107.275";"0.27";"2008.07.23 15:00:00";"107.698";"73.16";"12124.94";"IS";"Exit After X Bars";"-21.19";"110.35";"19h 0m";""
"255";"USDJPY_DukasM1_the5ers";"Buy";"2008.07.25 19:00:00";"107.900";"0.28";"2008.07.28 14:00:00";"107.638";"-49.55";"12075.39";"IS";"Exit After X Bars";"-60.42";"31.13";"2d 19h 0m";""
"256";"USDJPY_DukasM1_the5ers";"Buy";"2008.08.05 20:00:00";"108.260";"0.36";"2008.08.06 15:00:00";"108.558";"68.12";"12143.50";"IS";"Exit After X Bars";"-61.21";"103.58";"19h 0m";""
"257";"USDJPY_DukasM1_the5ers";"Buy";"2008.08.08 07:00:00";"109.700";"0.33";"2008.08.11 02:00:00";"110.098";"84.02";"12227.52";"IS";"Exit After X Bars";"-56.97";"148.90";"2d 19h 0m";""
"258";"USDJPY_DukasM1_the5ers";"Buy";"2008.08.12 05:00:00";"110.115";"0.28";"2008.08.12 17:39:00";"109.628";"-90.57";"12136.96";"IS";"TrailingStop";"-89.17";"43.03";"12h 39m";""
"259";"USDJPY_DukasM1_the5ers";"Buy";"2008.08.27 20:00:00";"109.850";"0.25";"2008.08.28 06:48:00";"109.257";"-98.68";"12038.27";"IS";"SL";"-96.94";"0.82";"10h 48m";""
"260";"USDJPY_DukasM1_the5ers";"Buy";"2008.09.02 13:00:00";"108.790";"0.21";"2008.09.03 08:00:00";"109.013";"29.44";"12067.71";"IS";"Exit After X Bars";"-49.44";"52.87";"19h 0m";""
"261";"USDJPY_DukasM1_the5ers";"Buy";"2008.09.08 01:00:00";"108.910";"0.13";"2008.09.08 19:12:00";"107.811";"-94.08";"11973.63";"IS";"SL";"-93.43";"14.45";"18h 12m";""
"262";"USDJPY_DukasM1_the5ers";"Buy";"2008.09.10 21:00:00";"107.645";"0.15";"2008.09.11 14:36:00";"106.675";"-96.19";"11877.44";"IS";"TrailingStop";"-95.15";"23.05";"17h 36m";""
"263";"USDJPY_DukasM1_the5ers";"Buy";"2008.09.17 00:00:00";"105.650";"0.1";"2008.09.17 17:38:00";"104.698";"-62.75";"11814.69";"IS";"TrailingStop";"-62.25";"68.01";"17h 38m";""
"264";"USDJPY_DukasM1_the5ers";"Buy";"2008.09.18 23:00:00";"105.675";"0.11";"2008.09.19 18:00:00";"106.813";"81.24";"11895.92";"IS";"Exit After X Bars";"-33.45";"168.68";"19h 0m";""
"265";"USDJPY_DukasM1_the5ers";"Buy";"2008.09.25 19:00:00";"106.490";"0.19";"2008.09.26 03:36:00";"105.933";"-70.28";"11825.65";"IS";"TrailingStop";"-69.20";"65.23";"8h 36m";""
"266";"USDJPY_DukasM1_the5ers";"Buy";"2008.09.29 05:00:00";"106.795";"0.2";"2008.09.29 10:50:00";"106.057";"-97.52";"11728.13";"IS";"SL";"-96.52";"0.00";"5h 50m";""
"267";"USDJPY_DukasM1_the5ers";"Buy";"2008.10.13 01:00:00";"100.680";"0.09";"2008.10.13 20:00:00";"101.008";"18.85";"11746.98";"IS";"Exit After X Bars";"-65.92";"35.31";"19h 0m";""
"268";"USDJPY_DukasM1_the5ers";"Buy";"2008.10.16 23:00:00";"101.565";"0.12";"2008.10.17 18:00:00";"101.403";"-13.39";"11733.59";"IS";"Exit After X Bars";"-75.72";"19.62";"19h 0m";""
"269";"USDJPY_DukasM1_the5ers";"Buy";"2008.10.28 08:00:00";"95.445";"0.07";"2008.10.29 00:01:00";"99.559";"187.92";"11921.51";"IS";"PT";"-55.84";"188.32";"16h 1m";""
"270";"USDJPY_DukasM1_the5ers";"Buy";"2008.10.30 05:00:00";"98.595";"0.08";"2008.10.31 00:00:00";"98.588";"-0.82";"11920.69";"IS";"Exit After X Bars";"-63.30";"23.54";"19h 0m";""
"271";"USDJPY_DukasM1_the5ers";"Buy";"2008.11.03 05:00:00";"99.315";"0.1";"2008.11.04 00:00:00";"99.103";"-14.43";"11906.26";"IS";"Exit After X Bars";"-66.70";"21.58";"19h 0m";""
"272";"USDJPY_DukasM1_the5ers";"Buy";"2008.11.04 15:00:00";"99.605";"0.14";"2008.11.05 10:00:00";"99.368";"-22.49";"11883.78";"IS";"Exit After X Bars";"-39.82";"86.97";"19h 0m";""
"273";"USDJPY_DukasM1_the5ers";"Buy";"2008.11.07 20:00:00";"98.045";"0.13";"2008.11.10 15:00:00";"99.188";"96.43";"11980.21";"IS";"Exit After X Bars";"-9.78";"121.56";"2d 19h 0m";""
"274";"USDJPY_DukasM1_the5ers";"Buy";"2008.11.17 05:00:00";"96.915";"0.1";"2008.11.18 00:00:00";"96.413";"-33.39";"11946.81";"IS";"Exit After X Bars";"-46.43";"40.87";"19h 0m";""
"275";"USDJPY_DukasM1_the5ers";"Buy";"2008.11.19 02:00:00";"96.760";"0.14";"2008.11.19 21:00:00";"96.373";"-36.13";"11910.68";"IS";"Exit After X Bars";"-51.73";"30.21";"19h 0m";""
"276";"USDJPY_DukasM1_the5ers";"Buy";"2008.11.21 20:00:00";"95.365";"0.12";"2008.11.24 15:00:00";"95.783";"32.12";"11942.81";"IS";"Exit After X Bars";"-45.51";"55.32";"2d 19h 0m";""
"277";"USDJPY_DukasM1_the5ers";"Buy";"2008.11.28 22:00:00";"95.655";"0.28";"2008.12.01 09:56:00";"95.115";"-100.46";"11842.35";"IS";"SL";"-98.87";"2.75";"2d 11h 56m";""
"278";"USDJPY_DukasM1_the5ers";"Buy";"2008.12.04 01:00:00";"93.325";"0.18";"2008.12.04 13:24:00";"92.486";"-99.65";"11742.70";"IS";"SL";"-98.75";"10.00";"12h 24m";""
"279";"USDJPY_DukasM1_the5ers";"Buy";"2008.12.22 03:00:00";"89.975";"0.14";"2008.12.22 22:00:00";"90.048";"5.98";"11748.68";"IS";"Exit After X Bars";"-40.28";"44.86";"19h 0m";""
"280";"USDJPY_DukasM1_the5ers";"Buy";"2008.12.30 02:00:00";"90.665";"0.27";"2008.12.30 07:50:00";"90.097";"-101.64";"11647.04";"IS";"SL";"-100.29";"52.97";"5h 50m";""
"281";"USDJPY_DukasM1_the5ers";"Buy";"2009.01.02 21:00:00";"91.870";"0.25";"2009.01.05 11:31:00";"93.044";"190.51";"11837.56";"IS";"PT";"-25.34";"191.93";"2d 14h 31m";""
"282";"USDJPY_DukasM1_the5ers";"Buy";"2009.01.15 19:00:00";"89.600";"0.18";"2009.01.16 14:00:00";"90.718";"130.58";"11968.13";"IS";"Exit After X Bars";"-47.08";"133.01";"19h 0m";""
"283";"USDJPY_DukasM1_the5ers";"Buy";"2009.01.23 18:00:00";"89.395";"0.16";"2009.01.26 00:25:00";"88.442";"-100.61";"11867.52";"IS";"SL";"-99.71";"5.23";"2d 6h 25m";""
"284";"USDJPY_DukasM1_the5ers";"Buy";"2009.01.26 06:00:00";"89.235";"0.16";"2009.01.27 01:00:00";"89.068";"-18.38";"11849.14";"IS";"Exit After X Bars";"-74.29";"47.08";"19h 0m";""
"285";"USDJPY_DukasM1_the5ers";"Buy";"2009.02.04 05:00:00";"89.640";"0.24";"2009.02.04 09:25:00";"89.004";"-101.01";"11748.13";"IS";"SL";"-99.81";"6.28";"4h 25m";""
"286";"USDJPY_DukasM1_the5ers";"Buy";"2009.02.05 12:00:00";"89.780";"0.26";"2009.02.05 18:33:00";"90.940";"195.92";"11944.05";"IS";"PT";"-38.25";"197.22";"6h 33m";""
"287";"USDJPY_DukasM1_the5ers";"Buy";"2009.02.17 04:00:00";"92.175";"0.28";"2009.02.17 11:04:00";"91.930";"-46.26";"11897.79";"IS";"TrailingStop";"-44.86";"105.28";"7h 4m";""
"288";"USDJPY_DukasM1_the5ers";"Buy";"2009.02.18 12:00:00";"92.590";"0.26";"2009.02.18 18:22:00";"93.734";"193.20";"12090.99";"IS";"PT";"-18.70";"194.50";"6h 22m";""
"289";"USDJPY_DukasM1_the5ers";"Buy";"2009.02.23 14:00:00";"94.825";"0.16";"2009.02.24 09:00:00";"95.118";"29.75";"12120.74";"IS";"Exit After X Bars";"-71.15";"53.88";"19h 0m";""
"290";"USDJPY_DukasM1_the5ers";"Buy";"2009.03.09 09:00:00";"98.345";"0.18";"2009.03.10 04:00:00";"98.863";"59.95";"12180.70";"IS";"Exit After X Bars";"-2.94";"99.46";"19h 0m";""
"291";"USDJPY_DukasM1_the5ers";"Buy";"2009.03.16 22:00:00";"98.165";"0.21";"2009.03.17 17:00:00";"98.768";"81.62";"12262.32";"IS";"Exit After X Bars";"-12.36";"110.55";"19h 0m";""
"292";"USDJPY_DukasM1_the5ers";"Buy";"2009.03.26 09:00:00";"98.055";"0.19";"2009.03.27 05:00:00";"98.533";"58.31";"12320.63";"IS";"Exit After X Bars";"-19.26";"101.26";"20h 0m";""
"293";"USDJPY_DukasM1_the5ers";"Buy";"2009.03.31 07:00:00";"98.330";"0.17";"2009.04.01 02:00:00";"98.998";"73.30";"12393.93";"IS";"Exit After X Bars";"-51.14";"115.61";"19h 0m";""
"294";"USDJPY_DukasM1_the5ers";"Buy";"2009.04.13 11:00:00";"100.660";"0.38";"2009.04.13 16:36:00";"100.260";"-101.30";"12292.63";"IS";"SL";"-99.40";"9.94";"5h 36m";""
"295";"USDJPY_DukasM1_the5ers";"Buy";"2009.04.16 23:00:00";"99.320";"0.24";"2009.04.17 17:27:00";"98.976";"-55.34";"12237.29";"IS";"TrailingStop";"-53.99";"68.27";"18h 27m";""
"296";"USDJPY_DukasM1_the5ers";"Buy";"2009.04.29 05:00:00";"96.860";"0.27";"2009.04.29 21:22:00";"97.949";"190.92";"12428.21";"IS";"PT";"-50.32";"192.27";"16h 22m";""
"297";"USDJPY_DukasM1_the5ers";"Buy";"2009.06.01 19:00:00";"96.540";"0.17";"2009.06.02 13:37:00";"95.683";"-96.23";"12331.98";"OOS1";"SL";"-95.27";"28.90";"18h 37m";""
"298";"USDJPY_DukasM1_the5ers";"Buy";"2009.06.10 19:00:00";"98.145";"0.26";"2009.06.11 07:33:00";"97.773";"-65.06";"12266.92";"OOS1";"TrailingStop";"-63.25";"50.16";"12h 33m";""
"299";"USDJPY_DukasM1_the5ers";"Buy";"2009.06.24 22:00:00";"95.750";"0.23";"2009.06.25 17:00:00";"96.228";"70.29";"12337.21";"OOS1";"Exit After X Bars";"-38.35";"122.58";"19h 0m";""
"300";"USDJPY_DukasM1_the5ers";"Buy";"2009.08.03 22:00:00";"95.310";"0.32";"2009.08.04 11:16:00";"94.890";"-89.70";"12247.52";"OOS1";"TrailingStop";"-87.89";"32.43";"13h 16m";""
"301";"USDJPY_DukasM1_the5ers";"Buy";"2009.08.04 19:00:00";"95.420";"0.3";"2009.08.05 08:14:00";"94.911";"-101.55";"12145.97";"OOS1";"SL";"-99.85";"1.96";"13h 14m";""
"302";"USDJPY_DukasM1_the5ers";"Buy";"2009.08.05 14:00:00";"95.375";"0.33";"2009.08.05 17:10:00";"94.919";"-100.05";"12045.92";"OOS1";"SL";"-98.40";"2.16";"3h 10m";""
"303";"USDJPY_DukasM1_the5ers";"Buy";"2009.08.07 16:00:00";"96.460";"0.25";"2009.08.07 18:52:00";"97.655";"194.11";"12240.02";"OOS1";"PT";"-3.27";"195.36";"2h 52m";""
"304";"USDJPY_DukasM1_the5ers";"Buy";"2009.08.18 06:00:00";"94.940";"0.3";"2009.08.18 15:56:00";"94.640";"-60.35";"12179.67";"OOS1";"TrailingStop";"-58.85";"67.68";"9h 56m";""
"305";"USDJPY_DukasM1_the5ers";"Buy";"2009.08.21 20:00:00";"94.540";"0.24";"2009.08.24 15:00:00";"94.623";"11.67";"12191.34";"OOS1";"Exit After X Bars";"-51.79";"82.39";"2d 19h 0m";""
"306";"USDJPY_DukasM1_the5ers";"Buy";"2009.08.26 17:00:00";"94.450";"0.3";"2009.08.27 03:35:00";"93.941";"-101.94";"12089.40";"OOS1";"SL";"-99.85";"23.54";"10h 35m";""
"307";"USDJPY_DukasM1_the5ers";"Buy";"2009.09.01 20:00:00";"93.090";"0.31";"2009.09.02 02:36:00";"92.605";"-100.07";"11989.33";"OOS1";"SL";"-98.32";"8.11";"6h 36m";""
"308";"USDJPY_DukasM1_the5ers";"Buy";"2009.09.18 21:00:00";"91.435";"0.29";"2009.09.21 15:21:00";"92.456";"191.98";"12181.31";"OOS1";"PT";"-30.34";"193.62";"2d 18h 21m";""
"309";"USDJPY_DukasM1_the5ers";"Buy";"2009.10.26 16:00:00";"92.060";"0.36";"2009.10.27 11:00:00";"91.903";"-38.99";"12142.31";"OOS1";"Exit After X Bars";"-55.32";"61.21";"19h 0m";""
"310";"USDJPY_DukasM1_the5ers";"Buy";"2009.11.03 17:00:00";"90.445";"0.29";"2009.11.04 12:00:00";"90.933";"90.90";"12233.22";"OOS1";"Exit After X Bars";"-75.85";"97.66";"19h 0m";""
"311";"USDJPY_DukasM1_the5ers";"Buy";"2009.11.11 20:00:00";"89.895";"0.38";"2009.11.12 15:00:00";"89.978";"17.98";"12251.20";"OOS1";"Exit After X Bars";"-63.36";"22.36";"19h 0m";""
"312";"USDJPY_DukasM1_the5ers";"Buy";"2009.11.12 17:00:00";"90.310";"0.37";"2009.11.13 11:12:00";"90.004";"-76.13";"12175.07";"OOS1";"TrailingStop";"-74.04";"72.59";"18h 12m";""
"313";"USDJPY_DukasM1_the5ers";"Buy";"2009.11.27 19:00:00";"86.880";"0.18";"2009.11.30 07:31:00";"86.040";"-99.89";"12075.18";"OOS1";"SL";"-98.87";"17.89";"2d 12h 31m";""
"314";"USDJPY_DukasM1_the5ers";"Buy";"2009.12.01 06:00:00";"87.215";"0.21";"2009.12.01 18:02:00";"86.567";"-90.04";"11985.14";"OOS1";"TrailingStop";"-88.99";"43.26";"12h 2m";""
"315";"USDJPY_DukasM1_the5ers";"Buy";"2009.12.02 12:00:00";"87.350";"0.28";"2009.12.03 07:00:00";"87.788";"78.25";"12063.39";"OOS1";"Exit After X Bars";"-67.75";"103.45";"19h 0m";""
"316";"USDJPY_DukasM1_the5ers";"Buy";"2009.12.17 00:00:00";"89.775";"0.34";"2009.12.17 09:35:00";"89.683";"-22.15";"12041.23";"OOS1";"TrailingStop";"-20.45";"106.72";"9h 35m";""
"317";"USDJPY_DukasM1_the5ers";"Buy";"2009.12.18 13:00:00";"90.290";"0.23";"2009.12.21 08:00:00";"90.283";"-2.35";"12038.88";"OOS1";"Exit After X Bars";"-25.57";"93.25";"2d 19h 0m";""
"318";"USDJPY_DukasM1_the5ers";"Buy";"2009.12.28 01:00:00";"91.565";"0.38";"2009.12.28 20:00:00";"91.568";"-1.15";"12037.73";"OOS1";"Exit After X Bars";"-39.76";"49.70";"19h 0m";""
"319";"USDJPY_DukasM1_the5ers";"Buy";"2010.01.19 16:00:00";"90.920";"0.34";"2010.01.20 10:03:00";"90.791";"-30.60";"12007.12";"OOS1";"TrailingStop";"-28.68";"97.83";"18h 3m";""
"320";"USDJPY_DukasM1_the5ers";"Buy";"2010.01.26 03:00:00";"90.400";"0.34";"2010.01.26 05:34:00";"89.960";"-99.53";"11907.60";"OOS1";"TrailingStop";"-97.83";"33.35";"2h 34m";""
"321";"USDJPY_DukasM1_the5ers";"Buy";"2010.01.29 16:00:00";"90.670";"0.28";"2010.02.01 00:05:00";"90.196";"-88.37";"11819.22";"OOS1";"TrailingStop";"-150.14";"45.77";"2d 8h 5m";""
"322";"USDJPY_DukasM1_the5ers";"Buy";"2010.02.03 17:00:00";"90.950";"0.36";"2010.02.04 12:00:00";"90.868";"-21.81";"11797.42";"OOS1";"Exit After X Bars";"-55.32";"76.51";"19h 0m";""
"323";"USDJPY_DukasM1_the5ers";"Buy";"2010.02.10 19:00:00";"89.890";"0.31";"2010.02.11 14:00:00";"89.658";"-49.19";"11748.23";"OOS1";"Exit After X Bars";"-54.73";"50.68";"19h 0m";""
"324";"USDJPY_DukasM1_the5ers";"Buy";"2010.03.01 10:00:00";"89.250";"0.36";"2010.03.02 05:00:00";"89.283";"5.73";"11753.96";"OOS1";"Exit After X Bars";"-63.56";"52.97";"19h 0m";""
"325";"USDJPY_DukasM1_the5ers";"Buy";"2010.03.04 18:00:00";"88.960";"0.32";"2010.03.05 13:00:00";"89.278";"64.73";"11818.69";"OOS1";"Exit After X Bars";"-6.28";"100.44";"19h 0m";""
"326";"USDJPY_DukasM1_the5ers";"Buy";"2010.03.11 23:00:00";"90.550";"0.42";"2010.03.12 12:22:00";"90.270";"-79.28";"11739.42";"OOS1";"TrailingStop";"-76.90";"52.18";"13h 22m";""
"327";"USDJPY_DukasM1_the5ers";"Buy";"2010.03.12 17:00:00";"90.975";"0.37";"2010.03.12 18:54:00";"90.562";"-101.78";"11637.64";"OOS1";"SL";"-99.93";"1.21";"1h 54m";""
"328";"USDJPY_DukasM1_the5ers";"Buy";"2010.03.15 15:00:00";"90.700";"0.41";"2010.03.16 01:54:00";"90.328";"-102.05";"11535.59";"OOS1";"SL";"-99.74";"16.09";"10h 54m";""
"329";"USDJPY_DukasM1_the5ers";"Buy";"2010.03.29 06:00:00";"92.640";"0.36";"2010.03.30 01:00:00";"92.543";"-24.87";"11510.72";"OOS1";"Exit After X Bars";"-54.14";"32.96";"19h 0m";""
"330";"USDJPY_DukasM1_the5ers";"Buy";"2010.03.30 17:00:00";"92.910";"0.38";"2010.03.31 12:00:00";"93.183";"65.69";"11576.41";"OOS1";"Exit After X Bars";"-41.00";"171.46";"19h 0m";""
"331";"USDJPY_DukasM1_the5ers";"Buy";"2010.04.12 12:00:00";"93.400";"0.36";"2010.04.13 03:05:00";"93.127";"-66.30";"11510.11";"OOS1";"TrailingStop";"-64.27";"48.26";"15h 5m";""
"332";"USDJPY_DukasM1_the5ers";"Buy";"2010.04.22 23:00:00";"93.615";"0.32";"2010.04.23 18:00:00";"94.263";"133.79";"11643.89";"OOS1";"Exit After X Bars";"-63.82";"147.52";"19h 0m";""
"333";"USDJPY_DukasM1_the5ers";"Buy";"2010.04.28 16:00:00";"94.150";"0.29";"2010.04.29 11:00:00";"94.038";"-23.26";"11620.63";"OOS1";"Exit After X Bars";"-56.89";"31.29";"19h 0m";""
"334";"USDJPY_DukasM1_the5ers";"Buy";"2010.05.03 18:00:00";"94.515";"0.37";"2010.05.04 12:19:00";"94.511";"-3.06";"11617.57";"OOS1";"TrailingStop";"-18.15";"111.30";"18h 19m";""
"335";"USDJPY_DukasM1_the5ers";"Buy";"2010.05.05 03:00:00";"94.905";"0.36";"2010.05.05 16:39:00";"94.481";"-101.61";"11515.96";"OOS1";"SL";"-99.81";"17.66";"13h 39m";""
"336";"USDJPY_DukasM1_the5ers";"Buy";"2010.05.10 12:00:00";"93.355";"0.11";"2010.05.11 07:00:00";"92.928";"-31.34";"11484.62";"OOS1";"Exit After X Bars";"-47.83";"12.95";"19h 0m";""
"337";"USDJPY_DukasM1_the5ers";"Buy";"2010.05.27 11:00:00";"90.270";"0.28";"2010.05.28 04:06:00";"91.350";"196.16";"11680.79";"OOS1";"PT";"-10.07";"197.75";"17h 6m";""
"338";"USDJPY_DukasM1_the5ers";"Buy";"2010.06.02 05:00:00";"91.665";"0.27";"2010.06.03 00:00:00";"92.108";"76.34";"11757.12";"OOS1";"Exit After X Bars";"-79.45";"120.94";"19h 0m";""
"339";"USDJPY_DukasM1_the5ers";"Buy";"2010.06.11 01:00:00";"91.395";"0.3";"2010.06.11 20:00:00";"91.578";"34.40";"11791.52";"OOS1";"Exit After X Bars";"-39.24";"73.57";"19h 0m";""
"340";"USDJPY_DukasM1_the5ers";"Buy";"2010.06.16 10:00:00";"91.700";"0.4";"2010.06.16 14:47:00";"91.324";"-100.35";"11691.17";"OOS1";"SL";"-98.35";"32.70";"4h 47m";""
"341";"USDJPY_DukasM1_the5ers";"Buy";"2010.07.06 14:00:00";"87.910";"0.45";"2010.07.06 17:00:00";"87.569";"-102.59";"11588.58";"OOS1";"SL";"-100.34";"8.83";"3h 0m";""
"342";"USDJPY_DukasM1_the5ers";"Buy";"2010.07.13 04:00:00";"88.785";"0.45";"2010.07.13 10:55:00";"88.447";"-101.71";"11486.87";"OOS1";"SL";"-99.46";"8.83";"6h 55m";""
"343";"USDJPY_DukasM1_the5ers";"Buy";"2010.07.20 20:00:00";"87.240";"0.31";"2010.07.21 11:14:00";"86.963";"-57.90";"11428.96";"OOS1";"TrailingStop";"-56.15";"65.88";"15h 14m";""
"344";"USDJPY_DukasM1_the5ers";"Buy";"2010.07.23 03:00:00";"87.220";"0.35";"2010.07.23 04:58:00";"86.786";"-101.08";"11327.88";"OOS1";"SL";"-99.33";"0.00";"1h 58m";""
"345";"USDJPY_DukasM1_the5ers";"Buy";"2010.08.12 10:00:00";"85.630";"0.29";"2010.08.13 05:00:00";"86.113";"89.95";"11417.84";"OOS1";"Exit After X Bars";"-86.28";"104.30";"19h 0m";""
"346";"USDJPY_DukasM1_the5ers";"Buy";"2010.08.19 06:00:00";"85.765";"0.51";"2010.08.19 12:22:00";"85.510";"-87.59";"11330.25";"OOS1";"TrailingStop";"-85.04";"50.02";"6h 22m";""
"347";"USDJPY_DukasM1_the5ers";"Buy";"2010.09.01 20:00:00";"84.465";"0.27";"2010.09.02 15:00:00";"84.128";"-61.38";"11268.87";"OOS1";"Exit After X Bars";"-82.98";"15.01";"19h 0m";""
"348";"USDJPY_DukasM1_the5ers";"Buy";"2010.09.10 04:00:00";"84.120";"0.44";"2010.09.10 08:17:00";"83.860";"-77.01";"11191.86";"OOS1";"TrailingStop";"-74.81";"47.47";"4h 17m";""
"349";"USDJPY_DukasM1_the5ers";"Buy";"2010.09.15 05:00:00";"84.510";"0.25";"2010.09.15 14:25:00";"85.682";"190.35";"11382.21";"OOS1";"PT";"-1.63";"191.60";"9h 25m";""
"350";"USDJPY_DukasM1_the5ers";"Buy";"2010.09.20 16:00:00";"85.725";"0.57";"2010.09.21 05:03:00";"85.483";"-93.42";"11288.78";"OOS1";"TrailingStop";"-90.20";"27.96";"13h 3m";""
"351";"USDJPY_DukasM1_the5ers";"Buy";"2010.09.24 07:00:00";"85.185";"0.38";"2010.09.24 07:55:00";"84.788";"-100.55";"11188.23";"OOS1";"SL";"-98.65";"9.94";"55m 0s";""
"352";"USDJPY_DukasM1_the5ers";"Buy";"2010.10.04 06:00:00";"83.560";"0.43";"2010.10.04 09:49:00";"83.208";"-101.13";"11087.10";"OOS1";"SL";"-98.98";"28.12";"3h 49m";""
"353";"USDJPY_DukasM1_the5ers";"Buy";"2010.10.05 01:00:00";"83.520";"0.49";"2010.10.05 10:04:00";"83.347";"-57.88";"11029.22";"OOS1";"TrailingStop";"-55.43";"149.00";"9h 4m";""
"354";"USDJPY_DukasM1_the5ers";"Buy";"2010.10.18 01:00:00";"81.390";"0.45";"2010.10.18 20:00:00";"81.188";"-61.69";"10967.53";"OOS1";"Exit After X Bars";"-77.98";"2.94";"19h 0m";""
"355";"USDJPY_DukasM1_the5ers";"Buy";"2010.10.19 07:00:00";"81.430";"0.58";"2010.10.20 01:51:00";"81.411";"-10.49";"10957.04";"OOS1";"TrailingStop";"-45.51";"185.84";"18h 51m";""
"356";"USDJPY_DukasM1_the5ers";"Buy";"2010.11.01 19:00:00";"80.671";"0.41";"2010.11.02 14:00:00";"80.870";"51.04";"11008.08";"OOS1";"Exit After X Bars";"-58.72";"77.21";"19h 0m";""
"357";"USDJPY_DukasM1_the5ers";"Buy";"2010.11.09 22:00:00";"81.629";"0.36";"2010.11.10 15:32:00";"82.459";"193.36";"11201.43";"OOS1";"PT";"-18.36";"195.39";"17h 32m";""
"358";"USDJPY_DukasM1_the5ers";"Buy";"2010.11.12 00:00:00";"82.483";"0.37";"2010.11.12 09:14:00";"82.068";"-102.26";"11099.17";"OOS1";"SL";"-100.41";"13.79";"9h 14m";""
"359";"USDJPY_DukasM1_the5ers";"Buy";"2010.11.15 02:00:00";"82.493";"0.33";"2010.11.15 21:00:00";"82.851";"75.60";"11174.78";"OOS1";"Exit After X Bars";"-21.15";"160.98";"19h 0m";""
"360";"USDJPY_DukasM1_the5ers";"Buy";"2010.11.18 19:00:00";"83.650";"0.4";"2010.11.19 10:02:00";"83.273";"-100.87";"11073.91";"OOS1";"SL";"-98.61";"0.00";"15h 2m";""
"361";"USDJPY_DukasM1_the5ers";"Buy";"2010.11.22 01:00:00";"83.453";"0.49";"2010.11.22 20:00:00";"83.419";"-13.34";"11060.56";"OOS1";"Exit After X Bars";"-36.53";"34.29";"19h 0m";""
"362";"USDJPY_DukasM1_the5ers";"Buy";"2010.11.23 09:00:00";"83.663";"0.52";"2010.11.23 11:52:00";"83.372";"-101.55";"10959.01";"OOS1";"SL";"-98.95";"39.44";"2h 52m";""
"363";"USDJPY_DukasM1_the5ers";"Buy";"2010.11.24 19:00:00";"83.392";"0.4";"2010.11.25 14:00:00";"83.562";"41.68";"11000.69";"OOS1";"Exit After X Bars";"-12.82";"77.95";"19h 0m";""
"364";"USDJPY_DukasM1_the5ers";"Buy";"2010.12.07 19:00:00";"83.057";"0.39";"2010.12.08 06:07:00";"83.822";"192.89";"11193.58";"OOS1";"PT";"-18.87";"195.10";"11h 7m";""
"365";"USDJPY_DukasM1_the5ers";"Buy";"2010.12.09 14:00:00";"84.059";"0.38";"2010.12.09 20:01:00";"83.660";"-101.05";"11092.54";"OOS1";"SL";"-99.15";"6.96";"6h 1m";""
"366";"USDJPY_DukasM1_the5ers";"Buy";"2010.12.10 19:00:00";"83.883";"0.42";"2010.12.13 13:38:00";"83.975";"22.89";"11115.43";"OOS1";"TrailingStop";"-11.81";"127.44";"2d 18h 38m";""
"367";"USDJPY_DukasM1_the5ers";"Buy";"2010.12.22 03:00:00";"83.780";"0.56";"2010.12.22 11:47:00";"83.520";"-98.01";"11017.42";"OOS1";"TrailingStop";"-95.21";"20.87";"8h 47m";""
"368";"USDJPY_DukasM1_the5ers";"Buy";"2011.01.03 16:00:00";"81.537";"0.48";"2011.01.04 08:11:00";"82.166";"194.72";"11212.14";"OOS1";"PT";"-12.56";"197.43";"16h 11m";""
"369";"USDJPY_DukasM1_the5ers";"Buy";"2011.01.05 16:00:00";"82.922";"0.34";"2011.01.06 11:00:00";"83.030";"21.64";"11233.78";"OOS1";"Exit After X Bars";"-7.34";"103.61";"19h 0m";""
"370";"USDJPY_DukasM1_the5ers";"Buy";"2011.01.07 00:00:00";"83.325";"0.41";"2011.01.07 15:30:00";"83.214";"-31.81";"11201.97";"OOS1";"TrailingStop";"-29.76";"93.57";"15h 30m";""
"371";"USDJPY_DukasM1_the5ers";"Buy";"2011.01.11 18:00:00";"83.448";"0.43";"2011.01.12 06:09:00";"83.091";"-102.81";"11099.16";"OOS1";"SL";"-100.38";"2.81";"12h 9m";""
"372";"USDJPY_DukasM1_the5ers";"Buy";"2011.01.26 22:00:00";"82.486";"0.4";"2011.01.27 02:43:00";"82.106";"-102.18";"10996.98";"OOS1";"SL";"-99.40";"0.00";"4h 43m";""
"373";"USDJPY_DukasM1_the5ers";"Buy";"2011.02.04 14:00:00";"81.667";"0.54";"2011.02.04 15:30:00";"81.384";"-102.63";"10894.34";"OOS1";"SL";"-99.93";"37.08";"1h 30m";""
"374";"USDJPY_DukasM1_the5ers";"Buy";"2011.02.09 06:00:00";"82.416";"0.51";"2011.02.09 20:01:00";"82.243";"-60.25";"10834.10";"OOS1";"TrailingStop";"-57.70";"81.71";"14h 1m";""
"375";"USDJPY_DukasM1_the5ers";"Buy";"2011.02.28 18:00:00";"81.936";"0.54";"2011.03.01 13:00:00";"82.095";"53.09";"10887.19";"OOS1";"Exit After X Bars";"-72.39";"103.46";"19h 0m";""
"376";"USDJPY_DukasM1_the5ers";"Buy";"2011.03.03 17:00:00";"82.299";"0.49";"2011.03.04 12:00:00";"82.509";"64.52";"10951.71";"OOS1";"Exit After X Bars";"-15.38";"69.85";"19h 0m";""
"377";"USDJPY_DukasM1_the5ers";"Buy";"2011.03.08 09:00:00";"82.357";"0.59";"2011.03.09 02:05:00";"82.865";"192.66";"11144.37";"OOS1";"PT";"-11.19";"195.99";"17h 5m";""
"378";"USDJPY_DukasM1_the5ers";"Buy";"2011.03.10 13:00:00";"82.942";"0.58";"2011.03.11 08:00:00";"82.893";"-21.86";"11122.50";"OOS1";"Exit After X Bars";"-65.61";"85.34";"19h 0m";""
"379";"USDJPY_DukasM1_the5ers";"Buy";"2011.03.18 03:00:00";"81.279";"0.12";"2011.03.18 22:00:00";"80.765";"-40.93";"11081.57";"OOS1";"Exit After X Bars";"-48.73";"55.48";"19h 0m";""
"1";"USDJPY_DukasM1_the5ers";"Buy";"2011.03.24 06:00:00";"80.984";"0.49";"2011.03.25 01:00:00";"80.990";"-0.85";"11080.72";"OOS1";"Exit After X Bars";"-71.45";"17.94";"19h 0m";""
"2";"USDJPY_DukasM1_the5ers";"Buy";"2011.03.25 11:00:00";"81.217";"0.65";"2011.03.25 14:09:00";"81.045";"-76.36";"11004.36";"OOS1";"TrailingStop";"-73.11";"64.61";"3h 9m";""
"3";"USDJPY_DukasM1_the5ers";"Buy";"2011.03.29 13:00:00";"81.988";"0.53";"2011.03.30 01:50:00";"82.506";"176.53";"11180.89";"OOS1";"PT";"-5.55";"179.53";"12h 50m";""
"4";"USDJPY_DukasM1_the5ers";"Buy";"2011.03.31 22:00:00";"83.190";"0.39";"2011.04.01 15:26:00";"83.891";"176.57";"11357.46";"OOS1";"PT";"-20.91";"178.78";"17h 26m";""
"5";"USDJPY_DukasM1_the5ers";"Buy";"2011.04.05 04:00:00";"84.317";"0.4";"2011.04.05 23:00:00";"84.823";"130.35";"11487.82";"OOS1";"Exit After X Bars";"-41.33";"143.86";"19h 0m";""
"6";"USDJPY_DukasM1_the5ers";"Buy";"2011.05.10 12:00:00";"80.702";"0.39";"2011.05.11 07:00:00";"80.866";"39.62";"11527.44";"OOS1";"Exit After X Bars";"-44.37";"97.42";"19h 0m";""
"7";"USDJPY_DukasM1_the5ers";"Buy";"2011.05.17 04:00:00";"80.965";"0.46";"2011.05.17 10:43:00";"81.569";"179.39";"11706.82";"OOS1";"PT";"-9.63";"181.69";"6h 43m";""
"8";"USDJPY_DukasM1_the5ers";"Buy";"2011.05.18 21:00:00";"81.483";"0.42";"2011.05.19 15:56:00";"82.141";"177.79";"11884.62";"OOS1";"PT";"-31.04";"180.72";"18h 56m";""
"9";"USDJPY_DukasM1_the5ers";"Buy";"2011.05.23 01:00:00";"81.785";"0.46";"2011.05.23 09:59:00";"81.650";"-42.91";"11841.71";"OOS1";"TrailingStop";"-61.97";"72.79";"8h 59m";""
"10";"USDJPY_DukasM1_the5ers";"Buy";"2011.06.13 04:00:00";"80.451";"0.52";"2011.06.13 14:28:00";"80.265";"-65.85";"11775.86";"OOS1";"TrailingStop";"-63.25";"80.25";"10h 28m";""
"11";"USDJPY_DukasM1_the5ers";"Buy";"2011.06.14 17:00:00";"80.576";"0.48";"2011.06.15 12:00:00";"80.728";"45.00";"11820.86";"OOS1";"Exit After X Bars";"-61.83";"55.56";"19h 0m";""
"12";"USDJPY_DukasM1_the5ers";"Buy";"2011.06.22 05:00:00";"80.254";"0.73";"2011.06.22 16:06:00";"80.070";"-91.48";"11729.37";"OOS1";"TrailingStop";"-87.83";"37.71";"11h 6m";""
"13";"USDJPY_DukasM1_the5ers";"Buy";"2011.06.28 21:00:00";"81.198";"0.51";"2011.06.29 16:00:00";"81.014";"-64.25";"11665.12";"OOS1";"Exit After X Bars";"-89.04";"3.67";"19h 0m";""
"14";"USDJPY_DukasM1_the5ers";"Buy";"2011.07.04 17:00:00";"80.780";"0.53";"2011.07.05 12:00:00";"81.100";"107.91";"11773.03";"OOS1";"Exit After X Bars";"-27.38";"138.63";"19h 0m";""
"15";"USDJPY_DukasM1_the5ers";"Buy";"2011.07.07 16:00:00";"81.270";"0.58";"2011.07.08 11:00:00";"81.320";"15.68";"11788.72";"OOS1";"Exit After X Bars";"-33.76";"37.17";"19h 0m";""
"16";"USDJPY_DukasM1_the5ers";"Buy";"2011.07.20 00:00:00";"79.172";"0.62";"2011.07.20 09:28:00";"78.991";"-76.48";"11712.23";"OOS1";"TrailingStop";"-73.38";"57.98";"9h 28m";""
"17";"USDJPY_DukasM1_the5ers";"Buy";"2011.08.04 06:00:00";"78.928";"0.25";"2011.08.04 13:00:00";"80.043";"181.03";"11893.26";"OOS1";"PT";"-18.96";"182.28";"7h 0m";""
"18";"USDJPY_DukasM1_the5ers";"Buy";"2011.08.16 09:00:00";"76.878";"0.61";"2011.08.17 04:00:00";"76.746";"-56.10";"11837.16";"OOS1";"Exit After X Bars";"-92.14";"18.75";"19h 0m";""
"19";"USDJPY_DukasM1_the5ers";"Buy";"2011.08.19 04:00:00";"76.870";"0.62";"2011.08.19 04:30:00";"76.622";"-103.65";"11733.51";"OOS1";"SL";"-100.55";"0.00";"30m 0s";""
"20";"USDJPY_DukasM1_the5ers";"Buy";"2011.08.22 02:00:00";"76.795";"0.43";"2011.08.22 21:00:00";"76.737";"-18.46";"11715.06";"OOS1";"Exit After X Bars";"-68.89";"115.00";"19h 0m";""
"21";"USDJPY_DukasM1_the5ers";"Buy";"2011.08.24 19:00:00";"76.792";"0.52";"2011.08.25 14:00:00";"77.211";"138.86";"11853.91";"OOS1";"Exit After X Bars";"-14.96";"160.84";"19h 0m";""
"22";"USDJPY_DukasM1_the5ers";"Buy";"2011.09.01 04:00:00";"76.892";"0.53";"2011.09.01 08:52:00";"76.780";"-41.47";"11812.45";"OOS1";"TrailingStop";"-38.82";"118.88";"4h 52m";""
"23";"USDJPY_DukasM1_the5ers";"Buy";"2011.09.05 18:00:00";"76.978";"0.7";"2011.09.06 06:37:00";"76.760";"-103.75";"11708.70";"OOS1";"SL";"-99.79";"0.00";"12h 37m";""
"24";"USDJPY_DukasM1_the5ers";"Buy";"2011.09.08 08:00:00";"77.372";"0.52";"2011.09.09 03:00:00";"77.563";"62.01";"11770.71";"OOS1";"Exit After X Bars";"-79.57";"74.13";"19h 0m";""
"25";"USDJPY_DukasM1_the5ers";"Buy";"2011.09.27 11:00:00";"76.402";"0.52";"2011.09.28 03:51:00";"76.506";"32.42";"11803.13";"OOS1";"TrailingStop";"-8.16";"179.20";"16h 51m";""
"26";"USDJPY_DukasM1_the5ers";"Buy";"2011.09.29 14:00:00";"76.708";"0.52";"2011.09.30 05:02:00";"76.533";"-62.45";"11740.68";"OOS1";"TrailingStop";"-59.51";"106.09";"15h 2m";""
"27";"USDJPY_DukasM1_the5ers";"Buy";"2011.10.12 15:00:00";"77.196";"0.55";"2011.10.13 01:45:00";"77.079";"-45.91";"11694.78";"OOS1";"TrailingStop";"-42.08";"102.50";"10h 45m";""
"28";"USDJPY_DukasM1_the5ers";"Buy";"2011.10.26 19:00:00";"76.062";"0.53";"2011.10.27 06:35:00";"75.962";"-38.35";"11656.43";"OOS1";"TrailingStop";"-34.66";"89.07";"11h 35m";""
"29";"USDJPY_DukasM1_the5ers";"Buy";"2011.10.31 04:00:00";"78.343";"0.23";"2011.10.31 04:05:00";"77.688";"-99.66";"11556.76";"OOS1";"SL";"-98.51";"10.68";"5m 0s";""
"30";"USDJPY_DukasM1_the5ers";"Buy";"2011.11.23 12:00:00";"77.050";"0.76";"2011.11.23 17:42:00";"77.417";"178.59";"11735.36";"OOS1";"PT";"-8.95";"182.39";"5h 42m";""
"31";"USDJPY_DukasM1_the5ers";"Buy";"2011.11.25 04:00:00";"77.466";"0.61";"2011.11.25 23:00:00";"77.735";"104.25";"11839.61";"OOS1";"Exit After X Bars";"-63.82";"128.04";"19h 0m";""
"32";"USDJPY_DukasM1_the5ers";"Buy";"2011.11.30 12:00:00";"78.024";"0.58";"2011.11.30 15:00:00";"77.884";"-56.00";"11783.61";"OOS1";"TrailingStop";"-53.10";"49.31";"3h 0m";""
"33";"USDJPY_DukasM1_the5ers";"Buy";"2011.12.12 13:00:00";"77.816";"0.72";"2011.12.12 18:03:00";"77.753";"-33.26";"11750.35";"OOS1";"TrailingStop";"-29.66";"85.69";"5h 3m";""
"34";"USDJPY_DukasM1_the5ers";"Buy";"2011.12.13 21:00:00";"77.888";"0.64";"2011.12.14 16:00:00";"78.068";"71.71";"11822.06";"OOS1";"Exit After X Bars";"-11.30";"111.74";"19h 0m";""
"35";"USDJPY_DukasM1_the5ers";"Buy";"2011.12.21 19:00:00";"78.009";"0.79";"2011.12.22 14:00:00";"78.088";"35.31";"11857.37";"OOS1";"Exit After X Bars";"-37.71";"61.99";"19h 0m";""
"36";"USDJPY_DukasM1_the5ers";"Buy";"2011.12.28 20:00:00";"78.010";"0.75";"2011.12.29 04:08:00";"77.805";"-105.76";"11751.61";"OOS1";"SL";"-100.54";"0.00";"8h 8m";""
"37";"USDJPY_DukasM1_the5ers";"Buy";"2012.01.12 11:00:00";"76.971";"1.05";"2012.01.12 16:10:00";"76.824";"-106.18";"11645.43";"OOS1";"SL";"-100.93";"1.37";"5h 10m";""
"38";"USDJPY_DukasM1_the5ers";"Buy";"2012.01.13 18:00:00";"76.991";"0.84";"2012.01.16 04:36:00";"76.809";"-104.72";"11540.71";"OOS1";"SL";"-99.97";"71.41";"2d 10h 36m";""
"39";"USDJPY_DukasM1_the5ers";"Buy";"2012.01.24 11:00:00";"77.252";"0.82";"2012.01.24 14:54:00";"77.591";"177.68";"11718.38";"OOS1";"PT";"-40.75";"181.78";"3h 54m";""
"40";"USDJPY_DukasM1_the5ers";"Buy";"2012.02.07 04:00:00";"76.684";"0.76";"2012.02.07 23:00:00";"76.773";"40.43";"11758.82";"OOS1";"Exit After X Bars";"-31.81";"140.15";"19h 0m";""
"41";"USDJPY_DukasM1_the5ers";"Buy";"2012.02.14 07:00:00";"77.890";"0.56";"2012.02.14 17:25:00";"78.382";"177.37";"11936.18";"OOS1";"PT";"-17.58";"180.17";"10h 25m";""
"42";"USDJPY_DukasM1_the5ers";"Buy";"2012.02.16 03:00:00";"78.446";"0.47";"2012.02.16 22:00:00";"78.911";"140.56";"12076.75";"OOS1";"Exit After X Bars";"-25.82";"157.97";"19h 0m";""
"43";"USDJPY_DukasM1_the5ers";"Buy";"2012.02.21 05:00:00";"79.755";"0.56";"2012.02.22 00:00:00";"79.732";"-11.59";"12065.16";"OOS1";"Exit After X Bars";"-73.61";"34.06";"19h 0m";""
"44";"USDJPY_DukasM1_the5ers";"Buy";"2012.02.24 08:00:00";"80.425";"0.51";"2012.02.24 21:44:00";"80.965";"177.54";"12242.70";"OOS1";"PT";"-18.01";"180.09";"13h 44m";""
"45";"USDJPY_DukasM1_the5ers";"Buy";"2012.02.29 19:00:00";"81.111";"0.33";"2012.03.01 07:20:00";"80.852";"-58.19";"12184.51";"OOS1";"TrailingStop";"-55.89";"60.64";"12h 20m";""
"46";"USDJPY_DukasM1_the5ers";"Buy";"2012.03.02 06:00:00";"81.457";"0.41";"2012.03.05 01:00:00";"81.856";"104.66";"12289.17";"OOS1";"Exit After X Bars";"-11.80";"110.19";"2d 19h 0m";""
"47";"USDJPY_DukasM1_the5ers";"Buy";"2012.03.13 06:00:00";"82.276";"0.51";"2012.03.13 07:21:00";"82.062";"-73.92";"12215.25";"OOS1";"TrailingStop";"-71.37";"69.03";"1h 21m";""
"48";"USDJPY_DukasM1_the5ers";"Buy";"2012.03.16 14:00:00";"83.853";"0.36";"2012.03.16 15:46:00";"83.427";"-102.09";"12113.16";"OOS1";"SL";"-100.29";"20.72";"1h 46m";""
"49";"USDJPY_DukasM1_the5ers";"Buy";"2012.03.19 19:00:00";"83.430";"0.36";"2012.03.20 14:00:00";"83.789";"82.48";"12195.64";"OOS1";"Exit After X Bars";"-36.49";"93.93";"19h 0m";""
"50";"USDJPY_DukasM1_the5ers";"Buy";"2012.03.27 15:00:00";"83.144";"0.39";"2012.03.28 03:03:00";"82.937";"-55.00";"12140.64";"OOS1";"TrailingStop";"-52.79";"61.46";"12h 3m";""
"51";"USDJPY_DukasM1_the5ers";"Buy";"2012.04.13 03:00:00";"80.950";"0.47";"2012.04.13 22:00:00";"81.107";"45.90";"12186.55";"OOS1";"Exit After X Bars";"-32.58";"75.30";"19h 0m";""
"52";"USDJPY_DukasM1_the5ers";"Buy";"2012.05.03 08:00:00";"80.184";"0.66";"2012.05.03 22:36:00";"80.237";"19.57";"12206.12";"OOS1";"TrailingStop";"-10.36";"157.53";"14h 36m";""
"53";"USDJPY_DukasM1_the5ers";"Buy";"2012.05.14 03:00:00";"80.037";"0.69";"2012.05.14 13:46:00";"79.944";"-45.41";"12160.71";"OOS1";"TrailingStop";"-41.96";"65.42";"10h 46m";""
"54";"USDJPY_DukasM1_the5ers";"Buy";"2012.05.15 17:00:00";"80.004";"0.71";"2012.05.16 04:47:00";"80.393";"176.59";"12337.30";"OOS1";"PT";"-4.64";"180.61";"11h 47m";""
"55";"USDJPY_DukasM1_the5ers";"Buy";"2012.05.21 21:00:00";"79.332";"0.65";"2012.05.22 12:03:00";"79.760";"178.25";"12515.55";"OOS1";"PT";"-34.85";"181.92";"15h 3m";""
"56";"USDJPY_DukasM1_the5ers";"Buy";"2012.06.04 20:00:00";"78.351";"0.48";"2012.06.05 10:22:00";"78.201";"-49.80";"12465.75";"OOS1";"TrailingStop";"-47.08";"35.78";"14h 22m";""
"57";"USDJPY_DukasM1_the5ers";"Buy";"2012.06.11 09:00:00";"79.641";"0.44";"2012.06.12 01:09:00";"79.296";"-101.75";"12364.00";"OOS1";"SL";"-99.26";"10.07";"16h 9m";""
"58";"USDJPY_DukasM1_the5ers";"Buy";"2012.06.12 14:00:00";"79.559";"0.48";"2012.06.13 09:00:00";"79.674";"33.38";"12397.38";"OOS1";"Exit After X Bars";"-61.83";"40.18";"19h 0m";""
"59";"USDJPY_DukasM1_the5ers";"Buy";"2012.06.20 15:00:00";"78.995";"0.64";"2012.06.20 17:08:00";"79.430";"178.85";"12576.23";"OOS1";"PT";"-45.20";"182.05";"2h 8m";""
"60";"USDJPY_DukasM1_the5ers";"Buy";"2012.06.29 11:00:00";"79.618";"0.52";"2012.07.02 06:00:00";"79.763";"46.37";"12622.60";"OOS1";"Exit After X Bars";"-87.05";"125.47";"2d 19h 0m";""
"61";"USDJPY_DukasM1_the5ers";"Buy";"2012.07.03 10:00:00";"79.785";"0.52";"2012.07.04 04:26:00";"79.620";"-59.05";"12563.55";"OOS1";"TrailingStop";"-56.11";"48.63";"18h 26m";""
"62";"USDJPY_DukasM1_the5ers";"Buy";"2012.07.04 16:00:00";"79.829";"0.7";"2012.07.05 06:10:00";"79.848";"3.82";"12567.37";"OOS1";"TrailingStop";"-30.67";"119.47";"14h 10m";""
"63";"USDJPY_DukasM1_the5ers";"Buy";"2012.07.05 17:00:00";"80.036";"0.53";"2012.07.06 12:00:00";"79.861";"-63.65";"12503.73";"OOS1";"Exit After X Bars";"-84.91";"0.00";"19h 0m";""
"64";"USDJPY_DukasM1_the5ers";"Buy";"2012.07.11 19:00:00";"79.711";"0.6";"2012.07.12 05:32:00";"79.507";"-84.22";"12419.51";"OOS1";"TrailingStop";"-80.04";"30.60";"10h 32m";""
"65";"USDJPY_DukasM1_the5ers";"Buy";"2012.07.25 14:00:00";"78.256";"0.79";"2012.07.26 03:48:00";"78.061";"-106.24";"12313.27";"OOS1";"SL";"-100.74";"10.33";"13h 48m";""
"66";"USDJPY_DukasM1_the5ers";"Buy";"2012.07.26 20:00:00";"78.290";"0.69";"2012.07.27 11:50:00";"78.133";"-74.74";"12238.53";"OOS1";"TrailingStop";"-70.84";"40.61";"15h 50m";""
"67";"USDJPY_DukasM1_the5ers";"Buy";"2012.07.27 16:00:00";"78.407";"0.62";"2012.07.30 05:13:00";"78.368";"-19.32";"12219.22";"OOS1";"TrailingStop";"-34.87";"108.66";"2d 13h 13m";""
"68";"USDJPY_DukasM1_the5ers";"Buy";"2012.08.03 16:00:00";"78.685";"0.67";"2012.08.03 23:55:00";"78.455";"-104.56";"12114.66";"OOS1";"SL";"-100.77";"38.56";"7h 55m";""
"69";"USDJPY_DukasM1_the5ers";"Buy";"2012.08.09 11:00:00";"78.535";"0.67";"2012.08.09 13:44:00";"78.305";"-104.12";"12010.54";"OOS1";"SL";"-100.77";"0.00";"2h 44m";""
"70";"USDJPY_DukasM1_the5ers";"Buy";"2012.09.06 12:00:00";"78.450";"1.11";"2012.09.06 15:15:00";"78.701";"176.64";"12187.18";"OOS1";"PT";"-20.32";"182.19";"3h 15m";""
"71";"USDJPY_DukasM1_the5ers";"Buy";"2012.09.14 13:00:00";"78.126";"0.5";"2012.09.17 08:00:00";"78.290";"50.79";"12237.97";"OOS1";"Exit After X Bars";"-81.74";"113.46";"2d 19h 0m";""
"72";"USDJPY_DukasM1_the5ers";"Buy";"2012.09.19 00:00:00";"78.811";"0.63";"2012.09.19 06:44:00";"78.569";"-102.85";"12135.13";"OOS1";"SL";"-99.70";"7.00";"6h 44m";""
"73";"USDJPY_DukasM1_the5ers";"Buy";"2012.09.28 17:00:00";"77.802";"0.81";"2012.09.28 22:52:00";"77.865";"29.32";"12164.45";"OOS1";"TrailingStop";"-16.42";"160.49";"5h 52m";""
"74";"USDJPY_DukasM1_the5ers";"Buy";"2012.10.02 02:00:00";"78.054";"0.73";"2012.10.02 21:00:00";"78.120";"27.86";"12192.30";"OOS1";"Exit After X Bars";"-39.14";"75.42";"19h 0m";""
"75";"USDJPY_DukasM1_the5ers";"Buy";"2012.10.05 16:00:00";"78.704";"0.57";"2012.10.08 06:35:00";"78.490";"-82.99";"12109.31";"OOS1";"TrailingStop";"-79.77";"20.13";"2d 14h 35m";""
"76";"USDJPY_DukasM1_the5ers";"Buy";"2012.10.10 14:00:00";"78.322";"0.84";"2012.10.10 19:56:00";"78.157";"-94.83";"12014.48";"OOS1";"TrailingStop";"-90.63";"25.82";"5h 56m";""
"77";"USDJPY_DukasM1_the5ers";"Buy";"2012.10.11 15:00:00";"78.497";"0.63";"2012.10.11 19:41:00";"78.294";"-86.78";"11927.70";"OOS1";"TrailingStop";"-83.63";"36.67";"4h 41m";""
"78";"USDJPY_DukasM1_the5ers";"Buy";"2012.10.15 07:00:00";"78.551";"0.7";"2012.10.16 02:00:00";"78.787";"104.07";"12031.77";"OOS1";"Exit After X Bars";"-30.67";"140.53";"19h 0m";""
"79";"USDJPY_DukasM1_the5ers";"Buy";"2012.10.17 22:00:00";"78.980";"0.64";"2012.10.18 16:00:00";"79.411";"175.92";"12207.69";"OOS1";"PT";"-29.30";"180.38";"18h 0m";""
"80";"USDJPY_DukasM1_the5ers";"Buy";"2012.10.19 17:00:00";"79.387";"0.65";"2012.10.22 10:44:00";"79.810";"176.12";"12383.81";"OOS1";"PT";"-77.36";"179.80";"2d 17h 44m";""
"81";"USDJPY_DukasM1_the5ers";"Buy";"2012.10.23 21:00:00";"79.936";"0.63";"2012.10.24 10:17:00";"79.695";"-102.85";"12280.97";"OOS1";"SL";"-99.28";"0.00";"13h 17m";""
"82";"USDJPY_DukasM1_the5ers";"Buy";"2012.10.25 04:00:00";"79.957";"0.8";"2012.10.25 15:34:00";"80.306";"178.57";"12459.54";"OOS1";"PT";"-17.79";"182.57";"11h 34m";""
"83";"USDJPY_DukasM1_the5ers";"Buy";"2012.10.31 11:00:00";"79.817";"0.61";"2012.11.01 06:00:00";"80.073";"97.87";"12557.41";"OOS1";"Exit After X Bars";"-41.09";"106.90";"19h 0m";""
"84";"USDJPY_DukasM1_the5ers";"Buy";"2012.11.13 15:00:00";"79.491";"0.62";"2012.11.14 09:52:00";"79.936";"176.91";"12734.32";"OOS1";"PT";"-57.17";"180.42";"18h 52m";""
"85";"USDJPY_DukasM1_the5ers";"Buy";"2012.11.16 20:00:00";"81.422";"0.47";"2012.11.19 03:39:00";"81.230";"-61.67";"12672.65";"OOS1";"TrailingStop";"-86.98";"49.17";"2d 7h 39m";""
"86";"USDJPY_DukasM1_the5ers";"Buy";"2012.11.19 09:00:00";"81.283";"0.43";"2012.11.20 04:00:00";"81.307";"4.32";"12676.97";"OOS1";"Exit After X Bars";"-55.67";"40.49";"19h 0m";""
"87";"USDJPY_DukasM1_the5ers";"Buy";"2012.11.20 08:00:00";"81.280";"0.53";"2012.11.21 02:14:00";"81.804";"178.61";"12855.58";"OOS1";"PT";"-50.25";"181.61";"18h 14m";""
"88";"USDJPY_DukasM1_the5ers";"Buy";"2012.11.26 03:00:00";"82.563";"0.49";"2012.11.26 04:08:00";"82.249";"-103.06";"12752.52";"OOS1";"SL";"-100.61";"0.00";"1h 8m";""
"89";"USDJPY_DukasM1_the5ers";"Buy";"2012.11.29 04:00:00";"82.151";"0.51";"2012.11.29 16:36:00";"81.918";"-80.26";"12672.26";"OOS1";"TrailingStop";"-77.71";"16.67";"12h 36m";""
"90";"USDJPY_DukasM1_the5ers";"Buy";"2012.12.07 00:00:00";"82.404";"0.66";"2012.12.07 10:24:00";"82.311";"-43.44";"12628.83";"OOS1";"TrailingStop";"-40.14";"67.76";"10h 24m";""
"91";"USDJPY_DukasM1_the5ers";"Buy";"2012.12.11 12:00:00";"82.487";"0.72";"2012.12.12 07:00:00";"82.611";"54.31";"12683.14";"OOS1";"Exit After X Bars";"-79.10";"93.69";"19h 0m";""
"92";"USDJPY_DukasM1_the5ers";"Buy";"2012.12.20 21:00:00";"84.436";"0.42";"2012.12.21 04:21:00";"84.071";"-102.62";"12580.52";"OOS1";"SL";"-100.25";"2.20";"7h 21m";""
"93";"USDJPY_DukasM1_the5ers";"Buy";"2012.12.24 06:00:00";"84.335";"0.51";"2012.12.24 23:43:00";"84.878";"178.21";"12758.72";"OOS1";"PT";"-3.67";"181.09";"17h 43m";""
"94";"USDJPY_DukasM1_the5ers";"Buy";"2012.12.26 02:00:00";"85.035";"0.47";"2012.12.26 17:55:00";"85.619";"177.14";"12935.86";"OOS1";"PT";"-5.22";"179.49";"15h 55m";""
"95";"USDJPY_DukasM1_the5ers";"Buy";"2012.12.31 14:00:00";"86.184";"0.44";"2013.01.02 00:34:00";"86.810";"177.34";"13113.20";"OOS1";"PT";"-24.74";"180.12";"1d 10h 34m";""
"96";"USDJPY_DukasM1_the5ers";"Buy";"2013.01.04 00:00:00";"87.240";"0.41";"2013.01.04 09:32:00";"87.920";"180.26";"13293.46";"OOS1";"PT";"-2.68";"182.31";"9h 32m";""
"1";"USDJPY_DukasM1_the5ers";"Buy";"2013.01.24 06:00:00";"89.212";"0.2";"2013.01.24 17:47:00";"89.983";"99.83";"13393.30";"OOS1";"PT";"-22.10";"100.83";"11h 47m";""
"2";"USDJPY_DukasM1_the5ers";"Buy";"2013.01.30 03:00:00";"90.841";"0.26";"2013.01.30 15:30:00";"90.936";"14.85";"13408.15";"OOS1";"TrailingStop";"-3.91";"95.55";"12h 30m";""
"3";"USDJPY_DukasM1_the5ers";"Buy";"2013.01.31 19:00:00";"91.297";"0.26";"2013.02.01 06:06:00";"91.890";"99.35";"13507.50";"OOS1";"PT";"-13.60";"100.82";"11h 6m";""
"4";"USDJPY_DukasM1_the5ers";"Buy";"2013.02.05 15:00:00";"93.448";"0.17";"2013.02.06 15:44:00";"93.344";"-12.52";"13494.98";"OOS1";"TrailingStop";"-44.02";"67.37";"1d 0h 44m";""
"5";"USDJPY_DukasM1_the5ers";"Buy";"2013.02.07 14:00:00";"93.835";"0.22";"2013.02.07 17:50:00";"93.143";"-100.65";"13394.33";"OOS1";"SL";"-99.55";"2.45";"3h 50m";""
"6";"USDJPY_DukasM1_the5ers";"Buy";"2013.02.11 13:00:00";"93.395";"0.18";"2013.02.11 23:27:00";"94.217";"95.74";"13490.06";"OOS1";"PT";"-24.95";"96.75";"10h 27m";""
"7";"USDJPY_DukasM1_the5ers";"Buy";"2013.02.15 18:00:00";"93.809";"0.14";"2013.02.18 22:00:00";"93.982";"15.05";"13505.11";"OOS1";"Exit After X Bars";"-45.50";"36.80";"3d 4h 0m";""
"8";"USDJPY_DukasM1_the5ers";"Buy";"2013.03.20 15:00:00";"95.548";"0.23";"2013.03.21 11:16:00";"95.613";"8.17";"13513.28";"OOS1";"TrailingStop";"-25.72";"87.38";"20h 16m";""
"9";"USDJPY_DukasM1_the5ers";"Buy";"2013.04.04 09:00:00";"94.624";"0.16";"2013.04.04 09:31:00";"95.550";"96.08";"13609.37";"OOS1";"PT";"-2.41";"96.88";"31m 0s";""
"10";"USDJPY_DukasM1_the5ers";"Buy";"2013.04.10 12:00:00";"99.374";"0.18";"2013.04.10 15:02:00";"99.002";"-44.69";"13564.68";"OOS1";"TrailingStop";"-43.79";"24.95";"3h 2m";""
"11";"USDJPY_DukasM1_the5ers";"Buy";"2013.04.11 21:00:00";"99.884";"0.19";"2013.04.12 06:38:00";"99.370";"-64.94";"13499.75";"OOS1";"TrailingStop";"-63.86";"7.70";"9h 38m";""
"12";"USDJPY_DukasM1_the5ers";"Buy";"2013.04.17 23:00:00";"98.161";"0.12";"2013.04.19 03:00:00";"98.214";"3.25";"13502.99";"OOS1";"Exit After X Bars";"-41.67";"28.88";"1d 4h 0m";""
"13";"USDJPY_DukasM1_the5ers";"Buy";"2013.05.02 17:00:00";"97.841";"0.18";"2013.05.03 15:30:00";"98.662";"95.62";"13598.61";"OOS1";"PT";"-1.41";"96.64";"22h 30m";""
"14";"USDJPY_DukasM1_the5ers";"Buy";"2013.05.09 18:00:00";"99.310";"0.27";"2013.05.09 20:51:00";"99.875";"98.41";"13697.01";"OOS1";"PT";"-9.36";"99.76";"2h 51m";""
"15";"USDJPY_DukasM1_the5ers";"Buy";"2013.05.13 23:00:00";"101.869";"0.23";"2013.05.15 03:00:00";"102.188";"46.53";"13743.54";"OOS1";"Exit After X Bars";"-91.59";"84.07";"1d 4h 0m";""
"16";"USDJPY_DukasM1_the5ers";"Buy";"2013.05.17 18:00:00";"102.983";"0.19";"2013.05.20 00:21:00";"102.792";"-24.80";"13718.74";"OOS1";"TrailingStop";"-31.06";"40.01";"2d 6h 21m";""
"17";"USDJPY_DukasM1_the5ers";"Buy";"2013.05.22 10:00:00";"102.684";"0.25";"2013.05.22 17:30:00";"103.293";"98.31";"13817.05";"OOS1";"PT";"-22.72";"99.56";"7h 30m";""
"18";"USDJPY_DukasM1_the5ers";"Buy";"2013.05.28 05:00:00";"101.772";"0.18";"2013.05.29 09:00:00";"102.241";"54.19";"13871.23";"OOS1";"Exit After X Bars";"-5.41";"88.51";"1d 4h 0m";""
"19";"USDJPY_DukasM1_the5ers";"Buy";"2013.06.19 22:00:00";"96.419";"0.14";"2013.06.20 09:51:00";"97.515";"99.36";"13970.59";"OOS1";"PT";"-38.91";"100.34";"11h 51m";""
"20";"USDJPY_DukasM1_the5ers";"Buy";"2013.06.27 00:00:00";"97.744";"0.17";"2013.06.28 03:56:00";"98.627";"97.20";"14067.79";"OOS1";"PT";"-20.01";"98.16";"1d 3h 56m";""
"21";"USDJPY_DukasM1_the5ers";"Buy";"2013.07.09 11:00:00";"101.165";"0.24";"2013.07.09 20:34:00";"100.845";"-51.42";"14016.37";"OOS1";"TrailingStop";"-50.22";"19.77";"9h 34m";""
"22";"USDJPY_DukasM1_the5ers";"Buy";"2013.07.22 02:00:00";"100.430";"0.18";"2013.07.22 03:11:00";"99.614";"-96.95";"13919.42";"OOS1";"SL";"-96.05";"11.77";"1h 11m";""
"23";"USDJPY_DukasM1_the5ers";"Buy";"2013.07.31 17:00:00";"98.386";"0.2";"2013.08.01 17:00:00";"99.161";"99.97";"14019.39";"OOS1";"PT";"-95.34";"101.36";"1d 0h 0m";""
"24";"USDJPY_DukasM1_the5ers";"Buy";"2013.08.12 15:00:00";"96.754";"0.2";"2013.08.13 08:16:00";"97.514";"98.26";"14117.66";"OOS1";"PT";"-46.30";"99.40";"17h 16m";""
"25";"USDJPY_DukasM1_the5ers";"Buy";"2013.08.15 17:00:00";"98.353";"0.19";"2013.08.15 20:14:00";"97.573";"-97.86";"14019.79";"OOS1";"SL";"-96.91";"0.00";"3h 14m";""
"26";"USDJPY_DukasM1_the5ers";"Buy";"2013.08.30 15:00:00";"98.309";"0.26";"2013.09.02 10:03:00";"98.901";"99.18";"14118.98";"OOS1";"PT";"-43.18";"100.65";"2d 19h 3m";""
"27";"USDJPY_DukasM1_the5ers";"Buy";"2013.09.04 07:00:00";"99.637";"0.25";"2013.09.04 15:43:00";"99.343";"-49.31";"14069.66";"OOS1";"TrailingStop";"-48.06";"26.81";"8h 43m";""
"28";"USDJPY_DukasM1_the5ers";"Buy";"2013.09.10 11:00:00";"100.073";"0.24";"2013.09.11 11:12:00";"100.162";"12.61";"14082.27";"OOS1";"TrailingStop";"-13.65";"83.65";"1d 0h 12m";""
"29";"USDJPY_DukasM1_the5ers";"Buy";"2013.09.19 16:00:00";"99.286";"0.2";"2013.09.20 20:00:00";"99.400";"13.78";"14096.05";"OOS1";"Exit After X Bars";"-15.17";"49.83";"1d 4h 0m";""
"30";"USDJPY_DukasM1_the5ers";"Buy";"2013.09.26 07:00:00";"98.908";"0.25";"2013.09.26 12:05:00";"98.576";"-55.53";"14040.53";"OOS1";"TrailingStop";"-54.28";"29.75";"5h 5m";""
"31";"USDJPY_DukasM1_the5ers";"Buy";"2013.10.04 21:00:00";"97.408";"0.24";"2013.10.07 04:55:00";"97.049";"-57.70";"13982.83";"OOS1";"TrailingStop";"-56.34";"11.46";"2d 7h 55m";""
"32";"USDJPY_DukasM1_the5ers";"Buy";"2013.10.16 08:00:00";"98.540";"0.27";"2013.10.17 05:52:00";"98.590";"6.95";"13989.78";"OOS1";"TrailingStop";"-52.08";"81.92";"21h 52m";""
"33";"USDJPY_DukasM1_the5ers";"Buy";"2013.10.21 12:00:00";"98.112";"0.34";"2013.10.22 15:30:00";"98.190";"15.42";"14005.20";"OOS1";"TrailingStop";"-15.12";"63.36";"1d 3h 30m";""
"34";"USDJPY_DukasM1_the5ers";"Buy";"2013.10.28 08:00:00";"97.640";"0.32";"2013.10.29 12:00:00";"97.628";"-4.32";"14000.88";"OOS1";"Exit After X Bars";"-37.67";"30.97";"1d 4h 0m";""
"35";"USDJPY_DukasM1_the5ers";"Buy";"2013.10.29 13:00:00";"97.683";"0.4";"2013.10.29 17:56:00";"98.062";"97.13";"14098.01";"OOS1";"PT";"-4.71";"99.13";"4h 56m";""
"36";"USDJPY_DukasM1_the5ers";"Buy";"2013.11.01 14:00:00";"98.377";"0.33";"2013.11.01 16:13:00";"98.842";"98.69";"14196.70";"OOS1";"PT";"-13.81";"100.34";"2h 13m";""
"37";"USDJPY_DukasM1_the5ers";"Buy";"2013.11.06 06:00:00";"98.709";"0.37";"2013.11.07 10:00:00";"98.655";"-15.64";"14181.06";"OOS1";"Exit After X Bars";"-57.34";"9.44";"1d 4h 0m";""
"38";"USDJPY_DukasM1_the5ers";"Buy";"2013.11.07 11:00:00";"98.742";"0.47";"2013.11.07 15:30:00";"99.069";"98.15";"14279.21";"OOS1";"PT";"-27.66";"100.50";"4h 30m";""
"39";"USDJPY_DukasM1_the5ers";"Buy";"2013.11.08 21:00:00";"99.044";"0.21";"2013.11.12 01:00:00";"99.162";"14.88";"14294.09";"OOS1";"Exit After X Bars";"-16.62";"34.88";"3d 4h 0m";""
"40";"USDJPY_DukasM1_the5ers";"Buy";"2013.11.12 04:00:00";"99.493";"0.36";"2013.11.13 05:26:00";"99.451";"-11.92";"14282.17";"OOS1";"TrailingStop";"-14.12";"71.33";"1d 1h 26m";""
"41";"USDJPY_DukasM1_the5ers";"Buy";"2013.11.21 03:00:00";"100.394";"0.27";"2013.11.21 15:44:00";"100.961";"98.76";"14380.93";"OOS1";"PT";"-15.01";"100.11";"12h 44m";""
"42";"USDJPY_DukasM1_the5ers";"Buy";"2013.12.02 10:00:00";"102.534";"0.39";"2013.12.02 16:23:00";"102.929";"98.79";"14479.71";"OOS1";"PT";"-2.55";"100.74";"6h 23m";""
"43";"USDJPY_DukasM1_the5ers";"Buy";"2013.12.12 11:00:00";"102.928";"0.25";"2013.12.13 00:39:00";"103.545";"99.45";"14579.17";"OOS1";"PT";"-45.77";"100.87";"13h 39m";""
"44";"USDJPY_DukasM1_the5ers";"Buy";"2013.12.18 15:00:00";"103.000";"0.36";"2013.12.18 20:59:00";"102.885";"-28.87";"14550.30";"OOS1";"TrailingStop";"-27.07";"66.39";"5h 59m";""
"45";"USDJPY_DukasM1_the5ers";"Buy";"2013.12.25 09:00:00";"104.461";"0.49";"2013.12.26 02:48:00";"104.772";"96.24";"14646.54";"OOS1";"PT";"-37.81";"99.65";"17h 48m";""
"46";"USDJPY_DukasM1_the5ers";"Buy";"2013.12.27 14:00:00";"104.910";"0.43";"2013.12.30 00:23:00";"105.268";"98.23";"14744.77";"OOS1";"PT";"-18.28";"100.66";"2d 10h 23m";""
"47";"USDJPY_DukasM1_the5ers";"Buy";"2014.01.07 07:00:00";"104.469";"0.22";"2014.01.08 11:00:00";"105.028";"79.18";"14823.94";"OOS1";"Exit After X Bars";"-32.23";"94.37";"1d 4h 0m";""
"48";"USDJPY_DukasM1_the5ers";"Buy";"2014.01.09 14:00:00";"104.967";"0.33";"2014.01.09 18:10:00";"104.726";"-53.66";"14770.29";"OOS1";"TrailingStop";"-52.01";"13.59";"4h 10m";""
"49";"USDJPY_DukasM1_the5ers";"Buy";"2014.01.21 04:00:00";"104.580";"0.35";"2014.01.21 16:35:00";"104.439";"-34.02";"14736.27";"OOS1";"TrailingStop";"-32.27";"38.22";"12h 35m";""
"50";"USDJPY_DukasM1_the5ers";"Buy";"2014.01.22 21:00:00";"104.448";"0.28";"2014.01.23 05:41:00";"104.374";"-15.50";"14720.77";"OOS1";"TrailingStop";"-13.55";"71.96";"8h 41m";""
"51";"USDJPY_DukasM1_the5ers";"Buy";"2014.02.06 07:00:00";"101.604";"0.22";"2014.02.07 11:00:00";"102.023";"59.03";"14779.80";"OOS1";"Exit After X Bars";"-52.08";"90.35";"1d 4h 0m";""
"52";"USDJPY_DukasM1_the5ers";"Buy";"2014.02.11 13:00:00";"102.378";"0.34";"2014.02.12 13:40:00";"102.290";"-21.49";"14758.32";"OOS1";"TrailingStop";"-51.80";"71.59";"1d 0h 40m";""
"53";"USDJPY_DukasM1_the5ers";"Buy";"2014.02.12 18:00:00";"102.533";"0.33";"2014.02.13 05:23:00";"102.239";"-65.74";"14692.58";"OOS1";"TrailingStop";"-63.44";"22.01";"11h 23m";""
"54";"USDJPY_DukasM1_the5ers";"Buy";"2014.02.25 07:00:00";"102.564";"0.4";"2014.02.25 16:54:00";"102.184";"-101.40";"14591.18";"OOS1";"SL";"-99.40";"0.00";"9h 54m";""
"55";"USDJPY_DukasM1_the5ers";"Buy";"2014.03.04 04:00:00";"101.680";"0.33";"2014.03.04 17:59:00";"102.137";"96.97";"14688.15";"OOS1";"PT";"-24.60";"98.62";"13h 59m";""
"56";"USDJPY_DukasM1_the5ers";"Buy";"2014.03.10 20:00:00";"103.206";"0.31";"2014.03.11 18:02:00";"103.118";"-19.59";"14668.55";"OOS1";"TrailingStop";"-17.84";"44.80";"22h 2m";""
"57";"USDJPY_DukasM1_the5ers";"Buy";"2014.03.24 04:00:00";"102.491";"0.34";"2014.03.24 16:01:00";"102.267";"-51.50";"14617.05";"OOS1";"TrailingStop";"-49.80";"34.68";"12h 1m";""
"58";"USDJPY_DukasM1_the5ers";"Buy";"2014.03.25 19:00:00";"102.299";"0.37";"2014.03.26 19:25:00";"102.218";"-21.69";"14595.36";"OOS1";"TrailingStop";"-20.08";"40.65";"1d 0h 25m";""
"59";"USDJPY_DukasM1_the5ers";"Buy";"2014.03.28 13:00:00";"102.327";"0.37";"2014.03.28 16:45:00";"102.736";"97.11";"14692.47";"OOS1";"PT";"-10.40";"98.96";"3h 45m";""
"60";"USDJPY_DukasM1_the5ers";"Buy";"2014.04.14 14:00:00";"101.739";"0.33";"2014.04.15 17:30:00";"101.645";"-22.15";"14670.32";"OOS1";"TrailingStop";"-20.28";"58.48";"1d 3h 30m";""
"61";"USDJPY_DukasM1_the5ers";"Buy";"2014.04.16 00:00:00";"101.923";"0.32";"2014.04.17 04:00:00";"102.125";"40.04";"14710.36";"OOS1";"Exit After X Bars";"-23.85";"92.49";"1d 4h 0m";""
"62";"USDJPY_DukasM1_the5ers";"Buy";"2014.04.17 21:00:00";"102.451";"0.41";"2014.04.21 01:00:00";"102.433";"-7.41";"14702.95";"OOS1";"Exit After X Bars";"-37.27";"32.17";"3d 4h 0m";""
"63";"USDJPY_DukasM1_the5ers";"Buy";"2014.04.21 04:00:00";"102.592";"0.62";"2014.04.22 08:00:00";"102.645";"17.98";"14720.93";"OOS1";"Exit After X Bars";"-36.89";"53.11";"1d 4h 0m";""
"64";"USDJPY_DukasM1_the5ers";"Buy";"2014.04.22 20:00:00";"102.633";"0.56";"2014.04.23 12:47:00";"102.449";"-70.55";"14650.39";"OOS1";"TrailingStop";"-67.38";"21.61";"16h 47m";""
"65";"USDJPY_DukasM1_the5ers";"Buy";"2014.04.25 10:00:00";"102.356";"0.39";"2014.04.25 15:12:00";"101.963";"-102.18";"14548.21";"OOS1";"SL";"-100.23";"5.10";"5h 12m";""
"66";"USDJPY_DukasM1_the5ers";"Buy";"2014.05.20 08:00:00";"101.543";"0.46";"2014.05.20 19:12:00";"101.212";"-101.87";"14446.34";"OOS1";"SL";"-99.57";"0.00";"11h 12m";""
"67";"USDJPY_DukasM1_the5ers";"Buy";"2014.05.27 08:00:00";"101.981";"0.8";"2014.05.27 10:33:00";"101.789";"-104.44";"14341.90";"OOS1";"SL";"-100.44";"1.05";"2h 33m";""
"68";"USDJPY_DukasM1_the5ers";"Buy";"2014.06.02 04:00:00";"101.974";"0.47";"2014.06.02 18:28:00";"102.298";"97.23";"14439.13";"OOS1";"PT";"-12.91";"99.58";"14h 28m";""
"69";"USDJPY_DukasM1_the5ers";"Buy";"2014.06.13 18:00:00";"102.086";"0.43";"2014.06.16 07:58:00";"101.733";"-101.69";"14337.44";"OOS1";"SL";"-99.26";"4.22";"2d 13h 58m";""
"70";"USDJPY_DukasM1_the5ers";"Buy";"2014.06.17 06:00:00";"102.034";"0.55";"2014.06.18 10:00:00";"102.275";"83.57";"14421.01";"OOS1";"Exit After X Bars";"-47.11";"98.55";"1d 4h 0m";""
"71";"USDJPY_DukasM1_the5ers";"Buy";"2014.07.01 06:00:00";"101.519";"0.61";"2014.07.02 10:00:00";"101.525";"-1.06";"14419.95";"OOS1";"Exit After X Bars";"-49.86";"52.25";"1d 4h 0m";""
"72";"USDJPY_DukasM1_the5ers";"Buy";"2014.07.02 17:00:00";"101.784";"0.62";"2014.07.03 15:30:00";"102.031";"95.82";"14515.78";"OOS1";"PT";"-19.87";"100.14";"22h 30m";""
"73";"USDJPY_DukasM1_the5ers";"Buy";"2014.07.14 09:00:00";"101.420";"0.67";"2014.07.15 13:00:00";"101.574";"63.68";"14579.46";"OOS1";"Exit After X Bars";"-17.96";"98.58";"1d 4h 0m";""
"74";"USDJPY_DukasM1_the5ers";"Buy";"2014.07.21 23:00:00";"101.401";"0.77";"2014.07.22 15:34:00";"101.602";"96.85";"14676.31";"OOS1";"PT";"-14.60";"101.21";"16h 34m";""
"75";"USDJPY_DukasM1_the5ers";"Buy";"2014.07.23 19:00:00";"101.513";"0.72";"2014.07.24 08:43:00";"101.427";"-45.50";"14630.81";"OOS1";"TrailingStop";"-40.49";"33.43";"13h 43m";""
"76";"USDJPY_DukasM1_the5ers";"Buy";"2014.07.28 19:00:00";"101.831";"0.77";"2014.07.29 11:03:00";"101.866";"13.27";"14644.08";"OOS1";"TrailingStop";"-8.06";"89.12";"16h 3m";""
"77";"USDJPY_DukasM1_the5ers";"Buy";"2014.08.01 06:00:00";"102.916";"0.5";"2014.08.01 15:30:00";"102.794";"-42.39";"14601.69";"OOS1";"TrailingStop";"-39.89";"38.25";"9h 30m";""
"78";"USDJPY_DukasM1_the5ers";"Buy";"2014.08.05 14:00:00";"102.727";"0.62";"2014.08.05 20:43:00";"102.653";"-33.10";"14568.59";"OOS1";"TrailingStop";"-30.00";"80.28";"6h 43m";""
"79";"USDJPY_DukasM1_the5ers";"Buy";"2014.08.12 02:00:00";"102.252";"0.57";"2014.08.12 15:29:00";"102.170";"-33.41";"14535.18";"OOS1";"TrailingStop";"-30.56";"41.00";"13h 29m";""
"80";"USDJPY_DukasM1_the5ers";"Buy";"2014.08.13 11:00:00";"102.465";"0.6";"2014.08.13 15:35:00";"102.308";"-64.60";"14470.58";"OOS1";"TrailingStop";"-61.60";"18.05";"4h 35m";""
"81";"USDJPY_DukasM1_the5ers";"Buy";"2014.08.15 12:00:00";"102.561";"0.71";"2014.08.15 17:42:00";"102.488";"-37.44";"14433.13";"OOS1";"TrailingStop";"-33.89";"71.96";"5h 42m";""
"82";"USDJPY_DukasM1_the5ers";"Buy";"2014.08.18 20:00:00";"102.572";"0.61";"2014.08.19 17:51:00";"102.825";"97.47";"14530.60";"OOS1";"PT";"-20.74";"100.92";"21h 51m";""
"83";"USDJPY_DukasM1_the5ers";"Buy";"2014.08.22 18:00:00";"104.099";"0.35";"2014.08.25 13:20:00";"103.955";"-34.94";"14495.67";"OOS1";"TrailingStop";"-58.82";"39.59";"2d 19h 20m";""
"84";"USDJPY_DukasM1_the5ers";"Buy";"2014.09.04 18:00:00";"105.109";"0.35";"2014.09.05 02:41:00";"105.549";"98.72";"14594.39";"OOS1";"PT";"-13.05";"100.70";"8h 41m";""
"85";"USDJPY_DukasM1_the5ers";"Buy";"2014.09.17 13:00:00";"107.337";"0.41";"2014.09.17 21:00:00";"107.708";"97.42";"14691.81";"OOS1";"PT";"-52.28";"99.47";"8h 0m";""
"86";"USDJPY_DukasM1_the5ers";"Buy";"2014.09.22 14:00:00";"109.036";"0.27";"2014.09.23 10:32:00";"108.475";"-100.58";"14591.23";"OOS1";"SL";"-99.05";"27.90";"20h 32m";""
"87";"USDJPY_DukasM1_the5ers";"Buy";"2014.09.26 18:00:00";"109.207";"0.26";"2014.09.29 15:53:00";"109.294";"13.32";"14604.56";"OOS1";"TrailingStop";"-3.74";"91.47";"2d 21h 53m";""
"88";"USDJPY_DukasM1_the5ers";"Buy";"2014.09.30 15:00:00";"109.833";"0.3";"2014.10.01 15:53:00";"109.610";"-45.44";"14559.11";"OOS1";"TrailingStop";"-66.50";"49.83";"1d 0h 53m";""
"89";"USDJPY_DukasM1_the5ers";"Buy";"2014.10.15 02:00:00";"107.259";"0.23";"2014.10.15 14:32:00";"107.043";"-33.64";"14525.48";"OOS1";"TrailingStop";"-32.49";"35.34";"12h 32m";""
"90";"USDJPY_DukasM1_the5ers";"Buy";"2014.11.05 07:00:00";"114.030";"0.19";"2014.11.05 15:15:00";"114.838";"99.44";"14624.92";"OOS1";"PT";"-12.92";"100.39";"8h 15m";""
"91";"USDJPY_DukasM1_the5ers";"Buy";"2014.11.06 20:00:00";"114.906";"0.16";"2014.11.07 15:30:00";"114.895";"-2.06";"14622.86";"OOS1";"TrailingStop";"-5.75";"69.68";"19h 30m";""
"92";"USDJPY_DukasM1_the5ers";"Buy";"2014.11.12 23:00:00";"115.609";"0.16";"2014.11.14 03:00:00";"116.140";"54.34";"14677.20";"OOS1";"Exit After X Bars";"-31.39";"61.63";"1d 4h 0m";""
"93";"USDJPY_DukasM1_the5ers";"Buy";"2014.11.18 00:00:00";"116.648";"0.18";"2014.11.18 12:13:00";"116.423";"-27.38";"14649.82";"OOS1";"TrailingStop";"-26.72";"46.85";"12h 13m";""
"94";"USDJPY_DukasM1_the5ers";"Buy";"2014.11.24 11:00:00";"118.241";"0.18";"2014.11.25 03:03:00";"118.017";"-27.38";"14622.43";"OOS1";"TrailingStop";"-26.37";"38.96";"16h 3m";""
"1";"USDJPY_DukasM1_the5ers";"Buy";"2014.12.02 12:00:00";"118.942";"0.33";"2014.12.03 11:00:00";"119.263";"67.40";"14689.83";"OOS1";"Exit After X Bars";"-24.38";"106.82";"23h 0m";""
"2";"USDJPY_DukasM1_the5ers";"Buy";"2014.12.05 04:00:00";"119.944";"0.4";"2014.12.05 15:29:00";"120.155";"53.19";"14743.03";"OOS1";"TrailingStop";"-18.83";"194.61";"11h 29m";""
"3";"USDJPY_DukasM1_the5ers";"Buy";"2014.12.11 19:00:00";"119.412";"0.16";"2014.12.12 11:00:00";"118.463";"-100.20";"14642.83";"OOS1";"SL";"-99.29";"14.96";"16h 0m";""
"4";"USDJPY_DukasM1_the5ers";"Buy";"2014.12.15 14:00:00";"118.773";"0.17";"2014.12.15 18:24:00";"117.908";"-97.01";"14545.82";"OOS1";"SL";"-96.16";"22.46";"4h 24m";""
"5";"USDJPY_DukasM1_the5ers";"Buy";"2015.01.16 17:00:00";"117.054";"0.17";"2015.01.19 16:00:00";"117.458";"43.95";"14589.77";"OOS1";"Exit After X Bars";"-14.79";"78.71";"2d 23h 0m";""
"6";"USDJPY_DukasM1_the5ers";"Buy";"2015.01.26 12:00:00";"118.108";"0.22";"2015.01.27 09:00:00";"117.907";"-30.16";"14559.61";"OOS1";"TrailingStop";"-28.92";"79.27";"21h 0m";""
"7";"USDJPY_DukasM1_the5ers";"Buy";"2015.02.02 06:00:00";"117.832";"0.25";"2015.02.02 17:05:00";"117.229";"-99.83";"14459.78";"OOS1";"SL";"-98.58";"2.45";"11h 5m";""
"8";"USDJPY_DukasM1_the5ers";"Buy";"2015.02.05 23:00:00";"117.548";"0.35";"2015.02.06 15:57:00";"118.614";"242.00";"14701.78";"OOS1";"PT";"-86.06";"243.98";"16h 57m";""
"9";"USDJPY_DukasM1_the5ers";"Buy";"2015.02.06 16:00:00";"118.599";"0.3";"2015.02.09 13:42:00";"118.476";"-25.83";"14675.96";"OOS1";"TrailingStop";"-24.13";"122.02";"2d 21h 42m";""
"10";"USDJPY_DukasM1_the5ers";"Buy";"2015.02.10 13:00:00";"118.975";"0.36";"2015.02.11 12:00:00";"119.786";"188.88";"14864.84";"OOS1";"Exit After X Bars";"-14.12";"194.68";"23h 0m";""
"11";"USDJPY_DukasM1_the5ers";"Buy";"2015.02.23 10:00:00";"119.219";"0.38";"2015.02.23 16:02:00";"118.816";"-102.04";"14762.80";"OOS1";"SL";"-100.14";"33.05";"6h 2m";""
"12";"USDJPY_DukasM1_the5ers";"Buy";"2015.02.24 07:00:00";"119.082";"0.46";"2015.02.24 17:16:00";"119.257";"50.34";"14813.14";"OOS1";"TrailingStop";"-21.06";"227.41";"10h 16m";""
"13";"USDJPY_DukasM1_the5ers";"Buy";"2015.02.26 04:00:00";"119.035";"0.45";"2015.02.26 10:09:00";"118.699";"-101.12";"14712.02";"OOS1";"SL";"-98.87";"0.00";"6h 9m";""
"14";"USDJPY_DukasM1_the5ers";"Buy";"2015.03.06 16:00:00";"120.775";"0.38";"2015.03.09 14:00:00";"121.040";"63.70";"14775.72";"OOS1";"Exit After X Bars";"-40.50";"125.49";"2d 22h 0m";""
"15";"USDJPY_DukasM1_the5ers";"Buy";"2015.03.13 10:00:00";"121.350";"0.42";"2015.03.16 09:00:00";"121.244";"-31.49";"14744.23";"OOS1";"Exit After X Bars";"-59.05";"59.32";"2d 23h 0m";""
"16";"USDJPY_DukasM1_the5ers";"Buy";"2015.03.16 20:00:00";"121.380";"0.46";"2015.03.17 19:00:00";"121.359";"-8.92";"14735.31";"OOS1";"Exit After X Bars";"-80.01";"41.81";"23h 0m";""
"17";"USDJPY_DukasM1_the5ers";"Buy";"2015.03.30 11:00:00";"119.686";"0.37";"2015.03.31 10:00:00";"120.090";"95.66";"14830.97";"OOS1";"Exit After X Bars";"-16.21";"164.04";"23h 0m";""
"18";"USDJPY_DukasM1_the5ers";"Buy";"2015.04.01 15:00:00";"120.135";"0.33";"2015.04.01 17:00:00";"119.677";"-100.48";"14730.48";"OOS1";"SL";"-98.83";"15.11";"2h 0m";""
"19";"USDJPY_DukasM1_the5ers";"Buy";"2015.04.09 06:00:00";"120.334";"0.39";"2015.04.09 13:44:00";"119.941";"-102.18";"14628.31";"OOS1";"SL";"-100.23";"2.30";"7h 44m";""
"20";"USDJPY_DukasM1_the5ers";"Buy";"2015.04.13 13:00:00";"120.771";"0.43";"2015.04.13 15:39:00";"120.415";"-102.25";"14526.06";"OOS1";"SL";"-100.10";"0.00";"2h 39m";""
"21";"USDJPY_DukasM1_the5ers";"Buy";"2015.04.20 20:00:00";"119.394";"0.36";"2015.04.21 19:00:00";"119.444";"9.74";"14535.79";"OOS1";"Exit After X Bars";"-59.56";"103.35";"23h 0m";""
"22";"USDJPY_DukasM1_the5ers";"Buy";"2015.04.29 13:00:00";"119.327";"0.52";"2015.04.29 15:30:00";"119.035";"-101.89";"14433.90";"OOS1";"SL";"-99.29";"11.22";"2h 30m";""
"23";"USDJPY_DukasM1_the5ers";"Buy";"2015.04.30 18:00:00";"119.672";"0.31";"2015.05.01 17:00:00";"119.849";"34.13";"14468.03";"OOS1";"Exit After X Bars";"-83.32";"64.67";"23h 0m";""
"24";"USDJPY_DukasM1_the5ers";"Buy";"2015.05.11 18:00:00";"119.946";"0.52";"2015.05.12 13:10:00";"119.881";"-25.04";"14442.99";"OOS1";"TrailingStop";"-22.10";"112.21";"19h 10m";""
"25";"USDJPY_DukasM1_the5ers";"Buy";"2015.05.18 19:00:00";"119.828";"0.46";"2015.05.19 17:55:00";"120.660";"247.67";"14690.65";"OOS1";"PT";"-5.11";"250.27";"22h 55m";""
"26";"USDJPY_DukasM1_the5ers";"Buy";"2015.05.22 17:00:00";"121.452";"0.37";"2015.05.25 16:00:00";"121.470";"2.26";"14692.92";"OOS1";"Exit After X Bars";"-30.24";"78.39";"2d 23h 0m";""
"27";"USDJPY_DukasM1_the5ers";"Buy";"2015.05.29 22:00:00";"124.064";"0.28";"2015.06.01 21:00:00";"124.871";"146.18";"14839.09";"OOS1";"Exit After X Bars";"-37.53";"156.18";"2d 23h 0m";""
"28";"USDJPY_DukasM1_the5ers";"Buy";"2015.06.04 19:00:00";"124.586";"0.3";"2015.06.05 16:31:00";"125.824";"241.17";"15080.26";"OOS1";"PT";"-70.62";"242.87";"21h 31m";""
"29";"USDJPY_DukasM1_the5ers";"Buy";"2015.06.15 05:00:00";"123.497";"0.34";"2015.06.16 04:00:00";"123.420";"-19.04";"15061.22";"OOS1";"Exit After X Bars";"-43.58";"36.24";"23h 0m";""
"30";"USDJPY_DukasM1_the5ers";"Buy";"2015.06.17 12:00:00";"123.870";"0.55";"2015.06.17 21:00:00";"123.849";"-10.30";"15050.92";"OOS1";"TrailingStop";"-24.82";"204.28";"9h 0m";""
"31";"USDJPY_DukasM1_the5ers";"Buy";"2015.06.22 20:00:00";"123.315";"0.35";"2015.06.23 19:00:00";"123.709";"88.20";"15139.11";"OOS1";"Exit After X Bars";"-4.81";"198.89";"23h 0m";""
"32";"USDJPY_DukasM1_the5ers";"Buy";"2015.07.15 11:00:00";"123.533";"0.5";"2015.07.16 10:00:00";"123.834";"94.93";"15234.05";"OOS1";"Exit After X Bars";"-48.39";"142.88";"23h 0m";""
"33";"USDJPY_DukasM1_the5ers";"Buy";"2015.07.20 03:00:00";"124.153";"0.67";"2015.07.21 02:00:00";"124.284";"53.61";"15287.65";"OOS1";"Exit After X Bars";"-30.23";"98.58";"23h 0m";""
"34";"USDJPY_DukasM1_the5ers";"Buy";"2015.07.24 13:00:00";"124.016";"0.54";"2015.07.24 17:40:00";"123.732";"-102.99";"15184.67";"OOS1";"SL";"-100.29";"27.90";"4h 40m";""
"35";"USDJPY_DukasM1_the5ers";"Buy";"2015.07.29 12:00:00";"123.626";"0.52";"2015.07.30 11:00:00";"124.148";"173.88";"15358.55";"OOS1";"Exit After X Bars";"-30.60";"212.52";"23h 0m";""
"36";"USDJPY_DukasM1_the5ers";"Buy";"2015.07.31 12:00:00";"124.240";"0.48";"2015.07.31 15:31:00";"123.942";"-95.94";"15262.61";"OOS1";"TrailingStop";"-93.54";"42.37";"3h 31m";""
"37";"USDJPY_DukasM1_the5ers";"Buy";"2015.08.04 21:00:00";"124.157";"0.48";"2015.08.05 15:15:00";"124.069";"-30.34";"15232.28";"OOS1";"TrailingStop";"-27.62";"100.44";"18h 15m";""
"38";"USDJPY_DukasM1_the5ers";"Buy";"2015.08.07 08:00:00";"124.805";"0.63";"2015.08.07 15:29:00";"124.562";"-103.26";"15129.02";"OOS1";"SL";"-100.11";"20.19";"7h 29m";""
"39";"USDJPY_DukasM1_the5ers";"Buy";"2015.08.17 04:00:00";"124.402";"0.55";"2015.08.17 16:20:00";"124.224";"-66.77";"15062.25";"OOS1";"TrailingStop";"-64.02";"61.86";"12h 20m";""
"40";"USDJPY_DukasM1_the5ers";"Buy";"2015.08.27 00:00:00";"119.900";"0.14";"2015.08.27 23:00:00";"121.012";"101.10";"15163.35";"OOS1";"Exit After X Bars";"-10.07";"137.23";"23h 0m";""
"41";"USDJPY_DukasM1_the5ers";"Buy";"2015.09.08 11:00:00";"120.167";"0.26";"2015.09.09 10:00:00";"120.571";"67.22";"15230.57";"OOS1";"Exit After X Bars";"-86.37";"71.24";"23h 0m";""
"42";"USDJPY_DukasM1_the5ers";"Buy";"2015.09.14 03:00:00";"120.813";"0.32";"2015.09.14 06:57:00";"120.337";"-101.21";"15129.36";"OOS1";"SL";"-99.61";"0.00";"3h 57m";""
"43";"USDJPY_DukasM1_the5ers";"Buy";"2015.09.25 04:00:00";"120.329";"0.27";"2015.09.28 03:00:00";"120.391";"9.42";"15138.78";"OOS1";"Exit After X Bars";"-53.85";"159.96";"2d 23h 0m";""
"44";"USDJPY_DukasM1_the5ers";"Buy";"2015.10.05 04:00:00";"120.016";"0.26";"2015.10.06 03:00:00";"120.469";"75.55";"15214.33";"OOS1";"Exit After X Bars";"-24.82";"90.62";"23h 0m";""
"45";"USDJPY_DukasM1_the5ers";"Buy";"2015.10.09 09:00:00";"120.063";"0.53";"2015.10.12 08:00:00";"120.152";"27.85";"15242.18";"OOS1";"Exit After X Bars";"-11.78";"98.08";"2d 23h 0m";""
"46";"USDJPY_DukasM1_the5ers";"Buy";"2015.10.22 18:00:00";"120.372";"0.42";"2015.10.23 10:11:00";"120.406";"6.96";"15249.15";"OOS1";"TrailingStop";"-7.42";"168.36";"16h 11m";""
"47";"USDJPY_DukasM1_the5ers";"Buy";"2015.12.02 07:00:00";"123.069";"0.57";"2015.12.02 21:43:00";"123.175";"36.66";"15285.80";"OOS1";"TrailingStop";"-21.25";"224.01";"14h 43m";""
"48";"USDJPY_DukasM1_the5ers";"Buy";"2015.12.29 19:00:00";"120.459";"0.65";"2015.12.30 18:00:00";"120.555";"37.13";"15322.93";"OOS1";"Exit After X Bars";"-50.58";"73.96";"23h 0m";""
"49";"USDJPY_DukasM1_the5ers";"Buy";"2016.01.12 01:00:00";"117.713";"0.22";"2016.01.13 00:00:00";"117.629";"-13.33";"15309.61";"OOS1";"Exit After X Bars";"-69.92";"51.65";"23h 0m";""
"50";"USDJPY_DukasM1_the5ers";"Buy";"2016.01.14 22:00:00";"118.160";"0.23";"2016.01.15 10:49:00";"117.506";"-99.66";"15209.94";"OOS1";"SL";"-98.36";"16.54";"12h 49m";""
"51";"USDJPY_DukasM1_the5ers";"Buy";"2016.02.17 15:00:00";"114.180";"0.23";"2016.02.18 14:00:00";"113.855";"-50.48";"15159.46";"OOS1";"Exit After X Bars";"-84.98";"48.73";"23h 0m";""
"52";"USDJPY_DukasM1_the5ers";"Buy";"2016.03.01 12:00:00";"113.110";"0.25";"2016.03.02 11:00:00";"114.367";"204.08";"15363.54";"OOS1";"Exit After X Bars";"-34.17";"219.06";"23h 0m";""
"53";"USDJPY_DukasM1_the5ers";"Buy";"2016.03.03 08:00:00";"114.131";"0.25";"2016.03.03 16:57:00";"113.532";"-99.17";"15264.37";"OOS1";"SL";"-97.92";"22.40";"8h 57m";""
"54";"USDJPY_DukasM1_the5ers";"Buy";"2016.03.11 12:00:00";"113.832";"0.21";"2016.03.14 10:00:00";"113.767";"-10.11";"15254.25";"OOS1";"Exit After X Bars";"-67.70";"24.03";"2d 22h 0m";""
"55";"USDJPY_DukasM1_the5ers";"Buy";"2016.03.14 22:00:00";"113.822";"0.34";"2016.03.15 05:52:00";"113.375";"-101.31";"15152.95";"OOS1";"TrailingStop";"-99.38";"69.81";"7h 52m";""
"56";"USDJPY_DukasM1_the5ers";"Buy";"2016.03.29 10:00:00";"113.632";"0.42";"2016.03.29 17:43:00";"113.274";"-100.42";"15052.53";"OOS1";"SL";"-98.32";"46.69";"7h 43m";""
"57";"USDJPY_DukasM1_the5ers";"Buy";"2016.04.15 00:00:00";"109.384";"0.33";"2016.04.15 12:38:00";"109.146";"-53.01";"14999.52";"OOS1";"TrailingStop";"-51.36";"74.66";"12h 38m";""
"58";"USDJPY_DukasM1_the5ers";"Buy";"2016.04.20 19:00:00";"109.532";"0.33";"2016.04.21 18:00:00";"109.467";"-16.32";"14983.19";"OOS1";"Exit After X Bars";"-44.67";"78.55";"23h 0m";""
"59";"USDJPY_DukasM1_the5ers";"Buy";"2016.04.22 09:00:00";"110.339";"0.29";"2016.04.22 19:11:00";"111.616";"240.72";"15223.91";"OOS1";"PT";"-13.08";"242.17";"10h 11m";""
"60";"USDJPY_DukasM1_the5ers";"Buy";"2016.05.04 01:00:00";"106.938";"0.25";"2016.05.04 15:15:00";"106.462";"-79.07";"15144.84";"OOS1";"TrailingStop";"-77.82";"69.15";"14h 15m";""
"61";"USDJPY_DukasM1_the5ers";"Buy";"2016.05.05 12:00:00";"107.307";"0.3";"2016.05.06 11:00:00";"106.943";"-73.10";"15071.74";"OOS1";"Exit After X Bars";"-98.87";"37.67";"23h 0m";""
"62";"USDJPY_DukasM1_the5ers";"Buy";"2016.05.09 03:00:00";"107.371";"0.31";"2016.05.10 02:00:00";"108.386";"204.00";"15275.74";"OOS1";"Exit After X Bars";"-28.38";"249.14";"23h 0m";""
"63";"USDJPY_DukasM1_the5ers";"Buy";"2016.05.12 10:00:00";"108.989";"0.36";"2016.05.12 17:22:00";"108.786";"-49.59";"15226.15";"OOS1";"TrailingStop";"-58.38";"95.58";"7h 22m";""
"64";"USDJPY_DukasM1_the5ers";"Buy";"2016.05.13 19:00:00";"109.149";"0.26";"2016.05.13 23:49:00";"108.576";"-98.89";"15127.26";"OOS1";"SL";"-97.42";"0.00";"4h 49m";""
"65";"USDJPY_DukasM1_the5ers";"Buy";"2016.05.16 08:00:00";"108.766";"0.28";"2016.05.17 07:00:00";"108.919";"26.43";"15153.69";"OOS1";"Exit After X Bars";"-23.44";"61.89";"23h 0m";""
"66";"USDJPY_DukasM1_the5ers";"Buy";"2016.05.18 06:00:00";"109.321";"0.31";"2016.05.19 05:00:00";"110.121";"160.01";"15313.71";"OOS1";"Exit After X Bars";"-62.84";"192.98";"23h 0m";""
"67";"USDJPY_DukasM1_the5ers";"Buy";"2016.05.20 09:00:00";"110.143";"0.36";"2016.05.23 02:59:00";"109.999";"-35.93";"15277.77";"OOS1";"TrailingStop";"-33.90";"104.76";"2d 17h 59m";""
"68";"USDJPY_DukasM1_the5ers";"Buy";"2016.06.21 15:00:00";"104.688";"0.29";"2016.06.22 14:00:00";"104.562";"-25.53";"15252.24";"OOS1";"Exit After X Bars";"-70.54";"70.17";"23h 0m";""
"69";"USDJPY_DukasM1_the5ers";"Buy";"2016.06.22 18:00:00";"104.700";"0.35";"2016.06.23 09:10:00";"104.262";"-102.68";"15149.56";"OOS1";"SL";"-100.25";"62.71";"15h 10m";""
"70";"USDJPY_DukasM1_the5ers";"Buy";"2016.06.23 13:00:00";"104.838";"0.28";"2016.06.24 00:05:00";"106.191";"246.15";"15395.70";"OOS1";"PT";"-2.01";"247.73";"11h 5m";""
"71";"USDJPY_DukasM1_the5ers";"Buy";"2016.06.30 01:00:00";"102.914";"0.29";"2016.06.30 18:01:00";"102.399";"-99.11";"15296.59";"OOS1";"SL";"-97.66";"9.86";"17h 1m";""
"72";"USDJPY_DukasM1_the5ers";"Buy";"2016.07.11 09:00:00";"101.479";"0.24";"2016.07.12 04:05:00";"103.026";"241.43";"15538.02";"OOS1";"PT";"-2.35";"242.79";"19h 5m";""
"73";"USDJPY_DukasM1_the5ers";"Buy";"2016.07.14 08:00:00";"104.687";"0.22";"2016.07.15 07:00:00";"106.082";"199.44";"15737.47";"OOS1";"Exit After X Bars";"-7.34";"234.35";"23h 0m";""
"74";"USDJPY_DukasM1_the5ers";"Buy";"2016.07.18 22:00:00";"106.130";"0.2";"2016.07.19 21:00:00";"105.949";"-24.80";"15712.66";"OOS1";"Exit After X Bars";"-63.17";"52.71";"23h 0m";""
"75";"USDJPY_DukasM1_the5ers";"Buy";"2016.08.05 17:00:00";"101.953";"0.32";"2016.08.08 16:00:00";"102.483";"109.10";"15821.76";"OOS1";"Exit After X Bars";"-49.17";"112.37";"2d 23h 0m";""
"76";"USDJPY_DukasM1_the5ers";"Buy";"2016.08.19 04:00:00";"100.322";"0.27";"2016.08.22 03:00:00";"100.558";"40.14";"15861.90";"OOS1";"Exit After X Bars";"-52.08";"78.04";"2d 23h 0m";""
"77";"USDJPY_DukasM1_the5ers";"Buy";"2016.08.22 11:00:00";"100.783";"0.31";"2016.08.22 16:09:00";"100.293";"-100.88";"15761.02";"OOS1";"SL";"-99.33";"4.46";"5h 9m";""
"78";"USDJPY_DukasM1_the5ers";"Buy";"2016.08.26 20:00:00";"101.292";"0.34";"2016.08.29 19:00:00";"102.133";"185.06";"15946.08";"OOS1";"Exit After X Bars";"-2.22";"244.79";"2d 23h 0m";""
"79";"USDJPY_DukasM1_the5ers";"Buy";"2016.08.30 05:00:00";"102.217";"0.37";"2016.08.31 03:54:00";"103.225";"241.79";"16187.87";"OOS1";"PT";"-44.03";"243.89";"22h 54m";""
"80";"USDJPY_DukasM1_the5ers";"Buy";"2016.09.02 06:00:00";"103.320";"0.37";"2016.09.02 15:30:00";"103.117";"-50.97";"16136.91";"OOS1";"TrailingStop";"-49.12";"94.12";"9h 30m";""
"81";"USDJPY_DukasM1_the5ers";"Buy";"2016.09.21 09:00:00";"102.568";"0.23";"2016.09.21 10:31:00";"101.921";"-98.46";"16038.45";"OOS1";"SL";"-97.31";"13.99";"1h 31m";""
"82";"USDJPY_DukasM1_the5ers";"Buy";"2016.09.28 13:00:00";"100.682";"0.37";"2016.09.29 09:08:00";"101.690";"241.31";"16279.76";"OOS1";"PT";"-56.86";"243.89";"20h 8m";""
"83";"USDJPY_DukasM1_the5ers";"Buy";"2016.09.30 22:00:00";"101.419";"0.29";"2016.10.03 21:00:00";"101.560";"25.10";"16304.86";"OOS1";"Exit After X Bars";"-44.56";"45.13";"2d 23h 0m";""
"1";"USDJPY_DukasM1_the5ers";"Buy";"2016.10.10 21:00:00";"103.751";"0.23";"2016.10.11 17:43:00";"103.552";"-31.23";"16273.63";"OOS1";"TrailingStop";"-29.93";"48.13";"20h 43m";""
"2";"USDJPY_DukasM1_the5ers";"Buy";"2016.10.12 18:00:00";"104.068";"0.22";"2016.10.13 05:13:00";"104.013";"-9.44";"16264.18";"OOS1";"TrailingStop";"-7.91";"81.57";"11h 13m";""
"3";"USDJPY_DukasM1_the5ers";"Buy";"2016.10.24 15:00:00";"104.017";"0.33";"2016.10.25 13:00:00";"104.443";"90.06";"16354.24";"OOS1";"Exit After X Bars";"-25.03";"102.07";"22h 0m";""
"4";"USDJPY_DukasM1_the5ers";"Buy";"2016.10.26 23:00:00";"104.499";"0.27";"2016.10.27 19:39:00";"105.294";"138.48";"16492.73";"OOS1";"PT";"-35.84";"140.36";"20h 39m";""
"5";"USDJPY_DukasM1_the5ers";"Buy";"2016.11.04 09:00:00";"103.354";"0.21";"2016.11.07 01:43:00";"104.369";"138.20";"16630.92";"OOS1";"PT";"-68.52";"139.38";"2d 16h 43m";""
"6";"USDJPY_DukasM1_the5ers";"Buy";"2016.11.07 02:00:00";"104.167";"0.16";"2016.11.08 00:00:00";"104.455";"29.23";"16660.15";"OOS1";"Exit After X Bars";"-34.32";"48.65";"22h 0m";""
"7";"USDJPY_DukasM1_the5ers";"Buy";"2016.11.09 20:00:00";"105.367";"0.07";"2016.11.10 18:00:00";"106.454";"49.27";"16709.42";"OOS1";"Exit After X Bars";"-18.54";"72.37";"22h 0m";""
"8";"USDJPY_DukasM1_the5ers";"Buy";"2016.11.11 22:00:00";"106.780";"0.13";"2016.11.14 17:15:00";"108.438";"140.21";"16849.63";"OOS1";"PT";"-14.11";"140.95";"2d 19h 15m";""
"9";"USDJPY_DukasM1_the5ers";"Buy";"2016.11.17 09:00:00";"109.293";"0.14";"2016.11.18 07:00:00";"110.538";"113.19";"16962.82";"OOS1";"Exit After X Bars";"-43.30";"135.86";"22h 0m";""
"10";"USDJPY_DukasM1_the5ers";"Buy";"2016.11.22 16:00:00";"110.980";"0.14";"2016.11.23 14:00:00";"111.120";"12.03";"16974.84";"OOS1";"Exit After X Bars";"-14.19";"34.42";"22h 0m";""
"11";"USDJPY_DukasM1_the5ers";"Buy";"2016.12.06 09:00:00";"114.139";"0.14";"2016.12.07 07:00:00";"114.160";"1.13";"16975.97";"OOS1";"Exit After X Bars";"-43.12";"15.56";"22h 0m";""
"12";"USDJPY_DukasM1_the5ers";"Buy";"2016.12.08 18:00:00";"114.224";"0.14";"2016.12.09 16:00:00";"114.962";"66.77";"17042.75";"OOS1";"Exit After X Bars";"-26.55";"96.40";"22h 0m";""
"13";"USDJPY_DukasM1_the5ers";"Buy";"2016.12.14 21:00:00";"115.285";"0.2";"2016.12.14 21:12:00";"116.387";"143.12";"17185.87";"OOS1";"PT";"-1.31";"144.12";"12m 0s";""
"14";"USDJPY_DukasM1_the5ers";"Buy";"2016.12.27 04:00:00";"117.423";"0.34";"2016.12.28 02:00:00";"117.480";"10.75";"17196.62";"OOS1";"Exit After X Bars";"-48.91";"42.91";"22h 0m";""
"15";"USDJPY_DukasM1_the5ers";"Buy";"2017.01.06 19:00:00";"116.865";"0.11";"2017.01.09 13:37:00";"116.679";"-14.00";"17182.62";"OOS1";"TrailingStop";"-13.38";"47.98";"2d 18h 37m";""
"16";"USDJPY_DukasM1_the5ers";"Buy";"2017.01.24 21:00:00";"113.745";"0.13";"2017.01.25 14:26:00";"113.069";"-58.20";"17124.42";"OOS1";"TrailingStop";"-57.47";"20.66";"17h 26m";""
"17";"USDJPY_DukasM1_the5ers";"Buy";"2017.02.09 10:00:00";"112.363";"0.2";"2017.02.10 01:47:00";"113.462";"142.60";"17267.02";"OOS1";"PT";"-26.81";"143.73";"15h 47m";""
"18";"USDJPY_DukasM1_the5ers";"Buy";"2017.02.14 19:00:00";"114.352";"0.18";"2017.02.15 17:00:00";"114.650";"34.06";"17301.08";"OOS1";"Exit After X Bars";"-25.19";"71.21";"22h 0m";""
"19";"USDJPY_DukasM1_the5ers";"Buy";"2017.02.27 22:00:00";"112.804";"0.19";"2017.02.28 16:23:00";"112.010";"-99.72";"17201.35";"OOS1";"SL";"-98.65";"1.99";"18h 23m";""
"20";"USDJPY_DukasM1_the5ers";"Buy";"2017.03.08 13:00:00";"114.093";"0.3";"2017.03.09 10:46:00";"114.811";"138.77";"17340.12";"OOS1";"PT";"-26.68";"140.85";"21h 46m";""
"21";"USDJPY_DukasM1_the5ers";"Buy";"2017.03.14 09:00:00";"115.045";"0.3";"2017.03.14 15:55:00";"114.772";"-55.06";"17285.06";"OOS1";"TrailingStop";"-53.56";"29.03";"6h 55m";""
"22";"USDJPY_DukasM1_the5ers";"Buy";"2017.03.30 04:00:00";"111.354";"0.25";"2017.03.31 02:00:00";"111.817";"74.28";"17359.34";"OOS1";"Exit After X Bars";"-67.35";"96.29";"22h 0m";""
"23";"USDJPY_DukasM1_the5ers";"Buy";"2017.04.06 14:00:00";"110.929";"0.21";"2017.04.07 04:14:00";"110.449";"-67.10";"17292.24";"OOS1";"TrailingStop";"-65.92";"29.11";"14h 14m";""
"24";"USDJPY_DukasM1_the5ers";"Buy";"2017.04.07 21:00:00";"111.340";"0.17";"2017.04.10 19:00:00";"110.948";"-44.54";"17247.70";"OOS1";"Exit After X Bars";"-45.24";"26.68";"2d 22h 0m";""
"25";"USDJPY_DukasM1_the5ers";"Buy";"2017.04.25 09:00:00";"110.170";"0.21";"2017.04.26 03:10:00";"111.189";"138.74";"17386.45";"OOS1";"PT";"-9.06";"139.93";"18h 10m";""
"26";"USDJPY_DukasM1_the5ers";"Buy";"2017.04.27 15:00:00";"111.436";"0.2";"2017.04.28 13:00:00";"111.495";"6.59";"17393.03";"OOS1";"Exit After X Bars";"-51.40";"21.32";"22h 0m";""
"27";"USDJPY_DukasM1_the5ers";"Buy";"2017.04.28 22:00:00";"111.399";"0.24";"2017.05.01 20:00:00";"111.754";"54.36";"17447.39";"OOS1";"Exit After X Bars";"-30.45";"83.02";"2d 22h 0m";""
"28";"USDJPY_DukasM1_the5ers";"Buy";"2017.05.08 01:00:00";"112.880";"0.23";"2017.05.08 23:00:00";"113.188";"45.17";"17492.56";"OOS1";"Exit After X Bars";"-72.79";"52.94";"22h 0m";""
"29";"USDJPY_DukasM1_the5ers";"Buy";"2017.05.23 20:00:00";"111.662";"0.18";"2017.05.24 18:00:00";"112.032";"42.53";"17535.09";"OOS1";"Exit After X Bars";"-24.84";"49.91";"22h 0m";""
"30";"USDJPY_DukasM1_the5ers";"Buy";"2017.06.01 13:00:00";"111.077";"0.27";"2017.06.02 11:00:00";"111.568";"85.16";"17620.26";"OOS1";"Exit After X Bars";"-2.30";"111.94";"22h 0m";""
"31";"USDJPY_DukasM1_the5ers";"Buy";"2017.06.15 18:00:00";"110.632";"0.17";"2017.06.16 16:00:00";"111.100";"51.06";"17671.32";"OOS1";"Exit After X Bars";"-12.01";"87.27";"22h 0m";""
"32";"USDJPY_DukasM1_the5ers";"Buy";"2017.06.19 20:00:00";"111.433";"0.25";"2017.06.20 15:16:00";"111.306";"-22.18";"17649.15";"OOS1";"TrailingStop";"-20.76";"57.87";"19h 16m";""
"33";"USDJPY_DukasM1_the5ers";"Buy";"2017.06.26 03:00:00";"111.246";"0.37";"2017.06.26 15:47:00";"111.381";"30.81";"17679.96";"OOS1";"TrailingStop";"-7.98";"116.14";"12h 47m";""
"34";"USDJPY_DukasM1_the5ers";"Buy";"2017.06.29 02:00:00";"112.344";"0.26";"2017.06.29 18:17:00";"112.381";"4.99";"17684.95";"OOS1";"TrailingStop";"-35.70";"98.78";"16h 17m";""
"35";"USDJPY_DukasM1_the5ers";"Buy";"2017.06.30 23:00:00";"112.471";"0.2";"2017.07.03 21:00:00";"113.408";"121.41";"17806.37";"OOS1";"Exit After X Bars";"-54.01";"128.95";"2d 22h 0m";""
"36";"USDJPY_DukasM1_the5ers";"Buy";"2017.07.05 11:00:00";"113.497";"0.26";"2017.07.05 17:14:00";"113.210";"-50.10";"17756.27";"OOS1";"TrailingStop";"-48.80";"32.13";"6h 14m";""
"37";"USDJPY_DukasM1_the5ers";"Buy";"2017.07.07 05:00:00";"113.734";"0.22";"2017.07.10 03:00:00";"113.969";"32.56";"17788.83";"OOS1";"Exit After X Bars";"-33.38";"64.02";"2d 22h 0m";""
"38";"USDJPY_DukasM1_the5ers";"Buy";"2017.07.20 08:00:00";"112.060";"0.26";"2017.07.20 17:31:00";"111.890";"-30.20";"17758.63";"OOS1";"TrailingStop";"-28.90";"60.87";"9h 31m";""
"39";"USDJPY_DukasM1_the5ers";"Buy";"2017.08.04 18:00:00";"110.902";"0.23";"2017.08.07 16:00:00";"110.848";"-9.42";"17749.21";"OOS1";"Exit After X Bars";"-47.53";"3.46";"2d 22h 0m";""
"40";"USDJPY_DukasM1_the5ers";"Buy";"2017.08.22 10:00:00";"109.403";"0.25";"2017.08.23 08:00:00";"109.462";"8.23";"17757.44";"OOS1";"Exit After X Bars";"-44.14";"68.83";"22h 0m";""
"41";"USDJPY_DukasM1_the5ers";"Buy";"2017.08.29 22:00:00";"109.710";"0.18";"2017.08.30 20:00:00";"110.291";"67.37";"17824.81";"OOS1";"Exit After X Bars";"-19.89";"85.57";"22h 0m";""
"42";"USDJPY_DukasM1_the5ers";"Buy";"2017.09.06 22:00:00";"109.345";"0.2";"2017.09.07 17:23:00";"108.583";"-101.05";"17723.76";"OOS1";"SL";"-99.66";"4.84";"19h 23m";""
"43";"USDJPY_DukasM1_the5ers";"Buy";"2017.09.15 12:00:00";"110.727";"0.18";"2017.09.18 10:00:00";"111.361";"73.61";"17797.37";"OOS1";"Exit After X Bars";"-13.18";"79.10";"2d 22h 0m";""
"44";"USDJPY_DukasM1_the5ers";"Buy";"2017.10.16 22:00:00";"112.213";"0.28";"2017.10.17 20:00:00";"112.278";"10.32";"17807.69";"OOS1";"Exit After X Bars";"-32.23";"48.52";"22h 0m";""
"45";"USDJPY_DukasM1_the5ers";"Buy";"2017.10.20 07:00:00";"113.153";"0.25";"2017.10.23 02:48:00";"114.026";"141.30";"17948.99";"OOS1";"PT";"-14.06";"142.72";"2d 19h 48m";""
"46";"USDJPY_DukasM1_the5ers";"Buy";"2017.10.26 22:00:00";"113.996";"0.22";"2017.10.27 17:01:00";"113.776";"-32.89";"17916.10";"OOS1";"TrailingStop";"-31.65";"65.31";"19h 1m";""
"47";"USDJPY_DukasM1_the5ers";"Buy";"2017.10.31 20:00:00";"113.691";"0.27";"2017.11.01 18:00:00";"114.038";"59.74";"17975.83";"OOS1";"Exit After X Bars";"-16.77";"103.99";"22h 0m";""
"48";"USDJPY_DukasM1_the5ers";"Buy";"2017.11.02 22:00:00";"114.062";"0.22";"2017.11.03 14:30:00";"113.759";"-44.83";"17931.00";"OOS1";"TrailingStop";"-43.59";"12.66";"16h 30m";""
"49";"USDJPY_DukasM1_the5ers";"Buy";"2017.11.03 19:00:00";"114.324";"0.25";"2017.11.06 10:54:00";"114.120";"-34.76";"17896.24";"OOS1";"TrailingStop";"-53.13";"67.19";"2d 15h 54m";""
"50";"USDJPY_DukasM1_the5ers";"Buy";"2017.11.07 17:00:00";"114.245";"0.29";"2017.11.08 01:30:00";"113.719";"-101.39";"17794.85";"OOS1";"SL";"-99.75";"9.86";"8h 30m";""
"51";"USDJPY_DukasM1_the5ers";"Buy";"2017.11.14 11:00:00";"113.876";"0.34";"2017.11.14 17:01:00";"113.431";"-100.64";"17694.21";"OOS1";"SL";"-98.94";"2.67";"6h 1m";""
"52";"USDJPY_DukasM1_the5ers";"Buy";"2017.11.20 21:00:00";"112.634";"0.27";"2017.11.21 16:28:00";"112.242";"-70.74";"17623.47";"OOS1";"TrailingStop";"-69.21";"15.01";"19h 28m";""
"53";"USDJPY_DukasM1_the5ers";"Buy";"2017.12.15 22:00:00";"112.639";"0.28";"2017.12.18 18:10:00";"112.318";"-60.36";"17563.12";"OOS1";"TrailingStop";"-58.77";"34.79";"2d 20h 10m";""
"54";"USDJPY_DukasM1_the5ers";"Buy";"2017.12.19 17:00:00";"112.819";"0.43";"2017.12.20 15:00:00";"113.188";"101.33";"17664.44";"OOS1";"Exit After X Bars";"-13.50";"111.63";"22h 0m";""
"55";"USDJPY_DukasM1_the5ers";"Buy";"2018.01.17 15:00:00";"110.757";"0.25";"2018.01.18 13:00:00";"111.258";"80.16";"17744.61";"OOS1";"Exit After X Bars";"-25.50";"118.52";"22h 0m";""
"56";"USDJPY_DukasM1_the5ers";"Buy";"2018.02.05 18:00:00";"110.106";"0.22";"2018.02.05 22:05:00";"109.572";"-77.92";"17666.68";"OOS1";"TrailingStop";"-76.82";"4.89";"4h 5m";""
"57";"USDJPY_DukasM1_the5ers";"Buy";"2018.02.08 08:00:00";"109.663";"0.18";"2018.02.08 18:13:00";"109.114";"-65.52";"17601.16";"OOS1";"TrailingStop";"-64.62";"14.01";"10h 13m";""
"58";"USDJPY_DukasM1_the5ers";"Buy";"2018.02.27 07:00:00";"106.948";"0.25";"2018.02.28 05:00:00";"107.316";"58.75";"17659.91";"OOS1";"Exit After X Bars";"-23.87";"118.69";"22h 0m";""
"59";"USDJPY_DukasM1_the5ers";"Buy";"2018.03.08 04:00:00";"106.144";"0.23";"2018.03.09 02:00:00";"106.413";"39.16";"17699.07";"OOS1";"Exit After X Bars";"-38.05";"44.22";"22h 0m";""
"60";"USDJPY_DukasM1_the5ers";"Buy";"2018.03.20 00:00:00";"106.039";"0.25";"2018.03.20 22:00:00";"106.513";"76.24";"17775.31";"OOS1";"Exit After X Bars";"-17.98";"92.37";"22h 0m";""
"61";"USDJPY_DukasM1_the5ers";"Buy";"2018.03.28 14:00:00";"105.913";"0.25";"2018.03.28 20:46:00";"106.772";"139.18";"17914.49";"OOS1";"PT";"-6.87";"140.43";"6h 46m";""
"62";"USDJPY_DukasM1_the5ers";"Buy";"2018.04.03 17:00:00";"106.474";"0.28";"2018.04.04 10:51:00";"106.261";"-40.58";"17873.90";"OOS1";"TrailingStop";"-39.00";"39.00";"17h 51m";""
"63";"USDJPY_DukasM1_the5ers";"Buy";"2018.04.10 19:00:00";"107.308";"0.25";"2018.04.11 14:02:00";"106.837";"-78.41";"17795.49";"OOS1";"TrailingStop";"-77.00";"10.79";"19h 2m";""
"64";"USDJPY_DukasM1_the5ers";"Buy";"2018.04.12 16:00:00";"107.246";"0.31";"2018.04.13 14:00:00";"107.671";"84.40";"17879.89";"OOS1";"Exit After X Bars";"-33.65";"88.38";"22h 0m";""
"65";"USDJPY_DukasM1_the5ers";"Buy";"2018.04.18 05:00:00";"107.300";"0.4";"2018.04.19 03:00:00";"107.355";"11.60";"17891.49";"OOS1";"Exit After X Bars";"-53.10";"21.71";"22h 0m";""
"66";"USDJPY_DukasM1_the5ers";"Buy";"2018.04.27 12:00:00";"109.385";"0.33";"2018.04.30 10:00:00";"109.194";"-43.08";"17848.41";"OOS1";"Exit After X Bars";"-90.85";"32.58";"2d 22h 0m";""
"67";"USDJPY_DukasM1_the5ers";"Buy";"2018.04.30 12:00:00";"109.317";"0.4";"2018.04.30 19:51:00";"109.118";"-54.05";"17794.36";"OOS1";"TrailingStop";"-52.05";"35.31";"7h 51m";""
"68";"USDJPY_DukasM1_the5ers";"Buy";"2018.05.07 10:00:00";"109.220";"0.3";"2018.05.07 22:17:00";"109.011";"-42.50";"17751.86";"OOS1";"TrailingStop";"-41.00";"34.72";"12h 17m";""
"69";"USDJPY_DukasM1_the5ers";"Buy";"2018.05.17 11:00:00";"110.562";"0.28";"2018.05.18 09:00:00";"110.843";"49.87";"17801.72";"OOS1";"Exit After X Bars";"-4.94";"80.56";"22h 0m";""
"70";"USDJPY_DukasM1_the5ers";"Buy";"2018.06.01 06:00:00";"109.172";"0.22";"2018.06.04 04:00:00";"109.721";"77.74";"17879.46";"OOS1";"Exit After X Bars";"-20.14";"85.31";"2d 22h 0m";""
"71";"USDJPY_DukasM1_the5ers";"Buy";"2018.06.06 09:00:00";"109.895";"0.35";"2018.06.07 06:01:00";"109.874";"-7.24";"17872.22";"OOS1";"TrailingStop";"-8.47";"84.91";"21h 1m";""
"72";"USDJPY_DukasM1_the5ers";"Buy";"2018.07.03 11:00:00";"110.990";"0.29";"2018.07.04 01:38:00";"110.478";"-98.73";"17773.48";"OOS1";"SL";"-97.09";"4.55";"14h 38m";""
"73";"USDJPY_DukasM1_the5ers";"Buy";"2018.07.09 18:00:00";"110.727";"0.41";"2018.07.10 12:58:00";"111.265";"141.92";"17915.41";"OOS1";"PT";"-5.63";"144.24";"18h 58m";""
"74";"USDJPY_DukasM1_the5ers";"Buy";"2018.07.11 14:00:00";"111.265";"0.34";"2018.07.11 19:51:00";"111.908";"141.26";"18056.67";"OOS1";"PT";"-64.92";"142.96";"5h 51m";""
"75";"USDJPY_DukasM1_the5ers";"Buy";"2018.07.17 15:00:00";"112.618";"0.38";"2018.07.18 13:00:00";"112.958";"82.34";"18139.01";"OOS1";"Exit After X Bars";"-10.44";"128.72";"22h 0m";""
"76";"USDJPY_DukasM1_the5ers";"Buy";"2018.07.30 08:00:00";"111.092";"0.36";"2018.07.31 06:00:00";"111.026";"-17.57";"18121.43";"OOS1";"Exit After X Bars";"-44.02";"12.71";"22h 0m";""
"77";"USDJPY_DukasM1_the5ers";"Buy";"2018.07.31 10:00:00";"111.122";"0.25";"2018.08.01 08:00:00";"111.977";"138.36";"18259.79";"OOS1";"Exit After X Bars";"-8.66";"141.08";"22h 0m";""
"1";"USDJPY_DukasM1_the5ers";"Buy";"2018.08.28 07:00:00";"111.332";"0.56";"2018.08.28 12:56:00";"111.057";"-103.50";"18156.29";"OOS1";"SL";"-100.70";"0.00";"5h 56m";""
"2";"USDJPY_DukasM1_the5ers";"Buy";"2018.08.29 15:00:00";"111.308";"0.59";"2018.08.29 18:46:00";"111.802";"187.64";"18343.93";"OOS1";"PT";"-27.39";"190.59";"3h 46m";""
"3";"USDJPY_DukasM1_the5ers";"Buy";"2018.09.03 14:00:00";"111.085";"0.48";"2018.09.04 03:07:00";"110.963";"-41.01";"18302.93";"OOS1";"TrailingStop";"-38.29";"27.62";"13h 7m";""
"4";"USDJPY_DukasM1_the5ers";"Buy";"2018.09.04 07:00:00";"111.118";"0.56";"2018.09.04 14:20:00";"111.289";"59.82";"18362.75";"OOS1";"TrailingStop";"-22.34";"151.97";"7h 20m";""
"5";"USDJPY_DukasM1_the5ers";"Buy";"2018.09.10 23:00:00";"111.193";"0.47";"2018.09.11 12:04:00";"111.353";"46.52";"18409.26";"OOS1";"TrailingStop";"-39.95";"114.64";"13h 4m";""
"6";"USDJPY_DukasM1_the5ers";"Buy";"2018.09.18 10:00:00";"112.235";"0.44";"2018.09.18 11:02:00";"111.886";"-102.62";"18306.65";"OOS1";"SL";"-100.42";"0.00";"1h 2m";""
"7";"USDJPY_DukasM1_the5ers";"Buy";"2018.09.20 20:00:00";"112.496";"0.43";"2018.09.21 11:59:00";"112.661";"43.96";"18350.61";"OOS1";"TrailingStop";"-30.65";"106.01";"15h 59m";""
"8";"USDJPY_DukasM1_the5ers";"Buy";"2018.09.27 17:00:00";"113.074";"0.46";"2018.09.28 09:57:00";"113.364";"84.63";"18435.24";"OOS1";"TrailingStop";"-14.44";"170.86";"16h 57m";""
"9";"USDJPY_DukasM1_the5ers";"Buy";"2018.10.10 13:00:00";"113.210";"0.42";"2018.10.10 16:37:00";"113.039";"-49.06";"18386.18";"OOS1";"TrailingStop";"-46.96";"20.87";"3h 37m";""
"10";"USDJPY_DukasM1_the5ers";"Buy";"2018.10.16 12:00:00";"112.122";"0.42";"2018.10.17 07:00:00";"112.358";"62.44";"18448.62";"OOS1";"Exit After X Bars";"-35.15";"81.57";"19h 0m";""
"11";"USDJPY_DukasM1_the5ers";"Buy";"2018.10.19 22:00:00";"112.603";"0.37";"2018.10.22 16:56:00";"112.679";"16.30";"18464.92";"OOS1";"TrailingStop";"-61.46";"66.78";"2d 18h 56m";""
"12";"USDJPY_DukasM1_the5ers";"Buy";"2018.11.02 18:00:00";"113.107";"0.36";"2018.11.05 14:00:00";"113.255";"32.81";"18497.72";"OOS1";"Exit After X Bars";"-10.59";"53.91";"2d 20h 0m";""
"13";"USDJPY_DukasM1_the5ers";"Buy";"2018.11.06 19:00:00";"113.396";"0.56";"2018.11.07 00:01:00";"113.328";"-28.07";"18469.65";"OOS1";"TrailingStop";"-24.90";"39.55";"5h 1m";""
"14";"USDJPY_DukasM1_the5ers";"Buy";"2018.11.07 17:00:00";"113.242";"0.32";"2018.11.08 12:00:00";"113.679";"89.22";"18558.87";"OOS1";"Exit After X Bars";"-8.37";"106.93";"19h 0m";""
"15";"USDJPY_DukasM1_the5ers";"Buy";"2018.11.12 08:00:00";"114.060";"0.54";"2018.11.12 10:40:00";"114.019";"-17.18";"18541.69";"OOS1";"TrailingStop";"-14.48";"51.20";"2h 40m";""
"16";"USDJPY_DukasM1_the5ers";"Buy";"2018.11.13 08:00:00";"113.997";"0.45";"2018.11.13 14:48:00";"113.913";"-26.97";"18514.72";"OOS1";"TrailingStop";"-27.37";"43.85";"6h 48m";""
"17";"USDJPY_DukasM1_the5ers";"Buy";"2018.11.26 03:00:00";"112.992";"0.67";"2018.11.26 16:33:00";"113.424";"185.92";"18700.65";"OOS1";"PT";"-9.20";"189.27";"13h 33m";""
"18";"USDJPY_DukasM1_the5ers";"Buy";"2018.12.10 17:00:00";"112.920";"0.38";"2018.12.11 02:53:00";"113.080";"37.61";"18738.26";"OOS1";"TrailingStop";"-18.89";"112.81";"9h 53m";""
"19";"USDJPY_DukasM1_the5ers";"Buy";"2018.12.13 05:00:00";"113.477";"0.49";"2018.12.14 00:00:00";"113.585";"31.84";"18770.09";"OOS1";"Exit After X Bars";"-35.57";"74.02";"19h 0m";""
"20";"USDJPY_DukasM1_the5ers";"Buy";"2019.01.15 07:00:00";"108.567";"0.44";"2019.01.15 11:12:00";"108.514";"-17.45";"18752.64";"OOS1";"TrailingStop";"-15.25";"53.52";"4h 12m";""
"21";"USDJPY_DukasM1_the5ers";"Buy";"2019.01.16 14:00:00";"108.859";"0.39";"2019.01.17 03:32:00";"108.875";"1.37";"18754.01";"OOS1";"TrailingStop";"-46.93";"85.69";"13h 32m";""
"22";"USDJPY_DukasM1_the5ers";"Buy";"2019.01.23 07:00:00";"109.705";"0.47";"2019.01.23 17:43:00";"109.689";"-7.27";"18746.74";"OOS1";"TrailingStop";"-53.48";"90.36";"10h 43m";""
"23";"USDJPY_DukasM1_the5ers";"Buy";"2019.01.24 11:00:00";"109.674";"0.45";"2019.01.24 15:34:00";"109.594";"-25.79";"18720.95";"OOS1";"TrailingStop";"-23.54";"36.78";"4h 34m";""
"24";"USDJPY_DukasM1_the5ers";"Buy";"2019.02.06 00:00:00";"109.970";"0.51";"2019.02.06 04:24:00";"109.817";"-53.58";"18667.37";"OOS1";"TrailingStop";"-52.69";"27.01";"4h 24m";""
"25";"USDJPY_DukasM1_the5ers";"Buy";"2019.02.07 00:00:00";"109.973";"0.46";"2019.02.07 03:06:00";"109.804";"-53.14";"18614.24";"OOS1";"TrailingStop";"-50.84";"18.35";"3h 6m";""
"26";"USDJPY_DukasM1_the5ers";"Buy";"2019.02.11 05:00:00";"109.906";"0.54";"2019.02.11 16:18:00";"110.442";"186.57";"18800.81";"OOS1";"PT";"-7.06";"189.27";"11h 18m";""
"27";"USDJPY_DukasM1_the5ers";"Buy";"2019.02.19 08:00:00";"110.631";"0.67";"2019.02.19 15:42:00";"110.677";"16.80";"18817.61";"OOS1";"TrailingStop";"-10.95";"84.12";"7h 42m";""
"28";"USDJPY_DukasM1_the5ers";"Buy";"2019.02.22 07:00:00";"110.791";"0.59";"2019.02.22 15:38:00";"110.734";"-24.94";"18792.67";"OOS1";"TrailingStop";"-31.64";"43.98";"8h 38m";""
"29";"USDJPY_DukasM1_the5ers";"Buy";"2019.02.25 03:00:00";"110.766";"0.56";"2019.02.25 22:00:00";"111.133";"131.59";"18924.26";"OOS1";"Exit After X Bars";"-69.21";"171.38";"19h 0m";""
"30";"USDJPY_DukasM1_the5ers";"Buy";"2019.02.27 20:00:00";"110.954";"0.49";"2019.02.28 01:48:00";"110.860";"-33.53";"18890.73";"OOS1";"TrailingStop";"-30.12";"38.45";"5h 48m";""
"31";"USDJPY_DukasM1_the5ers";"Buy";"2019.03.13 13:00:00";"111.361";"0.57";"2019.03.13 17:56:00";"111.242";"-47.21";"18843.53";"OOS1";"TrailingStop";"-44.36";"38.76";"4h 56m";""
"32";"USDJPY_DukasM1_the5ers";"Buy";"2019.03.14 05:00:00";"111.465";"0.47";"2019.03.14 14:22:00";"111.549";"23.47";"18866.99";"OOS1";"TrailingStop";"-11.37";"82.06";"9h 22m";""
"33";"USDJPY_DukasM1_the5ers";"Buy";"2019.03.20 03:00:00";"111.624";"0.55";"2019.03.20 14:04:00";"111.471";"-57.78";"18809.22";"OOS1";"TrailingStop";"-55.03";"25.54";"11h 4m";""
"34";"USDJPY_DukasM1_the5ers";"Buy";"2019.03.28 17:00:00";"110.679";"0.33";"2019.03.29 09:54:00";"110.600";"-18.91";"18790.30";"OOS1";"TrailingStop";"-32.37";"53.95";"16h 54m";""
"35";"USDJPY_DukasM1_the5ers";"Buy";"2019.04.01 18:00:00";"111.205";"0.39";"2019.04.02 13:00:00";"111.355";"36.05";"18826.35";"OOS1";"Exit After X Bars";"-6.12";"63.50";"19h 0m";""
"36";"USDJPY_DukasM1_the5ers";"Buy";"2019.04.03 05:00:00";"111.466";"0.53";"2019.04.03 17:00:00";"111.351";"-42.51";"18783.85";"OOS1";"TrailingStop";"-39.86";"38.82";"12h 0m";""
"37";"USDJPY_DukasM1_the5ers";"Buy";"2019.04.04 18:00:00";"111.577";"0.6";"2019.04.05 13:00:00";"111.715";"50.75";"18834.60";"OOS1";"Exit After X Bars";"-29.82";"87.89";"19h 0m";""
"38";"USDJPY_DukasM1_the5ers";"Buy";"2019.04.11 16:00:00";"111.330";"0.62";"2019.04.12 03:53:00";"111.794";"184.61";"19019.21";"OOS1";"PT";"-22.70";"188.12";"11h 53m";""
"39";"USDJPY_DukasM1_the5ers";"Buy";"2019.04.17 04:00:00";"112.134";"0.7";"2019.04.17 23:00:00";"112.088";"-24.56";"18994.66";"OOS1";"Exit After X Bars";"-97.50";"0.00";"19h 0m";""
"40";"USDJPY_DukasM1_the5ers";"Buy";"2019.04.19 21:00:00";"111.930";"1.21";"2019.04.22 16:00:00";"111.909";"-23.46";"18971.20";"OOS1";"Exit After X Bars";"-68.05";"48.27";"2d 19h 0m";""
"41";"USDJPY_DukasM1_the5ers";"Buy";"2019.04.24 22:00:00";"112.375";"0.55";"2019.04.25 00:25:00";"112.097";"-103.81";"18867.39";"OOS1";"SL";"-99.98";"8.63";"2h 25m";""
"42";"USDJPY_DukasM1_the5ers";"Buy";"2019.04.29 12:00:00";"111.749";"0.65";"2019.04.29 21:23:00";"111.752";"-1.97";"18865.41";"OOS1";"TrailingStop";"-32.73";"63.33";"9h 23m";""
"43";"USDJPY_DukasM1_the5ers";"Buy";"2019.05.14 19:00:00";"109.681";"0.4";"2019.05.15 10:37:00";"109.519";"-44.64";"18820.78";"OOS1";"TrailingStop";"-42.37";"7.85";"15h 37m";""
"44";"USDJPY_DukasM1_the5ers";"Buy";"2019.05.16 15:00:00";"109.686";"0.46";"2019.05.17 06:22:00";"109.795";"30.19";"18850.96";"OOS1";"TrailingStop";"-25.57";"104.68";"15h 22m";""
"45";"USDJPY_DukasM1_the5ers";"Buy";"2019.05.21 05:00:00";"110.197";"0.5";"2019.05.21 10:27:00";"110.062";"-46.64";"18804.32";"OOS1";"TrailingStop";"-44.14";"21.25";"5h 27m";""
"46";"USDJPY_DukasM1_the5ers";"Buy";"2019.05.29 23:00:00";"109.671";"0.4";"2019.05.30 18:00:00";"109.856";"45.61";"18849.93";"OOS1";"Exit After X Bars";"-51.01";"66.44";"19h 0m";""
"47";"USDJPY_DukasM1_the5ers";"Buy";"2019.06.05 21:00:00";"108.356";"0.33";"2019.06.06 01:32:00";"108.211";"-33.59";"18816.34";"OOS1";"TrailingStop";"-31.29";"27.84";"4h 32m";""
"48";"USDJPY_DukasM1_the5ers";"Buy";"2019.06.06 21:00:00";"108.259";"0.38";"2019.06.07 15:30:00";"108.398";"32.39";"18848.73";"OOS1";"TrailingStop";"-5.72";"88.96";"18h 30m";""
"49";"USDJPY_DukasM1_the5ers";"Buy";"2019.06.11 06:00:00";"108.626";"0.46";"2019.06.11 17:54:00";"108.568";"-19.75";"18828.99";"OOS1";"TrailingStop";"-25.87";"52.34";"11h 54m";""
"50";"USDJPY_DukasM1_the5ers";"Buy";"2019.06.13 14:00:00";"108.506";"0.54";"2019.06.13 20:36:00";"108.355";"-56.02";"18772.96";"OOS1";"TrailingStop";"-53.32";"10.24";"6h 36m";""
"51";"USDJPY_DukasM1_the5ers";"Buy";"2019.06.14 21:00:00";"108.546";"0.5";"2019.06.17 15:30:00";"108.558";"1.10";"18774.06";"OOS1";"TrailingStop";"-25.18";"58.20";"2d 18h 30m";""
"52";"USDJPY_DukasM1_the5ers";"Buy";"2019.06.26 06:00:00";"107.455";"0.37";"2019.06.27 01:00:00";"107.758";"70.74";"18844.80";"OOS1";"Exit After X Bars";"-22.74";"95.33";"19h 0m";""
"53";"USDJPY_DukasM1_the5ers";"Buy";"2019.07.05 05:00:00";"107.833";"0.88";"2019.07.05 15:00:00";"108.162";"184.92";"19029.72";"OOS1";"PT";"-8.63";"189.32";"10h 0m";""
"54";"USDJPY_DukasM1_the5ers";"Buy";"2019.07.22 02:00:00";"107.818";"0.43";"2019.07.22 20:52:00";"107.788";"-10.59";"19019.13";"OOS1";"TrailingStop";"-29.52";"70.02";"18h 52m";""
"55";"USDJPY_DukasM1_the5ers";"Buy";"2019.07.24 23:00:00";"108.218";"0.61";"2019.07.25 18:00:00";"108.557";"130.98";"19150.11";"OOS1";"Exit After X Bars";"-70.20";"136.82";"19h 0m";""
"56";"USDJPY_DukasM1_the5ers";"Buy";"2019.07.31 23:00:00";"108.794";"0.48";"2019.08.01 12:10:00";"109.049";"76.70";"19226.81";"OOS1";"TrailingStop";"-29.82";"164.47";"13h 10m";""
"57";"USDJPY_DukasM1_the5ers";"Buy";"2019.08.13 17:00:00";"106.556";"0.23";"2019.08.14 03:33:00";"106.377";"-28.22";"19198.59";"OOS1";"TrailingStop";"-42.71";"62.72";"10h 33m";""
"58";"USDJPY_DukasM1_the5ers";"Buy";"2019.08.23 09:00:00";"106.638";"0.57";"2019.08.23 15:00:00";"106.587";"-21.86";"19176.73";"OOS1";"TrailingStop";"-26.84";"35.78";"6h 0m";""
"59";"USDJPY_DukasM1_the5ers";"Buy";"2019.09.04 14:00:00";"106.235";"0.43";"2019.09.05 09:00:00";"106.572";"91.77";"19268.49";"OOS1";"Exit After X Bars";"-31.49";"145.65";"19h 0m";""
"60";"USDJPY_DukasM1_the5ers";"Buy";"2019.09.09 03:00:00";"106.953";"0.44";"2019.09.09 19:36:00";"106.980";"5.57";"19274.06";"OOS1";"TrailingStop";"-55.24";"65.31";"16h 36m";""
"61";"USDJPY_DukasM1_the5ers";"Buy";"2019.09.18 23:00:00";"108.446";"0.54";"2019.09.19 04:25:00";"108.165";"-102.99";"19171.08";"OOS1";"SL";"-99.23";"10.24";"5h 25m";""
"62";"USDJPY_DukasM1_the5ers";"Buy";"2019.09.24 15:00:00";"107.696";"0.52";"2019.09.24 17:24:00";"107.402";"-102.57";"19068.51";"OOS1";"SL";"-99.97";"5.10";"2h 24m";""
"63";"USDJPY_DukasM1_the5ers";"Buy";"2019.09.25 20:00:00";"107.810";"0.36";"2019.09.26 11:37:00";"107.583";"-55.94";"19012.56";"OOS1";"TrailingStop";"-53.44";"8.47";"15h 37m";""
"64";"USDJPY_DukasM1_the5ers";"Buy";"2019.09.30 06:00:00";"107.964";"0.4";"2019.10.01 01:00:00";"108.073";"26.25";"19038.81";"OOS1";"Exit After X Bars";"-57.81";"55.98";"19h 0m";""
"65";"USDJPY_DukasM1_the5ers";"Buy";"2019.10.09 15:00:00";"107.410";"0.44";"2019.10.09 22:43:00";"107.389";"-8.24";"19030.57";"OOS1";"TrailingStop";"-27.05";"62.72";"7h 43m";""
"66";"USDJPY_DukasM1_the5ers";"Buy";"2019.10.21 23:00:00";"108.632";"0.63";"2019.10.22 10:22:00";"108.546";"-38.99";"18991.58";"OOS1";"TrailingStop";"-35.43";"39.14";"11h 22m";""
"67";"USDJPY_DukasM1_the5ers";"Buy";"2019.10.22 20:00:00";"108.584";"0.72";"2019.10.23 03:08:00";"108.372";"-103.89";"18887.69";"OOS1";"SL";"-99.81";"2.82";"7h 8m";""
"68";"USDJPY_DukasM1_the5ers";"Buy";"2019.10.23 19:00:00";"108.650";"0.61";"2019.10.24 14:00:00";"108.637";"-9.43";"18878.26";"OOS1";"Exit After X Bars";"-29.92";"41.09";"19h 0m";""
"69";"USDJPY_DukasM1_the5ers";"Buy";"2019.10.25 07:00:00";"108.666";"0.71";"2019.10.25 11:57:00";"108.562";"-51.84";"18826.42";"OOS1";"TrailingStop";"-48.29";"10.68";"4h 57m";""
"70";"USDJPY_DukasM1_the5ers";"Buy";"2019.10.28 15:00:00";"108.873";"0.76";"2019.10.29 09:34:00";"108.895";"6.64";"18833.06";"OOS1";"TrailingStop";"-23.36";"96.91";"18h 34m";""
"71";"USDJPY_DukasM1_the5ers";"Buy";"2019.11.07 13:00:00";"109.189";"0.5";"2019.11.07 21:44:00";"109.282";"27.91";"18860.97";"OOS1";"TrailingStop";"-32.70";"97.43";"8h 44m";""
"72";"USDJPY_DukasM1_the5ers";"Buy";"2019.12.02 04:00:00";"109.697";"0.77";"2019.12.02 15:16:00";"109.498";"-104.05";"18756.92";"OOS1";"SL";"-100.20";"15.11";"11h 16m";""
"73";"USDJPY_DukasM1_the5ers";"Buy";"2019.12.10 06:00:00";"108.639";"0.73";"2019.12.10 13:27:00";"108.526";"-57.59";"18699.33";"OOS1";"TrailingStop";"-53.94";"8.12";"7h 27m";""
"74";"USDJPY_DukasM1_the5ers";"Buy";"2019.12.12 18:00:00";"109.306";"0.54";"2019.12.13 00:00:00";"109.154";"-56.73";"18642.60";"OOS1";"TrailingStop";"-66.03";"50.14";"6h 0m";""
"75";"USDJPY_DukasM1_the5ers";"Buy";"2019.12.16 20:00:00";"109.627";"0.61";"2019.12.17 15:00:00";"109.575";"-24.19";"18618.41";"OOS1";"Exit After X Bars";"-54.65";"2.39";"19h 0m";""
"76";"USDJPY_DukasM1_the5ers";"Buy";"2019.12.18 18:00:00";"109.598";"0.77";"2019.12.19 11:58:00";"109.548";"-30.54";"18587.87";"OOS1";"TrailingStop";"-34.24";"43.81";"17h 58m";""
"77";"USDJPY_DukasM1_the5ers";"Buy";"2019.12.26 04:00:00";"109.539";"0.98";"2019.12.26 23:00:00";"109.625";"50.21";"18638.08";"OOS1";"Exit After X Bars";"-10.89";"92.92";"19h 0m";""
"78";"USDJPY_DukasM1_the5ers";"Buy";"2020.01.08 13:00:00";"108.687";"0.31";"2020.01.09 08:00:00";"109.272";"116.43";"18754.51";"OOS1";"Exit After X Bars";"-15.20";"121.43";"19h 0m";""
"79";"USDJPY_DukasM1_the5ers";"Buy";"2020.01.13 05:00:00";"109.637";"0.64";"2020.01.14 00:00:00";"109.938";"122.35";"18876.87";"OOS1";"Exit After X Bars";"-16.32";"128.90";"19h 0m";""
"80";"USDJPY_DukasM1_the5ers";"Buy";"2020.02.12 11:00:00";"110.117";"0.66";"2020.02.13 01:48:00";"109.885";"-104.72";"18772.14";"OOS1";"SL";"-100.13";"0.43";"14h 48m";""
"81";"USDJPY_DukasM1_the5ers";"Buy";"2020.02.17 20:00:00";"109.934";"0.93";"2020.02.18 02:55:00";"109.768";"-106.21";"18665.93";"OOS1";"SL";"-100.95";"9.12";"6h 55m";""
"82";"USDJPY_DukasM1_the5ers";"Buy";"2020.02.19 04:00:00";"109.979";"0.74";"2020.02.19 13:10:00";"110.370";"185.51";"18851.44";"OOS1";"PT";"-4.84";"189.21";"9h 10m";""
"83";"USDJPY_DukasM1_the5ers";"Buy";"2020.03.12 18:00:00";"105.675";"0.09";"2020.03.13 13:00:00";"106.258";"33.80";"18885.24";"OOS1";"Exit After X Bars";"-69.03";"52.44";"19h 0m";""
"84";"USDJPY_DukasM1_the5ers";"Buy";"2020.04.02 19:00:00";"107.863";"0.19";"2020.04.03 14:00:00";"108.532";"82.05";"18967.29";"OOS1";"Exit After X Bars";"-7.95";"84.73";"19h 0m";""
"85";"USDJPY_DukasM1_the5ers";"Buy";"2020.04.09 03:00:00";"108.943";"0.33";"2020.04.09 13:19:00";"108.751";"-43.08";"18924.20";"OOS1";"TrailingStop";"-41.43";"25.46";"10h 19m";""
"86";"USDJPY_DukasM1_the5ers";"Buy";"2020.04.20 09:00:00";"107.864";"0.33";"2020.04.20 12:18:00";"107.625";"-53.22";"18870.98";"OOS1";"TrailingStop";"-51.57";"18.34";"3h 18m";""
"87";"USDJPY_DukasM1_the5ers";"Buy";"2020.04.23 10:00:00";"107.808";"0.5";"2020.04.23 14:18:00";"107.506";"-101.24";"18769.74";"OOS1";"SL";"-98.74";"5.23";"4h 18m";""
"88";"USDJPY_DukasM1_the5ers";"Buy";"2020.05.07 14:00:00";"106.523";"0.42";"2020.05.07 18:48:00";"106.391";"-38.35";"18731.38";"OOS1";"TrailingStop";"-36.25";"36.25";"4h 48m";""
"89";"USDJPY_DukasM1_the5ers";"Buy";"2020.05.08 22:00:00";"106.676";"0.41";"2020.05.11 00:15:00";"106.506";"-47.90";"18683.49";"OOS1";"TrailingStop";"-45.58";"19.04";"2d 2h 15m";""
"90";"USDJPY_DukasM1_the5ers";"Buy";"2020.05.18 14:00:00";"107.307";"0.48";"2020.05.18 18:55:00";"107.294";"-6.48";"18677.01";"OOS1";"TrailingStop";"-21.97";"62.15";"4h 55m";""
"91";"USDJPY_DukasM1_the5ers";"Buy";"2020.05.27 17:00:00";"107.777";"0.5";"2020.05.27 20:30:00";"107.660";"-40.75";"18636.25";"OOS1";"TrailingStop";"-38.25";"31.06";"3h 30m";""
"92";"USDJPY_DukasM1_the5ers";"Buy";"2020.05.29 21:00:00";"107.860";"0.38";"2020.06.01 11:07:00";"107.463";"-100.80";"18535.46";"OOS1";"SL";"-98.65";"8.45";"2d 14h 7m";""
"93";"USDJPY_DukasM1_the5ers";"Buy";"2020.06.02 10:00:00";"107.791";"0.52";"2020.06.02 15:33:00";"108.346";"186.12";"18721.58";"OOS1";"PT";"-37.40";"188.72";"5h 33m";""
"1";"USDJPY_DukasM1_the5ers";"Buy";"2020.06.15 16:00:00";"107.428";"0.43";"2020.06.16 10:00:00";"107.418";"-5.24";"18716.33";"OOS1";"Exit After X Bars";"-62.70";"59.33";"18h 0m";""
"2";"USDJPY_DukasM1_the5ers";"Buy";"2020.06.17 14:00:00";"107.381";"0.56";"2020.06.17 17:30:00";"107.142";"-90.32";"18626.01";"OOS1";"TrailingStop";"-87.52";"19.04";"3h 30m";""
"3";"USDJPY_DukasM1_the5ers";"Buy";"2020.06.24 18:00:00";"106.907";"0.54";"2020.06.25 12:00:00";"107.206";"101.82";"18727.83";"OOS1";"Exit After X Bars";"-43.08";"124.30";"18h 0m";""
"4";"USDJPY_DukasM1_the5ers";"Buy";"2020.06.26 19:00:00";"107.202";"0.56";"2020.06.29 07:39:00";"107.038";"-63.22";"18664.61";"OOS1";"TrailingStop";"-60.06";"62.25";"2d 12h 39m";""
"5";"USDJPY_DukasM1_the5ers";"Buy";"2020.07.06 02:00:00";"107.552";"1.12";"2020.07.06 10:25:00";"107.587";"20.03";"18684.65";"OOS1";"TrailingStop";"-8.79";"161.13";"8h 25m";""
"6";"USDJPY_DukasM1_the5ers";"Buy";"2020.07.07 13:00:00";"107.745";"0.81";"2020.07.07 17:14:00";"107.556";"-104.16";"18580.49";"OOS1";"SL";"-100.11";"0.00";"4h 14m";""
"7";"USDJPY_DukasM1_the5ers";"Buy";"2020.07.20 06:00:00";"107.393";"0.68";"2020.07.20 10:54:00";"107.169";"-103.01";"18477.48";"OOS1";"SL";"-99.61";"0.00";"4h 54m";""
"8";"USDJPY_DukasM1_the5ers";"Buy";"2020.07.31 18:00:00";"105.729";"0.33";"2020.08.03 11:34:00";"105.730";"-1.65";"18475.83";"OOS1";"TrailingStop";"-19.64";"151.49";"2d 17h 34m";""
"9";"USDJPY_DukasM1_the5ers";"Buy";"2020.08.11 17:00:00";"106.369";"0.52";"2020.08.12 11:00:00";"106.785";"138.52";"18614.35";"OOS1";"Exit After X Bars";"-10.20";"152.34";"18h 0m";""
"10";"USDJPY_DukasM1_the5ers";"Buy";"2020.08.13 15:00:00";"106.971";"0.56";"2020.08.14 09:00:00";"106.836";"-52.60";"18561.75";"OOS1";"Exit After X Bars";"-86.06";"28.56";"18h 0m";""
"11";"USDJPY_DukasM1_the5ers";"Buy";"2020.08.21 20:00:00";"105.884";"0.52";"2020.08.24 14:00:00";"105.733";"-54.29";"18507.46";"OOS1";"Exit After X Bars";"-66.65";"19.72";"2d 18h 0m";""
"12";"USDJPY_DukasM1_the5ers";"Buy";"2020.08.24 21:00:00";"105.952";"0.64";"2020.08.25 15:00:00";"106.423";"193.50";"18700.96";"OOS1";"Exit After X Bars";"-33.90";"228.09";"18h 0m";""
"13";"USDJPY_DukasM1_the5ers";"Buy";"2020.08.27 19:00:00";"106.423";"0.43";"2020.08.28 08:07:00";"106.574";"40.03";"18740.99";"OOS1";"TrailingStop";"-10.97";"147.06";"13h 7m";""
"14";"USDJPY_DukasM1_the5ers";"Buy";"2020.09.01 20:00:00";"106.025";"0.45";"2020.09.02 14:00:00";"106.190";"46.01";"18787.00";"OOS1";"Exit After X Bars";"-51.50";"59.74";"18h 0m";""
"15";"USDJPY_DukasM1_the5ers";"Buy";"2020.09.04 18:00:00";"106.321";"0.61";"2020.09.07 10:45:00";"106.151";"-71.26";"18715.74";"OOS1";"TrailingStop";"-67.81";"25.93";"2d 16h 45m";""
"16";"USDJPY_DukasM1_the5ers";"Buy";"2020.09.28 17:00:00";"105.525";"0.68";"2020.09.29 03:02:00";"105.402";"-58.54";"18657.20";"OOS1";"TrailingStop";"-54.69";"62.25";"10h 2m";""
"17";"USDJPY_DukasM1_the5ers";"Buy";"2020.09.30 13:00:00";"105.694";"0.7";"2020.09.30 17:57:00";"105.520";"-83.15";"18574.05";"OOS1";"TrailingStop";"-79.65";"23.80";"4h 57m";""
"18";"USDJPY_DukasM1_the5ers";"Buy";"2020.10.05 09:00:00";"105.580";"0.63";"2020.10.06 03:00:00";"105.706";"48.35";"18622.40";"OOS1";"Exit After X Bars";"-17.30";"88.16";"18h 0m";""
"19";"USDJPY_DukasM1_the5ers";"Buy";"2020.10.07 07:00:00";"105.701";"0.91";"2020.10.07 15:50:00";"105.902";"115.06";"18737.46";"OOS1";"TrailingStop";"-14.28";"241.60";"8h 50m";""
"20";"USDJPY_DukasM1_the5ers";"Buy";"2020.10.09 01:00:00";"106.024";"1.01";"2020.10.09 03:47:00";"105.894";"-90.91";"18646.54";"OOS1";"TrailingStop";"-85.86";"10.57";"2h 47m";""
"21";"USDJPY_DukasM1_the5ers";"Buy";"2020.10.16 16:00:00";"105.370";"0.79";"2020.10.19 10:00:00";"105.431";"27.05";"18673.59";"OOS1";"Exit After X Bars";"-49.08";"68.19";"2d 18h 0m";""
"22";"USDJPY_DukasM1_the5ers";"Buy";"2020.10.26 05:00:00";"104.861";"0.74";"2020.10.26 23:00:00";"104.827";"-20.15";"18653.44";"OOS1";"Exit After X Bars";"-33.39";"93.39";"18h 0m";""
"23";"USDJPY_DukasM1_the5ers";"Buy";"2020.11.04 06:00:00";"105.039";"0.4";"2020.11.04 12:19:00";"104.657";"-101.92";"18551.52";"OOS1";"SL";"-99.92";"22.49";"6h 19m";""
"24";"USDJPY_DukasM1_the5ers";"Buy";"2020.11.23 17:00:00";"104.054";"0.79";"2020.11.23 18:06:00";"104.557";"255.90";"18807.42";"OOS1";"PT";"-5.17";"259.85";"1h 6m";""
"25";"USDJPY_DukasM1_the5ers";"Buy";"2020.11.30 18:00:00";"104.300";"0.58";"2020.12.01 10:38:00";"104.205";"-39.31";"18768.11";"OOS1";"TrailingStop";"-36.03";"61.44";"16h 38m";""
"26";"USDJPY_DukasM1_the5ers";"Buy";"2020.12.02 04:00:00";"104.441";"0.67";"2020.12.02 15:27:00";"104.526";"33.89";"18802.00";"OOS1";"TrailingStop";"-42.94";"135.82";"11h 27m";""
"27";"USDJPY_DukasM1_the5ers";"Buy";"2020.12.08 17:00:00";"104.119";"0.72";"2020.12.09 11:00:00";"104.168";"19.00";"18821.00";"OOS1";"Exit After X Bars";"-20.72";"61.68";"18h 0m";""
"28";"USDJPY_DukasM1_the5ers";"Buy";"2020.12.21 14:00:00";"103.706";"0.5";"2020.12.21 18:25:00";"103.401";"-102.22";"18718.77";"OOS1";"SL";"-99.72";"7.85";"4h 25m";""
"29";"USDJPY_DukasM1_the5ers";"Buy";"2020.12.22 19:00:00";"103.638";"0.64";"2020.12.23 05:22:00";"103.469";"-74.35";"18644.43";"OOS1";"TrailingStop";"-70.73";"35.15";"10h 22m";""
"30";"USDJPY_DukasM1_the5ers";"Buy";"2020.12.24 05:00:00";"103.542";"0.75";"2020.12.24 23:00:00";"103.653";"50.69";"18695.12";"OOS1";"Exit After X Bars";"-20.11";"110.35";"18h 0m";""
"31";"USDJPY_DukasM1_the5ers";"Buy";"2020.12.28 19:00:00";"103.862";"0.71";"2020.12.29 05:36:00";"103.647";"-103.84";"18591.28";"OOS1";"SL";"-99.82";"10.21";"10h 36m";""
"32";"USDJPY_DukasM1_the5ers";"Buy";"2021.01.04 17:00:00";"103.063";"0.63";"2021.01.05 07:21:00";"102.952";"-49.29";"18541.99";"OOS1";"TrailingStop";"-45.73";"78.27";"14h 21m";""
"33";"USDJPY_DukasM1_the5ers";"Buy";"2021.01.06 15:00:00";"102.940";"0.66";"2021.01.06 20:52:00";"103.134";"80.43";"18622.42";"OOS1";"TrailingStop";"-19.85";"217.52";"5h 52m";""
"34";"USDJPY_DukasM1_the5ers";"Buy";"2021.01.08 20:00:00";"103.994";"0.44";"2021.01.11 14:00:00";"104.125";"35.20";"18657.62";"OOS1";"Exit After X Bars";"-35.68";"65.31";"2d 18h 0m";""
"35";"USDJPY_DukasM1_the5ers";"Buy";"2021.01.19 05:00:00";"104.062";"0.83";"2021.01.19 15:35:00";"103.876";"-105.10";"18552.52";"OOS1";"SL";"-100.95";"12.48";"10h 35m";""
"36";"USDJPY_DukasM1_the5ers";"Buy";"2021.01.27 15:00:00";"103.857";"1.0";"2021.01.28 02:09:00";"104.252";"251.34";"18803.86";"OOS1";"PT";"-7.85";"258.30";"11h 9m";""
"37";"USDJPY_DukasM1_the5ers";"Buy";"2021.02.01 15:00:00";"104.943";"0.67";"2021.02.02 09:00:00";"104.992";"17.68";"18821.54";"OOS1";"Exit After X Bars";"-50.38";"40.31";"18h 0m";""
"38";"USDJPY_DukasM1_the5ers";"Buy";"2021.02.08 11:00:00";"105.628";"0.71";"2021.02.08 16:08:00";"105.438";"-91.76";"18729.77";"OOS1";"TrailingStop";"-88.21";"17.64";"5h 8m";""
"39";"USDJPY_DukasM1_the5ers";"Buy";"2021.02.11 18:00:00";"104.737";"0.84";"2021.02.12 12:00:00";"105.037";"160.04";"18889.81";"OOS1";"Exit After X Bars";"-16.48";"243.89";"18h 0m";""
"40";"USDJPY_DukasM1_the5ers";"Buy";"2021.02.16 15:00:00";"105.548";"0.63";"2021.02.17 01:06:00";"106.178";"255.98";"19145.79";"OOS1";"PT";"-9.89";"259.54";"10h 6m";""
"41";"USDJPY_DukasM1_the5ers";"Buy";"2021.03.03 07:00:00";"106.867";"0.74";"2021.03.03 15:15:00";"106.815";"-28.86";"19116.93";"OOS1";"TrailingStop";"-39.20";"78.39";"8h 15m";""
"42";"USDJPY_DukasM1_the5ers";"Buy";"2021.03.10 13:00:00";"108.743";"0.48";"2021.03.10 15:07:00";"108.523";"-71.45";"19045.47";"OOS1";"TrailingStop";"-69.05";"37.67";"2h 7m";""
"43";"USDJPY_DukasM1_the5ers";"Buy";"2021.03.16 12:00:00";"109.205";"0.72";"2021.03.16 14:10:00";"108.991";"-104.36";"18941.12";"OOS1";"SL";"-100.76";"15.07";"2h 10m";""
"44";"USDJPY_DukasM1_the5ers";"Buy";"2021.03.17 15:00:00";"109.177";"0.72";"2021.03.17 20:00:00";"109.049";"-63.87";"18877.25";"OOS1";"TrailingStop";"-60.27";"69.68";"5h 0m";""
"45";"USDJPY_DukasM1_the5ers";"Buy";"2021.03.29 21:00:00";"109.812";"0.67";"2021.03.30 15:00:00";"110.346";"230.17";"19107.42";"OOS1";"Exit After X Bars";"-31.55";"254.11";"18h 0m";""
"46";"USDJPY_DukasM1_the5ers";"Buy";"2021.04.01 12:00:00";"110.779";"0.57";"2021.04.01 17:52:00";"110.578";"-77.77";"19029.65";"OOS1";"TrailingStop";"-74.92";"25.35";"5h 52m";""
"47";"USDJPY_DukasM1_the5ers";"Buy";"2021.04.02 20:00:00";"110.701";"0.72";"2021.04.05 06:20:00";"110.530";"-84.58";"18945.07";"OOS1";"TrailingStop";"-80.51";"23.07";"2d 10h 20m";""
"48";"USDJPY_DukasM1_the5ers";"Buy";"2021.04.13 07:00:00";"109.722";"0.69";"2021.04.13 10:30:00";"109.500";"-103.62";"18841.46";"OOS1";"SL";"-100.17";"13.08";"3h 30m";""
"49";"USDJPY_DukasM1_the5ers";"Buy";"2021.04.22 20:00:00";"108.212";"0.58";"2021.04.23 00:00:00";"107.947";"-103.79";"18737.67";"OOS1";"SL";"-100.51";"7.21";"4h 0m";""
"50";"USDJPY_DukasM1_the5ers";"Buy";"2021.04.29 14:00:00";"108.954";"0.57";"2021.04.29 18:09:00";"108.908";"-20.00";"18717.67";"OOS1";"TrailingStop";"-44.36";"100.27";"4h 9m";""
"51";"USDJPY_DukasM1_the5ers";"Buy";"2021.04.30 18:00:00";"109.295";"0.51";"2021.05.03 12:00:00";"109.629";"108.51";"18826.18";"OOS1";"Exit After X Bars";"-19.01";"133.73";"2d 18h 0m";""
"52";"USDJPY_DukasM1_the5ers";"Buy";"2021.05.04 19:00:00";"109.357";"0.5";"2021.05.05 13:00:00";"109.346";"-6.42";"18819.75";"OOS1";"Exit After X Bars";"-53.29";"40.22";"18h 0m";""
"53";"USDJPY_DukasM1_the5ers";"Buy";"2021.05.06 07:00:00";"109.382";"0.69";"2021.05.06 11:55:00";"109.196";"-87.37";"18732.38";"OOS1";"TrailingStop";"-83.92";"16.69";"4h 55m";""
"54";"USDJPY_DukasM1_the5ers";"Buy";"2021.05.12 09:00:00";"108.862";"0.64";"2021.05.12 18:14:00";"109.475";"253.35";"18985.73";"OOS1";"PT";"-84.12";"256.55";"9h 14m";""
"55";"USDJPY_DukasM1_the5ers";"Buy";"2021.05.14 06:00:00";"109.614";"0.61";"2021.05.14 09:45:00";"109.365";"-102.37";"18883.35";"OOS1";"SL";"-99.32";"0.00";"3h 45m";""
"56";"USDJPY_DukasM1_the5ers";"Buy";"2021.05.19 23:00:00";"109.218";"0.51";"2021.05.20 10:07:00";"109.010";"-72.92";"18810.43";"OOS1";"TrailingStop";"-69.37";"30.01";"11h 7m";""
"57";"USDJPY_DukasM1_the5ers";"Buy";"2021.05.21 19:00:00";"108.947";"0.63";"2021.05.24 08:45:00";"108.787";"-69.48";"18740.96";"OOS1";"TrailingStop";"-65.92";"23.48";"2d 13h 45m";""
"58";"USDJPY_DukasM1_the5ers";"Buy";"2021.05.25 16:00:00";"108.987";"0.67";"2021.05.25 21:01:00";"108.760";"-102.80";"18638.15";"OOS1";"SL";"-99.45";"36.36";"5h 1m";""
"59";"USDJPY_DukasM1_the5ers";"Buy";"2021.05.26 18:00:00";"109.053";"0.75";"2021.05.27 12:00:00";"109.172";"53.14";"18691.29";"OOS1";"Exit After X Bars";"-26.48";"76.02";"18h 0m";""
"60";"USDJPY_DukasM1_the5ers";"Buy";"2021.06.03 16:00:00";"109.972";"0.78";"2021.06.04 10:00:00";"110.204";"113.92";"18805.22";"OOS1";"Exit After X Bars";"-21.42";"182.09";"18h 0m";""
"61";"USDJPY_DukasM1_the5ers";"Buy";"2021.06.09 19:00:00";"109.627";"0.69";"2021.06.10 09:45:00";"109.455";"-82.41";"18722.81";"OOS1";"TrailingStop";"-77.61";"23.01";"14h 45m";""
"62";"USDJPY_DukasM1_the5ers";"Buy";"2021.06.11 14:00:00";"109.478";"0.76";"2021.06.14 08:00:00";"109.755";"133.37";"18856.17";"OOS1";"Exit After X Bars";"-17.39";"180.90";"2d 18h 0m";""
"63";"USDJPY_DukasM1_the5ers";"Buy";"2021.06.16 04:00:00";"110.145";"0.96";"2021.06.16 10:06:00";"109.985";"-105.24";"18750.93";"OOS1";"SL";"-100.44";"0.00";"6h 6m";""
"64";"USDJPY_DukasM1_the5ers";"Buy";"2021.06.21 22:00:00";"110.295";"0.52";"2021.06.22 16:00:00";"110.692";"132.06";"18882.98";"OOS1";"Exit After X Bars";"-28.56";"137.04";"18h 0m";""
"65";"USDJPY_DukasM1_the5ers";"Buy";"2021.06.28 15:00:00";"110.944";"0.75";"2021.06.28 17:02:00";"110.739";"-104.29";"18778.70";"OOS1";"SL";"-100.54";"15.69";"2h 2m";""
"66";"USDJPY_DukasM1_the5ers";"Buy";"2021.06.30 18:00:00";"110.982";"0.65";"2021.07.01 12:00:00";"111.400";"173.14";"18951.84";"OOS1";"Exit After X Bars";"-33.15";"181.92";"18h 0m";""
"67";"USDJPY_DukasM1_the5ers";"Buy";"2021.07.23 07:00:00";"110.282";"0.74";"2021.07.26 01:00:00";"110.511";"106.63";"19058.47";"OOS1";"Exit After X Bars";"-17.42";"150.01";"2d 18h 0m";""
"68";"USDJPY_DukasM1_the5ers";"Buy";"2021.08.04 19:00:00";"109.438";"0.48";"2021.08.05 13:00:00";"109.591";"44.68";"19103.15";"OOS1";"Exit After X Bars";"-3.14";"98.56";"18h 0m";""
"69";"USDJPY_DukasM1_the5ers";"Buy";"2021.08.10 02:00:00";"110.306";"0.78";"2021.08.10 20:00:00";"110.593";"142.49";"19245.64";"OOS1";"Exit After X Bars";"-5.10";"148.94";"18h 0m";""
"70";"USDJPY_DukasM1_the5ers";"Buy";"2021.08.27 16:00:00";"110.091";"0.73";"2021.08.27 17:02:00";"109.961";"-65.71";"19179.93";"OOS1";"TrailingStop";"-62.06";"84.02";"1h 2m";""
"71";"USDJPY_DukasM1_the5ers";"Buy";"2021.08.31 20:00:00";"109.980";"0.63";"2021.09.01 14:00:00";"110.282";"120.85";"19300.78";"OOS1";"Exit After X Bars";"-19.77";"180.85";"18h 0m";""
"72";"USDJPY_DukasM1_the5ers";"Buy";"2021.09.22 16:00:00";"109.607";"0.67";"2021.09.23 10:00:00";"109.879";"114.51";"19415.29";"OOS1";"Exit After X Bars";"-49.07";"138.45";"18h 0m";""
"73";"USDJPY_DukasM1_the5ers";"Buy";"2021.09.29 18:00:00";"111.922";"0.46";"2021.09.30 12:00:00";"111.945";"3.72";"19419.01";"OOS1";"Exit After X Bars";"-38.50";"41.51";"18h 0m";""
"74";"USDJPY_DukasM1_the5ers";"Buy";"2021.10.05 16:00:00";"111.274";"0.59";"2021.10.06 10:00:00";"111.705";"162.95";"19581.96";"OOS1";"Exit After X Bars";"-14.28";"197.92";"18h 0m";""
"75";"USDJPY_DukasM1_the5ers";"Buy";"2021.10.07 16:00:00";"111.462";"0.6";"2021.10.08 10:00:00";"111.900";"168.46";"19750.41";"OOS1";"Exit After X Bars";"-31.39";"186.37";"18h 0m";""
"76";"USDJPY_DukasM1_the5ers";"Buy";"2021.10.14 07:00:00";"113.556";"0.54";"2021.10.15 01:00:00";"113.645";"28.37";"19778.79";"OOS1";"Exit After X Bars";"-96.40";"56.85";"18h 0m";""
"77";"USDJPY_DukasM1_the5ers";"Buy";"2021.10.25 20:00:00";"113.735";"0.45";"2021.10.26 14:00:00";"114.012";"78.97";"19857.75";"OOS1";"Exit After X Bars";"-32.66";"101.52";"18h 0m";""
"78";"USDJPY_DukasM1_the5ers";"Buy";"2021.11.12 14:00:00";"114.064";"0.64";"2021.11.12 17:01:00";"113.826";"-102.81";"19754.95";"OOS1";"SL";"-99.61";"0.00";"3h 1m";""
"79";"USDJPY_DukasM1_the5ers";"Buy";"2021.12.01 09:00:00";"113.569";"0.29";"2021.12.01 16:04:00";"113.055";"-98.92";"19656.03";"OOS1";"SL";"-97.47";"3.60";"7h 4m";""
"80";"USDJPY_DukasM1_the5ers";"Buy";"2021.12.06 20:00:00";"113.471";"0.4";"2021.12.07 14:00:00";"113.551";"18.66";"19674.69";"OOS1";"Exit After X Bars";"-19.09";"70.88";"18h 0m";""
"81";"USDJPY_DukasM1_the5ers";"Buy";"2021.12.08 16:00:00";"113.884";"0.42";"2021.12.09 09:04:00";"113.550";"-94.66";"19580.03";"OOS1";"TrailingStop";"-91.73";"19.23";"17h 4m";""
"82";"USDJPY_DukasM1_the5ers";"Buy";"2021.12.10 11:00:00";"113.687";"0.58";"2021.12.10 15:30:00";"113.533";"-61.31";"19518.73";"OOS1";"TrailingStop";"-58.41";"39.44";"4h 30m";""
"83";"USDJPY_DukasM1_the5ers";"Buy";"2021.12.14 18:00:00";"113.733";"0.61";"2021.12.15 12:00:00";"113.738";"-1.45";"19517.27";"OOS1";"Exit After X Bars";"-51.46";"25.93";"18h 0m";""
"84";"USDJPY_DukasM1_the5ers";"Buy";"2021.12.20 22:00:00";"113.721";"0.49";"2021.12.21 16:00:00";"113.762";"10.37";"19527.64";"OOS1";"Exit After X Bars";"-54.15";"18.58";"18h 0m";""
"85";"USDJPY_DukasM1_the5ers";"Buy";"2021.12.27 07:00:00";"114.465";"1.0";"2021.12.27 17:39:00";"114.861";"253.95";"19781.59";"OOS1";"PT";"-37.93";"258.95";"10h 39m";""
"86";"USDJPY_DukasM1_the5ers";"Buy";"2021.12.29 10:00:00";"114.896";"0.99";"2021.12.29 13:55:00";"114.853";"-32.79";"19748.80";"OOS1";"TrailingStop";"-27.84";"91.28";"3h 55m";""
"87";"USDJPY_DukasM1_the5ers";"Buy";"2021.12.31 15:00:00";"115.150";"1.0";"2022.01.03 09:00:00";"115.332";"113.36";"19862.16";"OOS1";"Exit After X Bars";"-93.51";"137.98";"2d 18h 0m";""
"88";"USDJPY_DukasM1_the5ers";"Buy";"2022.01.25 10:00:00";"113.899";"0.51";"2022.01.25 16:53:00";"113.820";"-28.90";"19833.27";"OOS1";"TrailingStop";"-30.68";"85.38";"6h 53m";""
"89";"USDJPY_DukasM1_the5ers";"Buy";"2022.01.31 06:00:00";"115.545";"0.46";"2022.01.31 17:58:00";"115.215";"-101.57";"19731.70";"OOS1";"SL";"-99.26";"0.00";"11h 58m";""
"90";"USDJPY_DukasM1_the5ers";"Buy";"2022.02.03 12:00:00";"114.754";"0.62";"2022.02.04 06:00:00";"114.907";"58.53";"19790.23";"OOS1";"Exit After X Bars";"-8.92";"120.01";"18h 0m";""
"91";"USDJPY_DukasM1_the5ers";"Buy";"2022.02.08 05:00:00";"115.393";"0.6";"2022.02.08 12:25:00";"115.261";"-54.79";"19735.44";"OOS1";"TrailingStop";"-51.79";"59.64";"7h 25m";""
"92";"USDJPY_DukasM1_the5ers";"Buy";"2022.02.10 02:00:00";"115.608";"0.74";"2022.02.10 15:34:00";"116.138";"252.77";"19988.20";"OOS1";"PT";"-61.46";"256.47";"13h 34m";""
"93";"USDJPY_DukasM1_the5ers";"Buy";"2022.02.23 20:00:00";"115.087";"0.64";"2022.02.24 02:29:00";"114.847";"-104.90";"19883.30";"OOS1";"SL";"-100.44";"0.84";"6h 29m";""
"94";"USDJPY_DukasM1_the5ers";"Buy";"2022.02.24 18:00:00";"115.613";"0.38";"2022.02.25 04:27:00";"115.282";"-84.40";"19798.91";"OOS1";"TrailingStop";"-86.47";"20.13";"10h 27m";""
"95";"USDJPY_DukasM1_the5ers";"Buy";"2022.02.28 01:00:00";"115.548";"0.4";"2022.02.28 16:39:00";"115.238";"-83.09";"19715.82";"OOS1";"TrailingStop";"-81.09";"49.96";"15h 39m";""
"96";"USDJPY_DukasM1_the5ers";"Buy";"2022.03.16 11:00:00";"118.328";"0.51";"2022.03.16 20:23:00";"119.097";"253.91";"19969.73";"OOS1";"PT";"-45.69";"256.46";"9h 23m";""
"97";"USDJPY_DukasM1_the5ers";"Buy";"2022.03.18 07:00:00";"118.779";"0.51";"2022.03.21 01:00:00";"119.275";"162.53";"20132.26";"OOS1";"Exit After X Bars";"-22.34";"206.77";"2d 18h 0m";""
"98";"USDJPY_DukasM1_the5ers";"Buy";"2022.03.21 20:00:00";"119.380";"0.58";"2022.03.22 02:48:00";"120.059";"254.25";"20386.51";"OOS1";"PT";"-8.72";"257.53";"6h 48m";""
"99";"USDJPY_DukasM1_the5ers";"Buy";"2022.03.24 06:00:00";"121.234";"0.4";"2022.03.24 18:31:00";"122.204";"251.72";"20638.23";"OOS1";"PT";"-13.08";"253.72";"12h 31m";""
"100";"USDJPY_DukasM1_the5ers";"Buy";"2022.03.28 05:00:00";"122.980";"0.28";"2022.03.28 11:38:00";"124.391";"256.95";"20895.18";"OOS1";"PT";"-40.65";"258.35";"6h 38m";""
"101";"USDJPY_DukasM1_the5ers";"Buy";"2022.04.01 06:00:00";"122.664";"0.23";"2022.04.04 01:00:00";"122.544";"-19.35";"20875.83";"OOS1";"Exit After X Bars";"-63.47";"55.50";"2d 19h 0m";""
"102";"USDJPY_DukasM1_the5ers";"Buy";"2022.04.04 10:00:00";"122.653";"0.3";"2022.04.05 03:46:00";"122.460";"-39.56";"20836.28";"OOS1";"TrailingStop";"-37.86";"59.83";"17h 46m";""
"103";"USDJPY_DukasM1_the5ers";"Buy";"2022.04.05 12:00:00";"122.833";"0.38";"2022.04.06 03:53:00";"123.870";"255.54";"21091.81";"OOS1";"PT";"-34.54";"257.68";"15h 53m";""
"104";"USDJPY_DukasM1_the5ers";"Buy";"2022.04.07 17:00:00";"123.952";"0.42";"2022.04.08 03:33:00";"123.822";"-38.08";"21053.73";"OOS1";"TrailingStop";"-54.93";"76.08";"10h 33m";""
"105";"USDJPY_DukasM1_the5ers";"Buy";"2022.04.13 05:00:00";"125.602";"0.36";"2022.04.13 14:29:00";"125.713";"24.33";"21078.06";"OOS1";"TrailingStop";"-33.43";"167.38";"9h 29m";""
"106";"USDJPY_DukasM1_the5ers";"Buy";"2022.04.14 19:00:00";"125.934";"0.3";"2022.04.15 13:00:00";"126.472";"103.85";"21181.91";"OOS1";"Exit After X Bars";"-21.19";"146.54";"18h 0m";""
"1";"USDJPY_DukasM1_the5ers";"Buy";"2022.04.21 15:00:00";"128.241";"0.23";"2022.04.22 07:21:00";"128.094";"-23.41";"21158.50";"OOS1";"TrailingStop";"-30.98";"69.79";"16h 21m";""
"2";"USDJPY_DukasM1_the5ers";"Buy";"2022.04.22 13:00:00";"128.436";"0.24";"2022.04.25 05:42:00";"128.263";"-28.51";"21129.99";"OOS1";"TrailingStop";"-47.40";"105.31";"2d 16h 42m";""
"3";"USDJPY_DukasM1_the5ers";"Buy";"2022.05.04 04:00:00";"130.151";"0.42";"2022.05.04 15:40:00";"129.790";"-101.25";"21028.74";"OOS1";"SL";"-99.15";"9.34";"11h 40m";""
"4";"USDJPY_DukasM1_the5ers";"Buy";"2022.05.05 17:00:00";"130.259";"0.25";"2022.05.05 22:36:00";"129.977";"-47.35";"20981.39";"OOS1";"TrailingStop";"-46.10";"48.72";"5h 36m";""
"5";"USDJPY_DukasM1_the5ers";"Buy";"2022.05.17 07:00:00";"129.349";"0.28";"2022.05.17 17:43:00";"129.117";"-43.88";"20937.52";"OOS1";"TrailingStop";"-42.48";"78.92";"10h 43m";""
"6";"USDJPY_DukasM1_the5ers";"Buy";"2022.06.03 13:00:00";"130.094";"0.43";"2022.06.06 04:24:00";"130.554";"126.91";"21064.43";"OOS1";"TrailingStop";"-12.37";"253.63";"2d 15h 24m";""
"7";"USDJPY_DukasM1_the5ers";"Buy";"2022.06.10 08:00:00";"134.216";"0.24";"2022.06.10 10:27:00";"133.602";"-97.56";"20966.87";"OOS1";"SL";"-96.36";"0.00";"2h 27m";""
"8";"USDJPY_DukasM1_the5ers";"Buy";"2022.06.14 17:00:00";"134.438";"0.21";"2022.06.15 03:50:00";"134.907";"63.22";"21030.08";"OOS1";"TrailingStop";"-4.39";"157.65";"10h 50m";""
"9";"USDJPY_DukasM1_the5ers";"Buy";"2022.06.20 23:00:00";"135.029";"0.25";"2022.06.21 17:00:00";"136.162";"183.81";"21213.89";"OOS1";"Exit After X Bars";"-17.82";"213.01";"18h 0m";""
"10";"USDJPY_DukasM1_the5ers";"Buy";"2022.07.06 00:00:00";"135.840";"0.28";"2022.07.06 04:20:00";"135.304";"-99.54";"21114.35";"OOS1";"SL";"-98.14";"6.04";"4h 20m";""
"11";"USDJPY_DukasM1_the5ers";"Buy";"2022.07.08 16:00:00";"136.433";"0.25";"2022.07.11 10:00:00";"136.982";"88.34";"21202.69";"OOS1";"Exit After X Bars";"-93.02";"137.81";"2d 18h 0m";""
"12";"USDJPY_DukasM1_the5ers";"Buy";"2022.07.26 23:00:00";"136.832";"0.34";"2022.07.27 12:11:00";"136.665";"-39.05";"21163.64";"OOS1";"TrailingStop";"-37.13";"68.70";"13h 11m";""
"13";"USDJPY_DukasM1_the5ers";"Buy";"2022.08.05 17:00:00";"134.882";"0.17";"2022.08.08 11:00:00";"134.988";"10.82";"21174.46";"OOS1";"Exit After X Bars";"-2.89";"77.59";"2d 18h 0m";""
"14";"USDJPY_DukasM1_the5ers";"Buy";"2022.08.09 16:00:00";"134.933";"0.27";"2022.08.10 10:00:00";"135.038";"17.01";"21191.47";"OOS1";"Exit After X Bars";"-14.30";"64.80";"18h 0m";""
"15";"USDJPY_DukasM1_the5ers";"Buy";"2022.08.18 21:00:00";"135.905";"0.26";"2022.08.19 15:00:00";"137.020";"188.10";"21379.57";"OOS1";"Exit After X Bars";"-32.47";"209.80";"18h 0m";""
"16";"USDJPY_DukasM1_the5ers";"Buy";"2022.08.26 10:00:00";"137.036";"0.32";"2022.08.26 15:31:00";"136.569";"-99.32";"21280.25";"OOS1";"SL";"-97.72";"18.21";"5h 31m";""
"17";"USDJPY_DukasM1_the5ers";"Buy";"2022.08.30 19:00:00";"138.737";"0.26";"2022.08.31 07:35:00";"138.341";"-68.80";"21211.46";"OOS1";"TrailingStop";"-67.33";"17.85";"12h 35m";""
"18";"USDJPY_DukasM1_the5ers";"Buy";"2022.09.05 03:00:00";"140.546";"0.28";"2022.09.05 21:00:00";"140.544";"-1.77";"21209.69";"OOS1";"Exit After X Bars";"-78.92";"20.69";"18h 0m";""
"19";"USDJPY_DukasM1_the5ers";"Buy";"2022.09.08 23:00:00";"144.024";"0.19";"2022.09.09 06:17:00";"143.424";"-75.62";"21134.07";"OOS1";"TrailingStop";"-74.55";"12.18";"7h 17m";""
"20";"USDJPY_DukasM1_the5ers";"Buy";"2022.09.13 17:00:00";"144.120";"0.15";"2022.09.14 03:44:00";"144.115";"-1.34";"21132.73";"OOS1";"TrailingStop";"-24.03";"81.90";"10h 44m";""
"21";"USDJPY_DukasM1_the5ers";"Buy";"2022.09.15 12:00:00";"143.437";"0.2";"2022.09.16 03:37:00";"142.902";"-71.10";"21061.63";"OOS1";"TrailingStop";"-69.97";"36.62";"15h 37m";""
"22";"USDJPY_DukasM1_the5ers";"Buy";"2022.09.19 13:00:00";"143.499";"0.31";"2022.09.19 18:08:00";"143.174";"-67.43";"20994.20";"OOS1";"TrailingStop";"-65.88";"29.19";"5h 8m";""
"23";"USDJPY_DukasM1_the5ers";"Buy";"2022.09.29 12:00:00";"144.770";"0.3";"2022.09.29 19:15:00";"144.264";"-100.76";"20893.43";"OOS1";"SL";"-99.26";"5.10";"7h 15m";""
"24";"USDJPY_DukasM1_the5ers";"Buy";"2022.10.05 19:00:00";"144.742";"0.3";"2022.10.06 13:00:00";"144.676";"-15.04";"20878.40";"OOS1";"Exit After X Bars";"-70.82";"8.83";"18h 0m";""
"25";"USDJPY_DukasM1_the5ers";"Buy";"2022.10.11 23:00:00";"145.835";"0.46";"2022.10.12 15:20:00";"146.694";"255.79";"21134.19";"OOS1";"PT";"-52.64";"258.39";"16h 20m";""
"26";"USDJPY_DukasM1_the5ers";"Buy";"2022.11.17 13:00:00";"139.941";"0.18";"2022.11.18 05:46:00";"139.751";"-23.38";"21110.80";"OOS1";"TrailingStop";"-33.43";"93.58";"16h 46m";""
"27";"USDJPY_DukasM1_the5ers";"Buy";"2022.11.18 23:00:00";"140.409";"0.23";"2022.11.21 16:27:00";"141.350";"140.23";"21251.03";"OOS1";"TrailingStop";"-37.90";"247.86";"2d 17h 27m";""
"28";"USDJPY_DukasM1_the5ers";"Buy";"2022.11.30 08:00:00";"138.483";"0.22";"2022.11.30 20:31:00";"138.780";"41.63";"21292.66";"OOS1";"TrailingStop";"-22.44";"202.70";"12h 31m";""
"29";"USDJPY_DukasM1_the5ers";"Buy";"2022.12.09 20:00:00";"136.478";"0.19";"2022.12.12 14:00:00";"136.812";"40.42";"21333.08";"OOS1";"Exit After X Bars";"-17.27";"81.50";"2d 18h 0m";""
"30";"USDJPY_DukasM1_the5ers";"Buy";"2022.12.23 03:00:00";"132.597";"0.24";"2022.12.23 21:00:00";"132.856";"39.45";"21372.53";"OOS1";"Exit After X Bars";"-25.11";"84.59";"18h 0m";""
"31";"USDJPY_DukasM1_the5ers";"Buy";"2023.01.04 17:00:00";"131.015";"0.18";"2023.01.05 02:20:00";"131.879";"100.44";"21472.97";"OOS1";"TrailingStop";"-5.77";"200.10";"9h 20m";""
"32";"USDJPY_DukasM1_the5ers";"Buy";"2023.01.19 18:00:00";"128.467";"0.17";"2023.01.20 12:00:00";"129.463";"109.76";"21582.73";"OOS1";"Exit After X Bars";"-19.12";"113.61";"18h 0m";""
"33";"USDJPY_DukasM1_the5ers";"Buy";"2023.01.24 17:00:00";"131.077";"0.22";"2023.01.24 17:26:00";"130.392";"-99.65";"21483.09";"OOS1";"SL";"-98.55";"4.17";"26m 0s";""
"34";"USDJPY_DukasM1_the5ers";"Buy";"2023.01.25 06:00:00";"130.517";"0.25";"2023.01.25 11:32:00";"129.904";"-101.46";"21381.63";"OOS1";"SL";"-100.21";"10.46";"5h 32m";""
"35";"USDJPY_DukasM1_the5ers";"Buy";"2023.01.30 03:00:00";"130.092";"0.28";"2023.01.30 06:00:00";"129.723";"-68.96";"21312.66";"OOS1";"TrailingStop";"-67.56";"36.07";"3h 0m";""
"36";"USDJPY_DukasM1_the5ers";"Buy";"2023.02.01 10:00:00";"130.184";"0.34";"2023.02.01 13:21:00";"129.738";"-100.86";"21211.80";"OOS1";"SL";"-99.16";"11.12";"3h 21m";""
"37";"USDJPY_DukasM1_the5ers";"Buy";"2023.02.03 16:00:00";"129.952";"0.22";"2023.02.06 00:05:00";"131.731";"254.69";"21466.49";"OOS1";"PT";"-14.82";"363.11";"2d 8h 5m";""
"38";"USDJPY_DukasM1_the5ers";"Buy";"2023.02.09 22:00:00";"131.582";"0.22";"2023.02.10 09:17:00";"131.205";"-55.48";"21411.01";"OOS1";"TrailingStop";"-54.24";"43.59";"11h 17m";""
"39";"USDJPY_DukasM1_the5ers";"Buy";"2023.02.13 03:00:00";"131.704";"0.21";"2023.02.13 21:00:00";"132.496";"107.71";"21518.72";"OOS1";"Exit After X Bars";"-7.69";"165.20";"18h 0m";""
"40";"USDJPY_DukasM1_the5ers";"Buy";"2023.02.14 19:00:00";"133.063";"0.18";"2023.02.15 13:00:00";"133.377";"35.94";"21554.66";"OOS1";"Exit After X Bars";"-61.32";"49.79";"18h 0m";""
"41";"USDJPY_DukasM1_the5ers";"Buy";"2023.02.17 03:00:00";"134.245";"0.27";"2023.02.17 15:47:00";"134.553";"53.03";"21607.69";"OOS1";"TrailingStop";"-5.65";"153.78";"12h 47m";""
"42";"USDJPY_DukasM1_the5ers";"Buy";"2023.02.23 04:00:00";"134.806";"0.35";"2023.02.23 16:48:00";"134.904";"20.68";"21628.37";"OOS1";"TrailingStop";"-23.80";"127.71";"12h 48m";""
"43";"USDJPY_DukasM1_the5ers";"Buy";"2023.02.24 12:00:00";"135.152";"0.28";"2023.02.27 02:01:00";"136.526";"249.99";"21878.36";"OOS1";"PT";"-14.65";"251.58";"2d 14h 1m";""
"44";"USDJPY_DukasM1_the5ers";"Buy";"2023.02.28 10:00:00";"136.759";"0.34";"2023.02.28 17:14:00";"136.370";"-88.19";"21790.18";"OOS1";"TrailingStop";"-86.49";"35.13";"7h 14m";""
"45";"USDJPY_DukasM1_the5ers";"Buy";"2023.03.02 07:00:00";"136.448";"0.31";"2023.03.02 10:41:00";"136.326";"-26.28";"21763.89";"OOS1";"TrailingStop";"-24.73";"85.95";"3h 41m";""
"46";"USDJPY_DukasM1_the5ers";"Buy";"2023.03.07 16:00:00";"136.152";"0.33";"2023.03.08 01:52:00";"137.330";"252.34";"22016.23";"OOS1";"PT";"-8.42";"254.20";"9h 52m";""
"47";"USDJPY_DukasM1_the5ers";"Buy";"2023.03.29 05:00:00";"131.483";"0.25";"2023.03.29 23:00:00";"132.822";"217.65";"22233.88";"OOS1";"Exit After X Bars";"-3.27";"224.29";"18h 0m";""
"48";"USDJPY_DukasM1_the5ers";"Buy";"2023.03.31 03:00:00";"133.207";"0.27";"2023.03.31 07:04:00";"132.714";"-88.39";"22145.49";"OOS1";"TrailingStop";"-87.04";"53.32";"4h 4m";""
"49";"USDJPY_DukasM1_the5ers";"Buy";"2023.04.03 09:00:00";"133.493";"0.23";"2023.04.03 14:31:00";"132.980";"-78.31";"22067.18";"OOS1";"TrailingStop";"-77.16";"39.41";"5h 31m";""
"50";"USDJPY_DukasM1_the5ers";"Buy";"2023.04.11 23:00:00";"133.698";"0.31";"2023.04.12 15:30:00";"133.475";"-46.96";"22020.22";"OOS1";"TrailingStop";"-45.21";"69.94";"16h 30m";""
"51";"USDJPY_DukasM1_the5ers";"Buy";"2023.04.14 18:00:00";"133.468";"0.25";"2023.04.17 12:00:00";"133.966";"80.00";"22100.22";"OOS1";"Exit After X Bars";"-4.58";"121.96";"2d 18h 0m";""
"52";"USDJPY_DukasM1_the5ers";"Buy";"2023.04.19 10:00:00";"134.618";"0.4";"2023.04.19 15:28:00";"134.516";"-28.68";"22071.54";"OOS1";"TrailingStop";"-30.60";"134.71";"5h 28m";""
"53";"USDJPY_DukasM1_the5ers";"Buy";"2023.05.16 18:00:00";"136.487";"0.37";"2023.05.17 12:00:00";"137.044";"132.67";"22204.22";"OOS1";"Exit After X Bars";"-53.23";"146.14";"18h 0m";""
"54";"USDJPY_DukasM1_the5ers";"Buy";"2023.05.22 19:00:00";"138.667";"0.27";"2023.05.23 10:34:00";"138.332";"-60.67";"22143.54";"OOS1";"TrailingStop";"-71.33";"36.72";"15h 34m";""
"55";"USDJPY_DukasM1_the5ers";"Buy";"2023.05.24 11:00:00";"138.656";"0.31";"2023.05.25 01:37:00";"138.977";"62.91";"22206.46";"OOS1";"TrailingStop";"-64.67";"166.43";"14h 37m";""
"56";"USDJPY_DukasM1_the5ers";"Buy";"2023.06.07 20:00:00";"140.196";"0.29";"2023.06.08 07:16:00";"139.778";"-81.29";"22125.17";"OOS1";"TrailingStop";"-79.27";"9.29";"11h 16m";""
"57";"USDJPY_DukasM1_the5ers";"Buy";"2023.06.12 17:00:00";"139.671";"0.33";"2023.06.13 11:00:00";"139.488";"-41.36";"22083.82";"OOS1";"Exit After X Bars";"-74.88";"20.28";"18h 0m";""
"58";"USDJPY_DukasM1_the5ers";"Buy";"2023.06.15 05:00:00";"141.014";"0.27";"2023.06.15 15:42:00";"140.785";"-41.78";"22042.03";"OOS1";"TrailingStop";"-40.43";"86.34";"10h 42m";""
"59";"USDJPY_DukasM1_the5ers";"Buy";"2023.06.16 17:00:00";"141.250";"0.23";"2023.06.19 11:00:00";"141.841";"87.59";"22129.62";"OOS1";"Exit After X Bars";"-50.99";"108.29";"2d 18h 0m";""
"60";"USDJPY_DukasM1_the5ers";"Buy";"2023.06.21 12:00:00";"141.998";"0.32";"2023.06.21 20:45:00";"141.778";"-47.64";"22081.98";"OOS1";"TrailingStop";"-61.73";"77.42";"8h 45m";""
"61";"USDJPY_DukasM1_the5ers";"Buy";"2023.06.22 15:00:00";"142.138";"0.34";"2023.06.23 08:37:00";"143.306";"257.76";"22339.75";"OOS1";"PT";"-82.93";"259.68";"17h 37m";""
"62";"USDJPY_DukasM1_the5ers";"Buy";"2023.06.27 09:00:00";"143.617";"0.37";"2023.06.27 15:11:00";"143.428";"-47.58";"22292.17";"OOS1";"TrailingStop";"-53.23";"78.63";"6h 11m";""
"63";"USDJPY_DukasM1_the5ers";"Buy";"2023.07.03 12:00:00";"144.725";"0.36";"2023.07.03 16:17:00";"144.464";"-63.24";"22228.93";"OOS1";"TrailingStop";"-61.44";"44.02";"4h 17m";""
"64";"USDJPY_DukasM1_the5ers";"Buy";"2023.07.17 17:00:00";"139.150";"0.22";"2023.07.18 07:30:00";"138.465";"-99.79";"22129.14";"OOS1";"SL";"-98.55";"6.76";"14h 30m";""
"65";"USDJPY_DukasM1_the5ers";"Buy";"2023.07.18 21:00:00";"138.904";"0.21";"2023.07.19 15:00:00";"139.792";"120.76";"22249.89";"OOS1";"Exit After X Bars";"-19.50";"149.41";"18h 0m";""
"66";"USDJPY_DukasM1_the5ers";"Buy";"2023.07.20 18:00:00";"140.320";"0.25";"2023.07.21 01:56:00";"139.928";"-65.50";"22184.39";"OOS1";"TrailingStop";"-64.08";"28.94";"7h 56m";""
"67";"USDJPY_DukasM1_the5ers";"Buy";"2023.07.28 22:00:00";"141.006";"0.12";"2023.07.31 16:00:00";"142.259";"97.64";"22282.04";"OOS1";"Exit After X Bars";"-24.88";"116.76";"2d 18h 0m";""
"68";"USDJPY_DukasM1_the5ers";"Buy";"2023.08.02 19:00:00";"143.214";"0.24";"2023.08.03 10:25:00";"143.202";"-3.55";"22278.49";"OOS1";"TrailingStop";"-24.48";"105.78";"15h 25m";""
"69";"USDJPY_DukasM1_the5ers";"Buy";"2023.08.07 18:00:00";"142.356";"0.28";"2023.08.08 09:53:00";"142.903";"98.57";"22377.06";"OOS1";"TrailingStop";"-20.87";"197.20";"15h 53m";""
"70";"USDJPY_DukasM1_the5ers";"Buy";"2023.08.15 21:00:00";"145.516";"0.34";"2023.08.16 15:00:00";"145.761";"52.55";"22429.61";"OOS1";"Exit After X Bars";"-46.69";"57.14";"18h 0m";""
"71";"USDJPY_DukasM1_the5ers";"Buy";"2023.08.16 15:00:00";"145.773";"0.42";"2023.08.17 09:00:00";"146.309";"144.29";"22573.89";"OOS1";"Exit After X Bars";"-32.96";"215.87";"18h 0m";""
"72";"USDJPY_DukasM1_the5ers";"Buy";"2023.08.29 14:00:00";"146.792";"0.47";"2023.08.29 17:00:00";"146.898";"30.23";"22604.12";"OOS1";"TrailingStop";"-3.69";"178.87";"3h 0m";""
"73";"USDJPY_DukasM1_the5ers";"Buy";"2023.09.01 20:00:00";"146.159";"0.26";"2023.09.04 14:00:00";"146.325";"26.75";"22630.87";"OOS1";"Exit After X Bars";"-23.29";"52.03";"2d 18h 0m";""
"74";"USDJPY_DukasM1_the5ers";"Buy";"2023.09.07 03:00:00";"147.723";"0.39";"2023.09.07 11:31:00";"147.394";"-85.85";"22545.02";"OOS1";"TrailingStop";"-83.90";"38.00";"8h 31m";""
"75";"USDJPY_DukasM1_the5ers";"Buy";"2023.09.08 16:00:00";"147.562";"0.35";"2023.09.11 00:05:00";"147.469";"-23.26";"22521.76";"OOS1";"TrailingStop";"-157.23";"70.49";"2d 8h 5m";""
"76";"USDJPY_DukasM1_the5ers";"Buy";"2023.09.14 23:00:00";"147.459";"0.38";"2023.09.15 17:00:00";"147.855";"96.25";"22618.01";"OOS1";"Exit After X Bars";"-30.56";"122.01";"18h 0m";""
"77";"USDJPY_DukasM1_the5ers";"Buy";"2023.09.19 08:00:00";"147.759";"0.61";"2023.09.19 11:03:00";"147.611";"-62.09";"22555.92";"OOS1";"TrailingStop";"-59.04";"53.05";"3h 3m";""
"78";"USDJPY_DukasM1_the5ers";"Buy";"2023.09.20 23:00:00";"148.187";"0.43";"2023.09.21 13:06:00";"148.087";"-31.11";"22524.81";"OOS1";"TrailingStop";"-28.12";"75.92";"14h 6m";""
"79";"USDJPY_DukasM1_the5ers";"Buy";"2023.09.22 13:00:00";"148.328";"0.34";"2023.09.25 07:00:00";"148.366";"6.53";"22531.34";"OOS1";"Exit After X Bars";"-82.26";"34.02";"2d 18h 0m";""
"80";"USDJPY_DukasM1_the5ers";"Buy";"2023.10.02 05:00:00";"149.725";"0.37";"2023.10.02 23:00:00";"149.795";"15.09";"22546.42";"OOS1";"Exit After X Bars";"-41.37";"36.53";"18h 0m";""
"81";"USDJPY_DukasM1_the5ers";"Buy";"2023.10.06 15:00:00";"149.060";"0.42";"2023.10.09 01:00:00";"149.034";"-9.52";"22536.91";"OOS1";"TrailingStop";"-26.37";"130.46";"2d 10h 0m";""
"82";"USDJPY_DukasM1_the5ers";"Buy";"2023.10.11 18:00:00";"149.145";"0.4";"2023.10.12 12:00:00";"149.079";"-20.05";"22516.86";"OOS1";"Exit After X Bars";"-50.48";"46.56";"18h 0m";""
"83";"USDJPY_DukasM1_the5ers";"Buy";"2023.10.16 13:00:00";"149.492";"0.6";"2023.10.17 07:00:00";"149.543";"16.62";"22533.48";"OOS1";"Exit After X Bars";"-33.35";"106.72";"18h 0m";""
"84";"USDJPY_DukasM1_the5ers";"Buy";"2023.10.20 04:00:00";"149.859";"0.65";"2023.10.20 11:23:00";"149.768";"-41.93";"22491.55";"OOS1";"TrailingStop";"-38.68";"56.53";"7h 23m";""
"85";"USDJPY_DukasM1_the5ers";"Buy";"2023.10.23 08:00:00";"149.946";"0.81";"2023.10.23 18:22:00";"149.820";"-70.79";"22420.76";"OOS1";"TrailingStop";"-66.74";"22.78";"10h 22m";""
"86";"USDJPY_DukasM1_the5ers";"Buy";"2023.11.24 02:00:00";"149.648";"0.41";"2023.11.24 07:04:00";"149.275";"-102.05";"22318.71";"OOS1";"SL";"-100.00";"16.89";"5h 4m";""
"87";"USDJPY_DukasM1_the5ers";"Buy";"2023.12.06 04:00:00";"147.273";"0.28";"2023.12.06 22:00:00";"147.343";"11.42";"22330.12";"OOS1";"Exit After X Bars";"-69.58";"41.01";"18h 0m";""
"88";"USDJPY_DukasM1_the5ers";"Buy";"2023.12.20 21:00:00";"143.827";"0.24";"2023.12.21 03:25:00";"143.209";"-98.66";"22231.46";"OOS1";"SL";"-96.99";"12.40";"6h 25m";""
"89";"USDJPY_DukasM1_the5ers";"Buy";"2024.01.02 06:00:00";"141.511";"0.27";"2024.01.02 16:51:00";"141.606";"15.42";"22246.88";"OOS1";"TrailingStop";"-39.02";"124.47";"10h 51m";""
"90";"USDJPY_DukasM1_the5ers";"Buy";"2024.01.19 03:00:00";"148.037";"0.34";"2024.01.19 09:54:00";"148.204";"35.43";"22282.31";"OOS1";"TrailingStop";"-7.11";"170.08";"6h 54m";""
"91";"USDJPY_DukasM1_the5ers";"Buy";"2024.02.02 17:00:00";"147.896";"0.23";"2024.02.05 11:00:00";"148.494";"88.64";"22370.95";"OOS1";"Exit After X Bars";"-10.38";"138.97";"2d 18h 0m";""
"92";"USDJPY_DukasM1_the5ers";"Buy";"2024.02.12 19:00:00";"149.385";"0.46";"2024.02.13 13:00:00";"149.519";"37.71";"22408.66";"OOS1";"Exit After X Bars";"-44.22";"92.35";"18h 0m";""
"93";"USDJPY_DukasM1_the5ers";"Buy";"2024.02.19 21:00:00";"150.161";"0.61";"2024.02.20 12:22:00";"150.204";"13.70";"22422.37";"OOS1";"TrailingStop";"-39.49";"110.09";"15h 22m";""
"94";"USDJPY_DukasM1_the5ers";"Buy";"2024.02.21 18:00:00";"150.258";"0.53";"2024.02.22 09:07:00";"150.166";"-35.57";"22386.79";"OOS1";"TrailingStop";"-45.06";"68.62";"15h 7m";""
"1";"USDJPY_DukasM1_the5ers";"Buy";"2024.02.26 14:00:00";"150.696";"0.56";"2024.02.27 01:30:00";"150.563";"-51.87";"22334.92";"OOS1";"TrailingStop";"-63.35";"51.63";"11h 30m";""
"2";"USDJPY_DukasM1_the5ers";"Buy";"2024.03.04 13:00:00";"150.426";"0.39";"2024.03.05 04:00:00";"150.461";"6.72";"22341.64";"OOS1";"Exit After X Bars";"-29.58";"36.21";"15h 0m";""
"3";"USDJPY_DukasM1_the5ers";"Buy";"2024.03.12 06:00:00";"147.399";"0.32";"2024.03.12 14:40:00";"147.134";"-57.05";"22284.59";"OOS1";"TrailingStop";"-55.45";"159.45";"8h 40m";""
"4";"USDJPY_DukasM1_the5ers";"Buy";"2024.03.14 17:00:00";"148.121";"0.33";"2024.03.15 08:00:00";"148.315";"40.00";"22324.59";"OOS1";"Exit After X Bars";"-15.32";"116.10";"15h 0m";""
"5";"USDJPY_DukasM1_the5ers";"Buy";"2024.03.19 04:00:00";"149.308";"0.46";"2024.03.19 05:35:00";"149.080";"-70.88";"22253.70";"OOS1";"TrailingStop";"-68.58";"27.97";"1h 35m";""
"6";"USDJPY_DukasM1_the5ers";"Buy";"2024.03.21 19:00:00";"151.700";"0.28";"2024.03.22 08:32:00";"151.392";"-57.98";"22195.73";"OOS1";"TrailingStop";"-56.39";"29.66";"13h 32m";""
"7";"USDJPY_DukasM1_the5ers";"Buy";"2024.03.25 09:00:00";"151.329";"0.36";"2024.03.26 00:00:00";"151.401";"14.91";"22210.64";"OOS1";"Exit After X Bars";"-48.73";"50.61";"15h 0m";""
"8";"USDJPY_DukasM1_the5ers";"Buy";"2024.03.26 19:00:00";"151.530";"0.52";"2024.03.27 05:12:00";"151.647";"36.84";"22247.48";"OOS1";"TrailingStop";"-30.26";"149.62";"10h 12m";""
"9";"USDJPY_DukasM1_the5ers";"Buy";"2024.04.01 03:00:00";"151.411";"0.65";"2024.04.01 18:00:00";"151.696";"117.89";"22365.37";"OOS1";"Exit After X Bars";"-69.28";"147.49";"15h 0m";""
"10";"USDJPY_DukasM1_the5ers";"Buy";"2024.04.03 12:00:00";"151.744";"0.81";"2024.04.03 17:00:00";"151.746";"-2.99";"22362.38";"OOS1";"TrailingStop";"-33.37";"110.70";"5h 0m";""
"11";"USDJPY_DukasM1_the5ers";"Buy";"2024.04.05 21:00:00";"151.595";"0.45";"2024.04.08 12:00:00";"151.905";"88.68";"22451.06";"OOS1";"Exit After X Bars";"-17.66";"93.28";"2d 15h 0m";""
"12";"USDJPY_DukasM1_the5ers";"Buy";"2024.04.17 15:00:00";"154.639";"0.48";"2024.04.17 19:25:00";"154.399";"-77.73";"22373.33";"OOS1";"TrailingStop";"-75.33";"22.29";"4h 25m";""
"13";"USDJPY_DukasM1_the5ers";"Buy";"2024.04.22 04:00:00";"154.683";"0.43";"2024.04.22 19:00:00";"154.771";"22.59";"22395.92";"OOS1";"Exit After X Bars";"-27.84";"29.24";"15h 0m";""
"14";"USDJPY_DukasM1_the5ers";"Buy";"2024.04.30 09:00:00";"156.838";"0.13";"2024.05.01 00:00:00";"157.780";"79.34";"22475.27";"OOS1";"Exit After X Bars";"-31.11";"85.35";"15h 0m";""
"15";"USDJPY_DukasM1_the5ers";"Buy";"2024.05.10 16:00:00";"155.834";"0.46";"2024.05.13 04:12:00";"155.675";"-50.43";"22424.84";"OOS1";"TrailingStop";"-70.09";"36.40";"2d 12h 12m";""
"16";"USDJPY_DukasM1_the5ers";"Buy";"2024.05.20 16:00:00";"156.161";"0.38";"2024.05.21 07:00:00";"156.475";"75.88";"22500.71";"OOS1";"Exit After X Bars";"-41.00";"83.24";"15h 0m";""
"17";"USDJPY_DukasM1_the5ers";"Buy";"2024.05.22 09:00:00";"156.306";"0.49";"2024.05.23 00:00:00";"156.767";"144.30";"22645.02";"OOS1";"Exit After X Bars";"-7.05";"171.10";"15h 0m";""
"18";"USDJPY_DukasM1_the5ers";"Buy";"2024.05.28 21:00:00";"157.105";"0.54";"2024.05.29 09:08:00";"157.160";"16.37";"22661.39";"OOS1";"TrailingStop";"-6.71";"105.93";"12h 8m";""
"19";"USDJPY_DukasM1_the5ers";"Buy";"2024.06.06 15:00:00";"156.201";"0.26";"2024.06.06 19:40:00";"155.783";"-72.37";"22589.02";"OOS1";"TrailingStop";"-71.07";"41.48";"4h 40m";""
"20";"USDJPY_DukasM1_the5ers";"Buy";"2024.06.07 17:00:00";"156.966";"0.22";"2024.06.10 08:00:00";"157.118";"20.62";"22609.64";"OOS1";"Exit After X Bars";"-78.12";"32.66";"2d 15h 0m";""
"21";"USDJPY_DukasM1_the5ers";"Buy";"2024.06.14 17:00:00";"157.276";"0.21";"2024.06.17 08:00:00";"157.382";"13.37";"22623.01";"OOS1";"Exit After X Bars";"-33.64";"53.01";"2d 15h 0m";""
"22";"USDJPY_DukasM1_the5ers";"Buy";"2024.06.17 12:00:00";"157.659";"0.28";"2024.06.18 03:00:00";"157.693";"4.64";"22627.65";"OOS1";"Exit After X Bars";"-21.06";"54.93";"15h 0m";""
"23";"USDJPY_DukasM1_the5ers";"Buy";"2024.06.19 17:00:00";"157.897";"0.54";"2024.06.20 00:00:00";"157.869";"-13.65";"22614.01";"OOS1";"TrailingStop";"-9.89";"82.63";"7h 0m";""
"24";"USDJPY_DukasM1_the5ers";"Buy";"2024.06.25 20:00:00";"159.755";"0.44";"2024.06.26 11:00:00";"159.895";"37.79";"22651.80";"OOS1";"Exit After X Bars";"-43.73";"50.06";"15h 0m";""
"25";"USDJPY_DukasM1_the5ers";"Buy";"2024.06.28 00:00:00";"160.734";"0.47";"2024.06.28 12:08:00";"160.831";"27.46";"22679.26";"OOS1";"TrailingStop";"-31.96";"168.42";"12h 8m";""
"26";"USDJPY_DukasM1_the5ers";"Buy";"2024.07.01 09:00:00";"161.045";"0.37";"2024.07.01 17:00:00";"161.026";"-6.45";"22672.81";"OOS1";"TrailingStop";"-43.07";"99.44";"8h 0m";""
"27";"USDJPY_DukasM1_the5ers";"Buy";"2024.07.03 09:00:00";"161.877";"0.52";"2024.07.03 16:11:00";"161.687";"-67.21";"22605.61";"OOS1";"TrailingStop";"-70.05";"24.48";"7h 11m";""
"28";"USDJPY_DukasM1_the5ers";"Buy";"2024.07.08 12:00:00";"161.102";"0.31";"2024.07.08 16:04:00";"160.617";"-99.87";"22505.74";"OOS1";"SL";"-98.32";"0.00";"4h 4m";""
"29";"USDJPY_DukasM1_the5ers";"Buy";"2024.07.09 14:00:00";"161.025";"0.42";"2024.07.10 05:00:00";"161.535";"137.69";"22643.44";"OOS1";"Exit After X Bars";"-36.80";"153.53";"15h 0m";""
"30";"USDJPY_DukasM1_the5ers";"Buy";"2024.07.29 03:00:00";"154.159";"0.18";"2024.07.29 04:42:00";"153.310";"-100.83";"22542.60";"OOS1";"SL";"-99.93";"22.60";"1h 42m";""
"31";"USDJPY_DukasM1_the5ers";"Buy";"2024.08.07 06:00:00";"146.848";"0.08";"2024.08.07 10:27:00";"146.141";"-37.39";"22505.22";"OOS1";"TrailingStop";"-36.99";"54.88";"4h 27m";""
"32";"USDJPY_DukasM1_the5ers";"Buy";"2024.08.08 20:00:00";"147.253";"0.11";"2024.08.09 08:02:00";"146.806";"-32.78";"22472.44";"OOS1";"TrailingStop";"-32.15";"40.28";"12h 2m";""
"33";"USDJPY_DukasM1_the5ers";"Buy";"2024.08.12 08:00:00";"147.132";"0.2";"2024.08.12 18:25:00";"147.317";"23.20";"22495.64";"OOS1";"TrailingStop";"-5.89";"142.55";"10h 25m";""
"34";"USDJPY_DukasM1_the5ers";"Buy";"2024.08.15 12:00:00";"147.342";"0.25";"2024.08.15 15:40:00";"148.700";"220.76";"22716.39";"OOS1";"PT";"-26.81";"222.01";"3h 40m";""
"35";"USDJPY_DukasM1_the5ers";"Buy";"2024.08.22 16:00:00";"146.057";"0.18";"2024.08.23 04:44:00";"145.634";"-50.81";"22665.59";"OOS1";"TrailingStop";"-49.79";"55.09";"12h 44m";""
"36";"USDJPY_DukasM1_the5ers";"Buy";"2024.08.28 16:00:00";"144.718";"0.25";"2024.08.29 01:08:00";"144.343";"-63.05";"22602.54";"OOS1";"TrailingStop";"-61.30";"51.99";"9h 8m";""
"37";"USDJPY_DukasM1_the5ers";"Buy";"2024.08.29 16:00:00";"145.403";"0.23";"2024.08.29 21:47:00";"144.752";"-99.06";"22503.48";"OOS1";"SL";"-97.91";"22.56";"5h 47m";""
"38";"USDJPY_DukasM1_the5ers";"Buy";"2024.09.19 02:00:00";"142.117";"0.17";"2024.09.19 08:10:00";"142.919";"88.31";"22591.79";"OOS1";"TrailingStop";"-1.45";"203.10";"6h 10m";""
"39";"USDJPY_DukasM1_the5ers";"Buy";"2024.09.20 11:00:00";"143.638";"0.15";"2024.09.23 02:00:00";"143.918";"26.62";"22618.40";"OOS1";"Exit After X Bars";"-16.87";"84.06";"2d 15h 0m";""
"40";"USDJPY_DukasM1_the5ers";"Buy";"2024.09.24 10:00:00";"144.439";"0.2";"2024.09.24 14:07:00";"143.828";"-80.91";"22537.49";"OOS1";"TrailingStop";"-79.91";"31.39";"4h 7m";""
"41";"USDJPY_DukasM1_the5ers";"Buy";"2024.09.25 14:00:00";"144.292";"0.22";"2024.09.26 05:00:00";"144.812";"73.28";"22610.77";"OOS1";"Exit After X Bars";"-62.44";"93.94";"15h 0m";""
"42";"USDJPY_DukasM1_the5ers";"Buy";"2024.09.27 01:00:00";"144.782";"0.22";"2024.09.27 08:19:00";"146.308";"218.43";"22829.20";"OOS1";"PT";"-5.18";"219.53";"7h 19m";""
"43";"USDJPY_DukasM1_the5ers";"Buy";"2024.10.02 12:00:00";"144.336";"0.19";"2024.10.02 17:54:00";"146.104";"218.71";"23047.92";"OOS1";"PT";"-32.68";"219.66";"5h 54m";""
"44";"USDJPY_DukasM1_the5ers";"Buy";"2024.10.04 16:00:00";"148.658";"0.19";"2024.10.07 03:57:00";"148.352";"-39.09";"23008.82";"OOS1";"TrailingStop";"-43.49";"58.02";"2d 11h 57m";""
"45";"USDJPY_DukasM1_the5ers";"Buy";"2024.10.29 11:00:00";"153.408";"0.27";"2024.10.29 16:00:00";"153.314";"-17.95";"22990.88";"OOS1";"TrailingStop";"-16.60";"80.69";"5h 0m";""
"46";"USDJPY_DukasM1_the5ers";"Buy";"2024.10.31 00:00:00";"153.311";"0.27";"2024.10.31 05:23:00";"153.060";"-45.67";"22945.21";"OOS1";"TrailingStop";"-44.32";"52.97";"5h 23m";""
"47";"USDJPY_DukasM1_the5ers";"Buy";"2024.11.06 05:00:00";"154.060";"0.17";"2024.11.06 07:18:00";"153.206";"-95.79";"22849.43";"OOS1";"SL";"-94.94";"30.35";"2h 18m";""
"48";"USDJPY_DukasM1_the5ers";"Buy";"2024.11.25 20:00:00";"154.328";"0.2";"2024.11.26 05:14:00";"153.801";"-70.05";"22779.37";"OOS1";"TrailingStop";"-68.92";"20.53";"9h 14m";""
"49";"USDJPY_DukasM1_the5ers";"Buy";"2024.12.04 10:00:00";"150.392";"0.2";"2024.12.04 17:00:00";"150.571";"22.41";"22801.78";"OOS1";"TrailingStop";"-12.42";"109.34";"7h 0m";""
"50";"USDJPY_DukasM1_the5ers";"Buy";"2024.12.06 12:00:00";"150.585";"0.24";"2024.12.06 15:30:00";"149.971";"-97.56";"22704.22";"OOS1";"SL";"-96.36";"17.73";"3h 30m";""
"51";"USDJPY_DukasM1_the5ers";"Buy";"2024.12.09 13:00:00";"150.467";"0.28";"2024.12.10 04:00:00";"151.309";"152.58";"22856.81";"OOS1";"Exit After X Bars";"-14.65";"197.75";"15h 0m";""
"52";"USDJPY_DukasM1_the5ers";"Buy";"2024.12.12 23:00:00";"152.674";"0.23";"2024.12.13 14:00:00";"153.620";"140.98";"22997.79";"OOS1";"Exit After X Bars";"-33.39";"142.73";"15h 0m";""
"53";"USDJPY_DukasM1_the5ers";"Buy";"2024.12.25 04:00:00";"157.111";"0.41";"2024.12.25 09:36:00";"157.014";"-28.06";"22969.73";"OOS1";"TrailingStop";"-40.48";"63.01";"5h 36m";""
"54";"USDJPY_DukasM1_the5ers";"Buy";"2024.12.30 03:00:00";"157.953";"0.37";"2024.12.30 14:06:00";"157.543";"-101.05";"22868.68";"OOS1";"SL";"-99.20";"28.55";"11h 6m";""
"55";"USDJPY_DukasM1_the5ers";"Buy";"2025.01.02 20:00:00";"157.574";"0.21";"2025.01.03 09:04:00";"157.076";"-69.57";"22799.11";"OOS1";"TrailingStop";"-68.39";"13.59";"13h 4m";""
"56";"USDJPY_DukasM1_the5ers";"Buy";"2025.01.06 02:00:00";"157.515";"0.29";"2025.01.06 13:15:00";"157.517";"-1.07";"22798.04";"OOS1";"TrailingStop";"-5.88";"84.20";"11h 15m";""
"57";"USDJPY_DukasM1_the5ers";"Buy";"2025.01.07 13:00:00";"157.754";"0.25";"2025.01.08 04:00:00";"157.967";"33.41";"22831.44";"OOS1";"Exit After X Bars";"-36.13";"109.37";"15h 0m";""
"58";"USDJPY_DukasM1_the5ers";"Buy";"2025.01.08 07:00:00";"158.234";"0.27";"2025.01.08 22:00:00";"158.462";"38.91";"22870.35";"OOS1";"Exit After X Bars";"-54.56";"55.79";"15h 0m";""
"59";"USDJPY_DukasM1_the5ers";"Buy";"2025.01.10 04:00:00";"158.136";"0.37";"2025.01.10 10:30:00";"158.087";"-13.71";"22856.64";"OOS1";"TrailingStop";"-11.86";"74.28";"6h 30m";""
"60";"USDJPY_DukasM1_the5ers";"Buy";"2025.01.22 15:00:00";"155.820";"0.25";"2025.01.23 06:00:00";"156.496";"108.77";"22965.41";"OOS1";"Exit After X Bars";"-12.91";"144.84";"15h 0m";""
"61";"USDJPY_DukasM1_the5ers";"Buy";"2025.02.04 11:00:00";"155.254";"0.21";"2025.02.04 17:02:00";"154.749";"-70.40";"22895.02";"OOS1";"TrailingStop";"-69.35";"19.09";"6h 2m";""
"62";"USDJPY_DukasM1_the5ers";"Buy";"2025.02.11 14:00:00";"152.351";"0.3";"2025.02.12 03:58:00";"153.481";"219.98";"23115.00";"OOS1";"PT";"-25.70";"221.68";"13h 58m";""
"63";"USDJPY_DukasM1_the5ers";"Buy";"2025.02.27 12:00:00";"149.854";"0.23";"2025.02.28 02:25:00";"149.530";"-50.03";"23064.97";"OOS1";"TrailingStop";"-74.75";"46.17";"14h 25m";""
"64";"USDJPY_DukasM1_the5ers";"Buy";"2025.03.03 15:00:00";"151.246";"0.2";"2025.03.03 17:00:00";"150.511";"-97.13";"22967.84";"OOS1";"SL";"-96.13";"6.67";"2h 0m";""
"65";"USDJPY_DukasM1_the5ers";"Buy";"2025.03.11 12:00:00";"147.383";"0.19";"2025.03.11 19:08:00";"147.106";"-35.37";"22932.48";"OOS1";"TrailingStop";"-34.42";"91.32";"7h 8m";""
"66";"USDJPY_DukasM1_the5ers";"Buy";"2025.03.17 17:00:00";"148.609";"0.24";"2025.03.18 08:00:00";"149.735";"175.36";"23107.83";"OOS1";"Exit After X Bars";"-26.68";"177.19";"15h 0m";""
"67";"USDJPY_DukasM1_the5ers";"Buy";"2025.03.19 15:00:00";"149.803";"0.26";"2025.03.19 20:01:00";"149.586";"-38.19";"23069.64";"OOS1";"TrailingStop";"-36.89";"58.32";"5h 1m";""
"68";"USDJPY_DukasM1_the5ers";"Buy";"2025.04.02 06:00:00";"149.800";"0.27";"2025.04.02 12:53:00";"149.463";"-60.85";"23008.79";"OOS1";"TrailingStop";"-59.50";"35.31";"6h 53m";""
"69";"USDJPY_DukasM1_the5ers";"Buy";"2025.04.09 23:00:00";"147.956";"0.09";"2025.04.10 10:44:00";"146.400";"-92.20";"22916.59";"OOS1";"SL";"-91.57";"3.71";"11h 44m";""
"70";"USDJPY_DukasM1_the5ers";"Buy";"2025.04.25 05:00:00";"142.973";"0.24";"2025.04.25 20:00:00";"143.810";"130.16";"23046.75";"OOS1";"Exit After X Bars";"-22.91";"165.73";"15h 0m";""
"71";"USDJPY_DukasM1_the5ers";"Buy";"2025.05.12 11:00:00";"147.926";"0.17";"2025.05.13 02:00:00";"148.362";"47.51";"23094.26";"OOS1";"Exit After X Bars";"-33.68";"80.60";"15h 0m";""
"72";"USDJPY_DukasM1_the5ers";"Buy";"2025.05.27 09:00:00";"143.270";"0.29";"2025.05.28 00:00:00";"144.311";"195.77";"23290.03";"OOS1";"Exit After X Bars";"-56.32";"225.67";"15h 0m";""
"73";"USDJPY_DukasM1_the5ers";"Buy";"2025.06.10 05:00:00";"145.021";"0.3";"2025.06.10 08:32:00";"144.517";"-100.37";"23189.65";"OOS1";"SL";"-98.87";"52.18";"3h 32m";""
"74";"USDJPY_DukasM1_the5ers";"Buy";"2025.06.16 16:00:00";"144.108";"0.26";"2025.06.17 07:00:00";"144.655";"91.53";"23281.19";"OOS1";"Exit After X Bars";"-77.70";"170.53";"15h 0m";""
"75";"USDJPY_DukasM1_the5ers";"Buy";"2025.06.19 07:00:00";"145.077";"0.29";"2025.06.19 22:00:00";"145.485";"75.92";"23357.11";"OOS1";"Exit After X Bars";"-10.24";"131.42";"15h 0m";""
"76";"USDJPY_DukasM1_the5ers";"Buy";"2025.06.20 16:00:00";"145.599";"0.35";"2025.06.23 00:05:00";"146.565";"219.11";"23576.22";"OOS1";"PT";"-8.93";"245.35";"2d 8h 5m";""
"77";"USDJPY_DukasM1_the5ers";"Buy";"2025.07.03 16:00:00";"145.012";"0.26";"2025.07.04 03:33:00";"144.607";"-70.33";"23505.89";"OOS1";"TrailingStop";"-68.86";"34.00";"11h 33m";""
"78";"USDJPY_DukasM1_the5ers";"Buy";"2025.07.07 07:00:00";"144.840";"0.36";"2025.07.07 17:37:00";"145.788";"221.37";"23727.26";"OOS1";"PT";"-13.65";"223.17";"10h 37m";""
"79";"USDJPY_DukasM1_the5ers";"Buy";"2025.07.18 21:00:00";"148.722";"0.3";"2025.07.21 00:05:00";"148.367";"-71.34";"23655.92";"OOS1";"TrailingStop";"-162.43";"24.33";"2d 3h 5m";""
"80";"USDJPY_DukasM1_the5ers";"Buy";"2025.07.24 13:00:00";"146.562";"0.26";"2025.07.25 04:00:00";"147.206";"108.02";"23763.94";"OOS1";"Exit After X Bars";"-35.19";"132.61";"15h 0m";""
"81";"USDJPY_DukasM1_the5ers";"Buy";"2025.07.30 18:00:00";"148.935";"0.28";"2025.07.30 21:10:00";"148.623";"-58.53";"23705.42";"OOS1";"TrailingStop";"-57.13";"35.52";"3h 10m";""
"82";"USDJPY_DukasM1_the5ers";"Buy";"2025.08.11 16:00:00";"147.818";"0.36";"2025.08.12 07:00:00";"148.413";"138.03";"23843.45";"OOS1";"Exit After X Bars";"-7.77";"147.13";"15h 0m";""
"83";"USDJPY_DukasM1_the5ers";"Buy";"2025.08.18 05:00:00";"147.344";"0.34";"2025.08.18 20:00:00";"147.788";"97.02";"23940.47";"OOS1";"Exit After X Bars";"-50.25";"142.29";"15h 0m";""
"84";"USDJPY_DukasM1_the5ers";"Buy";"2025.08.27 04:00:00";"147.592";"0.34";"2025.08.27 18:03:00";"147.793";"42.99";"23983.46";"OOS1";"TrailingStop";"-17.56";"131.40";"14h 3m";""
"85";"USDJPY_DukasM1_the5ers";"Buy";"2025.09.01 17:00:00";"147.263";"0.38";"2025.09.02 08:00:00";"147.720";"111.41";"24094.87";"OOS1";"Exit After X Bars";"-57.90";"148.60";"15h 0m";""
"86";"USDJPY_DukasM1_the5ers";"Buy";"2025.09.03 16:00:00";"148.736";"0.29";"2025.09.03 17:03:00";"148.213";"-100.63";"23994.24";"OOS1";"SL";"-99.18";"11.38";"1h 3m";""
"87";"USDJPY_DukasM1_the5ers";"Buy";"2025.09.04 18:00:00";"148.748";"0.3";"2025.09.05 03:52:00";"148.244";"-100.57";"23893.67";"OOS1";"SL";"-98.87";"5.69";"9h 52m";""
"88";"USDJPY_DukasM1_the5ers";"Buy";"2025.09.11 10:00:00";"147.734";"0.42";"2025.09.11 15:30:00";"147.680";"-16.93";"23876.74";"OOS1";"TrailingStop";"-22.25";"122.22";"5h 30m";""
"89";"USDJPY_DukasM1_the5ers";"Buy";"2025.09.12 15:00:00";"147.847";"0.35";"2025.09.12 21:17:00";"147.491";"-83.23";"23793.51";"OOS1";"TrailingStop";"-81.48";"51.50";"6h 17m";""
"90";"USDJPY_DukasM1_the5ers";"Buy";"2025.09.22 04:00:00";"148.169";"0.35";"2025.09.22 09:47:00";"148.002";"-39.97";"23753.54";"OOS1";"TrailingStop";"-38.22";"47.38";"5h 47m";""
"91";"USDJPY_DukasM1_the5ers";"Buy";"2025.10.06 06:00:00";"149.880";"0.23";"2025.10.06 15:24:00";"149.838";"-7.47";"23746.07";"OOS1";"TrailingStop";"-9.17";"89.49";"9h 24m";""
"92";"USDJPY_DukasM1_the5ers";"Buy";"2025.10.21 06:00:00";"151.130";"0.3";"2025.10.21 17:00:00";"151.527";"76.38";"23822.45";"OOS1";"TrailingStop";"-53.36";"204.81";"11h 0m";""
"93";"USDJPY_DukasM1_the5ers";"Buy";"2025.10.22 17:00:00";"151.981";"0.32";"2025.10.22 19:32:00";"151.504";"-101.41";"23721.04";"OOS1";"SL";"-99.81";"5.65";"2h 32m";""
"94";"USDJPY_DukasM1_the5ers";"Buy";"2025.10.23 01:00:00";"151.901";"0.34";"2025.10.23 16:00:00";"152.532";"138.59";"23859.63";"OOS1";"Exit After X Bars";"-17.79";"198.10";"15h 0m";""
"95";"USDJPY_DukasM1_the5ers";"Buy";"2025.10.27 16:00:00";"153.117";"0.32";"2025.10.28 01:46:00";"152.642";"-101.21";"23758.43";"OOS1";"SL";"-99.40";"15.28";"9h 46m";""
"96";"USDJPY_DukasM1_the5ers";"Buy";"2025.10.29 21:00:00";"152.835";"0.25";"2025.10.30 05:03:00";"152.227";"-101.14";"23657.29";"OOS1";"SL";"-99.40";"36.62";"8h 3m";""
"97";"USDJPY_DukasM1_the5ers";"Buy";"2025.10.31 21:00:00";"154.098";"0.31";"2025.11.03 13:00:00";"154.167";"12.23";"23669.52";"OOS1";"Exit After X Bars";"-32.84";"37.71";"2d 16h 0m";""
"98";"USDJPY_DukasM1_the5ers";"Buy";"2025.11.03 14:00:00";"154.161";"0.42";"2025.11.03 17:00:00";"153.964";"-56.21";"23613.32";"OOS1";"TrailingStop";"-54.11";"37.08";"3h 0m";""
"99";"USDJPY_DukasM1_the5ers";"Buy";"2025.11.12 06:00:00";"154.355";"0.44";"2025.11.12 19:00:00";"154.626";"75.77";"23689.09";"OOS1";"TrailingStop";"-4.03";"198.24";"13h 0m";""
"100";"USDJPY_DukasM1_the5ers";"Buy";"2025.11.14 14:00:00";"154.668";"0.36";"2025.11.14 14:30:00";"154.248";"-100.67";"23588.42";"OOS1";"SL";"-98.87";"0.00";"30m 0s";""
"101";"USDJPY_DukasM1_the5ers";"Buy";"2025.11.28 02:00:00";"156.301";"0.45";"2025.11.28 04:32:00";"156.142";"-49.04";"23539.38";"OOS1";"TrailingStop";"-46.79";"82.69";"2h 32m";""
"102";"USDJPY_DukasM1_the5ers";"Buy";"2025.12.17 07:00:00";"155.146";"0.31";"2025.12.17 22:00:00";"155.639";"98.39";"23637.77";"OOS1";"Exit After X Bars";"-15.61";"110.07";"15h 0m";""
"103";"USDJPY_DukasM1_the5ers";"Buy";"2025.12.19 06:00:00";"155.883";"0.34";"2025.12.19 10:02:00";"156.876";"219.08";"23856.85";"OOS1";"PT";"-33.79";"220.78";"4h 2m";""
