"Ticket";"Symbol";"Type";"Open time";"Open price";"Size";"Close time";"Close price";"Profit/Loss";"Balance";"Sample type";"Close type";"MAE ($)";"MFE ($)";"Time in trade";"Comment"
"1";"USDJPY_DukasM1_the5ers";"Buy";"2003.12.10 09:00:00";"108.480";"0.23";"2003.12.11 18:00:00";"108.208";"-42.51";"9957.49";"IS";"Exit After X Bars";"-96.26";"36.10";"1d 9h 0m";""
"2";"USDJPY_DukasM1_the5ers";"Buy";"2003.12.31 19:00:00";"107.510";"0.34";"2004.01.01 14:00:00";"107.062";"-101.97";"9855.52";"IS";"SL";"-99.61";"46.69";"19h 0m";""
"3";"USDJPY_DukasM1_the5ers";"Buy";"2004.01.09 07:00:00";"107.350";"0.35";"2004.01.09 08:00:00";"106.914";"-101.54";"9753.98";"IS";"SL";"-99.79";"205.98";"1h 0m";""
"4";"USDJPY_DukasM1_the5ers";"Buy";"2004.01.16 17:00:00";"106.740";"0.25";"2004.01.19 06:00:00";"106.342";"-66.48";"9687.50";"IS";"TrailingStop";"-65.06";"42.50";"2d 13h 0m";""
"5";"USDJPY_DukasM1_the5ers";"Buy";"2004.01.19 10:00:00";"107.000";"0.23";"2004.01.20 09:00:00";"107.125";"17.50";"9705.00";"IS";"TrailingStop";"-21.06";"105.28";"23h 0m";""
"6";"USDJPY_DukasM1_the5ers";"Buy";"2004.01.20 16:00:00";"107.730";"0.18";"2004.01.21 00:00:00";"106.912";"-97.30";"9607.70";"IS";"SL";"-96.28";"21.19";"8h 0m";""
"7";"USDJPY_DukasM1_the5ers";"Buy";"2004.02.05 21:00:00";"105.950";"0.3";"2004.02.06 15:00:00";"106.203";"47.94";"9655.64";"IS";"TrailingStop";"-80.43";"166.75";"18h 0m";""
"8";"USDJPY_DukasM1_the5ers";"Buy";"2004.02.17 05:00:00";"105.710";"0.35";"2004.02.17 10:00:00";"105.510";"-47.52";"9608.11";"IS";"TrailingStop";"-45.77";"66.37";"5h 0m";""
"9";"USDJPY_DukasM1_the5ers";"Buy";"2004.02.18 17:00:00";"106.000";"0.29";"2004.02.19 01:00:00";"106.389";"71.75";"9679.86";"IS";"TrailingStop";"0.00";"212.39";"8h 0m";""
"10";"USDJPY_DukasM1_the5ers";"Buy";"2004.02.19 16:00:00";"107.120";"0.21";"2004.02.23 01:00:00";"108.913";"244.90";"9924.76";"IS";"Exit After X Bars";"-38.45";"304.86";"3d 9h 0m";""
"11";"USDJPY_DukasM1_the5ers";"Buy";"2004.02.23 02:00:00";"109.340";"0.17";"2004.02.23 08:00:00";"108.466";"-98.01";"9826.75";"IS";"SL";"-97.16";"4.45";"6h 0m";""
"12";"USDJPY_DukasM1_the5ers";"Buy";"2004.02.26 10:00:00";"109.380";"0.26";"2004.02.27 08:00:00";"109.207";"-30.88";"9795.86";"IS";"TrailingStop";"-29.41";"76.51";"22h 0m";""
"13";"USDJPY_DukasM1_the5ers";"Buy";"2004.03.02 17:00:00";"109.830";"0.32";"2004.03.03 17:00:00";"110.003";"34.39";"9830.26";"IS";"TrailingStop";"0.00";"144.39";"1d 0h 0m";""
"14";"USDJPY_DukasM1_the5ers";"Buy";"2004.03.04 11:00:00";"110.520";"0.29";"2004.03.05 12:00:00";"111.011";"91.47";"9921.73";"IS";"TrailingStop";"-13.27";"170.67";"1d 1h 0m";""
"15";"USDJPY_DukasM1_the5ers";"Buy";"2004.03.05 18:00:00";"111.420";"0.26";"2004.03.05 22:00:00";"111.567";"23.69";"9945.42";"IS";"TrailingStop";"-3.40";"147.92";"4h 0m";""
"16";"USDJPY_DukasM1_the5ers";"Buy";"2004.03.08 03:00:00";"112.290";"0.18";"2004.03.08 20:00:00";"111.481";"-96.12";"9849.30";"IS";"SL";"-95.22";"4.71";"17h 0m";""
"17";"USDJPY_DukasM1_the5ers";"Buy";"2004.04.06 06:00:00";"106.230";"0.19";"2004.04.06 09:00:00";"105.947";"-36.11";"9813.19";"IS";"TrailingStop";"-35.16";"121.76";"3h 0m";""
"18";"USDJPY_DukasM1_the5ers";"Buy";"2004.04.13 17:00:00";"106.756";"0.21";"2004.04.15 02:00:00";"108.648";"258.22";"10071.40";"IS";"Exit After X Bars";"-36.53";"306.78";"1d 9h 0m";""
"19";"USDJPY_DukasM1_the5ers";"Buy";"2004.04.15 06:00:00";"108.990";"0.16";"2004.04.16 00:00:00";"108.088";"-95.28";"9976.12";"IS";"SL";"-94.37";"29.30";"18h 0m";""
"20";"USDJPY_DukasM1_the5ers";"Buy";"2004.04.21 11:00:00";"109.270";"0.17";"2004.04.21 17:00:00";"108.995";"-31.42";"9944.70";"IS";"TrailingStop";"-30.57";"55.58";"6h 0m";""
"21";"USDJPY_DukasM1_the5ers";"Buy";"2004.04.22 17:00:00";"109.770";"0.17";"2004.04.23 09:00:00";"109.251";"-58.66";"9886.05";"IS";"TrailingStop";"-57.70";"14.45";"16h 0m";""
"22";"USDJPY_DukasM1_the5ers";"Buy";"2004.04.28 17:00:00";"109.870";"0.2";"2004.04.29 16:00:00";"110.204";"42.29";"9928.34";"IS";"TrailingStop";"-27.46";"154.33";"23h 0m";""
"23";"USDJPY_DukasM1_the5ers";"Buy";"2004.05.07 12:00:00";"110.720";"0.2";"2004.05.10 08:00:00";"113.154";"317.20";"10245.53";"IS";"PT";"-87.76";"318.33";"2d 20h 0m";""
"24";"USDJPY_DukasM1_the5ers";"Buy";"2004.05.13 09:00:00";"114.160";"0.18";"2004.05.14 16:00:00";"114.220";"6.04";"10251.58";"IS";"TrailingStop";"-48.26";"83.81";"1d 7h 0m";""
"25";"USDJPY_DukasM1_the5ers";"Buy";"2004.06.03 13:00:00";"111.013";"0.18";"2004.06.04 15:00:00";"110.677";"-40.57";"10211.01";"IS";"TrailingStop";"-39.55";"107.82";"1d 2h 0m";""
"26";"USDJPY_DukasM1_the5ers";"Buy";"2004.06.14 04:00:00";"110.600";"0.18";"2004.06.14 12:00:00";"110.488";"-14.08";"10196.93";"IS";"TrailingStop";"-13.18";"56.50";"8h 0m";""
"27";"USDJPY_DukasM1_the5ers";"Buy";"2004.06.30 09:00:00";"108.780";"0.21";"2004.06.30 21:00:00";"108.901";"15.57";"10212.49";"IS";"TrailingStop";"-38.45";"113.98";"12h 0m";""
"28";"USDJPY_DukasM1_the5ers";"Buy";"2004.07.06 04:00:00";"109.610";"0.2";"2004.07.06 14:00:00";"109.178";"-57.50";"10155.00";"IS";"TrailingStop";"-56.50";"17.00";"10h 0m";""
"29";"USDJPY_DukasM1_the5ers";"Buy";"2004.07.13 17:00:00";"109.180";"0.23";"2004.07.13 21:00:00";"108.860";"-49.28";"10105.72";"IS";"TrailingStop";"-48.13";"36.10";"4h 0m";""
"30";"USDJPY_DukasM1_the5ers";"Buy";"2004.07.14 10:00:00";"109.420";"0.19";"2004.07.14 16:00:00";"108.651";"-96.49";"10009.22";"IS";"SL";"-95.54";"7.45";"6h 0m";""
"31";"USDJPY_DukasM1_the5ers";"Buy";"2004.07.15 06:00:00";"109.480";"0.19";"2004.07.15 14:00:00";"109.141";"-43.07";"9966.15";"IS";"TrailingStop";"-42.12";"17.39";"8h 0m";""
"32";"USDJPY_DukasM1_the5ers";"Buy";"2004.07.15 18:00:00";"109.620";"0.21";"2004.07.16 06:00:00";"109.432";"-27.00";"9939.15";"IS";"TrailingStop";"-25.82";"56.44";"12h 0m";""
"33";"USDJPY_DukasM1_the5ers";"Buy";"2004.07.21 17:00:00";"110.031";"0.25";"2004.07.22 10:00:00";"109.532";"-83.32";"9855.83";"IS";"TrailingStop";"-81.58";"48.88";"17h 0m";""
"34";"USDJPY_DukasM1_the5ers";"Buy";"2004.07.27 16:00:00";"110.254";"0.24";"2004.07.29 01:00:00";"111.708";"226.36";"10082.20";"IS";"Exit After X Bars";"0.00";"258.32";"1d 9h 0m";""
"35";"USDJPY_DukasM1_the5ers";"Buy";"2004.07.29 11:00:00";"111.900";"0.23";"2004.07.29 17:00:00";"111.832";"-11.38";"10070.82";"IS";"TrailingStop";"-10.23";"94.75";"6h 0m";""
"36";"USDJPY_DukasM1_the5ers";"Buy";"2004.08.05 22:00:00";"111.750";"0.24";"2004.08.06 15:00:00";"111.447";"-48.91";"10021.91";"IS";"TrailingStop";"-47.55";"25.11";"17h 0m";""
"37";"USDJPY_DukasM1_the5ers";"Buy";"2004.08.13 02:00:00";"111.490";"0.24";"2004.08.13 15:00:00";"111.468";"-4.65";"10017.26";"IS";"TrailingStop";"-3.45";"94.16";"13h 0m";""
"38";"USDJPY_DukasM1_the5ers";"Buy";"2004.08.25 12:00:00";"110.070";"0.25";"2004.08.25 16:00:00";"109.842";"-38.52";"9978.73";"IS";"TrailingStop";"-37.27";"68.66";"4h 0m";""
"39";"USDJPY_DukasM1_the5ers";"Buy";"2004.09.03 17:00:00";"110.220";"0.24";"2004.09.06 09:00:00";"110.176";"-8.26";"9970.47";"IS";"TrailingStop";"-6.91";"74.55";"2d 16h 0m";""
"40";"USDJPY_DukasM1_the5ers";"Buy";"2004.09.13 14:00:00";"110.288";"0.26";"2004.09.14 10:00:00";"109.710";"-99.74";"9870.73";"IS";"SL";"-98.27";"12.24";"20h 0m";""
"41";"USDJPY_DukasM1_the5ers";"Buy";"2004.09.15 18:00:00";"110.360";"0.27";"2004.09.16 10:00:00";"109.796";"-101.46";"9769.27";"IS";"SL";"-99.58";"5.30";"16h 0m";""
"42";"USDJPY_DukasM1_the5ers";"Buy";"2004.09.22 12:00:00";"110.243";"0.3";"2004.09.23 14:00:00";"110.467";"41.85";"9811.13";"IS";"TrailingStop";"0.00";"134.77";"1d 2h 0m";""
"43";"USDJPY_DukasM1_the5ers";"Buy";"2004.09.27 09:00:00";"110.930";"0.3";"2004.09.28 18:00:00";"111.458";"101.88";"9913.01";"IS";"Exit After X Bars";"-43.16";"154.98";"1d 9h 0m";""
"44";"USDJPY_DukasM1_the5ers";"Buy";"2004.10.05 17:00:00";"111.250";"0.29";"2004.10.07 02:00:00";"111.348";"16.38";"9929.39";"IS";"Exit After X Bars";"-54.99";"39.82";"1d 9h 0m";""
"45";"USDJPY_DukasM1_the5ers";"Buy";"2004.11.10 16:00:00";"106.598";"0.31";"2004.11.11 10:00:00";"106.794";"37.57";"9966.96";"IS";"TrailingStop";"0.00";"140.28";"18h 0m";""
"46";"USDJPY_DukasM1_the5ers";"Buy";"2004.12.02 18:00:00";"103.360";"0.25";"2004.12.03 14:00:00";"103.065";"-49.64";"9917.32";"IS";"TrailingStop";"-65.39";"37.60";"20h 0m";""
"47";"USDJPY_DukasM1_the5ers";"Buy";"2004.12.08 08:00:00";"103.590";"0.23";"2004.12.08 19:00:00";"104.221";"93.75";"10011.07";"IS";"TrailingStop";"-40.61";"207.55";"11h 0m";""
"48";"USDJPY_DukasM1_the5ers";"Buy";"2004.12.09 19:00:00";"104.970";"0.18";"2004.12.10 17:00:00";"105.373";"46.42";"10057.49";"IS";"TrailingStop";"-88.28";"142.42";"22h 0m";""
"49";"USDJPY_DukasM1_the5ers";"Buy";"2004.12.29 16:00:00";"104.270";"0.27";"2004.12.30 00:00:00";"103.715";"-99.87";"9957.62";"IS";"SL";"-97.99";"1.77";"8h 0m";""
"50";"USDJPY_DukasM1_the5ers";"Buy";"2005.01.04 17:00:00";"104.280";"0.21";"2005.01.05 15:00:00";"104.212";"-10.53";"9947.10";"IS";"TrailingStop";"-21.97";"100.25";"22h 0m";""
"51";"USDJPY_DukasM1_the5ers";"Buy";"2005.01.06 12:00:00";"105.010";"0.19";"2005.01.07 07:00:00";"104.519";"-62.08";"9885.02";"IS";"TrailingStop";"-61.00";"21.12";"19h 0m";""
"52";"USDJPY_DukasM1_the5ers";"Buy";"2005.01.20 10:00:00";"102.980";"0.25";"2005.01.21 16:00:00";"103.429";"71.99";"9957.01";"IS";"TrailingStop";"-49.04";"152.04";"1d 6h 0m";""
"53";"USDJPY_DukasM1_the5ers";"Buy";"2005.01.25 17:00:00";"103.910";"0.29";"2005.01.26 02:00:00";"103.781";"-26.10";"9930.91";"IS";"TrailingStop";"-24.46";"79.65";"9h 0m";""
"54";"USDJPY_DukasM1_the5ers";"Buy";"2005.02.01 08:00:00";"103.780";"0.27";"2005.02.01 19:00:00";"103.708";"-14.06";"9916.84";"IS";"TrailingStop";"-30.01";"52.97";"11h 0m";""
"55";"USDJPY_DukasM1_the5ers";"Buy";"2005.02.02 18:00:00";"104.080";"0.31";"2005.02.02 23:00:00";"103.592";"-100.47";"9816.37";"IS";"SL";"-98.92";"0.00";"5h 0m";""
"56";"USDJPY_DukasM1_the5ers";"Buy";"2005.02.03 02:00:00";"104.080";"0.29";"2005.02.03 13:00:00";"103.821";"-50.57";"9765.80";"IS";"TrailingStop";"-49.12";"36.03";"11h 0m";""
"57";"USDJPY_DukasM1_the5ers";"Buy";"2005.02.03 14:00:00";"104.270";"0.26";"2005.02.04 11:00:00";"104.231";"-8.10";"9757.70";"IS";"TrailingStop";"-15.30";"78.21";"21h 0m";""
"58";"USDJPY_DukasM1_the5ers";"Buy";"2005.02.07 19:00:00";"104.730";"0.23";"2005.02.09 01:00:00";"105.469";"109.70";"9867.40";"IS";"TrailingStop";"-1.50";"181.99";"1d 6h 0m";""
"59";"USDJPY_DukasM1_the5ers";"Buy";"2005.02.09 16:00:00";"105.940";"0.25";"2005.02.10 16:00:00";"106.059";"17.71";"9885.11";"IS";"TrailingStop";"-76.84";"148.77";"1d 0h 0m";""
"60";"USDJPY_DukasM1_the5ers";"Buy";"2005.02.18 18:00:00";"105.790";"0.29";"2005.02.22 03:00:00";"105.528";"-51.51";"9833.60";"IS";"Exit After X Bars";"-79.65";"15.17";"3d 9h 0m";""
"61";"USDJPY_DukasM1_the5ers";"Buy";"2005.03.03 20:00:00";"105.293";"0.29";"2005.03.04 15:00:00";"105.171";"-24.78";"9808.82";"IS";"TrailingStop";"-23.14";"52.53";"19h 0m";""
"62";"USDJPY_DukasM1_the5ers";"Buy";"2005.03.14 19:00:00";"105.140";"0.24";"2005.03.15 02:00:00";"104.753";"-62.09";"9746.73";"IS";"TrailingStop";"-60.74";"6.28";"7h 0m";""
"63";"USDJPY_DukasM1_the5ers";"Buy";"2005.03.21 04:00:00";"105.050";"0.35";"2005.03.21 17:00:00";"105.071";"3.06";"9749.79";"IS";"TrailingStop";"-73.24";"100.70";"13h 0m";""
"64";"USDJPY_DukasM1_the5ers";"Buy";"2005.03.22 21:00:00";"105.490";"0.31";"2005.03.24 06:00:00";"106.159";"133.26";"9883.04";"IS";"Exit After X Bars";"-50.48";"190.75";"1d 9h 0m";""
"65";"USDJPY_DukasM1_the5ers";"Buy";"2005.03.28 01:00:00";"106.561";"0.36";"2005.03.29 09:00:00";"106.921";"82.71";"9965.75";"IS";"TrailingStop";"-28.25";"190.68";"1d 8h 0m";""
"66";"USDJPY_DukasM1_the5ers";"Buy";"2005.03.29 15:00:00";"107.371";"0.25";"2005.03.30 04:00:00";"107.171";"-34.11";"9931.64";"IS";"TrailingStop";"-32.70";"52.31";"13h 0m";""
"67";"USDJPY_DukasM1_the5ers";"Buy";"2005.04.01 18:00:00";"107.691";"0.22";"2005.04.05 02:00:00";"108.289";"84.64";"10016.29";"IS";"Exit After X Bars";"-28.77";"105.02";"3d 8h 0m";""
"68";"USDJPY_DukasM1_the5ers";"Buy";"2005.05.09 13:00:00";"105.420";"0.26";"2005.05.10 14:00:00";"105.589";"27.26";"10043.55";"IS";"TrailingStop";"-3.40";"91.81";"1d 1h 0m";""
"69";"USDJPY_DukasM1_the5ers";"Buy";"2005.05.12 04:00:00";"105.960";"0.24";"2005.05.13 13:00:00";"107.103";"178.03";"10221.58";"IS";"Exit After X Bars";"-4.71";"187.86";"1d 9h 0m";""
"70";"USDJPY_DukasM1_the5ers";"Buy";"2005.05.18 04:00:00";"107.780";"0.26";"2005.05.18 15:00:00";"107.196";"-100.59";"10120.98";"IS";"SL";"-99.29";"1.70";"11h 0m";""
"71";"USDJPY_DukasM1_the5ers";"Buy";"2005.05.20 15:00:00";"107.790";"0.31";"2005.05.23 11:00:00";"107.913";"23.18";"10144.17";"IS";"TrailingStop";"0.00";"103.38";"2d 20h 0m";""
"72";"USDJPY_DukasM1_the5ers";"Buy";"2005.05.26 15:00:00";"108.300";"0.27";"2005.05.27 07:00:00";"107.746";"-99.34";"10044.83";"IS";"SL";"-97.81";"0.00";"16h 0m";""
"73";"USDJPY_DukasM1_the5ers";"Buy";"2005.05.31 07:00:00";"108.300";"0.35";"2005.05.31 11:00:00";"108.008";"-68.58";"9976.24";"IS";"TrailingStop";"-66.83";"27.46";"4h 0m";""
"74";"USDJPY_DukasM1_the5ers";"Buy";"2005.05.31 21:00:00";"108.420";"0.25";"2005.06.01 03:00:00";"108.175";"-41.47";"9934.78";"IS";"TrailingStop";"-40.05";"31.06";"6h 0m";""
"75";"USDJPY_DukasM1_the5ers";"Buy";"2005.06.01 11:00:00";"108.610";"0.26";"2005.06.01 17:00:00";"108.395";"-37.85";"9896.92";"IS";"TrailingStop";"-36.55";"42.50";"6h 0m";""
"76";"USDJPY_DukasM1_the5ers";"Buy";"2005.06.01 23:00:00";"108.860";"0.24";"2005.06.02 11:00:00";"108.221";"-101.96";"9794.97";"IS";"SL";"-100.29";"1.57";"12h 0m";""
"77";"USDJPY_DukasM1_the5ers";"Buy";"2005.06.10 15:00:00";"107.760";"0.3";"2005.06.13 13:00:00";"109.396";"319.25";"10114.22";"IS";"PT";"-22.36";"320.94";"2d 22h 0m";""
"78";"USDJPY_DukasM1_the5ers";"Buy";"2005.06.15 15:00:00";"109.680";"0.29";"2005.06.15 19:00:00";"109.164";"-99.30";"10014.91";"IS";"SL";"-97.85";"11.38";"4h 0m";""
"79";"USDJPY_DukasM1_the5ers";"Buy";"2005.06.28 02:00:00";"109.460";"0.28";"2005.06.29 03:00:00";"109.708";"43.83";"10058.74";"IS";"TrailingStop";"-20.14";"119.01";"1d 1h 0m";""
"80";"USDJPY_DukasM1_the5ers";"Buy";"2005.06.29 04:00:00";"110.110";"0.29";"2005.06.30 07:00:00";"110.166";"8.60";"10067.34";"IS";"TrailingStop";"-30.34";"104.30";"1d 3h 0m";""
"81";"USDJPY_DukasM1_the5ers";"Buy";"2005.06.30 12:00:00";"110.660";"0.26";"2005.07.01 12:00:00";"110.786";"19.95";"10087.29";"IS";"TrailingStop";"-17.00";"98.10";"1d 0h 0m";""
"82";"USDJPY_DukasM1_the5ers";"Buy";"2005.07.05 09:00:00";"111.910";"0.27";"2005.07.05 18:00:00";"111.627";"-51.32";"10035.98";"IS";"TrailingStop";"-49.97";"37.08";"9h 0m";""
"83";"USDJPY_DukasM1_the5ers";"Buy";"2005.07.06 19:00:00";"112.120";"0.27";"2005.07.07 12:00:00";"111.914";"-38.25";"9997.72";"IS";"TrailingStop";"-36.37";"42.37";"17h 0m";""
"84";"USDJPY_DukasM1_the5ers";"Buy";"2005.07.08 03:00:00";"112.360";"0.26";"2005.07.08 16:00:00";"112.072";"-50.27";"9947.46";"IS";"TrailingStop";"-48.97";"29.07";"13h 0m";""
"85";"USDJPY_DukasM1_the5ers";"Buy";"2005.07.14 21:00:00";"112.374";"0.26";"2005.07.15 09:00:00";"111.982";"-68.12";"9879.34";"IS";"TrailingStop";"-66.65";"7.82";"12h 0m";""
"86";"USDJPY_DukasM1_the5ers";"Buy";"2005.07.19 10:00:00";"112.420";"0.31";"2005.07.20 13:00:00";"112.791";"73.45";"9952.80";"IS";"TrailingStop";"0.00";"162.17";"1d 3h 0m";""
"87";"USDJPY_DukasM1_the5ers";"Buy";"2005.07.20 19:00:00";"113.220";"0.29";"2005.07.20 20:00:00";"113.001";"-42.98";"9909.82";"IS";"TrailingStop";"-41.53";"64.48";"1h 0m";""
"88";"USDJPY_DukasM1_the5ers";"Buy";"2005.07.28 11:00:00";"112.820";"0.24";"2005.07.28 16:00:00";"112.190";"-100.07";"9809.74";"IS";"SL";"-98.87";"7.85";"5h 0m";""
"89";"USDJPY_DukasM1_the5ers";"Buy";"2005.08.18 03:00:00";"110.090";"0.22";"2005.08.18 05:00:00";"109.806";"-41.96";"9767.79";"IS";"TrailingStop";"-58.98";"33.09";"2h 0m";""
"90";"USDJPY_DukasM1_the5ers";"Buy";"2005.08.18 12:00:00";"110.320";"0.19";"2005.08.19 14:00:00";"110.409";"9.98";"9777.77";"IS";"TrailingStop";"-11.18";"61.00";"1d 2h 0m";""
"91";"USDJPY_DukasM1_the5ers";"Buy";"2005.08.30 01:00:00";"110.760";"0.24";"2005.08.30 18:00:00";"111.079";"48.86";"9826.63";"IS";"TrailingStop";"-45.51";"131.83";"17h 0m";""
"92";"USDJPY_DukasM1_the5ers";"Buy";"2005.08.31 13:00:00";"111.600";"0.21";"2005.08.31 15:00:00";"111.247";"-49.53";"9777.11";"IS";"TrailingStop";"-48.48";"24.72";"2h 0m";""
"93";"USDJPY_DukasM1_the5ers";"Buy";"2005.09.13 11:00:00";"110.734";"0.19";"2005.09.14 04:00:00";"110.453";"-35.99";"9741.12";"IS";"TrailingStop";"-34.91";"39.26";"17h 0m";""
"94";"USDJPY_DukasM1_the5ers";"Buy";"2005.09.16 16:00:00";"111.050";"0.24";"2005.09.19 14:00:00";"111.230";"26.89";"9768.01";"IS";"TrailingStop";"-4.71";"100.44";"2d 22h 0m";""
"95";"USDJPY_DukasM1_the5ers";"Buy";"2005.09.20 19:00:00";"111.690";"0.25";"2005.09.21 08:00:00";"111.555";"-23.48";"9744.53";"IS";"TrailingStop";"-62.12";"60.49";"13h 0m";""
"96";"USDJPY_DukasM1_the5ers";"Buy";"2005.09.23 17:00:00";"112.060";"0.23";"2005.09.26 22:00:00";"112.174";"15.85";"9760.38";"IS";"TrailingStop";"0.00";"79.71";"3d 5h 0m";""
"97";"USDJPY_DukasM1_the5ers";"Buy";"2005.09.27 04:00:00";"112.590";"0.31";"2005.09.28 08:00:00";"113.013";"84.00";"9844.37";"IS";"TrailingStop";"-2.03";"184.47";"1d 4h 0m";""
"98";"USDJPY_DukasM1_the5ers";"Buy";"2005.09.30 19:00:00";"113.500";"0.26";"2005.10.04 04:00:00";"114.208";"118.73";"9963.11";"IS";"Exit After X Bars";"-25.50";"146.22";"3d 9h 0m";""
"99";"USDJPY_DukasM1_the5ers";"Buy";"2005.10.04 18:00:00";"114.380";"0.3";"2005.10.05 05:00:00";"113.870";"-101.75";"9861.36";"IS";"SL";"-100.05";"7.85";"11h 0m";""
"100";"USDJPY_DukasM1_the5ers";"Buy";"2005.10.11 16:00:00";"114.310";"0.3";"2005.10.12 15:00:00";"114.359";"7.92";"9869.28";"IS";"TrailingStop";"-25.50";"88.28";"23h 0m";""
"101";"USDJPY_DukasM1_the5ers";"Buy";"2005.10.13 04:00:00";"114.760";"0.3";"2005.10.13 18:00:00";"114.661";"-20.92";"9848.36";"IS";"TrailingStop";"-27.46";"62.78";"14h 0m";""
"102";"USDJPY_DukasM1_the5ers";"Buy";"2005.10.18 00:00:00";"115.080";"0.24";"2005.10.19 09:00:00";"115.938";"133.30";"9981.65";"IS";"Exit After X Bars";"-1.57";"141.25";"1d 9h 0m";""
"103";"USDJPY_DukasM1_the5ers";"Buy";"2005.10.24 02:00:00";"115.980";"0.25";"2005.10.24 15:00:00";"115.389";"-97.87";"9883.79";"IS";"SL";"-96.62";"1.63";"13h 0m";""
"104";"USDJPY_DukasM1_the5ers";"Buy";"2005.10.27 01:00:00";"115.990";"0.28";"2005.10.27 02:00:00";"115.765";"-42.60";"9841.19";"IS";"TrailingStop";"-41.20";"45.77";"1h 0m";""
"105";"USDJPY_DukasM1_the5ers";"Buy";"2005.10.31 15:00:00";"116.240";"0.27";"2005.11.02 00:00:00";"116.758";"89.75";"9930.94";"IS";"Exit After X Bars";"-26.48";"93.58";"1d 9h 0m";""
"106";"USDJPY_DukasM1_the5ers";"Buy";"2005.11.03 17:00:00";"117.100";"0.39";"2005.11.03 22:00:00";"117.076";"-8.07";"9922.87";"IS";"TrailingStop";"-6.12";"76.51";"5h 0m";""
"107";"USDJPY_DukasM1_the5ers";"Buy";"2005.11.04 02:00:00";"117.400";"0.35";"2005.11.04 15:00:00";"117.440";"7.40";"9930.28";"IS";"TrailingStop";"-18.31";"91.55";"13h 0m";""
"108";"USDJPY_DukasM1_the5ers";"Buy";"2005.11.04 17:00:00";"117.800";"0.3";"2005.11.07 03:00:00";"117.964";"30.48";"9960.75";"IS";"TrailingStop";"0.00";"114.57";"2d 10h 0m";""
"109";"USDJPY_DukasM1_the5ers";"Buy";"2005.11.14 12:00:00";"118.290";"0.3";"2005.11.15 18:00:00";"118.961";"129.94";"10090.69";"IS";"TrailingStop";"0.00";"219.72";"1d 6h 0m";""
"110";"USDJPY_DukasM1_the5ers";"Buy";"2005.11.16 12:00:00";"119.410";"0.32";"2005.11.16 15:00:00";"119.160";"-53.91";"10036.78";"IS";"TrailingStop";"-52.31";"31.39";"3h 0m";""
"111";"USDJPY_DukasM1_the5ers";"Buy";"2005.11.25 16:00:00";"119.510";"0.27";"2005.11.28 17:00:00";"119.634";"20.37";"10057.15";"IS";"TrailingStop";"-5.83";"74.15";"3d 1h 0m";""
"112";"USDJPY_DukasM1_the5ers";"Buy";"2005.12.01 11:00:00";"119.930";"0.31";"2005.12.02 16:00:00";"120.574";"128.80";"10185.94";"IS";"TrailingStop";"-38.52";"203.12";"1d 5h 0m";""
"113";"USDJPY_DukasM1_the5ers";"Buy";"2005.12.05 01:00:00";"121.185";"0.25";"2005.12.05 14:00:00";"120.947";"-40.16";"10145.78";"IS";"TrailingStop";"-46.59";"31.88";"13h 0m";""
"114";"USDJPY_DukasM1_the5ers";"Buy";"2005.12.28 18:00:00";"117.480";"0.35";"2005.12.30 03:00:00";"118.003";"117.03";"10262.82";"IS";"Exit After X Bars";"0.00";"123.82";"1d 9h 0m";""
"115";"USDJPY_DukasM1_the5ers";"Buy";"2006.01.16 15:00:00";"114.880";"0.26";"2006.01.17 04:00:00";"114.881";"-1.30";"10261.52";"IS";"TrailingStop";"-6.80";"64.61";"13h 0m";""
"116";"USDJPY_DukasM1_the5ers";"Buy";"2006.01.17 13:00:00";"115.260";"0.26";"2006.01.17 22:00:00";"115.416";"25.22";"10286.74";"IS";"TrailingStop";"-25.50";"113.91";"9h 0m";""
"117";"USDJPY_DukasM1_the5ers";"Buy";"2006.01.25 16:00:00";"115.652";"0.28";"2006.01.27 01:00:00";"116.493";"151.85";"10438.59";"IS";"Exit After X Bars";"-38.82";"173.58";"1d 9h 0m";""
"118";"USDJPY_DukasM1_the5ers";"Buy";"2006.01.27 12:00:00";"116.600";"0.29";"2006.01.27 15:00:00";"116.459";"-28.19";"10410.40";"IS";"TrailingStop";"-26.74";"49.87";"3h 0m";""
"119";"USDJPY_DukasM1_the5ers";"Buy";"2006.01.27 17:00:00";"116.863";"0.25";"2006.01.31 02:00:00";"117.628";"123.49";"10533.89";"IS";"Exit After X Bars";"-6.05";"154.82";"3d 9h 0m";""
"120";"USDJPY_DukasM1_the5ers";"Buy";"2006.02.01 18:00:00";"117.810";"0.27";"2006.02.02 18:00:00";"118.243";"74.57";"10608.46";"IS";"TrailingStop";"0.00";"148.31";"1d 0h 0m";""
"121";"USDJPY_DukasM1_the5ers";"Buy";"2006.02.03 13:00:00";"118.650";"0.35";"2006.02.03 18:00:00";"118.917";"59.36";"10667.82";"IS";"TrailingStop";"-34.79";"165.70";"5h 0m";""
"122";"USDJPY_DukasM1_the5ers";"Buy";"2006.02.16 15:00:00";"118.250";"0.28";"2006.02.16 22:00:00";"117.705";"-101.19";"10566.63";"IS";"SL";"-99.79";"0.92";"7h 0m";""
"123";"USDJPY_DukasM1_the5ers";"Buy";"2006.02.17 11:00:00";"118.277";"0.26";"2006.02.17 17:00:00";"118.401";"19.78";"10586.41";"IS";"TrailingStop";"-25.84";"96.06";"6h 0m";""
"124";"USDJPY_DukasM1_the5ers";"Buy";"2006.02.21 13:00:00";"118.842";"0.36";"2006.02.21 21:00:00";"118.665";"-43.47";"10542.95";"IS";"TrailingStop";"-41.67";"36.02";"8h 0m";""
"125";"USDJPY_DukasM1_the5ers";"Buy";"2006.03.03 02:00:00";"116.475";"0.29";"2006.03.06 01:00:00";"116.181";"-57.39";"10485.55";"IS";"TrailingStop";"-55.75";"56.32";"2d 23h 0m";""
"126";"USDJPY_DukasM1_the5ers";"Buy";"2006.03.06 05:00:00";"116.772";"0.26";"2006.03.07 14:00:00";"117.908";"191.67";"10677.22";"IS";"Exit After X Bars";"0.00";"215.58";"1d 9h 0m";""
"127";"USDJPY_DukasM1_the5ers";"Buy";"2006.03.09 07:00:00";"118.040";"0.31";"2006.03.09 08:00:00";"117.904";"-29.12";"10648.10";"IS";"TrailingStop";"-27.57";"50.68";"1h 0m";""
"128";"USDJPY_DukasM1_the5ers";"Buy";"2006.03.09 19:00:00";"118.290";"0.23";"2006.03.10 09:00:00";"118.184";"-17.24";"10630.86";"IS";"TrailingStop";"-40.01";"58.51";"14h 0m";""
"129";"USDJPY_DukasM1_the5ers";"Buy";"2006.03.10 15:00:00";"118.679";"0.25";"2006.03.13 22:00:00";"118.813";"20.49";"10651.35";"IS";"TrailingStop";"-42.67";"82.72";"3d 7h 0m";""
"130";"USDJPY_DukasM1_the5ers";"Buy";"2006.03.23 17:00:00";"117.390";"0.29";"2006.03.24 17:00:00";"117.954";"105.32";"10756.67";"IS";"TrailingStop";"-1.90";"203.67";"1d 0h 0m";""
"131";"USDJPY_DukasM1_the5ers";"Buy";"2006.04.03 03:00:00";"118.210";"0.26";"2006.04.03 17:00:00";"118.128";"-15.24";"10741.43";"IS";"TrailingStop";"-51.01";"98.61";"14h 0m";""
"132";"USDJPY_DukasM1_the5ers";"Buy";"2006.04.07 17:00:00";"117.975";"0.28";"2006.04.10 06:00:00";"117.937";"-8.54";"10732.89";"IS";"TrailingStop";"-6.96";"74.89";"2d 13h 0m";""
"133";"USDJPY_DukasM1_the5ers";"Buy";"2006.04.10 12:00:00";"118.384";"0.31";"2006.04.11 00:00:00";"118.301";"-18.58";"10714.31";"IS";"TrailingStop";"-19.06";"62.03";"12h 0m";""
"134";"USDJPY_DukasM1_the5ers";"Buy";"2006.04.11 13:00:00";"118.690";"0.35";"2006.04.11 19:00:00";"118.473";"-51.42";"10662.89";"IS";"TrailingStop";"-49.67";"45.77";"6h 0m";""
"135";"USDJPY_DukasM1_the5ers";"Buy";"2006.05.17 21:00:00";"110.850";"0.21";"2006.05.18 04:00:00";"110.563";"-40.87";"10622.02";"IS";"TrailingStop";"-39.41";"66.60";"7h 0m";""
"136";"USDJPY_DukasM1_the5ers";"Buy";"2006.05.19 10:00:00";"111.335";"0.19";"2006.05.22 16:00:00";"112.274";"115.59";"10737.61";"IS";"TrailingStop";"0.00";"199.41";"3d 6h 0m";""
"137";"USDJPY_DukasM1_the5ers";"Buy";"2006.05.24 18:00:00";"112.940";"0.16";"2006.05.25 15:00:00";"112.007";"-98.73";"10638.88";"IS";"SL";"-97.62";"4.19";"21h 0m";""
"138";"USDJPY_DukasM1_the5ers";"Buy";"2006.06.01 10:00:00";"112.780";"0.21";"2006.06.01 17:00:00";"112.765";"-3.11";"10635.77";"IS";"TrailingStop";"-23.34";"80.33";"7h 0m";""
"139";"USDJPY_DukasM1_the5ers";"Buy";"2006.06.06 17:00:00";"113.365";"0.27";"2006.06.06 19:00:00";"113.079";"-51.85";"10583.93";"IS";"TrailingStop";"-50.50";"34.43";"2h 0m";""
"140";"USDJPY_DukasM1_the5ers";"Buy";"2006.06.07 16:00:00";"113.560";"0.26";"2006.06.09 01:00:00";"114.048";"80.99";"10664.92";"IS";"Exit After X Bars";"-52.71";"197.22";"1d 9h 0m";""
"141";"USDJPY_DukasM1_the5ers";"Buy";"2006.06.13 10:00:00";"114.720";"0.3";"2006.06.14 09:00:00";"114.990";"51.27";"10716.19";"IS";"TrailingStop";"-82.39";"143.21";"23h 0m";""
"142";"USDJPY_DukasM1_the5ers";"Buy";"2006.06.19 03:00:00";"115.450";"0.32";"2006.06.19 18:00:00";"115.359";"-20.64";"10695.54";"IS";"TrailingStop";"-19.04";"64.87";"15h 0m";""
"143";"USDJPY_DukasM1_the5ers";"Buy";"2006.06.22 16:00:00";"115.760";"0.33";"2006.06.23 09:00:00";"115.866";"21.01";"10716.55";"IS";"TrailingStop";"-3.24";"111.13";"17h 0m";""
"144";"USDJPY_DukasM1_the5ers";"Buy";"2006.06.23 12:00:00";"116.275";"0.31";"2006.06.23 16:00:00";"116.098";"-37.43";"10679.12";"IS";"TrailingStop";"-35.88";"60.21";"4h 0m";""
"145";"USDJPY_DukasM1_the5ers";"Buy";"2006.06.23 22:00:00";"116.572";"0.29";"2006.06.27 02:00:00";"116.053";"-100.25";"10578.87";"IS";"SL";"-98.42";"0.19";"3d 4h 0m";""
"146";"USDJPY_DukasM1_the5ers";"Buy";"2006.06.27 13:00:00";"116.573";"0.31";"2006.06.27 16:00:00";"116.080";"-101.49";"10477.38";"IS";"SL";"-99.94";"24.73";"3h 0m";""
"147";"USDJPY_DukasM1_the5ers";"Buy";"2006.07.14 04:00:00";"115.720";"0.33";"2006.07.14 07:00:00";"115.520";"-44.81";"10432.57";"IS";"TrailingStop";"-43.16";"77.47";"3h 0m";""
"148";"USDJPY_DukasM1_the5ers";"Buy";"2006.07.14 16:00:00";"116.134";"0.26";"2006.07.17 13:00:00";"116.619";"80.99";"10513.56";"IS";"TrailingStop";"-13.94";"142.14";"2d 21h 0m";""
"149";"USDJPY_DukasM1_the5ers";"Buy";"2006.07.18 17:00:00";"117.280";"0.29";"2006.07.19 17:00:00";"117.491";"38.37";"10551.94";"IS";"TrailingStop";"-18.96";"111.89";"1d 0h 0m";""
"150";"USDJPY_DukasM1_the5ers";"Buy";"2006.07.25 18:00:00";"117.130";"0.33";"2006.07.26 07:00:00";"116.965";"-37.47";"10514.46";"IS";"TrailingStop";"-35.61";"56.11";"13h 0m";""
"151";"USDJPY_DukasM1_the5ers";"Buy";"2006.08.09 01:00:00";"115.528";"0.28";"2006.08.09 09:00:00";"115.319";"-39.67";"10474.80";"IS";"TrailingStop";"-38.27";"37.90";"8h 0m";""
"152";"USDJPY_DukasM1_the5ers";"Buy";"2006.08.11 09:00:00";"115.735";"0.26";"2006.08.14 17:00:00";"116.328";"99.35";"10574.15";"IS";"TrailingStop";"-19.55";"162.37";"3d 8h 0m";""
"153";"USDJPY_DukasM1_the5ers";"Buy";"2006.08.14 21:00:00";"116.690";"0.33";"2006.08.15 03:00:00";"116.425";"-59.05";"10515.10";"IS";"TrailingStop";"-57.19";"12.95";"6h 0m";""
"154";"USDJPY_DukasM1_the5ers";"Buy";"2006.08.22 15:00:00";"116.360";"0.33";"2006.08.22 23:00:00";"116.497";"27.91";"10543.01";"IS";"TrailingStop";"0.00";"103.58";"8h 0m";""
"155";"USDJPY_DukasM1_the5ers";"Buy";"2006.08.25 08:00:00";"116.840";"0.24";"2006.08.28 10:00:00";"116.953";"16.38";"10559.39";"IS";"TrailingStop";"0.00";"85.69";"3d 2h 0m";""
"156";"USDJPY_DukasM1_the5ers";"Buy";"2006.08.31 06:00:00";"117.386";"0.33";"2006.08.31 12:00:00";"117.081";"-67.47";"10491.92";"IS";"TrailingStop";"-65.82";"18.13";"6h 0m";""
"157";"USDJPY_DukasM1_the5ers";"Buy";"2006.08.31 21:00:00";"117.470";"0.31";"2006.09.04 01:00:00";"116.948";"-107.77";"10384.15";"IS";"SL";"-112.51";"3.04";"3d 4h 0m";""
"158";"USDJPY_DukasM1_the5ers";"Buy";"2006.09.11 01:00:00";"117.050";"0.25";"2006.09.12 10:00:00";"117.648";"96.35";"10480.50";"IS";"Exit After X Bars";"-73.57";"117.71";"1d 9h 0m";""
"159";"USDJPY_DukasM1_the5ers";"Buy";"2006.09.18 12:00:00";"118.140";"0.25";"2006.09.19 10:00:00";"117.783";"-59.78";"10420.72";"IS";"TrailingStop";"-58.36";"22.89";"22h 0m";""
"160";"USDJPY_DukasM1_the5ers";"Buy";"2006.09.27 17:00:00";"117.520";"0.3";"2006.09.29 02:00:00";"117.738";"40.48";"10461.20";"IS";"Exit After X Bars";"-45.12";"80.43";"1d 9h 0m";""
"161";"USDJPY_DukasM1_the5ers";"Buy";"2006.09.29 15:00:00";"118.100";"0.29";"2006.10.02 15:00:00";"117.998";"-20.98";"10440.22";"IS";"TrailingStop";"-44.00";"55.94";"3d 0h 0m";""
"162";"USDJPY_DukasM1_the5ers";"Buy";"2006.10.06 14:00:00";"118.395";"0.32";"2006.10.09 23:00:00";"119.088";"143.20";"10583.42";"IS";"Exit After X Bars";"-116.14";"189.38";"3d 9h 0m";""
"163";"USDJPY_DukasM1_the5ers";"Buy";"2006.10.10 04:00:00";"119.300";"0.3";"2006.10.10 08:00:00";"118.965";"-67.22";"10516.21";"IS";"TrailingStop";"-65.72";"7.85";"4h 0m";""
"164";"USDJPY_DukasM1_the5ers";"Buy";"2006.10.10 10:00:00";"119.340";"0.27";"2006.10.11 09:00:00";"119.399";"8.89";"10525.10";"IS";"TrailingStop";"-3.53";"79.45";"23h 0m";""
"165";"USDJPY_DukasM1_the5ers";"Buy";"2006.10.11 20:00:00";"119.790";"0.33";"2006.10.12 09:00:00";"119.327";"-102.21";"10422.89";"IS";"SL";"-99.91";"8.63";"13h 0m";""
"166";"USDJPY_DukasM1_the5ers";"Buy";"2006.10.13 16:00:00";"119.830";"0.32";"2006.10.16 09:00:00";"119.513";"-68.14";"10354.74";"IS";"TrailingStop";"-66.33";"8.37";"2d 17h 0m";""
"167";"USDJPY_DukasM1_the5ers";"Buy";"2006.10.23 11:00:00";"119.170";"0.33";"2006.10.24 17:00:00";"119.302";"26.62";"10381.36";"IS";"TrailingStop";"-21.58";"105.74";"1d 6h 0m";""
"168";"USDJPY_DukasM1_the5ers";"Buy";"2006.11.03 15:00:00";"118.040";"0.32";"2006.11.07 00:00:00";"118.288";"49.88";"10431.24";"IS";"Exit After X Bars";"-52.31";"87.89";"3d 9h 0m";""
"169";"USDJPY_DukasM1_the5ers";"Buy";"2006.11.09 15:00:00";"118.460";"0.34";"2006.11.09 18:00:00";"118.021";"-99.30";"10331.93";"IS";"SL";"-97.60";"28.90";"3h 0m";""
"170";"USDJPY_DukasM1_the5ers";"Buy";"2006.11.16 19:00:00";"118.290";"0.29";"2006.11.17 10:00:00";"118.120";"-33.88";"10298.06";"IS";"TrailingStop";"-34.13";"30.72";"15h 0m";""
"171";"USDJPY_DukasM1_the5ers";"Buy";"2006.11.30 03:00:00";"116.480";"0.26";"2006.11.30 07:00:00";"116.097";"-66.42";"10231.64";"IS";"TrailingStop";"-65.12";"13.60";"4h 0m";""
"172";"USDJPY_DukasM1_the5ers";"Buy";"2006.12.08 15:00:00";"115.830";"0.29";"2006.12.08 15:00:00";"115.310";"-100.06";"10131.58";"IS";"SL";"-98.61";"7.59";"0s";""
"173";"USDJPY_DukasM1_the5ers";"Buy";"2006.12.08 18:00:00";"115.870";"0.24";"2006.12.12 03:00:00";"116.818";"147.27";"10278.84";"IS";"Exit After X Bars";"0.00";"216.58";"3d 9h 0m";""
"174";"USDJPY_DukasM1_the5ers";"Buy";"2006.12.13 15:00:00";"117.250";"0.27";"2006.12.15 00:00:00";"117.818";"98.23";"10377.07";"IS";"Exit After X Bars";"-18.54";"111.23";"1d 9h 0m";""
"175";"USDJPY_DukasM1_the5ers";"Buy";"2006.12.15 11:00:00";"118.120";"0.28";"2006.12.15 15:00:00";"117.906";"-40.58";"10336.49";"IS";"TrailingStop";"-39.18";"38.45";"4h 0m";""
"176";"USDJPY_DukasM1_the5ers";"Buy";"2006.12.20 17:00:00";"118.330";"0.3";"2006.12.21 11:00:00";"118.132";"-40.93";"10295.56";"IS";"TrailingStop";"-38.84";"35.31";"18h 0m";""
"177";"USDJPY_DukasM1_the5ers";"Buy";"2006.12.21 18:00:00";"118.510";"0.31";"2006.12.25 03:00:00";"118.768";"50.35";"10345.90";"IS";"Exit After X Bars";"-70.95";"93.25";"3d 9h 0m";""
"178";"USDJPY_DukasM1_the5ers";"Buy";"2006.12.25 18:00:00";"118.970";"0.32";"2006.12.27 03:00:00";"119.013";"6.98";"10352.88";"IS";"Exit After X Bars";"-73.24";"54.41";"1d 9h 0m";""
"179";"USDJPY_DukasM1_the5ers";"Buy";"2007.01.03 11:00:00";"119.165";"0.37";"2007.01.03 22:00:00";"119.303";"31.54";"10384.42";"IS";"TrailingStop";"-20.57";"124.60";"11h 0m";""
"180";"USDJPY_DukasM1_the5ers";"Buy";"2007.01.10 16:00:00";"119.550";"0.31";"2007.01.12 01:00:00";"120.458";"181.70";"10566.13";"IS";"Exit After X Bars";"-24.33";"220.96";"1d 9h 0m";""
"181";"USDJPY_DukasM1_the5ers";"Buy";"2007.01.16 15:00:00";"120.718";"0.31";"2007.01.17 10:00:00";"120.520";"-41.89";"10524.24";"IS";"TrailingStop";"-56.35";"32.84";"19h 0m";""
"182";"USDJPY_DukasM1_the5ers";"Buy";"2007.01.18 06:00:00";"120.880";"0.34";"2007.01.19 00:00:00";"121.120";"51.44";"10575.67";"IS";"TrailingStop";"-40.02";"157.86";"18h 0m";""
"183";"USDJPY_DukasM1_the5ers";"Buy";"2007.01.22 11:00:00";"121.590";"0.38";"2007.01.23 10:00:00";"121.451";"-36.69";"10538.99";"IS";"TrailingStop";"-34.54";"49.70";"23h 0m";""
"184";"USDJPY_DukasM1_the5ers";"Buy";"2007.01.24 03:00:00";"121.790";"0.3";"2007.01.24 08:00:00";"121.293";"-99.00";"10439.99";"IS";"SL";"-97.50";"0.00";"5h 0m";""
"185";"USDJPY_DukasM1_the5ers";"Buy";"2007.01.29 03:00:00";"121.790";"0.2";"2007.01.30 01:00:00";"121.688";"-14.47";"10425.51";"IS";"TrailingStop";"-18.31";"51.66";"22h 0m";""
"186";"USDJPY_DukasM1_the5ers";"Buy";"2007.02.08 14:00:00";"121.344";"0.29";"2007.02.08 21:00:00";"121.055";"-56.25";"10369.26";"IS";"TrailingStop";"-54.80";"18.21";"7h 0m";""
"187";"USDJPY_DukasM1_the5ers";"Buy";"2007.02.09 09:00:00";"121.440";"0.33";"2007.02.12 10:00:00";"121.703";"54.89";"10424.15";"IS";"TrailingStop";"-73.37";"139.62";"3d 1h 0m";""
"188";"USDJPY_DukasM1_the5ers";"Buy";"2007.02.21 10:00:00";"120.545";"0.24";"2007.02.22 19:00:00";"121.298";"116.51";"10540.65";"IS";"Exit After X Bars";"-2.35";"146.74";"1d 9h 0m";""
"189";"USDJPY_DukasM1_the5ers";"Buy";"2007.03.09 15:00:00";"117.733";"0.22";"2007.03.12 13:00:00";"117.973";"33.28";"10573.94";"IS";"TrailingStop";"0.00";"108.90";"2d 22h 0m";""
"190";"USDJPY_DukasM1_the5ers";"Buy";"2007.03.20 02:00:00";"117.780";"0.22";"2007.03.20 14:00:00";"117.457";"-47.57";"10526.37";"IS";"TrailingStop";"-46.47";"33.09";"12h 0m";""
"191";"USDJPY_DukasM1_the5ers";"Buy";"2007.03.22 18:00:00";"118.010";"0.26";"2007.03.23 10:00:00";"117.819";"-33.94";"10492.43";"IS";"TrailingStop";"-32.47";"49.31";"16h 0m";""
"192";"USDJPY_DukasM1_the5ers";"Buy";"2007.03.26 11:00:00";"118.300";"0.27";"2007.03.26 16:00:00";"117.982";"-57.50";"10434.93";"IS";"TrailingStop";"-56.15";"22.07";"5h 0m";""
"193";"USDJPY_DukasM1_the5ers";"Buy";"2007.04.03 10:00:00";"118.379";"0.31";"2007.04.04 11:00:00";"118.617";"46.49";"10481.42";"IS";"TrailingStop";"0.00";"127.91";"1d 1h 0m";""
"194";"USDJPY_DukasM1_the5ers";"Buy";"2007.04.06 15:00:00";"119.080";"0.4";"2007.04.10 00:00:00";"119.318";"59.73";"10541.15";"IS";"Exit After X Bars";"0.00";"83.70";"3d 9h 0m";""
"195";"USDJPY_DukasM1_the5ers";"Buy";"2007.04.11 16:00:00";"119.400";"0.32";"2007.04.12 16:00:00";"119.151";"-54.33";"10486.82";"IS";"TrailingStop";"-52.10";"29.30";"1d 0h 0m";""
"196";"USDJPY_DukasM1_the5ers";"Buy";"2007.04.13 18:00:00";"119.540";"0.28";"2007.04.17 03:00:00";"119.738";"34.49";"10521.31";"IS";"Exit After X Bars";"-80.56";"58.59";"3d 9h 0m";""
"197";"USDJPY_DukasM1_the5ers";"Buy";"2007.04.26 10:00:00";"119.030";"0.35";"2007.04.27 08:00:00";"119.351";"71.49";"10592.80";"IS";"TrailingStop";"-36.62";"162.50";"22h 0m";""
"198";"USDJPY_DukasM1_the5ers";"Buy";"2007.04.27 18:00:00";"119.740";"0.28";"2007.05.01 03:00:00";"119.448";"-55.23";"10537.57";"IS";"Exit After X Bars";"-115.35";"3.66";"3d 9h 0m";""
"199";"USDJPY_DukasM1_the5ers";"Buy";"2007.05.01 17:00:00";"119.760";"0.3";"2007.05.02 08:00:00";"119.714";"-10.72";"10526.85";"IS";"TrailingStop";"-19.62";"76.51";"15h 0m";""
"200";"USDJPY_DukasM1_the5ers";"Buy";"2007.05.02 12:00:00";"120.150";"0.26";"2007.05.03 21:00:00";"120.348";"31.85";"10558.70";"IS";"Exit After X Bars";"-32.30";"47.61";"1d 9h 0m";""
"201";"USDJPY_DukasM1_the5ers";"Buy";"2007.05.10 12:00:00";"120.460";"0.32";"2007.05.10 19:00:00";"120.197";"-56.63";"10502.07";"IS";"TrailingStop";"-55.03";"14.65";"7h 0m";""
"202";"USDJPY_DukasM1_the5ers";"Buy";"2007.05.15 03:00:00";"120.530";"0.28";"2007.05.16 12:00:00";"120.378";"-29.41";"10472.65";"IS";"Exit After X Bars";"-75.07";"8.24";"1d 9h 0m";""
"203";"USDJPY_DukasM1_the5ers";"Buy";"2007.05.21 12:00:00";"121.390";"0.38";"2007.05.22 09:00:00";"121.308";"-22.52";"10450.13";"IS";"TrailingStop";"-29.82";"59.64";"21h 0m";""
"204";"USDJPY_DukasM1_the5ers";"Buy";"2007.05.25 23:00:00";"121.870";"0.31";"2007.05.29 06:00:00";"121.389";"-99.46";"10350.67";"IS";"SL";"-97.51";"0.00";"3d 7h 0m";""
"205";"USDJPY_DukasM1_the5ers";"Buy";"2007.05.31 17:00:00";"121.870";"0.36";"2007.06.04 02:00:00";"122.018";"32.57";"10383.24";"IS";"Exit After X Bars";"-61.21";"62.38";"3d 9h 0m";""
"206";"USDJPY_DukasM1_the5ers";"Buy";"2007.06.11 19:00:00";"121.830";"0.31";"2007.06.13 02:00:00";"121.552";"-58.31";"10324.93";"IS";"TrailingStop";"-58.79";"6.08";"1d 7h 0m";""
"207";"USDJPY_DukasM1_the5ers";"Buy";"2007.06.13 07:00:00";"121.860";"0.39";"2007.06.14 16:00:00";"123.068";"305.36";"10630.29";"IS";"Exit After X Bars";"0.00";"321.34";"1d 9h 0m";""
"208";"USDJPY_DukasM1_the5ers";"Buy";"2007.06.18 17:00:00";"123.660";"0.38";"2007.06.19 15:00:00";"123.428";"-59.80";"10570.49";"IS";"TrailingStop";"-57.65";"22.36";"22h 0m";""
"209";"USDJPY_DukasM1_the5ers";"Buy";"2007.06.21 10:00:00";"123.750";"0.36";"2007.06.22 19:00:00";"124.083";"76.36";"10646.84";"IS";"Exit After X Bars";"-65.92";"91.81";"1d 9h 0m";""
"210";"USDJPY_DukasM1_the5ers";"Buy";"2007.07.06 09:00:00";"123.280";"0.32";"2007.07.09 10:00:00";"123.396";"22.46";"10669.31";"IS";"TrailingStop";"-39.76";"81.61";"3d 1h 0m";""
"211";"USDJPY_DukasM1_the5ers";"Buy";"2007.07.20 10:00:00";"122.410";"0.31";"2007.07.20 16:00:00";"121.916";"-101.69";"10567.62";"IS";"SL";"-100.14";"6.08";"6h 0m";""
"212";"USDJPY_DukasM1_the5ers";"Buy";"2007.08.08 11:00:00";"119.370";"0.22";"2007.08.08 22:00:00";"119.337";"-5.85";"10561.77";"IS";"TrailingStop";"-35.97";"66.18";"11h 0m";""
"213";"USDJPY_DukasM1_the5ers";"Buy";"2007.08.23 01:00:00";"115.500";"0.17";"2007.08.23 16:00:00";"116.199";"76.86";"10638.63";"IS";"TrailingStop";"0.00";"182.31";"15h 0m";""
"214";"USDJPY_DukasM1_the5ers";"Buy";"2007.09.18 14:00:00";"115.490";"0.29";"2007.09.18 20:00:00";"115.450";"-9.04";"10629.59";"IS";"TrailingStop";"-7.59";"91.03";"6h 0m";""
"215";"USDJPY_DukasM1_the5ers";"Buy";"2007.10.01 14:00:00";"115.890";"0.25";"2007.10.02 03:00:00";"115.567";"-54.22";"10575.37";"IS";"TrailingStop";"-52.80";"27.79";"13h 0m";""
"216";"USDJPY_DukasM1_the5ers";"Buy";"2007.10.03 08:00:00";"116.060";"0.31";"2007.10.04 06:00:00";"116.403";"67.37";"10642.75";"IS";"TrailingStop";"-20.27";"144.94";"22h 0m";""
"217";"USDJPY_DukasM1_the5ers";"Buy";"2007.10.05 14:00:00";"116.775";"0.35";"2007.10.05 15:00:00";"116.713";"-15.94";"10626.80";"IS";"TrailingStop";"-14.19";"111.00";"1h 0m";""
"218";"USDJPY_DukasM1_the5ers";"Buy";"2007.10.08 08:00:00";"117.260";"0.26";"2007.10.08 18:00:00";"117.256";"-1.98";"10624.83";"IS";"TrailingStop";"-32.30";"58.66";"10h 0m";""
"219";"USDJPY_DukasM1_the5ers";"Buy";"2007.10.11 13:00:00";"117.605";"0.35";"2007.10.11 20:00:00";"117.438";"-39.97";"10584.85";"IS";"TrailingStop";"-38.22";"42.34";"7h 0m";""
"220";"USDJPY_DukasM1_the5ers";"Buy";"2007.10.15 09:00:00";"117.790";"0.35";"2007.10.15 16:00:00";"117.564";"-53.48";"10531.38";"IS";"TrailingStop";"-51.73";"36.62";"7h 0m";""
"221";"USDJPY_DukasM1_the5ers";"Buy";"2007.10.30 14:00:00";"114.900";"0.36";"2007.10.31 20:00:00";"115.089";"42.46";"10573.84";"IS";"TrailingStop";"-87.10";"141.25";"1d 6h 0m";""
"222";"USDJPY_DukasM1_the5ers";"Buy";"2007.11.01 08:00:00";"115.500";"0.31";"2007.11.01 14:00:00";"115.573";"13.25";"10587.08";"IS";"TrailingStop";"-19.26";"85.14";"6h 0m";""
"223";"USDJPY_DukasM1_the5ers";"Buy";"2007.11.28 10:00:00";"109.145";"0.16";"2007.11.29 09:00:00";"109.698";"56.74";"10643.83";"IS";"TrailingStop";"-36.62";"139.68";"23h 0m";""
"224";"USDJPY_DukasM1_the5ers";"Buy";"2007.11.30 08:00:00";"110.480";"0.17";"2007.12.03 04:00:00";"110.559";"7.82";"10651.65";"IS";"TrailingStop";"-51.14";"82.26";"2d 20h 0m";""
"225";"USDJPY_DukasM1_the5ers";"Buy";"2007.12.06 17:00:00";"111.220";"0.23";"2007.12.10 01:00:00";"111.373";"21.56";"10673.21";"IS";"TrailingStop";"-30.83";"84.98";"3d 8h 0m";""
"226";"USDJPY_DukasM1_the5ers";"Buy";"2007.12.10 07:00:00";"111.785";"0.31";"2007.12.11 16:00:00";"111.878";"17.10";"10690.31";"IS";"Exit After X Bars";"-66.90";"70.95";"1d 9h 0m";""
"227";"USDJPY_DukasM1_the5ers";"Buy";"2007.12.12 16:00:00";"112.135";"0.24";"2007.12.12 22:00:00";"111.855";"-45.14";"10645.17";"IS";"TrailingStop";"-43.94";"51.79";"6h 0m";""
"228";"USDJPY_DukasM1_the5ers";"Buy";"2007.12.14 01:00:00";"112.465";"0.22";"2007.12.17 08:00:00";"112.955";"69.25";"10714.42";"IS";"TrailingStop";"-27.33";"161.13";"3d 7h 0m";""
"229";"USDJPY_DukasM1_the5ers";"Buy";"2007.12.21 15:00:00";"113.530";"0.32";"2007.12.25 00:00:00";"114.268";"152.41";"10866.83";"IS";"Exit After X Bars";"0.00";"200.88";"3d 9h 0m";""
"230";"USDJPY_DukasM1_the5ers";"Buy";"2007.12.27 14:00:00";"114.490";"0.37";"2007.12.27 15:00:00";"114.227";"-65.48";"10801.34";"IS";"TrailingStop";"-63.63";"41.13";"1h 0m";""
"231";"USDJPY_DukasM1_the5ers";"Buy";"2008.01.09 22:00:00";"109.825";"0.2";"2008.01.10 16:00:00";"109.460";"-49.13";"10752.21";"IS";"TrailingStop";"-47.74";"38.58";"18h 0m";""
"232";"USDJPY_DukasM1_the5ers";"Buy";"2008.01.25 07:00:00";"107.380";"0.14";"2008.01.25 18:00:00";"107.193";"-17.82";"10734.40";"IS";"TrailingStop";"-17.12";"46.69";"11h 0m";""
"233";"USDJPY_DukasM1_the5ers";"Buy";"2008.02.05 12:00:00";"107.460";"0.29";"2008.02.05 15:00:00";"107.282";"-35.21";"10699.19";"IS";"TrailingStop";"-33.76";"53.10";"3h 0m";""
"234";"USDJPY_DukasM1_the5ers";"Buy";"2008.02.07 20:00:00";"107.740";"0.23";"2008.02.11 05:00:00";"107.378";"-55.90";"10643.29";"IS";"Exit After X Bars";"-90.24";"12.03";"3d 9h 0m";""
"235";"USDJPY_DukasM1_the5ers";"Buy";"2008.02.13 15:00:00";"107.820";"0.31";"2008.02.14 18:00:00";"108.067";"47.91";"10691.21";"IS";"TrailingStop";"0.00";"160.14";"1d 3h 0m";""
"236";"USDJPY_DukasM1_the5ers";"Buy";"2008.02.20 19:00:00";"108.320";"0.27";"2008.02.21 17:00:00";"107.757";"-101.28";"10589.92";"IS";"SL";"-99.40";"8.83";"22h 0m";""
"237";"USDJPY_DukasM1_the5ers";"Buy";"2008.03.24 16:00:00";"100.440";"0.23";"2008.03.25 04:00:00";"100.353";"-14.39";"10575.54";"IS";"TrailingStop";"-13.08";"91.74";"12h 0m";""
"238";"USDJPY_DukasM1_the5ers";"Buy";"2008.04.01 12:00:00";"100.385";"0.16";"2008.04.02 21:00:00";"102.478";"218.08";"10793.62";"IS";"Exit After X Bars";"-0.52";"255.81";"1d 9h 0m";""
"239";"USDJPY_DukasM1_the5ers";"Buy";"2008.04.03 08:00:00";"102.830";"0.21";"2008.04.03 15:00:00";"102.418";"-57.63";"10735.99";"IS";"TrailingStop";"-56.58";"15.79";"7h 0m";""
"240";"USDJPY_DukasM1_the5ers";"Buy";"2008.04.17 13:00:00";"102.270";"0.19";"2008.04.17 15:00:00";"102.163";"-14.24";"10721.75";"IS";"TrailingStop";"-13.29";"55.91";"2h 0m";""
"241";"USDJPY_DukasM1_the5ers";"Buy";"2008.04.18 12:00:00";"102.720";"0.23";"2008.04.18 21:00:00";"103.956";"184.75";"10906.49";"IS";"TrailingStop";"-21.06";"288.77";"9h 0m";""
"242";"USDJPY_DukasM1_the5ers";"Buy";"2008.04.24 16:00:00";"104.060";"0.25";"2008.04.25 13:00:00";"104.264";"31.94";"10938.43";"IS";"TrailingStop";"-49.86";"124.24";"21h 0m";""
"243";"USDJPY_DukasM1_the5ers";"Buy";"2008.04.28 05:00:00";"104.820";"0.24";"2008.04.28 22:00:00";"104.193";"-99.60";"10838.83";"IS";"SL";"-98.40";"0.00";"17h 0m";""
"244";"USDJPY_DukasM1_the5ers";"Buy";"2008.04.30 15:00:00";"104.820";"0.26";"2008.04.30 21:00:00";"104.235";"-100.76";"10738.07";"IS";"SL";"-99.46";"10.20";"6h 0m";""
"245";"USDJPY_DukasM1_the5ers";"Buy";"2008.05.02 09:00:00";"104.880";"0.21";"2008.05.05 16:00:00";"105.009";"16.53";"10754.59";"IS";"TrailingStop";"-39.82";"112.60";"3d 7h 0m";""
"246";"USDJPY_DukasM1_the5ers";"Buy";"2008.05.14 11:00:00";"105.320";"0.21";"2008.05.14 16:00:00";"104.957";"-50.90";"10703.70";"IS";"TrailingStop";"-49.85";"16.48";"5h 0m";""
"247";"USDJPY_DukasM1_the5ers";"Buy";"2008.05.28 12:00:00";"104.380";"0.33";"2008.05.28 17:00:00";"104.687";"64.60";"10768.29";"IS";"TrailingStop";"0.00";"200.69";"5h 0m";""
"248";"USDJPY_DukasM1_the5ers";"Buy";"2008.05.29 14:00:00";"105.310";"0.26";"2008.05.30 08:00:00";"105.307";"-1.98";"10766.32";"IS";"TrailingStop";"-49.31";"95.21";"18h 0m";""
"249";"USDJPY_DukasM1_the5ers";"Buy";"2008.06.05 10:00:00";"105.730";"0.22";"2008.06.05 21:00:00";"105.741";"0.48";"10766.80";"IS";"TrailingStop";"0.00";"99.26";"11h 0m";""
"250";"USDJPY_DukasM1_the5ers";"Buy";"2008.06.10 03:00:00";"106.420";"0.22";"2008.06.11 00:00:00";"106.970";"77.88";"10844.68";"IS";"TrailingStop";"0.00";"146.74";"21h 0m";""
"251";"USDJPY_DukasM1_the5ers";"Buy";"2008.06.12 15:00:00";"107.750";"0.22";"2008.06.13 17:00:00";"107.969";"30.26";"10874.94";"IS";"TrailingStop";"-15.82";"92.07";"1d 2h 0m";""
"252";"USDJPY_DukasM1_the5ers";"Buy";"2008.06.16 04:00:00";"108.390";"0.28";"2008.06.16 14:00:00";"108.211";"-34.17";"10840.77";"IS";"TrailingStop";"-40.28";"36.62";"10h 0m";""
"253";"USDJPY_DukasM1_the5ers";"Buy";"2008.06.25 18:00:00";"108.220";"0.38";"2008.06.25 21:00:00";"107.998";"-57.06";"10783.70";"IS";"TrailingStop";"-55.16";"49.70";"3h 0m";""
"254";"USDJPY_DukasM1_the5ers";"Buy";"2008.07.07 04:00:00";"106.930";"0.32";"2008.07.07 19:00:00";"107.395";"95.70";"10879.40";"IS";"TrailingStop";"0.00";"171.59";"15h 0m";""
"255";"USDJPY_DukasM1_the5ers";"Buy";"2008.07.21 14:00:00";"107.090";"0.28";"2008.07.21 23:00:00";"106.552";"-99.91";"10779.50";"IS";"SL";"-98.51";"10.99";"9h 0m";""
"256";"USDJPY_DukasM1_the5ers";"Buy";"2008.07.22 18:00:00";"107.150";"0.26";"2008.07.24 03:00:00";"107.898";"125.19";"10904.69";"IS";"Exit After X Bars";"-12.75";"140.27";"1d 9h 0m";""
"257";"USDJPY_DukasM1_the5ers";"Buy";"2008.07.24 09:00:00";"107.975";"0.35";"2008.07.24 17:00:00";"107.538";"-101.77";"10802.92";"IS";"SL";"-100.02";"1.14";"8h 0m";""
"258";"USDJPY_DukasM1_the5ers";"Buy";"2008.07.28 03:00:00";"107.980";"0.27";"2008.07.28 09:00:00";"107.625";"-64.03";"10738.90";"IS";"TrailingStop";"-62.68";"15.89";"6h 0m";""
"259";"USDJPY_DukasM1_the5ers";"Buy";"2008.07.29 17:00:00";"108.070";"0.37";"2008.07.30 06:00:00";"107.921";"-38.14";"10700.75";"IS";"TrailingStop";"-36.05";"53.23";"13h 0m";""
"260";"USDJPY_DukasM1_the5ers";"Buy";"2008.07.30 16:00:00";"108.290";"0.35";"2008.07.31 09:00:00";"107.859";"-101.08";"10599.67";"IS";"SL";"-98.64";"9.15";"17h 0m";""
"261";"USDJPY_DukasM1_the5ers";"Buy";"2008.07.31 15:00:00";"108.330";"0.35";"2008.07.31 15:00:00";"107.900";"-100.16";"10499.51";"IS";"SL";"-98.41";"9.15";"0s";""
"262";"USDJPY_DukasM1_the5ers";"Buy";"2008.08.05 21:00:00";"108.370";"0.31";"2008.08.07 03:00:00";"109.408";"208.06";"10707.57";"IS";"TrailingStop";"-75.00";"306.10";"1d 6h 0m";""
"263";"USDJPY_DukasM1_the5ers";"Buy";"2008.08.08 10:00:00";"109.880";"0.3";"2008.08.11 02:00:00";"109.930";"8.11";"10715.68";"IS";"TrailingStop";"-87.10";"100.05";"2d 16h 0m";""
"264";"USDJPY_DukasM1_the5ers";"Buy";"2008.08.11 20:00:00";"110.390";"0.24";"2008.08.12 15:00:00";"109.769";"-98.82";"10616.86";"IS";"SL";"-97.46";"0.00";"19h 0m";""
"265";"USDJPY_DukasM1_the5ers";"Buy";"2008.08.15 10:00:00";"110.390";"0.21";"2008.08.18 03:00:00";"110.144";"-34.97";"10581.89";"IS";"TrailingStop";"-33.78";"37.08";"2d 17h 0m";""
"266";"USDJPY_DukasM1_the5ers";"Buy";"2008.09.19 05:00:00";"106.690";"0.1";"2008.09.19 17:00:00";"107.039";"22.32";"10604.21";"IS";"TrailingStop";"-2.62";"86.97";"12h 0m";""
"267";"USDJPY_DukasM1_the5ers";"Buy";"2008.11.04 14:00:00";"99.645";"0.12";"2008.11.04 21:00:00";"99.618";"-2.72";"10601.50";"IS";"TrailingStop";"-37.27";"71.41";"7h 0m";""
"268";"USDJPY_DukasM1_the5ers";"Buy";"2008.11.25 00:00:00";"97.415";"0.1";"2008.11.25 11:00:00";"95.964";"-95.38";"10506.11";"IS";"SL";"-94.88";"0.33";"11h 0m";""
"269";"USDJPY_DukasM1_the5ers";"Buy";"2008.12.08 10:00:00";"93.820";"0.18";"2008.12.08 16:00:00";"93.012";"-96.01";"10410.11";"IS";"SL";"-95.11";"10.00";"6h 0m";""
"270";"USDJPY_DukasM1_the5ers";"Buy";"2008.12.22 17:00:00";"90.230";"0.14";"2008.12.24 02:00:00";"90.863";"57.07";"10467.17";"IS";"Exit After X Bars";"-34.33";"68.20";"1d 9h 0m";""
"271";"USDJPY_DukasM1_the5ers";"Buy";"2008.12.25 18:00:00";"90.975";"0.24";"2008.12.25 20:00:00";"90.832";"-23.64";"10443.53";"IS";"TrailingStop";"-22.44";"51.01";"2h 0m";""
"272";"USDJPY_DukasM1_the5ers";"Buy";"2009.01.02 09:00:00";"91.290";"0.24";"2009.01.02 17:00:00";"91.000";"-46.71";"10396.82";"IS";"TrailingStop";"-45.51";"25.11";"8h 0m";""
"273";"USDJPY_DukasM1_the5ers";"Buy";"2009.01.02 20:00:00";"91.450";"0.24";"2009.01.02 23:00:00";"91.786";"51.53";"10448.35";"IS";"TrailingStop";"0.00";"149.88";"3h 0m";""
"274";"USDJPY_DukasM1_the5ers";"Buy";"2009.01.05 10:00:00";"92.405";"0.22";"2009.01.05 16:00:00";"92.981";"81.76";"10530.12";"IS";"TrailingStop";"0.00";"167.60";"6h 0m";""
"275";"USDJPY_DukasM1_the5ers";"Buy";"2009.01.06 09:00:00";"93.585";"0.21";"2009.01.06 20:00:00";"93.954";"49.62";"10579.74";"IS";"TrailingStop";"-14.42";"143.50";"11h 0m";""
"276";"USDJPY_DukasM1_the5ers";"Buy";"2009.01.16 12:00:00";"90.585";"0.17";"2009.01.16 19:00:00";"90.167";"-47.32";"10532.42";"IS";"TrailingStop";"-46.47";"36.13";"7h 0m";""
"277";"USDJPY_DukasM1_the5ers";"Buy";"2009.01.19 01:00:00";"91.008";"0.17";"2009.01.19 09:00:00";"90.618";"-44.20";"10488.21";"IS";"TrailingStop";"-43.35";"31.35";"8h 0m";""
"278";"USDJPY_DukasM1_the5ers";"Buy";"2009.01.28 21:00:00";"90.070";"0.16";"2009.01.29 06:00:00";"89.876";"-21.41";"10466.80";"IS";"TrailingStop";"-20.30";"72.72";"9h 0m";""
"279";"USDJPY_DukasM1_the5ers";"Buy";"2009.02.05 17:00:00";"90.080";"0.23";"2009.02.05 19:00:00";"92.211";"319.36";"10786.16";"IS";"PT";"0.00";"320.51";"2h 0m";""
"280";"USDJPY_DukasM1_the5ers";"Buy";"2009.02.09 01:00:00";"92.250";"0.18";"2009.02.09 06:00:00";"91.438";"-96.48";"10689.68";"IS";"SL";"-95.58";"18.83";"5h 0m";""
"281";"USDJPY_DukasM1_the5ers";"Buy";"2009.02.17 03:00:00";"92.135";"0.25";"2009.02.17 10:00:00";"92.151";"1.37";"10691.05";"IS";"TrailingStop";"-10.63";"100.54";"7h 0m";""
"282";"USDJPY_DukasM1_the5ers";"Buy";"2009.02.18 14:00:00";"92.750";"0.22";"2009.02.18 20:00:00";"93.291";"76.73";"10767.78";"IS";"TrailingStop";"-20.86";"173.35";"6h 0m";""
"283";"USDJPY_DukasM1_the5ers";"Buy";"2009.02.19 15:00:00";"93.955";"0.21";"2009.02.20 10:00:00";"93.878";"-11.76";"10756.02";"IS";"TrailingStop";"-10.57";"69.35";"19h 0m";""
"284";"USDJPY_DukasM1_the5ers";"Buy";"2009.02.23 12:00:00";"94.460";"0.17";"2009.02.24 21:00:00";"96.758";"254.50";"11010.51";"IS";"Exit After X Bars";"-35.02";"273.47";"1d 9h 0m";""
"285";"USDJPY_DukasM1_the5ers";"Buy";"2009.02.25 18:00:00";"97.330";"0.14";"2009.02.27 02:00:00";"97.965";"57.07";"11067.58";"IS";"TrailingStop";"-27.01";"126.80";"1d 8h 0m";""
"286";"USDJPY_DukasM1_the5ers";"Buy";"2009.03.04 09:00:00";"98.715";"0.16";"2009.03.05 13:00:00";"99.153";"44.71";"11112.29";"IS";"TrailingStop";"0.00";"100.44";"1d 4h 0m";""
"287";"USDJPY_DukasM1_the5ers";"Buy";"2009.03.17 08:00:00";"98.660";"0.21";"2009.03.18 03:00:00";"98.407";"-35.93";"11076.37";"IS";"TrailingStop";"-34.74";"42.57";"19h 0m";""
"288";"USDJPY_DukasM1_the5ers";"Buy";"2009.03.26 16:00:00";"98.565";"0.16";"2009.03.27 03:00:00";"98.253";"-33.55";"11042.82";"IS";"TrailingStop";"-32.64";"31.91";"11h 0m";""
"289";"USDJPY_DukasM1_the5ers";"Buy";"2009.03.31 18:00:00";"98.870";"0.15";"2009.04.01 03:00:00";"98.660";"-21.45";"11021.37";"IS";"TrailingStop";"-20.60";"58.85";"9h 0m";""
"290";"USDJPY_DukasM1_the5ers";"Buy";"2009.04.02 12:00:00";"99.470";"0.18";"2009.04.02 14:00:00";"99.258";"-25.85";"10995.52";"IS";"TrailingStop";"-24.95";"51.79";"2h 0m";""
"291";"USDJPY_DukasM1_the5ers";"Buy";"2009.04.03 15:00:00";"100.175";"0.17";"2009.04.06 14:00:00";"100.867";"75.97";"11071.48";"IS";"TrailingStop";"-71.70";"140.63";"2d 23h 0m";""
"292";"USDJPY_DukasM1_the5ers";"Buy";"2009.04.30 12:00:00";"97.970";"0.2";"2009.05.01 21:00:00";"99.468";"194.78";"11266.27";"IS";"Exit After X Bars";"-3.92";"209.25";"1d 9h 0m";""
"293";"USDJPY_DukasM1_the5ers";"Buy";"2009.05.07 15:00:00";"99.560";"0.23";"2009.05.07 17:00:00";"98.910";"-98.91";"11167.36";"IS";"SL";"-97.76";"28.58";"2h 0m";""
"294";"USDJPY_DukasM1_the5ers";"Buy";"2009.05.27 02:00:00";"95.270";"0.25";"2009.05.27 15:00:00";"95.065";"-34.76";"11132.59";"IS";"TrailingStop";"-33.51";"37.60";"13h 0m";""
"295";"USDJPY_DukasM1_the5ers";"Buy";"2009.05.28 02:00:00";"95.500";"0.22";"2009.05.28 18:00:00";"96.591";"155.85";"11288.45";"IS";"TrailingStop";"-2.16";"249.60";"16h 0m";""
"296";"USDJPY_DukasM1_the5ers";"Buy";"2009.06.04 21:00:00";"96.870";"0.2";"2009.06.08 06:00:00";"98.448";"205.12";"11493.56";"IS";"Exit After X Bars";"-47.74";"262.88";"3d 9h 0m";""
"297";"USDJPY_DukasM1_the5ers";"Buy";"2009.07.01 04:00:00";"96.565";"0.24";"2009.07.01 16:00:00";"96.503";"-10.93";"11482.63";"IS";"TrailingStop";"-9.73";"65.92";"12h 0m";""
"298";"USDJPY_DukasM1_the5ers";"Buy";"2009.07.14 23:00:00";"93.600";"0.19";"2009.07.16 07:00:00";"93.939";"40.67";"11523.30";"IS";"TrailingStop";"-42.86";"108.09";"1d 8h 0m";""
"299";"USDJPY_DukasM1_the5ers";"Buy";"2009.07.20 03:00:00";"94.470";"0.26";"2009.07.20 19:00:00";"94.354";"-21.02";"11502.28";"IS";"TrailingStop";"-19.72";"52.71";"16h 0m";""
"300";"USDJPY_DukasM1_the5ers";"Buy";"2009.07.23 16:00:00";"94.780";"0.25";"2009.07.24 04:00:00";"94.724";"-10.57";"11491.71";"IS";"TrailingStop";"-9.15";"84.19";"12h 0m";""
"301";"USDJPY_DukasM1_the5ers";"Buy";"2009.07.27 17:00:00";"95.295";"0.33";"2009.07.28 03:00:00";"95.012";"-62.94";"11428.78";"IS";"TrailingStop";"-61.07";"18.34";"10h 0m";""
"302";"USDJPY_DukasM1_the5ers";"Buy";"2009.07.30 15:00:00";"95.380";"0.24";"2009.07.31 04:00:00";"95.370";"-2.93";"11425.85";"IS";"TrailingStop";"-1.57";"79.26";"13h 0m";""
"303";"USDJPY_DukasM1_the5ers";"Buy";"2009.08.07 15:00:00";"95.805";"0.3";"2009.08.07 17:00:00";"97.426";"316.50";"11742.35";"IS";"PT";"0.00";"318.00";"2h 0m";""
"304";"USDJPY_DukasM1_the5ers";"Buy";"2009.09.21 08:00:00";"91.640";"0.27";"2009.09.21 18:00:00";"92.006";"63.27";"11805.62";"IS";"TrailingStop";"0.00";"157.14";"10h 0m";""
"305";"USDJPY_DukasM1_the5ers";"Buy";"2009.10.09 17:00:00";"89.650";"0.24";"2009.10.12 13:00:00";"89.991";"52.16";"11857.78";"IS";"TrailingStop";"-22.76";"126.34";"2d 20h 0m";""
"306";"USDJPY_DukasM1_the5ers";"Buy";"2009.10.15 14:00:00";"90.455";"0.22";"2009.10.15 17:00:00";"90.243";"-31.60";"11826.18";"IS";"TrailingStop";"-30.50";"46.76";"3h 0m";""
"307";"USDJPY_DukasM1_the5ers";"Buy";"2009.10.22 07:00:00";"91.320";"0.27";"2009.10.22 21:00:00";"91.237";"-16.00";"11810.18";"IS";"TrailingStop";"-35.31";"68.86";"14h 0m";""
"308";"USDJPY_DukasM1_the5ers";"Buy";"2009.10.23 04:00:00";"91.710";"0.3";"2009.10.23 12:00:00";"91.507";"-41.32";"11768.85";"IS";"TrailingStop";"-39.82";"41.20";"8h 0m";""
"309";"USDJPY_DukasM1_the5ers";"Buy";"2009.10.23 14:00:00";"91.920";"0.3";"2009.10.26 03:00:00";"91.811";"-23.08";"11745.78";"IS";"TrailingStop";"-27.46";"51.99";"2d 13h 0m";""
"310";"USDJPY_DukasM1_the5ers";"Buy";"2009.10.26 16:00:00";"92.185";"0.31";"2009.10.27 10:00:00";"91.925";"-54.46";"11691.32";"IS";"TrailingStop";"-62.84";"27.37";"18h 0m";""
"311";"USDJPY_DukasM1_the5ers";"Buy";"2009.11.12 15:00:00";"90.260";"0.37";"2009.11.13 05:00:00";"90.162";"-25.80";"11665.51";"IS";"TrailingStop";"-26.61";"84.68";"14h 0m";""
"312";"USDJPY_DukasM1_the5ers";"Buy";"2009.12.03 00:00:00";"87.530";"0.22";"2009.12.04 02:00:00";"88.051";"73.71";"11739.22";"IS";"TrailingStop";"-8.63";"136.67";"1d 2h 0m";""
"313";"USDJPY_DukasM1_the5ers";"Buy";"2009.12.04 15:00:00";"88.480";"0.32";"2009.12.04 19:00:00";"90.033";"323.37";"12062.59";"IS";"PT";"0.00";"324.97";"4h 0m";""
"314";"USDJPY_DukasM1_the5ers";"Buy";"2009.12.15 18:00:00";"89.805";"0.25";"2009.12.16 01:00:00";"89.527";"-46.86";"12015.73";"IS";"TrailingStop";"-45.45";"23.70";"7h 0m";""
"315";"USDJPY_DukasM1_the5ers";"Buy";"2009.12.16 21:00:00";"89.950";"0.3";"2009.12.17 09:00:00";"89.843";"-23.08";"11992.65";"IS";"TrailingStop";"-43.16";"59.83";"12h 0m";""
"316";"USDJPY_DukasM1_the5ers";"Buy";"2009.12.17 18:00:00";"90.255";"0.28";"2009.12.17 20:00:00";"89.978";"-52.12";"11940.54";"IS";"TrailingStop";"-50.72";"20.14";"2h 0m";""
"317";"USDJPY_DukasM1_the5ers";"Buy";"2009.12.18 13:00:00";"90.365";"0.2";"2009.12.21 07:00:00";"90.260";"-14.86";"11925.67";"IS";"TrailingStop";"-32.04";"71.28";"2d 18h 0m";""
"318";"USDJPY_DukasM1_the5ers";"Buy";"2009.12.21 17:00:00";"90.910";"0.24";"2009.12.23 02:00:00";"91.808";"139.42";"12065.09";"IS";"Exit After X Bars";"-5.49";"149.88";"1d 9h 0m";""
"319";"USDJPY_DukasM1_the5ers";"Buy";"2009.12.29 13:00:00";"91.775";"0.51";"2009.12.29 20:00:00";"91.833";"16.79";"12081.88";"IS";"TrailingStop";"-48.36";"100.05";"7h 0m";""
"320";"USDJPY_DukasM1_the5ers";"Buy";"2009.12.30 13:00:00";"92.260";"0.43";"2009.12.30 19:00:00";"92.401";"37.50";"12119.38";"IS";"TrailingStop";"-8.44";"140.59";"6h 0m";""
"321";"USDJPY_DukasM1_the5ers";"Buy";"2009.12.31 15:00:00";"92.760";"0.36";"2010.01.04 01:00:00";"92.913";"33.75";"12153.13";"IS";"Exit After X Bars";"-41.20";"89.46";"3d 10h 0m";""
"322";"USDJPY_DukasM1_the5ers";"Buy";"2010.01.07 14:00:00";"93.210";"0.28";"2010.01.08 04:00:00";"93.156";"-11.47";"12141.66";"IS";"TrailingStop";"-44.86";"101.62";"14h 0m";""
"323";"USDJPY_DukasM1_the5ers";"Buy";"2010.01.20 16:00:00";"91.360";"0.32";"2010.01.21 17:00:00";"91.453";"17.23";"12158.89";"IS";"TrailingStop";"-51.27";"106.72";"1d 1h 0m";""
"324";"USDJPY_DukasM1_the5ers";"Buy";"2010.01.29 15:00:00";"90.550";"0.26";"2010.01.29 18:00:00";"90.399";"-26.97";"12131.92";"IS";"TrailingStop";"-25.67";"62.91";"3h 0m";""
"325";"USDJPY_DukasM1_the5ers";"Buy";"2010.02.01 18:00:00";"90.920";"0.27";"2010.02.02 15:00:00";"90.357";"-100.93";"12030.99";"IS";"SL";"-99.40";"4.41";"21h 0m";""
"326";"USDJPY_DukasM1_the5ers";"Buy";"2010.02.03 16:00:00";"90.945";"0.33";"2010.02.04 02:00:00";"90.800";"-33.59";"11997.40";"IS";"TrailingStop";"-31.29";"71.21";"10h 0m";""
"327";"USDJPY_DukasM1_the5ers";"Buy";"2010.02.10 18:00:00";"90.010";"0.29";"2010.02.11 13:00:00";"89.762";"-49.05";"11948.35";"IS";"TrailingStop";"-47.03";"24.65";"19h 0m";""
"328";"USDJPY_DukasM1_the5ers";"Buy";"2010.02.12 09:00:00";"90.140";"0.39";"2010.02.12 12:00:00";"89.856";"-74.38";"11873.97";"IS";"TrailingStop";"-72.43";"52.28";"3h 0m";""
"329";"USDJPY_DukasM1_the5ers";"Buy";"2010.02.12 15:00:00";"90.345";"0.28";"2010.02.16 00:00:00";"89.993";"-66.22";"11807.76";"IS";"Exit After X Bars";"-92.46";"13.73";"3d 9h 0m";""
"330";"USDJPY_DukasM1_the5ers";"Buy";"2010.02.16 18:00:00";"90.420";"0.46";"2010.02.16 19:00:00";"90.199";"-68.78";"11738.98";"IS";"TrailingStop";"-66.48";"27.07";"1h 0m";""
"331";"USDJPY_DukasM1_the5ers";"Buy";"2010.02.17 11:00:00";"90.510";"0.37";"2010.02.17 18:00:00";"90.751";"56.46";"11795.44";"IS";"TrailingStop";"0.00";"156.06";"7h 0m";""
"332";"USDJPY_DukasM1_the5ers";"Buy";"2010.02.18 18:00:00";"91.375";"0.31";"2010.02.19 22:00:00";"91.608";"45.48";"11840.92";"IS";"TrailingStop";"-37.50";"156.09";"1d 4h 0m";""
"333";"USDJPY_DukasM1_the5ers";"Buy";"2010.03.05 15:00:00";"89.475";"0.33";"2010.03.08 10:00:00";"90.243";"163.86";"12004.78";"IS";"TrailingStop";"0.00";"258.95";"2d 19h 0m";""
"334";"USDJPY_DukasM1_the5ers";"Buy";"2010.03.10 16:00:00";"90.675";"0.41";"2010.03.11 01:00:00";"90.405";"-75.24";"11929.54";"IS";"TrailingStop";"-72.39";"38.88";"9h 0m";""
"335";"USDJPY_DukasM1_the5ers";"Buy";"2010.03.12 15:00:00";"90.820";"0.38";"2010.03.12 17:00:00";"90.647";"-44.89";"11884.65";"IS";"TrailingStop";"-42.99";"65.85";"2h 0m";""
"336";"USDJPY_DukasM1_the5ers";"Buy";"2010.03.24 10:00:00";"90.800";"0.39";"2010.03.24 18:00:00";"92.073";"322.70";"12207.35";"IS";"PT";"0.00";"324.65";"8h 0m";""
"337";"USDJPY_DukasM1_the5ers";"Buy";"2010.03.25 15:00:00";"92.400";"0.3";"2010.03.26 03:00:00";"92.447";"7.52";"12214.88";"IS";"TrailingStop";"-22.56";"107.90";"12h 0m";""
"338";"USDJPY_DukasM1_the5ers";"Buy";"2010.03.30 16:00:00";"92.950";"0.35";"2010.03.31 09:00:00";"93.140";"41.51";"12256.38";"IS";"TrailingStop";"-46.92";"148.77";"17h 0m";""
"339";"USDJPY_DukasM1_the5ers";"Buy";"2010.03.31 18:00:00";"93.600";"0.24";"2010.04.01 12:00:00";"93.322";"-45.30";"12211.08";"IS";"TrailingStop";"-50.22";"20.40";"18h 0m";""
"340";"USDJPY_DukasM1_the5ers";"Buy";"2010.04.01 14:00:00";"93.730";"0.31";"2010.04.02 15:00:00";"93.704";"-7.02";"12204.06";"IS";"TrailingStop";"-18.24";"65.88";"1d 1h 0m";""
"341";"USDJPY_DukasM1_the5ers";"Buy";"2010.04.21 16:00:00";"93.405";"0.32";"2010.04.22 03:00:00";"92.939";"-99.74";"12104.32";"IS";"SL";"-97.51";"7.32";"11h 0m";""
"342";"USDJPY_DukasM1_the5ers";"Buy";"2010.04.22 22:00:00";"93.440";"0.28";"2010.04.26 07:00:00";"94.183";"134.28";"12238.60";"IS";"Exit After X Bars";"-23.80";"167.53";"3d 9h 0m";""
"343";"USDJPY_DukasM1_the5ers";"Buy";"2010.04.30 11:00:00";"94.315";"0.37";"2010.04.30 16:00:00";"94.187";"-32.82";"12205.78";"IS";"TrailingStop";"-30.97";"64.12";"5h 0m";""
"344";"USDJPY_DukasM1_the5ers";"Buy";"2010.05.03 15:00:00";"94.580";"0.34";"2010.05.04 11:00:00";"94.650";"13.64";"12219.42";"IS";"TrailingStop";"-31.13";"87.82";"20h 0m";""
"345";"USDJPY_DukasM1_the5ers";"Buy";"2010.05.05 09:00:00";"94.975";"0.33";"2010.05.05 11:00:00";"94.511";"-101.78";"12117.64";"IS";"SL";"-100.13";"1.08";"2h 0m";""
"346";"USDJPY_DukasM1_the5ers";"Buy";"2010.05.27 16:00:00";"90.670";"0.24";"2010.05.28 16:00:00";"90.978";"46.98";"12164.62";"IS";"TrailingStop";"-5.49";"115.35";"1d 0h 0m";""
"347";"USDJPY_DukasM1_the5ers";"Buy";"2010.05.31 03:00:00";"91.405";"0.27";"2010.05.31 17:00:00";"91.178";"-41.43";"12123.19";"IS";"TrailingStop";"-40.08";"37.08";"14h 0m";""
"348";"USDJPY_DukasM1_the5ers";"Buy";"2010.06.02 04:00:00";"91.615";"0.26";"2010.06.02 07:00:00";"91.217";"-68.97";"12054.22";"IS";"TrailingStop";"-67.67";"28.05";"3h 0m";""
"349";"USDJPY_DukasM1_the5ers";"Buy";"2010.06.04 04:00:00";"92.800";"0.3";"2010.06.04 15:00:00";"92.293";"-100.96";"11953.26";"IS";"SL";"-99.46";"15.69";"11h 0m";""
"350";"USDJPY_DukasM1_the5ers";"Buy";"2010.06.14 05:00:00";"91.920";"0.25";"2010.06.14 21:00:00";"91.645";"-46.21";"11907.06";"IS";"TrailingStop";"-44.96";"31.06";"16h 0m";""
"351";"USDJPY_DukasM1_the5ers";"Buy";"2010.07.08 04:00:00";"88.205";"0.34";"2010.07.08 14:00:00";"88.015";"-43.94";"11863.11";"IS";"TrailingStop";"-42.24";"55.58";"10h 0m";""
"352";"USDJPY_DukasM1_the5ers";"Buy";"2010.07.12 01:00:00";"88.700";"0.38";"2010.07.12 09:00:00";"88.830";"30.40";"11893.52";"IS";"TrailingStop";"-21.12";"111.82";"8h 0m";""
"353";"USDJPY_DukasM1_the5ers";"Buy";"2010.07.26 01:00:00";"87.565";"0.3";"2010.07.26 09:00:00";"87.345";"-44.66";"11848.86";"IS";"TrailingStop";"-43.16";"28.45";"8h 0m";""
"354";"USDJPY_DukasM1_the5ers";"Buy";"2010.07.27 16:00:00";"87.710";"0.37";"2010.07.28 13:00:00";"87.724";"1.30";"11850.15";"IS";"TrailingStop";"-66.54";"97.99";"21h 0m";""
"355";"USDJPY_DukasM1_the5ers";"Buy";"2010.08.13 17:00:00";"86.235";"0.3";"2010.08.16 02:00:00";"85.985";"-50.74";"11799.41";"IS";"TrailingStop";"-49.04";"26.48";"2d 9h 0m";""
"356";"USDJPY_DukasM1_the5ers";"Buy";"2010.08.27 20:00:00";"85.400";"0.35";"2010.08.30 06:00:00";"85.477";"15.64";"11815.06";"IS";"TrailingStop";"-53.78";"114.44";"2d 10h 0m";""
"357";"USDJPY_DukasM1_the5ers";"Buy";"2010.09.03 15:00:00";"84.830";"0.37";"2010.09.03 17:00:00";"84.723";"-27.74";"11787.32";"IS";"TrailingStop";"-25.89";"93.15";"2h 0m";""
"358";"USDJPY_DukasM1_the5ers";"Buy";"2010.09.10 15:00:00";"84.285";"0.33";"2010.09.13 08:00:00";"84.012";"-60.78";"11726.54";"IS";"TrailingStop";"-58.91";"20.50";"2d 17h 0m";""
"359";"USDJPY_DukasM1_the5ers";"Buy";"2010.09.15 04:00:00";"84.380";"0.32";"2010.09.16 04:00:00";"85.303";"190.91";"11917.46";"IS";"TrailingStop";"0.00";"290.86";"1d 0h 0m";""
"360";"USDJPY_DukasM1_the5ers";"Buy";"2010.09.16 15:00:00";"85.770";"0.26";"2010.09.20 01:00:00";"85.703";"-13.03";"11904.42";"IS";"Exit After X Bars";"-29.75";"27.20";"3d 10h 0m";""
"361";"USDJPY_DukasM1_the5ers";"Buy";"2010.10.27 09:00:00";"81.820";"0.43";"2010.10.27 11:00:00";"81.671";"-44.05";"11860.38";"IS";"TrailingStop";"-41.90";"44.99";"2h 0m";""
"362";"USDJPY_DukasM1_the5ers";"Buy";"2010.11.03 15:00:00";"81.399";"0.59";"2010.11.03 20:00:00";"81.161";"-94.77";"11765.60";"IS";"TrailingStop";"-91.82";"38.97";"5h 0m";""
"363";"USDJPY_DukasM1_the5ers";"Buy";"2010.11.09 20:00:00";"81.465";"0.39";"2010.11.10 17:00:00";"82.736";"321.94";"12087.54";"IS";"PT";"-3.83";"324.14";"21h 0m";""
"364";"USDJPY_DukasM1_the5ers";"Buy";"2010.11.15 08:00:00";"82.794";"0.28";"2010.11.15 16:00:00";"82.807";"0.98";"12088.52";"IS";"TrailingStop";"-1.46";"81.48";"8h 0m";""
"365";"USDJPY_DukasM1_the5ers";"Buy";"2010.11.15 22:00:00";"83.239";"0.29";"2010.11.17 07:00:00";"83.420";"32.49";"12121.01";"IS";"Exit After X Bars";"-74.34";"66.37";"1d 9h 0m";""
"366";"USDJPY_DukasM1_the5ers";"Buy";"2010.11.18 17:00:00";"83.589";"0.4";"2010.11.19 07:00:00";"83.355";"-63.47";"12057.55";"IS";"TrailingStop";"-61.21";"49.96";"14h 0m";""
"367";"USDJPY_DukasM1_the5ers";"Buy";"2010.11.23 08:00:00";"83.780";"0.54";"2010.11.23 11:00:00";"83.499";"-101.93";"11955.62";"IS";"SL";"-99.23";"21.89";"3h 0m";""
"368";"USDJPY_DukasM1_the5ers";"Buy";"2010.11.26 04:00:00";"83.842";"0.5";"2010.11.26 12:00:00";"83.742";"-35.20";"11920.42";"IS";"TrailingStop";"-45.77";"39.24";"8h 0m";""
"369";"USDJPY_DukasM1_the5ers";"Buy";"2010.11.26 15:00:00";"83.962";"0.46";"2010.11.29 09:00:00";"83.923";"-14.33";"11906.09";"IS";"TrailingStop";"-30.08";"69.49";"2d 18h 0m";""
"370";"USDJPY_DukasM1_the5ers";"Buy";"2010.12.13 10:00:00";"84.298";"0.37";"2010.12.13 13:00:00";"84.088";"-52.66";"11853.43";"IS";"TrailingStop";"-50.81";"11.86";"3h 0m";""
"371";"USDJPY_DukasM1_the5ers";"Buy";"2010.12.15 21:00:00";"84.347";"0.33";"2010.12.16 10:00:00";"84.100";"-55.60";"11797.83";"IS";"TrailingStop";"-53.30";"34.96";"13h 0m";""
"372";"USDJPY_DukasM1_the5ers";"Buy";"2011.01.05 14:00:00";"82.277";"0.39";"2011.01.06 10:00:00";"83.056";"195.95";"11993.79";"IS";"TrailingStop";"-17.09";"283.34";"20h 0m";""
"373";"USDJPY_DukasM1_the5ers";"Buy";"2011.01.20 17:00:00";"83.060";"0.38";"2011.01.21 08:00:00";"82.778";"-72.22";"11921.56";"IS";"TrailingStop";"-70.07";"15.16";"15h 0m";""
"374";"USDJPY_DukasM1_the5ers";"Buy";"2011.01.27 09:00:00";"82.917";"0.37";"2011.01.28 03:00:00";"82.674";"-60.89";"11860.68";"IS";"TrailingStop";"-59.52";"70.89";"18h 0m";""
"375";"USDJPY_DukasM1_the5ers";"Buy";"2011.02.04 19:00:00";"82.147";"0.37";"2011.02.08 04:00:00";"82.315";"38.31";"11898.99";"IS";"Exit After X Bars";"-1.69";"76.94";"3d 9h 0m";""
"376";"USDJPY_DukasM1_the5ers";"Buy";"2011.02.09 06:00:00";"82.465";"0.41";"2011.02.09 16:00:00";"82.358";"-30.74";"11868.25";"IS";"TrailingStop";"-33.78";"52.55";"10h 0m";""
"377";"USDJPY_DukasM1_the5ers";"Buy";"2011.02.10 08:00:00";"82.661";"0.4";"2011.02.11 17:00:00";"83.376";"184.76";"12053.01";"IS";"Exit After X Bars";"-12.82";"263.14";"1d 9h 0m";""
"378";"USDJPY_DukasM1_the5ers";"Buy";"2011.02.15 14:00:00";"83.667";"0.5";"2011.02.16 11:00:00";"83.595";"-26.37";"12026.65";"IS";"TrailingStop";"-25.50";"79.78";"21h 0m";""
"379";"USDJPY_DukasM1_the5ers";"Buy";"2011.02.16 15:00:00";"83.911";"0.49";"2011.02.16 18:00:00";"83.714";"-65.57";"11961.07";"IS";"TrailingStop";"-63.12";"18.26";"3h 0m";""
"380";"USDJPY_DukasM1_the5ers";"Buy";"2011.03.03 16:00:00";"82.229";"0.52";"2011.03.04 15:00:00";"82.556";"108.25";"12069.33";"IS";"TrailingStop";"0.00";"182.94";"23h 0m";""
"381";"USDJPY_DukasM1_the5ers";"Buy";"2011.03.10 13:00:00";"82.952";"0.49";"2011.03.10 20:00:00";"82.840";"-38.34";"12030.99";"IS";"TrailingStop";"-35.89";"68.89";"7h 0m";""
"382";"USDJPY_DukasM1_the5ers";"Buy";"2011.03.11 08:00:00";"83.167";"0.46";"2011.03.11 09:00:00";"83.012";"-48.92";"11982.06";"IS";"TrailingStop";"-46.62";"37.60";"1h 0m";""
"383";"USDJPY_DukasM1_the5ers";"Buy";"2011.03.25 11:00:00";"81.313";"0.48";"2011.03.25 14:00:00";"80.993";"-102.84";"11879.22";"IS";"SL";"-100.44";"17.58";"3h 0m";""
"384";"USDJPY_DukasM1_the5ers";"Buy";"2011.03.25 18:00:00";"81.369";"0.48";"2011.03.29 02:00:00";"81.561";"57.24";"11936.46";"IS";"TrailingStop";"-23.23";"148.15";"3d 8h 0m";""
"385";"USDJPY_DukasM1_the5ers";"Buy";"2011.03.29 11:00:00";"81.841";"0.5";"2011.03.30 04:00:00";"82.834";"321.84";"12258.30";"IS";"PT";"0.00";"324.67";"17h 0m";""
"386";"USDJPY_DukasM1_the5ers";"Buy";"2011.03.31 22:00:00";"83.208";"0.34";"2011.04.01 09:00:00";"83.426";"46.55";"12304.85";"IS";"TrailingStop";"-22.23";"117.84";"11h 0m";""
"387";"USDJPY_DukasM1_the5ers";"Buy";"2011.04.05 21:00:00";"84.728";"0.38";"2011.04.06 10:00:00";"85.103";"91.04";"12395.88";"IS";"TrailingStop";"0.00";"196.56";"13h 0m";""
"388";"USDJPY_DukasM1_the5ers";"Buy";"2011.04.27 17:00:00";"82.420";"0.36";"2011.04.27 19:00:00";"82.367";"-14.28";"12381.61";"IS";"TrailingStop";"-12.48";"85.93";"2h 0m";""
"389";"USDJPY_DukasM1_the5ers";"Buy";"2011.05.11 14:00:00";"81.084";"0.37";"2011.05.11 18:00:00";"80.969";"-29.67";"12351.93";"IS";"TrailingStop";"-27.82";"57.34";"4h 0m";""
"390";"USDJPY_DukasM1_the5ers";"Buy";"2011.05.12 04:00:00";"81.321";"0.31";"2011.05.12 12:00:00";"80.841";"-98.85";"12253.08";"IS";"SL";"-97.30";"2.84";"8h 0m";""
"391";"USDJPY_DukasM1_the5ers";"Buy";"2011.05.17 08:00:00";"81.335";"0.4";"2011.05.17 16:00:00";"81.408";"17.09";"12270.18";"IS";"TrailingStop";"-3.40";"113.52";"8h 0m";""
"392";"USDJPY_DukasM1_the5ers";"Buy";"2011.05.19 02:00:00";"81.769";"0.36";"2011.05.19 17:00:00";"81.847";"16.56";"12286.74";"IS";"TrailingStop";"-61.91";"107.82";"15h 0m";""
"393";"USDJPY_DukasM1_the5ers";"Buy";"2011.06.13 03:00:00";"80.460";"0.42";"2011.06.13 10:00:00";"80.327";"-38.63";"12248.11";"IS";"TrailingStop";"-36.53";"62.34";"7h 0m";""
"394";"USDJPY_DukasM1_the5ers";"Buy";"2011.06.15 11:00:00";"80.687";"0.46";"2011.06.15 16:00:00";"80.622";"-21.85";"12226.26";"IS";"TrailingStop";"-19.55";"109.79";"5h 0m";""
"395";"USDJPY_DukasM1_the5ers";"Buy";"2011.06.15 22:00:00";"81.052";"0.41";"2011.06.16 10:00:00";"80.680";"-102.59";"12123.67";"IS";"SL";"-99.74";"0.80";"12h 0m";""
"396";"USDJPY_DukasM1_the5ers";"Buy";"2011.06.23 15:00:00";"80.671";"0.64";"2011.06.23 17:00:00";"80.519";"-66.81";"12056.85";"IS";"TrailingStop";"-63.61";"49.80";"2h 0m";""
"397";"USDJPY_DukasM1_the5ers";"Buy";"2011.06.27 03:00:00";"80.790";"0.46";"2011.06.28 03:00:00";"80.735";"-19.14";"12037.71";"IS";"TrailingStop";"-49.63";"56.85";"1d 0h 0m";""
"398";"USDJPY_DukasM1_the5ers";"Buy";"2011.06.28 19:00:00";"80.979";"0.5";"2011.06.29 03:00:00";"80.957";"-10.02";"12027.69";"IS";"TrailingStop";"-8.50";"93.18";"8h 0m";""
"399";"USDJPY_DukasM1_the5ers";"Buy";"2011.07.05 09:00:00";"81.181";"0.51";"2011.07.06 03:00:00";"80.883";"-102.27";"11925.42";"IS";"SL";"-99.38";"0.33";"18h 0m";""
"400";"USDJPY_DukasM1_the5ers";"Buy";"2011.07.07 15:00:00";"81.182";"0.54";"2011.07.08 15:00:00";"81.233";"14.96";"11940.38";"IS";"TrailingStop";"-0.35";"101.70";"1d 0h 0m";""
"401";"USDJPY_DukasM1_the5ers";"Buy";"2011.08.04 04:00:00";"78.030";"0.31";"2011.08.04 10:00:00";"79.638";"324.42";"12264.79";"IS";"PT";"0.00";"325.97";"6h 0m";""
"402";"USDJPY_DukasM1_the5ers";"Buy";"2011.08.19 03:00:00";"76.969";"0.64";"2011.08.19 04:00:00";"76.731";"-102.81";"12161.99";"IS";"SL";"-99.61";"0.00";"1h 0m";""
"403";"USDJPY_DukasM1_the5ers";"Buy";"2011.08.22 05:00:00";"76.962";"0.39";"2011.08.23 11:00:00";"76.570";"-102.18";"12059.81";"IS";"SL";"-99.97";"61.72";"1d 6h 0m";""
"404";"USDJPY_DukasM1_the5ers";"Buy";"2011.08.25 09:00:00";"77.204";"0.49";"2011.08.25 10:00:00";"76.988";"-71.66";"11988.15";"IS";"TrailingStop";"-69.21";"5.45";"1h 0m";""
"405";"USDJPY_DukasM1_the5ers";"Buy";"2011.09.06 11:00:00";"77.235";"0.69";"2011.09.06 12:00:00";"77.122";"-54.44";"11933.72";"IS";"TrailingStop";"-50.99";"167.85";"1h 0m";""
"406";"USDJPY_DukasM1_the5ers";"Buy";"2011.09.09 12:00:00";"77.722";"0.52";"2011.09.09 18:00:00";"77.596";"-45.44";"11888.27";"IS";"TrailingStop";"-42.84";"44.20";"6h 0m";""
"407";"USDJPY_DukasM1_the5ers";"Buy";"2011.09.29 16:00:00";"76.929";"0.48";"2011.09.30 03:00:00";"76.609";"-103.16";"11785.12";"IS";"SL";"-100.44";"28.56";"11h 0m";""
"408";"USDJPY_DukasM1_the5ers";"Buy";"2011.09.30 17:00:00";"77.020";"0.44";"2011.10.03 08:00:00";"76.947";"-23.49";"11761.62";"IS";"TrailingStop";"-21.00";"68.19";"2d 15h 0m";""
"409";"USDJPY_DukasM1_the5ers";"Buy";"2011.10.12 14:00:00";"76.907";"0.62";"2011.10.13 01:00:00";"77.138";"89.34";"11850.96";"IS";"TrailingStop";"0.00";"232.72";"11h 0m";""
"410";"USDJPY_DukasM1_the5ers";"Buy";"2011.10.31 03:00:00";"76.319";"0.56";"2011.10.31 03:00:00";"77.201";"320.18";"12171.15";"IS";"PT";"0.00";"972.61";"0s";""
"411";"USDJPY_DukasM1_the5ers";"Buy";"2011.11.22 03:00:00";"77.146";"0.68";"2011.11.22 09:00:00";"76.990";"-72.77";"12098.38";"IS";"TrailingStop";"-69.37";"81.82";"6h 0m";""
"412";"USDJPY_DukasM1_the5ers";"Buy";"2011.11.23 17:00:00";"77.330";"0.65";"2011.11.23 23:00:00";"77.296";"-17.70";"12080.68";"IS";"TrailingStop";"-14.45";"105.84";"6h 0m";""
"413";"USDJPY_DukasM1_the5ers";"Buy";"2011.11.25 15:00:00";"77.579";"0.6";"2011.11.28 01:00:00";"77.466";"-47.73";"12032.95";"IS";"TrailingStop";"-49.44";"81.61";"2d 10h 0m";""
"414";"USDJPY_DukasM1_the5ers";"Buy";"2011.11.28 15:00:00";"77.787";"0.52";"2011.11.29 06:00:00";"78.035";"81.39";"12114.34";"IS";"TrailingStop";"0.00";"168.32";"15h 0m";""
"415";"USDJPY_DukasM1_the5ers";"Buy";"2011.12.12 11:00:00";"77.853";"0.64";"2011.12.12 17:00:00";"77.798";"-26.22";"12088.12";"IS";"TrailingStop";"-37.67";"60.68";"6h 0m";""
"416";"USDJPY_DukasM1_the5ers";"Buy";"2011.12.13 22:00:00";"77.998";"0.56";"2011.12.15 07:00:00";"78.066";"20.64";"12108.76";"IS";"Exit After X Bars";"-27.83";"57.49";"1d 9h 0m";""
"417";"USDJPY_DukasM1_the5ers";"Buy";"2011.12.19 05:00:00";"78.155";"0.61";"2011.12.19 08:00:00";"77.905";"-102.77";"12005.98";"IS";"SL";"-99.72";"2.79";"3h 0m";""
"418";"USDJPY_DukasM1_the5ers";"Buy";"2011.12.22 15:00:00";"78.162";"0.7";"2011.12.23 05:00:00";"78.072";"-45.15";"11960.83";"IS";"TrailingStop";"-42.11";"27.92";"14h 0m";""
"419";"USDJPY_DukasM1_the5ers";"Buy";"2012.01.06 15:00:00";"77.257";"0.72";"2012.01.06 18:00:00";"77.044";"-103.89";"11856.94";"IS";"SL";"-100.29";"36.25";"3h 0m";""
"420";"USDJPY_DukasM1_the5ers";"Buy";"2012.01.19 18:00:00";"77.121";"0.94";"2012.01.20 00:00:00";"77.070";"-36.66";"11820.28";"IS";"TrailingStop";"-31.35";"121.71";"6h 0m";""
"421";"USDJPY_DukasM1_the5ers";"Buy";"2012.01.24 11:00:00";"77.319";"0.74";"2012.01.25 10:00:00";"77.988";"319.55";"12139.83";"IS";"PT";"-35.32";"323.73";"23h 0m";""
"422";"USDJPY_DukasM1_the5ers";"Buy";"2012.02.06 06:00:00";"76.774";"0.77";"2012.02.06 12:00:00";"76.575";"-104.05";"12035.78";"IS";"SL";"-100.20";"13.09";"6h 0m";""
"423";"USDJPY_DukasM1_the5ers";"Buy";"2012.02.07 13:00:00";"76.800";"0.67";"2012.02.07 21:00:00";"76.738";"-30.51";"12005.26";"IS";"TrailingStop";"-47.32";"72.73";"8h 0m";""
"424";"USDJPY_DukasM1_the5ers";"Buy";"2012.02.08 03:00:00";"76.966";"0.62";"2012.02.08 14:00:00";"76.917";"-22.97";"11982.30";"IS";"TrailingStop";"-19.87";"88.79";"11h 0m";""
"425";"USDJPY_DukasM1_the5ers";"Buy";"2012.02.09 03:00:00";"77.185";"0.52";"2012.02.10 12:00:00";"77.705";"173.88";"12156.18";"IS";"Exit After X Bars";"-25.84";"192.12";"1d 9h 0m";""
"426";"USDJPY_DukasM1_the5ers";"Buy";"2012.02.14 05:00:00";"77.805";"0.57";"2012.02.15 14:00:00";"78.570";"281.92";"12438.09";"IS";"Exit After X Bars";"0.00";"318.69";"1d 9h 0m";""
"427";"USDJPY_DukasM1_the5ers";"Buy";"2012.02.16 10:00:00";"78.660";"0.47";"2012.02.17 19:00:00";"79.344";"207.56";"12645.66";"IS";"Exit After X Bars";"0.00";"226.51";"1d 9h 0m";""
"428";"USDJPY_DukasM1_the5ers";"Buy";"2012.02.24 07:00:00";"80.402";"0.47";"2012.02.27 01:00:00";"81.598";"364.92";"13010.58";"IS";"PT";"-9.53";"388.79";"2d 18h 0m";""
"429";"USDJPY_DukasM1_the5ers";"Buy";"2012.03.02 05:00:00";"81.392";"0.36";"2012.03.05 01:00:00";"81.591";"44.81";"13055.39";"IS";"TrailingStop";"0.00";"112.06";"2d 20h 0m";""
"430";"USDJPY_DukasM1_the5ers";"Buy";"2012.03.09 05:00:00";"81.868";"0.36";"2012.03.12 02:00:00";"82.249";"87.66";"13143.05";"IS";"TrailingStop";"-94.87";"181.50";"2d 21h 0m";""
"431";"USDJPY_DukasM1_the5ers";"Buy";"2012.03.13 10:00:00";"82.639";"0.35";"2012.03.14 19:00:00";"83.665";"232.84";"13375.89";"IS";"Exit After X Bars";"-27.24";"272.13";"1d 9h 0m";""
"432";"USDJPY_DukasM1_the5ers";"Buy";"2012.03.21 11:00:00";"83.941";"0.43";"2012.03.21 16:00:00";"83.807";"-39.83";"13336.07";"IS";"TrailingStop";"-37.68";"42.74";"5h 0m";""
"433";"USDJPY_DukasM1_the5ers";"Buy";"2012.04.18 03:00:00";"81.195";"0.46";"2012.04.18 17:00:00";"81.262";"17.85";"13353.92";"IS";"TrailingStop";"-20.45";"110.70";"14h 0m";""
"434";"USDJPY_DukasM1_the5ers";"Buy";"2012.04.19 09:00:00";"81.563";"0.44";"2012.04.19 15:00:00";"81.472";"-28.38";"13325.54";"IS";"TrailingStop";"-37.40";"49.20";"6h 0m";""
"435";"USDJPY_DukasM1_the5ers";"Buy";"2012.04.20 12:00:00";"81.734";"0.5";"2012.04.20 19:00:00";"81.534";"-67.89";"13257.64";"IS";"TrailingStop";"-65.39";"14.06";"7h 0m";""
"436";"USDJPY_DukasM1_the5ers";"Buy";"2012.05.14 03:00:00";"80.076";"0.59";"2012.05.14 13:00:00";"79.987";"-37.29";"13220.36";"IS";"TrailingStop";"-47.45";"40.90";"10h 0m";""
"437";"USDJPY_DukasM1_the5ers";"Buy";"2012.05.15 20:00:00";"80.182";"0.69";"2012.05.16 19:00:00";"80.273";"37.16";"13257.52";"IS";"TrailingStop";"-27.97";"166.49";"23h 0m";""
"438";"USDJPY_DukasM1_the5ers";"Buy";"2012.06.06 10:00:00";"79.127";"0.47";"2012.06.07 19:00:00";"79.667";"162.69";"13420.21";"IS";"Exit After X Bars";"-60.85";"203.77";"1d 9h 0m";""
"439";"USDJPY_DukasM1_the5ers";"Buy";"2012.06.20 18:00:00";"79.507";"0.54";"2012.06.22 02:00:00";"80.037";"183.04";"13603.25";"IS";"TrailingStop";"-52.97";"290.97";"1d 8h 0m";""
"440";"USDJPY_DukasM1_the5ers";"Buy";"2012.06.22 18:00:00";"80.517";"0.42";"2012.06.25 04:00:00";"80.345";"-49.61";"13553.63";"IS";"TrailingStop";"-47.24";"28.01";"2d 10h 0m";""
"441";"USDJPY_DukasM1_the5ers";"Buy";"2012.06.29 18:00:00";"79.907";"0.51";"2012.07.02 08:00:00";"79.679";"-78.92";"13474.71";"IS";"TrailingStop";"-76.04";"26.68";"2d 14h 0m";""
"442";"USDJPY_DukasM1_the5ers";"Buy";"2012.07.05 04:00:00";"79.987";"0.67";"2012.07.05 06:00:00";"79.890";"-45.85";"13428.86";"IS";"TrailingStop";"-42.50";"45.13";"2h 0m";""
"443";"USDJPY_DukasM1_the5ers";"Buy";"2012.07.05 16:00:00";"80.090";"0.53";"2012.07.06 10:00:00";"79.804";"-102.12";"13326.75";"IS";"SL";"-99.12";"0.69";"18h 0m";""
"444";"USDJPY_DukasM1_the5ers";"Buy";"2012.07.27 17:00:00";"78.448";"0.61";"2012.07.27 23:00:00";"78.421";"-13.82";"13312.93";"IS";"TrailingStop";"-10.77";"90.55";"6h 0m";""
"445";"USDJPY_DukasM1_the5ers";"Buy";"2012.08.03 15:00:00";"78.537";"0.72";"2012.08.03 23:00:00";"78.498";"-21.96";"13290.96";"IS";"TrailingStop";"-18.36";"111.11";"8h 0m";""
"446";"USDJPY_DukasM1_the5ers";"Buy";"2012.08.09 16:00:00";"78.735";"0.55";"2012.08.10 09:00:00";"78.457";"-103.09";"13187.87";"IS";"SL";"-99.98";"19.42";"17h 0m";""
"447";"USDJPY_DukasM1_the5ers";"Buy";"2012.08.14 15:00:00";"78.789";"0.67";"2012.08.14 22:00:00";"78.702";"-41.47";"13146.40";"IS";"TrailingStop";"-38.12";"63.09";"7h 0m";""
"448";"USDJPY_DukasM1_the5ers";"Buy";"2012.09.06 15:00:00";"78.609";"0.96";"2012.09.07 00:00:00";"78.838";"138.33";"13284.73";"IS";"TrailingStop";"0.00";"266.17";"9h 0m";""
"449";"USDJPY_DukasM1_the5ers";"Buy";"2012.09.14 17:00:00";"78.328";"0.46";"2012.09.17 06:00:00";"78.221";"-34.79";"13249.95";"IS";"Exit Signal";"-49.33";"43.62";"2d 13h 0m";""
"450";"USDJPY_DukasM1_the5ers";"Buy";"2012.09.19 06:00:00";"78.924";"0.57";"2012.09.19 10:00:00";"78.937";"2.00";"13251.94";"IS";"TrailingStop";"-3.35";"108.47";"4h 0m";""
"451";"USDJPY_DukasM1_the5ers";"Buy";"2012.09.28 19:00:00";"78.022";"0.77";"2012.09.28 22:00:00";"77.908";"-61.25";"13190.69";"IS";"TrailingStop";"-57.40";"41.79";"3h 0m";""
"452";"USDJPY_DukasM1_the5ers";"Buy";"2012.10.01 16:00:00";"78.105";"0.63";"2012.10.02 17:00:00";"77.995";"-48.88";"13141.81";"IS";"TrailingStop";"-63.03";"44.08";"1d 1h 0m";""
"453";"USDJPY_DukasM1_the5ers";"Buy";"2012.10.05 14:00:00";"78.715";"0.65";"2012.10.05 16:00:00";"78.622";"-42.78";"13099.03";"IS";"TrailingStop";"-39.53";"66.31";"2h 0m";""
"454";"USDJPY_DukasM1_the5ers";"Buy";"2012.10.15 06:00:00";"78.586";"0.63";"2012.10.16 12:00:00";"78.749";"63.59";"13162.62";"IS";"TrailingStop";"-42.02";"142.95";"1d 6h 0m";""
"455";"USDJPY_DukasM1_the5ers";"Buy";"2012.10.17 20:00:00";"78.962";"0.58";"2012.10.18 09:00:00";"78.991";"6.96";"13169.58";"IS";"TrailingStop";"-19.72";"91.78";"13h 0m";""
"456";"USDJPY_DukasM1_the5ers";"Buy";"2012.10.22 06:00:00";"79.460";"0.62";"2012.10.23 04:00:00";"79.821";"142.85";"13312.44";"IS";"TrailingStop";"0.00";"221.77";"22h 0m";""
"457";"USDJPY_DukasM1_the5ers";"Buy";"2012.10.25 07:00:00";"80.007";"0.69";"2012.10.25 17:00:00";"80.102";"39.41";"13351.85";"IS";"TrailingStop";"0.00";"146.19";"10h 0m";""
"458";"USDJPY_DukasM1_the5ers";"Buy";"2012.10.25 21:00:00";"80.331";"0.53";"2012.10.26 02:00:00";"80.160";"-62.26";"13289.59";"IS";"TrailingStop";"-59.26";"15.25";"5h 0m";""
"459";"USDJPY_DukasM1_the5ers";"Buy";"2012.11.02 14:00:00";"80.342";"0.7";"2012.11.02 15:00:00";"80.431";"37.24";"13326.83";"IS";"TrailingStop";"0.00";"150.14";"1h 0m";""
"460";"USDJPY_DukasM1_the5ers";"Buy";"2012.11.14 13:00:00";"80.028";"0.61";"2012.11.15 07:00:00";"80.839";"319.25";"13646.08";"IS";"PT";"-3.19";"323.50";"18h 0m";""
"461";"USDJPY_DukasM1_the5ers";"Buy";"2012.11.20 14:00:00";"81.582";"0.45";"2012.11.21 06:00:00";"81.715";"36.59";"13682.68";"IS";"TrailingStop";"-33.25";"114.47";"16h 0m";""
"462";"USDJPY_DukasM1_the5ers";"Buy";"2012.11.30 09:00:00";"82.619";"0.46";"2012.11.30 17:00:00";"82.444";"-54.94";"13627.74";"IS";"TrailingStop";"-52.64";"38.20";"8h 0m";""
"463";"USDJPY_DukasM1_the5ers";"Buy";"2012.12.07 15:00:00";"82.614";"0.6";"2012.12.07 17:00:00";"82.454";"-65.78";"13561.96";"IS";"TrailingStop";"-62.78";"82.39";"2h 0m";""
"464";"USDJPY_DukasM1_the5ers";"Buy";"2012.12.12 10:00:00";"82.824";"0.62";"2012.12.13 05:00:00";"83.623";"319.62";"13881.58";"IS";"PT";"-22.70";"323.94";"19h 0m";""
"465";"USDJPY_DukasM1_the5ers";"Buy";"2012.12.17 01:00:00";"84.172";"0.4";"2012.12.18 10:00:00";"83.946";"-61.38";"13820.21";"IS";"Exit After X Bars";"-146.74";"9.42";"1d 9h 0m";""
"466";"USDJPY_DukasM1_the5ers";"Buy";"2012.12.19 01:00:00";"84.326";"0.47";"2012.12.19 17:00:00";"84.381";"14.55";"13834.76";"IS";"TrailingStop";"-32.89";"88.51";"16h 0m";""
"467";"USDJPY_DukasM1_the5ers";"Buy";"2012.12.24 16:00:00";"84.614";"0.37";"2012.12.25 02:00:00";"84.745";"29.60";"13864.36";"IS";"TrailingStop";"0.00";"80.09";"10h 0m";""
"468";"USDJPY_DukasM1_the5ers";"Buy";"2012.12.26 00:00:00";"84.945";"0.44";"2012.12.27 09:00:00";"85.759";"231.14";"14095.51";"IS";"Exit After X Bars";"-13.52";"265.86";"1d 9h 0m";""
"469";"USDJPY_DukasM1_the5ers";"Buy";"2012.12.28 00:00:00";"86.146";"0.39";"2012.12.28 10:00:00";"86.226";"18.45";"14113.96";"IS";"TrailingStop";"0.00";"122.92";"10h 0m";""
"470";"USDJPY_DukasM1_the5ers";"Buy";"2012.12.31 18:00:00";"86.628";"0.39";"2013.01.03 01:00:00";"87.323";"174.02";"14287.98";"IS";"Exit After X Bars";"-28.82";"183.11";"2d 7h 0m";""
"471";"USDJPY_DukasM1_the5ers";"Buy";"2013.01.03 21:00:00";"87.352";"0.36";"2013.01.04 15:00:00";"88.037";"159.22";"14447.20";"IS";"TrailingStop";"-49.67";"248.36";"18h 0m";""
"472";"USDJPY_DukasM1_the5ers";"Buy";"2013.01.10 22:00:00";"88.330";"0.35";"2013.01.11 03:00:00";"88.926";"134.43";"14581.63";"IS";"TrailingStop";"-13.50";"232.76";"5h 0m";""
"473";"USDJPY_DukasM1_the5ers";"Buy";"2013.01.11 16:00:00";"89.347";"0.27";"2013.01.14 12:00:00";"89.246";"-19.36";"14562.27";"IS";"TrailingStop";"-83.87";"55.97";"2d 20h 0m";""
"474";"USDJPY_DukasM1_the5ers";"Buy";"2013.01.17 19:00:00";"89.664";"0.23";"2013.01.21 02:00:00";"89.806";"19.91";"14582.18";"IS";"TrailingStop";"-4.81";"87.38";"3d 7h 0m";""
"475";"USDJPY_DukasM1_the5ers";"Buy";"2013.01.24 22:00:00";"90.245";"0.24";"2013.01.24 23:00:00";"90.212";"-6.38";"14575.80";"IS";"Exit Signal";"-5.18";"1.10";"1h 0m";""
"476";"USDJPY_DukasM1_the5ers";"Buy";"2013.01.28 01:00:00";"91.192";"0.28";"2013.01.28 09:00:00";"90.654";"-99.91";"14475.89";"IS";"SL";"-98.51";"11.17";"8h 0m";""
"477";"USDJPY_DukasM1_the5ers";"Buy";"2013.01.30 10:00:00";"91.253";"0.31";"2013.01.30 15:00:00";"91.020";"-48.78";"14427.11";"IS";"TrailingStop";"-47.23";"30.41";"5h 0m";""
"478";"USDJPY_DukasM1_the5ers";"Buy";"2013.01.31 20:00:00";"91.403";"0.34";"2013.02.01 15:00:00";"91.924";"113.91";"14541.02";"IS";"TrailingStop";"-19.79";"196.54";"19h 0m";""
"479";"USDJPY_DukasM1_the5ers";"Buy";"2013.02.01 17:00:00";"92.287";"0.29";"2013.02.04 14:00:00";"92.761";"88.25";"14629.27";"IS";"TrailingStop";"0.00";"168.78";"2d 21h 0m";""
"480";"USDJPY_DukasM1_the5ers";"Buy";"2013.02.05 13:00:00";"93.177";"0.24";"2013.02.06 15:00:00";"93.456";"42.43";"14671.70";"IS";"TrailingStop";"-19.62";"137.64";"1d 2h 0m";""
"481";"USDJPY_DukasM1_the5ers";"Buy";"2013.02.11 23:00:00";"94.054";"0.26";"2013.02.12 15:00:00";"93.857";"-34.96";"14636.74";"IS";"TrailingStop";"-33.49";"68.35";"16h 0m";""
"482";"USDJPY_DukasM1_the5ers";"Buy";"2013.02.25 01:00:00";"94.261";"0.25";"2013.02.25 08:00:00";"94.175";"-15.31";"14621.43";"IS";"Exit Signal";"-48.06";"5.56";"7h 0m";""
"483";"USDJPY_DukasM1_the5ers";"Buy";"2013.03.06 19:00:00";"93.723";"0.4";"2013.03.07 00:00:00";"93.822";"23.11";"14644.54";"IS";"TrailingStop";"0.00";"101.23";"5h 0m";""
"484";"USDJPY_DukasM1_the5ers";"Buy";"2013.03.12 00:00:00";"96.557";"0.36";"2013.03.12 08:00:00";"96.337";"-53.59";"14590.95";"IS";"TrailingStop";"-51.79";"35.31";"8h 0m";""
"485";"USDJPY_DukasM1_the5ers";"Buy";"2013.04.04 08:00:00";"94.371";"0.3";"2013.04.04 17:00:00";"96.006";"319.25";"14910.20";"IS";"PT";"0.00";"320.75";"9h 0m";""
"486";"USDJPY_DukasM1_the5ers";"Buy";"2013.04.05 17:00:00";"97.194";"0.16";"2013.04.09 02:00:00";"99.577";"248.32";"15158.51";"IS";"Exit After X Bars";"-36.41";"254.87";"3d 9h 0m";""
"487";"USDJPY_DukasM1_the5ers";"Buy";"2013.04.10 16:00:00";"99.660";"0.22";"2013.04.11 05:00:00";"99.388";"-40.66";"15117.85";"IS";"TrailingStop";"-39.13";"30.50";"13h 0m";""
"488";"USDJPY_DukasM1_the5ers";"Buy";"2013.04.11 20:00:00";"99.872";"0.24";"2013.04.12 05:00:00";"99.478";"-63.19";"15054.66";"IS";"TrailingStop";"-61.83";"11.61";"9h 0m";""
"489";"USDJPY_DukasM1_the5ers";"Buy";"2013.04.19 05:00:00";"98.572";"0.18";"2013.04.22 14:00:00";"99.716";"133.64";"15188.30";"IS";"Exit After X Bars";"-22.36";"154.31";"3d 9h 0m";""
"490";"USDJPY_DukasM1_the5ers";"Buy";"2013.05.03 15:00:00";"98.708";"0.3";"2013.05.07 00:00:00";"99.311";"116.40";"15304.70";"IS";"Exit After X Bars";"0.00";"145.95";"3d 9h 0m";""
"491";"USDJPY_DukasM1_the5ers";"Buy";"2013.05.09 20:00:00";"99.452";"0.4";"2013.05.09 21:00:00";"100.687";"321.04";"15625.73";"IS";"PT";"0.00";"323.04";"1h 0m";""
"492";"USDJPY_DukasM1_the5ers";"Buy";"2013.05.13 02:00:00";"101.982";"0.24";"2013.05.14 08:00:00";"101.344";"-101.49";"15524.25";"IS";"SL";"-100.13";"26.05";"1d 6h 0m";""
"493";"USDJPY_DukasM1_the5ers";"Buy";"2013.05.14 18:00:00";"102.148";"0.28";"2013.05.15 15:00:00";"102.363";"37.78";"15562.03";"IS";"TrailingStop";"-18.49";"112.24";"21h 0m";""
"494";"USDJPY_DukasM1_the5ers";"Buy";"2013.05.17 16:00:00";"102.761";"0.28";"2013.05.20 01:00:00";"102.601";"-30.88";"15531.15";"IS";"TrailingStop";"-149.59";"99.61";"2d 9h 0m";""
"495";"USDJPY_DukasM1_the5ers";"Buy";"2013.05.22 17:00:00";"103.305";"0.31";"2013.05.22 21:00:00";"103.118";"-39.46";"15491.70";"IS";"TrailingStop";"-37.91";"86.56";"4h 0m";""
"496";"USDJPY_DukasM1_the5ers";"Buy";"2013.06.19 21:00:00";"95.763";"0.23";"2013.06.20 10:00:00";"97.886";"317.70";"15809.40";"OOS1";"PT";"0.00";"319.30";"13h 0m";""
"497";"USDJPY_DukasM1_the5ers";"Buy";"2013.06.24 01:00:00";"98.286";"0.16";"2013.06.24 11:00:00";"98.026";"-28.00";"15781.39";"OOS1";"TrailingStop";"-27.20";"43.32";"10h 0m";""
"498";"USDJPY_DukasM1_the5ers";"Buy";"2013.06.28 03:00:00";"98.700";"0.23";"2013.07.01 12:00:00";"99.582";"131.35";"15912.75";"OOS1";"Exit After X Bars";"-28.28";"153.26";"3d 9h 0m";""
"499";"USDJPY_DukasM1_the5ers";"Buy";"2013.07.02 09:00:00";"99.863";"0.37";"2013.07.03 04:00:00";"100.452";"140.42";"16053.16";"OOS1";"TrailingStop";"-58.07";"239.77";"19h 0m";""
"500";"USDJPY_DukasM1_the5ers";"Buy";"2013.07.05 15:00:00";"100.854";"0.33";"2013.07.08 04:00:00";"101.127";"57.05";"16110.21";"OOS1";"TrailingStop";"-30.86";"146.31";"2d 13h 0m";""
"501";"USDJPY_DukasM1_the5ers";"Buy";"2013.07.18 17:00:00";"100.484";"0.21";"2013.07.19 04:00:00";"100.383";"-15.06";"16095.15";"OOS1";"TrailingStop";"-18.26";"52.32";"11h 0m";""
"502";"USDJPY_DukasM1_the5ers";"Buy";"2013.08.01 15:00:00";"98.894";"0.24";"2013.08.02 15:00:00";"99.450";"85.90";"16181.05";"OOS1";"TrailingStop";"-13.65";"165.26";"1d 0h 0m";""
"503";"USDJPY_DukasM1_the5ers";"Buy";"2013.08.14 08:00:00";"98.341";"0.28";"2013.08.14 17:00:00";"97.996";"-64.57";"16116.49";"OOS1";"TrailingStop";"-63.17";"15.56";"9h 0m";""
"504";"USDJPY_DukasM1_the5ers";"Buy";"2013.08.15 15:00:00";"98.426";"0.26";"2013.08.15 17:00:00";"98.105";"-55.88";"16060.61";"OOS1";"TrailingStop";"-54.58";"37.57";"2h 0m";""
"505";"USDJPY_DukasM1_the5ers";"Buy";"2013.08.22 12:00:00";"98.647";"0.27";"2013.08.23 17:00:00";"98.732";"13.48";"16074.09";"OOS1";"TrailingStop";"-42.55";"88.63";"1d 5h 0m";""
"506";"USDJPY_DukasM1_the5ers";"Buy";"2013.09.02 03:00:00";"98.518";"0.32";"2013.09.03 05:00:00";"99.355";"173.34";"16247.43";"OOS1";"TrailingStop";"-18.00";"246.92";"1d 2h 0m";""
"507";"USDJPY_DukasM1_the5ers";"Buy";"2013.09.03 10:00:00";"99.698";"0.35";"2013.09.03 11:00:00";"99.266";"-100.62";"16146.80";"OOS1";"SL";"-98.87";"0.69";"1h 0m";""
"508";"USDJPY_DukasM1_the5ers";"Buy";"2013.09.03 17:00:00";"99.701";"0.3";"2013.09.03 18:00:00";"99.431";"-54.47";"16092.34";"OOS1";"TrailingStop";"-52.97";"31.39";"1h 0m";""
"509";"USDJPY_DukasM1_the5ers";"Buy";"2013.09.05 07:00:00";"99.861";"0.37";"2013.09.05 09:00:00";"99.596";"-65.97";"16026.37";"OOS1";"TrailingStop";"-64.12";"28.79";"2h 0m";""
"510";"USDJPY_DukasM1_the5ers";"Buy";"2013.09.05 10:00:00";"99.980";"0.34";"2013.09.06 04:00:00";"99.855";"-29.71";"15996.66";"OOS1";"TrailingStop";"-71.15";"54.25";"18h 0m";""
"511";"USDJPY_DukasM1_the5ers";"Buy";"2013.09.10 14:00:00";"100.224";"0.32";"2013.09.11 04:00:00";"100.140";"-19.39";"15977.27";"OOS1";"TrailingStop";"-17.58";"48.55";"14h 0m";""
"512";"USDJPY_DukasM1_the5ers";"Buy";"2013.09.20 15:00:00";"99.611";"0.3";"2013.09.23 04:00:00";"99.103";"-101.35";"15875.92";"OOS1";"SL";"-99.66";"10.99";"2d 13h 0m";""
"513";"USDJPY_DukasM1_the5ers";"Buy";"2013.10.09 21:00:00";"97.481";"0.39";"2013.10.11 01:00:00";"98.008";"131.43";"16007.35";"OOS1";"TrailingStop";"-57.89";"216.01";"1d 4h 0m";""
"514";"USDJPY_DukasM1_the5ers";"Buy";"2013.10.11 19:00:00";"98.551";"0.36";"2013.10.14 15:00:00";"98.128";"-101.61";"15905.73";"OOS1";"SL";"-100.76";"9.65";"2d 20h 0m";""
"515";"USDJPY_DukasM1_the5ers";"Buy";"2013.10.14 23:00:00";"98.592";"0.49";"2013.10.15 07:00:00";"98.438";"-52.12";"15853.62";"OOS1";"TrailingStop";"-49.34";"35.89";"8h 0m";""
"516";"USDJPY_DukasM1_the5ers";"Buy";"2013.10.15 18:00:00";"98.704";"0.47";"2013.10.15 21:00:00";"98.382";"-101.31";"15752.30";"OOS1";"SL";"-98.96";"0.00";"3h 0m";""
"517";"USDJPY_DukasM1_the5ers";"Buy";"2013.10.16 16:00:00";"98.704";"0.37";"2013.10.16 20:00:00";"98.611";"-24.35";"15727.95";"OOS1";"TrailingStop";"-22.50";"63.87";"4h 0m";""
"518";"USDJPY_DukasM1_the5ers";"Buy";"2013.10.29 13:00:00";"97.788";"0.49";"2013.10.30 14:00:00";"98.079";"90.47";"15818.42";"OOS1";"TrailingStop";"0.00";"166.94";"1d 1h 0m";""
"519";"USDJPY_DukasM1_the5ers";"Buy";"2013.10.30 20:00:00";"98.309";"0.49";"2013.10.31 03:00:00";"98.366";"14.85";"15833.28";"OOS1";"TrailingStop";"0.00";"117.27";"7h 0m";""
"520";"USDJPY_DukasM1_the5ers";"Buy";"2013.11.01 16:00:00";"98.675";"0.4";"2013.11.05 02:00:00";"98.634";"-13.25";"15820.03";"OOS1";"Exit After X Bars";"-36.88";"45.77";"3d 10h 0m";""
"521";"USDJPY_DukasM1_the5ers";"Buy";"2013.11.07 15:00:00";"98.850";"0.58";"2013.11.07 16:00:00";"99.161";"115.05";"15935.08";"OOS1";"TrailingStop";"0.00";"212.01";"1h 0m";""
"522";"USDJPY_DukasM1_the5ers";"Buy";"2013.11.12 03:00:00";"99.409";"0.49";"2013.11.12 19:00:00";"99.511";"30.23";"15965.32";"OOS1";"TrailingStop";"0.00";"124.00";"16h 0m";""
"523";"USDJPY_DukasM1_the5ers";"Buy";"2013.11.14 10:00:00";"99.796";"0.36";"2013.11.15 08:00:00";"99.961";"36.81";"16002.12";"OOS1";"TrailingStop";"-2.82";"119.35";"22h 0m";""
"524";"USDJPY_DukasM1_the5ers";"Buy";"2013.11.15 10:00:00";"100.303";"0.35";"2013.11.15 16:00:00";"100.125";"-42.49";"15959.63";"OOS1";"TrailingStop";"-40.74";"29.07";"6h 0m";""
"525";"USDJPY_DukasM1_the5ers";"Buy";"2013.11.21 02:00:00";"100.430";"0.35";"2013.11.22 07:00:00";"101.000";"128.48";"16088.11";"OOS1";"TrailingStop";"-27.69";"211.02";"1d 5h 0m";""
"526";"USDJPY_DukasM1_the5ers";"Buy";"2013.11.27 16:00:00";"101.917";"0.4";"2013.11.28 02:00:00";"101.981";"13.96";"16102.07";"OOS1";"TrailingStop";"0.00";"93.38";"10h 0m";""
"527";"USDJPY_DukasM1_the5ers";"Buy";"2013.11.28 13:00:00";"102.274";"0.42";"2013.11.29 06:00:00";"102.346";"17.40";"16119.47";"OOS1";"TrailingStop";"-21.97";"92.01";"17h 0m";""
"528";"USDJPY_DukasM1_the5ers";"Buy";"2013.12.02 10:00:00";"102.609";"0.49";"2013.12.03 02:00:00";"102.870";"80.86";"16200.33";"OOS1";"TrailingStop";"0.00";"165.98";"16h 0m";""
"529";"USDJPY_DukasM1_the5ers";"Buy";"2013.12.03 03:00:00";"103.127";"0.45";"2013.12.03 09:00:00";"103.045";"-26.38";"16173.95";"OOS1";"TrailingStop";"-24.13";"73.57";"6h 0m";""
"530";"USDJPY_DukasM1_the5ers";"Buy";"2013.12.10 02:00:00";"103.377";"0.28";"2013.12.10 10:00:00";"103.137";"-45.34";"16128.60";"OOS1";"TrailingStop";"-43.94";"2.38";"8h 0m";""
"531";"USDJPY_DukasM1_the5ers";"Buy";"2013.12.12 23:00:00";"103.390";"0.3";"2013.12.13 11:00:00";"103.488";"17.53";"16146.13";"OOS1";"TrailingStop";"-7.85";"103.78";"12h 0m";""
"532";"USDJPY_DukasM1_the5ers";"Buy";"2013.12.18 22:00:00";"103.919";"0.35";"2013.12.19 04:00:00";"103.855";"-17.08";"16129.05";"OOS1";"TrailingStop";"-14.65";"101.62";"6h 0m";""
"533";"USDJPY_DukasM1_the5ers";"Buy";"2013.12.26 02:00:00";"104.634";"0.59";"2013.12.27 06:00:00";"104.770";"49.13";"16178.18";"OOS1";"TrailingStop";"-3.09";"150.08";"1d 4h 0m";""
"534";"USDJPY_DukasM1_the5ers";"Buy";"2014.01.02 13:00:00";"105.412";"0.5";"2014.01.02 15:00:00";"105.110";"-101.24";"16076.94";"OOS1";"SL";"-98.74";"9.48";"2h 0m";""
"535";"USDJPY_DukasM1_the5ers";"Buy";"2014.01.10 15:00:00";"105.125";"0.43";"2014.01.10 15:00:00";"104.772";"-101.41";"15975.53";"OOS1";"SL";"-99.26";"59.05";"0s";""
"536";"USDJPY_DukasM1_the5ers";"Buy";"2014.01.23 02:00:00";"104.747";"0.34";"2014.01.23 06:00:00";"104.299";"-101.31";"15874.23";"OOS1";"SL";"-99.61";"20.90";"4h 0m";""
"537";"USDJPY_DukasM1_the5ers";"Buy";"2014.02.07 15:00:00";"102.409";"0.29";"2014.02.07 15:00:00";"101.893";"-99.30";"15774.93";"OOS1";"SL";"-97.85";"17.64";"0s";""
"538";"USDJPY_DukasM1_the5ers";"Buy";"2014.02.07 16:00:00";"102.502";"0.26";"2014.02.10 09:00:00";"102.202";"-52.48";"15722.45";"OOS1";"TrailingStop";"-71.07";"23.80";"2d 17h 0m";""
"539";"USDJPY_DukasM1_the5ers";"Buy";"2014.02.11 15:00:00";"102.642";"0.43";"2014.02.11 15:00:00";"102.286";"-102.25";"15620.20";"OOS1";"SL";"-100.10";"8.15";"0s";""
"540";"USDJPY_DukasM1_the5ers";"Buy";"2014.02.11 19:00:00";"102.671";"0.37";"2014.02.12 13:00:00";"102.258";"-102.02";"15518.18";"OOS1";"SL";"-99.93";"7.02";"18h 0m";""
"541";"USDJPY_DukasM1_the5ers";"Buy";"2014.02.18 07:00:00";"102.700";"0.36";"2014.02.18 17:00:00";"102.282";"-100.20";"15417.98";"OOS1";"SL";"-98.40";"9.65";"10h 0m";""
"542";"USDJPY_DukasM1_the5ers";"Buy";"2014.02.21 16:00:00";"102.741";"0.37";"2014.02.24 05:00:00";"102.328";"-102.02";"15315.96";"OOS1";"SL";"-99.93";"20.81";"2d 13h 0m";""
"543";"USDJPY_DukasM1_the5ers";"Buy";"2014.03.06 03:00:00";"102.548";"0.46";"2014.03.07 10:00:00";"102.857";"90.35";"15406.31";"OOS1";"TrailingStop";"-24.97";"186.20";"1d 7h 0m";""
"544";"USDJPY_DukasM1_the5ers";"Buy";"2014.03.07 15:00:00";"103.167";"0.52";"2014.03.07 16:00:00";"103.455";"95.33";"15501.64";"OOS1";"TrailingStop";"0.00";"202.32";"1h 0m";""
"545";"USDJPY_DukasM1_the5ers";"Buy";"2014.03.28 16:00:00";"102.487";"0.49";"2014.03.31 17:00:00";"103.113";"197.81";"15699.45";"OOS1";"TrailingStop";"0.00";"304.40";"3d 1h 0m";""
"546";"USDJPY_DukasM1_the5ers";"Buy";"2014.04.01 16:00:00";"103.437";"0.49";"2014.04.02 15:00:00";"103.660";"68.68";"15768.14";"OOS1";"TrailingStop";"-23.39";"159.57";"23h 0m";""
"547";"USDJPY_DukasM1_the5ers";"Buy";"2014.04.03 16:00:00";"104.069";"0.56";"2014.04.04 15:00:00";"103.794";"-103.87";"15664.27";"OOS1";"SL";"-100.70";"21.24";"23h 0m";""
"548";"USDJPY_DukasM1_the5ers";"Buy";"2014.04.16 04:00:00";"102.135";"0.38";"2014.04.17 03:00:00";"102.106";"-9.85";"15654.41";"OOS1";"TrailingStop";"-11.43";"57.15";"23h 0m";""
"549";"USDJPY_DukasM1_the5ers";"Buy";"2014.04.17 19:00:00";"102.365";"0.54";"2014.04.21 04:00:00";"102.580";"72.51";"15726.93";"OOS1";"Exit After X Bars";"-18.72";"92.16";"3d 9h 0m";""
"550";"USDJPY_DukasM1_the5ers";"Buy";"2014.04.22 02:00:00";"102.708";"0.83";"2014.04.22 08:00:00";"102.522";"-105.10";"15621.83";"OOS1";"SL";"-100.95";"8.14";"6h 0m";""
"551";"USDJPY_DukasM1_the5ers";"Buy";"2014.04.29 13:00:00";"102.692";"0.56";"2014.04.29 17:00:00";"102.586";"-41.62";"15580.21";"OOS1";"TrailingStop";"-38.82";"32.59";"4h 0m";""
"552";"USDJPY_DukasM1_the5ers";"Buy";"2014.05.02 15:00:00";"102.781";"0.59";"2014.05.02 17:00:00";"102.603";"-71.62";"15508.58";"OOS1";"TrailingStop";"-68.67";"92.21";"2h 0m";""
"553";"USDJPY_DukasM1_the5ers";"Buy";"2014.05.12 21:00:00";"102.189";"0.49";"2014.05.13 15:00:00";"102.208";"3.32";"15511.90";"OOS1";"TrailingStop";"-24.67";"55.75";"18h 0m";""
"554";"USDJPY_DukasM1_the5ers";"Buy";"2014.05.22 06:00:00";"101.671";"0.48";"2014.05.22 13:00:00";"101.480";"-62.35";"15449.55";"OOS1";"TrailingStop";"-59.95";"27.62";"7h 0m";""
"555";"USDJPY_DukasM1_the5ers";"Buy";"2014.05.23 12:00:00";"101.857";"0.6";"2014.05.26 21:00:00";"101.919";"20.93";"15470.48";"OOS1";"Exit After X Bars";"-34.53";"76.12";"3d 9h 0m";""
"556";"USDJPY_DukasM1_the5ers";"Buy";"2014.05.27 17:00:00";"102.051";"0.82";"2014.05.27 21:00:00";"101.985";"-39.49";"15430.99";"OOS1";"TrailingStop";"-35.39";"47.72";"4h 0m";""
"557";"USDJPY_DukasM1_the5ers";"Buy";"2014.06.02 15:00:00";"102.140";"0.62";"2014.06.03 09:00:00";"102.272";"50.01";"15481.01";"OOS1";"TrailingStop";"-38.52";"138.66";"18h 0m";""
"558";"USDJPY_DukasM1_the5ers";"Buy";"2014.06.18 21:00:00";"102.308";"0.74";"2014.06.18 21:00:00";"102.100";"-104.35";"15376.65";"OOS1";"SL";"-100.65";"21.29";"0s";""
"559";"USDJPY_DukasM1_the5ers";"Buy";"2014.07.02 15:00:00";"101.744";"0.95";"2014.07.04 00:00:00";"102.185";"266.72";"15643.38";"OOS1";"Exit After X Bars";"-33.55";"324.28";"1d 9h 0m";""
"560";"USDJPY_DukasM1_the5ers";"Buy";"2014.07.24 13:00:00";"101.603";"0.99";"2014.07.25 16:00:00";"101.789";"114.82";"15758.19";"OOS1";"TrailingStop";"0.00";"216.87";"1d 3h 0m";""
"561";"USDJPY_DukasM1_the5ers";"Buy";"2014.08.13 18:00:00";"102.511";"0.65";"2014.08.14 10:00:00";"102.455";"-28.33";"15729.87";"OOS1";"TrailingStop";"-47.18";"61.21";"16h 0m";""
"562";"USDJPY_DukasM1_the5ers";"Buy";"2014.08.15 15:00:00";"102.655";"0.75";"2014.08.15 17:00:00";"102.450";"-104.29";"15625.58";"OOS1";"SL";"-100.54";"29.92";"2h 0m";""
"563";"USDJPY_DukasM1_the5ers";"Buy";"2014.08.19 15:00:00";"102.716";"0.93";"2014.08.20 08:00:00";"103.252";"320.71";"15946.28";"OOS1";"PT";"-14.60";"325.97";"17h 0m";""
"564";"USDJPY_DukasM1_the5ers";"Buy";"2014.08.22 17:00:00";"103.959";"0.54";"2014.08.22 21:00:00";"103.856";"-39.07";"15907.21";"OOS1";"TrailingStop";"-36.37";"82.63";"4h 0m";""
"565";"USDJPY_DukasM1_the5ers";"Buy";"2014.08.25 01:00:00";"104.215";"0.46";"2014.08.25 11:00:00";"104.012";"-63.36";"15843.85";"OOS1";"TrailingStop";"-61.06";"17.15";"10h 0m";""
"566";"USDJPY_DukasM1_the5ers";"Buy";"2014.09.01 01:00:00";"104.184";"0.71";"2014.09.01 11:00:00";"104.149";"-19.80";"15824.05";"OOS1";"Exit Signal";"-38.54";"12.54";"10h 0m";""
"567";"USDJPY_DukasM1_the5ers";"Buy";"2014.09.04 19:00:00";"105.309";"0.45";"2014.09.05 04:00:00";"105.329";"3.34";"15827.39";"OOS1";"TrailingStop";"-60.62";"116.53";"9h 0m";""
"568";"USDJPY_DukasM1_the5ers";"Buy";"2014.09.08 18:00:00";"105.705";"0.48";"2014.09.09 15:00:00";"106.062";"109.34";"15936.73";"OOS1";"TrailingStop";"-28.88";"214.69";"21h 0m";""
"569";"USDJPY_DukasM1_the5ers";"Buy";"2014.09.10 07:00:00";"106.473";"0.4";"2014.09.11 15:00:00";"106.861";"98.70";"16035.44";"OOS1";"TrailingStop";"-34.00";"178.13";"1d 8h 0m";""
"570";"USDJPY_DukasM1_the5ers";"Buy";"2014.09.11 17:00:00";"107.154";"0.34";"2014.09.11 17:00:00";"106.709";"-100.64";"15934.80";"OOS1";"SL";"-98.94";"9.56";"0s";""
"571";"USDJPY_DukasM1_the5ers";"Buy";"2014.09.17 17:00:00";"107.394";"0.51";"2014.09.17 22:00:00";"108.358";"318.94";"16253.74";"OOS1";"PT";"-4.67";"321.49";"5h 0m";""
"572";"USDJPY_DukasM1_the5ers";"Buy";"2014.09.19 04:00:00";"108.960";"0.37";"2014.09.19 11:00:00";"108.878";"-21.69";"16232.05";"OOS1";"TrailingStop";"-19.84";"120.73";"7h 0m";""
"573";"USDJPY_DukasM1_the5ers";"Buy";"2014.09.26 19:00:00";"109.371";"0.33";"2014.09.29 14:00:00";"109.369";"-2.30";"16229.75";"OOS1";"TrailingStop";"-32.37";"80.71";"2d 19h 0m";""
"574";"USDJPY_DukasM1_the5ers";"Buy";"2014.09.30 14:00:00";"109.745";"0.4";"2014.09.30 16:00:00";"109.554";"-51.96";"16177.79";"OOS1";"TrailingStop";"-49.96";"26.42";"2h 0m";""
"575";"USDJPY_DukasM1_the5ers";"Buy";"2014.10.01 04:00:00";"109.846";"0.41";"2014.10.01 15:00:00";"109.677";"-47.36";"16130.43";"OOS1";"TrailingStop";"-45.31";"64.61";"11h 0m";""
"576";"USDJPY_DukasM1_the5ers";"Buy";"2014.10.23 11:00:00";"107.392";"0.37";"2014.10.24 03:00:00";"108.013";"148.16";"16278.59";"OOS1";"TrailingStop";"0.00";"232.27";"16h 0m";""
"577";"USDJPY_DukasM1_the5ers";"Buy";"2014.10.29 20:00:00";"108.339";"0.52";"2014.10.30 10:00:00";"109.292";"320.44";"16599.03";"OOS1";"PT";"0.00";"324.06";"14h 0m";""
"578";"USDJPY_DukasM1_the5ers";"Buy";"2014.10.30 14:00:00";"109.307";"0.4";"2014.10.30 14:00:00";"108.931";"-100.35";"16498.68";"OOS1";"SL";"-98.35";"11.77";"0s";""
"579";"USDJPY_DukasM1_the5ers";"Buy";"2014.10.30 19:00:00";"109.352";"0.35";"2014.10.31 07:00:00";"110.742";"316.15";"16814.83";"OOS1";"PT";"-43.26";"318.13";"12h 0m";""
"580";"USDJPY_DukasM1_the5ers";"Buy";"2014.11.03 12:00:00";"112.984";"0.22";"2014.11.03 21:00:00";"113.670";"97.59";"16912.42";"OOS1";"TrailingStop";"0.00";"177.09";"9h 0m";""
"581";"USDJPY_DukasM1_the5ers";"Buy";"2014.11.05 07:00:00";"114.215";"0.23";"2014.11.06 06:00:00";"114.795";"85.63";"16998.05";"OOS1";"TrailingStop";"-12.18";"195.52";"23h 0m";""
"582";"USDJPY_DukasM1_the5ers";"Buy";"2014.11.07 15:00:00";"115.515";"0.26";"2014.11.07 15:00:00";"114.943";"-98.55";"16899.50";"OOS1";"SL";"-97.25";"9.69";"0s";""
"583";"USDJPY_DukasM1_the5ers";"Buy";"2014.11.11 09:00:00";"115.572";"0.22";"2014.11.11 18:00:00";"115.531";"-7.00";"16892.51";"OOS1";"TrailingStop";"-5.90";"76.25";"9h 0m";""
"584";"USDJPY_DukasM1_the5ers";"Buy";"2014.11.14 02:00:00";"116.102";"0.24";"2014.11.14 03:00:00";"115.728";"-59.90";"16832.61";"OOS1";"TrailingStop";"-58.70";"15.07";"1h 0m";""
"585";"USDJPY_DukasM1_the5ers";"Buy";"2014.11.17 01:00:00";"116.825";"0.24";"2014.11.17 02:00:00";"116.406";"-66.96";"16765.65";"OOS1";"TrailingStop";"-65.76";"35.63";"1h 0m";""
"586";"USDJPY_DukasM1_the5ers";"Buy";"2014.11.18 12:00:00";"117.052";"0.24";"2014.11.18 12:00:00";"116.419";"-100.54";"16665.11";"OOS1";"SL";"-99.34";"0.00";"0s";""
"587";"USDJPY_DukasM1_the5ers";"Buy";"2014.11.19 02:00:00";"117.052";"0.24";"2014.11.19 21:00:00";"117.420";"56.55";"16721.66";"OOS1";"TrailingStop";"-24.17";"113.78";"19h 0m";""
"588";"USDJPY_DukasM1_the5ers";"Buy";"2014.11.28 17:00:00";"118.572";"0.37";"2014.12.01 09:00:00";"118.641";"14.60";"16736.27";"OOS1";"TrailingStop";"-8.71";"110.09";"2d 16h 0m";""
"589";"USDJPY_DukasM1_the5ers";"Buy";"2014.12.01 10:00:00";"119.027";"0.34";"2014.12.01 10:00:00";"118.581";"-100.86";"16635.40";"OOS1";"SL";"-99.16";"26.01";"0s";""
"590";"USDJPY_DukasM1_the5ers";"Buy";"2014.12.02 14:00:00";"119.144";"0.29";"2014.12.03 23:00:00";"119.802";"123.14";"16758.54";"OOS1";"Exit After X Bars";"-19.91";"136.54";"1d 9h 0m";""
"591";"USDJPY_DukasM1_the5ers";"Buy";"2014.12.04 16:00:00";"119.981";"0.42";"2014.12.04 18:00:00";"119.623";"-100.42";"16658.12";"OOS1";"SL";"-98.32";"74.15";"2h 0m";""
"592";"USDJPY_DukasM1_the5ers";"Buy";"2014.12.05 10:00:00";"120.251";"0.37";"2014.12.05 15:00:00";"120.362";"25.01";"16683.13";"OOS1";"TrailingStop";"0.00";"105.73";"5h 0m";""
"593";"USDJPY_DukasM1_the5ers";"Buy";"2014.12.19 18:00:00";"119.502";"0.19";"2014.12.23 03:00:00";"120.104";"73.60";"16756.73";"OOS1";"Exit After X Bars";"-23.61";"84.49";"3d 9h 0m";""
"594";"USDJPY_DukasM1_the5ers";"Buy";"2015.01.02 16:00:00";"120.734";"0.28";"2015.01.02 17:00:00";"120.686";"-10.19";"16746.54";"OOS1";"Exit Signal";"-8.79";"1.28";"1h 0m";""
"595";"USDJPY_DukasM1_the5ers";"Buy";"2015.01.20 14:00:00";"118.769";"0.16";"2015.01.21 04:00:00";"118.363";"-43.38";"16703.15";"OOS1";"TrailingStop";"-54.30";"10.25";"14h 0m";""
"596";"USDJPY_DukasM1_the5ers";"Buy";"2015.02.06 15:00:00";"117.998";"0.4";"2015.02.09 04:00:00";"118.760";"197.05";"16900.21";"OOS1";"TrailingStop";"0.00";"319.90";"2d 13h 0m";""
"597";"USDJPY_DukasM1_the5ers";"Buy";"2015.02.10 15:00:00";"119.221";"0.32";"2015.02.12 00:00:00";"120.442";"253.06";"17153.27";"OOS1";"Exit After X Bars";"-0.84";"262.61";"1d 9h 0m";""
"598";"USDJPY_DukasM1_the5ers";"Buy";"2015.02.24 11:00:00";"119.415";"0.39";"2015.02.24 17:00:00";"119.441";"4.68";"17157.95";"OOS1";"TrailingStop";"0.00";"107.88";"6h 0m";""
"599";"USDJPY_DukasM1_the5ers";"Buy";"2015.03.02 01:00:00";"119.838";"0.41";"2015.03.02 14:00:00";"119.687";"-42.53";"17115.42";"OOS1";"TrailingStop";"-40.48";"34.05";"13h 0m";""
"600";"USDJPY_DukasM1_the5ers";"Buy";"2015.03.02 17:00:00";"119.965";"0.41";"2015.03.03 03:00:00";"119.965";"-2.32";"17113.10";"OOS1";"TrailingStop";"0.00";"80.16";"10h 0m";""
"601";"USDJPY_DukasM1_the5ers";"Buy";"2015.03.05 15:00:00";"120.264";"0.42";"2015.03.06 15:00:00";"119.905";"-100.97";"17012.13";"OOS1";"SL";"-98.60";"35.70";"1d 0h 0m";""
"602";"USDJPY_DukasM1_the5ers";"Buy";"2015.03.09 18:00:00";"121.280";"0.32";"2015.03.10 12:00:00";"121.553";"55.32";"17067.44";"OOS1";"TrailingStop";"-34.11";"155.89";"18h 0m";""
"603";"USDJPY_DukasM1_the5ers";"Buy";"2015.03.30 15:00:00";"119.983";"0.31";"2015.03.31 09:00:00";"119.963";"-5.81";"17061.63";"OOS1";"TrailingStop";"-32.64";"77.23";"18h 0m";""
"604";"USDJPY_DukasM1_the5ers";"Buy";"2015.04.07 17:00:00";"120.328";"0.44";"2015.04.08 01:00:00";"120.303";"-9.68";"17051.96";"OOS1";"Exit Signal";"-28.48";"33.95";"8h 0m";""
"605";"USDJPY_DukasM1_the5ers";"Buy";"2015.04.09 20:00:00";"120.446";"0.33";"2015.04.10 11:00:00";"120.372";"-17.83";"17034.12";"OOS1";"TrailingStop";"-15.97";"63.01";"15h 0m";""
"606";"USDJPY_DukasM1_the5ers";"Buy";"2015.04.13 11:00:00";"120.738";"0.38";"2015.04.13 15:00:00";"120.506";"-59.55";"16974.57";"OOS1";"TrailingStop";"-57.65";"26.34";"4h 0m";""
"607";"USDJPY_DukasM1_the5ers";"Buy";"2015.04.21 11:00:00";"119.744";"0.31";"2015.04.21 18:00:00";"119.431";"-65.00";"16909.57";"OOS1";"TrailingStop";"-88.38";"18.04";"7h 0m";""
"608";"USDJPY_DukasM1_the5ers";"Buy";"2015.04.22 17:00:00";"119.833";"0.37";"2015.04.23 07:00:00";"119.798";"-11.04";"16898.53";"OOS1";"TrailingStop";"-8.47";"62.91";"14h 0m";""
"609";"USDJPY_DukasM1_the5ers";"Buy";"2015.04.23 14:00:00";"120.093";"0.4";"2015.04.23 17:00:00";"119.711";"-101.92";"16796.61";"OOS1";"SL";"-99.92";"0.00";"3h 0m";""
"610";"USDJPY_DukasM1_the5ers";"Buy";"2015.04.30 16:00:00";"119.433";"0.3";"2015.04.30 21:00:00";"119.478";"7.33";"16803.94";"OOS1";"TrailingStop";"-2.16";"90.44";"5h 0m";""
"611";"USDJPY_DukasM1_the5ers";"Buy";"2015.05.05 11:00:00";"120.286";"0.53";"2015.05.05 15:00:00";"120.275";"-6.46";"16797.47";"OOS1";"TrailingStop";"-12.82";"75.90";"4h 0m";""
"612";"USDJPY_DukasM1_the5ers";"Buy";"2015.05.12 08:00:00";"120.233";"0.45";"2015.05.12 13:00:00";"119.898";"-100.83";"16696.64";"OOS1";"SL";"-98.58";"12.65";"5h 0m";""
"613";"USDJPY_DukasM1_the5ers";"Buy";"2015.05.19 15:00:00";"120.236";"0.37";"2015.05.20 15:00:00";"120.758";"124.21";"16820.85";"OOS1";"TrailingStop";"0.00";"208.80";"1d 0h 0m";""
"614";"USDJPY_DukasM1_the5ers";"Buy";"2015.05.22 15:00:00";"121.478";"0.39";"2015.05.25 13:00:00";"121.452";"-8.84";"16812.02";"OOS1";"TrailingStop";"-38.51";"76.00";"2d 22h 0m";""
"615";"USDJPY_DukasM1_the5ers";"Buy";"2015.05.26 04:00:00";"121.776";"0.59";"2015.05.26 09:00:00";"122.611";"319.20";"17131.22";"OOS1";"PT";"-27.39";"322.15";"5h 0m";""
"616";"USDJPY_DukasM1_the5ers";"Buy";"2015.05.27 12:00:00";"123.320";"0.31";"2015.05.28 08:00:00";"123.757";"86.43";"17217.65";"OOS1";"TrailingStop";"0.00";"198.26";"20h 0m";""
"617";"USDJPY_DukasM1_the5ers";"Buy";"2015.05.28 14:00:00";"124.298";"0.22";"2015.05.28 19:00:00";"123.852";"-65.26";"17152.38";"OOS1";"TrailingStop";"-64.16";"23.31";"5h 0m";""
"618";"USDJPY_DukasM1_the5ers";"Buy";"2015.06.01 17:00:00";"124.460";"0.3";"2015.06.02 08:00:00";"124.545";"14.98";"17167.36";"OOS1";"TrailingStop";"0.00";"116.33";"15h 0m";""
"619";"USDJPY_DukasM1_the5ers";"Buy";"2015.06.05 15:00:00";"125.053";"0.28";"2015.06.08 05:00:00";"125.317";"46.75";"17214.12";"OOS1";"TrailingStop";"0.00";"146.48";"2d 14h 0m";""
"620";"USDJPY_DukasM1_the5ers";"Buy";"2015.06.17 17:00:00";"124.133";"0.52";"2015.06.17 21:00:00";"124.015";"-42.72";"17171.39";"OOS1";"TrailingStop";"-40.12";"103.71";"4h 0m";""
"621";"USDJPY_DukasM1_the5ers";"Buy";"2015.06.24 17:00:00";"124.184";"0.33";"2015.06.24 19:00:00";"124.030";"-34.88";"17136.51";"OOS1";"TrailingStop";"-33.23";"41.22";"2h 0m";""
"622";"USDJPY_DukasM1_the5ers";"Buy";"2015.07.13 09:00:00";"122.882";"0.25";"2015.07.14 08:00:00";"123.357";"76.24";"17212.75";"OOS1";"TrailingStop";"-1.96";"138.63";"23h 0m";""
"623";"USDJPY_DukasM1_the5ers";"Buy";"2015.07.15 15:00:00";"123.730";"0.43";"2015.07.15 21:00:00";"123.662";"-21.27";"17191.48";"OOS1";"TrailingStop";"-19.12";"67.48";"6h 0m";""
"624";"USDJPY_DukasM1_the5ers";"Buy";"2015.07.16 01:00:00";"123.970";"0.42";"2015.07.16 17:00:00";"123.907";"-19.40";"17172.08";"OOS1";"TrailingStop";"-62.62";"57.40";"16h 0m";""
"625";"USDJPY_DukasM1_the5ers";"Buy";"2015.07.17 02:00:00";"124.179";"0.42";"2015.07.17 08:00:00";"123.997";"-52.09";"17119.99";"OOS1";"TrailingStop";"-49.99";"14.01";"6h 0m";""
"626";"USDJPY_DukasM1_the5ers";"Buy";"2015.07.20 16:00:00";"124.370";"0.63";"2015.07.21 11:00:00";"124.283";"-39.40";"17080.59";"OOS1";"TrailingStop";"-83.63";"44.08";"19h 0m";""
"627";"USDJPY_DukasM1_the5ers";"Buy";"2015.07.30 04:00:00";"124.186";"0.5";"2015.07.30 22:00:00";"124.144";"-16.23";"17064.36";"OOS1";"TrailingStop";"-44.14";"129.48";"18h 0m";""
"628";"USDJPY_DukasM1_the5ers";"Buy";"2015.08.05 16:00:00";"124.477";"0.45";"2015.08.05 21:00:00";"124.725";"70.73";"17135.08";"OOS1";"TrailingStop";"0.00";"156.84";"5h 0m";""
"629";"USDJPY_DukasM1_the5ers";"Buy";"2015.08.07 15:00:00";"125.010";"0.59";"2015.08.07 16:00:00";"124.788";"-88.60";"17046.48";"OOS1";"TrailingStop";"-85.65";"23.15";"1h 0m";""
"630";"USDJPY_DukasM1_the5ers";"Buy";"2015.08.11 10:00:00";"125.070";"0.42";"2015.08.12 08:00:00";"124.978";"-27.64";"17018.84";"OOS1";"TrailingStop";"-97.22";"57.68";"22h 0m";""
"631";"USDJPY_DukasM1_the5ers";"Buy";"2015.08.28 18:00:00";"121.399";"0.19";"2015.08.31 06:00:00";"121.039";"-45.80";"16973.04";"OOS1";"TrailingStop";"-44.73";"42.24";"2d 12h 0m";""
"632";"USDJPY_DukasM1_the5ers";"Buy";"2015.09.09 10:00:00";"120.697";"0.28";"2015.09.09 21:00:00";"120.680";"-4.51";"16968.53";"OOS1";"TrailingStop";"-61.89";"91.37";"11h 0m";""
"633";"USDJPY_DukasM1_the5ers";"Buy";"2015.09.10 07:00:00";"121.196";"0.23";"2015.09.10 08:00:00";"120.530";"-101.32";"16867.21";"OOS1";"SL";"-100.17";"17.15";"1h 0m";""
"634";"USDJPY_DukasM1_the5ers";"Buy";"2015.09.17 08:00:00";"120.840";"0.36";"2015.09.17 20:00:00";"120.682";"-38.99";"16828.21";"OOS1";"TrailingStop";"-37.19";"35.08";"12h 0m";""
"635";"USDJPY_DukasM1_the5ers";"Buy";"2015.09.25 10:00:00";"120.659";"0.23";"2015.09.25 16:00:00";"120.601";"-9.87";"16818.34";"OOS1";"TrailingStop";"-8.72";"86.63";"6h 0m";""
"636";"USDJPY_DukasM1_the5ers";"Buy";"2015.10.05 19:00:00";"120.403";"0.21";"2015.10.06 09:00:00";"120.240";"-23.57";"16794.77";"OOS1";"TrailingStop";"-22.38";"22.66";"14h 0m";""
"637";"USDJPY_DukasM1_the5ers";"Buy";"2015.10.20 10:00:00";"119.661";"0.46";"2015.10.21 19:00:00";"119.911";"72.60";"16867.37";"OOS1";"Exit After X Bars";"-58.05";"129.35";"1d 9h 0m";""
"638";"USDJPY_DukasM1_the5ers";"Buy";"2015.10.22 15:00:00";"120.091";"0.5";"2015.10.23 07:00:00";"120.605";"165.23";"17032.60";"OOS1";"TrailingStop";"-11.44";"292.30";"16h 0m";""
"639";"USDJPY_DukasM1_the5ers";"Buy";"2015.10.23 15:00:00";"120.985";"0.31";"2015.10.26 03:00:00";"121.083";"18.11";"17050.71";"OOS1";"TrailingStop";"-18.45";"104.60";"2d 12h 0m";""
"640";"USDJPY_DukasM1_the5ers";"Buy";"2015.10.30 06:00:00";"121.256";"0.3";"2015.10.30 08:00:00";"120.927";"-66.04";"16984.67";"OOS1";"TrailingStop";"-64.54";"44.73";"2h 0m";""
"641";"USDJPY_DukasM1_the5ers";"Buy";"2015.11.04 16:00:00";"121.484";"0.43";"2015.11.05 15:00:00";"121.679";"51.84";"17036.51";"OOS1";"TrailingStop";"-69.73";"145.37";"23h 0m";""
"642";"USDJPY_DukasM1_the5ers";"Buy";"2015.11.06 15:00:00";"122.001";"0.42";"2015.11.06 17:00:00";"123.187";"323.63";"17360.14";"OOS1";"PT";"0.00";"325.73";"2h 0m";""
"643";"USDJPY_DukasM1_the5ers";"Buy";"2015.11.17 09:00:00";"123.437";"0.37";"2015.11.17 10:00:00";"123.263";"-43.95";"17316.19";"OOS1";"Exit Signal";"-42.10";"0.00";"1h 0m";""
"644";"USDJPY_DukasM1_the5ers";"Buy";"2015.11.17 16:00:00";"123.429";"0.45";"2015.11.18 08:00:00";"123.234";"-59.93";"17256.26";"OOS1";"TrailingStop";"-64.74";"17.66";"16h 0m";""
"645";"USDJPY_DukasM1_the5ers";"Buy";"2015.11.18 15:00:00";"123.489";"0.49";"2015.11.18 21:00:00";"123.386";"-35.45";"17220.81";"OOS1";"TrailingStop";"-43.58";"37.81";"6h 0m";""
"646";"USDJPY_DukasM1_the5ers";"Buy";"2015.11.30 10:00:00";"122.934";"0.63";"2015.11.30 21:00:00";"123.077";"55.76";"17276.57";"OOS1";"TrailingStop";"0.00";"167.26";"11h 0m";""
"647";"USDJPY_DukasM1_the5ers";"Buy";"2015.12.02 15:00:00";"123.340";"0.48";"2015.12.02 21:00:00";"123.319";"-8.99";"17267.58";"OOS1";"TrailingStop";"-15.69";"103.58";"6h 0m";""
"648";"USDJPY_DukasM1_the5ers";"BuyStop";"2015.12.02 23:00:00";"123.670";"0.44";"2015.12.02 23:00:00";"";"";"17267.58";"OOS1";"EndTest";"";"";"0s";""
"1";"USDJPY_DukasM1_the5ers";"Buy";"2015.12.17 16:00:00";"122.703";"0.18";"2015.12.18 00:00:00";"122.495";"-25.50";"17242.08";"OOS1";"TrailingStop";"-24.48";"20.36";"8h 0m";""
"2";"USDJPY_DukasM1_the5ers";"Buy";"2015.12.18 05:00:00";"122.876";"0.2";"2015.12.18 06:00:00";"122.524";"-47.04";"17195.04";"OOS1";"TrailingStop";"-46.04";"89.33";"1h 0m";""
"3";"USDJPY_DukasM1_the5ers";"Buy";"2016.01.22 07:00:00";"118.114";"0.13";"2016.01.25 04:00:00";"118.705";"49.51";"17244.55";"OOS1";"Exit After X Bars";"-21.34";"64.86";"2d 21h 0m";""
"4";"USDJPY_DukasM1_the5ers";"Buy";"2016.01.27 18:00:00";"118.877";"0.2";"2016.01.27 22:00:00";"118.579";"-39.97";"17204.58";"OOS1";"TrailingStop";"-38.97";"24.72";"4h 0m";""
"5";"USDJPY_DukasM1_the5ers";"Buy";"2016.01.29 05:00:00";"119.066";"0.2";"2016.01.29 06:00:00";"119.646";"74.85";"17279.43";"OOS1";"TrailingStop";"0.00";"306.30";"1h 0m";""
"6";"USDJPY_DukasM1_the5ers";"Buy";"2016.02.26 15:00:00";"113.388";"0.14";"2016.02.29 03:00:00";"113.436";"3.60";"17283.03";"OOS1";"TrailingStop";"-1.37";"55.30";"2d 12h 0m";""
"7";"USDJPY_DukasM1_the5ers";"Buy";"2016.03.01 19:00:00";"113.992";"0.16";"2016.03.02 16:00:00";"114.236";"24.62";"17307.66";"OOS1";"Exit After X Bars";"-26.37";"58.91";"21h 0m";""
"8";"USDJPY_DukasM1_the5ers";"Buy";"2016.03.10 15:00:00";"114.257";"0.2";"2016.03.10 17:00:00";"113.492";"-101.05";"17206.61";"OOS1";"SL";"-100.05";"24.72";"2h 0m";""
"9";"USDJPY_DukasM1_the5ers";"Buy";"2016.03.24 09:00:00";"112.905";"0.22";"2016.03.25 07:00:00";"113.109";"28.10";"17234.71";"OOS1";"Exit After X Bars";"-76.82";"59.70";"22h 0m";""
"10";"USDJPY_DukasM1_the5ers";"Buy";"2016.03.29 07:00:00";"113.687";"0.28";"2016.03.29 15:00:00";"113.427";"-49.01";"17185.71";"OOS1";"TrailingStop";"-47.61";"21.06";"8h 0m";""
"11";"USDJPY_DukasM1_the5ers";"Buy";"2016.04.15 03:00:00";"109.545";"0.2";"2016.04.15 09:00:00";"109.363";"-24.80";"17160.90";"OOS1";"TrailingStop";"-23.80";"24.20";"6h 0m";""
"12";"USDJPY_DukasM1_the5ers";"Buy";"2016.04.20 20:00:00";"109.730";"0.2";"2016.04.21 16:00:00";"109.507";"-30.56";"17130.35";"OOS1";"TrailingStop";"-29.16";"21.71";"20h 0m";""
"13";"USDJPY_DukasM1_the5ers";"Buy";"2016.04.22 07:00:00";"109.896";"0.23";"2016.04.22 16:00:00";"111.271";"205.65";"17336.00";"OOS1";"PT";"-7.07";"206.80";"9h 0m";""
"14";"USDJPY_DukasM1_the5ers";"Buy";"2016.04.28 04:00:00";"111.878";"0.23";"2016.04.28 06:00:00";"111.234";"-98.01";"17237.99";"OOS1";"SL";"-96.86";"0.75";"2h 0m";""
"15";"USDJPY_DukasM1_the5ers";"Buy";"2016.05.09 03:00:00";"107.499";"0.18";"2016.05.10 00:00:00";"108.317";"95.27";"17333.26";"OOS1";"Exit After X Bars";"-31.55";"129.59";"21h 0m";""
"16";"USDJPY_DukasM1_the5ers";"Buy";"2016.05.12 14:00:00";"109.372";"0.2";"2016.05.12 16:00:00";"109.006";"-48.87";"17284.39";"OOS1";"TrailingStop";"-47.87";"3.01";"2h 0m";""
"17";"USDJPY_DukasM1_the5ers";"Buy";"2016.05.13 15:00:00";"109.395";"0.19";"2016.05.13 20:00:00";"108.628";"-96.25";"17188.14";"OOS1";"SL";"-95.30";"19.75";"5h 0m";""
"18";"USDJPY_DukasM1_the5ers";"Buy";"2016.05.17 11:00:00";"109.554";"0.23";"2016.05.17 15:00:00";"109.284";"-41.76";"17146.38";"OOS1";"TrailingStop";"-40.61";"14.59";"4h 0m";""
"19";"USDJPY_DukasM1_the5ers";"Buy";"2016.05.18 16:00:00";"109.651";"0.18";"2016.05.19 12:00:00";"109.940";"32.76";"17179.15";"OOS1";"TrailingStop";"-12.36";"85.93";"20h 0m";""
"20";"USDJPY_DukasM1_the5ers";"Buy";"2016.05.20 13:00:00";"110.381";"0.21";"2016.05.20 20:00:00";"110.196";"-26.45";"17152.70";"OOS1";"TrailingStop";"-25.40";"28.43";"7h 0m";""
"21";"USDJPY_DukasM1_the5ers";"Buy";"2016.05.27 21:00:00";"110.448";"0.23";"2016.05.30 18:00:00";"111.062";"91.05";"17243.74";"OOS1";"Exit After X Bars";"-33.54";"150.10";"2d 21h 0m";""
"22";"USDJPY_DukasM1_the5ers";"Buy";"2016.06.23 13:00:00";"105.058";"0.18";"2016.06.24 02:00:00";"105.939";"102.68";"17346.42";"OOS1";"TrailingStop";"0.00";"206.10";"13h 0m";""
"23";"USDJPY_DukasM1_the5ers";"Buy";"2016.06.30 19:00:00";"103.020";"0.16";"2016.07.01 03:00:00";"102.848";"-18.90";"17327.52";"OOS1";"TrailingStop";"-18.00";"38.71";"8h 0m";""
"24";"USDJPY_DukasM1_the5ers";"Buy";"2016.07.11 15:00:00";"102.586";"0.13";"2016.07.12 12:00:00";"103.383";"67.02";"17394.54";"OOS1";"Exit After X Bars";"-18.19";"87.90";"21h 0m";""
"25";"USDJPY_DukasM1_the5ers";"Buy";"2016.07.14 08:00:00";"104.986";"0.13";"2016.07.15 01:00:00";"105.213";"18.56";"17413.10";"OOS1";"TrailingStop";"0.00";"80.84";"17h 0m";""
"26";"USDJPY_DukasM1_the5ers";"Buy";"2016.07.15 05:00:00";"105.937";"0.12";"2016.07.15 08:00:00";"105.543";"-31.52";"17381.58";"OOS1";"TrailingStop";"-30.92";"29.74";"3h 0m";""
"27";"USDJPY_DukasM1_the5ers";"Buy";"2016.07.19 01:00:00";"106.316";"0.12";"2016.07.19 21:00:00";"105.903";"-33.01";"17348.57";"OOS1";"TrailingStop";"-52.50";"17.03";"20h 0m";""
"28";"USDJPY_DukasM1_the5ers";"Buy";"2016.07.20 12:00:00";"106.533";"0.17";"2016.07.21 08:00:00";"106.907";"40.39";"17388.97";"OOS1";"TrailingStop";"-10.34";"106.61";"20h 0m";""
"29";"USDJPY_DukasM1_the5ers";"Buy";"2016.08.26 17:00:00";"100.615";"0.36";"2016.08.26 20:00:00";"101.509";"208.66";"17597.63";"OOS1";"PT";"-33.66";"210.46";"3h 0m";""
"30";"USDJPY_DukasM1_the5ers";"Buy";"2016.08.30 10:00:00";"102.393";"0.23";"2016.08.31 07:00:00";"103.022";"93.30";"17690.93";"OOS1";"Exit After X Bars";"-34.29";"125.13";"21h 0m";""
"31";"USDJPY_DukasM1_the5ers";"Buy";"2016.09.01 10:00:00";"103.530";"0.26";"2016.09.01 17:00:00";"103.628";"15.36";"17706.29";"OOS1";"TrailingStop";"-8.67";"79.57";"7h 0m";""
"32";"USDJPY_DukasM1_the5ers";"Buy";"2016.09.02 17:00:00";"103.998";"0.19";"2016.09.05 03:00:00";"103.716";"-36.11";"17670.18";"OOS1";"TrailingStop";"-35.04";"40.01";"2d 10h 0m";""
"33";"USDJPY_DukasM1_the5ers";"Buy";"2016.09.14 04:00:00";"103.055";"0.18";"2016.09.14 12:00:00";"102.794";"-31.62";"17638.56";"OOS1";"TrailingStop";"-30.72";"35.55";"8h 0m";""
"34";"USDJPY_DukasM1_the5ers";"Buy";"2016.09.21 08:00:00";"102.755";"0.22";"2016.09.21 10:00:00";"102.087";"-97.20";"17541.36";"OOS1";"SL";"-96.10";"4.17";"2h 0m";""
"35";"USDJPY_DukasM1_the5ers";"Buy";"2016.09.29 04:00:00";"101.244";"0.2";"2016.09.29 19:00:00";"101.369";"15.35";"17556.71";"OOS1";"TrailingStop";"0.00";"77.95";"15h 0m";""
"36";"USDJPY_DukasM1_the5ers";"Buy";"2016.10.04 02:00:00";"101.840";"0.2";"2016.10.04 23:00:00";"102.850";"131.09";"17687.80";"OOS1";"Exit After X Bars";"-2.35";"147.26";"21h 0m";""
"37";"USDJPY_DukasM1_the5ers";"Buy";"2016.10.06 10:00:00";"103.667";"0.23";"2016.10.07 02:00:00";"103.806";"19.61";"17707.40";"OOS1";"TrailingStop";"-31.13";"74.30";"16h 0m";""
"38";"USDJPY_DukasM1_the5ers";"Buy";"2016.10.12 18:00:00";"104.161";"0.21";"2016.10.13 04:00:00";"104.181";"1.28";"17708.69";"OOS1";"TrailingStop";"-9.20";"65.09";"10h 0m";""
"39";"USDJPY_DukasM1_the5ers";"Buy";"2016.10.24 17:00:00";"104.202";"0.28";"2016.10.25 14:00:00";"104.559";"63.78";"17772.47";"OOS1";"Exit After X Bars";"-13.00";"72.51";"21h 0m";""
"40";"USDJPY_DukasM1_the5ers";"Buy";"2016.10.27 16:00:00";"104.874";"0.26";"2016.10.28 13:00:00";"105.260";"64.16";"17836.63";"OOS1";"Exit After X Bars";"-5.27";"93.00";"21h 0m";""
"41";"USDJPY_DukasM1_the5ers";"Buy";"2016.10.28 18:00:00";"105.507";"0.23";"2016.10.28 20:00:00";"104.857";"-98.91";"17737.71";"OOS1";"SL";"-97.76";"3.61";"2h 0m";""
"42";"USDJPY_DukasM1_the5ers";"Buy";"2016.11.09 20:00:00";"105.467";"0.07";"2016.11.10 17:00:00";"106.814";"61.17";"17798.89";"OOS1";"Exit After X Bars";"-23.12";"67.79";"21h 0m";""
"43";"USDJPY_DukasM1_the5ers";"Buy";"2016.11.14 02:00:00";"106.948";"0.11";"2016.11.14 23:00:00";"108.394";"103.46";"17902.35";"OOS1";"Exit After X Bars";"0.00";"114.66";"21h 0m";""
"44";"USDJPY_DukasM1_the5ers";"Buy";"2016.11.15 15:00:00";"108.542";"0.12";"2016.11.16 12:00:00";"109.512";"75.44";"17977.79";"OOS1";"Exit After X Bars";"0.00";"84.75";"21h 0m";""
"45";"USDJPY_DukasM1_the5ers";"Buy";"2016.11.17 19:00:00";"109.757";"0.11";"2016.11.18 13:00:00";"110.112";"24.91";"18002.70";"OOS1";"TrailingStop";"0.00";"83.94";"18h 0m";""
"46";"USDJPY_DukasM1_the5ers";"Buy";"2016.11.18 23:00:00";"110.924";"0.11";"2016.11.21 13:00:00";"110.529";"-29.03";"17973.67";"OOS1";"TrailingStop";"-28.41";"18.85";"2d 14h 0m";""
"47";"USDJPY_DukasM1_the5ers";"Buy";"2016.11.22 17:00:00";"111.364";"0.13";"2016.11.23 14:00:00";"111.120";"-21.48";"17952.19";"OOS1";"Exit After X Bars";"-45.82";"0.00";"21h 0m";""
"48";"USDJPY_DukasM1_the5ers";"Buy";"2016.11.23 15:00:00";"111.364";"0.18";"2016.11.23 19:00:00";"112.424";"123.87";"18076.06";"OOS1";"TrailingStop";"0.00";"189.27";"4h 0m";""
"49";"USDJPY_DukasM1_the5ers";"Buy";"2016.11.30 17:00:00";"113.898";"0.13";"2016.12.01 07:00:00";"114.032";"10.49";"18086.54";"OOS1";"TrailingStop";"0.00";"78.72";"14h 0m";""
"50";"USDJPY_DukasM1_the5ers";"Buy";"2016.12.09 13:00:00";"114.775";"0.16";"2016.12.09 15:00:00";"114.764";"-1.95";"18084.59";"OOS1";"TrailingStop";"-1.15";"52.52";"2h 0m";""
"51";"USDJPY_DukasM1_the5ers";"Buy";"2016.12.14 21:00:00";"116.122";"0.19";"2016.12.15 03:00:00";"117.850";"213.37";"18297.96";"OOS1";"PT";"0.00";"214.69";"6h 0m";""
"52";"USDJPY_DukasM1_the5ers";"Buy";"2017.01.03 09:00:00";"117.813";"0.16";"2017.01.03 18:00:00";"117.883";"6.52";"18304.49";"OOS1";"TrailingStop";"-1.26";"82.76";"9h 0m";""
"53";"USDJPY_DukasM1_the5ers";"Buy";"2017.01.19 16:00:00";"115.445";"0.12";"2017.01.19 21:00:00";"114.865";"-46.11";"18258.38";"OOS1";"TrailingStop";"-45.51";"13.81";"5h 0m";""
"54";"USDJPY_DukasM1_the5ers";"Buy";"2017.01.27 15:00:00";"115.384";"0.14";"2017.01.30 04:00:00";"114.330";"-97.28";"18161.09";"OOS1";"SL";"-96.49";"0.00";"2d 13h 0m";""
"55";"USDJPY_DukasM1_the5ers";"Buy";"2017.02.10 01:00:00";"113.467";"0.16";"2017.02.10 13:00:00";"113.425";"-5.19";"18155.90";"OOS1";"TrailingStop";"-7.85";"40.80";"12h 0m";""
"56";"USDJPY_DukasM1_the5ers";"Buy";"2017.02.13 01:00:00";"113.857";"0.13";"2017.02.13 10:00:00";"113.459";"-34.48";"18121.41";"OOS1";"TrailingStop";"-33.83";"26.35";"9h 0m";""
"57";"USDJPY_DukasM1_the5ers";"Buy";"2017.02.14 17:00:00";"114.167";"0.19";"2017.02.15 14:00:00";"114.533";"44.40";"18165.81";"OOS1";"Exit After X Bars";"-3.60";"55.04";"21h 0m";""
"58";"USDJPY_DukasM1_the5ers";"Buy";"2017.03.01 05:00:00";"113.455";"0.17";"2017.03.02 02:00:00";"114.114";"72.08";"18237.89";"OOS1";"Exit After X Bars";"-9.34";"76.59";"21h 0m";""
"59";"USDJPY_DukasM1_the5ers";"Buy";"2017.03.03 18:00:00";"114.593";"0.23";"2017.03.03 20:00:00";"114.277";"-48.68";"18189.21";"OOS1";"TrailingStop";"-47.53";"23.31";"2h 0m";""
"60";"USDJPY_DukasM1_the5ers";"Buy";"2017.03.08 16:00:00";"114.748";"0.28";"2017.03.09 13:00:00";"114.709";"-9.09";"18180.12";"OOS1";"Exit After X Bars";"-88.44";"34.61";"21h 0m";""
"61";"USDJPY_DukasM1_the5ers";"Buy";"2017.03.30 16:00:00";"111.426";"0.23";"2017.03.31 13:00:00";"111.961";"79.16";"18259.29";"OOS1";"Exit After X Bars";"-64.07";"115.96";"21h 0m";""
"62";"USDJPY_DukasM1_the5ers";"Buy";"2017.04.10 03:00:00";"111.454";"0.17";"2017.04.10 18:00:00";"111.057";"-44.98";"18214.30";"OOS1";"TrailingStop";"-44.13";"14.01";"15h 0m";""
"63";"USDJPY_DukasM1_the5ers";"Buy";"2017.04.20 16:00:00";"109.394";"0.21";"2017.04.21 13:00:00";"109.145";"-35.38";"18178.92";"OOS1";"Exit After X Bars";"-52.32";"12.77";"21h 0m";""
"64";"USDJPY_DukasM1_the5ers";"Buy";"2017.04.24 01:00:00";"110.270";"0.22";"2017.04.24 22:00:00";"109.753";"-75.48";"18103.44";"OOS1";"Exit After X Bars";"-81.43";"11.08";"21h 0m";""
"65";"USDJPY_DukasM1_the5ers";"Buy";"2017.04.25 12:00:00";"110.531";"0.19";"2017.04.26 09:00:00";"111.391";"105.78";"18209.22";"OOS1";"Exit After X Bars";"-22.99";"111.45";"21h 0m";""
"66";"USDJPY_DukasM1_the5ers";"Buy";"2017.05.01 09:00:00";"111.778";"0.22";"2017.05.01 17:00:00";"111.500";"-41.09";"18168.13";"OOS1";"TrailingStop";"-39.99";"19.71";"8h 0m";""
"67";"USDJPY_DukasM1_the5ers";"Buy";"2017.05.01 19:00:00";"111.915";"0.23";"2017.05.02 16:00:00";"112.233";"46.53";"18214.65";"OOS1";"Exit After X Bars";"-41.66";"58.51";"21h 0m";""
"68";"USDJPY_DukasM1_the5ers";"Buy";"2017.05.03 15:00:00";"112.304";"0.35";"2017.05.04 12:00:00";"112.836";"119.32";"18333.98";"OOS1";"Exit After X Bars";"-11.67";"134.81";"21h 0m";""
"69";"USDJPY_DukasM1_the5ers";"Buy";"2017.05.08 20:00:00";"113.049";"0.22";"2017.05.09 17:00:00";"114.004";"136.14";"18470.12";"OOS1";"Exit After X Bars";"-7.34";"152.93";"21h 0m";""
"70";"USDJPY_DukasM1_the5ers";"Buy";"2017.05.10 20:00:00";"114.328";"0.2";"2017.05.11 13:00:00";"113.991";"-45.47";"18424.65";"OOS1";"TrailingStop";"-44.07";"5.49";"17h 0m";""
"71";"USDJPY_DukasM1_the5ers";"Buy";"2017.06.15 19:00:00";"110.810";"0.18";"2017.06.16 16:00:00";"111.100";"33.12";"18457.77";"OOS1";"Exit After X Bars";"0.00";"71.45";"21h 0m";""
"72";"USDJPY_DukasM1_the5ers";"Buy";"2017.06.19 19:00:00";"111.417";"0.24";"2017.06.20 15:00:00";"111.433";"1.15";"18458.93";"OOS1";"TrailingStop";"0.00";"58.07";"20h 0m";""
"73";"USDJPY_DukasM1_the5ers";"Buy";"2017.06.26 21:00:00";"111.787";"0.33";"2017.06.27 09:00:00";"111.720";"-16.32";"18442.60";"OOS1";"TrailingStop";"-14.46";"62.36";"12h 0m";""
"74";"USDJPY_DukasM1_the5ers";"Buy";"2017.06.27 17:00:00";"112.076";"0.29";"2017.06.27 21:00:00";"112.124";"7.65";"18450.25";"OOS1";"TrailingStop";"0.00";"73.77";"4h 0m";""
"75";"USDJPY_DukasM1_the5ers";"Buy";"2017.06.29 10:00:00";"112.465";"0.26";"2017.06.29 17:00:00";"112.523";"8.56";"18458.82";"OOS1";"TrailingStop";"-12.75";"78.21";"7h 0m";""
"76";"USDJPY_DukasM1_the5ers";"Buy";"2017.07.03 11:00:00";"112.925";"0.19";"2017.07.04 07:00:00";"113.115";"22.53";"18481.35";"OOS1";"TrailingStop";"-11.80";"67.84";"20h 0m";""
"77";"USDJPY_DukasM1_the5ers";"Buy";"2017.07.05 10:00:00";"113.471";"0.26";"2017.07.05 17:00:00";"113.340";"-23.57";"18457.78";"OOS1";"TrailingStop";"-22.27";"36.55";"7h 0m";""
"78";"USDJPY_DukasM1_the5ers";"Buy";"2017.07.07 04:00:00";"113.686";"0.22";"2017.07.10 01:00:00";"114.026";"47.67";"18505.45";"OOS1";"Exit After X Bars";"-26.47";"70.92";"2d 21h 0m";""
"79";"USDJPY_DukasM1_the5ers";"Buy";"2017.07.11 07:00:00";"114.301";"0.3";"2017.07.11 18:00:00";"114.217";"-17.98";"18487.47";"OOS1";"TrailingStop";"-16.48";"37.86";"11h 0m";""
"80";"USDJPY_DukasM1_the5ers";"Buy";"2017.08.04 17:00:00";"110.984";"0.28";"2017.08.07 14:00:00";"110.848";"-26.48";"18460.98";"OOS1";"Exit After X Bars";"-72.87";"11.72";"2d 21h 0m";""
"81";"USDJPY_DukasM1_the5ers";"Buy";"2017.08.15 15:00:00";"110.829";"0.21";"2017.08.16 12:00:00";"110.896";"8.01";"18468.99";"OOS1";"Exit After X Bars";"-60.01";"15.79";"21h 0m";""
"82";"USDJPY_DukasM1_the5ers";"Buy";"2017.08.25 16:00:00";"109.824";"0.26";"2017.08.25 17:00:00";"109.234";"-101.61";"18367.38";"OOS1";"SL";"-100.31";"3.06";"1h 0m";""
"83";"USDJPY_DukasM1_the5ers";"Buy";"2017.08.29 22:00:00";"109.842";"0.18";"2017.08.30 19:00:00";"110.194";"40.41";"18407.80";"OOS1";"Exit After X Bars";"-35.43";"70.03";"21h 0m";""
"84";"USDJPY_DukasM1_the5ers";"Buy";"2017.09.12 13:00:00";"109.833";"0.17";"2017.09.13 10:00:00";"110.079";"26.39";"18434.18";"OOS1";"Exit After X Bars";"-18.68";"50.91";"21h 0m";""
"85";"USDJPY_DukasM1_the5ers";"Buy";"2017.09.14 14:00:00";"110.734";"0.25";"2017.09.14 23:00:00";"110.361";"-62.23";"18371.96";"OOS1";"TrailingStop";"-68.66";"49.86";"9h 0m";""
"86";"USDJPY_DukasM1_the5ers";"Buy";"2017.09.15 12:00:00";"111.039";"0.16";"2017.09.15 15:00:00";"110.783";"-27.58";"18344.37";"OOS1";"TrailingStop";"-26.78";"30.87";"3h 0m";""
"87";"USDJPY_DukasM1_the5ers";"Buy";"2017.09.18 09:00:00";"111.334";"0.16";"2017.09.19 06:00:00";"111.514";"17.93";"18362.30";"OOS1";"Exit After X Bars";"-16.84";"34.32";"21h 0m";""
"88";"USDJPY_DukasM1_the5ers";"Buy";"2017.09.20 21:00:00";"111.880";"0.25";"2017.09.21 16:00:00";"112.244";"57.77";"18420.07";"OOS1";"TrailingStop";"0.00";"136.51";"19h 0m";""
"89";"USDJPY_DukasM1_the5ers";"Buy";"2017.09.27 10:00:00";"112.715";"0.24";"2017.09.27 17:00:00";"112.850";"19.99";"18440.05";"OOS1";"TrailingStop";"-7.38";"85.06";"7h 0m";""
"90";"USDJPY_DukasM1_the5ers";"Buy";"2017.10.06 15:00:00";"113.195";"0.28";"2017.10.06 17:00:00";"113.100";"-18.79";"18421.26";"OOS1";"TrailingStop";"-17.39";"44.49";"2h 0m";""
"91";"USDJPY_DukasM1_the5ers";"Buy";"2017.10.18 11:00:00";"112.584";"0.29";"2017.10.19 08:00:00";"112.985";"74.03";"18495.28";"OOS1";"Exit After X Bars";"0.00";"96.34";"21h 0m";""
"92";"USDJPY_DukasM1_the5ers";"Buy";"2017.10.20 04:00:00";"113.147";"0.25";"2017.10.23 01:00:00";"113.833";"110.73";"18606.02";"OOS1";"Exit After X Bars";"-13.08";"123.59";"2d 21h 0m";""
"93";"USDJPY_DukasM1_the5ers";"Buy";"2017.10.25 11:00:00";"114.099";"0.25";"2017.10.25 16:00:00";"113.890";"-35.42";"18570.60";"OOS1";"TrailingStop";"-34.17";"23.38";"5h 0m";""
"94";"USDJPY_DukasM1_the5ers";"Buy";"2017.10.27 04:00:00";"114.242";"0.21";"2017.10.27 17:00:00";"113.918";"-45.54";"18525.06";"OOS1";"TrailingStop";"-44.49";"28.56";"13h 0m";""
"95";"USDJPY_DukasM1_the5ers";"Buy";"2017.11.03 16:00:00";"114.280";"0.25";"2017.11.06 06:00:00";"114.268";"-3.38";"18521.68";"OOS1";"TrailingStop";"-45.94";"74.38";"2d 14h 0m";""
"96";"USDJPY_DukasM1_the5ers";"Buy";"2017.11.30 09:00:00";"112.297";"0.24";"2017.11.30 16:00:00";"112.097";"-32.59";"18489.09";"OOS1";"TrailingStop";"-31.39";"28.88";"7h 0m";""
"97";"USDJPY_DukasM1_the5ers";"Buy";"2017.11.30 19:00:00";"112.481";"0.2";"2017.12.01 12:00:00";"112.312";"-23.23";"18465.86";"OOS1";"TrailingStop";"-22.10";"27.86";"17h 0m";""
"98";"USDJPY_DukasM1_the5ers";"Buy";"2017.12.01 15:00:00";"112.694";"0.22";"2017.12.01 18:00:00";"112.409";"-42.10";"18423.76";"OOS1";"TrailingStop";"-41.00";"25.75";"3h 0m";""
"99";"USDJPY_DukasM1_the5ers";"Buy";"2017.12.04 01:00:00";"112.873";"0.14";"2017.12.04 22:00:00";"112.619";"-23.95";"18399.81";"OOS1";"Exit After X Bars";"-25.82";"19.77";"21h 0m";""
"100";"USDJPY_DukasM1_the5ers";"Buy";"2017.12.07 21:00:00";"113.089";"0.25";"2017.12.08 15:00:00";"113.318";"36.02";"18435.83";"OOS1";"TrailingStop";"-8.50";"81.74";"18h 0m";""
"101";"USDJPY_DukasM1_the5ers";"Buy";"2017.12.12 17:00:00";"113.688";"0.43";"2017.12.13 05:00:00";"113.331";"-102.81";"18333.02";"OOS1";"SL";"-100.38";"17.43";"12h 0m";""
"102";"USDJPY_DukasM1_the5ers";"Buy";"2017.12.21 09:00:00";"113.574";"0.32";"2017.12.22 06:00:00";"113.337";"-51.40";"18281.61";"OOS1";"Exit After X Bars";"-64.24";"12.76";"21h 0m";""
"103";"USDJPY_DukasM1_the5ers";"Buy";"2018.02.02 08:00:00";"109.749";"0.2";"2018.02.02 20:00:00";"110.039";"36.93";"18318.54";"OOS1";"TrailingStop";"-16.35";"95.86";"12h 0m";""
"104";"USDJPY_DukasM1_the5ers";"Buy";"2018.03.13 11:00:00";"107.049";"0.27";"2018.03.13 14:00:00";"106.893";"-28.89";"18289.65";"OOS1";"TrailingStop";"-27.54";"42.73";"3h 0m";""
"105";"USDJPY_DukasM1_the5ers";"Buy";"2018.03.21 20:00:00";"106.604";"0.29";"2018.03.21 20:00:00";"106.082";"-100.44";"18189.21";"OOS1";"SL";"-98.99";"6.64";"0s";""
"106";"USDJPY_DukasM1_the5ers";"Buy";"2018.03.28 14:00:00";"105.963";"0.25";"2018.03.29 05:00:00";"106.586";"100.11";"18289.31";"OOS1";"TrailingStop";"0.00";"171.00";"15h 0m";""
"107";"USDJPY_DukasM1_the5ers";"Buy";"2018.04.04 21:00:00";"106.687";"0.24";"2018.04.05 18:00:00";"107.454";"118.70";"18408.02";"OOS1";"Exit After X Bars";"-1.10";"126.18";"21h 0m";""
"108";"USDJPY_DukasM1_the5ers";"Buy";"2018.04.12 16:00:00";"107.397";"0.3";"2018.04.13 13:00:00";"107.591";"36.36";"18444.38";"OOS1";"Exit After X Bars";"-62.19";"54.54";"21h 0m";""
"109";"USDJPY_DukasM1_the5ers";"Buy";"2018.04.20 04:00:00";"107.608";"0.36";"2018.04.20 09:00:00";"107.491";"-29.34";"18415.04";"OOS1";"TrailingStop";"-27.54";"29.19";"5h 0m";""
"110";"USDJPY_DukasM1_the5ers";"Buy";"2018.04.23 02:00:00";"107.855";"0.33";"2018.04.23 23:00:00";"108.727";"186.52";"18601.56";"OOS1";"Exit After X Bars";"-26.76";"193.78";"21h 0m";""
"111";"USDJPY_DukasM1_the5ers";"Buy";"2018.04.25 10:00:00";"109.199";"0.29";"2018.04.25 12:00:00";"108.996";"-39.95";"18561.61";"OOS1";"TrailingStop";"-38.50";"12.90";"2h 0m";""
"112";"USDJPY_DukasM1_the5ers";"Buy";"2018.04.25 17:00:00";"109.288";"0.27";"2018.04.26 14:00:00";"109.210";"-15.65";"18545.96";"OOS1";"Exit After X Bars";"-20.13";"31.96";"21h 0m";""
"113";"USDJPY_DukasM1_the5ers";"Buy";"2018.04.27 10:00:00";"109.469";"0.32";"2018.04.27 17:00:00";"108.994";"-101.00";"18444.96";"OOS1";"SL";"-99.40";"14.02";"7h 0m";""
"114";"USDJPY_DukasM1_the5ers";"Buy";"2018.05.01 11:00:00";"109.536";"0.34";"2018.05.01 20:00:00";"109.537";"-1.48";"18443.49";"OOS1";"TrailingStop";"0.00";"57.36";"9h 0m";""
"115";"USDJPY_DukasM1_the5ers";"Buy";"2018.05.02 16:00:00";"109.918";"0.35";"2018.05.02 21:00:00";"109.770";"-35.62";"18407.87";"OOS1";"TrailingStop";"-33.87";"27.01";"5h 0m";""
"116";"USDJPY_DukasM1_the5ers";"Buy";"2018.05.10 03:00:00";"109.882";"0.25";"2018.05.10 12:00:00";"109.671";"-35.74";"18372.12";"OOS1";"TrailingStop";"-41.03";"22.07";"9h 0m";""
"117";"USDJPY_DukasM1_the5ers";"Buy";"2018.05.15 14:00:00";"110.017";"0.31";"2018.05.16 10:00:00";"110.127";"20.55";"18392.67";"OOS1";"TrailingStop";"-2.84";"88.59";"20h 0m";""
"118";"USDJPY_DukasM1_the5ers";"Buy";"2018.05.17 09:00:00";"110.454";"0.28";"2018.05.18 06:00:00";"110.976";"93.99";"18486.66";"OOS1";"Exit After X Bars";"-1.65";"98.32";"21h 0m";""
"119";"USDJPY_DukasM1_the5ers";"Buy";"2018.05.21 06:00:00";"111.081";"0.32";"2018.05.21 16:00:00";"111.119";"6.35";"18493.01";"OOS1";"TrailingStop";"0.00";"65.71";"10h 0m";""
"120";"USDJPY_DukasM1_the5ers";"BuyStop";"2018.05.25 18:00:00";"111.185";"0.22";"2018.05.25 23:00:00";"";"";"18493.01";"OOS1";"EndTest";"";"";"5h 0m";""
"1";"USDJPY_DukasM1_the5ers";"Buy";"2018.06.01 15:00:00";"109.611";"0.19";"2018.06.04 12:00:00";"109.530";"-11.14";"18481.87";"OOS1";"Exit After X Bars";"-23.61";"19.13";"2d 21h 0m";""
"2";"USDJPY_DukasM1_the5ers";"Buy";"2018.06.04 22:00:00";"109.765";"0.27";"2018.06.05 13:00:00";"109.722";"-9.12";"18472.76";"OOS1";"TrailingStop";"-7.59";"42.20";"15h 0m";""
"3";"USDJPY_DukasM1_the5ers";"Buy";"2018.06.06 09:00:00";"110.004";"0.28";"2018.06.06 16:00:00";"109.976";"-6.53";"18466.23";"OOS1";"TrailingStop";"-5.13";"41.20";"7h 0m";""
"4";"USDJPY_DukasM1_the5ers";"Buy";"2018.06.06 22:00:00";"110.229";"0.3";"2018.06.07 19:00:00";"109.917";"-63.30";"18402.93";"OOS1";"Exit After X Bars";"-75.72";"7.26";"21h 0m";""
"5";"USDJPY_DukasM1_the5ers";"Buy";"2018.06.12 02:00:00";"110.266";"0.27";"2018.06.12 05:00:00";"110.147";"-22.36";"18380.57";"OOS1";"TrailingStop";"-21.01";"39.90";"3h 0m";""
"6";"USDJPY_DukasM1_the5ers";"Buy";"2018.06.13 21:00:00";"110.718";"0.36";"2018.06.13 22:00:00";"110.295";"-101.38";"18279.19";"OOS1";"SL";"-99.58";"30.13";"1h 0m";""
"7";"USDJPY_DukasM1_the5ers";"Buy";"2018.06.15 08:00:00";"110.846";"0.27";"2018.06.15 10:00:00";"110.594";"-45.84";"18233.35";"OOS1";"TrailingStop";"-44.49";"10.24";"2h 0m";""
"8";"USDJPY_DukasM1_the5ers";"Buy";"2018.06.27 14:00:00";"110.217";"0.25";"2018.06.27 21:00:00";"110.154";"-11.55";"18221.80";"OOS1";"TrailingStop";"-12.26";"44.47";"7h 0m";""
"9";"USDJPY_DukasM1_the5ers";"Buy";"2018.06.28 21:00:00";"110.489";"0.26";"2018.06.29 18:00:00";"110.742";"41.54";"18263.35";"OOS1";"Exit After X Bars";"-19.72";"51.35";"21h 0m";""
"10";"USDJPY_DukasM1_the5ers";"Buy";"2018.07.02 04:00:00";"110.942";"0.25";"2018.07.02 08:00:00";"110.722";"-37.22";"18226.13";"OOS1";"TrailingStop";"-35.97";"19.62";"4h 0m";""
"11";"USDJPY_DukasM1_the5ers";"Buy";"2018.07.03 04:00:00";"111.062";"0.3";"2018.07.03 17:00:00";"110.565";"-99.00";"18127.13";"OOS1";"SL";"-97.50";"13.93";"13h 0m";""
"12";"USDJPY_DukasM1_the5ers";"Buy";"2018.07.09 18:00:00";"110.785";"0.39";"2018.07.10 15:00:00";"111.260";"118.93";"18246.06";"OOS1";"Exit After X Bars";"-9.95";"144.86";"21h 0m";""
"13";"USDJPY_DukasM1_the5ers";"Buy";"2018.07.11 18:00:00";"111.353";"0.28";"2018.07.12 04:00:00";"112.334";"177.67";"18423.73";"OOS1";"PT";"0.00";"179.62";"10h 0m";""
"14";"USDJPY_DukasM1_the5ers";"Buy";"2018.07.17 17:00:00";"112.800";"0.35";"2018.07.18 14:00:00";"112.992";"41.96";"18465.70";"OOS1";"Exit After X Bars";"-17.39";"76.90";"21h 0m";""
"15";"USDJPY_DukasM1_the5ers";"Buy";"2018.07.19 15:00:00";"113.136";"0.36";"2018.07.19 20:00:00";"112.718";"-100.20";"18365.50";"OOS1";"SL";"-98.40";"8.71";"5h 0m";""
"16";"USDJPY_DukasM1_the5ers";"Buy";"2018.07.31 07:00:00";"111.249";"0.39";"2018.08.01 04:00:00";"111.817";"142.65";"18508.15";"OOS1";"Exit After X Bars";"-53.81";"180.82";"21h 0m";""
"17";"USDJPY_DukasM1_the5ers";"Buy";"2018.08.15 04:00:00";"111.393";"0.2";"2018.08.15 17:00:00";"110.645";"-98.83";"18409.32";"OOS1";"SL";"-97.83";"4.97";"13h 0m";""
"18";"USDJPY_DukasM1_the5ers";"Buy";"2018.08.23 17:00:00";"111.121";"0.27";"2018.08.24 14:00:00";"111.397";"47.20";"18456.53";"OOS1";"Exit After X Bars";"-1.24";"64.44";"21h 0m";""
"19";"USDJPY_DukasM1_the5ers";"Buy";"2018.08.29 16:00:00";"111.486";"0.42";"2018.08.30 04:00:00";"111.570";"20.15";"18476.67";"OOS1";"TrailingStop";"-16.48";"93.38";"12h 0m";""
"20";"USDJPY_DukasM1_the5ers";"Buy";"2018.09.13 15:00:00";"111.649";"0.35";"2018.09.14 06:00:00";"111.818";"36.70";"18513.37";"OOS1";"TrailingStop";"-63.40";"98.19";"15h 0m";""
"21";"USDJPY_DukasM1_the5ers";"Buy";"2018.09.14 17:00:00";"112.078";"0.34";"2018.09.17 10:00:00";"111.871";"-47.95";"18465.43";"OOS1";"TrailingStop";"-46.91";"20.01";"2d 17h 0m";""
"22";"USDJPY_DukasM1_the5ers";"Buy";"2018.09.18 09:00:00";"112.168";"0.34";"2018.09.18 10:00:00";"111.983";"-42.83";"18422.60";"OOS1";"TrailingStop";"-41.13";"24.23";"1h 0m";""
"23";"USDJPY_DukasM1_the5ers";"Buy";"2018.09.18 17:00:00";"112.277";"0.29";"2018.09.19 14:00:00";"112.417";"24.91";"18447.51";"OOS1";"Exit After X Bars";"-9.10";"32.24";"21h 0m";""
"24";"USDJPY_DukasM1_the5ers";"Buy";"2018.09.20 17:00:00";"112.447";"0.34";"2018.09.21 14:00:00";"112.703";"54.99";"18502.50";"OOS1";"Exit After X Bars";"-13.34";"94.71";"21h 0m";""
"25";"USDJPY_DukasM1_the5ers";"Buy";"2018.09.25 03:00:00";"112.873";"0.35";"2018.09.26 00:00:00";"112.971";"20.45";"18522.95";"OOS1";"Exit After X Bars";"-30.21";"24.49";"21h 0m";""
"26";"USDJPY_DukasM1_the5ers";"Buy";"2018.09.26 21:00:00";"113.056";"0.44";"2018.09.26 22:00:00";"112.713";"-100.89";"18422.06";"OOS1";"SL";"-98.69";"22.73";"1h 0m";""
"27";"USDJPY_DukasM1_the5ers";"Buy";"2018.09.27 17:00:00";"113.135";"0.33";"2018.09.28 14:00:00";"113.433";"62.44";"18484.50";"OOS1";"Exit After X Bars";"0.00";"109.41";"21h 0m";""
"28";"USDJPY_DukasM1_the5ers";"Buy";"2018.09.28 17:00:00";"113.642";"0.3";"2018.10.01 14:00:00";"113.981";"64.81";"18549.31";"OOS1";"Exit After X Bars";"-39.43";"79.84";"2d 21h 0m";""
"29";"USDJPY_DukasM1_the5ers";"Buy";"2018.10.03 17:00:00";"114.061";"0.35";"2018.10.04 05:00:00";"114.280";"47.69";"18597.00";"OOS1";"TrailingStop";"-0.23";"111.69";"12h 0m";""
"30";"USDJPY_DukasM1_the5ers";"Buy";"2018.10.17 21:00:00";"112.455";"0.32";"2018.10.18 09:00:00";"112.442";"-4.95";"18592.05";"OOS1";"TrailingStop";"-2.72";"57.13";"12h 0m";""
"31";"USDJPY_DukasM1_the5ers";"Buy";"2018.10.22 09:00:00";"112.728";"0.29";"2018.10.23 04:00:00";"112.634";"-19.47";"18572.58";"OOS1";"TrailingStop";"-17.83";"29.77";"19h 0m";""
"32";"USDJPY_DukasM1_the5ers";"Buy";"2018.10.30 06:00:00";"112.744";"0.21";"2018.10.31 03:00:00";"113.232";"65.83";"18638.41";"OOS1";"Exit After X Bars";"-13.32";"71.00";"21h 0m";""
"33";"USDJPY_DukasM1_the5ers";"Buy";"2018.11.06 08:00:00";"113.383";"0.33";"2018.11.06 11:00:00";"113.231";"-34.45";"18603.96";"OOS1";"TrailingStop";"-32.80";"13.81";"3h 0m";""
"34";"USDJPY_DukasM1_the5ers";"Buy";"2018.11.06 19:00:00";"113.447";"0.4";"2018.11.07 00:00:00";"113.291";"-43.07";"18560.89";"OOS1";"TrailingStop";"-40.80";"14.91";"5h 0m";""
"35";"USDJPY_DukasM1_the5ers";"Buy";"2018.11.07 03:00:00";"113.504";"0.32";"2018.11.07 05:00:00";"113.254";"-53.91";"18506.98";"OOS1";"TrailingStop";"-52.31";"65.50";"2h 0m";""
"36";"USDJPY_DukasM1_the5ers";"Buy";"2018.11.08 18:00:00";"113.817";"0.23";"2018.11.09 09:00:00";"113.826";"0.05";"18507.03";"OOS1";"TrailingStop";"-4.06";"40.61";"15h 0m";""
"37";"USDJPY_DukasM1_the5ers";"Buy";"2018.11.12 08:00:00";"114.087";"0.35";"2018.11.12 10:00:00";"113.979";"-26.47";"18480.56";"OOS1";"TrailingStop";"-24.72";"27.01";"2h 0m";""
"38";"USDJPY_DukasM1_the5ers";"Buy";"2018.11.26 03:00:00";"113.200";"0.46";"2018.11.27 00:00:00";"113.564";"106.89";"18587.46";"OOS1";"Exit After X Bars";"-10.53";"135.36";"21h 0m";""
"39";"USDJPY_DukasM1_the5ers";"Buy";"2018.12.10 20:00:00";"113.241";"0.28";"2018.12.11 04:00:00";"113.022";"-41.68";"18545.77";"OOS1";"TrailingStop";"-40.10";"24.35";"8h 0m";""
"40";"USDJPY_DukasM1_the5ers";"Buy";"2018.12.13 15:00:00";"113.519";"0.34";"2018.12.14 03:00:00";"113.464";"-14.15";"18531.62";"OOS1";"TrailingStop";"-12.23";"42.02";"12h 0m";""
"41";"USDJPY_DukasM1_the5ers";"Buy";"2019.01.15 07:00:00";"108.754";"0.31";"2019.01.16 04:00:00";"108.424";"-68.65";"18462.97";"OOS1";"Exit After X Bars";"-86.15";"2.23";"21h 0m";""
"42";"USDJPY_DukasM1_the5ers";"Buy";"2019.01.16 12:00:00";"108.765";"0.27";"2019.01.17 09:00:00";"108.823";"8.36";"18471.33";"OOS1";"Exit After X Bars";"-15.89";"75.92";"21h 0m";""
"43";"USDJPY_DukasM1_the5ers";"Buy";"2019.01.17 21:00:00";"109.195";"0.26";"2019.01.18 18:00:00";"109.681";"81.16";"18552.49";"OOS1";"Exit After X Bars";"-23.63";"86.88";"21h 0m";""
"44";"USDJPY_DukasM1_the5ers";"Buy";"2019.01.23 16:00:00";"109.889";"0.33";"2019.01.23 18:00:00";"109.436";"-99.40";"18453.09";"OOS1";"SL";"-97.75";"23.74";"2h 0m";""
"45";"USDJPY_DukasM1_the5ers";"Buy";"2019.02.04 06:00:00";"109.743";"0.27";"2019.02.04 19:00:00";"109.906";"27.43";"18480.52";"OOS1";"TrailingStop";"-4.24";"73.80";"13h 0m";""
"46";"USDJPY_DukasM1_the5ers";"Buy";"2019.02.11 10:00:00";"110.086";"0.39";"2019.02.12 07:00:00";"110.589";"126.07";"18606.59";"OOS1";"Exit After X Bars";"-0.77";"144.09";"21h 0m";""
"47";"USDJPY_DukasM1_the5ers";"Buy";"2019.02.13 05:00:00";"110.651";"0.39";"2019.02.14 02:00:00";"110.927";"67.67";"18674.27";"OOS1";"Exit After X Bars";"-19.13";"102.27";"21h 0m";""
"48";"USDJPY_DukasM1_the5ers";"Buy";"2019.02.20 03:00:00";"110.823";"0.38";"2019.02.20 19:00:00";"110.685";"-36.19";"18638.07";"OOS1";"TrailingStop";"-34.29";"31.56";"16h 0m";""
"49";"USDJPY_DukasM1_the5ers";"Buy";"2019.02.25 18:00:00";"110.950";"0.42";"2019.02.26 02:00:00";"110.990";"8.61";"18646.69";"OOS1";"TrailingStop";"0.00";"78.00";"8h 0m";""
"50";"USDJPY_DukasM1_the5ers";"Buy";"2019.02.28 16:00:00";"111.234";"0.38";"2019.03.01 11:00:00";"111.963";"179.00";"18825.69";"OOS1";"PT";"-14.16";"181.15";"19h 0m";""
"51";"USDJPY_DukasM1_the5ers";"Buy";"2019.03.05 17:00:00";"112.077";"0.45";"2019.03.06 03:00:00";"111.741";"-101.42";"18724.27";"OOS1";"SL";"-98.87";"17.66";"10h 0m";""
"52";"USDJPY_DukasM1_the5ers";"Buy";"2019.03.14 03:00:00";"111.466";"0.35";"2019.03.15 00:00:00";"111.654";"41.05";"18765.32";"OOS1";"Exit After X Bars";"-9.84";"84.00";"21h 0m";""
"53";"USDJPY_DukasM1_the5ers";"Buy";"2019.03.28 15:00:00";"110.713";"0.25";"2019.03.29 13:00:00";"110.796";"12.16";"18777.47";"OOS1";"Exit After X Bars";"-30.08";"35.31";"22h 0m";""
"54";"USDJPY_DukasM1_the5ers";"Buy";"2019.04.01 17:00:00";"111.184";"0.3";"2019.04.02 14:00:00";"111.354";"31.65";"18809.13";"OOS1";"Exit After X Bars";"-0.59";"52.97";"21h 0m";""
"55";"USDJPY_DukasM1_the5ers";"Buy";"2019.04.03 03:00:00";"111.454";"0.44";"2019.04.04 00:00:00";"111.484";"5.57";"18814.70";"OOS1";"Exit After X Bars";"-36.54";"35.68";"21h 0m";""
"56";"USDJPY_DukasM1_the5ers";"Buy";"2019.04.12 03:00:00";"111.789";"0.42";"2019.04.15 01:00:00";"111.979";"49.81";"18864.50";"OOS1";"Exit After X Bars";"-25.82";"83.49";"2d 22h 0m";""
"57";"USDJPY_DukasM1_the5ers";"Buy";"2019.04.23 16:00:00";"112.025";"0.67";"2019.04.23 19:00:00";"111.796";"-103.68";"18760.82";"OOS1";"SL";"-100.33";"3.07";"3h 0m";""
"58";"USDJPY_DukasM1_the5ers";"Buy";"2019.04.24 21:00:00";"112.032";"0.5";"2019.04.24 23:00:00";"112.172";"43.27";"18804.10";"OOS1";"TrailingStop";"0.00";"119.99";"2h 0m";""
"59";"USDJPY_DukasM1_the5ers";"Buy";"2019.05.16 15:00:00";"109.805";"0.32";"2019.05.17 06:00:00";"109.755";"-12.27";"18791.82";"OOS1";"TrailingStop";"-22.39";"47.92";"15h 0m";""
"60";"USDJPY_DukasM1_the5ers";"Buy";"2019.05.17 20:00:00";"110.034";"0.31";"2019.05.20 13:00:00";"109.974";"-13.92";"18777.91";"OOS1";"TrailingStop";"-22.30";"57.57";"2d 17h 0m";""
"61";"USDJPY_DukasM1_the5ers";"Buy";"2019.05.21 13:00:00";"110.318";"0.33";"2019.05.22 07:00:00";"110.440";"24.46";"18802.37";"OOS1";"TrailingStop";"-13.38";"76.39";"18h 0m";""
"62";"USDJPY_DukasM1_the5ers";"Buy";"2019.05.30 09:00:00";"109.745";"0.35";"2019.05.30 18:00:00";"109.651";"-23.26";"18779.11";"OOS1";"TrailingStop";"-26.32";"41.20";"9h 0m";""
"63";"USDJPY_DukasM1_the5ers";"Buy";"2019.06.06 21:00:00";"108.485";"0.28";"2019.06.07 15:00:00";"108.352";"-25.94";"18753.17";"OOS1";"TrailingStop";"-29.84";"24.17";"18h 0m";""
"64";"USDJPY_DukasM1_the5ers";"Buy";"2019.06.10 07:00:00";"108.617";"0.26";"2019.06.10 21:00:00";"108.425";"-33.94";"18719.23";"OOS1";"TrailingStop";"-32.64";"16.83";"14h 0m";""
"65";"USDJPY_DukasM1_the5ers";"Buy";"2019.06.11 13:00:00";"108.716";"0.33";"2019.06.11 18:00:00";"108.529";"-42.00";"18677.22";"OOS1";"TrailingStop";"-40.35";"18.13";"5h 0m";""
"66";"USDJPY_DukasM1_the5ers";"Buy";"2019.06.27 05:00:00";"107.882";"0.29";"2019.06.27 13:00:00";"107.848";"-7.90";"18669.33";"OOS1";"TrailingStop";"-6.45";"52.91";"8h 0m";""
"67";"USDJPY_DukasM1_the5ers";"Buy";"2019.07.01 01:00:00";"108.219";"0.35";"2019.07.01 03:00:00";"108.228";"0.31";"18669.64";"OOS1";"TrailingStop";"-8.93";"66.60";"2h 0m";""
"68";"USDJPY_DukasM1_the5ers";"Buy";"2019.07.05 16:00:00";"108.490";"0.62";"2019.07.08 06:00:00";"108.384";"-46.48";"18623.15";"OOS1";"TrailingStop";"-42.98";"59.60";"2d 14h 0m";""
"69";"USDJPY_DukasM1_the5ers";"Buy";"2019.07.08 16:00:00";"108.637";"0.4";"2019.07.09 13:00:00";"108.888";"63.39";"18686.55";"OOS1";"Exit After X Bars";"-2.35";"85.27";"21h 0m";""
"70";"USDJPY_DukasM1_the5ers";"Buy";"2019.07.25 16:00:00";"108.287";"0.51";"2019.07.26 06:00:00";"108.559";"87.83";"18774.38";"OOS1";"TrailingStop";"0.00";"156.08";"14h 0m";""
"71";"USDJPY_DukasM1_the5ers";"Buy";"2019.07.29 17:00:00";"108.828";"0.51";"2019.07.30 05:00:00";"108.702";"-44.90";"18729.47";"OOS1";"TrailingStop";"-42.02";"40.02";"12h 0m";""
"72";"USDJPY_DukasM1_the5ers";"Buy";"2019.07.31 21:00:00";"108.948";"0.46";"2019.08.01 13:00:00";"108.999";"12.14";"18741.61";"OOS1";"TrailingStop";"-81.52";"111.30";"16h 0m";""
"73";"USDJPY_DukasM1_the5ers";"Buy";"2019.08.13 16:00:00";"106.262";"0.25";"2019.08.14 03:00:00";"106.290";"3.16";"18744.77";"OOS1";"TrailingStop";"0.00";"116.23";"11h 0m";""
"74";"USDJPY_DukasM1_the5ers";"Buy";"2019.08.23 14:00:00";"106.691";"0.38";"2019.08.23 15:00:00";"106.553";"-36.19";"18708.58";"OOS1";"TrailingStop";"-34.29";"10.69";"1h 0m";""
"75";"USDJPY_DukasM1_the5ers";"Buy";"2019.08.29 15:00:00";"106.413";"0.27";"2019.08.30 08:00:00";"106.348";"-13.00";"18695.58";"OOS1";"TrailingStop";"-35.66";"47.32";"17h 0m";""
"76";"USDJPY_DukasM1_the5ers";"Buy";"2019.09.05 04:00:00";"106.544";"0.3";"2019.09.05 09:00:00";"106.435";"-22.88";"18672.70";"OOS1";"TrailingStop";"-21.38";"41.00";"5h 0m";""
"77";"USDJPY_DukasM1_the5ers";"Buy";"2019.09.09 23:00:00";"107.232";"0.32";"2019.09.10 16:00:00";"107.211";"-6.20";"18666.49";"OOS1";"TrailingStop";"-10.67";"55.66";"17h 0m";""
"78";"USDJPY_DukasM1_the5ers";"Buy";"2019.09.10 21:00:00";"107.498";"0.32";"2019.09.11 18:00:00";"107.740";"48.83";"18715.32";"OOS1";"Exit After X Bars";"-14.65";"73.03";"21h 0m";""
"79";"USDJPY_DukasM1_the5ers";"Buy";"2019.09.13 01:00:00";"108.187";"0.29";"2019.09.13 09:00:00";"107.963";"-43.93";"18671.39";"OOS1";"TrailingStop";"-42.48";"13.65";"8h 0m";""
"80";"USDJPY_DukasM1_the5ers";"Buy";"2019.09.17 04:00:00";"108.259";"0.28";"2019.09.18 01:00:00";"108.106";"-29.60";"18641.80";"OOS1";"Exit After X Bars";"-37.17";"20.51";"21h 0m";""
"81";"USDJPY_DukasM1_the5ers";"Buy";"2019.09.18 21:00:00";"108.371";"0.47";"2019.09.19 04:00:00";"108.254";"-39.23";"18602.57";"OOS1";"TrailingStop";"-35.96";"31.96";"7h 0m";""
"82";"USDJPY_DukasM1_the5ers";"Buy";"2019.09.26 19:00:00";"107.883";"0.33";"2019.09.27 16:00:00";"108.072";"38.92";"18641.48";"OOS1";"Exit After X Bars";"-48.99";"62.36";"21h 0m";""
"83";"USDJPY_DukasM1_the5ers";"Buy";"2019.09.30 20:00:00";"108.180";"0.3";"2019.10.01 17:00:00";"108.385";"38.52";"18680.01";"OOS1";"Exit After X Bars";"-27.07";"56.89";"21h 0m";""
"84";"USDJPY_DukasM1_the5ers";"Buy";"2019.10.09 18:00:00";"107.464";"0.28";"2019.10.10 01:00:00";"107.344";"-23.92";"18656.08";"OOS1";"TrailingStop";"-21.97";"30.03";"7h 0m";""
"85";"USDJPY_DukasM1_the5ers";"Buy";"2019.10.10 04:00:00";"107.628";"0.26";"2019.10.11 01:00:00";"107.863";"38.48";"18694.57";"OOS1";"Exit After X Bars";"-46.59";"66.31";"21h 0m";""
"86";"USDJPY_DukasM1_the5ers";"Buy";"2019.10.15 17:00:00";"108.628";"0.36";"2019.10.16 03:00:00";"108.652";"3.61";"18698.18";"OOS1";"TrailingStop";"0.00";"63.80";"10h 0m";""
"87";"USDJPY_DukasM1_the5ers";"Buy";"2019.10.17 12:00:00";"108.899";"0.4";"2019.10.17 18:00:00";"108.516";"-102.18";"18596.00";"OOS1";"SL";"-100.18";"10.46";"6h 0m";""
"88";"USDJPY_DukasM1_the5ers";"Buy";"2019.10.24 10:00:00";"108.727";"0.43";"2019.10.25 07:00:00";"108.654";"-22.96";"18573.04";"OOS1";"Exit After X Bars";"-64.95";"7.31";"21h 0m";""
"89";"USDJPY_DukasM1_the5ers";"Buy";"2019.10.25 18:00:00";"108.753";"0.5";"2019.10.28 14:00:00";"108.728";"-11.00";"18562.04";"OOS1";"Exit After X Bars";"-32.37";"12.75";"2d 20h 0m";""
"90";"USDJPY_DukasM1_the5ers";"Buy";"2019.10.30 20:00:00";"109.068";"0.54";"2019.10.30 21:00:00";"108.784";"-102.99";"18459.06";"OOS1";"SL";"-100.29";"77.33";"1h 0m";""
"91";"USDJPY_DukasM1_the5ers";"Buy";"2019.11.07 17:00:00";"109.242";"0.36";"2019.11.07 21:00:00";"109.236";"-3.21";"18455.85";"OOS1";"TrailingStop";"-1.41";"57.68";"4h 0m";""
"92";"USDJPY_DukasM1_the5ers";"Buy";"2019.11.25 07:00:00";"108.836";"0.43";"2019.11.26 04:00:00";"109.078";"65.62";"18521.46";"OOS1";"Exit After X Bars";"-5.90";"104.60";"21h 0m";""
"93";"USDJPY_DukasM1_the5ers";"Buy";"2019.11.27 15:00:00";"109.208";"0.49";"2019.11.28 01:00:00";"109.428";"67.08";"18588.54";"OOS1";"TrailingStop";"-0.32";"128.49";"10h 0m";""
"94";"USDJPY_DukasM1_the5ers";"Buy";"2019.11.29 02:00:00";"109.609";"0.51";"2019.11.29 17:00:00";"109.533";"-27.90";"18560.65";"OOS1";"TrailingStop";"-52.36";"20.01";"15h 0m";""
"95";"USDJPY_DukasM1_the5ers";"Buy";"2019.12.02 02:00:00";"109.669";"0.6";"2019.12.02 13:00:00";"109.560";"-45.77";"18514.88";"OOS1";"TrailingStop";"-42.77";"22.76";"11h 0m";""
"96";"USDJPY_DukasM1_the5ers";"Buy";"2019.12.12 16:00:00";"108.855";"0.56";"2019.12.12 21:00:00";"109.354";"179.93";"18694.81";"OOS1";"PT";"0.00";"182.73";"5h 0m";""
"97";"USDJPY_DukasM1_the5ers";"Buy";"2019.12.19 02:00:00";"109.676";"0.6";"2019.12.19 15:00:00";"109.422";"-102.66";"18592.15";"OOS1";"SL";"-99.66";"3.53";"13h 0m";""
"98";"USDJPY_DukasM1_the5ers";"Buy";"2019.12.26 02:00:00";"109.538";"0.79";"2019.12.26 23:00:00";"109.625";"40.99";"18633.15";"OOS1";"Exit After X Bars";"-19.63";"75.42";"21h 0m";""
"99";"USDJPY_DukasM1_the5ers";"Buy";"2020.01.08 12:00:00";"108.630";"0.21";"2020.01.09 09:00:00";"109.281";"87.94";"18721.08";"OOS1";"Exit After X Bars";"-2.47";"95.30";"21h 0m";""
"100";"USDJPY_DukasM1_the5ers";"Buy";"2020.01.17 01:00:00";"110.212";"0.54";"2020.01.17 12:00:00";"110.111";"-38.36";"18682.72";"OOS1";"TrailingStop";"-35.66";"27.54";"11h 0m";""
"101";"USDJPY_DukasM1_the5ers";"Buy";"2020.02.04 16:00:00";"109.260";"0.3";"2020.02.05 13:00:00";"109.671";"78.93";"18761.65";"OOS1";"Exit After X Bars";"-11.77";"90.44";"21h 0m";""
"102";"USDJPY_DukasM1_the5ers";"Buy";"2020.02.06 17:00:00";"109.980";"0.38";"2020.02.07 11:00:00";"109.805";"-45.63";"18716.02";"OOS1";"TrailingStop";"-43.49";"10.19";"18h 0m";""
"103";"USDJPY_DukasM1_the5ers";"Buy";"2020.02.12 10:00:00";"110.021";"0.53";"2020.02.12 12:00:00";"109.946";"-28.64";"18687.37";"OOS1";"TrailingStop";"-25.99";"38.82";"2h 0m";""
"104";"USDJPY_DukasM1_the5ers";"Buy";"2020.02.19 03:00:00";"109.960";"0.57";"2020.02.19 14:00:00";"110.450";"179.79";"18867.16";"OOS1";"PT";"0.00";"182.64";"11h 0m";""
"105";"USDJPY_DukasM1_the5ers";"Buy";"2020.03.12 19:00:00";"105.919";"0.07";"2020.03.13 16:00:00";"106.810";"40.39";"18907.55";"OOS1";"Exit After X Bars";"-64.86";"72.19";"21h 0m";""
"106";"USDJPY_DukasM1_the5ers";"Buy";"2020.03.18 17:00:00";"108.501";"0.09";"2020.03.19 14:00:00";"109.898";"81.59";"18989.14";"OOS1";"Exit After X Bars";"-44.43";"85.98";"21h 0m";""
"107";"USDJPY_DukasM1_the5ers";"Buy";"2020.03.20 17:00:00";"111.361";"0.08";"2020.03.23 01:00:00";"110.527";"-44.08";"18945.06";"OOS1";"TrailingStop";"-45.93";"7.43";"2d 8h 0m";""
"108";"USDJPY_DukasM1_the5ers";"Buy";"2020.03.23 18:00:00";"111.503";"0.07";"2020.03.24 02:00:00";"110.543";"-44.34";"18900.72";"OOS1";"TrailingStop";"-43.94";"4.26";"8h 0m";""
"109";"USDJPY_DukasM1_the5ers";"Buy";"2020.03.24 18:00:00";"111.596";"0.08";"2020.03.25 15:00:00";"111.345";"-13.58";"18887.14";"OOS1";"Exit After X Bars";"-44.26";"6.12";"21h 0m";""
"110";"USDJPY_DukasM1_the5ers";"Buy";"2020.04.06 02:00:00";"108.727";"0.16";"2020.04.06 23:00:00";"109.153";"43.77";"18930.91";"OOS1";"Exit After X Bars";"-6.28";"68.43";"21h 0m";""
"111";"USDJPY_DukasM1_the5ers";"Buy";"2020.04.17 02:00:00";"108.087";"0.2";"2020.04.17 16:00:00";"107.333";"-99.61";"18831.30";"OOS1";"SL";"-98.61";"0.00";"14h 0m";""
"112";"USDJPY_DukasM1_the5ers";"Buy";"2020.04.23 16:00:00";"107.949";"0.32";"2020.04.23 20:00:00";"107.481";"-99.53";"18731.77";"OOS1";"SL";"-97.93";"19.46";"4h 0m";""
"113";"USDJPY_DukasM1_the5ers";"Buy";"2020.05.11 09:00:00";"107.069";"0.31";"2020.05.12 03:00:00";"107.464";"78.32";"18810.09";"OOS1";"TrailingStop";"0.00";"141.70";"18h 0m";""
"114";"USDJPY_DukasM1_the5ers";"Buy";"2020.05.18 15:00:00";"107.433";"0.33";"2020.05.18 18:00:00";"107.248";"-41.57";"18768.52";"OOS1";"TrailingStop";"-39.92";"15.54";"3h 0m";""
"115";"USDJPY_DukasM1_the5ers";"Buy";"2020.05.19 09:00:00";"107.505";"0.3";"2020.05.20 00:00:00";"107.665";"29.69";"18798.21";"OOS1";"TrailingStop";"-31.00";"114.37";"15h 0m";""
"116";"USDJPY_DukasM1_the5ers";"Buy";"2020.05.27 16:00:00";"107.922";"0.39";"2020.05.28 13:00:00";"107.721";"-53.98";"18744.23";"OOS1";"Exit After X Bars";"-69.62";"6.38";"21h 0m";""
"117";"USDJPY_DukasM1_the5ers";"Buy";"2020.06.02 14:00:00";"107.901";"0.34";"2020.06.02 20:00:00";"108.732";"183.06";"18927.29";"OOS1";"PT";"-0.67";"184.76";"6h 0m";""
"118";"USDJPY_DukasM1_the5ers";"Buy";"2020.06.03 17:00:00";"108.848";"0.25";"2020.06.04 14:00:00";"108.922";"10.36";"18937.65";"OOS1";"Exit After X Bars";"-8.50";"51.50";"21h 0m";""
"119";"USDJPY_DukasM1_the5ers";"Buy";"2020.06.05 15:00:00";"109.426";"0.28";"2020.06.08 03:00:00";"109.453";"3.36";"18941.01";"OOS1";"TrailingStop";"0.00";"77.45";"2d 12h 0m";""
"120";"USDJPY_DukasM1_the5ers";"Buy";"2020.06.25 05:00:00";"107.221";"0.32";"2020.06.25 17:00:00";"107.160";"-14.36";"18926.64";"OOS1";"TrailingStop";"-36.41";"48.13";"12h 0m";""
"121";"USDJPY_DukasM1_the5ers";"Buy";"2020.06.29 16:00:00";"107.451";"0.34";"2020.06.30 13:00:00";"107.785";"72.34";"18998.98";"OOS1";"Exit After X Bars";"0.00";"96.27";"21h 0m";""
"122";"USDJPY_DukasM1_the5ers";"Buy";"2020.06.30 17:00:00";"107.884";"0.33";"2020.07.01 04:00:00";"107.858";"-7.48";"18991.50";"OOS1";"TrailingStop";"-30.64";"60.42";"11h 0m";""
"123";"USDJPY_DukasM1_the5ers";"Buy";"2020.07.07 12:00:00";"107.772";"0.48";"2020.07.08 09:00:00";"107.562";"-68.63";"18922.88";"OOS1";"Exit After X Bars";"-86.00";"5.65";"21h 0m";""
"124";"USDJPY_DukasM1_the5ers";"Buy";"2020.07.20 03:00:00";"107.400";"0.45";"2020.07.20 15:00:00";"107.064";"-101.12";"18821.75";"OOS1";"SL";"-98.87";"40.61";"12h 0m";""
"125";"USDJPY_DukasM1_the5ers";"Buy";"2020.07.31 16:00:00";"105.686";"0.25";"2020.08.03 11:00:00";"105.736";"6.76";"18828.51";"OOS1";"TrailingStop";"-32.86";"121.79";"2d 19h 0m";""
"126";"USDJPY_DukasM1_the5ers";"Buy";"2020.08.10 13:00:00";"106.055";"0.34";"2020.08.10 16:00:00";"105.922";"-31.27";"18797.24";"OOS1";"TrailingStop";"-29.57";"32.46";"3h 0m";""
"127";"USDJPY_DukasM1_the5ers";"Buy";"2020.08.11 09:00:00";"106.201";"0.29";"2020.08.12 06:00:00";"106.711";"95.08";"18892.32";"OOS1";"Exit After X Bars";"-51.77";"101.65";"21h 0m";""
"128";"USDJPY_DukasM1_the5ers";"Buy";"2020.08.13 21:00:00";"107.014";"0.3";"2020.08.14 16:00:00";"106.516";"-99.39";"18792.93";"OOS1";"SL";"-97.70";"6.87";"19h 0m";""
"129";"USDJPY_DukasM1_the5ers";"Buy";"2020.08.25 11:00:00";"106.215";"0.33";"2020.08.25 15:00:00";"106.259";"7.84";"18800.77";"OOS1";"TrailingStop";"0.00";"60.85";"4h 0m";""
"130";"USDJPY_DukasM1_the5ers";"Buy";"2020.08.27 18:00:00";"106.577";"0.25";"2020.08.28 08:00:00";"106.578";"-1.25";"18799.52";"OOS1";"TrailingStop";"-35.97";"60.32";"14h 0m";""
"131";"USDJPY_DukasM1_the5ers";"Buy";"2020.09.23 19:00:00";"105.399";"0.3";"2020.09.24 10:00:00";"105.220";"-37.20";"18762.32";"OOS1";"TrailingStop";"-35.12";"18.64";"15h 0m";""
"132";"USDJPY_DukasM1_the5ers";"Buy";"2020.09.24 14:00:00";"105.494";"0.32";"2020.09.25 09:00:00";"105.312";"-39.89";"18722.42";"OOS1";"TrailingStop";"-38.08";"10.25";"19h 0m";""
"133";"USDJPY_DukasM1_the5ers";"Buy";"2020.09.29 09:00:00";"105.700";"0.37";"2020.09.30 05:00:00";"105.605";"-25.08";"18697.35";"OOS1";"TrailingStop";"-41.13";"24.92";"20h 0m";""
"134";"USDJPY_DukasM1_the5ers";"Buy";"2020.10.07 10:00:00";"105.794";"0.45";"2020.10.07 15:00:00";"105.904";"30.12";"18727.47";"OOS1";"TrailingStop";"0.00";"92.10";"5h 0m";""
"135";"USDJPY_DukasM1_the5ers";"Buy";"2020.10.20 03:00:00";"105.514";"0.51";"2020.10.20 17:00:00";"105.556";"11.46";"18738.92";"OOS1";"TrailingStop";"-10.00";"77.71";"14h 0m";""
"136";"USDJPY_DukasM1_the5ers";"Buy";"2020.11.02 09:00:00";"104.838";"0.33";"2020.11.02 13:00:00";"104.682";"-35.31";"18703.61";"OOS1";"TrailingStop";"-33.66";"23.74";"4h 0m";""
"137";"USDJPY_DukasM1_the5ers";"Buy";"2020.11.04 04:00:00";"104.948";"0.3";"2020.11.04 06:00:00";"104.866";"-17.59";"18686.02";"OOS1";"TrailingStop";"-16.09";"77.69";"2h 0m";""
"138";"USDJPY_DukasM1_the5ers";"Buy";"2020.11.09 16:00:00";"105.344";"0.22";"2020.11.10 01:00:00";"105.106";"-35.48";"18650.54";"OOS1";"TrailingStop";"-34.24";"43.59";"9h 0m";""
"139";"USDJPY_DukasM1_the5ers";"Buy";"2020.11.11 17:00:00";"105.647";"0.23";"2020.11.12 14:00:00";"105.345";"-47.02";"18603.52";"OOS1";"Exit After X Bars";"-75.05";"4.36";"21h 0m";""
"140";"USDJPY_DukasM1_the5ers";"BuyStop";"2020.11.13 23:00:00";"105.676";"0.34";"2020.11.13 23:00:00";"";"";"18603.52";"OOS1";"EndTest";"";"";"0s";""
"1";"USDJPY_DukasM1_the5ers";"Buy";"2020.11.23 17:00:00";"104.216";"0.77";"2020.11.24 07:00:00";"104.354";"65.13";"18668.65";"OOS1";"TrailingStop";"0.00";"216.51";"14h 0m";""
"2";"USDJPY_DukasM1_the5ers";"Buy";"2020.11.24 15:00:00";"104.646";"0.45";"2020.11.25 06:00:00";"104.493";"-47.57";"18621.08";"OOS1";"Exit After X Bars";"-65.92";"33.84";"15h 0m";""
"3";"USDJPY_DukasM1_the5ers";"Buy";"2020.12.01 16:00:00";"104.462";"0.52";"2020.12.02 01:00:00";"104.259";"-71.97";"18549.12";"OOS1";"TrailingStop";"-69.03";"39.44";"9h 0m";""
"4";"USDJPY_DukasM1_the5ers";"Buy";"2020.12.02 09:00:00";"104.578";"0.53";"2020.12.02 15:00:00";"104.529";"-19.63";"18529.48";"OOS1";"TrailingStop";"-27.03";"59.96";"6h 0m";""
"5";"USDJPY_DukasM1_the5ers";"Buy";"2020.12.09 18:00:00";"104.312";"0.75";"2020.12.10 09:00:00";"104.456";"65.40";"18594.88";"OOS1";"Exit After X Bars";"-63.27";"92.20";"15h 0m";""
"6";"USDJPY_DukasM1_the5ers";"Buy";"2020.12.28 17:00:00";"103.767";"0.63";"2020.12.29 05:00:00";"103.657";"-48.88";"18546.01";"OOS1";"TrailingStop";"-45.32";"53.97";"12h 0m";""
"7";"USDJPY_DukasM1_the5ers";"Buy";"2021.01.06 17:00:00";"103.316";"0.54";"2021.01.06 20:00:00";"103.137";"-65.91";"18480.10";"OOS1";"TrailingStop";"-63.21";"45.20";"3h 0m";""
"8";"USDJPY_DukasM1_the5ers";"Buy";"2021.01.11 01:00:00";"104.092";"0.35";"2021.01.11 16:00:00";"104.271";"39.22";"18519.32";"OOS1";"Exit After X Bars";"-13.50";"47.61";"15h 0m";""
"9";"USDJPY_DukasM1_the5ers";"Buy";"2021.01.25 16:00:00";"103.929";"0.74";"2021.01.26 00:00:00";"103.722";"-104.35";"18414.96";"OOS1";"SL";"-100.17";"3.39";"8h 0m";""
"10";"USDJPY_DukasM1_the5ers";"Buy";"2021.01.27 15:00:00";"103.936";"0.87";"2021.01.28 06:00:00";"104.359";"234.59";"18649.56";"OOS1";"Exit After X Bars";"0.00";"246.91";"15h 0m";""
"11";"USDJPY_DukasM1_the5ers";"Buy";"2021.01.29 02:00:00";"104.462";"0.61";"2021.01.29 14:00:00";"104.659";"75.53";"18725.09";"OOS1";"TrailingStop";"-10.37";"190.67";"12h 0m";""
"12";"USDJPY_DukasM1_the5ers";"Buy";"2021.02.01 12:00:00";"104.940";"0.55";"2021.02.02 03:00:00";"104.890";"-21.09";"18704.00";"OOS1";"Exit After X Bars";"-38.48";"34.17";"15h 0m";""
"13";"USDJPY_DukasM1_the5ers";"Buy";"2021.02.24 14:00:00";"105.879";"0.43";"2021.02.25 05:00:00";"106.030";"39.47";"18743.46";"OOS1";"Exit After X Bars";"-15.75";"72.83";"15h 0m";""
"14";"USDJPY_DukasM1_the5ers";"Buy";"2021.02.26 11:00:00";"106.430";"0.33";"2021.03.01 02:00:00";"106.478";"8.49";"18751.95";"OOS1";"Exit After X Bars";"-48.12";"56.54";"2d 15h 0m";""
"15";"USDJPY_DukasM1_the5ers";"Buy";"2021.03.01 04:00:00";"106.692";"0.35";"2021.03.01 19:00:00";"106.684";"-3.58";"18748.37";"OOS1";"Exit After X Bars";"-52.87";"18.77";"15h 0m";""
"16";"USDJPY_DukasM1_the5ers";"Buy";"2021.03.02 02:00:00";"106.888";"0.45";"2021.03.02 16:00:00";"106.718";"-52.27";"18696.10";"OOS1";"TrailingStop";"-50.02";"20.30";"14h 0m";""
"17";"USDJPY_DukasM1_the5ers";"Buy";"2021.03.03 16:00:00";"107.029";"0.58";"2021.03.03 18:00:00";"106.856";"-68.51";"18627.58";"OOS1";"TrailingStop";"-65.61";"47.03";"2h 0m";""
"18";"USDJPY_DukasM1_the5ers";"Buy";"2021.03.04 08:00:00";"107.153";"0.55";"2021.03.04 23:00:00";"107.883";"259.80";"18887.38";"OOS1";"Exit After X Bars";"-17.98";"286.29";"15h 0m";""
"19";"USDJPY_DukasM1_the5ers";"Buy";"2021.03.25 10:00:00";"109.128";"0.54";"2021.03.26 01:00:00";"109.163";"9.31";"18896.69";"OOS1";"Exit After X Bars";"-37.08";"38.14";"15h 0m";""
"20";"USDJPY_DukasM1_the5ers";"Buy";"2021.03.29 22:00:00";"109.847";"0.5";"2021.03.30 13:00:00";"110.246";"127.63";"19024.32";"OOS1";"Exit After X Bars";"-34.98";"151.38";"15h 0m";""
"21";"USDJPY_DukasM1_the5ers";"Buy";"2021.04.27 04:00:00";"108.280";"0.49";"2021.04.27 19:00:00";"108.564";"88.55";"19112.87";"OOS1";"Exit After X Bars";"-36.85";"95.49";"15h 0m";""
"22";"USDJPY_DukasM1_the5ers";"Buy";"2021.04.29 12:00:00";"109.077";"0.46";"2021.04.29 18:00:00";"108.912";"-51.93";"19060.94";"OOS1";"TrailingStop";"-72.79";"43.92";"6h 0m";""
"23";"USDJPY_DukasM1_the5ers";"Buy";"2021.04.30 17:00:00";"109.223";"0.45";"2021.05.03 08:00:00";"109.580";"102.51";"19163.44";"OOS1";"Exit After X Bars";"0.00";"107.70";"2d 15h 0m";""
"24";"USDJPY_DukasM1_the5ers";"Buy";"2021.05.12 16:00:00";"109.287";"0.46";"2021.05.13 07:00:00";"109.710";"124.04";"19287.48";"OOS1";"Exit After X Bars";"-16.54";"149.50";"15h 0m";""
"25";"USDJPY_DukasM1_the5ers";"Buy";"2021.05.26 18:00:00";"109.070";"0.59";"2021.05.27 09:00:00";"109.071";"-3.72";"19283.76";"OOS1";"Exit After X Bars";"-11.96";"53.24";"15h 0m";""
"26";"USDJPY_DukasM1_the5ers";"Buy";"2021.06.03 15:00:00";"109.884";"0.67";"2021.06.04 06:00:00";"110.165";"119.33";"19403.08";"OOS1";"Exit After X Bars";"0.00";"194.97";"15h 0m";""
"27";"USDJPY_DukasM1_the5ers";"Buy";"2021.06.10 15:00:00";"109.678";"0.66";"2021.06.10 17:00:00";"109.447";"-103.00";"19300.09";"OOS1";"SL";"-99.70";"50.06";"2h 0m";""
"28";"USDJPY_DukasM1_the5ers";"Buy";"2021.06.11 17:00:00";"109.794";"0.62";"2021.06.14 08:00:00";"109.755";"-19.32";"19280.77";"OOS1";"Exit After X Bars";"-82.71";"19.46";"2d 15h 0m";""
"29";"USDJPY_DukasM1_the5ers";"Buy";"2021.06.14 16:00:00";"109.842";"0.64";"2021.06.15 07:00:00";"110.098";"103.52";"19384.29";"OOS1";"Exit After X Bars";"0.00";"129.32";"15h 0m";""
"30";"USDJPY_DukasM1_the5ers";"Buy";"2021.06.16 21:00:00";"110.166";"0.74";"2021.06.17 11:00:00";"110.551";"181.15";"19565.44";"OOS1";"TrailingStop";"0.00";"317.44";"14h 0m";""
"31";"USDJPY_DukasM1_the5ers";"Buy";"2021.06.23 04:00:00";"110.822";"0.4";"2021.06.23 14:00:00";"110.835";"1.40";"19566.84";"OOS1";"TrailingStop";"-29.56";"74.02";"10h 0m";""
"32";"USDJPY_DukasM1_the5ers";"Buy";"2021.06.24 03:00:00";"111.105";"0.45";"2021.06.24 09:00:00";"110.766";"-102.01";"19464.83";"OOS1";"SL";"-99.76";"2.65";"6h 0m";""
"33";"USDJPY_DukasM1_the5ers";"Buy";"2021.06.30 17:00:00";"110.976";"0.63";"2021.07.01 08:00:00";"111.096";"45.05";"19509.88";"OOS1";"Exit After X Bars";"-29.66";"77.04";"15h 0m";""
"34";"USDJPY_DukasM1_the5ers";"Buy";"2021.07.13 20:00:00";"110.621";"0.58";"2021.07.14 09:00:00";"110.426";"-77.24";"19432.65";"OOS1";"TrailingStop";"-73.96";"29.20";"13h 0m";""
"35";"USDJPY_DukasM1_the5ers";"Buy";"2021.07.21 16:00:00";"110.341";"0.41";"2021.07.22 07:00:00";"110.122";"-61.57";"19371.08";"OOS1";"Exit After X Bars";"-69.44";"12.33";"15h 0m";""
"36";"USDJPY_DukasM1_the5ers";"Buy";"2021.07.23 10:00:00";"110.387";"0.59";"2021.07.26 01:00:00";"110.511";"44.50";"19415.58";"OOS1";"Exit After X Bars";"-30.09";"79.09";"2d 15h 0m";""
"37";"USDJPY_DukasM1_the5ers";"Buy";"2021.08.06 03:00:00";"109.826";"0.53";"2021.08.06 18:00:00";"110.320";"168.56";"19584.14";"OOS1";"Exit After X Bars";"-44.36";"183.69";"15h 0m";""
"38";"USDJPY_DukasM1_the5ers";"Buy";"2021.08.09 23:00:00";"110.356";"0.63";"2021.08.10 14:00:00";"110.456";"37.63";"19621.78";"OOS1";"Exit After X Bars";"-63.03";"78.69";"15h 0m";""
"39";"USDJPY_DukasM1_the5ers";"Buy";"2021.08.26 09:00:00";"110.146";"0.6";"2021.08.26 15:00:00";"109.990";"-64.21";"19557.57";"OOS1";"TrailingStop";"-61.21";"31.39";"6h 0m";""
"40";"USDJPY_DukasM1_the5ers";"Buy";"2021.08.27 16:00:00";"110.229";"0.57";"2021.08.27 17:00:00";"109.962";"-102.37";"19455.20";"OOS1";"SL";"-99.52";"14.16";"1h 0m";""
"41";"USDJPY_DukasM1_the5ers";"Buy";"2021.09.01 10:00:00";"110.267";"0.53";"2021.09.01 15:00:00";"110.210";"-22.40";"19432.79";"OOS1";"TrailingStop";"-19.75";"52.68";"5h 0m";""
"42";"USDJPY_DukasM1_the5ers";"Buy";"2021.09.07 16:00:00";"110.122";"0.85";"2021.09.08 07:00:00";"110.288";"87.46";"19520.26";"OOS1";"Exit After X Bars";"-2.78";"117.84";"15h 0m";""
"43";"USDJPY_DukasM1_the5ers";"Buy";"2021.09.23 15:00:00";"110.080";"0.55";"2021.09.24 06:00:00";"110.392";"109.10";"19629.36";"OOS1";"Exit After X Bars";"-12.59";"121.56";"15h 0m";""
"44";"USDJPY_DukasM1_the5ers";"Buy";"2021.09.29 03:00:00";"111.638";"0.42";"2021.09.29 06:00:00";"111.393";"-69.39";"19559.97";"OOS1";"TrailingStop";"-67.29";"12.08";"3h 0m";""
"45";"USDJPY_DukasM1_the5ers";"Buy";"2021.10.08 04:00:00";"111.787";"0.48";"2021.10.08 14:00:00";"111.766";"-8.99";"19550.98";"OOS1";"TrailingStop";"-6.59";"66.23";"10h 0m";""
"46";"USDJPY_DukasM1_the5ers";"Buy";"2021.10.08 17:00:00";"111.998";"0.43";"2021.10.11 08:00:00";"112.674";"187.65";"19738.63";"OOS1";"Exit After X Bars";"-5.34";"203.30";"2d 15h 0m";""
"47";"USDJPY_DukasM1_the5ers";"Buy";"2021.10.13 15:00:00";"113.786";"0.46";"2021.10.13 16:00:00";"113.452";"-102.77";"19635.86";"OOS1";"SL";"-100.47";"5.41";"1h 0m";""
"48";"USDJPY_DukasM1_the5ers";"Buy";"2021.10.15 02:00:00";"113.804";"0.42";"2021.10.15 17:00:00";"114.380";"156.10";"19791.96";"OOS1";"Exit After X Bars";"0.00";"180.72";"15h 0m";""
"49";"USDJPY_DukasM1_the5ers";"Buy";"2021.10.20 02:00:00";"114.462";"0.45";"2021.10.20 10:00:00";"114.390";"-23.44";"19768.52";"OOS1";"TrailingStop";"-21.19";"70.03";"8h 0m";""
"50";"USDJPY_DukasM1_the5ers";"Buy";"2021.11.01 07:00:00";"114.312";"0.41";"2021.11.01 14:00:00";"114.152";"-44.95";"19723.57";"OOS1";"TrailingStop";"-42.90";"34.85";"7h 0m";""
"51";"USDJPY_DukasM1_the5ers";"Buy";"2021.11.11 03:00:00";"114.029";"0.45";"2021.11.11 15:00:00";"113.824";"-62.57";"19661.00";"OOS1";"TrailingStop";"-60.32";"37.08";"12h 0m";""
"52";"USDJPY_DukasM1_the5ers";"Buy";"2021.11.16 03:00:00";"114.300";"0.5";"2021.11.16 18:00:00";"114.576";"87.74";"19748.74";"OOS1";"Exit After X Bars";"-65.06";"110.19";"15h 0m";""
"53";"USDJPY_DukasM1_the5ers";"Buy";"2021.11.23 04:00:00";"114.969";"0.33";"2021.11.23 09:00:00";"114.831";"-31.43";"19717.31";"OOS1";"TrailingStop";"-29.78";"39.49";"5h 0m";""
"54";"USDJPY_DukasM1_the5ers";"Buy";"2021.11.23 22:00:00";"115.152";"0.31";"2021.11.24 08:00:00";"114.890";"-54.86";"19662.45";"OOS1";"TrailingStop";"-53.11";"17.03";"10h 0m";""
"55";"USDJPY_DukasM1_the5ers";"Buy";"2021.11.24 15:00:00";"115.236";"0.36";"2021.11.25 06:00:00";"115.366";"28.10";"19690.54";"OOS1";"Exit After X Bars";"-27.78";"67.33";"15h 0m";""
"56";"USDJPY_DukasM1_the5ers";"Buy";"2021.12.07 07:00:00";"113.704";"0.27";"2021.12.07 14:00:00";"113.454";"-45.49";"19645.05";"OOS1";"TrailingStop";"-44.14";"6.71";"7h 0m";""
"57";"USDJPY_DukasM1_the5ers";"Buy";"2021.12.08 13:00:00";"113.778";"0.39";"2021.12.09 04:00:00";"113.717";"-18.27";"19626.78";"OOS1";"Exit After X Bars";"-46.93";"44.89";"15h 0m";""
"58";"USDJPY_DukasM1_the5ers";"Buy";"2021.12.15 02:00:00";"113.791";"0.49";"2021.12.15 17:00:00";"113.785";"-4.37";"19622.41";"OOS1";"Exit After X Bars";"-52.55";"34.61";"15h 0m";""
"59";"USDJPY_DukasM1_the5ers";"Buy";"2021.12.22 10:00:00";"114.272";"0.38";"2021.12.22 22:00:00";"114.096";"-45.63";"19576.78";"OOS1";"TrailingStop";"-43.73";"24.10";"12h 0m";""
"60";"USDJPY_DukasM1_the5ers";"Buy";"2021.12.23 14:00:00";"114.369";"0.65";"2021.12.24 05:00:00";"114.376";"-0.70";"19576.08";"OOS1";"Exit After X Bars";"-55.26";"60.78";"15h 0m";""
"61";"USDJPY_DukasM1_the5ers";"Buy";"2022.01.26 12:00:00";"114.231";"0.44";"2022.01.27 03:00:00";"114.669";"122.96";"19699.04";"OOS1";"Exit After X Bars";"-29.35";"158.82";"15h 0m";""
"62";"USDJPY_DukasM1_the5ers";"Buy";"2022.02.04 15:00:00";"115.150";"0.47";"2022.02.07 06:00:00";"115.293";"41.29";"19740.33";"OOS1";"Exit After X Bars";"-4.92";"85.44";"2d 15h 0m";""
"63";"USDJPY_DukasM1_the5ers";"Buy";"2022.02.08 07:00:00";"115.428";"0.51";"2022.02.08 12:00:00";"115.265";"-56.91";"19683.42";"OOS1";"TrailingStop";"-54.36";"39.02";"5h 0m";""
"64";"USDJPY_DukasM1_the5ers";"Buy";"2022.02.08 17:00:00";"115.545";"0.48";"2022.02.09 03:00:00";"115.397";"-49.17";"19634.25";"OOS1";"TrailingStop";"-46.45";"42.06";"10h 0m";""
"65";"USDJPY_DukasM1_the5ers";"Buy";"2022.02.10 08:00:00";"115.679";"0.6";"2022.02.10 17:00:00";"115.923";"92.73";"19726.98";"OOS1";"TrailingStop";"-54.14";"258.17";"9h 0m";""
"66";"USDJPY_DukasM1_the5ers";"Buy";"2022.02.24 17:00:00";"115.242";"0.34";"2022.02.25 04:00:00";"115.288";"8.30";"19735.29";"OOS1";"TrailingStop";"0.00";"100.49";"11h 0m";""
"67";"USDJPY_DukasM1_the5ers";"Buy";"2022.02.25 19:00:00";"115.694";"0.31";"2022.02.28 01:00:00";"115.428";"-55.67";"19679.62";"OOS1";"TrailingStop";"-110.68";"14.39";"2d 6h 0m";""
"68";"USDJPY_DukasM1_the5ers";"Buy";"2022.03.03 10:00:00";"115.765";"0.38";"2022.03.03 17:00:00";"115.558";"-53.34";"19626.28";"OOS1";"TrailingStop";"-51.44";"10.19";"7h 0m";""
"69";"USDJPY_DukasM1_the5ers";"Buy";"2022.03.09 02:00:00";"115.806";"0.4";"2022.03.09 16:00:00";"115.688";"-32.87";"19593.41";"OOS1";"TrailingStop";"-30.87";"35.57";"14h 0m";""
"70";"USDJPY_DukasM1_the5ers";"Buy";"2022.03.10 16:00:00";"116.194";"0.44";"2022.03.11 07:00:00";"116.557";"101.96";"19695.37";"OOS1";"Exit After X Bars";"-76.82";"106.75";"15h 0m";""
"71";"USDJPY_DukasM1_the5ers";"Buy";"2022.03.18 12:00:00";"119.122";"0.4";"2022.03.21 03:00:00";"119.178";"12.39";"19707.76";"OOS1";"Exit After X Bars";"-37.40";"72.45";"2d 15h 0m";""
"72";"USDJPY_DukasM1_the5ers";"Buy";"2022.03.21 19:00:00";"119.399";"0.48";"2022.03.22 10:00:00";"120.465";"331.88";"20039.64";"OOS1";"Exit After X Bars";"-13.18";"343.07";"15h 0m";""
"73";"USDJPY_DukasM1_the5ers";"Buy";"2022.03.24 07:00:00";"121.411";"0.33";"2022.03.24 22:00:00";"122.312";"192.78";"20232.42";"OOS1";"Exit After X Bars";"-10.57";"214.71";"15h 0m";""
"74";"USDJPY_DukasM1_the5ers";"Buy";"2022.03.28 04:00:00";"122.433";"0.25";"2022.03.28 11:00:00";"124.592";"351.70";"20584.12";"OOS1";"PT";"0.00";"352.95";"7h 0m";""
"75";"USDJPY_DukasM1_the5ers";"Buy";"2022.04.05 17:00:00";"123.033";"0.32";"2022.04.06 08:00:00";"123.879";"175.22";"20759.34";"OOS1";"Exit After X Bars";"0.00";"212.81";"15h 0m";""
"76";"USDJPY_DukasM1_the5ers";"Buy";"2022.04.08 01:00:00";"124.050";"0.33";"2022.04.08 03:00:00";"123.826";"-49.99";"20709.35";"OOS1";"TrailingStop";"-48.34";"38.63";"2h 0m";""
"77";"USDJPY_DukasM1_the5ers";"Buy";"2022.04.08 15:00:00";"124.229";"0.35";"2022.04.08 18:00:00";"124.268";"7.18";"20716.53";"OOS1";"TrailingStop";"0.00";"102.31";"3h 0m";""
"78";"USDJPY_DukasM1_the5ers";"Buy";"2022.04.11 04:00:00";"124.676";"0.35";"2022.04.11 19:00:00";"125.548";"197.83";"20914.36";"OOS1";"Exit After X Bars";"0.00";"250.39";"15h 0m";""
"79";"USDJPY_DukasM1_the5ers";"Buy";"2022.04.13 09:00:00";"125.770";"0.3";"2022.04.13 14:00:00";"125.719";"-11.50";"20902.85";"OOS1";"TrailingStop";"-10.00";"106.52";"5h 0m";""
"80";"USDJPY_DukasM1_the5ers";"Buy";"2022.04.15 03:00:00";"126.313";"0.26";"2022.04.15 18:00:00";"126.466";"24.71";"20927.56";"OOS1";"Exit After X Bars";"-13.09";"62.57";"15h 0m";""
"81";"USDJPY_DukasM1_the5ers";"Buy";"2022.04.18 01:00:00";"126.681";"0.39";"2022.04.18 04:00:00";"126.291";"-101.41";"20826.15";"OOS1";"SL";"-99.46";"27.80";"3h 0m";""
"82";"USDJPY_DukasM1_the5ers";"Buy";"2022.04.18 18:00:00";"126.790";"0.36";"2022.04.19 09:00:00";"128.163";"321.18";"21147.34";"OOS1";"Exit After X Bars";"-7.53";"339.93";"15h 0m";""
"83";"USDJPY_DukasM1_the5ers";"Buy";"2022.04.28 06:00:00";"129.107";"0.2";"2022.04.28 12:00:00";"130.205";"142.60";"21289.94";"OOS1";"TrailingStop";"0.00";"248.88";"6h 0m";""
"84";"USDJPY_DukasM1_the5ers";"Buy";"2022.05.05 19:00:00";"130.476";"0.21";"2022.05.05 22:00:00";"129.984";"-68.61";"21221.33";"OOS1";"TrailingStop";"-67.56";"11.12";"3h 0m";""
"85";"USDJPY_DukasM1_the5ers";"Buy";"2022.05.09 03:00:00";"130.807";"0.2";"2022.05.09 15:00:00";"130.822";"0.96";"21222.29";"OOS1";"TrailingStop";"-17.66";"70.36";"12h 0m";""
"86";"USDJPY_DukasM1_the5ers";"Buy";"2022.05.30 15:00:00";"127.580";"0.31";"2022.05.31 06:00:00";"128.150";"113.79";"21336.08";"OOS1";"Exit After X Bars";"-29.80";"153.86";"15h 0m";""
"87";"USDJPY_DukasM1_the5ers";"Buy";"2022.06.03 15:00:00";"130.238";"0.34";"2022.06.06 04:00:00";"130.559";"69.45";"21405.53";"OOS1";"TrailingStop";"0.00";"168.53";"2d 13h 0m";""
"88";"USDJPY_DukasM1_the5ers";"Buy";"2022.06.06 17:00:00";"130.996";"0.3";"2022.06.07 07:00:00";"132.795";"351.22";"21756.75";"OOS1";"PT";"0.00";"352.92";"14h 0m";""
"89";"USDJPY_DukasM1_the5ers";"Buy";"2022.06.08 03:00:00";"132.997";"0.25";"2022.06.08 17:00:00";"133.743";"120.71";"21877.46";"OOS1";"TrailingStop";"-18.96";"241.62";"14h 0m";""
"90";"USDJPY_DukasM1_the5ers";"Buy";"2022.06.09 02:00:00";"134.475";"0.2";"2022.06.09 08:00:00";"133.724";"-99.22";"21778.24";"OOS1";"SL";"-98.22";"10.46";"6h 0m";""
"91";"USDJPY_DukasM1_the5ers";"Buy";"2022.06.13 01:00:00";"134.555";"0.19";"2022.06.13 10:00:00";"134.457";"-13.13";"21765.11";"OOS1";"TrailingStop";"-12.18";"79.64";"9h 0m";""
"92";"USDJPY_DukasM1_the5ers";"Buy";"2022.06.14 21:00:00";"135.196";"0.16";"2022.06.15 03:00:00";"134.916";"-30.20";"21734.91";"OOS1";"TrailingStop";"-29.30";"40.80";"6h 0m";""
"93";"USDJPY_DukasM1_the5ers";"Buy";"2022.06.21 13:00:00";"135.586";"0.12";"2022.06.22 04:00:00";"136.414";"64.29";"21799.21";"OOS1";"Exit After X Bars";"0.00";"88.04";"15h 0m";""
"94";"USDJPY_DukasM1_the5ers";"Buy";"2022.06.28 15:00:00";"136.303";"0.24";"2022.06.29 06:00:00";"136.099";"-33.37";"21765.84";"OOS1";"Exit After X Bars";"-64.66";"12.40";"15h 0m";""
"95";"USDJPY_DukasM1_the5ers";"Buy";"2022.06.29 12:00:00";"136.382";"0.23";"2022.06.29 18:00:00";"136.468";"11.78";"21777.62";"OOS1";"TrailingStop";"-6.92";"93.25";"6h 0m";""
"96";"USDJPY_DukasM1_the5ers";"Buy";"2022.07.08 15:00:00";"136.359";"0.21";"2022.07.08 17:00:00";"135.866";"-68.75";"21708.87";"OOS1";"TrailingStop";"-67.70";"28.29";"2h 0m";""
"97";"USDJPY_DukasM1_the5ers";"Buy";"2022.07.11 04:00:00";"136.565";"0.22";"2022.07.11 19:00:00";"137.285";"102.48";"21811.35";"OOS1";"Exit After X Bars";"0.00";"170.76";"15h 0m";""
"98";"USDJPY_DukasM1_the5ers";"Buy";"2022.07.13 17:00:00";"137.752";"0.28";"2022.07.13 17:00:00";"137.219";"-98.99";"21712.36";"OOS1";"SL";"-97.59";"21.06";"0s";""
"99";"USDJPY_DukasM1_the5ers";"Buy";"2022.07.14 03:00:00";"137.867";"0.22";"2022.07.14 18:00:00";"139.242";"196.71";"21909.07";"OOS1";"Exit After X Bars";"-14.67";"218.67";"15h 0m";""
"100";"USDJPY_DukasM1_the5ers";"Buy";"2022.07.21 10:00:00";"138.568";"0.28";"2022.07.21 15:00:00";"138.332";"-44.61";"21864.46";"OOS1";"TrailingStop";"-43.21";"56.21";"5h 0m";""
"101";"USDJPY_DukasM1_the5ers";"Buy";"2022.08.05 15:00:00";"134.546";"0.17";"2022.08.08 06:00:00";"135.239";"76.08";"21940.54";"OOS1";"Exit After X Bars";"0.00";"114.95";"2d 15h 0m";""
"102";"USDJPY_DukasM1_the5ers";"Buy";"2022.08.16 11:00:00";"133.892";"0.24";"2022.08.17 02:00:00";"134.284";"60.16";"22000.70";"OOS1";"Exit After X Bars";"-4.08";"123.98";"15h 0m";""
"103";"USDJPY_DukasM1_the5ers";"Buy";"2022.08.18 19:00:00";"135.497";"0.22";"2022.08.19 10:00:00";"136.486";"141.04";"22141.74";"OOS1";"Exit After X Bars";"0.00";"142.57";"15h 0m";""
"104";"USDJPY_DukasM1_the5ers";"Buy";"2022.08.26 23:00:00";"137.641";"0.2";"2022.08.29 14:00:00";"138.505";"111.87";"22253.60";"OOS1";"Exit After X Bars";"-10.86";"177.60";"2d 15h 0m";""
"105";"USDJPY_DukasM1_the5ers";"Buy";"2022.08.30 17:00:00";"138.999";"0.23";"2022.08.31 07:00:00";"138.334";"-101.32";"22152.29";"OOS1";"SL";"-100.02";"11.58";"14h 0m";""
"106";"USDJPY_DukasM1_the5ers";"Buy";"2022.09.01 00:00:00";"139.076";"0.24";"2022.09.01 12:00:00";"139.066";"-2.77";"22149.52";"OOS1";"TrailingStop";"-9.57";"94.79";"12h 0m";""
"107";"USDJPY_DukasM1_the5ers";"Buy";"2022.09.01 15:00:00";"139.680";"0.24";"2022.09.02 06:00:00";"140.129";"69.11";"22218.63";"OOS1";"Exit After X Bars";"-47.08";"92.60";"15h 0m";""
"108";"USDJPY_DukasM1_the5ers";"Buy";"2022.09.06 07:00:00";"140.798";"0.34";"2022.09.06 15:00:00";"142.387";"351.59";"22570.21";"OOS1";"PT";"0.00";"353.29";"8h 0m";""
"109";"USDJPY_DukasM1_the5ers";"Buy";"2022.09.13 15:00:00";"144.440";"0.19";"2022.09.14 03:00:00";"144.126";"-40.09";"22530.13";"OOS1";"TrailingStop";"-81.38";"63.99";"12h 0m";""
"110";"USDJPY_DukasM1_the5ers";"Buy";"2022.09.20 12:00:00";"143.799";"0.26";"2022.09.21 03:00:00";"143.579";"-38.87";"22491.25";"OOS1";"Exit After X Bars";"-55.77";"20.57";"15h 0m";""
"111";"USDJPY_DukasM1_the5ers";"Buy";"2022.09.21 14:00:00";"144.074";"0.25";"2022.09.21 21:00:00";"143.969";"-18.42";"22472.84";"OOS1";"TrailingStop";"-33.68";"102.34";"7h 0m";""
"112";"USDJPY_DukasM1_the5ers";"Buy";"2022.09.22 05:00:00";"144.700";"0.19";"2022.09.22 11:00:00";"144.961";"31.48";"22504.31";"OOS1";"TrailingStop";"-58.02";"149.22";"6h 0m";""
"113";"USDJPY_DukasM1_the5ers";"Buy";"2022.10.03 07:00:00";"144.902";"0.26";"2022.10.03 16:00:00";"144.758";"-25.78";"22478.53";"OOS1";"TrailingStop";"-28.05";"70.73";"9h 0m";""
"114";"USDJPY_DukasM1_the5ers";"Buy";"2022.10.07 15:00:00";"145.140";"0.36";"2022.10.10 06:00:00";"145.413";"62.23";"22540.76";"OOS1";"Exit After X Bars";"-46.38";"123.83";"2d 15h 0m";""
"115";"USDJPY_DukasM1_the5ers";"Buy";"2022.10.13 15:00:00";"146.968";"0.39";"2022.10.13 16:00:00";"146.930";"-11.64";"22529.12";"OOS1";"TrailingStop";"-9.69";"179.54";"1h 0m";""
"116";"USDJPY_DukasM1_the5ers";"Buy";"2022.10.14 11:00:00";"147.672";"0.24";"2022.10.17 02:00:00";"148.658";"153.39";"22682.51";"OOS1";"Exit After X Bars";"-26.99";"186.45";"2d 15h 0m";""
"117";"USDJPY_DukasM1_the5ers";"Buy";"2022.10.17 21:00:00";"148.893";"0.26";"2022.10.18 04:00:00";"148.687";"-36.49";"22646.01";"OOS1";"TrailingStop";"-35.02";"33.32";"7h 0m";""
"118";"USDJPY_DukasM1_the5ers";"Buy";"2022.10.18 11:00:00";"149.089";"0.32";"2022.10.18 12:00:00";"148.911";"-38.85";"22607.17";"OOS1";"TrailingStop";"-37.25";"41.64";"1h 0m";""
"119";"USDJPY_DukasM1_the5ers";"Buy";"2022.10.18 18:00:00";"149.288";"0.24";"2022.10.19 09:00:00";"149.294";"-0.42";"22606.75";"OOS1";"Exit After X Bars";"-30.92";"7.69";"15h 0m";""
"120";"USDJPY_DukasM1_the5ers";"Buy";"2022.11.21 08:00:00";"140.793";"0.14";"2022.11.21 16:00:00";"141.358";"51.03";"22657.78";"OOS1";"TrailingStop";"-9.34";"115.72";"8h 0m";""
"121";"USDJPY_DukasM1_the5ers";"Buy";"2022.11.30 17:00:00";"139.594";"0.15";"2022.11.30 20:00:00";"138.612";"-97.07";"22560.70";"OOS1";"SL";"-96.32";"29.23";"3h 0m";""
"122";"USDJPY_DukasM1_the5ers";"Buy";"2022.12.12 21:00:00";"137.854";"0.16";"2022.12.13 12:00:00";"137.673";"-19.84";"22540.86";"OOS1";"Exit After X Bars";"-64.55";"12.03";"15h 0m";""
"123";"USDJPY_DukasM1_the5ers";"Buy";"2022.12.15 19:00:00";"137.969";"0.14";"2022.12.16 03:00:00";"137.310";"-61.12";"22479.74";"OOS1";"TrailingStop";"-60.33";"18.49";"8h 0m";""
"124";"USDJPY_DukasM1_the5ers";"Buy";"2022.12.26 12:00:00";"133.136";"0.24";"2022.12.27 01:00:00";"132.707";"-68.68";"22411.05";"OOS1";"TrailingStop";"-67.33";"8.47";"13h 0m";""
"125";"USDJPY_DukasM1_the5ers";"Buy";"2022.12.28 22:00:00";"134.400";"0.21";"2022.12.29 01:00:00";"133.987";"-58.18";"22352.88";"OOS1";"TrailingStop";"-56.71";"13.46";"3h 0m";""
"126";"USDJPY_DukasM1_the5ers";"Buy";"2023.01.05 15:00:00";"132.957";"0.14";"2023.01.05 19:00:00";"133.072";"9.83";"22362.71";"OOS1";"TrailingStop";"0.00";"100.34";"4h 0m";""
"127";"USDJPY_DukasM1_the5ers";"Buy";"2023.01.24 16:00:00";"130.885";"0.19";"2023.01.24 17:00:00";"130.442";"-55.99";"22306.72";"OOS1";"TrailingStop";"-55.04";"28.70";"1h 0m";""
"128";"USDJPY_DukasM1_the5ers";"Buy";"2023.02.03 17:00:00";"130.494";"0.24";"2023.02.06 08:00:00";"131.722";"191.37";"22498.08";"OOS1";"Exit After X Bars";"0.00";"311.06";"2d 15h 0m";""
"129";"USDJPY_DukasM1_the5ers";"Buy";"2023.02.13 10:00:00";"132.322";"0.14";"2023.02.14 01:00:00";"132.375";"4.06";"22502.14";"OOS1";"Exit After X Bars";"-6.13";"53.56";"15h 0m";""
"130";"USDJPY_DukasM1_the5ers";"Buy";"2023.02.14 15:00:00";"132.907";"0.21";"2023.02.14 16:00:00";"132.204";"-97.59";"22404.55";"OOS1";"SL";"-96.54";"0.00";"1h 0m";""
"131";"USDJPY_DukasM1_the5ers";"Buy";"2023.02.15 08:00:00";"133.314";"0.17";"2023.02.15 23:00:00";"134.108";"87.42";"22491.97";"OOS1";"Exit After X Bars";"-14.01";"115.95";"15h 0m";""
"132";"USDJPY_DukasM1_the5ers";"Buy";"2023.02.16 16:00:00";"134.357";"0.22";"2023.02.16 22:00:00";"133.674";"-99.36";"22392.61";"OOS1";"SL";"-98.26";"14.96";"6h 0m";""
"133";"USDJPY_DukasM1_the5ers";"Buy";"2023.02.17 03:00:00";"134.461";"0.21";"2023.02.17 15:00:00";"134.560";"12.54";"22405.16";"OOS1";"TrailingStop";"0.00";"89.95";"12h 0m";""
"134";"USDJPY_DukasM1_the5ers";"Buy";"2023.02.21 16:00:00";"135.116";"0.29";"2023.02.21 17:00:00";"134.732";"-74.27";"22330.89";"OOS1";"TrailingStop";"-72.82";"21.05";"1h 0m";""
"135";"USDJPY_DukasM1_the5ers";"Buy";"2023.02.23 15:00:00";"135.227";"0.33";"2023.02.23 16:00:00";"134.909";"-70.27";"22260.62";"OOS1";"TrailingStop";"-68.62";"29.56";"1h 0m";""
"136";"USDJPY_DukasM1_the5ers";"Buy";"2023.02.24 13:00:00";"135.364";"0.22";"2023.02.27 04:00:00";"136.152";"112.12";"22372.73";"OOS1";"Exit After X Bars";"-25.46";"171.20";"2d 15h 0m";""
"137";"USDJPY_DukasM1_the5ers";"Buy";"2023.02.28 09:00:00";"136.554";"0.28";"2023.02.28 17:00:00";"136.376";"-33.99";"22338.74";"OOS1";"TrailingStop";"-32.59";"66.46";"8h 0m";""
"138";"USDJPY_DukasM1_the5ers";"Buy";"2023.03.02 15:00:00";"136.917";"0.22";"2023.03.03 01:00:00";"136.518";"-58.64";"22280.10";"OOS1";"TrailingStop";"-57.40";"26.33";"10h 0m";""
"139";"USDJPY_DukasM1_the5ers";"Buy";"2023.03.07 21:00:00";"137.100";"0.26";"2023.03.08 12:00:00";"137.554";"75.72";"22355.82";"OOS1";"Exit After X Bars";"-20.91";"137.72";"15h 0m";""
"140";"USDJPY_DukasM1_the5ers";"Buy";"2023.03.29 05:00:00";"131.760";"0.21";"2023.03.29 20:00:00";"132.644";"120.34";"22476.16";"OOS1";"Exit After X Bars";"-30.21";"131.56";"15h 0m";""
"141";"USDJPY_DukasM1_the5ers";"Buy";"2023.03.30 13:00:00";"132.889";"0.22";"2023.03.31 04:00:00";"133.235";"48.53";"22524.69";"OOS1";"Exit After X Bars";"-82.29";"89.19";"15h 0m";""
"142";"USDJPY_DukasM1_the5ers";"Buy";"2023.03.31 11:00:00";"133.509";"0.21";"2023.03.31 15:00:00";"132.793";"-99.37";"22425.32";"OOS1";"SL";"-98.32";"11.40";"4h 0m";""
"143";"USDJPY_DukasM1_the5ers";"Buy";"2023.04.03 08:00:00";"133.592";"0.17";"2023.04.03 17:00:00";"132.721";"-97.68";"22327.64";"OOS1";"SL";"-96.83";"18.12";"9h 0m";""
"144";"USDJPY_DukasM1_the5ers";"Buy";"2023.04.10 14:00:00";"132.797";"0.24";"2023.04.11 03:00:00";"133.302";"77.90";"22405.54";"OOS1";"TrailingStop";"0.00";"168.40";"13h 0m";""
"145";"USDJPY_DukasM1_the5ers";"Buy";"2023.04.12 05:00:00";"133.870";"0.23";"2023.04.12 15:00:00";"133.481";"-59.66";"22345.89";"OOS1";"TrailingStop";"-58.51";"26.02";"10h 0m";""
"146";"USDJPY_DukasM1_the5ers";"Buy";"2023.04.17 04:00:00";"134.043";"0.24";"2023.04.17 19:00:00";"134.512";"72.41";"22418.29";"OOS1";"Exit After X Bars";"-47.24";"82.86";"15h 0m";""
"147";"USDJPY_DukasM1_the5ers";"Buy";"2023.04.19 09:00:00";"134.703";"0.3";"2023.04.19 15:00:00";"134.521";"-37.20";"22381.09";"OOS1";"TrailingStop";"-39.63";"84.36";"6h 0m";""
"148";"USDJPY_DukasM1_the5ers";"Buy";"2023.04.28 07:00:00";"134.479";"0.19";"2023.04.28 22:00:00";"136.252";"219.34";"22600.42";"OOS1";"Exit After X Bars";"0.00";"258.55";"15h 0m";""
"149";"USDJPY_DukasM1_the5ers";"Buy";"2023.05.09 16:00:00";"135.324";"0.27";"2023.05.09 23:00:00";"135.202";"-22.89";"22577.53";"OOS1";"EndTest";"-65.15";"5.83";"7h 0m";""
"1";"USDJPY_DukasM1_the5ers";"Buy";"2023.05.12 18:00:00";"135.469";"0.13";"2023.05.15 15:00:00";"136.137";"56.05";"22633.58";"OOS1";"Exit After X Bars";"0.00";"72.68";"2d 21h 0m";""
"2";"USDJPY_DukasM1_the5ers";"Buy";"2023.05.16 17:00:00";"136.324";"0.2";"2023.05.17 14:00:00";"136.990";"85.97";"22719.56";"OOS1";"Exit After X Bars";"-7.45";"110.77";"21h 0m";""
"3";"USDJPY_DukasM1_the5ers";"Buy";"2023.05.18 10:00:00";"137.743";"0.2";"2023.05.19 03:00:00";"138.286";"69.88";"22789.44";"OOS1";"TrailingStop";"-6.41";"131.05";"17h 0m";""
"4";"USDJPY_DukasM1_the5ers";"Buy";"2023.05.23 02:00:00";"138.745";"0.14";"2023.05.23 10:00:00";"138.338";"-37.96";"22751.48";"OOS1";"TrailingStop";"-37.26";"11.90";"8h 0m";""
"5";"USDJPY_DukasM1_the5ers";"Buy";"2023.05.23 15:00:00";"138.875";"0.15";"2023.05.24 12:00:00";"138.571";"-30.67";"22720.81";"OOS1";"Exit After X Bars";"-63.17";"3.33";"21h 0m";""
"6";"USDJPY_DukasM1_the5ers";"Buy";"2023.05.24 17:00:00";"138.909";"0.16";"2023.05.25 01:00:00";"138.984";"6.73";"22727.55";"OOS1";"TrailingStop";"0.00";"59.43";"8h 0m";""
"7";"USDJPY_DukasM1_the5ers";"Buy";"2023.05.26 15:00:00";"140.228";"0.18";"2023.05.29 05:00:00";"140.451";"25.23";"22752.78";"OOS1";"TrailingStop";"-24.48";"81.10";"2d 14h 0m";""
"8";"USDJPY_DukasM1_the5ers";"Buy";"2023.05.30 09:00:00";"140.917";"0.2";"2023.05.30 10:00:00";"140.180";"-97.39";"22655.39";"OOS1";"SL";"-96.39";"1.96";"1h 0m";""
"9";"USDJPY_DukasM1_the5ers";"Buy";"2023.06.13 18:00:00";"139.981";"0.15";"2023.06.14 15:00:00";"139.974";"-1.53";"22653.86";"OOS1";"Exit After X Bars";"-13.83";"31.88";"21h 0m";""
"10";"USDJPY_DukasM1_the5ers";"Buy";"2023.06.15 03:00:00";"140.306";"0.16";"2023.06.15 15:00:00";"140.792";"50.05";"22703.90";"OOS1";"TrailingStop";"0.00";"125.24";"12h 0m";""
"11";"USDJPY_DukasM1_the5ers";"Buy";"2023.06.16 17:00:00";"141.503";"0.13";"2023.06.19 14:00:00";"141.853";"29.02";"22732.92";"OOS1";"Exit After X Bars";"-8.93";"42.33";"2d 21h 0m";""
"12";"USDJPY_DukasM1_the5ers";"Buy";"2023.06.19 23:00:00";"142.001";"0.16";"2023.06.20 05:00:00";"141.741";"-28.11";"22704.81";"OOS1";"TrailingStop";"-27.20";"26.26";"6h 0m";""
"13";"USDJPY_DukasM1_the5ers";"Buy";"2023.06.21 16:00:00";"142.252";"0.17";"2023.06.22 13:00:00";"141.937";"-36.20";"22668.61";"OOS1";"Exit After X Bars";"-71.48";"12.90";"21h 0m";""
"14";"USDJPY_DukasM1_the5ers";"Buy";"2023.06.23 17:00:00";"143.449";"0.14";"2023.06.26 03:00:00";"143.340";"-10.77";"22657.84";"OOS1";"TrailingStop";"-9.98";"38.63";"2d 10h 0m";""
"15";"USDJPY_DukasM1_the5ers";"Buy";"2023.06.27 12:00:00";"143.871";"0.19";"2023.06.28 09:00:00";"143.961";"10.11";"22667.95";"OOS1";"Exit After X Bars";"-71.19";"37.65";"21h 0m";""
"16";"USDJPY_DukasM1_the5ers";"Buy";"2023.06.28 10:00:00";"144.174";"0.2";"2023.06.29 07:00:00";"144.429";"31.96";"22699.91";"OOS1";"Exit After X Bars";"-46.04";"57.68";"21h 0m";""
"17";"USDJPY_DukasM1_the5ers";"Buy";"2023.06.29 15:00:00";"144.698";"0.18";"2023.06.30 09:00:00";"144.493";"-25.15";"22674.76";"OOS1";"TrailingStop";"-24.13";"43.43";"18h 0m";""
"18";"USDJPY_DukasM1_the5ers";"Buy";"2023.07.19 07:00:00";"139.405";"0.13";"2023.07.20 04:00:00";"139.436";"1.73";"22676.49";"OOS1";"Exit After X Bars";"-17.60";"49.90";"21h 0m";""
"19";"USDJPY_DukasM1_the5ers";"Buy";"2023.07.20 17:00:00";"139.992";"0.15";"2023.07.21 01:00:00";"139.936";"-6.34";"22670.15";"OOS1";"TrailingStop";"-5.49";"49.53";"8h 0m";""
"20";"USDJPY_DukasM1_the5ers";"Buy";"2023.07.31 05:00:00";"141.735";"0.06";"2023.08.01 02:00:00";"142.250";"19.87";"22690.02";"OOS1";"Exit After X Bars";"-6.28";"37.43";"21h 0m";""
"21";"USDJPY_DukasM1_the5ers";"Buy";"2023.08.03 07:00:00";"143.543";"0.16";"2023.08.03 10:00:00";"143.209";"-35.75";"22654.27";"OOS1";"TrailingStop";"-34.95";"36.10";"3h 0m";""
"22";"USDJPY_DukasM1_the5ers";"Buy";"2023.08.09 15:00:00";"143.492";"0.19";"2023.08.10 12:00:00";"143.802";"37.19";"22691.46";"OOS1";"Exit After X Bars";"-31.43";"76.04";"21h 0m";""
"23";"USDJPY_DukasM1_the5ers";"Buy";"2023.08.10 16:00:00";"144.104";"0.19";"2023.08.11 13:00:00";"144.599";"60.43";"22751.89";"OOS1";"Exit After X Bars";"-5.22";"97.90";"21h 0m";""
"24";"USDJPY_DukasM1_the5ers";"Buy";"2023.08.11 18:00:00";"144.892";"0.2";"2023.08.14 15:00:00";"145.064";"21.36";"22773.26";"OOS1";"Exit After X Bars";"-31.65";"43.03";"2d 21h 0m";""
"25";"USDJPY_DukasM1_the5ers";"Buy";"2023.08.15 09:00:00";"145.592";"0.22";"2023.08.15 16:00:00";"145.445";"-22.25";"22751.01";"OOS1";"TrailingStop";"-21.15";"39.13";"7h 0m";""
"26";"USDJPY_DukasM1_the5ers";"Buy";"2023.08.16 15:00:00";"145.864";"0.23";"2023.08.17 11:00:00";"146.102";"34.19";"22785.20";"OOS1";"TrailingStop";"-31.73";"104.53";"20h 0m";""
"27";"USDJPY_DukasM1_the5ers";"Buy";"2023.08.25 17:00:00";"146.402";"0.19";"2023.08.28 14:00:00";"146.537";"15.70";"22800.90";"OOS1";"Exit After X Bars";"-24.72";"28.82";"2d 21h 0m";""
"28";"USDJPY_DukasM1_the5ers";"Buy";"2023.08.29 13:00:00";"146.742";"0.26";"2023.08.29 17:00:00";"146.903";"26.07";"22826.97";"OOS1";"TrailingStop";"0.00";"107.45";"4h 0m";""
"29";"USDJPY_DukasM1_the5ers";"Buy";"2023.09.05 15:00:00";"147.374";"0.15";"2023.09.06 02:00:00";"147.415";"3.17";"22830.15";"OOS1";"TrailingStop";"-27.96";"41.88";"11h 0m";""
"30";"USDJPY_DukasM1_the5ers";"Buy";"2023.09.08 22:00:00";"147.872";"0.19";"2023.09.11 01:00:00";"146.795";"-134.89";"22695.26";"OOS1";"SL";"-150.09";"0.00";"2d 3h 0m";""
"31";"USDJPY_DukasM1_the5ers";"Buy";"2023.09.15 10:00:00";"147.745";"0.2";"2023.09.15 17:00:00";"147.618";"-17.61";"22677.65";"OOS1";"TrailingStop";"-16.61";"26.81";"7h 0m";""
"32";"USDJPY_DukasM1_the5ers";"Buy";"2023.09.20 08:00:00";"147.950";"0.33";"2023.09.20 13:00:00";"147.908";"-10.71";"22666.94";"OOS1";"TrailingStop";"-23.74";"46.40";"5h 0m";""
"33";"USDJPY_DukasM1_the5ers";"Buy";"2023.09.20 22:00:00";"148.165";"0.24";"2023.09.21 13:00:00";"148.091";"-13.28";"22653.65";"OOS1";"TrailingStop";"-11.61";"45.83";"15h 0m";""
"34";"USDJPY_DukasM1_the5ers";"Buy";"2023.09.25 03:00:00";"148.457";"0.22";"2023.09.26 00:00:00";"148.870";"58.17";"22711.83";"OOS1";"Exit After X Bars";"-24.89";"72.51";"21h 0m";""
"35";"USDJPY_DukasM1_the5ers";"Buy";"2023.09.27 12:00:00";"149.185";"0.31";"2023.09.28 00:00:00";"149.355";"32.30";"22744.13";"OOS1";"TrailingStop";"-15.00";"106.02";"12h 0m";""
"36";"USDJPY_DukasM1_the5ers";"Buy";"2023.10.02 03:00:00";"149.708";"0.18";"2023.10.03 00:00:00";"149.835";"13.93";"22758.06";"OOS1";"Exit After X Bars";"-18.13";"19.77";"21h 0m";""
"37";"USDJPY_DukasM1_the5ers";"Buy";"2023.10.12 16:00:00";"149.535";"0.23";"2023.10.13 13:00:00";"149.640";"14.49";"22772.55";"OOS1";"Exit After X Bars";"0.00";"43.92";"21h 0m";""
"38";"USDJPY_DukasM1_the5ers";"Buy";"2023.10.18 17:00:00";"149.850";"0.32";"2023.10.19 03:00:00";"149.674";"-39.06";"22733.50";"OOS1";"TrailingStop";"-36.83";"18.00";"10h 0m";""
"39";"USDJPY_DukasM1_the5ers";"Buy";"2023.10.19 18:00:00";"149.936";"0.38";"2023.10.20 11:00:00";"149.770";"-43.40";"22690.10";"OOS1";"TrailingStop";"-65.10";"13.92";"17h 0m";""
"40";"USDJPY_DukasM1_the5ers";"Buy";"2023.10.25 20:00:00";"149.992";"0.3";"2023.10.26 09:00:00";"150.283";"55.00";"22745.10";"OOS1";"TrailingStop";"-5.10";"153.80";"13h 0m";""
"41";"USDJPY_DukasM1_the5ers";"Buy";"2023.10.31 13:00:00";"150.776";"0.22";"2023.10.31 19:00:00";"151.193";"58.89";"22803.99";"OOS1";"TrailingStop";"-20.28";"134.22";"6h 0m";""
"42";"USDJPY_DukasM1_the5ers";"Buy";"2023.11.09 12:00:00";"151.090";"0.28";"2023.11.09 16:00:00";"150.874";"-40.95";"22763.04";"OOS1";"TrailingStop";"-39.55";"17.03";"4h 0m";""
"43";"USDJPY_DukasM1_the5ers";"Buy";"2023.11.09 20:00:00";"151.183";"0.27";"2023.11.10 17:00:00";"151.492";"53.03";"22816.07";"OOS1";"Exit After X Bars";"-9.71";"54.91";"21h 0m";""
"44";"USDJPY_DukasM1_the5ers";"Buy";"2023.11.13 02:00:00";"151.600";"0.35";"2023.11.13 17:00:00";"151.673";"14.96";"22831.03";"OOS1";"TrailingStop";"-10.53";"70.26";"15h 0m";""
"45";"USDJPY_DukasM1_the5ers";"Buy";"2024.01.03 13:00:00";"142.848";"0.14";"2024.01.04 01:00:00";"143.026";"15.32";"22846.35";"OOS1";"TrailingStop";"-5.40";"80.84";"12h 0m";""
"46";"USDJPY_DukasM1_the5ers";"Buy";"2024.01.11 15:00:00";"145.828";"0.17";"2024.01.11 17:00:00";"145.703";"-14.75";"22831.60";"OOS1";"TrailingStop";"-13.90";"65.14";"2h 0m";""
"47";"USDJPY_DukasM1_the5ers";"Buy";"2024.01.16 10:00:00";"146.414";"0.15";"2024.01.17 07:00:00";"147.351";"91.06";"22922.66";"OOS1";"Exit After X Bars";"-13.05";"104.86";"21h 0m";""
"48";"USDJPY_DukasM1_the5ers";"Buy";"2024.01.19 07:00:00";"148.524";"0.17";"2024.01.19 09:00:00";"148.211";"-35.65";"22887.02";"OOS1";"TrailingStop";"-34.80";"30.90";"2h 0m";""
"49";"USDJPY_DukasM1_the5ers";"Buy";"2024.02.02 15:00:00";"147.926";"0.14";"2024.02.05 12:00:00";"148.499";"51.67";"22938.68";"OOS1";"Exit After X Bars";"-22.34";"81.84";"2d 21h 0m";""
"50";"USDJPY_DukasM1_the5ers";"Buy";"2024.02.08 12:00:00";"148.892";"0.2";"2024.02.09 09:00:00";"149.329";"56.02";"22994.70";"OOS1";"Exit After X Bars";"0.00";"77.95";"21h 0m";""
"51";"USDJPY_DukasM1_the5ers";"Buy";"2024.02.13 06:00:00";"149.575";"0.27";"2024.02.13 14:00:00";"149.346";"-41.78";"22952.92";"OOS1";"TrailingStop";"-40.43";"20.66";"8h 0m";""
"52";"USDJPY_DukasM1_the5ers";"Buy";"2024.02.13 15:00:00";"149.692";"0.28";"2024.02.13 18:00:00";"150.674";"178.40";"23131.32";"OOS1";"PT";"0.00";"179.80";"3h 0m";""
"53";"USDJPY_DukasM1_the5ers";"Buy";"2024.02.22 15:00:00";"150.456";"0.28";"2024.02.23 12:00:00";"150.745";"51.33";"23182.66";"OOS1";"Exit After X Bars";"-15.75";"55.66";"21h 0m";""
"54";"USDJPY_DukasM1_the5ers";"Buy";"2024.02.26 17:00:00";"150.767";"0.29";"2024.02.27 01:00:00";"150.540";"-44.69";"23137.97";"OOS1";"TrailingStop";"-43.05";"13.27";"8h 0m";""
"55";"USDJPY_DukasM1_the5ers";"Buy";"2024.02.28 17:00:00";"150.837";"0.3";"2024.02.29 03:00:00";"150.327";"-102.14";"23035.83";"OOS1";"SL";"-100.05";"0.98";"10h 0m";""
"56";"USDJPY_DukasM1_the5ers";"Buy";"2024.03.19 03:00:00";"149.328";"0.25";"2024.03.19 05:00:00";"149.052";"-46.37";"22989.46";"OOS1";"TrailingStop";"-45.12";"10.63";"2h 0m";""
"57";"USDJPY_DukasM1_the5ers";"Buy";"2024.03.22 03:00:00";"151.816";"0.18";"2024.03.25 01:00:00";"151.282";"-63.87";"22925.59";"OOS1";"Exit After X Bars";"-95.69";"5.41";"2d 22h 0m";""
"58";"USDJPY_DukasM1_the5ers";"Buy";"2024.03.27 04:00:00";"151.862";"0.29";"2024.03.27 05:00:00";"151.622";"-46.96";"22878.63";"OOS1";"TrailingStop";"-45.51";"20.48";"1h 0m";""
"59";"USDJPY_DukasM1_the5ers";"Buy";"2024.04.03 12:00:00";"151.801";"0.43";"2024.04.03 17:00:00";"151.729";"-22.40";"22856.23";"OOS1";"TrailingStop";"-33.74";"42.74";"5h 0m";""
"60";"USDJPY_DukasM1_the5ers";"Buy";"2024.04.10 15:00:00";"151.941";"0.46";"2024.04.10 16:00:00";"152.546";"179.69";"23035.92";"OOS1";"PT";"0.00";"181.99";"1h 0m";""
"61";"USDJPY_DukasM1_the5ers";"Buy";"2024.04.11 17:00:00";"153.288";"0.21";"2024.04.12 14:00:00";"153.264";"-4.48";"23031.43";"OOS1";"Exit After X Bars";"-44.77";"13.05";"21h 0m";""
"62";"USDJPY_DukasM1_the5ers";"Buy";"2024.04.16 20:00:00";"154.767";"0.19";"2024.04.17 17:00:00";"154.646";"-16.11";"23015.32";"OOS1";"Exit After X Bars";"-38.89";"2.11";"21h 0m";""
"63";"USDJPY_DukasM1_the5ers";"Buy";"2024.04.26 06:00:00";"155.747";"0.3";"2024.04.26 10:00:00";"156.665";"178.59";"23193.91";"OOS1";"PT";"0.00";"180.09";"4h 0m";""
"64";"USDJPY_DukasM1_the5ers";"Buy";"2024.04.26 13:00:00";"156.820";"0.13";"2024.04.29 04:00:00";"158.885";"174.81";"23368.72";"OOS1";"PT";"-45.99";"175.54";"2d 15h 0m";""
"65";"USDJPY_DukasM1_the5ers";"Buy";"2024.05.13 03:00:00";"155.951";"0.26";"2024.05.14 00:00:00";"156.193";"39.67";"23408.40";"OOS1";"Exit After X Bars";"-76.34";"50.33";"21h 0m";""
"66";"USDJPY_DukasM1_the5ers";"Buy";"2024.05.22 14:00:00";"156.545";"0.24";"2024.05.23 11:00:00";"156.755";"31.29";"23439.69";"OOS1";"Exit After X Bars";"-31.07";"56.03";"21h 0m";""
"67";"USDJPY_DukasM1_the5ers";"Buy";"2024.05.23 16:00:00";"156.902";"0.26";"2024.05.23 17:00:00";"156.768";"-24.08";"23415.60";"OOS1";"TrailingStop";"-22.78";"49.65";"1h 0m";""
"68";"USDJPY_DukasM1_the5ers";"Buy";"2024.05.28 23:00:00";"157.194";"0.29";"2024.05.29 09:00:00";"157.139";"-12.07";"23403.53";"OOS1";"TrailingStop";"-17.64";"40.01";"10h 0m";""
"69";"USDJPY_DukasM1_the5ers";"Buy";"2024.05.29 17:00:00";"157.405";"0.3";"2024.05.30 03:00:00";"157.433";"3.40";"23406.94";"OOS1";"TrailingStop";"0.00";"59.25";"10h 0m";""
"70";"USDJPY_DukasM1_the5ers";"Buy";"2024.06.07 15:00:00";"156.485";"0.15";"2024.06.10 12:00:00";"156.955";"45.25";"23452.19";"OOS1";"Exit After X Bars";"-6.08";"69.45";"2d 21h 0m";""
"71";"USDJPY_DukasM1_the5ers";"Buy";"2024.06.11 18:00:00";"157.392";"0.21";"2024.06.12 15:00:00";"157.329";"-9.84";"23442.35";"OOS1";"Exit After X Bars";"-63.03";"1.37";"21h 0m";""
"72";"USDJPY_DukasM1_the5ers";"Buy";"2024.06.14 06:00:00";"157.402";"0.17";"2024.06.14 09:00:00";"157.644";"26.05";"23468.40";"OOS1";"TrailingStop";"0.00";"94.82";"3h 0m";""
"73";"USDJPY_DukasM1_the5ers";"Buy";"2024.06.20 10:00:00";"158.229";"0.31";"2024.06.21 05:00:00";"158.841";"122.31";"23590.71";"OOS1";"TrailingStop";"0.00";"181.63";"19h 0m";""
"74";"USDJPY_DukasM1_the5ers";"Buy";"2024.06.21 16:00:00";"159.125";"0.26";"2024.06.24 13:00:00";"159.643";"86.60";"23677.31";"OOS1";"Exit After X Bars";"0.00";"136.36";"2d 21h 0m";""
"75";"USDJPY_DukasM1_the5ers";"Buy";"2024.06.26 10:00:00";"159.927";"0.28";"2024.06.26 16:00:00";"160.063";"23.50";"23700.81";"OOS1";"TrailingStop";"-13.37";"85.51";"6h 0m";""
"76";"USDJPY_DukasM1_the5ers";"Buy";"2024.06.28 03:00:00";"160.865";"0.26";"2024.06.28 12:00:00";"160.802";"-12.01";"23688.80";"OOS1";"TrailingStop";"-10.71";"70.90";"9h 0m";""
"77";"USDJPY_DukasM1_the5ers";"Buy";"2024.07.01 15:00:00";"161.282";"0.2";"2024.07.01 17:00:00";"160.994";"-38.67";"23650.14";"OOS1";"TrailingStop";"-37.67";"22.76";"2h 0m";""
"78";"USDJPY_DukasM1_the5ers";"Buy";"2024.08.12 16:00:00";"147.897";"0.1";"2024.08.13 13:00:00";"147.888";"-1.15";"23648.98";"OOS1";"Exit After X Bars";"-64.28";"21.25";"21h 0m";""
"79";"USDJPY_DukasM1_the5ers";"Buy";"2024.08.15 15:00:00";"148.222";"0.13";"2024.08.16 11:00:00";"148.680";"38.20";"23687.18";"OOS1";"TrailingStop";"0.00";"99.80";"20h 0m";""
"80";"USDJPY_DukasM1_the5ers";"Buy";"2024.09.18 22:00:00";"142.464";"0.1";"2024.09.19 08:00:00";"142.837";"23.70";"23710.88";"OOS1";"TrailingStop";"-38.45";"96.78";"10h 0m";""
"81";"USDJPY_DukasM1_the5ers";"Buy";"2024.09.20 12:00:00";"143.944";"0.08";"2024.09.23 09:00:00";"144.112";"8.34";"23719.21";"OOS1";"Exit After X Bars";"-25.01";"28.82";"2d 21h 0m";""
"82";"USDJPY_DukasM1_the5ers";"Buy";"2024.09.24 10:00:00";"144.495";"0.11";"2024.09.24 23:00:00";"143.150";"-97.30";"23621.92";"OOS1";"SL";"-96.75";"13.24";"13h 0m";""
"83";"USDJPY_DukasM1_the5ers";"Buy";"2024.09.25 20:00:00";"144.679";"0.11";"2024.09.26 13:00:00";"144.462";"-16.37";"23605.54";"OOS1";"TrailingStop";"-16.98";"37.33";"17h 0m";""
"84";"USDJPY_DukasM1_the5ers";"Buy";"2024.09.26 17:00:00";"145.198";"0.11";"2024.09.27 09:00:00";"145.548";"24.55";"23630.10";"OOS1";"TrailingStop";"-49.63";"93.01";"16h 0m";""
"85";"USDJPY_DukasM1_the5ers";"Buy";"2024.10.02 23:00:00";"146.491";"0.1";"2024.10.03 20:00:00";"146.714";"13.89";"23643.98";"OOS1";"Exit After X Bars";"-13.67";"48.91";"21h 0m";""
"86";"USDJPY_DukasM1_the5ers";"Buy";"2024.10.04 15:00:00";"147.239";"0.14";"2024.10.07 05:00:00";"148.294";"95.79";"23739.77";"OOS1";"TrailingStop";"0.00";"172.66";"2d 14h 0m";""
"87";"USDJPY_DukasM1_the5ers";"Buy";"2024.10.09 16:00:00";"149.125";"0.15";"2024.10.10 10:00:00";"148.975";"-15.76";"23724.02";"OOS1";"TrailingStop";"-14.71";"41.10";"18h 0m";""
"88";"USDJPY_DukasM1_the5ers";"Buy";"2024.10.10 15:00:00";"149.544";"0.17";"2024.10.10 15:00:00";"148.646";"-100.68";"23623.34";"OOS1";"SL";"-99.83";"2.33";"0s";""
"89";"USDJPY_DukasM1_the5ers";"Buy";"2024.10.14 14:00:00";"149.565";"0.15";"2024.10.15 03:00:00";"149.575";"0.13";"23623.47";"OOS1";"TrailingStop";"0.00";"40.80";"13h 0m";""
"90";"USDJPY_DukasM1_the5ers";"Buy";"2024.10.17 15:00:00";"149.981";"0.2";"2024.10.18 06:00:00";"149.859";"-17.09";"23606.38";"OOS1";"TrailingStop";"-45.12";"44.47";"15h 0m";""
"91";"USDJPY_DukasM1_the5ers";"Buy";"2024.10.21 18:00:00";"150.321";"0.18";"2024.10.22 15:00:00";"150.863";"62.78";"23669.16";"OOS1";"Exit After X Bars";"0.00";"91.93";"21h 0m";""
"92";"USDJPY_DukasM1_the5ers";"Buy";"2024.10.28 02:00:00";"153.185";"0.15";"2024.10.28 09:00:00";"153.225";"3.17";"23672.34";"OOS1";"TrailingStop";"0.00";"68.07";"7h 0m";""
"93";"USDJPY_DukasM1_the5ers";"Buy";"2024.11.06 03:00:00";"153.093";"0.14";"2024.11.06 07:00:00";"153.270";"15.50";"23687.84";"OOS1";"TrailingStop";"-20.51";"113.52";"4h 0m";""
"94";"USDJPY_DukasM1_the5ers";"Buy";"2024.11.12 18:00:00";"154.708";"0.16";"2024.11.13 15:00:00";"154.921";"21.38";"23709.22";"OOS1";"Exit After X Bars";"-21.45";"55.24";"21h 0m";""
"95";"USDJPY_DukasM1_the5ers";"Buy";"2024.11.13 18:00:00";"155.236";"0.14";"2024.11.14 15:00:00";"155.992";"68.24";"23777.46";"OOS1";"Exit After X Bars";"-1.37";"91.91";"21h 0m";""
"96";"USDJPY_DukasM1_the5ers";"Buy";"2024.11.14 22:00:00";"156.240";"0.13";"2024.11.15 08:00:00";"156.083";"-14.08";"23763.38";"OOS1";"TrailingStop";"-13.35";"43.01";"10h 0m";""
"97";"USDJPY_DukasM1_the5ers";"Buy";"2024.12.09 17:00:00";"151.228";"0.14";"2024.12.10 06:00:00";"150.983";"-23.22";"23740.16";"OOS1";"TrailingStop";"-23.80";"29.20";"13h 0m";""
"98";"USDJPY_DukasM1_the5ers";"Buy";"2024.12.11 11:00:00";"152.180";"0.16";"2024.12.11 15:00:00";"152.070";"-12.31";"23727.85";"OOS1";"TrailingStop";"-11.51";"70.73";"4h 0m";""
"99";"USDJPY_DukasM1_the5ers";"Buy";"2024.12.13 02:00:00";"152.856";"0.13";"2024.12.13 23:00:00";"153.654";"67.19";"23795.04";"OOS1";"Exit After X Bars";"-18.11";"80.08";"21h 0m";""
"100";"USDJPY_DukasM1_the5ers";"Buy";"2024.12.16 14:00:00";"153.969";"0.16";"2024.12.17 04:00:00";"153.839";"-14.51";"23780.53";"OOS1";"TrailingStop";"-13.60";"53.05";"14h 0m";""
"101";"USDJPY_DukasM1_the5ers";"Buy";"2024.12.18 21:00:00";"154.476";"0.18";"2024.12.19 08:00:00";"156.027";"181.31";"23961.84";"OOS1";"PT";"-17.54";"182.56";"11h 0m";""
"102";"USDJPY_DukasM1_the5ers";"Buy";"2025.01.06 12:00:00";"157.849";"0.15";"2025.01.06 13:00:00";"157.479";"-37.04";"23924.79";"OOS1";"TrailingStop";"-36.29";"10.79";"1h 0m";""
"103";"USDJPY_DukasM1_the5ers";"Buy";"2025.01.07 02:00:00";"157.959";"0.11";"2025.01.07 08:00:00";"157.726";"-17.31";"23907.48";"OOS1";"TrailingStop";"-16.76";"32.66";"6h 0m";""
"104";"USDJPY_DukasM1_the5ers";"Buy";"2025.01.07 17:00:00";"158.413";"0.14";"2025.01.08 14:00:00";"158.371";"-4.64";"23902.85";"OOS1";"Exit After X Bars";"-75.80";"12.54";"21h 0m";""
"105";"USDJPY_DukasM1_the5ers";"Buy";"2025.01.10 15:00:00";"158.550";"0.18";"2025.01.10 16:00:00";"158.046";"-60.22";"23842.63";"OOS1";"TrailingStop";"-59.32";"38.49";"1h 0m";""
"106";"USDJPY_DukasM1_the5ers";"Buy";"2025.01.22 18:00:00";"156.580";"0.13";"2025.01.23 12:00:00";"156.262";"-27.94";"23814.69";"OOS1";"TrailingStop";"-27.03";"14.54";"18h 0m";""
"107";"USDJPY_DukasM1_the5ers";"Buy";"2025.02.28 09:00:00";"150.298";"0.1";"2025.03.03 06:00:00";"150.448";"9.24";"23823.93";"OOS1";"Exit After X Bars";"-7.45";"47.15";"2d 21h 0m";""
"108";"USDJPY_DukasM1_the5ers";"Buy";"2025.03.03 13:00:00";"151.019";"0.11";"2025.03.03 17:00:00";"150.566";"-33.13";"23790.79";"OOS1";"TrailingStop";"-32.58";"20.28";"4h 0m";""
"109";"USDJPY_DukasM1_the5ers";"Buy";"2025.03.17 20:00:00";"149.194";"0.13";"2025.03.18 17:00:00";"149.663";"39.13";"23829.93";"OOS1";"Exit After X Bars";"-11.99";"62.91";"21h 0m";""
"110";"USDJPY_DukasM1_the5ers";"Buy";"2025.03.19 08:00:00";"149.934";"0.15";"2025.03.19 20:00:00";"149.537";"-39.69";"23790.24";"OOS1";"TrailingStop";"-77.88";"20.79";"12h 0m";""
"111";"USDJPY_DukasM1_the5ers";"Buy";"2025.03.24 15:00:00";"150.146";"0.14";"2025.03.25 07:00:00";"150.502";"31.80";"23822.04";"OOS1";"TrailingStop";"-1.10";"72.87";"16h 0m";""
"112";"USDJPY_DukasM1_the5ers";"Buy";"2025.03.27 12:00:00";"150.942";"0.17";"2025.03.27 15:00:00";"150.583";"-40.76";"23781.28";"OOS1";"TrailingStop";"-39.91";"16.23";"3h 0m";""
"113";"USDJPY_DukasM1_the5ers";"Buy";"2025.04.09 21:00:00";"148.147";"0.06";"2025.04.10 13:00:00";"145.887";"-89.09";"23692.19";"OOS1";"SL";"-88.67";"5.10";"16h 0m";""
"114";"USDJPY_DukasM1_the5ers";"Buy";"2025.04.23 01:00:00";"143.087";"0.13";"2025.04.23 04:00:00";"141.912";"-100.54";"23591.65";"OOS1";"SL";"-99.89";"11.14";"3h 0m";""
"115";"USDJPY_DukasM1_the5ers";"Buy";"2025.04.25 06:00:00";"143.571";"0.12";"2025.04.28 03:00:00";"143.849";"21.14";"23612.79";"OOS1";"Exit After X Bars";"-27.31";"35.94";"2d 21h 0m";""
"116";"USDJPY_DukasM1_the5ers";"Buy";"2025.05.01 08:00:00";"144.029";"0.14";"2025.05.02 03:00:00";"145.920";"172.33";"23785.12";"OOS1";"PT";"-2.38";"173.12";"19h 0m";""
"117";"USDJPY_DukasM1_the5ers";"Buy";"2025.05.08 20:00:00";"145.924";"0.11";"2025.05.09 09:00:00";"145.294";"-45.94";"23739.18";"OOS1";"TrailingStop";"-45.32";"18.77";"13h 0m";""
"118";"USDJPY_DukasM1_the5ers";"Buy";"2025.05.12 01:00:00";"146.185";"0.13";"2025.05.12 13:00:00";"148.295";"178.72";"23917.90";"OOS1";"PT";"-41.40";"179.37";"12h 0m";""
"119";"USDJPY_DukasM1_the5ers";"Buy";"2025.05.27 17:00:00";"144.398";"0.18";"2025.05.28 10:00:00";"144.081";"-38.33";"23879.57";"OOS1";"TrailingStop";"-64.38";"43.90";"17h 0m";""
"120";"USDJPY_DukasM1_the5ers";"Buy";"2025.06.06 15:00:00";"144.392";"0.13";"2025.06.09 05:00:00";"144.436";"3.01";"23882.57";"OOS1";"TrailingStop";"0.00";"59.00";"2d 14h 0m";""
"121";"USDJPY_DukasM1_the5ers";"Buy";"2025.06.10 05:00:00";"145.086";"0.18";"2025.06.11 02:00:00";"144.956";"-16.32";"23866.25";"OOS1";"Exit After X Bars";"-77.80";"23.66";"21h 0m";""
"122";"USDJPY_DukasM1_the5ers";"Buy";"2025.06.11 14:00:00";"145.287";"0.17";"2025.06.11 15:00:00";"144.396";"-99.90";"23766.36";"OOS1";"SL";"-99.05";"19.57";"1h 0m";""
"123";"USDJPY_DukasM1_the5ers";"Buy";"2025.06.19 12:00:00";"145.440";"0.15";"2025.06.20 02:00:00";"145.267";"-17.82";"23748.54";"OOS1";"TrailingStop";"-16.97";"32.37";"14h 0m";""
"124";"USDJPY_DukasM1_the5ers";"Buy";"2025.06.20 16:00:00";"145.770";"0.19";"2025.06.23 08:00:00";"147.191";"175.48";"23924.02";"OOS1";"PT";"-4.60";"176.55";"2d 16h 0m";""
"125";"USDJPY_DukasM1_the5ers";"Buy";"2025.07.03 15:00:00";"144.903";"0.16";"2025.07.04 06:00:00";"144.557";"-37.11";"23886.91";"OOS1";"TrailingStop";"-36.20";"34.42";"15h 0m";""
"126";"USDJPY_DukasM1_the5ers";"Buy";"2025.07.07 11:00:00";"145.232";"0.2";"2025.07.08 08:00:00";"145.994";"98.53";"23985.44";"OOS1";"Exit After X Bars";"0.00";"158.12";"21h 0m";""
"127";"USDJPY_DukasM1_the5ers";"Buy";"2025.07.11 07:00:00";"147.182";"0.18";"2025.07.14 03:00:00";"147.060";"-15.38";"23970.06";"OOS1";"TrailingStop";"-54.26";"45.43";"2d 20h 0m";""
"128";"USDJPY_DukasM1_the5ers";"Buy";"2025.07.14 18:00:00";"147.568";"0.16";"2025.07.15 15:00:00";"147.912";"35.09";"24005.15";"OOS1";"Exit After X Bars";"-1.67";"39.65";"21h 0m";""
"129";"USDJPY_DukasM1_the5ers";"Buy";"2025.07.29 10:00:00";"148.709";"0.16";"2025.07.30 03:00:00";"148.267";"-47.15";"23958.00";"OOS1";"TrailingStop";"-46.25";"10.15";"17h 0m";""
"130";"USDJPY_DukasM1_the5ers";"Buy";"2025.07.30 15:00:00";"148.806";"0.16";"2025.07.30 21:00:00";"148.577";"-24.76";"23933.24";"OOS1";"TrailingStop";"-23.96";"33.79";"6h 0m";""
"131";"USDJPY_DukasM1_the5ers";"Buy";"2025.07.31 10:00:00";"149.532";"0.14";"2025.08.01 07:00:00";"150.583";"95.43";"24028.66";"OOS1";"Exit After X Bars";"-21.24";"126.70";"21h 0m";""
"132";"USDJPY_DukasM1_the5ers";"Buy";"2025.08.08 15:00:00";"147.885";"0.14";"2025.08.11 12:00:00";"147.504";"-35.67";"23992.99";"OOS1";"Exit After X Bars";"-49.07";"1.46";"2d 21h 0m";""
"133";"USDJPY_DukasM1_the5ers";"Buy";"2025.08.11 14:00:00";"147.901";"0.19";"2025.08.12 11:00:00";"148.261";"43.65";"24036.64";"OOS1";"Exit After X Bars";"-14.41";"67.46";"21h 0m";""
"134";"USDJPY_DukasM1_the5ers";"Buy";"2025.08.21 17:00:00";"148.112";"0.19";"2025.08.22 14:00:00";"148.627";"62.91";"24099.56";"OOS1";"Exit After X Bars";"-3.98";"82.62";"21h 0m";""
"135";"USDJPY_DukasM1_the5ers";"Buy";"2025.09.02 10:00:00";"148.183";"0.19";"2025.09.02 11:00:00";"148.248";"7.13";"24106.68";"OOS1";"TrailingStop";"0.00";"75.42";"1h 0m";""
"136";"USDJPY_DukasM1_the5ers";"Buy";"2025.09.18 16:00:00";"148.072";"0.16";"2025.09.19 13:00:00";"147.955";"-13.15";"24093.54";"OOS1";"Exit After X Bars";"-91.55";"20.40";"21h 0m";""
"137";"USDJPY_DukasM1_the5ers";"Buy";"2025.09.22 05:00:00";"148.281";"0.18";"2025.09.22 10:00:00";"147.967";"-37.86";"24055.68";"OOS1";"TrailingStop";"-36.96";"11.18";"5h 0m";""
"138";"USDJPY_DukasM1_the5ers";"Buy";"2025.09.24 13:00:00";"148.376";"0.24";"2025.09.25 03:00:00";"148.601";"33.64";"24089.32";"OOS1";"TrailingStop";"0.00";"84.59";"14h 0m";""
"139";"USDJPY_DukasM1_the5ers";"Buy";"2025.10.06 01:00:00";"149.133";"0.17";"2025.10.06 15:00:00";"149.784";"71.52";"24160.84";"OOS1";"TrailingStop";"-9.89";"149.19";"14h 0m";""
"140";"USDJPY_DukasM1_the5ers";"Buy";"2025.10.09 09:00:00";"152.998";"0.16";"2025.10.09 12:00:00";"152.562";"-46.42";"24114.42";"OOS1";"TrailingStop";"-45.62";"22.81";"3h 0m";""
"141";"USDJPY_DukasM1_the5ers";"Buy";"2025.10.09 18:00:00";"153.216";"0.12";"2025.10.10 15:00:00";"152.630";"-46.66";"24067.76";"OOS1";"Exit After X Bars";"-65.76";"4.39";"21h 0m";""
"142";"USDJPY_DukasM1_the5ers";"Buy";"2025.10.23 03:00:00";"152.174";"0.17";"2025.10.24 00:00:00";"152.540";"39.73";"24107.48";"OOS1";"Exit After X Bars";"-6.23";"69.26";"21h 0m";""
"143";"USDJPY_DukasM1_the5ers";"Buy";"2025.10.27 01:00:00";"153.078";"0.2";"2025.10.27 03:00:00";"152.702";"-50.17";"24057.31";"OOS1";"TrailingStop";"-49.17";"12.95";"2h 0m";""
"144";"USDJPY_DukasM1_the5ers";"Buy";"2025.10.27 07:00:00";"153.177";"0.19";"2025.10.28 03:00:00";"152.376";"-100.59";"23956.71";"OOS1";"SL";"-99.52";"9.69";"20h 0m";""
"145";"USDJPY_DukasM1_the5ers";"Buy";"2025.10.30 08:00:00";"153.255";"0.15";"2025.10.31 03:00:00";"153.653";"38.19";"23994.91";"OOS1";"TrailingStop";"0.00";"116.63";"19h 0m";""
"146";"USDJPY_DukasM1_the5ers";"BuyStop";"2025.10.31 22:00:00";"154.444";"0.17";"2025.10.31 22:00:00";"";"";"23994.91";"OOS1";"EndTest";"";"";"0s";""
