"Ticket";"Symbol";"Type";"Open time";"Open price";"Size";"Close time";"Close price";"Profit/Loss";"Balance";"Sample type";"Close type";"MAE ($)";"MFE ($)";"Time in trade";"Comment"
"1";"XAUUSD_DukasM1_Infinox";"Buy";"2003.05.13 13:41:00";"350.88";"0.5";"2003.05.13 15:00:00";"350.29";"-29.78";"9970.22";"IS";"Exit Signal";"-63.65";"0.00";"1h 19m";""
"2";"XAUUSD_DukasM1_Infinox";"Buy";"2003.05.14 17:01:00";"351.27";"0.53";"2003.05.14 18:00:00";"351.86";"30.97";"10001.19";"IS";"Exit Signal";"-93.70";"50.03";"59m 0s";""
"3";"XAUUSD_DukasM1_Infinox";"Buy";"2003.05.15 13:00:00";"353.95";"0.52";"2003.05.15 14:00:00";"353.65";"-15.89";"9985.30";"IS";"Exit Signal";"-46.23";"13.36";"1h 0m";""
"4";"XAUUSD_DukasM1_Infinox";"Buy";"2003.05.16 20:18:00";"355.22";"0.5";"2003.05.16 21:04:00";"354.53";"-34.78";"9950.51";"IS";"Exit Signal";"-43.00";"0.00";"46m 0s";""
"5";"XAUUSD_DukasM1_Infinox";"Buy";"2003.05.21 18:20:00";"369.30";"0.33";"2003.05.21 19:00:00";"368.16";"-37.81";"9912.70";"IS";"Exit Signal";"-92.70";"0.00";"40m 0s";""
"6";"XAUUSD_DukasM1_Infinox";"Buy";"2003.07.21 17:02:00";"348.73";"0.53";"2003.07.21 18:00:00";"348.62";"-6.13";"9906.57";"IS";"Exit Signal";"-62.70";"27.51";"58m 0s";""
"7";"XAUUSD_DukasM1_Infinox";"Buy";"2003.07.25 18:51:00";"361.96";"0.41";"2003.07.25 19:15:00";"361.35";"-25.25";"9881.32";"IS";"Exit Signal";"-26.98";"0.00";"24m 0s";""
"8";"XAUUSD_DukasM1_Infinox";"Buy";"2003.08.13 19:11:00";"361.78";"0.35";"2003.08.13 20:00:00";"361.21";"-20.15";"9861.17";"IS";"Exit Signal";"-22.36";"63.63";"49m 0s";""
"9";"XAUUSD_DukasM1_Infinox";"Buy";"2003.08.14 13:39:00";"363.60";"0.33";"2003.08.14 14:00:00";"362.79";"-26.92";"9834.25";"IS";"Exit Signal";"-29.77";"0.00";"21m 0s";""
"10";"XAUUSD_DukasM1_Infinox";"Buy";"2003.08.27 15:32:00";"366.30";"0.37";"2003.08.27 16:00:00";"370.00";"136.68";"9970.93";"IS";"Exit Signal";"-31.60";"151.63";"28m 0s";""
"11";"XAUUSD_DukasM1_Infinox";"Buy";"2003.08.29 15:22:00";"373.70";"0.33";"2003.08.29 16:00:00";"374.59";"29.17";"10000.11";"IS";"Exit Signal";"-39.30";"98.93";"38m 0s";""
"12";"XAUUSD_DukasM1_Infinox";"Buy";"2003.09.02 04:58:00";"378.10";"0.45";"2003.09.02 05:01:00";"377.42";"-30.87";"9969.23";"IS";"Exit Signal";"-48.47";"0.00";"3m 0s";""
"13";"XAUUSD_DukasM1_Infinox";"Buy";"2003.09.09 07:18:00";"378.70";"0.33";"2003.09.09 07:35:00";"375.60";"-102.50";"9866.73";"IS";"SL";"-102.30";"1.19";"17m 0s";""
"14";"XAUUSD_DukasM1_Infinox";"Buy";"2003.09.19 17:44:00";"381.06";"0.38";"2003.09.19 18:00:00";"382.65";"60.19";"9926.92";"IS";"Exit Signal";"-37.96";"68.78";"16m 0s";""
"15";"XAUUSD_DukasM1_Infinox";"Buy";"2003.09.24 22:14:00";"387.37";"0.32";"2003.09.24 23:05:00";"387.94";"10.81";"9937.73";"IS";"Exit Signal";"-26.66";"21.47";"51m 0s";""
"16";"XAUUSD_DukasM1_Infinox";"Buy";"2003.10.21 14:56:00";"376.28";"0.3";"2003.10.21 15:00:00";"375.68";"-18.18";"9919.55";"IS";"Exit Signal";"-23.46";"0.00";"4m 0s";""
"17";"XAUUSD_DukasM1_Infinox";"Buy";"2003.10.24 16:07:00";"387.21";"0.39";"2003.10.24 17:00:00";"388.38";"45.39";"9964.94";"IS";"Exit Signal";"-18.02";"74.22";"53m 0s";""
"18";"XAUUSD_DukasM1_Infinox";"Buy";"2003.11.14 16:56:00";"397.10";"0.29";"2003.11.14 17:00:00";"396.72";"-11.20";"9953.74";"IS";"Exit Signal";"-22.07";"5.74";"4m 0s";""
"19";"XAUUSD_DukasM1_Infinox";"Buy";"2003.11.17 10:11:00";"398.74";"0.3";"2003.11.17 11:00:00";"397.73";"-30.49";"9923.25";"IS";"Exit Signal";"-50.76";"0.00";"49m 0s";""
"20";"XAUUSD_DukasM1_Infinox";"Buy";"2003.11.19 01:17:00";"398.74";"0.24";"2003.11.19 03:01:00";"399.20";"10.89";"9934.13";"IS";"Exit Signal";"-57.84";"31.39";"1h 44m";""
"21";"XAUUSD_DukasM1_Infinox";"Buy";"2003.11.26 18:31:00";"400.05";"0.31";"2003.11.26 18:43:00";"396.82";"-100.33";"9833.80";"IS";"SL";"-100.13";"7.60";"12m 0s";""
"22";"XAUUSD_DukasM1_Infinox";"Buy";"2003.12.01 15:48:00";"400.30";"0.43";"2003.12.01 16:00:00";"400.03";"-11.89";"9821.92";"IS";"Exit Signal";"-32.77";"16.38";"12m 0s";""
"23";"XAUUSD_DukasM1_Infinox";"Buy";"2003.12.05 18:12:00";"405.40";"0.31";"2003.12.05 19:00:00";"404.66";"-23.14";"9798.78";"IS";"Exit Signal";"-59.40";"15.44";"48m 0s";""
"24";"XAUUSD_DukasM1_Infinox";"Buy";"2003.12.09 10:59:00";"408.87";"0.32";"2003.12.09 11:00:00";"408.32";"-17.81";"9780.97";"IS";"Exit Signal";"-17.60";"0.00";"1m 0s";""
"25";"XAUUSD_DukasM1_Infinox";"Buy";"2003.12.10 15:28:00";"409.10";"0.34";"2003.12.10 16:00:00";"408.95";"-5.32";"9775.64";"IS";"Exit Signal";"-55.79";"10.03";"32m 0s";""
"26";"XAUUSD_DukasM1_Infinox";"Buy";"2003.12.17 20:26:00";"411.60";"0.31";"2003.12.17 21:02:00";"410.69";"-28.41";"9747.23";"IS";"Exit Signal";"-35.99";"0.00";"36m 0s";""
"27";"XAUUSD_DukasM1_Infinox";"Buy";"2003.12.26 02:00:00";"412.33";"0.68";"2003.12.26 03:06:00";"412.44";"6.96";"9754.19";"IS";"Exit Signal";"-49.78";"23.87";"1h 6m";""
"28";"XAUUSD_DukasM1_Infinox";"Buy";"2003.12.29 02:44:00";"412.80";"0.62";"2003.12.29 03:02:00";"411.99";"-50.63";"9703.56";"IS";"Exit Signal";"-57.72";"0.00";"18m 0s";""
"29";"XAUUSD_DukasM1_Infinox";"Buy";"2004.01.05 02:23:00";"417.30";"0.6";"2004.01.05 03:08:00";"416.66";"-38.80";"9664.76";"IS";"Exit Signal";"-82.68";"17.52";"45m 0s";""
"30";"XAUUSD_DukasM1_Infinox";"Buy";"2004.01.28 19:04:00";"412.91";"0.34";"2004.01.28 20:01:00";"413.34";"14.40";"9679.16";"IS";"Exit Signal";"-26.15";"52.02";"57m 0s";""
"31";"XAUUSD_DukasM1_Infinox";"Buy";"2004.02.11 18:36:00";"409.69";"0.31";"2004.02.11 19:00:00";"409.03";"-20.66";"9658.50";"IS";"Exit Signal";"-26.78";"37.73";"24m 0s";""
"32";"XAUUSD_DukasM1_Infinox";"Buy";"2004.02.13 15:30:00";"413.40";"0.34";"2004.02.13 16:00:00";"414.15";"25.28";"9683.77";"IS";"Exit Signal";"-42.36";"37.09";"30m 0s";""
"33";"XAUUSD_DukasM1_Infinox";"Buy";"2004.03.09 05:54:00";"402.39";"0.35";"2004.03.09 06:00:00";"402.00";"-13.88";"9669.90";"IS";"Exit Signal";"-28.28";"0.00";"6m 0s";""
"34";"XAUUSD_DukasM1_Infinox";"Buy";"2004.03.09 17:42:00";"402.33";"0.35";"2004.03.09 18:00:00";"401.77";"-19.83";"9650.07";"IS";"Exit Signal";"-34.79";"0.00";"18m 0s";""
"35";"XAUUSD_DukasM1_Infinox";"Buy";"2004.03.22 12:02:00";"413.54";"0.3";"2004.03.22 13:00:00";"413.61";"1.90";"9651.97";"IS";"Exit Signal";"-26.10";"18.96";"58m 0s";""
"36";"XAUUSD_DukasM1_Infinox";"Buy";"2004.03.23 19:08:00";"418.22";"0.36";"2004.03.23 20:00:00";"418.67";"15.96";"9667.93";"IS";"Exit Signal";"-31.93";"56.16";"52m 0s";""
"37";"XAUUSD_DukasM1_Infinox";"Buy";"2004.03.26 15:22:00";"420.05";"0.35";"2004.03.26 16:00:00";"421.69";"57.16";"9725.10";"IS";"Exit Signal";"-2.41";"108.36";"38m 0s";""
"38";"XAUUSD_DukasM1_Infinox";"Buy";"2004.03.31 10:13:00";"423.15";"0.3";"2004.03.31 11:00:00";"422.56";"-17.90";"9707.19";"IS";"Exit Signal";"-39.51";"0.00";"47m 0s";""
"39";"XAUUSD_DukasM1_Infinox";"Buy";"2004.05.21 15:46:00";"382.95";"0.31";"2004.05.21 16:00:00";"385.03";"64.29";"9771.48";"IS";"Exit Signal";"-21.55";"101.83";"14m 0s";""
"40";"XAUUSD_DukasM1_Infinox";"Buy";"2004.05.25 09:48:00";"386.85";"0.36";"2004.05.25 10:00:00";"385.71";"-41.26";"9730.22";"IS";"Exit Signal";"-41.04";"0.00";"12m 0s";""
"41";"XAUUSD_DukasM1_Infinox";"Buy";"2004.05.27 09:06:00";"391.62";"0.38";"2004.05.27 10:04:00";"391.15";"-18.10";"9712.12";"IS";"Exit Signal";"-46.55";"22.15";"58m 0s";""
"42";"XAUUSD_DukasM1_Infinox";"Buy";"2004.06.01 15:20:00";"396.38";"0.49";"2004.06.01 16:00:00";"397.68";"63.39";"9775.51";"IS";"Exit Signal";"-23.72";"98.78";"40m 0s";""
"43";"XAUUSD_DukasM1_Infinox";"Buy";"2004.06.18 12:50:00";"389.43";"0.33";"2004.06.18 13:00:00";"388.52";"-30.24";"9745.28";"IS";"Exit Signal";"-41.45";"0.00";"10m 0s";""
"44";"XAUUSD_DukasM1_Infinox";"Buy";"2004.06.23 09:59:00";"396.88";"0.35";"2004.06.23 10:00:00";"396.59";"-10.37";"9734.90";"IS";"Exit Signal";"-27.33";"0.00";"1m 0s";""
"45";"XAUUSD_DukasM1_Infinox";"Buy";"2004.06.24 11:22:00";"396.88";"0.39";"2004.06.24 12:01:00";"395.92";"-37.69";"9697.22";"IS";"Exit Signal";"-43.37";"32.21";"39m 0s";""
"46";"XAUUSD_DukasM1_Infinox";"Buy";"2004.06.28 13:12:00";"402.90";"0.37";"2004.06.28 14:00:00";"403.22";"11.60";"9708.82";"IS";"Exit Signal";"-40.77";"22.09";"48m 0s";""
"47";"XAUUSD_DukasM1_Infinox";"Buy";"2004.07.07 16:16:00";"399.77";"0.29";"2004.07.07 17:00:00";"399.71";"-1.93";"9706.89";"IS";"Exit Signal";"-24.74";"11.11";"44m 0s";""
"48";"XAUUSD_DukasM1_Infinox";"Buy";"2004.08.03 19:47:00";"393.86";"0.33";"2004.08.03 20:00:00";"392.79";"-35.52";"9671.37";"IS";"Exit Signal";"-46.00";"0.00";"13m 0s";""
"49";"XAUUSD_DukasM1_Infinox";"Buy";"2004.08.06 15:35:00";"394.25";"0.37";"2004.08.06 15:56:00";"400.49";"230.65";"9902.02";"IS";"PT";"-19.35";"230.88";"21m 0s";""
"50";"XAUUSD_DukasM1_Infinox";"Buy";"2004.08.16 05:20:00";"400.62";"0.36";"2004.08.16 06:00:00";"400.06";"-20.39";"9881.63";"IS";"Exit Signal";"-40.93";"2.70";"40m 0s";""
"51";"XAUUSD_DukasM1_Infinox";"Buy";"2004.08.18 20:24:00";"405.03";"0.32";"2004.08.18 21:01:00";"403.96";"-34.45";"9847.18";"IS";"Exit Signal";"-66.27";"0.00";"37m 0s";""
"52";"XAUUSD_DukasM1_Infinox";"Buy";"2004.08.20 15:54:00";"407.71";"0.36";"2004.08.20 16:00:00";"407.30";"-14.99";"9832.19";"IS";"Exit Signal";"-15.23";"26.39";"6m 0s";""
"53";"XAUUSD_DukasM1_Infinox";"Buy";"2004.09.13 18:32:00";"402.59";"0.35";"2004.09.13 19:00:00";"402.19";"-14.23";"9817.96";"IS";"Exit Signal";"-50.19";"2.63";"28m 0s";""
"54";"XAUUSD_DukasM1_Infinox";"Buy";"2004.09.17 16:40:00";"406.55";"0.34";"2004.09.17 17:00:00";"405.80";"-25.72";"9792.24";"IS";"Exit Signal";"-51.10";"2.82";"20m 0s";""
"55";"XAUUSD_DukasM1_Infinox";"Buy";"2004.09.21 13:27:00";"406.63";"0.37";"2004.09.21 14:00:00";"406.14";"-18.37";"9773.87";"IS";"Exit Signal";"-58.65";"0.00";"33m 0s";""
"56";"XAUUSD_DukasM1_Infinox";"Buy";"2004.09.23 15:57:00";"409.38";"0.29";"2004.09.23 16:00:00";"408.76";"-18.17";"9755.70";"IS";"Exit Signal";"-18.10";"7.51";"3m 0s";""
"57";"XAUUSD_DukasM1_Infinox";"Buy";"2004.09.24 15:35:00";"411.62";"0.32";"2004.09.24 15:59:00";"408.41";"-102.93";"9652.77";"IS";"SL";"-102.72";"0.00";"24m 0s";""
"58";"XAUUSD_DukasM1_Infinox";"Buy";"2004.09.28 14:44:00";"411.62";"0.36";"2004.09.28 15:00:00";"410.90";"-26.16";"9626.61";"IS";"Exit Signal";"-44.35";"0.00";"16m 0s";""
"59";"XAUUSD_DukasM1_Infinox";"Buy";"2004.09.29 15:24:00";"412.67";"0.35";"2004.09.29 16:00:00";"412.89";"7.47";"9634.08";"IS";"Exit Signal";"-66.99";"33.74";"36m 0s";""
"60";"XAUUSD_DukasM1_Infinox";"Buy";"2004.09.30 14:41:00";"413.88";"0.36";"2004.09.30 15:00:00";"414.08";"6.96";"9641.04";"IS";"Exit Signal";"-40.61";"39.10";"19m 0s";""
"61";"XAUUSD_DukasM1_Infinox";"Buy";"2004.10.05 19:20:00";"419.38";"0.35";"2004.10.05 20:00:00";"417.93";"-50.98";"9590.06";"IS";"Exit Signal";"-54.22";"0.00";"40m 0s";""
"62";"XAUUSD_DukasM1_Infinox";"Buy";"2004.10.08 15:39:00";"419.87";"0.33";"2004.10.08 16:00:00";"422.19";"76.34";"9666.40";"IS";"Exit Signal";"-22.14";"118.54";"21m 0s";""
"63";"XAUUSD_DukasM1_Infinox";"Buy";"2004.10.20 13:09:00";"422.50";"0.32";"2004.10.20 14:01:00";"422.88";"11.94";"9678.34";"IS";"Exit Signal";"-37.47";"27.07";"52m 0s";""
"64";"XAUUSD_DukasM1_Infinox";"Buy";"2004.10.25 03:00:00";"427.13";"0.32";"2004.10.25 03:00:00";"426.78";"-11.42";"9666.92";"IS";"Exit Signal";"-11.20";"0.00";"0s";""
"65";"XAUUSD_DukasM1_Infinox";"Buy";"2004.11.05 17:34:00";"432.51";"0.27";"2004.11.05 18:00:00";"431.30";"-32.86";"9634.06";"IS";"Exit Signal";"-39.72";"0.00";"26m 0s";""
"66";"XAUUSD_DukasM1_Infinox";"Buy";"2004.11.09 18:17:00";"434.76";"0.32";"2004.11.09 19:00:00";"434.58";"-5.98";"9628.08";"IS";"Exit Signal";"-31.30";"19.87";"43m 0s";""
"67";"XAUUSD_DukasM1_Infinox";"Buy";"2004.11.10 14:35:00";"436.36";"0.33";"2004.11.10 15:00:00";"436.41";"1.42";"9629.50";"IS";"Exit Signal";"-41.58";"41.68";"25m 0s";""
"68";"XAUUSD_DukasM1_Infinox";"Buy";"2004.11.12 18:12:00";"437.62";"0.32";"2004.11.12 19:00:00";"437.27";"-11.42";"9618.08";"IS";"Exit Signal";"-33.22";"26.82";"48m 0s";""
"69";"XAUUSD_DukasM1_Infinox";"Buy";"2004.11.16 17:08:00";"439.90";"0.34";"2004.11.16 18:00:00";"439.54";"-12.48";"9605.60";"IS";"Exit Signal";"-30.40";"22.54";"52m 0s";""
"70";"XAUUSD_DukasM1_Infinox";"Buy";"2004.11.19 15:40:00";"444.76";"0.3";"2004.11.19 16:00:00";"444.27";"-14.91";"9590.68";"IS";"Exit Signal";"-26.13";"5.67";"20m 0s";""
"71";"XAUUSD_DukasM1_Infinox";"Buy";"2004.11.23 14:21:00";"448.67";"0.36";"2004.11.23 15:00:00";"448.62";"-2.06";"9588.63";"IS";"Exit Signal";"-40.25";"21.35";"39m 0s";""
"72";"XAUUSD_DukasM1_Infinox";"Buy";"2004.11.24 13:17:00";"449.26";"0.34";"2004.11.24 14:00:00";"448.05";"-41.38";"9547.24";"IS";"Exit Signal";"-56.88";"0.00";"43m 0s";""
"73";"XAUUSD_DukasM1_Infinox";"Buy";"2004.12.01 19:09:00";"454.62";"0.27";"2004.12.01 20:00:00";"453.82";"-21.80";"9525.45";"IS";"Exit Signal";"-37.40";"14.39";"51m 0s";""
"74";"XAUUSD_DukasM1_Infinox";"Buy";"2004.12.20 13:55:00";"442.28";"0.3";"2004.12.20 14:01:00";"441.15";"-34.11";"9491.33";"IS";"Exit Signal";"-33.90";"0.00";"6m 0s";""
"75";"XAUUSD_DukasM1_Infinox";"Buy";"2004.12.27 17:41:00";"443.52";"0.46";"2004.12.27 18:00:00";"444.06";"24.51";"9515.85";"IS";"Exit Signal";"-46.87";"50.28";"19m 0s";""
"76";"XAUUSD_DukasM1_Infinox";"Buy";"2004.12.28 02:14:00";"444.88";"0.42";"2004.12.28 03:00:00";"443.80";"-45.66";"9470.19";"IS";"Exit Signal";"-53.38";"0.00";"46m 0s";""
"77";"XAUUSD_DukasM1_Infinox";"Buy";"2005.01.21 19:30:00";"426.59";"0.34";"2005.01.21 20:00:00";"426.15";"-15.19";"9455.00";"IS";"Exit Signal";"-38.11";"44.30";"30m 0s";""
"78";"XAUUSD_DukasM1_Infinox";"Buy";"2005.01.27 09:53:00";"427.89";"0.37";"2005.01.27 10:00:00";"426.94";"-35.40";"9419.59";"IS";"Exit Signal";"-40.96";"0.00";"7m 0s";""
"79";"XAUUSD_DukasM1_Infinox";"Buy";"2005.02.17 12:18:00";"426.66";"0.32";"2005.02.17 13:00:00";"425.81";"-27.42";"9392.17";"IS";"Exit Signal";"-43.42";"0.00";"42m 0s";""
"80";"XAUUSD_DukasM1_Infinox";"Buy";"2005.02.22 05:24:00";"428.07";"0.43";"2005.02.22 06:01:00";"427.27";"-34.69";"9357.48";"IS";"Exit Signal";"-62.44";"0.34";"37m 0s";""
"81";"XAUUSD_DukasM1_Infinox";"Buy";"2005.02.23 19:35:00";"435.41";"0.32";"2005.02.23 20:00:00";"433.89";"-48.86";"9308.62";"IS";"Exit Signal";"-58.21";"0.00";"25m 0s";""
"82";"XAUUSD_DukasM1_Infinox";"Buy";"2005.02.28 03:44:00";"436.28";"0.32";"2005.02.28 04:00:00";"435.52";"-24.54";"9284.07";"IS";"Exit Signal";"-38.27";"0.00";"16m 0s";""
"83";"XAUUSD_DukasM1_Infinox";"Buy";"2005.03.10 18:38:00";"442.13";"0.33";"2005.03.10 19:00:00";"441.20";"-30.92";"9253.15";"IS";"Exit Signal";"-39.73";"5.41";"22m 0s";""
"84";"XAUUSD_DukasM1_Infinox";"Buy";"2005.03.11 15:35:00";"442.30";"0.35";"2005.03.11 16:00:00";"441.84";"-16.35";"9236.80";"IS";"Exit Signal";"-16.73";"64.08";"25m 0s";""
"85";"XAUUSD_DukasM1_Infinox";"Buy";"2005.03.31 14:39:00";"427.87";"0.4";"2005.03.31 15:00:00";"427.36";"-20.67";"9216.13";"IS";"Exit Signal";"-46.20";"0.00";"21m 0s";""
"86";"XAUUSD_DukasM1_Infinox";"Buy";"2005.04.11 12:59:00";"428.26";"0.31";"2005.04.11 13:00:00";"427.37";"-27.80";"9188.33";"IS";"Exit Signal";"-27.59";"0.00";"1m 0s";""
"87";"XAUUSD_DukasM1_Infinox";"Buy";"2005.04.19 17:25:00";"429.61";"0.36";"2005.04.19 18:00:00";"430.99";"49.43";"9237.76";"IS";"Exit Signal";"-16.96";"97.96";"35m 0s";""
"88";"XAUUSD_DukasM1_Infinox";"Buy";"2005.04.26 13:38:00";"435.21";"0.34";"2005.04.26 14:00:00";"435.12";"-3.30";"9234.46";"IS";"Exit Signal";"-31.72";"3.50";"22m 0s";""
"89";"XAUUSD_DukasM1_Infinox";"Buy";"2005.06.02 16:29:00";"419.97";"0.32";"2005.06.02 17:00:00";"419.55";"-13.66";"9220.81";"IS";"Exit Signal";"-27.01";"16.99";"31m 0s";""
"90";"XAUUSD_DukasM1_Infinox";"Buy";"2005.06.06 09:57:00";"424.25";"0.33";"2005.06.06 10:00:00";"423.89";"-12.10";"9208.70";"IS";"Exit Signal";"-30.26";"0.00";"3m 0s";""
"91";"XAUUSD_DukasM1_Infinox";"Buy";"2005.06.10 19:35:00";"427.19";"0.35";"2005.06.10 20:00:00";"425.92";"-44.69";"9164.01";"IS";"Exit Signal";"-44.45";"1.96";"25m 0s";""
"92";"XAUUSD_DukasM1_Infinox";"Buy";"2005.06.13 16:06:00";"427.25";"0.34";"2005.06.13 17:00:00";"428.82";"53.15";"9217.16";"IS";"Exit Signal";"-17.48";"70.45";"54m 0s";""
"93";"XAUUSD_DukasM1_Infinox";"Buy";"2005.06.16 11:42:00";"430.16";"0.33";"2005.06.16 12:00:00";"429.85";"-10.46";"9206.70";"IS";"Exit Signal";"-31.19";"8.78";"18m 0s";""
"94";"XAUUSD_DukasM1_Infinox";"Buy";"2005.06.20 04:27:00";"438.89";"0.34";"2005.06.20 05:00:00";"438.02";"-29.82";"9176.88";"IS";"Exit Signal";"-42.16";"0.00";"33m 0s";""
"95";"XAUUSD_DukasM1_Infinox";"Buy";"2005.06.23 18:01:00";"440.82";"0.37";"2005.06.23 19:00:00";"440.88";"1.96";"9178.84";"IS";"Exit Signal";"-34.52";"42.74";"59m 0s";""
"96";"XAUUSD_DukasM1_Infinox";"Buy";"2005.07.28 16:34:00";"426.53";"0.36";"2005.07.28 17:00:00";"425.57";"-34.81";"9144.04";"IS";"Exit Signal";"-34.56";"8.21";"26m 0s";""
"97";"XAUUSD_DukasM1_Infinox";"Buy";"2005.08.03 12:04:00";"432.76";"0.35";"2005.08.03 13:00:00";"433.15";"13.41";"9157.45";"IS";"Exit Signal";"-29.85";"41.19";"56m 0s";""
"98";"XAUUSD_DukasM1_Infinox";"Buy";"2005.09.08 15:36:00";"446.94";"0.32";"2005.09.08 16:00:00";"448.66";"54.81";"9212.26";"IS";"Exit Signal";"-15.94";"82.56";"24m 0s";""
"99";"XAUUSD_DukasM1_Infinox";"Buy";"2005.09.09 18:24:00";"449.52";"0.34";"2005.09.09 19:00:00";"448.41";"-37.98";"9174.27";"IS";"Exit Signal";"-57.19";"0.00";"36m 0s";""
"100";"XAUUSD_DukasM1_Infinox";"Buy";"2005.09.15 14:55:00";"451.33";"0.32";"2005.09.15 15:00:00";"451.08";"-8.23";"9166.04";"IS";"Exit Signal";"-22.34";"11.65";"5m 0s";""
"101";"XAUUSD_DukasM1_Infinox";"Buy";"2005.09.21 21:42:00";"470.60";"0.24";"2005.09.21 22:00:00";"470.02";"-14.10";"9151.94";"IS";"Exit Signal";"-28.78";"12.14";"18m 0s";""
"102";"XAUUSD_DukasM1_Infinox";"Buy";"2005.10.12 10:42:00";"478.54";"0.29";"2005.10.12 11:00:00";"478.64";"2.68";"9154.62";"IS";"Exit Signal";"-26.13";"44.98";"18m 0s";""
"103";"XAUUSD_DukasM1_Infinox";"Buy";"2005.10.27 10:34:00";"473.78";"0.32";"2005.10.27 11:00:00";"472.38";"-45.04";"9109.58";"IS";"Exit Signal";"-55.30";"0.00";"26m 0s";""
"104";"XAUUSD_DukasM1_Infinox";"Buy";"2005.11.09 19:10:00";"466.39";"0.33";"2005.11.09 20:00:00";"465.50";"-29.62";"9079.96";"IS";"Exit Signal";"-33.56";"35.81";"50m 0s";""
"105";"XAUUSD_DukasM1_Infinox";"Buy";"2005.11.14 05:51:00";"469.70";"0.32";"2005.11.14 06:00:00";"469.20";"-16.24";"9063.72";"IS";"Exit Signal";"-39.52";"0.00";"9m 0s";""
"106";"XAUUSD_DukasM1_Infinox";"Buy";"2005.11.16 05:48:00";"470.52";"0.31";"2005.11.16 06:00:00";"470.99";"14.34";"9078.06";"IS";"Exit Signal";"-30.41";"19.59";"12m 0s";""
"107";"XAUUSD_DukasM1_Infinox";"Buy";"2005.11.21 10:04:00";"488.52";"0.26";"2005.11.21 11:01:00";"487.85";"-17.62";"9060.43";"IS";"Exit Signal";"-26.26";"25.40";"57m 0s";""
"108";"XAUUSD_DukasM1_Infinox";"Buy";"2005.11.25 07:30:00";"495.06";"0.24";"2005.11.25 08:00:00";"494.24";"-19.87";"9040.56";"IS";"Exit Signal";"-33.67";"2.93";"30m 0s";""
"109";"XAUUSD_DukasM1_Infinox";"Buy";"2005.11.28 20:41:00";"498.74";"0.27";"2005.11.28 21:00:00";"498.02";"-19.66";"9020.91";"IS";"Exit Signal";"-33.35";"0.00";"19m 0s";""
"110";"XAUUSD_DukasM1_Infinox";"Buy";"2005.12.01 18:00:00";"502.16";"0.23";"2005.12.01 19:00:00";"499.96";"-50.78";"8970.12";"IS";"Exit Signal";"-70.06";"0.62";"1h 0m";""
"111";"XAUUSD_DukasM1_Infinox";"Buy";"2005.12.06 20:39:00";"510.54";"0.24";"2005.12.06 21:00:00";"509.42";"-27.08";"8943.05";"IS";"Exit Signal";"-35.50";"0.00";"21m 0s";""
"112";"XAUUSD_DukasM1_Infinox";"Buy";"2005.12.08 18:42:00";"518.41";"0.23";"2005.12.08 19:00:00";"517.57";"-19.51";"8923.54";"IS";"Exit Signal";"-41.74";"0.00";"18m 0s";""
"113";"XAUUSD_DukasM1_Infinox";"Buy";"2005.12.28 02:05:00";"508.80";"0.38";"2005.12.28 03:00:00";"508.96";"5.77";"8929.31";"IS";"Exit Signal";"-46.59";"44.00";"55m 0s";""
"114";"XAUUSD_DukasM1_Infinox";"Buy";"2005.12.30 19:13:00";"517.70";"0.27";"2005.12.30 20:00:00";"515.77";"-52.33";"8876.97";"IS";"Exit Signal";"-56.54";"0.00";"47m 0s";""
"115";"XAUUSD_DukasM1_Infinox";"Buy";"2006.01.06 17:11:00";"535.30";"0.21";"2006.01.06 18:00:00";"537.08";"37.20";"8914.17";"IS";"Exit Signal";"-16.53";"52.37";"49m 0s";""
"116";"XAUUSD_DukasM1_Infinox";"Buy";"2006.01.13 17:35:00";"551.13";"0.2";"2006.01.13 18:00:00";"554.67";"70.62";"8984.80";"IS";"Exit Signal";"-6.10";"92.80";"25m 0s";""
"117";"XAUUSD_DukasM1_Infinox";"Buy";"2006.01.30 22:24:00";"567.50";"0.21";"2006.01.30 23:00:00";"568.25";"15.56";"9000.36";"IS";"Exit Signal";"-20.26";"23.44";"36m 0s";""
"118";"XAUUSD_DukasM1_Infinox";"Buy";"2006.02.02 12:00:00";"572.27";"0.19";"2006.02.02 15:00:00";"571.05";"-23.35";"8977.00";"IS";"Exit Signal";"-52.08";"11.82";"3h 0m";""
"119";"XAUUSD_DukasM1_Infinox";"Buy";"2006.02.24 17:34:00";"556.53";"0.22";"2006.02.24 18:00:00";"556.57";"0.68";"8977.69";"IS";"Exit Signal";"-40.15";"17.14";"26m 0s";""
"120";"XAUUSD_DukasM1_Infinox";"Buy";"2006.02.28 18:02:00";"559.19";"0.24";"2006.02.28 19:00:00";"559.66";"11.07";"8988.75";"IS";"Exit Signal";"-36.53";"39.82";"58m 0s";""
"121";"XAUUSD_DukasM1_Infinox";"Buy";"2006.03.02 19:52:00";"566.45";"0.25";"2006.03.02 20:00:00";"566.35";"-2.73";"8986.02";"IS";"Exit Signal";"-13.20";"12.50";"8m 0s";""
"122";"XAUUSD_DukasM1_Infinox";"Buy";"2006.03.17 15:35:00";"556.90";"0.19";"2006.03.17 16:00:00";"554.87";"-38.74";"8947.29";"IS";"Exit Signal";"-40.26";"11.53";"25m 0s";""
"123";"XAUUSD_DukasM1_Infinox";"Buy";"2006.03.24 17:22:00";"557.51";"0.22";"2006.03.24 18:00:00";"557.86";"7.50";"8954.79";"IS";"Exit Signal";"-21.56";"45.43";"38m 0s";""
"124";"XAUUSD_DukasM1_Infinox";"Buy";"2006.03.28 17:08:00";"568.11";"0.26";"2006.03.28 18:00:00";"566.87";"-32.48";"8922.31";"IS";"Exit Signal";"-41.16";"29.07";"52m 0s";""
"125";"XAUUSD_DukasM1_Infinox";"Buy";"2006.03.29 19:42:00";"569.23";"0.23";"2006.03.29 20:00:00";"568.27";"-22.29";"8900.02";"IS";"Exit Signal";"-35.26";"1.61";"18m 0s";""
"126";"XAUUSD_DukasM1_Infinox";"Buy";"2006.04.03 17:34:00";"589.34";"0.18";"2006.04.03 18:00:00";"589.82";"8.47";"8908.49";"IS";"Exit Signal";"-15.16";"34.09";"26m 0s";""
"127";"XAUUSD_DukasM1_Infinox";"Buy";"2006.04.06 09:30:00";"591.23";"0.21";"2006.04.06 10:00:00";"592.84";"33.61";"8942.10";"IS";"Exit Signal";"-22.91";"45.72";"30m 0s";""
"128";"XAUUSD_DukasM1_Infinox";"Buy";"2006.04.10 11:00:00";"597.75";"0.19";"2006.04.10 12:00:00";"595.59";"-41.22";"8900.88";"IS";"Exit Signal";"-51.47";"2.28";"1h 0m";""
"129";"XAUUSD_DukasM1_Infinox";"Buy";"2006.04.17 03:57:00";"603.80";"0.31";"2006.04.17 04:00:00";"603.26";"-17.04";"8883.84";"IS";"Exit Signal";"-29.45";"3.19";"3m 0s";""
"130";"XAUUSD_DukasM1_Infinox";"Buy";"2006.04.28 17:59:00";"645.46";"0.14";"2006.04.28 18:00:00";"644.90";"-7.98";"8875.86";"IS";"Exit Signal";"-7.84";"0.00";"1m 0s";""
"131";"XAUUSD_DukasM1_Infinox";"Buy";"2006.05.02 15:14:00";"661.16";"0.16";"2006.05.02 16:00:00";"658.46";"-43.37";"8832.49";"IS";"Exit Signal";"-43.31";"9.14";"46m 0s";""
"132";"XAUUSD_DukasM1_Infinox";"Buy";"2006.05.04 17:46:00";"677.00";"0.13";"2006.05.04 18:00:00";"673.20";"-49.54";"8782.95";"IS";"Exit Signal";"-50.31";"5.46";"14m 0s";""
"133";"XAUUSD_DukasM1_Infinox";"Buy";"2006.05.09 16:07:00";"685.55";"0.17";"2006.05.09 17:00:00";"689.85";"72.91";"8855.86";"IS";"Exit Signal";"-35.85";"97.65";"53m 0s";""
"134";"XAUUSD_DukasM1_Infinox";"Buy";"2006.05.12 12:43:00";"726.10";"0.11";"2006.05.12 13:00:00";"723.22";"-31.81";"8824.05";"IS";"Exit Signal";"-31.68";"0.00";"17m 0s";""
"135";"XAUUSD_DukasM1_Infinox";"Buy";"2006.06.21 20:06:00";"584.78";"0.16";"2006.06.21 21:00:00";"587.00";"35.37";"8859.42";"IS";"Exit Signal";"-20.29";"54.59";"54m 0s";""
"136";"XAUUSD_DukasM1_Infinox";"Buy";"2006.06.27 17:27:00";"594.73";"0.15";"2006.06.27 18:00:00";"593.44";"-19.49";"8839.93";"IS";"Exit Signal";"-32.01";"8.66";"33m 0s";""
"137";"XAUUSD_DukasM1_Infinox";"Buy";"2006.06.29 21:49:00";"595.31";"0.2";"2006.06.29 22:00:00";"595.76";"8.81";"8848.74";"IS";"Exit Signal";"-29.90";"17.86";"11m 0s";""
"138";"XAUUSD_DukasM1_Infinox";"Buy";"2006.07.05 02:30:00";"626.38";"0.21";"2006.07.05 03:00:00";"628.90";"52.71";"8901.45";"IS";"Exit Signal";"-27.30";"55.06";"30m 0s";""
"139";"XAUUSD_DukasM1_Infinox";"Buy";"2006.07.06 18:20:00";"629.91";"0.17";"2006.07.06 19:00:00";"632.94";"51.34";"8952.79";"IS";"Exit Signal";"-11.68";"61.28";"40m 0s";""
"140";"XAUUSD_DukasM1_Infinox";"Buy";"2006.07.07 15:37:00";"634.73";"0.19";"2006.07.07 16:00:00";"632.98";"-33.44";"8919.35";"IS";"Exit Signal";"-38.85";"43.07";"23m 0s";""
"141";"XAUUSD_DukasM1_Infinox";"Buy";"2006.07.11 19:09:00";"637.00";"0.18";"2006.07.11 20:00:00";"637.90";"16.02";"8935.36";"IS";"Exit Signal";"-26.55";"41.15";"51m 0s";""
"142";"XAUUSD_DukasM1_Infinox";"Buy";"2006.07.13 20:47:00";"654.92";"0.13";"2006.07.13 21:00:00";"653.51";"-18.47";"8916.90";"IS";"Exit Signal";"-20.58";"0.53";"13m 0s";""
"143";"XAUUSD_DukasM1_Infinox";"Buy";"2006.08.01 18:32:00";"640.54";"0.16";"2006.08.01 19:00:00";"645.08";"72.48";"8989.37";"IS";"Exit Signal";"-12.35";"78.61";"28m 0s";""
"144";"XAUUSD_DukasM1_Infinox";"Buy";"2006.09.04 08:47:00";"627.38";"0.2";"2006.09.04 09:00:00";"626.70";"-13.80";"8975.57";"IS";"Exit Signal";"-20.10";"2.64";"13m 0s";""
"145";"XAUUSD_DukasM1_Infinox";"Buy";"2006.09.26 03:02:00";"592.12";"0.16";"2006.09.26 04:00:00";"591.17";"-15.35";"8960.22";"IS";"Exit Signal";"-21.18";"17.81";"58m 0s";""
"146";"XAUUSD_DukasM1_Infinox";"Buy";"2006.09.26 19:23:00";"593.23";"0.19";"2006.09.26 20:00:00";"591.42";"-34.57";"8925.65";"IS";"Exit Signal";"-59.58";"2.49";"37m 0s";""
"147";"XAUUSD_DukasM1_Infinox";"Buy";"2006.10.13 14:28:00";"580.81";"0.21";"2006.10.13 15:00:00";"584.42";"75.61";"9001.27";"IS";"Exit Signal";"-15.48";"81.40";"32m 0s";""
"148";"XAUUSD_DukasM1_Infinox";"Buy";"2006.10.19 16:36:00";"597.33";"0.26";"2006.10.19 17:00:00";"598.00";"17.17";"9018.44";"IS";"Exit Signal";"-42.69";"58.99";"24m 0s";""
"149";"XAUUSD_DukasM1_Infinox";"Buy";"2006.10.30 03:21:00";"602.07";"0.22";"2006.10.30 04:00:00";"601.26";"-18.03";"9000.41";"IS";"Exit Signal";"-31.09";"11.97";"39m 0s";""
"150";"XAUUSD_DukasM1_Infinox";"Buy";"2006.11.01 12:05:00";"610.09";"0.2";"2006.11.01 13:00:00";"610.19";"1.80";"9002.21";"IS";"Exit Signal";"-16.92";"25.00";"55m 0s";""
"151";"XAUUSD_DukasM1_Infinox";"Buy";"2006.11.03 18:58:00";"626.70";"0.19";"2006.11.03 19:00:00";"625.64";"-20.33";"8981.88";"IS";"Exit Signal";"-20.14";"0.00";"2m 0s";""
"152";"XAUUSD_DukasM1_Infinox";"Buy";"2006.11.09 18:25:00";"629.31";"0.17";"2006.11.09 19:00:00";"632.19";"48.79";"9030.67";"IS";"Exit Signal";"-9.52";"86.90";"35m 0s";""
"153";"XAUUSD_DukasM1_Infinox";"Buy";"2006.11.22 10:27:00";"628.94";"0.24";"2006.11.22 11:00:00";"627.65";"-31.20";"8999.47";"IS";"Exit Signal";"-35.02";"7.70";"33m 0s";""
"154";"XAUUSD_DukasM1_Infinox";"Buy";"2006.11.24 11:57:00";"634.46";"0.25";"2006.11.24 12:00:00";"633.75";"-18.00";"8981.46";"IS";"Exit Signal";"-24.32";"1.08";"3m 0s";""
"155";"XAUUSD_DukasM1_Infinox";"Buy";"2006.11.30 15:20:00";"641.41";"0.21";"2006.11.30 16:00:00";"644.34";"61.32";"9042.78";"IS";"Exit Signal";"-7.29";"77.47";"40m 0s";""
"156";"XAUUSD_DukasM1_Infinox";"Buy";"2006.12.26 16:58:00";"628.54";"0.29";"2006.12.26 17:00:00";"627.87";"-19.72";"9023.06";"IS";"Exit Signal";"-29.52";"0.00";"2m 0s";""
"157";"XAUUSD_DukasM1_Infinox";"Buy";"2006.12.27 16:54:00";"629.29";"0.28";"2006.12.27 17:00:00";"628.10";"-33.60";"8989.46";"IS";"Exit Signal";"-39.06";"0.00";"6m 0s";""
"158";"XAUUSD_DukasM1_Infinox";"Buy";"2006.12.28 13:45:00";"629.29";"0.25";"2006.12.28 14:00:00";"629.10";"-5.00";"8984.45";"IS";"Exit Signal";"-24.63";"11.55";"15m 0s";""
"159";"XAUUSD_DukasM1_Infinox";"Buy";"2006.12.29 15:21:00";"635.56";"0.23";"2006.12.29 19:00:00";"633.98";"-36.57";"8947.88";"IS";"Exit Signal";"-70.68";"0.00";"3h 39m";""
"160";"XAUUSD_DukasM1_Infinox";"Buy";"2007.01.03 16:29:00";"640.99";"0.26";"2007.01.03 17:00:00";"642.97";"51.21";"8999.09";"IS";"Exit Signal";"-23.30";"95.50";"31m 0s";""
"161";"XAUUSD_DukasM1_Infinox";"Buy";"2007.01.16 16:18:00";"627.77";"0.25";"2007.01.16 17:00:00";"626.36";"-35.50";"8963.59";"IS";"Exit Signal";"-67.90";"4.50";"42m 0s";""
"162";"XAUUSD_DukasM1_Infinox";"Buy";"2007.01.17 17:55:00";"627.95";"0.22";"2007.01.17 18:00:00";"629.02";"23.32";"8986.91";"IS";"Exit Signal";"-6.31";"41.23";"5m 0s";""
"163";"XAUUSD_DukasM1_Infinox";"Buy";"2007.01.22 16:32:00";"636.48";"0.2";"2007.01.22 17:00:00";"639.08";"51.80";"9038.71";"IS";"Exit Signal";"-15.96";"55.88";"28m 0s";""
"164";"XAUUSD_DukasM1_Infinox";"Buy";"2007.01.23 15:20:00";"639.34";"0.23";"2007.01.23 16:00:00";"643.12";"86.70";"9125.41";"IS";"Exit Signal";"-24.63";"100.37";"40m 0s";""
"165";"XAUUSD_DukasM1_Infinox";"Buy";"2007.01.24 20:29:00";"647.62";"0.19";"2007.01.24 21:00:00";"647.82";"3.60";"9129.02";"IS";"Exit Signal";"-23.27";"17.04";"31m 0s";""
"166";"XAUUSD_DukasM1_Infinox";"Buy";"2007.01.31 18:00:00";"654.44";"0.23";"2007.01.31 19:00:00";"652.28";"-49.92";"9079.09";"IS";"Exit Signal";"-74.11";"4.78";"1h 0m";""
"167";"XAUUSD_DukasM1_Infinox";"Buy";"2007.02.08 22:55:00";"661.11";"0.23";"2007.02.08 23:00:00";"660.40";"-16.57";"9062.52";"IS";"Exit Signal";"-30.08";"0.00";"5m 0s";""
"168";"XAUUSD_DukasM1_Infinox";"Buy";"2007.02.13 15:37:00";"668.11";"0.2";"2007.02.13 16:00:00";"666.73";"-27.81";"9034.71";"IS";"Exit Signal";"-27.70";"15.20";"23m 0s";""
"169";"XAUUSD_DukasM1_Infinox";"Buy";"2007.02.14 10:12:00";"668.87";"0.22";"2007.02.14 11:00:00";"668.76";"-2.66";"9032.05";"IS";"Exit Signal";"-23.43";"29.41";"48m 0s";""
"170";"XAUUSD_DukasM1_Infinox";"Buy";"2007.02.19 04:06:00";"671.71";"0.22";"2007.02.19 05:00:00";"670.85";"-19.16";"9012.90";"IS";"Exit Signal";"-38.63";"0.00";"54m 0s";""
"171";"XAUUSD_DukasM1_Infinox";"Buy";"2007.02.21 19:44:00";"673.10";"0.23";"2007.02.21 20:00:00";"674.19";"24.82";"9037.72";"IS";"Exit Signal";"-2.62";"44.69";"16m 0s";""
"172";"XAUUSD_DukasM1_Infinox";"Buy";"2007.02.23 16:02:00";"682.25";"0.2";"2007.02.23 17:00:00";"682.82";"11.18";"9048.90";"IS";"Exit Signal";"-32.24";"63.40";"58m 0s";""
"173";"XAUUSD_DukasM1_Infinox";"Buy";"2007.02.27 18:47:00";"688.21";"0.16";"2007.02.27 19:00:00";"684.63";"-57.46";"8991.44";"IS";"Exit Signal";"-57.28";"4.16";"13m 0s";""
"174";"XAUUSD_DukasM1_Infinox";"Buy";"2007.03.20 02:29:00";"655.98";"0.22";"2007.03.20 03:00:00";"655.20";"-17.39";"8974.05";"IS";"Exit Signal";"-28.07";"0.00";"31m 0s";""
"175";"XAUUSD_DukasM1_Infinox";"Buy";"2007.03.20 14:39:00";"656.12";"0.23";"2007.03.20 15:00:00";"659.08";"67.84";"9041.89";"IS";"Exit Signal";"-28.54";"102.93";"21m 0s";""
"176";"XAUUSD_DukasM1_Infinox";"Buy";"2007.03.28 01:47:00";"666.55";"0.21";"2007.03.28 02:00:00";"667.84";"26.87";"9068.76";"IS";"Exit Signal";"-15.35";"33.10";"13m 0s";""
"177";"XAUUSD_DukasM1_Infinox";"Buy";"2007.04.04 15:57:00";"669.20";"0.26";"2007.04.04 16:00:00";"669.35";"3.62";"9072.38";"IS";"Exit Signal";"-5.98";"27.17";"3m 0s";""
"178";"XAUUSD_DukasM1_Infinox";"Buy";"2007.04.09 16:09:00";"675.60";"0.52";"2007.04.09 17:00:00";"675.28";"-17.20";"9055.18";"IS";"Exit Signal";"-68.22";"9.10";"51m 0s";""
"179";"XAUUSD_DukasM1_Infinox";"Buy";"2007.04.10 13:34:00";"677.26";"0.34";"2007.04.10 14:00:00";"676.32";"-32.33";"9022.85";"IS";"Exit Signal";"-42.94";"0.00";"26m 0s";""
"180";"XAUUSD_DukasM1_Infinox";"Buy";"2007.04.13 15:27:00";"681.47";"0.23";"2007.04.13 16:00:00";"680.90";"-13.36";"9009.50";"IS";"Exit Signal";"-46.51";"15.76";"33m 0s";""
"181";"XAUUSD_DukasM1_Infinox";"Buy";"2007.04.19 03:39:00";"690.95";"0.26";"2007.04.19 04:00:00";"690.15";"-21.09";"8988.41";"IS";"Exit Signal";"-50.18";"0.00";"21m 0s";""
"182";"XAUUSD_DukasM1_Infinox";"Buy";"2007.04.20 14:56:00";"691.50";"0.18";"2007.04.20 15:00:00";"691.81";"5.38";"8993.79";"IS";"Exit Signal";"0.00";"22.41";"4m 0s";""
"183";"XAUUSD_DukasM1_Infinox";"Buy";"2007.06.01 14:15:00";"664.71";"0.24";"2007.06.01 15:00:00";"663.31";"-33.86";"8959.93";"IS";"Exit Signal";"-47.11";"14.04";"45m 0s";""
"184";"XAUUSD_DukasM1_Infinox";"Buy";"2007.06.19 19:07:00";"658.96";"0.3";"2007.06.19 20:00:00";"660.50";"45.88";"9005.82";"IS";"Exit Signal";"-26.49";"88.77";"53m 0s";""
"185";"XAUUSD_DukasM1_Infinox";"Buy";"2007.07.02 15:42:00";"654.19";"0.3";"2007.07.02 16:00:00";"653.73";"-14.11";"8991.70";"IS";"Exit Signal";"-28.41";"5.82";"18m 0s";""
"186";"XAUUSD_DukasM1_Infinox";"Buy";"2007.07.09 15:28:00";"658.37";"0.31";"2007.07.09 16:00:00";"661.24";"88.64";"9080.35";"IS";"Exit Signal";"-16.18";"124.06";"32m 0s";""
"187";"XAUUSD_DukasM1_Infinox";"Buy";"2007.07.12 15:33:00";"665.78";"0.27";"2007.07.12 16:00:00";"664.62";"-31.61";"9048.74";"IS";"Exit Signal";"-50.17";"8.59";"27m 0s";""
"188";"XAUUSD_DukasM1_Infinox";"Buy";"2007.07.18 09:52:00";"669.20";"0.33";"2007.07.18 10:00:00";"669.12";"-2.99";"9045.75";"IS";"Exit Signal";"-24.02";"10.73";"8m 0s";""
"189";"XAUUSD_DukasM1_Infinox";"Buy";"2007.07.24 15:33:00";"686.15";"0.32";"2007.07.24 16:00:00";"685.62";"-17.31";"9028.43";"IS";"Exit Signal";"-44.10";"26.30";"27m 0s";""
"190";"XAUUSD_DukasM1_Infinox";"Buy";"2007.08.08 15:39:00";"675.20";"0.32";"2007.08.08 16:00:00";"674.35";"-27.55";"9000.89";"IS";"Exit Signal";"-50.46";"5.44";"21m 0s";""
"191";"XAUUSD_DukasM1_Infinox";"Buy";"2007.08.24 19:00:00";"664.58";"0.33";"2007.08.24 20:00:00";"667.57";"98.32";"9099.21";"IS";"Exit Signal";"-4.88";"115.47";"1h 0m";""
"192";"XAUUSD_DukasM1_Infinox";"Buy";"2007.08.29 16:35:00";"668.56";"0.33";"2007.08.29 16:55:00";"665.44";"-103.31";"8995.89";"IS";"SL";"-102.96";"0.00";"20m 0s";""
"193";"XAUUSD_DukasM1_Infinox";"Buy";"2007.08.31 13:58:00";"668.56";"0.35";"2007.08.31 14:00:00";"668.23";"-11.92";"8983.97";"IS";"Exit Signal";"-20.47";"0.00";"2m 0s";""
"194";"XAUUSD_DukasM1_Infinox";"Buy";"2007.09.11 18:05:00";"706.70";"0.25";"2007.09.11 19:00:00";"713.20";"162.22";"9146.19";"IS";"Exit Signal";"-41.03";"169.90";"55m 0s";""
"195";"XAUUSD_DukasM1_Infinox";"Buy";"2007.09.17 17:06:00";"716.86";"0.23";"2007.09.17 18:00:00";"716.72";"-3.48";"9142.70";"IS";"Exit Signal";"-27.23";"61.76";"54m 0s";""
"196";"XAUUSD_DukasM1_Infinox";"Buy";"2007.09.18 21:18:00";"721.53";"0.23";"2007.09.18 22:00:00";"725.23";"84.83";"9227.54";"IS";"Exit Signal";"-47.03";"95.98";"42m 0s";""
"197";"XAUUSD_DukasM1_Infinox";"Buy";"2007.09.20 10:52:00";"726.80";"0.25";"2007.09.20 11:00:00";"726.29";"-13.04";"9214.50";"IS";"Exit Signal";"-21.77";"0.00";"8m 0s";""
"198";"XAUUSD_DukasM1_Infinox";"Buy";"2007.09.28 11:21:00";"739.05";"0.19";"2007.09.28 12:00:00";"738.09";"-18.46";"9196.03";"IS";"Exit Signal";"-38.13";"5.32";"39m 0s";""
"199";"XAUUSD_DukasM1_Infinox";"Buy";"2007.10.11 10:58:00";"745.53";"0.24";"2007.10.11 11:00:00";"745.39";"-3.65";"9192.39";"IS";"Exit Signal";"-13.46";"0.00";"2m 0s";""
"200";"XAUUSD_DukasM1_Infinox";"Buy";"2007.10.15 08:59:00";"753.48";"0.24";"2007.10.15 09:00:00";"753.19";"-7.25";"9185.14";"IS";"Exit Signal";"-6.96";"0.00";"1m 0s";""
"201";"XAUUSD_DukasM1_Infinox";"Buy";"2007.10.16 07:53:00";"759.91";"0.24";"2007.10.16 08:00:00";"759.94";"0.43";"9185.57";"IS";"Exit Signal";"-13.63";"14.42";"7m 0s";""
"202";"XAUUSD_DukasM1_Infinox";"Buy";"2007.10.18 15:33:00";"766.48";"0.17";"2007.10.18 16:00:00";"763.88";"-44.41";"9141.16";"IS";"Exit Signal";"-59.65";"0.00";"27m 0s";""
"203";"XAUUSD_DukasM1_Infinox";"Buy";"2007.10.26 03:15:00";"771.05";"0.25";"2007.10.26 04:00:00";"771.44";"9.44";"9150.60";"IS";"Exit Signal";"-11.60";"40.90";"45m 0s";""
"204";"XAUUSD_DukasM1_Infinox";"Buy";"2007.10.31 20:54:00";"794.28";"0.19";"2007.10.31 21:00:00";"795.72";"27.12";"9177.71";"IS";"Exit Signal";"0.00";"49.88";"6m 0s";""
"205";"XAUUSD_DukasM1_Infinox";"Buy";"2007.11.02 18:18:00";"798.89";"0.15";"2007.11.02 19:00:00";"801.64";"41.06";"9218.77";"IS";"Exit Signal";"-10.77";"84.94";"42m 0s";""
"206";"XAUUSD_DukasM1_Infinox";"Buy";"2007.11.08 18:21:00";"845.33";"0.12";"2007.11.08 19:00:00";"838.97";"-76.48";"9142.29";"IS";"Exit Signal";"-80.48";"0.00";"39m 0s";""
"207";"XAUUSD_DukasM1_Infinox";"Buy";"2007.11.23 18:33:00";"817.79";"0.14";"2007.11.23 19:00:00";"821.70";"54.56";"9196.85";"IS";"Exit Signal";"-2.39";"81.83";"27m 0s";""
"208";"XAUUSD_DukasM1_Infinox";"Buy";"2007.12.10 16:37:00";"806.36";"0.16";"2007.12.10 17:00:00";"809.78";"54.51";"9251.36";"IS";"Exit Signal";"0.00";"86.91";"23m 0s";""
"209";"XAUUSD_DukasM1_Infinox";"Buy";"2007.12.11 19:46:00";"811.79";"0.22";"2007.12.11 20:00:00";"810.23";"-34.61";"9216.76";"IS";"Exit Signal";"-34.32";"0.00";"14m 0s";""
"210";"XAUUSD_DukasM1_Infinox";"Buy";"2007.12.12 16:02:00";"812.79";"0.16";"2007.12.12 17:00:00";"815.29";"39.79";"9256.55";"IS";"Exit Signal";"-9.98";"63.22";"58m 0s";""
"211";"XAUUSD_DukasM1_Infinox";"Buy";"2007.12.26 15:23:00";"815.07";"0.32";"2007.12.26 16:00:00";"817.06";"63.26";"9319.81";"IS";"Exit Signal";"-11.94";"66.82";"37m 0s";""
"212";"XAUUSD_DukasM1_Infinox";"Buy";"2007.12.28 13:13:00";"830.96";"0.21";"2007.12.28 14:00:00";"832.39";"29.75";"9349.56";"IS";"Exit Signal";"-4.62";"63.13";"47m 0s";""
"213";"XAUUSD_DukasM1_Infinox";"Buy";"2008.01.02 13:10:00";"842.90";"0.19";"2008.01.02 14:00:00";"842.52";"-7.48";"9342.08";"IS";"Exit Signal";"-8.72";"13.07";"50m 0s";""
"214";"XAUUSD_DukasM1_Infinox";"Buy";"2008.01.08 10:14:00";"868.81";"0.18";"2008.01.08 11:00:00";"873.25";"79.67";"9421.75";"IS";"Exit Signal";"0.00";"122.72";"46m 0s";""
"215";"XAUUSD_DukasM1_Infinox";"Buy";"2008.01.10 19:30:00";"891.05";"0.12";"2008.01.10 20:00:00";"890.40";"-7.97";"9413.78";"IS";"Exit Signal";"-12.53";"44.30";"30m 0s";""
"216";"XAUUSD_DukasM1_Infinox";"Buy";"2008.01.29 13:07:00";"929.49";"0.16";"2008.01.29 14:00:00";"930.02";"8.24";"9422.03";"IS";"Exit Signal";"-29.41";"52.02";"53m 0s";""
"217";"XAUUSD_DukasM1_Infinox";"Buy";"2008.01.30 21:53:00";"932.74";"0.16";"2008.01.30 22:00:00";"934.25";"23.92";"9445.95";"IS";"Exit Signal";"-1.71";"48.26";"7m 0s";""
"218";"XAUUSD_DukasM1_Infinox";"Buy";"2008.02.01 13:39:00";"936.38";"0.13";"2008.02.01 14:00:00";"934.89";"-19.56";"9426.38";"IS";"Exit Signal";"-42.91";"0.08";"21m 0s";""
"219";"XAUUSD_DukasM1_Infinox";"Buy";"2008.02.19 17:57:00";"926.76";"0.23";"2008.02.19 18:00:00";"927.30";"12.08";"9438.46";"IS";"Exit Signal";"-6.39";"17.96";"3m 0s";""
"220";"XAUUSD_DukasM1_Infinox";"Buy";"2008.02.20 19:31:00";"930.28";"0.15";"2008.02.20 20:00:00";"933.03";"41.03";"9479.49";"IS";"Exit Signal";"0.00";"78.14";"29m 0s";""
"221";"XAUUSD_DukasM1_Infinox";"Buy";"2008.02.27 02:51:00";"953.43";"0.14";"2008.02.27 03:00:00";"955.06";"22.61";"9502.09";"IS";"Exit Signal";"0.00";"33.05";"9m 0s";""
"222";"XAUUSD_DukasM1_Infinox";"Buy";"2008.02.28 17:57:00";"964.20";"0.16";"2008.02.28 18:00:00";"964.69";"7.59";"9509.69";"IS";"Exit Signal";"-15.46";"9.68";"3m 0s";""
"223";"XAUUSD_DukasM1_Infinox";"Buy";"2008.03.05 18:21:00";"989.16";"0.11";"2008.03.05 19:00:00";"985.57";"-39.66";"9470.02";"IS";"Exit Signal";"-44.90";"10.24";"39m 0s";""
"224";"XAUUSD_DukasM1_Infinox";"Buy";"2008.03.13 13:01:00";"992.65";"0.15";"2008.03.13 14:00:00";"995.25";"38.76";"9508.79";"IS";"Exit Signal";"-26.33";"55.92";"59m 0s";""
"225";"XAUUSD_DukasM1_Infinox";"Buy";"2008.04.09 19:45:00";"928.84";"0.13";"2008.04.09 20:00:00";"931.08";"28.93";"9537.71";"IS";"Exit Signal";"0.00";"35.13";"15m 0s";""
"226";"XAUUSD_DukasM1_Infinox";"Buy";"2008.04.16 13:59:00";"939.35";"0.19";"2008.04.16 14:00:00";"938.66";"-13.40";"9524.32";"IS";"Exit Signal";"-13.11";"0.23";"1m 0s";""
"227";"XAUUSD_DukasM1_Infinox";"Buy";"2008.05.08 18:03:00";"882.61";"0.15";"2008.05.08 19:00:00";"882.85";"3.39";"9527.70";"IS";"Exit Signal";"-24.75";"32.49";"57m 0s";""
"228";"XAUUSD_DukasM1_Infinox";"Buy";"2008.05.12 03:37:00";"889.30";"0.14";"2008.05.12 04:00:00";"888.21";"-15.46";"9512.25";"IS";"Exit Signal";"-21.53";"0.66";"23m 0s";""
"229";"XAUUSD_DukasM1_Infinox";"Buy";"2008.05.16 14:43:00";"889.35";"0.18";"2008.05.16 15:00:00";"893.70";"78.04";"9590.29";"IS";"Exit Signal";"-4.55";"92.16";"17m 0s";""
"230";"XAUUSD_DukasM1_Infinox";"Buy";"2008.05.20 17:05:00";"913.41";"0.18";"2008.05.20 18:00:00";"917.21";"68.14";"9658.43";"IS";"Exit Signal";"-19.24";"101.56";"55m 0s";""
"231";"XAUUSD_DukasM1_Infinox";"Buy";"2008.06.09 01:04:00";"902.79";"0.18";"2008.06.09 02:00:00";"903.49";"12.34";"9670.77";"IS";"Exit Signal";"-14.65";"24.43";"56m 0s";""
"232";"XAUUSD_DukasM1_Infinox";"Buy";"2008.06.18 21:01:00";"894.46";"0.13";"2008.06.18 22:00:00";"893.30";"-15.27";"9655.50";"IS";"Exit Signal";"-37.22";"13.78";"59m 0s";""
"233";"XAUUSD_DukasM1_Infinox";"Buy";"2008.06.19 15:58:00";"895.60";"0.14";"2008.06.19 16:00:00";"897.65";"28.50";"9684.00";"IS";"Exit Signal";"-0.74";"30.06";"2m 0s";""
"234";"XAUUSD_DukasM1_Infinox";"Buy";"2008.06.26 15:30:00";"908.34";"0.15";"2008.06.26 16:00:00";"907.68";"-10.12";"9673.88";"IS";"Exit Signal";"-18.48";"30.11";"30m 0s";""
"235";"XAUUSD_DukasM1_Infinox";"Buy";"2008.07.01 16:00:00";"934.84";"0.15";"2008.07.01 17:00:00";"940.13";"79.13";"9753.01";"IS";"Exit Signal";"-9.85";"87.83";"1h 0m";""
"236";"XAUUSD_DukasM1_Infinox";"Buy";"2008.07.03 14:55:00";"945.82";"0.18";"2008.07.03 15:00:00";"943.54";"-41.31";"9711.69";"IS";"Exit Signal";"-48.89";"3.74";"5m 0s";""
"237";"XAUUSD_DukasM1_Infinox";"Buy";"2008.07.14 16:54:00";"967.25";"0.14";"2008.07.14 17:00:00";"967.35";"1.18";"9712.88";"IS";"Exit Signal";"-13.94";"12.03";"6m 0s";""
"238";"XAUUSD_DukasM1_Infinox";"Buy";"2008.08.21 17:42:00";"836.34";"0.1";"2008.08.21 18:00:00";"836.36";"0.07";"9712.94";"IS";"Exit Signal";"-11.02";"16.78";"18m 0s";""
"239";"XAUUSD_DukasM1_Infinox";"Buy";"2008.08.28 14:16:00";"838.02";"0.14";"2008.08.28 15:00:00";"838.65";"8.63";"9721.58";"IS";"Exit Signal";"-21.87";"28.81";"44m 0s";""
"240";"XAUUSD_DukasM1_Infinox";"Buy";"2008.09.17 17:07:00";"804.54";"0.1";"2008.09.17 17:41:00";"827.19";"226.37";"9947.95";"IS";"PT";"-6.42";"226.50";"34m 0s";""
"241";"XAUUSD_DukasM1_Infinox";"Buy";"2008.09.29 21:18:00";"909.07";"0.07";"2008.09.29 22:00:00";"906.39";"-18.86";"9929.09";"IS";"Exit Signal";"-69.89";"0.00";"42m 0s";""
"242";"XAUUSD_DukasM1_Infinox";"Buy";"2008.10.09 23:12:00";"920.88";"0.06";"2008.10.10 00:00:00";"910.28";"-63.69";"9865.40";"IS";"Exit Signal";"-68.35";"12.08";"48m 0s";""
"243";"XAUUSD_DukasM1_Infinox";"Buy";"2008.11.19 16:37:00";"752.76";"0.14";"2008.11.19 17:00:00";"758.88";"85.51";"9950.91";"IS";"Exit Signal";"-11.86";"87.05";"23m 0s";""
"244";"XAUUSD_DukasM1_Infinox";"Buy";"2008.11.21 15:25:00";"761.66";"0.1";"2008.11.21 16:00:00";"769.23";"75.58";"10026.49";"IS";"Exit Signal";"-0.98";"111.85";"35m 0s";""
"245";"XAUUSD_DukasM1_Infinox";"Buy";"2008.11.25 15:59:00";"829.04";"0.08";"2008.11.25 16:00:00";"828.61";"-3.55";"10022.94";"IS";"Exit Signal";"-3.44";"0.00";"1m 0s";""
"246";"XAUUSD_DukasM1_Infinox";"Buy";"2008.12.10 11:49:00";"785.67";"0.1";"2008.12.10 12:00:00";"784.54";"-11.43";"10011.52";"IS";"Exit Signal";"-22.48";"8.30";"11m 0s";""
"247";"XAUUSD_DukasM1_Infinox";"Buy";"2008.12.15 17:17:00";"834.07";"0.08";"2008.12.15 18:00:00";"835.32";"9.89";"10021.41";"IS";"Exit Signal";"-0.42";"61.30";"43m 0s";""
"248";"XAUUSD_DukasM1_Infinox";"Buy";"2008.12.16 20:19:00";"841.73";"0.11";"2008.12.16 21:00:00";"840.94";"-8.84";"10012.57";"IS";"Exit Signal";"-26.84";"0.00";"41m 0s";""
"249";"XAUUSD_DukasM1_Infinox";"Buy";"2008.12.17 15:48:00";"858.89";"0.1";"2008.12.17 16:00:00";"860.98";"20.76";"10033.33";"IS";"Exit Signal";"0.00";"40.92";"12m 0s";""
"250";"XAUUSD_DukasM1_Infinox";"Buy";"2008.12.26 20:03:00";"860.20";"0.27";"2008.12.26 20:28:00";"868.71";"229.40";"10262.73";"IS";"PT";"-0.73";"229.77";"25m 0s";""
"251";"XAUUSD_DukasM1_Infinox";"Buy";"2009.01.23 11:45:00";"865.79";"0.12";"2009.01.23 12:00:00";"866.91";"13.27";"10276.00";"IS";"Exit Signal";"-22.90";"19.36";"15m 0s";""
"252";"XAUUSD_DukasM1_Infinox";"Buy";"2009.02.17 06:06:00";"951.83";"0.11";"2009.02.17 07:00:00";"956.57";"51.97";"10327.98";"IS";"Exit Signal";"-11.74";"65.99";"54m 0s";""
"253";"XAUUSD_DukasM1_Infinox";"Buy";"2009.02.20 13:38:00";"986.56";"0.1";"2009.02.20 14:00:00";"990.15";"35.74";"10363.72";"IS";"Exit Signal";"-1.24";"43.93";"22m 0s";""
"254";"XAUUSD_DukasM1_Infinox";"Buy";"2009.04.23 17:00:00";"898.10";"0.16";"2009.04.23 18:00:00";"903.97";"93.69";"10457.41";"IS";"Exit Signal";"-28.16";"135.84";"1h 0m";""
"255";"XAUUSD_DukasM1_Infinox";"Buy";"2009.05.07 12:53:00";"915.23";"0.16";"2009.05.07 13:00:00";"914.93";"-5.03";"10452.38";"IS";"Exit Signal";"-11.94";"1.25";"7m 0s";""
"256";"XAUUSD_DukasM1_Infinox";"Buy";"2009.05.13 02:24:00";"924.99";"0.18";"2009.05.13 03:01:00";"925.52";"9.27";"10461.65";"IS";"Exit Signal";"-8.46";"38.61";"37m 0s";""
"257";"XAUUSD_DukasM1_Infinox";"Buy";"2009.05.15 17:35:00";"930.08";"0.25";"2009.05.15 18:00:00";"931.81";"42.88";"10504.53";"IS";"Exit Signal";"0.00";"86.55";"25m 0s";""
"258";"XAUUSD_DukasM1_Infinox";"Buy";"2009.05.20 16:33:00";"933.69";"0.16";"2009.05.20 17:00:00";"937.25";"56.72";"10561.25";"IS";"Exit Signal";"0.00";"72.05";"27m 0s";""
"259";"XAUUSD_DukasM1_Infinox";"Buy";"2009.05.28 17:43:00";"960.68";"0.17";"2009.05.28 18:00:00";"963.18";"42.24";"10603.49";"IS";"Exit Signal";"0.00";"52.33";"17m 0s";""
"260";"XAUUSD_DukasM1_Infinox";"Buy";"2009.06.03 09:46:00";"988.06";"0.13";"2009.06.03 10:00:00";"988.85";"10.06";"10613.55";"IS";"Exit Signal";"-9.63";"15.95";"14m 0s";""
"261";"XAUUSD_DukasM1_Infinox";"Buy";"2009.07.15 13:56:00";"931.26";"0.19";"2009.07.15 14:00:00";"934.70";"65.08";"10678.63";"IS";"Exit Signal";"0.00";"73.11";"4m 0s";""
"262";"XAUUSD_DukasM1_Infinox";"Buy";"2009.07.23 12:13:00";"954.68";"0.23";"2009.07.23 13:00:00";"953.89";"-18.52";"10660.11";"IS";"Exit Signal";"-35.28";"35.76";"47m 0s";""
"263";"XAUUSD_DukasM1_Infinox";"Buy";"2009.07.27 09:44:00";"956.92";"0.23";"2009.07.27 10:00:00";"957.13";"4.48";"10664.58";"IS";"Exit Signal";"-12.05";"20.59";"16m 0s";""
"264";"XAUUSD_DukasM1_Infinox";"Buy";"2009.08.04 17:41:00";"961.81";"0.19";"2009.08.04 18:00:00";"962.17";"6.55";"10671.13";"IS";"Exit Signal";"-3.33";"33.78";"19m 0s";""
"265";"XAUUSD_DukasM1_Infinox";"Buy";"2009.08.06 15:23:00";"969.57";"0.19";"2009.08.06 16:00:00";"967.20";"-45.32";"10625.81";"IS";"Exit Signal";"-59.89";"32.57";"37m 0s";""
"266";"XAUUSD_DukasM1_Infinox";"Buy";"2009.08.28 15:27:00";"956.54";"0.2";"2009.08.28 16:00:00";"955.86";"-13.91";"10611.90";"IS";"Exit Signal";"-16.54";"50.46";"33m 0s";""
"267";"XAUUSD_DukasM1_Infinox";"Buy";"2009.09.02 15:30:00";"960.15";"0.19";"2009.09.02 16:00:00";"964.20";"76.66";"10688.56";"IS";"Exit Signal";"0.00";"93.52";"30m 0s";""
"268";"XAUUSD_DukasM1_Infinox";"Buy";"2009.09.08 03:08:00";"996.88";"0.15";"2009.09.08 04:00:00";"996.41";"-7.29";"10681.27";"IS";"Exit Signal";"-18.15";"14.68";"52m 0s";""
"269";"XAUUSD_DukasM1_Infinox";"Buy";"2009.09.11 16:23:00";"1007.11";"0.15";"2009.09.11 17:00:00";"1008.42";"19.41";"10700.68";"IS";"Exit Signal";"-25.31";"54.87";"37m 0s";""
"270";"XAUUSD_DukasM1_Infinox";"Buy";"2009.09.16 08:42:00";"1010.77";"0.14";"2009.09.16 09:00:00";"1015.53";"66.41";"10767.09";"IS";"Exit Signal";"-5.60";"70.31";"18m 0s";""
"271";"XAUUSD_DukasM1_Infinox";"Buy";"2009.10.13 11:27:00";"1060.87";"0.16";"2009.10.13 12:00:00";"1063.44";"40.85";"10807.94";"IS";"Exit Signal";"0.00";"63.66";"33m 0s";""
"272";"XAUUSD_DukasM1_Infinox";"Buy";"2009.11.03 17:37:00";"1066.94";"0.16";"2009.11.03 18:00:00";"1075.67";"139.41";"10947.35";"IS";"Exit Signal";"-3.14";"220.24";"23m 0s";""
"273";"XAUUSD_DukasM1_Infinox";"Buy";"2009.11.06 15:37:00";"1096.57";"0.13";"2009.11.06 15:52:00";"1089.07";"-97.73";"10849.62";"IS";"SL";"-97.50";"17.38";"15m 0s";""
"274";"XAUUSD_DukasM1_Infinox";"Buy";"2009.11.11 09:45:00";"1110.28";"0.13";"2009.11.11 10:00:00";"1110.17";"-1.66";"10847.96";"IS";"Exit Signal";"-14.30";"3.33";"15m 0s";""
"275";"XAUUSD_DukasM1_Infinox";"Buy";"2009.11.16 01:03:00";"1122.20";"0.14";"2009.11.16 02:00:00";"1124.05";"25.65";"10873.61";"IS";"Exit Signal";"-6.68";"42.74";"57m 0s";""
"276";"XAUUSD_DukasM1_Infinox";"Buy";"2009.11.18 01:03:00";"1142.87";"0.14";"2009.11.18 02:00:00";"1140.56";"-32.59";"10841.01";"IS";"Exit Signal";"-33.92";"7.80";"57m 0s";""
"277";"XAUUSD_DukasM1_Infinox";"Buy";"2009.11.23 01:01:00";"1151.78";"0.13";"2009.11.23 02:00:00";"1157.57";"75.03";"10916.04";"IS";"Exit Signal";"0.00";"80.05";"59m 0s";""
"278";"XAUUSD_DukasM1_Infinox";"Buy";"2009.11.25 04:15:00";"1173.40";"0.14";"2009.11.25 05:00:00";"1173.20";"-3.06";"10912.98";"IS";"Exit Signal";"-14.27";"26.52";"45m 0s";""
"279";"XAUUSD_DukasM1_Infinox";"Buy";"2010.01.04 11:36:00";"1113.34";"0.37";"2010.01.04 12:00:00";"1113.07";"-10.65";"10902.33";"IS";"Exit Signal";"-51.06";"3.55";"24m 0s";""
"280";"XAUUSD_DukasM1_Infinox";"Buy";"2010.01.06 15:33:00";"1127.53";"0.15";"2010.01.06 16:00:00";"1130.98";"51.48";"10953.81";"IS";"Exit Signal";"-12.84";"61.99";"27m 0s";""
"281";"XAUUSD_DukasM1_Infinox";"Buy";"2010.01.11 01:02:00";"1140.02";"0.14";"2010.01.11 01:51:00";"1155.69";"219.12";"11172.93";"IS";"PT";"0.00";"219.38";"49m 0s";""
"282";"XAUUSD_DukasM1_Infinox";"Buy";"2010.02.01 20:09:00";"1103.65";"0.11";"2010.02.01 21:00:00";"1103.24";"-4.70";"11168.23";"IS";"Exit Signal";"-14.40";"10.61";"51m 0s";""
"283";"XAUUSD_DukasM1_Infinox";"Buy";"2010.02.15 11:38:00";"1097.38";"0.11";"2010.02.15 12:00:00";"1097.89";"5.42";"11173.64";"IS";"Exit Signal";"-7.00";"13.09";"22m 0s";""
"284";"XAUUSD_DukasM1_Infinox";"Buy";"2010.02.22 02:19:00";"1126.65";"0.1";"2010.02.22 03:00:00";"1128.86";"21.92";"11195.56";"IS";"Exit Signal";"-1.18";"36.33";"41m 0s";""
"285";"XAUUSD_DukasM1_Infinox";"Buy";"2010.03.02 14:53:00";"1123.06";"0.15";"2010.03.02 15:00:00";"1123.62";"8.13";"11203.69";"IS";"Exit Signal";"-14.07";"10.59";"7m 0s";""
"286";"XAUUSD_DukasM1_Infinox";"Buy";"2010.03.31 16:04:00";"1114.25";"0.18";"2010.03.31 17:00:00";"1115.25";"17.68";"11221.37";"IS";"Exit Signal";"-14.11";"61.69";"56m 0s";""
"287";"XAUUSD_DukasM1_Infinox";"Buy";"2010.04.05 14:21:00";"1127.54";"0.17";"2010.04.05 15:00:00";"1127.42";"-2.35";"11219.03";"IS";"Exit Signal";"-8.38";"14.82";"39m 0s";""
"288";"XAUUSD_DukasM1_Infinox";"Buy";"2010.04.06 16:15:00";"1132.98";"0.19";"2010.04.06 17:00:00";"1132.41";"-11.17";"11207.85";"IS";"Exit Signal";"-25.12";"36.76";"45m 0s";""
"289";"XAUUSD_DukasM1_Infinox";"Buy";"2010.04.08 18:51:00";"1152.57";"0.17";"2010.04.08 19:00:00";"1152.16";"-7.28";"11200.57";"IS";"Exit Signal";"-10.59";"11.54";"9m 0s";""
"290";"XAUUSD_DukasM1_Infinox";"Buy";"2010.04.28 18:29:00";"1171.73";"0.16";"2010.04.28 19:00:00";"1170.85";"-14.38";"11186.19";"IS";"Exit Signal";"-15.20";"30.75";"31m 0s";""
"291";"XAUUSD_DukasM1_Infinox";"Buy";"2010.04.30 03:58:00";"1173.65";"0.15";"2010.04.30 04:00:00";"1173.93";"3.92";"11190.11";"IS";"Exit Signal";"-10.97";"12.26";"2m 0s";""
"292";"XAUUSD_DukasM1_Infinox";"Buy";"2010.05.04 13:08:00";"1187.37";"0.2";"2010.05.04 14:00:00";"1186.69";"-13.98";"11176.13";"IS";"Exit Signal";"-56.00";"21.28";"52m 0s";""
"293";"XAUUSD_DukasM1_Infinox";"Buy";"2010.05.06 18:52:00";"1191.94";"0.12";"2010.05.06 19:00:00";"1195.54";"42.97";"11219.10";"IS";"Exit Signal";"0.00";"47.93";"8m 0s";""
"294";"XAUUSD_DukasM1_Infinox";"Buy";"2010.05.07 19:51:00";"1209.58";"0.09";"2010.05.07 20:00:00";"1210.58";"8.83";"11227.93";"IS";"Exit Signal";"-6.49";"25.98";"9m 0s";""
"295";"XAUUSD_DukasM1_Infinox";"Buy";"2010.05.11 13:37:00";"1212.47";"0.09";"2010.05.11 14:00:00";"1216.55";"36.55";"11264.47";"IS";"Exit Signal";"-6.13";"39.46";"23m 0s";""
"296";"XAUUSD_DukasM1_Infinox";"Buy";"2010.05.14 13:35:00";"1247.90";"0.12";"2010.05.14 14:00:00";"1247.87";"-0.60";"11263.87";"IS";"Exit Signal";"-21.16";"10.27";"25m 0s";""
"297";"XAUUSD_DukasM1_Infinox";"Buy";"2010.06.01 03:06:00";"1217.78";"0.14";"2010.06.01 04:00:00";"1220.42";"36.69";"11300.56";"IS";"Exit Signal";"-26.29";"50.41";"54m 0s";""
"298";"XAUUSD_DukasM1_Infinox";"Buy";"2010.06.07 17:44:00";"1228.09";"0.13";"2010.06.07 18:00:00";"1231.57";"44.98";"11345.54";"IS";"Exit Signal";"-2.07";"68.30";"16m 0s";""
"299";"XAUUSD_DukasM1_Infinox";"Buy";"2010.06.17 15:05:00";"1236.99";"0.16";"2010.06.17 16:00:00";"1242.67";"90.56";"11436.11";"IS";"Exit Signal";"-9.26";"117.06";"55m 0s";""
"300";"XAUUSD_DukasM1_Infinox";"Buy";"2010.07.13 15:51:00";"1213.69";"0.15";"2010.07.13 16:00:00";"1216.30";"38.86";"11474.97";"IS";"Exit Signal";"0.00";"54.83";"9m 0s";""
"301";"XAUUSD_DukasM1_Infinox";"Buy";"2010.07.14 18:18:00";"1217.40";"0.18";"2010.07.14 18:56:00";"1211.76";"-101.87";"11373.10";"IS";"SL";"-101.52";"0.20";"38m 0s";""
"302";"XAUUSD_DukasM1_Infinox";"Buy";"2010.08.04 05:27:00";"1194.06";"0.18";"2010.08.04 06:00:00";"1192.70";"-24.83";"11348.27";"IS";"Exit Signal";"-34.74";"4.82";"33m 0s";""
"303";"XAUUSD_DukasM1_Infinox";"Buy";"2010.08.06 15:45:00";"1202.53";"0.19";"2010.08.06 16:00:00";"1206.80";"80.76";"11429.04";"IS";"Exit Signal";"-0.74";"88.39";"15m 0s";""
"304";"XAUUSD_DukasM1_Infinox";"Buy";"2010.08.12 15:31:00";"1210.46";"0.14";"2010.08.12 16:00:00";"1212.67";"30.67";"11459.71";"IS";"Exit Signal";"0.00";"62.17";"29m 0s";""
"305";"XAUUSD_DukasM1_Infinox";"Buy";"2010.08.18 18:31:00";"1228.09";"0.21";"2010.08.18 19:00:00";"1227.46";"-13.64";"11446.07";"IS";"Exit Signal";"-30.11";"4.93";"29m 0s";""
"306";"XAUUSD_DukasM1_Infinox";"Buy";"2010.08.25 11:56:00";"1236.94";"0.2";"2010.08.25 12:00:00";"1237.44";"9.60";"11455.67";"IS";"Exit Signal";"0.00";"21.20";"4m 0s";""
"307";"XAUUSD_DukasM1_Infinox";"Buy";"2010.08.31 15:48:00";"1243.91";"0.22";"2010.08.31 16:00:00";"1242.81";"-24.64";"11431.03";"IS";"Exit Signal";"-34.39";"0.00";"12m 0s";""
"308";"XAUUSD_DukasM1_Infinox";"Buy";"2010.09.07 15:29:00";"1254.30";"0.27";"2010.09.07 16:00:00";"1256.91";"69.93";"11500.96";"IS";"Exit Signal";"-1.32";"115.91";"31m 0s";""
"309";"XAUUSD_DukasM1_Infinox";"Buy";"2010.09.14 16:42:00";"1261.84";"0.17";"2010.09.14 17:00:00";"1264.59";"46.41";"11547.37";"IS";"Exit Signal";"0.00";"85.15";"18m 0s";""
"310";"XAUUSD_DukasM1_Infinox";"Buy";"2010.09.16 13:51:00";"1274.29";"0.2";"2010.09.16 14:00:00";"1275.05";"14.79";"11562.16";"IS";"Exit Signal";"-5.78";"26.02";"9m 0s";""
"311";"XAUUSD_DukasM1_Infinox";"Buy";"2010.09.21 21:34:00";"1283.16";"0.16";"2010.09.21 22:00:00";"1281.94";"-19.85";"11542.31";"IS";"Exit Signal";"-37.36";"63.81";"26m 0s";""
"312";"XAUUSD_DukasM1_Infinox";"Buy";"2010.09.23 18:30:00";"1295.88";"0.19";"2010.09.23 19:00:00";"1292.91";"-56.82";"11485.49";"IS";"Exit Signal";"-58.10";"0.00";"30m 0s";""
"313";"XAUUSD_DukasM1_Infinox";"Buy";"2010.09.27 09:17:00";"1299.45";"0.2";"2010.09.27 10:00:00";"1298.92";"-11.01";"11474.47";"IS";"Exit Signal";"-39.56";"2.02";"43m 0s";""
"314";"XAUUSD_DukasM1_Infinox";"Buy";"2010.09.28 17:25:00";"1299.55";"0.22";"2010.09.28 18:00:00";"1305.47";"129.78";"11604.25";"IS";"Exit Signal";"0.00";"155.23";"35m 0s";""
"315";"XAUUSD_DukasM1_Infinox";"Buy";"2010.09.30 12:57:00";"1312.90";"0.19";"2010.09.30 13:00:00";"1313.58";"12.52";"11616.77";"IS";"Exit Signal";"-1.71";"25.42";"3m 0s";""
"316";"XAUUSD_DukasM1_Infinox";"Buy";"2010.10.01 12:48:00";"1315.18";"0.13";"2010.10.01 13:00:00";"1315.21";"0.12";"11616.89";"IS";"Exit Signal";"0.00";"18.51";"12m 0s";""
"317";"XAUUSD_DukasM1_Infinox";"Buy";"2010.10.05 10:34:00";"1319.76";"0.19";"2010.10.05 11:00:00";"1326.32";"124.24";"11741.12";"IS";"Exit Signal";"0.00";"147.00";"26m 0s";""
"318";"XAUUSD_DukasM1_Infinox";"Buy";"2010.10.07 05:39:00";"1349.36";"0.17";"2010.10.07 06:00:00";"1350.42";"17.65";"11758.78";"IS";"Exit Signal";"0.00";"35.31";"21m 0s";""
"319";"XAUUSD_DukasM1_Infinox";"Buy";"2010.10.13 17:04:00";"1364.45";"0.13";"2010.10.13 18:00:00";"1371.46";"90.85";"11849.62";"IS";"Exit Signal";"-0.78";"118.47";"56m 0s";""
"320";"XAUUSD_DukasM1_Infinox";"Buy";"2010.10.29 15:04:00";"1348.56";"0.14";"2010.10.29 16:00:00";"1349.10";"7.26";"11856.88";"IS";"Exit Signal";"-20.02";"51.65";"56m 0s";""
"321";"XAUUSD_DukasM1_Infinox";"Buy";"2010.11.04 12:01:00";"1365.17";"0.08";"2010.11.04 13:00:00";"1362.33";"-22.90";"11833.98";"IS";"Exit Signal";"-42.74";"4.30";"59m 0s";""
"322";"XAUUSD_DukasM1_Infinox";"Buy";"2010.11.08 18:48:00";"1397.96";"0.12";"2010.11.08 19:00:00";"1399.33";"16.17";"11850.16";"IS";"Exit Signal";"-18.18";"36.64";"12m 0s";""
"323";"XAUUSD_DukasM1_Infinox";"Buy";"2010.11.23 16:35:00";"1369.69";"0.12";"2010.11.23 17:00:00";"1376.72";"84.10";"11934.25";"IS";"Exit Signal";"0.00";"95.47";"25m 0s";""
"324";"XAUUSD_DukasM1_Infinox";"Buy";"2010.12.02 18:22:00";"1396.90";"0.14";"2010.12.02 19:00:00";"1397.62";"9.77";"11944.02";"IS";"Exit Signal";"-25.48";"22.18";"38m 0s";""
"325";"XAUUSD_DukasM1_Infinox";"Buy";"2010.12.03 15:34:00";"1398.48";"0.12";"2010.12.03 16:00:00";"1397.99";"-6.15";"11937.87";"IS";"Exit Signal";"-55.88";"50.51";"26m 0s";""
"326";"XAUUSD_DukasM1_Infinox";"Buy";"2010.12.28 11:53:00";"1392.06";"0.21";"2010.12.28 12:00:00";"1393.70";"33.97";"11971.84";"IS";"Exit Signal";"0.00";"47.92";"7m 0s";""
"327";"XAUUSD_DukasM1_Infinox";"Buy";"2010.12.31 17:38:00";"1414.56";"0.2";"2010.12.31 18:00:00";"1418.69";"82.15";"12053.99";"IS";"Exit Signal";"-30.14";"87.62";"22m 0s";""
"328";"XAUUSD_DukasM1_Infinox";"Buy";"2011.01.12 20:29:00";"1386.80";"0.15";"2011.01.12 21:00:00";"1386.05";"-11.58";"12042.40";"IS";"Exit Signal";"-20.34";"0.00";"31m 0s";""
"329";"XAUUSD_DukasM1_Infinox";"Buy";"2011.01.13 15:49:00";"1388.77";"0.17";"2011.01.13 16:00:00";"1391.85";"51.98";"12094.39";"IS";"Exit Signal";"-9.66";"67.75";"11m 0s";""
"330";"XAUUSD_DukasM1_Infinox";"Buy";"2011.02.03 19:02:00";"1347.91";"0.12";"2011.02.03 20:00:00";"1353.78";"70.18";"12164.57";"IS";"Exit Signal";"-0.68";"83.63";"58m 0s";""
"331";"XAUUSD_DukasM1_Infinox";"Buy";"2011.02.08 15:32:00";"1358.03";"0.15";"2011.02.08 16:00:00";"1361.86";"57.12";"12221.69";"IS";"Exit Signal";"-0.48";"107.64";"28m 0s";""
"332";"XAUUSD_DukasM1_Infinox";"Buy";"2011.02.11 15:39:00";"1368.02";"0.19";"2011.02.11 16:00:00";"1365.43";"-49.63";"12172.07";"IS";"Exit Signal";"-49.21";"6.29";"21m 0s";""
"333";"XAUUSD_DukasM1_Infinox";"Buy";"2011.02.15 11:33:00";"1368.35";"0.18";"2011.02.15 12:00:00";"1371.57";"57.57";"12229.63";"IS";"Exit Signal";"0.00";"80.62";"27m 0s";""
"334";"XAUUSD_DukasM1_Infinox";"Buy";"2011.02.23 17:20:00";"1410.73";"0.14";"2011.02.23 18:00:00";"1411.19";"6.12";"12235.76";"IS";"Exit Signal";"-5.53";"43.23";"40m 0s";""
"335";"XAUUSD_DukasM1_Infinox";"Buy";"2011.03.01 12:59:00";"1418.16";"0.14";"2011.03.01 13:00:00";"1418.67";"6.82";"12242.58";"IS";"Exit Signal";"0.00";"13.57";"1m 0s";""
"336";"XAUUSD_DukasM1_Infinox";"Buy";"2011.03.23 16:09:00";"1434.80";"0.14";"2011.03.23 17:00:00";"1440.02";"72.76";"12315.34";"IS";"Exit Signal";"0.00";"86.51";"51m 0s";""
"337";"XAUUSD_DukasM1_Infinox";"Buy";"2011.04.05 17:35:00";"1439.48";"0.17";"2011.04.05 18:00:00";"1441.92";"41.09";"12356.43";"IS";"Exit Signal";"-4.59";"76.67";"25m 0s";""
"338";"XAUUSD_DukasM1_Infinox";"Buy";"2011.04.07 16:39:00";"1462.19";"0.16";"2011.04.07 17:00:00";"1461.09";"-17.97";"12338.45";"IS";"Exit Signal";"-23.87";"40.08";"21m 0s";""
"339";"XAUUSD_DukasM1_Infinox";"Buy";"2011.04.08 05:53:00";"1464.70";"0.15";"2011.04.08 06:00:00";"1464.27";"-6.80";"12331.65";"IS";"Exit Signal";"-8.70";"5.34";"7m 0s";""
"340";"XAUUSD_DukasM1_Infinox";"Buy";"2011.04.15 01:17:00";"1476.26";"0.15";"2011.04.15 02:00:00";"1476.82";"8.04";"12339.70";"IS";"Exit Signal";"-6.57";"20.34";"43m 0s";""
"341";"XAUUSD_DukasM1_Infinox";"Buy";"2011.04.18 16:05:00";"1488.63";"0.17";"2011.04.18 17:00:00";"1492.23";"60.80";"12400.49";"IS";"Exit Signal";"-7.50";"152.69";"55m 0s";""
"342";"XAUUSD_DukasM1_Infinox";"Buy";"2011.04.22 10:04:00";"1508.96";"0.16";"2011.04.22 11:00:00";"1509.94";"15.29";"12415.79";"IS";"Exit Signal";"-22.10";"24.99";"56m 0s";""
"343";"XAUUSD_DukasM1_Infinox";"Buy";"2011.04.27 20:41:00";"1518.11";"0.15";"2011.04.27 21:00:00";"1522.88";"71.19";"12486.97";"IS";"Exit Signal";"0.00";"83.13";"19m 0s";""
"344";"XAUUSD_DukasM1_Infinox";"Buy";"2011.05.23 01:20:00";"1516.47";"0.11";"2011.05.23 02:00:00";"1514.22";"-25.02";"12461.95";"IS";"Exit Signal";"-28.18";"10.73";"40m 0s";""
"345";"XAUUSD_DukasM1_Infinox";"Buy";"2011.05.27 16:40:00";"1532.18";"0.13";"2011.05.27 17:00:00";"1532.94";"9.56";"12471.51";"IS";"Exit Signal";"0.00";"34.58";"20m 0s";""
"346";"XAUUSD_DukasM1_Infinox";"Buy";"2011.05.31 17:54:00";"1540.56";"0.2";"2011.05.31 18:00:00";"1538.22";"-47.29";"12424.22";"IS";"Exit Signal";"-51.02";"3.10";"6m 0s";""
"347";"XAUUSD_DukasM1_Infinox";"Buy";"2011.06.01 17:41:00";"1540.72";"0.21";"2011.06.01 18:00:00";"1543.04";"48.20";"12472.42";"IS";"Exit Signal";"0.00";"70.20";"19m 0s";""
"348";"XAUUSD_DukasM1_Infinox";"Buy";"2011.06.06 17:02:00";"1550.39";"0.12";"2011.06.06 18:00:00";"1550.30";"-1.38";"12471.05";"IS";"Exit Signal";"-17.71";"29.69";"58m 0s";""
"349";"XAUUSD_DukasM1_Infinox";"Buy";"2011.06.22 16:00:00";"1548.03";"0.23";"2011.06.22 17:00:00";"1552.90";"111.44";"12582.49";"IS";"Exit Signal";"0.00";"191.24";"1h 0m";""
"350";"XAUUSD_DukasM1_Infinox";"Buy";"2011.07.08 15:32:00";"1534.47";"0.2";"2011.07.08 16:00:00";"1540.93";"128.71";"12711.20";"IS";"Exit Signal";"0.00";"175.76";"28m 0s";""
"351";"XAUUSD_DukasM1_Infinox";"Buy";"2011.07.12 20:26:00";"1556.85";"0.12";"2011.07.12 21:00:00";"1562.59";"68.58";"12779.78";"IS";"Exit Signal";"0.00";"90.83";"34m 0s";""
"352";"XAUUSD_DukasM1_Infinox";"Buy";"2011.07.18 01:05:00";"1594.33";"0.12";"2011.07.18 02:00:00";"1596.38";"24.29";"12804.07";"IS";"Exit Signal";"-2.23";"50.99";"55m 0s";""
"353";"XAUUSD_DukasM1_Infinox";"Buy";"2011.07.25 01:17:00";"1609.93";"0.1";"2011.07.25 02:00:00";"1620.97";"110.14";"12914.21";"IS";"Exit Signal";"-2.07";"133.43";"43m 0s";""
"354";"XAUUSD_DukasM1_Infinox";"Buy";"2011.07.27 04:30:00";"1623.27";"0.14";"2011.07.27 05:00:00";"1622.64";"-9.18";"12905.03";"IS";"Exit Signal";"-8.82";"11.77";"30m 0s";""
"355";"XAUUSD_DukasM1_Infinox";"Buy";"2011.07.29 16:30:00";"1628.44";"0.11";"2011.07.29 17:00:00";"1629.02";"6.09";"12911.13";"IS";"Exit Signal";"-17.08";"44.80";"30m 0s";""
"356";"XAUUSD_DukasM1_Infinox";"Buy";"2011.08.02 14:59:00";"1632.51";"0.11";"2011.08.02 15:00:00";"1632.20";"-3.70";"12907.43";"IS";"Exit Signal";"-3.41";"0.00";"1m 0s";""
"357";"XAUUSD_DukasM1_Infinox";"Buy";"2011.08.04 15:40:00";"1672.57";"0.09";"2011.08.04 16:00:00";"1673.85";"11.28";"12918.71";"IS";"Exit Signal";"0.00";"54.93";"20m 0s";""
"358";"XAUUSD_DukasM1_Infinox";"Buy";"2011.08.08 01:12:00";"1682.07";"0.07";"2011.08.08 02:00:00";"1686.65";"31.87";"12950.58";"IS";"Exit Signal";"0.00";"59.86";"48m 0s";""
"359";"XAUUSD_DukasM1_Infinox";"Buy";"2011.08.10 17:22:00";"1779.32";"0.03";"2011.08.10 18:00:00";"1772.79";"-19.68";"12930.90";"IS";"Exit Signal";"-29.48";"0.73";"38m 0s";""
"360";"XAUUSD_DukasM1_Infinox";"Buy";"2011.09.02 10:25:00";"1839.80";"0.07";"2011.09.02 11:00:00";"1852.29";"87.22";"13018.13";"IS";"Exit Signal";"0.00";"108.40";"35m 0s";""
"361";"XAUUSD_DukasM1_Infinox";"Buy";"2011.10.11 01:02:00";"1678.32";"0.06";"2011.10.11 02:00:00";"1679.14";"4.76";"13022.89";"IS";"Exit Signal";"-0.38";"25.97";"58m 0s";""
"362";"XAUUSD_DukasM1_Infinox";"Buy";"2011.10.12 12:29:00";"1684.57";"0.07";"2011.10.12 13:00:00";"1684.87";"1.91";"13024.80";"IS";"Exit Signal";"-4.47";"24.00";"31m 0s";""
"363";"XAUUSD_DukasM1_Infinox";"Buy";"2011.10.17 11:11:00";"1691.98";"0.07";"2011.10.17 12:00:00";"1693.35";"9.40";"13034.20";"IS";"Exit Signal";"-2.17";"16.25";"49m 0s";""
"364";"XAUUSD_DukasM1_Infinox";"Buy";"2011.10.27 15:03:00";"1728.25";"0.07";"2011.10.27 16:00:00";"1718.11";"-71.17";"12963.02";"IS";"Exit Signal";"-84.36";"2.02";"57m 0s";""
"365";"XAUUSD_DukasM1_Infinox";"Buy";"2011.11.03 13:54:00";"1752.39";"0.07";"2011.11.03 14:00:00";"1755.33";"20.38";"12983.41";"IS";"Exit Signal";"-6.97";"39.84";"6m 0s";""
"366";"XAUUSD_DukasM1_Infinox";"Buy";"2011.11.30 15:02:00";"1726.45";"0.09";"2011.11.30 16:00:00";"1744.38";"161.12";"13144.53";"IS";"Exit Signal";"0.00";"173.20";"58m 0s";""
"367";"XAUUSD_DukasM1_Infinox";"Buy";"2011.12.02 14:25:00";"1754.11";"0.09";"2011.12.02 15:00:00";"1756.49";"21.17";"13165.70";"IS";"Exit Signal";"-13.65";"40.53";"35m 0s";""
"368";"XAUUSD_DukasM1_Infinox";"Buy";"2012.01.06 05:01:00";"1625.70";"0.07";"2012.01.06 06:00:00";"1625.45";"-1.93";"13163.76";"IS";"Exit Signal";"-14.33";"10.38";"59m 0s";""
"369";"XAUUSD_DukasM1_Infinox";"Buy";"2012.01.10 13:05:00";"1630.87";"0.09";"2012.01.10 14:00:00";"1629.35";"-13.91";"13149.85";"IS";"Exit Signal";"-24.99";"26.85";"55m 0s";""
"370";"XAUUSD_DukasM1_Infinox";"Buy";"2012.01.17 09:22:00";"1662.00";"0.09";"2012.01.17 10:00:00";"1664.99";"26.67";"13176.52";"IS";"Exit Signal";"-3.76";"51.13";"38m 0s";""
"371";"XAUUSD_DukasM1_Infinox";"Buy";"2012.01.19 10:58:00";"1667.68";"0.09";"2012.01.19 11:00:00";"1668.66";"8.58";"13185.10";"IS";"Exit Signal";"0.00";"13.44";"2m 0s";""
"372";"XAUUSD_DukasM1_Infinox";"Buy";"2012.01.23 06:07:00";"1670.05";"0.09";"2012.01.23 07:00:00";"1671.15";"9.66";"13194.76";"IS";"Exit Signal";"-12.12";"14.42";"53m 0s";""
"373";"XAUUSD_DukasM1_Infinox";"Buy";"2012.01.25 19:52:00";"1681.42";"0.12";"2012.01.25 20:00:00";"1689.60";"97.84";"13292.60";"IS";"Exit Signal";"0.00";"116.78";"8m 0s";""
"374";"XAUUSD_DukasM1_Infinox";"Buy";"2012.01.27 17:59:00";"1730.36";"0.09";"2012.01.27 18:00:00";"1730.07";"-2.86";"13289.74";"IS";"Exit Signal";"-2.61";"1.49";"1m 0s";""
"375";"XAUUSD_DukasM1_Infinox";"Buy";"2012.01.31 09:22:00";"1739.79";"0.1";"2012.01.31 10:00:00";"1739.63";"-1.88";"13287.86";"IS";"Exit Signal";"-10.38";"13.69";"38m 0s";""
"376";"XAUUSD_DukasM1_Infinox";"Buy";"2012.02.01 11:43:00";"1747.65";"0.1";"2012.02.01 12:00:00";"1748.05";"3.72";"13291.58";"IS";"Exit Signal";"-18.27";"7.02";"17m 0s";""
"377";"XAUUSD_DukasM1_Infinox";"Buy";"2012.02.20 04:40:00";"1737.34";"0.11";"2012.02.20 05:00:00";"1736.28";"-11.96";"13279.61";"IS";"Exit Signal";"-18.55";"0.00";"20m 0s";""
"378";"XAUUSD_DukasM1_Infinox";"Buy";"2012.02.28 18:55:00";"1787.35";"0.13";"2012.02.28 19:00:00";"1787.71";"4.31";"13283.92";"IS";"Exit Signal";"0.00";"38.47";"5m 0s";""
"379";"XAUUSD_DukasM1_Infinox";"Buy";"2012.04.12 16:46:00";"1662.95";"0.14";"2012.04.12 17:00:00";"1669.51";"91.47";"13375.39";"IS";"Exit Signal";"0.00";"114.83";"14m 0s";""
"380";"XAUUSD_DukasM1_Infinox";"Buy";"2012.04.26 15:30:00";"1654.31";"0.13";"2012.04.26 16:00:00";"1653.49";"-11.01";"13364.39";"IS";"Exit Signal";"-21.29";"12.25";"30m 0s";""
"381";"XAUUSD_DukasM1_Infinox";"Buy";"2012.04.27 15:45:00";"1660.95";"0.15";"2012.04.27 16:00:00";"1662.92";"29.15";"13393.54";"IS";"Exit Signal";"0.00";"57.84";"15m 0s";""
"382";"XAUUSD_DukasM1_Infinox";"Buy";"2012.05.01 03:00:00";"1667.35";"0.13";"2012.05.01 04:00:00";"1665.48";"-24.66";"13368.88";"IS";"Exit Signal";"-25.00";"7.15";"1h 0m";""
"383";"XAUUSD_DukasM1_Infinox";"Buy";"2012.06.01 15:45:00";"1583.94";"0.09";"2012.06.01 16:00:00";"1581.34";"-23.63";"13345.25";"IS";"Exit Signal";"-71.83";"48.48";"15m 0s";""
"384";"XAUUSD_DukasM1_Infinox";"Buy";"2012.06.06 10:50:00";"1629.72";"0.11";"2012.06.06 11:00:00";"1633.67";"43.16";"13388.42";"IS";"Exit Signal";"0.00";"78.71";"10m 0s";""
"385";"XAUUSD_DukasM1_Infinox";"Buy";"2012.06.15 15:26:00";"1629.11";"0.09";"2012.06.15 17:00:00";"1625.61";"-31.73";"13356.68";"IS";"Exit Signal";"-72.41";"25.49";"1h 34m";""
"386";"XAUUSD_DukasM1_Infinox";"Buy";"2012.06.19 10:03:00";"1632.47";"0.1";"2012.06.19 11:00:00";"1629.71";"-27.86";"13328.82";"IS";"Exit Signal";"-35.57";"7.03";"57m 0s";""
"387";"XAUUSD_DukasM1_Infinox";"Buy";"2012.06.29 20:12:00";"1604.37";"0.1";"2012.06.29 21:00:00";"1600.83";"-35.66";"13293.17";"IS";"Exit Signal";"-35.40";"25.63";"48m 0s";""
"388";"XAUUSD_DukasM1_Infinox";"Buy";"2012.08.09 20:31:00";"1618.60";"0.18";"2012.08.09 21:00:00";"1616.98";"-29.63";"13263.54";"IS";"Exit Signal";"-32.92";"0.00";"29m 0s";""
"389";"XAUUSD_DukasM1_Infinox";"Buy";"2012.08.10 16:15:00";"1618.45";"0.18";"2012.08.10 17:00:00";"1617.95";"-9.47";"13254.07";"IS";"Exit Signal";"-64.85";"40.86";"45m 0s";""
"390";"XAUUSD_DukasM1_Infinox";"Buy";"2012.08.21 10:29:00";"1625.57";"0.18";"2012.08.21 11:00:00";"1626.11";"9.25";"13263.33";"OOS1";"Exit Signal";"-25.69";"15.88";"31m 0s";""
"391";"XAUUSD_DukasM1_Infinox";"Buy";"2012.08.27 04:00:00";"1674.85";"0.14";"2012.08.27 05:00:00";"1675.92";"14.61";"13277.93";"OOS1";"Exit Signal";"-6.40";"26.92";"1h 0m";""
"392";"XAUUSD_DukasM1_Infinox";"Buy";"2012.08.31 18:02:00";"1676.77";"0.17";"2012.08.31 19:00:00";"1679.79";"50.88";"13328.82";"OOS1";"Exit Signal";"-53.01";"98.29";"58m 0s";""
"393";"XAUUSD_DukasM1_Infinox";"Buy";"2012.09.04 17:04:00";"1697.15";"0.17";"2012.09.04 17:30:00";"1691.26";"-100.59";"13228.22";"OOS1";"SL";"-100.13";"29.72";"26m 0s";""
"394";"XAUUSD_DukasM1_Infinox";"Buy";"2012.09.06 09:01:00";"1698.90";"0.16";"2012.09.06 10:00:00";"1702.55";"57.97";"13286.19";"OOS1";"Exit Signal";"-0.53";"104.83";"59m 0s";""
"395";"XAUUSD_DukasM1_Infinox";"Buy";"2012.09.07 15:33:00";"1713.68";"0.13";"2012.09.07 16:00:00";"1724.69";"142.77";"13428.96";"OOS1";"Exit Signal";"-1.43";"190.66";"27m 0s";""
"396";"XAUUSD_DukasM1_Infinox";"Buy";"2012.09.12 11:20:00";"1741.25";"0.15";"2012.09.12 12:00:00";"1742.66";"20.73";"13449.69";"OOS1";"Exit Signal";"-16.76";"87.56";"40m 0s";""
"397";"XAUUSD_DukasM1_Infinox";"Buy";"2012.09.13 19:32:00";"1747.09";"0.17";"2012.09.13 19:37:00";"1741.28";"-99.24";"13350.45";"OOS1";"SL";"-98.77";"81.11";"5m 0s";""
"398";"XAUUSD_DukasM1_Infinox";"Buy";"2012.09.19 08:45:00";"1777.75";"0.11";"2012.09.19 09:00:00";"1776.25";"-16.81";"13333.64";"OOS1";"Exit Signal";"-25.28";"0.00";"15m 0s";""
"399";"XAUUSD_DukasM1_Infinox";"Buy";"2012.09.21 15:34:00";"1779.35";"0.13";"2012.09.21 16:00:00";"1786.45";"91.93";"13425.57";"OOS1";"Exit Signal";"0.00";"94.68";"26m 0s";""
"400";"XAUUSD_DukasM1_Infinox";"Buy";"2012.10.01 16:00:00";"1787.36";"0.11";"2012.10.01 17:00:00";"1787.32";"-0.75";"13424.81";"OOS1";"Exit Signal";"-73.17";"46.69";"1h 0m";""
"401";"XAUUSD_DukasM1_Infinox";"Buy";"2012.10.04 15:25:00";"1791.61";"0.15";"2012.10.04 15:46:00";"1785.02";"-99.28";"13325.53";"OOS1";"SL";"-98.85";"46.23";"21m 0s";""
"402";"XAUUSD_DukasM1_Infinox";"Buy";"2012.10.31 17:16:00";"1724.55";"0.2";"2012.10.31 18:00:00";"1722.53";"-40.95";"13284.58";"OOS1";"Exit Signal";"-44.78";"27.26";"44m 0s";""
"403";"XAUUSD_DukasM1_Infinox";"Buy";"2012.11.07 08:40:00";"1726.92";"0.15";"2012.11.07 09:00:00";"1726.69";"-3.87";"13280.71";"OOS1";"Exit Signal";"-15.30";"22.98";"20m 0s";""
"404";"XAUUSD_DukasM1_Infinox";"Buy";"2012.11.08 21:40:00";"1731.87";"0.09";"2012.11.08 22:00:00";"1733.75";"16.67";"13297.38";"OOS1";"Exit Signal";"-3.09";"28.26";"20m 0s";""
"405";"XAUUSD_DukasM1_Infinox";"Buy";"2012.11.23 17:12:00";"1735.55";"0.29";"2012.11.23 17:17:00";"1743.40";"226.84";"13524.23";"OOS1";"PT";"-16.18";"227.65";"5m 0s";""
"406";"XAUUSD_DukasM1_Infinox";"Buy";"2012.12.12 15:30:00";"1717.28";"0.18";"2012.12.12 16:00:00";"1715.82";"-26.78";"13497.45";"OOS1";"Exit Signal";"-29.56";"7.31";"30m 0s";""
"407";"XAUUSD_DukasM1_Infinox";"Buy";"2012.12.31 10:41:00";"1667.99";"0.18";"2012.12.31 11:00:00";"1667.55";"-8.40";"13489.05";"OOS1";"Exit Signal";"-7.92";"13.72";"19m 0s";""
"408";"XAUUSD_DukasM1_Infinox";"Buy";"2013.01.15 10:09:00";"1678.77";"0.11";"2013.01.15 11:00:00";"1681.33";"27.86";"13516.92";"OOS1";"Exit Signal";"0.00";"55.90";"51m 0s";""
"409";"XAUUSD_DukasM1_Infinox";"Buy";"2013.01.17 17:10:00";"1685.17";"0.14";"2013.01.17 18:00:00";"1686.25";"14.74";"13531.66";"OOS1";"Exit Signal";"-10.40";"65.56";"50m 0s";""
"410";"XAUUSD_DukasM1_Infinox";"Buy";"2013.02.05 15:47:00";"1683.85";"0.15";"2013.02.05 16:00:00";"1682.85";"-15.40";"13516.26";"OOS1";"Exit Signal";"-27.61";"22.41";"13m 0s";""
"411";"XAUUSD_DukasM1_Infinox";"Buy";"2013.03.13 15:13:00";"1598.38";"0.23";"2013.03.13 15:25:00";"1593.94";"-102.71";"13413.55";"OOS1";"SL";"-102.12";"19.62";"12m 0s";""
"412";"XAUUSD_DukasM1_Infinox";"Buy";"2013.03.18 00:05:00";"1599.23";"0.18";"2013.03.18 01:00:00";"1603.72";"80.36";"13493.91";"OOS1";"Exit Signal";"0.00";"170.15";"55m 0s";""
"413";"XAUUSD_DukasM1_Infinox";"Buy";"2013.03.18 14:36:00";"1608.68";"0.13";"2013.03.18 15:00:00";"1606.56";"-27.89";"13466.01";"OOS1";"Exit Signal";"-27.56";"4.84";"24m 0s";""
"414";"XAUUSD_DukasM1_Infinox";"Buy";"2013.03.19 16:35:00";"1611.14";"0.17";"2013.03.19 17:00:00";"1609.75";"-24.07";"13441.94";"OOS1";"Exit Signal";"-33.80";"37.60";"25m 0s";""
"415";"XAUUSD_DukasM1_Infinox";"Buy";"2013.03.21 14:49:00";"1615.65";"0.17";"2013.03.21 15:00:00";"1615.04";"-10.81";"13431.13";"OOS1";"Exit Signal";"-30.02";"20.43";"11m 0s";""
"416";"XAUUSD_DukasM1_Infinox";"Buy";"2013.04.25 05:36:00";"1438.95";"0.07";"2013.04.25 06:00:00";"1443.24";"29.87";"13461.00";"OOS1";"Exit Signal";"-0.12";"32.21";"24m 0s";""
"417";"XAUUSD_DukasM1_Infinox";"Buy";"2013.05.03 13:22:00";"1485.28";"0.09";"2013.05.03 14:00:00";"1481.53";"-33.96";"13427.04";"OOS1";"Exit Signal";"-37.15";"22.71";"38m 0s";""
"418";"XAUUSD_DukasM1_Infinox";"Buy";"2013.05.30 16:23:00";"1414.23";"0.11";"2013.05.30 17:00:00";"1413.27";"-10.81";"13416.23";"OOS1";"Exit Signal";"-53.66";"20.10";"37m 0s";""
"419";"XAUUSD_DukasM1_Infinox";"Buy";"2013.06.06 19:26:00";"1421.87";"0.13";"2013.06.06 19:35:00";"1414.31";"-98.57";"13317.65";"OOS1";"SL";"-98.28";"21.87";"9m 0s";""
"420";"XAUUSD_DukasM1_Infinox";"Buy";"2013.07.11 01:00:00";"1267.37";"0.11";"2013.07.11 01:59:00";"1288.22";"229.13";"13546.78";"OOS1";"PT";"-38.53";"229.35";"59m 0s";""
"421";"XAUUSD_DukasM1_Infinox";"Buy";"2013.07.17 15:35:00";"1298.66";"0.15";"2013.07.17 15:48:00";"1292.04";"-99.61";"13447.17";"OOS1";"SL";"-99.30";"9.36";"13m 0s";""
"422";"XAUUSD_DukasM1_Infinox";"Buy";"2013.07.22 01:12:00";"1300.34";"0.11";"2013.07.22 02:00:00";"1312.82";"137.05";"13584.22";"OOS1";"Exit Signal";"0.00";"193.35";"48m 0s";""
"423";"XAUUSD_DukasM1_Infinox";"Buy";"2013.08.15 02:37:00";"1343.87";"0.1";"2013.08.15 03:00:00";"1342.44";"-14.52";"13569.71";"OOS1";"Exit Signal";"-28.37";"24.83";"23m 0s";""
"424";"XAUUSD_DukasM1_Infinox";"Buy";"2013.08.15 19:50:00";"1346.35";"0.1";"2013.08.15 20:00:00";"1358.15";"117.78";"13687.49";"OOS1";"Exit Signal";"0.00";"165.58";"10m 0s";""
"425";"XAUUSD_DukasM1_Infinox";"Buy";"2013.08.23 17:04:00";"1384.37";"0.09";"2013.08.23 18:00:00";"1395.14";"96.73";"13784.22";"OOS1";"Exit Signal";"0.00";"121.84";"56m 0s";""
"426";"XAUUSD_DukasM1_Infinox";"Buy";"2013.10.17 20:15:00";"1324.15";"0.09";"2013.10.17 21:00:00";"1319.98";"-37.72";"13746.50";"OOS1";"Exit Signal";"-42.28";"1.73";"45m 0s";""
"427";"XAUUSD_DukasM1_Infinox";"Buy";"2013.10.22 15:30:00";"1326.91";"0.18";"2013.10.22 16:00:00";"1327.94";"18.16";"13764.66";"OOS1";"Exit Signal";"-5.00";"138.40";"30m 0s";""
"428";"XAUUSD_DukasM1_Infinox";"Buy";"2013.10.24 14:41:00";"1344.66";"0.14";"2013.10.24 15:00:00";"1342.44";"-31.38";"13733.27";"OOS1";"Exit Signal";"-50.37";"23.48";"19m 0s";""
"429";"XAUUSD_DukasM1_Infinox";"Buy";"2013.10.25 20:03:00";"1351.94";"0.14";"2013.10.25 21:00:00";"1352.44";"6.70";"13739.97";"OOS1";"Exit Signal";"0.00";"53.30";"57m 0s";""
"430";"XAUUSD_DukasM1_Infinox";"Buy";"2013.10.28 16:02:00";"1355.75";"0.15";"2013.10.28 17:00:00";"1358.81";"45.58";"13785.55";"OOS1";"Exit Signal";"-31.62";"55.31";"58m 0s";""
"431";"XAUUSD_DukasM1_Infinox";"Buy";"2014.01.02 04:53:00";"1218.97";"0.19";"2014.01.02 05:00:00";"1222.95";"75.25";"13860.80";"OOS1";"Exit Signal";"0.00";"193.48";"7m 0s";""
"432";"XAUUSD_DukasM1_Infinox";"Buy";"2014.01.14 17:29:00";"1255.04";"0.19";"2014.01.14 18:00:00";"1252.92";"-40.66";"13820.13";"OOS1";"Exit Signal";"-46.26";"4.43";"31m 0s";""
"433";"XAUUSD_DukasM1_Infinox";"Buy";"2014.01.23 17:00:00";"1261.20";"0.21";"2014.01.23 18:00:00";"1259.19";"-42.63";"13777.50";"OOS1";"Exit Signal";"-44.06";"88.89";"1h 0m";""
"434";"XAUUSD_DukasM1_Infinox";"Buy";"2014.02.05 15:20:00";"1270.14";"0.15";"2014.02.05 16:00:00";"1265.31";"-72.75";"13704.75";"OOS1";"Exit Signal";"-75.26";"61.94";"40m 0s";""
"435";"XAUUSD_DukasM1_Infinox";"Buy";"2014.02.10 08:10:00";"1274.27";"0.16";"2014.02.10 09:00:00";"1272.67";"-25.93";"13678.82";"OOS1";"Exit Signal";"-50.83";"5.81";"50m 0s";""
"436";"XAUUSD_DukasM1_Infinox";"Buy";"2014.02.12 17:11:00";"1293.84";"0.16";"2014.02.12 18:00:00";"1293.49";"-5.93";"13672.89";"OOS1";"Exit Signal";"-14.67";"24.03";"49m 0s";""
"437";"XAUUSD_DukasM1_Infinox";"Buy";"2014.02.13 16:39:00";"1296.24";"0.2";"2014.02.13 17:00:00";"1295.49";"-15.41";"13657.47";"OOS1";"Exit Signal";"-26.34";"22.04";"21m 0s";""
"438";"XAUUSD_DukasM1_Infinox";"Buy";"2014.02.24 09:51:00";"1331.97";"0.17";"2014.02.24 10:00:00";"1329.07";"-49.66";"13607.81";"OOS1";"Exit Signal";"-51.63";"0.00";"9m 0s";""
"439";"XAUUSD_DukasM1_Infinox";"Buy";"2014.03.03 09:07:00";"1345.39";"0.14";"2014.03.03 10:00:00";"1349.36";"55.28";"13663.09";"OOS1";"Exit Signal";"-7.84";"66.92";"53m 0s";""
"440";"XAUUSD_DukasM1_Infinox";"Buy";"2014.03.14 14:32:00";"1376.51";"0.16";"2014.03.14 15:00:00";"1381.71";"82.85";"13745.94";"OOS1";"Exit Signal";"-12.82";"115.68";"28m 0s";""
"441";"XAUUSD_DukasM1_Infinox";"Buy";"2014.04.04 18:11:00";"1306.80";"0.19";"2014.04.04 19:00:00";"1304.94";"-35.74";"13710.20";"OOS1";"Exit Signal";"-61.94";"0.00";"49m 0s";""
"442";"XAUUSD_DukasM1_Infinox";"Buy";"2014.04.08 08:45:00";"1306.69";"0.19";"2014.04.08 09:00:00";"1305.39";"-25.10";"13685.10";"OOS1";"Exit Signal";"-73.06";"0.00";"15m 0s";""
"443";"XAUUSD_DukasM1_Infinox";"Buy";"2014.04.09 21:28:00";"1314.33";"0.18";"2014.04.09 22:00:00";"1309.49";"-87.50";"13597.60";"OOS1";"Exit Signal";"-92.29";"13.01";"32m 0s";""
"444";"XAUUSD_DukasM1_Infinox";"Buy";"2014.04.14 02:00:00";"1327.74";"0.17";"2014.04.14 03:00:00";"1326.37";"-23.68";"13573.92";"OOS1";"Exit Signal";"-29.44";"14.23";"1h 0m";""
"445";"XAUUSD_DukasM1_Infinox";"Buy";"2014.05.05 04:00:00";"1306.45";"0.16";"2014.05.05 05:00:00";"1305.58";"-14.25";"13559.67";"OOS1";"Exit Signal";"-21.81";"43.89";"1h 0m";""
"446";"XAUUSD_DukasM1_Infinox";"Buy";"2014.06.10 15:23:00";"1257.79";"0.31";"2014.06.10 16:00:00";"1261.11";"102.29";"13661.96";"OOS1";"Exit Signal";"0.00";"177.72";"37m 0s";""
"447";"XAUUSD_DukasM1_Infinox";"Buy";"2014.06.12 13:42:00";"1265.20";"0.36";"2014.06.12 14:00:00";"1265.05";"-6.13";"13655.83";"OOS1";"Exit Signal";"-5.40";"55.15";"18m 0s";""
"448";"XAUUSD_DukasM1_Infinox";"Buy";"2014.06.19 15:15:00";"1284.86";"0.24";"2014.06.19 16:00:00";"1288.83";"94.79";"13750.62";"OOS1";"Exit Signal";"0.00";"98.88";"45m 0s";""
"449";"XAUUSD_DukasM1_Infinox";"Buy";"2014.06.24 11:44:00";"1321.99";"0.16";"2014.06.24 12:00:00";"1323.00";"15.82";"13766.44";"OOS1";"Exit Signal";"0.00";"53.33";"16m 0s";""
"450";"XAUUSD_DukasM1_Infinox";"Buy";"2014.06.30 20:55:00";"1325.96";"0.2";"2014.06.30 21:00:00";"1327.06";"21.58";"13788.02";"OOS1";"Exit Signal";"-10.60";"33.22";"5m 0s";""
"451";"XAUUSD_DukasM1_Infinox";"Buy";"2014.07.09 21:34:00";"1331.96";"0.26";"2014.07.09 21:38:00";"1328.02";"-102.99";"13685.03";"OOS1";"SL";"-102.44";"8.48";"4m 0s";""
"452";"XAUUSD_DukasM1_Infinox";"Buy";"2014.10.08 22:45:00";"1222.31";"0.16";"2014.10.08 23:00:00";"1221.53";"-12.79";"13672.24";"OOS1";"Exit Signal";"-14.86";"27.52";"15m 0s";""
"453";"XAUUSD_DukasM1_Infinox";"Buy";"2014.10.13 04:20:00";"1233.31";"0.17";"2014.10.13 05:00:00";"1233.07";"-4.42";"13667.82";"OOS1";"Exit Signal";"-11.59";"26.55";"40m 0s";""
"454";"XAUUSD_DukasM1_Infinox";"Buy";"2014.10.15 15:52:00";"1238.17";"0.2";"2014.10.15 16:00:00";"1236.02";"-43.40";"13624.42";"OOS1";"Exit Signal";"-51.48";"17.22";"8m 0s";""
"455";"XAUUSD_DukasM1_Infinox";"Buy";"2014.10.21 07:46:00";"1249.68";"0.19";"2014.10.21 08:00:00";"1249.26";"-8.36";"13616.06";"OOS1";"Exit Signal";"-13.41";"11.44";"14m 0s";""
"1";"XAUUSD_DukasM1_Infinox";"Buy";"2014.11.14 17:45:00";"1178.64";"0.19";"2014.11.14 17:53:00";"1173.37";"-100.49";"13515.57";"OOS1";"SL";"-100.13";"26.01";"8m 0s";""
"2";"XAUUSD_DukasM1_Infinox";"Buy";"2014.11.18 09:51:00";"1194.13";"0.18";"2014.11.18 10:00:00";"1192.79";"-24.46";"13491.11";"OOS1";"Exit Signal";"-31.01";"32.04";"9m 0s";""
"3";"XAUUSD_DukasM1_Infinox";"Buy";"2014.11.21 15:09:00";"1204.60";"0.12";"2014.11.21 16:00:00";"1202.84";"-21.35";"13469.76";"OOS1";"Exit Signal";"-36.68";"37.92";"51m 0s";""
"4";"XAUUSD_DukasM1_Infinox";"Buy";"2014.12.01 19:37:00";"1207.76";"0.21";"2014.12.01 20:00:00";"1215.24";"156.67";"13626.43";"OOS1";"Exit Signal";"-8.44";"241.48";"23m 0s";""
"5";"XAUUSD_DukasM1_Infinox";"Buy";"2014.12.09 15:29:00";"1221.01";"0.18";"2014.12.09 15:35:00";"1215.61";"-97.55";"13528.88";"OOS1";"SL";"-97.20";"0.00";"6m 0s";""
"6";"XAUUSD_DukasM1_Infinox";"Buy";"2015.01.09 23:14:00";"1223.02";"0.2";"2015.01.12 01:00:00";"1222.93";"-2.19";"13526.69";"OOS1";"Exit Signal";"-28.58";"19.16";"2d 1h 46m";""
"7";"XAUUSD_DukasM1_Infinox";"Buy";"2015.01.14 16:07:00";"1244.09";"0.15";"2015.01.14 16:50:00";"1237.72";"-95.85";"13430.84";"OOS1";"SL";"-95.55";"3.27";"43m 0s";""
"8";"XAUUSD_DukasM1_Infinox";"Buy";"2015.01.15 12:45:00";"1244.31";"0.17";"2015.01.15 13:00:00";"1249.66";"90.61";"13521.45";"OOS1";"Exit Signal";"-8.13";"103.56";"15m 0s";""
"9";"XAUUSD_DukasM1_Infinox";"Buy";"2015.01.22 18:25:00";"1305.24";"0.15";"2015.01.22 19:00:00";"1302.38";"-43.21";"13478.24";"OOS1";"Exit Signal";"-61.64";"33.51";"35m 0s";""
"10";"XAUUSD_DukasM1_Infinox";"Buy";"2015.03.02 04:42:00";"1222.91";"0.25";"2015.03.02 05:00:00";"1221.85";"-26.99";"13451.25";"OOS1";"Exit Signal";"-27.55";"6.13";"18m 0s";""
"11";"XAUUSD_DukasM1_Infinox";"Buy";"2015.03.18 20:21:00";"1172.78";"0.24";"2015.03.18 20:27:00";"1168.61";"-100.53";"13350.72";"OOS1";"SL";"-100.08";"12.00";"6m 0s";""
"12";"XAUUSD_DukasM1_Infinox";"Buy";"2015.03.20 15:46:00";"1177.74";"0.15";"2015.03.20 16:00:00";"1177.92";"2.42";"13353.14";"OOS1";"Exit Signal";"-4.83";"25.37";"14m 0s";""
"13";"XAUUSD_DukasM1_Infinox";"Buy";"2015.03.24 10:36:00";"1191.58";"0.24";"2015.03.24 11:00:00";"1190.85";"-17.98";"13335.16";"OOS1";"Exit Signal";"-39.43";"25.66";"24m 0s";""
"14";"XAUUSD_DukasM1_Infinox";"Buy";"2015.03.25 13:13:00";"1194.99";"0.24";"2015.03.25 14:00:00";"1194.67";"-8.14";"13327.02";"OOS1";"Exit Signal";"-26.90";"28.54";"47m 0s";""
"15";"XAUUSD_DukasM1_Infinox";"Buy";"2015.04.06 10:44:00";"1219.68";"0.2";"2015.04.06 11:00:00";"1222.09";"47.81";"13374.83";"OOS1";"Exit Signal";"0.00";"74.56";"16m 0s";""
"16";"XAUUSD_DukasM1_Infinox";"Buy";"2015.04.28 17:00:00";"1209.17";"0.22";"2015.04.28 18:00:00";"1213.00";"83.83";"13458.67";"OOS1";"Exit Signal";"-2.00";"109.52";"1h 0m";""
"17";"XAUUSD_DukasM1_Infinox";"Buy";"2015.05.13 15:30:00";"1199.81";"0.3";"2015.05.13 16:00:00";"1204.16";"129.92";"13588.59";"OOS1";"Exit Signal";"0.00";"183.57";"30m 0s";""
"18";"XAUUSD_DukasM1_Infinox";"Buy";"2015.05.18 08:46:00";"1227.27";"0.23";"2015.05.18 09:00:00";"1229.17";"43.25";"13631.84";"OOS1";"Exit Signal";"0.00";"69.64";"14m 0s";""
"19";"XAUUSD_DukasM1_Infinox";"Buy";"2015.06.18 10:55:00";"1192.26";"0.25";"2015.06.18 11:00:00";"1190.92";"-33.98";"13597.86";"OOS1";"Exit Signal";"-34.55";"0.00";"5m 0s";""
"20";"XAUUSD_DukasM1_Infinox";"Buy";"2015.08.10 17:43:00";"1103.38";"0.24";"2015.08.10 18:00:00";"1103.02";"-9.06";"13588.80";"OOS1";"Exit Signal";"-16.54";"43.87";"17m 0s";""
"21";"XAUUSD_DukasM1_Infinox";"Buy";"2015.08.11 10:53:00";"1108.88";"0.17";"2015.08.11 11:00:00";"1115.37";"110.03";"13698.83";"OOS1";"Exit Signal";"0.00";"177.96";"7m 0s";""
"22";"XAUUSD_DukasM1_Infinox";"Buy";"2015.08.19 16:44:00";"1126.81";"0.27";"2015.08.19 17:00:00";"1126.99";"4.37";"13703.20";"OOS1";"Exit Signal";"0.00";"66.66";"16m 0s";""
"23";"XAUUSD_DukasM1_Infinox";"Buy";"2015.08.24 16:31:00";"1168.22";"0.14";"2015.08.24 16:41:00";"1161.45";"-95.04";"13608.15";"OOS1";"SL";"-94.78";"25.33";"10m 0s";""
"24";"XAUUSD_DukasM1_Infinox";"Buy";"2015.09.17 21:12:00";"1126.68";"0.3";"2015.09.17 22:00:00";"1132.09";"161.76";"13769.91";"OOS1";"Exit Signal";"-23.46";"204.27";"48m 0s";""
"25";"XAUUSD_DukasM1_Infinox";"Buy";"2015.10.09 10:55:00";"1153.63";"0.22";"2015.10.09 11:00:00";"1152.44";"-26.59";"13743.32";"OOS1";"Exit Signal";"-26.18";"23.30";"5m 0s";""
"26";"XAUUSD_DukasM1_Infinox";"Buy";"2015.10.14 01:38:00";"1169.00";"0.21";"2015.10.14 02:00:00";"1168.54";"-10.05";"13733.27";"OOS1";"Exit Signal";"-11.36";"0.00";"22m 0s";""
"27";"XAUUSD_DukasM1_Infinox";"Buy";"2015.12.04 16:41:00";"1081.10";"0.25";"2015.12.04 16:44:00";"1077.06";"-101.43";"13631.84";"OOS1";"SL";"-101.00";"12.50";"3m 0s";""
"28";"XAUUSD_DukasM1_Infinox";"Buy";"2016.01.04 16:51:00";"1081.64";"0.29";"2016.01.04 17:00:00";"1080.30";"-39.36";"13592.48";"OOS1";"Exit Signal";"-50.78";"0.00";"9m 0s";""
"29";"XAUUSD_DukasM1_Infinox";"Buy";"2016.01.06 09:56:00";"1083.49";"0.26";"2016.01.06 10:00:00";"1081.79";"-44.65";"13547.83";"OOS1";"Exit Signal";"-44.20";"0.00";"4m 0s";""
"30";"XAUUSD_DukasM1_Infinox";"Buy";"2016.01.20 19:36:00";"1108.40";"0.22";"2016.01.20 20:00:00";"1105.71";"-59.57";"13488.25";"OOS1";"Exit Signal";"-67.80";"26.82";"24m 0s";""
"31";"XAUUSD_DukasM1_Infinox";"Buy";"2016.01.26 03:16:00";"1109.62";"0.24";"2016.01.26 04:00:00";"1109.66";"0.53";"13488.79";"OOS1";"Exit Signal";"-9.89";"31.73";"44m 0s";""
"32";"XAUUSD_DukasM1_Infinox";"Buy";"2016.01.27 21:06:00";"1122.91";"0.25";"2016.01.27 22:00:00";"1127.47";"113.55";"13602.34";"OOS1";"Exit Signal";"-83.75";"117.00";"54m 0s";""
"33";"XAUUSD_DukasM1_Infinox";"Buy";"2016.02.01 17:05:00";"1127.99";"0.21";"2016.02.01 18:00:00";"1125.80";"-46.37";"13555.97";"OOS1";"Exit Signal";"-54.39";"15.33";"55m 0s";""
"34";"XAUUSD_DukasM1_Infinox";"Buy";"2016.02.02 16:37:00";"1130.39";"0.3";"2016.02.02 17:00:00";"1128.28";"-63.84";"13492.13";"OOS1";"Exit Signal";"-70.74";"16.83";"23m 0s";""
"35";"XAUUSD_DukasM1_Infinox";"Buy";"2016.02.03 15:20:00";"1130.95";"0.29";"2016.02.03 15:41:00";"1127.45";"-102.02";"13390.10";"OOS1";"SL";"-101.50";"60.58";"21m 0s";""
"36";"XAUUSD_DukasM1_Infinox";"Buy";"2016.02.05 22:02:00";"1163.12";"0.19";"2016.02.05 23:00:00";"1173.78";"202.19";"13592.29";"OOS1";"Exit Signal";"0.00";"216.03";"58m 0s";""
"37";"XAUUSD_DukasM1_Infinox";"Buy";"2016.02.11 02:14:00";"1200.80";"0.16";"2016.02.11 03:00:00";"1208.23";"118.57";"13710.86";"OOS1";"Exit Signal";"0.00";"214.72";"46m 0s";""
"38";"XAUUSD_DukasM1_Infinox";"Buy";"2016.03.03 17:17:00";"1253.25";"0.14";"2016.03.03 18:00:00";"1253.77";"7.00";"13717.86";"OOS1";"Exit Signal";"-24.25";"53.61";"43m 0s";""
"39";"XAUUSD_DukasM1_Infinox";"Buy";"2016.03.11 03:17:00";"1279.73";"0.15";"2016.03.11 04:00:00";"1276.89";"-42.91";"13674.95";"OOS1";"Exit Signal";"-71.86";"66.89";"43m 0s";""
"40";"XAUUSD_DukasM1_Infinox";"Buy";"2016.04.11 01:03:00";"1243.20";"0.17";"2016.04.11 02:00:00";"1244.88";"28.22";"13703.17";"OOS1";"Exit Signal";"0.00";"79.56";"57m 0s";""
"41";"XAUUSD_DukasM1_Infinox";"Buy";"2016.04.21 15:03:00";"1262.59";"0.18";"2016.04.21 16:00:00";"1268.75";"110.52";"13813.69";"OOS1";"Exit Signal";"-14.08";"134.75";"57m 0s";""
"42";"XAUUSD_DukasM1_Infinox";"Buy";"2016.04.29 04:27:00";"1270.22";"0.19";"2016.04.29 05:00:00";"1273.82";"68.01";"13881.71";"OOS1";"Exit Signal";"0.00";"124.28";"33m 0s";""
"43";"XAUUSD_DukasM1_Infinox";"Buy";"2016.06.03 15:35:00";"1234.14";"0.25";"2016.06.03 16:00:00";"1236.86";"67.51";"13949.21";"OOS1";"Exit Signal";"-86.53";"86.80";"25m 0s";""
"44";"XAUUSD_DukasM1_Infinox";"Buy";"2016.06.08 06:42:00";"1248.63";"0.25";"2016.06.08 07:00:00";"1248.13";"-13.00";"13936.21";"OOS1";"Exit Signal";"-23.80";"12.95";"18m 0s";""
"45";"XAUUSD_DukasM1_Infinox";"Buy";"2016.06.10 16:03:00";"1271.63";"0.24";"2016.06.10 17:00:00";"1275.23";"85.91";"14022.12";"OOS1";"Exit Signal";"-6.24";"95.98";"57m 0s";""
"46";"XAUUSD_DukasM1_Infinox";"Buy";"2016.06.14 16:04:00";"1287.14";"0.21";"2016.06.14 17:00:00";"1286.18";"-20.59";"14001.53";"OOS1";"Exit Signal";"-64.70";"55.27";"56m 0s";""
"47";"XAUUSD_DukasM1_Infinox";"Buy";"2016.06.15 21:00:00";"1289.77";"0.21";"2016.06.15 22:00:00";"1291.21";"29.80";"14031.34";"OOS1";"Exit Signal";"-67.85";"146.56";"1h 0m";""
"48";"XAUUSD_DukasM1_Infinox";"Buy";"2016.06.24 06:32:00";"1315.53";"0.14";"2016.06.24 06:47:00";"1342.73";"380.51";"14411.84";"OOS1";"PT";"-34.17";"380.80";"15m 0s";""
"49";"XAUUSD_DukasM1_Infinox";"Buy";"2016.07.06 01:30:00";"1358.23";"0.16";"2016.07.06 02:00:00";"1359.35";"17.57";"14429.41";"OOS1";"Exit Signal";"-22.42";"30.38";"30m 0s";""
"50";"XAUUSD_DukasM1_Infinox";"Buy";"2016.07.11 01:55:00";"1375.08";"0.15";"2016.07.11 02:00:00";"1372.46";"-39.63";"14389.78";"OOS1";"Exit Signal";"-54.74";"0.00";"5m 0s";""
"51";"XAUUSD_DukasM1_Infinox";"Buy";"2016.07.27 22:10:00";"1338.35";"0.23";"2016.07.27 23:00:00";"1340.93";"58.85";"14448.63";"OOS1";"Exit Signal";"-51.47";"80.68";"50m 0s";""
"52";"XAUUSD_DukasM1_Infinox";"Buy";"2016.07.29 15:55:00";"1345.53";"0.18";"2016.07.29 16:00:00";"1345.42";"-2.37";"14446.27";"OOS1";"Exit Signal";"-11.54";"40.18";"5m 0s";""
"53";"XAUUSD_DukasM1_Infinox";"Buy";"2016.08.02 10:10:00";"1355.00";"0.23";"2016.08.02 11:00:00";"1358.42";"78.16";"14524.43";"OOS1";"Exit Signal";"0.00";"100.03";"50m 0s";""
"54";"XAUUSD_DukasM1_Infinox";"Buy";"2016.09.21 21:07:00";"1331.97";"0.27";"2016.09.21 21:30:00";"1328.23";"-101.56";"14422.87";"OOS1";"SL";"-100.98";"85.83";"23m 0s";""
"55";"XAUUSD_DukasM1_Infinox";"Buy";"2016.10.25 21:05:00";"1274.37";"0.29";"2016.10.25 22:00:00";"1274.96";"16.52";"14439.39";"OOS1";"Exit Signal";"0.00";"64.99";"55m 0s";""
"56";"XAUUSD_DukasM1_Infinox";"Buy";"2016.10.28 20:30:00";"1276.61";"0.28";"2016.10.28 21:00:00";"1282.48";"163.79";"14603.18";"OOS1";"Exit Signal";"-12.01";"169.93";"30m 0s";""
"57";"XAUUSD_DukasM1_Infinox";"Buy";"2016.11.01 12:27:00";"1284.16";"0.24";"2016.11.01 13:00:00";"1284.34";"3.82";"14607.00";"OOS1";"Exit Signal";"-21.41";"18.19";"33m 0s";""
"58";"XAUUSD_DukasM1_Infinox";"Buy";"2016.11.09 04:23:00";"1307.96";"0.15";"2016.11.09 04:28:00";"1301.50";"-97.21";"14509.79";"OOS1";"SL";"-96.90";"45.90";"5m 0s";""
"59";"XAUUSD_DukasM1_Infinox";"Buy";"2016.12.27 09:48:00";"1144.38";"0.33";"2016.12.27 10:00:00";"1143.53";"-28.65";"14481.13";"OOS1";"Exit Signal";"-28.05";"211.83";"12m 0s";""
"60";"XAUUSD_DukasM1_Infinox";"Buy";"2016.12.29 17:57:00";"1150.80";"0.31";"2016.12.29 18:00:00";"1149.36";"-45.21";"14435.92";"OOS1";"Exit Signal";"-45.85";"1.21";"3m 0s";""
"61";"XAUUSD_DukasM1_Infinox";"Buy";"2017.01.03 18:41:00";"1163.20";"0.22";"2017.01.03 19:00:00";"1160.24";"-65.53";"14370.39";"OOS1";"Exit Signal";"-68.44";"26.58";"19m 0s";""
"62";"XAUUSD_DukasM1_Infinox";"Buy";"2017.01.09 20:31:00";"1185.04";"0.19";"2017.01.09 21:00:00";"1183.21";"-35.13";"14335.26";"OOS1";"Exit Signal";"-34.77";"19.72";"29m 0s";""
"63";"XAUUSD_DukasM1_Infinox";"Buy";"2017.01.11 20:03:00";"1191.32";"0.19";"2017.01.11 21:00:00";"1194.80";"65.76";"14401.02";"OOS1";"Exit Signal";"0.00";"130.32";"57m 0s";""
"64";"XAUUSD_DukasM1_Infinox";"Buy";"2017.01.16 08:39:00";"1206.93";"0.19";"2017.01.16 09:00:00";"1205.97";"-18.61";"14382.41";"OOS1";"Exit Signal";"-18.24";"31.37";"21m 0s";""
"65";"XAUUSD_DukasM1_Infinox";"Buy";"2017.01.23 04:14:00";"1218.80";"0.21";"2017.01.23 05:00:00";"1218.06";"-15.95";"14366.46";"OOS1";"Exit Signal";"-30.91";"13.63";"46m 0s";""
"1";"XAUUSD_DukasM1_Infinox";"Buy";"2017.02.02 12:06:00";"1219.93";"0.09";"2017.02.02 13:00:00";"1222.16";"19.89";"14386.36";"OOS1";"Exit Signal";"0.00";"35.17";"54m 0s";""
"2";"XAUUSD_DukasM1_Infinox";"Buy";"2017.02.06 13:21:00";"1225.29";"0.1";"2017.02.06 14:00:00";"1225.85";"5.40";"14391.76";"OOS1";"Exit Signal";"-4.52";"14.49";"39m 0s";""
"3";"XAUUSD_DukasM1_Infinox";"Buy";"2017.02.07 19:31:00";"1235.60";"0.11";"2017.02.07 20:00:00";"1234.58";"-11.44";"14380.32";"OOS1";"Exit Signal";"-13.33";"1.20";"29m 0s";""
"4";"XAUUSD_DukasM1_Infinox";"Buy";"2017.02.08 10:49:00";"1235.71";"0.11";"2017.02.08 11:00:00";"1236.87";"12.54";"14392.86";"OOS1";"Exit Signal";"0.00";"29.02";"11m 0s";""
"5";"XAUUSD_DukasM1_Infinox";"Buy";"2017.02.23 14:55:00";"1243.75";"0.11";"2017.02.23 15:00:00";"1243.04";"-8.03";"14384.83";"OOS1";"Exit Signal";"-12.78";"0.00";"5m 0s";""
"6";"XAUUSD_DukasM1_Infinox";"Buy";"2017.03.20 03:54:00";"1233.70";"0.11";"2017.03.20 04:00:00";"1233.24";"-5.28";"14379.56";"OOS1";"Exit Signal";"-6.07";"0.00";"6m 0s";""
"7";"XAUUSD_DukasM1_Infinox";"Buy";"2017.03.21 15:23:00";"1235.47";"0.14";"2017.03.21 16:00:00";"1239.08";"50.26";"14429.82";"OOS1";"Exit Signal";"0.00";"53.05";"37m 0s";""
"8";"XAUUSD_DukasM1_Infinox";"Buy";"2017.03.23 14:45:00";"1251.32";"0.13";"2017.03.23 15:00:00";"1251.95";"7.93";"14437.75";"OOS1";"Exit Signal";"-0.51";"15.70";"15m 0s";""
"9";"XAUUSD_DukasM1_Infinox";"Buy";"2017.03.27 01:55:00";"1253.27";"0.1";"2017.03.27 02:00:00";"1252.55";"-7.40";"14430.35";"OOS1";"Exit Signal";"-9.19";"9.61";"5m 0s";""
"10";"XAUUSD_DukasM1_Infinox";"Buy";"2017.04.04 15:05:00";"1261.01";"0.14";"2017.04.04 16:42:00";"1254.13";"-96.60";"14333.75";"OOS1";"SL";"-96.32";"3.35";"1h 37m";""
"11";"XAUUSD_DukasM1_Infinox";"Buy";"2017.04.07 04:26:00";"1261.25";"0.12";"2017.04.07 05:00:00";"1264.32";"36.60";"14370.34";"OOS1";"Exit Signal";"-20.63";"38.02";"34m 0s";""
"12";"XAUUSD_DukasM1_Infinox";"Buy";"2017.04.11 17:57:00";"1270.53";"0.1";"2017.04.11 18:00:00";"1272.67";"21.20";"14391.54";"OOS1";"Exit Signal";"0.00";"28.52";"3m 0s";""
"13";"XAUUSD_DukasM1_Infinox";"Buy";"2017.05.17 02:34:00";"1241.26";"0.13";"2017.05.17 03:00:00";"1243.30";"26.26";"14417.80";"OOS1";"Exit Signal";"0.00";"41.74";"26m 0s";""
"14";"XAUUSD_DukasM1_Infinox";"Buy";"2017.05.30 04:09:00";"1269.43";"0.17";"2017.05.30 05:00:00";"1269.58";"2.20";"14420.01";"OOS1";"Exit Signal";"-11.93";"15.16";"51m 0s";""
"15";"XAUUSD_DukasM1_Infinox";"Buy";"2017.05.31 20:04:00";"1270.44";"0.12";"2017.05.31 21:00:00";"1271.59";"13.56";"14433.56";"OOS1";"Exit Signal";"-5.74";"43.58";"56m 0s";""
"16";"XAUUSD_DukasM1_Infinox";"Buy";"2017.06.02 15:47:00";"1274.07";"0.12";"2017.06.02 16:00:00";"1273.58";"-6.12";"14427.44";"OOS1";"Exit Signal";"-7.18";"24.11";"13m 0s";""
"17";"XAUUSD_DukasM1_Infinox";"Buy";"2017.07.14 15:30:00";"1229.13";"0.15";"2017.07.14 16:00:00";"1231.60";"36.76";"14464.19";"OOS1";"Exit Signal";"-22.23";"52.17";"30m 0s";""
"18";"XAUUSD_DukasM1_Infinox";"Buy";"2017.07.20 17:37:00";"1244.52";"0.15";"2017.07.20 18:00:00";"1245.69";"17.25";"14481.44";"OOS1";"Exit Signal";"0.00";"42.72";"23m 0s";""
"19";"XAUUSD_DukasM1_Infinox";"Buy";"2017.07.26 22:01:00";"1258.79";"0.13";"2017.07.26 23:00:00";"1260.95";"27.82";"14509.26";"OOS1";"Exit Signal";"0.00";"61.33";"59m 0s";""
"20";"XAUUSD_DukasM1_Infinox";"Buy";"2017.07.28 15:32:00";"1265.23";"0.11";"2017.07.28 16:00:00";"1263.47";"-19.58";"14489.68";"OOS1";"Exit Signal";"-19.36";"21.25";"28m 0s";""
"21";"XAUUSD_DukasM1_Infinox";"Buy";"2017.08.01 16:58:00";"1271.13";"0.13";"2017.08.01 17:00:00";"1270.44";"-9.24";"14480.44";"OOS1";"Exit Signal";"-8.97";"12.51";"2m 0s";""
"22";"XAUUSD_DukasM1_Infinox";"Buy";"2017.08.09 15:21:00";"1274.06";"0.12";"2017.08.09 16:00:00";"1274.74";"7.91";"14488.35";"OOS1";"Exit Signal";"-10.45";"25.66";"39m 0s";""
"23";"XAUUSD_DukasM1_Infinox";"Buy";"2017.09.01 15:30:00";"1325.95";"0.09";"2017.09.01 16:00:00";"1321.47";"-40.51";"14447.84";"OOS1";"Exit Signal";"-69.58";"25.73";"30m 0s";""
"24";"XAUUSD_DukasM1_Infinox";"Buy";"2017.09.05 20:02:00";"1339.59";"0.09";"2017.09.05 21:00:00";"1338.09";"-13.69";"14434.15";"OOS1";"Exit Signal";"-26.11";"0.00";"58m 0s";""
"25";"XAUUSD_DukasM1_Infinox";"Buy";"2017.09.07 15:31:00";"1344.33";"0.09";"2017.09.07 16:00:00";"1343.77";"-5.23";"14428.92";"OOS1";"Exit Signal";"-33.32";"33.22";"29m 0s";""
"26";"XAUUSD_DukasM1_Infinox";"Buy";"2017.10.12 03:15:00";"1294.17";"0.13";"2017.10.12 04:00:00";"1293.32";"-11.32";"14417.60";"OOS1";"Exit Signal";"-17.80";"0.00";"45m 0s";""
"27";"XAUUSD_DukasM1_Infinox";"Buy";"2017.10.13 15:32:00";"1298.42";"0.14";"2017.10.13 16:00:00";"1300.32";"26.31";"14443.91";"OOS1";"Exit Signal";"0.00";"56.39";"28m 0s";""
"28";"XAUUSD_DukasM1_Infinox";"Buy";"2017.11.02 16:09:00";"1283.61";"0.11";"2017.11.02 17:00:00";"1279.41";"-46.43";"14397.48";"OOS1";"Exit Signal";"-57.65";"5.04";"51m 0s";""
"29";"XAUUSD_DukasM1_Infinox";"Buy";"2017.11.08 16:17:00";"1284.07";"0.12";"2017.11.08 17:00:00";"1284.88";"9.47";"14406.95";"OOS1";"Exit Signal";"-14.99";"20.42";"43m 0s";""
"30";"XAUUSD_DukasM1_Infinox";"Buy";"2017.11.09 13:30:00";"1287.14";"0.13";"2017.11.09 14:00:00";"1286.88";"-3.65";"14403.31";"OOS1";"Exit Signal";"-11.86";"13.42";"30m 0s";""
"31";"XAUUSD_DukasM1_Infinox";"Buy";"2017.11.15 15:33:00";"1288.70";"0.15";"2017.11.15 16:00:00";"1287.55";"-17.56";"14385.75";"OOS1";"Exit Signal";"-31.82";"11.27";"27m 0s";""
"32";"XAUUSD_DukasM1_Infinox";"Buy";"2017.11.17 18:41:00";"1289.45";"0.13";"2017.11.17 19:00:00";"1289.81";"4.41";"14390.16";"OOS1";"Exit Signal";"-14.42";"8.85";"19m 0s";""
"33";"XAUUSD_DukasM1_Infinox";"Buy";"2017.11.27 15:40:00";"1296.94";"0.13";"2017.11.27 16:00:00";"1298.22";"16.37";"14406.53";"OOS1";"Exit Signal";"-4.54";"21.48";"20m 0s";""
"34";"XAUUSD_DukasM1_Infinox";"Buy";"2017.12.21 22:22:00";"1268.24";"0.17";"2017.12.21 23:00:00";"1267.37";"-15.13";"14391.40";"OOS1";"Exit Signal";"-15.33";"12.22";"38m 0s";""
"35";"XAUUSD_DukasM1_Infinox";"Buy";"2018.01.04 21:33:00";"1321.40";"0.11";"2018.01.04 22:00:00";"1324.25";"31.12";"14422.51";"OOS1";"Exit Signal";"0.00";"35.96";"27m 0s";""
"36";"XAUUSD_DukasM1_Infinox";"Buy";"2018.01.10 13:03:00";"1325.97";"0.13";"2018.01.10 14:00:00";"1323.66";"-30.30";"14392.21";"OOS1";"Exit Signal";"-38.90";"22.37";"57m 0s";""
"37";"XAUUSD_DukasM1_Infinox";"Buy";"2018.01.12 06:00:00";"1327.69";"0.1";"2018.01.12 07:00:00";"1329.35";"16.39";"14408.60";"OOS1";"Exit Signal";"-5.82";"26.32";"1h 0m";""
"38";"XAUUSD_DukasM1_Infinox";"Buy";"2018.01.24 10:07:00";"1344.67";"0.11";"2018.01.24 11:00:00";"1346.92";"24.51";"14433.11";"OOS1";"Exit Signal";"-4.17";"38.52";"53m 0s";""
"39";"XAUUSD_DukasM1_Infinox";"Buy";"2018.02.16 04:46:00";"1357.08";"0.09";"2018.02.16 05:00:00";"1356.60";"-4.52";"14428.59";"OOS1";"Exit Signal";"-10.99";"2.91";"14m 0s";""
"40";"XAUUSD_DukasM1_Infinox";"Buy";"2018.03.21 20:51:00";"1329.99";"0.13";"2018.03.21 21:00:00";"1330.38";"4.79";"14433.39";"OOS1";"Exit Signal";"-26.25";"17.93";"9m 0s";""
"41";"XAUUSD_DukasM1_Infinox";"Buy";"2018.04.11 14:02:00";"1348.22";"0.11";"2018.04.11 15:00:00";"1348.57";"3.61";"14437.00";"OOS1";"Exit Signal";"-7.28";"35.21";"58m 0s";""
"42";"XAUUSD_DukasM1_Infinox";"Buy";"2018.05.11 13:29:00";"1325.35";"0.1";"2018.05.11 14:00:00";"1324.28";"-10.91";"14426.09";"OOS1";"Exit Signal";"-10.70";"2.18";"31m 0s";""
"43";"XAUUSD_DukasM1_Infinox";"Buy";"2018.06.14 10:00:00";"1303.10";"0.18";"2018.06.14 11:00:00";"1302.84";"-5.06";"14421.04";"OOS1";"Exit Signal";"-15.34";"7.58";"1h 0m";""
"44";"XAUUSD_DukasM1_Infinox";"Buy";"2018.07.09 13:12:00";"1263.91";"0.14";"2018.07.09 14:00:00";"1264.99";"14.84";"14435.87";"OOS1";"Exit Signal";"-9.55";"18.49";"48m 0s";""
"45";"XAUUSD_DukasM1_Infinox";"Buy";"2018.09.13 15:38:00";"1208.82";"0.12";"2018.09.13 16:00:00";"1209.59";"9.01";"14444.88";"OOS1";"Exit Signal";"-6.13";"15.46";"22m 0s";""
"46";"XAUUSD_DukasM1_Infinox";"Buy";"2018.10.11 15:40:00";"1208.28";"0.13";"2018.10.11 16:00:00";"1208.40";"1.31";"14446.19";"OOS1";"Exit Signal";"-15.07";"26.75";"20m 0s";""
"47";"XAUUSD_DukasM1_Infinox";"Buy";"2018.10.23 11:02:00";"1233.24";"0.13";"2018.10.23 12:00:00";"1235.53";"29.51";"14475.70";"OOS1";"Exit Signal";"-2.37";"37.73";"58m 0s";""
"48";"XAUUSD_DukasM1_Infinox";"Buy";"2018.10.26 17:54:00";"1239.71";"0.11";"2018.10.26 18:00:00";"1243.12";"37.29";"14512.99";"OOS1";"Exit Signal";"-2.11";"38.82";"6m 0s";""
"49";"XAUUSD_DukasM1_Infinox";"Buy";"2018.11.20 15:20:00";"1226.89";"0.15";"2018.11.20 16:00:00";"1226.62";"-4.34";"14508.65";"OOS1";"Exit Signal";"-10.43";"27.12";"40m 0s";""
"50";"XAUUSD_DukasM1_Infinox";"Buy";"2018.11.21 17:21:00";"1228.70";"0.15";"2018.11.21 18:00:00";"1226.81";"-28.64";"14480.01";"OOS1";"Exit Signal";"-28.83";"20.67";"39m 0s";""
"51";"XAUUSD_DukasM1_Infinox";"Buy";"2018.12.03 09:13:00";"1230.08";"0.13";"2018.12.03 10:00:00";"1231.46";"17.68";"14497.69";"OOS1";"Exit Signal";"-5.65";"28.18";"47m 0s";""
"52";"XAUUSD_DukasM1_Infinox";"Buy";"2018.12.06 16:17:00";"1241.88";"0.15";"2018.12.06 17:00:00";"1243.52";"24.30";"14521.99";"OOS1";"Exit Signal";"-20.33";"35.52";"43m 0s";""
"53";"XAUUSD_DukasM1_Infinox";"Buy";"2018.12.07 15:32:00";"1244.25";"0.12";"2018.12.07 16:00:00";"1243.82";"-5.40";"14516.59";"OOS1";"Exit Signal";"-44.30";"14.62";"28m 0s";""
"54";"XAUUSD_DukasM1_Infinox";"Buy";"2018.12.19 16:30:00";"1251.31";"0.17";"2018.12.19 16:51:00";"1256.42";"86.53";"14603.12";"OOS1";"PT";"-10.28";"86.87";"21m 0s";""
"55";"XAUUSD_DukasM1_Infinox";"Buy";"2018.12.20 16:07:00";"1257.95";"0.12";"2018.12.20 17:00:00";"1259.23";"15.12";"14618.24";"OOS1";"Exit Signal";"-2.78";"40.66";"53m 0s";""
"56";"XAUUSD_DukasM1_Infinox";"Buy";"2018.12.24 16:48:00";"1266.40";"0.11";"2018.12.24 17:00:00";"1266.18";"-2.64";"14615.60";"OOS1";"Exit Signal";"-5.19";"4.38";"12m 0s";""
"57";"XAUUSD_DukasM1_Infinox";"Buy";"2018.12.27 20:52:00";"1279.02";"0.11";"2018.12.27 21:00:00";"1278.15";"-9.80";"14605.80";"OOS1";"Exit Signal";"-10.39";"0.00";"8m 0s";""
"58";"XAUUSD_DukasM1_Infinox";"Buy";"2018.12.31 10:13:00";"1282.07";"0.13";"2018.12.31 11:00:00";"1280.43";"-21.59";"14584.22";"OOS1";"Exit Signal";"-21.32";"8.03";"47m 0s";""
"59";"XAUUSD_DukasM1_Infinox";"Buy";"2019.01.03 01:07:00";"1288.67";"0.1";"2019.01.03 02:00:00";"1285.70";"-29.91";"14554.31";"OOS1";"Exit Signal";"-32.75";"14.78";"53m 0s";""
"60";"XAUUSD_DukasM1_Infinox";"Buy";"2019.01.25 17:17:00";"1295.81";"0.17";"2019.01.25 18:00:00";"1297.34";"25.66";"14579.96";"OOS1";"Exit Signal";"-6.15";"57.94";"43m 0s";""
"61";"XAUUSD_DukasM1_Infinox";"Buy";"2019.02.15 13:07:00";"1318.08";"0.13";"2019.02.15 14:00:00";"1318.24";"1.81";"14581.77";"OOS1";"Exit Signal";"-3.02";"13.62";"53m 0s";""
"62";"XAUUSD_DukasM1_Infinox";"Buy";"2019.02.19 10:26:00";"1327.55";"0.18";"2019.02.19 11:00:00";"1328.49";"16.54";"14598.31";"OOS1";"Exit Signal";"-9.27";"21.56";"34m 0s";""
"63";"XAUUSD_DukasM1_Infinox";"Buy";"2019.03.20 20:04:00";"1311.17";"0.12";"2019.03.20 21:00:00";"1314.25";"36.71";"14635.02";"OOS1";"Exit Signal";"-12.02";"69.22";"56m 0s";""
"64";"XAUUSD_DukasM1_Infinox";"Buy";"2019.03.25 16:07:00";"1320.31";"0.1";"2019.03.25 17:00:00";"1319.65";"-6.81";"14628.20";"OOS1";"Exit Signal";"-12.95";"21.35";"53m 0s";""
"65";"XAUUSD_DukasM1_Infinox";"BuyStop";"2019.04.18 23:00:00";"1310.52";"0.14";"2019.04.18 23:58:00";"";"";"14628.20";"OOS1";"EndTest";"";"";"58m 0s";""
"1";"XAUUSD_DukasM1_Infinox";"Buy";"2019.05.08 12:50:00";"1288.61";"0.19";"2019.05.08 13:00:00";"1289.01";"7.21";"14635.41";"OOS1";"Exit Signal";"-7.45";"10.22";"10m 0s";""
"2";"XAUUSD_DukasM1_Infinox";"Buy";"2019.05.13 15:59:00";"1291.42";"0.19";"2019.05.13 16:00:00";"1291.32";"-2.29";"14633.12";"OOS1";"Exit Signal";"-1.90";"4.47";"1m 0s";""
"3";"XAUUSD_DukasM1_Infinox";"Buy";"2019.05.31 12:50:00";"1298.69";"0.18";"2019.05.31 13:00:00";"1298.76";"0.89";"14634.01";"OOS1";"Exit Signal";"-10.89";"4.59";"10m 0s";""
"4";"XAUUSD_DukasM1_Infinox";"Buy";"2019.06.07 15:31:00";"1344.05";"0.13";"2019.06.07 16:00:00";"1340.90";"-41.23";"14592.78";"OOS1";"Exit Signal";"-79.20";"12.32";"29m 0s";""
"5";"XAUUSD_DukasM1_Infinox";"Buy";"2019.06.19 23:10:00";"1358.09";"0.12";"2019.06.20 01:00:00";"1360.22";"25.30";"14618.08";"OOS1";"Exit Signal";"-15.86";"53.26";"1h 50m";""
"6";"XAUUSD_DukasM1_Infinox";"Buy";"2019.07.18 20:52:00";"1430.09";"0.09";"2019.07.18 21:00:00";"1429.65";"-4.17";"14613.91";"OOS1";"Exit Signal";"-10.10";"0.59";"8m 0s";""
"7";"XAUUSD_DukasM1_Infinox";"Buy";"2019.08.12 21:42:00";"1510.28";"0.07";"2019.08.12 22:00:00";"1511.73";"9.98";"14623.89";"OOS1";"Exit Signal";"-3.39";"68.10";"18m 0s";""
"8";"XAUUSD_DukasM1_Infinox";"Buy";"2019.08.26 01:00:00";"1535.53";"0.13";"2019.08.26 01:25:00";"1550.96";"200.30";"14824.19";"OOS1";"PT";"-3.25";"200.62";"25m 0s";""
"9";"XAUUSD_DukasM1_Infinox";"Buy";"2019.09.04 20:45:00";"1555.05";"0.08";"2019.09.04 21:00:00";"1555.42";"2.76";"14826.95";"OOS1";"Exit Signal";"-2.18";"15.26";"15m 0s";""
"10";"XAUUSD_DukasM1_Infinox";"Buy";"2019.09.24 18:32:00";"1526.75";"0.11";"2019.09.24 19:00:00";"1527.10";"3.58";"14830.53";"OOS1";"Exit Signal";"-11.02";"24.84";"28m 0s";""
"11";"XAUUSD_DukasM1_Infinox";"Buy";"2019.10.24 17:30:00";"1503.12";"0.16";"2019.10.24 18:00:00";"1502.41";"-11.74";"14818.79";"OOS1";"Exit Signal";"-49.15";"0.00";"30m 0s";""
"12";"XAUUSD_DukasM1_Infinox";"Buy";"2019.12.03 16:45:00";"1478.73";"0.16";"2019.12.03 17:00:00";"1478.06";"-11.10";"14807.69";"OOS1";"Exit Signal";"-15.87";"47.81";"15m 0s";""
"13";"XAUUSD_DukasM1_Infinox";"Buy";"2019.12.12 15:52:00";"1483.99";"0.2";"2019.12.12 16:00:00";"1482.65";"-27.27";"14780.41";"OOS1";"Exit Signal";"-30.84";"0.00";"8m 0s";""
"14";"XAUUSD_DukasM1_Infinox";"Buy";"2019.12.24 03:46:00";"1486.71";"0.21";"2019.12.24 04:00:00";"1487.43";"14.62";"14795.04";"OOS1";"Exit Signal";"-2.41";"17.18";"14m 0s";""
"15";"XAUUSD_DukasM1_Infinox";"Buy";"2019.12.30 16:44:00";"1515.74";"0.17";"2019.12.30 17:00:00";"1515.24";"-8.91";"14786.12";"OOS1";"Exit Signal";"-26.55";"0.00";"16m 0s";""
"16";"XAUUSD_DukasM1_Infinox";"Buy";"2020.01.02 15:21:00";"1525.24";"0.14";"2020.01.02 16:00:00";"1527.91";"37.04";"14823.16";"OOS1";"Exit Signal";"-31.39";"52.33";"39m 0s";""
"17";"XAUUSD_DukasM1_Infinox";"Buy";"2020.01.08 01:23:00";"1585.63";"0.07";"2020.01.08 02:00:00";"1594.84";"64.29";"14887.45";"OOS1";"Exit Signal";"-11.38";"89.03";"37m 0s";""
"18";"XAUUSD_DukasM1_Infinox";"Buy";"2020.01.24 17:11:00";"1568.51";"0.12";"2020.01.24 18:00:00";"1569.88";"16.14";"14903.59";"OOS1";"Exit Signal";"-17.06";"83.10";"49m 0s";""
"19";"XAUUSD_DukasM1_Infinox";"Buy";"2020.01.31 17:57:00";"1588.35";"0.1";"2020.01.31 18:00:00";"1588.07";"-3.05";"14900.54";"OOS1";"Exit Signal";"-13.45";"7.18";"3m 0s";""
"20";"XAUUSD_DukasM1_Infinox";"Buy";"2020.02.18 01:02:00";"1584.95";"0.17";"2020.02.18 02:00:00";"1584.07";"-15.39";"14885.15";"OOS1";"Exit Signal";"-28.93";"7.91";"58m 0s";""
"21";"XAUUSD_DukasM1_Infinox";"Buy";"2020.02.20 13:38:00";"1612.89";"0.11";"2020.02.20 14:00:00";"1617.39";"49.22";"14934.36";"OOS1";"Exit Signal";"-8.41";"53.40";"22m 0s";""
"22";"XAUUSD_DukasM1_Infinox";"Buy";"2020.03.06 12:16:00";"1689.26";"0.05";"2020.03.06 13:00:00";"1682.01";"-36.39";"14897.98";"OOS1";"Exit Signal";"-39.86";"3.09";"44m 0s";""
"23";"XAUUSD_DukasM1_Infinox";"Buy";"2020.04.06 16:50:00";"1645.05";"0.04";"2020.04.06 17:00:00";"1648.37";"13.17";"14911.15";"OOS1";"Exit Signal";"-5.53";"18.43";"10m 0s";""
"24";"XAUUSD_DukasM1_Infinox";"Buy";"2020.04.09 16:01:00";"1674.83";"0.04";"2020.04.09 17:00:00";"1682.35";"29.97";"14941.13";"OOS1";"Exit Signal";"-10.38";"40.59";"59m 0s";""
"25";"XAUUSD_DukasM1_Infinox";"Buy";"2020.05.14 16:35:00";"1723.15";"0.08";"2020.05.14 17:00:00";"1731.55";"66.98";"15008.11";"OOS1";"Exit Signal";"-14.10";"71.98";"25m 0s";""
"26";"XAUUSD_DukasM1_Infinox";"Buy";"2020.06.19 18:14:00";"1744.58";"0.07";"2020.06.19 19:00:00";"1741.97";"-18.47";"14989.64";"OOS1";"Exit Signal";"-42.60";"4.12";"46m 0s";""
"27";"XAUUSD_DukasM1_Infinox";"Buy";"2020.06.23 16:19:00";"1763.06";"0.06";"2020.06.23 17:00:00";"1765.09";"12.01";"15001.65";"OOS1";"Exit Signal";"-14.49";"26.33";"41m 0s";""
"28";"XAUUSD_DukasM1_Infinox";"Buy";"2020.06.30 17:45:00";"1779.39";"0.07";"2020.06.30 18:00:00";"1780.90";"10.37";"15012.02";"OOS1";"Exit Signal";"0.00";"33.87";"15m 0s";""
"29";"XAUUSD_DukasM1_Infinox";"Buy";"2020.07.07 17:02:00";"1789.01";"0.09";"2020.07.07 18:00:00";"1793.72";"42.13";"15054.15";"OOS1";"Exit Signal";"-5.51";"65.23";"58m 0s";""
"30";"XAUUSD_DukasM1_Infinox";"Buy";"2020.07.20 15:41:00";"1817.85";"0.09";"2020.07.20 16:00:00";"1813.87";"-36.08";"15018.07";"OOS1";"Exit Signal";"-38.81";"1.24";"19m 0s";""
"31";"XAUUSD_DukasM1_Infinox";"Buy";"2020.07.29 21:50:00";"1980.98";"0.03";"2020.07.29 22:00:00";"1966.92";"-42.27";"14975.80";"OOS1";"Exit Signal";"-44.95";"0.00";"10m 0s";""
"32";"XAUUSD_DukasM1_Infinox";"Buy";"2020.07.31 10:01:00";"1980.98";"0.03";"2020.07.31 11:00:00";"1976.24";"-14.32";"14961.48";"OOS1";"Exit Signal";"-35.02";"9.71";"59m 0s";""
"33";"XAUUSD_DukasM1_Infinox";"Buy";"2020.08.04 17:39:00";"1989.15";"0.05";"2020.08.04 18:00:00";"1991.55";"11.84";"14973.32";"OOS1";"Exit Signal";"-13.73";"25.24";"21m 0s";""
"34";"XAUUSD_DukasM1_Infinox";"Buy";"2020.09.16 16:11:00";"1972.03";"0.07";"2020.09.16 17:23:00";"1957.97";"-98.64";"14874.68";"OOS1";"SL";"-98.42";"10.07";"1h 12m";""
"35";"XAUUSD_DukasM1_Infinox";"Buy";"2020.10.09 15:55:00";"1921.02";"0.06";"2020.10.09 16:00:00";"1920.64";"-2.46";"14872.22";"OOS1";"Exit Signal";"-7.15";"4.87";"5m 0s";""
"36";"XAUUSD_DukasM1_Infinox";"Buy";"2020.11.05 15:45:00";"1931.30";"0.04";"2020.11.05 16:00:00";"1931.39";"0.24";"14872.45";"OOS1";"Exit Signal";"-6.41";"6.39";"15m 0s";""
"37";"XAUUSD_DukasM1_Infinox";"Buy";"2020.12.08 16:45:00";"1875.06";"0.06";"2020.12.08 17:00:00";"1869.91";"-31.08";"14841.37";"OOS1";"Exit Signal";"-35.67";"0.65";"15m 0s";""
"38";"XAUUSD_DukasM1_Infinox";"Buy";"2020.12.21 03:16:00";"1896.12";"0.07";"2020.12.21 04:00:00";"1896.48";"2.31";"14843.68";"OOS1";"Exit Signal";"-14.84";"22.36";"44m 0s";""
"39";"XAUUSD_DukasM1_Infinox";"Buy";"2021.01.04 01:00:00";"1906.64";"0.07";"2021.01.04 02:00:00";"1912.93";"43.82";"14887.50";"OOS1";"Exit Signal";"0.00";"57.53";"1h 0m";""
"40";"XAUUSD_DukasM1_Infinox";"Buy";"2021.01.06 10:46:00";"1955.18";"0.06";"2021.01.06 11:00:00";"1952.70";"-15.07";"14872.43";"OOS1";"Exit Signal";"-14.88";"8.37";"14m 0s";""
"41";"XAUUSD_DukasM1_Infinox";"Buy";"2021.01.29 16:03:00";"1874.92";"0.06";"2021.01.29 16:43:00";"1858.36";"-99.54";"14772.89";"OOS1";"SL";"-99.36";"3.61";"40m 0s";""
"42";"XAUUSD_DukasM1_Infinox";"Buy";"2021.03.17 20:13:00";"1741.15";"0.08";"2021.03.17 21:00:00";"1749.42";"65.94";"14838.83";"OOS1";"Exit Signal";"-8.50";"69.66";"47m 0s";""
"43";"XAUUSD_DukasM1_Infinox";"Buy";"2021.04.08 08:40:00";"1745.39";"0.09";"2021.04.08 09:00:00";"1742.94";"-22.30";"14816.52";"OOS1";"Exit Signal";"-30.29";"0.00";"20m 0s";""
"44";"XAUUSD_DukasM1_Infinox";"Buy";"2021.04.15 17:08:00";"1758.57";"0.08";"2021.04.15 18:00:00";"1764.55";"47.62";"14864.14";"OOS1";"Exit Signal";"0.00";"64.86";"52m 0s";""
"45";"XAUUSD_DukasM1_Infinox";"Buy";"2021.04.21 16:45:00";"1789.97";"0.07";"2021.04.21 17:00:00";"1795.62";"39.35";"14903.49";"OOS1";"Exit Signal";"-1.72";"52.77";"15m 0s";""
"46";"XAUUSD_DukasM1_Infinox";"Buy";"2021.05.03 17:32:00";"1797.75";"0.06";"2021.05.03 18:00:00";"1794.19";"-21.53";"14881.96";"OOS1";"Exit Signal";"-30.61";"0.29";"28m 0s";""
"47";"XAUUSD_DukasM1_Infinox";"Buy";"2021.05.04 17:04:00";"1797.80";"0.09";"2021.05.04 18:00:00";"1794.53";"-29.69";"14852.27";"OOS1";"Exit Signal";"-73.11";"9.70";"56m 0s";""
"48";"XAUUSD_DukasM1_Infinox";"Buy";"2021.05.06 16:35:00";"1798.88";"0.07";"2021.05.06 17:00:00";"1812.54";"95.42";"14947.68";"OOS1";"Exit Signal";"0.00";"99.18";"25m 0s";""
"49";"XAUUSD_DukasM1_Infinox";"Buy";"2021.05.14 23:46:00";"1845.30";"0.06";"2021.05.17 01:00:00";"1844.43";"-5.40";"14942.29";"OOS1";"Exit Signal";"-17.71";"3.30";"2d 1h 14m";""
"50";"XAUUSD_DukasM1_Infinox";"Buy";"2021.05.19 16:00:00";"1874.85";"0.07";"2021.05.19 17:00:00";"1888.74";"97.02";"15039.31";"OOS1";"Exit Signal";"-71.83";"106.20";"1h 0m";""
"51";"XAUUSD_DukasM1_Infinox";"Buy";"2021.05.25 17:03:00";"1890.02";"0.08";"2021.05.25 18:00:00";"1890.37";"2.56";"15041.87";"OOS1";"Exit Signal";"-14.98";"47.42";"57m 0s";""
"52";"XAUUSD_DukasM1_Infinox";"Buy";"2021.06.01 04:46:00";"1912.65";"0.09";"2021.06.01 05:00:00";"1911.88";"-7.21";"15034.66";"OOS1";"Exit Signal";"-9.20";"10.24";"14m 0s";""
"53";"XAUUSD_DukasM1_Infinox";"Buy";"2021.07.05 11:00:00";"1794.93";"0.07";"2021.07.05 12:00:00";"1792.48";"-17.35";"15017.31";"OOS1";"Exit Signal";"-28.71";"1.39";"1h 0m";""
"54";"XAUUSD_DukasM1_Infinox";"Buy";"2021.07.08 11:39:00";"1814.92";"0.08";"2021.07.08 12:00:00";"1813.20";"-13.99";"15003.32";"OOS1";"Exit Signal";"-28.58";"0.41";"21m 0s";""
"55";"XAUUSD_DukasM1_Infinox";"Buy";"2021.07.14 15:02:00";"1818.29";"0.07";"2021.07.14 16:00:00";"1828.38";"70.43";"15073.74";"OOS1";"Exit Signal";"0.00";"79.09";"58m 0s";""
"1";"XAUUSD_DukasM1_Infinox";"Buy";"2021.07.29 18:43:00";"1831.95";"0.07";"2021.07.29 19:00:00";"1830.89";"-7.62";"15066.12";"OOS1";"Exit Signal";"-13.59";"0.34";"17m 0s";""
"2";"XAUUSD_DukasM1_Infinox";"Buy";"2021.08.23 15:33:00";"1795.44";"0.07";"2021.08.23 16:00:00";"1799.79";"30.25";"15096.37";"OOS1";"Exit Signal";"0.00";"31.42";"27m 0s";""
"3";"XAUUSD_DukasM1_Infinox";"Buy";"2021.09.03 15:30:00";"1823.08";"0.09";"2021.09.03 16:00:00";"1823.30";"1.72";"15098.08";"OOS1";"Exit Signal";"-48.89";"57.58";"30m 0s";""
"4";"XAUUSD_DukasM1_Infinox";"Buy";"2021.10.08 15:30:00";"1770.48";"0.07";"2021.10.08 16:00:00";"1775.67";"36.13";"15134.22";"OOS1";"Exit Signal";"-24.40";"43.74";"30m 0s";""
"5";"XAUUSD_DukasM1_Infinox";"Buy";"2021.10.13 16:57:00";"1781.23";"0.07";"2021.10.13 17:00:00";"1781.44";"1.27";"15135.49";"OOS1";"Exit Signal";"0.00";"10.74";"3m 0s";""
"6";"XAUUSD_DukasM1_Infinox";"Buy";"2021.10.22 15:41:00";"1800.46";"0.06";"2021.10.22 16:00:00";"1805.63";"30.85";"15166.33";"OOS1";"Exit Signal";"0.00";"38.15";"19m 0s";""
"7";"XAUUSD_DukasM1_Infinox";"Buy";"2021.11.09 13:41:00";"1827.09";"0.07";"2021.11.09 16:00:00";"1829.71";"18.14";"15184.47";"OOS1";"Exit Signal";"-31.09";"21.06";"2h 19m";""
"8";"XAUUSD_DukasM1_Infinox";"Buy";"2021.11.10 15:33:00";"1832.63";"0.08";"2021.11.10 16:00:00";"1849.50";"134.73";"15319.20";"OOS1";"Exit Signal";"0.00";"152.30";"27m 0s";""
"9";"XAUUSD_DukasM1_Infinox";"Buy";"2021.11.12 20:52:00";"1868.46";"0.06";"2021.11.12 21:00:00";"1867.71";"-4.68";"15314.52";"OOS1";"Exit Signal";"-10.36";"0.65";"8m 0s";""
"10";"XAUUSD_DukasM1_Infinox";"Buy";"2021.11.15 15:16:00";"1869.36";"0.06";"2021.11.15 16:00:00";"1864.08";"-31.86";"15282.66";"OOS1";"Exit Signal";"-42.67";"6.65";"44m 0s";""
"11";"XAUUSD_DukasM1_Infinox";"Buy";"2021.12.16 16:42:00";"1793.00";"0.07";"2021.12.16 17:00:00";"1793.44";"2.88";"15285.54";"OOS1";"Exit Signal";"-28.03";"14.94";"18m 0s";""
"12";"XAUUSD_DukasM1_Infinox";"Buy";"2021.12.31 09:06:00";"1820.10";"0.09";"2021.12.31 11:00:00";"1818.44";"-15.20";"15270.33";"OOS1";"Exit Signal";"-46.19";"0.00";"1h 54m";""
"13";"XAUUSD_DukasM1_Infinox";"Buy";"2022.01.19 17:03:00";"1829.05";"0.08";"2022.01.19 18:00:00";"1838.07";"71.93";"15342.26";"OOS1";"Exit Signal";"0.00";"76.38";"57m 0s";""
"14";"XAUUSD_DukasM1_Infinox";"Buy";"2022.01.25 16:45:00";"1847.80";"0.08";"2022.01.25 17:00:00";"1850.12";"18.32";"15360.58";"OOS1";"Exit Signal";"0.00";"39.42";"15m 0s";""
"15";"XAUUSD_DukasM1_Infinox";"Buy";"2022.02.11 20:32:00";"1841.84";"0.08";"2022.02.11 21:00:00";"1857.01";"121.12";"15481.71";"OOS1";"Exit Signal";"0.00";"146.30";"28m 0s";""
"16";"XAUUSD_DukasM1_Infinox";"Buy";"2022.02.17 10:26:00";"1879.38";"0.04";"2022.02.17 11:00:00";"1886.02";"26.44";"15508.15";"OOS1";"Exit Signal";"0.00";"45.87";"34m 0s";""
"17";"XAUUSD_DukasM1_Infinox";"Buy";"2022.02.22 01:00:00";"1909.00";"0.05";"2022.02.22 01:00:00";"1908.65";"-1.89";"15506.25";"OOS1";"Exit Signal";"-1.74";"0.00";"0s";""
"18";"XAUUSD_DukasM1_Infinox";"Buy";"2022.02.24 03:38:00";"1914.02";"0.04";"2022.02.24 04:00:00";"1913.27";"-3.12";"15503.13";"OOS1";"Exit Signal";"-7.81";"0.00";"22m 0s";""
"19";"XAUUSD_DukasM1_Infinox";"Buy";"2022.04.11 12:13:00";"1958.26";"0.06";"2022.04.11 13:00:00";"1957.88";"-2.47";"15500.66";"OOS1";"Exit Signal";"-9.35";"6.71";"47m 0s";""
"20";"XAUUSD_DukasM1_Infinox";"Buy";"2022.04.12 15:54:00";"1969.56";"0.05";"2022.04.12 16:00:00";"1970.22";"3.14";"15503.80";"OOS1";"Exit Signal";"-7.84";"11.82";"6m 0s";""
"21";"XAUUSD_DukasM1_Infinox";"Buy";"2022.04.13 12:46:00";"1978.51";"0.04";"2022.04.13 13:00:00";"1977.58";"-3.85";"15499.96";"OOS1";"Exit Signal";"-7.47";"2.20";"14m 0s";""
"22";"XAUUSD_DukasM1_Infinox";"Buy";"2022.04.18 02:33:00";"1981.48";"0.04";"2022.04.18 03:00:00";"1986.52";"20.03";"15519.99";"OOS1";"Exit Signal";"0.00";"26.19";"27m 0s";""
"23";"XAUUSD_DukasM1_Infinox";"Buy";"2022.05.24 16:46:00";"1865.33";"0.06";"2022.05.24 17:00:00";"1867.34";"11.88";"15531.87";"OOS1";"Exit Signal";"-5.77";"13.73";"14m 0s";""
"24";"XAUUSD_DukasM1_Infinox";"Buy";"2022.06.02 17:19:00";"1869.57";"0.06";"2022.06.02 18:00:00";"1865.28";"-25.92";"15505.95";"OOS1";"Exit Signal";"-26.14";"0.00";"41m 0s";""
"25";"XAUUSD_DukasM1_Infinox";"Buy";"2022.06.10 19:25:00";"1873.96";"0.07";"2022.06.10 20:00:00";"1871.51";"-17.36";"15488.59";"OOS1";"Exit Signal";"-32.14";"13.36";"35m 0s";""
"26";"XAUUSD_DukasM1_Infinox";"Buy";"2022.07.27 22:10:00";"1739.25";"0.07";"2022.07.27 23:00:00";"1734.19";"-35.62";"15452.98";"OOS1";"Exit Signal";"-41.94";"6.22";"50m 0s";""
"27";"XAUUSD_DukasM1_Infinox";"Buy";"2022.08.01 12:37:00";"1767.78";"0.06";"2022.08.01 13:00:00";"1773.30";"32.95";"15485.93";"OOS1";"Exit Signal";"0.00";"34.36";"23m 0s";""
"28";"XAUUSD_DukasM1_Infinox";"Buy";"2022.08.04 15:05:00";"1787.93";"0.05";"2022.08.04 17:00:00";"1783.29";"-23.34";"15462.58";"OOS1";"Exit Signal";"-68.91";"2.69";"1h 55m";""
"29";"XAUUSD_DukasM1_Infinox";"Buy";"2022.08.09 16:05:00";"1794.90";"0.05";"2022.08.09 17:00:00";"1797.38";"12.26";"15474.84";"OOS1";"Exit Signal";"0.00";"27.32";"55m 0s";""
"30";"XAUUSD_DukasM1_Infinox";"Buy";"2022.08.10 15:30:00";"1800.36";"0.08";"2022.08.10 16:00:00";"1797.09";"-26.39";"15448.45";"OOS1";"Exit Signal";"-26.98";"59.26";"30m 0s";""
"31";"XAUUSD_DukasM1_Infinox";"Buy";"2022.10.03 17:30:00";"1687.95";"0.05";"2022.10.03 18:00:00";"1686.79";"-5.93";"15442.52";"OOS1";"Exit Signal";"-16.21";"15.99";"30m 0s";""
"32";"XAUUSD_DukasM1_Infinox";"Buy";"2022.11.04 16:40:00";"1674.68";"0.06";"2022.11.04 17:00:00";"1672.96";"-10.48";"15432.03";"OOS1";"Exit Signal";"-17.53";"3.41";"20m 0s";""
"33";"XAUUSD_DukasM1_Infinox";"Buy";"2022.11.08 17:08:00";"1681.76";"0.07";"2022.11.08 17:18:00";"1703.61";"152.76";"15584.80";"OOS1";"PT";"0.00";"152.95";"10m 0s";""
"34";"XAUUSD_DukasM1_Infinox";"Buy";"2022.11.10 15:30:00";"1722.17";"0.06";"2022.11.10 16:00:00";"1732.83";"63.79";"15648.59";"OOS1";"Exit Signal";"0.00";"88.73";"30m 0s";""
"35";"XAUUSD_DukasM1_Infinox";"Buy";"2022.11.14 17:10:00";"1772.45";"0.05";"2022.11.14 18:00:00";"1771.30";"-5.89";"15642.70";"OOS1";"Exit Signal";"-17.41";"12.44";"50m 0s";""
"36";"XAUUSD_DukasM1_Infinox";"Buy";"2022.12.01 08:38:00";"1783.37";"0.07";"2022.12.01 09:00:00";"1782.46";"-6.57";"15636.13";"OOS1";"Exit Signal";"-11.77";"1.46";"22m 0s";""
"37";"XAUUSD_DukasM1_Infinox";"Buy";"2022.12.05 03:25:00";"1804.30";"0.05";"2022.12.05 04:00:00";"1806.30";"9.86";"15645.98";"OOS1";"Exit Signal";"-1.56";"19.14";"35m 0s";""
"38";"XAUUSD_DukasM1_Infinox";"Buy";"2022.12.13 15:30:00";"1809.76";"0.06";"2022.12.13 16:00:00";"1810.76";"5.83";"15651.81";"OOS1";"Exit Signal";"-55.64";"20.62";"30m 0s";""
"39";"XAUUSD_DukasM1_Infinox";"Buy";"2022.12.27 17:34:00";"1824.36";"0.07";"2022.12.27 18:00:00";"1824.43";"0.29";"15652.10";"OOS1";"Exit Signal";"-19.12";"61.98";"26m 0s";""
"40";"XAUUSD_DukasM1_Infinox";"Buy";"2023.01.04 09:11:00";"1849.87";"0.05";"2023.01.04 10:00:00";"1858.07";"40.85";"15692.95";"OOS1";"Exit Signal";"0.00";"42.98";"49m 0s";""
"41";"XAUUSD_DukasM1_Infinox";"Buy";"2023.01.06 19:06:00";"1865.04";"0.04";"2023.01.06 20:00:00";"1862.06";"-12.04";"15680.91";"OOS1";"Exit Signal";"-16.77";"0.00";"54m 0s";""
"42";"XAUUSD_DukasM1_Infinox";"Buy";"2023.01.11 07:35:00";"1881.45";"0.06";"2023.01.11 08:00:00";"1882.10";"3.72";"15684.63";"OOS1";"Exit Signal";"0.00";"18.33";"25m 0s";""
"43";"XAUUSD_DukasM1_Infinox";"Buy";"2023.01.12 14:20:00";"1886.55";"0.06";"2023.01.12 15:00:00";"1887.21";"3.78";"15688.41";"OOS1";"Exit Signal";"-2.25";"20.56";"40m 0s";""
"44";"XAUUSD_DukasM1_Infinox";"Buy";"2023.01.19 21:26:00";"1928.89";"0.06";"2023.01.19 22:00:00";"1929.52";"3.59";"15692.00";"OOS1";"Exit Signal";"-7.58";"13.96";"34m 0s";""
"45";"XAUUSD_DukasM1_Infinox";"Buy";"2023.01.24 08:30:00";"1937.44";"0.06";"2023.01.24 09:00:00";"1939.50";"12.17";"15704.18";"OOS1";"Exit Signal";"-4.77";"14.91";"30m 0s";""
"46";"XAUUSD_DukasM1_Infinox";"Buy";"2023.01.25 21:55:00";"1942.35";"0.05";"2023.01.25 22:00:00";"1942.04";"-1.70";"15702.47";"OOS1";"Exit Signal";"-2.91";"3.13";"5m 0s";""
"47";"XAUUSD_DukasM1_Infinox";"Buy";"2023.02.01 22:33:00";"1949.09";"0.06";"2023.02.01 23:00:00";"1953.30";"25.07";"15727.55";"OOS1";"Exit Signal";"-3.03";"25.85";"27m 0s";""
"48";"XAUUSD_DukasM1_Infinox";"Buy";"2023.03.03 11:37:00";"1847.41";"0.06";"2023.03.03 12:00:00";"1845.65";"-10.74";"15716.81";"OOS1";"Exit Signal";"-16.05";"0.00";"23m 0s";""
"49";"XAUUSD_DukasM1_Infinox";"Buy";"2023.03.10 16:40:00";"1858.17";"0.09";"2023.03.10 17:00:00";"1858.18";"-0.18";"15716.63";"OOS1";"Exit Signal";"-24.95";"18.50";"20m 0s";""
"50";"XAUUSD_DukasM1_Infinox";"Buy";"2023.03.17 14:08:00";"1937.30";"0.04";"2023.03.17 15:00:00";"1944.76";"29.72";"15746.35";"OOS1";"Exit Signal";"-5.57";"34.59";"52m 0s";""
"51";"XAUUSD_DukasM1_Infinox";"Buy";"2023.04.04 17:04:00";"2003.19";"0.05";"2023.04.04 18:00:00";"2015.94";"63.59";"15809.94";"OOS1";"Exit Signal";"0.00";"108.29";"56m 0s";""
"52";"XAUUSD_DukasM1_Infinox";"Buy";"2023.05.02 17:48:00";"2012.26";"0.06";"2023.05.02 18:00:00";"2008.25";"-24.25";"15785.68";"OOS1";"Exit Signal";"-38.37";"4.13";"12m 0s";""
"53";"XAUUSD_DukasM1_Infinox";"Buy";"2023.07.07 18:03:00";"1934.91";"0.08";"2023.07.07 19:00:00";"1927.42";"-60.17";"15725.52";"OOS1";"Exit Signal";"-68.20";"0.00";"57m 0s";""
"54";"XAUUSD_DukasM1_Infinox";"Buy";"2023.07.11 09:40:00";"1934.91";"0.06";"2023.07.11 10:00:00";"1935.97";"6.17";"15731.69";"OOS1";"Exit Signal";"-1.89";"20.13";"20m 0s";""
"55";"XAUUSD_DukasM1_Infinox";"Buy";"2023.07.18 10:28:00";"1963.59";"0.07";"2023.07.18 11:00:00";"1961.32";"-16.11";"15715.58";"OOS1";"Exit Signal";"-20.48";"2.97";"32m 0s";""
"56";"XAUUSD_DukasM1_Infinox";"Buy";"2023.08.28 18:35:00";"1923.23";"0.08";"2023.08.28 19:00:00";"1924.48";"9.75";"15725.33";"OOS1";"Exit Signal";"-4.12";"21.80";"25m 0s";""
"57";"XAUUSD_DukasM1_Infinox";"Buy";"2023.08.29 17:00:00";"1925.96";"0.1";"2023.08.29 18:00:00";"1933.99";"79.99";"15805.33";"OOS1";"Exit Signal";"-14.75";"88.65";"1h 0m";""
"58";"XAUUSD_DukasM1_Infinox";"Buy";"2023.09.01 15:30:00";"1948.97";"0.11";"2023.09.01 16:00:00";"1949.72";"7.91";"15813.23";"OOS1";"Exit Signal";"-20.08";"43.28";"30m 0s";""
"59";"XAUUSD_DukasM1_Infinox";"Buy";"2023.09.20 16:42:00";"1937.28";"0.13";"2023.09.20 17:00:00";"1940.39";"40.03";"15853.26";"OOS1";"Exit Signal";"-3.28";"78.97";"18m 0s";""
"60";"XAUUSD_DukasM1_Infinox";"BuyStop";"2023.10.06 16:00:00";"1927.12";"0.07";"2023.10.06 23:59:00";"";"";"15853.26";"OOS1";"EndTest";"";"";"7h 59m";""
"1";"XAUUSD_DukasM1_Infinox";"Buy";"2023.10.13 11:23:00";"1884.89";"0.08";"2023.10.13 12:00:00";"1883.51";"-11.28";"15841.98";"OOS1";"Exit Signal";"-13.48";"0.00";"37m 0s";""
"2";"XAUUSD_DukasM1_Infinox";"Buy";"2023.10.18 04:28:00";"1932.88";"0.05";"2023.10.18 05:00:00";"1938.88";"29.85";"15871.82";"OOS1";"Exit Signal";"0.00";"36.92";"32m 0s";""
"3";"XAUUSD_DukasM1_Infinox";"Buy";"2023.10.27 21:01:00";"1997.14";"0.06";"2023.10.27 22:00:00";"2005.20";"48.17";"15919.99";"OOS1";"Exit Signal";"-1.65";"68.03";"59m 0s";""
"4";"XAUUSD_DukasM1_Infinox";"Buy";"2023.11.21 05:51:00";"1993.34";"0.06";"2023.11.21 06:00:00";"1993.01";"-2.17";"15917.82";"OOS1";"Exit Signal";"-1.98";"5.13";"9m 0s";""
"5";"XAUUSD_DukasM1_Infinox";"Buy";"2023.11.27 03:16:00";"2007.48";"0.09";"2023.11.27 04:00:00";"2011.87";"39.22";"15957.04";"OOS1";"Exit Signal";"-1.31";"95.45";"44m 0s";""
"6";"XAUUSD_DukasM1_Infinox";"Buy";"2023.12.01 17:22:00";"2051.86";"0.06";"2023.12.01 18:00:00";"2049.15";"-16.46";"15940.58";"OOS1";"Exit Signal";"-35.19";"7.59";"38m 0s";""
"7";"XAUUSD_DukasM1_Infinox";"Buy";"2023.12.22 01:00:00";"2048.66";"0.06";"2023.12.22 01:00:00";"2048.31";"-2.32";"15938.26";"OOS1";"Exit Signal";"-2.12";"0.00";"0s";""
"8";"XAUUSD_DukasM1_Infinox";"Buy";"2023.12.27 16:34:00";"2070.53";"0.05";"2023.12.27 17:00:00";"2069.96";"-3.02";"15935.25";"OOS1";"Exit Signal";"-20.08";"5.13";"26m 0s";""
"9";"XAUUSD_DukasM1_Infinox";"Buy";"2024.01.31 16:38:00";"2048.45";"0.07";"2024.01.31 17:00:00";"2051.35";"20.07";"15955.32";"OOS1";"Exit Signal";"-10.05";"47.01";"22m 0s";""
"10";"XAUUSD_DukasM1_Infinox";"Buy";"2024.02.01 18:09:00";"2055.88";"0.05";"2024.02.01 19:00:00";"2059.17";"16.29";"15971.60";"OOS1";"Exit Signal";"-2.03";"47.34";"51m 0s";""
"11";"XAUUSD_DukasM1_Infinox";"Buy";"2024.02.23 18:33:00";"2034.71";"0.08";"2024.02.23 19:00:00";"2038.24";"27.98";"15999.58";"OOS1";"Exit Signal";"0.00";"29.96";"27m 0s";""
"12";"XAUUSD_DukasM1_Infinox";"Buy";"2024.02.29 15:36:00";"2041.29";"0.1";"2024.02.29 16:00:00";"2047.46";"61.37";"16060.95";"OOS1";"Exit Signal";"-6.96";"73.18";"24m 0s";""
"13";"XAUUSD_DukasM1_Infinox";"Buy";"2024.03.01 12:25:00";"2050.61";"0.09";"2024.03.01 13:00:00";"2054.68";"36.33";"16097.29";"OOS1";"Exit Signal";"-5.63";"39.65";"35m 0s";""
"14";"XAUUSD_DukasM1_Infinox";"Buy";"2024.03.06 16:32:00";"2141.75";"0.06";"2024.03.06 17:00:00";"2144.45";"15.99";"16113.28";"OOS1";"Exit Signal";"-0.99";"44.19";"28m 0s";""
"15";"XAUUSD_DukasM1_Infinox";"Buy";"2024.03.08 10:28:00";"2164.64";"0.05";"2024.03.08 11:00:00";"2165.03";"1.78";"16115.06";"OOS1";"Exit Signal";"-6.58";"19.88";"32m 0s";""
"16";"XAUUSD_DukasM1_Infinox";"Buy";"2024.03.21 00:15:00";"2195.09";"0.08";"2024.03.21 00:16:00";"2213.86";"149.88";"16264.94";"OOS1";"PT";"0.00";"150.16";"1m 0s";""
"17";"XAUUSD_DukasM1_Infinox";"Buy";"2024.03.28 18:38:00";"2222.88";"0.05";"2024.03.28 19:00:00";"2220.21";"-13.53";"16251.41";"OOS1";"Exit Signal";"-21.61";"12.42";"22m 0s";""
"18";"XAUUSD_DukasM1_Infinox";"Buy";"2024.04.04 21:56:00";"2304.80";"0.04";"2024.04.04 22:00:00";"2303.91";"-3.71";"16247.70";"OOS1";"Exit Signal";"-7.06";"2.50";"4m 0s";""
"19";"XAUUSD_DukasM1_Infinox";"Buy";"2024.04.05 17:24:00";"2305.43";"0.03";"2024.04.05 18:00:00";"2317.33";"35.59";"16283.29";"OOS1";"Exit Signal";"-1.51";"57.47";"36m 0s";""
"20";"XAUUSD_DukasM1_Infinox";"Buy";"2024.04.08 05:15:00";"2330.34";"0.03";"2024.04.08 06:00:00";"2347.92";"52.63";"16335.92";"OOS1";"Exit Signal";"-11.98";"70.49";"45m 0s";""
"21";"XAUUSD_DukasM1_Infinox";"Buy";"2024.04.11 22:28:00";"2365.19";"0.02";"2024.04.11 23:00:00";"2372.79";"15.12";"16351.04";"OOS1";"Exit Signal";"-2.97";"18.63";"32m 0s";""
"22";"XAUUSD_DukasM1_Infinox";"Buy";"2024.05.10 04:03:00";"2352.42";"0.05";"2024.05.10 05:00:00";"2350.08";"-11.89";"16339.16";"OOS1";"Exit Signal";"-21.93";"16.27";"57m 0s";""
"23";"XAUUSD_DukasM1_Infinox";"Buy";"2024.05.15 15:30:00";"2378.36";"0.04";"2024.05.15 16:00:00";"2372.36";"-24.15";"16315.00";"OOS1";"Exit Signal";"-47.93";"1.74";"30m 0s";""
"24";"XAUUSD_DukasM1_Infinox";"Buy";"2024.05.17 16:02:00";"2397.28";"0.04";"2024.05.17 17:00:00";"2401.38";"16.25";"16331.25";"OOS1";"Exit Signal";"-6.70";"31.10";"58m 0s";""
"25";"XAUUSD_DukasM1_Infinox";"Buy";"2024.07.11 15:30:00";"2392.82";"0.05";"2024.07.11 16:00:00";"2406.09";"66.16";"16397.41";"OOS1";"Exit Signal";"0.00";"83.84";"30m 0s";""
"26";"XAUUSD_DukasM1_Infinox";"Buy";"2024.07.15 17:45:00";"2424.40";"0.05";"2024.07.15 18:00:00";"2431.32";"34.41";"16431.82";"OOS1";"Exit Signal";"-2.98";"37.54";"15m 0s";""
"27";"XAUUSD_DukasM1_Infinox";"Buy";"2024.07.16 12:22:00";"2439.63";"0.04";"2024.07.16 13:00:00";"2442.32";"10.60";"16442.42";"OOS1";"Exit Signal";"-4.86";"14.51";"38m 0s";""
"28";"XAUUSD_DukasM1_Infinox";"Buy";"2024.08.01 17:00:00";"2458.30";"0.04";"2024.08.01 18:00:00";"2448.31";"-40.12";"16402.30";"OOS1";"Exit Signal";"-60.69";"15.30";"1h 0m";""
"29";"XAUUSD_DukasM1_Infinox";"Buy";"2024.08.02 08:48:00";"2462.13";"0.03";"2024.08.02 09:00:00";"2466.58";"13.23";"16415.54";"OOS1";"Exit Signal";"-0.23";"13.97";"12m 0s";""
"30";"XAUUSD_DukasM1_Infinox";"Buy";"2024.08.14 11:44:00";"2477.49";"0.05";"2024.08.14 12:00:00";"2474.17";"-16.80";"16398.74";"OOS1";"Exit Signal";"-19.23";"5.63";"16m 0s";""
"31";"XAUUSD_DukasM1_Infinox";"Buy";"2024.08.16 15:51:00";"2479.72";"0.03";"2024.08.16 16:00:00";"2491.46";"35.10";"16433.84";"OOS1";"Exit Signal";"0.00";"37.63";"9m 0s";""
"32";"XAUUSD_DukasM1_Infinox";"Buy";"2024.09.12 15:41:00";"2529.13";"0.05";"2024.09.12 16:00:00";"2528.30";"-4.35";"16429.49";"OOS1";"Exit Signal";"-11.56";"30.34";"19m 0s";""
"33";"XAUUSD_DukasM1_Infinox";"Buy";"2024.09.18 21:07:00";"2589.51";"0.04";"2024.09.18 22:00:00";"2575.56";"-55.97";"16373.52";"OOS1";"Exit Signal";"-71.38";"41.94";"53m 0s";""
"34";"XAUUSD_DukasM1_Infinox";"Buy";"2024.09.20 09:34:00";"2599.99";"0.03";"2024.09.20 10:00:00";"2605.26";"15.69";"16389.21";"OOS1";"Exit Signal";"-7.97";"20.96";"26m 0s";""
"35";"XAUUSD_DukasM1_Infinox";"Buy";"2024.09.24 17:41:00";"2639.95";"0.04";"2024.09.24 18:00:00";"2643.35";"13.43";"16402.64";"OOS1";"Exit Signal";"-3.57";"28.42";"19m 0s";""
"36";"XAUUSD_DukasM1_Infinox";"Buy";"2024.09.26 11:41:00";"2670.35";"0.04";"2024.09.26 12:00:00";"2668.86";"-6.13";"16396.51";"OOS1";"Exit Signal";"-12.54";"0.11";"19m 0s";""
"37";"XAUUSD_DukasM1_Infinox";"Buy";"2024.10.16 09:13:00";"2672.91";"0.04";"2024.10.16 10:00:00";"2677.06";"16.43";"16412.94";"OOS1";"Exit Signal";"-4.90";"18.54";"47m 0s";""
"38";"XAUUSD_DukasM1_Infinox";"Buy";"2024.10.22 16:23:00";"2740.42";"0.04";"2024.10.22 17:00:00";"2735.57";"-19.57";"16393.36";"OOS1";"Exit Signal";"-19.40";"6.15";"37m 0s";""
"39";"XAUUSD_DukasM1_Infinox";"Buy";"2024.10.23 07:19:00";"2748.78";"0.04";"2024.10.23 08:00:00";"2749.70";"3.50";"16396.87";"OOS1";"Exit Signal";"-1.62";"6.90";"41m 0s";""
"40";"XAUUSD_DukasM1_Infinox";"Buy";"2024.10.29 15:37:00";"2758.34";"0.04";"2024.10.29 16:00:00";"2760.34";"7.82";"16404.69";"OOS1";"Exit Signal";"-11.29";"22.14";"23m 0s";""
"41";"XAUUSD_DukasM1_Infinox";"Buy";"2024.12.10 16:32:00";"2687.79";"0.04";"2024.12.10 17:00:00";"2688.42";"2.35";"16407.04";"OOS1";"Exit Signal";"-6.90";"15.38";"28m 0s";""
"42";"XAUUSD_DukasM1_Infinox";"Buy";"2025.01.08 16:32:00";"2665.19";"0.04";"2025.01.08 17:00:00";"2660.98";"-17.01";"16390.03";"OOS1";"Exit Signal";"-19.30";"9.34";"28m 0s";""
"43";"XAUUSD_DukasM1_Infinox";"Buy";"2025.01.09 13:27:00";"2669.84";"0.04";"2025.01.09 14:00:00";"2669.85";"-0.13";"16389.89";"OOS1";"Exit Signal";"-5.74";"13.30";"33m 0s";""
"44";"XAUUSD_DukasM1_Infinox";"Buy";"2025.01.16 02:18:00";"2697.71";"0.04";"2025.01.16 04:00:00";"2695.82";"-7.73";"16382.16";"OOS1";"Exit Signal";"-19.06";"17.19";"1h 42m";""
"45";"XAUUSD_DukasM1_Infinox";"Buy";"2025.01.21 04:39:00";"2724.57";"0.04";"2025.01.21 05:00:00";"2724.59";"-0.09";"16382.07";"OOS1";"Exit Signal";"-7.98";"3.94";"21m 0s";""
"46";"XAUUSD_DukasM1_Infinox";"Buy";"2025.01.24 04:00:00";"2763.21";"0.04";"2025.01.24 05:00:00";"2773.93";"42.70";"16424.77";"OOS1";"Exit Signal";"0.00";"47.94";"1h 0m";""
"47";"XAUUSD_DukasM1_Infinox";"Buy";"2025.01.30 15:58:00";"2785.83";"0.05";"2025.01.30 16:00:00";"2785.43";"-2.22";"16422.55";"OOS1";"Exit Signal";"-5.63";"0.00";"2m 0s";""
"48";"XAUUSD_DukasM1_Infinox";"Buy";"2025.02.03 16:35:00";"2816.94";"0.03";"2025.02.03 17:00:00";"2829.17";"36.55";"16459.10";"OOS1";"Exit Signal";"-3.19";"40.09";"25m 0s";""
"49";"XAUUSD_DukasM1_Infinox";"Buy";"2025.02.07 17:19:00";"2882.22";"0.03";"2025.02.07 18:00:00";"2880.14";"-6.38";"16452.72";"OOS1";"Exit Signal";"-11.47";"13.16";"41m 0s";""
"50";"XAUUSD_DukasM1_Infinox";"Buy";"2025.02.19 11:15:00";"2942.67";"0.03";"2025.02.19 12:00:00";"2945.21";"7.48";"16460.20";"OOS1";"Exit Signal";"-2.38";"11.18";"45m 0s";""
"51";"XAUUSD_DukasM1_Infinox";"Buy";"2025.02.24 16:00:00";"2954.76";"0.03";"2025.02.24 19:00:00";"2943.13";"-35.03";"16425.17";"OOS1";"Exit Signal";"-72.53";"3.82";"3h 0m";""
"52";"XAUUSD_DukasM1_Infinox";"Buy";"2025.03.18 03:28:00";"3004.73";"0.04";"2025.03.18 04:00:00";"3005.44";"2.65";"16427.82";"OOS1";"Exit Signal";"-12.18";"13.83";"32m 0s";""
"53";"XAUUSD_DukasM1_Infinox";"Buy";"2025.03.27 16:39:00";"3057.25";"0.04";"2025.03.27 17:00:00";"3057.37";"0.28";"16428.10";"OOS1";"Exit Signal";"-15.62";"9.07";"21m 0s";""
"54";"XAUUSD_DukasM1_Infinox";"Buy";"2025.04.03 02:01:00";"3148.84";"0.02";"2025.04.03 03:00:00";"3162.36";"26.94";"16455.04";"OOS1";"Exit Signal";"-2.18";"37.42";"59m 0s";""
"55";"XAUUSD_DukasM1_Infinox";"Buy";"2025.04.10 18:25:00";"3167.55";"0.01";"2025.04.10 19:00:00";"3157.82";"-9.78";"16445.26";"OOS1";"Exit Signal";"-12.84";"7.14";"35m 0s";""
"56";"XAUUSD_DukasM1_Infinox";"Buy";"2025.04.16 02:37:00";"3245.52";"0.02";"2025.04.16 03:00:00";"3251.56";"11.98";"16457.24";"OOS1";"Exit Signal";"-10.61";"12.29";"23m 0s";""
"57";"XAUUSD_DukasM1_Infinox";"Buy";"2025.04.21 03:30:00";"3357.46";"0.01";"2025.04.21 04:00:00";"3368.46";"10.95";"16468.18";"OOS1";"Exit Signal";"-2.34";"13.09";"30m 0s";""
"58";"XAUUSD_DukasM1_Infinox";"Buy";"2025.05.23 14:49:00";"3347.37";"0.02";"2025.05.23 15:00:00";"3347.61";"0.37";"16468.56";"OOS1";"Exit Signal";"-17.19";"4.16";"11m 0s";""
"59";"XAUUSD_DukasM1_Infinox";"Buy";"2025.06.02 16:43:00";"3365.80";"0.02";"2025.06.02 17:00:00";"3370.27";"8.83";"16477.39";"OOS1";"Exit Signal";"-2.40";"20.30";"17m 0s";""
"60";"XAUUSD_DukasM1_Infinox";"Buy";"2025.06.05 13:05:00";"3391.94";"0.02";"2025.06.05 14:00:00";"3399.67";"15.35";"16492.74";"OOS1";"Exit Signal";"-3.88";"16.51";"55m 0s";""
"61";"XAUUSD_DukasM1_Infinox";"Buy";"2025.06.13 03:04:00";"3403.18";"0.02";"2025.06.13 04:00:00";"3416.25";"26.03";"16518.77";"OOS1";"Exit Signal";"-8.09";"33.19";"56m 0s";""
"62";"XAUUSD_DukasM1_Infinox";"Buy";"2025.07.16 18:30:00";"3374.81";"0.03";"2025.07.16 18:55:00";"3346.10";"-86.29";"16432.48";"OOS1";"SL";"-86.13";"7.13";"25m 0s";""
"63";"XAUUSD_DukasM1_Infinox";"Buy";"2025.07.21 15:11:00";"3377.19";"0.04";"2025.07.21 16:00:00";"3387.07";"39.30";"16471.79";"OOS1";"Exit Signal";"-11.34";"44.86";"49m 0s";""
"64";"XAUUSD_DukasM1_Infinox";"Buy";"2025.08.07 10:25:00";"3390.29";"0.03";"2025.08.07 11:00:00";"3395.91";"16.70";"16488.48";"OOS1";"Exit Signal";"0.00";"20.44";"35m 0s";""
"65";"XAUUSD_DukasM1_Infinox";"Buy";"2025.08.26 03:23:00";"3378.59";"0.04";"2025.08.26 04:00:00";"3382.94";"17.18";"16505.66";"OOS1";"Exit Signal";"-14.18";"31.34";"37m 0s";""
"66";"XAUUSD_DukasM1_Infinox";"Buy";"2025.08.27 19:34:00";"3394.20";"0.04";"2025.08.27 20:00:00";"3395.11";"3.42";"16509.09";"OOS1";"Exit Signal";"-6.86";"17.48";"26m 0s";""
"67";"XAUUSD_DukasM1_Infinox";"Buy";"2025.08.29 16:38:00";"3423.07";"0.04";"2025.08.29 17:00:00";"3428.33";"20.82";"16529.91";"OOS1";"Exit Signal";"-4.26";"23.46";"22m 0s";""
"68";"XAUUSD_DukasM1_Infinox";"Buy";"2025.09.05 15:32:00";"3578.18";"0.02";"2025.09.05 16:00:00";"3580.10";"3.73";"16533.63";"OOS1";"Exit Signal";"-12.91";"16.79";"28m 0s";""
"69";"XAUUSD_DukasM1_Infinox";"Buy";"2025.09.15 18:49:00";"3673.65";"0.03";"2025.09.15 19:00:00";"3680.13";"19.26";"16552.90";"OOS1";"Exit Signal";"-3.31";"23.95";"11m 0s";""
"70";"XAUUSD_DukasM1_Infinox";"Buy";"2025.09.17 21:09:00";"3702.83";"0.03";"2025.09.17 21:32:00";"3674.41";"-85.44";"16467.46";"OOS1";"SL";"-85.26";"13.43";"23m 0s";""
"71";"XAUUSD_DukasM1_Infinox";"Buy";"2025.09.22 09:34:00";"3707.31";"0.02";"2025.09.22 10:00:00";"3714.03";"13.32";"16480.78";"OOS1";"Exit Signal";"0.00";"24.67";"26m 0s";""
"72";"XAUUSD_DukasM1_Infinox";"Buy";"2025.10.01 05:05:00";"3871.51";"0.01";"2025.10.01 06:00:00";"3862.94";"-8.63";"16472.15";"OOS1";"Exit Signal";"-13.39";"3.78";"55m 0s";""
"73";"XAUUSD_DukasM1_Infinox";"Buy";"2025.10.02 16:31:00";"3895.15";"0.02";"2025.10.02 17:37:00";"3852.64";"-85.14";"16387.01";"OOS1";"SL";"-85.02";"3.62";"1h 6m";""
"74";"XAUUSD_DukasM1_Infinox";"Buy";"2025.10.06 01:59:00";"3896.96";"0.02";"2025.10.06 02:00:00";"3899.13";"4.22";"16391.22";"OOS1";"Exit Signal";"0.00";"12.38";"1m 0s";""
"75";"XAUUSD_DukasM1_Infinox";"Buy";"2025.10.13 02:09:00";"4059.10";"0.01";"2025.10.13 03:00:00";"4034.79";"-24.38";"16366.84";"OOS1";"Exit Signal";"-27.22";"0.84";"51m 0s";""
"76";"XAUUSD_DukasM1_Infinox";"Buy";"2025.10.20 22:57:00";"4379.13";"0.01";"2025.10.20 23:00:00";"4377.79";"-1.41";"16365.44";"OOS1";"Exit Signal";"-1.78";"2.17";"3m 0s";""
"77";"XAUUSD_DukasM1_Infinox";"Buy";"2025.11.12 17:10:00";"4148.76";"0.02";"2025.11.12 18:00:00";"4181.00";"64.35";"16429.78";"OOS1";"Exit Signal";"0.00";"73.31";"50m 0s";""
"78";"XAUUSD_DukasM1_Infinox";"Buy";"2025.11.28 03:01:00";"4186.84";"0.02";"2025.11.28 04:00:00";"4190.80";"7.79";"16437.57";"OOS1";"Exit Signal";"-8.09";"12.35";"59m 0s";""
"79";"XAUUSD_DukasM1_Infinox";"Buy";"2025.12.11 18:47:00";"4264.39";"0.02";"2025.12.11 19:00:00";"4273.28";"17.64";"16455.21";"OOS1";"Exit Signal";"0.00";"28.72";"13m 0s";""
"80";"XAUUSD_DukasM1_Infinox";"Buy";"2025.12.18 18:11:00";"4353.33";"0.02";"2025.12.18 19:00:00";"4360.10";"13.40";"16468.61";"OOS1";"Exit Signal";"0.00";"42.13";"49m 0s";""
"81";"XAUUSD_DukasM1_Infinox";"Buy";"2025.12.22 03:38:00";"4374.40";"0.02";"2025.12.22 04:00:00";"4382.44";"15.94";"16484.55";"OOS1";"Exit Signal";"-0.61";"20.46";"22m 0s";""
"82";"XAUUSD_DukasM1_Infinox";"Buy";"2025.12.26 03:04:00";"4525.77";"0.01";"2025.12.26 04:00:00";"4503.45";"-22.39";"16462.16";"OOS1";"Exit Signal";"-28.91";"5.20";"56m 0s";""
"83";"XAUUSD_DukasM1_Infinox";"BuyStop";"2025.12.31 11:00:00";"4549.72";"0.01";"2025.12.31 23:58:00";"";"";"16462.16";"OOS1";"EndTest";"";"";"12h 58m";""
