"Ticket";"Symbol";"Type";"Open time";"Open price";"Size";"Close time";"Close price";"Profit/Loss";"Balance";"Sample type";"Close type";"MAE ($)";"MFE ($)";"Time in trade";"Comment"
"1";"XAUUSD_DukasM1_Infinox";"Buy";"2003.05.12 03:09:00";"348.36";"0.26";"2003.05.14 07:32:00";"347.52";"-26.66";"9973.34";"IS";"TrailingStop";"-21.84";"83.62";"2d 4h 23m";""
"2";"XAUUSD_DukasM1_Infinox";"Buy";"2003.05.16 02:00:00";"351.35";"0.25";"2003.05.19 06:12:00";"357.26";"144.79";"10118.13";"IS";"PT";"-21.42";"147.75";"3d 4h 12m";""
"3";"XAUUSD_DukasM1_Infinox";"Buy";"2003.05.23 02:24:00";"367.85";"0.23";"2003.05.27 20:33:00";"368.68";"14.65";"10132.78";"IS";"TrailingStop";"-71.35";"145.93";"4d 18h 9m";""
"4";"XAUUSD_DukasM1_Infinox";"Buy";"2003.05.28 00:00:00";"365.56";"0.2";"2003.05.28 14:12:00";"362.38";"-64.60";"10068.18";"IS";"TrailingStop";"-63.60";"20.70";"14h 12m";""
"5";"XAUUSD_DukasM1_Infinox";"Buy";"2003.06.04 00:04:00";"364.99";"0.25";"2003.06.04 19:58:00";"361.90";"-78.50";"9989.68";"IS";"TrailingStop";"-77.25";"8.73";"19h 54m";""
"6";"XAUUSD_DukasM1_Infinox";"Buy";"2003.06.09 02:01:00";"363.01";"0.21";"2003.06.09 20:52:00";"360.34";"-57.12";"9932.56";"IS";"TrailingStop";"-56.07";"45.76";"18h 51m";""
"7";"XAUUSD_DukasM1_Infinox";"Buy";"2003.06.13 01:01:00";"352.87";"0.23";"2003.06.16 08:03:00";"359.14";"141.48";"10074.04";"IS";"PT";"-32.91";"144.21";"3d 7h 2m";""
"8";"XAUUSD_DukasM1_Infinox";"Buy";"2003.06.19 01:02:00";"356.94";"0.2";"2003.06.19 15:38:00";"353.91";"-61.60";"10012.44";"IS";"TrailingStop";"-60.60";"23.46";"14h 36m";""
"9";"XAUUSD_DukasM1_Infinox";"Buy";"2003.06.23 03:01:00";"356.09";"0.24";"2003.06.23 19:13:00";"353.70";"-58.56";"9953.88";"IS";"TrailingStop";"-57.36";"25.90";"16h 12m";""
"10";"XAUUSD_DukasM1_Infinox";"Buy";"2003.07.04 03:38:00";"350.27";"0.29";"2003.07.07 16:02:00";"348.24";"-62.30";"9891.59";"IS";"TrailingStop";"-58.87";"34.92";"3d 12h 24m";""
"11";"XAUUSD_DukasM1_Infinox";"Buy";"2003.07.11 03:42:00";"344.64";"0.27";"2003.07.15 20:47:00";"344.94";"3.13";"9894.72";"IS";"TrailingStop";"-57.83";"110.46";"4d 17h 5m";""
"12";"XAUUSD_DukasM1_Infinox";"Buy";"2003.07.16 00:11:00";"342.98";"0.27";"2003.07.21 17:02:00";"348.44";"137.07";"10031.78";"IS";"PT";"-67.58";"147.42";"5d 16h 51m";""
"13";"XAUUSD_DukasM1_Infinox";"Buy";"2003.07.23 00:04:00";"350.32";"0.25";"2003.07.23 20:29:00";"356.19";"145.50";"10177.28";"IS";"PT";"-21.08";"146.75";"20h 25m";""
"14";"XAUUSD_DukasM1_Infinox";"Buy";"2003.08.06 00:16:00";"351.38";"0.21";"2003.08.11 14:51:00";"358.38";"138.78";"10316.06";"IS";"PT";"-58.65";"147.00";"5d 14h 35m";""
"15";"XAUUSD_DukasM1_Infinox";"Buy";"2003.08.13 00:00:00";"358.20";"0.18";"2003.08.14 17:20:00";"366.26";"140.42";"10456.48";"IS";"PT";"-58.50";"145.08";"1d 17h 20m";""
"16";"XAUUSD_DukasM1_Infinox";"Buy";"2003.08.26 00:04:00";"360.82";"0.22";"2003.08.27 15:35:00";"367.57";"145.86";"10602.34";"IS";"PT";"-53.53";"148.50";"1d 15h 31m";""
"17";"XAUUSD_DukasM1_Infinox";"Buy";"2003.08.29 00:00:00";"369.40";"0.16";"2003.09.02 06:55:00";"378.35";"140.10";"10742.44";"IS";"PT";"-19.95";"143.20";"4d 6h 55m";""
"18";"XAUUSD_DukasM1_Infinox";"Buy";"2003.09.03 00:04:00";"371.49";"0.15";"2003.09.04 14:52:00";"369.36";"-35.95";"10706.49";"IS";"TrailingStop";"-40.44";"54.12";"1d 14h 48m";""
"19";"XAUUSD_DukasM1_Infinox";"Buy";"2003.09.05 00:02:00";"372.90";"0.17";"2003.09.09 15:20:00";"381.63";"145.09";"10851.58";"IS";"PT";"-57.19";"148.41";"4d 15h 18m";""
"20";"XAUUSD_DukasM1_Infinox";"Buy";"2003.09.11 00:05:00";"379.81";"0.17";"2003.09.11 16:53:00";"376.15";"-63.07";"10788.51";"IS";"TrailingStop";"-62.22";"15.40";"16h 48m";""
"21";"XAUUSD_DukasM1_Infinox";"Buy";"2003.09.19 01:22:00";"376.00";"0.18";"2003.09.22 02:58:00";"384.00";"141.78";"10930.29";"IS";"PT";"-33.73";"144.00";"3d 1h 36m";""
"22";"XAUUSD_DukasM1_Infinox";"Buy";"2003.09.24 00:07:00";"384.50";"0.18";"2003.09.25 17:26:00";"392.45";"138.16";"11068.46";"IS";"PT";"-35.17";"143.10";"1d 17h 19m";""
"23";"XAUUSD_DukasM1_Infinox";"Buy";"2003.09.26 00:04:00";"385.10";"0.15";"2003.09.26 15:48:00";"380.91";"-63.60";"11004.86";"IS";"TrailingStop";"-62.85";"11.25";"15h 44m";""
"24";"XAUUSD_DukasM1_Infinox";"Buy";"2003.10.02 00:00:00";"384.09";"0.18";"2003.10.02 15:52:00";"381.43";"-48.78";"10956.08";"IS";"TrailingStop";"-47.88";"38.68";"15h 52m";""
"25";"XAUUSD_DukasM1_Infinox";"Buy";"2003.10.09 00:35:00";"374.86";"0.18";"2003.10.09 15:24:00";"372.21";"-48.60";"10907.48";"IS";"TrailingStop";"-47.70";"28.62";"14h 49m";""
"26";"XAUUSD_DukasM1_Infinox";"Buy";"2003.10.24 00:05:00";"383.94";"0.18";"2003.10.28 15:20:00";"384.17";"0.55";"10908.03";"IS";"TrailingStop";"-15.35";"142.09";"4d 15h 15m";""
"27";"XAUUSD_DukasM1_Infinox";"Buy";"2003.10.31 03:30:00";"381.47";"0.17";"2003.10.31 19:42:00";"382.17";"11.05";"10919.08";"IS";"TrailingStop";"-6.90";"121.40";"16h 12m";""
"28";"XAUUSD_DukasM1_Infinox";"Buy";"2003.11.07 00:00:00";"379.70";"0.17";"2003.11.07 16:11:00";"375.98";"-64.09";"10854.99";"IS";"TrailingStop";"-63.24";"20.37";"16h 11m";""
"29";"XAUUSD_DukasM1_Infinox";"Buy";"2003.11.14 00:30:00";"394.26";"0.15";"2003.11.17 16:44:00";"393.18";"-18.10";"10836.89";"IS";"TrailingStop";"-17.54";"67.23";"3d 16h 14m";""
"30";"XAUUSD_DukasM1_Infinox";"Buy";"2003.11.20 00:16:00";"394.80";"0.16";"2003.11.24 15:45:00";"391.50";"-56.06";"10780.83";"IS";"TrailingStop";"-61.10";"43.17";"4d 15h 29m";""
"31";"XAUUSD_DukasM1_Infinox";"Buy";"2003.11.28 00:19:00";"395.00";"0.27";"2003.12.01 15:50:00";"400.47";"144.27";"10925.10";"IS";"PT";"-33.99";"147.69";"3d 15h 31m";""
"32";"XAUUSD_DukasM1_Infinox";"Buy";"2003.12.05 03:01:00";"401.27";"0.17";"2003.12.10 16:20:00";"409.55";"135.93";"11061.03";"IS";"PT";"-42.09";"140.76";"5d 13h 19m";""
"33";"XAUUSD_DukasM1_Infinox";"Buy";"2003.12.16 00:47:00";"409.38";"0.17";"2003.12.26 07:25:00";"410.08";"-5.19";"11055.84";"IS";"TrailingStop";"-61.81";"58.11";"10d 6h 38m";""
"34";"XAUUSD_DukasM1_Infinox";"Buy";"2004.01.01 00:18:00";"415.22";"0.21";"2004.01.05 17:32:00";"422.07";"139.41";"11195.25";"IS";"PT";"-28.41";"143.85";"4d 17h 14m";""
"35";"XAUUSD_DukasM1_Infinox";"Buy";"2004.01.07 00:00:00";"421.62";"0.14";"2004.01.08 10:50:00";"417.15";"-66.72";"11128.53";"IS";"TrailingStop";"-62.58";"35.01";"1d 10h 50m";""
"36";"XAUUSD_DukasM1_Infinox";"Buy";"2004.01.13 00:00:00";"424.23";"0.15";"2004.01.14 10:58:00";"420.32";"-60.64";"11067.89";"IS";"TrailingStop";"-58.65";"32.48";"1d 10h 58m";""
"37";"XAUUSD_DukasM1_Infinox";"Buy";"2004.01.22 00:01:00";"409.87";"0.15";"2004.01.23 16:37:00";"407.03";"-44.55";"11023.35";"IS";"TrailingStop";"-42.60";"42.42";"1d 16h 36m";""
"38";"XAUUSD_DukasM1_Infinox";"Buy";"2004.02.11 01:32:00";"405.63";"0.18";"2004.02.13 15:38:00";"413.67";"138.14";"11161.49";"IS";"PT";"-29.75";"144.72";"2d 14h 6m";""
"39";"XAUUSD_DukasM1_Infinox";"Buy";"2004.03.09 00:23:00";"400.64";"0.21";"2004.03.10 08:37:00";"399.44";"-27.89";"11133.60";"IS";"TrailingStop";"-28.39";"106.32";"1d 8h 14m";""
"40";"XAUUSD_DukasM1_Infinox";"Buy";"2004.03.25 00:01:00";"415.96";"0.16";"2004.03.29 20:31:00";"416.56";"6.21";"11139.81";"IS";"TrailingStop";"-34.98";"114.98";"4d 20h 30m";""
"41";"XAUUSD_DukasM1_Infinox";"Buy";"2004.03.30 00:10:00";"416.77";"0.16";"2004.03.31 19:08:00";"425.64";"139.82";"11279.64";"IS";"PT";"-11.95";"141.92";"1d 18h 58m";""
"42";"XAUUSD_DukasM1_Infinox";"Buy";"2004.04.02 03:32:00";"426.42";"0.14";"2004.04.02 16:43:00";"420.76";"-79.94";"11199.70";"IS";"TrailingStop";"-79.24";"32.82";"13h 11m";""
"43";"XAUUSD_DukasM1_Infinox";"Buy";"2004.04.20 00:10:00";"400.82";"0.16";"2004.04.20 22:58:00";"394.61";"-100.16";"11099.54";"IS";"SL";"-99.36";"0.00";"22h 48m";""
"44";"XAUUSD_DukasM1_Infinox";"Buy";"2004.05.03 02:51:00";"386.54";"0.15";"2004.05.06 16:11:00";"388.62";"24.81";"11124.35";"IS";"TrailingStop";"-26.84";"120.08";"3d 13h 20m";""
"45";"XAUUSD_DukasM1_Infinox";"Buy";"2004.05.21 00:04:00";"379.22";"0.17";"2004.05.25 14:47:00";"387.76";"141.82";"11266.17";"IS";"PT";"-12.00";"145.18";"4d 14h 43m";""
"46";"XAUUSD_DukasM1_Infinox";"Buy";"2004.05.27 00:02:00";"388.20";"0.19";"2004.05.28 05:06:00";"395.99";"145.63";"11411.80";"IS";"PT";"-14.25";"148.01";"1d 5h 4m";""
"47";"XAUUSD_DukasM1_Infinox";"Buy";"2004.06.02 00:00:00";"393.92";"0.17";"2004.06.02 18:14:00";"391.19";"-47.26";"11364.54";"IS";"TrailingStop";"-46.41";"40.97";"18h 14m";""
"48";"XAUUSD_DukasM1_Infinox";"Buy";"2004.06.09 00:01:00";"390.80";"0.17";"2004.06.09 14:58:00";"386.34";"-76.67";"11287.87";"IS";"TrailingStop";"-75.82";"11.44";"14h 57m";""
"49";"XAUUSD_DukasM1_Infinox";"Buy";"2004.06.17 00:21:00";"383.79";"0.17";"2004.06.18 15:19:00";"392.28";"142.21";"11430.08";"IS";"PT";"-21.93";"144.33";"1d 14h 58m";""
"50";"XAUUSD_DukasM1_Infinox";"Buy";"2004.06.22 00:07:00";"393.61";"0.17";"2004.06.23 17:24:00";"392.41";"-22.55";"11407.53";"IS";"TrailingStop";"-27.03";"52.28";"1d 17h 17m";""
"51";"XAUUSD_DukasM1_Infinox";"Buy";"2004.06.24 00:32:00";"396.33";"0.19";"2004.06.28 14:01:00";"403.86";"139.19";"11546.72";"IS";"PT";"-58.84";"143.07";"4d 13h 29m";""
"52";"XAUUSD_DukasM1_Infinox";"Buy";"2004.07.06 00:02:00";"397.81";"0.24";"2004.07.06 17:09:00";"394.33";"-84.72";"11462.00";"IS";"TrailingStop";"-83.52";"25.80";"17h 7m";""
"53";"XAUUSD_DukasM1_Infinox";"Buy";"2004.07.16 00:30:00";"403.74";"0.18";"2004.07.20 14:43:00";"403.00";"-17.05";"11444.95";"IS";"TrailingStop";"-39.33";"67.46";"4d 14h 13m";""
"54";"XAUUSD_DukasM1_Infinox";"Buy";"2004.07.30 01:01:00";"387.05";"0.17";"2004.08.03 14:20:00";"388.83";"26.85";"11471.80";"IS";"TrailingStop";"-13.21";"115.72";"4d 13h 19m";""
"55";"XAUUSD_DukasM1_Infinox";"Buy";"2004.08.05 00:02:00";"390.94";"0.16";"2004.08.06 15:54:00";"399.87";"140.86";"11612.67";"IS";"PT";"-23.04";"142.88";"1d 15h 52m";""
"56";"XAUUSD_DukasM1_Infinox";"Buy";"2004.08.19 00:04:00";"404.31";"0.16";"2004.08.20 18:04:00";"413.13";"139.06";"11751.73";"IS";"PT";"-24.96";"141.12";"1d 18h 0m";""
"57";"XAUUSD_DukasM1_Infinox";"Buy";"2004.08.24 00:02:00";"408.86";"0.15";"2004.08.24 17:14:00";"403.49";"-81.30";"11670.43";"IS";"TrailingStop";"-80.55";"8.67";"17h 12m";""
"58";"XAUUSD_DukasM1_Infinox";"Buy";"2004.08.27 00:08:00";"405.80";"0.15";"2004.08.27 18:59:00";"402.58";"-49.05";"11621.38";"IS";"TrailingStop";"-48.30";"36.00";"18h 51m";""
"59";"XAUUSD_DukasM1_Infinox";"Buy";"2004.09.02 01:00:00";"408.30";"0.17";"2004.09.03 15:33:00";"403.58";"-82.44";"11538.94";"IS";"TrailingStop";"-80.24";"7.17";"1d 14h 33m";""
"60";"XAUUSD_DukasM1_Infinox";"Buy";"2004.09.10 00:02:00";"398.44";"0.16";"2004.09.21 15:20:00";"407.30";"129.80";"11668.74";"IS";"PT";"-7.94";"141.76";"11d 15h 18m";""
"61";"XAUUSD_DukasM1_Infinox";"Buy";"2004.09.23 00:03:00";"407.24";"0.16";"2004.09.30 17:31:00";"416.19";"133.53";"11802.28";"IS";"PT";"-30.34";"143.20";"7d 17h 28m";""
"62";"XAUUSD_DukasM1_Infinox";"Buy";"2004.10.07 00:05:00";"417.31";"0.15";"2004.10.12 11:35:00";"417.19";"-6.20";"11796.07";"IS";"TrailingStop";"-20.13";"92.28";"5d 11h 30m";""
"63";"XAUUSD_DukasM1_Infinox";"Buy";"2004.10.22 02:38:00";"423.21";"0.18";"2004.10.27 18:43:00";"423.45";"-1.02";"11795.05";"IS";"TrailingStop";"-40.21";"122.35";"5d 16h 5m";""
"64";"XAUUSD_DukasM1_Infinox";"Buy";"2004.11.09 00:02:00";"431.88";"0.17";"2004.11.11 03:20:00";"431.05";"-20.67";"11774.38";"IS";"TrailingStop";"-26.76";"97.63";"2d 3h 18m";""
"65";"XAUUSD_DukasM1_Infinox";"Buy";"2004.11.16 00:05:00";"435.75";"0.17";"2004.11.17 12:06:00";"444.21";"141.53";"11915.91";"IS";"PT";"-19.38";"143.82";"1d 12h 1m";""
"66";"XAUUSD_DukasM1_Infinox";"Buy";"2004.11.19 00:00:00";"442.53";"0.14";"2004.11.26 06:16:00";"452.60";"131.85";"12047.76";"IS";"PT";"-25.89";"140.98";"7d 6h 16m";""
"67";"XAUUSD_DukasM1_Infinox";"Buy";"2004.12.07 00:00:00";"451.87";"0.15";"2004.12.08 03:24:00";"448.63";"-50.67";"11997.09";"IS";"TrailingStop";"-48.60";"39.23";"1d 3h 24m";""
"68";"XAUUSD_DukasM1_Infinox";"Buy";"2004.12.15 00:00:00";"435.25";"0.16";"2004.12.16 17:33:00";"436.89";"21.38";"12018.47";"IS";"TrailingStop";"-20.03";"112.48";"1d 17h 33m";""
"69";"XAUUSD_DukasM1_Infinox";"Buy";"2004.12.17 01:01:00";"436.71";"0.16";"2004.12.22 19:22:00";"437.90";"14.16";"12032.63";"IS";"TrailingStop";"-15.39";"109.01";"5d 18h 21m";""
"70";"XAUUSD_DukasM1_Infinox";"Buy";"2004.12.29 00:00:00";"442.76";"0.2";"2004.12.29 16:00:00";"439.15";"-73.20";"11959.43";"IS";"TrailingStop";"-72.20";"26.02";"16h 0m";""
"71";"XAUUSD_DukasM1_Infinox";"Buy";"2005.01.14 00:01:00";"424.49";"0.16";"2005.01.20 12:20:00";"420.59";"-71.12";"11888.31";"IS";"TrailingStop";"-80.27";"33.52";"6d 12h 19m";""
"72";"XAUUSD_DukasM1_Infinox";"Buy";"2005.01.21 03:30:00";"420.38";"0.18";"2005.01.25 17:37:00";"422.46";"33.60";"11921.90";"IS";"TrailingStop";"-12.47";"135.23";"4d 14h 7m";""
"73";"XAUUSD_DukasM1_Infinox";"Buy";"2005.01.28 00:34:00";"425.45";"0.17";"2005.01.31 15:52:00";"421.90";"-62.61";"11859.30";"IS";"TrailingStop";"-60.35";"28.63";"3d 15h 18m";""
"74";"XAUUSD_DukasM1_Infinox";"Buy";"2005.02.16 00:00:00";"425.08";"0.17";"2005.02.22 18:15:00";"433.81";"139.13";"11998.43";"IS";"PT";"-67.88";"148.41";"6d 18h 15m";""
"75";"XAUUSD_DukasM1_Infinox";"Buy";"2005.02.24 00:03:00";"433.97";"0.16";"2005.02.25 12:50:00";"430.48";"-57.99";"11940.44";"IS";"TrailingStop";"-55.84";"36.91";"1d 12h 47m";""
"76";"XAUUSD_DukasM1_Infinox";"Buy";"2005.03.10 02:32:00";"440.11";"0.17";"2005.03.14 16:52:00";"440.46";"2.19";"11942.63";"IS";"TrailingStop";"-22.92";"109.70";"4d 14h 20m";""
"77";"XAUUSD_DukasM1_Infinox";"Buy";"2005.03.31 02:48:00";"426.10";"0.2";"2005.04.04 16:30:00";"423.36";"-59.11";"11883.51";"IS";"TrailingStop";"-54.80";"48.62";"4d 13h 42m";""
"78";"XAUUSD_DukasM1_Infinox";"Buy";"2005.04.08 01:02:00";"425.23";"0.17";"2005.04.14 15:51:00";"424.40";"-23.39";"11860.12";"IS";"TrailingStop";"-30.75";"74.39";"6d 14h 49m";""
"79";"XAUUSD_DukasM1_Infinox";"Buy";"2005.04.26 00:08:00";"433.79";"0.18";"2005.04.27 17:47:00";"432.24";"-30.32";"11829.80";"IS";"TrailingStop";"-27.90";"61.83";"1d 17h 39m";""
"80";"XAUUSD_DukasM1_Infinox";"Buy";"2005.05.11 01:00:00";"425.83";"0.2";"2005.05.12 15:31:00";"423.45";"-53.57";"11776.23";"IS";"TrailingStop";"-47.60";"48.28";"1d 14h 31m";""
"81";"XAUUSD_DukasM1_Infinox";"Buy";"2005.05.20 00:05:00";"420.05";"0.17";"2005.05.20 17:16:00";"415.94";"-70.72";"11705.51";"IS";"TrailingStop";"-69.87";"9.83";"17h 11m";""
"82";"XAUUSD_DukasM1_Infinox";"Buy";"2005.05.31 00:30:00";"417.21";"0.21";"2005.05.31 15:22:00";"413.91";"-70.35";"11635.16";"IS";"TrailingStop";"-69.30";"28.98";"14h 52m";""
"83";"XAUUSD_DukasM1_Infinox";"Buy";"2005.06.08 00:30:00";"423.92";"0.18";"2005.06.16 15:39:00";"432.13";"132.04";"11767.21";"IS";"PT";"-57.22";"147.78";"8d 15h 9m";""
"84";"XAUUSD_DukasM1_Infinox";"Buy";"2005.06.23 01:30:00";"437.56";"0.18";"2005.06.27 17:54:00";"437.61";"-3.06";"11764.14";"IS";"TrailingStop";"-48.83";"104.49";"4d 16h 24m";""
"85";"XAUUSD_DukasM1_Infinox";"Buy";"2005.07.01 00:03:00";"434.80";"0.17";"2005.07.01 17:49:00";"430.49";"-74.12";"11690.02";"IS";"TrailingStop";"-73.27";"22.61";"17h 46m";""
"86";"XAUUSD_DukasM1_Infinox";"Buy";"2005.07.08 02:01:00";"424.27";"0.17";"2005.07.14 10:51:00";"422.07";"-46.66";"11643.36";"IS";"TrailingStop";"-59.45";"53.02";"6d 8h 50m";""
"87";"XAUUSD_DukasM1_Infinox";"Buy";"2005.07.19 00:00:00";"420.07";"0.17";"2005.07.27 15:35:00";"421.13";"6.06";"11649.42";"IS";"TrailingStop";"-35.50";"109.79";"8d 15h 35m";""
"88";"XAUUSD_DukasM1_Infinox";"Buy";"2005.08.24 00:32:00";"438.78";"0.16";"2005.08.30 08:11:00";"434.59";"-76.03";"11573.39";"IS";"TrailingStop";"-67.04";"28.35";"6d 7h 39m";""
"89";"XAUUSD_DukasM1_Infinox";"Buy";"2005.09.08 00:30:00";"444.32";"0.15";"2005.09.13 16:19:00";"445.66";"15.46";"11588.85";"IS";"TrailingStop";"-22.33";"105.12";"5d 15h 49m";""
"90";"XAUUSD_DukasM1_Infinox";"Buy";"2005.09.21 01:30:00";"464.68";"0.13";"2005.09.22 15:48:00";"468.12";"40.55";"11629.40";"IS";"TrailingStop";"-21.84";"135.10";"1d 14h 18m";""
"91";"XAUUSD_DukasM1_Infinox";"Buy";"2005.09.23 00:00:00";"465.28";"0.11";"2005.09.26 04:00:00";"459.30";"-67.33";"11562.07";"IS";"TrailingStop";"-65.78";"12.31";"3d 4h 0m";""
"92";"XAUUSD_DukasM1_Infinox";"Buy";"2005.10.06 01:00:00";"464.20";"0.15";"2005.10.07 17:47:00";"473.96";"144.30";"11706.37";"IS";"PT";"-9.50";"146.40";"1d 16h 47m";""
"93";"XAUUSD_DukasM1_Infinox";"Buy";"2005.10.12 01:00:00";"475.04";"0.15";"2005.10.12 17:06:00";"472.84";"-33.75";"11672.62";"IS";"TrailingStop";"-33.00";"75.77";"16h 6m";""
"94";"XAUUSD_DukasM1_Infinox";"Buy";"2005.10.19 00:00:00";"471.37";"0.15";"2005.10.19 16:32:00";"464.90";"-97.80";"11574.82";"IS";"SL";"-97.05";"5.85";"16h 32m";""
"95";"XAUUSD_DukasM1_Infinox";"Buy";"2005.10.25 00:08:00";"464.38";"0.15";"2005.10.27 15:20:00";"473.88";"136.33";"11711.15";"IS";"PT";"-17.07";"142.50";"2d 15h 12m";""
"96";"XAUUSD_DukasM1_Infinox";"Buy";"2005.11.04 00:00:00";"460.33";"0.14";"2005.11.04 17:33:00";"456.77";"-50.54";"11660.61";"IS";"TrailingStop";"-49.84";"54.38";"17h 33m";""
"97";"XAUUSD_DukasM1_Infinox";"Buy";"2005.11.11 00:30:00";"465.59";"0.15";"2005.11.15 02:39:00";"465.33";"-7.37";"11653.25";"IS";"TrailingStop";"-25.14";"73.91";"4d 2h 9m";""
"98";"XAUUSD_DukasM1_Infinox";"Buy";"2005.11.23 00:00:00";"493.76";"0.12";"2005.11.28 15:58:00";"493.02";"-15.24";"11638.00";"IS";"TrailingStop";"-84.98";"59.75";"5d 15h 58m";""
"99";"XAUUSD_DukasM1_Infinox";"Buy";"2005.12.30 00:00:00";"516.07";"0.13";"2006.01.03 16:57:00";"526.89";"137.40";"11775.41";"IS";"PT";"-55.89";"140.66";"4d 16h 57m";""
"100";"XAUUSD_DukasM1_Infinox";"Buy";"2006.01.05 00:00:00";"533.72";"0.1";"2006.01.05 16:11:00";"526.00";"-77.70";"11697.71";"IS";"TrailingStop";"-77.20";"9.43";"16h 11m";""
"101";"XAUUSD_DukasM1_Infinox";"Buy";"2006.01.11 00:01:00";"542.28";"0.1";"2006.01.13 18:08:00";"555.85";"130.98";"11828.69";"IS";"PT";"-34.64";"135.70";"2d 18h 7m";""
"102";"XAUUSD_DukasM1_Infinox";"Buy";"2006.01.18 00:00:00";"554.15";"0.1";"2006.01.18 06:14:00";"546.46";"-77.40";"11751.29";"IS";"TrailingStop";"-76.90";"28.60";"6h 14m";""
"103";"XAUUSD_DukasM1_Infinox";"Buy";"2006.01.25 00:00:00";"557.83";"0.12";"2006.01.26 14:24:00";"557.29";"-10.98";"11740.30";"IS";"TrailingStop";"-23.29";"100.50";"1d 14h 24m";""
"104";"XAUUSD_DukasM1_Infinox";"Buy";"2006.01.27 00:01:00";"559.55";"0.12";"2006.01.31 19:41:00";"571.81";"143.91";"11884.21";"IS";"PT";"-59.48";"147.12";"4d 19h 40m";""
"105";"XAUUSD_DukasM1_Infinox";"Buy";"2006.02.02 00:00:00";"568.55";"0.11";"2006.02.03 17:20:00";"566.34";"-26.08";"11858.13";"IS";"TrailingStop";"-24.31";"67.38";"1d 17h 20m";""
"106";"XAUUSD_DukasM1_Infinox";"Buy";"2006.02.22 00:02:00";"553.42";"0.13";"2006.02.22 15:15:00";"548.66";"-62.53";"11795.60";"IS";"TrailingStop";"-61.88";"17.72";"15h 13m";""
"107";"XAUUSD_DukasM1_Infinox";"Buy";"2006.02.28 00:01:00";"553.12";"0.14";"2006.03.01 14:01:00";"563.49";"142.97";"11938.58";"IS";"PT";"-15.85";"145.18";"1d 14h 0m";""
"108";"XAUUSD_DukasM1_Infinox";"Buy";"2006.03.22 00:01:00";"551.26";"0.11";"2006.03.23 15:44:00";"546.13";"-60.52";"11878.06";"IS";"TrailingStop";"-56.43";"21.01";"1d 15h 43m";""
"109";"XAUUSD_DukasM1_Infinox";"Buy";"2006.03.29 00:00:00";"562.76";"0.11";"2006.03.30 09:49:00";"575.17";"132.35";"12010.41";"IS";"PT";"-35.66";"136.51";"1d 9h 49m";""
"110";"XAUUSD_DukasM1_Infinox";"Buy";"2006.04.01 00:02:00";"583.01";"0.08";"2006.04.05 08:38:00";"582.23";"-8.45";"12001.96";"IS";"TrailingStop";"-15.06";"65.79";"4d 8h 36m";""
"111";"XAUUSD_DukasM1_Infinox";"Buy";"2006.04.12 00:00:00";"593.05";"0.09";"2006.04.13 15:46:00";"590.40";"-27.41";"11974.54";"IS";"TrailingStop";"-23.85";"61.46";"1d 15h 46m";""
"112";"XAUUSD_DukasM1_Infinox";"Buy";"2006.04.14 00:03:00";"595.80";"0.12";"2006.04.17 16:21:00";"607.43";"137.57";"12112.11";"IS";"PT";"-6.72";"139.56";"3d 16h 18m";""
"113";"XAUUSD_DukasM1_Infinox";"Buy";"2006.04.21 00:30:00";"612.52";"0.05";"2006.04.24 07:43:00";"628.03";"76.70";"12188.82";"IS";"TrailingStop";"-15.92";"132.44";"3d 7h 13m";""
"114";"XAUUSD_DukasM1_Infinox";"Buy";"2006.04.25 00:00:00";"620.86";"0.06";"2006.04.27 03:04:00";"642.20";"124.84";"12313.66";"IS";"PT";"-22.42";"128.04";"2d 3h 4m";""
"115";"XAUUSD_DukasM1_Infinox";"Buy";"2006.04.28 00:00:00";"632.78";"0.07";"2006.04.28 19:32:00";"653.32";"143.43";"12457.09";"IS";"PT";"-2.67";"143.78";"19h 32m";""
"116";"XAUUSD_DukasM1_Infinox";"Buy";"2006.05.04 00:00:00";"666.50";"0.06";"2006.05.08 15:21:00";"674.89";"48.48";"12505.58";"IS";"TrailingStop";"-40.61";"114.31";"4d 15h 21m";""
"117";"XAUUSD_DukasM1_Infinox";"Buy";"2006.05.18 00:32:00";"686.61";"0.04";"2006.05.19 16:03:00";"676.33";"-41.85";"12463.72";"IS";"TrailingStop";"-41.12";"31.00";"1d 15h 31m";""
"118";"XAUUSD_DukasM1_Infinox";"Buy";"2006.06.23 00:01:00";"579.84";"0.07";"2006.06.23 14:54:00";"573.94";"-41.65";"12422.07";"IS";"TrailingStop";"-41.30";"34.52";"14h 53m";""
"119";"XAUUSD_DukasM1_Infinox";"Buy";"2006.06.27 00:01:00";"584.96";"0.09";"2006.06.27 19:29:00";"584.12";"-8.01";"12414.06";"IS";"TrailingStop";"-12.83";"93.12";"19h 28m";""
"120";"XAUUSD_DukasM1_Infinox";"Buy";"2006.06.28 00:00:00";"578.09";"0.08";"2006.06.28 17:49:00";"577.41";"-5.84";"12408.22";"IS";"TrailingStop";"-5.44";"63.42";"17h 49m";""
"121";"XAUUSD_DukasM1_Infinox";"Buy";"2006.07.05 00:03:00";"621.40";"0.17";"2006.07.05 04:04:00";"629.91";"143.82";"12552.04";"IS";"PT";"-11.75";"144.67";"4h 1m";""
"122";"XAUUSD_DukasM1_Infinox";"Buy";"2006.07.21 00:00:00";"628.13";"0.06";"2006.07.21 18:17:00";"623.39";"-28.74";"12523.30";"IS";"TrailingStop";"-50.84";"52.61";"18h 17m";""
"123";"XAUUSD_DukasM1_Infinox";"Buy";"2006.08.09 00:01:00";"641.82";"0.09";"2006.08.10 15:43:00";"643.45";"10.85";"12534.15";"IS";"TrailingStop";"-65.99";"114.91";"1d 15h 42m";""
"124";"XAUUSD_DukasM1_Infinox";"Buy";"2006.08.23 00:01:00";"624.28";"0.1";"2006.08.23 22:50:00";"620.97";"-33.60";"12500.55";"IS";"TrailingStop";"-39.08";"56.91";"22h 49m";""
"125";"XAUUSD_DukasM1_Infinox";"Buy";"2006.09.07 00:01:00";"633.25";"0.11";"2006.09.07 15:25:00";"627.63";"-62.37";"12438.18";"IS";"TrailingStop";"-61.82";"27.86";"15h 24m";""
"126";"XAUUSD_DukasM1_Infinox";"Buy";"2006.09.26 00:06:00";"590.32";"0.09";"2006.09.28 18:20:00";"605.32";"130.42";"12568.60";"IS";"PT";"-44.15";"135.00";"2d 18h 14m";""
"127";"XAUUSD_DukasM1_Infinox";"Buy";"2006.09.29 02:02:00";"600.77";"0.1";"2006.09.29 17:57:00";"595.39";"-54.30";"12514.30";"IS";"TrailingStop";"-53.80";"28.87";"15h 55m";""
"128";"XAUUSD_DukasM1_Infinox";"Buy";"2006.10.11 00:04:00";"570.99";"0.11";"2006.10.13 14:36:00";"583.52";"132.39";"12646.69";"IS";"PT";"-17.47";"137.83";"2d 14h 32m";""
"129";"XAUUSD_DukasM1_Infinox";"Buy";"2006.11.07 00:01:00";"622.47";"0.11";"2006.11.08 14:33:00";"619.44";"-35.21";"12611.48";"IS";"TrailingStop";"-33.33";"68.98";"1d 14h 32m";""
"130";"XAUUSD_DukasM1_Infinox";"Buy";"2006.11.21 00:00:00";"622.32";"0.11";"2006.11.24 12:04:00";"634.72";"129.19";"12740.67";"IS";"PT";"-14.87";"136.40";"3d 12h 4m";""
"131";"XAUUSD_DukasM1_Infinox";"Buy";"2006.12.13 00:00:00";"629.57";"0.12";"2006.12.13 16:57:00";"622.83";"-81.48";"12659.19";"IS";"TrailingStop";"-80.88";"5.81";"16h 57m";""
"132";"XAUUSD_DukasM1_Infinox";"Buy";"2006.12.14 02:30:00";"626.66";"0.12";"2006.12.15 17:09:00";"621.83";"-60.02";"12599.17";"IS";"TrailingStop";"-57.96";"25.22";"1d 14h 39m";""
"133";"XAUUSD_DukasM1_Infinox";"Buy";"2006.12.21 01:00:00";"619.46";"0.11";"2006.12.28 15:26:00";"632.02";"128.34";"12727.51";"IS";"PT";"-28.80";"138.16";"7d 14h 26m";""
"134";"XAUUSD_DukasM1_Infinox";"Buy";"2007.01.02 00:30:00";"635.70";"0.23";"2007.01.03 12:21:00";"635.09";"-18.02";"12709.48";"IS";"TrailingStop";"-14.03";"121.76";"1d 11h 51m";""
"135";"XAUUSD_DukasM1_Infinox";"Buy";"2007.01.11 00:00:00";"610.47";"0.1";"2007.01.12 19:56:00";"624.89";"142.51";"12852.00";"IS";"PT";"-24.88";"144.20";"1d 19h 56m";""
"136";"XAUUSD_DukasM1_Infinox";"Buy";"2007.01.19 00:01:00";"626.96";"0.09";"2007.01.22 20:38:00";"631.91";"43.00";"12895.00";"IS";"TrailingStop";"-11.36";"111.42";"3d 20h 37m";""
"137";"XAUUSD_DukasM1_Infinox";"Buy";"2007.01.23 00:31:00";"632.67";"0.12";"2007.01.23 17:43:00";"644.73";"144.12";"13039.12";"IS";"PT";"-11.53";"144.72";"17h 12m";""
"138";"XAUUSD_DukasM1_Infinox";"Buy";"2007.01.26 00:00:00";"645.29";"0.09";"2007.02.01 16:45:00";"661.07";"134.79";"13173.91";"IS";"PT";"-48.13";"142.02";"6d 16h 45m";""
"139";"XAUUSD_DukasM1_Infinox";"Buy";"2007.02.08 02:30:00";"652.00";"0.12";"2007.02.09 16:29:00";"663.66";"137.80";"13311.71";"IS";"PT";"-61.45";"139.92";"1d 13h 59m";""
"140";"XAUUSD_DukasM1_Infinox";"Buy";"2007.02.13 00:00:00";"660.79";"0.11";"2007.02.15 18:26:00";"662.09";"8.10";"13319.81";"IS";"TrailingStop";"-10.93";"120.10";"2d 18h 26m";""
"141";"XAUUSD_DukasM1_Infinox";"Buy";"2007.02.16 00:00:00";"669.17";"0.1";"2007.02.20 13:08:00";"666.26";"-32.20";"13287.61";"IS";"TrailingStop";"-71.12";"39.32";"4d 13h 8m";""
"142";"XAUUSD_DukasM1_Infinox";"Buy";"2007.02.23 01:30:00";"677.05";"0.11";"2007.02.27 13:57:00";"679.68";"25.48";"13313.09";"IS";"TrailingStop";"-56.54";"122.74";"4d 12h 27m";""
"143";"XAUUSD_DukasM1_Infinox";"Buy";"2007.03.02 00:01:00";"663.57";"0.07";"2007.03.02 15:08:00";"653.30";"-72.24";"13240.85";"IS";"TrailingStop";"-71.89";"13.02";"15h 7m";""
"144";"XAUUSD_DukasM1_Infinox";"Buy";"2007.03.20 00:30:00";"654.08";"0.12";"2007.03.22 10:33:00";"665.65";"132.14";"13372.99";"IS";"PT";"-28.99";"138.84";"2d 10h 3m";""
"145";"XAUUSD_DukasM1_Infinox";"Buy";"2007.03.23 00:00:00";"663.29";"0.11";"2007.03.23 16:24:00";"656.43";"-76.01";"13296.98";"IS";"TrailingStop";"-75.46";"13.36";"16h 24m";""
"146";"XAUUSD_DukasM1_Infinox";"Buy";"2007.03.28 00:00:00";"664.27";"0.12";"2007.03.29 15:51:00";"660.21";"-53.97";"13243.01";"IS";"TrailingStop";"-93.98";"59.12";"1d 15h 51m";""
"147";"XAUUSD_DukasM1_Infinox";"Buy";"2007.04.06 00:00:00";"674.25";"0.14";"2007.04.09 20:05:00";"671.65";"-38.94";"13204.07";"IS";"TrailingStop";"-70.57";"42.07";"3d 20h 5m";""
"148";"XAUUSD_DukasM1_Infinox";"Buy";"2007.04.12 00:00:00";"676.95";"0.12";"2007.04.12 18:02:00";"673.01";"-47.88";"13156.19";"IS";"TrailingStop";"-47.28";"31.78";"18h 2m";""
"149";"XAUUSD_DukasM1_Infinox";"Buy";"2007.04.18 00:02:00";"686.10";"0.14";"2007.04.19 09:31:00";"685.16";"-19.46";"13136.73";"IS";"TrailingStop";"-16.49";"75.57";"1d 9h 29m";""
"150";"XAUUSD_DukasM1_Infinox";"Buy";"2007.04.24 00:00:00";"688.81";"0.15";"2007.04.24 18:05:00";"685.78";"-46.20";"13090.53";"IS";"TrailingStop";"-57.93";"39.77";"18h 5m";""
"151";"XAUUSD_DukasM1_Infinox";"Buy";"2007.05.01 00:00:00";"678.11";"0.16";"2007.05.01 15:22:00";"673.99";"-66.72";"13023.81";"IS";"TrailingStop";"-65.92";"10.99";"15h 22m";""
"152";"XAUUSD_DukasM1_Infinox";"Buy";"2007.05.08 00:01:00";"688.40";"0.19";"2007.05.08 17:09:00";"683.30";"-97.85";"12925.96";"IS";"SL";"-96.90";"1.33";"17h 8m";""
"153";"XAUUSD_DukasM1_Infinox";"Buy";"2007.05.15 00:00:00";"669.46";"0.13";"2007.05.15 13:46:00";"664.58";"-64.09";"12861.87";"IS";"TrailingStop";"-63.44";"9.98";"13h 46m";""
"154";"XAUUSD_DukasM1_Infinox";"Buy";"2007.06.13 00:00:00";"647.10";"0.13";"2007.06.18 09:41:00";"658.50";"139.37";"13001.24";"IS";"PT";"-58.20";"148.20";"5d 9h 41m";""
"155";"XAUUSD_DukasM1_Infinox";"Buy";"2007.06.21 00:00:00";"654.27";"0.12";"2007.06.21 18:28:00";"649.43";"-58.68";"12942.56";"IS";"TrailingStop";"-58.08";"27.00";"18h 28m";""
"156";"XAUUSD_DukasM1_Infinox";"Buy";"2007.06.26 00:00:00";"651.08";"0.15";"2007.06.26 15:29:00";"646.70";"-66.45";"12876.11";"IS";"TrailingStop";"-65.70";"8.52";"15h 29m";""
"157";"XAUUSD_DukasM1_Infinox";"Buy";"2007.07.04 00:00:00";"653.00";"0.17";"2007.07.05 16:42:00";"652.14";"-21.95";"12854.16";"IS";"TrailingStop";"-14.62";"59.42";"1d 16h 42m";""
"158";"XAUUSD_DukasM1_Infinox";"Buy";"2007.07.12 00:01:00";"660.75";"0.15";"2007.07.13 17:46:00";"663.19";"33.92";"12888.09";"IS";"TrailingStop";"-6.42";"126.70";"1d 17h 45m";""
"159";"XAUUSD_DukasM1_Infinox";"Buy";"2007.07.24 00:00:00";"681.20";"0.19";"2007.07.24 23:57:00";"680.35";"-19.62";"12868.47";"IS";"TrailingStop";"-16.68";"109.67";"23h 57m";""
"160";"XAUUSD_DukasM1_Infinox";"Buy";"2007.08.03 01:00:00";"664.72";"0.14";"2007.08.03 22:05:00";"675.07";"144.20";"13012.67";"IS";"PT";"-5.92";"144.90";"21h 5m";""
"161";"XAUUSD_DukasM1_Infinox";"Buy";"2007.08.07 00:00:00";"671.66";"0.16";"2007.08.07 15:51:00";"666.68";"-80.48";"12932.19";"IS";"TrailingStop";"-79.68";"7.54";"15h 51m";""
"162";"XAUUSD_DukasM1_Infinox";"Buy";"2007.08.14 00:00:00";"669.13";"0.18";"2007.08.15 11:13:00";"664.16";"-92.70";"12839.49";"IS";"TrailingStop";"-89.46";"33.10";"1d 11h 13m";""
"163";"XAUUSD_DukasM1_Infinox";"Buy";"2007.08.24 00:30:00";"659.50";"0.16";"2007.08.24 23:10:00";"668.54";"141.79";"12981.28";"IS";"PT";"-42.08";"144.64";"22h 40m";""
"164";"XAUUSD_DukasM1_Infinox";"Buy";"2007.08.28 00:00:00";"667.15";"0.23";"2007.08.28 17:52:00";"663.57";"-83.49";"12897.79";"IS";"TrailingStop";"-82.34";"15.34";"17h 52m";""
"165";"XAUUSD_DukasM1_Infinox";"Buy";"2007.08.31 00:00:00";"664.89";"0.19";"2007.08.31 15:04:00";"672.60";"145.54";"13043.33";"IS";"PT";"-15.09";"146.49";"15h 4m";""
"166";"XAUUSD_DukasM1_Infinox";"Buy";"2007.09.06 00:00:00";"681.58";"0.17";"2007.09.06 18:19:00";"690.04";"142.97";"13186.30";"IS";"PT";"-17.70";"143.82";"18h 19m";""
"167";"XAUUSD_DukasM1_Infinox";"Buy";"2007.09.13 00:00:00";"711.17";"0.14";"2007.09.13 13:28:00";"705.95";"-73.78";"13112.52";"IS";"TrailingStop";"-73.08";"12.33";"13h 28m";""
"168";"XAUUSD_DukasM1_Infinox";"Buy";"2007.09.20 00:00:00";"720.99";"0.13";"2007.09.20 15:56:00";"731.71";"138.71";"13251.23";"IS";"PT";"-6.41";"139.36";"15h 56m";""
"169";"XAUUSD_DukasM1_Infinox";"Buy";"2007.09.27 01:00:00";"727.79";"0.11";"2007.09.28 00:41:00";"728.58";"6.58";"13257.81";"IS";"TrailingStop";"-12.30";"84.35";"23h 41m";""
"170";"XAUUSD_DukasM1_Infinox";"Buy";"2007.09.28 02:00:00";"734.38";"0.1";"2007.10.02 06:49:00";"741.60";"68.84";"13326.65";"IS";"TrailingStop";"-29.02";"129.96";"4d 4h 49m";""
"171";"XAUUSD_DukasM1_Infinox";"Buy";"2007.10.17 00:00:00";"760.26";"0.1";"2007.10.17 09:05:00";"755.52";"-47.90";"13278.75";"IS";"TrailingStop";"-47.40";"43.88";"9h 5m";""
"172";"XAUUSD_DukasM1_Infinox";"Buy";"2007.11.02 00:00:00";"787.21";"0.1";"2007.11.02 18:39:00";"801.36";"141.00";"13419.75";"IS";"PT";"-3.11";"141.50";"18h 39m";""
"173";"XAUUSD_DukasM1_Infinox";"Buy";"2007.11.09 00:00:00";"833.11";"0.06";"2007.11.12 02:48:00";"825.84";"-44.89";"13374.86";"IS";"TrailingStop";"-43.62";"32.48";"3d 2h 48m";""
"174";"XAUUSD_DukasM1_Infinox";"Buy";"2007.11.22 00:00:00";"799.66";"0.08";"2007.11.23 11:32:00";"807.06";"57.56";"13432.42";"IS";"TrailingStop";"-14.40";"126.11";"1d 11h 32m";""
"175";"XAUUSD_DukasM1_Infinox";"Buy";"2007.12.06 00:00:00";"794.94";"0.09";"2007.12.07 16:40:00";"795.36";"1.94";"13434.36";"IS";"TrailingStop";"-90.95";"92.74";"1d 16h 40m";""
"176";"XAUUSD_DukasM1_Infinox";"Buy";"2007.12.12 00:00:00";"796.72";"0.09";"2007.12.12 16:02:00";"812.55";"142.02";"13576.38";"IS";"PT";"-11.68";"142.47";"16h 2m";""
"177";"XAUUSD_DukasM1_Infinox";"Buy";"2007.12.20 01:00:00";"802.57";"0.13";"2007.12.20 16:57:00";"796.16";"-83.98";"13492.40";"IS";"TrailingStop";"-83.33";"3.91";"15h 57m";""
"178";"XAUUSD_DukasM1_Infinox";"Buy";"2007.12.28 01:00:00";"827.33";"0.12";"2007.12.28 23:43:00";"839.71";"146.03";"13638.43";"IS";"PT";"-35.52";"148.56";"22h 43m";""
"179";"XAUUSD_DukasM1_Infinox";"Buy";"2008.01.01 00:00:00";"833.22";"0.12";"2008.01.02 06:15:00";"835.16";"20.74";"13659.16";"IS";"TrailingStop";"-4.26";"61.10";"1d 6h 15m";""
"180";"XAUUSD_DukasM1_Infinox";"Buy";"2008.01.10 00:00:00";"878.56";"0.07";"2008.01.10 09:57:00";"872.94";"-39.69";"13619.47";"IS";"TrailingStop";"-39.34";"36.50";"9h 57m";""
"181";"XAUUSD_DukasM1_Infinox";"Buy";"2008.01.16 00:00:00";"888.01";"0.06";"2008.01.16 09:17:00";"887.27";"-4.74";"13614.73";"IS";"TrailingStop";"-5.05";"68.54";"9h 17m";""
"182";"XAUUSD_DukasM1_Infinox";"Buy";"2008.01.24 00:00:00";"890.22";"0.05";"2008.01.25 10:10:00";"915.60";"125.78";"13740.52";"IS";"PT";"-7.46";"126.90";"1d 10h 10m";""
"183";"XAUUSD_DukasM1_Infinox";"Buy";"2008.01.30 00:00:00";"923.32";"0.08";"2008.01.30 16:05:00";"917.23";"-49.12";"13691.40";"IS";"TrailingStop";"-48.72";"21.75";"16h 5m";""
"184";"XAUUSD_DukasM1_Infinox";"Buy";"2008.02.01 00:00:00";"925.67";"0.08";"2008.02.01 16:38:00";"926.37";"5.20";"13696.60";"IS";"TrailingStop";"-15.58";"85.73";"16h 38m";""
"185";"XAUUSD_DukasM1_Infinox";"Buy";"2008.02.12 00:00:00";"923.07";"0.09";"2008.02.12 14:50:00";"916.04";"-63.72";"13632.88";"IS";"TrailingStop";"-63.27";"11.68";"14h 50m";""
"186";"XAUUSD_DukasM1_Infinox";"Buy";"2008.03.07 00:00:00";"978.63";"0.05";"2008.03.07 16:39:00";"974.56";"-20.60";"13612.28";"IS";"TrailingStop";"-22.70";"44.28";"16h 39m";""
"187";"XAUUSD_DukasM1_Infinox";"Buy";"2008.03.28 00:00:00";"947.57";"0.08";"2008.03.28 10:19:00";"940.86";"-54.08";"13558.20";"IS";"TrailingStop";"-53.68";"23.89";"10h 19m";""
"188";"XAUUSD_DukasM1_Infinox";"Buy";"2008.04.09 00:00:00";"914.38";"0.09";"2008.04.09 10:14:00";"908.74";"-51.21";"13506.99";"IS";"TrailingStop";"-50.76";"32.37";"10h 14m";""
"189";"XAUUSD_DukasM1_Infinox";"Buy";"2008.04.11 00:00:00";"928.47";"0.07";"2008.04.11 09:27:00";"918.80";"-68.04";"13438.95";"IS";"TrailingStop";"-67.69";"5.23";"9h 27m";""
"190";"XAUUSD_DukasM1_Infinox";"Buy";"2008.04.18 00:00:00";"938.39";"0.1";"2008.04.18 12:44:00";"938.97";"5.30";"13444.25";"IS";"TrailingStop";"-3.75";"79.46";"12h 44m";""
"191";"XAUUSD_DukasM1_Infinox";"Buy";"2008.05.23 01:30:00";"919.66";"0.08";"2008.05.27 09:40:00";"924.95";"39.06";"13483.30";"IS";"TrailingStop";"-39.90";"85.86";"4d 8h 10m";""
"192";"XAUUSD_DukasM1_Infinox";"Buy";"2008.06.10 00:00:00";"892.44";"0.08";"2008.06.10 10:48:00";"883.66";"-70.64";"13412.67";"IS";"TrailingStop";"-70.24";"16.13";"10h 48m";""
"193";"XAUUSD_DukasM1_Infinox";"Buy";"2008.06.13 00:00:00";"867.85";"0.08";"2008.06.13 12:32:00";"864.71";"-25.52";"13387.14";"IS";"TrailingStop";"-25.12";"48.76";"12h 32m";""
"194";"XAUUSD_DukasM1_Infinox";"Buy";"2008.06.26 01:30:00";"885.01";"0.09";"2008.06.26 15:20:00";"900.86";"142.20";"13529.34";"IS";"PT";"-6.65";"142.65";"13h 50m";""
"195";"XAUUSD_DukasM1_Infinox";"Buy";"2008.07.01 00:00:00";"924.94";"0.08";"2008.07.01 17:14:00";"941.75";"134.08";"13663.42";"IS";"PT";"-27.10";"134.48";"17h 14m";""
"196";"XAUUSD_DukasM1_Infinox";"Buy";"2008.08.21 00:00:00";"813.04";"0.06";"2008.08.21 17:51:00";"836.80";"142.26";"13805.68";"IS";"PT";"-14.44";"142.56";"17h 51m";""
"197";"XAUUSD_DukasM1_Infinox";"Buy";"2008.08.28 00:00:00";"826.30";"0.08";"2008.08.28 17:48:00";"832.21";"46.88";"13852.56";"IS";"TrailingStop";"-8.45";"138.19";"17h 48m";""
"198";"XAUUSD_DukasM1_Infinox";"Buy";"2008.09.09 00:00:00";"801.97";"0.06";"2008.09.09 15:39:00";"791.63";"-62.34";"13790.22";"IS";"TrailingStop";"-62.04";"15.40";"15h 39m";""
"199";"XAUUSD_DukasM1_Infinox";"Buy";"2008.09.17 00:00:00";"778.93";"0.05";"2008.09.17 17:07:00";"803.99";"125.05";"13915.27";"IS";"PT";"-27.03";"125.30";"17h 7m";""
"200";"XAUUSD_DukasM1_Infinox";"Buy";"2008.09.24 00:00:00";"891.12";"0.04";"2008.09.24 18:02:00";"883.06";"-32.44";"13882.83";"IS";"TrailingStop";"-59.84";"38.13";"18h 2m";""
"201";"XAUUSD_DukasM1_Infinox";"Buy";"2008.10.10 00:30:00";"911.05";"0.03";"2008.10.10 15:20:00";"903.30";"-23.40";"13859.43";"IS";"TrailingStop";"-23.25";"56.53";"14h 50m";""
"202";"XAUUSD_DukasM1_Infinox";"Buy";"2008.10.16 00:00:00";"845.22";"0.04";"2008.10.16 10:56:00";"828.16";"-68.44";"13791.00";"IS";"TrailingStop";"-68.24";"14.82";"10h 56m";""
"203";"XAUUSD_DukasM1_Infinox";"Buy";"2008.11.06 00:00:00";"739.89";"0.04";"2008.11.06 18:18:00";"738.32";"-6.48";"13784.51";"IS";"TrailingStop";"-23.37";"80.72";"18h 18m";""
"204";"XAUUSD_DukasM1_Infinox";"Buy";"2008.11.12 00:00:00";"731.01";"0.06";"2008.11.12 15:02:00";"727.13";"-23.58";"13760.93";"IS";"TrailingStop";"-23.28";"45.39";"15h 2m";""
"205";"XAUUSD_DukasM1_Infinox";"Buy";"2008.11.26 00:00:00";"820.12";"0.04";"2008.12.01 12:33:00";"797.35";"-94.47";"13666.47";"IS";"SL";"-91.08";"9.20";"5d 12h 33m";""
"206";"XAUUSD_DukasM1_Infinox";"Buy";"2008.12.04 00:00:00";"773.85";"0.05";"2008.12.04 20:16:00";"764.81";"-45.45";"13621.02";"IS";"TrailingStop";"-56.24";"43.87";"20h 16m";""
"207";"XAUUSD_DukasM1_Infinox";"Buy";"2008.12.19 00:00:00";"852.51";"0.05";"2008.12.19 11:30:00";"840.32";"-61.20";"13559.82";"IS";"TrailingStop";"-60.95";"5.72";"11h 30m";""
"208";"XAUUSD_DukasM1_Infinox";"Buy";"2008.12.26 00:00:00";"843.93";"0.41";"2008.12.26 04:09:00";"847.49";"143.91";"13703.73";"IS";"PT";"-83.03";"145.96";"4h 9m";""
"209";"XAUUSD_DukasM1_Infinox";"Buy";"2008.12.31 00:30:00";"872.50";"0.07";"2008.12.31 13:50:00";"861.57";"-76.86";"13626.87";"IS";"TrailingStop";"-76.51";"12.63";"13h 20m";""
"210";"XAUUSD_DukasM1_Infinox";"Buy";"2009.01.02 01:30:00";"881.20";"0.39";"2009.01.02 02:01:00";"885.69";"173.00";"13799.87";"IS";"PT";"-11.27";"174.95";"31m 0s";""
"211";"XAUUSD_DukasM1_Infinox";"Buy";"2009.01.02 02:01:00";"885.89";"0.37";"2009.01.02 02:12:00";"883.18";"-102.12";"13697.75";"IS";"SL";"-100.27";"12.21";"11m 0s";""
"212";"XAUUSD_DukasM1_Infinox";"Buy";"2009.01.20 00:00:00";"835.38";"0.09";"2009.01.20 10:04:00";"824.47";"-98.64";"13599.11";"IS";"SL";"-98.19";"3.70";"10h 4m";""
"213";"XAUUSD_DukasM1_Infinox";"Buy";"2009.01.22 00:00:00";"853.59";"0.05";"2009.01.22 15:20:00";"845.31";"-41.65";"13557.46";"IS";"TrailingStop";"-41.40";"27.20";"15h 20m";""
"214";"XAUUSD_DukasM1_Infinox";"Buy";"2009.01.28 00:00:00";"898.48";"0.07";"2009.01.28 11:15:00";"890.60";"-55.51";"13501.95";"IS";"TrailingStop";"-55.16";"31.46";"11h 15m";""
"215";"XAUUSD_DukasM1_Infinox";"Buy";"2009.02.03 00:00:00";"904.40";"0.05";"2009.02.03 18:48:00";"895.40";"-45.25";"13456.70";"IS";"TrailingStop";"-48.75";"39.33";"18h 48m";""
"216";"XAUUSD_DukasM1_Infinox";"Buy";"2009.02.20 00:00:00";"973.72";"0.06";"2009.02.20 15:57:00";"997.16";"140.34";"13597.04";"IS";"PT";"-24.10";"140.64";"15h 57m";""
"217";"XAUUSD_DukasM1_Infinox";"Buy";"2009.02.24 00:00:00";"990.57";"0.05";"2009.02.24 16:40:00";"979.75";"-54.35";"13542.69";"IS";"TrailingStop";"-54.10";"19.08";"16h 40m";""
"218";"XAUUSD_DukasM1_Infinox";"Buy";"2009.04.02 00:30:00";"926.38";"0.09";"2009.04.02 11:17:00";"920.34";"-54.81";"13487.88";"IS";"TrailingStop";"-54.36";"19.57";"10h 47m";""
"219";"XAUUSD_DukasM1_Infinox";"Buy";"2009.04.10 03:30:00";"877.66";"0.11";"2009.04.13 15:30:00";"890.77";"141.78";"13629.66";"IS";"PT";"-5.07";"144.21";"3d 12h 0m";""
"220";"XAUUSD_DukasM1_Infinox";"Buy";"2009.04.15 00:00:00";"890.11";"0.09";"2009.04.16 16:38:00";"886.12";"-41.03";"13588.63";"IS";"TrailingStop";"-35.91";"71.93";"1d 16h 38m";""
"221";"XAUUSD_DukasM1_Infinox";"Buy";"2009.04.22 00:00:00";"883.48";"0.08";"2009.04.23 17:30:00";"900.55";"132.04";"13720.67";"IS";"PT";"-17.74";"136.56";"1d 17h 30m";""
"222";"XAUUSD_DukasM1_Infinox";"Buy";"2009.04.28 00:00:00";"905.93";"0.1";"2009.04.28 03:14:00";"897.91";"-80.70";"13639.97";"IS";"TrailingStop";"-80.20";"5.63";"3h 14m";""
"223";"XAUUSD_DukasM1_Infinox";"Buy";"2009.05.06 00:30:00";"895.67";"0.08";"2009.05.07 12:27:00";"913.66";"139.34";"13779.31";"IS";"PT";"-9.54";"143.92";"1d 11h 57m";""
"224";"XAUUSD_DukasM1_Infinox";"Buy";"2009.05.08 01:30:00";"911.34";"0.08";"2009.05.08 17:02:00";"909.01";"-19.04";"13760.27";"IS";"TrailingStop";"-18.64";"62.44";"15h 32m";""
"225";"XAUUSD_DukasM1_Infinox";"Buy";"2009.05.12 00:00:00";"912.95";"0.12";"2009.05.13 02:25:00";"925.14";"143.55";"13903.82";"IS";"PT";"-19.28";"146.28";"1d 2h 25m";""
"226";"XAUUSD_DukasM1_Infinox";"Buy";"2009.06.11 02:00:00";"955.56";"0.09";"2009.06.11 14:10:00";"948.35";"-65.34";"13838.48";"IS";"TrailingStop";"-64.89";"16.73";"12h 10m";""
"227";"XAUUSD_DukasM1_Infinox";"Buy";"2009.06.12 03:00:00";"956.68";"0.09";"2009.06.12 14:44:00";"946.04";"-96.21";"13742.27";"IS";"SL";"-95.76";"9.90";"11h 44m";""
"228";"XAUUSD_DukasM1_Infinox";"Buy";"2009.06.19 03:00:00";"933.04";"0.09";"2009.06.22 12:22:00";"929.54";"-33.58";"13708.68";"IS";"TrailingStop";"-31.50";"49.52";"3d 9h 22m";""
"229";"XAUUSD_DukasM1_Infinox";"Buy";"2009.07.03 00:00:00";"929.48";"0.11";"2009.07.06 09:46:00";"926.88";"-31.14";"13677.54";"IS";"TrailingStop";"-28.66";"48.17";"3d 9h 46m";""
"230";"XAUUSD_DukasM1_Infinox";"Buy";"2009.07.17 00:00:00";"937.03";"0.13";"2009.07.20 12:11:00";"948.12";"141.15";"13818.70";"IS";"PT";"-72.92";"144.17";"3d 12h 11m";""
"231";"XAUUSD_DukasM1_Infinox";"Buy";"2009.07.22 00:00:00";"948.32";"0.12";"2009.07.23 16:12:00";"947.92";"-12.04";"13806.66";"IS";"TrailingStop";"-45.37";"94.98";"1d 16h 12m";""
"232";"XAUUSD_DukasM1_Infinox";"Buy";"2009.07.24 01:30:00";"947.38";"0.11";"2009.07.28 14:55:00";"950.32";"27.74";"13834.40";"IS";"TrailingStop";"-9.46";"121.47";"4d 13h 25m";""
"233";"XAUUSD_DukasM1_Infinox";"Buy";"2009.08.06 01:30:00";"963.62";"0.1";"2009.08.06 20:28:00";"959.53";"-41.40";"13793.00";"IS";"TrailingStop";"-47.23";"76.64";"18h 58m";""
"234";"XAUUSD_DukasM1_Infinox";"Buy";"2009.08.21 02:00:00";"940.08";"0.14";"2009.08.21 15:27:00";"950.17";"140.56";"13933.56";"IS";"PT";"-37.16";"141.26";"13h 27m";""
"235";"XAUUSD_DukasM1_Infinox";"Buy";"2009.08.25 00:00:00";"941.49";"0.09";"2009.08.25 19:59:00";"944.62";"27.72";"13961.28";"IS";"TrailingStop";"-9.74";"110.66";"19h 59m";""
"236";"XAUUSD_DukasM1_Infinox";"Buy";"2009.08.27 01:00:00";"944.31";"0.12";"2009.08.27 16:53:00";"941.63";"-32.76";"13928.52";"IS";"TrailingStop";"-32.16";"61.80";"15h 53m";""
"237";"XAUUSD_DukasM1_Infinox";"Buy";"2009.09.01 00:00:00";"950.97";"0.12";"2009.09.01 13:36:00";"947.68";"-40.08";"13888.44";"IS";"TrailingStop";"-39.48";"46.55";"13h 36m";""
"238";"XAUUSD_DukasM1_Infinox";"Buy";"2009.09.09 00:30:00";"995.21";"0.08";"2009.09.09 13:16:00";"992.91";"-18.80";"13869.64";"IS";"TrailingStop";"-18.40";"59.22";"12h 46m";""
"239";"XAUUSD_DukasM1_Infinox";"Buy";"2009.09.15 00:00:00";"999.91";"0.09";"2009.09.16 08:58:00";"1015.35";"136.76";"14006.40";"IS";"PT";"-59.95";"138.96";"1d 8h 58m";""
"240";"XAUUSD_DukasM1_Infinox";"Buy";"2009.09.18 00:00:00";"1013.17";"0.08";"2009.09.18 17:09:00";"1007.50";"-45.76";"13960.64";"IS";"TrailingStop";"-49.52";"33.18";"17h 9m";""
"241";"XAUUSD_DukasM1_Infinox";"Buy";"2009.09.24 02:30:00";"1007.66";"0.08";"2009.09.24 17:07:00";"1006.86";"-6.80";"13953.84";"IS";"TrailingStop";"-10.80";"84.17";"14h 37m";""
"242";"XAUUSD_DukasM1_Infinox";"Buy";"2009.10.02 00:00:00";"998.93";"0.09";"2009.10.02 15:34:00";"992.28";"-60.30";"13893.54";"IS";"TrailingStop";"-59.85";"26.54";"15h 34m";""
"243";"XAUUSD_DukasM1_Infinox";"Buy";"2009.10.08 00:00:00";"1043.82";"0.09";"2009.10.08 16:20:00";"1046.49";"23.58";"13917.12";"IS";"TrailingStop";"-6.30";"129.18";"16h 20m";""
"244";"XAUUSD_DukasM1_Infinox";"Buy";"2009.10.21 00:00:00";"1054.95";"0.08";"2009.10.21 14:38:00";"1050.48";"-36.16";"13880.96";"IS";"TrailingStop";"-35.76";"37.04";"14h 38m";""
"245";"XAUUSD_DukasM1_Infinox";"Buy";"2009.10.23 01:00:00";"1059.59";"0.09";"2009.10.23 18:18:00";"1055.31";"-38.97";"13841.99";"IS";"TrailingStop";"-38.52";"66.18";"17h 18m";""
"246";"XAUUSD_DukasM1_Infinox";"Buy";"2009.11.06 00:00:00";"1090.07";"0.1";"2009.11.09 08:30:00";"1104.81";"144.78";"13986.77";"IS";"PT";"-23.22";"147.40";"3d 8h 30m";""
"247";"XAUUSD_DukasM1_Infinox";"Buy";"2009.11.11 00:00:00";"1105.34";"0.09";"2009.11.12 08:56:00";"1121.82";"142.07";"14128.83";"IS";"PT";"-6.69";"148.32";"1d 8h 56m";""
"248";"XAUUSD_DukasM1_Infinox";"Buy";"2009.11.13 00:00:00";"1103.35";"0.08";"2009.11.16 01:05:00";"1120.60";"135.88";"14264.72";"IS";"PT";"-23.74";"155.02";"3d 1h 5m";""
"249";"XAUUSD_DukasM1_Infinox";"Buy";"2009.11.18 00:00:00";"1141.21";"0.08";"2009.11.19 10:16:00";"1138.21";"-29.73";"14234.99";"IS";"TrailingStop";"-45.54";"84.58";"1d 10h 16m";""
"250";"XAUUSD_DukasM1_Infinox";"Buy";"2009.11.20 01:00:00";"1143.63";"0.08";"2009.11.20 14:06:00";"1137.14";"-52.32";"14182.67";"IS";"TrailingStop";"-51.92";"24.10";"13h 6m";""
"251";"XAUUSD_DukasM1_Infinox";"Buy";"2009.11.25 00:00:00";"1168.89";"0.08";"2009.11.25 21:22:00";"1187.10";"145.28";"14327.95";"IS";"PT";"-21.08";"145.68";"21h 22m";""
"252";"XAUUSD_DukasM1_Infinox";"Buy";"2009.11.27 00:00:00";"1192.45";"0.1";"2009.11.27 07:37:00";"1182.56";"-99.40";"14228.55";"IS";"SL";"-98.90";"0.48";"7h 37m";""
"253";"XAUUSD_DukasM1_Infinox";"Buy";"2009.12.04 01:30:00";"1210.42";"0.06";"2009.12.04 15:44:00";"1193.80";"-100.02";"14128.53";"IS";"SL";"-99.72";"7.30";"14h 14m";""
"254";"XAUUSD_DukasM1_Infinox";"Buy";"2009.12.16 00:00:00";"1124.78";"0.07";"2009.12.17 06:41:00";"1129.73";"29.71";"14158.24";"IS";"TrailingStop";"-26.35";"115.00";"1d 6h 41m";""
"255";"XAUUSD_DukasM1_Infinox";"Buy";"2010.01.06 00:30:00";"1117.13";"0.09";"2010.01.06 17:10:00";"1133.13";"143.55";"14301.79";"OOS1";"PT";"-15.78";"144.00";"16h 40m";""
"256";"XAUUSD_DukasM1_Infinox";"Buy";"2010.01.08 00:00:00";"1131.14";"0.09";"2010.01.08 07:56:00";"1120.10";"-99.81";"14201.98";"OOS1";"SL";"-99.36";"0.48";"7h 56m";""
"257";"XAUUSD_DukasM1_Infinox";"Buy";"2010.01.27 01:30:00";"1098.46";"0.08";"2010.01.27 17:42:00";"1090.85";"-61.28";"14140.70";"OOS1";"TrailingStop";"-60.88";"27.14";"16h 12m";""
"258";"XAUUSD_DukasM1_Infinox";"Buy";"2010.02.04 00:00:00";"1109.33";"0.08";"2010.02.04 12:56:00";"1101.07";"-66.48";"14074.22";"OOS1";"TrailingStop";"-66.08";"11.11";"12h 56m";""
"259";"XAUUSD_DukasM1_Infinox";"Buy";"2010.02.11 00:00:00";"1071.75";"0.06";"2010.02.11 18:45:00";"1093.20";"128.40";"14202.62";"OOS1";"PT";"-10.84";"128.70";"18h 45m";""
"260";"XAUUSD_DukasM1_Infinox";"Buy";"2010.02.18 00:31:00";"1108.70";"0.06";"2010.02.18 23:51:00";"1109.35";"2.31";"14204.93";"OOS1";"TrailingStop";"-66.04";"89.98";"23h 20m";""
"261";"XAUUSD_DukasM1_Infinox";"Buy";"2010.02.23 00:00:00";"1113.93";"0.07";"2010.02.23 13:17:00";"1109.66";"-30.24";"14174.69";"OOS1";"TrailingStop";"-29.89";"45.30";"13h 17m";""
"262";"XAUUSD_DukasM1_Infinox";"Buy";"2010.03.02 00:00:00";"1118.54";"0.09";"2010.03.02 19:57:00";"1135.04";"148.05";"14322.74";"OOS1";"PT";"-38.43";"148.50";"19h 57m";""
"263";"XAUUSD_DukasM1_Infinox";"Buy";"2010.03.18 00:00:00";"1124.15";"0.09";"2010.03.19 16:26:00";"1117.62";"-61.19";"14261.55";"OOS1";"TrailingStop";"-58.77";"41.82";"1d 16h 26m";""
"264";"XAUUSD_DukasM1_Infinox";"Buy";"2010.04.09 03:30:00";"1150.62";"0.11";"2010.04.09 18:34:00";"1163.12";"136.95";"14398.50";"OOS1";"PT";"-18.08";"137.50";"15h 4m";""
"265";"XAUUSD_DukasM1_Infinox";"Buy";"2010.04.13 00:30:00";"1155.22";"0.09";"2010.04.13 17:22:00";"1146.72";"-76.95";"14321.55";"OOS1";"TrailingStop";"-76.50";"14.87";"16h 52m";""
"266";"XAUUSD_DukasM1_Infinox";"Buy";"2010.04.23 03:01:00";"1139.84";"0.09";"2010.04.23 18:12:00";"1155.19";"137.70";"14459.25";"OOS1";"PT";"-47.12";"138.15";"15h 11m";""
"267";"XAUUSD_DukasM1_Infinox";"Buy";"2010.04.27 00:00:00";"1153.42";"0.11";"2010.04.27 15:00:00";"1148.39";"-55.88";"14403.37";"OOS1";"TrailingStop";"-55.33";"34.55";"15h 0m";""
"268";"XAUUSD_DukasM1_Infinox";"Buy";"2010.04.29 01:30:00";"1168.01";"0.08";"2010.04.29 15:57:00";"1162.14";"-47.36";"14356.01";"OOS1";"TrailingStop";"-46.96";"21.95";"14h 27m";""
"269";"XAUUSD_DukasM1_Infinox";"Buy";"2010.04.30 02:00:00";"1169.19";"0.09";"2010.05.03 16:35:00";"1184.12";"131.87";"14487.89";"OOS1";"PT";"-18.67";"134.37";"3d 14h 35m";""
"270";"XAUUSD_DukasM1_Infinox";"Buy";"2010.05.14 00:00:00";"1232.59";"0.07";"2010.05.14 16:59:00";"1237.39";"33.25";"14521.14";"OOS1";"TrailingStop";"-8.10";"113.16";"16h 59m";""
"271";"XAUUSD_DukasM1_Infinox";"Buy";"2010.05.28 02:00:00";"1211.34";"0.09";"2010.05.28 16:54:00";"1205.75";"-50.76";"14470.38";"OOS1";"TrailingStop";"-50.31";"31.47";"14h 54m";""
"272";"XAUUSD_DukasM1_Infinox";"Buy";"2010.06.03 00:00:00";"1223.14";"0.09";"2010.06.03 12:48:00";"1215.78";"-66.69";"14403.69";"OOS1";"TrailingStop";"-66.24";"9.21";"12h 48m";""
"273";"XAUUSD_DukasM1_Infinox";"Buy";"2010.06.15 00:00:00";"1220.96";"0.08";"2010.06.16 19:32:00";"1228.19";"55.54";"14459.23";"OOS1";"TrailingStop";"-13.66";"128.22";"1d 19h 32m";""
"274";"XAUUSD_DukasM1_Infinox";"Buy";"2010.06.17 00:00:00";"1228.99";"0.09";"2010.06.17 16:17:00";"1244.42";"138.42";"14597.65";"OOS1";"PT";"-5.25";"138.87";"16h 17m";""
"275";"XAUUSD_DukasM1_Infinox";"Buy";"2010.06.24 01:30:00";"1237.12";"0.08";"2010.06.24 10:34:00";"1228.24";"-71.44";"14526.21";"OOS1";"TrailingStop";"-71.04";"3.89";"9h 4m";""
"276";"XAUUSD_DukasM1_Infinox";"Buy";"2010.07.01 00:00:00";"1242.08";"0.07";"2010.07.01 16:12:00";"1234.43";"-53.90";"14472.31";"OOS1";"TrailingStop";"-53.55";"9.79";"16h 12m";""
"277";"XAUUSD_DukasM1_Infinox";"Buy";"2010.07.06 00:00:00";"1208.00";"0.14";"2010.07.06 04:44:00";"1202.46";"-78.26";"14394.05";"OOS1";"TrailingStop";"-77.56";"23.16";"4h 44m";""
"278";"XAUUSD_DukasM1_Infinox";"Buy";"2010.07.09 00:31:00";"1198.06";"0.08";"2010.07.12 14:55:00";"1202.54";"33.58";"14427.62";"OOS1";"TrailingStop";"-34.46";"120.95";"3d 14h 24m";""
"279";"XAUUSD_DukasM1_Infinox";"Buy";"2010.07.13 00:00:00";"1197.19";"0.08";"2010.07.13 15:51:00";"1214.19";"135.60";"14563.22";"OOS1";"PT";"-14.74";"136.00";"15h 51m";""
"280";"XAUUSD_DukasM1_Infinox";"Buy";"2010.07.15 00:00:00";"1208.00";"0.08";"2010.07.15 17:05:00";"1205.68";"-18.96";"14544.26";"OOS1";"TrailingStop";"-18.56";"69.91";"17h 5m";""
"281";"XAUUSD_DukasM1_Infinox";"Buy";"2010.07.22 00:00:00";"1184.81";"0.08";"2010.07.23 15:12:00";"1202.39";"138.40";"14682.66";"OOS1";"PT";"-31.70";"140.64";"1d 15h 12m";""
"282";"XAUUSD_DukasM1_Infinox";"Buy";"2010.08.06 00:00:00";"1194.63";"0.1";"2010.08.06 16:46:00";"1208.48";"138.00";"14820.66";"OOS1";"PT";"-30.50";"138.50";"16h 46m";""
"283";"XAUUSD_DukasM1_Infinox";"Buy";"2010.08.10 00:00:00";"1201.17";"0.11";"2010.08.10 15:05:00";"1192.77";"-92.95";"14727.71";"OOS1";"SL";"-92.40";"5.26";"15h 5m";""
"284";"XAUUSD_DukasM1_Infinox";"Buy";"2010.08.27 00:00:00";"1237.32";"0.11";"2010.09.01 11:21:00";"1250.70";"138.69";"14866.40";"OOS1";"PT";"-64.66";"147.18";"5d 11h 21m";""
"285";"XAUUSD_DukasM1_Infinox";"Buy";"2010.09.02 00:00:00";"1244.00";"0.1";"2010.09.03 15:30:00";"1246.73";"24.38";"14890.78";"OOS1";"TrailingStop";"-12.47";"95.22";"1d 15h 30m";""
"286";"XAUUSD_DukasM1_Infinox";"Buy";"2010.09.22 00:00:00";"1286.68";"0.07";"2010.09.28 01:09:00";"1292.39";"29.11";"14919.90";"OOS1";"TrailingStop";"-9.56";"90.10";"6d 1h 9m";""
"287";"XAUUSD_DukasM1_Infinox";"Buy";"2010.10.05 00:00:00";"1315.01";"0.12";"2010.10.05 10:53:00";"1326.96";"142.80";"15062.70";"OOS1";"PT";"-41.23";"143.40";"10h 53m";""
"288";"XAUUSD_DukasM1_Infinox";"Buy";"2010.10.13 00:00:00";"1349.98";"0.07";"2010.10.13 17:40:00";"1369.62";"137.13";"15199.83";"OOS1";"PT";"-12.38";"137.48";"17h 40m";""
"289";"XAUUSD_DukasM1_Infinox";"Buy";"2010.10.27 00:00:00";"1340.20";"0.08";"2010.10.27 08:35:00";"1332.57";"-61.44";"15138.39";"OOS1";"TrailingStop";"-61.04";"23.73";"8h 35m";""
"290";"XAUUSD_DukasM1_Infinox";"Buy";"2010.11.10 00:00:00";"1392.72";"0.04";"2010.11.10 17:04:00";"1391.91";"-3.44";"15134.95";"OOS1";"TrailingStop";"-12.28";"67.66";"17h 4m";""
"291";"XAUUSD_DukasM1_Infinox";"Buy";"2010.11.12 00:00:00";"1408.17";"0.06";"2010.11.12 04:58:00";"1395.28";"-77.64";"15057.31";"OOS1";"TrailingStop";"-77.34";"8.23";"4h 58m";""
"292";"XAUUSD_DukasM1_Infinox";"Buy";"2010.11.25 00:00:00";"1372.92";"0.08";"2010.11.26 07:59:00";"1370.06";"-25.42";"15031.89";"OOS1";"TrailingStop";"-39.77";"16.04";"1d 7h 59m";""
"293";"XAUUSD_DukasM1_Infinox";"Buy";"2010.12.03 01:00:00";"1384.80";"0.07";"2010.12.03 17:19:00";"1405.59";"145.18";"15177.07";"OOS1";"PT";"-9.35";"145.53";"16h 19m";""
"294";"XAUUSD_DukasM1_Infinox";"Buy";"2010.12.22 00:00:00";"1385.27";"0.1";"2010.12.22 22:48:00";"1383.57";"-17.50";"15159.57";"OOS1";"TrailingStop";"-17.00";"56.63";"22h 48m";""
"295";"XAUUSD_DukasM1_Infinox";"Buy";"2010.12.23 01:30:00";"1384.85";"0.12";"2010.12.23 11:33:00";"1381.52";"-40.56";"15119.01";"OOS1";"TrailingStop";"-39.96";"39.83";"10h 3m";""
"296";"XAUUSD_DukasM1_Infinox";"Buy";"2010.12.28 00:30:00";"1383.21";"0.14";"2010.12.28 11:54:00";"1393.47";"142.94";"15261.95";"OOS1";"PT";"-17.68";"143.64";"11h 24m";""
"297";"XAUUSD_DukasM1_Infinox";"Buy";"2010.12.31 01:00:00";"1403.89";"0.12";"2010.12.31 17:40:00";"1415.66";"140.64";"15402.59";"OOS1";"PT";"-2.44";"141.24";"16h 40m";""
"298";"XAUUSD_DukasM1_Infinox";"Buy";"2011.01.04 00:30:00";"1414.84";"0.09";"2011.01.04 10:12:00";"1409.13";"-51.84";"15350.75";"OOS1";"TrailingStop";"-51.39";"21.17";"9h 42m";""
"299";"XAUUSD_DukasM1_Infinox";"Buy";"2011.01.14 00:00:00";"1373.29";"0.06";"2011.01.14 11:57:00";"1368.70";"-27.84";"15322.91";"OOS1";"TrailingStop";"-27.54";"28.52";"11h 57m";""
"300";"XAUUSD_DukasM1_Infinox";"Buy";"2011.01.20 01:00:00";"1370.11";"0.09";"2011.01.20 14:17:00";"1361.66";"-76.50";"15246.41";"OOS1";"TrailingStop";"-76.05";"10.37";"13h 17m";""
"301";"XAUUSD_DukasM1_Infinox";"Buy";"2011.02.01 00:00:00";"1332.48";"0.06";"2011.02.01 17:06:00";"1329.92";"-15.66";"15230.75";"OOS1";"TrailingStop";"-15.36";"52.18";"17h 6m";""
"302";"XAUUSD_DukasM1_Infinox";"Buy";"2011.02.10 00:00:00";"1363.32";"0.1";"2011.02.10 14:06:00";"1356.38";"-69.90";"15160.85";"OOS1";"TrailingStop";"-69.40";"9.69";"14h 6m";""
"303";"XAUUSD_DukasM1_Infinox";"Buy";"2011.02.23 00:00:00";"1399.00";"0.07";"2011.02.24 14:41:00";"1417.83";"125.75";"15286.60";"OOS1";"PT";"-24.75";"131.81";"1d 14h 41m";""
"304";"XAUUSD_DukasM1_Infinox";"Buy";"2011.02.25 00:00:00";"1402.27";"0.06";"2011.02.28 10:39:00";"1407.44";"29.08";"15315.68";"OOS1";"TrailingStop";"-15.34";"84.81";"3d 10h 39m";""
"305";"XAUUSD_DukasM1_Infinox";"Buy";"2011.03.01 00:00:00";"1411.15";"0.08";"2011.03.01 19:04:00";"1429.06";"142.88";"15458.56";"OOS1";"PT";"-15.13";"143.28";"19h 4m";""
"306";"XAUUSD_DukasM1_Infinox";"Buy";"2011.03.03 00:00:00";"1434.29";"0.09";"2011.03.03 08:04:00";"1428.16";"-55.62";"15402.94";"OOS1";"TrailingStop";"-55.17";"18.11";"8h 4m";""
"307";"XAUUSD_DukasM1_Infinox";"Buy";"2011.03.08 00:00:00";"1431.53";"0.06";"2011.03.08 16:49:00";"1426.04";"-33.24";"15369.70";"OOS1";"TrailingStop";"-35.95";"31.38";"16h 49m";""
"308";"XAUUSD_DukasM1_Infinox";"Buy";"2011.03.23 00:00:00";"1427.53";"0.09";"2011.03.24 16:35:00";"1443.13";"132.46";"15502.16";"OOS1";"PT";"-17.01";"140.40";"1d 16h 35m";""
"309";"XAUUSD_DukasM1_Infinox";"Buy";"2011.04.08 03:30:00";"1457.57";"0.09";"2011.04.08 13:48:00";"1472.81";"136.71";"15638.87";"OOS1";"PT";"-7.93";"137.16";"10h 18m";""
"310";"XAUUSD_DukasM1_Infinox";"Buy";"2011.04.12 00:00:00";"1463.15";"0.08";"2011.04.12 17:05:00";"1454.39";"-70.48";"15568.39";"OOS1";"TrailingStop";"-75.46";"31.10";"17h 5m";""
"311";"XAUUSD_DukasM1_Infinox";"Buy";"2011.04.20 00:00:00";"1496.23";"0.08";"2011.04.20 20:07:00";"1496.14";"-1.12";"15567.27";"OOS1";"TrailingStop";"-24.95";"76.72";"20h 7m";""
"312";"XAUUSD_DukasM1_Infinox";"Buy";"2011.04.21 00:00:00";"1502.16";"0.09";"2011.04.25 14:47:00";"1511.84";"81.41";"15648.68";"OOS1";"TrailingStop";"-14.51";"143.58";"4d 14h 47m";""
"313";"XAUUSD_DukasM1_Infinox";"Buy";"2011.05.03 00:00:00";"1545.21";"0.04";"2011.05.03 17:07:00";"1534.38";"-43.52";"15605.16";"OOS1";"TrailingStop";"-43.32";"23.14";"17h 7m";""
"314";"XAUUSD_DukasM1_Infinox";"Buy";"2011.05.20 00:00:00";"1493.27";"0.07";"2011.05.20 14:17:00";"1495.44";"14.84";"15620.00";"OOS1";"TrailingStop";"-12.30";"77.73";"14h 17m";""
"315";"XAUUSD_DukasM1_Infinox";"Buy";"2011.06.01 00:00:00";"1535.45";"0.11";"2011.06.01 18:20:00";"1548.87";"147.07";"15767.07";"OOS1";"PT";"-66.39";"147.62";"18h 20m";""
"316";"XAUUSD_DukasM1_Infinox";"Buy";"2011.06.08 00:30:00";"1544.33";"0.09";"2011.06.08 10:39:00";"1536.89";"-67.41";"15699.66";"OOS1";"TrailingStop";"-66.96";"17.30";"10h 9m";""
"317";"XAUUSD_DukasM1_Infinox";"Buy";"2011.06.16 00:00:00";"1530.88";"0.06";"2011.06.20 17:33:00";"1535.66";"24.81";"15724.47";"OOS1";"TrailingStop";"-53.29";"92.12";"4d 17h 33m";""
"318";"XAUUSD_DukasM1_Infinox";"Buy";"2011.07.01 00:00:00";"1500.18";"0.08";"2011.07.01 10:42:00";"1493.27";"-55.68";"15668.79";"OOS1";"TrailingStop";"-55.28";"18.94";"10h 42m";""
"319";"XAUUSD_DukasM1_Infinox";"Buy";"2011.07.08 00:00:00";"1532.10";"0.09";"2011.07.11 10:03:00";"1547.56";"136.01";"15804.80";"OOS1";"PT";"-66.15";"139.14";"3d 10h 3m";""
"320";"XAUUSD_DukasM1_Infinox";"Buy";"2011.07.15 03:00:00";"1586.76";"0.06";"2011.07.19 10:04:00";"1608.11";"124.10";"15928.89";"OOS1";"PT";"-64.21";"128.10";"4d 7h 4m";""
"321";"XAUUSD_DukasM1_Infinox";"Buy";"2011.07.20 00:00:00";"1588.40";"0.06";"2011.07.20 15:59:00";"1582.93";"-33.12";"15895.77";"OOS1";"TrailingStop";"-32.82";"26.76";"15h 59m";""
"322";"XAUUSD_DukasM1_Infinox";"Buy";"2011.07.22 00:00:00";"1590.67";"0.06";"2011.07.25 01:20:00";"1614.92";"143.34";"16039.12";"OOS1";"PT";"-41.14";"145.50";"3d 1h 20m";""
"323";"XAUUSD_DukasM1_Infinox";"Buy";"2011.07.28 00:00:00";"1613.62";"0.06";"2011.07.28 17:13:00";"1609.39";"-25.68";"16013.44";"OOS1";"TrailingStop";"-25.38";"38.02";"17h 13m";""
"324";"XAUUSD_DukasM1_Infinox";"Buy";"2011.08.12 01:30:00";"1762.95";"0.02";"2011.08.12 16:32:00";"1738.58";"-48.84";"15964.60";"OOS1";"TrailingStop";"-48.74";"9.92";"15h 2m";""
"325";"XAUUSD_DukasM1_Infinox";"Buy";"2011.08.24 00:00:00";"1828.15";"0.02";"2011.08.24 16:34:00";"1823.32";"-9.76";"15954.84";"OOS1";"TrailingStop";"-9.66";"51.52";"16h 34m";""
"326";"XAUUSD_DukasM1_Infinox";"Buy";"2011.08.30 00:00:00";"1788.29";"0.02";"2011.08.31 16:50:00";"1817.73";"58.08";"16012.92";"OOS1";"TrailingStop";"-9.01";"102.86";"1d 16h 50m";""
"327";"XAUUSD_DukasM1_Infinox";"Buy";"2011.09.01 00:00:00";"1825.73";"0.03";"2011.09.02 15:31:00";"1864.52";"115.15";"16128.08";"OOS1";"PT";"-35.32";"116.37";"1d 15h 31m";""
"328";"XAUUSD_DukasM1_Infinox";"Buy";"2011.09.07 00:00:00";"1874.95";"0.02";"2011.09.07 07:24:00";"1845.95";"-58.10";"16069.98";"OOS1";"TrailingStop";"-58.00";"10.88";"7h 24m";""
"329";"XAUUSD_DukasM1_Infinox";"Buy";"2011.09.15 00:00:00";"1819.77";"0.03";"2011.09.15 08:29:00";"1804.63";"-45.57";"16024.41";"OOS1";"TrailingStop";"-45.42";"19.60";"8h 29m";""
"330";"XAUUSD_DukasM1_Infinox";"Buy";"2011.09.22 00:00:00";"1782.12";"0.02";"2011.09.22 13:11:00";"1758.14";"-48.06";"15976.35";"OOS1";"TrailingStop";"-47.96";"7.90";"13h 11m";""
"331";"XAUUSD_DukasM1_Infinox";"Buy";"2011.10.12 00:00:00";"1662.29";"0.04";"2011.10.13 08:47:00";"1670.06";"27.00";"16003.35";"OOS1";"TrailingStop";"-7.34";"118.75";"1d 8h 47m";""
"332";"XAUUSD_DukasM1_Infinox";"Buy";"2011.10.14 00:00:00";"1667.50";"0.05";"2011.10.14 17:42:00";"1667.42";"-0.65";"16002.70";"OOS1";"TrailingStop";"-31.89";"80.94";"17h 42m";""
"333";"XAUUSD_DukasM1_Infinox";"Buy";"2011.11.09 00:30:00";"1785.12";"0.05";"2011.11.09 21:23:00";"1779.29";"-29.40";"15973.30";"OOS1";"TrailingStop";"-35.47";"71.90";"20h 53m";""
"334";"XAUUSD_DukasM1_Infinox";"Buy";"2011.11.15 00:00:00";"1780.08";"0.05";"2011.11.15 06:33:00";"1767.75";"-61.90";"15911.40";"OOS1";"TrailingStop";"-61.65";"13.65";"6h 33m";""
"335";"XAUUSD_DukasM1_Infinox";"Buy";"2011.11.24 00:00:00";"1691.85";"0.04";"2011.11.25 08:01:00";"1686.91";"-21.28";"15890.12";"OOS1";"TrailingStop";"-19.76";"39.97";"1d 8h 1m";""
"336";"XAUUSD_DukasM1_Infinox";"Buy";"2011.12.02 00:00:00";"1744.32";"0.05";"2011.12.02 18:50:00";"1742.41";"-9.80";"15880.32";"OOS1";"TrailingStop";"-31.80";"81.94";"18h 50m";""
"337";"XAUUSD_DukasM1_Infinox";"Buy";"2011.12.20 00:00:00";"1594.50";"0.04";"2011.12.21 03:26:00";"1624.85";"119.96";"16000.28";"OOS1";"PT";"-20.92";"121.40";"1d 3h 26m";""
"338";"XAUUSD_DukasM1_Infinox";"Buy";"2011.12.22 00:00:00";"1614.96";"0.04";"2011.12.27 03:00:00";"1594.89";"-84.25";"15916.04";"OOS1";"SL";"-80.28";"7.57";"5d 3h 0m";""
"1";"XAUUSD_DukasM1_Infinox";"Buy";"2012.01.03 00:00:00";"1564.70";"0.07";"2012.01.03 06:39:00";"1586.07";"149.24";"16065.28";"OOS1";"PT";"-1.40";"149.59";"6h 39m";""
"2";"XAUUSD_DukasM1_Infinox";"Buy";"2012.01.25 00:00:00";"1665.05";"0.06";"2012.01.25 11:29:00";"1664.06";"-6.24";"16059.04";"OOS1";"TrailingStop";"-5.94";"30.56";"11h 29m";""
"3";"XAUUSD_DukasM1_Infinox";"Buy";"2012.01.31 00:00:00";"1729.69";"0.06";"2012.01.31 12:30:00";"1738.16";"50.52";"16109.56";"OOS1";"TrailingStop";"-7.74";"91.78";"12h 30m";""
"4";"XAUUSD_DukasM1_Infinox";"Buy";"2012.02.09 00:00:00";"1732.80";"0.05";"2012.02.09 03:35:00";"1725.97";"-34.40";"16075.16";"OOS1";"TrailingStop";"-34.15";"9.90";"3h 35m";""
"5";"XAUUSD_DukasM1_Infinox";"Buy";"2012.02.15 00:00:00";"1720.09";"0.05";"2012.02.15 18:12:00";"1727.74";"38.00";"16113.16";"OOS1";"TrailingStop";"-10.95";"86.27";"18h 12m";""
"6";"XAUUSD_DukasM1_Infinox";"Buy";"2012.02.17 00:00:00";"1728.13";"0.05";"2012.02.17 16:25:00";"1728.84";"3.30";"16116.46";"OOS1";"TrailingStop";"-13.05";"36.61";"16h 25m";""
"7";"XAUUSD_DukasM1_Infinox";"Buy";"2012.03.28 00:00:00";"1680.46";"0.06";"2012.03.28 09:57:00";"1674.55";"-35.76";"16080.70";"OOS1";"TrailingStop";"-35.46";"8.62";"9h 57m";""
"8";"XAUUSD_DukasM1_Infinox";"Buy";"2012.04.12 02:30:00";"1659.43";"0.07";"2012.04.12 20:21:00";"1679.93";"143.15";"16223.85";"OOS1";"PT";"-62.85";"143.50";"17h 51m";""
"9";"XAUUSD_DukasM1_Infinox";"Buy";"2012.05.08 00:00:00";"1638.32";"0.08";"2012.05.08 09:29:00";"1633.99";"-35.04";"16188.81";"OOS1";"TrailingStop";"-34.64";"4.89";"9h 29m";""
"10";"XAUUSD_DukasM1_Infinox";"Buy";"2012.05.22 00:00:00";"1593.09";"0.06";"2012.05.22 09:35:00";"1588.08";"-30.36";"16158.45";"OOS1";"TrailingStop";"-30.06";"7.57";"9h 35m";""
"11";"XAUUSD_DukasM1_Infinox";"Buy";"2012.06.01 00:00:00";"1560.61";"0.04";"2012.06.01 04:06:00";"1551.90";"-35.04";"16123.41";"OOS1";"TrailingStop";"-34.84";"3.21";"4h 6m";""
"12";"XAUUSD_DukasM1_Infinox";"Buy";"2012.06.05 00:00:00";"1618.79";"0.05";"2012.06.05 09:27:00";"1615.70";"-15.70";"16107.71";"OOS1";"TrailingStop";"-15.45";"23.90";"9h 27m";""
"13";"XAUUSD_DukasM1_Infinox";"Buy";"2012.06.07 02:00:00";"1622.51";"0.05";"2012.06.07 12:46:00";"1616.53";"-30.15";"16077.56";"OOS1";"TrailingStop";"-29.90";"16.93";"10h 46m";""
"14";"XAUUSD_DukasM1_Infinox";"Buy";"2012.06.15 00:00:00";"1623.47";"0.05";"2012.06.15 15:15:00";"1620.87";"-13.25";"16064.31";"OOS1";"TrailingStop";"-14.13";"22.66";"15h 15m";""
"15";"XAUUSD_DukasM1_Infinox";"Buy";"2012.06.19 00:00:00";"1628.00";"0.05";"2012.06.19 15:32:00";"1626.13";"-9.60";"16054.71";"OOS1";"TrailingStop";"-14.90";"25.86";"15h 32m";""
"16";"XAUUSD_DukasM1_Infinox";"Buy";"2012.07.05 00:00:00";"1614.95";"0.11";"2012.07.05 08:20:00";"1614.67";"-3.63";"16051.08";"OOS1";"TrailingStop";"-12.65";"44.22";"8h 20m";""
"17";"XAUUSD_DukasM1_Infinox";"Buy";"2012.07.13 02:00:00";"1569.71";"0.05";"2012.07.13 17:05:00";"1596.73";"134.85";"16185.93";"OOS1";"PT";"-18.90";"135.10";"15h 5m";""
"18";"XAUUSD_DukasM1_Infinox";"Buy";"2012.07.31 00:00:00";"1621.93";"0.08";"2012.07.31 10:20:00";"1619.76";"-17.76";"16168.17";"OOS1";"TrailingStop";"-17.36";"27.54";"10h 20m";""
"19";"XAUUSD_DukasM1_Infinox";"Buy";"2012.08.08 00:00:00";"1612.17";"0.09";"2012.08.09 12:33:00";"1612.88";"-2.52";"16165.64";"OOS1";"TrailingStop";"-79.51";"47.83";"1d 12h 33m";""
"20";"XAUUSD_DukasM1_Infinox";"Buy";"2012.09.11 00:00:00";"1725.97";"0.09";"2012.09.11 18:52:00";"1731.49";"49.23";"16214.87";"OOS1";"TrailingStop";"-15.03";"107.84";"18h 52m";""
"21";"XAUUSD_DukasM1_Infinox";"Buy";"2012.09.13 00:00:00";"1730.53";"0.06";"2012.09.13 16:34:00";"1729.49";"-6.54";"16208.33";"OOS1";"TrailingStop";"-12.20";"32.77";"16h 34m";""
"22";"XAUUSD_DukasM1_Infinox";"Buy";"2012.09.20 00:00:00";"1770.33";"0.06";"2012.09.20 06:35:00";"1765.85";"-27.18";"16181.15";"OOS1";"TrailingStop";"-26.88";"11.53";"6h 35m";""
"23";"XAUUSD_DukasM1_Infinox";"Buy";"2012.10.31 01:00:00";"1710.75";"0.12";"2012.10.31 15:14:00";"1716.28";"65.76";"16246.91";"OOS1";"TrailingStop";"-16.78";"135.28";"14h 14m";""
"24";"XAUUSD_DukasM1_Infinox";"Buy";"2012.11.02 00:00:00";"1715.23";"0.09";"2012.11.02 05:00:00";"1711.70";"-32.22";"16214.69";"OOS1";"TrailingStop";"-31.77";"13.17";"5h 0m";""
"25";"XAUUSD_DukasM1_Infinox";"Buy";"2012.11.08 00:00:00";"1717.58";"0.04";"2012.11.08 12:30:00";"1713.62";"-16.04";"16198.65";"OOS1";"TrailingStop";"-15.84";"14.09";"12h 30m";""
"26";"XAUUSD_DukasM1_Infinox";"Buy";"2012.11.21 00:00:00";"1726.94";"0.08";"2012.11.21 06:12:00";"1723.03";"-31.68";"16166.97";"OOS1";"TrailingStop";"-31.28";"31.68";"6h 12m";""
"27";"XAUUSD_DukasM1_Infinox";"Buy";"2012.11.23 01:00:00";"1730.05";"0.17";"2012.11.23 17:15:00";"1738.89";"149.43";"16316.40";"OOS1";"PT";"-34.97";"150.28";"16h 15m";""
"28";"XAUUSD_DukasM1_Infinox";"Buy";"2012.11.27 00:00:00";"1748.60";"0.12";"2012.11.27 10:38:00";"1747.47";"-14.16";"16302.24";"OOS1";"TrailingStop";"-44.40";"37.82";"10h 38m";""
"29";"XAUUSD_DukasM1_Infinox";"Buy";"2012.12.12 00:00:00";"1709.88";"0.11";"2012.12.12 17:34:00";"1712.71";"30.58";"16332.82";"OOS1";"TrailingStop";"-48.73";"99.80";"17h 34m";""
"30";"XAUUSD_DukasM1_Infinox";"Buy";"2013.01.10 00:00:00";"1657.75";"0.08";"2013.01.10 15:05:00";"1659.45";"13.20";"16346.02";"OOS1";"TrailingStop";"-31.98";"60.97";"15h 5m";""
"31";"XAUUSD_DukasM1_Infinox";"Buy";"2013.01.21 01:30:00";"1688.00";"0.08";"2013.01.21 15:59:00";"1686.50";"-12.40";"16333.62";"OOS1";"TrailingStop";"-12.38";"26.08";"14h 29m";""
"32";"XAUUSD_DukasM1_Infinox";"Buy";"2013.02.08 03:30:00";"1669.88";"0.07";"2013.02.08 14:52:00";"1668.35";"-11.06";"16322.56";"OOS1";"TrailingStop";"-10.71";"26.20";"11h 22m";""
"33";"XAUUSD_DukasM1_Infinox";"Buy";"2013.02.25 01:30:00";"1579.26";"0.07";"2013.02.25 15:51:00";"1587.71";"58.80";"16381.36";"OOS1";"TrailingStop";"-28.76";"106.42";"14h 21m";""
"34";"XAUUSD_DukasM1_Infinox";"Buy";"2013.02.28 01:30:00";"1597.55";"0.07";"2013.02.28 10:42:00";"1596.63";"-6.79";"16374.57";"OOS1";"TrailingStop";"-13.16";"37.61";"9h 12m";""
"35";"XAUUSD_DukasM1_Infinox";"Buy";"2013.03.08 00:00:00";"1578.82";"0.09";"2013.03.08 12:31:00";"1576.91";"-17.64";"16356.93";"OOS1";"TrailingStop";"-23.58";"32.67";"12h 31m";""
"36";"XAUUSD_DukasM1_Infinox";"Buy";"2013.03.14 00:00:00";"1587.87";"0.09";"2013.03.14 03:30:00";"1584.47";"-31.05";"16325.88";"OOS1";"TrailingStop";"-30.60";"15.60";"3h 30m";""
"37";"XAUUSD_DukasM1_Infinox";"Buy";"2013.03.21 00:00:00";"1606.56";"0.09";"2013.03.21 15:33:00";"1610.92";"38.79";"16364.67";"OOS1";"TrailingStop";"-19.23";"92.63";"15h 33m";""
"38";"XAUUSD_DukasM1_Infinox";"Buy";"2013.04.09 00:00:00";"1573.42";"0.09";"2013.04.09 12:30:00";"1572.42";"-9.45";"16355.22";"OOS1";"TrailingStop";"-27.61";"32.69";"12h 30m";""
"39";"XAUUSD_DukasM1_Infinox";"Buy";"2013.04.24 00:00:00";"1413.03";"0.04";"2013.04.24 12:41:00";"1419.71";"26.52";"16381.74";"OOS1";"TrailingStop";"-3.36";"68.49";"12h 41m";""
"40";"XAUUSD_DukasM1_Infinox";"Buy";"2013.04.29 01:30:00";"1465.59";"0.03";"2013.04.29 15:40:00";"1468.08";"7.32";"16389.06";"OOS1";"TrailingStop";"-10.45";"39.46";"14h 10m";""
"41";"XAUUSD_DukasM1_Infinox";"Buy";"2013.05.01 01:00:00";"1475.84";"0.04";"2013.05.01 12:19:00";"1468.29";"-30.40";"16358.67";"OOS1";"TrailingStop";"-30.20";"8.70";"11h 19m";""
"42";"XAUUSD_DukasM1_Infinox";"Buy";"2013.05.06 01:30:00";"1470.38";"0.04";"2013.05.06 15:18:00";"1471.20";"3.08";"16361.74";"OOS1";"TrailingStop";"-6.67";"33.77";"13h 48m";""
"43";"XAUUSD_DukasM1_Infinox";"Buy";"2013.05.10 00:00:00";"1458.03";"0.05";"2013.05.10 10:40:00";"1455.17";"-14.55";"16347.19";"OOS1";"TrailingStop";"-27.41";"20.39";"10h 40m";""
"44";"XAUUSD_DukasM1_Infinox";"Buy";"2013.05.22 01:00:00";"1374.10";"0.03";"2013.05.22 16:42:00";"1384.88";"32.19";"16379.38";"OOS1";"TrailingStop";"-6.14";"72.16";"15h 42m";""
"45";"XAUUSD_DukasM1_Infinox";"Buy";"2013.05.27 01:30:00";"1386.80";"0.06";"2013.05.27 20:47:00";"1387.50";"3.90";"16383.28";"OOS1";"TrailingStop";"-15.06";"58.64";"19h 17m";""
"46";"XAUUSD_DukasM1_Infinox";"Buy";"2013.06.05 00:00:00";"1399.19";"0.07";"2013.06.05 10:05:00";"1401.88";"18.48";"16401.77";"OOS1";"TrailingStop";"-11.62";"63.41";"10h 5m";""
"47";"XAUUSD_DukasM1_Infinox";"Buy";"2013.06.14 03:30:00";"1384.23";"0.07";"2013.06.14 12:11:00";"1380.72";"-24.92";"16376.84";"OOS1";"TrailingStop";"-24.57";"24.60";"8h 41m";""
"48";"XAUUSD_DukasM1_Infinox";"Buy";"2013.07.03 00:00:00";"1243.05";"0.05";"2013.07.03 10:12:00";"1240.51";"-12.95";"16363.89";"OOS1";"TrailingStop";"-12.70";"30.60";"10h 12m";""
"49";"XAUUSD_DukasM1_Infinox";"Buy";"2013.07.05 02:55:00";"1248.31";"0.07";"2013.07.05 12:00:00";"1234.47";"-97.23";"16266.66";"OOS1";"SL";"-96.88";"1.89";"9h 5m";""
"50";"XAUUSD_DukasM1_Infinox";"Buy";"2013.07.11 00:00:00";"1258.92";"0.04";"2013.07.11 08:53:00";"1295.11";"144.56";"16411.22";"OOS1";"PT";"-0.79";"144.76";"8h 53m";""
"51";"XAUUSD_DukasM1_Infinox";"Buy";"2013.07.15 01:30:00";"1293.74";"0.06";"2013.07.15 14:52:00";"1277.04";"-100.50";"16310.72";"OOS1";"SL";"-100.20";"5.63";"13h 22m";""
"52";"XAUUSD_DukasM1_Infinox";"Buy";"2013.07.18 00:00:00";"1275.65";"0.05";"2013.07.19 11:11:00";"1286.87";"54.61";"16365.33";"OOS1";"TrailingStop";"-8.45";"95.12";"1d 11h 11m";""
"53";"XAUUSD_DukasM1_Infinox";"Buy";"2013.08.12 01:30:00";"1319.43";"0.06";"2013.08.12 14:00:00";"1324.45";"29.82";"16395.15";"OOS1";"TrailingStop";"-1.37";"85.10";"12h 30m";""
"54";"XAUUSD_DukasM1_Infinox";"Buy";"2013.08.14 01:00:00";"1320.87";"0.06";"2013.08.15 02:37:00";"1345.15";"140.76";"16535.91";"OOS1";"PT";"-30.10";"145.68";"1d 1h 37m";""
"55";"XAUUSD_DukasM1_Infinox";"Buy";"2013.08.27 00:00:00";"1404.40";"0.06";"2013.08.27 03:54:00";"1398.59";"-35.16";"16500.75";"OOS1";"TrailingStop";"-34.86";"16.95";"3h 54m";""
"56";"XAUUSD_DukasM1_Infinox";"Buy";"2013.09.05 02:30:00";"1393.00";"0.06";"2013.09.05 08:17:00";"1388.01";"-30.24";"16470.51";"OOS1";"TrailingStop";"-29.94";"11.15";"5h 47m";""
"57";"XAUUSD_DukasM1_Infinox";"Buy";"2013.09.10 00:00:00";"1386.49";"0.1";"2013.09.10 04:16:00";"1384.26";"-22.80";"16447.71";"OOS1";"TrailingStop";"-22.30";"46.92";"4h 16m";""
"58";"XAUUSD_DukasM1_Infinox";"Buy";"2013.09.27 00:00:00";"1323.70";"0.06";"2013.09.27 16:16:00";"1333.90";"60.90";"16508.61";"OOS1";"TrailingStop";"-24.82";"122.00";"16h 16m";""
"59";"XAUUSD_DukasM1_Infinox";"Buy";"2013.10.17 01:00:00";"1281.94";"0.05";"2013.10.17 08:06:00";"1278.27";"-18.60";"16490.01";"OOS1";"TrailingStop";"-18.35";"25.61";"7h 6m";""
"60";"XAUUSD_DukasM1_Infinox";"Buy";"2013.10.21 01:30:00";"1313.57";"0.07";"2013.10.21 12:31:00";"1316.27";"18.55";"16508.56";"OOS1";"TrailingStop";"-2.90";"73.13";"11h 1m";""
"61";"XAUUSD_DukasM1_Infinox";"Buy";"2013.10.24 01:00:00";"1331.90";"0.08";"2013.10.24 10:30:00";"1335.86";"31.28";"16539.84";"OOS1";"TrailingStop";"-12.95";"78.92";"9h 30m";""
"62";"XAUUSD_DukasM1_Infinox";"Buy";"2013.11.06 00:00:00";"1311.67";"0.09";"2013.11.06 09:32:00";"1310.63";"-9.81";"16530.03";"OOS1";"TrailingStop";"-22.98";"35.16";"9h 32m";""
"63";"XAUUSD_DukasM1_Infinox";"Buy";"2013.11.08 00:00:00";"1307.42";"0.06";"2013.11.08 14:39:00";"1306.99";"-2.88";"16527.15";"OOS1";"TrailingStop";"-7.80";"33.38";"14h 39m";""
"64";"XAUUSD_DukasM1_Infinox";"Buy";"2013.11.27 00:00:00";"1242.86";"0.08";"2013.11.27 16:24:00";"1248.64";"45.84";"16572.99";"OOS1";"TrailingStop";"-11.90";"94.38";"16h 24m";""
"65";"XAUUSD_DukasM1_Infinox";"Buy";"2013.12.06 00:00:00";"1225.17";"0.05";"2013.12.06 15:30:00";"1212.22";"-65.00";"16507.99";"OOS1";"TrailingStop";"-64.75";"51.09";"15h 30m";""
"66";"XAUUSD_DukasM1_Infinox";"Buy";"2013.12.12 00:00:00";"1252.23";"0.07";"2013.12.12 11:13:00";"1251.55";"-5.11";"16502.88";"OOS1";"TrailingStop";"-4.76";"33.20";"11h 13m";""
"1";"XAUUSD_DukasM1_Infinox";"Buy";"2014.01.27 01:30:00";"1272.17";"0.08";"2014.01.27 09:07:00";"1267.81";"-35.28";"16467.60";"OOS1";"TrailingStop";"-34.88";"54.74";"7h 37m";""
"2";"XAUUSD_DukasM1_Infinox";"Buy";"2014.02.05 00:00:00";"1254.68";"0.1";"2014.02.05 15:20:00";"1270.82";"160.90";"16628.50";"OOS1";"PT";"-21.38";"161.40";"15h 20m";""
"3";"XAUUSD_DukasM1_Infinox";"Buy";"2014.02.06 01:30:00";"1258.40";"0.09";"2014.02.06 15:22:00";"1258.29";"-1.44";"16627.06";"OOS1";"TrailingStop";"-29.76";"49.53";"13h 52m";""
"4";"XAUUSD_DukasM1_Infinox";"Buy";"2014.02.07 02:30:00";"1256.79";"0.12";"2014.02.07 15:29:00";"1258.53";"20.28";"16647.34";"OOS1";"TrailingStop";"-3.31";"90.28";"12h 59m";""
"5";"XAUUSD_DukasM1_Infinox";"Buy";"2014.02.19 00:00:00";"1321.94";"0.11";"2014.02.19 22:04:00";"1313.05";"-98.34";"16549.00";"OOS1";"SL";"-97.79";"8.94";"22h 4m";""
"6";"XAUUSD_DukasM1_Infinox";"Buy";"2014.03.05 00:00:00";"1334.49";"0.09";"2014.03.06 08:05:00";"1335.18";"-1.25";"16547.76";"OOS1";"TrailingStop";"-16.48";"65.83";"1d 8h 5m";""
"7";"XAUUSD_DukasM1_Infinox";"Buy";"2014.04.04 00:00:00";"1286.72";"0.12";"2014.04.04 15:30:00";"1289.19";"29.04";"16576.79";"OOS1";"TrailingStop";"-30.23";"125.38";"15h 30m";""
"8";"XAUUSD_DukasM1_Infinox";"Buy";"2014.04.08 00:00:00";"1297.41";"0.13";"2014.04.08 11:37:00";"1310.24";"166.14";"16742.94";"OOS1";"PT";"-13.19";"166.79";"11h 37m";""
"9";"XAUUSD_DukasM1_Infinox";"Buy";"2014.04.10 00:00:00";"1311.84";"0.09";"2014.04.10 15:35:00";"1318.32";"57.87";"16800.81";"OOS1";"TrailingStop";"-9.61";"114.04";"15h 35m";""
"10";"XAUUSD_DukasM1_Infinox";"Buy";"2014.04.14 02:00:00";"1327.69";"0.12";"2014.04.14 12:11:00";"1323.39";"-52.20";"16748.61";"OOS1";"TrailingStop";"-51.60";"26.88";"10h 11m";""
"11";"XAUUSD_DukasM1_Infinox";"Buy";"2014.04.29 00:00:00";"1296.48";"0.11";"2014.04.29 10:18:00";"1292.02";"-49.61";"16699.00";"OOS1";"TrailingStop";"-49.06";"3.18";"10h 18m";""
"12";"XAUUSD_DukasM1_Infinox";"Buy";"2014.05.07 00:00:00";"1308.03";"0.13";"2014.05.07 14:48:00";"1308.69";"7.93";"16706.93";"OOS1";"TrailingStop";"-13.32";"83.56";"14h 48m";""
"13";"XAUUSD_DukasM1_Infinox";"Buy";"2014.06.05 00:00:00";"1243.95";"0.19";"2014.06.05 14:48:00";"1243.11";"-16.91";"16690.02";"OOS1";"TrailingStop";"-40.05";"64.26";"14h 48m";""
"14";"XAUUSD_DukasM1_Infinox";"Buy";"2014.06.09 01:30:00";"1252.92";"0.13";"2014.06.09 16:04:00";"1253.50";"6.89";"16696.91";"OOS1";"TrailingStop";"-18.00";"52.49";"14h 34m";""
"15";"XAUUSD_DukasM1_Infinox";"Buy";"2014.06.12 00:00:00";"1261.04";"0.17";"2014.06.12 15:20:00";"1262.61";"25.84";"16722.74";"OOS1";"TrailingStop";"-19.69";"96.76";"15h 20m";""
"16";"XAUUSD_DukasM1_Infinox";"Buy";"2014.06.17 00:00:00";"1271.92";"0.13";"2014.06.17 06:17:00";"1269.33";"-34.32";"16688.42";"OOS1";"TrailingStop";"-33.67";"17.07";"6h 17m";""
"17";"XAUUSD_DukasM1_Infinox";"Buy";"2014.06.23 01:30:00";"1314.30";"0.09";"2014.06.23 12:51:00";"1311.88";"-22.23";"16666.19";"OOS1";"TrailingStop";"-37.79";"26.69";"11h 21m";""
"18";"XAUUSD_DukasM1_Infinox";"Buy";"2014.07.21 01:30:00";"1310.33";"0.11";"2014.07.21 16:36:00";"1313.28";"31.90";"16698.09";"OOS1";"TrailingStop";"-32.31";"87.70";"15h 6m";""
"19";"XAUUSD_DukasM1_Infinox";"Buy";"2014.07.29 00:00:00";"1304.08";"0.14";"2014.07.29 15:16:00";"1306.14";"28.14";"16726.23";"OOS1";"TrailingStop";"-10.63";"113.60";"15h 16m";""
"20";"XAUUSD_DukasM1_Infinox";"Buy";"2014.08.05 00:00:00";"1288.23";"0.14";"2014.08.05 15:17:00";"1289.46";"16.52";"16742.76";"OOS1";"TrailingStop";"-13.87";"72.70";"15h 17m";""
"21";"XAUUSD_DukasM1_Infinox";"Buy";"2014.08.11 01:30:00";"1309.74";"0.1";"2014.08.11 05:37:00";"1305.29";"-45.00";"16697.76";"OOS1";"TrailingStop";"-44.50";"16.95";"4h 7m";""
"22";"XAUUSD_DukasM1_Infinox";"Buy";"2014.08.26 00:00:00";"1276.82";"0.15";"2014.08.26 09:52:00";"1288.23";"170.40";"16868.15";"OOS1";"PT";"-22.23";"171.15";"9h 52m";""
"23";"XAUUSD_DukasM1_Infinox";"Buy";"2014.09.05 00:00:00";"1261.74";"0.09";"2014.09.08 11:56:00";"1266.99";"44.59";"16912.75";"OOS1";"TrailingStop";"-40.85";"107.44";"3d 11h 56m";""
"24";"XAUUSD_DukasM1_Infinox";"Buy";"2014.09.18 01:00:00";"1222.22";"0.08";"2014.09.18 14:57:00";"1219.71";"-20.48";"16892.27";"OOS1";"TrailingStop";"-49.93";"26.17";"13h 57m";""
"25";"XAUUSD_DukasM1_Infinox";"Buy";"2014.09.25 00:00:00";"1217.06";"0.11";"2014.09.25 10:14:00";"1208.25";"-97.46";"16794.81";"OOS1";"SL";"-96.91";"0.00";"10h 14m";""
"26";"XAUUSD_DukasM1_Infinox";"Buy";"2014.10.15 00:00:00";"1232.68";"0.13";"2014.10.15 04:28:00";"1224.94";"-101.27";"16693.54";"OOS1";"SL";"-100.62";"0.00";"4h 28m";""
"27";"XAUUSD_DukasM1_Infinox";"Buy";"2014.10.17 01:00:00";"1238.77";"0.09";"2014.10.17 14:07:00";"1236.00";"-25.38";"16668.15";"OOS1";"TrailingStop";"-24.93";"25.90";"13h 7m";""
"28";"XAUUSD_DukasM1_Infinox";"Buy";"2014.11.13 00:00:00";"1162.52";"0.09";"2014.11.13 09:40:00";"1157.39";"-46.62";"16621.54";"OOS1";"TrailingStop";"-54.36";"48.33";"9h 40m";""
"29";"XAUUSD_DukasM1_Infinox";"Buy";"2014.11.18 00:00:00";"1186.66";"0.07";"2014.11.18 15:03:00";"1195.95";"64.68";"16686.21";"OOS1";"TrailingStop";"-23.23";"125.59";"15h 3m";""
"30";"XAUUSD_DukasM1_Infinox";"Buy";"2014.11.24 01:30:00";"1202.95";"0.07";"2014.11.27 06:16:00";"1188.81";"-107.52";"16578.70";"OOS1";"SL";"-98.98";"8.65";"3d 4h 46m";""
"31";"XAUUSD_DukasM1_Infinox";"Buy";"2014.12.03 00:00:00";"1197.94";"0.06";"2014.12.03 14:02:00";"1199.58";"9.54";"16588.24";"OOS1";"TrailingStop";"-21.09";"62.10";"14h 2m";""
"32";"XAUUSD_DukasM1_Infinox";"Buy";"2014.12.05 02:00:00";"1204.50";"0.1";"2014.12.05 14:00:00";"1200.48";"-40.70";"16547.54";"OOS1";"TrailingStop";"-40.20";"20.71";"12h 0m";""
"33";"XAUUSD_DukasM1_Infinox";"Buy";"2014.12.11 01:00:00";"1225.19";"0.07";"2014.12.11 07:42:00";"1222.94";"-16.10";"16531.44";"OOS1";"TrailingStop";"-15.75";"52.38";"6h 42m";""
"34";"XAUUSD_DukasM1_Infinox";"Buy";"2014.12.18 01:00:00";"1189.31";"0.05";"2014.12.18 15:01:00";"1201.94";"62.90";"16594.34";"OOS1";"TrailingStop";"-5.16";"122.44";"14h 1m";""
"35";"XAUUSD_DukasM1_Infinox";"Buy";"2014.12.22 01:30:00";"1195.09";"0.11";"2014.12.22 10:53:00";"1196.15";"11.11";"16605.45";"OOS1";"TrailingStop";"-8.48";"89.43";"9h 23m";""
"36";"XAUUSD_DukasM1_Infinox";"Buy";"2015.01.02 01:00:00";"1184.15";"0.08";"2015.01.02 12:36:00";"1181.62";"-20.64";"16584.81";"OOS1";"TrailingStop";"-20.24";"33.06";"11h 36m";""
"37";"XAUUSD_DukasM1_Infinox";"Buy";"2015.01.08 00:00:00";"1210.71";"0.08";"2015.01.08 05:26:00";"1207.08";"-29.44";"16555.37";"OOS1";"TrailingStop";"-29.04";"27.94";"5h 26m";""
"38";"XAUUSD_DukasM1_Infinox";"Buy";"2015.01.22 01:00:00";"1293.19";"0.06";"2015.01.22 08:28:00";"1286.65";"-39.54";"16515.83";"OOS1";"TrailingStop";"-39.24";"3.35";"7h 28m";""
"39";"XAUUSD_DukasM1_Infinox";"Buy";"2015.01.29 00:00:00";"1283.69";"0.08";"2015.01.29 03:57:00";"1278.69";"-40.40";"16475.43";"OOS1";"TrailingStop";"-40.00";"17.45";"3h 57m";""
"40";"XAUUSD_DukasM1_Infinox";"Buy";"2015.02.03 00:00:00";"1274.18";"0.07";"2015.02.03 14:40:00";"1276.61";"16.66";"16492.09";"OOS1";"TrailingStop";"-15.41";"80.43";"14h 40m";""
"41";"XAUUSD_DukasM1_Infinox";"Buy";"2015.02.06 01:00:00";"1265.03";"0.08";"2015.02.06 14:53:00";"1262.72";"-18.88";"16473.21";"OOS1";"TrailingStop";"-22.28";"29.33";"13h 53m";""
"42";"XAUUSD_DukasM1_Infinox";"Buy";"2015.02.20 00:00:00";"1206.65";"0.09";"2015.02.20 11:05:00";"1203.99";"-24.39";"16448.82";"OOS1";"TrailingStop";"-23.94";"27.15";"11h 5m";""
"43";"XAUUSD_DukasM1_Infinox";"Buy";"2015.03.17 00:30:00";"1154.88";"0.12";"2015.03.17 14:23:00";"1151.83";"-37.20";"16411.62";"OOS1";"TrailingStop";"-36.60";"25.30";"13h 53m";""
"44";"XAUUSD_DukasM1_Infinox";"Buy";"2015.04.03 00:00:00";"1202.18";"0.1";"2015.04.06 03:45:00";"1218.66";"161.96";"16573.58";"OOS1";"PT";"-2.81";"164.80";"3d 3h 45m";""
"45";"XAUUSD_DukasM1_Infinox";"Buy";"2015.04.14 00:00:00";"1198.60";"0.12";"2015.04.14 08:38:00";"1197.00";"-19.80";"16553.78";"OOS1";"TrailingStop";"-19.20";"33.95";"8h 38m";""
"46";"XAUUSD_DukasM1_Infinox";"Buy";"2015.04.17 00:00:00";"1198.12";"0.1";"2015.04.17 15:35:00";"1202.28";"41.10";"16594.88";"OOS1";"TrailingStop";"-6.92";"96.59";"15h 35m";""
"47";"XAUUSD_DukasM1_Infinox";"Buy";"2015.04.30 00:00:00";"1204.52";"0.09";"2015.04.30 10:24:00";"1200.46";"-36.99";"16557.89";"OOS1";"TrailingStop";"-36.54";"15.23";"10h 24m";""
"48";"XAUUSD_DukasM1_Infinox";"Buy";"2015.05.12 00:00:00";"1183.71";"0.12";"2015.05.12 08:39:00";"1181.03";"-32.76";"16525.13";"OOS1";"TrailingStop";"-32.16";"13.55";"8h 39m";""
"49";"XAUUSD_DukasM1_Infinox";"Buy";"2015.05.29 02:30:00";"1188.88";"0.14";"2015.05.29 15:30:00";"1186.40";"-35.42";"16489.71";"OOS1";"TrailingStop";"-34.72";"25.09";"13h 0m";""
"50";"XAUUSD_DukasM1_Infinox";"Buy";"2015.06.12 00:00:00";"1181.78";"0.13";"2015.06.12 11:13:00";"1180.21";"-21.06";"16468.65";"OOS1";"TrailingStop";"-20.41";"32.14";"11h 13m";""
"51";"XAUUSD_DukasM1_Infinox";"Buy";"2015.07.07 00:00:00";"1170.08";"0.12";"2015.07.07 15:45:00";"1162.24";"-94.68";"16373.97";"OOS1";"SL";"-94.08";"3.61";"15h 45m";""
"52";"XAUUSD_DukasM1_Infinox";"Buy";"2015.07.10 03:30:00";"1161.36";"0.11";"2015.07.10 15:50:00";"1158.91";"-27.50";"16346.47";"OOS1";"TrailingStop";"-37.72";"29.57";"12h 20m";""
"53";"XAUUSD_DukasM1_Infinox";"Buy";"2015.08.06 00:00:00";"1084.80";"0.14";"2015.08.07 07:03:00";"1088.00";"41.15";"16387.62";"OOS1";"TrailingStop";"-18.59";"128.37";"1d 7h 3m";""
"54";"XAUUSD_DukasM1_Infinox";"Buy";"2015.08.14 00:00:00";"1114.92";"0.13";"2015.08.14 17:54:00";"1115.77";"10.40";"16398.02";"OOS1";"TrailingStop";"-32.37";"79.31";"17h 54m";""
"55";"XAUUSD_DukasM1_Infinox";"Buy";"2015.09.03 01:00:00";"1133.76";"0.12";"2015.09.03 14:03:00";"1125.92";"-94.68";"16303.34";"OOS1";"SL";"-94.08";"6.00";"13h 3m";""
"56";"XAUUSD_DukasM1_Infinox";"Buy";"2015.09.28 01:30:00";"1144.94";"0.13";"2015.09.28 09:40:00";"1142.94";"-26.65";"16276.69";"OOS1";"TrailingStop";"-26.00";"42.37";"8h 10m";""
"57";"XAUUSD_DukasM1_Infinox";"Buy";"2015.10.09 02:00:00";"1139.96";"0.1";"2015.10.09 13:02:00";"1156.29";"162.80";"16439.49";"OOS1";"PT";"-7.31";"163.30";"11h 2m";""
"58";"XAUUSD_DukasM1_Infinox";"Buy";"2015.10.29 00:30:00";"1157.45";"0.07";"2015.10.29 13:40:00";"1156.67";"-5.81";"16433.68";"OOS1";"TrailingStop";"-6.66";"36.32";"13h 10m";""
"59";"XAUUSD_DukasM1_Infinox";"Buy";"2015.11.11 01:00:00";"1089.68";"0.14";"2015.11.11 11:27:00";"1088.61";"-15.68";"16418.00";"OOS1";"TrailingStop";"-15.25";"54.18";"10h 27m";""
"60";"XAUUSD_DukasM1_Infinox";"Buy";"2015.11.23 01:30:00";"1075.83";"0.12";"2015.11.23 04:31:00";"1067.46";"-101.04";"16316.96";"OOS1";"SL";"-100.44";"10.22";"3h 1m";""
"61";"XAUUSD_DukasM1_Infinox";"Buy";"2015.11.26 01:00:00";"1071.56";"0.14";"2015.11.26 12:23:00";"1070.55";"-14.84";"16302.12";"OOS1";"TrailingStop";"-26.89";"45.67";"11h 23m";""
"62";"XAUUSD_DukasM1_Infinox";"Buy";"2015.12.10 01:00:00";"1072.05";"0.09";"2015.12.10 16:34:00";"1070.20";"-17.10";"16285.02";"OOS1";"TrailingStop";"-16.65";"39.43";"15h 34m";""
"63";"XAUUSD_DukasM1_Infinox";"Buy";"2015.12.23 01:00:00";"1072.80";"0.13";"2015.12.23 10:58:00";"1071.53";"-17.16";"16267.86";"OOS1";"TrailingStop";"-16.51";"34.57";"9h 58m";""
"1";"XAUUSD_DukasM1_Infinox";"Buy";"2016.01.11 01:30:00";"1106.71";"0.07";"2016.01.11 17:12:00";"1098.67";"-56.63";"16211.23";"OOS1";"TrailingStop";"-56.28";"11.84";"15h 42m";""
"2";"XAUUSD_DukasM1_Infinox";"Buy";"2016.01.22 01:00:00";"1101.44";"0.08";"2016.01.26 05:27:00";"1113.49";"92.57";"16303.80";"OOS1";"PT";"-59.22";"96.40";"4d 4h 27m";""
"3";"XAUUSD_DukasM1_Infinox";"Buy";"2016.02.03 01:00:00";"1128.73";"0.11";"2016.02.03 17:29:00";"1137.53";"96.25";"16400.05";"OOS1";"PT";"-48.52";"96.80";"16h 29m";""
"4";"XAUUSD_DukasM1_Infinox";"Buy";"2016.02.15 01:30:00";"1231.84";"0.05";"2016.02.15 06:19:00";"1218.95";"-64.70";"16335.35";"OOS1";"TrailingStop";"-64.45";"14.80";"4h 49m";""
"5";"XAUUSD_DukasM1_Infinox";"Buy";"2016.03.02 01:00:00";"1231.41";"0.05";"2016.03.03 16:47:00";"1248.31";"80.66";"16416.01";"OOS1";"PT";"-33.51";"84.50";"1d 15h 47m";""
"6";"XAUUSD_DukasM1_Infinox";"Buy";"2016.03.09 01:00:00";"1261.62";"0.06";"2016.03.09 13:45:00";"1251.31";"-62.16";"16353.85";"OOS1";"TrailingStop";"-61.86";"19.61";"12h 45m";""
"7";"XAUUSD_DukasM1_Infinox";"Buy";"2016.03.18 01:30:00";"1258.85";"0.06";"2016.03.18 10:55:00";"1254.56";"-26.04";"16327.81";"OOS1";"TrailingStop";"-25.74";"47.99";"9h 25m";""
"8";"XAUUSD_DukasM1_Infinox";"Buy";"2016.03.31 01:00:00";"1225.47";"0.07";"2016.03.31 15:50:00";"1239.14";"95.34";"16423.15";"OOS1";"PT";"-11.42";"95.69";"14h 50m";""
"9";"XAUUSD_DukasM1_Infinox";"Buy";"2016.04.07 01:00:00";"1222.63";"0.07";"2016.04.07 12:10:00";"1236.33";"95.55";"16518.70";"OOS1";"PT";"-1.76";"95.90";"11h 10m";""
"10";"XAUUSD_DukasM1_Infinox";"Buy";"2016.04.11 01:30:00";"1246.19";"0.07";"2016.04.12 11:04:00";"1260.25";"96.37";"16615.07";"OOS1";"PT";"-15.90";"98.42";"1d 9h 34m";""
"11";"XAUUSD_DukasM1_Infinox";"Buy";"2016.04.13 01:00:00";"1255.38";"0.07";"2016.04.13 11:32:00";"1246.55";"-62.16";"16552.91";"OOS1";"TrailingStop";"-61.81";"9.31";"10h 32m";""
"12";"XAUUSD_DukasM1_Infinox";"Buy";"2016.04.21 01:00:00";"1243.00";"0.07";"2016.04.21 09:18:00";"1256.71";"95.62";"16648.53";"OOS1";"PT";"-3.93";"95.97";"8h 18m";""
"13";"XAUUSD_DukasM1_Infinox";"Buy";"2016.05.13 01:00:00";"1263.47";"0.06";"2016.05.13 15:30:00";"1266.86";"20.04";"16668.57";"OOS1";"TrailingStop";"-4.15";"76.79";"14h 30m";""
"14";"XAUUSD_DukasM1_Infinox";"Buy";"2016.06.02 01:00:00";"1213.56";"0.08";"2016.06.02 23:59:00";"1209.64";"-33.65";"16634.93";"OOS1";"TrailingStop";"-31.36";"32.56";"22h 59m";""
"15";"XAUUSD_DukasM1_Infinox";"Buy";"2016.06.17 01:00:00";"1279.05";"0.04";"2016.06.20 01:05:00";"1286.02";"26.69";"16661.61";"OOS1";"TrailingStop";"-10.08";"81.56";"3d 0h 5m";""
"16";"XAUUSD_DukasM1_Infinox";"Buy";"2016.07.01 01:00:00";"1322.29";"0.07";"2016.07.01 08:44:00";"1335.57";"92.61";"16754.22";"OOS1";"PT";"-12.40";"92.96";"7h 44m";""
"17";"XAUUSD_DukasM1_Infinox";"Buy";"2016.07.08 01:00:00";"1359.43";"0.06";"2016.07.08 15:30:00";"1350.21";"-55.62";"16698.60";"OOS1";"TrailingStop";"-55.32";"26.09";"14h 30m";""
"18";"XAUUSD_DukasM1_Infinox";"Buy";"2016.07.15 02:30:00";"1334.81";"0.07";"2016.07.15 16:20:00";"1324.84";"-70.14";"16628.46";"OOS1";"TrailingStop";"-69.79";"9.45";"13h 50m";""
"19";"XAUUSD_DukasM1_Infinox";"Buy";"2016.07.25 01:30:00";"1321.06";"0.07";"2016.07.25 04:06:00";"1313.88";"-50.61";"16577.85";"OOS1";"TrailingStop";"-50.26";"18.55";"2h 36m";""
"20";"XAUUSD_DukasM1_Infinox";"Buy";"2016.07.29 01:00:00";"1335.95";"0.09";"2016.07.29 06:44:00";"1330.95";"-45.45";"16532.40";"OOS1";"TrailingStop";"-45.00";"39.14";"5h 44m";""
"21";"XAUUSD_DukasM1_Infinox";"Buy";"2016.08.04 01:00:00";"1358.34";"0.1";"2016.08.05 15:29:00";"1357.82";"-8.34";"16524.06";"OOS1";"TrailingStop";"-92.40";"66.08";"1d 14h 29m";""
"22";"XAUUSD_DukasM1_Infinox";"Buy";"2016.08.12 01:00:00";"1339.18";"0.07";"2016.08.12 15:35:00";"1351.71";"87.36";"16611.42";"OOS1";"PT";"-30.74";"87.71";"14h 35m";""
"23";"XAUUSD_DukasM1_Infinox";"Buy";"2016.08.18 02:30:00";"1351.58";"0.07";"2016.08.19 12:24:00";"1345.62";"-43.91";"16567.51";"OOS1";"TrailingStop";"-41.72";"31.28";"1d 9h 54m";""
"24";"XAUUSD_DukasM1_Infinox";"Buy";"2016.09.08 01:00:00";"1344.38";"0.11";"2016.09.08 16:08:00";"1342.67";"-19.36";"16548.15";"OOS1";"TrailingStop";"-28.50";"54.45";"15h 8m";""
"25";"XAUUSD_DukasM1_Infinox";"Buy";"2016.09.16 01:00:00";"1314.28";"0.07";"2016.09.16 15:34:00";"1309.12";"-36.47";"16511.68";"OOS1";"TrailingStop";"-36.12";"26.24";"14h 34m";""
"26";"XAUUSD_DukasM1_Infinox";"Buy";"2016.09.26 01:30:00";"1338.04";"0.12";"2016.09.26 06:16:00";"1333.82";"-51.24";"16460.44";"OOS1";"TrailingStop";"-50.64";"22.07";"4h 46m";""
"27";"XAUUSD_DukasM1_Infinox";"Buy";"2016.10.12 01:00:00";"1251.73";"0.09";"2016.10.12 15:10:00";"1250.29";"-13.41";"16447.03";"OOS1";"TrailingStop";"-12.96";"54.54";"14h 10m";""
"28";"XAUUSD_DukasM1_Infinox";"Buy";"2016.10.17 01:30:00";"1251.43";"0.08";"2016.10.18 11:20:00";"1263.10";"91.01";"16538.04";"OOS1";"PT";"-7.38";"93.36";"1d 9h 50m";""
"29";"XAUUSD_DukasM1_Infinox";"Buy";"2016.10.21 01:00:00";"1266.06";"0.12";"2016.10.24 17:00:00";"1264.87";"-17.84";"16520.20";"OOS1";"TrailingStop";"-59.39";"69.73";"3d 16h 0m";""
"30";"XAUUSD_DukasM1_Infinox";"Buy";"2016.10.27 01:00:00";"1267.00";"0.13";"2016.10.27 16:51:00";"1266.58";"-6.11";"16514.09";"OOS1";"TrailingStop";"-25.21";"75.13";"15h 51m";""
"31";"XAUUSD_DukasM1_Infinox";"Buy";"2016.11.01 00:00:00";"1276.61";"0.11";"2016.11.01 13:06:00";"1285.17";"93.61";"16607.71";"OOS1";"PT";"-12.44";"94.16";"13h 6m";""
"32";"XAUUSD_DukasM1_Infinox";"Buy";"2016.11.17 01:00:00";"1223.80";"0.08";"2016.11.17 19:45:00";"1222.56";"-10.32";"16597.38";"OOS1";"TrailingStop";"-9.92";"60.62";"18h 45m";""
"33";"XAUUSD_DukasM1_Infinox";"Buy";"2016.11.23 01:00:00";"1212.27";"0.09";"2016.11.23 15:01:00";"1207.62";"-42.30";"16555.08";"OOS1";"TrailingStop";"-41.85";"21.79";"14h 1m";""
"34";"XAUUSD_DukasM1_Infinox";"Buy";"2016.11.30 00:00:00";"1187.52";"0.08";"2016.11.30 14:16:00";"1184.19";"-27.04";"16528.04";"OOS1";"TrailingStop";"-26.64";"58.95";"14h 16m";""
"35";"XAUUSD_DukasM1_Infinox";"Buy";"2016.12.09 01:00:00";"1170.27";"0.11";"2016.12.09 13:50:00";"1165.28";"-55.44";"16472.60";"OOS1";"TrailingStop";"-57.22";"18.69";"12h 50m";""
"36";"XAUUSD_DukasM1_Infinox";"Buy";"2017.01.03 01:00:00";"1150.20";"0.1";"2017.01.03 10:28:00";"1151.12";"8.70";"16481.30";"OOS1";"TrailingStop";"-7.82";"85.22";"9h 28m";""
"37";"XAUUSD_DukasM1_Infinox";"Buy";"2017.01.09 01:30:00";"1173.32";"0.08";"2017.01.09 20:32:00";"1185.03";"93.28";"16574.58";"OOS1";"PT";"-5.43";"93.68";"19h 2m";""
"38";"XAUUSD_DukasM1_Infinox";"Buy";"2017.01.19 00:00:00";"1203.35";"0.09";"2017.01.19 16:48:00";"1196.78";"-59.58";"16515.01";"OOS1";"TrailingStop";"-59.13";"22.14";"16h 48m";""
"39";"XAUUSD_DukasM1_Infinox";"Buy";"2017.01.25 00:00:00";"1207.92";"0.1";"2017.01.25 09:06:00";"1202.62";"-53.50";"16461.51";"OOS1";"TrailingStop";"-53.00";"18.59";"9h 6m";""
"40";"XAUUSD_DukasM1_Infinox";"Buy";"2017.02.02 00:00:00";"1208.54";"0.07";"2017.02.02 12:06:00";"1221.48";"90.23";"16551.73";"OOS1";"PT";"-1.39";"90.58";"12h 6m";""
"41";"XAUUSD_DukasM1_Infinox";"Buy";"2017.02.08 01:00:00";"1233.21";"0.11";"2017.02.08 16:39:00";"1241.72";"93.06";"16644.79";"OOS1";"PT";"-35.54";"93.61";"15h 39m";""
"42";"XAUUSD_DukasM1_Infinox";"Buy";"2017.02.10 01:00:00";"1227.77";"0.08";"2017.02.13 15:45:00";"1225.27";"-22.31";"16622.48";"OOS1";"TrailingStop";"-49.45";"74.39";"3d 14h 45m";""
"43";"XAUUSD_DukasM1_Infinox";"Buy";"2017.02.20 01:30:00";"1237.02";"0.11";"2017.02.21 03:15:00";"1233.21";"-45.11";"16577.38";"OOS1";"TrailingStop";"-47.40";"21.13";"1d 1h 45m";""
"44";"XAUUSD_DukasM1_Infinox";"Buy";"2017.02.28 00:00:00";"1251.97";"0.1";"2017.02.28 20:35:00";"1250.87";"-11.50";"16565.88";"OOS1";"TrailingStop";"-17.42";"63.88";"20h 35m";""
"45";"XAUUSD_DukasM1_Infinox";"Buy";"2017.03.14 00:00:00";"1202.53";"0.13";"2017.03.14 20:50:00";"1200.74";"-23.92";"16541.96";"OOS1";"TrailingStop";"-25.64";"65.75";"20h 50m";""
"46";"XAUUSD_DukasM1_Infinox";"Buy";"2017.03.24 00:00:00";"1244.23";"0.09";"2017.03.24 22:59:00";"1244.24";"-0.36";"16541.60";"OOS1";"TrailingStop";"-29.54";"68.47";"22h 59m";""
"47";"XAUUSD_DukasM1_Infinox";"Buy";"2017.03.27 01:30:00";"1251.66";"0.08";"2017.03.27 18:29:00";"1253.47";"14.08";"16555.68";"OOS1";"TrailingStop";"-3.34";"74.82";"16h 59m";""
"48";"XAUUSD_DukasM1_Infinox";"Buy";"2017.03.29 01:00:00";"1250.79";"0.1";"2017.03.30 15:31:00";"1247.79";"-37.80";"16517.88";"OOS1";"TrailingStop";"-35.02";"38.19";"1d 14h 31m";""
"49";"XAUUSD_DukasM1_Infinox";"Buy";"2017.04.17 01:30:00";"1294.47";"0.09";"2017.04.17 09:17:00";"1286.70";"-70.38";"16447.50";"OOS1";"TrailingStop";"-69.93";"8.57";"7h 47m";""
"50";"XAUUSD_DukasM1_Infinox";"Buy";"2017.04.28 01:00:00";"1263.92";"0.11";"2017.05.01 04:35:00";"1265.11";"9.84";"16457.34";"OOS1";"TrailingStop";"-9.01";"78.67";"3d 3h 35m";""
"51";"XAUUSD_DukasM1_Infinox";"Buy";"2017.05.19 01:00:00";"1246.43";"0.06";"2017.05.22 20:00:00";"1260.79";"84.41";"16541.74";"OOS1";"PT";"-1.87";"86.16";"3d 19h 0m";""
"52";"XAUUSD_DukasM1_Infinox";"Buy";"2017.05.26 03:30:00";"1254.56";"0.12";"2017.05.26 10:01:00";"1262.42";"93.72";"16635.46";"OOS1";"PT";"-2.78";"94.32";"6h 31m";""
"53";"XAUUSD_DukasM1_Infinox";"Buy";"2017.06.02 02:30:00";"1265.07";"0.1";"2017.06.02 15:47:00";"1274.15";"90.30";"16725.76";"OOS1";"PT";"-60.41";"90.80";"13h 17m";""
"54";"XAUUSD_DukasM1_Infinox";"Buy";"2017.06.08 01:00:00";"1286.92";"0.09";"2017.06.08 16:31:00";"1281.56";"-48.69";"16677.07";"OOS1";"TrailingStop";"-48.24";"17.81";"15h 31m";""
"55";"XAUUSD_DukasM1_Infinox";"Buy";"2017.06.15 02:30:00";"1263.03";"0.06";"2017.06.15 14:12:00";"1255.85";"-43.38";"16633.69";"OOS1";"TrailingStop";"-43.08";"21.76";"11h 42m";""
"56";"XAUUSD_DukasM1_Infinox";"Buy";"2017.07.06 01:00:00";"1225.88";"0.09";"2017.07.07 02:06:00";"1220.21";"-53.63";"16580.07";"OOS1";"TrailingStop";"-51.03";"29.27";"1d 1h 6m";""
"57";"XAUUSD_DukasM1_Infinox";"Buy";"2017.07.07 03:30:00";"1221.89";"0.1";"2017.07.07 16:05:00";"1217.22";"-47.20";"16532.87";"OOS1";"TrailingStop";"-46.70";"65.59";"12h 35m";""
"58";"XAUUSD_DukasM1_Infinox";"Buy";"2017.07.12 01:00:00";"1217.00";"0.11";"2017.07.12 15:30:00";"1214.25";"-30.80";"16502.07";"OOS1";"TrailingStop";"-30.25";"38.60";"14h 30m";""
"59";"XAUUSD_DukasM1_Infinox";"Buy";"2017.07.14 01:00:00";"1217.09";"0.14";"2017.07.14 15:30:00";"1225.12";"111.69";"16613.76";"OOS1";"PT";"-32.61";"112.39";"14h 30m";""
"60";"XAUUSD_DukasM1_Infinox";"Buy";"2017.07.20 01:00:00";"1241.14";"0.15";"2017.07.20 10:36:00";"1237.33";"-57.90";"16555.86";"OOS1";"TrailingStop";"-57.15";"20.57";"9h 36m";""
"61";"XAUUSD_DukasM1_Infinox";"Buy";"2017.07.28 01:00:00";"1258.93";"0.09";"2017.07.28 18:18:00";"1268.96";"89.82";"16645.68";"OOS1";"PT";"-14.39";"90.27";"17h 18m";""
"62";"XAUUSD_DukasM1_Infinox";"Buy";"2017.08.03 02:00:00";"1266.33";"0.12";"2017.08.03 02:03:00";"1258.13";"-99.00";"16546.68";"OOS1";"SL";"-98.40";"0.00";"3m 0s";""
"63";"XAUUSD_DukasM1_Infinox";"Buy";"2017.08.14 01:30:00";"1288.38";"0.1";"2017.08.14 11:30:00";"1281.79";"-66.40";"16480.28";"OOS1";"TrailingStop";"-65.90";"11.51";"10h 0m";""
"64";"XAUUSD_DukasM1_Infinox";"Buy";"2017.08.18 01:00:00";"1288.21";"0.09";"2017.08.18 16:09:00";"1298.95";"96.21";"16576.49";"OOS1";"PT";"-20.42";"96.66";"15h 9m";""
"65";"XAUUSD_DukasM1_Infinox";"Buy";"2017.08.21 01:30:00";"1283.66";"0.07";"2017.08.22 09:36:00";"1285.23";"8.89";"16585.38";"OOS1";"TrailingStop";"-22.18";"70.29";"1d 8h 6m";""
"66";"XAUUSD_DukasM1_Infinox";"Buy";"2017.08.25 01:00:00";"1286.52";"0.13";"2017.08.25 16:17:00";"1293.92";"95.55";"16680.93";"OOS1";"PT";"-18.23";"96.20";"15h 17m";""
"67";"XAUUSD_DukasM1_Infinox";"Buy";"2017.08.30 01:00:00";"1309.07";"0.07";"2017.08.31 04:43:00";"1304.67";"-36.49";"16644.44";"OOS1";"TrailingStop";"-30.80";"32.00";"1d 3h 43m";""
"68";"XAUUSD_DukasM1_Infinox";"Buy";"2017.09.04 01:30:00";"1335.67";"0.06";"2017.09.05 11:25:00";"1329.88";"-36.60";"16607.84";"OOS1";"TrailingStop";"-34.74";"23.53";"1d 9h 55m";""
"69";"XAUUSD_DukasM1_Infinox";"Buy";"2017.09.07 01:00:00";"1334.38";"0.09";"2017.09.07 15:31:00";"1344.61";"91.62";"16699.46";"OOS1";"PT";"-16.91";"92.07";"14h 31m";""
"70";"XAUUSD_DukasM1_Infinox";"Buy";"2017.09.11 01:30:00";"1337.01";"0.07";"2017.09.11 20:05:00";"1331.02";"-42.28";"16657.18";"OOS1";"TrailingStop";"-41.93";"14.01";"18h 35m";""
"71";"XAUUSD_DukasM1_Infinox";"Buy";"2017.09.21 01:30:00";"1301.09";"0.07";"2017.09.21 15:45:00";"1288.26";"-90.16";"16567.02";"OOS1";"SL";"-89.81";"1.62";"14h 15m";""
"72";"XAUUSD_DukasM1_Infinox";"Buy";"2017.09.27 01:00:00";"1294.13";"0.08";"2017.09.27 11:32:00";"1287.35";"-54.64";"16512.38";"OOS1";"TrailingStop";"-54.24";"16.62";"10h 32m";""
"73";"XAUUSD_DukasM1_Infinox";"Buy";"2017.10.02 01:30:00";"1278.64";"0.09";"2017.10.04 16:02:00";"1275.51";"-33.10";"16479.28";"OOS1";"TrailingStop";"-93.08";"31.79";"2d 14h 32m";""
"74";"XAUUSD_DukasM1_Infinox";"Buy";"2017.11.08 01:00:00";"1276.02";"0.11";"2017.11.08 16:20:00";"1284.35";"91.08";"16570.36";"OOS1";"PT";"-2.19";"91.63";"15h 20m";""
"75";"XAUUSD_DukasM1_Infinox";"Buy";"2017.11.24 03:30:00";"1292.01";"0.14";"2017.11.24 13:14:00";"1287.55";"-63.14";"16507.22";"OOS1";"TrailingStop";"-62.44";"16.69";"9h 44m";""
"76";"XAUUSD_DukasM1_Infinox";"Buy";"2017.12.15 02:30:00";"1253.87";"0.11";"2017.12.15 16:54:00";"1255.70";"19.58";"16526.80";"OOS1";"TrailingStop";"-8.93";"87.33";"14h 24m";""
"77";"XAUUSD_DukasM1_Infinox";"Buy";"2017.12.20 01:00:00";"1261.66";"0.16";"2017.12.20 19:38:00";"1267.82";"97.76";"16624.56";"OOS1";"PT";"-5.10";"98.56";"18h 38m";""
"1";"XAUUSD_DukasM1_Infinox";"Buy";"2018.01.04 01:00:00";"1313.60";"0.08";"2018.01.04 15:16:00";"1309.56";"-32.72";"16591.84";"OOS1";"TrailingStop";"-61.85";"5.54";"14h 16m";""
"2";"XAUUSD_DukasM1_Infinox";"Buy";"2018.01.08 01:30:00";"1320.63";"0.1";"2018.01.08 09:54:00";"1316.82";"-38.60";"16553.24";"OOS1";"TrailingStop";"-38.10";"14.71";"8h 24m";""
"3";"XAUUSD_DukasM1_Infinox";"Buy";"2018.01.26 01:30:00";"1348.13";"0.05";"2018.01.26 13:59:00";"1350.14";"9.80";"16563.04";"OOS1";"TrailingStop";"-17.59";"44.90";"12h 29m";""
"4";"XAUUSD_DukasM1_Infinox";"Buy";"2018.02.19 01:30:00";"1348.30";"0.08";"2018.02.20 01:46:00";"1345.50";"-24.90";"16538.14";"OOS1";"TrailingStop";"-22.40";"24.41";"1d 0h 16m";""
"5";"XAUUSD_DukasM1_Infinox";"Buy";"2018.02.26 01:30:00";"1328.79";"0.12";"2018.02.26 04:34:00";"1337.30";"101.52";"16639.66";"OOS1";"PT";"-25.91";"102.12";"3h 4m";""
"6";"XAUUSD_DukasM1_Infinox";"Buy";"2018.03.08 01:00:00";"1325.42";"0.1";"2018.03.08 11:07:00";"1324.77";"-7.00";"16632.66";"OOS1";"TrailingStop";"-18.22";"35.72";"10h 7m";""
"7";"XAUUSD_DukasM1_Infinox";"Buy";"2018.03.23 00:00:00";"1329.13";"0.09";"2018.03.23 08:23:00";"1340.68";"103.50";"16736.16";"OOS1";"PT";"-1.82";"103.95";"8h 23m";""
"8";"XAUUSD_DukasM1_Infinox";"Buy";"2018.04.04 01:00:00";"1332.83";"0.1";"2018.04.04 11:11:00";"1342.86";"99.80";"16835.96";"OOS1";"PT";"-13.61";"100.30";"10h 11m";""
"9";"XAUUSD_DukasM1_Infinox";"Buy";"2018.04.13 01:00:00";"1334.82";"0.08";"2018.04.13 09:47:00";"1336.27";"11.20";"16847.16";"OOS1";"TrailingStop";"-1.86";"49.42";"8h 47m";""
"10";"XAUUSD_DukasM1_Infinox";"Buy";"2018.04.19 02:00:00";"1351.20";"0.1";"2018.04.19 12:23:00";"1349.91";"-13.40";"16833.77";"OOS1";"TrailingStop";"-32.22";"34.62";"10h 23m";""
"11";"XAUUSD_DukasM1_Infinox";"Buy";"2018.05.14 01:30:00";"1318.91";"0.13";"2018.05.14 13:41:00";"1318.71";"-3.25";"16830.51";"OOS1";"TrailingStop";"-4.32";"44.21";"12h 11m";""
"12";"XAUUSD_DukasM1_Infinox";"Buy";"2018.05.18 01:30:00";"1290.60";"0.12";"2018.05.21 03:14:00";"1290.18";"-8.65";"16821.86";"OOS1";"TrailingStop";"-54.74";"42.61";"3d 1h 44m";""
"13";"XAUUSD_DukasM1_Infinox";"Buy";"2018.05.28 01:30:00";"1296.89";"0.11";"2018.05.29 09:58:00";"1296.87";"-3.54";"16818.32";"OOS1";"TrailingStop";"-15.86";"48.09";"1d 8h 28m";""
"14";"XAUUSD_DukasM1_Infinox";"Buy";"2018.06.07 02:00:00";"1297.38";"0.14";"2018.06.07 16:24:00";"1299.37";"27.16";"16845.48";"OOS1";"TrailingStop";"-26.21";"80.07";"14h 24m";""
"15";"XAUUSD_DukasM1_Infinox";"Buy";"2018.06.08 02:30:00";"1297.70";"0.13";"2018.06.11 08:06:00";"1297.80";"-2.63";"16842.85";"OOS1";"TrailingStop";"-57.82";"45.99";"3d 5h 36m";""
"16";"XAUUSD_DukasM1_Infinox";"Buy";"2018.07.06 01:00:00";"1257.36";"0.13";"2018.07.06 04:39:00";"1254.93";"-32.24";"16810.61";"OOS1";"TrailingStop";"-31.59";"17.56";"3h 39m";""
"17";"XAUUSD_DukasM1_Infinox";"Buy";"2018.07.16 01:30:00";"1241.74";"0.14";"2018.07.16 10:48:00";"1241.92";"1.82";"16812.43";"OOS1";"TrailingStop";"-11.79";"53.03";"9h 18m";""
"18";"XAUUSD_DukasM1_Infinox";"Buy";"2018.07.27 01:00:00";"1223.06";"0.12";"2018.07.27 11:21:00";"1221.62";"-17.88";"16794.55";"OOS1";"TrailingStop";"-17.28";"26.90";"10h 21m";""
"19";"XAUUSD_DukasM1_Infinox";"Buy";"2018.08.10 01:00:00";"1212.49";"0.14";"2018.08.10 08:09:00";"1209.95";"-36.26";"16758.29";"OOS1";"TrailingStop";"-35.56";"12.03";"7h 9m";""
"20";"XAUUSD_DukasM1_Infinox";"Buy";"2018.09.14 01:00:00";"1201.40";"0.1";"2018.09.14 14:47:00";"1204.34";"28.90";"16787.19";"OOS1";"TrailingStop";"-3.21";"71.12";"13h 47m";""
"21";"XAUUSD_DukasM1_Infinox";"Buy";"2018.09.19 01:00:00";"1198.14";"0.13";"2018.09.19 15:52:00";"1206.16";"103.61";"16890.80";"OOS1";"PT";"-8.05";"104.26";"14h 52m";""
"22";"XAUUSD_DukasM1_Infinox";"Buy";"2018.09.27 01:00:00";"1194.86";"0.09";"2018.09.27 09:28:00";"1194.46";"-4.05";"16886.75";"OOS1";"TrailingStop";"-3.60";"32.84";"8h 28m";""
"23";"XAUUSD_DukasM1_Infinox";"Buy";"2018.10.04 01:00:00";"1197.68";"0.1";"2018.10.04 18:41:00";"1201.18";"34.50";"16921.25";"OOS1";"TrailingStop";"-17.12";"90.22";"17h 41m";""
"24";"XAUUSD_DukasM1_Infinox";"Buy";"2018.10.15 01:30:00";"1219.03";"0.08";"2018.10.15 12:12:00";"1230.80";"93.76";"17015.01";"OOS1";"PT";"-5.85";"94.16";"10h 42m";""
"25";"XAUUSD_DukasM1_Infinox";"Buy";"2018.10.17 01:00:00";"1224.51";"0.11";"2018.10.17 05:41:00";"1221.95";"-28.71";"16986.30";"OOS1";"TrailingStop";"-28.16";"13.88";"4h 41m";""
"26";"XAUUSD_DukasM1_Infinox";"Buy";"2018.10.22 01:30:00";"1227.73";"0.13";"2018.10.22 10:58:00";"1225.17";"-33.93";"16952.37";"OOS1";"TrailingStop";"-33.28";"23.67";"9h 28m";""
"27";"XAUUSD_DukasM1_Infinox";"Buy";"2018.10.25 01:00:00";"1234.37";"0.1";"2018.10.25 10:17:00";"1234.16";"-2.60";"16949.77";"OOS1";"TrailingStop";"-13.39";"48.01";"9h 17m";""
"28";"XAUUSD_DukasM1_Infinox";"Buy";"2018.12.06 01:00:00";"1237.68";"0.16";"2018.12.06 08:34:00";"1237.29";"-7.04";"16942.73";"OOS1";"TrailingStop";"-10.96";"49.09";"7h 34m";""
"29";"XAUUSD_DukasM1_Infinox";"Buy";"2018.12.20 01:00:00";"1243.32";"0.08";"2018.12.20 11:48:00";"1255.37";"96.00";"17038.73";"OOS1";"PT";"-5.32";"96.40";"10h 48m";""
"30";"XAUUSD_DukasM1_Infinox";"Buy";"2018.12.24 01:30:00";"1258.38";"0.1";"2018.12.24 12:53:00";"1260.64";"22.10";"17060.83";"OOS1";"TrailingStop";"-5.05";"69.08";"11h 23m";""
"31";"XAUUSD_DukasM1_Infinox";"Buy";"2018.12.27 01:00:00";"1266.79";"0.09";"2018.12.27 17:03:00";"1271.38";"40.86";"17101.69";"OOS1";"TrailingStop";"-4.10";"88.52";"16h 3m";""
"32";"XAUUSD_DukasM1_Infinox";"Buy";"2019.01.03 01:00:00";"1285.31";"0.09";"2019.01.03 11:15:00";"1287.68";"20.88";"17122.57";"OOS1";"TrailingStop";"-3.92";"62.62";"10h 15m";""
"33";"XAUUSD_DukasM1_Infinox";"Buy";"2019.01.11 01:00:00";"1286.77";"0.13";"2019.01.11 10:10:00";"1294.81";"103.87";"17226.44";"OOS1";"PT";"-3.05";"104.52";"9h 10m";""
"34";"XAUUSD_DukasM1_Infinox";"Buy";"2019.01.18 01:00:00";"1292.27";"0.14";"2019.01.18 11:29:00";"1285.32";"-98.00";"17128.44";"OOS1";"SL";"-97.30";"1.47";"10h 29m";""
"35";"XAUUSD_DukasM1_Infinox";"Buy";"2019.01.24 02:00:00";"1283.89";"0.16";"2019.01.24 06:48:00";"1281.61";"-37.28";"17091.16";"OOS1";"TrailingStop";"-36.48";"13.36";"4h 48m";""
"36";"XAUUSD_DukasM1_Infinox";"Buy";"2019.02.01 01:00:00";"1321.42";"0.11";"2019.02.01 15:30:00";"1318.63";"-31.24";"17059.92";"OOS1";"TrailingStop";"-53.37";"7.46";"14h 30m";""
"37";"XAUUSD_DukasM1_Infinox";"Buy";"2019.02.14 01:00:00";"1305.89";"0.11";"2019.02.14 10:37:00";"1306.32";"4.18";"17064.10";"OOS1";"TrailingStop";"-2.25";"41.85";"9h 37m";""
"38";"XAUUSD_DukasM1_Infinox";"Buy";"2019.03.12 00:00:00";"1293.59";"0.14";"2019.03.12 09:36:00";"1294.32";"9.52";"17073.62";"OOS1";"TrailingStop";"-22.43";"52.71";"9h 36m";""
"39";"XAUUSD_DukasM1_Infinox";"Buy";"2019.03.19 00:00:00";"1303.70";"0.14";"2019.03.19 09:55:00";"1304.99";"17.36";"17090.98";"OOS1";"TrailingStop";"-19.77";"56.63";"9h 55m";""
"40";"XAUUSD_DukasM1_Infinox";"Buy";"2019.03.22 00:30:00";"1309.27";"0.1";"2019.03.25 14:51:00";"1319.58";"100.05";"17191.03";"OOS1";"PT";"-24.92";"103.10";"3d 14h 21m";""
"41";"XAUUSD_DukasM1_Infinox";"Buy";"2019.03.27 00:00:00";"1315.71";"0.11";"2019.03.27 09:43:00";"1314.29";"-16.17";"17174.86";"OOS1";"TrailingStop";"-15.62";"29.86";"9h 43m";""
"42";"XAUUSD_DukasM1_Infinox";"Buy";"2019.04.04 01:00:00";"1290.10";"0.15";"2019.04.04 14:03:00";"1290.44";"4.35";"17179.21";"OOS1";"TrailingStop";"-6.23";"51.12";"13h 3m";""
"43";"XAUUSD_DukasM1_Infinox";"Buy";"2019.04.08 01:30:00";"1292.95";"0.12";"2019.04.08 15:44:00";"1301.20";"98.40";"17277.61";"OOS1";"PT";"-19.22";"99.00";"14h 14m";""
"44";"XAUUSD_DukasM1_Infinox";"Buy";"2019.05.15 01:00:00";"1296.90";"0.15";"2019.05.15 07:45:00";"1295.02";"-28.95";"17248.66";"OOS1";"TrailingStop";"-28.20";"17.77";"6h 45m";""
"45";"XAUUSD_DukasM1_Infinox";"Buy";"2019.06.05 01:00:00";"1325.29";"0.09";"2019.06.05 12:30:00";"1336.62";"101.52";"17350.18";"OOS1";"PT";"-7.58";"101.97";"11h 30m";""
"46";"XAUUSD_DukasM1_Infinox";"Buy";"2019.06.17 01:30:00";"1341.88";"0.07";"2019.06.17 09:51:00";"1336.94";"-34.93";"17315.25";"OOS1";"TrailingStop";"-40.49";"11.38";"8h 21m";""
"47";"XAUUSD_DukasM1_Infinox";"Buy";"2019.06.19 01:00:00";"1346.47";"0.07";"2019.06.19 23:17:00";"1359.91";"88.23";"17403.48";"OOS1";"PT";"-36.92";"94.08";"22h 17m";""
"48";"XAUUSD_DukasM1_Infinox";"Buy";"2019.06.26 01:30:00";"1418.31";"0.04";"2019.06.26 05:48:00";"1409.09";"-37.08";"17366.40";"OOS1";"TrailingStop";"-36.88";"14.75";"4h 18m";""
"49";"XAUUSD_DukasM1_Infinox";"Buy";"2019.07.04 01:00:00";"1419.45";"0.06";"2019.07.04 09:15:00";"1413.57";"-35.58";"17330.82";"OOS1";"TrailingStop";"-35.28";"12.87";"8h 15m";""
"50";"XAUUSD_DukasM1_Infinox";"Buy";"2019.07.12 01:00:00";"1403.99";"0.06";"2019.07.12 12:22:00";"1405.91";"11.22";"17342.04";"OOS1";"TrailingStop";"-2.53";"49.97";"11h 22m";""
"51";"XAUUSD_DukasM1_Infinox";"Buy";"2019.08.01 01:00:00";"1413.02";"0.05";"2019.08.01 03:39:00";"1405.75";"-36.60";"17305.45";"OOS1";"TrailingStop";"-36.35";"17.23";"2h 39m";""
"52";"XAUUSD_DukasM1_Infinox";"Buy";"2019.08.12 01:30:00";"1497.51";"0.05";"2019.08.12 09:37:00";"1493.10";"-22.30";"17283.14";"OOS1";"TrailingStop";"-22.05";"19.68";"8h 7m";""
"53";"XAUUSD_DukasM1_Infinox";"Buy";"2019.08.22 01:00:00";"1502.49";"0.08";"2019.08.22 10:30:00";"1498.23";"-34.48";"17248.66";"OOS1";"TrailingStop";"-34.08";"15.82";"9h 30m";""
"54";"XAUUSD_DukasM1_Infinox";"Buy";"2019.08.29 01:00:00";"1539.41";"0.06";"2019.08.29 10:13:00";"1543.44";"23.88";"17272.54";"OOS1";"TrailingStop";"-10.05";"65.43";"9h 13m";""
"55";"XAUUSD_DukasM1_Infinox";"Buy";"2019.09.13 03:30:00";"1499.14";"0.05";"2019.09.13 15:33:00";"1501.36";"10.85";"17283.39";"OOS1";"TrailingStop";"-18.26";"48.99";"12h 3m";""
"56";"XAUUSD_DukasM1_Infinox";"Buy";"2019.09.19 02:00:00";"1493.40";"0.05";"2019.09.19 18:24:00";"1497.37";"19.60";"17302.99";"OOS1";"TrailingStop";"-22.46";"55.34";"16h 24m";""
"57";"XAUUSD_DukasM1_Infinox";"Buy";"2019.10.10 01:30:00";"1514.73";"0.05";"2019.10.10 03:02:00";"1507.41";"-36.85";"17266.14";"OOS1";"TrailingStop";"-36.60";"11.09";"1h 32m";""
"58";"XAUUSD_DukasM1_Infinox";"Buy";"2019.10.21 01:30:00";"1490.98";"0.09";"2019.10.21 10:41:00";"1488.77";"-20.34";"17245.80";"OOS1";"TrailingStop";"-19.89";"25.72";"9h 11m";""
"59";"XAUUSD_DukasM1_Infinox";"Buy";"2019.11.04 01:30:00";"1512.97";"0.08";"2019.11.04 10:14:00";"1509.53";"-27.92";"17217.88";"OOS1";"TrailingStop";"-27.52";"7.90";"8h 44m";""
"60";"XAUUSD_DukasM1_Infinox";"Buy";"2019.11.18 01:30:00";"1468.60";"0.11";"2019.11.18 03:57:00";"1465.37";"-36.08";"17181.80";"OOS1";"TrailingStop";"-35.53";"10.43";"2h 27m";""
"61";"XAUUSD_DukasM1_Infinox";"Buy";"2019.11.21 01:30:00";"1475.14";"0.07";"2019.11.22 17:44:00";"1461.35";"-98.89";"17082.92";"OOS1";"SL";"-96.53";"3.05";"1d 16h 14m";""
"62";"XAUUSD_DukasM1_Infinox";"Buy";"2019.12.05 01:00:00";"1474.69";"0.09";"2019.12.05 09:48:00";"1474.12";"-5.58";"17077.34";"OOS1";"TrailingStop";"-9.02";"31.66";"8h 48m";""
"63";"XAUUSD_DukasM1_Infinox";"Buy";"2019.12.13 01:00:00";"1467.93";"0.07";"2019.12.13 16:00:00";"1468.10";"0.84";"17078.18";"OOS1";"TrailingStop";"-43.97";"52.35";"15h 0m";""
"64";"XAUUSD_DukasM1_Infinox";"Buy";"2019.12.23 01:30:00";"1477.83";"0.17";"2019.12.23 09:01:00";"1483.97";"103.53";"17181.71";"OOS1";"PT";"-4.28";"104.38";"7h 31m";""
"1";"XAUUSD_DukasM1_Infinox";"Buy";"2020.01.17 01:00:00";"1552.60";"0.22";"2020.01.17 15:41:00";"1556.04";"74.58";"17256.29";"OOS1";"TrailingStop";"-72.71";"177.94";"14h 41m";""
"2";"XAUUSD_DukasM1_Infinox";"Buy";"2020.01.22 01:30:00";"1557.25";"0.16";"2020.01.22 04:51:00";"1551.20";"-97.60";"17158.69";"OOS1";"SL";"-96.80";"3.92";"3h 21m";""
"3";"XAUUSD_DukasM1_Infinox";"Buy";"2020.01.31 03:30:00";"1571.94";"0.14";"2020.01.31 18:46:00";"1583.75";"164.64";"17323.33";"OOS1";"TrailingStop";"-14.07";"239.79";"15h 16m";""
"4";"XAUUSD_DukasM1_Infinox";"Buy";"2020.02.28 01:30:00";"1646.85";"0.07";"2020.02.28 07:50:00";"1633.32";"-95.06";"17228.27";"OOS1";"SL";"-94.71";"9.86";"6h 20m";""
"5";"XAUUSD_DukasM1_Infinox";"Buy";"2020.03.05 01:30:00";"1637.42";"0.08";"2020.03.05 22:04:00";"1672.07";"276.80";"17505.07";"OOS1";"PT";"-20.26";"277.20";"20h 34m";""
"6";"XAUUSD_DukasM1_Infinox";"Buy";"2020.03.26 00:00:00";"1616.15";"0.04";"2020.03.26 21:13:00";"1623.22";"28.08";"17533.15";"OOS1";"TrailingStop";"-83.40";"115.61";"21h 13m";""
"7";"XAUUSD_DukasM1_Infinox";"Buy";"2020.03.30 01:30:00";"1629.54";"0.05";"2020.03.31 11:44:00";"1609.83";"-100.38";"17432.77";"OOS1";"SL";"-98.55";"13.29";"1d 10h 14m";""
"8";"XAUUSD_DukasM1_Infinox";"Buy";"2020.04.08 01:00:00";"1646.28";"0.05";"2020.04.08 14:11:00";"1643.62";"-13.55";"17419.21";"OOS1";"TrailingStop";"-29.41";"42.84";"13h 11m";""
"9";"XAUUSD_DukasM1_Infinox";"Buy";"2020.04.16 01:00:00";"1716.78";"0.06";"2020.04.16 15:40:00";"1728.59";"70.56";"17489.78";"OOS1";"TrailingStop";"-29.35";"131.21";"14h 40m";""
"10";"XAUUSD_DukasM1_Infinox";"Buy";"2020.04.22 01:00:00";"1683.44";"0.05";"2020.04.22 14:58:00";"1695.81";"61.60";"17551.38";"OOS1";"TrailingStop";"-17.66";"118.48";"13h 58m";""
"11";"XAUUSD_DukasM1_Infinox";"Buy";"2020.04.27 01:30:00";"1720.72";"0.07";"2020.04.27 09:48:00";"1716.28";"-31.43";"17519.95";"OOS1";"TrailingStop";"-31.08";"45.53";"8h 18m";""
"12";"XAUUSD_DukasM1_Infinox";"Buy";"2020.05.11 01:30:00";"1704.69";"0.08";"2020.05.11 08:30:00";"1701.94";"-22.40";"17497.55";"OOS1";"TrailingStop";"-28.92";"58.94";"7h 0m";""
"13";"XAUUSD_DukasM1_Infinox";"Buy";"2020.06.12 01:00:00";"1727.09";"0.08";"2020.06.12 18:03:00";"1734.53";"59.12";"17556.67";"OOS1";"TrailingStop";"-39.64";"126.86";"17h 3m";""
"14";"XAUUSD_DukasM1_Infinox";"Buy";"2020.06.25 02:00:00";"1764.29";"0.08";"2020.06.25 13:09:00";"1759.97";"-34.96";"17521.71";"OOS1";"TrailingStop";"-48.28";"35.96";"11h 9m";""
"15";"XAUUSD_DukasM1_Infinox";"Buy";"2020.07.02 02:00:00";"1769.59";"0.1";"2020.07.02 15:15:00";"1768.58";"-10.60";"17511.11";"OOS1";"TrailingStop";"-54.22";"48.05";"13h 15m";""
"16";"XAUUSD_DukasM1_Infinox";"Buy";"2020.07.10 01:00:00";"1801.46";"0.12";"2020.07.10 08:30:00";"1798.39";"-37.44";"17473.67";"OOS1";"TrailingStop";"-36.84";"32.98";"7h 30m";""
"17";"XAUUSD_DukasM1_Infinox";"Buy";"2020.08.17 01:30:00";"1949.13";"0.06";"2020.08.17 02:56:00";"1933.91";"-91.62";"17382.05";"OOS1";"SL";"-91.32";"12.69";"1h 26m";""
"18";"XAUUSD_DukasM1_Infinox";"Buy";"2020.08.24 01:30:00";"1935.65";"0.05";"2020.08.24 16:09:00";"1944.53";"44.15";"17426.20";"OOS1";"TrailingStop";"-27.51";"130.69";"14h 39m";""
"19";"XAUUSD_DukasM1_Infinox";"Buy";"2020.08.28 01:00:00";"1928.92";"0.05";"2020.08.28 16:03:00";"1951.70";"113.65";"17539.85";"OOS1";"TrailingStop";"-28.16";"178.34";"15h 3m";""
"20";"XAUUSD_DukasM1_Infinox";"Buy";"2020.09.02 01:00:00";"1969.61";"0.08";"2020.09.02 04:06:00";"1964.12";"-44.32";"17495.53";"OOS1";"TrailingStop";"-43.92";"28.06";"3h 6m";""
"21";"XAUUSD_DukasM1_Infinox";"Buy";"2020.09.11 03:30:00";"1947.71";"0.09";"2020.09.11 05:51:00";"1941.11";"-59.85";"17435.68";"OOS1";"TrailingStop";"-59.40";"14.47";"2h 21m";""
"22";"XAUUSD_DukasM1_Infinox";"Buy";"2020.09.28 01:30:00";"1864.85";"0.08";"2020.09.28 11:29:00";"1853.52";"-91.04";"17344.64";"OOS1";"SL";"-90.64";"8.38";"9h 59m";""
"23";"XAUUSD_DukasM1_Infinox";"Buy";"2020.10.01 02:00:00";"1888.89";"0.08";"2020.10.01 17:04:00";"1899.29";"82.80";"17427.44";"OOS1";"TrailingStop";"-34.68";"162.46";"15h 4m";""
"24";"XAUUSD_DukasM1_Infinox";"Buy";"2020.10.07 01:00:00";"1878.57";"0.07";"2020.10.07 12:31:00";"1886.76";"56.98";"17484.42";"OOS1";"TrailingStop";"-40.75";"135.30";"11h 31m";""
"25";"XAUUSD_DukasM1_Infinox";"Buy";"2020.10.09 01:00:00";"1893.74";"0.12";"2020.10.09 09:12:00";"1905.96";"146.04";"17630.46";"OOS1";"TrailingStop";"-4.34";"228.58";"8h 12m";""
"26";"XAUUSD_DukasM1_Infinox";"Buy";"2020.10.19 01:30:00";"1902.23";"0.12";"2020.10.19 15:54:00";"1910.38";"97.20";"17727.66";"OOS1";"TrailingStop";"-64.22";"193.30";"14h 24m";""
"27";"XAUUSD_DukasM1_Infinox";"Buy";"2020.11.05 02:30:00";"1907.40";"0.07";"2020.11.05 17:20:00";"1946.76";"275.17";"18002.83";"OOS1";"PT";"-35.29";"275.52";"14h 50m";""
"28";"XAUUSD_DukasM1_Infinox";"Buy";"2020.11.09 01:30:00";"1958.48";"0.08";"2020.11.09 08:53:00";"1956.82";"-13.68";"17989.15";"OOS1";"TrailingStop";"-47.86";"55.48";"7h 23m";""
"29";"XAUUSD_DukasM1_Infinox";"Buy";"2020.11.27 02:30:00";"1812.03";"0.14";"2020.11.27 04:55:00";"1807.97";"-57.54";"17931.61";"OOS1";"TrailingStop";"-56.84";"24.47";"2h 25m";""
"30";"XAUUSD_DukasM1_Infinox";"Buy";"2020.12.14 01:30:00";"1837.38";"0.11";"2020.12.14 09:18:00";"1831.97";"-60.06";"17871.54";"OOS1";"TrailingStop";"-59.51";"6.91";"7h 48m";""
"31";"XAUUSD_DukasM1_Infinox";"Buy";"2020.12.17 01:00:00";"1864.01";"0.09";"2020.12.17 12:32:00";"1872.40";"75.06";"17946.61";"OOS1";"TrailingStop";"-19.01";"170.89";"11h 32m";""
"32";"XAUUSD_DukasM1_Infinox";"Buy";"2020.12.21 01:30:00";"1884.31";"0.12";"2020.12.21 08:52:00";"1899.79";"185.16";"18131.77";"OOS1";"TrailingStop";"-18.02";"267.94";"7h 22m";""
"33";"XAUUSD_DukasM1_Infinox";"Buy";"2021.01.04 01:30:00";"1910.85";"0.11";"2021.01.04 12:28:00";"1927.90";"187.00";"18318.77";"OOS1";"TrailingStop";"-15.35";"266.58";"10h 58m";""
"34";"XAUUSD_DukasM1_Infinox";"Buy";"2021.01.14 01:30:00";"1847.10";"0.1";"2021.01.14 04:22:00";"1843.56";"-35.90";"18282.87";"OOS1";"TrailingStop";"-35.40";"50.28";"2h 52m";""
"35";"XAUUSD_DukasM1_Infinox";"Buy";"2021.01.22 01:00:00";"1869.39";"0.11";"2021.01.22 03:01:00";"1864.28";"-56.76";"18226.11";"OOS1";"TrailingStop";"-56.21";"13.36";"2h 1m";""
"36";"XAUUSD_DukasM1_Infinox";"Buy";"2021.02.01 01:30:00";"1857.60";"0.06";"2021.02.01 12:23:00";"1856.79";"-5.16";"18220.95";"OOS1";"TrailingStop";"-52.25";"84.22";"10h 53m";""
"37";"XAUUSD_DukasM1_Infinox";"Buy";"2021.02.24 01:00:00";"1804.82";"0.11";"2021.02.24 08:08:00";"1806.80";"21.23";"18242.18";"OOS1";"TrailingStop";"-5.11";"98.18";"7h 8m";""
"38";"XAUUSD_DukasM1_Infinox";"Buy";"2021.03.04 01:30:00";"1710.74";"0.08";"2021.03.04 06:05:00";"1706.98";"-30.48";"18211.70";"OOS1";"TrailingStop";"-30.08";"46.92";"4h 35m";""
"39";"XAUUSD_DukasM1_Infinox";"Buy";"2021.03.12 01:00:00";"1722.00";"0.11";"2021.03.12 04:40:00";"1720.74";"-14.41";"18197.29";"OOS1";"TrailingStop";"-13.86";"64.85";"3h 40m";""
"40";"XAUUSD_DukasM1_Infinox";"Buy";"2021.03.16 00:00:00";"1731.27";"0.12";"2021.03.16 08:47:00";"1731.78";"5.52";"18202.81";"OOS1";"TrailingStop";"-22.39";"70.25";"8h 47m";""
"41";"XAUUSD_DukasM1_Infinox";"Buy";"2021.03.19 00:00:00";"1735.84";"0.09";"2021.03.19 03:13:00";"1728.83";"-63.54";"18139.27";"OOS1";"TrailingStop";"-63.09";"15.62";"3h 13m";""
"42";"XAUUSD_DukasM1_Infinox";"Buy";"2021.03.19 03:30:00";"1729.06";"0.1";"2021.03.19 11:59:00";"1736.81";"77.00";"18216.27";"OOS1";"TrailingStop";"-5.66";"162.28";"8h 29m";""
"43";"XAUUSD_DukasM1_Infinox";"Buy";"2021.03.23 00:00:00";"1738.67";"0.14";"2021.03.23 03:14:00";"1734.59";"-57.82";"18158.45";"OOS1";"TrailingStop";"-57.12";"24.47";"3h 14m";""
"44";"XAUUSD_DukasM1_Infinox";"Buy";"2021.03.26 00:00:00";"1726.30";"0.11";"2021.03.26 12:52:00";"1725.15";"-13.20";"18145.25";"OOS1";"TrailingStop";"-34.56";"62.13";"12h 52m";""
"45";"XAUUSD_DukasM1_Infinox";"Buy";"2021.04.08 01:00:00";"1737.09";"0.15";"2021.04.08 16:43:00";"1757.02";"298.20";"18443.45";"OOS1";"PT";"-60.48";"298.95";"15h 43m";""
"46";"XAUUSD_DukasM1_Infinox";"Buy";"2021.04.12 01:30:00";"1742.89";"0.15";"2021.04.12 08:28:00";"1736.19";"-101.25";"18342.20";"OOS1";"SL";"-100.50";"6.27";"6h 58m";""
"47";"XAUUSD_DukasM1_Infinox";"Buy";"2021.04.15 01:00:00";"1736.21";"0.15";"2021.04.15 04:43:00";"1734.87";"-20.85";"18321.35";"OOS1";"TrailingStop";"-20.10";"62.37";"3h 43m";""
"48";"XAUUSD_DukasM1_Infinox";"Buy";"2021.04.23 02:00:00";"1783.91";"0.13";"2021.04.23 08:30:00";"1783.36";"-7.80";"18313.55";"OOS1";"TrailingStop";"-14.46";"73.90";"6h 30m";""
"49";"XAUUSD_DukasM1_Infinox";"Buy";"2021.04.28 01:00:00";"1776.47";"0.16";"2021.04.28 03:39:00";"1770.23";"-100.64";"18212.91";"OOS1";"SL";"-99.84";"9.25";"2h 39m";""
"50";"XAUUSD_DukasM1_Infinox";"Buy";"2021.05.05 01:00:00";"1778.91";"0.1";"2021.05.05 08:23:00";"1777.56";"-14.00";"18198.91";"OOS1";"TrailingStop";"-22.52";"43.28";"7h 23m";""
"51";"XAUUSD_DukasM1_Infinox";"Buy";"2021.05.24 01:30:00";"1880.96";"0.12";"2021.05.24 10:01:00";"1880.78";"-2.76";"18196.15";"OOS1";"TrailingStop";"-15.38";"71.02";"8h 31m";""
"52";"XAUUSD_DukasM1_Infinox";"Buy";"2021.05.27 01:00:00";"1896.71";"0.11";"2021.05.27 11:41:00";"1896.69";"-0.77";"18195.38";"OOS1";"TrailingStop";"-51.72";"74.45";"10h 41m";""
"53";"XAUUSD_DukasM1_Infinox";"Buy";"2021.06.23 01:00:00";"1778.37";"0.12";"2021.06.23 08:30:00";"1778.10";"-3.84";"18191.54";"OOS1";"TrailingStop";"-15.50";"64.90";"7h 30m";""
"54";"XAUUSD_DukasM1_Infinox";"Buy";"2021.07.02 01:00:00";"1775.54";"0.13";"2021.07.02 10:13:00";"1774.61";"-12.74";"18178.80";"OOS1";"TrailingStop";"-12.09";"53.66";"9h 13m";""
"55";"XAUUSD_DukasM1_Infinox";"Buy";"2021.07.09 01:30:00";"1803.50";"0.11";"2021.07.09 08:00:00";"1800.45";"-34.10";"18144.70";"OOS1";"TrailingStop";"-47.10";"45.63";"6h 30m";""
"56";"XAUUSD_DukasM1_Infinox";"Buy";"2021.07.29 01:30:00";"1807.49";"0.13";"2021.07.29 18:43:00";"1831.24";"308.10";"18452.80";"OOS1";"PT";"-2.63";"308.75";"17h 13m";""
"57";"XAUUSD_DukasM1_Infinox";"Buy";"2021.08.02 01:30:00";"1814.43";"0.15";"2021.08.02 04:16:00";"1812.07";"-36.15";"18416.65";"OOS1";"TrailingStop";"-36.78";"34.92";"2h 46m";""
"58";"XAUUSD_DukasM1_Infinox";"Buy";"2021.08.13 01:00:00";"1752.12";"0.15";"2021.08.13 17:05:00";"1771.71";"293.10";"18709.75";"OOS1";"PT";"-8.28";"293.85";"16h 5m";""
"59";"XAUUSD_DukasM1_Infinox";"Buy";"2021.08.18 01:00:00";"1785.84";"0.16";"2021.08.18 11:02:00";"1789.23";"53.44";"18763.19";"OOS1";"TrailingStop";"-13.79";"124.77";"10h 2m";""
"60";"XAUUSD_DukasM1_Infinox";"Buy";"2021.09.02 01:00:00";"1813.04";"0.16";"2021.09.02 06:57:00";"1811.05";"-32.64";"18730.54";"OOS1";"TrailingStop";"-31.84";"46.05";"5h 57m";""
"61";"XAUUSD_DukasM1_Infinox";"Buy";"2021.09.13 01:30:00";"1788.06";"0.14";"2021.09.13 09:28:00";"1788.84";"10.22";"18740.76";"OOS1";"TrailingStop";"-62.89";"76.83";"7h 58m";""
"62";"XAUUSD_DukasM1_Infinox";"Buy";"2021.10.08 01:00:00";"1755.46";"0.15";"2021.10.08 10:13:00";"1755.55";"0.60";"18741.37";"OOS1";"TrailingStop";"-33.33";"74.82";"9h 13m";""
"63";"XAUUSD_DukasM1_Infinox";"Buy";"2021.10.22 01:00:00";"1782.45";"0.14";"2021.10.22 15:43:00";"1803.92";"299.88";"19041.25";"OOS1";"PT";"-2.83";"300.58";"14h 43m";""
"64";"XAUUSD_DukasM1_Infinox";"Buy";"2021.11.03 00:00:00";"1787.12";"0.17";"2021.11.03 02:29:00";"1783.11";"-69.02";"18972.23";"OOS1";"TrailingStop";"-68.17";"16.10";"2h 29m";""
"65";"XAUUSD_DukasM1_Infinox";"Buy";"2021.11.19 01:00:00";"1858.24";"0.13";"2021.11.19 08:56:00";"1858.72";"5.59";"18977.82";"OOS1";"TrailingStop";"-4.06";"70.12";"7h 56m";""
"66";"XAUUSD_DukasM1_Infinox";"Buy";"2021.11.26 01:30:00";"1791.52";"0.2";"2021.11.26 09:54:00";"1806.80";"304.60";"19282.42";"OOS1";"PT";"-32.64";"305.60";"8h 24m";""
"67";"XAUUSD_DukasM1_Infinox";"Buy";"2021.12.20 01:30:00";"1799.98";"0.14";"2021.12.20 09:30:00";"1798.71";"-18.48";"19263.94";"OOS1";"TrailingStop";"-17.78";"57.09";"8h 0m";""
"68";"XAUUSD_DukasM1_Infinox";"Buy";"2021.12.29 01:00:00";"1805.77";"0.18";"2021.12.29 09:58:00";"1804.01";"-32.58";"19231.36";"OOS1";"TrailingStop";"-33.34";"32.54";"8h 58m";""
"1";"XAUUSD_DukasM1_Infinox";"Buy";"2022.01.14 03:00:00";"1820.91";"0.12";"2022.01.14 11:00:00";"1823.99";"36.36";"19267.72";"OOS1";"TrailingStop";"-8.42";"97.66";"8h 0m";""
"2";"XAUUSD_DukasM1_Infinox";"Buy";"2022.02.04 02:00:00";"1805.81";"0.1";"2022.02.04 13:47:00";"1810.01";"41.50";"19309.22";"OOS1";"TrailingStop";"-9.52";"86.08";"11h 47m";""
"3";"XAUUSD_DukasM1_Infinox";"Buy";"2022.02.11 01:30:00";"1826.67";"0.08";"2022.02.11 08:40:00";"1821.80";"-39.36";"19269.86";"OOS1";"TrailingStop";"-38.96";"7.10";"7h 10m";""
"4";"XAUUSD_DukasM1_Infinox";"Buy";"2022.02.21 01:30:00";"1904.84";"0.08";"2022.02.21 02:54:00";"1901.21";"-29.44";"19240.42";"OOS1";"TrailingStop";"-29.04";"26.54";"1h 24m";""
"5";"XAUUSD_DukasM1_Infinox";"Buy";"2022.02.23 01:30:00";"1899.53";"0.08";"2022.02.23 07:24:00";"1894.65";"-39.44";"19200.98";"OOS1";"TrailingStop";"-39.04";"13.34";"5h 54m";""
"6";"XAUUSD_DukasM1_Infinox";"Buy";"2022.03.03 01:00:00";"1929.14";"0.04";"2022.03.03 11:28:00";"1924.34";"-19.40";"19181.58";"OOS1";"TrailingStop";"-28.94";"23.31";"10h 28m";""
"7";"XAUUSD_DukasM1_Infinox";"Buy";"2022.04.22 03:30:00";"1950.24";"0.08";"2022.04.22 11:28:00";"1947.61";"-21.44";"19160.14";"OOS1";"TrailingStop";"-35.58";"41.94";"7h 58m";""
"8";"XAUUSD_DukasM1_Infinox";"Buy";"2022.05.05 01:00:00";"1881.50";"0.05";"2022.05.05 10:06:00";"1894.38";"64.15";"19224.29";"OOS1";"TrailingStop";"-1.01";"108.82";"9h 6m";""
"9";"XAUUSD_DukasM1_Infinox";"Buy";"2022.05.06 01:00:00";"1876.23";"0.05";"2022.05.06 04:04:00";"1869.90";"-31.90";"19192.39";"OOS1";"TrailingStop";"-31.65";"9.34";"3h 4m";""
"10";"XAUUSD_DukasM1_Infinox";"Buy";"2022.05.18 01:00:00";"1814.34";"0.07";"2022.05.18 05:06:00";"1810.57";"-26.74";"19165.65";"OOS1";"TrailingStop";"-26.39";"19.66";"4h 6m";""
"11";"XAUUSD_DukasM1_Infinox";"Buy";"2022.05.23 01:30:00";"1847.25";"0.07";"2022.05.23 15:30:00";"1858.17";"76.09";"19241.74";"OOS1";"TrailingStop";"-12.05";"126.59";"14h 0m";""
"12";"XAUUSD_DukasM1_Infinox";"Buy";"2022.06.06 01:30:00";"1850.27";"0.1";"2022.06.06 10:31:00";"1851.96";"16.40";"19258.14";"OOS1";"TrailingStop";"-2.42";"62.48";"9h 1m";""
"13";"XAUUSD_DukasM1_Infinox";"Buy";"2022.06.09 02:00:00";"1853.92";"0.1";"2022.06.09 08:59:00";"1850.87";"-31.00";"19227.14";"OOS1";"TrailingStop";"-31.62";"13.48";"6h 59m";""
"14";"XAUUSD_DukasM1_Infinox";"Buy";"2022.06.20 01:30:00";"1838.78";"0.07";"2022.06.20 13:04:00";"1838.49";"-2.38";"19224.76";"OOS1";"TrailingStop";"-26.47";"50.53";"11h 34m";""
"15";"XAUUSD_DukasM1_Infinox";"Buy";"2022.08.03 01:00:00";"1760.80";"0.06";"2022.08.03 13:19:00";"1763.07";"13.32";"19238.08";"OOS1";"TrailingStop";"-35.83";"58.61";"12h 19m";""
"16";"XAUUSD_DukasM1_Infinox";"Buy";"2022.08.08 01:30:00";"1774.75";"0.08";"2022.08.08 11:26:00";"1773.03";"-14.16";"19223.92";"OOS1";"TrailingStop";"-29.92";"34.83";"9h 56m";""
"17";"XAUUSD_DukasM1_Infinox";"Buy";"2022.09.09 01:00:00";"1708.57";"0.09";"2022.09.09 14:53:00";"1723.36";"132.66";"19356.58";"OOS1";"TrailingStop";"-3.02";"186.97";"13h 53m";""
"18";"XAUUSD_DukasM1_Infinox";"Buy";"2022.09.30 01:00:00";"1661.25";"0.06";"2022.09.30 13:16:00";"1666.91";"33.66";"19390.24";"OOS1";"TrailingStop";"-12.55";"77.37";"12h 16m";""
"19";"XAUUSD_DukasM1_Infinox";"Buy";"2022.10.03 01:30:00";"1663.86";"0.07";"2022.10.03 05:59:00";"1663.45";"-3.22";"19387.02";"OOS1";"TrailingStop";"-5.19";"38.67";"4h 29m";""
"20";"XAUUSD_DukasM1_Infinox";"Buy";"2022.10.06 01:00:00";"1716.19";"0.07";"2022.10.06 11:21:00";"1718.91";"18.69";"19405.71";"OOS1";"TrailingStop";"-10.79";"64.71";"10h 21m";""
"21";"XAUUSD_DukasM1_Infinox";"Buy";"2022.10.19 01:00:00";"1651.67";"0.09";"2022.10.19 07:25:00";"1648.12";"-32.40";"19373.31";"OOS1";"TrailingStop";"-31.95";"23.83";"6h 25m";""
"22";"XAUUSD_DukasM1_Infinox";"Buy";"2022.10.28 01:00:00";"1662.16";"0.07";"2022.10.28 08:44:00";"1660.56";"-11.55";"19361.76";"OOS1";"TrailingStop";"-12.61";"32.89";"7h 44m";""
"23";"XAUUSD_DukasM1_Infinox";"Buy";"2022.11.03 02:00:00";"1633.74";"0.06";"2022.11.03 09:06:00";"1632.19";"-9.60";"19352.16";"OOS1";"TrailingStop";"-9.30";"42.71";"7h 6m";""
"24";"XAUUSD_DukasM1_Infinox";"Buy";"2022.11.10 01:00:00";"1706.75";"0.07";"2022.11.10 09:26:00";"1707.06";"1.82";"19353.98";"OOS1";"TrailingStop";"-21.71";"40.03";"8h 26m";""
"25";"XAUUSD_DukasM1_Infinox";"Buy";"2022.11.17 01:00:00";"1773.85";"0.08";"2022.11.17 04:06:00";"1768.62";"-42.24";"19311.74";"OOS1";"TrailingStop";"-41.84";"6.54";"3h 6m";""
"26";"XAUUSD_DukasM1_Infinox";"Buy";"2022.12.05 01:30:00";"1797.16";"0.08";"2022.12.05 08:44:00";"1803.54";"50.64";"19362.38";"OOS1";"TrailingStop";"-2.50";"100.78";"7h 14m";""
"27";"XAUUSD_DukasM1_Infinox";"Buy";"2022.12.15 01:00:00";"1806.80";"0.07";"2022.12.15 03:18:00";"1801.71";"-35.98";"19326.40";"OOS1";"TrailingStop";"-35.63";"12.22";"2h 18m";""
"28";"XAUUSD_DukasM1_Infinox";"Buy";"2022.12.22 01:30:00";"1815.45";"0.11";"2022.12.22 08:37:00";"1816.28";"8.58";"19334.98";"OOS1";"TrailingStop";"-12.38";"53.63";"7h 7m";""
"29";"XAUUSD_DukasM1_Infinox";"Buy";"2022.12.29 01:00:00";"1803.70";"0.09";"2022.12.29 09:30:00";"1805.28";"13.77";"19348.75";"OOS1";"TrailingStop";"-1.83";"56.77";"8h 30m";""
"30";"XAUUSD_DukasM1_Infinox";"Buy";"2023.01.12 01:00:00";"1875.20";"0.09";"2023.01.12 09:39:00";"1879.92";"42.03";"19390.78";"OOS1";"TrailingStop";"-7.67";"87.44";"8h 39m";""
"31";"XAUUSD_DukasM1_Infinox";"Buy";"2023.01.23 01:30:00";"1926.25";"0.08";"2023.01.23 06:33:00";"1928.80";"20.00";"19410.78";"OOS1";"TrailingStop";"-1.62";"73.56";"5h 3m";""
"32";"XAUUSD_DukasM1_Infinox";"Buy";"2023.01.25 01:00:00";"1937.60";"0.08";"2023.01.25 05:03:00";"1933.60";"-32.40";"19378.38";"OOS1";"TrailingStop";"-32.00";"15.42";"4h 3m";""
"33";"XAUUSD_DukasM1_Infinox";"Buy";"2023.03.03 01:00:00";"1835.85";"0.1";"2023.03.03 16:21:00";"1844.20";"83.00";"19461.38";"OOS1";"TrailingStop";"-4.46";"132.85";"15h 21m";""
"34";"XAUUSD_DukasM1_Infinox";"Buy";"2023.03.15 00:00:00";"1903.61";"0.06";"2023.03.15 08:22:00";"1898.75";"-29.46";"19431.92";"OOS1";"TrailingStop";"-29.16";"11.39";"8h 22m";""
"35";"XAUUSD_DukasM1_Infinox";"Buy";"2023.03.17 00:00:00";"1920.97";"0.05";"2023.03.17 16:32:00";"1957.54";"182.60";"19614.52";"OOS1";"PT";"-14.18";"182.85";"16h 32m";""
"36";"XAUUSD_DukasM1_Infinox";"Buy";"2023.03.21 00:00:00";"1978.51";"0.04";"2023.03.21 08:31:00";"1975.61";"-11.80";"19602.72";"OOS1";"TrailingStop";"-12.94";"26.06";"8h 31m";""
"37";"XAUUSD_DukasM1_Infinox";"Buy";"2023.03.27 01:30:00";"1971.34";"0.05";"2023.03.27 09:10:00";"1968.69";"-13.50";"19589.22";"OOS1";"TrailingStop";"-13.25";"36.38";"7h 40m";""
"38";"XAUUSD_DukasM1_Infinox";"Buy";"2023.03.30 01:00:00";"1963.68";"0.08";"2023.03.30 04:09:00";"1958.29";"-43.52";"19545.70";"OOS1";"TrailingStop";"-43.12";"9.40";"3h 9m";""
"39";"XAUUSD_DukasM1_Infinox";"Buy";"2023.04.03 01:30:00";"1964.06";"0.07";"2023.04.03 06:19:00";"1949.73";"-100.66";"19445.04";"OOS1";"SL";"-100.31";"3.54";"4h 49m";""
"40";"XAUUSD_DukasM1_Infinox";"Buy";"2023.04.06 01:00:00";"2020.60";"0.07";"2023.04.06 16:42:00";"2007.72";"-90.51";"19354.53";"OOS1";"SL";"-90.16";"4.54";"15h 42m";""
"41";"XAUUSD_DukasM1_Infinox";"Buy";"2023.04.13 02:30:00";"2016.82";"0.07";"2023.04.13 16:56:00";"2045.81";"202.58";"19557.11";"OOS1";"PT";"-11.63";"202.93";"14h 26m";""
"42";"XAUUSD_DukasM1_Infinox";"Buy";"2023.04.20 01:00:00";"1994.76";"0.07";"2023.04.20 12:11:00";"1993.50";"-9.17";"19547.94";"OOS1";"TrailingStop";"-30.63";"44.42";"11h 11m";""
"43";"XAUUSD_DukasM1_Infinox";"Buy";"2023.04.27 01:00:00";"1989.23";"0.06";"2023.04.27 15:30:00";"1995.65";"38.22";"19586.16";"OOS1";"TrailingStop";"-1.18";"84.17";"14h 30m";""
"44";"XAUUSD_DukasM1_Infinox";"Buy";"2023.05.01 01:30:00";"1990.12";"0.08";"2023.05.01 11:35:00";"1978.07";"-96.80";"19489.36";"OOS1";"SL";"-96.40";"0.22";"10h 5m";""
"45";"XAUUSD_DukasM1_Infinox";"Buy";"2023.06.07 01:00:00";"1963.41";"0.1";"2023.06.07 09:17:00";"1962.04";"-14.20";"19475.16";"OOS1";"TrailingStop";"-13.70";"32.78";"8h 17m";""
"46";"XAUUSD_DukasM1_Infinox";"Buy";"2023.07.20 01:00:00";"1976.75";"0.1";"2023.07.20 08:39:00";"1982.21";"54.10";"19529.26";"OOS1";"TrailingStop";"-13.15";"106.35";"7h 39m";""
"47";"XAUUSD_DukasM1_Infinox";"Buy";"2023.08.28 01:30:00";"1915.21";"0.11";"2023.08.28 11:05:00";"1913.52";"-19.14";"19510.12";"OOS1";"TrailingStop";"-18.59";"26.38";"9h 35m";""
"48";"XAUUSD_DukasM1_Infinox";"Buy";"2023.09.01 01:00:00";"1939.10";"0.15";"2023.09.01 06:05:00";"1939.67";"7.80";"19517.92";"OOS1";"TrailingStop";"-7.13";"73.58";"5h 5m";""
"49";"XAUUSD_DukasM1_Infinox";"Buy";"2023.09.11 01:30:00";"1918.40";"0.14";"2023.09.11 13:20:00";"1924.90";"90.30";"19608.22";"OOS1";"TrailingStop";"-25.42";"170.21";"11h 50m";""
"50";"XAUUSD_DukasM1_Infinox";"Buy";"2023.09.20 01:00:00";"1930.99";"0.16";"2023.09.20 04:10:00";"1928.86";"-34.88";"19573.34";"OOS1";"TrailingStop";"-34.08";"20.08";"3h 10m";""
"51";"XAUUSD_DukasM1_Infinox";"Buy";"2023.10.13 01:00:00";"1868.92";"0.11";"2023.10.13 12:38:00";"1887.32";"201.85";"19775.19";"OOS1";"PT";"-2.25";"202.40";"11h 38m";""
"52";"XAUUSD_DukasM1_Infinox";"Buy";"2023.10.31 00:00:00";"1995.22";"0.08";"2023.10.31 05:57:00";"1992.07";"-25.60";"19749.59";"OOS1";"TrailingStop";"-25.20";"15.88";"5h 57m";""
"53";"XAUUSD_DukasM1_Infinox";"Buy";"2023.11.03 02:00:00";"1985.10";"0.11";"2023.11.03 09:46:00";"1984.34";"-8.91";"19740.68";"OOS1";"TrailingStop";"-21.40";"42.85";"7h 46m";""
"54";"XAUUSD_DukasM1_Infinox";"Buy";"2023.11.16 01:00:00";"1959.31";"0.1";"2023.11.16 14:06:00";"1964.19";"48.30";"19788.98";"OOS1";"TrailingStop";"-29.45";"91.45";"13h 6m";""
"55";"XAUUSD_DukasM1_Infinox";"Buy";"2023.11.23 01:00:00";"1988.62";"0.1";"2023.11.23 11:19:00";"1993.28";"46.10";"19835.08";"OOS1";"TrailingStop";"-2.05";"97.88";"10h 19m";""
"56";"XAUUSD_DukasM1_Infinox";"Buy";"2023.12.08 01:00:00";"2028.23";"0.08";"2023.12.08 10:53:00";"2027.62";"-5.28";"19829.80";"OOS1";"TrailingStop";"-11.80";"45.15";"9h 53m";""
"57";"XAUUSD_DukasM1_Infinox";"Buy";"2023.12.21 01:00:00";"2031.90";"0.08";"2023.12.21 12:41:00";"2032.96";"8.08";"19837.88";"OOS1";"TrailingStop";"-3.48";"49.58";"11h 41m";""
"58";"XAUUSD_DukasM1_Infinox";"Buy";"2023.12.29 01:00:00";"2065.90";"0.08";"2023.12.29 10:59:00";"2068.76";"22.48";"19860.36";"OOS1";"TrailingStop";"-2.12";"69.96";"9h 59m";""
"1";"XAUUSD_DukasM1_Infinox";"Buy";"2024.01.29 01:30:00";"2027.26";"0.08";"2024.01.29 12:39:00";"2026.96";"-2.80";"19857.56";"OOS1";"TrailingStop";"-64.52";"52.28";"11h 9m";""
"2";"XAUUSD_DukasM1_Infinox";"Buy";"2024.02.08 02:30:00";"2037.24";"0.1";"2024.02.08 05:36:00";"2033.56";"-37.30";"19820.26";"OOS1";"TrailingStop";"-36.80";"13.95";"3h 6m";""
"3";"XAUUSD_DukasM1_Infinox";"Buy";"2024.02.22 01:00:00";"2025.30";"0.1";"2024.02.22 11:24:00";"2030.08";"47.30";"19867.56";"OOS1";"TrailingStop";"-3.25";"94.08";"10h 24m";""
"4";"XAUUSD_DukasM1_Infinox";"Buy";"2024.03.12 00:00:00";"2182.21";"0.06";"2024.03.12 05:06:00";"2178.29";"-23.82";"19843.74";"OOS1";"TrailingStop";"-23.52";"14.49";"5h 6m";""
"5";"XAUUSD_DukasM1_Infinox";"Buy";"2024.03.15 03:30:00";"2164.81";"0.09";"2024.03.15 13:07:00";"2166.99";"19.17";"19862.91";"OOS1";"TrailingStop";"-29.12";"70.25";"9h 37m";""
"6";"XAUUSD_DukasM1_Infinox";"Buy";"2024.03.20 01:00:00";"2158.74";"0.09";"2024.03.20 10:07:00";"2155.78";"-27.09";"19835.82";"OOS1";"TrailingStop";"-32.53";"12.56";"9h 7m";""
"7";"XAUUSD_DukasM1_Infinox";"Buy";"2024.03.22 00:00:00";"2181.49";"0.05";"2024.03.22 03:51:00";"2177.55";"-19.95";"19815.87";"OOS1";"TrailingStop";"-19.70";"22.38";"3h 51m";""
"8";"XAUUSD_DukasM1_Infinox";"Buy";"2024.04.11 01:01:00";"2333.61";"0.03";"2024.04.11 09:14:00";"2336.12";"7.38";"19823.25";"OOS1";"TrailingStop";"-1.25";"39.47";"8h 13m";""
"9";"XAUUSD_DukasM1_Infinox";"Buy";"2024.04.15 01:30:00";"2355.83";"0.02";"2024.04.15 11:34:00";"2346.11";"-19.54";"19803.71";"OOS1";"TrailingStop";"-19.44";"19.85";"10h 4m";""
"10";"XAUUSD_DukasM1_Infinox";"Buy";"2024.05.03 01:00:00";"2303.29";"0.04";"2024.05.03 09:54:00";"2299.94";"-13.60";"19790.11";"OOS1";"TrailingStop";"-14.26";"21.30";"8h 54m";""
"11";"XAUUSD_DukasM1_Infinox";"Buy";"2024.05.08 01:00:00";"2313.99";"0.06";"2024.05.08 04:33:00";"2309.36";"-28.08";"19762.03";"OOS1";"TrailingStop";"-27.78";"16.35";"3h 33m";""
"12";"XAUUSD_DukasM1_Infinox";"Buy";"2024.05.17 01:00:00";"2376.30";"0.06";"2024.05.17 05:53:00";"2374.80";"-9.30";"19752.73";"OOS1";"TrailingStop";"-9.00";"28.77";"4h 53m";""
"13";"XAUUSD_DukasM1_Infinox";"Buy";"2024.05.22 01:00:00";"2421.23";"0.04";"2024.05.22 05:57:00";"2416.58";"-18.80";"19733.93";"OOS1";"TrailingStop";"-18.60";"20.46";"4h 57m";""
"14";"XAUUSD_DukasM1_Infinox";"Buy";"2024.06.12 01:00:00";"2316.61";"0.06";"2024.06.12 16:33:00";"2332.77";"96.66";"19830.59";"OOS1";"TrailingStop";"-36.16";"149.31";"15h 33m";""
"15";"XAUUSD_DukasM1_Infinox";"Buy";"2024.06.20 01:00:00";"2328.07";"0.08";"2024.06.20 10:59:00";"2338.77";"85.20";"19915.79";"OOS1";"TrailingStop";"-3.54";"139.88";"9h 59m";""
"16";"XAUUSD_DukasM1_Infinox";"Buy";"2024.07.18 01:00:00";"2458.36";"0.04";"2024.07.18 12:22:00";"2464.48";"24.28";"19940.07";"OOS1";"TrailingStop";"-4.54";"65.78";"11h 22m";""
"17";"XAUUSD_DukasM1_Infinox";"Buy";"2024.07.25 01:30:00";"2396.91";"0.04";"2024.07.25 04:23:00";"2391.16";"-23.20";"19916.87";"OOS1";"TrailingStop";"-23.00";"16.54";"2h 53m";""
"18";"XAUUSD_DukasM1_Infinox";"Buy";"2024.08.02 01:00:00";"2445.87";"0.04";"2024.08.02 04:14:00";"2440.21";"-22.84";"19894.03";"OOS1";"TrailingStop";"-22.64";"25.38";"3h 14m";""
"19";"XAUUSD_DukasM1_Infinox";"Buy";"2024.09.12 02:30:00";"2512.51";"0.06";"2024.09.12 10:10:00";"2514.97";"14.46";"19908.49";"OOS1";"TrailingStop";"-9.75";"58.11";"7h 40m";""
"20";"XAUUSD_DukasM1_Infinox";"Buy";"2024.09.26 01:00:00";"2656.67";"0.05";"2024.09.26 14:39:00";"2685.04";"141.60";"20050.09";"OOS1";"PT";"-7.01";"141.85";"13h 39m";""
"21";"XAUUSD_DukasM1_Infinox";"Buy";"2024.10.03 01:00:00";"2658.24";"0.05";"2024.10.03 06:18:00";"2653.59";"-23.50";"20026.59";"OOS1";"TrailingStop";"-23.25";"22.68";"5h 18m";""
"22";"XAUUSD_DukasM1_Infinox";"Buy";"2024.11.06 01:00:00";"2743.10";"0.05";"2024.11.06 02:23:00";"2738.23";"-24.60";"20001.99";"OOS1";"TrailingStop";"-24.35";"15.57";"1h 23m";""
"23";"XAUUSD_DukasM1_Infinox";"Buy";"2024.11.11 01:30:00";"2683.10";"0.04";"2024.11.11 03:05:00";"2676.77";"-25.52";"19976.47";"OOS1";"TrailingStop";"-25.32";"11.70";"1h 35m";""
"24";"XAUUSD_DukasM1_Infinox";"Buy";"2024.11.29 03:00:00";"2636.17";"0.06";"2024.11.29 04:22:00";"2659.95";"142.38";"20118.85";"OOS1";"PT";"-13.47";"142.68";"1h 22m";""
"25";"XAUUSD_DukasM1_Infinox";"Buy";"2025.01.06 01:30:00";"2641.83";"0.06";"2025.01.06 06:12:00";"2638.45";"-20.58";"20098.27";"OOS1";"TrailingStop";"-20.43";"32.67";"4h 42m";""
"26";"XAUUSD_DukasM1_Infinox";"Buy";"2025.01.20 01:05:00";"2701.31";"0.06";"2025.01.20 09:47:00";"2704.33";"17.82";"20116.09";"OOS1";"TrailingStop";"-72.01";"74.07";"8h 42m";""
"27";"XAUUSD_DukasM1_Infinox";"Buy";"2025.01.24 03:00:00";"2759.79";"0.06";"2025.01.24 16:23:00";"2774.82";"89.88";"20205.97";"OOS1";"TrailingStop";"-8.35";"148.29";"13h 23m";""
"28";"XAUUSD_DukasM1_Infinox";"Buy";"2025.01.30 01:00:00";"2758.80";"0.05";"2025.01.30 16:28:00";"2787.68";"144.15";"20350.12";"OOS1";"PT";"-7.26";"144.40";"15h 28m";""
"29";"XAUUSD_DukasM1_Infinox";"Buy";"2025.02.03 01:30:00";"2791.53";"0.04";"2025.02.03 03:11:00";"2782.46";"-36.48";"20313.64";"OOS1";"TrailingStop";"-36.28";"16.27";"1h 41m";""
"30";"XAUUSD_DukasM1_Infinox";"Buy";"2025.02.07 01:00:00";"2855.50";"0.04";"2025.02.07 08:01:00";"2860.57";"20.08";"20333.72";"OOS1";"TrailingStop";"-2.41";"59.58";"7h 1m";""
"31";"XAUUSD_DukasM1_Infinox";"Buy";"2025.02.12 01:00:00";"2896.78";"0.04";"2025.02.12 02:52:00";"2889.05";"-31.12";"20302.60";"OOS1";"TrailingStop";"-30.92";"15.22";"1h 52m";""
"32";"XAUUSD_DukasM1_Infinox";"Buy";"2025.02.20 01:00:00";"2932.74";"0.04";"2025.02.20 14:23:00";"2946.11";"53.28";"20355.88";"OOS1";"TrailingStop";"-0.81";"88.06";"13h 23m";""
"33";"XAUUSD_DukasM1_Infinox";"Buy";"2025.03.07 01:00:00";"2911.10";"0.04";"2025.03.07 02:09:00";"2902.43";"-34.88";"20321.00";"OOS1";"TrailingStop";"-34.68";"9.46";"1h 9m";""
"34";"XAUUSD_DukasM1_Infinox";"Buy";"2025.03.21 00:00:00";"3044.13";"0.04";"2025.03.21 03:45:00";"3038.23";"-23.80";"20297.20";"OOS1";"TrailingStop";"-23.60";"12.54";"3h 45m";""
"35";"XAUUSD_DukasM1_Infinox";"Buy";"2025.03.27 00:00:00";"3018.87";"0.06";"2025.03.27 07:57:00";"3029.97";"66.30";"20363.50";"OOS1";"TrailingStop";"-9.43";"117.75";"7h 57m";""
"36";"XAUUSD_DukasM1_Infinox";"Buy";"2025.04.02 01:00:00";"3113.10";"0.03";"2025.04.02 07:36:00";"3121.69";"25.62";"20389.12";"OOS1";"TrailingStop";"-16.93";"67.28";"6h 36m";""
"37";"XAUUSD_DukasM1_Infinox";"Buy";"2025.04.04 01:00:00";"3114.20";"0.02";"2025.04.04 05:39:00";"3095.17";"-38.16";"20350.96";"OOS1";"TrailingStop";"-38.06";"4.51";"4h 39m";""
"38";"XAUUSD_DukasM1_Infinox";"Buy";"2025.04.21 01:30:00";"3343.42";"0.02";"2025.04.21 15:56:00";"3412.60";"138.26";"20489.22";"OOS1";"PT";"-5.73";"138.36";"14h 26m";""
"39";"XAUUSD_DukasM1_Infinox";"Buy";"2025.04.23 01:00:00";"3349.72";"0.01";"2025.04.23 06:04:00";"3344.54";"-5.23";"20483.99";"OOS1";"TrailingStop";"-37.09";"36.65";"5h 4m";""
"40";"XAUUSD_DukasM1_Infinox";"Buy";"2025.04.28 01:30:00";"3317.30";"0.02";"2025.04.28 05:10:00";"3270.81";"-93.08";"20390.91";"OOS1";"SL";"-92.98";"0.91";"3h 40m";""
"41";"XAUUSD_DukasM1_Infinox";"Buy";"2025.05.08 01:00:00";"3365.75";"0.02";"2025.05.08 07:30:00";"3388.34";"45.08";"20435.99";"OOS1";"TrailingStop";"-5.43";"97.91";"6h 30m";""
"42";"XAUUSD_DukasM1_Infinox";"Buy";"2025.05.19 01:30:00";"3235.87";"0.02";"2025.05.19 04:21:00";"3225.85";"-20.14";"20415.85";"OOS1";"TrailingStop";"-20.04";"27.27";"2h 51m";""
"43";"XAUUSD_DukasM1_Infinox";"Buy";"2025.06.04 01:00:00";"3353.72";"0.04";"2025.06.04 03:56:00";"3349.67";"-16.40";"20399.45";"OOS1";"TrailingStop";"-16.20";"30.54";"2h 56m";""
"44";"XAUUSD_DukasM1_Infinox";"Buy";"2025.06.06 03:30:00";"3362.86";"0.03";"2025.06.06 09:40:00";"3360.74";"-6.51";"20392.94";"OOS1";"TrailingStop";"-21.04";"37.46";"6h 10m";""
"45";"XAUUSD_DukasM1_Infinox";"Buy";"2025.06.11 01:00:00";"3322.50";"0.03";"2025.06.11 12:51:00";"3333.54";"32.97";"20425.91";"OOS1";"TrailingStop";"-21.76";"77.71";"11h 51m";""
"46";"XAUUSD_DukasM1_Infinox";"Buy";"2025.06.19 01:00:00";"3369.65";"0.03";"2025.06.19 08:47:00";"3366.72";"-8.94";"20416.97";"OOS1";"TrailingStop";"-8.79";"54.44";"7h 47m";""
"47";"XAUUSD_DukasM1_Infinox";"Buy";"2025.06.23 01:30:00";"3375.65";"0.03";"2025.06.23 03:18:00";"3365.82";"-29.64";"20387.33";"OOS1";"TrailingStop";"-29.49";"26.39";"1h 48m";""
"48";"XAUUSD_DukasM1_Infinox";"Buy";"2025.06.27 02:30:00";"3321.55";"0.04";"2025.06.27 06:41:00";"3298.24";"-93.44";"20293.89";"OOS1";"SL";"-93.24";"1.18";"4h 11m";""
"49";"XAUUSD_DukasM1_Infinox";"Buy";"2025.07.18 01:00:00";"3340.93";"0.04";"2025.07.18 06:34:00";"3334.20";"-27.12";"20266.77";"OOS1";"TrailingStop";"-26.92";"12.47";"5h 34m";""
"50";"XAUUSD_DukasM1_Infinox";"Buy";"2025.08.07 01:00:00";"3368.70";"0.05";"2025.08.07 08:41:00";"3373.17";"22.10";"20288.87";"OOS1";"TrailingStop";"-19.02";"76.53";"7h 41m";""
"51";"XAUUSD_DukasM1_Infinox";"Buy";"2025.08.11 01:30:00";"3394.15";"0.02";"2025.08.11 04:06:00";"3378.15";"-32.10";"20256.77";"OOS1";"TrailingStop";"-32.00";"5.37";"2h 36m";""
"52";"XAUUSD_DukasM1_Infinox";"Buy";"2025.08.22 01:00:00";"3338.61";"0.05";"2025.08.22 05:50:00";"3332.56";"-30.50";"20226.27";"OOS1";"TrailingStop";"-30.25";"9.13";"4h 50m";""
"53";"XAUUSD_DukasM1_Infinox";"Buy";"2025.09.05 01:00:00";"3546.14";"0.03";"2025.09.05 10:31:00";"3547.35";"3.48";"20229.75";"OOS1";"TrailingStop";"-19.27";"44.47";"9h 31m";""
"54";"XAUUSD_DukasM1_Infinox";"Buy";"2025.09.12 01:00:00";"3633.16";"0.03";"2025.09.12 11:11:00";"3644.63";"34.26";"20264.01";"OOS1";"TrailingStop";"-8.60";"69.82";"10h 11m";""
"55";"XAUUSD_DukasM1_Infinox";"Buy";"2025.10.02 01:00:00";"3865.95";"0.02";"2025.10.02 16:48:00";"3880.45";"28.90";"20292.91";"OOS1";"TrailingStop";"-26.63";"62.02";"15h 48m";""
"56";"XAUUSD_DukasM1_Infinox";"Buy";"2025.11.03 01:30:00";"3993.80";"0.01";"2025.11.03 11:31:00";"4001.84";"7.99";"20300.90";"OOS1";"TrailingStop";"-31.47";"34.06";"10h 1m";""
"57";"XAUUSD_DukasM1_Infinox";"Buy";"2025.11.07 02:30:00";"3991.45";"0.02";"2025.11.07 13:33:00";"3995.27";"7.54";"20308.44";"OOS1";"TrailingStop";"-12.35";"45.05";"11h 3m";""
"58";"XAUUSD_DukasM1_Infinox";"Buy";"2025.11.14 02:00:00";"4186.00";"0.01";"2025.11.14 07:15:00";"4184.83";"-1.22";"20307.22";"OOS1";"TrailingStop";"-12.65";"25.01";"5h 15m";""
"59";"XAUUSD_DukasM1_Infinox";"Buy";"2025.11.20 02:00:00";"4104.47";"0.01";"2025.11.20 04:00:00";"4079.71";"-24.81";"20282.41";"OOS1";"TrailingStop";"-24.76";"5.34";"2h 0m";""
"60";"XAUUSD_DukasM1_Infinox";"Buy";"2025.11.28 01:00:00";"4157.03";"0.04";"2025.11.28 06:29:00";"4179.21";"88.52";"20370.93";"OOS1";"TrailingStop";"-2.70";"143.94";"5h 29m";""
"61";"XAUUSD_DukasM1_Infinox";"Buy";"2025.12.11 02:30:00";"4240.93";"0.02";"2025.12.12 10:57:00";"4308.72";"133.83";"20504.76";"OOS1";"PT";"-74.05";"135.58";"1d 8h 27m";""
"62";"XAUUSD_DukasM1_Infinox";"Buy";"2025.12.15 01:30:00";"4304.59";"0.01";"2025.12.15 15:59:00";"4330.89";"26.25";"20531.01";"OOS1";"TrailingStop";"-4.64";"45.40";"14h 29m";""
"63";"XAUUSD_DukasM1_Infinox";"Buy";"2025.12.26 01:04:00";"4490.25";"0.02";"2025.12.26 04:31:00";"4495.57";"10.54";"20541.55";"OOS1";"TrailingStop";"-15.19";"81.45";"3h 27m";""
