Date,Time,Open,High,Low,Close,Volume
20030506,00:00:00,1.12728,1.14506,1.12723,1.14338,1279672500110
20030507,00:00:00,1.14297,1.14438,1.13265,1.13647,1278008596330
20030508,00:00:00,1.13605,1.15077,1.13006,1.14996,1265182598290
20030509,00:00:00,1.14932,1.15366,1.14346,1.14877,1272916500050
20030512,00:00:00,1.14888,1.16229,1.14888,1.15427,1270388402080
20030513,00:00:00,1.15357,1.15739,1.14620,1.15120,1263821001890
20030514,00:00:00,1.15120,1.15370,1.14667,1.14940,1277471599350
20030515,00:00:00,1.14913,1.14967,1.13744,1.13847,1275857400470
20030516,00:00:00,1.13775,1.15766,1.13675,1.15705,1274033599750
20030519,00:00:00,1.16564,1.17353,1.16205,1.16566,1276461000460
20030520,00:00:00,1.16520,1.17146,1.15998,1.17039,1278055197160
20030521,00:00:00,1.16989,1.17437,1.16610,1.16716,1269671398890
20030522,00:00:00,1.16654,1.17266,1.16181,1.16908,1276077098560
20030523,00:00:00,1.16877,1.18363,1.16635,1.18236,1276165401670
20030526,00:00:00,1.18200,1.18744,1.17955,1.18660,1278312798400
20030527,00:00:00,1.18600,1.19286,1.18166,1.18258,1271915801150
20030528,00:00:00,1.18191,1.18439,1.17037,1.17619,1276412500980
20030529,00:00:00,1.17587,1.18998,1.16909,1.18803,1278348999060
20030530,00:00:00,1.18757,1.19144,1.17419,1.17661,1272050999280
20030602,00:00:00,1.17079,1.17652,1.16504,1.17443,1160226098950
20030603,00:00:00,1.17426,1.17773,1.16858,1.17361,1270931900730
20030604,00:00:00,1.17295,1.17463,1.16609,1.16615,1276120599170
20030605,00:00:00,1.16565,1.18850,1.16273,1.18375,1280677900870
20030606,00:00:00,1.18319,1.18772,1.16829,1.16971,1279083799650
20030609,00:00:00,1.16870,1.17846,1.16548,1.17131,1274278300350
20030610,00:00:00,1.17076,1.17400,1.16692,1.16729,1269463798660
20030611,00:00:00,1.16676,1.17805,1.16571,1.17391,1264178700120
20030612,00:00:00,1.17359,1.18038,1.17020,1.17608,1267150601110
20030613,00:00:00,1.17582,1.18758,1.17338,1.18600,1279678798640
20030616,00:00:00,1.18624,1.19263,1.18198,1.18326,1271366101370
20030617,00:00:00,1.18316,1.18652,1.17670,1.17907,1265464598990
20030618,00:00:00,1.17844,1.18016,1.16604,1.16853,1265660500910
20030619,00:00:00,1.16770,1.17372,1.15826,1.17173,1266762297850
20030620,00:00:00,1.17130,1.17333,1.15501,1.16010,1271527801090
20030623,00:00:00,1.15955,1.16028,1.15069,1.15399,1267169297460
20030624,00:00:00,1.15374,1.15801,1.14750,1.15141,1281097098760
20030625,00:00:00,1.15118,1.16205,1.14897,1.15368,1274772598720
20030626,00:00:00,1.15379,1.15509,1.14125,1.14151,1269716197470
20030627,00:00:00,1.14145,1.14665,1.13984,1.14224,1271972700060
20030630,00:00:00,1.14238,1.15121,1.13964,1.15086,1279420600250
20030701,00:00:00,1.15084,1.16069,1.15010,1.15578,1275064300040
20030702,00:00:00,1.15549,1.15668,1.15035,1.15366,1267163001820
20030703,00:00:00,1.15345,1.15424,1.14316,1.14915,1276490800060
20030704,00:00:00,1.14865,1.14999,1.14462,1.14862,1281812503450
20030707,00:00:00,1.14800,1.14854,1.13122,1.13222,1273294398860
20030708,00:00:00,1.13177,1.13498,1.12577,1.13121,1258378699990
20030709,00:00:00,1.13107,1.13650,1.13029,1.13451,1277843700760
20030710,00:00:00,1.13409,1.13914,1.13085,1.13861,1267429000500
20030711,00:00:00,1.13807,1.13887,1.12749,1.12960,1265165497980
20030714,00:00:00,1.12864,1.13070,1.12410,1.12749,1269917799620
20030715,00:00:00,1.12707,1.13358,1.11550,1.11828,1267433903530
20030716,00:00:00,1.11775,1.12305,1.11113,1.12038,1272510601560
20030717,00:00:00,1.12049,1.12477,1.11556,1.12049,1266504800750
20030718,00:00:00,1.11975,1.13022,1.11701,1.12716,1278004700770
20030721,00:00:00,1.12615,1.13526,1.12401,1.13465,1272058600900
20030722,00:00:00,1.13391,1.13713,1.13044,1.13285,1254297902460
20030723,00:00:00,1.13197,1.14882,1.13119,1.14724,1272355199350
20030724,00:00:00,1.14765,1.15091,1.14220,1.14665,1268987799810
20030725,00:00:00,1.14679,1.15477,1.14425,1.15049,1278273299690
20030728,00:00:00,1.15014,1.15172,1.14511,1.14879,1276345800240
20030729,00:00:00,1.14877,1.15365,1.14502,1.14559,1275433500100
20030730,00:00:00,1.14502,1.14600,1.13338,1.13396,1263519400120
20030731,00:00:00,1.13367,1.13709,1.12222,1.12398,1266967800050
20030801,00:00:00,1.12350,1.12706,1.11338,1.12531,1216925199500
20030804,00:00:00,1.12773,1.13734,1.12564,1.13540,1272231197620
20030805,00:00:00,1.13543,1.13966,1.13054,1.13863,1279489500700
20030806,00:00:00,1.13797,1.14250,1.13238,1.13291,1270227600100
20030807,00:00:00,1.13245,1.14138,1.13173,1.13702,1273274194800
20030808,00:00:00,1.13646,1.13817,1.12861,1.13053,1261236701340
20030811,00:00:00,1.12882,1.13788,1.12615,1.13552,1242761900440
20030812,00:00:00,1.13518,1.13709,1.12745,1.12800,1335296701010
20030813,00:00:00,1.12767,1.13302,1.12169,1.13190,1354644497730
20030814,00:00:00,1.13163,1.13365,1.12234,1.12547,1334944699700
20030815,00:00:00,1.12565,1.12944,1.12396,1.12633,1301675901680
20030818,00:00:00,1.12420,1.12675,1.11221,1.11398,1327518598780
20030819,00:00:00,1.11415,1.11510,1.10534,1.11362,1342325599950
20030820,00:00:00,1.11310,1.11462,1.10783,1.11155,1344872799290
20030821,00:00:00,1.11123,1.11209,1.08826,1.09196,1346824602370
20030822,00:00:00,1.09133,1.09445,1.08350,1.08731,1334104699710
20030825,00:00:00,1.08496,1.09169,1.08443,1.08705,1343844397980
20030826,00:00:00,1.08670,1.09080,1.07911,1.08512,1338102299080
20030827,00:00:00,1.08474,1.09288,1.08303,1.08830,1340521801320
20030828,00:00:00,1.08786,1.09114,1.08082,1.08781,1344437300640
20030829,00:00:00,1.08773,1.09964,1.08678,1.09817,1348179898300
20030901,00:00:00,1.09873,1.10125,1.09487,1.09645,1203066599040
20030902,00:00:00,1.09598,1.09700,1.08014,1.08049,1320140701020
20030903,00:00:00,1.08047,1.08715,1.07606,1.08444,1360730199520
20030904,00:00:00,1.08425,1.09485,1.08050,1.09400,1353345900050
20030905,00:00:00,1.09374,1.11116,1.09150,1.11019,1324495199930
20030908,00:00:00,1.10973,1.11282,1.10448,1.10619,1348611998470
20030909,00:00:00,1.10625,1.12390,1.10514,1.12208,1359372901460
20030910,00:00:00,1.12169,1.12347,1.11608,1.12046,1365261699950
20030911,00:00:00,1.12032,1.12695,1.11537,1.12059,1364002999510
20030912,00:00:00,1.12024,1.13208,1.11329,1.12883,1344504697880
20030915,00:00:00,1.12675,1.13082,1.12401,1.12787,1348262698910
20030916,00:00:00,1.12771,1.13165,1.11523,1.11716,1346871400910
20030917,00:00:00,1.11712,1.12989,1.11366,1.12804,1340380800560
20030918,00:00:00,1.12773,1.13414,1.12246,1.12526,1337392299840
20030919,00:00:00,1.12500,1.13823,1.12363,1.13762,1353038099550
20030922,00:00:00,1.14333,1.15031,1.14124,1.14572,1351829797560
20030923,00:00:00,1.14518,1.15233,1.14348,1.14374,1350760299340
20030924,00:00:00,1.14375,1.15034,1.14260,1.14919,1353904001050
20030925,00:00:00,1.14881,1.15321,1.14568,1.14872,1339085100370
20030926,00:00:00,1.14826,1.14965,1.14385,1.14577,1340344598990
20030929,00:00:00,1.14488,1.15980,1.13927,1.15941,1348136901810
20030930,00:00:00,1.15940,1.17323,1.15686,1.16517,1348877100610
20031001,00:00:00,1.16515,1.17278,1.16412,1.17116,1351259100230
20031002,00:00:00,1.17123,1.17668,1.16596,1.16896,1349580499320
20031003,00:00:00,1.16873,1.17193,1.15487,1.15780,1354661200430
20031005,00:00:00,1.15585,1.15760,1.15557,1.15721,27705300080
20031006,00:00:00,1.15744,1.17212,1.15309,1.17102,1340777199350
20031007,00:00:00,1.17091,1.18098,1.16960,1.17681,1341200101390
20031008,00:00:00,1.17677,1.18376,1.17618,1.18156,1341539497400
20031009,00:00:00,1.18177,1.18588,1.16830,1.17435,1345282098300
20031010,00:00:00,1.17415,1.18461,1.17012,1.17928,1296785201990
20031012,00:00:00,1.18039,1.18120,1.18030,1.18057,21799200010
20031013,00:00:00,1.18072,1.18138,1.16512,1.17099,1344406998030
20031014,00:00:00,1.17097,1.17638,1.15803,1.17292,1337028897210
20031015,00:00:00,1.17293,1.17431,1.15889,1.16133,1350897701540
20031016,00:00:00,1.16142,1.16942,1.15721,1.15945,1336664199330
20031017,00:00:00,1.15945,1.16823,1.15515,1.16782,1302446299870
20031019,00:00:00,1.17028,1.17270,1.16980,1.16992,30430100070
20031020,00:00:00,1.16984,1.17142,1.16000,1.16227,1337649799500
20031021,00:00:00,1.16232,1.16991,1.16152,1.16658,1336612801100
20031022,00:00:00,1.16657,1.18260,1.16463,1.18042,1340754401120
20031023,00:00:00,1.18048,1.18434,1.17546,1.17940,1339256199390
20031024,00:00:00,1.17937,1.18546,1.17589,1.17767,1306326900190
20031027,00:00:00,1.17726,1.17829,1.17170,1.17414,1346530197670
20031028,00:00:00,1.17426,1.17491,1.16535,1.16678,1352093500700
20031029,00:00:00,1.16685,1.17170,1.16566,1.16592,1328828600700
20031030,00:00:00,1.16586,1.17536,1.16150,1.16215,1344278497380
20031031,00:00:00,1.16212,1.16551,1.15615,1.15851,1348439297840
20031103,00:00:00,1.15762,1.16177,1.14264,1.14544,1341625099200
20031104,00:00:00,1.14557,1.15118,1.14244,1.14907,1352150701170
20031105,00:00:00,1.14905,1.14962,1.14118,1.14352,1341841800030
20031106,00:00:00,1.14375,1.14614,1.13873,1.14127,1343307496570
20031107,00:00:00,1.14149,1.15414,1.13769,1.15269,1365805598530
20031110,00:00:00,1.15024,1.15337,1.14617,1.14777,1342233498910
20031111,00:00:00,1.14782,1.15294,1.14416,1.15190,1338507400760
20031112,00:00:00,1.15194,1.16589,1.15015,1.16258,1345581599940
20031113,00:00:00,1.16312,1.17364,1.16238,1.17298,1364546798650
20031114,00:00:00,1.17309,1.18006,1.17254,1.17732,1356885600940
20031117,00:00:00,1.17748,1.18474,1.17234,1.17445,1360615599790
20031118,00:00:00,1.17463,1.19725,1.17311,1.19684,1356843199090
20031119,00:00:00,1.19680,1.19767,1.18719,1.18732,1353714600410
20031120,00:00:00,1.18734,1.19543,1.18699,1.19085,1362932798560
20031121,00:00:00,1.19111,1.19369,1.18553,1.19126,1357570298330
20031124,00:00:00,1.19068,1.19167,1.17544,1.17674,1327051196750
20031125,00:00:00,1.17708,1.18175,1.17509,1.17889,1348492698170
20031126,00:00:00,1.17886,1.19470,1.17676,1.19374,1357915101620
20031127,00:00:00,1.19376,1.19400,1.18821,1.19045,1341720600750
20031128,00:00:00,1.19052,1.20129,1.18959,1.19902,1346877398900
20031201,00:00:00,1.19703,1.20392,1.19354,1.19779,1370321400270
20031202,00:00:00,1.19804,1.20903,1.19391,1.20785,1348187703670
20031203,00:00:00,1.20777,1.21255,1.20683,1.21067,1351593898910
20031204,00:00:00,1.21074,1.21533,1.20286,1.20829,1347145799550
20031205,00:00:00,1.20805,1.21767,1.20601,1.21634,1342959201290
20031208,00:00:00,1.21709,1.22376,1.21466,1.22154,1350333299540
20031209,00:00:00,1.22157,1.22735,1.21851,1.22527,1349817801510
20031210,00:00:00,1.22560,1.22639,1.21511,1.22130,1344737598290
20031211,00:00:00,1.22135,1.22321,1.21113,1.22161,1361559299940
20031212,00:00:00,1.22197,1.23047,1.22056,1.22730,1353278900130
20031215,00:00:00,1.21403,1.23216,1.21273,1.23147,1348925100800
20031216,00:00:00,1.23152,1.23584,1.22984,1.23292,1343390598670
20031217,00:00:00,1.23275,1.24198,1.22939,1.24081,1365192896910
20031218,00:00:00,1.24075,1.24369,1.23571,1.24217,1347459798370
20031219,00:00:00,1.24204,1.24336,1.23408,1.23713,1341774400480
20031222,00:00:00,1.24009,1.24447,1.23468,1.23930,1341985002420
20031223,00:00:00,1.23932,1.24239,1.23803,1.23901,1340979900000
20031224,00:00:00,1.23927,1.24688,1.23906,1.24434,1322394100010
20031225,00:00:00,1.24432,1.24608,1.24324,1.24494,915214400210
20031226,00:00:00,1.24483,1.24676,1.24191,1.24246,1305323601260
20031229,00:00:00,1.24242,1.25058,1.24212,1.24866,1330689400550
20031230,00:00:00,1.24894,1.25603,1.24736,1.25466,1346264299030
20031231,00:00:00,1.25479,1.26455,1.25119,1.25899,1318539700260
20040101,00:00:00,1.25915,1.26035,1.24679,1.25434,512061701280
20040102,00:00:00,1.25420,1.26263,1.25198,1.25806,1337402499160
20040105,00:00:00,1.25816,1.26924,1.25785,1.26727,1354226000470
20040106,00:00:00,1.26720,1.28083,1.26650,1.27230,1349584700160
20040107,00:00:00,1.27230,1.27404,1.26221,1.26296,1348413498300
20040108,00:00:00,1.26290,1.27786,1.25576,1.27635,1350773299550
20040109,00:00:00,1.27637,1.28665,1.27021,1.28123,1336174400350
20040112,00:00:00,1.28522,1.28956,1.27328,1.27467,1337453499800
20040113,00:00:00,1.27457,1.27947,1.27114,1.27698,1348261699650
20040114,00:00:00,1.27720,1.27871,1.26276,1.26447,1338604399790
20040115,00:00:00,1.26440,1.26693,1.25562,1.25756,1357260999600
20040116,00:00:00,1.25743,1.26071,1.23494,1.23936,1342086800150
20040119,00:00:00,1.23660,1.24226,1.23323,1.23468,1343510000040
20040120,00:00:00,1.23480,1.25940,1.23411,1.25767,1345896896550
20040121,00:00:00,1.25770,1.26695,1.25488,1.26409,1354933599460
20040122,00:00:00,1.26389,1.27475,1.26328,1.27169,1346658099210
20040123,00:00:00,1.27148,1.27732,1.25621,1.25781,1353179399800
20040126,00:00:00,1.25726,1.26095,1.24557,1.24565,1356641800900
20040127,00:00:00,1.24588,1.26503,1.24391,1.26404,1316419201470
20040128,00:00:00,1.26429,1.26608,1.24618,1.24655,1344965299680
20040129,00:00:00,1.24665,1.25252,1.23607,1.24046,1337715198480
20040130,00:00:00,1.24046,1.24897,1.23491,1.24731,1354824898290
20040202,00:00:00,1.24680,1.24848,1.23882,1.24221,1348842800450
20040203,00:00:00,1.24232,1.25967,1.24124,1.25381,1349861798720
20040204,00:00:00,1.25407,1.25593,1.24919,1.25323,1358026401460
20040205,00:00:00,1.25329,1.26348,1.25157,1.25440,1353343197500
20040206,00:00:00,1.25455,1.27226,1.25100,1.27000,1351709198790
20040209,00:00:00,1.26038,1.27589,1.25963,1.26929,1364519999940
20040210,00:00:00,1.26954,1.27848,1.26649,1.26679,1369838601700
20040211,00:00:00,1.26682,1.28364,1.26482,1.28295,1361071097560
20040212,00:00:00,1.28319,1.28432,1.27873,1.28058,1358831199800
20040213,00:00:00,1.28061,1.28898,1.27135,1.27305,1367540199830
20040216,00:00:00,1.27428,1.27870,1.27139,1.27671,1350759900720
20040217,00:00:00,1.27679,1.28751,1.27533,1.28372,1365673998150
20040218,00:00:00,1.28395,1.29247,1.26561,1.26849,1359136501860
20040219,00:00:00,1.26860,1.27342,1.26516,1.27102,1345748397110
20040220,00:00:00,1.27112,1.27643,1.24928,1.25319,1358802999890
20040223,00:00:00,1.25247,1.25932,1.24494,1.25522,1368480599940
20040224,00:00:00,1.25552,1.27115,1.25203,1.26815,1345493899880
20040225,00:00:00,1.26822,1.27039,1.24716,1.24973,1362384904580
20040226,00:00:00,1.24982,1.25129,1.23826,1.24366,1346051299870
20040227,00:00:00,1.24361,1.25049,1.23718,1.24887,1347994300130
20040301,00:00:00,1.24820,1.25398,1.24215,1.24527,1350394400240
20040302,00:00:00,1.24539,1.24673,1.21938,1.22126,1359050100570
20040303,00:00:00,1.22121,1.22209,1.20546,1.21998,1343582499300
20040304,00:00:00,1.22009,1.22380,1.21334,1.22004,1352416698830
20040305,00:00:00,1.21985,1.24275,1.21731,1.23642,1347506000360
20040308,00:00:00,1.23857,1.24150,1.23359,1.24013,1360393099150
20040309,00:00:00,1.24020,1.24573,1.22716,1.23240,1358591401260
20040310,00:00:00,1.23226,1.23282,1.21946,1.22205,1354605698520
20040311,00:00:00,1.22200,1.23831,1.21620,1.23484,1356982200440
20040312,00:00:00,1.23481,1.23709,1.21707,1.22145,1347175401230
20040315,00:00:00,1.21887,1.23154,1.21815,1.22600,1357924199670
20040316,00:00:00,1.22606,1.23695,1.22295,1.22693,1360225999760
20040317,00:00:00,1.22709,1.22870,1.21730,1.22316,1338080798460
20040318,00:00:00,1.22310,1.24315,1.22182,1.23833,1354175799480
20040319,00:00:00,1.23837,1.24058,1.22540,1.22829,1350261299880
20040322,00:00:00,1.22754,1.23983,1.22189,1.23273,1360833300220
20040323,00:00:00,1.23289,1.23678,1.22628,1.23325,1361277199350
20040324,00:00:00,1.23354,1.23653,1.21133,1.21297,1362066300530
20040325,00:00:00,1.21322,1.21987,1.20962,1.21235,1366087698720
20040326,00:00:00,1.21260,1.22083,1.20733,1.21272,1367063102800
20040329,00:00:00,1.21078,1.21668,1.20559,1.21538,1350568700260
20040330,00:00:00,1.21544,1.22263,1.21474,1.21678,1306805099840
20040331,00:00:00,1.21706,1.23203,1.21668,1.23114,1357518498040
20040401,00:00:00,1.23130,1.23862,1.22532,1.23617,1367238998220
20040402,00:00:00,1.23602,1.23712,1.20978,1.21305,1355062100150
20040404,00:00:00,1.21076,1.21168,1.21021,1.21061,32511399950
20040405,00:00:00,1.21067,1.21263,1.19808,1.20047,1373011600080
20040406,00:00:00,1.20064,1.21412,1.19802,1.21392,1363373599050
20040407,00:00:00,1.21395,1.21966,1.20472,1.21712,1326370200530
20040408,00:00:00,1.21684,1.22166,1.20574,1.20823,1362116399540
20040409,00:00:00,1.20795,1.21104,1.20607,1.20858,1279444703810
20040412,00:00:00,1.20857,1.20956,1.20490,1.20730,1322737899060
20040413,00:00:00,1.20734,1.20821,1.19021,1.19424,1332390698750
20040414,00:00:00,1.19400,1.19739,1.18678,1.19594,1373773599330
20040415,00:00:00,1.19547,1.19920,1.18910,1.19816,1373513997470
20040416,00:00:00,1.19780,1.20442,1.19210,1.19886,1369769999900
20040419,00:00:00,1.19989,1.20756,1.19980,1.20204,1352776900220
20040420,00:00:00,1.20175,1.20215,1.18394,1.18647,1361049399940
20040421,00:00:00,1.18621,1.19111,1.18140,1.18377,1361827098820
20040422,00:00:00,1.18341,1.19133,1.17758,1.19002,1363759099860
20040423,00:00:00,1.18985,1.19401,1.17935,1.18415,1350705201320
20040426,00:00:00,1.18177,1.18840,1.17573,1.18644,1359770701480
20040427,00:00:00,1.18606,1.19456,1.18302,1.19223,1351854100630
20040428,00:00:00,1.19193,1.19496,1.18206,1.18393,1356730598920
20040429,00:00:00,1.18322,1.19841,1.18027,1.19598,1373783801490
20040430,00:00:00,1.19557,1.20089,1.19185,1.19770,1357538999180
20040503,00:00:00,1.19770,1.20000,1.19189,1.19404,1359898599350
20040504,00:00:00,1.19428,1.21173,1.19227,1.20962,1346133000770
20040505,00:00:00,1.20920,1.21786,1.20915,1.21710,1360703398870
20040506,00:00:00,1.21713,1.21749,1.20625,1.20795,1369606900400
20040507,00:00:00,1.20800,1.21313,1.18740,1.18782,1360201799530
20040510,00:00:00,1.18648,1.18936,1.18103,1.18448,1364241199750
20040511,00:00:00,1.18477,1.18885,1.17869,1.18678,1352422201950
20040512,00:00:00,1.18661,1.19402,1.18322,1.18962,1374159799110
20040513,00:00:00,1.18930,1.19294,1.17708,1.18197,1373186399150
20040514,00:00:00,1.18133,1.19007,1.17806,1.18825,1369928798780
20040517,00:00:00,1.18832,1.20580,1.18758,1.20241,1358173398330
20040518,00:00:00,1.20218,1.20378,1.19272,1.19493,1366832400430
20040519,00:00:00,1.19460,1.20409,1.19346,1.20071,1367739400280
20040520,00:00:00,1.20052,1.20188,1.18942,1.19622,1369802199190
20040521,00:00:00,1.19577,1.20679,1.19510,1.19801,1366406403320
20040524,00:00:00,1.19817,1.20231,1.19324,1.20020,1364336798600
20040525,00:00:00,1.19978,1.21263,1.19818,1.21045,1371858001000
20040526,00:00:00,1.21050,1.21422,1.20814,1.20990,1348788498970
20040527,00:00:00,1.21010,1.22884,1.20867,1.22602,1363603999420
20040528,00:00:00,1.22554,1.22956,1.22002,1.22118,1355818999320
20040531,00:00:00,1.22304,1.22529,1.21759,1.21854,1131630800670
20040601,00:00:00,1.21824,1.22657,1.21543,1.22447,1383595999180
20040602,00:00:00,1.22410,1.23030,1.22032,1.22085,1379091300300
20040603,00:00:00,1.22071,1.22496,1.21680,1.22242,1364395199760
20040604,00:00:00,1.22245,1.22997,1.21395,1.22817,1361491198390
20040607,00:00:00,1.22867,1.23373,1.22742,1.23170,1364601200660
20040608,00:00:00,1.23134,1.23500,1.22434,1.22620,1359548397440
20040609,00:00:00,1.22614,1.22738,1.20335,1.20439,1363845499320
20040610,00:00:00,1.20418,1.21179,1.20225,1.21035,1348948301280
20040611,00:00:00,1.21020,1.21145,1.19624,1.20038,1369795996640
20040614,00:00:00,1.19960,1.20872,1.19512,1.20531,1357036399300
20040615,00:00:00,1.20510,1.21694,1.20254,1.21584,1372933201950
20040616,00:00:00,1.21578,1.21677,1.19787,1.20085,1361231798460
20040617,00:00:00,1.20060,1.20769,1.19901,1.20508,1364645300010
20040618,00:00:00,1.20493,1.21467,1.19725,1.21343,1366505800300
20040621,00:00:00,1.21308,1.21450,1.20749,1.21132,1347743000370
20040622,00:00:00,1.21073,1.21306,1.20652,1.21067,1361793298870
20040623,00:00:00,1.21052,1.21911,1.20624,1.20900,1373304499350
20040624,00:00:00,1.20867,1.21874,1.20380,1.21668,1351438299830
20040625,00:00:00,1.21640,1.21889,1.21062,1.21720,1351956398350
20040628,00:00:00,1.21730,1.22268,1.21209,1.21845,1364704901470
20040629,00:00:00,1.21795,1.21919,1.20646,1.20800,1346761597620
20040630,00:00:00,1.20775,1.22035,1.20630,1.21928,1353292499940
20040701,00:00:00,1.21938,1.22078,1.21319,1.21565,1347963699020
20040702,00:00:00,1.21507,1.23271,1.21416,1.23105,1364006401270
20040705,00:00:00,1.23205,1.23350,1.22654,1.22879,1352011499660
20040706,00:00:00,1.22832,1.23290,1.22638,1.22793,1350680401830
20040707,00:00:00,1.22757,1.23879,1.22715,1.23693,1344091097810
20040708,00:00:00,1.23659,1.24042,1.23386,1.23806,1346404298880
20040709,00:00:00,1.23782,1.24220,1.23677,1.24104,1346880300160
20040712,00:00:00,1.24060,1.24350,1.23795,1.24053,1354229199020
20040713,00:00:00,1.24039,1.24143,1.22979,1.23244,1366027200740
20040714,00:00:00,1.23193,1.24201,1.23173,1.23778,1363310201200
20040715,00:00:00,1.23760,1.23879,1.23255,1.23512,1358821200220
20040716,00:00:00,1.23505,1.24579,1.23269,1.24518,1335458401730
20040719,00:00:00,1.24412,1.24609,1.23975,1.24412,1355053102820
20040720,00:00:00,1.24353,1.24536,1.22981,1.23300,1345309199720
20040721,00:00:00,1.23224,1.23480,1.22089,1.22584,1377695700460
20040722,00:00:00,1.22507,1.22911,1.22279,1.22537,1362848798680
20040723,00:00:00,1.22483,1.22673,1.20859,1.20897,1355267599750
20040726,00:00:00,1.20932,1.21699,1.20853,1.21402,1341202698840
20040727,00:00:00,1.21363,1.21890,1.20338,1.20560,1351738400400
20040728,00:00:00,1.20513,1.20780,1.19972,1.20517,1356063200900
20040729,00:00:00,1.20508,1.20932,1.19912,1.20434,1349028501200
20040730,00:00:00,1.20373,1.21183,1.19997,1.20165,1348584400490
20040802,00:00:00,1.20169,1.20928,1.20167,1.20217,1365331598180
20040803,00:00:00,1.20188,1.20751,1.19941,1.20593,1365961200810
20040804,00:00:00,1.20526,1.20659,1.19695,1.20502,1357158999030
20040805,00:00:00,1.20470,1.20727,1.20189,1.20510,1346207897260
20040806,00:00:00,1.20520,1.22900,1.20431,1.22784,1358167099160
20040809,00:00:00,1.22805,1.22885,1.22444,1.22675,1346744301340
20040810,00:00:00,1.22652,1.23179,1.22237,1.22338,1353692001360
20040811,00:00:00,1.22305,1.22497,1.21937,1.22153,1346429001210
20040812,00:00:00,1.22102,1.22948,1.22102,1.22489,1351879000910
20040813,00:00:00,1.22478,1.23754,1.21750,1.23704,1358878498610
20040816,00:00:00,1.23668,1.23826,1.23158,1.23591,1348296901610
20040817,00:00:00,1.23564,1.23845,1.23096,1.23538,1355260402800
20040818,00:00:00,1.23520,1.23642,1.22847,1.23332,1358125999760
20040819,00:00:00,1.23281,1.23781,1.23247,1.23614,1356101701220
20040820,00:00:00,1.23592,1.23804,1.22791,1.23153,1357532901620
20040823,00:00:00,1.23088,1.23231,1.21306,1.21399,1348900502310
20040824,00:00:00,1.21380,1.21656,1.20583,1.20766,1343168299620
20040825,00:00:00,1.20742,1.21156,1.20504,1.20789,1354354800810
20040826,00:00:00,1.20767,1.21157,1.20450,1.20994,1346428300520
20040827,00:00:00,1.20953,1.21343,1.20009,1.20074,1357158399400
20040830,00:00:00,1.20061,1.20670,1.19849,1.20445,1357955001520
20040831,00:00:00,1.20420,1.21934,1.20383,1.21804,1352433900540
20040901,00:00:00,1.21785,1.22198,1.21461,1.21848,1351575995800
20040902,00:00:00,1.21822,1.21999,1.21392,1.21712,1339282198440
20040903,00:00:00,1.21702,1.21917,1.20399,1.20558,1336161299080
20040906,00:00:00,1.20558,1.20783,1.20449,1.20608,1345201499660
20040907,00:00:00,1.20588,1.21109,1.20508,1.21040,1339956202610
20040908,00:00:00,1.21062,1.21914,1.20242,1.21805,1339799603280
20040909,00:00:00,1.21739,1.22113,1.21575,1.22103,1339291300160
20040910,00:00:00,1.22067,1.23069,1.21974,1.22572,1339641100290
20040913,00:00:00,1.22570,1.22865,1.22215,1.22565,1341951300480
20040914,00:00:00,1.22568,1.22938,1.22236,1.22492,1348349598110
20040915,00:00:00,1.22458,1.22593,1.21323,1.21472,1346556100160
20040916,00:00:00,1.21460,1.21971,1.21192,1.21787,1348253501430
20040917,00:00:00,1.21752,1.22215,1.21555,1.21846,1342198301930
20040920,00:00:00,1.21749,1.21840,1.21212,1.21747,1341010599290
20040921,00:00:00,1.21708,1.23459,1.21639,1.23325,1344799299220
20040922,00:00:00,1.23318,1.23357,1.22277,1.22619,1382607600430
20040923,00:00:00,1.22587,1.23320,1.22514,1.22632,1344585798290
20040924,00:00:00,1.22634,1.23595,1.22363,1.22723,1306689598910
20040926,00:00:00,1.22742,1.22855,1.22724,1.22802,30420900060
20040927,00:00:00,1.22769,1.23140,1.22449,1.22969,1359192099840
20040928,00:00:00,1.22957,1.23462,1.22766,1.23197,1355384501260
20040929,00:00:00,1.23235,1.23381,1.22874,1.23281,1336266200630
20040930,00:00:00,1.23279,1.24427,1.23126,1.24259,1359614700370
20041001,00:00:00,1.24250,1.24369,1.23822,1.24135,1311114901100
20041003,00:00:00,1.23879,1.23992,1.23789,1.23938,33363199940
20041004,00:00:00,1.23926,1.23978,1.22561,1.22834,1348892098720
20041005,00:00:00,1.22830,1.23281,1.22607,1.23068,1349025804070
20041006,00:00:00,1.23085,1.23219,1.22455,1.22801,1342147399020
20041007,00:00:00,1.22779,1.23125,1.22698,1.22826,1352158300010
20041008,00:00:00,1.22823,1.24317,1.22798,1.24062,1311907100480
20041010,00:00:00,1.24112,1.24209,1.24093,1.24158,28641400030
20041011,00:00:00,1.24154,1.24192,1.23671,1.23806,1351157897350
20041012,00:00:00,1.23827,1.23897,1.22860,1.23221,1344860199410
20041013,00:00:00,1.23239,1.23549,1.22257,1.23336,1345255700000
20041014,00:00:00,1.23342,1.24178,1.23196,1.23787,1342720699910
20041015,00:00:00,1.23809,1.24987,1.23659,1.24655,1299179799120
20041017,00:00:00,1.24713,1.24797,1.24678,1.24722,29697300050
20041018,00:00:00,1.24739,1.25328,1.24592,1.24878,1352317497690
20041019,00:00:00,1.24888,1.25249,1.24488,1.25131,1342853498700
20041020,00:00:00,1.25139,1.26270,1.24855,1.25781,1344974502830
20041021,00:00:00,1.25781,1.26480,1.25680,1.26104,1354379199330
20041022,00:00:00,1.26100,1.26850,1.25981,1.26812,1315550699200
20041024,00:00:00,1.26911,1.27228,1.26911,1.27153,32705199800
20041025,00:00:00,1.27164,1.28276,1.27076,1.28026,1339764197520
20041026,00:00:00,1.28011,1.28400,1.27244,1.27453,1339942099480
20041027,00:00:00,1.27489,1.28108,1.26923,1.26950,1335571900130
20041028,00:00:00,1.26965,1.27649,1.26405,1.27370,1339181000300
20041029,00:00:00,1.27404,1.27957,1.27079,1.27942,1298231900480
20041101,00:00:00,1.27997,1.28298,1.27164,1.27490,1345958200240
20041102,00:00:00,1.27494,1.27556,1.26634,1.27413,1333068800000
20041103,00:00:00,1.27407,1.28281,1.26575,1.28187,1345560098450
20041104,00:00:00,1.28187,1.28954,1.27898,1.28654,1341232601570
20041105,00:00:00,1.28688,1.29709,1.27545,1.29607,1326127701060
20041108,00:00:00,1.29681,1.29841,1.29040,1.29161,1338757197580
20041109,00:00:00,1.29153,1.29372,1.28842,1.28975,1338636300530
20041110,00:00:00,1.28972,1.30014,1.28496,1.28853,1312332899890
20041111,00:00:00,1.28880,1.29181,1.28577,1.29026,1337884199160
20041112,00:00:00,1.29047,1.29870,1.28741,1.29712,1336431400020
20041115,00:00:00,1.29703,1.29969,1.29154,1.29442,1344626199550
20041116,00:00:00,1.29457,1.29915,1.29163,1.29518,1337631098990
20041117,00:00:00,1.29540,1.30448,1.29487,1.30346,1348019197620
20041118,00:00:00,1.30315,1.30715,1.29398,1.29570,1330807398170
20041119,00:00:00,1.29591,1.30660,1.29372,1.30199,1336532102500
20041122,00:00:00,1.30357,1.30505,1.30120,1.30454,1333116998450
20041123,00:00:00,1.30466,1.31010,1.29758,1.30863,1341585798000
20041124,00:00:00,1.30854,1.31879,1.30778,1.31807,1340265401580
20041125,00:00:00,1.31854,1.32794,1.31602,1.32687,1331961598570
20041126,00:00:00,1.32604,1.33278,1.31847,1.32926,1310544801510
20041129,00:00:00,1.32675,1.33033,1.32281,1.32770,1325445698230
20041130,00:00:00,1.32772,1.33297,1.32297,1.32755,1317929196300
20041201,00:00:00,1.32780,1.33544,1.32734,1.33401,1324464099220
20041202,00:00:00,1.33405,1.33806,1.32359,1.32664,1326080301440
20041203,00:00:00,1.32666,1.34592,1.32501,1.34479,1327773201580
20041206,00:00:00,1.34406,1.34538,1.33884,1.34031,1311567800720
20041207,00:00:00,1.34046,1.34681,1.33862,1.34162,1329942801740
20041208,00:00:00,1.34165,1.34304,1.31924,1.33318,1315564100920
20041209,00:00:00,1.33357,1.33601,1.32499,1.33067,1335220601140
20041210,00:00:00,1.33074,1.33170,1.31391,1.32214,1311584600570
20041213,00:00:00,1.31912,1.33247,1.31871,1.33071,1326130401080
20041214,00:00:00,1.33096,1.33304,1.32580,1.32933,1330642901380
20041215,00:00:00,1.32939,1.34415,1.32592,1.33878,1323191598750
20041216,00:00:00,1.33914,1.34270,1.31917,1.32394,1334431797400
20041217,00:00:00,1.32407,1.33148,1.32259,1.33049,1327187201010
20041220,00:00:00,1.33272,1.34070,1.32945,1.33920,1324734302530
20041221,00:00:00,1.33927,1.34062,1.33364,1.33701,1334581102630
20041222,00:00:00,1.33691,1.34020,1.33410,1.33872,1322828802070
20041223,00:00:00,1.33875,1.35145,1.33784,1.35117,1341057401360
20041224,00:00:00,1.35115,1.35455,1.34821,1.35290,1326114498850
20041227,00:00:00,1.35274,1.36374,1.35110,1.36131,1317718397750
20041228,00:00:00,1.36134,1.36415,1.35759,1.36012,1325889302030
20041229,00:00:00,1.36096,1.36448,1.35557,1.36048,1316238899150
20041230,00:00:00,1.36049,1.36649,1.35730,1.36319,1309816199510
20041231,00:00:00,1.36330,1.36581,1.35027,1.35523,1115197199080
20050103,00:00:00,1.35464,1.35777,1.33856,1.34619,1324257399270
20050104,00:00:00,1.34632,1.34931,1.32493,1.32754,1332033399150
20050105,00:00:00,1.32760,1.33004,1.32147,1.32590,1322359601110
20050106,00:00:00,1.32597,1.32798,1.31539,1.31692,1333903100270
20050107,00:00:00,1.31692,1.32479,1.30234,1.30505,1325662400770
20050110,00:00:00,1.30579,1.31203,1.30476,1.30706,1318214098670
20050111,00:00:00,1.30720,1.31690,1.30659,1.31042,1325374598900
20050112,00:00:00,1.31037,1.32908,1.30813,1.32515,1318241898120
20050113,00:00:00,1.32515,1.32639,1.31918,1.32186,1320327398430
20050114,00:00:00,1.32206,1.32217,1.30556,1.31078,1325332302250
20050117,00:00:00,1.30999,1.31260,1.30572,1.30648,1320923300170
20050118,00:00:00,1.30628,1.30720,1.29928,1.30176,848274599680
20050119,00:00:00,1.30160,1.31160,1.29633,1.30084,1296882698980
20050120,00:00:00,1.30075,1.30214,1.29241,1.29595,1315948601240
20050121,00:00:00,1.29604,1.30660,1.29197,1.30373,1326468101180
20050124,00:00:00,1.30376,1.30966,1.30267,1.30579,1320563199460
20050125,00:00:00,1.30581,1.30741,1.29436,1.29702,1317583899370
20050126,00:00:00,1.29715,1.31065,1.29634,1.30694,1321752501300
20050127,00:00:00,1.30690,1.31209,1.30089,1.30407,1328435502360
20050128,00:00:00,1.30434,1.30776,1.29838,1.30334,1317936501040
20050131,00:00:00,1.30289,1.30568,1.29752,1.30354,1332730901240
20050201,00:00:00,1.30357,1.30627,1.29956,1.30422,1324785000360
20050202,00:00:00,1.30427,1.30912,1.30039,1.30235,1327878398520
20050203,00:00:00,1.30242,1.30349,1.29400,1.29719,1324812902550
20050204,00:00:00,1.29727,1.30367,1.28450,1.28664,1323444100640
20050207,00:00:00,1.28569,1.28627,1.27311,1.27539,1324481597680
20050208,00:00:00,1.27542,1.27961,1.27299,1.27586,1326485200450
20050209,00:00:00,1.27607,1.28119,1.27323,1.28020,1319711599100
20050210,00:00:00,1.28033,1.29033,1.27359,1.28694,1333265000030
20050211,00:00:00,1.28718,1.28941,1.28422,1.28620,1312594101680
20050214,00:00:00,1.28745,1.29877,1.28723,1.29734,1333756800840
20050215,00:00:00,1.29735,1.30480,1.29432,1.30211,1330477097710
20050216,00:00:00,1.30247,1.30608,1.29573,1.30250,1326899601130
20050217,00:00:00,1.30278,1.30882,1.30120,1.30669,1334281301080
20050218,00:00:00,1.30676,1.30813,1.30128,1.30699,1321182200810
20050221,00:00:00,1.30419,1.30764,1.30303,1.30655,1305833398490
20050222,00:00:00,1.30659,1.32600,1.30504,1.32577,1329300501430
20050223,00:00:00,1.32567,1.32731,1.31843,1.32125,1333879297600
20050224,00:00:00,1.32134,1.32682,1.31519,1.31933,1316089503660
20050225,00:00:00,1.31954,1.32468,1.31432,1.32423,1320593498480
20050228,00:00:00,1.32389,1.32777,1.32160,1.32227,1326346299050
20050301,00:00:00,1.32256,1.32300,1.31685,1.31858,1326956302260
20050302,00:00:00,1.31858,1.31873,1.30869,1.31398,1325297698520
20050303,00:00:00,1.31405,1.31632,1.30953,1.31049,1327032200850
20050304,00:00:00,1.31077,1.32530,1.30884,1.32335,1330200802030
20050307,00:00:00,1.32361,1.32461,1.31763,1.32089,1315558601070
20050308,00:00:00,1.32125,1.33602,1.32048,1.33419,1321680701340
20050309,00:00:00,1.33420,1.34211,1.33294,1.33893,1322659402170
20050310,00:00:00,1.33894,1.34519,1.33665,1.34146,1318321199810
20050311,00:00:00,1.34163,1.34767,1.33964,1.34536,1317001598030
20050314,00:00:00,1.34572,1.34759,1.33345,1.33656,1326904801470
20050315,00:00:00,1.33656,1.34075,1.32950,1.33017,1320017000000
20050316,00:00:00,1.33039,1.34377,1.32894,1.34127,1330442302680
20050317,00:00:00,1.34154,1.34203,1.33264,1.33734,1333838101610
20050318,00:00:00,1.33750,1.33843,1.32583,1.33216,1317673701270
20050321,00:00:00,1.33096,1.33159,1.31393,1.31527,1329824299180
20050322,00:00:00,1.31556,1.32217,1.30526,1.30854,1328068903750
20050323,00:00:00,1.30831,1.30842,1.29559,1.29829,1343822899900
20050324,00:00:00,1.29835,1.30293,1.29283,1.29340,1330498799710
20050325,00:00:00,1.29352,1.29674,1.29241,1.29536,1327231098170
20050328,00:00:00,1.29581,1.29617,1.28536,1.28936,1365705798890
20050329,00:00:00,1.28911,1.29545,1.28739,1.29190,1365116997470
20050330,00:00:00,1.29202,1.29825,1.29067,1.29122,1378643098360
20050331,00:00:00,1.29137,1.30180,1.29075,1.29621,1371778899390
20050401,00:00:00,1.29595,1.30445,1.28701,1.29024,1344068999250
20050402,00:00:00,1.29009,1.29090,1.28970,1.29080,32727400060
20050404,00:00:00,1.29021,1.29030,1.28170,1.28422,1371495098720
20050405,00:00:00,1.28366,1.28747,1.27977,1.28641,1376323799310
20050406,00:00:00,1.28626,1.29051,1.28357,1.28656,1357941103460
20050407,00:00:00,1.28641,1.29362,1.28412,1.28511,1378543099110
20050408,00:00:00,1.28483,1.29321,1.28061,1.29300,1361278000560
20050411,00:00:00,1.29238,1.30019,1.29027,1.29672,1358042699700
20050412,00:00:00,1.29633,1.30045,1.28496,1.29171,1365015800050
20050413,00:00:00,1.29175,1.29525,1.28496,1.29118,1357460602520
20050414,00:00:00,1.29087,1.29199,1.27667,1.28064,1335818902160
20050415,00:00:00,1.28068,1.29382,1.27757,1.29206,1332619500510
20050418,00:00:00,1.29086,1.30417,1.28725,1.30203,1331862196760
20050419,00:00:00,1.30181,1.30761,1.29801,1.30588,1347750298760
20050420,00:00:00,1.30580,1.31020,1.29901,1.30840,1348182698430
20050421,00:00:00,1.30791,1.31192,1.30239,1.30427,1344486099410
20050422,00:00:00,1.30427,1.30908,1.30195,1.30608,1352374199740
20050425,00:00:00,1.30602,1.30686,1.29540,1.30039,1347978499860
20050426,00:00:00,1.30015,1.30128,1.29454,1.29808,1341249800900
20050427,00:00:00,1.29796,1.29922,1.29028,1.29258,1344954500780
20050428,00:00:00,1.29233,1.29393,1.28789,1.28907,1352959797480
20050429,00:00:00,1.28897,1.29779,1.28511,1.28685,1349019699020
20050502,00:00:00,1.28628,1.28730,1.28356,1.28609,1352460199500
20050503,00:00:00,1.28561,1.29111,1.28264,1.28672,1348351600600
20050504,00:00:00,1.28639,1.29711,1.28639,1.29422,1340650800510
20050505,00:00:00,1.29410,1.29880,1.29226,1.29550,1347615200770
20050506,00:00:00,1.29533,1.29616,1.28083,1.28158,1357249501010
20050509,00:00:00,1.28174,1.28469,1.27887,1.28383,1367553000180
20050510,00:00:00,1.28392,1.28875,1.28139,1.28753,1347284300690
20050511,00:00:00,1.28733,1.29099,1.27760,1.28107,1349112400010
20050512,00:00:00,1.28117,1.28149,1.26850,1.26899,1344464199920
20050513,00:00:00,1.26876,1.26940,1.26086,1.26272,1340696000020
20050516,00:00:00,1.26182,1.26468,1.25603,1.26380,1347697699360
20050517,00:00:00,1.26339,1.26616,1.25927,1.26028,1349284700430
20050518,00:00:00,1.26002,1.26885,1.25841,1.26751,1345431398700
20050519,00:00:00,1.26732,1.26883,1.26035,1.26406,1342617897720
20050520,00:00:00,1.26398,1.26521,1.25268,1.25549,1340238500280
20050523,00:00:00,1.25454,1.25953,1.25339,1.25719,1350174299670
20050524,00:00:00,1.25686,1.26270,1.25513,1.25770,1344675801780
20050525,00:00:00,1.25760,1.26179,1.25484,1.25958,1329913998670
20050526,00:00:00,1.25952,1.26121,1.24906,1.25080,1337309197540
20050527,00:00:00,1.25062,1.25874,1.25020,1.25802,1330373396450
20050530,00:00:00,1.25718,1.25764,1.24566,1.24692,1350926099040
20050531,00:00:00,1.24683,1.24886,1.22888,1.22975,1336738001100
20050601,00:00:00,1.22934,1.23386,1.21581,1.21756,1340420398330
20050602,00:00:00,1.21695,1.22933,1.21695,1.22620,1334145498930
20050603,00:00:00,1.22584,1.23318,1.21989,1.22302,1325312099680
20050606,00:00:00,1.22218,1.22919,1.22137,1.22545,1338563697640
20050607,00:00:00,1.22488,1.23124,1.22342,1.22794,1334430800440
20050608,00:00:00,1.22757,1.23508,1.22055,1.22269,1284123199220
20050609,00:00:00,1.22235,1.22547,1.21770,1.22234,1330473598580
20050610,00:00:00,1.22202,1.22470,1.21032,1.21123,1296843998470
20050613,00:00:00,1.21041,1.21183,1.20262,1.21051,1336071401720
20050614,00:00:00,1.21010,1.21496,1.20201,1.20256,1325977700490
20050615,00:00:00,1.20243,1.21306,1.20121,1.21118,1335578199400
20050616,00:00:00,1.21053,1.21656,1.20556,1.21054,1346713298630
20050617,00:00:00,1.21053,1.22887,1.20868,1.22801,1331313000320
20050620,00:00:00,1.22377,1.22648,1.21215,1.21493,1338206497550
20050621,00:00:00,1.21468,1.21838,1.20682,1.21780,1330207499380
20050622,00:00:00,1.21738,1.22032,1.20971,1.21237,1343969697140
20050623,00:00:00,1.21226,1.21414,1.20162,1.20358,1341757401110
20050624,00:00:00,1.20297,1.21058,1.19861,1.20893,1330631101500
20050627,00:00:00,1.20810,1.21836,1.20810,1.21570,1342664597430
20050628,00:00:00,1.21570,1.21722,1.20455,1.20486,1326797398860
20050629,00:00:00,1.20458,1.21096,1.20144,1.20638,1326758100730
20050630,00:00:00,1.20620,1.21184,1.20421,1.21003,1330304401450
20050701,00:00:00,1.21003,1.21048,1.19354,1.19526,1339894300290
20050704,00:00:00,1.19462,1.19479,1.18834,1.18974,1346607599160
20050705,00:00:00,1.18950,1.19376,1.18663,1.19065,1330566901030
20050706,00:00:00,1.19002,1.19492,1.18893,1.19259,1339395099490
20050707,00:00:00,1.19212,1.20380,1.19046,1.19441,1334092300240
20050708,00:00:00,1.19408,1.19830,1.18738,1.19615,1343142501920
20050711,00:00:00,1.19633,1.20839,1.19526,1.20651,1334783500240
20050712,00:00:00,1.20612,1.22549,1.20485,1.22363,1339077798920
20050713,00:00:00,1.22325,1.22418,1.20723,1.20896,1336655101210
20050714,00:00:00,1.20860,1.21230,1.20528,1.20773,1335165597850
20050715,00:00:00,1.20742,1.21350,1.20209,1.20292,1334063903020
20050718,00:00:00,1.20210,1.20869,1.20151,1.20469,1342580697560
20050719,00:00:00,1.20455,1.20640,1.19521,1.20302,1330820897710
20050720,00:00:00,1.20297,1.21859,1.20145,1.21339,1335207699920
20050721,00:00:00,1.21307,1.22460,1.20978,1.21653,1334000500630
20050722,00:00:00,1.21640,1.21880,1.20490,1.20602,1328414000230
20050725,00:00:00,1.20567,1.20859,1.20242,1.20541,1347066400380
20050726,00:00:00,1.20525,1.20675,1.19780,1.20072,1330121198630
20050727,00:00:00,1.20065,1.20823,1.19634,1.20638,1349366801260
20050728,00:00:00,1.20580,1.21479,1.20336,1.21317,1332266600390
20050729,00:00:00,1.21287,1.21580,1.20732,1.21160,1335069200320
20050801,00:00:00,1.21149,1.22453,1.21132,1.21738,1336969300060
20050802,00:00:00,1.21690,1.22479,1.21669,1.21848,1336929498500
20050803,00:00:00,1.21843,1.23426,1.21453,1.23301,1341311200640
20050804,00:00:00,1.23280,1.24006,1.22984,1.23795,1331252198340
20050805,00:00:00,1.23742,1.23934,1.23070,1.23523,1343084300960
20050808,00:00:00,1.23590,1.23883,1.23114,1.23474,1346854799400
20050809,00:00:00,1.23422,1.24123,1.23267,1.23661,1340255402400
20050810,00:00:00,1.23652,1.24237,1.23329,1.23748,1343410499090
20050811,00:00:00,1.23760,1.24758,1.23728,1.24696,1341926699960
20050812,00:00:00,1.24663,1.24846,1.23833,1.24342,1344261000460
20050815,00:00:00,1.24334,1.24640,1.23424,1.23634,1350455402120
20050816,00:00:00,1.23591,1.23712,1.22957,1.23624,1338995500470
20050817,00:00:00,1.23608,1.23680,1.22532,1.22646,1342047798510
20050818,00:00:00,1.22602,1.22924,1.21528,1.21687,1334713499790
20050819,00:00:00,1.21692,1.21917,1.21246,1.21455,1332904899210
20050822,00:00:00,1.21548,1.22418,1.21517,1.22236,1338629200390
20050823,00:00:00,1.22211,1.22528,1.21871,1.22292,1332252900760
20050824,00:00:00,1.22245,1.22791,1.21580,1.22709,1339643001290
20050825,00:00:00,1.22677,1.23250,1.22548,1.22990,1333484100370
20050826,00:00:00,1.22944,1.23390,1.22700,1.22877,1345809099140
20050829,00:00:00,1.22825,1.23448,1.22150,1.22316,1360690699860
20050830,00:00:00,1.22275,1.22393,1.21690,1.22145,1356656304660
20050831,00:00:00,1.22130,1.23559,1.21843,1.23371,1328472999990
20050901,00:00:00,1.23321,1.25225,1.23212,1.24944,1331526000710
20050902,00:00:00,1.24933,1.25875,1.24624,1.25277,1333995101990
20050905,00:00:00,1.25151,1.25830,1.25081,1.25344,1348993898210
20050906,00:00:00,1.25345,1.25419,1.24422,1.24610,1339195199330
20050907,00:00:00,1.24606,1.25359,1.24023,1.24118,1336907701130
20050908,00:00:00,1.24120,1.24508,1.23810,1.23930,1326315701630
20050909,00:00:00,1.23937,1.24567,1.23724,1.24064,1330957901020
20050912,00:00:00,1.23975,1.24129,1.22664,1.22803,1336338800770
20050913,00:00:00,1.22763,1.23144,1.22456,1.22625,1325160599590
20050914,00:00:00,1.22570,1.23257,1.22528,1.22813,1331155500140
20050915,00:00:00,1.22798,1.22871,1.21930,1.22229,1334193401010
20050916,00:00:00,1.22177,1.23071,1.21995,1.22364,1332436498700
20050919,00:00:00,1.22287,1.22308,1.20967,1.21339,1331637003870
20050920,00:00:00,1.21350,1.21897,1.21062,1.21107,1319806199580
20050921,00:00:00,1.21030,1.22372,1.21030,1.22089,1332781299380
20050922,00:00:00,1.22046,1.22667,1.21322,1.21508,1334085699050
20050923,00:00:00,1.21482,1.21657,1.20310,1.20348,1319479197880
20050926,00:00:00,1.20290,1.20786,1.20102,1.20677,1321245196890
20050927,00:00:00,1.20619,1.20802,1.19778,1.20105,1312883100180
20050928,00:00:00,1.20100,1.20526,1.19914,1.20327,1320500499320
20050929,00:00:00,1.20270,1.20738,1.20052,1.20257,1322723997960
20050930,00:00:00,1.20255,1.20879,1.19958,1.20236,1321772700510
20051003,00:00:00,1.20552,1.20608,1.18989,1.19117,1317462400280
20051004,00:00:00,1.19080,1.19466,1.18985,1.19163,1313441701070
20051005,00:00:00,1.19160,1.19843,1.19122,1.19714,1316822399250
20051006,00:00:00,1.19680,1.22032,1.19680,1.21731,1317791700610
20051007,00:00:00,1.21693,1.21874,1.20948,1.21262,1314556701230
20051009,00:00:00,1.21143,1.21223,1.21084,1.21110,31521399990
20051010,00:00:00,1.21112,1.21517,1.20392,1.20611,1312748698670
20051011,00:00:00,1.20624,1.20630,1.19753,1.19824,1323360099560
20051012,00:00:00,1.19867,1.20510,1.19498,1.20247,1317416900730
20051013,00:00:00,1.20266,1.20357,1.19127,1.20243,1318775499020
20051014,00:00:00,1.20230,1.21042,1.19794,1.20713,1286639901400
20051016,00:00:00,1.20727,1.20885,1.20727,1.20756,33630299940
20051017,00:00:00,1.20784,1.21184,1.20106,1.20164,1331251699660
20051018,00:00:00,1.20169,1.20222,1.19149,1.19645,1322457300250
20051019,00:00:00,1.19667,1.20013,1.18742,1.19906,1310170398130
20051020,00:00:00,1.19916,1.20239,1.19483,1.20159,1317420301970
20051021,00:00:00,1.20163,1.20738,1.19278,1.19532,1277935999040
20051023,00:00:00,1.19457,1.19484,1.19320,1.19428,33550299980
20051024,00:00:00,1.19444,1.20196,1.19185,1.19754,1312749901100
20051025,00:00:00,1.19761,1.21166,1.19353,1.21068,1321640900240
20051026,00:00:00,1.21059,1.21350,1.20483,1.20560,1317936499510
20051027,00:00:00,1.20568,1.21709,1.20424,1.21389,1320198198260
20051028,00:00:00,1.21367,1.21687,1.20473,1.20661,1292395400060
20051031,00:00:00,1.20558,1.20877,1.19668,1.19895,1311650600310
20051101,00:00:00,1.19894,1.20276,1.19702,1.20192,1336410903090
20051102,00:00:00,1.20184,1.20825,1.19854,1.20711,1332222399650
20051103,00:00:00,1.20726,1.20802,1.19338,1.19435,1336913303770
20051104,00:00:00,1.19420,1.19918,1.18023,1.18098,1324435800170
20051107,00:00:00,1.18063,1.18297,1.17753,1.18032,1319214800060
20051108,00:00:00,1.18030,1.18046,1.17090,1.17762,1321134400680
20051109,00:00:00,1.17764,1.17895,1.17177,1.17620,1325427099150
20051110,00:00:00,1.17627,1.17930,1.16759,1.16798,1329641299750
20051111,00:00:00,1.16821,1.17328,1.16692,1.17306,1318432401270
20051114,00:00:00,1.17198,1.17716,1.16594,1.16826,1326717798810
20051115,00:00:00,1.16834,1.17271,1.16404,1.17172,1315440901030
20051116,00:00:00,1.17170,1.17339,1.16454,1.16654,1301306500760
20051117,00:00:00,1.16645,1.17615,1.16417,1.17492,1292738300370
20051118,00:00:00,1.17478,1.17909,1.16630,1.17707,1317308401830
20051121,00:00:00,1.17705,1.18357,1.17170,1.17213,1293495898560
20051122,00:00:00,1.17225,1.18231,1.16865,1.18132,1299543498010
20051123,00:00:00,1.18138,1.18612,1.17634,1.18207,1319047599170
20051124,00:00:00,1.18207,1.18256,1.17694,1.17809,1300997798500
20051125,00:00:00,1.17824,1.17869,1.17075,1.17192,1299509599930
20051128,00:00:00,1.17086,1.19005,1.16796,1.18449,1299470500030
20051129,00:00:00,1.18481,1.18609,1.17369,1.17742,1301197500580
20051130,00:00:00,1.17738,1.18002,1.17439,1.17842,1305286101320
20051201,00:00:00,1.17856,1.18022,1.16895,1.17357,1300325101580
20051202,00:00:00,1.17328,1.17461,1.16620,1.17134,1301289202720
20051205,00:00:00,1.16995,1.18188,1.16865,1.17859,1292878498290
20051206,00:00:00,1.17863,1.18054,1.17548,1.17787,1304561200210
20051207,00:00:00,1.17774,1.18007,1.17029,1.17204,1307206300600
20051208,00:00:00,1.17196,1.18480,1.17024,1.18157,1306202098570
20051209,00:00:00,1.18169,1.18348,1.17649,1.18122,1307473098310
20051212,00:00:00,1.17775,1.19813,1.17753,1.19517,1304680999540
20051213,00:00:00,1.19519,1.19849,1.19044,1.19394,1309959299560
20051214,00:00:00,1.19429,1.20586,1.19299,1.19987,1309311598740
20051215,00:00:00,1.19957,1.20377,1.19346,1.19767,1313587299260
20051216,00:00:00,1.19746,1.20247,1.19360,1.20102,1293265000350
20051219,00:00:00,1.20200,1.20363,1.19501,1.20034,1298680099450
20051220,00:00:00,1.20037,1.20110,1.18378,1.18549,1306589800260
20051221,00:00:00,1.18529,1.19087,1.17999,1.18324,1316604101260
20051222,00:00:00,1.18337,1.18949,1.18094,1.18648,1300977599680
20051223,00:00:00,1.18642,1.18830,1.18300,1.18654,1306081301410
20051226,00:00:00,1.18634,1.18934,1.18261,1.18407,1348518801490
20051227,00:00:00,1.18405,1.18751,1.18224,1.18224,1290439700670
20051228,00:00:00,1.18230,1.19297,1.18105,1.18287,1297224399900
20051229,00:00:00,1.18282,1.18783,1.18178,1.18360,1289268897630
20051230,00:00:00,1.18349,1.18858,1.17764,1.18439,1303062300570
20060102,00:00:00,1.18436,1.18458,1.18391,1.18430,1308425402540
20060103,00:00:00,1.18440,1.20286,1.18088,1.20134,1306071502620
20060104,00:00:00,1.20140,1.21427,1.20011,1.21146,1311350899400
20060105,00:00:00,1.21172,1.21189,1.20663,1.21054,1307309502910
20060106,00:00:00,1.21086,1.21765,1.20794,1.21502,1298061901320
20060109,00:00:00,1.21482,1.21519,1.20533,1.20839,1306088900660
20060110,00:00:00,1.20845,1.21073,1.20358,1.20607,1317311600120
20060111,00:00:00,1.20609,1.21428,1.20447,1.21224,1315292200940
20060112,00:00:00,1.21254,1.21612,1.20061,1.20327,1301560798280
20060113,00:00:00,1.20334,1.21411,1.20249,1.21397,1303991799520
20060116,00:00:00,1.21417,1.21727,1.21055,1.21199,1303991798720
20060117,00:00:00,1.21210,1.21386,1.20502,1.21035,1303479597840
20060118,00:00:00,1.21031,1.21546,1.20702,1.21104,1305682401470
20060119,00:00:00,1.21064,1.21224,1.20528,1.20934,1300779799270
20060120,00:00:00,1.20939,1.21403,1.20427,1.21337,1293361099960
20060123,00:00:00,1.21372,1.23099,1.21333,1.23037,1336568501180
20060124,00:00:00,1.23032,1.23188,1.22565,1.22772,1311560502680
20060125,00:00:00,1.22788,1.23204,1.22339,1.22387,1302976998890
20060126,00:00:00,1.22365,1.22676,1.21988,1.22014,1305626100670
20060127,00:00:00,1.22028,1.22332,1.20860,1.20900,1313986701820
20060130,00:00:00,1.21025,1.21132,1.20632,1.20859,1297736299190
20060131,00:00:00,1.20888,1.21880,1.20763,1.21524,1305484700540
20060201,00:00:00,1.21539,1.21620,1.20479,1.20626,1307976099310
20060202,00:00:00,1.20619,1.21062,1.20314,1.20889,1308893199660
20060203,00:00:00,1.20904,1.21087,1.19694,1.20222,1298147999020
20060206,00:00:00,1.20340,1.20450,1.19448,1.19642,1302706701830
20060207,00:00:00,1.19622,1.20136,1.19416,1.19792,1299083800380
20060208,00:00:00,1.19772,1.19927,1.19223,1.19597,1293814198920
20060209,00:00:00,1.19597,1.19931,1.19461,1.19754,1302609798480
20060210,00:00:00,1.19779,1.20238,1.18874,1.19000,1286502000360
20060213,00:00:00,1.18974,1.19179,1.18783,1.18947,1301187201470
20060214,00:00:00,1.18923,1.19219,1.18585,1.19114,1288589897640
20060215,00:00:00,1.19139,1.19497,1.18696,1.18857,1301183298850
20060216,00:00:00,1.18859,1.19084,1.18494,1.19014,1295527301650
20060217,00:00:00,1.19020,1.19462,1.18570,1.19355,1298481699970
20060220,00:00:00,1.19275,1.19726,1.19190,1.19329,1287029902320
20060221,00:00:00,1.19343,1.19400,1.18907,1.19102,1303407898700
20060222,00:00:00,1.19083,1.19283,1.18624,1.19087,1296521301060
20060223,00:00:00,1.19084,1.19677,1.18896,1.19144,1293962699560
20060224,00:00:00,1.19165,1.19320,1.18609,1.18752,1306670000090
20060227,00:00:00,1.18687,1.18762,1.18254,1.18414,1299485896850
20060228,00:00:00,1.18425,1.19399,1.18324,1.19202,1295096199510
20060301,00:00:00,1.19193,1.19719,1.18903,1.19149,1300946098300
20060302,00:00:00,1.19167,1.20433,1.19093,1.20344,1297812998140
20060303,00:00:00,1.20342,1.20507,1.19951,1.20399,1305826099960
20060306,00:00:00,1.20434,1.20910,1.19895,1.20124,1299347799800
20060307,00:00:00,1.20124,1.20197,1.18669,1.18824,1289434898970
20060308,00:00:00,1.18840,1.19387,1.18713,1.19229,1301761801420
20060309,00:00:00,1.19233,1.19492,1.19031,1.19054,1302190701250
20060310,00:00:00,1.19062,1.19259,1.18593,1.19055,1289965602730
20060313,00:00:00,1.19100,1.19672,1.19065,1.19579,1301418000580
20060314,00:00:00,1.19590,1.20299,1.19400,1.20084,1292393099520
20060315,00:00:00,1.20093,1.20732,1.20042,1.20677,1296531298370
20060316,00:00:00,1.20661,1.21878,1.20341,1.21782,1296116301650
20060317,00:00:00,1.21777,1.22061,1.21415,1.21844,1306098600500
20060320,00:00:00,1.21773,1.21948,1.21469,1.21612,1304936799370
20060321,00:00:00,1.21603,1.21642,1.20749,1.20887,1304414700010
20060322,00:00:00,1.20897,1.21122,1.20632,1.20747,1308890497360
20060323,00:00:00,1.20740,1.20789,1.19530,1.19667,1308251702010
20060324,00:00:00,1.19662,1.20451,1.19482,1.20352,1291724700610
20060327,00:00:00,1.20337,1.20561,1.20011,1.20126,1289413201200
20060328,00:00:00,1.20122,1.21046,1.19905,1.19968,1301822700870
20060329,00:00:00,1.19977,1.20478,1.19804,1.20212,1306810601300
20060330,00:00:00,1.20187,1.21708,1.20168,1.21641,1307303200770
20060331,00:00:00,1.21645,1.21736,1.20834,1.21143,1261381201500
20060401,00:00:00,1.21133,1.21180,1.21098,1.21132,30011600030
20060403,00:00:00,1.21075,1.21470,1.20330,1.21348,1306788799350
20060404,00:00:00,1.21326,1.22739,1.21192,1.22528,1296129699750
20060405,00:00:00,1.22513,1.23043,1.22408,1.22847,1304448699370
20060406,00:00:00,1.22819,1.23294,1.21978,1.22228,1299857202610
20060407,00:00:00,1.22223,1.22296,1.20880,1.20910,1308087099660
20060410,00:00:00,1.20884,1.21278,1.20751,1.21065,1303181701100
20060411,00:00:00,1.21011,1.21525,1.20884,1.21405,1302553799460
20060412,00:00:00,1.21357,1.21661,1.20648,1.21020,1304023999470
20060413,00:00:00,1.20971,1.21307,1.20684,1.21065,1300198599420
20060414,00:00:00,1.21025,1.21158,1.20953,1.21056,1284512999910
20060417,00:00:00,1.21142,1.22853,1.21116,1.22473,1288740199230
20060418,00:00:00,1.22440,1.23550,1.22233,1.23390,1307445295950
20060419,00:00:00,1.23400,1.23927,1.22856,1.23768,1311306200860
20060420,00:00:00,1.23755,1.23805,1.22861,1.23115,1293124601200
20060421,00:00:00,1.23078,1.23564,1.22683,1.23400,1299261397880
20060424,00:00:00,1.23515,1.24126,1.23326,1.23882,1317938300820
20060425,00:00:00,1.23852,1.24376,1.23636,1.24267,1315646599260
20060426,00:00:00,1.24258,1.24691,1.23853,1.24500,1302665200630
20060427,00:00:00,1.24437,1.25461,1.24045,1.25290,1310702099710
20060428,00:00:00,1.25259,1.26387,1.25133,1.26320,1302907001420
20060501,00:00:00,1.26220,1.26873,1.25545,1.25814,1296211999900
20060502,00:00:00,1.25778,1.26652,1.25574,1.26116,1310831701240
20060503,00:00:00,1.26058,1.26674,1.25914,1.26290,1310170402270
20060504,00:00:00,1.26246,1.27172,1.25707,1.26890,1297820701070
20060505,00:00:00,1.26854,1.27615,1.26731,1.27237,1301791997800
20060508,00:00:00,1.27222,1.27838,1.26918,1.27069,1917416502500
20060509,00:00:00,1.27028,1.27805,1.26610,1.27585,1354990000950
20060510,00:00:00,1.27513,1.28296,1.27496,1.27785,1304989499850
20060511,00:00:00,1.27746,1.28696,1.26842,1.28345,1308682097770
20060512,00:00:00,1.28302,1.29528,1.28221,1.29225,1309446198500
20060515,00:00:00,1.29205,1.29698,1.27753,1.27900,1936618598250
20060516,00:00:00,1.27837,1.28663,1.27696,1.28536,1985265305350
20060517,00:00:00,1.28536,1.29155,1.27012,1.27389,1964899003980
20060518,00:00:00,1.27335,1.28567,1.27205,1.28420,1968544995960
20060519,00:00:00,1.28391,1.28695,1.26946,1.27732,1990680194660
20060522,00:00:00,1.27730,1.28843,1.26950,1.28633,1982593097710
20060523,00:00:00,1.28594,1.28770,1.28048,1.28107,1982132700280
20060524,00:00:00,1.28107,1.28848,1.27296,1.27503,1977413497920
20060525,00:00:00,1.27444,1.28170,1.27444,1.27966,1976986199250
20060526,00:00:00,1.27928,1.28314,1.26994,1.27314,1977758502350
20060529,00:00:00,1.27299,1.27663,1.27159,1.27458,1966207801450
20060530,00:00:00,1.27417,1.29062,1.27343,1.28674,1978142101270
20060531,00:00:00,1.28651,1.29008,1.28010,1.28060,1988581298510
20060601,00:00:00,1.28026,1.28221,1.27220,1.27978,1995342201640
20060602,00:00:00,1.27967,1.29367,1.27936,1.29131,1982609095730
20060605,00:00:00,1.29083,1.29767,1.28992,1.29025,1987346601950
20060606,00:00:00,1.29025,1.29320,1.28072,1.28300,1968281202600
20060607,00:00:00,1.28269,1.28356,1.27599,1.27820,1979008099880
20060608,00:00:00,1.27801,1.28064,1.26256,1.26452,1989875601140
20060609,00:00:00,1.26449,1.26816,1.25963,1.26347,1966641199710
20060612,00:00:00,1.26317,1.26490,1.25662,1.25826,1973732900470
20060613,00:00:00,1.25770,1.26135,1.25278,1.25313,1989936999640
20060614,00:00:00,1.25260,1.26458,1.24987,1.25915,1981573494600
20060615,00:00:00,1.25894,1.26555,1.25812,1.26330,1976640499170
20060616,00:00:00,1.26307,1.26701,1.26165,1.26366,1954115800940
20060619,00:00:00,1.26337,1.26467,1.25503,1.25674,1981087699580
20060620,00:00:00,1.25670,1.26154,1.25368,1.25775,1965945601080
20060621,00:00:00,1.25692,1.26763,1.25692,1.26553,1965589500360
20060622,00:00:00,1.26520,1.26770,1.25496,1.25742,1970412901670
20060623,00:00:00,1.25689,1.25862,1.24764,1.25004,1972413098980
20060626,00:00:00,1.24954,1.26013,1.24907,1.25795,1982991598120
20060627,00:00:00,1.25722,1.26160,1.25600,1.25742,1988805301490
20060628,00:00:00,1.25687,1.25839,1.25153,1.25507,1975722898890
20060629,00:00:00,1.25451,1.26652,1.24861,1.26615,1979054603860
20060630,00:00:00,1.26551,1.27927,1.26527,1.27895,1969262098200
20060703,00:00:00,1.27799,1.28196,1.27609,1.27992,1955126200930
20060704,00:00:00,1.27964,1.28192,1.27868,1.27924,1971851700140
20060705,00:00:00,1.27919,1.28357,1.27058,1.27200,1977497899620
20060706,00:00:00,1.27171,1.27800,1.27125,1.27757,1961242900120
20060707,00:00:00,1.27741,1.28571,1.27385,1.28067,1979029999960
20060710,00:00:00,1.28062,1.28160,1.27205,1.27262,1985068500220
20060711,00:00:00,1.27249,1.27769,1.27042,1.27717,1968066499820
20060712,00:00:00,1.27705,1.27770,1.26768,1.27005,1971690298590
20060713,00:00:00,1.26958,1.27284,1.26642,1.26884,1968353499520
20060714,00:00:00,1.26811,1.26961,1.26263,1.26433,1961527702670
20060717,00:00:00,1.26433,1.26561,1.25076,1.25158,1964282502620
20060718,00:00:00,1.25092,1.25571,1.24755,1.25025,1978159000140
20060719,00:00:00,1.24995,1.26071,1.24439,1.25832,1992700998740
20060720,00:00:00,1.25829,1.26519,1.25788,1.26245,1972938998420
20060721,00:00:00,1.26201,1.26952,1.26188,1.26886,1974154604590
20060724,00:00:00,1.27003,1.27094,1.26085,1.26304,1971988603300
20060725,00:00:00,1.26247,1.26700,1.25610,1.25735,1969475599220
20060726,00:00:00,1.25737,1.27151,1.25580,1.27123,1970203200610
20060727,00:00:00,1.27143,1.27693,1.26792,1.26939,1972105900880
20060728,00:00:00,1.26900,1.27683,1.26576,1.27571,1960516498640
20060731,00:00:00,1.27557,1.27813,1.27391,1.27626,1987003796810
20060801,00:00:00,1.27606,1.28272,1.27182,1.28235,1960393900800
20060802,00:00:00,1.28197,1.28330,1.27747,1.27850,1961582498790
20060803,00:00:00,1.27796,1.28324,1.27391,1.28012,1972867799670
20060804,00:00:00,1.27993,1.29075,1.27746,1.28704,1988964499300
20060807,00:00:00,1.28685,1.28907,1.28272,1.28360,1963720999020
20060808,00:00:00,1.28354,1.28884,1.28043,1.28305,1965295098970
20060809,00:00:00,1.28297,1.28995,1.27644,1.28576,1967300401210
20060810,00:00:00,1.28598,1.29090,1.27460,1.27897,1976377300910
20060811,00:00:00,1.27900,1.27973,1.27144,1.27195,1989719800640
20060814,00:00:00,1.27220,1.27602,1.26884,1.27078,1973190001850
20060815,00:00:00,1.27087,1.28027,1.26953,1.27850,1972382299170
20060816,00:00:00,1.27787,1.28628,1.27670,1.28372,1975223801880
20060817,00:00:00,1.28337,1.28845,1.28109,1.28205,1979665500460
20060818,00:00:00,1.28186,1.28431,1.27788,1.28234,1963022902150
20060821,00:00:00,1.28180,1.29374,1.28019,1.28861,1975786499210
20060822,00:00:00,1.28854,1.28961,1.27822,1.27979,1975808803240
20060823,00:00:00,1.27947,1.28500,1.27750,1.27815,1968526300500
20060824,00:00:00,1.27775,1.28363,1.27513,1.27585,1987978799420
20060825,00:00:00,1.27600,1.27803,1.27260,1.27486,1974745097880
20060828,00:00:00,1.27511,1.28183,1.27500,1.27748,1959803699500
20060829,00:00:00,1.27738,1.28371,1.27489,1.28196,1980251299030
20060830,00:00:00,1.28171,1.28486,1.28102,1.28286,1975355400910
20060831,00:00:00,1.28287,1.28776,1.27840,1.28091,1990446901450
20060901,00:00:00,1.28036,1.28456,1.27561,1.28330,2008135299780
20060904,00:00:00,1.28306,1.28734,1.28294,1.28675,2007228001590
20060905,00:00:00,1.28630,1.28737,1.27944,1.28139,2007408297760
20060906,00:00:00,1.28073,1.28309,1.27666,1.27991,2023045402060
20060907,00:00:00,1.27952,1.28282,1.27035,1.27263,2003582497700
20060908,00:00:00,1.27205,1.27398,1.26495,1.26679,2005970299900
20060911,00:00:00,1.26640,1.27376,1.26471,1.26970,2011152697190
20060912,00:00:00,1.26951,1.27280,1.26587,1.26796,2019399100590
20060913,00:00:00,1.26648,1.27160,1.26622,1.26836,2008746900790
20060914,00:00:00,1.26816,1.27507,1.26730,1.27197,2015398497110
20060915,00:00:00,1.27143,1.27340,1.26309,1.26612,2012279901510
20060918,00:00:00,1.26459,1.27095,1.26232,1.27011,1990320101850
20060919,00:00:00,1.26951,1.27266,1.26470,1.26706,2012053698180
20060920,00:00:00,1.26699,1.27258,1.26588,1.26805,2017568198420
20060921,00:00:00,1.26787,1.27968,1.26757,1.27768,2002603700950
20060922,00:00:00,1.27720,1.28292,1.27700,1.27815,2007081801710
20060925,00:00:00,1.27723,1.28183,1.27303,1.27436,2019194402210
20060926,00:00:00,1.27390,1.27620,1.26604,1.26869,2023725700760
20060927,00:00:00,1.26848,1.27148,1.26680,1.26980,2013763999280
20060928,00:00:00,1.26972,1.27309,1.26774,1.26989,2005156202450
20060929,00:00:00,1.26964,1.27121,1.26387,1.26705,2002925198230
20061001,00:00:00,1.26720,1.26870,1.26714,1.26802,46628199970
20061002,00:00:00,1.26805,1.27566,1.26604,1.27362,2006659899570
20061003,00:00:00,1.27357,1.27637,1.27162,1.27269,2019889398490
20061004,00:00:00,1.27276,1.27379,1.26667,1.27119,1996989998060
20061005,00:00:00,1.27127,1.27241,1.26707,1.26887,2015967299170
20061006,00:00:00,1.26884,1.27022,1.25722,1.25959,1959001002600
20061008,00:00:00,1.25892,1.25954,1.25830,1.25865,48498100210
20061009,00:00:00,1.25847,1.26124,1.25817,1.25900,2016058898600
20061010,00:00:00,1.25905,1.26120,1.25182,1.25322,2003472199230
20061011,00:00:00,1.25319,1.25555,1.25002,1.25224,1985018597120
20061012,00:00:00,1.25216,1.25630,1.25121,1.25570,2018423802840
20061013,00:00:00,1.25558,1.25763,1.24823,1.25111,1958048200020
20061015,00:00:00,1.25111,1.25180,1.24965,1.24990,49368699860
20061016,00:00:00,1.25006,1.25362,1.24863,1.25287,2005669403140
20061017,00:00:00,1.25317,1.25660,1.25102,1.25322,2016825696880
20061018,00:00:00,1.25348,1.25575,1.25001,1.25295,2010845299690
20061019,00:00:00,1.25335,1.26394,1.25299,1.26217,2001978199870
20061020,00:00:00,1.26208,1.26397,1.25975,1.26151,1966427999030
20061022,00:00:00,1.26115,1.26193,1.26090,1.26119,47293699800
20061023,00:00:00,1.26118,1.26209,1.25353,1.25444,2014888201920
20061024,00:00:00,1.25454,1.25757,1.25228,1.25511,2005084503870
20061025,00:00:00,1.25537,1.26214,1.25468,1.26048,2023309805740
20061026,00:00:00,1.26056,1.27006,1.26019,1.26842,2026050197970
20061027,00:00:00,1.26847,1.27485,1.26612,1.27383,1953024397760
20061030,00:00:00,1.27297,1.27362,1.26996,1.27198,2035494600260
20061031,00:00:00,1.27217,1.27808,1.26793,1.27587,1998184902110
20061101,00:00:00,1.27598,1.27961,1.27413,1.27531,2024040800850
20061102,00:00:00,1.27528,1.27836,1.27347,1.27760,2017920395310
20061103,00:00:00,1.27757,1.27834,1.26825,1.27148,2011255103020
20061106,00:00:00,1.27163,1.27258,1.26890,1.27194,2007915802410
20061107,00:00:00,1.27190,1.28186,1.27170,1.27738,2009341697720
20061108,00:00:00,1.27688,1.28059,1.27457,1.27541,2011778000260
20061109,00:00:00,1.27543,1.28469,1.27472,1.28252,2005162397640
20061110,00:00:00,1.28254,1.28963,1.28235,1.28366,2004326497850
20061113,00:00:00,1.28421,1.28768,1.27935,1.28025,2016851201870
20061114,00:00:00,1.28018,1.28695,1.27916,1.28072,2003750501580
20061115,00:00:00,1.28067,1.28328,1.27725,1.28248,2004297099410
20061116,00:00:00,1.28246,1.28361,1.27823,1.27933,2013090797590
20061117,00:00:00,1.27925,1.28444,1.27586,1.28251,2004726901040
20061120,00:00:00,1.28257,1.28499,1.28010,1.28137,1992934301990
20061121,00:00:00,1.28130,1.28529,1.27970,1.28394,2007309900400
20061122,00:00:00,1.28418,1.29552,1.28338,1.29423,2004463801490
20061123,00:00:00,1.29405,1.29735,1.29233,1.29417,2014440299750
20061124,00:00:00,1.29422,1.31043,1.29414,1.30910,1995880702000
20061127,00:00:00,1.31617,1.31648,1.30856,1.31308,1988051595340
20061128,00:00:00,1.31321,1.32065,1.31166,1.31961,2010834497410
20061129,00:00:00,1.31960,1.32163,1.31322,1.31527,1952963003100
20061130,00:00:00,1.31513,1.32732,1.31393,1.32392,1997554397670
20061201,00:00:00,1.32398,1.33454,1.32187,1.33339,2000802102550
20061204,00:00:00,1.33308,1.33653,1.32815,1.33405,1991568201290
20061205,00:00:00,1.33387,1.33611,1.32878,1.33132,2004412700110
20061206,00:00:00,1.33135,1.33397,1.32542,1.32855,1991132699540
20061207,00:00:00,1.32838,1.33232,1.32709,1.32844,2003651804360
20061208,00:00:00,1.32845,1.33610,1.31911,1.31985,2014990198200
20061211,00:00:00,1.31763,1.32614,1.31287,1.32340,2008149399410
20061212,00:00:00,1.32330,1.32906,1.32126,1.32812,2010741798110
20061213,00:00:00,1.32815,1.32870,1.31907,1.32107,2021617600600
20061214,00:00:00,1.32102,1.32508,1.31373,1.31403,2008482700460
20061215,00:00:00,1.31406,1.31817,1.30586,1.30785,2005714900600
20061218,00:00:00,1.30782,1.31165,1.30522,1.30938,1999904897870
20061219,00:00:00,1.30947,1.32141,1.30794,1.31936,2020966198030
20061220,00:00:00,1.31949,1.32432,1.31584,1.31704,2006464400330
20061221,00:00:00,1.31703,1.32121,1.31420,1.31728,2005018998850
20061222,00:00:00,1.31730,1.32116,1.31084,1.31247,2018598201030
20061225,00:00:00,1.31199,1.31648,1.30974,1.31294,2030119999600
20061226,00:00:00,1.31346,1.31431,1.30865,1.30950,2051014897510
20061227,00:00:00,1.30941,1.31764,1.30916,1.31099,2019422997820
20061228,00:00:00,1.31129,1.31997,1.31017,1.31460,2017707299100
20061229,00:00:00,1.31446,1.32049,1.31347,1.31920,2035105199550
20070101,00:00:00,1.31937,1.32095,1.31650,1.31937,1991688300170
20070102,00:00:00,1.31959,1.32951,1.31955,1.32670,2011992298050
20070103,00:00:00,1.32699,1.32903,1.31461,1.31682,2014004499390
20070104,00:00:00,1.31681,1.31783,1.30704,1.30804,2009389005200
20070105,00:00:00,1.30803,1.31029,1.29804,1.29995,2013494401990
20070108,00:00:00,1.30097,1.30349,1.29722,1.30191,2006687399200
20070109,00:00:00,1.30209,1.30517,1.29855,1.29983,2001570096190
20070110,00:00:00,1.29997,1.30030,1.29261,1.29343,2025438798440
20070111,00:00:00,1.29370,1.30124,1.28806,1.28899,2005559695080
20070112,00:00:00,1.28915,1.29418,1.28668,1.29212,1998314696530
20070115,00:00:00,1.29219,1.29550,1.29121,1.29345,1997828799350
20070116,00:00:00,1.29347,1.29875,1.29062,1.29169,2021183399150
20070117,00:00:00,1.29156,1.29494,1.28973,1.29347,2000480101140
20070118,00:00:00,1.29359,1.29756,1.28971,1.29593,1997866695740
20070119,00:00:00,1.29622,1.29998,1.29129,1.29536,2006956299870
20070122,00:00:00,1.29592,1.29769,1.29201,1.29473,1997403899480
20070123,00:00:00,1.29466,1.30423,1.29288,1.30232,2008292497280
20070124,00:00:00,1.30232,1.30357,1.29475,1.29678,1997364203650
20070125,00:00:00,1.29677,1.30002,1.29139,1.29288,2011821705630
20070126,00:00:00,1.29280,1.29438,1.28807,1.29144,2004607596740
20070129,00:00:00,1.29147,1.29655,1.28948,1.29526,2006618896770
20070130,00:00:00,1.29545,1.29800,1.29436,1.29671,1999289898620
20070131,00:00:00,1.29675,1.30356,1.29239,1.30288,2005961700470
20070201,00:00:00,1.30300,1.30482,1.30011,1.30200,2003118201210
20070202,00:00:00,1.30192,1.30615,1.29474,1.29562,2009881397790
20070205,00:00:00,1.29610,1.29651,1.29126,1.29245,2010328898620
20070206,00:00:00,1.29261,1.29893,1.29095,1.29830,1991766801230
20070207,00:00:00,1.29837,1.30232,1.29647,1.30071,2004267597070
20070208,00:00:00,1.30092,1.30418,1.29759,1.30379,2014536603700
20070209,00:00:00,1.30389,1.30452,1.29817,1.30047,2013975496170
20070212,00:00:00,1.29890,1.30359,1.29390,1.29619,2046070299210
20070213,00:00:00,1.29617,1.30426,1.29498,1.30352,1992577402420
20070214,00:00:00,1.30354,1.31488,1.30218,1.31280,2007534598120
20070215,00:00:00,1.31297,1.31716,1.31173,1.31369,2015570001250
20070216,00:00:00,1.31377,1.31443,1.30958,1.31356,2008492801330
20070219,00:00:00,1.31364,1.31621,1.31201,1.31540,2028830796830
20070220,00:00:00,1.31519,1.31881,1.31271,1.31362,2018236698990
20070221,00:00:00,1.31351,1.31648,1.31116,1.31362,2004812097850
20070222,00:00:00,1.31357,1.31434,1.30796,1.31222,2001885295270
20070223,00:00:00,1.31229,1.31863,1.31013,1.31627,2019285098890
20070226,00:00:00,1.31650,1.31971,1.31491,1.31847,2001935897150
20070227,00:00:00,1.31847,1.32578,1.31579,1.32396,2006085099110
20070228,00:00:00,1.32407,1.32419,1.31787,1.32255,1988266604540
20070301,00:00:00,1.32274,1.32389,1.31547,1.31840,2008412597500
20070302,00:00:00,1.31825,1.31998,1.31408,1.31882,1999358000050
20070305,00:00:00,1.31949,1.32101,1.30723,1.30872,2012532198580
20070306,00:00:00,1.30866,1.31295,1.30782,1.31255,1995378797350
20070307,00:00:00,1.31251,1.31844,1.31086,1.31748,1996106098160
20070308,00:00:00,1.31737,1.31813,1.31154,1.31274,2001487897150
20070309,00:00:00,1.31273,1.31583,1.30864,1.31118,2000555800300
20070311,00:00:00,1.31236,1.31415,1.31083,1.31122,48877599850
20070312,00:00:00,1.31120,1.31992,1.31054,1.31908,2011273800720
20070313,00:00:00,1.31896,1.32186,1.31547,1.31928,2003889599430
20070314,00:00:00,1.31945,1.32440,1.31764,1.32126,2021587100640
20070315,00:00:00,1.32131,1.32507,1.31919,1.32367,2007772099080
20070316,00:00:00,1.32356,1.33381,1.32277,1.33106,1943895797850
20070318,00:00:00,1.33064,1.33196,1.33064,1.33129,46303899920
20070319,00:00:00,1.33122,1.33241,1.32780,1.32979,2006285299830
20070320,00:00:00,1.32991,1.33232,1.32701,1.33188,2668294697380
20070321,00:00:00,1.33199,1.33882,1.32861,1.33808,2671043999310
20070322,00:00:00,1.33857,1.34094,1.33090,1.33254,2674060101340
20070323,00:00:00,1.33288,1.33407,1.32762,1.32789,2615785800890
20070325,00:00:00,1.32801,1.32933,1.32764,1.32826,64329499650
20070326,00:00:00,1.32836,1.33455,1.32534,1.33273,731378099870
20070327,00:00:00,1.33280,1.33667,1.33013,1.33416,617638500630
20070328,00:00:00,1.33439,1.33716,1.33006,1.33133,623182200160
20070329,00:00:00,1.33130,1.33517,1.32984,1.33295,629468300410
20070330,00:00:00,1.33307,1.33985,1.32880,1.33530,927614001890
20070402,00:00:00,1.33710,1.33802,1.33312,1.33647,1055257266800
20070403,00:00:00,1.33640,1.33802,1.33191,1.33293,1075062867830
20070404,00:00:00,1.33294,1.33810,1.33179,1.33660,1137013383550
20070405,00:00:00,1.33665,1.34410,1.33525,1.34290,927770449780
20070406,00:00:00,1.34285,1.34320,1.33640,1.33780,448167360340
20070409,00:00:00,1.33740,1.33798,1.33400,1.33530,411658668430
20070410,00:00:00,1.33530,1.34560,1.33481,1.34380,1214900751670
20070411,00:00:00,1.34385,1.34410,1.34065,1.34310,1055562184120
20070412,00:00:00,1.34310,1.35040,1.34256,1.34810,863567326360
20070413,00:00:00,1.34798,1.35525,1.34790,1.35255,435513525350
20070416,00:00:00,1.35540,1.35770,1.35221,1.35340,959480982920
20070417,00:00:00,1.35330,1.35940,1.35224,1.35650,1056074698640
20070418,00:00:00,1.35660,1.36160,1.35555,1.36070,1190892510190
20070419,00:00:00,1.36070,1.36200,1.35605,1.36110,888640394140
20070420,00:00:00,1.36110,1.36370,1.35860,1.35880,1065856477390
20070423,00:00:00,1.35975,1.36070,1.35400,1.35760,693378004500
20070424,00:00:00,1.35740,1.36430,1.35480,1.36380,1109988810510
20070425,00:00:00,1.36380,1.36650,1.36220,1.36360,875681682830
20070426,00:00:00,1.36360,1.36540,1.35840,1.35990,1243115472500
20070427,00:00:00,1.35990,1.36820,1.35850,1.36520,997097992740
20070430,00:00:00,1.36305,1.36777,1.35884,1.36462,644711299700
20070501,00:00:00,1.36461,1.36711,1.35897,1.36023,664948300230
20070502,00:00:00,1.36023,1.36097,1.35598,1.35903,658328300470
20070503,00:00:00,1.35901,1.36193,1.35462,1.35484,665036599780
20070504,00:00:00,1.35485,1.36088,1.35344,1.35893,666219600340
20070507,00:00:00,1.36015,1.36255,1.35883,1.35994,666691299170
20070508,00:00:00,1.35997,1.36202,1.35155,1.35422,676056600830
20070509,00:00:00,1.35427,1.35641,1.35187,1.35262,658695600130
20070510,00:00:00,1.35263,1.35624,1.34656,1.34835,673538999750
20070511,00:00:00,1.34835,1.35305,1.34628,1.35222,674963699460
20070514,00:00:00,1.35343,1.35570,1.35235,1.35432,663698600880
20070515,00:00:00,1.35430,1.36071,1.35264,1.35887,670477298360
20070516,00:00:00,1.35890,1.36081,1.35035,1.35141,670062601550
20070517,00:00:00,1.35140,1.35421,1.34773,1.34923,665460299380
20070518,00:00:00,1.34925,1.35205,1.34648,1.35053,665280700740
20070521,00:00:00,1.35123,1.35288,1.34359,1.34675,480686599950
20070522,00:00:00,1.34672,1.34744,1.34376,1.34476,662921599510
20070523,00:00:00,1.34475,1.35004,1.34149,1.34585,668168899720
20070524,00:00:00,1.34585,1.34619,1.34155,1.34275,669448798800
20070525,00:00:00,1.34275,1.34714,1.34114,1.34380,662209599710
20070528,00:00:00,1.34465,1.34579,1.34399,1.34482,658631500070
20070529,00:00:00,1.34515,1.35183,1.34192,1.34474,660803300410
20070530,00:00:00,1.34476,1.34563,1.34079,1.34268,660655600380
20070531,00:00:00,1.34277,1.34710,1.34219,1.34518,663689699890
20070601,00:00:00,1.34515,1.34602,1.33915,1.34439,661576099600
20070604,00:00:00,1.34410,1.34978,1.34317,1.34882,837534200520
20070605,00:00:00,1.34885,1.35515,1.34847,1.35222,660990999530
20070606,00:00:00,1.35222,1.35371,1.34844,1.35023,664681799360
20070607,00:00:00,1.35027,1.35113,1.34209,1.34312,659063000930
20070608,00:00:00,1.34311,1.34344,1.33225,1.33708,657230998310
20070611,00:00:00,1.33671,1.33711,1.33325,1.33567,472904699930
20070612,00:00:00,1.33564,1.33683,1.32997,1.33007,647403600990
20070613,00:00:00,1.33003,1.33144,1.32621,1.33092,646430299100
20070614,00:00:00,1.33105,1.33221,1.32789,1.33107,651737399130
20070615,00:00:00,1.33106,1.33877,1.33040,1.33867,649405900170
20070618,00:00:00,1.33765,1.34171,1.33737,1.34125,831177900330
20070619,00:00:00,1.34109,1.34343,1.33840,1.34253,635834599410
20070620,00:00:00,1.34262,1.34360,1.33946,1.34021,640492000320
20070621,00:00:00,1.34028,1.34066,1.33717,1.33881,639493200080
20070622,00:00:00,1.33884,1.34683,1.33772,1.34676,641529799090
20070625,00:00:00,1.34648,1.34719,1.34384,1.34613,439755399930
20070626,00:00:00,1.34613,1.34764,1.34310,1.34527,630064699710
20070627,00:00:00,1.34522,1.34578,1.34167,1.34514,629035900500
20070628,00:00:00,1.34515,1.34788,1.34233,1.34478,633437899230
20070629,00:00:00,1.34474,1.35404,1.34284,1.35397,638619599340
20070702,00:00:00,1.35358,1.36374,1.35258,1.36207,804118899300
20070703,00:00:00,1.36203,1.36348,1.35833,1.36073,608673899850
20070704,00:00:00,1.36082,1.36299,1.36028,1.36115,606444300160
20070705,00:00:00,1.36115,1.36574,1.35784,1.35968,610757600530
20070706,00:00:00,1.35974,1.36396,1.35678,1.36253,615307600830
20070709,00:00:00,1.36319,1.36372,1.36086,1.36253,376935500060
20070710,00:00:00,1.36254,1.37471,1.35935,1.37462,601924199680
20070711,00:00:00,1.37463,1.37822,1.37299,1.37443,600114499880
20070712,00:00:00,1.37445,1.37971,1.37394,1.37885,594892899900
20070713,00:00:00,1.37883,1.38103,1.37621,1.37811,600903600380
20070716,00:00:00,1.37837,1.38019,1.37603,1.37715,725252500360
20070717,00:00:00,1.37751,1.37974,1.37580,1.37805,532682000920
20070718,00:00:00,1.37805,1.38310,1.37565,1.38013,557560099690
20070719,00:00:00,1.38016,1.38284,1.37852,1.38024,554965799780
20070720,00:00:00,1.38028,1.38418,1.37777,1.38251,813119000630
20070723,00:00:00,1.38334,1.38452,1.37912,1.38046,1067654746450
20070724,00:00:00,1.38036,1.38515,1.37949,1.38198,863579892080
20070725,00:00:00,1.38202,1.38313,1.36944,1.37196,860319492630
20070726,00:00:00,1.37193,1.37714,1.36888,1.37412,858090454600
20070727,00:00:00,1.37445,1.37539,1.36239,1.36306,862759723480
20070730,00:00:00,1.36206,1.37075,1.36058,1.36940,861482570820
20070731,00:00:00,1.36947,1.37274,1.36752,1.36818,864140632860
20070801,00:00:00,1.36803,1.37099,1.36363,1.36656,857954817350
20070802,00:00:00,1.36660,1.37050,1.36478,1.37001,862746497660
20070803,00:00:00,1.36998,1.38178,1.36811,1.37698,860999585650
20070806,00:00:00,1.37860,1.38387,1.37764,1.37922,817020527850
20070807,00:00:00,1.37920,1.38148,1.37314,1.37353,859371305030
20070808,00:00:00,1.37351,1.38259,1.37185,1.37975,862318315790
20070809,00:00:00,1.37960,1.38167,1.36533,1.36747,860954306150
20070810,00:00:00,1.36782,1.37049,1.36406,1.36907,858278443530
20070813,00:00:00,1.36887,1.37091,1.36001,1.36107,859613705150
20070814,00:00:00,1.36078,1.36250,1.35269,1.35325,858372772330
20070815,00:00:00,1.35310,1.35390,1.34368,1.34405,857943054830
20070816,00:00:00,1.34400,1.34464,1.33594,1.34237,857688312580
20070817,00:00:00,1.34244,1.35460,1.33691,1.34721,858418153200
20070820,00:00:00,1.34760,1.35076,1.34573,1.34731,857163366150
20070821,00:00:00,1.34726,1.35203,1.34543,1.34645,854980427170
20070822,00:00:00,1.34641,1.35503,1.34459,1.35403,858435011880
20070823,00:00:00,1.35421,1.35879,1.35324,1.35645,864108598750
20070824,00:00:00,1.35627,1.36828,1.35492,1.36725,857517995030
20070827,00:00:00,1.36745,1.36852,1.36303,1.36436,903466445590
20070828,00:00:00,1.36432,1.36799,1.35973,1.36016,854416243150
20070829,00:00:00,1.36015,1.36800,1.35570,1.36740,862055223250
20070830,00:00:00,1.36727,1.36802,1.35883,1.36225,817283321200
20070831,00:00:00,1.36237,1.37191,1.36158,1.36265,856611841010
20070903,00:00:00,1.36276,1.36541,1.36017,1.36208,903481164380
20070904,00:00:00,1.36212,1.36260,1.35480,1.36036,854042916440
20070905,00:00:00,1.36025,1.36712,1.35660,1.36438,857706348780
20070906,00:00:00,1.36434,1.37098,1.36308,1.36892,813532511690
20070907,00:00:00,1.36890,1.37978,1.36601,1.37657,862058923310
20070910,00:00:00,1.37681,1.38143,1.37644,1.37988,901471678800
20070911,00:00:00,1.38003,1.38482,1.37756,1.38366,862845719950
20070912,00:00:00,1.38370,1.39141,1.38207,1.39006,857177736600
20070913,00:00:00,1.39015,1.39265,1.38600,1.38833,858215124510
20070914,00:00:00,1.38823,1.38947,1.38414,1.38728,860326145040
20070916,00:00:00,1.38680,1.38727,1.38581,1.38684,11487799970
20070917,00:00:00,1.38693,1.38899,1.38474,1.38559,827337373460
20070918,00:00:00,1.38589,1.39889,1.38271,1.39814,863096906730
20070919,00:00:00,1.39810,1.39867,1.39323,1.39655,861898164310
20070920,00:00:00,1.39642,1.40993,1.39588,1.40669,859745896570
20070921,00:00:00,1.40665,1.41195,1.40394,1.40885,833193444170
20070923,00:00:00,1.40901,1.40938,1.40856,1.40905,24176846850
20070924,00:00:00,1.40905,1.41293,1.40653,1.40744,890329514550
20070925,00:00:00,1.40728,1.41538,1.40567,1.41451,867173494710
20070926,00:00:00,1.41445,1.41628,1.41084,1.41287,864141533670
20070927,00:00:00,1.41292,1.41892,1.41195,1.41443,861054550220
20070928,00:00:00,1.41458,1.42772,1.41415,1.42656,850823137460
20070930,00:00:00,1.42723,1.42780,1.42678,1.42777,11798249820
20071001,00:00:00,1.42763,1.42808,1.42075,1.42300,861278183390
20071002,00:00:00,1.42293,1.42389,1.41353,1.41470,864274205290
20071003,00:00:00,1.41478,1.42012,1.40791,1.40891,865568640960
20071004,00:00:00,1.40869,1.41488,1.40641,1.41322,863827655270
20071005,00:00:00,1.41325,1.41569,1.40313,1.41336,851093318180
20071007,00:00:00,1.41340,1.41526,1.41335,1.41498,11052499990
20071008,00:00:00,1.41491,1.41513,1.40321,1.40543,832820342220
20071009,00:00:00,1.40540,1.41147,1.40093,1.41040,863758023220
20071010,00:00:00,1.41049,1.41715,1.40914,1.41413,865077333750
20071011,00:00:00,1.41402,1.42402,1.41318,1.41987,867326726130
20071012,00:00:00,1.41984,1.42125,1.41522,1.41763,841524629280
20071014,00:00:00,1.41745,1.41866,1.41686,1.41724,24402999790
20071015,00:00:00,1.41723,1.42429,1.41559,1.42103,895732394960
20071016,00:00:00,1.42088,1.42265,1.41397,1.41705,863714233380
20071017,00:00:00,1.41695,1.42301,1.41562,1.42131,866623486210
20071018,00:00:00,1.42131,1.43097,1.41921,1.42843,864116704940
20071019,00:00:00,1.42835,1.43179,1.42426,1.42985,850914172990
20071021,00:00:00,1.43037,1.43333,1.43037,1.43310,11487199900
20071022,00:00:00,1.43311,1.43501,1.41231,1.41735,865597677380
20071023,00:00:00,1.41735,1.42782,1.41671,1.42617,859964763160
20071024,00:00:00,1.42621,1.42698,1.41873,1.42611,861192992700
20071025,00:00:00,1.42591,1.43443,1.42436,1.43271,861000233490
20071026,00:00:00,1.43265,1.43953,1.43136,1.43908,849347348850
20071028,00:00:00,1.44146,1.44221,1.44041,1.44059,11498699990
20071029,00:00:00,1.44064,1.44378,1.43738,1.44215,831916082660
20071030,00:00:00,1.44187,1.44428,1.43717,1.44383,860820210200
20071031,00:00:00,1.44384,1.45035,1.44172,1.44757,861924398400
20071101,00:00:00,1.44767,1.44813,1.43995,1.44184,862382519870
20071102,00:00:00,1.44169,1.45273,1.44160,1.45033,835809857540
20071105,00:00:00,1.45132,1.45234,1.44406,1.44677,891980944290
20071106,00:00:00,1.44673,1.45706,1.44627,1.45532,860562257390
20071107,00:00:00,1.45533,1.47294,1.45495,1.46346,856539525900
20071108,00:00:00,1.46331,1.47027,1.46128,1.46735,858982245140
20071109,00:00:00,1.46743,1.47519,1.46286,1.46725,855960576940
20071112,00:00:00,1.46701,1.46758,1.45237,1.45296,861587190960
20071113,00:00:00,1.45301,1.46325,1.45168,1.46001,854925660330
20071114,00:00:00,1.45991,1.47245,1.45949,1.46473,860403686370
20071115,00:00:00,1.46491,1.47038,1.46009,1.46108,860633298480
20071116,00:00:00,1.46085,1.46721,1.45786,1.46584,858311311510
20071119,00:00:00,1.46689,1.46884,1.46170,1.46625,829301952190
20071120,00:00:00,1.46644,1.48517,1.46303,1.48373,857690178190
20071121,00:00:00,1.48382,1.48689,1.47707,1.48563,855796912580
20071122,00:00:00,1.48560,1.48730,1.48185,1.48475,856420120440
20071123,00:00:00,1.48474,1.49646,1.47816,1.48358,856405199410
20071126,00:00:00,1.48193,1.48869,1.48011,1.48696,891112879650
20071127,00:00:00,1.48691,1.49078,1.48061,1.48274,855451737110
20071128,00:00:00,1.48266,1.48579,1.47078,1.48389,857785355200
20071129,00:00:00,1.48391,1.48442,1.47188,1.47412,860456767160
20071130,00:00:00,1.47426,1.47849,1.46231,1.46313,862583868610
20071203,00:00:00,1.46360,1.47077,1.46180,1.46657,856238455750
20071204,00:00:00,1.46660,1.47688,1.46315,1.47560,861074516480
20071205,00:00:00,1.47566,1.47701,1.45908,1.46085,860192702200
20071206,00:00:00,1.46101,1.46518,1.45234,1.46335,856537568490
20071207,00:00:00,1.46353,1.46725,1.45946,1.46534,860769196540
20071210,00:00:00,1.46539,1.47356,1.46361,1.47108,825680614890
20071211,00:00:00,1.47101,1.47506,1.46378,1.46533,863411941880
20071212,00:00:00,1.46542,1.47480,1.46469,1.46990,863276920710
20071213,00:00:00,1.46986,1.47379,1.45742,1.46299,862615131830
20071214,00:00:00,1.46297,1.46578,1.44094,1.44282,861192998930
20071217,00:00:00,1.43892,1.44521,1.43273,1.43981,891806105470
20071218,00:00:00,1.43989,1.44357,1.43639,1.44109,860944184480
20071219,00:00:00,1.44107,1.44235,1.43229,1.43817,863014450270
20071220,00:00:00,1.43819,1.43899,1.43073,1.43280,861068423130
20071221,00:00:00,1.43284,1.44101,1.43133,1.43772,860856692120
20071224,00:00:00,1.43738,1.44129,1.43643,1.43920,862820693650
20071225,00:00:00,1.43913,1.44205,1.43825,1.43974,862138110450
20071226,00:00:00,1.43972,1.45058,1.43866,1.44856,862229965630
20071227,00:00:00,1.44863,1.46411,1.44643,1.46245,859023597340
20071228,00:00:00,1.46225,1.47273,1.45873,1.47210,861933764610
20071231,00:00:00,1.47133,1.47491,1.45651,1.45882,830475557530
20080101,00:00:00,1.45887,1.46174,1.45718,1.45903,860394947700
20080102,00:00:00,1.45910,1.47490,1.45835,1.47106,862367992760
20080103,00:00:00,1.47106,1.47807,1.46842,1.47489,860284517650
20080104,00:00:00,1.47482,1.48241,1.46910,1.47397,862285659410
20080107,00:00:00,1.47452,1.47547,1.46557,1.46928,893083995820
20080108,00:00:00,1.46925,1.47428,1.46754,1.47039,863307547060
20080109,00:00:00,1.47049,1.47427,1.46357,1.46558,859323806950
20080110,00:00:00,1.46571,1.48133,1.46387,1.48020,864182339370
20080111,00:00:00,1.48011,1.48190,1.47585,1.47717,860523466690
20080114,00:00:00,1.47797,1.49146,1.47779,1.48640,865356647560
20080115,00:00:00,1.48665,1.49219,1.47959,1.48015,866659399450
20080116,00:00:00,1.47995,1.48583,1.45923,1.46497,865298863850
20080117,00:00:00,1.46501,1.47141,1.45863,1.46383,861799488020
20080118,00:00:00,1.46385,1.46941,1.45982,1.46168,858525638600
20080121,00:00:00,1.46029,1.46042,1.44200,1.44525,831399215030
20080122,00:00:00,1.44547,1.46417,1.43621,1.46274,861981745800
20080123,00:00:00,1.46273,1.46840,1.45072,1.46285,864702399820
20080124,00:00:00,1.46279,1.47779,1.45874,1.47525,865246398060
20080125,00:00:00,1.47527,1.47757,1.46567,1.46807,863041669440
20080128,00:00:00,1.46779,1.47977,1.46588,1.47781,899607838380
20080129,00:00:00,1.47795,1.47968,1.47346,1.47744,867534118470
20080130,00:00:00,1.47732,1.49073,1.47508,1.48584,870316756490
20080131,00:00:00,1.48593,1.49137,1.47994,1.48573,868900957010
20080201,00:00:00,1.48576,1.49468,1.47839,1.47995,867758717280
20080204,00:00:00,1.48036,1.48482,1.47889,1.48272,865668277300
20080205,00:00:00,1.48267,1.48349,1.46185,1.46448,867200781810
20080206,00:00:00,1.46479,1.46699,1.45877,1.46286,868480369140
20080207,00:00:00,1.46294,1.46513,1.44366,1.44817,864055002340
20080208,00:00:00,1.44823,1.45475,1.44467,1.45030,866993914610
20080211,00:00:00,1.45127,1.45786,1.44788,1.45165,837247841700
20080212,00:00:00,1.45162,1.46141,1.44923,1.45820,869891679940
20080213,00:00:00,1.45829,1.45988,1.45307,1.45707,867161748040
20080214,00:00:00,1.45720,1.46475,1.45457,1.46407,868898010040
20080215,00:00:00,1.46411,1.47084,1.46266,1.46802,867838697330
20080218,00:00:00,1.46790,1.46901,1.46081,1.46557,897788454510
20080219,00:00:00,1.46558,1.47560,1.46374,1.47228,865505425080
20080220,00:00:00,1.47235,1.47330,1.46123,1.47128,863224333500
20080221,00:00:00,1.47133,1.48366,1.46986,1.48111,864853981370
20080222,00:00:00,1.48118,1.48614,1.47847,1.48235,865629157700
20080225,00:00:00,1.48363,1.48440,1.47909,1.48265,866815395510
20080226,00:00:00,1.48256,1.49849,1.47754,1.49715,861033758960
20080227,00:00:00,1.49702,1.51435,1.49676,1.51178,858764057890
20080228,00:00:00,1.51175,1.52301,1.50706,1.51911,864931528180
20080229,00:00:00,1.51926,1.52383,1.51417,1.51762,864667388390
20080303,00:00:00,1.51928,1.52734,1.51554,1.52024,834935653220
20080304,00:00:00,1.51984,1.52467,1.51706,1.52139,866474320910
20080305,00:00:00,1.52145,1.53015,1.51425,1.52634,868593121490
20080306,00:00:00,1.52619,1.53934,1.52570,1.53783,866963978140
20080307,00:00:00,1.53796,1.54591,1.53138,1.53540,870361998330
20080309,00:00:00,1.53607,1.53626,1.53544,1.53591,24159193960
20080310,00:00:00,1.53583,1.54030,1.53116,1.53449,867149602540
20080311,00:00:00,1.53464,1.54948,1.52812,1.53393,858287966340
20080312,00:00:00,1.53387,1.55725,1.53306,1.55643,865707823950
20080313,00:00:00,1.55639,1.56433,1.55181,1.56252,865475421610
20080314,00:00:00,1.56247,1.56869,1.55294,1.56714,840240716740
20080316,00:00:00,1.56745,1.57340,1.56709,1.57235,24523200000
20080317,00:00:00,1.57177,1.59021,1.56814,1.57267,872587304990
20080318,00:00:00,1.57272,1.58311,1.56128,1.56203,867412527600
20080319,00:00:00,1.56197,1.57852,1.55808,1.56405,868294337110
20080320,00:00:00,1.56408,1.56458,1.53926,1.54282,866318802800
20080321,00:00:00,1.54272,1.54739,1.54014,1.54269,833195692860
20080323,00:00:00,1.54349,1.54389,1.54157,1.54205,24338796940
20080324,00:00:00,1.54180,1.54543,1.53381,1.54333,899788607070
20080325,00:00:00,1.54333,1.56579,1.54038,1.56266,858194430920
20080326,00:00:00,1.56271,1.58582,1.55795,1.58391,855966693940
20080327,00:00:00,1.58385,1.58455,1.57237,1.57760,863669831580
20080328,00:00:00,1.57766,1.58387,1.57392,1.57918,852958372290
20080331,00:00:00,1.57956,1.58974,1.57670,1.57868,817570282970
20080401,00:00:00,1.57864,1.57881,1.55612,1.56139,862924214610
20080402,00:00:00,1.56117,1.57007,1.55310,1.56825,864053677110
20080403,00:00:00,1.56830,1.56968,1.55073,1.56821,862962833490
20080404,00:00:00,1.56842,1.57726,1.56345,1.57352,853054924510
20080407,00:00:00,1.57302,1.57375,1.56247,1.57095,864905012250
20080408,00:00:00,1.57087,1.57983,1.56718,1.57110,865673621520
20080409,00:00:00,1.57100,1.58645,1.56800,1.58301,866236057110
20080410,00:00:00,1.58298,1.59143,1.57221,1.57405,866109548300
20080411,00:00:00,1.57433,1.58564,1.57339,1.58091,864927250130
20080414,00:00:00,1.57834,1.58867,1.56684,1.58303,909884368050
20080415,00:00:00,1.58278,1.58754,1.57486,1.57876,868111873840
20080416,00:00:00,1.57858,1.59786,1.57573,1.59450,863790773360
20080417,00:00:00,1.59440,1.59826,1.58446,1.59041,866830829210
20080418,00:00:00,1.59057,1.59566,1.57092,1.58120,863075470200
20080421,00:00:00,1.58086,1.59466,1.57890,1.59086,867190834120
20080422,00:00:00,1.59093,1.60183,1.58307,1.59888,864558441580
20080423,00:00:00,1.59920,1.60027,1.58583,1.58867,867694736260
20080424,00:00:00,1.58880,1.58961,1.56331,1.56800,871196315830
20080425,00:00:00,1.56806,1.57063,1.55506,1.56276,866142033090
20080428,00:00:00,1.56242,1.56924,1.55892,1.56547,867454958510
20080429,00:00:00,1.56571,1.56630,1.55384,1.55690,867191078900
20080430,00:00:00,1.55693,1.56415,1.55161,1.56173,866488623800
20080501,00:00:00,1.56200,1.56425,1.54273,1.54710,862956709290
20080502,00:00:00,1.54714,1.54978,1.53599,1.54218,865396865980
20080505,00:00:00,1.54270,1.55196,1.54204,1.54947,821212886520
20080506,00:00:00,1.54945,1.55945,1.54495,1.55303,866573340020
20080507,00:00:00,1.55336,1.55395,1.53634,1.53915,866031499030
20080508,00:00:00,1.53899,1.54407,1.52825,1.53915,865182489210
20080509,00:00:00,1.53953,1.54886,1.53889,1.54811,864693227790
20080512,00:00:00,1.54831,1.55699,1.53627,1.55508,904253665930
20080513,00:00:00,1.55501,1.55653,1.54275,1.54701,865669269060
20080514,00:00:00,1.54734,1.54860,1.53925,1.54716,864470589340
20080515,00:00:00,1.54714,1.55470,1.54173,1.54448,863195742870
20080516,00:00:00,1.54455,1.56019,1.54321,1.55748,864829835990
20080519,00:00:00,1.55779,1.56333,1.54811,1.55078,866724224320
20080520,00:00:00,1.55078,1.56796,1.55035,1.56438,863872102990
20080521,00:00:00,1.56468,1.57957,1.56287,1.57928,869218976480
20080522,00:00:00,1.57927,1.58130,1.56893,1.57311,867470495310
20080523,00:00:00,1.57302,1.57939,1.56947,1.57578,870025872800
20080526,00:00:00,1.57652,1.57910,1.57391,1.57677,821565776430
20080527,00:00:00,1.57706,1.58178,1.56792,1.56905,864276337960
20080528,00:00:00,1.56893,1.57600,1.56056,1.56365,862913882570
20080529,00:00:00,1.56369,1.56625,1.54800,1.55161,859607004840
20080530,00:00:00,1.55179,1.55682,1.54594,1.55499,863197953570
20080602,00:00:00,1.55512,1.55881,1.54845,1.55346,909142463940
20080603,00:00:00,1.55358,1.56275,1.54085,1.54428,859953211850
20080604,00:00:00,1.54460,1.54825,1.54157,1.54378,862494837400
20080605,00:00:00,1.54383,1.55997,1.53633,1.55923,862672260510
20080606,00:00:00,1.55898,1.57780,1.55691,1.57748,861155671440
20080609,00:00:00,1.57831,1.58432,1.56160,1.56440,861204632070
20080610,00:00:00,1.56432,1.56543,1.54371,1.54650,862149184060
20080611,00:00:00,1.54659,1.55868,1.54463,1.55492,861415000980
20080612,00:00:00,1.55503,1.55680,1.53764,1.54368,861688410170
20080613,00:00:00,1.54356,1.54817,1.53004,1.53770,865009223210
20080616,00:00:00,1.53826,1.55188,1.53433,1.54761,818281927110
20080617,00:00:00,1.54742,1.55514,1.54558,1.55082,863598843050
20080618,00:00:00,1.55050,1.55394,1.54598,1.55323,861242615230
20080619,00:00:00,1.55333,1.55863,1.54631,1.55031,860816647980
20080620,00:00:00,1.55025,1.56510,1.54878,1.56028,861340084840
20080623,00:00:00,1.56153,1.56357,1.54661,1.55158,903758591240
20080624,00:00:00,1.55143,1.56216,1.54876,1.55650,859459109210
20080625,00:00:00,1.55647,1.56872,1.55335,1.56622,858412093940
20080626,00:00:00,1.56624,1.57672,1.56249,1.57556,860564423760
20080627,00:00:00,1.57543,1.57924,1.57154,1.57906,862905484540
20080630,00:00:00,1.57789,1.58359,1.57271,1.57528,859350809510
20080701,00:00:00,1.57529,1.58249,1.57210,1.57897,857944278850
20080702,00:00:00,1.57894,1.58879,1.57736,1.58808,853907986990
20080703,00:00:00,1.58796,1.59117,1.56787,1.57003,855689184330
20080704,00:00:00,1.57007,1.57262,1.56524,1.57029,857768297460
20080707,00:00:00,1.57002,1.57533,1.56072,1.57248,814952261900
20080708,00:00:00,1.57248,1.57392,1.56333,1.56693,857844155470
20080709,00:00:00,1.56669,1.57494,1.56472,1.57413,853689543840
20080710,00:00:00,1.57416,1.58022,1.56876,1.57870,858027639090
20080711,00:00:00,1.57841,1.59472,1.57604,1.59368,857393146380
20080714,00:00:00,1.59498,1.59709,1.58392,1.59048,902258189480
20080715,00:00:00,1.59043,1.60389,1.58643,1.59104,861023130200
20080716,00:00:00,1.59085,1.59477,1.57985,1.58264,857012550610
20080717,00:00:00,1.58238,1.58929,1.57815,1.58600,859681351650
20080718,00:00:00,1.58597,1.58867,1.58035,1.58448,857460422890
20080721,00:00:00,1.58418,1.59306,1.58265,1.59182,857963106200
20080722,00:00:00,1.59197,1.59442,1.57536,1.57838,859621810610
20080723,00:00:00,1.57815,1.57989,1.56664,1.56966,860084669430
20080724,00:00:00,1.56952,1.57139,1.56253,1.56752,857063680500
20080725,00:00:00,1.56774,1.57537,1.56588,1.57043,856759511060
20080728,00:00:00,1.57047,1.57683,1.56801,1.57404,815557116460
20080729,00:00:00,1.57399,1.57573,1.55493,1.55863,857703694740
20080730,00:00:00,1.55880,1.56166,1.55183,1.55735,854605178910
20080731,00:00:00,1.55768,1.56995,1.55658,1.56009,856476347210
20080801,00:00:00,1.56022,1.56038,1.55142,1.55609,856765375470
20080804,00:00:00,1.55638,1.56306,1.55526,1.55722,902444873070
20080805,00:00:00,1.55742,1.55784,1.54442,1.54528,857761721010
20080806,00:00:00,1.54515,1.55167,1.53956,1.54056,851874225990
20080807,00:00:00,1.54065,1.55019,1.53068,1.53228,857360123250
20080808,00:00:00,1.53202,1.53349,1.49930,1.50032,856699025690
20080811,00:00:00,1.50000,1.50835,1.48786,1.49085,852795096860
20080812,00:00:00,1.49064,1.49646,1.48112,1.49238,857051320720
20080813,00:00:00,1.49227,1.49796,1.48397,1.49168,861440873920
20080814,00:00:00,1.49162,1.49499,1.47746,1.48228,857852941820
20080815,00:00:00,1.48257,1.48257,1.46554,1.46856,858587248980
20080818,00:00:00,1.46988,1.47679,1.46839,1.46933,813387798290
20080819,00:00:00,1.46947,1.47924,1.46272,1.47744,840730544700
20080820,00:00:00,1.47761,1.48043,1.46685,1.47440,854779673020
20080821,00:00:00,1.47470,1.49024,1.47281,1.48973,854852471540
20080822,00:00:00,1.48984,1.49078,1.47568,1.47909,854006498580
20080825,00:00:00,1.47803,1.48067,1.46921,1.47533,898183608420
20080826,00:00:00,1.47518,1.47610,1.45655,1.46504,862606086800
20080827,00:00:00,1.46538,1.47761,1.46307,1.47228,863481250910
20080828,00:00:00,1.47267,1.48103,1.46691,1.47041,865724723740
20080829,00:00:00,1.47034,1.47674,1.46368,1.46714,861610583160
20080901,00:00:00,1.46748,1.47198,1.45783,1.46143,821857887560
20080902,00:00:00,1.46162,1.46176,1.44626,1.45166,862422426960
20080903,00:00:00,1.45178,1.45303,1.43811,1.44957,866103048140
20080904,00:00:00,1.44955,1.45438,1.43115,1.43233,857230547220
20080905,00:00:00,1.43237,1.43462,1.41957,1.42666,865142049080
20080908,00:00:00,1.42658,1.44280,1.40516,1.41264,907808374300
20080909,00:00:00,1.41265,1.42267,1.40435,1.41300,857197083480
20080910,00:00:00,1.41306,1.41796,1.39878,1.39968,859381559270
20080911,00:00:00,1.39963,1.39982,1.38778,1.39953,861990678450
20080912,00:00:00,1.39954,1.42325,1.39683,1.42204,862466136970
20080915,00:00:00,1.42253,1.44821,1.40820,1.42417,818133824540
20080916,00:00:00,1.42416,1.42885,1.40699,1.41292,862344301680
20080917,00:00:00,1.41278,1.43837,1.40735,1.43362,861000571420
20080918,00:00:00,1.43363,1.45404,1.42772,1.43458,860805978110
20080919,00:00:00,1.43457,1.44975,1.41494,1.44646,860005201210
20080922,00:00:00,1.44698,1.48640,1.44330,1.47737,860848189810
20080923,00:00:00,1.47723,1.48264,1.46195,1.46475,864234145970
20080924,00:00:00,1.46446,1.47451,1.46071,1.46191,864394585260
20080925,00:00:00,1.46185,1.47667,1.45584,1.46060,861977908420
20080926,00:00:00,1.46088,1.46777,1.45538,1.46108,859037783020
20080929,00:00:00,1.45811,1.45811,1.43001,1.44346,1689213693200
20080930,00:00:00,1.44277,1.44344,1.40067,1.40900,896320841810
20081001,00:00:00,1.40891,1.41740,1.39755,1.40075,896993626670
20081002,00:00:00,1.40075,1.40305,1.37455,1.38185,935737651960
20081003,00:00:00,1.38185,1.39065,1.37025,1.37705,910150234320
20081005,00:00:00,1.36686,1.37040,1.36285,1.36285,4208487990
20081006,00:00:00,1.36285,1.36765,1.34430,1.34820,1138001774330
20081007,00:00:00,1.34820,1.37425,1.34815,1.36189,804360722560
20081008,00:00:00,1.36191,1.37535,1.35429,1.36278,713293896160
20081009,00:00:00,1.36294,1.37812,1.35762,1.35912,177491060450
20081010,00:00:00,1.35921,1.36407,1.32592,1.34091,164644855580
20081012,00:00:00,1.35653,1.35692,1.35412,1.35613,13103706730
20081013,00:00:00,1.35633,1.36795,1.34498,1.35916,203070573970
20081014,00:00:00,1.35937,1.37639,1.35858,1.36156,173326031670
20081015,00:00:00,1.36163,1.36847,1.34490,1.34557,172962642440
20081016,00:00:00,1.34566,1.35329,1.33467,1.34763,174827214570
20081017,00:00:00,1.34760,1.35116,1.33846,1.34052,170892697340
20081019,00:00:00,1.34216,1.34282,1.33917,1.34000,29732777090
20081020,00:00:00,1.34007,1.35299,1.32871,1.33283,734522055600
20081021,00:00:00,1.33283,1.33514,1.30499,1.30512,711756093240
20081022,00:00:00,1.30515,1.30752,1.27668,1.28218,713307381350
20081023,00:00:00,1.28232,1.30016,1.27257,1.29606,713225853390
20081024,00:00:00,1.29607,1.29718,1.24941,1.26190,706201993080
20081026,00:00:00,1.25557,1.25629,1.25293,1.25303,15035899880
20081027,00:00:00,1.25313,1.26774,1.23331,1.24540,1372871130570
20081028,00:00:00,1.24544,1.27885,1.23290,1.27820,781111119280
20081029,00:00:00,1.27820,1.29910,1.26235,1.29665,662471167640
20081030,00:00:00,1.29670,1.32850,1.28050,1.28620,650479065200
20081031,00:00:00,1.28615,1.28940,1.26675,1.27245,567727520260
20081103,00:00:00,1.27450,1.28985,1.25960,1.26415,715530787820
20081104,00:00:00,1.26415,1.30480,1.25250,1.29805,903261480440
20081105,00:00:00,1.29805,1.31145,1.27925,1.29540,866695977870
20081106,00:00:00,1.29540,1.29550,1.26790,1.27120,814472339960
20081107,00:00:00,1.27115,1.28500,1.26520,1.27160,750106539020
20081110,00:00:00,1.28160,1.29270,1.27175,1.27475,690130728070
20081111,00:00:00,1.27475,1.28000,1.25065,1.25220,631075116310
20081112,00:00:00,1.25215,1.26310,1.24660,1.25050,704875142890
20081113,00:00:00,1.25055,1.28525,1.23880,1.27685,482480119080
20081114,00:00:00,1.27690,1.28280,1.25765,1.26025,715430699610
20081117,00:00:00,1.25297,1.27415,1.25115,1.26490,623136690930
20081118,00:00:00,1.26485,1.27000,1.25665,1.26165,697574436140
20081119,00:00:00,1.26165,1.28140,1.24835,1.24870,563820867670
20081120,00:00:00,1.24865,1.25935,1.24350,1.24520,566695767280
20081121,00:00:00,1.24520,1.26375,1.24230,1.25855,584581669260
20081124,00:00:00,1.25850,1.29550,1.25670,1.29540,883797349760
20081125,00:00:00,1.29530,1.30810,1.28035,1.30635,731712149450
20081126,00:00:00,1.30635,1.30700,1.28190,1.28785,760251239650
20081127,00:00:00,1.28780,1.29680,1.28590,1.29040,697356231880
20081128,00:00:00,1.29035,1.29570,1.26450,1.26890,712803374030
20081201,00:00:00,1.27093,1.27115,1.25820,1.26090,740792398090
20081202,00:00:00,1.26095,1.27655,1.25620,1.27125,731438140540
20081203,00:00:00,1.27125,1.27415,1.26020,1.27160,822914018150
20081204,00:00:00,1.27155,1.28475,1.25490,1.27760,842511590710
20081205,00:00:00,1.27750,1.27990,1.26270,1.27198,720553477320
20081208,00:00:00,1.27254,1.29675,1.27155,1.29615,803200963210
20081209,00:00:00,1.29620,1.30005,1.27980,1.29255,931084453130
20081210,00:00:00,1.29255,1.30700,1.29035,1.30210,1000679542600
20081211,00:00:00,1.30210,1.34030,1.29995,1.33564,760138052350
20081212,00:00:00,1.33552,1.34150,1.32505,1.33682,520035663000
20081215,00:00:00,1.33661,1.37220,1.33637,1.36880,654172147030
20081216,00:00:00,1.36880,1.41475,1.36300,1.40092,737088166000
20081217,00:00:00,1.40090,1.44365,1.40005,1.44180,632811351400
20081218,00:00:00,1.44175,1.46925,1.41875,1.42449,467130087480
20081219,00:00:00,1.42462,1.43095,1.38265,1.39110,490896579940
20081222,00:00:00,1.39315,1.41245,1.39025,1.39420,555835359610
20081223,00:00:00,1.39420,1.40210,1.39195,1.39230,463948840040
20081224,00:00:00,1.39240,1.40190,1.39135,1.40094,298940450050
20081225,00:00:00,1.40101,1.40465,1.39757,1.40250,463580629360
20081226,00:00:00,1.40248,1.41155,1.39895,1.40182,138051376860
20081229,00:00:00,1.40600,1.43625,1.39200,1.39255,589398059810
20081230,00:00:00,1.39268,1.42210,1.39165,1.40555,528486350380
20081231,00:00:00,1.40555,1.41445,1.38505,1.39692,321953530690
20090101,00:00:00,1.39695,1.40707,1.39600,1.40371,514011849530
20090102,00:00:00,1.40373,1.40515,1.38385,1.39185,401503914160
20090105,00:00:00,1.38977,1.39610,1.35495,1.36340,539399639850
20090106,00:00:00,1.36340,1.36585,1.33130,1.35355,644672231600
20090107,00:00:00,1.35355,1.37470,1.34320,1.36440,730563330160
20090108,00:00:00,1.36440,1.37965,1.35345,1.37015,751659441870
20090109,00:00:00,1.37010,1.37305,1.34150,1.34672,490439484590
20090112,00:00:00,1.34688,1.34735,1.32938,1.33600,613431177130
20090113,00:00:00,1.33614,1.33730,1.31402,1.31800,721090739460
20090114,00:00:00,1.31810,1.33370,1.30940,1.31905,623231071520
20090115,00:00:00,1.31880,1.32340,1.30247,1.31135,798872949400
20090116,00:00:00,1.31125,1.33425,1.31110,1.32640,697455501040
20090119,00:00:00,1.33352,1.33845,1.30655,1.30670,613729186330
20090120,00:00:00,1.30660,1.31035,1.28560,1.29037,612530104080
20090121,00:00:00,1.29047,1.30855,1.28235,1.30215,676606500390
20090122,00:00:00,1.30210,1.30820,1.29085,1.30000,575038230020
20090123,00:00:00,1.29990,1.30345,1.27675,1.29725,535405710540
20090126,00:00:00,1.29621,1.32070,1.28610,1.31875,729947851060
20090127,00:00:00,1.31875,1.33290,1.31165,1.31595,752895327580
20090128,00:00:00,1.31595,1.33230,1.31015,1.31650,865828333190
20090129,00:00:00,1.31650,1.31790,1.29355,1.29541,769361656640
20090130,00:00:00,1.29531,1.29560,1.27625,1.28105,758564840310
20090202,00:00:00,1.27672,1.28985,1.27055,1.28425,653916692350
20090203,00:00:00,1.28435,1.30565,1.28010,1.30395,720391074850
20090204,00:00:00,1.30390,1.30705,1.28125,1.28480,718890862160
20090205,00:00:00,1.28475,1.29050,1.27615,1.27895,685340479400
20090206,00:00:00,1.27910,1.29925,1.27470,1.29380,618510480030
20090209,00:00:00,1.29610,1.30925,1.28720,1.30020,841206895360
20090210,00:00:00,1.30015,1.30735,1.28095,1.29120,864044160810
20090211,00:00:00,1.29115,1.29980,1.28330,1.29045,760511114550
20090212,00:00:00,1.29045,1.29430,1.27210,1.28600,700263557420
20090213,00:00:00,1.28590,1.29420,1.28210,1.28605,511240307450
20090216,00:00:00,1.27793,1.28245,1.27265,1.28010,559578078640
20090217,00:00:00,1.28015,1.28040,1.25620,1.25815,837394049210
20090218,00:00:00,1.25815,1.26400,1.25125,1.25295,557797270420
20090219,00:00:00,1.25295,1.27600,1.25275,1.26730,596520127300
20090220,00:00:00,1.26730,1.28790,1.25565,1.28250,701229339040
20090223,00:00:00,1.28040,1.29915,1.26915,1.26930,1080302826970
20090224,00:00:00,1.26930,1.28770,1.26620,1.28455,990446736990
20090225,00:00:00,1.28455,1.28985,1.26895,1.27225,1128147038960
20090226,00:00:00,1.27225,1.28105,1.26820,1.27435,661864574080
20090227,00:00:00,1.27435,1.27500,1.26040,1.26690,694114043230
20090302,00:00:00,1.26295,1.26368,1.25455,1.25770,841574760170
20090303,00:00:00,1.25770,1.26775,1.25210,1.25605,870558665850
20090304,00:00:00,1.25605,1.26620,1.24560,1.26595,894790403810
20090305,00:00:00,1.26595,1.26630,1.24805,1.25385,712556039290
20090306,00:00:00,1.25385,1.27505,1.25315,1.26485,812434040020
20090308,00:00:00,1.26488,1.26784,1.26488,1.26683,21593060050
20090309,00:00:00,1.26669,1.27265,1.25555,1.26025,1039622003970
20090310,00:00:00,1.26020,1.28215,1.25795,1.26795,1038106273570
20090311,00:00:00,1.26795,1.28645,1.26160,1.28450,1085096811540
20090312,00:00:00,1.28450,1.29445,1.27315,1.28980,1026888317310
20090313,00:00:00,1.28995,1.29570,1.28620,1.29280,836555326980
20090315,00:00:00,1.28791,1.28940,1.28770,1.28927,4423600050
20090316,00:00:00,1.28925,1.30710,1.28375,1.29785,1119395523680
20090317,00:00:00,1.29785,1.30325,1.29300,1.30155,743840278280
20090318,00:00:00,1.30160,1.35345,1.29860,1.35095,993733466920
20090319,00:00:00,1.35095,1.37375,1.34165,1.36685,984968746140
20090320,00:00:00,1.36682,1.37260,1.35170,1.35795,840694421150
20090322,00:00:00,1.36200,1.36420,1.36173,1.36377,9578199990
20090323,00:00:00,1.36395,1.37360,1.34850,1.36185,765930370340
20090324,00:00:00,1.36190,1.36780,1.34305,1.34690,1089101411600
20090325,00:00:00,1.34695,1.36465,1.34180,1.35770,827693756920
20090326,00:00:00,1.35775,1.36385,1.34940,1.35270,929767740210
20090327,00:00:00,1.35270,1.35910,1.32565,1.32870,687562580060
20090330,00:00:00,1.32282,1.32845,1.31160,1.31980,684765518580
20090331,00:00:00,1.31980,1.33425,1.31735,1.32495,748960068980
20090401,00:00:00,1.32500,1.32860,1.31665,1.32461,698982754760
20090402,00:00:00,1.32459,1.35170,1.32225,1.34595,676197620270
20090403,00:00:00,1.34595,1.34950,1.33650,1.34835,617961164470
20090406,00:00:00,1.34955,1.35815,1.33580,1.34155,627368472700
20090407,00:00:00,1.34160,1.34180,1.32265,1.32710,672360685510
20090408,00:00:00,1.32705,1.33075,1.31480,1.32810,727689943190
20090409,00:00:00,1.32810,1.33355,1.31260,1.31680,584033746320
20090410,00:00:00,1.31680,1.31875,1.30920,1.31845,201603300190
20090413,00:00:00,1.31862,1.33915,1.31270,1.33655,236904225920
20090414,00:00:00,1.33650,1.33800,1.32260,1.32585,514701441710
20090415,00:00:00,1.32570,1.32975,1.31460,1.32265,608280050620
20090416,00:00:00,1.32255,1.32680,1.31265,1.31860,624422741920
20090417,00:00:00,1.31855,1.31970,1.30170,1.30430,600969963590
20090420,00:00:00,1.30577,1.30591,1.28910,1.29208,551599281880
20090421,00:00:00,1.29203,1.29935,1.28965,1.29458,554143451130
20090422,00:00:00,1.29456,1.30370,1.28845,1.30050,604963900040
20090423,00:00:00,1.30045,1.31605,1.29795,1.31425,539688104320
20090424,00:00:00,1.31420,1.33010,1.31125,1.32395,559808350300
20090427,00:00:00,1.32440,1.32458,1.29985,1.30350,554875618470
20090428,00:00:00,1.30333,1.31660,1.29635,1.31475,496166278330
20090429,00:00:00,1.31475,1.33390,1.31200,1.32698,479539334510
20090430,00:00:00,1.32697,1.33855,1.31905,1.32295,478309393360
20090501,00:00:00,1.32285,1.33275,1.32180,1.32705,325613722130
20090504,00:00:00,1.32678,1.34222,1.32120,1.34045,445712684270
20090505,00:00:00,1.34055,1.34375,1.32820,1.33290,407620607350
20090506,00:00:00,1.33285,1.33745,1.32455,1.33335,502039226190
20090507,00:00:00,1.33335,1.34700,1.32515,1.33880,370806607120
20090508,00:00:00,1.33879,1.36500,1.33415,1.36390,385279544010
20090511,00:00:00,1.36440,1.36670,1.35570,1.35810,602735708150
20090512,00:00:00,1.35810,1.37075,1.35625,1.36480,775113921880
20090513,00:00:00,1.36470,1.37220,1.35660,1.35995,611233259290
20090514,00:00:00,1.35985,1.36650,1.35245,1.36390,457880701640
20090515,00:00:00,1.36380,1.36500,1.34620,1.34945,399219705470
20090518,00:00:00,1.34778,1.35630,1.34230,1.35600,484972870470
20090519,00:00:00,1.35610,1.36680,1.35300,1.36290,514043129170
20090520,00:00:00,1.36272,1.38290,1.35835,1.37790,498996602090
20090521,00:00:00,1.37790,1.39230,1.37280,1.38890,543033501030
20090522,00:00:00,1.38890,1.40500,1.38875,1.39955,641004555430
20090525,00:00:00,1.40169,1.40480,1.39575,1.40140,393263349580
20090526,00:00:00,1.40117,1.40220,1.38600,1.39840,826481180710
20090527,00:00:00,1.39835,1.40005,1.38235,1.38235,779078389260
20090528,00:00:00,1.38245,1.39830,1.37930,1.39410,799235024290
20090529,00:00:00,1.39405,1.41685,1.39240,1.41565,813912827600
20090601,00:00:00,1.41449,1.42460,1.40990,1.41590,808440778830
20090602,00:00:00,1.41580,1.43310,1.41015,1.43025,783653150460
20090603,00:00:00,1.43010,1.43370,1.41085,1.41625,819812241610
20090604,00:00:00,1.41620,1.42410,1.40700,1.41773,958918579990
20090605,00:00:00,1.41788,1.42675,1.39325,1.39650,766674985330
20090608,00:00:00,1.39680,1.40020,1.38050,1.38985,830691265030
20090609,00:00:00,1.38985,1.41010,1.38520,1.40630,759039636430
20090610,00:00:00,1.40630,1.41435,1.39150,1.39835,699603491380
20090611,00:00:00,1.39847,1.41715,1.39430,1.41075,668261839790
20090612,00:00:00,1.41075,1.41285,1.39360,1.40150,707804629160
20090615,00:00:00,1.39929,1.40002,1.37575,1.37998,239412820200
20090616,00:00:00,1.38005,1.39196,1.37484,1.38355,204821800000
20090617,00:00:00,1.38350,1.39682,1.38067,1.39430,205068699770
20090618,00:00:00,1.39430,1.39897,1.38819,1.38987,203977700080
20090619,00:00:00,1.38991,1.40120,1.38830,1.39380,333598299800
20090622,00:00:00,1.39468,1.39550,1.38260,1.38645,542699689880
20090623,00:00:00,1.38645,1.41080,1.38285,1.40760,617951260290
20090624,00:00:00,1.40770,1.41380,1.38875,1.39285,576432199380
20090625,00:00:00,1.39280,1.40113,1.38885,1.39847,519230000240
20090626,00:00:00,1.39844,1.41180,1.39803,1.40530,484440899400
20090629,00:00:00,1.40609,1.40765,1.40449,1.40692,445214550050
20090630,00:00:00,1.40692,1.40988,1.40679,1.40977,591333539480
20090701,00:00:00,1.40977,1.41993,1.39978,1.41394,88792399980
20090702,00:00:00,1.41381,1.41545,1.39868,1.40009,81159099990
20090703,00:00:00,1.40004,1.40282,1.39256,1.39792,81157099990
20090706,00:00:00,1.39591,1.39977,1.38749,1.39814,80810599980
20090707,00:00:00,1.39815,1.40497,1.38996,1.39219,81414900000
20090708,00:00:00,1.39231,1.39391,1.38294,1.38816,81702599990
20090709,00:00:00,1.38843,1.40722,1.38548,1.40155,80922899960
20090710,00:00:00,1.40148,1.40285,1.38734,1.39351,80744700000
20090713,00:00:00,1.39364,1.40003,1.38942,1.39761,81241099960
20090714,00:00:00,1.39747,1.40136,1.39084,1.39652,80333600040
20090715,00:00:00,1.39647,1.41335,1.39599,1.41047,80851000030
20090716,00:00:00,1.41057,1.41648,1.40536,1.41466,80867300020
20090717,00:00:00,1.41442,1.41496,1.40599,1.40986,81145300010
20090720,00:00:00,1.40953,1.42494,1.40904,1.42294,80228999990
20090721,00:00:00,1.42293,1.42760,1.41601,1.42234,81284400010
20090722,00:00:00,1.42270,1.42562,1.41529,1.42174,81551400000
20090723,00:00:00,1.42159,1.42908,1.41181,1.41403,81080600010
20090724,00:00:00,1.41411,1.42529,1.41337,1.42006,81386000000
20090727,00:00:00,1.42057,1.42967,1.41692,1.42298,80625500010
20090728,00:00:00,1.42281,1.43028,1.41277,1.41663,80173300000
20090729,00:00:00,1.41646,1.41949,1.40043,1.40483,80556400020
20090730,00:00:00,1.40448,1.40940,1.40056,1.40741,82694099960
20090731,00:00:00,1.40736,1.42796,1.40613,1.42555,81140400000
20090803,00:00:00,1.42535,1.44444,1.42025,1.44112,81120000010
20090804,00:00:00,1.44097,1.44295,1.43645,1.44065,81214800050
20090805,00:00:00,1.44055,1.44469,1.43540,1.44014,80982700030
20090806,00:00:00,1.44031,1.44284,1.43261,1.43434,81790900040
20090807,00:00:00,1.43440,1.44111,1.41533,1.41804,82119699950
20090810,00:00:00,1.41828,1.42177,1.41014,1.41390,81984500030
20090811,00:00:00,1.41374,1.41849,1.41066,1.41457,82414399990
20090812,00:00:00,1.41483,1.42463,1.40827,1.41860,80506000020
20090813,00:00:00,1.41839,1.43264,1.41779,1.42903,82561500000
20090814,00:00:00,1.42867,1.43058,1.41561,1.42011,81209599940
20090817,00:00:00,1.41972,1.41972,1.40440,1.40821,81141300000
20090818,00:00:00,1.40796,1.41529,1.40632,1.41340,82232400020
20090819,00:00:00,1.41346,1.42656,1.40804,1.42206,70828699990
20090820,00:00:00,1.42224,1.42738,1.41999,1.42509,80831800000
20090821,00:00:00,1.42519,1.43776,1.42043,1.43247,82207599990
20090824,00:00:00,1.43253,1.43572,1.42775,1.43014,82102600000
20090825,00:00:00,1.43015,1.43609,1.42496,1.42953,81204099980
20090826,00:00:00,1.42953,1.43508,1.42026,1.42541,82242900030
20090827,00:00:00,1.42525,1.44054,1.42157,1.43389,81934100000
20090828,00:00:00,1.43388,1.43884,1.42790,1.43013,82040799990
20090831,00:00:00,1.43009,1.43685,1.42531,1.43315,81865800010
20090901,00:00:00,1.43305,1.43780,1.41741,1.42230,80933099970
20090902,00:00:00,1.42230,1.42937,1.41868,1.42605,81697200010
20090903,00:00:00,1.42623,1.43466,1.42338,1.42504,81929600050
20090904,00:00:00,1.42495,1.43252,1.41894,1.42928,81787299920
20090907,00:00:00,1.42972,1.43620,1.42950,1.43305,80725600000
20090908,00:00:00,1.43318,1.45351,1.43260,1.44775,81637000000
20090909,00:00:00,1.44774,1.45980,1.44631,1.45560,81222499960
20090910,00:00:00,1.45555,1.46103,1.45007,1.45797,81049899970
20090911,00:00:00,1.45823,1.46317,1.45527,1.45688,81092800010
20090914,00:00:00,1.45681,1.46516,1.45121,1.46163,81694999980
20090915,00:00:00,1.46181,1.46850,1.45597,1.46561,80826299970
20090916,00:00:00,1.46550,1.47353,1.46429,1.47079,80419200030
20090917,00:00:00,1.47076,1.47654,1.46853,1.47368,80826599980
20090918,00:00:00,1.47380,1.47465,1.46455,1.47084,81793600010
20090921,00:00:00,1.47100,1.47121,1.46082,1.46763,81599799960
20090922,00:00:00,1.46778,1.48204,1.46692,1.47886,81002599990
20090923,00:00:00,1.47880,1.48421,1.47240,1.47322,82122099970
20090924,00:00:00,1.47341,1.48026,1.46264,1.46642,81384899980
20090925,00:00:00,1.46639,1.47234,1.46114,1.46859,80601100010
20090927,00:00:00,1.46960,1.47147,1.46907,1.47025,3471500000
20090928,00:00:00,1.46981,1.47197,1.45593,1.46122,79560199990
20090929,00:00:00,1.46113,1.46455,1.45246,1.45824,81160699980
20090930,00:00:00,1.45824,1.46728,1.45723,1.46361,80721600000
20091001,00:00:00,1.46332,1.46668,1.45154,1.45398,80689500000
20091002,00:00:00,1.45396,1.46467,1.44792,1.45743,78067600050
20091004,00:00:00,1.45773,1.46097,1.45772,1.45881,2605500000
20091005,00:00:00,1.45875,1.46685,1.45773,1.46477,82004199990
20091006,00:00:00,1.46479,1.47612,1.46430,1.47218,81284400030
20091007,00:00:00,1.47209,1.47361,1.46480,1.46873,81852200100
20091008,00:00:00,1.46866,1.48160,1.46799,1.47915,80541599980
20091009,00:00:00,1.47911,1.47943,1.46721,1.47290,78443399950
20091011,00:00:00,1.47240,1.47320,1.47133,1.47175,3398000000
20091012,00:00:00,1.47159,1.48127,1.46751,1.47765,80724399980
20091013,00:00:00,1.47758,1.48756,1.47575,1.48515,82468100000
20091014,00:00:00,1.48494,1.49443,1.48361,1.49326,80987500010
20091015,00:00:00,1.49321,1.49687,1.48412,1.49355,81989000010
20091016,00:00:00,1.49331,1.49660,1.48463,1.49032,78062500020
20091018,00:00:00,1.49047,1.49065,1.48787,1.48922,3401200000
20091019,00:00:00,1.48925,1.49801,1.48301,1.49641,80136099930
20091020,00:00:00,1.49632,1.49940,1.48806,1.49371,79177200000
20091021,00:00:00,1.49351,1.50456,1.48846,1.50063,79737799950
20091022,00:00:00,1.50034,1.50383,1.49413,1.50264,80506500060
20091023,00:00:00,1.50256,1.50590,1.49830,1.50057,76701899950
20091025,00:00:00,1.49934,1.50029,1.49883,1.50009,2503300000
20091026,00:00:00,1.49994,1.50600,1.48420,1.48659,80942600020
20091027,00:00:00,1.48648,1.49260,1.47660,1.48099,79095199990
20091028,00:00:00,1.48099,1.48405,1.46888,1.47203,79341500030
20091029,00:00:00,1.47211,1.48582,1.46836,1.48361,80672299990
20091030,00:00:00,1.48349,1.48585,1.47003,1.47177,77010300010
20091102,00:00:00,1.47151,1.48445,1.46814,1.47725,79757100030
20091103,00:00:00,1.47711,1.48088,1.46235,1.47215,79727399950
20091104,00:00:00,1.47204,1.49069,1.47003,1.48588,80141300000
20091105,00:00:00,1.48596,1.49166,1.48067,1.48695,80325499950
20091106,00:00:00,1.48676,1.49138,1.48102,1.48454,80065199970
20091109,00:00:00,1.48793,1.50197,1.48500,1.49960,79295699970
20091110,00:00:00,1.49939,1.50206,1.49357,1.49912,80221300030
20091111,00:00:00,1.49892,1.50495,1.49498,1.49860,79681400020
20091112,00:00:00,1.49834,1.50149,1.48201,1.48477,78813499970
20091113,00:00:00,1.48470,1.49350,1.48231,1.48991,80660600010
20091116,00:00:00,1.49164,1.50148,1.48805,1.49677,80913200000
20091117,00:00:00,1.49701,1.49984,1.48048,1.48753,79258599960
20091118,00:00:00,1.48751,1.49896,1.48552,1.49608,79398999970
20091119,00:00:00,1.49623,1.49648,1.48395,1.49243,80204700000
20091120,00:00:00,1.49236,1.49347,1.47998,1.48595,80084400040
20091123,00:00:00,1.48551,1.49977,1.48313,1.49595,79726999980
20091124,00:00:00,1.49591,1.49887,1.48859,1.49661,78936999980
20091125,00:00:00,1.49651,1.51441,1.49517,1.51328,79621099990
20091126,00:00:00,1.51332,1.51410,1.49561,1.50191,79144509990
20091127,00:00:00,1.50143,1.50167,1.48264,1.49853,79636600000
20091130,00:00:00,1.50094,1.50825,1.49620,1.50032,78419100010
20091201,00:00:00,1.50009,1.51194,1.49719,1.50790,78822899990
20091202,00:00:00,1.50792,1.51096,1.50290,1.50422,80358199970
20091203,00:00:00,1.50419,1.51398,1.50390,1.50493,79026499980
20091204,00:00:00,1.50509,1.50911,1.48188,1.48547,79729600050
20091207,00:00:00,1.48532,1.49042,1.47535,1.48235,80574499950
20091208,00:00:00,1.48231,1.48652,1.46790,1.47012,79640800000
20091209,00:00:00,1.47010,1.47809,1.46699,1.47242,79892300000
20091210,00:00:00,1.47226,1.47597,1.46827,1.47299,78664000010
20091211,00:00:00,1.47289,1.47758,1.45845,1.46112,79677499990
20091214,00:00:00,1.46224,1.46848,1.45955,1.46542,79089300020
20091215,00:00:00,1.46545,1.46612,1.45011,1.45352,79594799990
20091216,00:00:00,1.45355,1.45903,1.45023,1.45275,79476999970
20091217,00:00:00,1.45292,1.45353,1.43035,1.43360,81011700060
20091218,00:00:00,1.43319,1.44105,1.42582,1.43364,81370700050
20091221,00:00:00,1.43037,1.43727,1.42645,1.42742,79861599980
20091222,00:00:00,1.42748,1.43320,1.42149,1.42462,80136299970
20091223,00:00:00,1.42474,1.43646,1.42315,1.43316,81103800040
20091224,00:00:00,1.43353,1.44180,1.43205,1.43759,79640799980
20091225,00:00:00,1.43785,1.44365,1.43558,1.43772,79350699960
20091228,00:00:00,1.43859,1.44138,1.43505,1.43773,81283299970
20091229,00:00:00,1.43778,1.44572,1.43311,1.43525,80627200000
20091230,00:00:00,1.43528,1.43606,1.42694,1.43373,79336800000
20091231,00:00:00,1.43366,1.44400,1.43025,1.43212,79730600000
20100101,00:00:00,1.43216,1.43356,1.43178,1.43335,79655500000
20100104,00:00:00,1.43024,1.44556,1.42559,1.44120,78832800030
20100105,00:00:00,1.44112,1.44834,1.43445,1.43639,79840600020
20100106,00:00:00,1.43630,1.44342,1.42807,1.44062,80951199950
20100107,00:00:00,1.44053,1.44432,1.42976,1.43045,80960299990
20100108,00:00:00,1.43063,1.44382,1.42616,1.44083,80254900070
20100111,00:00:00,1.44265,1.45539,1.44049,1.45111,79856399990
20100112,00:00:00,1.45108,1.45479,1.44507,1.44816,79620500000
20100113,00:00:00,1.44832,1.45797,1.44550,1.45082,79818600030
20100114,00:00:00,1.45089,1.45546,1.44450,1.44969,80522000010
20100115,00:00:00,1.44980,1.45111,1.43347,1.43849,80340099980
20100118,00:00:00,1.43530,1.43999,1.43325,1.43815,81040999970
20100119,00:00:00,1.43816,1.44124,1.42498,1.42855,79048099960
20100120,00:00:00,1.42859,1.42946,1.40780,1.41051,80415400010
20100121,00:00:00,1.41043,1.41422,1.40247,1.40826,79167400000
20100122,00:00:00,1.40836,1.41805,1.40649,1.41361,79507799980
20100125,00:00:00,1.41557,1.41939,1.41248,1.41491,78701200000
20100126,00:00:00,1.41493,1.41780,1.40397,1.40698,79117200010
20100127,00:00:00,1.40701,1.40957,1.39944,1.40200,79560399980
20100128,00:00:00,1.40216,1.40516,1.39454,1.39692,79533500000
20100129,00:00:00,1.39686,1.39861,1.38589,1.38605,78720400010
20100201,00:00:00,1.38608,1.39366,1.38501,1.39289,80144299990
20100202,00:00:00,1.39292,1.39748,1.38830,1.39629,79834699990
20100203,00:00:00,1.39632,1.40247,1.38829,1.38922,80242199990
20100204,00:00:00,1.38916,1.39022,1.37184,1.37213,79709600000
20100205,00:00:00,1.37218,1.37448,1.35816,1.36763,80182300040
20100208,00:00:00,1.36553,1.37128,1.36195,1.36475,80947099990
20100209,00:00:00,1.36461,1.38385,1.36400,1.37951,79000099990
20100210,00:00:00,1.37961,1.38112,1.36747,1.37335,80559799980
20100211,00:00:00,1.37336,1.37999,1.35930,1.36915,79846600040
20100212,00:00:00,1.36919,1.36937,1.35276,1.36305,79518199970
20100215,00:00:00,1.36240,1.36323,1.35767,1.35959,78848900020
20100216,00:00:00,1.35972,1.37778,1.35872,1.37677,80626800010
20100217,00:00:00,1.37696,1.37892,1.35834,1.36058,80772900010
20100218,00:00:00,1.36034,1.36529,1.35132,1.35243,80798499990
20100219,00:00:00,1.35232,1.36172,1.34431,1.36082,80787099990
20100222,00:00:00,1.36330,1.36534,1.35723,1.35932,79892200000
20100223,00:00:00,1.35939,1.36917,1.34950,1.35050,80743599930
20100224,00:00:00,1.35055,1.36253,1.34995,1.35338,80283399950
20100225,00:00:00,1.35352,1.35696,1.34484,1.35478,80896199980
20100226,00:00:00,1.35452,1.36825,1.35271,1.36280,80021199980
20100301,00:00:00,1.36207,1.36538,1.34589,1.35576,81209400010
20100302,00:00:00,1.35589,1.36207,1.34345,1.36143,80600699990
20100303,00:00:00,1.36141,1.37356,1.35898,1.36945,80332999990
20100304,00:00:00,1.36953,1.37108,1.35504,1.35794,80169700010
20100305,00:00:00,1.35774,1.36297,1.35288,1.36222,78972000030
20100308,00:00:00,1.36316,1.37038,1.36038,1.36319,78549399990
20100309,00:00:00,1.36325,1.36348,1.35337,1.35996,79167200030
20100310,00:00:00,1.35995,1.36795,1.35416,1.36542,80122899960
20100311,00:00:00,1.36548,1.36857,1.36175,1.36778,79963999990
20100312,00:00:00,1.36783,1.37981,1.36671,1.37653,79931099950
20100314,00:00:00,1.37699,1.37778,1.37579,1.37627,2463700000
20100315,00:00:00,1.37634,1.37740,1.36382,1.36732,80102199990
20100316,00:00:00,1.36751,1.37808,1.36549,1.37707,79839900010
20100317,00:00:00,1.37709,1.38171,1.37232,1.37322,79766800000
20100318,00:00:00,1.37326,1.37402,1.35826,1.36032,79690399960
20100319,00:00:00,1.36034,1.36269,1.34997,1.35287,78072299990
20100321,00:00:00,1.35340,1.35387,1.35139,1.35305,2428500000
20100322,00:00:00,1.35301,1.35678,1.34606,1.35655,80902700060
20100323,00:00:00,1.35651,1.35679,1.34739,1.34942,80396899940
20100324,00:00:00,1.34931,1.34999,1.33017,1.33215,79396499970
20100325,00:00:00,1.33228,1.33881,1.32658,1.32862,79837499960
20100326,00:00:00,1.32832,1.34246,1.32664,1.34081,76524699990
20100329,00:00:00,1.34147,1.35051,1.34147,1.34812,80123600000
20100330,00:00:00,1.34812,1.35348,1.33931,1.34113,79428300030
20100331,00:00:00,1.34079,1.35475,1.33819,1.35075,79226599960
20100401,00:00:00,1.35074,1.35904,1.34575,1.35872,79448099950
20100402,00:00:00,1.35830,1.35899,1.34713,1.35012,79591699980
20100405,00:00:00,1.34970,1.35380,1.34562,1.34829,79478899980
20100406,00:00:00,1.34814,1.34960,1.33536,1.33978,78731800030
20100407,00:00:00,1.33975,1.34080,1.33248,1.33424,80486099970
20100408,00:00:00,1.33424,1.33655,1.32786,1.33590,79576600000
20100409,00:00:00,1.33600,1.34989,1.33363,1.34965,80008299990
20100412,00:00:00,1.35290,1.36905,1.35290,1.35877,79630499980
20100413,00:00:00,1.35889,1.36265,1.35437,1.36117,79449200000
20100414,00:00:00,1.36108,1.36794,1.35929,1.36514,79758700010
20100415,00:00:00,1.36496,1.36657,1.35169,1.35697,79513400020
20100416,00:00:00,1.35703,1.35846,1.34703,1.35013,79319499970
20100419,00:00:00,1.34970,1.34970,1.34124,1.34849,79825200070
20100420,00:00:00,1.34873,1.35222,1.34247,1.34332,80159099960
20100421,00:00:00,1.34337,1.34495,1.33561,1.33885,79887299970
20100422,00:00:00,1.33875,1.34209,1.32580,1.32925,79101800010
20100423,00:00:00,1.32909,1.33995,1.32014,1.33818,77986199980
20100426,00:00:00,1.33773,1.33959,1.32892,1.33813,79499400020
20100427,00:00:00,1.33808,1.34131,1.31638,1.31741,79819099990
20100428,00:00:00,1.31714,1.32654,1.31117,1.32195,79389399970
20100429,00:00:00,1.32184,1.32773,1.31819,1.32323,80621099980
20100430,00:00:00,1.32306,1.33418,1.32196,1.32926,79621200000
20100503,00:00:00,1.32974,1.33586,1.31498,1.31924,79963399960
20100504,00:00:00,1.31931,1.32130,1.29776,1.29846,79794699960
20100505,00:00:00,1.29853,1.29952,1.28029,1.28114,81124299970
20100506,00:00:00,1.28110,1.28539,1.25187,1.26180,80471500050
20100507,00:00:00,1.26174,1.27974,1.25836,1.27476,80778399970
20100510,00:00:00,1.27799,1.30918,1.27583,1.27847,80084400060
20100511,00:00:00,1.27834,1.27996,1.26540,1.26593,79816499970
20100512,00:00:00,1.26607,1.27395,1.26032,1.26123,80639699940
20100513,00:00:00,1.26134,1.26833,1.25148,1.25330,79801499970
20100514,00:00:00,1.25316,1.25756,1.23522,1.23583,79796800000
20100517,00:00:00,1.23537,1.24134,1.22373,1.23916,79766100020
20100518,00:00:00,1.23928,1.24436,1.21641,1.22002,80411499990
20100519,00:00:00,1.22002,1.24235,1.21429,1.24124,80270500010
20100520,00:00:00,1.24122,1.25969,1.22951,1.24866,79635400000
20100521,00:00:00,1.24842,1.26704,1.24549,1.25688,80305200020
20100524,00:00:00,1.25667,1.25667,1.23430,1.23702,79802399990
20100525,00:00:00,1.23684,1.23715,1.21747,1.23423,80121199990
20100526,00:00:00,1.23454,1.23870,1.21651,1.21761,80695699970
20100527,00:00:00,1.21776,1.23936,1.21498,1.23603,80215300020
20100528,00:00:00,1.23585,1.24518,1.22614,1.22697,80258199980
20100531,00:00:00,1.22748,1.23335,1.22568,1.23042,79524300010
20100601,00:00:00,1.23030,1.23521,1.21080,1.22273,80635300060
20100602,00:00:00,1.22265,1.22718,1.21741,1.22475,80649500000
20100603,00:00:00,1.22485,1.23263,1.21492,1.21613,79734299980
20100604,00:00:00,1.21606,1.22146,1.19536,1.19637,80185699940
20100607,00:00:00,1.19602,1.19908,1.18746,1.19213,80318300000
20100608,00:00:00,1.19254,1.20093,1.18989,1.19713,80516500060
20100609,00:00:00,1.19717,1.20728,1.19198,1.19765,79663700020
20100610,00:00:00,1.19766,1.21415,1.19543,1.21217,79604700000
20100611,00:00:00,1.21249,1.21526,1.20440,1.21095,80282700050
20100614,00:00:00,1.21157,1.22997,1.21120,1.22183,80331600020
20100615,00:00:00,1.22186,1.23494,1.21628,1.23312,81433999970
20100616,00:00:00,1.23309,1.23517,1.22518,1.23090,80450100010
20100617,00:00:00,1.23067,1.24141,1.22393,1.23871,80186199990
20100618,00:00:00,1.23830,1.24153,1.23504,1.23882,80008600000
20100621,00:00:00,1.23952,1.24660,1.23008,1.23095,79923200000
20100622,00:00:00,1.23094,1.23500,1.22506,1.22694,80464300040
20100623,00:00:00,1.22653,1.23438,1.22074,1.23084,81060400020
20100624,00:00:00,1.23076,1.23872,1.22583,1.23321,79905000020
20100625,00:00:00,1.23304,1.23934,1.22504,1.23671,80549100000
20100628,00:00:00,1.23714,1.23974,1.22631,1.22741,80231800030
20100629,00:00:00,1.22754,1.22904,1.21485,1.21858,79735699980
20100630,00:00:00,1.21822,1.23032,1.21634,1.22351,80742100020
20100701,00:00:00,1.22339,1.25380,1.21914,1.25252,81409500000
20100702,00:00:00,1.25259,1.26106,1.24794,1.25624,80791099950
20100705,00:00:00,1.25547,1.25647,1.25050,1.25365,80191699970
20100706,00:00:00,1.25368,1.26617,1.24783,1.26218,79547600000
20100707,00:00:00,1.26229,1.26638,1.25516,1.26365,79883499970
20100708,00:00:00,1.26358,1.27107,1.26168,1.26963,80378299970
20100709,00:00:00,1.26946,1.27213,1.26079,1.26376,79393400020
20100712,00:00:00,1.26356,1.26465,1.25477,1.25952,80365700020
20100713,00:00:00,1.25944,1.27373,1.25216,1.27233,79717100010
20100714,00:00:00,1.27233,1.27778,1.26807,1.27415,79668600020
20100715,00:00:00,1.27413,1.29546,1.27066,1.29483,80380800020
20100716,00:00:00,1.29479,1.30056,1.28867,1.29283,79470100010
20100719,00:00:00,1.29231,1.29908,1.28675,1.29391,80614000010
20100720,00:00:00,1.29404,1.30272,1.28377,1.28777,79491499960
20100721,00:00:00,1.28749,1.29120,1.27293,1.27525,80645100020
20100722,00:00:00,1.27532,1.29315,1.27367,1.28920,80238400040
20100723,00:00:00,1.28908,1.29649,1.27920,1.29075,79975500010
20100726,00:00:00,1.28977,1.30055,1.28735,1.29926,80352800000
20100727,00:00:00,1.29908,1.30456,1.29493,1.29950,80407099990
20100728,00:00:00,1.29926,1.30417,1.29653,1.29924,80624100020
20100729,00:00:00,1.29934,1.31041,1.29767,1.30770,80663300060
20100730,00:00:00,1.30767,1.30927,1.29775,1.30484,79529699960
20100802,00:00:00,1.30533,1.31937,1.30498,1.31790,80832500010
20100803,00:00:00,1.31791,1.32615,1.31440,1.32268,80338099980
20100804,00:00:00,1.32277,1.32383,1.31294,1.31585,80094600030
20100805,00:00:00,1.31583,1.32348,1.31173,1.31879,80100000010
20100806,00:00:00,1.31873,1.33333,1.31543,1.32753,79727300040
20100809,00:00:00,1.32851,1.33070,1.32136,1.32196,80629800010
20100810,00:00:00,1.32189,1.32331,1.30733,1.31753,80821800000
20100811,00:00:00,1.31732,1.31860,1.28575,1.28605,80587599950
20100812,00:00:00,1.28629,1.29315,1.27802,1.28254,80894799980
20100813,00:00:00,1.28271,1.29056,1.27458,1.27495,80405800000
20100816,00:00:00,1.27550,1.28699,1.27318,1.28243,80264799980
20100817,00:00:00,1.28215,1.29155,1.28019,1.28831,80364800000
20100818,00:00:00,1.28833,1.29203,1.28193,1.28511,79976099970
20100819,00:00:00,1.28504,1.29023,1.27714,1.28205,79917300090
20100820,00:00:00,1.28209,1.28316,1.26603,1.27075,79772999990
20100823,00:00:00,1.27026,1.27296,1.26433,1.26557,79184099970
20100824,00:00:00,1.26555,1.27185,1.25837,1.26249,80906799960
20100825,00:00:00,1.26230,1.27235,1.26048,1.26571,78604600010
20100826,00:00:00,1.26570,1.27630,1.26475,1.27127,80766200050
20100827,00:00:00,1.27153,1.27785,1.26750,1.27595,79474500030
20100830,00:00:00,1.27575,1.27690,1.26544,1.26588,79750899990
20100831,00:00:00,1.26588,1.27428,1.26215,1.26782,79505500020
20100901,00:00:00,1.26766,1.28542,1.26610,1.28062,79682100010
20100902,00:00:00,1.28051,1.28475,1.27735,1.28224,79999099990
20100903,00:00:00,1.28241,1.28971,1.28055,1.28945,79121399970
20100906,00:00:00,1.28903,1.29176,1.28636,1.28742,79652700050
20100907,00:00:00,1.28749,1.28761,1.26733,1.26811,80338099980
20100908,00:00:00,1.26804,1.27628,1.26577,1.27184,79853300000
20100909,00:00:00,1.27209,1.27657,1.26618,1.26933,80101899980
20100910,00:00:00,1.26942,1.27463,1.26425,1.26801,79538600000
20100912,00:00:00,1.26748,1.27162,1.26748,1.27065,3635600000
20100913,00:00:00,1.27061,1.28917,1.27012,1.28757,80654700020
20100914,00:00:00,1.28739,1.30345,1.28265,1.29847,80014999970
20100915,00:00:00,1.29858,1.30369,1.29517,1.30114,79905000050
20100916,00:00:00,1.30099,1.31149,1.29727,1.30740,79798300030
20100917,00:00:00,1.30716,1.31587,1.30181,1.30474,77118400060
20100919,00:00:00,1.30550,1.30654,1.30469,1.30488,3525200000
20100920,00:00:00,1.30475,1.31203,1.30313,1.30597,81314200060
20100921,00:00:00,1.30606,1.32821,1.30537,1.32493,80253000050
20100922,00:00:00,1.32493,1.34387,1.32447,1.33985,79812199970
20100923,00:00:00,1.33991,1.34124,1.33029,1.33125,80949099970
20100924,00:00:00,1.33131,1.34944,1.32833,1.34884,76628200000
20100926,00:00:00,1.34842,1.34873,1.34746,1.34785,3505699990
20100927,00:00:00,1.34806,1.35061,1.34232,1.34385,79328300010
20100928,00:00:00,1.34392,1.35948,1.33777,1.35829,80369599970
20100929,00:00:00,1.35803,1.36458,1.35637,1.36200,80113000020
20100930,00:00:00,1.36196,1.36836,1.35594,1.36278,80717300010
20101001,00:00:00,1.36260,1.37923,1.36153,1.37887,77741099990
20101003,00:00:00,1.37923,1.38055,1.37850,1.37853,2451900000
20101004,00:00:00,1.37852,1.37887,1.36629,1.36729,79917100080
20101005,00:00:00,1.36700,1.38588,1.36343,1.38329,80472300010
20101006,00:00:00,1.38320,1.39477,1.37977,1.39240,80525600020
20101007,00:00:00,1.39228,1.40274,1.38536,1.39132,80396600010
20101008,00:00:00,1.39131,1.39806,1.38332,1.39353,77140999980
20101010,00:00:00,1.39474,1.40091,1.39474,1.40030,2632900000
20101011,00:00:00,1.39978,1.40056,1.38641,1.38808,79400700000
20101012,00:00:00,1.38778,1.39331,1.37727,1.39140,79750800010
20101013,00:00:00,1.39135,1.40007,1.39083,1.39590,79899400000
20101014,00:00:00,1.39572,1.41218,1.39520,1.40783,79094500000
20101015,00:00:00,1.40783,1.41561,1.39364,1.39742,77978599960
20101017,00:00:00,1.39800,1.39899,1.39630,1.39729,3274800000
20101018,00:00:00,1.39713,1.39984,1.38278,1.39492,83295600020
20101019,00:00:00,1.39474,1.39969,1.37107,1.37412,83990400030
20101020,00:00:00,1.37392,1.39904,1.36961,1.39569,84062500020
20101021,00:00:00,1.39557,1.40490,1.38703,1.39253,85049200010
20101022,00:00:00,1.39242,1.39709,1.38566,1.39522,81202700040
20101024,00:00:00,1.39570,1.39762,1.39473,1.39488,3245300000
20101025,00:00:00,1.39502,1.40794,1.39309,1.39520,86479199970
20101026,00:00:00,1.39521,1.39815,1.38216,1.38591,85094599930
20101027,00:00:00,1.38597,1.38767,1.37324,1.37720,85419300000
20101028,00:00:00,1.37727,1.39439,1.37661,1.39264,84384599970
20101029,00:00:00,1.39263,1.39499,1.38038,1.39451,82463300000
20101031,00:00:00,1.39508,1.39676,1.39491,1.39640,2471300000
20101101,00:00:00,1.39644,1.40110,1.38620,1.38953,81762500020
20101102,00:00:00,1.38946,1.40573,1.38788,1.40314,83157799980
20101103,00:00:00,1.40314,1.41465,1.39885,1.41312,84202699990
20101104,00:00:00,1.41302,1.42817,1.40996,1.42153,83746700020
20101105,00:00:00,1.42143,1.42468,1.40207,1.40296,82373699990
20101108,00:00:00,1.40581,1.40825,1.38858,1.39173,83562900000
20101109,00:00:00,1.39179,1.39717,1.37490,1.37705,83423200040
20101110,00:00:00,1.37712,1.38251,1.36691,1.37814,83435000050
20101111,00:00:00,1.37813,1.38205,1.36340,1.36656,84255700030
20101112,00:00:00,1.36644,1.37759,1.35714,1.36895,85049199970
20101115,00:00:00,1.37046,1.37498,1.35631,1.35858,86330400030
20101116,00:00:00,1.35862,1.36547,1.34467,1.34885,92040300020
20101117,00:00:00,1.34860,1.35653,1.34601,1.35285,79301399990
20101118,00:00:00,1.35285,1.36670,1.35236,1.36427,82182600040
20101119,00:00:00,1.36404,1.37311,1.36082,1.36716,72879000040
20101122,00:00:00,1.37159,1.37859,1.35764,1.36254,66057100010
20101123,00:00:00,1.36244,1.36326,1.33614,1.33671,92311400190
20101124,00:00:00,1.33661,1.34209,1.32839,1.33337,90014799920
20101125,00:00:00,1.33332,1.33870,1.32864,1.33580,79901199940
20101126,00:00:00,1.33579,1.33611,1.32001,1.32395,73047600030
20101129,00:00:00,1.32792,1.32999,1.30638,1.31248,145506499910
20101130,00:00:00,1.31238,1.31497,1.29685,1.29820,237489699820
20101201,00:00:00,1.29818,1.31780,1.29707,1.31379,208727199910
20101202,00:00:00,1.31379,1.32468,1.30599,1.32086,203193900090
20101203,00:00:00,1.32086,1.34376,1.31927,1.34135,177397599830
20101206,00:00:00,1.33773,1.34218,1.32459,1.33072,171771800320
20101207,00:00:00,1.33072,1.34000,1.32576,1.32604,179943499980
20101208,00:00:00,1.32591,1.32796,1.31798,1.32609,188394699930
20101209,00:00:00,1.32609,1.33223,1.31643,1.32378,175933299990
20101210,00:00:00,1.32377,1.32819,1.31785,1.32218,143825500110
20101213,00:00:00,1.31937,1.34329,1.31821,1.33900,168619199920
20101214,00:00:00,1.33883,1.34979,1.33627,1.33774,196438600290
20101215,00:00:00,1.33770,1.33809,1.32078,1.32125,204075199920
20101216,00:00:00,1.32127,1.32655,1.31809,1.32431,172065500180
20101217,00:00:00,1.32409,1.33581,1.31329,1.31864,168277400010
20101220,00:00:00,1.31812,1.31849,1.30943,1.31306,184882312450
20101221,00:00:00,1.31306,1.32014,1.30732,1.31002,185612552440
20101222,00:00:00,1.31000,1.31806,1.30780,1.30987,162047429680
20101223,00:00:00,1.30991,1.31512,1.30550,1.31123,134533155720
20101224,00:00:00,1.31112,1.31475,1.30976,1.31188,62214990020
20101227,00:00:00,1.31110,1.31695,1.30716,1.31635,96055657160
20101228,00:00:00,1.31633,1.32740,1.30940,1.31140,135531630120
20101229,00:00:00,1.31140,1.32378,1.30827,1.32242,135792359880
20101230,00:00:00,1.32242,1.33137,1.32139,1.32863,127924829970
20101231,00:00:00,1.32859,1.34238,1.32843,1.33852,115057029980
20110103,00:00:00,1.33436,1.33947,1.32500,1.33598,158152059800
20110104,00:00:00,1.33596,1.34298,1.32923,1.33068,204936740130
20110105,00:00:00,1.33047,1.33248,1.31262,1.31490,191026629950
20110106,00:00:00,1.31488,1.31698,1.29969,1.30024,171755590160
20110107,00:00:00,1.30018,1.30209,1.29045,1.29060,178242019990
20110110,00:00:00,1.28745,1.29638,1.28713,1.29508,153211100120
20110111,00:00:00,1.29508,1.29905,1.29070,1.29732,182967179920
20110112,00:00:00,1.29732,1.31428,1.29621,1.31322,188300600000
20110113,00:00:00,1.31322,1.33829,1.30886,1.33634,183947540040
20110114,00:00:00,1.33634,1.34521,1.33142,1.33868,176019120020
20110117,00:00:00,1.33812,1.33847,1.32441,1.32932,156651629940
20110118,00:00:00,1.32932,1.34622,1.32527,1.33865,211863260420
20110119,00:00:00,1.33865,1.35379,1.33680,1.34728,213273190000
20110120,00:00:00,1.34711,1.35218,1.33958,1.34717,230471840300
20110121,00:00:00,1.34717,1.36247,1.34485,1.36204,200540389750
20110124,00:00:00,1.36388,1.36852,1.35407,1.36370,181835999840
20110125,00:00:00,1.36372,1.37038,1.35742,1.36808,213526239980
20110126,00:00:00,1.36806,1.37212,1.36449,1.37121,183526859700
20110127,00:00:00,1.37121,1.37572,1.36385,1.37325,176973309970
20110128,00:00:00,1.37325,1.37458,1.35831,1.36099,168266939850
20110131,00:00:00,1.35866,1.37391,1.35699,1.36929,195457120000
20110201,00:00:00,1.36931,1.38422,1.36880,1.38289,203576090160
20110202,00:00:00,1.38284,1.38612,1.37689,1.38101,195200809990
20110203,00:00:00,1.38101,1.38246,1.36090,1.36333,200410509840
20110204,00:00:00,1.36333,1.36492,1.35431,1.35798,181808890030
20110207,00:00:00,1.35590,1.36262,1.35079,1.35817,199656620240
20110208,00:00:00,1.35817,1.36881,1.35720,1.36249,219110540120
20110209,00:00:00,1.36249,1.37428,1.36106,1.37318,176022950030
20110210,00:00:00,1.37318,1.37318,1.35771,1.36018,178079580100
20110211,00:00:00,1.36014,1.36202,1.34972,1.35504,152821229870
20110214,00:00:00,1.35060,1.35582,1.34280,1.34883,170916180050
20110215,00:00:00,1.34883,1.35504,1.34609,1.34866,191687180060
20110216,00:00:00,1.34865,1.35879,1.34619,1.35680,206301349710
20110217,00:00:00,1.35666,1.36183,1.35368,1.36087,199447130390
20110218,00:00:00,1.36087,1.37144,1.35459,1.36921,200646789880
20110221,00:00:00,1.36972,1.37147,1.36471,1.36752,120506629880
20110222,00:00:00,1.36749,1.37030,1.35269,1.36497,238283550020
20110223,00:00:00,1.36495,1.37863,1.36460,1.37479,205282939970
20110224,00:00:00,1.37482,1.38198,1.37040,1.37992,220566560230
20110225,00:00:00,1.37992,1.38377,1.37237,1.37529,180676239840
20110228,00:00:00,1.37529,1.38544,1.37111,1.38057,183774350060
20110301,00:00:00,1.38057,1.38538,1.37642,1.37759,190076820080
20110302,00:00:00,1.37759,1.38897,1.37430,1.38648,187584419990
20110303,00:00:00,1.38647,1.39710,1.38327,1.39689,178998040260
20110304,00:00:00,1.39689,1.40064,1.39412,1.39863,151115130000
20110307,00:00:00,1.39889,1.40356,1.39554,1.39679,190738559860
20110308,00:00:00,1.39671,1.39880,1.38632,1.39042,176849859930
20110309,00:00:00,1.39042,1.39411,1.38554,1.39078,185760250070
20110310,00:00:00,1.39065,1.39239,1.37753,1.37975,204978830090
20110311,00:00:00,1.37975,1.39140,1.37520,1.39024,174090710140
20110313,00:00:00,1.39633,1.39696,1.39469,1.39692,3922950000
20110314,00:00:00,1.39683,1.40028,1.39044,1.39876,189292520170
20110315,00:00:00,1.39881,1.40127,1.38553,1.39972,239299190090
20110316,00:00:00,1.39970,1.40007,1.38665,1.39293,224047250110
20110317,00:00:00,1.39291,1.40519,1.38692,1.40181,238883230020
20110318,00:00:00,1.40182,1.41834,1.39799,1.41788,198065859710
20110320,00:00:00,1.41933,1.41958,1.41739,1.41764,5511910000
20110321,00:00:00,1.41762,1.42388,1.41396,1.42184,150528099880
20110322,00:00:00,1.42184,1.42480,1.41789,1.41982,162937270040
20110323,00:00:00,1.41984,1.42142,1.40769,1.40959,184594170040
20110324,00:00:00,1.40955,1.42158,1.40533,1.41717,176160889990
20110325,00:00:00,1.41717,1.41932,1.40554,1.40869,171831789800
20110327,00:00:00,1.40353,1.40535,1.40353,1.40438,1664790000
20110328,00:00:00,1.40438,1.41150,1.40207,1.40818,145427160250
20110329,00:00:00,1.40820,1.41484,1.40472,1.41094,167088399810
20110330,00:00:00,1.41096,1.41468,1.40518,1.41255,181581299990
20110331,00:00:00,1.41255,1.42328,1.41161,1.41743,182339819920
20110401,00:00:00,1.41740,1.42451,1.40618,1.42331,174404060060
20110404,00:00:00,1.42276,1.42678,1.41922,1.42198,151518710040
20110405,00:00:00,1.42196,1.42453,1.41514,1.42218,154044920310
20110406,00:00:00,1.42199,1.43489,1.42087,1.43311,175307360180
20110407,00:00:00,1.43305,1.43362,1.42441,1.43069,182691049820
20110408,00:00:00,1.43069,1.44872,1.42910,1.44801,173030939910
20110411,00:00:00,1.44702,1.44831,1.44207,1.44352,153175569950
20110412,00:00:00,1.44346,1.45185,1.43770,1.44764,217742110270
20110413,00:00:00,1.44764,1.45195,1.44132,1.44418,176448639910
20110414,00:00:00,1.44415,1.45140,1.43649,1.44859,200787930010
20110415,00:00:00,1.44854,1.45031,1.43906,1.44274,171592480050
20110418,00:00:00,1.44086,1.44195,1.41606,1.42332,196150469770
20110419,00:00:00,1.42321,1.43524,1.42050,1.43344,186117849830
20110420,00:00:00,1.43329,1.45441,1.43278,1.45216,216546159970
20110421,00:00:00,1.45209,1.46482,1.45048,1.45516,184239869940
20110422,00:00:00,1.45498,1.45878,1.45334,1.45602,56044249930
20110425,00:00:00,1.45588,1.46268,1.45250,1.45795,120037549980
20110426,00:00:00,1.45793,1.46554,1.44930,1.46430,188267779710
20110427,00:00:00,1.46424,1.47945,1.46324,1.47866,196885839990
20110428,00:00:00,1.47857,1.48788,1.47679,1.48218,200820739900
20110429,00:00:00,1.48214,1.48776,1.48033,1.48038,126138429870
20110502,00:00:00,1.48130,1.49015,1.47628,1.48292,167427609860
20110503,00:00:00,1.48289,1.48888,1.47540,1.48248,201971220200
20110504,00:00:00,1.48244,1.49398,1.47748,1.48260,222095099540
20110505,00:00:00,1.48255,1.48978,1.45099,1.45379,248025930010
20110506,00:00:00,1.45378,1.45873,1.43109,1.43146,276274149920
20110509,00:00:00,1.43555,1.44408,1.42557,1.43648,254609929890
20110510,00:00:00,1.43648,1.44120,1.42703,1.44087,276299790110
20110511,00:00:00,1.44085,1.44227,1.41723,1.41914,268097799880
20110512,00:00:00,1.41909,1.42755,1.41230,1.42441,302170649740
20110513,00:00:00,1.42441,1.43383,1.40666,1.41163,288928360380
20110516,00:00:00,1.40840,1.42442,1.40480,1.41552,272336880120
20110517,00:00:00,1.41552,1.42381,1.41230,1.42360,275652279940
20110518,00:00:00,1.42359,1.42862,1.41947,1.42488,226723710190
20110519,00:00:00,1.42484,1.43244,1.42062,1.43088,251808129600
20110520,00:00:00,1.43089,1.43452,1.41330,1.41561,226954330030
20110523,00:00:00,1.41197,1.41443,1.39694,1.40470,245343879860
20110524,00:00:00,1.40465,1.41324,1.40020,1.40990,239947789800
20110525,00:00:00,1.40985,1.41181,1.40129,1.40870,248534620210
20110526,00:00:00,1.40869,1.42061,1.40679,1.41432,257729820200
20110527,00:00:00,1.41430,1.43198,1.41253,1.43163,254374569640
20110530,00:00:00,1.43194,1.43212,1.42567,1.42806,111202590020
20110531,00:00:00,1.42791,1.44236,1.42780,1.43954,231163850070
20110601,00:00:00,1.43952,1.44584,1.43208,1.43272,235804550070
20110602,00:00:00,1.43274,1.45119,1.43077,1.44888,218113180210
20110603,00:00:00,1.44890,1.46423,1.44548,1.46348,211321080080
20110606,00:00:00,1.46068,1.46576,1.45573,1.45749,206695129850
20110607,00:00:00,1.45747,1.46956,1.45633,1.46908,203196160250
20110608,00:00:00,1.46900,1.46939,1.45639,1.45816,216687629820
20110609,00:00:00,1.45807,1.46457,1.44782,1.45087,213013240180
20110610,00:00:00,1.45081,1.45500,1.43222,1.43468,226804250210
20110613,00:00:00,1.43246,1.44299,1.43201,1.44120,205583630060
20110614,00:00:00,1.44114,1.44971,1.43780,1.44397,213382350010
20110615,00:00:00,1.44395,1.44509,1.41560,1.41776,248298060290
20110616,00:00:00,1.41775,1.42185,1.40731,1.42077,273186990450
20110617,00:00:00,1.42069,1.43389,1.41269,1.43063,243605290060
20110620,00:00:00,1.42731,1.43270,1.41912,1.43028,211397360210
20110621,00:00:00,1.43041,1.44223,1.43023,1.44090,215759029820
20110622,00:00:00,1.44090,1.44412,1.43421,1.43542,206712339660
20110623,00:00:00,1.43539,1.43562,1.41268,1.42549,231397989780
20110624,00:00:00,1.42554,1.43057,1.41431,1.41888,223071280250
20110627,00:00:00,1.41880,1.42923,1.41025,1.42856,211756419930
20110628,00:00:00,1.42854,1.43966,1.42370,1.43702,233780230230
20110629,00:00:00,1.43694,1.44477,1.43384,1.44339,220623649750
20110630,00:00:00,1.44339,1.45375,1.44263,1.45014,206735719480
20110701,00:00:00,1.45014,1.45503,1.44383,1.45254,200855559860
20110704,00:00:00,1.45290,1.45774,1.44953,1.45388,142854980140
20110705,00:00:00,1.45381,1.45529,1.43981,1.44279,196992270180
20110706,00:00:00,1.44279,1.44663,1.42859,1.43170,204651120190
20110707,00:00:00,1.43169,1.43739,1.42229,1.43619,208329830280
20110708,00:00:00,1.43619,1.43682,1.42142,1.42634,214963839640
20110711,00:00:00,1.42030,1.42273,1.39863,1.40298,257401279960
20110712,00:00:00,1.40296,1.40613,1.38371,1.39749,337627200210
20110713,00:00:00,1.39749,1.41920,1.39509,1.41600,279212619700
20110714,00:00:00,1.41585,1.42802,1.41151,1.41416,281870430800
20110715,00:00:00,1.41415,1.41981,1.40923,1.41542,235684730080
20110718,00:00:00,1.41030,1.41332,1.40140,1.41118,242451119990
20110719,00:00:00,1.41118,1.42172,1.40685,1.41518,267295730100
20110720,00:00:00,1.41521,1.42391,1.41330,1.42151,236787290220
20110721,00:00:00,1.42151,1.44328,1.41390,1.44234,294766439980
20110722,00:00:00,1.44235,1.44373,1.43235,1.43564,240246059930
20110725,00:00:00,1.43844,1.44160,1.43249,1.43772,234317950380
20110726,00:00:00,1.43772,1.45251,1.43571,1.45094,247733970280
20110727,00:00:00,1.45105,1.45353,1.43395,1.43682,246964780120
20110728,00:00:00,1.43678,1.44001,1.42544,1.43307,253949739680
20110729,00:00:00,1.43307,1.44123,1.42301,1.43962,273745340640
20110801,00:00:00,1.43793,1.44526,1.41856,1.42494,250187529750
20110802,00:00:00,1.42494,1.42826,1.41512,1.42017,286503279820
20110803,00:00:00,1.42033,1.43440,1.41453,1.43217,314235800220
20110804,00:00:00,1.43217,1.43676,1.40892,1.40893,335670899710
20110805,00:00:00,1.40886,1.42975,1.40555,1.42763,355559849820
20110808,00:00:00,1.44152,1.44260,1.41302,1.41763,375289199750
20110809,00:00:00,1.41763,1.43757,1.41520,1.43747,375702660180
20110810,00:00:00,1.43739,1.44008,1.41620,1.41764,347759189880
20110811,00:00:00,1.41762,1.42871,1.41040,1.42394,368881549570
20110812,00:00:00,1.42394,1.42895,1.41494,1.42485,287582559800
20110815,00:00:00,1.42623,1.44727,1.42525,1.44439,268330669980
20110816,00:00:00,1.44427,1.44664,1.43540,1.44064,265690510030
20110817,00:00:00,1.44064,1.45159,1.43280,1.44249,256295629890
20110818,00:00:00,1.44249,1.44509,1.42712,1.43320,272708190050
20110819,00:00:00,1.43318,1.44515,1.42588,1.43961,279143509650
20110822,00:00:00,1.43765,1.44341,1.43471,1.43582,230988809850
20110823,00:00:00,1.43587,1.44995,1.43533,1.44407,224119539930
20110824,00:00:00,1.44407,1.44811,1.43852,1.44135,214166539840
20110825,00:00:00,1.44134,1.44743,1.43277,1.43779,219009530020
20110826,00:00:00,1.43776,1.45012,1.43303,1.44985,222590579810
20110829,00:00:00,1.44935,1.45483,1.44660,1.45100,177507579970
20110830,00:00:00,1.45105,1.45328,1.43850,1.44408,208346059950
20110831,00:00:00,1.44409,1.44674,1.43591,1.43712,195784919990
20110901,00:00:00,1.43712,1.43839,1.42260,1.42590,207152649920
20110902,00:00:00,1.42589,1.42873,1.41838,1.42046,209195669670
20110905,00:00:00,1.41581,1.41730,1.40623,1.40970,176356009950
20110906,00:00:00,1.40966,1.42347,1.39741,1.39970,246660769880
20110907,00:00:00,1.39972,1.41250,1.39925,1.40970,217785730010
20110908,00:00:00,1.40967,1.40990,1.38733,1.38817,224344640300
20110909,00:00:00,1.38817,1.39363,1.36285,1.36532,257127770100
20110912,00:00:00,1.35840,1.36902,1.35034,1.36777,300385469910
20110913,00:00:00,1.36779,1.37386,1.35585,1.36776,291836599670
20110914,00:00:00,1.36776,1.37816,1.35907,1.37539,282530840000
20110915,00:00:00,1.37541,1.39314,1.37031,1.38764,258158070080
20110916,00:00:00,1.38762,1.38929,1.37537,1.37987,229805000100
20110919,00:00:00,1.36883,1.37204,1.35867,1.36856,254908709590
20110920,00:00:00,1.36857,1.37320,1.35939,1.36993,274297210090
20110921,00:00:00,1.37000,1.37869,1.35625,1.35715,270296479950
20110922,00:00:00,1.35714,1.36003,1.33871,1.34616,320633260130
20110923,00:00:00,1.34616,1.35667,1.34186,1.34978,290369539870
20110926,00:00:00,1.35129,1.35492,1.33652,1.35327,320103919800
20110927,00:00:00,1.35319,1.36665,1.34792,1.35846,299342300330
20110928,00:00:00,1.35864,1.36881,1.35328,1.35419,281724569950
20110929,00:00:00,1.35419,1.36776,1.35196,1.35963,284294860200
20110930,00:00:00,1.35962,1.36002,1.33840,1.33849,257515580070
20111002,00:00:00,1.33394,1.33578,1.33311,1.33419,1679510000
20111003,00:00:00,1.33404,1.33811,1.31639,1.31897,291059420040
20111004,00:00:00,1.31898,1.33688,1.31481,1.33366,328966050080
20111005,00:00:00,1.33365,1.33826,1.32599,1.33484,295937039660
20111006,00:00:00,1.33483,1.34503,1.32418,1.34276,282114600170
20111007,00:00:00,1.34276,1.35242,1.33625,1.33775,252148479660
20111009,00:00:00,1.33855,1.34070,1.33849,1.33872,1757250010
20111010,00:00:00,1.33872,1.36973,1.33775,1.36348,244335810130
20111011,00:00:00,1.36351,1.36833,1.35655,1.36504,261620470110
20111012,00:00:00,1.36497,1.38331,1.35837,1.37775,266450439960
20111013,00:00:00,1.37776,1.38255,1.36849,1.37719,277674429780
20111014,00:00:00,1.37721,1.38935,1.37231,1.38808,247897150150
20111016,00:00:00,1.38632,1.38865,1.38624,1.38795,2017960010
20111017,00:00:00,1.38795,1.39139,1.37240,1.37355,265966410130
20111018,00:00:00,1.37352,1.38156,1.36528,1.37335,287236860530
20111019,00:00:00,1.37343,1.38686,1.37249,1.37583,275574030160
20111020,00:00:00,1.37581,1.38389,1.36560,1.37766,292401339750
20111021,00:00:00,1.37766,1.39006,1.37058,1.38944,254578750010
20111023,00:00:00,1.38374,1.38704,1.38374,1.38689,1366110000
20111024,00:00:00,1.38691,1.39561,1.38224,1.39318,249780650090
20111025,00:00:00,1.39319,1.39592,1.38652,1.39081,261591229740
20111026,00:00:00,1.39090,1.39694,1.37996,1.38948,252444790070
20111027,00:00:00,1.38951,1.42465,1.38640,1.41842,291738450100
20111028,00:00:00,1.41850,1.42000,1.41347,1.41449,237954219760
20111030,00:00:00,1.41370,1.41534,1.41370,1.41503,699500010
20111031,00:00:00,1.41506,1.41695,1.38285,1.38599,285584880270
20111101,00:00:00,1.38600,1.38705,1.36087,1.36963,322156260310
20111102,00:00:00,1.36964,1.38271,1.36384,1.37477,302264580390
20111103,00:00:00,1.37477,1.38535,1.36564,1.38132,314313190230
20111104,00:00:00,1.38132,1.38653,1.37129,1.37897,258675120240
20111107,00:00:00,1.38270,1.38308,1.36808,1.37749,259858819990
20111108,00:00:00,1.37749,1.38467,1.37243,1.38327,243777119600
20111109,00:00:00,1.38327,1.38574,1.35231,1.35416,288390769930
20111110,00:00:00,1.35422,1.36515,1.34835,1.36094,286319300130
20111111,00:00:00,1.36098,1.37946,1.35781,1.37470,231547029690
20111114,00:00:00,1.38057,1.38085,1.35910,1.36321,250176760260
20111115,00:00:00,1.36322,1.36405,1.34961,1.35390,269801209930
20111116,00:00:00,1.35391,1.35566,1.34285,1.34630,282833460350
20111117,00:00:00,1.34627,1.35399,1.34216,1.34577,294498409890
20111118,00:00:00,1.34575,1.36138,1.34468,1.35238,261403360170
20111121,00:00:00,1.35098,1.35401,1.34313,1.34891,262029480050
20111122,00:00:00,1.34891,1.35671,1.34690,1.35045,243473070100
20111123,00:00:00,1.35044,1.35305,1.33201,1.33412,252434239860
20111124,00:00:00,1.33413,1.34113,1.33161,1.33458,176063439830
20111125,00:00:00,1.33457,1.33508,1.32129,1.32349,222402400180
20111128,00:00:00,1.33212,1.33981,1.32750,1.33191,253466699780
20111129,00:00:00,1.33189,1.34394,1.32855,1.33149,255655250070
20111130,00:00:00,1.33150,1.35300,1.32593,1.34456,257473139940
20111201,00:00:00,1.34454,1.35210,1.34179,1.34611,230054480110
20111202,00:00:00,1.34611,1.35357,1.33632,1.33915,197047129980
20111205,00:00:00,1.34219,1.34856,1.33761,1.34005,194531839840
20111206,00:00:00,1.33998,1.34266,1.33339,1.34007,219616550110
20111207,00:00:00,1.34006,1.34533,1.33509,1.34116,205661450110
20111208,00:00:00,1.34113,1.34561,1.32888,1.33413,216386689850
20111209,00:00:00,1.33404,1.34328,1.32813,1.33848,216910259770
20111212,00:00:00,1.33782,1.33810,1.31628,1.31876,220929669920
20111213,00:00:00,1.31874,1.32363,1.30083,1.30363,262458400030
20111214,00:00:00,1.30353,1.30638,1.29481,1.29821,266584479690
20111215,00:00:00,1.29825,1.30496,1.29569,1.30155,237163920040
20111216,00:00:00,1.30155,1.30840,1.29961,1.30443,225537579970
20111219,00:00:00,1.30373,1.30420,1.29825,1.29972,236134200340
20111220,00:00:00,1.29975,1.31315,1.29927,1.30819,238429650080
20111221,00:00:00,1.30820,1.31893,1.30249,1.30470,260267110320
20111222,00:00:00,1.30471,1.31189,1.30189,1.30496,219124949810
20111223,00:00:00,1.30496,1.30945,1.30282,1.30477,182107680150
20111226,00:00:00,1.30416,1.30814,1.30299,1.30601,47940890000
20111227,00:00:00,1.30602,1.30830,1.30432,1.30707,157243150040
20111228,00:00:00,1.30702,1.30792,1.29134,1.29404,213484159630
20111229,00:00:00,1.29405,1.29637,1.28581,1.29607,243868650090
20111230,00:00:00,1.29609,1.29981,1.29049,1.29578,206551419940
20120102,00:00:00,1.29368,1.29639,1.29173,1.29335,60531689970
20120103,00:00:00,1.29335,1.30758,1.29310,1.30491,258224579910
20120104,00:00:00,1.30491,1.30726,1.28994,1.29425,270981170020
20120105,00:00:00,1.29423,1.29448,1.27723,1.27879,310175889610
20120106,00:00:00,1.27879,1.28121,1.26978,1.27186,272666349970
20120109,00:00:00,1.26911,1.27850,1.26666,1.27647,279622919900
20120110,00:00:00,1.27647,1.28172,1.27427,1.27771,291749100640
20120111,00:00:00,1.27769,1.27893,1.26654,1.27062,300566199750
20120112,00:00:00,1.27062,1.28442,1.26992,1.28144,340752990470
20120113,00:00:00,1.28144,1.28778,1.26287,1.26772,321673179900
20120116,00:00:00,1.26311,1.26873,1.26262,1.26664,230177100420
20120117,00:00:00,1.26664,1.28042,1.26482,1.27360,285742979960
20120118,00:00:00,1.27361,1.28676,1.27336,1.28627,292072149630
20120119,00:00:00,1.28634,1.29708,1.28388,1.29681,277606339790
20120120,00:00:00,1.29675,1.29855,1.28894,1.29308,241373359690
20120123,00:00:00,1.28761,1.30523,1.28758,1.30122,221071819860
20120124,00:00:00,1.30132,1.30592,1.29530,1.30353,241089600310
20120125,00:00:00,1.30355,1.31202,1.29307,1.31057,258101879800
20120126,00:00:00,1.31059,1.31795,1.30900,1.31080,263854139950
20120127,00:00:00,1.31079,1.32304,1.30774,1.32158,269356079420
20120130,00:00:00,1.32192,1.32254,1.30791,1.31429,279136509710
20120131,00:00:00,1.31430,1.32123,1.30431,1.30831,294323449890
20120201,00:00:00,1.30830,1.32174,1.30260,1.31602,291731870130
20120202,00:00:00,1.31602,1.31966,1.30864,1.31433,265965170140
20120203,00:00:00,1.31435,1.31913,1.30680,1.31563,262545060010
20120206,00:00:00,1.31110,1.31411,1.30277,1.31296,252017090020
20120207,00:00:00,1.31300,1.32692,1.30889,1.32601,272720200110
20120208,00:00:00,1.32602,1.32859,1.32228,1.32597,261516019960
20120209,00:00:00,1.32598,1.33193,1.32183,1.32853,260713969780
20120210,00:00:00,1.32853,1.32900,1.31561,1.31961,223433660240
20120213,00:00:00,1.32042,1.32826,1.31858,1.31860,229233259810
20120214,00:00:00,1.31860,1.32155,1.30801,1.31303,240040179760
20120215,00:00:00,1.31306,1.31903,1.30441,1.30652,256764510020
20120216,00:00:00,1.30653,1.31551,1.29751,1.31298,271309199800
20120217,00:00:00,1.31299,1.31967,1.31149,1.31425,223042099710
20120220,00:00:00,1.31795,1.32766,1.31733,1.32416,182804439800
20120221,00:00:00,1.32420,1.32926,1.31870,1.32329,258064160030
20120222,00:00:00,1.32329,1.32638,1.32109,1.32493,219631789610
20120223,00:00:00,1.32494,1.33779,1.32318,1.33707,214070819900
20120224,00:00:00,1.33707,1.34857,1.33568,1.34461,220856469960
20120227,00:00:00,1.34612,1.34787,1.33658,1.33966,255751489840
20120228,00:00:00,1.33967,1.34708,1.33901,1.34606,258419809790
20120229,00:00:00,1.34606,1.34853,1.33147,1.33238,267873450350
20120301,00:00:00,1.33237,1.33556,1.32820,1.33112,251348970310
20120302,00:00:00,1.33112,1.33326,1.31864,1.32003,222958410120
20120305,00:00:00,1.31895,1.32386,1.31597,1.32162,233362770090
20120306,00:00:00,1.32163,1.32256,1.31032,1.31116,248955630200
20120307,00:00:00,1.31117,1.31638,1.30959,1.31491,220286220160
20120308,00:00:00,1.31487,1.32910,1.31350,1.32741,218783050420
20120309,00:00:00,1.32740,1.32772,1.30974,1.31227,210525360030
20120311,00:00:00,1.30991,1.31148,1.30991,1.31123,1422000000
20120312,00:00:00,1.31124,1.31583,1.30788,1.31473,207189679800
20120313,00:00:00,1.31476,1.31902,1.30518,1.30805,228682079560
20120314,00:00:00,1.30802,1.30900,1.30108,1.30298,217891329930
20120315,00:00:00,1.30301,1.31176,1.30035,1.30785,217586209960
20120316,00:00:00,1.30786,1.31869,1.30486,1.31732,192925049980
20120318,00:00:00,1.31743,1.31829,1.31719,1.31828,1672880000
20120319,00:00:00,1.31827,1.32628,1.31417,1.32370,176634910170
20120320,00:00:00,1.32370,1.32516,1.31720,1.32239,192490179900
20120321,00:00:00,1.32241,1.32844,1.31788,1.32118,200320470020
20120322,00:00:00,1.32122,1.32544,1.31350,1.31976,222333939690
20120323,00:00:00,1.31977,1.32919,1.31907,1.32684,203146450170
20120325,00:00:00,1.32690,1.32719,1.32651,1.32706,2176830010
20120326,00:00:00,1.32703,1.33674,1.31920,1.33567,210928250170
20120327,00:00:00,1.33562,1.33846,1.33121,1.33185,197887070110
20120328,00:00:00,1.33184,1.33727,1.32772,1.33151,213308340120
20120329,00:00:00,1.33153,1.33449,1.32524,1.32990,207024880210
20120330,00:00:00,1.32990,1.33748,1.32977,1.33405,199344499980
20120402,00:00:00,1.33584,1.33803,1.32777,1.33197,196663549970
20120403,00:00:00,1.33194,1.33671,1.32131,1.32325,213256359990
20120404,00:00:00,1.32325,1.32384,1.31073,1.31414,221674749730
20120405,00:00:00,1.31414,1.31642,1.30353,1.30647,185441260150
20120406,00:00:00,1.30646,1.31098,1.30503,1.30964,77262279970
20120409,00:00:00,1.30985,1.31334,1.30337,1.31051,109564899990
20120410,00:00:00,1.31048,1.31440,1.30538,1.30809,235285609850
20120411,00:00:00,1.30808,1.31562,1.30660,1.31086,212133590150
20120412,00:00:00,1.31086,1.32123,1.31020,1.31867,210136050110
20120413,00:00:00,1.31867,1.32011,1.30692,1.30755,206738750020
20120416,00:00:00,1.30632,1.31465,1.29958,1.31412,240528150350
20120417,00:00:00,1.31412,1.31692,1.30902,1.31259,209330669980
20120418,00:00:00,1.31261,1.31403,1.30572,1.31223,225396270210
20120419,00:00:00,1.31226,1.31608,1.30699,1.31367,235238679890
20120420,00:00:00,1.31367,1.32263,1.31285,1.32159,218031909760
20120423,00:00:00,1.31817,1.32101,1.31045,1.31559,209952039900
20120424,00:00:00,1.31559,1.32173,1.31447,1.31958,211164039790
20120425,00:00:00,1.31958,1.32359,1.31736,1.32162,209504829920
20120426,00:00:00,1.32161,1.32625,1.31985,1.32209,187522249670
20120427,00:00:00,1.32208,1.32698,1.31570,1.32535,232818059900
20120430,00:00:00,1.32333,1.32663,1.32078,1.32384,190876910210
20120501,00:00:00,1.32383,1.32828,1.32039,1.32362,144712780000
20120502,00:00:00,1.32362,1.32412,1.31248,1.31578,203250530090
20120503,00:00:00,1.31576,1.31791,1.30990,1.31499,187967779860
20120504,00:00:00,1.31499,1.31780,1.30799,1.30824,187643150060
20120507,00:00:00,1.30091,1.30642,1.29550,1.30500,224173719770
20120508,00:00:00,1.30499,1.30652,1.29823,1.30049,233349969990
20120509,00:00:00,1.30048,1.30070,1.29107,1.29279,264252239780
20120510,00:00:00,1.29279,1.29785,1.29236,1.29351,232205019980
20120511,00:00:00,1.29349,1.29572,1.29045,1.29153,228106159820
20120514,00:00:00,1.28976,1.29042,1.28210,1.28228,226784119960
20120515,00:00:00,1.28229,1.28686,1.27216,1.27285,246901840070
20120516,00:00:00,1.27284,1.27585,1.26811,1.27153,280879980320
20120517,00:00:00,1.27158,1.27489,1.26664,1.26972,260902430000
20120518,00:00:00,1.26974,1.27936,1.26415,1.27826,267061260240
20120521,00:00:00,1.27605,1.28236,1.27250,1.28169,244168139960
20120522,00:00:00,1.28168,1.28190,1.26578,1.26830,256598879950
20120523,00:00:00,1.26830,1.26877,1.25448,1.25816,295589054980
20120524,00:00:00,1.25817,1.26188,1.25154,1.25317,287631459730
20120525,00:00:00,1.25315,1.26017,1.24984,1.25151,249496709900
20120528,00:00:00,1.25726,1.26240,1.25245,1.25403,176882150190
20120529,00:00:00,1.25401,1.25741,1.24606,1.25016,259715340210
20120530,00:00:00,1.25011,1.25050,1.23613,1.23659,273155569840
20120531,00:00:00,1.23658,1.24281,1.23363,1.23648,272293519800
20120601,00:00:00,1.23648,1.24481,1.22913,1.24328,285624679840
20120604,00:00:00,1.24128,1.25079,1.23856,1.24993,227475357240
20120605,00:00:00,1.24992,1.25417,1.24098,1.24517,251149259580
20120606,00:00:00,1.24518,1.25851,1.24405,1.25811,270668330060
20120607,00:00:00,1.25811,1.26249,1.25398,1.25599,262610000000
20120608,00:00:00,1.25599,1.25742,1.24353,1.25159,247597959900
20120611,00:00:00,1.26385,1.26676,1.24800,1.24825,264230379770
20120612,00:00:00,1.24822,1.25287,1.24425,1.25030,276888047950
20120613,00:00:00,1.25026,1.26098,1.24735,1.25566,267773912350
20120614,00:00:00,1.25562,1.26362,1.25415,1.26316,257548890000
20120615,00:00:00,1.26318,1.26642,1.25920,1.26381,224654860160
20120618,00:00:00,1.26918,1.27474,1.25592,1.25760,274321599780
20120619,00:00:00,1.25760,1.27302,1.25687,1.26846,257978739880
20120620,00:00:00,1.26844,1.27408,1.26383,1.27068,255868640220
20120621,00:00:00,1.27059,1.27071,1.25313,1.25396,265327770020
20120622,00:00:00,1.25397,1.25830,1.25188,1.25669,222259379870
20120625,00:00:00,1.25432,1.25577,1.24709,1.25030,205845519940
20120626,00:00:00,1.25030,1.25300,1.24416,1.24920,238743650140
20120627,00:00:00,1.24923,1.25079,1.24450,1.24688,204241569930
20120628,00:00:00,1.24676,1.25239,1.24071,1.24430,251080450010
20120629,00:00:00,1.24430,1.26924,1.24323,1.26627,291968819980
20120702,00:00:00,1.26750,1.26777,1.25679,1.25748,223118990010
20120703,00:00:00,1.25750,1.26269,1.25586,1.26067,195499070040
20120704,00:00:00,1.26067,1.26073,1.25082,1.25261,151329160090
20120705,00:00:00,1.25264,1.25381,1.23638,1.23904,234926640040
20120706,00:00:00,1.23905,1.24008,1.22596,1.22850,224123299920
20120709,00:00:00,1.22584,1.23227,1.22558,1.23119,206298740320
20120710,00:00:00,1.23114,1.23336,1.22350,1.22491,225927350090
20120711,00:00:00,1.22490,1.22963,1.22120,1.22379,219403640010
20120712,00:00:00,1.22379,1.22479,1.21670,1.22025,234654290000
20120713,00:00:00,1.22024,1.22546,1.21620,1.22483,216421959750
20120716,00:00:00,1.22646,1.22894,1.21755,1.22719,191785309670
20120717,00:00:00,1.22713,1.23149,1.21885,1.22936,228052839920
20120718,00:00:00,1.22936,1.23062,1.22165,1.22829,230472379920
20120719,00:00:00,1.22829,1.23209,1.22288,1.22800,233014750280
20120720,00:00:00,1.22791,1.22825,1.21443,1.21563,217677789710
20120723,00:00:00,1.21143,1.21442,1.20684,1.21158,253056249660
20120724,00:00:00,1.21159,1.21372,1.20419,1.20590,245787820020
20120725,00:00:00,1.20584,1.21674,1.20531,1.21574,253055859950
20120726,00:00:00,1.21569,1.23284,1.21172,1.22817,249781557870
20120727,00:00:00,1.22818,1.23899,1.22416,1.23182,269110809800
20120730,00:00:00,1.22946,1.23102,1.22246,1.22600,205976899770
20120731,00:00:00,1.22600,1.23291,1.22480,1.23024,198754719710
20120801,00:00:00,1.23033,1.23362,1.22180,1.22242,159963659950
20120802,00:00:00,1.22243,1.23888,1.21339,1.21794,227257299710
20120803,00:00:00,1.21794,1.23919,1.21664,1.23852,224536940200
20120806,00:00:00,1.23925,1.24429,1.23413,1.23993,196003429900
20120807,00:00:00,1.23997,1.24417,1.23757,1.23980,187869809830
20120808,00:00:00,1.23980,1.24020,1.23267,1.23646,187339660420
20120809,00:00:00,1.23642,1.23866,1.22668,1.23053,189553910130
20120810,00:00:00,1.23053,1.23162,1.22412,1.22894,176227479980
20120813,00:00:00,1.22894,1.23732,1.22600,1.23313,164324929860
20120814,00:00:00,1.23312,1.23851,1.23165,1.23210,170294350110
20120815,00:00:00,1.23210,1.23432,1.22635,1.22895,140416490080
20120816,00:00:00,1.22896,1.23720,1.22560,1.23550,163780889870
20120817,00:00:00,1.23548,1.23818,1.22894,1.23308,154463189970
20120820,00:00:00,1.23480,1.23685,1.22948,1.23453,153175184780
20120821,00:00:00,1.23450,1.24872,1.23417,1.24718,188959299990
20120822,00:00:00,1.24710,1.25379,1.24310,1.25285,181630549880
20120823,00:00:00,1.25286,1.25885,1.25233,1.25629,195659040260
20120824,00:00:00,1.25624,1.25678,1.24843,1.25107,169268770210
20120827,00:00:00,1.25096,1.25351,1.24898,1.24985,116628390120
20120828,00:00:00,1.24985,1.25759,1.24650,1.25642,168121740060
20120829,00:00:00,1.25642,1.25729,1.25183,1.25298,153641129950
20120830,00:00:00,1.25296,1.25635,1.24880,1.25060,155437780240
20120831,00:00:00,1.25058,1.26372,1.24933,1.25738,194412510120
20120903,00:00:00,1.25666,1.26091,1.25599,1.25919,118222239930
20120904,00:00:00,1.25919,1.26275,1.25553,1.25651,164520000070
20120905,00:00:00,1.25651,1.26240,1.25015,1.25996,192660250000
20120906,00:00:00,1.25994,1.26469,1.25611,1.26301,198613999990
20120907,00:00:00,1.26302,1.28171,1.26263,1.28152,186653749640
20120910,00:00:00,1.28067,1.28107,1.27553,1.27575,157832309950
20120911,00:00:00,1.27576,1.28707,1.27546,1.28543,181705280150
20120912,00:00:00,1.28544,1.29361,1.28399,1.28989,197555109820
20120913,00:00:00,1.28990,1.30014,1.28742,1.29884,187088810040
20120914,00:00:00,1.29882,1.31670,1.29797,1.31299,210794330050
20120917,00:00:00,1.31175,1.31694,1.30834,1.31167,174458670160
20120918,00:00:00,1.31164,1.31194,1.30290,1.30474,180862770020
20120919,00:00:00,1.30467,1.30846,1.29930,1.30482,180289140000
20120920,00:00:00,1.30480,1.30587,1.29210,1.29683,193427049830
20120921,00:00:00,1.29685,1.30476,1.29550,1.29792,190536380010
20120923,00:00:00,1.29749,1.29878,1.29749,1.29799,2176140000
20120924,00:00:00,1.29803,1.29803,1.28904,1.29302,141905760020
20120925,00:00:00,1.29303,1.29706,1.28871,1.29040,163384690320
20120926,00:00:00,1.29042,1.29126,1.28350,1.28734,151399120050
20120927,00:00:00,1.28738,1.29282,1.28307,1.29144,162736579860
20120928,00:00:00,1.29145,1.29596,1.28387,1.28591,192130850230
20120930,00:00:00,1.28444,1.28494,1.28419,1.28492,615390000
20121001,00:00:00,1.28489,1.29381,1.28038,1.28864,186497540120
20121002,00:00:00,1.28867,1.29676,1.28799,1.29166,166396940070
20121003,00:00:00,1.29167,1.29367,1.28772,1.29092,169427440000
20121004,00:00:00,1.29092,1.30312,1.29074,1.30167,186777120210
20121005,00:00:00,1.30166,1.30714,1.29938,1.30344,168519599980
20121007,00:00:00,1.30227,1.30256,1.30193,1.30224,1001000000
20121008,00:00:00,1.30231,1.30244,1.29371,1.29669,135057210040
20121009,00:00:00,1.29669,1.29906,1.28592,1.28839,184129320130
20121010,00:00:00,1.28835,1.29127,1.28352,1.28514,176945260200
20121011,00:00:00,1.28517,1.29511,1.28258,1.29303,166661249900
20121012,00:00:00,1.29305,1.29906,1.29219,1.29522,156102290180
20121014,00:00:00,1.29527,1.29588,1.29506,1.29556,807700000
20121015,00:00:00,1.29557,1.29786,1.28905,1.29470,158924600210
20121016,00:00:00,1.29471,1.30987,1.29420,1.30977,179186170130
20121017,00:00:00,1.30977,1.31386,1.30829,1.31149,180395590020
20121018,00:00:00,1.31149,1.31285,1.30550,1.30682,168244619950
20121019,00:00:00,1.30681,1.30767,1.30129,1.30188,144879070130
20121021,00:00:00,1.30189,1.30255,1.30179,1.30232,479530000
20121022,00:00:00,1.30232,1.30830,1.30152,1.30657,143377519880
20121023,00:00:00,1.30657,1.30752,1.29518,1.29845,166549380050
20121024,00:00:00,1.29848,1.29966,1.29200,1.29704,168155219950
20121025,00:00:00,1.29703,1.30230,1.29269,1.29422,174761360020
20121026,00:00:00,1.29422,1.29559,1.28832,1.29403,173906440170
20121028,00:00:00,1.29396,1.29453,1.29386,1.29426,668130000
20121029,00:00:00,1.29425,1.29433,1.28850,1.29028,117880499990
20121030,00:00:00,1.29029,1.29832,1.28857,1.29627,118965869970
20121031,00:00:00,1.29628,1.30202,1.29458,1.29567,164360030320
20121101,00:00:00,1.29569,1.29823,1.29241,1.29414,149667419790
20121102,00:00:00,1.29414,1.29506,1.28211,1.28349,177089520100
20121105,00:00:00,1.28181,1.28425,1.27674,1.27957,153465239930
20121106,00:00:00,1.27958,1.28262,1.27630,1.28137,161827869800
20121107,00:00:00,1.28137,1.28761,1.27362,1.27708,224968059870
20121108,00:00:00,1.27708,1.27801,1.27170,1.27468,190451580130
20121109,00:00:00,1.27463,1.27897,1.26895,1.27109,205719129850
20121112,00:00:00,1.27094,1.27388,1.26975,1.27091,127581329920
20121113,00:00:00,1.27093,1.27264,1.26612,1.27039,181548909910
20121114,00:00:00,1.27038,1.27741,1.27000,1.27348,178509349980
20121115,00:00:00,1.27350,1.28015,1.27170,1.27805,170826429850
20121116,00:00:00,1.27804,1.27841,1.26900,1.27428,174611800300
20121119,00:00:00,1.27464,1.28196,1.27401,1.28129,159005859850
20121120,00:00:00,1.28130,1.28283,1.27643,1.28166,159136150140
20121121,00:00:00,1.28168,1.28312,1.27360,1.28289,142245560160
20121122,00:00:00,1.28286,1.28984,1.28259,1.28848,112811540210
20121123,00:00:00,1.28842,1.29904,1.28681,1.29736,122851129770
20121126,00:00:00,1.29660,1.29843,1.29440,1.29716,121523999900
20121127,00:00:00,1.29716,1.30083,1.29150,1.29422,154004850070
20121128,00:00:00,1.29423,1.29543,1.28800,1.29521,152864340150
20121129,00:00:00,1.29520,1.30122,1.29388,1.29787,140944439750
20121130,00:00:00,1.29787,1.30274,1.29680,1.29860,154762020170
20121203,00:00:00,1.29819,1.30756,1.29819,1.30528,144470140100
20121204,00:00:00,1.30528,1.31079,1.30456,1.30939,140384260010
20121205,00:00:00,1.30939,1.31261,1.30597,1.30673,154196910150
20121206,00:00:00,1.30676,1.30863,1.29500,1.29670,155058420050
20121207,00:00:00,1.29668,1.29722,1.28789,1.29253,145250440090
20121210,00:00:00,1.28887,1.29463,1.28856,1.29403,120850679960
20121211,00:00:00,1.29404,1.30144,1.29286,1.30050,129661860110
20121212,00:00:00,1.30047,1.30965,1.29959,1.30737,140531119780
20121213,00:00:00,1.30735,1.31000,1.30411,1.30771,145504379910
20121214,00:00:00,1.30768,1.31726,1.30663,1.31626,150603559740
20121217,00:00:00,1.31647,1.31872,1.31439,1.31635,132163699990
20121218,00:00:00,1.31635,1.32376,1.31559,1.32282,127774319940
20121219,00:00:00,1.32282,1.33080,1.32224,1.32269,149977089830
20121220,00:00:00,1.32263,1.32946,1.31880,1.32439,157093750090
20121221,00:00:00,1.32438,1.32521,1.31585,1.31867,173972730310
20121224,00:00:00,1.31719,1.32335,1.31712,1.31861,85364679910
20121225,00:00:00,1.31852,1.32025,1.31704,1.31785,18260000000
20121226,00:00:00,1.31771,1.32533,1.31708,1.32240,85853430070
20121227,00:00:00,1.32239,1.32834,1.32011,1.32355,124486610120
20121228,00:00:00,1.32353,1.32564,1.31655,1.32140,121231980080
20121231,00:00:00,1.32091,1.32344,1.31738,1.31938,110697449940
20130101,00:00:00,1.31935,1.32005,1.31903,1.31954,1248169990
20130102,00:00:00,1.31936,1.32991,1.31570,1.31857,174196869940
20130103,00:00:00,1.31860,1.31894,1.30467,1.30484,168861140310
20130104,00:00:00,1.30486,1.30892,1.29971,1.30678,173469150040
20130107,00:00:00,1.30745,1.31192,1.30165,1.31157,161896510060
20130108,00:00:00,1.31159,1.31393,1.30566,1.30809,165745050180
20130109,00:00:00,1.30807,1.30956,1.30362,1.30639,161277549870
20130110,00:00:00,1.30634,1.32724,1.30385,1.32716,184854940110
20130111,00:00:00,1.32720,1.33653,1.32479,1.33424,191324720130
20130114,00:00:00,1.33605,1.34037,1.33356,1.33789,161108630060
20130115,00:00:00,1.33791,1.33933,1.32720,1.33050,170506480210
20130116,00:00:00,1.33048,1.33246,1.32565,1.32888,162741390210
20130117,00:00:00,1.32887,1.33873,1.32696,1.33736,171213449950
20130118,00:00:00,1.33737,1.33980,1.32803,1.33180,173298739980
20130121,00:00:00,1.33107,1.33319,1.32998,1.33123,91669560010
20130122,00:00:00,1.33123,1.33712,1.32668,1.33215,178528200130
20130123,00:00:00,1.33211,1.33542,1.32655,1.33174,150102229980
20130124,00:00:00,1.33175,1.33925,1.32859,1.33766,179449689950
20130125,00:00:00,1.33764,1.34788,1.33497,1.34587,192054950050
20130128,00:00:00,1.34651,1.34765,1.34244,1.34554,153733920230
20130129,00:00:00,1.34554,1.34968,1.34140,1.34913,174918330020
20130130,00:00:00,1.34912,1.35870,1.34817,1.35667,174296420090
20130131,00:00:00,1.35667,1.35928,1.35408,1.35776,161826770030
20130201,00:00:00,1.35772,1.37108,1.35732,1.36391,214936720150
20130204,00:00:00,1.36521,1.36571,1.35050,1.35129,168116099770
20130205,00:00:00,1.35134,1.35972,1.34577,1.35831,198695490190
20130206,00:00:00,1.35829,1.35957,1.34951,1.35213,183396189820
20130207,00:00:00,1.35213,1.35769,1.33706,1.33964,201749599900
20130208,00:00:00,1.33964,1.34288,1.33531,1.33662,166943159860
20130211,00:00:00,1.33673,1.34273,1.33570,1.34060,143133110070
20130212,00:00:00,1.34062,1.34753,1.33635,1.34534,153928019920
20130213,00:00:00,1.34532,1.35196,1.34262,1.34508,144676250120
20130214,00:00:00,1.34507,1.34551,1.33150,1.33629,145841159860
20130215,00:00:00,1.33629,1.33929,1.33060,1.33618,153108829900
20130218,00:00:00,1.33503,1.33787,1.33210,1.33509,105635309990
20130219,00:00:00,1.33507,1.33957,1.33285,1.33880,134419210140
20130220,00:00:00,1.33877,1.34341,1.32710,1.32800,171247810130
20130221,00:00:00,1.32800,1.32891,1.31606,1.31887,189101570060
20130222,00:00:00,1.31888,1.32442,1.31450,1.31902,153388470130
20130225,00:00:00,1.32154,1.33171,1.30471,1.30617,212116069880
20130226,00:00:00,1.30619,1.31187,1.30180,1.30606,249983359950
20130227,00:00:00,1.30607,1.31463,1.30410,1.31375,210290950210
20130228,00:00:00,1.31375,1.31615,1.30531,1.30558,184796290130
20130301,00:00:00,1.30560,1.31010,1.29664,1.30178,194857679820
20130304,00:00:00,1.30121,1.30307,1.29819,1.30261,142261610090
20130305,00:00:00,1.30257,1.30750,1.30110,1.30512,154963309730
20130306,00:00:00,1.30509,1.30700,1.29646,1.29665,141020639970
20130307,00:00:00,1.29665,1.31181,1.29659,1.31064,179709209840
20130308,00:00:00,1.31066,1.31343,1.29548,1.30042,173669640040
20130310,00:00:00,1.29857,1.29971,1.29846,1.29949,1152540000
20130311,00:00:00,1.29952,1.30529,1.29793,1.30459,133681659830
20130312,00:00:00,1.30459,1.30742,1.29913,1.30275,169725549950
20130313,00:00:00,1.30275,1.30646,1.29234,1.29603,167226989730
20130314,00:00:00,1.29603,1.30299,1.29112,1.30027,200074670220
20130315,00:00:00,1.30027,1.31058,1.29992,1.30743,188675299930
20130317,00:00:00,1.29052,1.29310,1.29032,1.29088,4511760010
20130318,00:00:00,1.29086,1.29940,1.28817,1.29578,222085399830
20130319,00:00:00,1.29580,1.29694,1.28466,1.28672,247797719820
20130320,00:00:00,1.28665,1.29738,1.28566,1.29428,263215959750
20130321,00:00:00,1.29431,1.29551,1.28799,1.28950,276163899670
20130322,00:00:00,1.28951,1.30074,1.28880,1.29881,251215210220
20130324,00:00:00,1.29475,1.29704,1.29448,1.29617,1915729990
20130325,00:00:00,1.29619,1.30479,1.28342,1.28483,294279390350
20130326,00:00:00,1.28484,1.28887,1.28313,1.28559,244575070000
20130327,00:00:00,1.28560,1.28665,1.27539,1.27776,248653430190
20130328,00:00:00,1.27774,1.28437,1.27556,1.28141,228518950400
20130329,00:00:00,1.28144,1.28368,1.27944,1.28184,62627230050
20130401,00:00:00,1.28029,1.28666,1.27713,1.28481,104648000040
20130402,00:00:00,1.28481,1.28777,1.28096,1.28187,215136350160
20130403,00:00:00,1.28186,1.28639,1.27898,1.28482,209938629800
20130404,00:00:00,1.28481,1.29487,1.27468,1.29360,270020909850
20130405,00:00:00,1.29360,1.30389,1.29006,1.29943,261800510270
20130408,00:00:00,1.29732,1.30365,1.29685,1.30082,214035910310
20130409,00:00:00,1.30081,1.31025,1.30056,1.30822,243418419800
20130410,00:00:00,1.30822,1.31217,1.30523,1.30699,212763529990
20130411,00:00:00,1.30698,1.31380,1.30436,1.31008,226620740270
20130412,00:00:00,1.31007,1.31262,1.30384,1.31113,229963219970
20130415,00:00:00,1.31141,1.31147,1.30220,1.30333,261596120040
20130416,00:00:00,1.30347,1.32015,1.30292,1.31770,290312919940
20130417,00:00:00,1.31769,1.31995,1.30011,1.30304,279878649690
20130418,00:00:00,1.30305,1.30960,1.30208,1.30497,269377440040
20130419,00:00:00,1.30494,1.31271,1.30458,1.30510,231028120120
20130422,00:00:00,1.30760,1.30836,1.30154,1.30662,188094490510
20130423,00:00:00,1.30662,1.30824,1.29730,1.29981,236915149880
20130424,00:00:00,1.29991,1.30330,1.29611,1.30160,216236469950
20130425,00:00:00,1.30160,1.30933,1.29894,1.30111,225446410210
20130426,00:00:00,1.30111,1.30475,1.29912,1.30274,229532680170
20130429,00:00:00,1.30504,1.31158,1.30318,1.30969,202016480100
20130430,00:00:00,1.30971,1.31858,1.30557,1.31668,219244290220
20130501,00:00:00,1.31666,1.32427,1.31606,1.31795,178316060170
20130502,00:00:00,1.31795,1.32148,1.30384,1.30646,244827679860
20130503,00:00:00,1.30646,1.31565,1.30351,1.31131,211202199950
20130506,00:00:00,1.31188,1.31396,1.30534,1.30757,120583199860
20130507,00:00:00,1.30757,1.31315,1.30677,1.30787,172132999610
20130508,00:00:00,1.30787,1.31944,1.30726,1.31522,195343719910
20130509,00:00:00,1.31530,1.31770,1.30098,1.30423,201317750070
20130510,00:00:00,1.30423,1.30506,1.29350,1.29899,257493790360
20130513,00:00:00,1.29724,1.29970,1.29415,1.29747,202047769740
20130514,00:00:00,1.29748,1.30289,1.29181,1.29189,236730270450
20130515,00:00:00,1.29187,1.29424,1.28430,1.28862,233497760240
20130516,00:00:00,1.28862,1.29297,1.28463,1.28812,229344309880
20130517,00:00:00,1.28812,1.28895,1.27960,1.28381,199322930070
20130520,00:00:00,1.28421,1.29006,1.28192,1.28809,165960619940
20130521,00:00:00,1.28811,1.29327,1.28410,1.29057,215876810120
20130522,00:00:00,1.29057,1.29978,1.28335,1.28580,266778580210
20130523,00:00:00,1.28577,1.29539,1.28214,1.29328,282804810130
20130524,00:00:00,1.29327,1.29928,1.29043,1.29323,223434500550
20130527,00:00:00,1.29347,1.29485,1.29159,1.29292,84218510000
20130528,00:00:00,1.29293,1.29468,1.28494,1.28547,224345689970
20130529,00:00:00,1.28547,1.29750,1.28380,1.29403,266016440180
20130530,00:00:00,1.29403,1.30614,1.29333,1.30481,256263210250
20130531,00:00:00,1.30485,1.30594,1.29440,1.29953,225232199600
20130603,00:00:00,1.29933,1.31074,1.29556,1.30757,209715040240
20130604,00:00:00,1.30757,1.31012,1.30418,1.30805,241965780070
20130605,00:00:00,1.30809,1.31142,1.30529,1.30927,276105069990
20130606,00:00:00,1.30929,1.33054,1.30749,1.32457,318639140240
20130607,00:00:00,1.32454,1.32846,1.31918,1.32187,309422230040
20130610,00:00:00,1.31906,1.32689,1.31775,1.32568,238059199520
20130611,00:00:00,1.32563,1.33173,1.32320,1.33129,319813180030
20130612,00:00:00,1.33122,1.33591,1.32655,1.33365,284939419870
20130613,00:00:00,1.33375,1.33902,1.32785,1.33759,313183659930
20130614,00:00:00,1.33761,1.33762,1.32948,1.33467,239003170210
20130617,00:00:00,1.33476,1.33815,1.33184,1.33666,167441299990
20130618,00:00:00,1.33666,1.34155,1.33255,1.33920,217670530370
20130619,00:00:00,1.33910,1.34155,1.32620,1.32937,183086990070
20130620,00:00:00,1.32946,1.33011,1.31612,1.32202,262244990090
20130621,00:00:00,1.32204,1.32541,1.30985,1.31215,199516139710
20130624,00:00:00,1.30912,1.31438,1.30590,1.31193,198360490070
20130625,00:00:00,1.31198,1.31506,1.30650,1.30812,194897320000
20130626,00:00:00,1.30806,1.30870,1.29849,1.30119,190264229920
20130627,00:00:00,1.30119,1.30546,1.30000,1.30385,188122509990
20130628,00:00:00,1.30382,1.31029,1.29913,1.30096,188764950240
20130701,00:00:00,1.30146,1.30667,1.30055,1.30637,138778709930
20130702,00:00:00,1.30632,1.30779,1.29634,1.29780,166050369800
20130703,00:00:00,1.29784,1.30288,1.29229,1.30092,191096860180
20130704,00:00:00,1.30106,1.30233,1.28830,1.29134,144102519940
20130705,00:00:00,1.29134,1.29167,1.28063,1.28303,176660819890
20130708,00:00:00,1.28106,1.28819,1.28106,1.28704,145926059900
20130709,00:00:00,1.28705,1.28980,1.27552,1.27810,185217230270
20130710,00:00:00,1.27810,1.29836,1.27648,1.29779,207489419770
20130711,00:00:00,1.29774,1.32060,1.29633,1.30964,279597880020
20130712,00:00:00,1.30968,1.31001,1.29990,1.30679,175886659970
20130715,00:00:00,1.30763,1.30800,1.29930,1.30617,164752090070
20130716,00:00:00,1.30617,1.31745,1.30528,1.31621,205597969890
20130717,00:00:00,1.31620,1.31768,1.30829,1.31248,211428310370
20130718,00:00:00,1.31252,1.31272,1.30660,1.31090,176017830120
20130719,00:00:00,1.31091,1.31532,1.30893,1.31427,167703040050
20130722,00:00:00,1.31384,1.32179,1.31357,1.31851,163666880020
20130723,00:00:00,1.31854,1.32386,1.31631,1.32230,176903199940
20130724,00:00:00,1.32230,1.32560,1.31767,1.32007,208829170040
20130725,00:00:00,1.32006,1.32958,1.31655,1.32767,206869770150
20130726,00:00:00,1.32767,1.32968,1.32525,1.32786,178032650150
20130729,00:00:00,1.32854,1.32949,1.32388,1.32617,343308729670
20130730,00:00:00,1.32620,1.33012,1.32340,1.32618,376682970140
20130731,00:00:00,1.32617,1.33447,1.32141,1.33025,429368939570
20130801,00:00:00,1.33025,1.33107,1.31932,1.32063,237484259920
20130802,00:00:00,1.32063,1.32937,1.31892,1.32805,194048130090
20130805,00:00:00,1.32833,1.32999,1.32329,1.32579,164281909820
20130806,00:00:00,1.32579,1.33229,1.32460,1.33045,170193589910
20130807,00:00:00,1.33045,1.33453,1.32654,1.33350,191471609860
20130808,00:00:00,1.33356,1.34003,1.33278,1.33808,180239149940
20130809,00:00:00,1.33806,1.33903,1.33324,1.33413,140977969930
20130812,00:00:00,1.33196,1.33436,1.32770,1.32995,138703630120
20130813,00:00:00,1.32997,1.33170,1.32333,1.32624,184238929760
20130814,00:00:00,1.32627,1.32799,1.32389,1.32549,162375190100
20130815,00:00:00,1.32549,1.33627,1.32054,1.33460,212891390040
20130816,00:00:00,1.33467,1.33798,1.33110,1.33283,195670189730
20130819,00:00:00,1.33296,1.33745,1.33151,1.33339,159437520130
20130820,00:00:00,1.33339,1.34518,1.33234,1.34168,198969710190
20130821,00:00:00,1.34171,1.34268,1.33345,1.33553,211767489730
20130822,00:00:00,1.33555,1.33730,1.32979,1.33563,214152399810
20130823,00:00:00,1.33564,1.34096,1.33330,1.33799,207895819950
20130826,00:00:00,1.33854,1.33940,1.33563,1.33686,115672579910
20130827,00:00:00,1.33684,1.33987,1.33232,1.33921,206196019770
20130828,00:00:00,1.33930,1.33976,1.33049,1.33393,204816660160
20130829,00:00:00,1.33392,1.33430,1.32191,1.32407,200531570360
20130830,00:00:00,1.32409,1.32548,1.31734,1.32208,179029010030
20130902,00:00:00,1.32108,1.32270,1.31836,1.31906,118333889800
20130903,00:00:00,1.31906,1.31968,1.31385,1.31701,183303049820
20130904,00:00:00,1.31705,1.32177,1.31570,1.32068,163622280020
20130905,00:00:00,1.32068,1.32228,1.31105,1.31200,206814069650
20130906,00:00:00,1.31200,1.31891,1.31046,1.31765,188371440050
20130909,00:00:00,1.31622,1.32806,1.31620,1.32548,159942259970
20130910,00:00:00,1.32547,1.32757,1.32298,1.32676,172083079930
20130911,00:00:00,1.32669,1.33244,1.32439,1.33103,200412529810
20130912,00:00:00,1.33095,1.33244,1.32552,1.32990,174276390350
20130913,00:00:00,1.32990,1.33210,1.32538,1.32930,161714690070
20130916,00:00:00,1.33528,1.33854,1.33301,1.33335,162902120030
20130917,00:00:00,1.33335,1.33692,1.33248,1.33578,143980729690
20130918,00:00:00,1.33577,1.35418,1.33380,1.35209,227657450020
20130919,00:00:00,1.35212,1.35685,1.35010,1.35288,243017300170
20130920,00:00:00,1.35291,1.35487,1.34977,1.35220,179072849770
20130923,00:00:00,1.35460,1.35476,1.34790,1.34927,160532839870
20130924,00:00:00,1.34927,1.35188,1.34640,1.34734,173344890120
20130925,00:00:00,1.34734,1.35370,1.34613,1.35255,160908790220
20130926,00:00:00,1.35255,1.35312,1.34720,1.34882,165648940130
20130927,00:00:00,1.34881,1.35644,1.34740,1.35210,171496930080
20130930,00:00:00,1.34923,1.35560,1.34767,1.35259,158278070020
20131001,00:00:00,1.35254,1.35880,1.35169,1.35261,185439969990
20131002,00:00:00,1.35261,1.36066,1.35043,1.35783,213801480270
20131003,00:00:00,1.35779,1.36459,1.35775,1.36180,184327640190
20131004,00:00:00,1.36180,1.36316,1.35380,1.35569,155655099880
20131007,00:00:00,1.35629,1.35909,1.35425,1.35803,142946760120
20131008,00:00:00,1.35807,1.36071,1.35576,1.35728,183080350100
20131009,00:00:00,1.35727,1.36045,1.34855,1.35239,226537549930
20131010,00:00:00,1.35239,1.35457,1.34877,1.35197,200757990280
20131011,00:00:00,1.35196,1.35816,1.35180,1.35406,192419330090
20131014,00:00:00,1.35595,1.35975,1.35450,1.35610,134740470130
20131015,00:00:00,1.35608,1.35709,1.34790,1.35234,218961730060
20131016,00:00:00,1.35235,1.35675,1.34727,1.35333,222329360040
20131017,00:00:00,1.35336,1.36818,1.35158,1.36755,266539039940
20131018,00:00:00,1.36755,1.37037,1.36592,1.36844,189806499690
20131021,00:00:00,1.36840,1.36884,1.36509,1.36793,152054880160
20131022,00:00:00,1.36793,1.37919,1.36623,1.37805,184349829980
20131023,00:00:00,1.37807,1.37928,1.37410,1.37757,214818809890
20131024,00:00:00,1.37757,1.38252,1.37640,1.38008,220225639770
20131025,00:00:00,1.38007,1.38321,1.37740,1.38019,209357879980
20131027,00:00:00,1.38059,1.38096,1.38048,1.38091,515210000
20131028,00:00:00,1.38091,1.38174,1.37750,1.37861,184132090020
20131029,00:00:00,1.37859,1.38130,1.37362,1.37462,234934130180
20131030,00:00:00,1.37462,1.37847,1.36960,1.37372,248336030050
20131031,00:00:00,1.37372,1.37386,1.35750,1.35883,270187100310
20131101,00:00:00,1.35883,1.35894,1.34795,1.34853,231765960010
20131104,00:00:00,1.34866,1.35243,1.34420,1.35139,168419370530
20131105,00:00:00,1.35140,1.35224,1.34490,1.34740,218613989710
20131106,00:00:00,1.34742,1.35471,1.34675,1.35126,188353439940
20131107,00:00:00,1.35124,1.35287,1.32950,1.34194,284492530220
20131108,00:00:00,1.34189,1.34377,1.33178,1.33648,229839769640
20131111,00:00:00,1.33572,1.34162,1.33446,1.34066,151485369780
20131112,00:00:00,1.34059,1.34561,1.33590,1.34355,233532429910
20131113,00:00:00,1.34355,1.34953,1.33898,1.34862,229620759820
20131114,00:00:00,1.34863,1.34972,1.34179,1.34586,239679390020
20131115,00:00:00,1.34586,1.35052,1.34322,1.34941,174539810030
20131118,00:00:00,1.34960,1.35415,1.34745,1.35055,183672399900
20131119,00:00:00,1.35055,1.35468,1.34872,1.35383,212493469940
20131120,00:00:00,1.35380,1.35774,1.34147,1.34382,246606810160
20131121,00:00:00,1.34383,1.34864,1.33992,1.34813,245111189980
20131122,00:00:00,1.34814,1.35569,1.34623,1.35564,187537390330
20131125,00:00:00,1.35486,1.35599,1.34900,1.35162,186826229970
20131126,00:00:00,1.35164,1.35747,1.35155,1.35721,201759790210
20131127,00:00:00,1.35722,1.36128,1.35577,1.35795,210278049980
20131128,00:00:00,1.35791,1.36180,1.35636,1.36047,154298270010
20131129,00:00:00,1.36043,1.36216,1.35800,1.35899,188846689920
20131202,00:00:00,1.35848,1.36157,1.35255,1.35417,223055460140
20131203,00:00:00,1.35416,1.36137,1.35240,1.35888,233584419910
20131204,00:00:00,1.35886,1.36051,1.35283,1.35931,252132460110
20131205,00:00:00,1.35929,1.36772,1.35431,1.36673,287458140320
20131206,00:00:00,1.36672,1.37063,1.36124,1.37035,240158159960
20131209,00:00:00,1.37143,1.37457,1.36942,1.37388,156692559940
20131210,00:00:00,1.37388,1.37948,1.37336,1.37610,191043159920
20131211,00:00:00,1.37610,1.38107,1.37405,1.37859,189404209900
20131212,00:00:00,1.37856,1.38032,1.37370,1.37529,203173339990
20131213,00:00:00,1.37529,1.37691,1.37088,1.37400,179832089820
20131216,00:00:00,1.37290,1.37983,1.37286,1.37602,181960639840
20131217,00:00:00,1.37601,1.37821,1.37229,1.37683,174950379760
20131218,00:00:00,1.37683,1.38112,1.36738,1.36832,216923139890
20131219,00:00:00,1.36833,1.36938,1.36490,1.36609,205839049900
20131220,00:00:00,1.36607,1.37091,1.36248,1.36703,187933379930
20131223,00:00:00,1.36724,1.37166,1.36672,1.36957,121847490000
20131224,00:00:00,1.36956,1.37123,1.36549,1.36757,79027349950
20131225,00:00:00,1.36751,1.36809,1.36606,1.36800,3644760000
20131226,00:00:00,1.36800,1.37015,1.36619,1.36908,60597149990
20131227,00:00:00,1.36905,1.38932,1.36869,1.37478,198522369930
20131230,00:00:00,1.37558,1.38189,1.37280,1.38022,145202059900
20131231,00:00:00,1.37971,1.38123,1.37410,1.37410,113992870160
20140101,00:00:00,1.37410,1.37410,1.37410,1.37410,760000
20140102,00:00:00,1.37553,1.37746,1.36294,1.36718,199626369820
20140103,00:00:00,1.36718,1.36726,1.35820,1.35874,195848899910
20140106,00:00:00,1.35935,1.36527,1.35715,1.36277,187620390190
20140107,00:00:00,1.36276,1.36562,1.35965,1.36152,204513739920
20140108,00:00:00,1.36154,1.36350,1.35529,1.35754,210419929840
20140109,00:00:00,1.35752,1.36330,1.35480,1.36081,221747709840
20140110,00:00:00,1.36080,1.36869,1.35710,1.36661,198266399910
20140113,00:00:00,1.36783,1.36847,1.36370,1.36709,179864629880
20140114,00:00:00,1.36709,1.36993,1.36490,1.36789,177108299980
20140115,00:00:00,1.36787,1.36806,1.35814,1.36047,179040729850
20140116,00:00:00,1.36046,1.36493,1.35830,1.36197,177062829740
20140117,00:00:00,1.36195,1.36209,1.35169,1.35389,165437619710
20140120,00:00:00,1.35373,1.35679,1.35075,1.35514,119600430070
20140121,00:00:00,1.35513,1.35687,1.35164,1.35607,178524730010
20140122,00:00:00,1.35608,1.35835,1.35345,1.35473,169671890000
20140123,00:00:00,1.35473,1.36983,1.35303,1.36960,247321050080
20140124,00:00:00,1.36957,1.37394,1.36627,1.36737,220392880020
20140127,00:00:00,1.36773,1.37166,1.36531,1.36727,196030940210
20140128,00:00:00,1.36728,1.36885,1.36290,1.36707,168650069820
20140129,00:00:00,1.36706,1.36846,1.36030,1.36629,227651370410
20140130,00:00:00,1.36628,1.36652,1.35434,1.35547,233736370170
20140131,00:00:00,1.35548,1.35728,1.34790,1.34846,244484809820
20140203,00:00:00,1.34842,1.35354,1.34772,1.35245,230498330300
20140204,00:00:00,1.35247,1.35385,1.34934,1.35181,201829019840
20140205,00:00:00,1.35183,1.35554,1.34990,1.35333,212282760270
20140206,00:00:00,1.35328,1.36188,1.34820,1.35897,224607019870
20140207,00:00:00,1.35898,1.36424,1.35519,1.36342,196573059990
20140210,00:00:00,1.36163,1.36514,1.36160,1.36456,143327260110
20140211,00:00:00,1.36453,1.36829,1.36295,1.36379,183203589940
20140212,00:00:00,1.36378,1.36527,1.35623,1.35933,194362520190
20140213,00:00:00,1.35930,1.36918,1.35850,1.36798,205569139880
20140214,00:00:00,1.36798,1.37147,1.36736,1.36914,170745220100
20140217,00:00:00,1.37083,1.37240,1.36921,1.37067,113335479810
20140218,00:00:00,1.37067,1.37704,1.36946,1.37583,182814039810
20140219,00:00:00,1.37583,1.37731,1.37244,1.37331,155018149960
20140220,00:00:00,1.37328,1.37625,1.36855,1.37184,148274140050
20140221,00:00:00,1.37185,1.37586,1.37020,1.37375,118251639980
20140224,00:00:00,1.37326,1.37710,1.37084,1.37347,119022869930
20140225,00:00:00,1.37346,1.37671,1.37155,1.37447,135219510020
20140226,00:00:00,1.37445,1.37571,1.36617,1.36865,152612789750
20140227,00:00:00,1.36863,1.37268,1.36432,1.37096,148602840200
20140228,00:00:00,1.37096,1.38248,1.36941,1.38000,179079210100
20140303,00:00:00,1.37593,1.37926,1.37263,1.37346,133610240020
20140304,00:00:00,1.37345,1.37815,1.37208,1.37430,125059070140
20140305,00:00:00,1.37430,1.37488,1.37075,1.37328,118662790070
20140306,00:00:00,1.37324,1.38729,1.37212,1.38608,162225390090
20140307,00:00:00,1.38608,1.39150,1.38521,1.38753,144997720080
20140309,00:00:00,1.38749,1.38757,1.38697,1.38712,784590000
20140310,00:00:00,1.38711,1.38978,1.38616,1.38782,105341279800
20140311,00:00:00,1.38781,1.38784,1.38338,1.38585,122534760180
20140312,00:00:00,1.38586,1.39142,1.38433,1.39021,145117820060
20140313,00:00:00,1.39017,1.39667,1.38456,1.38722,200120940240
20140314,00:00:00,1.38721,1.39372,1.38476,1.39126,165920159860
20140316,00:00:00,1.39065,1.39173,1.39027,1.39143,1009050000
20140317,00:00:00,1.39144,1.39475,1.38791,1.39208,120630669910
20140318,00:00:00,1.39209,1.39425,1.38799,1.39338,139654169880
20140319,00:00:00,1.39336,1.39340,1.38097,1.38165,147700219850
20140320,00:00:00,1.38167,1.38448,1.37494,1.37801,154241840130
20140321,00:00:00,1.37800,1.38106,1.37657,1.37919,116380029890
20140323,00:00:00,1.37968,1.38063,1.37965,1.38020,1134470000
20140324,00:00:00,1.38016,1.38754,1.37604,1.38381,131113730140
20140325,00:00:00,1.38382,1.38469,1.37491,1.38260,165921499960
20140326,00:00:00,1.38261,1.38277,1.37766,1.37853,157102600230
20140327,00:00:00,1.37849,1.37968,1.37286,1.37413,149708709880
20140328,00:00:00,1.37413,1.37730,1.37048,1.37504,123458949970
20140331,00:00:00,1.37612,1.38067,1.37216,1.37690,118267759800
20140401,00:00:00,1.37687,1.38155,1.37679,1.37926,95187519910
20140402,00:00:00,1.37926,1.38202,1.37532,1.37671,95633600040
20140403,00:00:00,1.37671,1.38064,1.36982,1.37199,147176730030
20140404,00:00:00,1.37199,1.37308,1.36728,1.37016,139494050170
20140407,00:00:00,1.36964,1.37486,1.36943,1.37415,100145580020
20140408,00:00:00,1.37415,1.38115,1.37374,1.37968,134153090030
20140409,00:00:00,1.37968,1.38619,1.37799,1.38551,140487499980
20140410,00:00:00,1.38549,1.38990,1.38360,1.38859,141389390010
20140411,00:00:00,1.38859,1.39056,1.38635,1.38843,126942639860
20140414,00:00:00,1.38433,1.38630,1.38081,1.38206,121957269990
20140415,00:00:00,1.38207,1.38331,1.37903,1.38144,122321930020
20140416,00:00:00,1.38142,1.38508,1.38037,1.38152,120191580140
20140417,00:00:00,1.38153,1.38645,1.38111,1.38133,106190499920
20140418,00:00:00,1.38135,1.38223,1.38077,1.38077,27973300000
20140421,00:00:00,1.38121,1.38304,1.37871,1.37927,43675630010
20140422,00:00:00,1.37927,1.38248,1.37850,1.38048,99374450050
20140423,00:00:00,1.38047,1.38546,1.38003,1.38166,131488630020
20140424,00:00:00,1.38169,1.38429,1.37914,1.38313,127122340310
20140425,00:00:00,1.38313,1.38482,1.38267,1.38329,98830140190
20140428,00:00:00,1.38447,1.38794,1.38147,1.38510,130326509950
20140429,00:00:00,1.38510,1.38791,1.38055,1.38117,155134060130
20140430,00:00:00,1.38121,1.38765,1.37750,1.38669,194773239890
20140501,00:00:00,1.38656,1.38892,1.38628,1.38690,104913819990
20140502,00:00:00,1.38691,1.38813,1.38122,1.38706,172479169930
20140505,00:00:00,1.38818,1.38860,1.38645,1.38750,125902879950
20140506,00:00:00,1.38747,1.39512,1.38721,1.39272,142499820280
20140507,00:00:00,1.39271,1.39385,1.39100,1.39100,172657290000
20140508,00:00:00,1.39100,1.39933,1.38331,1.38396,217394439770
20140509,00:00:00,1.38395,1.38444,1.37451,1.37553,200596210000
20140512,00:00:00,1.37526,1.37748,1.37494,1.37571,124901320120
20140513,00:00:00,1.37573,1.37714,1.36891,1.37033,199200419940
20140514,00:00:00,1.37029,1.37308,1.36979,1.37144,169534139670
20140515,00:00:00,1.37144,1.37322,1.36484,1.37092,200983129920
20140516,00:00:00,1.37090,1.37268,1.36853,1.36926,141350950320
20140519,00:00:00,1.36927,1.37341,1.36926,1.37089,152167510060
20140520,00:00:00,1.37085,1.37138,1.36780,1.37011,158207199720
20140521,00:00:00,1.37009,1.37231,1.36345,1.36862,162914889980
20140522,00:00:00,1.36862,1.36877,1.36452,1.36556,161752249990
20140523,00:00:00,1.36555,1.36584,1.36156,1.36275,158309500110
20140526,00:00:00,1.36233,1.36544,1.36145,1.36455,86437720170
20140527,00:00:00,1.36455,1.36685,1.36125,1.36342,151622010130
20140528,00:00:00,1.36342,1.36378,1.35885,1.35905,157632700070
20140529,00:00:00,1.35902,1.36255,1.35862,1.36015,155041609840
20140530,00:00:00,1.36014,1.36500,1.35984,1.36331,163638760000
20140602,00:00:00,1.36359,1.36373,1.35881,1.35965,167261879860
20140603,00:00:00,1.35965,1.36478,1.35875,1.36276,162964930260
20140604,00:00:00,1.36274,1.36387,1.35965,1.35985,172537149670
20140605,00:00:00,1.35984,1.36698,1.35030,1.36603,263962859880
20140606,00:00:00,1.36603,1.36765,1.36210,1.36418,181755499910
20140609,00:00:00,1.36432,1.36687,1.35826,1.35936,141423099960
20140610,00:00:00,1.35934,1.36018,1.35335,1.35472,225840039710
20140611,00:00:00,1.35467,1.35571,1.35215,1.35312,202649910070
20140612,00:00:00,1.35310,1.35719,1.35123,1.35521,198441939660
20140613,00:00:00,1.35521,1.35790,1.35210,1.35354,204526309990
20140616,00:00:00,1.35406,1.35794,1.35130,1.35734,182467790080
20140617,00:00:00,1.35733,1.35870,1.35364,1.35471,202008230320
20140618,00:00:00,1.35467,1.35993,1.35417,1.35953,188878659850
20140619,00:00:00,1.35953,1.36434,1.35841,1.36066,216787220070
20140620,00:00:00,1.36066,1.36339,1.35643,1.35992,218421729970
20140623,00:00:00,1.35888,1.36135,1.35741,1.36041,281664239250
20140624,00:00:00,1.36043,1.36277,1.35834,1.36058,259928810530
20140625,00:00:00,1.36053,1.36511,1.36005,1.36289,270439400020
20140626,00:00:00,1.36289,1.36413,1.35762,1.36113,302467670520
20140627,00:00:00,1.36109,1.36505,1.36093,1.36482,263546419710
20140630,00:00:00,1.36435,1.36977,1.36402,1.36920,222310350340
20140701,00:00:00,1.36920,1.37004,1.36755,1.36786,301316240040
20140702,00:00:00,1.36786,1.36824,1.36400,1.36592,280693239860
20140703,00:00:00,1.36590,1.36642,1.35960,1.36097,363666450860
20140704,00:00:00,1.36100,1.36112,1.35855,1.35944,213862329710
20140707,00:00:00,1.35945,1.36091,1.35759,1.36042,298095320510
20140708,00:00:00,1.36043,1.36173,1.35882,1.36118,382763710540
20140709,00:00:00,1.36117,1.36483,1.36022,1.36412,307054190670
20140710,00:00:00,1.36412,1.36507,1.35891,1.36083,370977980270
20140711,00:00:00,1.36083,1.36247,1.35919,1.36054,123656820040
20140714,00:00:00,1.35989,1.36402,1.35974,1.36186,112654929920
20140715,00:00:00,1.36186,1.36281,1.35620,1.35675,154171079950
20140716,00:00:00,1.35670,1.35723,1.35210,1.35249,118679379730
20140717,00:00:00,1.35246,1.35401,1.35165,1.35263,134587700090
20140718,00:00:00,1.35259,1.35360,1.34910,1.35231,137260130300
20140721,00:00:00,1.35283,1.35490,1.35130,1.35235,102801510030
20140722,00:00:00,1.35235,1.35296,1.34590,1.34656,131127019910
20140723,00:00:00,1.34656,1.34741,1.34550,1.34630,102486169990
20140724,00:00:00,1.34631,1.34849,1.34382,1.34634,116365430060
20140725,00:00:00,1.34632,1.34756,1.34214,1.34285,109719000030
20140728,00:00:00,1.34305,1.34438,1.34269,1.34394,88093930120
20140729,00:00:00,1.34395,1.34445,1.34042,1.34085,112226190150
20140730,00:00:00,1.34085,1.34154,1.33669,1.33968,145347879930
20140731,00:00:00,1.33962,1.34006,1.33716,1.33901,130306020120
20140801,00:00:00,1.33901,1.34447,1.33785,1.34262,143540299840
20140804,00:00:00,1.34300,1.34329,1.34094,1.34217,95938769910
20140805,00:00:00,1.34214,1.34248,1.33582,1.33758,118939949800
20140806,00:00:00,1.33758,1.33868,1.33330,1.33824,154508469970
20140807,00:00:00,1.33823,1.33936,1.33371,1.33632,145560290260
20140808,00:00:00,1.33628,1.34324,1.33435,1.34085,167566459970
20140811,00:00:00,1.34077,1.34113,1.33803,1.33850,93836779900
20140812,00:00:00,1.33850,1.33860,1.33360,1.33690,113866070070
20140813,00:00:00,1.33691,1.34151,1.33423,1.33640,128851090060
20140814,00:00:00,1.33640,1.34077,1.33484,1.33646,134255489740
20140815,00:00:00,1.33645,1.34117,1.33587,1.33976,138745609980
20140818,00:00:00,1.33908,1.33991,1.33529,1.33634,92118939970
20140819,00:00:00,1.33633,1.33640,1.33133,1.33198,131028919820
20140820,00:00:00,1.33198,1.33243,1.32553,1.32587,142988260090
20140821,00:00:00,1.32590,1.32884,1.32417,1.32805,125926040010
20140822,00:00:00,1.32803,1.32966,1.32206,1.32392,144634350110
20140825,00:00:00,1.31948,1.32103,1.31837,1.31919,120651889970
20140826,00:00:00,1.31919,1.32147,1.31646,1.31669,143452220020
20140827,00:00:00,1.31669,1.32098,1.31526,1.31926,152077550230
20140828,00:00:00,1.31925,1.32208,1.31597,1.31817,142742419740
20140829,00:00:00,1.31817,1.31960,1.31311,1.31311,145277570150
20140901,00:00:00,1.31272,1.31454,1.31190,1.31280,111002029870
20140902,00:00:00,1.31278,1.31367,1.31102,1.31329,143029380130
20140903,00:00:00,1.31327,1.31599,1.31220,1.31496,156411559980
20140904,00:00:00,1.31496,1.31539,1.29202,1.29432,209910319970
20140905,00:00:00,1.29435,1.29878,1.29219,1.29505,182624680090
20140908,00:00:00,1.29556,1.29590,1.28814,1.28944,189483600090
20140909,00:00:00,1.28944,1.29574,1.28594,1.29370,204841540210
20140910,00:00:00,1.29370,1.29629,1.28838,1.29166,201390010030
20140911,00:00:00,1.29165,1.29517,1.28970,1.29235,200041000070
20140912,00:00:00,1.29232,1.29793,1.29088,1.29616,191121680320
20140915,00:00:00,1.29719,1.29727,1.29086,1.29397,170702869850
20140916,00:00:00,1.29395,1.29950,1.29223,1.29593,202140800130
20140917,00:00:00,1.29592,1.29813,1.28520,1.28644,186977319930
20140918,00:00:00,1.28644,1.29302,1.28344,1.29214,198021149850
20140919,00:00:00,1.29220,1.29288,1.28275,1.28281,199921819920
20140922,00:00:00,1.28331,1.28677,1.28162,1.28488,147699389860
20140923,00:00:00,1.28488,1.29012,1.28426,1.28464,163175519850
20140924,00:00:00,1.28463,1.28636,1.27741,1.27800,175690559970
20140925,00:00:00,1.27801,1.27832,1.26970,1.27502,189585290010
20140926,00:00:00,1.27502,1.27607,1.26769,1.26820,166013090110
20140929,00:00:00,1.26808,1.27147,1.26636,1.26848,178363190040
20140930,00:00:00,1.26848,1.27022,1.25710,1.26300,195919759890
20141001,00:00:00,1.26303,1.26396,1.25836,1.26223,197713399820
20141002,00:00:00,1.26223,1.26987,1.26138,1.26685,245416299910
20141003,00:00:00,1.26681,1.26749,1.25005,1.25145,187077310200
20141006,00:00:00,1.25107,1.26749,1.25089,1.26546,192586640050
20141007,00:00:00,1.26545,1.26818,1.25837,1.26687,230360990260
20141008,00:00:00,1.26684,1.27488,1.26226,1.27333,236365860270
20141009,00:00:00,1.27333,1.27913,1.26640,1.26902,230071880130
20141010,00:00:00,1.26900,1.27160,1.26054,1.26268,192655860220
20141013,00:00:00,1.26311,1.27609,1.26201,1.27514,178367919980
20141014,00:00:00,1.27513,1.27679,1.26399,1.26575,211942260110
20141015,00:00:00,1.26574,1.28865,1.26247,1.28374,288924950000
20141016,00:00:00,1.28374,1.28449,1.27057,1.28086,261798809850
20141017,00:00:00,1.28081,1.28369,1.27436,1.27589,170955329930
20141020,00:00:00,1.27507,1.28168,1.27312,1.28000,161951239970
20141021,00:00:00,1.27996,1.28401,1.27144,1.27157,193266860170
20141022,00:00:00,1.27156,1.27396,1.26372,1.26483,186017719880
20141023,00:00:00,1.26483,1.26766,1.26137,1.26457,177633629900
20141024,00:00:00,1.26458,1.26957,1.26349,1.26688,163131280130
20141026,00:00:00,1.26754,1.26775,1.26728,1.26738,2233090000
20141027,00:00:00,1.26738,1.27231,1.26657,1.26968,170555609830
20141028,00:00:00,1.26971,1.27648,1.26845,1.27332,176554650370
20141029,00:00:00,1.27332,1.27705,1.26264,1.26362,187706790060
20141030,00:00:00,1.26360,1.26394,1.25474,1.26131,222457999900
20141031,00:00:00,1.26130,1.26159,1.24860,1.25224,226604619930
20141103,00:00:00,1.25067,1.25138,1.24396,1.24811,212951559930
20141104,00:00:00,1.24820,1.25773,1.24804,1.25460,203606990240
20141105,00:00:00,1.25456,1.25669,1.24572,1.24857,222503329930
20141106,00:00:00,1.24853,1.25333,1.23648,1.23746,241688099920
20141107,00:00:00,1.23748,1.24694,1.23580,1.24533,228702010080
20141110,00:00:00,1.24722,1.25091,1.24186,1.24206,180510110180
20141111,00:00:00,1.24201,1.24991,1.23943,1.24746,185391300250
20141112,00:00:00,1.24745,1.24978,1.24194,1.24380,219203380250
20141113,00:00:00,1.24378,1.24915,1.24265,1.24765,170853339910
20141114,00:00:00,1.24765,1.25463,1.23985,1.25249,208596339830
20141117,00:00:00,1.25301,1.25774,1.24451,1.24496,185041460110
20141118,00:00:00,1.24493,1.25450,1.24435,1.25362,182356789940
20141119,00:00:00,1.25362,1.25985,1.25123,1.25537,240030460210
20141120,00:00:00,1.25534,1.25752,1.25042,1.25389,217445229690
20141121,00:00:00,1.25389,1.25682,1.23750,1.23871,204492870200
20141124,00:00:00,1.23627,1.24446,1.23622,1.24421,160705489920
20141125,00:00:00,1.24421,1.24869,1.24018,1.24740,163672529880
20141126,00:00:00,1.24740,1.25312,1.24437,1.25055,147260099830
20141127,00:00:00,1.25053,1.25235,1.24646,1.24669,95928370110
20141128,00:00:00,1.24669,1.24902,1.24263,1.24497,136186349970
20141201,00:00:00,1.24631,1.25067,1.24194,1.24689,187607740150
20141202,00:00:00,1.24695,1.24762,1.23769,1.23827,156909849940
20141203,00:00:00,1.23829,1.23905,1.23012,1.23110,171525829940
20141204,00:00:00,1.23104,1.24563,1.22795,1.23786,206017789900
20141205,00:00:00,1.23781,1.23931,1.22709,1.22825,161309460020
20141208,00:00:00,1.22864,1.23439,1.22472,1.23172,156671929750
20141209,00:00:00,1.23172,1.24475,1.22920,1.23738,198613899790
20141210,00:00:00,1.23737,1.24481,1.23622,1.24476,178945099660
20141211,00:00:00,1.24476,1.24951,1.23702,1.24099,203044300120
20141212,00:00:00,1.24101,1.24851,1.23843,1.24595,178523990220
20141215,00:00:00,1.24740,1.24786,1.24146,1.24363,183512160260
20141216,00:00:00,1.24363,1.25699,1.24340,1.25101,215757219760
20141217,00:00:00,1.25101,1.25159,1.23209,1.23415,201698580080
20141218,00:00:00,1.23415,1.23524,1.22657,1.22861,179095250160
20141219,00:00:00,1.22858,1.23022,1.22201,1.22265,145026200090
20141222,00:00:00,1.22229,1.22725,1.22166,1.22289,107658679990
20141223,00:00:00,1.22288,1.22456,1.21646,1.21716,101946150030
20141224,00:00:00,1.21716,1.22201,1.21695,1.21953,63743820000
20141225,00:00:00,1.21953,1.22283,1.21869,1.22273,4962720000
20141226,00:00:00,1.22216,1.22261,1.21686,1.21777,50301360010
20141229,00:00:00,1.21792,1.22210,1.21429,1.21518,98982420140
20141230,00:00:00,1.21518,1.21873,1.21239,1.21547,106153389960
20141231,00:00:00,1.21543,1.21697,1.20968,1.20971,76075350080
20150101,00:00:00,1.20969,1.20976,1.20969,1.20976,1500000
20150102,00:00:00,1.21038,1.21073,1.20004,1.20017,125116099980
20150105,00:00:00,1.19495,1.19762,1.18677,1.19324,168854520140
20150106,00:00:00,1.19324,1.19687,1.18842,1.18890,172616260050
20150107,00:00:00,1.18890,1.18966,1.18022,1.18390,187168469910
20150108,00:00:00,1.18387,1.18475,1.17543,1.17919,149133620130
20150109,00:00:00,1.17922,1.18460,1.17629,1.18406,172777410050
20150112,00:00:00,1.18452,1.18708,1.17861,1.18335,164753669990
20150113,00:00:00,1.18335,1.18596,1.17531,1.17727,190010250060
20150114,00:00:00,1.17725,1.18464,1.17273,1.17890,213948470160
20150115,00:00:00,1.17887,1.17925,1.15675,1.16301,282150840310
20150116,00:00:00,1.16309,1.16487,1.14600,1.15626,252438510360
20150119,00:00:00,1.15515,1.16388,1.15514,1.16069,141815969970
20150120,00:00:00,1.16048,1.16150,1.15405,1.15483,152633940070
20150121,00:00:00,1.15484,1.16799,1.15412,1.16097,175790080180
20150122,00:00:00,1.16097,1.16505,1.13160,1.13649,206744409820
20150123,00:00:00,1.13653,1.13740,1.11146,1.12020,235584780060
20150126,00:00:00,1.11521,1.12954,1.10979,1.12387,185822370020
20150127,00:00:00,1.12384,1.14225,1.12237,1.13804,179816020200
20150128,00:00:00,1.13807,1.13828,1.12760,1.12865,175048550090
20150129,00:00:00,1.12866,1.13678,1.12619,1.13195,172378920260
20150130,00:00:00,1.13196,1.13635,1.12783,1.12850,174188659930
20150202,00:00:00,1.13112,1.13621,1.12922,1.13412,151848190060
20150203,00:00:00,1.13412,1.15338,1.13124,1.14794,190613570040
20150204,00:00:00,1.14797,1.14848,1.13156,1.13428,167315089860
20150205,00:00:00,1.13428,1.14988,1.13039,1.14769,164856250140
20150206,00:00:00,1.14769,1.14854,1.13119,1.13128,144486280130
20150209,00:00:00,1.12957,1.13595,1.12703,1.13233,148103759930
20150210,00:00:00,1.13236,1.13454,1.12729,1.13203,151996449880
20150211,00:00:00,1.13201,1.13471,1.12800,1.13350,142341359870
20150212,00:00:00,1.13350,1.14228,1.13023,1.14027,178418200010
20150213,00:00:00,1.14031,1.14427,1.13800,1.13877,147506240040
20150216,00:00:00,1.13990,1.14290,1.13193,1.13533,103344319970
20150217,00:00:00,1.13553,1.14489,1.13218,1.14111,150528840240
20150218,00:00:00,1.14111,1.14156,1.13339,1.13967,154027420020
20150219,00:00:00,1.13968,1.14500,1.13552,1.13681,138357119920
20150220,00:00:00,1.13679,1.14297,1.12790,1.13773,179648710020
20150223,00:00:00,1.13911,1.13961,1.12951,1.13340,122417190080
20150224,00:00:00,1.13342,1.13581,1.12883,1.13393,155369689940
20150225,00:00:00,1.13400,1.13886,1.13358,1.13604,151031369850
20150226,00:00:00,1.13599,1.13796,1.11836,1.11974,165137749720
20150227,00:00:00,1.11977,1.12451,1.11756,1.11970,172841470170
20150302,00:00:00,1.11808,1.12405,1.11601,1.11828,131437150110
20150303,00:00:00,1.11828,1.12175,1.11546,1.11755,144467360100
20150304,00:00:00,1.11755,1.11856,1.10616,1.10774,154369340030
20150305,00:00:00,1.10774,1.11142,1.09874,1.10293,171395579980
20150306,00:00:00,1.10293,1.10327,1.08390,1.08440,168408009990
20150308,00:00:00,1.08302,1.08340,1.08247,1.08309,1839050000
20150309,00:00:00,1.08307,1.09065,1.08228,1.08522,145020939970
20150310,00:00:00,1.08522,1.08553,1.06679,1.06793,226044530160
20150311,00:00:00,1.06791,1.07170,1.05112,1.05447,264866070110
20150312,00:00:00,1.05448,1.06837,1.04940,1.06244,237668670010
20150313,00:00:00,1.06253,1.06347,1.04624,1.04943,208521720280
20150315,00:00:00,1.04701,1.04915,1.04697,1.04869,1415490000
20150316,00:00:00,1.04869,1.06193,1.04794,1.05671,167974220070
20150317,00:00:00,1.05670,1.06507,1.05514,1.05963,160213179860
20150318,00:00:00,1.05963,1.10351,1.05799,1.08288,206782809860
20150319,00:00:00,1.08300,1.09193,1.06128,1.06566,253321099870
20150320,00:00:00,1.06565,1.08816,1.06555,1.08160,191475370120
20150322,00:00:00,1.08404,1.08828,1.08346,1.08681,3565389980
20150323,00:00:00,1.08678,1.09713,1.07673,1.09446,258554969810
20150324,00:00:00,1.09447,1.10292,1.08904,1.09188,224413919610
20150325,00:00:00,1.09188,1.10144,1.09007,1.09713,195906100030
20150326,00:00:00,1.09713,1.10522,1.08564,1.08745,256032270180
20150327,00:00:00,1.08745,1.09485,1.08011,1.08874,230653530180
20150330,00:00:00,1.08861,1.08950,1.08098,1.08327,182481900090
20150331,00:00:00,1.08328,1.08455,1.07130,1.07308,205306849880
20150401,00:00:00,1.07308,1.07999,1.07184,1.07624,192049200220
20150402,00:00:00,1.07624,1.09050,1.07502,1.08795,190907960110
20150403,00:00:00,1.08795,1.10270,1.08638,1.09713,100785199990
20150406,00:00:00,1.10004,1.10356,1.09100,1.09217,112467469980
20150407,00:00:00,1.09216,1.09547,1.08032,1.08141,187978610120
20150408,00:00:00,1.08143,1.08873,1.07629,1.07805,215555369710
20150409,00:00:00,1.07800,1.07886,1.06377,1.06587,187286790110
20150410,00:00:00,1.06588,1.06837,1.05679,1.06022,179102760000
20150413,00:00:00,1.05853,1.06190,1.05203,1.05669,183781240190
20150414,00:00:00,1.05669,1.07074,1.05315,1.06541,193604819860
20150415,00:00:00,1.06540,1.07017,1.05708,1.06834,203970050040
20150416,00:00:00,1.06842,1.08175,1.06247,1.07605,282988249610
20150417,00:00:00,1.07604,1.08487,1.07335,1.08048,227599290040
20150420,00:00:00,1.08186,1.08210,1.07124,1.07374,202942389690
20150421,00:00:00,1.07368,1.07811,1.06599,1.07354,201582169920
20150422,00:00:00,1.07354,1.08008,1.07086,1.07248,222828050360
20150423,00:00:00,1.07247,1.08452,1.06659,1.08234,240695390270
20150424,00:00:00,1.08234,1.09000,1.07848,1.08706,236618669930
20150427,00:00:00,1.08634,1.09266,1.08192,1.08909,195736659920
20150428,00:00:00,1.08911,1.09910,1.08598,1.09802,213232440000
20150429,00:00:00,1.09804,1.11879,1.09595,1.11280,266536920090
20150430,00:00:00,1.11284,1.12662,1.10712,1.12236,282672340200
20150501,00:00:00,1.12236,1.12900,1.11746,1.11948,172216699760
20150504,00:00:00,1.11918,1.12245,1.11228,1.11454,170552479970
20150505,00:00:00,1.11454,1.12231,1.10663,1.11848,223494499830
20150506,00:00:00,1.11846,1.13700,1.11750,1.13459,249382650120
20150507,00:00:00,1.13460,1.13916,1.12373,1.12662,248712229970
20150508,00:00:00,1.12662,1.12880,1.11790,1.12015,251461930130
20150511,00:00:00,1.11975,1.12065,1.11310,1.11546,213630340090
20150512,00:00:00,1.11544,1.12787,1.11343,1.12127,222506660090
20150513,00:00:00,1.12128,1.13827,1.12023,1.13536,224754720020
20150514,00:00:00,1.13536,1.14447,1.13406,1.14097,259844340030
20150515,00:00:00,1.14094,1.14669,1.13239,1.14484,234264840000
20150518,00:00:00,1.14469,1.14492,1.12987,1.13141,195841610090
20150519,00:00:00,1.13148,1.13264,1.11184,1.11493,238987450300
20150520,00:00:00,1.11495,1.11522,1.10621,1.10937,242739589900
20150521,00:00:00,1.10924,1.11813,1.10797,1.11117,224374809910
20150522,00:00:00,1.11116,1.12083,1.10023,1.10074,216984289760
20150525,00:00:00,1.10016,1.10095,1.09590,1.09766,97021779960
20150526,00:00:00,1.09766,1.09810,1.08633,1.08719,225659020040
20150527,00:00:00,1.08719,1.09290,1.08192,1.09038,216709099860
20150528,00:00:00,1.09036,1.09584,1.08671,1.09474,231710810180
20150529,00:00:00,1.09474,1.10062,1.09258,1.09831,217761610170
20150601,00:00:00,1.09803,1.09885,1.08873,1.09259,219495440410
20150602,00:00:00,1.09258,1.11942,1.09159,1.11504,259614959960
20150603,00:00:00,1.11505,1.12850,1.10794,1.12740,254923459950
20150604,00:00:00,1.12732,1.13798,1.12222,1.12375,254546480220
20150605,00:00:00,1.12377,1.12801,1.10495,1.11124,248335679920
20150608,00:00:00,1.10966,1.13068,1.10842,1.12906,217911900020
20150609,00:00:00,1.12906,1.13454,1.12140,1.12822,224798570060
20150610,00:00:00,1.12824,1.13865,1.12600,1.13237,247022649760
20150611,00:00:00,1.13236,1.13315,1.11820,1.12573,202964300110
20150612,00:00:00,1.12575,1.12965,1.11512,1.12648,222454329890
20150615,00:00:00,1.12102,1.12944,1.11891,1.12826,203801189830
20150616,00:00:00,1.12817,1.13298,1.12048,1.12471,190303100080
20150617,00:00:00,1.12467,1.13578,1.12065,1.13372,212478300140
20150618,00:00:00,1.13369,1.14364,1.13302,1.13600,239106760470
20150619,00:00:00,1.13585,1.13992,1.12920,1.13487,176055230040
20150622,00:00:00,1.13771,1.14102,1.13120,1.13402,178684589840
20150623,00:00:00,1.13402,1.13472,1.11351,1.11677,208564130050
20150624,00:00:00,1.11667,1.12347,1.11544,1.12040,195111520090
20150625,00:00:00,1.12040,1.12276,1.11537,1.12045,160823319920
20150626,00:00:00,1.12031,1.12197,1.11301,1.11625,168325950080
20150629,00:00:00,1.10049,1.12783,1.09545,1.12356,248620200100
20150630,00:00:00,1.12360,1.12435,1.11124,1.11445,204607149990
20150701,00:00:00,1.11452,1.11713,1.10426,1.10523,194951770010
20150702,00:00:00,1.10525,1.11214,1.10321,1.10832,180016680190
20150703,00:00:00,1.10830,1.11177,1.10650,1.11092,128605679850
20150706,00:00:00,1.09932,1.10954,1.09690,1.10556,200687290280
20150707,00:00:00,1.10556,1.10584,1.09163,1.10107,229725469910
20150708,00:00:00,1.10107,1.10927,1.09743,1.10758,227149889970
20150709,00:00:00,1.10756,1.11249,1.09915,1.10356,190815909880
20150710,00:00:00,1.10353,1.12157,1.10304,1.11519,206573400070
20150713,00:00:00,1.10922,1.11968,1.09954,1.10006,207430399630
20150714,00:00:00,1.10005,1.10832,1.09653,1.10083,196629459870
20150715,00:00:00,1.10083,1.10355,1.09299,1.09485,192971909690
20150716,00:00:00,1.09466,1.09626,1.08553,1.08731,199076610110
20150717,00:00:00,1.08736,1.09069,1.08279,1.08279,168988680160
20150720,00:00:00,1.08295,1.08702,1.08086,1.08250,157183429950
20150721,00:00:00,1.08250,1.09685,1.08116,1.09342,204567960050
20150722,00:00:00,1.09343,1.09666,1.08693,1.09286,191039190020
20150723,00:00:00,1.09286,1.10179,1.09216,1.09827,197433689820
20150724,00:00:00,1.09827,1.09957,1.09253,1.09812,146888829900
20150727,00:00:00,1.09813,1.11292,1.09689,1.10871,189528049780
20150728,00:00:00,1.10874,1.10996,1.10221,1.10596,160046689840
20150729,00:00:00,1.10593,1.10840,1.09669,1.09818,175838060040
20150730,00:00:00,1.09825,1.09891,1.08933,1.09310,179395400110
20150731,00:00:00,1.09311,1.11140,1.09211,1.09830,189952489980
20150803,00:00:00,1.09705,1.09957,1.09413,1.09491,147843489900
20150804,00:00:00,1.09493,1.09875,1.08789,1.08806,169552489950
20150805,00:00:00,1.08813,1.09342,1.08481,1.09056,202943989740
20150806,00:00:00,1.09056,1.09439,1.08737,1.09240,159984720010
20150807,00:00:00,1.09223,1.09783,1.08553,1.09647,176141760000
20150810,00:00:00,1.09627,1.10414,1.09254,1.10185,146345930070
20150811,00:00:00,1.10185,1.10882,1.09604,1.10416,185970390100
20150812,00:00:00,1.10418,1.12133,1.10242,1.11574,194796950010
20150813,00:00:00,1.11576,1.11890,1.10800,1.11491,175497329910
20150814,00:00:00,1.11490,1.11887,1.10978,1.11079,144432279800
20150817,00:00:00,1.11155,1.11249,1.10588,1.10777,131909789970
20150818,00:00:00,1.10778,1.10938,1.10175,1.10216,128193099980
20150819,00:00:00,1.10213,1.11342,1.10178,1.11198,155653730030
20150820,00:00:00,1.11191,1.12446,1.11072,1.12400,169829830020
20150821,00:00:00,1.12397,1.13887,1.12292,1.13828,198178870050
20150824,00:00:00,1.13748,1.17139,1.13692,1.16176,289048729920
20150825,00:00:00,1.16172,1.16218,1.13968,1.15141,244207189880
20150826,00:00:00,1.15138,1.15609,1.12914,1.13126,252689850010
20150827,00:00:00,1.13115,1.13644,1.12030,1.12458,230298440300
20150828,00:00:00,1.12456,1.13097,1.11559,1.11800,183195730090
20150831,00:00:00,1.11703,1.12624,1.11693,1.12099,152033460020
20150901,00:00:00,1.12094,1.13320,1.12082,1.13131,207973619900
20150902,00:00:00,1.13131,1.13191,1.12164,1.12256,181201770210
20150903,00:00:00,1.12255,1.12434,1.10873,1.11228,176611899850
20150904,00:00:00,1.11228,1.11895,1.10898,1.11499,172576060160
20150907,00:00:00,1.11627,1.11778,1.11213,1.11693,121578740120
20150908,00:00:00,1.11693,1.12296,1.11525,1.12018,176496500160
20150909,00:00:00,1.12021,1.12162,1.11317,1.12062,192853449800
20150910,00:00:00,1.12060,1.12954,1.11717,1.12790,200575250010
20150911,00:00:00,1.12791,1.13495,1.12542,1.13348,171554040100
20150914,00:00:00,1.13311,1.13732,1.12834,1.13158,160165000170
20150915,00:00:00,1.13162,1.13287,1.12588,1.12681,172980110080
20150916,00:00:00,1.12681,1.13204,1.12140,1.12894,167404169930
20150917,00:00:00,1.12894,1.14413,1.12846,1.14341,192245719460
20150918,00:00:00,1.14341,1.14599,1.12694,1.12974,200986010060
20150921,00:00:00,1.12807,1.13299,1.11812,1.11890,170299340010
20150922,00:00:00,1.11889,1.12075,1.11132,1.11188,165628919810
20150923,00:00:00,1.11187,1.12129,1.11051,1.11855,162213619870
20150924,00:00:00,1.11856,1.12958,1.11645,1.12291,180946030170
20150925,00:00:00,1.12285,1.12324,1.11161,1.11922,179410549760
20150928,00:00:00,1.11831,1.12477,1.11468,1.12437,179715640240
20150929,00:00:00,1.12437,1.12813,1.11939,1.12474,206153770050
20150930,00:00:00,1.12474,1.12614,1.11574,1.11764,186662799790
20151001,00:00:00,1.11758,1.12090,1.11351,1.11943,170220599980
20151002,00:00:00,1.11937,1.13183,1.11505,1.12077,182999420240
20151005,00:00:00,1.12173,1.12892,1.11734,1.11863,165127490210
20151006,00:00:00,1.11863,1.12796,1.11720,1.12706,151970899920
20151007,00:00:00,1.12709,1.12841,1.12115,1.12369,179049139960
20151008,00:00:00,1.12368,1.13273,1.12344,1.12758,179171880370
20151009,00:00:00,1.12758,1.13871,1.12671,1.13571,168956510350
20151012,00:00:00,1.13603,1.13968,1.13544,1.13581,130385870000
20151013,00:00:00,1.13579,1.14110,1.13442,1.13783,162095070130
20151014,00:00:00,1.13781,1.14891,1.13772,1.14740,178324410100
20151015,00:00:00,1.14740,1.14950,1.13632,1.13830,182129900120
20151016,00:00:00,1.13830,1.13950,1.13344,1.13466,155979030020
20151019,00:00:00,1.13563,1.13789,1.13058,1.13256,128510530190
20151020,00:00:00,1.13254,1.13871,1.13240,1.13459,138565430220
20151021,00:00:00,1.13459,1.13775,1.13345,1.13388,139705330190
20151022,00:00:00,1.13390,1.13509,1.11003,1.11083,200667550060
20151023,00:00:00,1.11083,1.11398,1.09966,1.10165,213182690160
20151025,00:00:00,1.10020,1.10080,1.09993,1.10068,4069919970
20151026,00:00:00,1.10071,1.10682,1.10039,1.10527,152344780020
20151027,00:00:00,1.10527,1.10784,1.10303,1.10465,146507350160
20151028,00:00:00,1.10465,1.10956,1.08969,1.09266,175577849940
20151029,00:00:00,1.09267,1.09863,1.09036,1.09862,192362709970
20151030,00:00:00,1.09860,1.10722,1.09655,1.10033,179755670110
20151102,00:00:00,1.10354,1.10525,1.10002,1.10148,146686829940
20151103,00:00:00,1.10146,1.10301,1.09363,1.09625,159481150080
20151104,00:00:00,1.09620,1.09678,1.08442,1.08647,175826490000
20151105,00:00:00,1.08643,1.08972,1.08336,1.08833,175104879880
20151106,00:00:00,1.08831,1.08937,1.07056,1.07377,185402259940
20151109,00:00:00,1.07284,1.07899,1.07195,1.07511,187721289940
20151110,00:00:00,1.07519,1.07640,1.06744,1.07241,165306730100
20151111,00:00:00,1.07241,1.07737,1.07059,1.07423,159161330020
20151112,00:00:00,1.07415,1.08300,1.06912,1.08126,205920140040
20151113,00:00:00,1.08130,1.08169,1.07140,1.07701,183677199640
20151116,00:00:00,1.07397,1.07580,1.06745,1.06858,194706570040
20151117,00:00:00,1.06862,1.06906,1.06308,1.06419,193936220150
20151118,00:00:00,1.06419,1.06923,1.06168,1.06589,175966579970
20151119,00:00:00,1.06591,1.07629,1.06551,1.07332,203502820350
20151120,00:00:00,1.07329,1.07379,1.06398,1.06450,188927699870
20151123,00:00:00,1.06383,1.06567,1.05926,1.06362,181651009910
20151124,00:00:00,1.06367,1.06734,1.06196,1.06427,179540299820
20151125,00:00:00,1.06428,1.06892,1.05660,1.06247,199821089880
20151126,00:00:00,1.06241,1.06272,1.05999,1.06097,111555689860
20151127,00:00:00,1.06097,1.06380,1.05684,1.05923,136709650050
20151130,00:00:00,1.05883,1.05950,1.05579,1.05638,165988399770
20151201,00:00:00,1.05638,1.06370,1.05632,1.06320,212294089890
20151202,00:00:00,1.06317,1.06363,1.05508,1.06132,217246350120
20151203,00:00:00,1.06132,1.09812,1.05220,1.09387,290030449920
20151204,00:00:00,1.09387,1.09562,1.08361,1.08818,269600500210
20151207,00:00:00,1.08703,1.08871,1.07960,1.08369,183345960010
20151208,00:00:00,1.08369,1.09023,1.08301,1.08916,202229230250
20151209,00:00:00,1.08915,1.10426,1.08791,1.10238,218237270080
20151210,00:00:00,1.10240,1.10245,1.09252,1.09402,195068189950
20151211,00:00:00,1.09405,1.10307,1.09265,1.09928,196607580250
20151214,00:00:00,1.09836,1.10485,1.09455,1.09913,230957169820
20151215,00:00:00,1.09913,1.10596,1.09046,1.09284,211975310130
20151216,00:00:00,1.09282,1.10116,1.08879,1.09116,232096729970
20151217,00:00:00,1.09116,1.09134,1.08026,1.08254,209435370060
20151218,00:00:00,1.08261,1.08745,1.08049,1.08632,203039869980
20151221,00:00:00,1.08539,1.09389,1.08479,1.09142,183716130150
20151222,00:00:00,1.09143,1.09842,1.09022,1.09560,161155159940
20151223,00:00:00,1.09563,1.09569,1.08700,1.09111,136343450090
20151224,00:00:00,1.09111,1.09673,1.09032,1.09602,85480040080
20151225,00:00:00,1.09574,1.09734,1.09431,1.09646,5160540000
20151228,00:00:00,1.09528,1.09923,1.09479,1.09672,117117869910
20151229,00:00:00,1.09672,1.09917,1.08991,1.09195,127875600000
20151230,00:00:00,1.09193,1.09436,1.09020,1.09318,130725629970
20151231,00:00:00,1.09315,1.09372,1.08529,1.08564,107222009990
20160104,00:00:00,1.08730,1.09463,1.07812,1.08296,194091779910
20160105,00:00:00,1.08303,1.08388,1.07107,1.07476,202228649830
20160106,00:00:00,1.07474,1.07993,1.07148,1.07800,226700859860
20160107,00:00:00,1.07801,1.09401,1.07710,1.09292,246105290210
20160108,00:00:00,1.09295,1.09333,1.08033,1.09235,232983829740
20160111,00:00:00,1.09172,1.09697,1.08479,1.08590,211447160040
20160112,00:00:00,1.08593,1.09002,1.08197,1.08570,239433229660
20160113,00:00:00,1.08560,1.08878,1.08049,1.08769,255418570100
20160114,00:00:00,1.08769,1.09432,1.08346,1.08645,288269689970
20160115,00:00:00,1.08648,1.09846,1.08543,1.09150,308851370020
20160118,00:00:00,1.09218,1.09276,1.08689,1.08910,198004919790
20160119,00:00:00,1.08906,1.09389,1.08595,1.09073,272612680320
20160120,00:00:00,1.09074,1.09760,1.08772,1.08883,322289520220
20160121,00:00:00,1.08890,1.09210,1.07780,1.08733,360950220360
20160122,00:00:00,1.08734,1.08765,1.07892,1.07947,345130940470
20160125,00:00:00,1.07913,1.08569,1.07893,1.08486,279265990180
20160126,00:00:00,1.08488,1.08743,1.08187,1.08697,288099910220
20160127,00:00:00,1.08697,1.09164,1.08507,1.08932,307170169800
20160128,00:00:00,1.08932,1.09676,1.08697,1.09391,316636350250
20160129,00:00:00,1.09385,1.09485,1.08100,1.08300,347531700280
20160201,00:00:00,1.08310,1.09128,1.08147,1.08877,290960059810
20160202,00:00:00,1.08878,1.09399,1.08833,1.09184,287426959820
20160203,00:00:00,1.09184,1.11455,1.09038,1.11029,354030350070
20160204,00:00:00,1.11033,1.12389,1.10696,1.12072,379702259590
20160205,00:00:00,1.12070,1.12470,1.11088,1.11561,332767960020
20160208,00:00:00,1.11420,1.12159,1.10865,1.11926,358101859840
20160209,00:00:00,1.11926,1.13379,1.11624,1.12923,402725329670
20160210,00:00:00,1.12928,1.13115,1.11606,1.12890,411370430140
20160211,00:00:00,1.12884,1.13762,1.12741,1.13224,416562019790
20160212,00:00:00,1.13225,1.13338,1.12141,1.12532,350697650090
20160215,00:00:00,1.12347,1.12499,1.11280,1.11544,262263809890
20160216,00:00:00,1.11544,1.11931,1.11242,1.11433,329522200390
20160217,00:00:00,1.11435,1.11790,1.11060,1.11267,335300490100
20160218,00:00:00,1.11271,1.11497,1.10710,1.11062,346184920400
20160219,00:00:00,1.11058,1.11392,1.10669,1.11284,327867410140
20160222,00:00:00,1.11103,1.11246,1.10032,1.10292,325794800240
20160223,00:00:00,1.10292,1.10527,1.09901,1.10190,325335630220
20160224,00:00:00,1.10187,1.10461,1.09573,1.10132,361199430270
20160225,00:00:00,1.10132,1.10498,1.09867,1.10176,339627549810
20160226,00:00:00,1.10176,1.10683,1.09116,1.09300,346794070240
20160229,00:00:00,1.09159,1.09625,1.08593,1.08728,347235809720
20160301,00:00:00,1.08724,1.08935,1.08342,1.08659,345456560080
20160302,00:00:00,1.08658,1.08809,1.08255,1.08676,338855790160
20160303,00:00:00,1.08678,1.09727,1.08536,1.09562,335165540020
20160304,00:00:00,1.09565,1.10434,1.09034,1.10055,347807980230
20160307,00:00:00,1.09886,1.10258,1.09400,1.10133,315650130140
20160308,00:00:00,1.10125,1.10578,1.09936,1.10104,321544460350
20160309,00:00:00,1.10106,1.10349,1.09461,1.09994,329344469600
20160310,00:00:00,1.09988,1.12179,1.08222,1.11766,387313590040
20160311,00:00:00,1.11770,1.12096,1.10803,1.11468,338965719590
20160313,00:00:00,1.11355,1.11450,1.11339,1.11439,1437590000
20160314,00:00:00,1.11443,1.11763,1.10779,1.11014,316205709920
20160315,00:00:00,1.11014,1.11248,1.10719,1.11051,374032890050
20160316,00:00:00,1.11051,1.12421,1.10579,1.12122,342667500460
20160317,00:00:00,1.12125,1.13425,1.12055,1.13142,396142469610
20160318,00:00:00,1.13142,1.13368,1.12562,1.12696,333420080070
20160320,00:00:00,1.12575,1.12711,1.12575,1.12668,1832870000
20160321,00:00:00,1.12664,1.12848,1.12345,1.12387,292055250020
20160322,00:00:00,1.12389,1.12599,1.11885,1.12150,310703639980
20160323,00:00:00,1.12152,1.12234,1.11594,1.11799,293121019920
20160324,00:00:00,1.11801,1.11877,1.11442,1.11789,275332549920
20160325,00:00:00,1.11789,1.11794,1.11529,1.11624,59149320110
20160328,00:00:00,1.11615,1.12198,1.11530,1.11960,162588360130
20160329,00:00:00,1.11960,1.13033,1.11690,1.12901,309549469760
20160330,00:00:00,1.12905,1.13654,1.12833,1.13368,332806190470
20160331,00:00:00,1.13363,1.14118,1.13101,1.13783,303079469820
20160401,00:00:00,1.13783,1.14379,1.13347,1.13899,272921910090
20160404,00:00:00,1.13999,1.14125,1.13574,1.13885,252953909920
20160405,00:00:00,1.13885,1.14050,1.13359,1.13830,243832210070
20160406,00:00:00,1.13824,1.14316,1.13266,1.13986,254903790170
20160407,00:00:00,1.13986,1.14539,1.13376,1.13770,281046359790
20160408,00:00:00,1.13768,1.14193,1.13491,1.13950,248955730110
20160411,00:00:00,1.14127,1.14473,1.13723,1.14074,241219569680
20160412,00:00:00,1.14074,1.14649,1.13453,1.13840,252648349960
20160413,00:00:00,1.13840,1.13912,1.12682,1.12733,270934400190
20160414,00:00:00,1.12732,1.12948,1.12339,1.12676,241069079960
20160415,00:00:00,1.12675,1.13169,1.12457,1.12823,207825639870
20160418,00:00:00,1.13002,1.13321,1.12737,1.13123,209840519970
20160419,00:00:00,1.13122,1.13845,1.13034,1.13573,221640489970
20160420,00:00:00,1.13576,1.13876,1.12905,1.12965,246798239660
20160421,00:00:00,1.12960,1.13981,1.12699,1.12869,266748660130
20160422,00:00:00,1.12866,1.13087,1.12181,1.12227,241548079910
20160425,00:00:00,1.12162,1.12781,1.12150,1.12669,240171469660
20160426,00:00:00,1.12667,1.13397,1.12562,1.12954,257917569800
20160427,00:00:00,1.12952,1.13610,1.12715,1.13209,268827680220
20160428,00:00:00,1.13205,1.13679,1.12959,1.13514,297870230540
20160429,00:00:00,1.13500,1.14592,1.13465,1.14503,282901470090
20160502,00:00:00,1.14593,1.15360,1.14482,1.15336,220970800370
20160503,00:00:00,1.15329,1.16162,1.14955,1.14956,266664069850
20160504,00:00:00,1.14956,1.15294,1.14661,1.14851,276761439850
20160505,00:00:00,1.14838,1.14938,1.13859,1.14048,226028999890
20160506,00:00:00,1.14048,1.14802,1.13866,1.14021,242122019750
20160509,00:00:00,1.13936,1.14199,1.13753,1.13832,211812880250
20160510,00:00:00,1.13832,1.14098,1.13587,1.13715,209001669770
20160511,00:00:00,1.13715,1.14466,1.13687,1.14257,181881610000
20160512,00:00:00,1.14256,1.14291,1.13706,1.13762,196519809730
20160513,00:00:00,1.13757,1.13796,1.12830,1.13097,248176900150
20160516,00:00:00,1.13100,1.13422,1.13021,1.13191,177779300090
20160517,00:00:00,1.13199,1.13487,1.13020,1.13124,188299020090
20160518,00:00:00,1.13125,1.13162,1.12141,1.12159,233486940090
20160519,00:00:00,1.12158,1.12299,1.11801,1.12024,236063639960
20160520,00:00:00,1.12023,1.12375,1.11963,1.12222,171905099910
20160523,00:00:00,1.12081,1.12428,1.11875,1.12196,179119179910
20160524,00:00:00,1.12201,1.12271,1.11324,1.11405,213086070180
20160525,00:00:00,1.11404,1.11669,1.11289,1.11543,213094369960
20160526,00:00:00,1.11547,1.12168,1.11495,1.11935,214069830080
20160527,00:00:00,1.11934,1.12007,1.11109,1.11116,186480809980
20160530,00:00:00,1.11126,1.11447,1.10978,1.11365,121456029930
20160531,00:00:00,1.11365,1.11734,1.11222,1.11316,215804709810
20160601,00:00:00,1.11314,1.11939,1.11141,1.11878,221945529840
20160602,00:00:00,1.11877,1.12199,1.11453,1.11504,211560809720
20160603,00:00:00,1.11501,1.13736,1.11367,1.13658,239135730300
20160606,00:00:00,1.13533,1.13926,1.13263,1.13534,230912579790
20160607,00:00:00,1.13528,1.13804,1.13386,1.13567,181259029670
20160608,00:00:00,1.13562,1.14106,1.13542,1.13942,199716630160
20160609,00:00:00,1.13942,1.14155,1.13056,1.13147,204208809880
20160610,00:00:00,1.13145,1.13214,1.12452,1.12498,205194779840
20160613,00:00:00,1.12480,1.13028,1.12323,1.12901,204418410180
20160614,00:00:00,1.12899,1.12985,1.11889,1.12068,199570410290
20160615,00:00:00,1.12042,1.12975,1.11897,1.12588,202423389970
20160616,00:00:00,1.12594,1.12949,1.11310,1.12237,262307099860
20160617,00:00:00,1.12241,1.12962,1.12223,1.12732,215448840050
20160620,00:00:00,1.13285,1.13824,1.13020,1.13103,243568679810
20160621,00:00:00,1.13100,1.13495,1.12414,1.12420,221015650080
20160622,00:00:00,1.12420,1.13377,1.12366,1.12960,223666640320
20160623,00:00:00,1.12960,1.14213,1.12948,1.13798,242770030270
20160624,00:00:00,1.13795,1.14278,1.09116,1.10913,375434360390
20160627,00:00:00,1.10073,1.10837,1.09709,1.10238,305642900120
20160628,00:00:00,1.10237,1.11116,1.10101,1.10633,241222939940
20160629,00:00:00,1.10628,1.11303,1.10494,1.11235,244211249830
20160630,00:00:00,1.11239,1.11545,1.10241,1.11064,274947810070
20160701,00:00:00,1.11061,1.11693,1.10720,1.11365,231580120020
20160704,00:00:00,1.11253,1.11595,1.10979,1.11523,152214820040
20160705,00:00:00,1.11533,1.11863,1.10623,1.10746,213970110010
20160706,00:00:00,1.10756,1.11116,1.10291,1.10996,243265819630
20160707,00:00:00,1.10996,1.11072,1.10526,1.10617,204540490060
20160708,00:00:00,1.10604,1.11201,1.10018,1.10497,199960810080
20160711,00:00:00,1.10456,1.10746,1.10159,1.10564,198073359990
20160712,00:00:00,1.10563,1.11259,1.10521,1.10599,219158319810
20160713,00:00:00,1.10602,1.11199,1.10420,1.10892,224822329860
20160714,00:00:00,1.10884,1.11648,1.10875,1.11169,240710659630
20160715,00:00:00,1.11163,1.11488,1.10248,1.10295,231826340050
20160718,00:00:00,1.10454,1.10842,1.10376,1.10749,184778680150
20160719,00:00:00,1.10747,1.10804,1.10000,1.10195,202060590220
20160720,00:00:00,1.10196,1.10301,1.09815,1.10134,644212319870
20160721,00:00:00,1.10134,1.10599,1.09796,1.10243,1105321059030
20160722,00:00:00,1.10243,1.10410,1.09555,1.09754,994620810330
20160725,00:00:00,1.09713,1.09987,1.09519,1.09947,896479660550
20160726,00:00:00,1.09947,1.10298,1.09783,1.09862,870568350780
20160727,00:00:00,1.09862,1.10648,1.09612,1.10579,889236829840
20160728,00:00:00,1.10579,1.11195,1.10519,1.10755,1119339140890
20160729,00:00:00,1.10748,1.11974,1.10727,1.11726,1109986520420
20160801,00:00:00,1.11726,1.11836,1.11552,1.11611,818361130060
20160802,00:00:00,1.11611,1.12336,1.11578,1.12215,1029100560920
20160803,00:00:00,1.12215,1.12268,1.11406,1.11491,905255429720
20160804,00:00:00,1.11491,1.11563,1.11140,1.11273,952442711240
20160805,00:00:00,1.11273,1.11612,1.10458,1.10854,875836279880
20160808,00:00:00,1.10777,1.11049,1.10721,1.10877,793851799980
20160809,00:00:00,1.10879,1.11225,1.10705,1.11163,813734980230
20160810,00:00:00,1.11164,1.11901,1.11121,1.11753,897185740410
20160811,00:00:00,1.11757,1.11914,1.11354,1.11372,782003018000
20160812,00:00:00,1.11372,1.12213,1.11313,1.11621,769045120490
20160815,00:00:00,1.11670,1.12034,1.11538,1.11832,764520980060
20160816,00:00:00,1.11825,1.13223,1.11774,1.12780,879843120490
20160817,00:00:00,1.12776,1.13159,1.12407,1.12883,793861280540
20160818,00:00:00,1.12883,1.13663,1.12853,1.13529,831054400070
20160819,00:00:00,1.13528,1.13596,1.13042,1.13216,778257069930
20160822,00:00:00,1.13088,1.13306,1.12710,1.13200,1056731539100
20160823,00:00:00,1.13200,1.13553,1.13032,1.13052,937632150690
20160824,00:00:00,1.13052,1.13115,1.12452,1.12636,912469070250
20160825,00:00:00,1.12633,1.12974,1.12592,1.12840,611414540210
20160826,00:00:00,1.12794,1.13408,1.11804,1.11951,740307999240
20160829,00:00:00,1.11752,1.12077,1.11580,1.11885,807142470550
20160830,00:00:00,1.11885,1.11923,1.11321,1.11430,998822359500
20160831,00:00:00,1.11427,1.11654,1.11232,1.11574,1087408210970
20160901,00:00:00,1.11573,1.12051,1.11276,1.11965,1151142478640
20160902,00:00:00,1.11962,1.12521,1.11503,1.11539,1117497837920
20160905,00:00:00,1.11559,1.11824,1.11395,1.11468,782413979100
20160906,00:00:00,1.11467,1.12631,1.11409,1.12550,1132426300320
20160907,00:00:00,1.12550,1.12714,1.12290,1.12392,1074537550860
20160908,00:00:00,1.12389,1.13269,1.12345,1.12596,1226531510860
20160909,00:00:00,1.12597,1.12850,1.11985,1.12318,1192489938740
20160912,00:00:00,1.12343,1.12684,1.12103,1.12348,1203302038850
20160913,00:00:00,1.12347,1.12602,1.12039,1.12184,1165638760420
20160914,00:00:00,1.12184,1.12740,1.12100,1.12487,1116643980560
20160915,00:00:00,1.12487,1.12843,1.12190,1.12436,1062290440570
20160916,00:00:00,1.12426,1.12501,1.11495,1.11509,1088409209890
20160919,00:00:00,1.11500,1.11978,1.11497,1.11736,1152286169150
20160920,00:00:00,1.11736,1.12134,1.11499,1.11503,1123909270540
20160921,00:00:00,1.11502,1.11966,1.11230,1.11870,1282111260310
20160922,00:00:00,1.11870,1.12573,1.11849,1.12080,1350677800190
20160923,00:00:00,1.12080,1.12405,1.11938,1.12237,1202764370490
20160926,00:00:00,1.12294,1.12792,1.12211,1.12532,1201494630280
20160927,00:00:00,1.12532,1.12589,1.11910,1.12146,1191271319420
20160928,00:00:00,1.12145,1.12369,1.11820,1.12172,1299657740270
20160929,00:00:00,1.12166,1.12497,1.11968,1.12213,1377870790770
20160930,00:00:00,1.12213,1.12507,1.11533,1.12392,1469805340110
20161003,00:00:00,1.12287,1.12442,1.12052,1.12104,996708870110
20161004,00:00:00,1.12104,1.12391,1.11379,1.12027,1244796940010
20161005,00:00:00,1.12022,1.12333,1.11897,1.12044,1136936510490
20161006,00:00:00,1.12044,1.12124,1.11399,1.11497,1061039060610
20161007,00:00:00,1.11497,1.12051,1.11043,1.11986,1287979529240
20161010,00:00:00,1.11815,1.12032,1.11314,1.11375,996432081250
20161011,00:00:00,1.11371,1.11423,1.10488,1.10529,1043611860060
20161012,00:00:00,1.10533,1.10676,1.10044,1.10062,1129528819430
20161013,00:00:00,1.10062,1.10576,1.09855,1.10550,1040083569830
20161014,00:00:00,1.10550,1.10581,1.09705,1.09715,1101272410470
20161017,00:00:00,1.09690,1.10079,1.09638,1.09995,1037587820450
20161018,00:00:00,1.09983,1.10263,1.09700,1.09807,976335689150
20161019,00:00:00,1.09805,1.10048,1.09550,1.09736,959684740520
20161020,00:00:00,1.09736,1.10392,1.09159,1.09292,1027220109130
20161021,00:00:00,1.09288,1.09297,1.08592,1.08818,991273110230
20161024,00:00:00,1.08811,1.08996,1.08596,1.08811,527967830380
20161025,00:00:00,1.08812,1.09050,1.08511,1.08879,194777580240
20161026,00:00:00,1.08878,1.09464,1.08744,1.09076,190674289950
20161027,00:00:00,1.09076,1.09422,1.08826,1.08952,182073670160
20161028,00:00:00,1.08954,1.09917,1.08929,1.09824,193953190140
20161030,00:00:00,1.09896,1.09912,1.09780,1.09848,1126120000
20161031,00:00:00,1.09846,1.09905,1.09359,1.09766,176408059960
20161101,00:00:00,1.09766,1.10690,1.09599,1.10571,223399089560
20161102,00:00:00,1.10571,1.11230,1.10496,1.10953,244137660050
20161103,00:00:00,1.10960,1.11259,1.10596,1.11058,254314829860
20161104,00:00:00,1.11061,1.11412,1.10798,1.11378,222302999960
20161107,00:00:00,1.10637,1.11103,1.10274,1.10401,230736960120
20161108,00:00:00,1.10401,1.10669,1.10088,1.10256,208387689880
20161109,00:00:00,1.10256,1.12995,1.09070,1.09094,433704039540
20161110,00:00:00,1.09094,1.09537,1.08649,1.08914,314775839770
20161111,00:00:00,1.08906,1.09234,1.08303,1.08516,295545440020
20161114,00:00:00,1.08330,1.08401,1.07091,1.07364,365084819870
20161115,00:00:00,1.07362,1.08166,1.07141,1.07206,307281340280
20161116,00:00:00,1.07206,1.07595,1.06661,1.06906,282528189920
20161117,00:00:00,1.06904,1.07455,1.06199,1.06262,247077769670
20161118,00:00:00,1.06268,1.06428,1.05692,1.05866,269817809800
20161121,00:00:00,1.05922,1.06491,1.05788,1.06272,237146550200
20161122,00:00:00,1.06272,1.06579,1.05836,1.06260,226816290060
20161123,00:00:00,1.06263,1.06436,1.05263,1.05534,219685729650
20161124,00:00:00,1.05527,1.05852,1.05180,1.05518,186858440120
20161125,00:00:00,1.05501,1.06273,1.05384,1.05901,219010830470
20161128,00:00:00,1.06111,1.06856,1.05636,1.06133,233019860340
20161129,00:00:00,1.06130,1.06542,1.05649,1.06492,229007079960
20161130,00:00:00,1.06490,1.06666,1.05527,1.05881,276131930110
20161201,00:00:00,1.05879,1.06688,1.05846,1.06607,280563080240
20161202,00:00:00,1.06602,1.06898,1.06253,1.06632,253743260100
20161205,00:00:00,1.06262,1.07963,1.05055,1.07635,326377220400
20161206,00:00:00,1.07633,1.07853,1.06986,1.07185,218259040400
20161207,00:00:00,1.07165,1.07684,1.07098,1.07526,175770199880
20161208,00:00:00,1.07523,1.08734,1.05973,1.06144,246347819750
20161209,00:00:00,1.06145,1.06297,1.05310,1.05591,200763179840
20161212,00:00:00,1.05312,1.06517,1.05254,1.06342,219920990260
20161213,00:00:00,1.06341,1.06671,1.06037,1.06246,209495559810
20161214,00:00:00,1.06246,1.06700,1.04965,1.05335,229415539860
20161215,00:00:00,1.05335,1.05390,1.03665,1.04131,285811270400
20161216,00:00:00,1.04131,1.04742,1.04008,1.04483,217448879970
20161219,00:00:00,1.04385,1.04795,1.03924,1.04027,187430590020
20161220,00:00:00,1.04027,1.04178,1.03523,1.03882,188486910100
20161221,00:00:00,1.03883,1.04511,1.03824,1.04237,173049559760
20161222,00:00:00,1.04239,1.04993,1.04229,1.04360,171129250000
20161223,00:00:00,1.04357,1.04690,1.04265,1.04532,117319980050
20161226,00:00:00,1.04416,1.04674,1.04380,1.04511,99108639950
20161227,00:00:00,1.04506,1.04633,1.04324,1.04553,109398340090
20161228,00:00:00,1.04544,1.04798,1.03721,1.04112,151221280230
20161229,00:00:00,1.04110,1.04939,1.04083,1.04894,171482130180
20161230,00:00:00,1.04868,1.06526,1.04829,1.05150,214355269870
20170102,00:00:00,1.05148,1.05288,1.04501,1.04542,79355610030
20170103,00:00:00,1.04535,1.04901,1.03403,1.04054,218401310020
20170104,00:00:00,1.04051,1.04998,1.03900,1.04889,231031059830
20170105,00:00:00,1.04889,1.06153,1.04807,1.06058,272354470060
20170106,00:00:00,1.06053,1.06221,1.05250,1.05290,232906849910
20170109,00:00:00,1.05300,1.05828,1.05109,1.05726,218214109730
20170110,00:00:00,1.05728,1.06272,1.05509,1.05540,230451780070
20170111,00:00:00,1.05548,1.06229,1.04538,1.05822,285589930010
20170112,00:00:00,1.05824,1.06847,1.05714,1.06123,282270730270
20170113,00:00:00,1.06121,1.06734,1.05961,1.06420,233694039890
20170116,00:00:00,1.06039,1.06358,1.05793,1.05986,174768770190
20170117,00:00:00,1.05986,1.07191,1.05974,1.07135,285569910230
20170118,00:00:00,1.07126,1.07151,1.06285,1.06293,240388560090
20170119,00:00:00,1.06293,1.06766,1.05892,1.06634,276420120270
20170120,00:00:00,1.06630,1.07094,1.06251,1.06990,232571280210
20170123,00:00:00,1.07027,1.07688,1.06941,1.07634,218073019990
20170124,00:00:00,1.07635,1.07749,1.07204,1.07310,192187179810
20170125,00:00:00,1.07309,1.07698,1.07112,1.07470,233525009850
20170126,00:00:00,1.07470,1.07655,1.06576,1.06827,242892669670
20170127,00:00:00,1.06826,1.07250,1.06584,1.06958,216545389780
20170130,00:00:00,1.07213,1.07402,1.06203,1.06948,213630290050
20170131,00:00:00,1.06948,1.08122,1.06846,1.07974,283173409540
20170201,00:00:00,1.07972,1.08073,1.07310,1.07681,244311750100
20170202,00:00:00,1.07686,1.08288,1.07560,1.07578,244494179850
20170203,00:00:00,1.07575,1.07975,1.07115,1.07818,233628400460
20170206,00:00:00,1.07896,1.07915,1.07059,1.07494,221099270060
20170207,00:00:00,1.07502,1.07506,1.06561,1.06830,231860950310
20170208,00:00:00,1.06832,1.07139,1.06407,1.06983,238445559810
20170209,00:00:00,1.06980,1.07095,1.06509,1.06545,233800950280
20170210,00:00:00,1.06545,1.06677,1.06077,1.06397,243459749500
20170213,00:00:00,1.06285,1.06585,1.05920,1.05979,199877729840
20170214,00:00:00,1.05975,1.06333,1.05608,1.05774,219755629860
20170215,00:00:00,1.05774,1.06092,1.05214,1.05999,238988110000
20170216,00:00:00,1.05998,1.06794,1.05911,1.06733,246289710000
20170217,00:00:00,1.06733,1.06767,1.06054,1.06114,209979849880
20170220,00:00:00,1.06075,1.06329,1.06031,1.06108,145367799970
20170221,00:00:00,1.06108,1.06150,1.05258,1.05366,226059880290
20170222,00:00:00,1.05366,1.05740,1.04938,1.05573,270228019780
20170223,00:00:00,1.05568,1.05952,1.05376,1.05815,239946899350
20170224,00:00:00,1.05817,1.06179,1.05565,1.05595,239719360170
20170227,00:00:00,1.05637,1.06306,1.05515,1.05859,224388329940
20170228,00:00:00,1.05866,1.06301,1.05693,1.05762,255313479810
20170301,00:00:00,1.05762,1.05894,1.05142,1.05471,286450549980
20170302,00:00:00,1.05471,1.05511,1.04948,1.05064,243100360240
20170303,00:00:00,1.05055,1.06239,1.05022,1.06203,248287929640
20170306,00:00:00,1.06097,1.06399,1.05747,1.05807,201595980250
20170307,00:00:00,1.05805,1.06025,1.05581,1.05663,192012309880
20170308,00:00:00,1.05655,1.05741,1.05347,1.05402,204400569940
20170309,00:00:00,1.05398,1.06151,1.05249,1.05766,231916910230
20170310,00:00:00,1.05766,1.06990,1.05721,1.06728,216220310030
20170312,00:00:00,1.06747,1.06875,1.06747,1.06853,1054090000
20170313,00:00:00,1.06853,1.07142,1.06520,1.06538,207706389930
20170314,00:00:00,1.06536,1.06624,1.06003,1.06082,182083489920
20170315,00:00:00,1.06082,1.07399,1.06047,1.07361,207528650210
20170316,00:00:00,1.07360,1.07742,1.07057,1.07718,238402590000
20170317,00:00:00,1.07715,1.07823,1.07274,1.07382,194085350090
20170319,00:00:00,1.07318,1.07404,1.07317,1.07389,962430000
20170320,00:00:00,1.07390,1.07772,1.07251,1.07367,168422499870
20170321,00:00:00,1.07371,1.08191,1.07190,1.08064,223534739860
20170322,00:00:00,1.08066,1.08245,1.07758,1.07923,222587900070
20170323,00:00:00,1.07924,1.08048,1.07680,1.07826,206986920170
20170324,00:00:00,1.07825,1.08179,1.07602,1.07969,195100310090
20170327,00:00:00,1.08350,1.09058,1.08264,1.08638,192228590430
20170328,00:00:00,1.08640,1.08725,1.07988,1.08125,166485889690
20170329,00:00:00,1.08114,1.08264,1.07398,1.07655,178126730070
20170330,00:00:00,1.07654,1.07696,1.06718,1.06744,162582939910
20170331,00:00:00,1.06743,1.07018,1.06508,1.06528,191398859900
20170403,00:00:00,1.06594,1.06809,1.06423,1.06691,173710199810
20170404,00:00:00,1.06688,1.06770,1.06355,1.06729,163350730100
20170405,00:00:00,1.06729,1.06889,1.06349,1.06627,194679130000
20170406,00:00:00,1.06625,1.06840,1.06289,1.06438,182825120130
20170407,00:00:00,1.06438,1.06659,1.05806,1.05889,204616280150
20170410,00:00:00,1.05866,1.06064,1.05698,1.05957,146447410020
20170411,00:00:00,1.05954,1.06299,1.05785,1.06042,158185940060
20170412,00:00:00,1.06042,1.06751,1.05890,1.06651,181575119870
20170413,00:00:00,1.06651,1.06775,1.06094,1.06131,165645700060
20170414,00:00:00,1.06131,1.06294,1.06060,1.06105,61636630020
20170417,00:00:00,1.06129,1.06703,1.06028,1.06424,107587680080
20170418,00:00:00,1.06418,1.07359,1.06372,1.07296,189044230160
20170419,00:00:00,1.07296,1.07367,1.06998,1.07101,156784909830
20170420,00:00:00,1.07092,1.07775,1.07086,1.07165,163100920140
20170421,00:00:00,1.07164,1.07379,1.06822,1.07237,154282479930
20170424,00:00:00,1.09164,1.09164,1.08207,1.08672,217866190050
20170425,00:00:00,1.08672,1.09499,1.08512,1.09258,179273819750
20170426,00:00:00,1.09247,1.09507,1.08557,1.09037,201855350090
20170427,00:00:00,1.09037,1.09327,1.08517,1.08718,179525120040
20170428,00:00:00,1.08716,1.09474,1.08571,1.08961,170711079910
20170501,00:00:00,1.09099,1.09239,1.08840,1.08982,84550530040
20170502,00:00:00,1.08985,1.09330,1.08881,1.09293,134849490010
20170503,00:00:00,1.09294,1.09367,1.08827,1.08856,152766149850
20170504,00:00:00,1.08845,1.09870,1.08749,1.09845,186126579970
20170505,00:00:00,1.09843,1.09995,1.09494,1.09950,166609770160
20170508,00:00:00,1.10188,1.10216,1.09164,1.09235,185944559960
20170509,00:00:00,1.09237,1.09333,1.08633,1.08730,175490739960
20170510,00:00:00,1.08729,1.08980,1.08532,1.08673,159573020080
20170511,00:00:00,1.08672,1.08929,1.08390,1.08612,143313290070
20170512,00:00:00,1.08612,1.09342,1.08556,1.09310,153079359900
20170515,00:00:00,1.09288,1.09893,1.09225,1.09749,141905890010
20170516,00:00:00,1.09748,1.10971,1.09731,1.10826,166758249830
20170517,00:00:00,1.10824,1.11620,1.10794,1.11584,213770859830
20170518,00:00:00,1.11584,1.11719,1.10757,1.11028,258961570140
20170519,00:00:00,1.11026,1.12117,1.10968,1.12065,213159800620
20170522,00:00:00,1.11917,1.12634,1.11614,1.12372,204314070180
20170523,00:00:00,1.12372,1.12682,1.11750,1.11826,239523549930
20170524,00:00:00,1.11822,1.12199,1.11685,1.12185,229263069910
20170525,00:00:00,1.12182,1.12503,1.11937,1.12102,196428569990
20170526,00:00:00,1.12101,1.12346,1.11605,1.11799,192234750160
20170529,00:00:00,1.11701,1.11898,1.11618,1.11624,110771710080
20170530,00:00:00,1.11623,1.12054,1.11094,1.11856,191153829660
20170531,00:00:00,1.11854,1.12521,1.11645,1.12431,187343119940
20170601,00:00:00,1.12430,1.12566,1.12021,1.12122,167623919920
20170602,00:00:00,1.12124,1.12850,1.12049,1.12825,163181940070
20170605,00:00:00,1.12703,1.12837,1.12342,1.12541,120962469900
20170606,00:00:00,1.12543,1.12842,1.12404,1.12771,165966360040
20170607,00:00:00,1.12771,1.12823,1.12039,1.12554,187782989950
20170608,00:00:00,1.12552,1.12690,1.11947,1.12122,193583460040
20170609,00:00:00,1.12123,1.12366,1.11663,1.11941,218531939980
20170612,00:00:00,1.12061,1.12321,1.11918,1.12029,162694969850
20170613,00:00:00,1.12033,1.12249,1.11852,1.12107,156711959930
20170614,00:00:00,1.12106,1.12958,1.11930,1.12170,220978700360
20170615,00:00:00,1.12173,1.12285,1.11321,1.11450,215508490070
20170616,00:00:00,1.11450,1.12016,1.11384,1.11968,183133720090
20170619,00:00:00,1.12053,1.12128,1.11431,1.11483,184147959560
20170620,00:00:00,1.11480,1.11648,1.11188,1.11336,226580780400
20170621,00:00:00,1.11335,1.11690,1.11272,1.11680,199229700350
20170622,00:00:00,1.11681,1.11779,1.11392,1.11516,196403330140
20170623,00:00:00,1.11511,1.12089,1.11452,1.11918,173203059920
20170626,00:00:00,1.11963,1.12198,1.11717,1.11815,181698970080
20170627,00:00:00,1.11822,1.13494,1.11788,1.13385,248870179750
20170628,00:00:00,1.13384,1.13906,1.12917,1.13775,259588169730
20170629,00:00:00,1.13775,1.14455,1.13744,1.14402,243525829980
20170630,00:00:00,1.14400,1.14452,1.13921,1.14251,219235160160
20170703,00:00:00,1.14175,1.14266,1.13550,1.13641,171361230050
20170704,00:00:00,1.13638,1.13769,1.13359,1.13427,156516949980
20170705,00:00:00,1.13413,1.13685,1.13123,1.13513,208179829890
20170706,00:00:00,1.13512,1.14247,1.13299,1.14229,201796179880
20170707,00:00:00,1.14221,1.14398,1.13796,1.13996,202669040220
20170710,00:00:00,1.13966,1.14180,1.13817,1.13991,159092620030
20170711,00:00:00,1.13992,1.14797,1.13828,1.14674,188241069930
20170712,00:00:00,1.14674,1.14893,1.13916,1.14116,230376750030
20170713,00:00:00,1.14115,1.14558,1.13705,1.13973,208988369820
20170714,00:00:00,1.13973,1.14719,1.13914,1.14685,204864500100
20170717,00:00:00,1.14700,1.14870,1.14348,1.14780,192010029910
20170718,00:00:00,1.14783,1.15831,1.14714,1.15538,248509109920
20170719,00:00:00,1.15537,1.15561,1.15099,1.15142,201411530210
20170720,00:00:00,1.15144,1.16580,1.14792,1.16304,273654990150
20170721,00:00:00,1.16286,1.16828,1.16190,1.16622,235835169870
20170724,00:00:00,1.16635,1.16842,1.16259,1.16413,201706610060
20170725,00:00:00,1.16407,1.17121,1.16308,1.16467,224999069930
20170726,00:00:00,1.16464,1.17399,1.16125,1.17332,251952479950
20170727,00:00:00,1.17330,1.17767,1.16501,1.16753,268704699930
20170728,00:00:00,1.16752,1.17639,1.16711,1.17478,249151510230
20170731,00:00:00,1.17456,1.18454,1.17231,1.18414,233045320190
20170801,00:00:00,1.18414,1.18443,1.17852,1.18014,233868920220
20170802,00:00:00,1.18014,1.19100,1.17937,1.18555,236360220310
20170803,00:00:00,1.18555,1.18930,1.18305,1.18690,221044269710
20170804,00:00:00,1.18688,1.18891,1.17281,1.17730,229173469730
20170807,00:00:00,1.17734,1.18140,1.17706,1.17951,182286740060
20170808,00:00:00,1.17952,1.18238,1.17151,1.17509,206148800260
20170809,00:00:00,1.17509,1.17639,1.16891,1.17586,278939049730
20170810,00:00:00,1.17583,1.17851,1.17041,1.17714,222504469850
20170811,00:00:00,1.17715,1.18472,1.17485,1.18199,225617389970
20170814,00:00:00,1.18200,1.18382,1.17699,1.17786,202475219950
20170815,00:00:00,1.17786,1.17928,1.16872,1.17344,217747860210
20170816,00:00:00,1.17344,1.17786,1.16816,1.17665,252191709920
20170817,00:00:00,1.17665,1.17899,1.16622,1.17226,246032709750
20170818,00:00:00,1.17226,1.17743,1.17083,1.17591,237846339970
20170821,00:00:00,1.17578,1.18280,1.17311,1.18145,177731300010
20170822,00:00:00,1.18147,1.18241,1.17451,1.17612,196261659970
20170823,00:00:00,1.17611,1.18232,1.17403,1.18066,196662180060
20170824,00:00:00,1.18065,1.18178,1.17841,1.17990,221579169810
20170825,00:00:00,1.17990,1.19414,1.17733,1.19219,238328420090
20170828,00:00:00,1.19431,1.19836,1.19168,1.19784,199006349830
20170829,00:00:00,1.19786,1.20701,1.19465,1.19717,288901730050
20170830,00:00:00,1.19717,1.19843,1.18804,1.18832,248066440070
20170831,00:00:00,1.18833,1.19126,1.18231,1.19093,252407727310
20170901,00:00:00,1.19090,1.19798,1.18499,1.18597,238704540210
20170904,00:00:00,1.18815,1.19218,1.18738,1.18965,185648490250
20170905,00:00:00,1.18965,1.19406,1.18682,1.19135,246729850000
20170906,00:00:00,1.19136,1.19499,1.19028,1.19166,242826879910
20170907,00:00:00,1.19164,1.20592,1.19140,1.20226,265305810050
20170908,00:00:00,1.20216,1.20923,1.20146,1.20347,256616409900
20170911,00:00:00,1.20138,1.20295,1.19476,1.19522,218745100090
20170912,00:00:00,1.19520,1.19780,1.19262,1.19662,218851810310
20170913,00:00:00,1.19658,1.19947,1.18730,1.18848,221979689880
20170914,00:00:00,1.18848,1.19220,1.18380,1.19186,237255940120
20170915,00:00:00,1.19184,1.19873,1.19011,1.19447,233111480250
20170918,00:00:00,1.19196,1.19692,1.19150,1.19535,217859190230
20170919,00:00:00,1.19520,1.20064,1.19499,1.19940,237008030070
20170920,00:00:00,1.19939,1.20342,1.18613,1.18924,450904073020
20170921,00:00:00,1.18923,1.19535,1.18656,1.19408,604070926420
20170922,00:00:00,1.19409,1.20044,1.19369,1.19466,235897839960
20170925,00:00:00,1.18947,1.19365,1.18319,1.18476,231174120090
20170926,00:00:00,1.18476,1.18615,1.17574,1.17925,238704090150
20170927,00:00:00,1.17928,1.17950,1.17171,1.17446,248140179790
20170928,00:00:00,1.17446,1.18040,1.17212,1.17855,255244829940
20170929,00:00:00,1.17862,1.18325,1.17726,1.18137,207571029840
20171002,00:00:00,1.17886,1.18151,1.17301,1.17324,214289120250
20171003,00:00:00,1.17324,1.17732,1.16961,1.17432,204014369990
20171004,00:00:00,1.17431,1.17877,1.17350,1.17587,208955310000
20171005,00:00:00,1.17590,1.17787,1.16990,1.17105,192465450030
20171006,00:00:00,1.17113,1.17387,1.16692,1.17299,225042989760
20171009,00:00:00,1.17271,1.17561,1.17195,1.17401,145592140050
20171010,00:00:00,1.17403,1.18254,1.17392,1.18076,211263830050
20171011,00:00:00,1.18074,1.18690,1.17952,1.18580,214006189900
20171012,00:00:00,1.18567,1.18797,1.18269,1.18294,208884989970
20171013,00:00:00,1.18292,1.18748,1.18053,1.18191,209661589700
20171016,00:00:00,1.18107,1.18196,1.17805,1.17956,187752540120
20171017,00:00:00,1.17958,1.18000,1.17361,1.17658,197027389660
20171018,00:00:00,1.17660,1.18053,1.17302,1.17870,196906340150
20171019,00:00:00,1.17872,1.18579,1.17679,1.18518,220447030140
20171020,00:00:00,1.18518,1.18579,1.17624,1.17817,225334089870
20171023,00:00:00,1.17641,1.17774,1.17250,1.17485,185552279780
20171024,00:00:00,1.17486,1.17927,1.17428,1.17609,190697989970
20171025,00:00:00,1.17605,1.18176,1.17530,1.18125,218957549840
20171026,00:00:00,1.18126,1.18367,1.16404,1.16503,217337249860
20171027,00:00:00,1.16505,1.16571,1.15741,1.16083,224109950030
20171029,00:00:00,1.16067,1.16153,1.16046,1.16060,1212690000
20171030,00:00:00,1.16062,1.16579,1.15937,1.16492,191402999810
20171031,00:00:00,1.16493,1.16613,1.16248,1.16465,170558789970
20171101,00:00:00,1.16465,1.16570,1.16064,1.16222,194142200040
20171102,00:00:00,1.16222,1.16873,1.16130,1.16562,224015350180
20171103,00:00:00,1.16567,1.16904,1.15991,1.16060,174832480120
20171106,00:00:00,1.16155,1.16240,1.15802,1.16093,182934130180
20171107,00:00:00,1.16091,1.16154,1.15539,1.15857,194770499820
20171108,00:00:00,1.15859,1.16111,1.15792,1.15943,171613100010
20171109,00:00:00,1.15942,1.16548,1.15856,1.16412,214333859980
20171110,00:00:00,1.16410,1.16778,1.16227,1.16638,174160860040
20171113,00:00:00,1.16572,1.16751,1.16373,1.16670,164500219980
20171114,00:00:00,1.16666,1.18050,1.16614,1.17975,179264730010
20171115,00:00:00,1.17975,1.18604,1.17846,1.17907,210462549940
20171116,00:00:00,1.17905,1.18008,1.17569,1.17697,178302810030
20171117,00:00:00,1.17694,1.18217,1.17653,1.17879,195281649810
20171120,00:00:00,1.17857,1.18085,1.17223,1.17328,196810229990
20171121,00:00:00,1.17323,1.17577,1.17128,1.17378,183122679950
20171122,00:00:00,1.17378,1.18269,1.17321,1.18215,186995660030
20171123,00:00:00,1.18214,1.18559,1.18132,1.18491,149284339870
20171124,00:00:00,1.18491,1.19443,1.18367,1.19286,177315689950
20171127,00:00:00,1.19255,1.19611,1.18956,1.18982,194138399960
20171128,00:00:00,1.18977,1.19198,1.18271,1.18387,224292880060
20171129,00:00:00,1.18382,1.18827,1.18167,1.18468,208670319960
20171130,00:00:00,1.18468,1.19315,1.18090,1.19036,228270419930
20171201,00:00:00,1.19036,1.19403,1.18508,1.18942,265888930410
20171204,00:00:00,1.18607,1.18785,1.18291,1.18655,217135319910
20171205,00:00:00,1.18655,1.18766,1.18007,1.18259,213431739830
20171206,00:00:00,1.18257,1.18480,1.17806,1.17952,209988190020
20171207,00:00:00,1.17950,1.18146,1.17718,1.17725,200138349940
20171208,00:00:00,1.17727,1.17765,1.17301,1.17720,203828819980
20171211,00:00:00,1.17651,1.18117,1.17636,1.17685,189343829930
20171212,00:00:00,1.17685,1.17926,1.17174,1.17413,189596240130
20171213,00:00:00,1.17412,1.18316,1.17294,1.18256,217896320090
20171214,00:00:00,1.18254,1.18625,1.17707,1.17773,241232690070
20171215,00:00:00,1.17780,1.18123,1.17488,1.17492,210408479870
20171218,00:00:00,1.17441,1.18342,1.17377,1.17813,200827449780
20171219,00:00:00,1.17813,1.18487,1.17764,1.18389,208771899970
20171220,00:00:00,1.18388,1.19017,1.18289,1.18707,195945230040
20171221,00:00:00,1.18703,1.18895,1.18493,1.18734,190313769970
20171222,00:00:00,1.18729,1.18754,1.18169,1.18607,185582310170
20171225,00:00:00,1.18440,1.18766,1.18429,1.18755,4505850000
20171226,00:00:00,1.18711,1.18787,1.18465,1.18581,105660410050
20171227,00:00:00,1.18579,1.19102,1.18550,1.18872,176808210160
20171228,00:00:00,1.18870,1.19589,1.18865,1.19422,176819369950
20171229,00:00:00,1.19422,1.20254,1.19360,1.19985,178226379880
20180102,00:00:00,1.20102,1.20811,1.20007,1.20583,198808800070
20180103,00:00:00,1.20581,1.20662,1.20011,1.20141,194342530210
20180104,00:00:00,1.20142,1.20889,1.20044,1.20680,211855850000
20180105,00:00:00,1.20679,1.20829,1.20205,1.20304,195569390250
20180108,00:00:00,1.20265,1.20521,1.19560,1.19666,183816719890
20180109,00:00:00,1.19666,1.19755,1.19156,1.19363,205136199910
20180110,00:00:00,1.19363,1.20179,1.19231,1.19471,253232550500
20180111,00:00:00,1.19470,1.20589,1.19291,1.20319,245605889900
20180112,00:00:00,1.20319,1.22184,1.20308,1.21993,283590060460
20180115,00:00:00,1.21933,1.22964,1.21876,1.22634,230604019880
20180116,00:00:00,1.22634,1.22828,1.21952,1.22601,262606340160
20180117,00:00:00,1.22595,1.23231,1.21770,1.21851,287581650160
20180118,00:00:00,1.21846,1.22648,1.21650,1.22377,255791459880
20180119,00:00:00,1.22374,1.22953,1.22145,1.22145,260097329560
20180122,00:00:00,1.22702,1.22726,1.22138,1.22614,234877410080
20180123,00:00:00,1.22612,1.23061,1.22230,1.22982,257569489630
20180124,00:00:00,1.22984,1.24149,1.22920,1.24076,295773020020
20180125,00:00:00,1.24071,1.25373,1.23639,1.23928,365529200130
20180126,00:00:00,1.23928,1.24936,1.23699,1.24283,328133689640
20180129,00:00:00,1.24232,1.24322,1.23367,1.23823,285601039920
20180130,00:00:00,1.23818,1.24538,1.23350,1.24023,300862019840
20180131,00:00:00,1.24018,1.24748,1.23868,1.24130,319539260240
20180201,00:00:00,1.24131,1.25229,1.23854,1.25076,300415109800
20180202,00:00:00,1.25075,1.25182,1.24092,1.24559,307057980140
20180205,00:00:00,1.24320,1.24748,1.23626,1.23661,319334719530
20180206,00:00:00,1.23661,1.24343,1.23138,1.23766,418236229390
20180207,00:00:00,1.23766,1.24055,1.22459,1.22626,315413889210
20180208,00:00:00,1.22625,1.22948,1.22120,1.22465,368163430290
20180209,00:00:00,1.22466,1.22873,1.22054,1.22510,329566560230
20180212,00:00:00,1.22483,1.22970,1.22350,1.22914,247025670250
20180213,00:00:00,1.22914,1.23710,1.22844,1.23503,258899920230
20180214,00:00:00,1.23499,1.24651,1.22758,1.24486,297449700060
20180215,00:00:00,1.24496,1.25103,1.24478,1.25058,291403239960
20180216,00:00:00,1.25056,1.25553,1.23931,1.24041,293713359910
20180219,00:00:00,1.24015,1.24349,1.23690,1.24065,192882109880
20180220,00:00:00,1.24064,1.24122,1.23199,1.23373,268056530020
20180221,00:00:00,1.23376,1.23598,1.22810,1.22829,279873199820
20180222,00:00:00,1.22828,1.23520,1.22597,1.23305,260461890020
20180223,00:00:00,1.23301,1.23372,1.22798,1.22937,228000580030
20180226,00:00:00,1.22928,1.23550,1.22776,1.23169,224107600120
20180227,00:00:00,1.23169,1.23462,1.22216,1.22328,251054579960
20180228,00:00:00,1.22330,1.22412,1.21878,1.21939,254222890000
20180301,00:00:00,1.21936,1.22730,1.21546,1.22671,282202780050
20180302,00:00:00,1.22658,1.23358,1.22514,1.23186,271708340040
20180305,00:00:00,1.23248,1.23641,1.22688,1.23356,257986359940
20180306,00:00:00,1.23356,1.24199,1.23281,1.24038,241647670130
20180307,00:00:00,1.24037,1.24450,1.23847,1.24110,277552770150
20180308,00:00:00,1.24108,1.24460,1.22979,1.23104,268528379720
20180309,00:00:00,1.23103,1.23342,1.22730,1.23041,273617829430
20180311,00:00:00,1.23094,1.23130,1.23064,1.23100,862140000
20180312,00:00:00,1.23101,1.23455,1.22903,1.23344,206671849930
20180313,00:00:00,1.23343,1.24074,1.23145,1.23915,249252249910
20180314,00:00:00,1.23919,1.24125,1.23471,1.23678,221574360070
20180315,00:00:00,1.23676,1.23836,1.23001,1.23045,224300830140
20180316,00:00:00,1.23045,1.23360,1.22602,1.22889,202640969920
20180318,00:00:00,1.22817,1.22918,1.22805,1.22880,1432420000
20180319,00:00:00,1.22880,1.23586,1.22579,1.23344,227080780170
20180320,00:00:00,1.23342,1.23545,1.22399,1.22433,240941239890
20180321,00:00:00,1.22434,1.23499,1.22416,1.23385,258944230110
20180322,00:00:00,1.23391,1.23884,1.22855,1.23063,278274509530
20180323,00:00:00,1.23064,1.23733,1.23064,1.23522,267421080390
20180326,00:00:00,1.23470,1.24615,1.23470,1.24436,262932030170
20180327,00:00:00,1.24433,1.24765,1.23723,1.24022,309942240880
20180328,00:00:00,1.24018,1.24215,1.23001,1.23085,270899349740
20180329,00:00:00,1.23081,1.23352,1.22838,1.23002,242843459910
20180330,00:00:00,1.23003,1.23305,1.22898,1.23200,88298780100
20180402,00:00:00,1.23199,1.23449,1.22820,1.23010,155254969930
20180403,00:00:00,1.23008,1.23352,1.22537,1.22705,229677860130
20180404,00:00:00,1.22704,1.23145,1.22570,1.22776,232663179860
20180405,00:00:00,1.22772,1.22901,1.22182,1.22397,220284810170
20180406,00:00:00,1.22398,1.22907,1.22151,1.22792,281545340050
20180409,00:00:00,1.22824,1.23308,1.22602,1.23204,246009069910
20180410,00:00:00,1.23205,1.23776,1.23027,1.23555,267100720180
20180411,00:00:00,1.23554,1.23964,1.23470,1.23666,300660538870
20180412,00:00:00,1.23664,1.23797,1.22993,1.23264,247859809670
20180413,00:00:00,1.23263,1.23458,1.23070,1.23282,214128269910
20180416,00:00:00,1.23278,1.23945,1.23231,1.23791,212940230090
20180417,00:00:00,1.23783,1.24136,1.23362,1.23696,219950949720
20180418,00:00:00,1.23693,1.23971,1.23418,1.23736,231138649750
20180419,00:00:00,1.23737,1.24001,1.23290,1.23453,239786420250
20180420,00:00:00,1.23451,1.23529,1.22499,1.22846,214532979760
20180423,00:00:00,1.22699,1.22894,1.21977,1.22084,246332479500
20180424,00:00:00,1.22082,1.22448,1.21817,1.22320,225331819700
20180425,00:00:00,1.22318,1.22387,1.21600,1.21605,228122320130
20180426,00:00:00,1.21608,1.22099,1.20962,1.21032,257883299730
20180427,00:00:00,1.21029,1.21327,1.20556,1.21291,217680380310
20180430,00:00:00,1.21224,1.21386,1.20643,1.20777,227843200000
20180501,00:00:00,1.20768,1.20841,1.19814,1.19924,211783560110
20180502,00:00:00,1.19922,1.20316,1.19378,1.19504,272013020300
20180503,00:00:00,1.19504,1.20087,1.19475,1.19881,261495659830
20180504,00:00:00,1.19877,1.19954,1.19107,1.19550,216510909970
20180507,00:00:00,1.19557,1.19779,1.18975,1.19220,198837610210
20180508,00:00:00,1.19215,1.19387,1.18380,1.18641,239208080170
20180509,00:00:00,1.18638,1.18969,1.18227,1.18502,237140950290
20180510,00:00:00,1.18502,1.19463,1.18429,1.19149,263117809880
20180511,00:00:00,1.19151,1.19678,1.18911,1.19395,227224969760
20180514,00:00:00,1.19385,1.19959,1.19260,1.19261,246080159990
20180515,00:00:00,1.19261,1.19384,1.18202,1.18376,255883429860
20180516,00:00:00,1.18376,1.18541,1.17635,1.18068,282766470030
20180517,00:00:00,1.18067,1.18373,1.17765,1.17936,296198611870
20180518,00:00:00,1.17931,1.18221,1.17498,1.17689,238232979830
20180521,00:00:00,1.17684,1.17954,1.17165,1.17912,230601149870
20180522,00:00:00,1.17910,1.18296,1.17567,1.17784,255964249900
20180523,00:00:00,1.17784,1.17895,1.16758,1.16952,305672240040
20180524,00:00:00,1.16954,1.17501,1.16906,1.17192,290029110000
20180525,00:00:00,1.17192,1.17335,1.16455,1.16478,266393539920
20180528,00:00:00,1.16862,1.17283,1.16073,1.16242,214628890010
20180529,00:00:00,1.16241,1.16394,1.15099,1.15395,328310050020
20180530,00:00:00,1.15389,1.16759,1.15186,1.16635,320700179780
20180531,00:00:00,1.16623,1.17243,1.16410,1.16918,286669089960
20180601,00:00:00,1.16917,1.17178,1.16170,1.16584,273953509660
20180604,00:00:00,1.16561,1.17444,1.16561,1.16982,239618899960
20180605,00:00:00,1.16984,1.17320,1.16525,1.17173,255866189960
20180606,00:00:00,1.17173,1.17956,1.17120,1.17735,245203359880
20180607,00:00:00,1.17734,1.18398,1.17726,1.17988,248803909810
20180608,00:00:00,1.17980,1.18103,1.17271,1.17666,245259400020
20180611,00:00:00,1.17736,1.18205,1.17710,1.17833,203472970070
20180612,00:00:00,1.17833,1.18088,1.17334,1.17446,238225529720
20180613,00:00:00,1.17448,1.18008,1.17254,1.17911,236138970160
20180614,00:00:00,1.17910,1.18516,1.15628,1.15679,288349469940
20180615,00:00:00,1.15679,1.16269,1.15432,1.16059,263628529950
20180618,00:00:00,1.15874,1.16242,1.15653,1.16221,210411820110
20180619,00:00:00,1.16224,1.16445,1.15307,1.15883,279270850230
20180620,00:00:00,1.15886,1.15999,1.15365,1.15708,244902129600
20180621,00:00:00,1.15701,1.16334,1.15082,1.16032,286035880090
20180622,00:00:00,1.16023,1.16749,1.15984,1.16561,265364890120
20180625,00:00:00,1.16622,1.17130,1.16286,1.17034,266058590230
20180626,00:00:00,1.17033,1.17203,1.16348,1.16466,285147000340
20180627,00:00:00,1.16459,1.16720,1.15407,1.15531,326168000450
20180628,00:00:00,1.15534,1.16005,1.15271,1.15684,294729010060
20180629,00:00:00,1.15681,1.16902,1.15582,1.16847,298613999780
20180702,00:00:00,1.16747,1.16900,1.15911,1.16391,248064320230
20180703,00:00:00,1.16390,1.16731,1.16204,1.16568,247446340340
20180704,00:00:00,1.16569,1.16817,1.16305,1.16556,196820780020
20180705,00:00:00,1.16554,1.17201,1.16500,1.16903,267188150390
20180706,00:00:00,1.16901,1.17676,1.16800,1.17444,239968679690
20180709,00:00:00,1.17392,1.17906,1.17326,1.17503,241192409780
20180710,00:00:00,1.17502,1.17624,1.16901,1.17441,232108219930
20180711,00:00:00,1.17440,1.17580,1.16653,1.16726,285086560310
20180712,00:00:00,1.16728,1.16955,1.16497,1.16707,246941849810
20180713,00:00:00,1.16705,1.16868,1.16129,1.16843,241987870330
20180716,00:00:00,1.16896,1.17253,1.16756,1.17109,232946580020
20180717,00:00:00,1.17108,1.17446,1.16496,1.16607,264776409970
20180718,00:00:00,1.16608,1.16648,1.16019,1.16381,257692099670
20180719,00:00:00,1.16381,1.16785,1.15748,1.16412,311181369890
20180720,00:00:00,1.16407,1.17387,1.16262,1.17196,320207589770
20180723,00:00:00,1.17252,1.17497,1.16836,1.16915,248942679940
20180724,00:00:00,1.16914,1.17168,1.16545,1.16857,250547360030
20180725,00:00:00,1.16861,1.17385,1.16640,1.17281,257770819770
20180726,00:00:00,1.17282,1.17436,1.16402,1.16424,256783549990
20180727,00:00:00,1.16425,1.16642,1.16203,1.16559,225040019950
20180730,00:00:00,1.16561,1.17186,1.16479,1.17052,192738499910
20180731,00:00:00,1.17050,1.17458,1.16838,1.16908,226541699870
20180801,00:00:00,1.16907,1.16994,1.16572,1.16595,230454660020
20180802,00:00:00,1.16595,1.16675,1.15816,1.15840,229246680040
20180803,00:00:00,1.15840,1.16105,1.15603,1.15670,244391730030
20180806,00:00:00,1.15663,1.15705,1.15300,1.15533,202509259950
20180807,00:00:00,1.15532,1.16082,1.15501,1.15980,211096040070
20180808,00:00:00,1.15980,1.16281,1.15732,1.16097,204726049830
20180809,00:00:00,1.16097,1.16192,1.15254,1.15267,225359759630
20180810,00:00:00,1.15266,1.15363,1.13881,1.14090,299568370150
20180813,00:00:00,1.13710,1.14328,1.13649,1.14096,269563549860
20180814,00:00:00,1.14096,1.14294,1.13302,1.13434,257224910280
20180815,00:00:00,1.13434,1.13548,1.13009,1.13447,244889700170
20180816,00:00:00,1.13444,1.14091,1.13357,1.13762,244719809890
20180817,00:00:00,1.13758,1.14448,1.13663,1.14379,217954049820
20180820,00:00:00,1.14371,1.14849,1.13942,1.14809,215349000110
20180821,00:00:00,1.14804,1.16011,1.14797,1.15701,265108469950
20180822,00:00:00,1.15701,1.16229,1.15531,1.15962,229689129770
20180823,00:00:00,1.15961,1.15997,1.15298,1.15377,228486510240
20180824,00:00:00,1.15375,1.16397,1.15347,1.16205,235048999800
20180827,00:00:00,1.16141,1.16935,1.15943,1.16778,204405750030
20180828,00:00:00,1.16773,1.17334,1.16625,1.16938,236948270040
20180829,00:00:00,1.16939,1.17100,1.16520,1.17065,236788630080
20180830,00:00:00,1.17063,1.17181,1.16417,1.16708,236264739740
20180831,00:00:00,1.16709,1.16901,1.15845,1.15997,245056689730
20180903,00:00:00,1.15961,1.16278,1.15889,1.16181,165659360060
20180904,00:00:00,1.16169,1.16203,1.15301,1.15805,214792640040
20180905,00:00:00,1.15802,1.16400,1.15425,1.16292,262635879560
20180906,00:00:00,1.16291,1.16592,1.16055,1.16227,232247990430
20180907,00:00:00,1.16219,1.16495,1.15506,1.15520,240767240150
20180910,00:00:00,1.15483,1.16161,1.15260,1.15924,197015959720
20180911,00:00:00,1.15916,1.16441,1.15654,1.16046,207996380150
20180912,00:00:00,1.16047,1.16496,1.15699,1.16253,230296989920
20180913,00:00:00,1.16253,1.17009,1.16091,1.16897,220989210270
20180914,00:00:00,1.16895,1.17215,1.16206,1.16227,215338680310
20180917,00:00:00,1.16223,1.16981,1.16180,1.16830,180434109860
20180918,00:00:00,1.16830,1.17243,1.16521,1.16651,228199789910
20180919,00:00:00,1.16650,1.17149,1.16500,1.16721,222738159870
20180920,00:00:00,1.16715,1.17845,1.16689,1.17766,249854590040
20180921,00:00:00,1.17765,1.18027,1.17327,1.17473,208051420090
20180924,00:00:00,1.17432,1.18153,1.17241,1.17473,202827309880
20180925,00:00:00,1.17471,1.17925,1.17310,1.17659,210741029960
20180926,00:00:00,1.17656,1.17976,1.17259,1.17379,217085430190
20180927,00:00:00,1.17361,1.17571,1.16389,1.16404,267086509740
20180928,00:00:00,1.16400,1.16511,1.15698,1.16019,232356139590
20181001,00:00:00,1.16171,1.16246,1.15635,1.15778,202791869680
20181002,00:00:00,1.15776,1.15802,1.15052,1.15461,242671760040
20181003,00:00:00,1.15454,1.15936,1.14645,1.14766,258337019820
20181004,00:00:00,1.14762,1.15426,1.14633,1.15136,234372879690
20181005,00:00:00,1.15135,1.15495,1.14838,1.15174,234348469880
20181008,00:00:00,1.15210,1.15296,1.14599,1.14908,186288670010
20181009,00:00:00,1.14907,1.15033,1.14321,1.14899,256953999840
20181010,00:00:00,1.14899,1.15452,1.14798,1.15185,232561479580
20181011,00:00:00,1.15182,1.15994,1.15175,1.15931,295862320050
20181012,00:00:00,1.15930,1.16104,1.15343,1.15571,236516850010
20181015,00:00:00,1.15372,1.16061,1.15369,1.15785,215262820000
20181016,00:00:00,1.15787,1.16212,1.15660,1.15732,215601260020
20181017,00:00:00,1.15732,1.15803,1.14960,1.14999,241252219900
20181018,00:00:00,1.15000,1.15272,1.14492,1.14522,251044250000
20181019,00:00:00,1.14521,1.15345,1.14331,1.15142,250150570210
20181022,00:00:00,1.15149,1.15501,1.14557,1.14636,224609869920
20181023,00:00:00,1.14635,1.14934,1.14392,1.14696,259093290010
20181024,00:00:00,1.14697,1.14766,1.13789,1.13914,257650559950
20181025,00:00:00,1.13914,1.14326,1.13561,1.13745,245169289990
20181026,00:00:00,1.13743,1.14209,1.13355,1.14021,271600059340
20181028,00:00:00,1.13921,1.14012,1.13921,1.13975,1524050000
20181029,00:00:00,1.13977,1.14163,1.13606,1.13722,241673470220
20181030,00:00:00,1.13722,1.13877,1.13404,1.13434,219861990130
20181031,00:00:00,1.13436,1.13601,1.13020,1.13139,237385129940
20181101,00:00:00,1.13138,1.14241,1.13126,1.14024,259349489830
20181102,00:00:00,1.14026,1.14557,1.13722,1.13860,235952439920
20181105,00:00:00,1.13863,1.14239,1.13530,1.14066,217421129870
20181106,00:00:00,1.14065,1.14378,1.13913,1.14261,225990779930
20181107,00:00:00,1.14259,1.14995,1.13947,1.14251,298025520380
20181108,00:00:00,1.14253,1.14465,1.13515,1.13629,257586570040
20181109,00:00:00,1.13629,1.13689,1.13161,1.13342,248000000150
20181112,00:00:00,1.13182,1.13305,1.12156,1.12177,239618900220
20181113,00:00:00,1.12174,1.12936,1.12164,1.12899,337848861690
20181114,00:00:00,1.12889,1.13475,1.12632,1.13081,297120560190
20181115,00:00:00,1.13069,1.13622,1.12705,1.13249,291863449990
20181116,00:00:00,1.13249,1.14202,1.13215,1.14185,253907830080
20181119,00:00:00,1.14133,1.14644,1.13938,1.14526,207259670260
20181120,00:00:00,1.14517,1.14723,1.13587,1.13696,239938939970
20181121,00:00:00,1.13696,1.14245,1.13634,1.13838,228952519770
20181122,00:00:00,1.13837,1.14340,1.13794,1.14002,176157789980
20181123,00:00:00,1.14008,1.14209,1.13275,1.13355,343454559890
20181126,00:00:00,1.13401,1.13837,1.13250,1.13275,229845040310
20181127,00:00:00,1.13273,1.13436,1.12775,1.12867,247102249940
20181128,00:00:00,1.12865,1.13875,1.12671,1.13660,265306979780
20181129,00:00:00,1.13659,1.14016,1.13486,1.13924,264011280240
20181130,00:00:00,1.13918,1.14003,1.13054,1.13164,260597360260
20181203,00:00:00,1.13499,1.13796,1.13192,1.13528,246981199910
20181204,00:00:00,1.13528,1.14187,1.13185,1.13415,284701990180
20181205,00:00:00,1.13415,1.13612,1.13107,1.13443,194512639860
20181206,00:00:00,1.13441,1.14123,1.13209,1.13720,280279770300
20181207,00:00:00,1.13720,1.14235,1.13603,1.13758,252844999870
20181210,00:00:00,1.13909,1.14426,1.13504,1.13552,259932029940
20181211,00:00:00,1.13548,1.14002,1.13062,1.13154,260289790020
20181212,00:00:00,1.13154,1.13872,1.13148,1.13681,264838640050
20181213,00:00:00,1.13681,1.13932,1.13310,1.13560,250498679730
20181214,00:00:00,1.13592,1.13649,1.12699,1.13045,264403120620
20181217,00:00:00,1.13008,1.13577,1.12967,1.13472,220321830000
20181218,00:00:00,1.13474,1.14022,1.13366,1.13595,248084489740
20181219,00:00:00,1.13594,1.14392,1.13591,1.13752,392303239680
20181220,00:00:00,1.13748,1.14859,1.13704,1.14451,519885140180
20181221,00:00:00,1.14454,1.14739,1.13559,1.13684,470650759920
20181224,00:00:00,1.13692,1.14384,1.13604,1.13988,373047230080
20181225,00:00:00,1.13976,1.14170,1.13894,1.13988,8155280000
20181226,00:00:00,1.13901,1.14198,1.13428,1.13507,257461150170
20181227,00:00:00,1.13507,1.14540,1.13504,1.14285,563907829310
20181228,00:00:00,1.14285,1.14727,1.14247,1.14414,453409890620
20181231,00:00:00,1.14331,1.14674,1.14213,1.14644,316061539850
20190101,00:00:00,1.14644,1.14644,1.14627,1.14627,5250000
20190102,00:00:00,1.14598,1.14967,1.13250,1.13432,444066549880
20190103,00:00:00,1.13423,1.14110,1.13092,1.13924,503259729930
20190104,00:00:00,1.13924,1.14189,1.13456,1.13943,418205860020
20190107,00:00:00,1.13955,1.14826,1.13954,1.14740,365290160070
20190108,00:00:00,1.14740,1.14844,1.14222,1.14406,374697229660
20190109,00:00:00,1.14406,1.15578,1.14370,1.15417,461404689410
20190110,00:00:00,1.15419,1.15697,1.14844,1.14994,503283253870
20190111,00:00:00,1.14994,1.15403,1.14580,1.14656,378819899890
20190114,00:00:00,1.14589,1.14820,1.14506,1.14679,346170550000
20190115,00:00:00,1.14679,1.14896,1.13819,1.14121,428238440480
20190116,00:00:00,1.14119,1.14248,1.13777,1.13911,373010330110
20190117,00:00:00,1.13911,1.14059,1.13700,1.13880,381653929740
20190118,00:00:00,1.13880,1.14103,1.13532,1.13614,391856670180
20190121,00:00:00,1.13603,1.13910,1.13567,1.13658,233318690020
20190122,00:00:00,1.13658,1.13739,1.13361,1.13595,367311250430
20190123,00:00:00,1.13594,1.13942,1.13505,1.13808,378369690250
20190124,00:00:00,1.13804,1.13913,1.12892,1.13020,430484319770
20190125,00:00:00,1.13011,1.14176,1.13004,1.14032,437970659590
20190128,00:00:00,1.14005,1.14436,1.13900,1.14271,355353600160
20190129,00:00:00,1.14257,1.14501,1.14111,1.14307,422806619720
20190130,00:00:00,1.14308,1.15016,1.14062,1.14786,430060030280
20190131,00:00:00,1.14786,1.15141,1.14356,1.14467,479601809720
20190201,00:00:00,1.14468,1.14884,1.14343,1.14547,406760070460
20190204,00:00:00,1.14503,1.14603,1.14244,1.14353,364641270050
20190205,00:00:00,1.14353,1.14404,1.14011,1.14054,333750200630
20190206,00:00:00,1.14054,1.14094,1.13608,1.13618,348621840000
20190207,00:00:00,1.13615,1.13683,1.13244,1.13390,377168260000
20190208,00:00:00,1.13383,1.13508,1.13207,1.13207,337884749820
20190211,00:00:00,1.13186,1.13298,1.12672,1.12754,381292549760
20190212,00:00:00,1.12752,1.13396,1.12577,1.13251,397043500240
20190213,00:00:00,1.13251,1.13414,1.12601,1.12602,381009889690
20190214,00:00:00,1.12601,1.13098,1.12490,1.12947,420237860200
20190215,00:00:00,1.12949,1.13061,1.12340,1.12925,437592529790
20190218,00:00:00,1.12906,1.13338,1.12889,1.13081,268325479980
20190219,00:00:00,1.13079,1.13574,1.12755,1.13400,403980939940
20190220,00:00:00,1.13400,1.13711,1.13249,1.13359,395136929970
20190221,00:00:00,1.13359,1.13663,1.13202,1.13333,443593779850
20190222,00:00:00,1.13323,1.13556,1.13161,1.13319,393106230010
20190225,00:00:00,1.13340,1.13675,1.13281,1.13568,370315670370
20190226,00:00:00,1.13570,1.14027,1.13450,1.13888,417727311500
20190227,00:00:00,1.13887,1.14036,1.13622,1.13693,422680360000
20190228,00:00:00,1.13691,1.14197,1.13595,1.13704,459223310110
20190301,00:00:00,1.13706,1.14085,1.13533,1.13633,413036859760
20190304,00:00:00,1.13811,1.13826,1.13090,1.13394,408082599730
20190305,00:00:00,1.13394,1.13408,1.12895,1.13073,394223550490
20190306,00:00:00,1.13072,1.13245,1.12855,1.13061,326397969810
20190307,00:00:00,1.13059,1.13202,1.11764,1.11929,390982320070
20190308,00:00:00,1.11929,1.12461,1.11852,1.12311,380182110330
20190310,00:00:00,1.12316,1.12360,1.12304,1.12336,1151870000
20190311,00:00:00,1.12335,1.12583,1.12217,1.12488,310367629730
20190312,00:00:00,1.12488,1.13049,1.12472,1.12880,334224469900
20190313,00:00:00,1.12879,1.13385,1.12773,1.13304,302537479680
20190314,00:00:00,1.13304,1.13375,1.12940,1.13042,330743660100
20190315,00:00:00,1.13044,1.13443,1.13000,1.13240,296559129740
20190317,00:00:00,1.13201,1.13269,1.13201,1.13216,679010000
20190318,00:00:00,1.13220,1.13589,1.13189,1.13353,254494140200
20190319,00:00:00,1.13353,1.13615,1.13336,1.13496,272329500100
20190320,00:00:00,1.13496,1.14480,1.13354,1.14242,364994799910
20190321,00:00:00,1.14241,1.14373,1.13425,1.13733,358907829680
20190322,00:00:00,1.13733,1.13905,1.12732,1.13004,409315909290
20190324,00:00:00,1.12892,1.13011,1.12883,1.12940,1731530000
20190325,00:00:00,1.12941,1.13314,1.12889,1.13129,338672689570
20190326,00:00:00,1.13130,1.13259,1.12632,1.12701,338003469860
20190327,00:00:00,1.12702,1.12855,1.12421,1.12514,417622739680
20190328,00:00:00,1.12513,1.12612,1.12135,1.12261,430832059570
20190329,00:00:00,1.12264,1.12466,1.12098,1.12179,433194339780
20190401,00:00:00,1.12254,1.12498,1.12039,1.12122,412209200210
20190402,00:00:00,1.12120,1.12160,1.11836,1.12040,440588840190
20190403,00:00:00,1.12043,1.12547,1.12000,1.12320,459490979890
20190404,00:00:00,1.12321,1.12475,1.12059,1.12199,383271839980
20190405,00:00:00,1.12198,1.12472,1.12099,1.12142,346356789920
20190408,00:00:00,1.12138,1.12744,1.12118,1.12616,379705569740
20190409,00:00:00,1.12604,1.12842,1.12549,1.12612,387174009890
20190410,00:00:00,1.12614,1.12876,1.12294,1.12731,434523779630
20190411,00:00:00,1.12730,1.12873,1.12498,1.12513,378748430090
20190412,00:00:00,1.12513,1.13239,1.12511,1.12976,415527529510
20190415,00:00:00,1.13035,1.13209,1.12975,1.13030,374810429740
20190416,00:00:00,1.13030,1.13139,1.12797,1.12804,476343049660
20190417,00:00:00,1.12804,1.13237,1.12788,1.12944,394432600270
20190418,00:00:00,1.12933,1.13039,1.12261,1.12279,416467580150
20190419,00:00:00,1.12295,1.12476,1.12263,1.12408,115584670080
20190422,00:00:00,1.12408,1.12620,1.12357,1.12566,182313170030
20190423,00:00:00,1.12568,1.12612,1.11921,1.12268,362754939750
20190424,00:00:00,1.12264,1.12265,1.11406,1.11519,392251100110
20190425,00:00:00,1.11518,1.11623,1.11178,1.11309,351084390690
20190426,00:00:00,1.11283,1.11739,1.11111,1.11429,353517699750
20190429,00:00:00,1.11441,1.11869,1.11441,1.11854,285168940070
20190430,00:00:00,1.11854,1.12290,1.11757,1.12145,321261020020
20190501,00:00:00,1.12141,1.12647,1.11870,1.11953,241818159860
20190502,00:00:00,1.11950,1.12190,1.11707,1.11714,302572769660
20190503,00:00:00,1.11714,1.12047,1.11350,1.12007,342215530220
20190506,00:00:00,1.11799,1.12092,1.11672,1.11980,318835249990
20190507,00:00:00,1.11980,1.12178,1.11666,1.11912,340447050170
20190508,00:00:00,1.11899,1.12136,1.11827,1.11909,367837649610
20190509,00:00:00,1.11909,1.12509,1.11734,1.12138,409647000010
20190510,00:00:00,1.12123,1.12536,1.12115,1.12329,380071949960
20190513,00:00:00,1.12320,1.12635,1.12216,1.12216,328236870090
20190514,00:00:00,1.12211,1.12439,1.12011,1.12033,316840360190
20190515,00:00:00,1.12033,1.12245,1.11779,1.12008,339619660690
20190516,00:00:00,1.12009,1.12238,1.11662,1.11736,331828940310
20190517,00:00:00,1.11735,1.11841,1.11551,1.11563,359815559940
20190520,00:00:00,1.11598,1.11748,1.11506,1.11655,302289569490
20190521,00:00:00,1.11652,1.11880,1.11419,1.11604,334241299880
20190522,00:00:00,1.11593,1.11802,1.11485,1.11501,286754249770
20190523,00:00:00,1.11498,1.11875,1.11070,1.11815,367019639710
20190524,00:00:00,1.11819,1.12121,1.11733,1.12043,319912650300
20190527,00:00:00,1.12091,1.12151,1.11869,1.11910,190828000080
20190528,00:00:00,1.11910,1.11983,1.11592,1.11598,305059999500
20190529,00:00:00,1.11598,1.11724,1.11243,1.11310,353468899740
20190530,00:00:00,1.11305,1.11433,1.11160,1.11291,301167989850
20190531,00:00:00,1.11285,1.11797,1.11251,1.11678,423489320200
20190603,00:00:00,1.11607,1.12619,1.11601,1.12414,373155979490
20190604,00:00:00,1.12414,1.12774,1.12267,1.12515,412796590040
20190605,00:00:00,1.12515,1.13065,1.12200,1.12208,397885759950
20190606,00:00:00,1.12204,1.13090,1.12008,1.12753,364190760510
20190607,00:00:00,1.12752,1.13477,1.12512,1.13334,357020699560
20190610,00:00:00,1.13220,1.13308,1.12902,1.13113,323441390150
20190611,00:00:00,1.13109,1.13374,1.13013,1.13260,358470649880
20190612,00:00:00,1.13253,1.13434,1.12824,1.12871,373380340510
20190613,00:00:00,1.12871,1.13037,1.12683,1.12761,353828419390
20190614,00:00:00,1.12761,1.12891,1.12024,1.12050,352199189770
20190617,00:00:00,1.12089,1.12470,1.12037,1.12178,246530349920
20190618,00:00:00,1.12178,1.12428,1.11813,1.11936,391516431040
20190619,00:00:00,1.11926,1.12542,1.11871,1.12259,318790709820
20190620,00:00:00,1.12255,1.13173,1.12255,1.12916,424441770160
20190621,00:00:00,1.12913,1.13777,1.12830,1.13679,420897489940
20190624,00:00:00,1.13695,1.14039,1.13662,1.13978,299686559660
20190625,00:00:00,1.13979,1.14119,1.13442,1.13651,390537920600
20190626,00:00:00,1.13651,1.13913,1.13474,1.13678,344653069580
20190627,00:00:00,1.13676,1.13814,1.13477,1.13689,305483489720
20190628,00:00:00,1.13689,1.13933,1.13506,1.13681,283378090250
20190701,00:00:00,1.13595,1.13710,1.12810,1.12851,306082320230
20190702,00:00:00,1.12850,1.13215,1.12751,1.12847,265242029940
20190703,00:00:00,1.12842,1.13123,1.12686,1.12774,265517249850
20190704,00:00:00,1.12777,1.12951,1.12731,1.12847,139750810010
20190705,00:00:00,1.12837,1.12877,1.12073,1.12235,264181830260
20190708,00:00:00,1.12215,1.12344,1.12069,1.12142,214337450110
20190709,00:00:00,1.12141,1.12187,1.11933,1.12078,217992439940
20190710,00:00:00,1.12076,1.12643,1.12018,1.12503,274645439760
20190711,00:00:00,1.12503,1.12857,1.12451,1.12529,281815819930
20190712,00:00:00,1.12529,1.12748,1.12381,1.12698,263650369670
20190715,00:00:00,1.12666,1.12838,1.12532,1.12577,210951880170
20190716,00:00:00,1.12574,1.12634,1.12018,1.12103,261704960130
20190717,00:00:00,1.12102,1.12335,1.11997,1.12242,224551349660
20190718,00:00:00,1.12237,1.12804,1.12051,1.12765,304572360070
20190719,00:00:00,1.12766,1.12820,1.12033,1.12192,302348590390
20190722,00:00:00,1.12150,1.12253,1.12062,1.12094,228680339970
20190723,00:00:00,1.12093,1.12096,1.11457,1.11517,269201850270
20190724,00:00:00,1.11516,1.11558,1.11269,1.11399,268376540050
20190725,00:00:00,1.11400,1.11877,1.11013,1.11462,362814339640
20190726,00:00:00,1.11460,1.11509,1.11120,1.11247,267954150350
20190729,00:00:00,1.11246,1.11509,1.11128,1.11443,230541100220
20190730,00:00:00,1.11443,1.11610,1.11321,1.11545,274747219680
20190731,00:00:00,1.11548,1.11620,1.10600,1.10749,353835789970
20190801,00:00:00,1.10749,1.10958,1.10268,1.10847,463136000340
20190802,00:00:00,1.10849,1.11164,1.10696,1.11057,480267180800
20190805,00:00:00,1.11042,1.12130,1.11033,1.12033,464957030200
20190806,00:00:00,1.12034,1.12497,1.11675,1.11980,433454940210
20190807,00:00:00,1.11980,1.12417,1.11791,1.11980,443704079760
20190808,00:00:00,1.11974,1.12323,1.11769,1.11802,348000020160
20190809,00:00:00,1.11801,1.12229,1.11780,1.11969,293895590240
20190812,00:00:00,1.11978,1.12306,1.11619,1.12131,317002780270
20190813,00:00:00,1.12129,1.12285,1.11701,1.11710,375022820020
20190814,00:00:00,1.11708,1.11908,1.11305,1.11377,348484580130
20190815,00:00:00,1.11380,1.11583,1.10913,1.11065,408361537630
20190816,00:00:00,1.11065,1.11121,1.10662,1.10899,256379229850
20190819,00:00:00,1.10925,1.11137,1.10760,1.10778,201056030240
20190820,00:00:00,1.10773,1.11066,1.10655,1.10998,199433650050
20190821,00:00:00,1.10981,1.11070,1.10804,1.10845,175529010090
20190822,00:00:00,1.10844,1.11130,1.10635,1.10799,211348700800
20190823,00:00:00,1.10798,1.11532,1.10516,1.11360,242943840220
20190826,00:00:00,1.11507,1.11639,1.10942,1.11008,286725549600
20190827,00:00:00,1.11004,1.11159,1.10855,1.10901,210797969700
20190828,00:00:00,1.10895,1.10978,1.10733,1.10770,209317919830
20190829,00:00:00,1.10770,1.10930,1.10419,1.10563,212436390190
20190830,00:00:00,1.10563,1.10603,1.09632,1.09880,169948890300
20190902,00:00:00,1.09893,1.09962,1.09580,1.09682,47782679990
20190903,00:00:00,1.09684,1.09786,1.09260,1.09726,132792360330
20190904,00:00:00,1.09726,1.10383,1.09684,1.10348,161992725120
20190905,00:00:00,1.10348,1.10847,1.10166,1.10340,172857200130
20190906,00:00:00,1.10340,1.10572,1.10201,1.10250,158953224970
20190909,00:00:00,1.10260,1.10680,1.10153,1.10477,133135809980
20190910,00:00:00,1.10474,1.10595,1.10305,1.10432,131929999880
20190911,00:00:00,1.10430,1.10555,1.09851,1.10102,127350510020
20190912,00:00:00,1.10102,1.10871,1.09268,1.10643,203424940150
20190913,00:00:00,1.10643,1.11094,1.10554,1.10707,163168135150
20190916,00:00:00,1.10732,1.10863,1.09932,1.09991,145093325140
20190917,00:00:00,1.09984,1.10744,1.09901,1.10725,169706420160
20190918,00:00:00,1.10723,1.10755,1.10136,1.10298,156666824850
20190919,00:00:00,1.10298,1.10735,1.10229,1.10408,198421775190
20190920,00:00:00,1.10406,1.10676,1.09961,1.10169,178629100070
20190923,00:00:00,1.10136,1.10253,1.09661,1.09925,179107699960
20190924,00:00:00,1.09927,1.10240,1.09837,1.10193,181585409230
20190925,00:00:00,1.10192,1.10228,1.09374,1.09413,196307740210
20190926,00:00:00,1.09409,1.09672,1.09087,1.09187,192781029900
20190927,00:00:00,1.09187,1.09586,1.09046,1.09367,181146318270
20190930,00:00:00,1.09419,1.09478,1.08847,1.08991,175405460070
20191001,00:00:00,1.08991,1.09428,1.08790,1.09311,210710370190
20191002,00:00:00,1.09314,1.09636,1.09040,1.09590,203278880050
20191003,00:00:00,1.09584,1.09992,1.09408,1.09627,219553930020
20191004,00:00:00,1.09627,1.09990,1.09570,1.09760,189751567400
20191007,00:00:00,1.09803,1.10004,1.09619,1.09703,167097959730
20191008,00:00:00,1.09703,1.09958,1.09409,1.09560,217410380020
20191009,00:00:00,1.09560,1.09900,1.09507,1.09710,179859700120
20191010,00:00:00,1.09704,1.10337,1.09699,1.10050,234955044880
20191011,00:00:00,1.10049,1.10626,1.10007,1.10329,250927819880
20191014,00:00:00,1.10316,1.10426,1.10128,1.10248,154882970240
20191015,00:00:00,1.10250,1.10459,1.09912,1.10320,225723790070
20191016,00:00:00,1.10319,1.10855,1.10223,1.10710,233180125670
20191017,00:00:00,1.10710,1.11398,1.10650,1.11234,222120390180
20191018,00:00:00,1.11236,1.11719,1.11145,1.11703,146440960030
20191021,00:00:00,1.11607,1.11793,1.11386,1.11487,127017565070
20191022,00:00:00,1.11487,1.11568,1.11176,1.11243,124844359930
20191023,00:00:00,1.11242,1.11405,1.11061,1.11297,114032930020
20191024,00:00:00,1.11296,1.11627,1.10930,1.11037,147677309150
20191025,00:00:00,1.11036,1.11229,1.10729,1.10790,104934820040
20191027,00:00:00,1.10800,1.10807,1.10774,1.10792,1181290010
20191028,00:00:00,1.10793,1.11065,1.10760,1.10992,106422189980
20191029,00:00:00,1.10994,1.11183,1.10735,1.11120,122443269820
20191030,00:00:00,1.11119,1.11533,1.10801,1.11523,136597090040
20191031,00:00:00,1.11523,1.11755,1.11314,1.11519,149621010920
20191101,00:00:00,1.11519,1.11718,1.11281,1.11641,129397576930
20191104,00:00:00,1.11684,1.11753,1.11247,1.11272,107148789910
20191105,00:00:00,1.11269,1.11401,1.10635,1.10742,153935297510
20191106,00:00:00,1.10742,1.10928,1.10651,1.10658,124707909940
20191107,00:00:00,1.10658,1.10914,1.10360,1.10497,154958240070
20191108,00:00:00,1.10492,1.10554,1.10167,1.10176,118808355110
20191111,00:00:00,1.10230,1.10430,1.10163,1.10323,86619760100
20191112,00:00:00,1.10323,1.10385,1.10025,1.10088,118944253250
20191113,00:00:00,1.10089,1.10203,1.09953,1.10053,121585654920
20191114,00:00:00,1.10052,1.10274,1.09890,1.10204,116008815020
20191115,00:00:00,1.10202,1.10569,1.10145,1.10494,112191489930
20191118,00:00:00,1.10489,1.10899,1.10487,1.10718,115091685100
20191119,00:00:00,1.10711,1.10839,1.10626,1.10780,104791779910
20191120,00:00:00,1.10777,1.10813,1.10530,1.10723,133794668620
20191121,00:00:00,1.10723,1.10969,1.10522,1.10581,125561435070
20191122,00:00:00,1.10580,1.10872,1.10143,1.10179,179983970370
20191125,00:00:00,1.10170,1.10321,1.10035,1.10126,115410032510
20191126,00:00:00,1.10115,1.10256,1.10071,1.10194,112111724930
20191127,00:00:00,1.10194,1.10246,1.09922,1.09989,116458649990
20191128,00:00:00,1.09987,1.10179,1.09986,1.10067,72867879920
20191129,00:00:00,1.10059,1.10282,1.09811,1.10150,106015924930
20191202,00:00:00,1.10229,1.10907,1.10029,1.10784,132862704980
20191203,00:00:00,1.10782,1.10934,1.10660,1.10809,129495589930
20191204,00:00:00,1.10809,1.11161,1.10666,1.10775,151955590780
20191205,00:00:00,1.10772,1.11080,1.10772,1.11042,123959914480
20191206,00:00:00,1.11042,1.11097,1.10398,1.10543,123760752950
20191209,00:00:00,1.10580,1.10779,1.10533,1.10635,106468689860
20191210,00:00:00,1.10638,1.10977,1.10626,1.10919,129551520020
20191211,00:00:00,1.10914,1.11448,1.10701,1.11294,146860639910
20191212,00:00:00,1.11294,1.11541,1.11029,1.11286,179676665040
20191213,00:00:00,1.11285,1.11995,1.11032,1.11174,227296423650
20191216,00:00:00,1.11280,1.11581,1.11225,1.11435,148230049780
20191217,00:00:00,1.11433,1.11746,1.11293,1.11487,154894459470
20191218,00:00:00,1.11483,1.11541,1.11105,1.11127,146245060140
20191219,00:00:00,1.11126,1.11442,1.11072,1.11199,159150560180
20191220,00:00:00,1.11194,1.11248,1.10662,1.10769,133635366330
20191223,00:00:00,1.10810,1.10958,1.10699,1.10895,106250980020
20191224,00:00:00,1.10895,1.10938,1.10690,1.10879,85322899860
20191225,00:00:00,1.10876,1.10885,1.10730,1.10821,2317850000
20191226,00:00:00,1.10885,1.11088,1.10821,1.10974,46848974010
20191227,00:00:00,1.10973,1.11883,1.10964,1.11713,133030732410
20191230,00:00:00,1.11736,1.12207,1.11718,1.11985,130942644360
20191231,00:00:00,1.11985,1.12391,1.11974,1.12076,110824290040
20200102,00:00:00,1.12136,1.12245,1.11635,1.11722,487859426080
20200103,00:00:00,1.11722,1.11798,1.11249,1.11548,179358549810
20200106,00:00:00,1.11656,1.12055,1.11571,1.11968,139972985080
20200107,00:00:00,1.11960,1.11975,1.11335,1.11526,152901854740
20200108,00:00:00,1.11529,1.11682,1.11016,1.11053,199890269990
20200109,00:00:00,1.11053,1.11204,1.10924,1.11051,143293644940
20200110,00:00:00,1.11051,1.11291,1.10850,1.11165,128788152550
20200113,00:00:00,1.11141,1.11469,1.11125,1.11338,121005130720
20200114,00:00:00,1.11338,1.11444,1.11045,1.11274,137411609980
20200115,00:00:00,1.11284,1.11634,1.11185,1.11495,148755545400
20200116,00:00:00,1.11492,1.11727,1.11279,1.11358,132757315030
20200117,00:00:00,1.11358,1.11425,1.10862,1.10890,126960357500
20200120,00:00:00,1.10910,1.11023,1.10766,1.10944,97404339810
20200121,00:00:00,1.10934,1.11179,1.10809,1.10819,132942335410
20200122,00:00:00,1.10816,1.10984,1.10700,1.10920,135326470150
20200123,00:00:00,1.10920,1.11087,1.10362,1.10542,170843232350
20200124,00:00:00,1.10542,1.10617,1.10195,1.10224,126007952450
20200127,00:00:00,1.10318,1.10375,1.10096,1.10184,133966081240
20200128,00:00:00,1.10185,1.10252,1.09978,1.10220,122430630040
20200129,00:00:00,1.10219,1.10276,1.09923,1.10098,121048570100
20200130,00:00:00,1.10097,1.10393,1.10069,1.10312,145870882530
20200131,00:00:00,1.10312,1.10954,1.10168,1.10944,144516350060
20200203,00:00:00,1.10939,1.10939,1.10356,1.10593,135229077510
20200204,00:00:00,1.10590,1.10641,1.10328,1.10434,113720085030
20200205,00:00:00,1.10436,1.10479,1.09937,1.09989,123497920960
20200206,00:00:00,1.09989,1.10138,1.09644,1.09827,101074229960
20200207,00:00:00,1.09827,1.09849,1.09419,1.09438,133507475060
20200210,00:00:00,1.09439,1.09574,1.09076,1.09105,104173424970
20200211,00:00:00,1.09105,1.09248,1.08913,1.09143,97736852000
20200212,00:00:00,1.09139,1.09255,1.08654,1.08728,230124697610
20200213,00:00:00,1.08707,1.08887,1.08340,1.08408,357053314770
20200214,00:00:00,1.08408,1.08611,1.08271,1.08299,121806839670
20200217,00:00:00,1.08406,1.08509,1.08291,1.08345,74181629810
20200218,00:00:00,1.08343,1.08373,1.07854,1.07907,132797012090
20200219,00:00:00,1.07906,1.08115,1.07822,1.08022,106436215420
20200220,00:00:00,1.08022,1.08211,1.07778,1.07838,142802441730
20200221,00:00:00,1.07843,1.08635,1.07843,1.08456,200502850120
20200224,00:00:00,1.08145,1.08720,1.08050,1.08519,176178728830
20200225,00:00:00,1.08519,1.08902,1.08300,1.08806,186037339990
20200226,00:00:00,1.08806,1.09086,1.08549,1.08813,188356480770
20200227,00:00:00,1.08812,1.10064,1.08769,1.09998,214850809780
20200228,00:00:00,1.09998,1.10530,1.09509,1.10251,252671584760
20200302,00:00:00,1.10423,1.11845,1.10362,1.11331,249291949040
20200303,00:00:00,1.11327,1.12134,1.10953,1.11716,216215854940
20200304,00:00:00,1.11715,1.11875,1.10955,1.11328,164485685080
20200305,00:00:00,1.11328,1.12447,1.11195,1.12361,193127789470
20200306,00:00:00,1.12361,1.13546,1.12112,1.12804,241330980200
20200308,00:00:00,1.13473,1.13567,1.13350,1.13470,793522500
20200309,00:00:00,1.13469,1.14954,1.13397,1.14368,298835904920
20200310,00:00:00,1.14464,1.14578,1.12749,1.12916,265811214460
20200311,00:00:00,1.12916,1.13667,1.12501,1.12607,199465470030
20200312,00:00:00,1.12604,1.13336,1.10550,1.11676,260648525800
20200313,00:00:00,1.11672,1.12213,1.10550,1.10992,237507165480
20200315,00:00:00,1.10705,1.11996,1.10705,1.11900,1052491700
20200316,00:00:00,1.11900,1.12366,1.10849,1.11788,297188060310
20200317,00:00:00,1.11788,1.11891,1.09550,1.10076,277806732690
20200318,00:00:00,1.10076,1.10451,1.08016,1.09126,321156636640
20200319,00:00:00,1.09126,1.09818,1.06543,1.06620,302177797280
20200320,00:00:00,1.06614,1.08309,1.06375,1.06929,480618601960
20200322,00:00:00,1.07011,1.07044,1.06925,1.06939,195941800
20200323,00:00:00,1.06942,1.08279,1.06357,1.07247,469369432510
20200324,00:00:00,1.07243,1.08879,1.07239,1.07829,344669793430
20200325,00:00:00,1.07812,1.08938,1.07599,1.08796,297794934870
20200326,00:00:00,1.08797,1.10587,1.08698,1.10291,282471468740
20200327,00:00:00,1.10292,1.11473,1.09533,1.11379,256356139960
20200330,00:00:00,1.11172,1.11440,1.10100,1.10427,194602407580
20200331,00:00:00,1.10427,1.10545,1.09265,1.10299,315910110950
20200401,00:00:00,1.10286,1.10390,1.09026,1.09616,271412594940
20200402,00:00:00,1.09619,1.09684,1.08206,1.08561,296971647430
20200403,00:00:00,1.08557,1.08645,1.07727,1.07955,271889173780
20200406,00:00:00,1.08082,1.08354,1.07683,1.07920,283322888590
20200407,00:00:00,1.07920,1.09263,1.07835,1.08904,284007770320
20200408,00:00:00,1.08903,1.09019,1.08299,1.08564,236735986900
20200409,00:00:00,1.08559,1.09516,1.08409,1.09285,262590775020
20200410,00:00:00,1.09286,1.09524,1.09192,1.09326,150858050220
20200413,00:00:00,1.09482,1.09678,1.08926,1.09120,164411332000
20200414,00:00:00,1.09109,1.09871,1.09029,1.09798,227195633140
20200415,00:00:00,1.09794,1.09907,1.08564,1.09066,242782579950
20200416,00:00:00,1.09076,1.09111,1.08166,1.08386,272079093550
20200417,00:00:00,1.08386,1.08926,1.08119,1.08711,265342129720
20200420,00:00:00,1.08748,1.08967,1.08411,1.08607,205688842760
20200421,00:00:00,1.08611,1.08802,1.08165,1.08564,269583290240
20200422,00:00:00,1.08563,1.08852,1.08032,1.08229,216659885690
20200423,00:00:00,1.08226,1.08466,1.07560,1.07760,279221895020
20200424,00:00:00,1.07760,1.08294,1.07271,1.08196,236007129780
20200427,00:00:00,1.08211,1.08602,1.08112,1.08286,204454825120
20200428,00:00:00,1.08282,1.08884,1.08097,1.08186,214232415020
20200429,00:00:00,1.08186,1.08856,1.08183,1.08724,216037605060
20200430,00:00:00,1.08741,1.09726,1.08330,1.09539,287628549870
20200501,00:00:00,1.09539,1.10187,1.09344,1.09777,195288933690
20200504,00:00:00,1.09676,1.09736,1.08956,1.09058,218738977500
20200505,00:00:00,1.09063,1.09258,1.08258,1.08377,231702350130
20200506,00:00:00,1.08377,1.08456,1.07819,1.07930,243295882300
20200507,00:00:00,1.07934,1.08339,1.07665,1.08331,232904039910
20200508,00:00:00,1.08340,1.08756,1.08151,1.08371,172159190840
20200511,00:00:00,1.08265,1.08504,1.08005,1.08061,213421740050
20200512,00:00:00,1.08059,1.08851,1.07843,1.08472,208817574950
20200513,00:00:00,1.08475,1.08965,1.08116,1.08176,229573074750
20200514,00:00:00,1.08176,1.08239,1.07748,1.08040,213507688230
20200515,00:00:00,1.08042,1.08509,1.07888,1.08183,205052601970
20200518,00:00:00,1.08088,1.09270,1.07999,1.09154,201086150710
20200519,00:00:00,1.09155,1.09759,1.09021,1.09221,249931144020
20200520,00:00:00,1.09219,1.09989,1.09186,1.09771,214430100040
20200521,00:00:00,1.09769,1.10083,1.09371,1.09484,175101849020
20200522,00:00:00,1.09472,1.09535,1.08852,1.08980,162130252320
20200525,00:00:00,1.08956,1.09144,1.08706,1.08950,97996430040
20200526,00:00:00,1.08950,1.09957,1.08919,1.09816,202117317450
20200527,00:00:00,1.09812,1.10307,1.09340,1.10026,323507240230
20200528,00:00:00,1.10024,1.10934,1.09916,1.10767,230033970290
20200529,00:00:00,1.10767,1.11451,1.10698,1.11036,380449853530
20200601,00:00:00,1.11129,1.11540,1.11004,1.11353,244746663610
20200602,00:00:00,1.11353,1.11959,1.11151,1.11693,273133102420
20200603,00:00:00,1.11690,1.12577,1.11667,1.12328,244113376160
20200604,00:00:00,1.12325,1.13623,1.11947,1.13370,274067759870
20200605,00:00:00,1.13367,1.13836,1.12784,1.12911,271855154610
20200608,00:00:00,1.12934,1.13198,1.12682,1.12937,200343667220
20200609,00:00:00,1.12936,1.13638,1.12409,1.13395,236624385050
20200610,00:00:00,1.13395,1.14224,1.13219,1.13729,249929064330
20200611,00:00:00,1.13729,1.14036,1.12885,1.12989,300185080300
20200612,00:00:00,1.12989,1.13405,1.12125,1.12550,311745470030
20200615,00:00:00,1.12329,1.13324,1.12262,1.13228,291436844550
20200616,00:00:00,1.13228,1.13532,1.12278,1.12631,236707097400
20200617,00:00:00,1.12629,1.12939,1.12068,1.12432,248437561620
20200618,00:00:00,1.12428,1.12613,1.11854,1.12055,235975640450
20200619,00:00:00,1.12054,1.12542,1.11680,1.11759,239664601170
20200622,00:00:00,1.11835,1.12698,1.11684,1.12597,180066264740
20200623,00:00:00,1.12597,1.13486,1.12330,1.13074,238122341140
20200624,00:00:00,1.13073,1.13257,1.12482,1.12503,231204874960
20200625,00:00:00,1.12503,1.12597,1.11903,1.12170,234684120330
20200626,00:00:00,1.12181,1.12393,1.11951,1.12170,175079052530
20200629,00:00:00,1.12149,1.12879,1.12149,1.12410,179170747850
20200630,00:00:00,1.12412,1.12619,1.11910,1.12336,196959774010
20200701,00:00:00,1.12340,1.12751,1.11848,1.12507,186639940200
20200702,00:00:00,1.12507,1.13026,1.12233,1.12388,184185110130
20200703,00:00:00,1.12391,1.12518,1.12192,1.12464,146874517480
20200706,00:00:00,1.12433,1.13454,1.12411,1.13089,142461675000
20200707,00:00:00,1.13087,1.13325,1.12588,1.12727,161140340080
20200708,00:00:00,1.12725,1.13518,1.12623,1.13293,164988709260
20200709,00:00:00,1.13292,1.13706,1.12801,1.12846,199150410210
20200710,00:00:00,1.12845,1.13247,1.12547,1.12990,180567149770
20200713,00:00:00,1.13039,1.13748,1.13008,1.13435,240740045190
20200714,00:00:00,1.13431,1.14086,1.13251,1.13993,356993283570
20200715,00:00:00,1.13990,1.14520,1.13910,1.14113,308569029080
20200716,00:00:00,1.14113,1.14417,1.13704,1.13834,286760484720
20200717,00:00:00,1.13832,1.14436,1.13756,1.14269,180941235160
20200720,00:00:00,1.14084,1.14677,1.14023,1.14472,287644342930
20200721,00:00:00,1.14472,1.15398,1.14228,1.15265,381991790010
20200722,00:00:00,1.15268,1.16013,1.15068,1.15695,469647157320
20200723,00:00:00,1.15693,1.16268,1.15403,1.15959,357670274560
20200724,00:00:00,1.15959,1.16580,1.15812,1.16546,414395353800
20200727,00:00:00,1.16430,1.17813,1.16413,1.17510,340905599780
20200728,00:00:00,1.17512,1.17736,1.16987,1.17150,345127894540
20200729,00:00:00,1.17148,1.18061,1.17118,1.17907,338594794820
20200730,00:00:00,1.17910,1.18482,1.17308,1.18467,336437808850
20200731,00:00:00,1.18465,1.19087,1.17617,1.17753,580493209290
20200803,00:00:00,1.17725,1.17966,1.16959,1.17617,314524662750
20200804,00:00:00,1.17633,1.18059,1.17211,1.18028,430308769470
20200805,00:00:00,1.18026,1.19048,1.17929,1.18629,1048544357640
20200806,00:00:00,1.18627,1.19160,1.18179,1.18763,1292643145310
20200807,00:00:00,1.18763,1.18828,1.17551,1.17862,434629108570
20200810,00:00:00,1.17886,1.18006,1.17359,1.17371,301512860410
20200811,00:00:00,1.17373,1.18080,1.17219,1.17395,586722882440
20200812,00:00:00,1.17395,1.18170,1.17110,1.17835,626910658320
20200813,00:00:00,1.17835,1.18641,1.17796,1.18131,452405646820
20200814,00:00:00,1.18126,1.18503,1.17817,1.18414,334420315320
20200817,00:00:00,1.18389,1.18809,1.18286,1.18698,301857770600
20200818,00:00:00,1.18698,1.19656,1.18658,1.19305,323407480470
20200819,00:00:00,1.19306,1.19526,1.18302,1.18385,529791392130
20200820,00:00:00,1.18396,1.18686,1.18019,1.18599,429140360570
20200821,00:00:00,1.18599,1.18828,1.17541,1.17949,388376969200
20200824,00:00:00,1.17911,1.18495,1.17841,1.17873,217817741810
20200825,00:00:00,1.17871,1.18435,1.17841,1.18343,420332186500
20200826,00:00:00,1.18340,1.18391,1.17721,1.18298,275299324310
20200827,00:00:00,1.18297,1.19018,1.17623,1.18215,465558501090
20200828,00:00:00,1.18215,1.19197,1.18109,1.19018,572861717640
20200831,00:00:00,1.18998,1.19660,1.18840,1.19361,998345740340
20200901,00:00:00,1.19358,1.20113,1.19013,1.19113,375627645130
20200902,00:00:00,1.19112,1.19287,1.18221,1.18547,727000740730
20200903,00:00:00,1.18506,1.18646,1.17889,1.18512,888288646560
20200904,00:00:00,1.18513,1.18654,1.17809,1.18371,975069881350
20200907,00:00:00,1.18432,1.18486,1.18117,1.18133,473109811960
20200908,00:00:00,1.18133,1.18273,1.17654,1.17737,904698404610
20200909,00:00:00,1.17749,1.18339,1.17527,1.18025,847151728690
20200910,00:00:00,1.18026,1.19175,1.18004,1.18146,1079876592690
20200911,00:00:00,1.18145,1.18741,1.18130,1.18453,921866924090
20200914,00:00:00,1.18348,1.18880,1.18319,1.18643,908617973150
20200915,00:00:00,1.18648,1.19005,1.18395,1.18462,889556010710
20200916,00:00:00,1.18465,1.18825,1.17876,1.18155,999318680100
20200917,00:00:00,1.18156,1.18524,1.17373,1.18477,1396941405390
20200918,00:00:00,1.18476,1.18705,1.18260,1.18385,1098599234170
20200921,00:00:00,1.18369,1.18717,1.17317,1.17707,1326884439160
20200922,00:00:00,1.17707,1.17735,1.16916,1.17077,1025213649450
20200923,00:00:00,1.17074,1.17188,1.16513,1.16595,1081733562620
20200924,00:00:00,1.16590,1.16869,1.16265,1.16708,1085492730930
20200925,00:00:00,1.16706,1.16850,1.16121,1.16277,993353683930
20200928,00:00:00,1.16271,1.16799,1.16150,1.16650,1022732437790
20200929,00:00:00,1.16650,1.17455,1.16614,1.17426,980638705780
20200930,00:00:00,1.17430,1.17548,1.16847,1.17210,1341208069660
20201001,00:00:00,1.17210,1.17696,1.17171,1.17460,1321574371950
20201002,00:00:00,1.17489,1.17489,1.16956,1.17157,1400393571140
20201005,00:00:00,1.17110,1.17975,1.17053,1.17825,1043070403990
20201006,00:00:00,1.17825,1.18077,1.17317,1.17334,1202139654530
20201007,00:00:00,1.17335,1.17818,1.17249,1.17604,1195938129270
20201008,00:00:00,1.17600,1.17816,1.17326,1.17582,1112217696540
20201009,00:00:00,1.17587,1.18310,1.17568,1.18248,1054360172370
20201012,00:00:00,1.18103,1.18266,1.17867,1.18120,959558470230
20201013,00:00:00,1.18120,1.18155,1.17304,1.17440,1191270309750
20201014,00:00:00,1.17452,1.17710,1.17199,1.17452,1146763691490
20201015,00:00:00,1.17452,1.17578,1.16884,1.17073,1052065191270
20201016,00:00:00,1.17073,1.17462,1.16939,1.17132,952925320080
20201019,00:00:00,1.17181,1.17936,1.17031,1.17695,682296688470
20201020,00:00:00,1.17695,1.18407,1.17598,1.18211,799622307790
20201021,00:00:00,1.18214,1.18807,1.18209,1.18598,949038422360
20201022,00:00:00,1.18569,1.18668,1.18114,1.18177,932813082050
20201023,00:00:00,1.18177,1.18648,1.17866,1.18572,904441490720
20201025,00:00:00,1.18546,1.18568,1.18515,1.18558,963167500
20201026,00:00:00,1.18569,1.18605,1.18032,1.18091,839321645730
20201027,00:00:00,1.18080,1.18387,1.17829,1.17871,792571331350
20201028,00:00:00,1.17871,1.17879,1.17178,1.17455,1060494768910
20201029,00:00:00,1.17451,1.17587,1.16501,1.16741,781323537730
20201030,00:00:00,1.16740,1.17042,1.16400,1.16431,916025015840
20201102,00:00:00,1.16498,1.16557,1.16221,1.16404,825009724570
20201103,00:00:00,1.16404,1.17397,1.16318,1.17150,652729067920
20201104,00:00:00,1.17150,1.17704,1.16026,1.17244,1304116279060
20201105,00:00:00,1.17251,1.18596,1.17107,1.18268,953757501520
20201106,00:00:00,1.18268,1.18908,1.17952,1.18700,512782152080
20201109,00:00:00,1.18898,1.19199,1.17952,1.18127,698296309680
20201110,00:00:00,1.18124,1.18432,1.17799,1.18127,628651969310
20201111,00:00:00,1.18127,1.18327,1.17454,1.17771,427459864570
20201112,00:00:00,1.17771,1.18231,1.17585,1.18041,452031207220
20201113,00:00:00,1.18039,1.18374,1.17989,1.18310,383459320170
20201116,00:00:00,1.18411,1.18689,1.18141,1.18516,391986716660
20201117,00:00:00,1.18509,1.18937,1.18425,1.18612,337998864670
20201118,00:00:00,1.18607,1.18908,1.18491,1.18526,358563174700
20201119,00:00:00,1.18526,1.18825,1.18161,1.18745,412653655310
20201120,00:00:00,1.18745,1.18908,1.18498,1.18544,393869047830
20201123,00:00:00,1.18538,1.19060,1.17997,1.18399,373709318000
20201124,00:00:00,1.18399,1.18961,1.18361,1.18905,453267329670
20201125,00:00:00,1.18922,1.19297,1.18818,1.19157,438592504870
20201126,00:00:00,1.19157,1.19409,1.18852,1.19127,309694905140
20201127,00:00:00,1.19125,1.19641,1.19068,1.19620,297590698390
20201130,00:00:00,1.19614,1.20032,1.19236,1.19256,425824109800
20201201,00:00:00,1.19260,1.20765,1.19249,1.20692,332544314740
20201202,00:00:00,1.20691,1.21183,1.20399,1.21132,355342267730
20201203,00:00:00,1.21151,1.21746,1.21010,1.21454,370868659900
20201204,00:00:00,1.21454,1.21773,1.21101,1.21202,424588366510
20201207,00:00:00,1.21308,1.21662,1.20784,1.21091,406139778930
20201208,00:00:00,1.21091,1.21339,1.20953,1.21022,341450031940
20201209,00:00:00,1.21022,1.21475,1.20587,1.20799,241128235750
20201210,00:00:00,1.20779,1.21588,1.20748,1.21398,236319602650
20201211,00:00:00,1.21360,1.21629,1.21053,1.21086,195119533660
20201214,00:00:00,1.21367,1.21767,1.21155,1.21432,163952771670
20201215,00:00:00,1.21432,1.21689,1.21210,1.21505,143355217280
20201216,00:00:00,1.21489,1.22121,1.21250,1.21985,172883589800
20201217,00:00:00,1.21983,1.22726,1.21898,1.22656,168635109930
20201218,00:00:00,1.22676,1.22718,1.22255,1.22559,162035466090
20201221,00:00:00,1.22210,1.22529,1.21296,1.22432,234164970160
20201222,00:00:00,1.22432,1.22570,1.21520,1.21610,204277311400
20201223,00:00:00,1.21610,1.22210,1.21538,1.21850,187712757300
20201224,00:00:00,1.21845,1.22156,1.21773,1.21844,149462718610
20201225,00:00:00,1.21861,1.22031,1.21709,1.21922,5932440000
20201228,00:00:00,1.21860,1.22502,1.21811,1.22160,140335287420
20201229,00:00:00,1.22160,1.22750,1.22073,1.22478,152064867580
20201230,00:00:00,1.22455,1.23101,1.22453,1.22952,158740054810
20201231,00:00:00,1.22955,1.23092,1.22091,1.22141,164452633670
20210104,00:00:00,1.22396,1.23096,1.22296,1.22473,247868262000
20210105,00:00:00,1.22463,1.23056,1.22432,1.22957,193572133630
20210106,00:00:00,1.22946,1.23494,1.22655,1.23239,270515945040
20210107,00:00:00,1.23247,1.23443,1.22450,1.22710,194294231640
20210108,00:00:00,1.22713,1.22845,1.21929,1.22174,239793115030
20210111,00:00:00,1.22175,1.22284,1.21321,1.21496,199048216680
20210112,00:00:00,1.21497,1.22097,1.21371,1.22062,155317596000
20210113,00:00:00,1.22064,1.22227,1.21399,1.21568,174070861870
20210114,00:00:00,1.21568,1.21784,1.21110,1.21530,194068260900
20210115,00:00:00,1.21530,1.21624,1.20747,1.20748,168388538020
20210118,00:00:00,1.20838,1.20867,1.20535,1.20749,123648097370
20210119,00:00:00,1.20748,1.21448,1.20739,1.21284,173570845170
20210120,00:00:00,1.21281,1.21581,1.20767,1.21044,172088667540
20210121,00:00:00,1.21044,1.21730,1.21032,1.21640,163963532760
20210122,00:00:00,1.21564,1.21894,1.21515,1.21667,142147330310
20210125,00:00:00,1.21688,1.21832,1.21158,1.21363,163322504020
20210126,00:00:00,1.21363,1.21758,1.21076,1.21597,147933093400
20210127,00:00:00,1.21598,1.21696,1.20585,1.21096,199305847370
20210128,00:00:00,1.21083,1.21424,1.20807,1.21201,200758530140
20210129,00:00:00,1.21199,1.21560,1.20944,1.21298,194330699930
20210201,00:00:00,1.21297,1.21363,1.20560,1.20594,169316559610
20210202,00:00:00,1.20594,1.20877,1.20115,1.20428,147600079840
20210203,00:00:00,1.20423,1.20500,1.20040,1.20351,120119690010
20210204,00:00:00,1.20349,1.20427,1.19574,1.19620,121808084960
20210205,00:00:00,1.19618,1.20498,1.19522,1.20481,125559884770
20210208,00:00:00,1.20375,1.20660,1.20196,1.20482,117625977850
20210209,00:00:00,1.20479,1.21218,1.20469,1.21172,133697039880
20210210,00:00:00,1.21168,1.21440,1.21088,1.21172,130601924730
20210211,00:00:00,1.21172,1.21494,1.21134,1.21303,88250548750
20210212,00:00:00,1.21303,1.21350,1.20815,1.21177,83077430020
20210215,00:00:00,1.21244,1.21451,1.21167,1.21274,68552618460
20210216,00:00:00,1.21269,1.21693,1.20949,1.21053,118869934980
20210217,00:00:00,1.21047,1.21090,1.20232,1.20372,131488334970
20210218,00:00:00,1.20333,1.20945,1.20330,1.20908,118387975010
20210219,00:00:00,1.20908,1.21444,1.20823,1.21167,120562365200
20210222,00:00:00,1.21151,1.21693,1.20911,1.21551,136092544840
20210223,00:00:00,1.21551,1.21801,1.21353,1.21493,123596545040
20210224,00:00:00,1.21493,1.21745,1.21092,1.21664,160048549840
20210225,00:00:00,1.21630,1.22433,1.21559,1.21740,232552359900
20210226,00:00:00,1.21718,1.21841,1.20621,1.20704,311728343350
20210301,00:00:00,1.20702,1.21011,1.20276,1.20488,158262374910
20210302,00:00:00,1.20488,1.20943,1.19916,1.20898,163214715030
20210303,00:00:00,1.20893,1.21132,1.20427,1.20627,181858794200
20210304,00:00:00,1.20627,1.20666,1.19615,1.19692,214543120030
20210305,00:00:00,1.19679,1.19777,1.18932,1.19128,247010160320
20210308,00:00:00,1.19177,1.19321,1.18442,1.18460,188943647550
20210309,00:00:00,1.18460,1.19156,1.18355,1.19001,167830410150
20210310,00:00:00,1.19001,1.19296,1.18688,1.19284,154286420560
20210311,00:00:00,1.19283,1.19899,1.19156,1.19844,153676796890
20210312,00:00:00,1.19842,1.19884,1.19099,1.19476,154653969840
20210314,00:00:00,1.19451,1.19511,1.19439,1.19489,2178620000
20210315,00:00:00,1.19483,1.19674,1.19110,1.19275,123475704990
20210316,00:00:00,1.19278,1.19518,1.18819,1.19008,128666051720
20210317,00:00:00,1.19011,1.19855,1.18861,1.19800,134649324910
20210318,00:00:00,1.19800,1.19888,1.19061,1.19135,180556767430
20210319,00:00:00,1.19135,1.19371,1.18738,1.19031,137833180160
20210321,00:00:00,1.18712,1.18822,1.18708,1.18797,1358333500
20210322,00:00:00,1.18804,1.19468,1.18744,1.19348,117508826440
20210323,00:00:00,1.19348,1.19407,1.18421,1.18505,121924271920
20210324,00:00:00,1.18501,1.18517,1.18095,1.18126,127828630180
20210325,00:00:00,1.18127,1.18277,1.17617,1.17679,137021990860
20210326,00:00:00,1.17686,1.18049,1.17679,1.17918,97005505720
20210329,00:00:00,1.17917,1.17939,1.17606,1.17642,108739674980
20210330,00:00:00,1.17640,1.17737,1.17112,1.17169,101747154990
20210331,00:00:00,1.17168,1.17598,1.17040,1.17298,108027720030
20210401,00:00:00,1.17298,1.17799,1.17125,1.17759,100966914170
20210402,00:00:00,1.17759,1.17866,1.17490,1.17603,73526583860
20210405,00:00:00,1.17544,1.18194,1.17379,1.18125,64177844980
20210406,00:00:00,1.18125,1.18776,1.17951,1.18740,92381350410
20210407,00:00:00,1.18740,1.19147,1.18608,1.18657,93691970060
20210408,00:00:00,1.18657,1.19274,1.18609,1.19124,88048428740
20210409,00:00:00,1.19121,1.19201,1.18669,1.18977,86552717540
20210412,00:00:00,1.18903,1.19190,1.18710,1.19099,80081149820
20210413,00:00:00,1.19098,1.19557,1.18776,1.19474,99223639960
20210414,00:00:00,1.19473,1.19872,1.19470,1.19784,94252055020
20210415,00:00:00,1.19781,1.19932,1.19560,1.19655,88577895070
20210416,00:00:00,1.19630,1.19946,1.19503,1.19805,78344860160
20210419,00:00:00,1.19722,1.20480,1.19424,1.20367,97787945830
20210420,00:00:00,1.20363,1.20797,1.20224,1.20342,98215717980
20210421,00:00:00,1.20337,1.20436,1.19985,1.20343,86370669950
20210422,00:00:00,1.20344,1.20694,1.19936,1.20139,106466229930
20210423,00:00:00,1.20138,1.20999,1.20127,1.20938,82121869860
20210426,00:00:00,1.20913,1.21167,1.20608,1.20838,81695900070
20210427,00:00:00,1.20854,1.20926,1.20567,1.20891,81304095740
20210428,00:00:00,1.20891,1.21347,1.20560,1.21242,104781330110
20210429,00:00:00,1.21240,1.21498,1.21021,1.21182,99413842850
20210430,00:00:00,1.21173,1.21265,1.20165,1.20169,100428009910
20210503,00:00:00,1.20309,1.20760,1.20130,1.20627,81555554090
20210504,00:00:00,1.20627,1.20649,1.19989,1.20116,107621535000
20210505,00:00:00,1.20106,1.20265,1.19859,1.20036,84306594900
20210506,00:00:00,1.20036,1.20716,1.19929,1.20645,94023419010
20210507,00:00:00,1.20647,1.21713,1.20527,1.21615,130680092010
20210510,00:00:00,1.21601,1.21782,1.21276,1.21282,102255845000
20210511,00:00:00,1.21281,1.21815,1.21230,1.21467,104144934980
20210512,00:00:00,1.21467,1.21520,1.20655,1.20705,164116544920
20210513,00:00:00,1.20724,1.21060,1.20514,1.20791,124405884920
20210514,00:00:00,1.20787,1.21477,1.20708,1.21420,100391493960
20210517,00:00:00,1.21450,1.21687,1.21259,1.21513,81143859890
20210518,00:00:00,1.21514,1.22339,1.21489,1.22219,95882065000
20210519,00:00:00,1.22219,1.22451,1.21598,1.21744,121158370040
20210520,00:00:00,1.21744,1.22290,1.21689,1.22268,91675643980
20210521,00:00:00,1.22270,1.22396,1.21607,1.21778,97878350110
20210524,00:00:00,1.21778,1.22298,1.21722,1.22151,81771063950
20210525,00:00:00,1.22146,1.22664,1.22113,1.22497,96261134990
20210526,00:00:00,1.22481,1.22629,1.21820,1.21922,89787149990
20210527,00:00:00,1.21906,1.22149,1.21751,1.21930,88415380000
20210528,00:00:00,1.21932,1.22048,1.21325,1.21905,98112819890
20210531,00:00:00,1.21990,1.22312,1.21832,1.22243,58683275000
20210601,00:00:00,1.22243,1.22542,1.22116,1.22126,81562209270
20210602,00:00:00,1.22125,1.22265,1.21640,1.22100,77832364990
20210603,00:00:00,1.22097,1.22141,1.21181,1.21265,97226544960
20210604,00:00:00,1.21261,1.21856,1.21039,1.21644,94617034820
20210607,00:00:00,1.21601,1.22017,1.21448,1.21893,56558239950
20210608,00:00:00,1.21892,1.21941,1.21642,1.21726,77182252060
20210609,00:00:00,1.21725,1.22179,1.21711,1.21775,53462343700
20210610,00:00:00,1.21774,1.21945,1.21433,1.21751,113452984300
20210611,00:00:00,1.21751,1.21929,1.20925,1.21072,79121179840
20210614,00:00:00,1.21045,1.21305,1.20942,1.21195,56891260060
20210615,00:00:00,1.21191,1.21473,1.21013,1.21261,70505844920
20210616,00:00:00,1.21257,1.21347,1.19939,1.19940,118140029840
20210617,00:00:00,1.19940,1.20062,1.18916,1.19059,137926650060
20210618,00:00:00,1.19057,1.19249,1.18472,1.18592,141902480200
20210621,00:00:00,1.18542,1.19213,1.18476,1.19170,114807479890
20210622,00:00:00,1.19167,1.19526,1.18808,1.19407,91056894990
20210623,00:00:00,1.19363,1.19700,1.19113,1.19255,90192849860
20210624,00:00:00,1.19255,1.19562,1.19176,1.19316,80934145020
20210625,00:00:00,1.19312,1.19751,1.19261,1.19347,76449299960
20210628,00:00:00,1.19296,1.19444,1.19022,1.19230,81234639970
20210629,00:00:00,1.19209,1.19295,1.18775,1.18953,88112184960
20210630,00:00:00,1.18955,1.19090,1.18450,1.18558,99521564790
20210701,00:00:00,1.18560,1.18842,1.18373,1.18492,97887844940
20210702,00:00:00,1.18492,1.18741,1.18070,1.18622,96107665180
20210705,00:00:00,1.18598,1.18804,1.18513,1.18620,61653280040
20210706,00:00:00,1.18620,1.18951,1.18068,1.18234,97935814880
20210707,00:00:00,1.18231,1.18364,1.17815,1.17900,97921779990
20210708,00:00:00,1.17900,1.18678,1.17834,1.18441,136572460060
20210709,00:00:00,1.18441,1.18810,1.18249,1.18710,99638755020
20210712,00:00:00,1.18751,1.18802,1.18360,1.18596,78221870470
20210713,00:00:00,1.18594,1.18751,1.17721,1.17758,91330779920
20210714,00:00:00,1.17756,1.18387,1.17717,1.18355,80432294750
20210715,00:00:00,1.18350,1.18506,1.17962,1.18118,78810620030
20210716,00:00:00,1.18119,1.18221,1.17921,1.18047,75426955040
20210719,00:00:00,1.18054,1.18244,1.17636,1.17967,103317763860
20210720,00:00:00,1.17979,1.18024,1.17555,1.17801,105180595500
20210721,00:00:00,1.17776,1.18046,1.17518,1.17939,77664509920
20210722,00:00:00,1.17892,1.18304,1.17572,1.17706,113584224830
20210723,00:00:00,1.17706,1.17865,1.17544,1.17683,70993027210
20210726,00:00:00,1.17681,1.18172,1.17632,1.18026,73500144490
20210727,00:00:00,1.18027,1.18409,1.17698,1.18165,70716747560
20210728,00:00:00,1.18160,1.18494,1.17721,1.18432,94418275010
20210729,00:00:00,1.18432,1.18927,1.18406,1.18860,66404050040
20210730,00:00:00,1.18859,1.19085,1.18515,1.18667,80763480380
20210802,00:00:00,1.18641,1.18968,1.18587,1.18675,65193022550
20210803,00:00:00,1.18671,1.18932,1.18535,1.18632,61158164980
20210804,00:00:00,1.18632,1.18996,1.18326,1.18364,59572909290
20210805,00:00:00,1.18364,1.18572,1.18280,1.18321,52567975010
20210806,00:00:00,1.18320,1.18357,1.17543,1.17596,56752059910
20210809,00:00:00,1.17580,1.17689,1.17348,1.17359,51570230020
20210810,00:00:00,1.17359,1.17427,1.17095,1.17185,76856640040
20210811,00:00:00,1.17185,1.17541,1.17059,1.17381,58849659960
20210812,00:00:00,1.17381,1.17481,1.17236,1.17291,47023990050
20210813,00:00:00,1.17287,1.18045,1.17283,1.17933,45321499980
20210816,00:00:00,1.17934,1.18007,1.17672,1.17764,44291989970
20210817,00:00:00,1.17763,1.17846,1.17079,1.17086,58819290010
20210818,00:00:00,1.17088,1.17427,1.16936,1.17089,59729429980
20210819,00:00:00,1.17088,1.17166,1.16656,1.16753,64180019980
20210820,00:00:00,1.16753,1.17044,1.16638,1.16951,51564875000
20210823,00:00:00,1.16935,1.17501,1.16925,1.17439,57461830020
20210824,00:00:00,1.17439,1.17650,1.17272,1.17541,47464169990
20210825,00:00:00,1.17541,1.17745,1.17260,1.17711,58417755040
20210826,00:00:00,1.17710,1.17789,1.17458,1.17513,65088209990
20210827,00:00:00,1.17515,1.18022,1.17348,1.17910,93344537830
20210830,00:00:00,1.17937,1.18097,1.17827,1.17964,54170019980
20210831,00:00:00,1.17963,1.18450,1.17936,1.18079,66223860030
20210901,00:00:00,1.18082,1.18571,1.17935,1.18380,63610249960
20210902,00:00:00,1.18378,1.18760,1.18342,1.18744,50047194980
20210903,00:00:00,1.18743,1.19090,1.18655,1.18773,72552519950
20210906,00:00:00,1.18760,1.18862,1.18557,1.18683,41377530030
20210907,00:00:00,1.18679,1.18851,1.18374,1.18399,66778592470
20210908,00:00:00,1.18358,1.18511,1.18019,1.18140,79097188580
20210909,00:00:00,1.18139,1.18412,1.18051,1.18236,79552689890
20210910,00:00:00,1.18233,1.18510,1.18092,1.18101,67067064930
20210913,00:00:00,1.18111,1.18169,1.17700,1.18100,60555199990
20210914,00:00:00,1.18095,1.18458,1.18000,1.18017,66751000070
20210915,00:00:00,1.18017,1.18318,1.17991,1.18160,71277818520
20210916,00:00:00,1.18157,1.18204,1.17504,1.17633,66676439990
20210917,00:00:00,1.17679,1.17888,1.17235,1.17239,71670777630
20210920,00:00:00,1.17288,1.17364,1.17001,1.17252,83124389990
20210921,00:00:00,1.17252,1.17486,1.17147,1.17240,71459434930
20210922,00:00:00,1.17240,1.17555,1.16843,1.16866,83732696680
20210923,00:00:00,1.16864,1.17500,1.16834,1.17384,79637740040
20210924,00:00:00,1.17383,1.17476,1.17005,1.17181,58186110030
20210927,00:00:00,1.17253,1.17261,1.16846,1.16949,112945810050
20210928,00:00:00,1.16944,1.17031,1.16682,1.16827,114537899890
20210929,00:00:00,1.16828,1.16900,1.15894,1.15968,109209290190
20210930,00:00:00,1.15967,1.16096,1.15624,1.15752,101060330030
20211001,00:00:00,1.15744,1.16072,1.15628,1.15923,90981430000
20211004,00:00:00,1.15954,1.16400,1.15876,1.16189,76445910050
20211005,00:00:00,1.16188,1.16218,1.15804,1.15966,71081155030
20211006,00:00:00,1.15963,1.16028,1.15291,1.15542,90993445040
20211007,00:00:00,1.15542,1.15720,1.15474,1.15530,57847744980
20211008,00:00:00,1.15530,1.15861,1.15413,1.15721,70206590020
20211011,00:00:00,1.15674,1.15867,1.15489,1.15513,53374519970
20211012,00:00:00,1.15510,1.15703,1.15242,1.15298,67222924970
20211013,00:00:00,1.15298,1.15972,1.15287,1.15939,76467480120
20211014,00:00:00,1.15907,1.16242,1.15839,1.15953,92693079990
20211015,00:00:00,1.15953,1.16185,1.15881,1.15983,94944699990
20211018,00:00:00,1.15903,1.16223,1.15717,1.16091,71256209940
20211019,00:00:00,1.16092,1.16693,1.16078,1.16312,60987580030
20211020,00:00:00,1.16308,1.16586,1.16168,1.16485,63574485000
20211021,00:00:00,1.16482,1.16674,1.16194,1.16215,74175189950
20211022,00:00:00,1.16212,1.16556,1.16198,1.16395,108709199970
20211025,00:00:00,1.16382,1.16649,1.15907,1.16080,74247830040
20211026,00:00:00,1.16080,1.16257,1.15848,1.15959,63656464240
20211027,00:00:00,1.15959,1.16259,1.15849,1.16027,80954822490
20211028,00:00:00,1.16027,1.16921,1.15821,1.16785,106111799820
20211029,00:00:00,1.16780,1.16899,1.15350,1.15529,100815635060
20211031,00:00:00,1.15576,1.15637,1.15562,1.15628,411440000
20211101,00:00:00,1.15625,1.16090,1.15460,1.16034,77403275030
20211102,00:00:00,1.16044,1.16133,1.15751,1.15790,70975257500
20211103,00:00:00,1.15789,1.16162,1.15622,1.16125,99208863310
20211104,00:00:00,1.16126,1.16164,1.15282,1.15539,85554075960
20211105,00:00:00,1.15539,1.15731,1.15132,1.15631,92782791640
20211108,00:00:00,1.15566,1.15949,1.15503,1.15844,63665205030
20211109,00:00:00,1.15836,1.16087,1.15698,1.15927,67441835030
20211110,00:00:00,1.15912,1.15952,1.14759,1.14781,102527609990
20211111,00:00:00,1.14778,1.14875,1.14428,1.14498,69002940110
20211112,00:00:00,1.14488,1.14620,1.14328,1.14413,71026625000
20211115,00:00:00,1.14473,1.14638,1.13562,1.13670,75323730590
20211116,00:00:00,1.13665,1.13856,1.13089,1.13196,90386544990
20211117,00:00:00,1.13188,1.13321,1.12635,1.13189,85789179940
20211118,00:00:00,1.13181,1.13740,1.13137,1.13690,78177424940
20211119,00:00:00,1.13690,1.13725,1.12499,1.12794,118361700370
20211122,00:00:00,1.12873,1.12907,1.12306,1.12356,97958911000
20211123,00:00:00,1.12356,1.12750,1.12259,1.12469,93819850080
20211124,00:00:00,1.12465,1.12552,1.11859,1.11962,101888124960
20211125,00:00:00,1.11957,1.12296,1.11944,1.12065,50564161570
20211126,00:00:00,1.12064,1.13301,1.12057,1.13071,139284930820
20211129,00:00:00,1.13004,1.13134,1.12583,1.12888,101027683570
20211130,00:00:00,1.12887,1.13828,1.12349,1.13367,160120644780
20211201,00:00:00,1.13354,1.13596,1.13025,1.13188,118041189980
20211202,00:00:00,1.13180,1.13476,1.12953,1.13006,89596400030
20211203,00:00:00,1.13000,1.13333,1.12665,1.13117,122008540100
20211206,00:00:00,1.13046,1.13129,1.12663,1.12832,76367125030
20211207,00:00:00,1.12812,1.12984,1.12275,1.12663,70296385040
20211208,00:00:00,1.12662,1.13547,1.12631,1.13413,84371193920
20211209,00:00:00,1.13411,1.13455,1.12783,1.12923,62539825010
20211210,00:00:00,1.12923,1.13239,1.12651,1.13146,74444660010
20211213,00:00:00,1.13100,1.13192,1.12600,1.12837,68114025050
20211214,00:00:00,1.12811,1.13238,1.12535,1.12579,83807374950
20211215,00:00:00,1.12579,1.12991,1.12215,1.12910,113081790110
20211216,00:00:00,1.12909,1.13603,1.12811,1.13292,81935055000
20211217,00:00:00,1.13293,1.13488,1.12350,1.12370,74337862570
20211220,00:00:00,1.12371,1.13037,1.12344,1.12756,69885280020
20211221,00:00:00,1.12745,1.13026,1.12607,1.12823,62032015070
20211222,00:00:00,1.12824,1.13423,1.12644,1.13258,58347378620
20211223,00:00:00,1.13250,1.13422,1.12900,1.13262,65917720060
20211224,00:00:00,1.13265,1.13433,1.13031,1.13102,200271327110
20211227,00:00:00,1.13101,1.13344,1.13028,1.13258,40832866700
20211228,00:00:00,1.13255,1.13331,1.12895,1.13080,39662179990
20211229,00:00:00,1.13080,1.13688,1.12737,1.13459,71259324140
20211230,00:00:00,1.13449,1.13598,1.12984,1.13248,54239649990
20211231,00:00:00,1.13248,1.13863,1.13032,1.13667,50532739990
20220103,00:00:00,1.13690,1.13782,1.12797,1.12965,82645658380
20220104,00:00:00,1.12965,1.13224,1.12721,1.12861,103505090030
20220105,00:00:00,1.12856,1.13463,1.12769,1.13116,97535037430
20220106,00:00:00,1.13117,1.13318,1.12845,1.12964,109459777540
20220107,00:00:00,1.12964,1.13647,1.12899,1.13593,84891125050
20220110,00:00:00,1.13515,1.13602,1.12847,1.13235,92145213330
20220111,00:00:00,1.13234,1.13752,1.13130,1.13659,67687699950
20220112,00:00:00,1.13659,1.14526,1.13547,1.14408,78904595000
20220113,00:00:00,1.14406,1.14817,1.14357,1.14540,71596885110
20220114,00:00:00,1.14535,1.14827,1.13984,1.14090,77216406340
20220117,00:00:00,1.14118,1.14344,1.13917,1.14047,50064494990
20220118,00:00:00,1.14047,1.14214,1.13146,1.13253,89075699970
20220119,00:00:00,1.13253,1.13571,1.13187,1.13418,71277002490
20220120,00:00:00,1.13414,1.13688,1.13031,1.13096,74257255080
20220121,00:00:00,1.13096,1.13596,1.13009,1.13418,73924069950
20220124,00:00:00,1.13396,1.13450,1.12904,1.13240,101820950110
20220125,00:00:00,1.13230,1.13289,1.12631,1.12997,83058725010
20220126,00:00:00,1.12995,1.13107,1.12354,1.12408,103078042000
20220127,00:00:00,1.12408,1.12432,1.11312,1.11424,107777889990
20220128,00:00:00,1.11432,1.11735,1.11213,1.11450,110034460120
20220131,00:00:00,1.11422,1.12478,1.11380,1.12329,98070940020
20220201,00:00:00,1.12319,1.12786,1.12209,1.12719,86289429920
20220202,00:00:00,1.12719,1.13300,1.12665,1.13022,68522229970
20220203,00:00:00,1.13022,1.14514,1.12672,1.14370,129968102280
20220204,00:00:00,1.14369,1.14837,1.14115,1.14477,107486020190
20220207,00:00:00,1.14638,1.14646,1.14151,1.14421,89719130010
20220208,00:00:00,1.14415,1.14487,1.13961,1.14153,77771507030
20220209,00:00:00,1.14153,1.14477,1.14024,1.14211,66884872060
20220210,00:00:00,1.14214,1.14948,1.13748,1.14272,117806259750
20220211,00:00:00,1.14267,1.14298,1.13296,1.13463,136102080190
20220214,00:00:00,1.13369,1.13690,1.12799,1.13052,128206383640
20220215,00:00:00,1.13043,1.13681,1.12981,1.13574,93704159930
20220216,00:00:00,1.13572,1.13957,1.13449,1.13718,84935440010
20220217,00:00:00,1.13717,1.13860,1.13230,1.13592,120024999930
20220218,00:00:00,1.13584,1.13769,1.13140,1.13203,88604106160
20220221,00:00:00,1.13186,1.13905,1.13064,1.13078,79044434470
20220222,00:00:00,1.13074,1.13667,1.12880,1.13240,113210660090
20220223,00:00:00,1.13229,1.13588,1.13011,1.13027,68673279980
20220224,00:00:00,1.13036,1.13087,1.11062,1.11914,224154876470
20220225,00:00:00,1.11912,1.12739,1.11659,1.12719,145936195000
20220228,00:00:00,1.11237,1.12464,1.11225,1.12181,198061529930
20220301,00:00:00,1.12181,1.12329,1.10896,1.11240,139952009860
20220302,00:00:00,1.11234,1.11437,1.10573,1.11179,164881854860
20220303,00:00:00,1.11179,1.11215,1.10334,1.10658,113142213780
20220304,00:00:00,1.10655,1.10677,1.08856,1.09311,161912427400
20220307,00:00:00,1.09199,1.09325,1.08059,1.08523,246815055090
20220308,00:00:00,1.08515,1.09582,1.08489,1.08997,205756616510
20220309,00:00:00,1.08964,1.10951,1.08900,1.10740,135828129790
20220310,00:00:00,1.10733,1.11212,1.09760,1.09849,176743969900
20220311,00:00:00,1.09849,1.10435,1.09018,1.09099,174706640170
20220313,00:00:00,1.09205,1.09249,1.09155,1.09178,395700000
20220314,00:00:00,1.09177,1.09938,1.09005,1.09440,197008905850
20220315,00:00:00,1.09438,1.10196,1.09260,1.09492,231889934000
20220316,00:00:00,1.09493,1.10466,1.09492,1.10311,247289009850
20220317,00:00:00,1.10309,1.11375,1.10076,1.10911,154263260210
20220318,00:00:00,1.10910,1.11186,1.10030,1.10492,166334729820
20220320,00:00:00,1.10561,1.10584,1.10503,1.10510,662942000
20220321,00:00:00,1.10504,1.10701,1.10102,1.10186,148328110040
20220322,00:00:00,1.10184,1.10457,1.09608,1.10285,213586526350
20220323,00:00:00,1.10288,1.10436,1.09639,1.10072,158168465230
20220324,00:00:00,1.10065,1.10136,1.09659,1.09964,168903057110
20220325,00:00:00,1.09970,1.10376,1.09797,1.09805,206823934000
20220328,00:00:00,1.09845,1.09995,1.09446,1.09838,207880420020
20220329,00:00:00,1.09838,1.11370,1.09690,1.10855,270185619600
20220330,00:00:00,1.10855,1.11710,1.10782,1.11582,279036508390
20220331,00:00:00,1.11578,1.11848,1.10608,1.10662,183905910140
20220401,00:00:00,1.10660,1.10760,1.10279,1.10427,196561340200
20220404,00:00:00,1.10301,1.10544,1.09603,1.09696,91971489070
20220405,00:00:00,1.09689,1.09886,1.09000,1.09033,85122325620
20220406,00:00:00,1.09033,1.09379,1.08745,1.08945,127013849900
20220407,00:00:00,1.08945,1.09383,1.08644,1.08769,185636829930
20220408,00:00:00,1.08768,1.08917,1.08364,1.08744,120190628080
20220411,00:00:00,1.09202,1.09332,1.08727,1.08829,132621103730
20220412,00:00:00,1.08829,1.09036,1.08211,1.08262,234319400740
20220413,00:00:00,1.08260,1.08942,1.08088,1.08901,217677899890
20220414,00:00:00,1.08901,1.09233,1.07575,1.08281,271600450650
20220415,00:00:00,1.08282,1.08299,1.07964,1.08057,177092745330
20220418,00:00:00,1.08029,1.08216,1.07698,1.07804,154815490380
20220419,00:00:00,1.07809,1.08145,1.07610,1.07880,189758015950
20220420,00:00:00,1.07880,1.08670,1.07838,1.08514,153309560390
20220421,00:00:00,1.08505,1.09362,1.08234,1.08320,246469259710
20220422,00:00:00,1.08320,1.08515,1.07707,1.07947,227541090650
20220425,00:00:00,1.08041,1.08153,1.06966,1.07114,288513675740
20220426,00:00:00,1.07110,1.07386,1.06356,1.06370,226271473710
20220427,00:00:00,1.06367,1.06546,1.05145,1.05575,261057227820
20220428,00:00:00,1.05575,1.05647,1.04710,1.04981,274561910190
20220429,00:00:00,1.04980,1.05928,1.04911,1.05409,225122217580
20220502,00:00:00,1.05444,1.05682,1.04901,1.05055,263215531160
20220503,00:00:00,1.05055,1.05776,1.04921,1.05190,219644979940
20220504,00:00:00,1.05190,1.06309,1.05059,1.06199,304898079950
20220505,00:00:00,1.06200,1.06417,1.04925,1.05405,314083460250
20220506,00:00:00,1.05402,1.05988,1.04826,1.05452,397455039890
20220509,00:00:00,1.05398,1.05924,1.04951,1.05588,247569350210
20220510,00:00:00,1.05590,1.05852,1.05253,1.05285,232583680020
20220511,00:00:00,1.05285,1.05771,1.05017,1.05110,319388383400
20220512,00:00:00,1.05103,1.05292,1.03539,1.03783,358371730130
20220513,00:00:00,1.03783,1.04195,1.03496,1.04116,152517930210
20220516,00:00:00,1.03952,1.04430,1.03889,1.04313,189810688450
20220517,00:00:00,1.04313,1.05556,1.04284,1.05466,253819760140
20220518,00:00:00,1.05461,1.05636,1.04597,1.04617,133973780000
20220519,00:00:00,1.04617,1.06070,1.04606,1.05837,273225079920
20220520,00:00:00,1.05809,1.05990,1.05328,1.05610,189770440080
20220523,00:00:00,1.05601,1.06973,1.05552,1.06890,229780490320
20220524,00:00:00,1.06882,1.07485,1.06608,1.07329,160652309790
20220525,00:00:00,1.07334,1.07388,1.06421,1.06763,173450900120
20220526,00:00:00,1.06743,1.07315,1.06624,1.07240,157672785450
20220527,00:00:00,1.07240,1.07650,1.06968,1.07317,141805209940
20220530,00:00:00,1.07347,1.07867,1.07261,1.07764,133725050010
20220531,00:00:00,1.07760,1.07790,1.06789,1.07320,242581549760
20220601,00:00:00,1.07320,1.07393,1.06271,1.06466,177552120200
20220602,00:00:00,1.06467,1.07500,1.06444,1.07451,128093580150
20220603,00:00:00,1.07447,1.07643,1.07040,1.07169,108569120110
20220606,00:00:00,1.07167,1.07518,1.06838,1.06955,117926360020
20220607,00:00:00,1.06954,1.07142,1.06519,1.07043,174315910010
20220608,00:00:00,1.07043,1.07484,1.06713,1.07157,146848790180
20220609,00:00:00,1.07158,1.07738,1.06110,1.06146,244884090260
20220610,00:00:00,1.06146,1.06422,1.05057,1.05137,193883780000
20220613,00:00:00,1.05130,1.05201,1.03997,1.04058,286688986000
20220614,00:00:00,1.04068,1.04846,1.03970,1.04144,251425360240
20220615,00:00:00,1.04144,1.05077,1.03590,1.04416,391258889090
20220616,00:00:00,1.04416,1.06014,1.03808,1.05463,331755400110
20220617,00:00:00,1.05455,1.05605,1.04444,1.04934,284803040200
20220620,00:00:00,1.04731,1.05458,1.04729,1.05084,161557681750
20220621,00:00:00,1.05085,1.05824,1.05065,1.05300,173370060110
20220622,00:00:00,1.05300,1.06057,1.04687,1.05645,238807639740
20220623,00:00:00,1.05645,1.05810,1.04826,1.05208,296727351870
20220624,00:00:00,1.05208,1.05712,1.05120,1.05519,155980350120
20220627,00:00:00,1.05479,1.06150,1.05457,1.05820,205448329800
20220628,00:00:00,1.05821,1.06061,1.05032,1.05174,270205300000
20220629,00:00:00,1.05174,1.05354,1.04352,1.04398,294463900240
20220630,00:00:00,1.04398,1.04887,1.03824,1.04831,276715450050
20220701,00:00:00,1.04829,1.04853,1.03658,1.04262,172655975180
20220704,00:00:00,1.04174,1.04627,1.04142,1.04201,158564550030
20220705,00:00:00,1.04201,1.04485,1.02350,1.02645,291751249740
20220706,00:00:00,1.02645,1.02765,1.01614,1.01797,267658199770
20220707,00:00:00,1.01801,1.02209,1.01439,1.01568,118630423960
20220708,00:00:00,1.01604,1.01912,1.00720,1.01822,225527210090
20220711,00:00:00,1.01697,1.01834,1.00336,1.00379,297096123110
20220712,00:00:00,1.00378,1.00738,0.99999,1.00347,341943710390
20220713,00:00:00,1.00350,1.01222,0.99979,1.00555,389352679690
20220714,00:00:00,1.00555,1.00597,0.99521,1.00165,483497558090
20220715,00:00:00,1.00158,1.00979,1.00068,1.00821,266141450280
20220718,00:00:00,1.00811,1.02011,1.00785,1.01413,227303349850
20220719,00:00:00,1.01412,1.02690,1.01195,1.02251,285239760010
20220720,00:00:00,1.02251,1.02729,1.01553,1.01771,218648400330
20220721,00:00:00,1.01767,1.02781,1.01531,1.02285,297733569810
20220722,00:00:00,1.02286,1.02553,1.01297,1.02119,327772283970
20220725,00:00:00,1.02083,1.02578,1.01784,1.02176,315631289900
20220726,00:00:00,1.02189,1.02500,1.01074,1.01145,257356089720
20220727,00:00:00,1.01138,1.02206,1.00966,1.01955,263732369870
20220728,00:00:00,1.01935,1.02343,1.01138,1.01966,297891610410
20220729,00:00:00,1.01960,1.02542,1.01460,1.02248,437017569690
20220801,00:00:00,1.02098,1.02751,1.02053,1.02607,532039737460
20220802,00:00:00,1.02607,1.02939,1.01633,1.01652,637944065320
20220803,00:00:00,1.01648,1.02102,1.01226,1.01643,627251459430
20220804,00:00:00,1.01642,1.02537,1.01542,1.02440,472123709860
20220805,00:00:00,1.02441,1.02520,1.01415,1.01825,388706530450
20220808,00:00:00,1.01726,1.02217,1.01590,1.01946,229087010060
20220809,00:00:00,1.01946,1.02472,1.01885,1.02126,243217260220
20220810,00:00:00,1.02126,1.03685,1.02020,1.02988,407071620110
20220811,00:00:00,1.02987,1.03642,1.02752,1.03190,503953249880
20220812,00:00:00,1.03170,1.03274,1.02380,1.02590,414339599760
20220815,00:00:00,1.02551,1.02682,1.01544,1.01592,395829339980
20220816,00:00:00,1.01592,1.01948,1.01225,1.01702,424265380060
20220817,00:00:00,1.01702,1.02029,1.01453,1.01797,436431640770
20220818,00:00:00,1.01780,1.01929,1.00795,1.00868,390562569930
20220819,00:00:00,1.00870,1.00954,1.00318,1.00326,387656301920
20220822,00:00:00,1.00366,1.00466,0.99260,0.99427,429239399880
20220823,00:00:00,0.99427,1.00181,0.99002,0.99688,519809488770
20220824,00:00:00,0.99686,0.99993,0.99099,0.99642,476065220150
20220825,00:00:00,0.99641,1.00334,0.99490,0.99737,484589829350
20220826,00:00:00,0.99739,1.00898,0.99463,0.99623,445527220090
20220829,00:00:00,0.99657,1.00291,0.99141,0.99958,419726390520
20220830,00:00:00,0.99943,1.00547,0.99818,1.00129,543464530490
20220831,00:00:00,1.00128,1.00790,0.99712,1.00522,552375860150
20220901,00:00:00,1.00525,1.00557,0.99107,0.99431,537707909730
20220902,00:00:00,0.99429,1.00335,0.99427,0.99515,552328550280
20220905,00:00:00,0.99285,0.99440,0.98772,0.99285,399017662910
20220906,00:00:00,0.99245,0.99862,0.98638,0.99029,621330055670
20220907,00:00:00,0.99030,1.00108,0.98756,1.00033,524516030490
20220908,00:00:00,0.99989,1.00294,0.99303,0.99959,522124330110
20220909,00:00:00,0.99950,1.01131,0.99949,1.00425,356663889400
20220912,00:00:00,1.01039,1.01977,1.00596,1.01214,397821340250
20220913,00:00:00,1.01215,1.01870,0.99662,0.99671,541235010040
20220914,00:00:00,0.99669,1.00234,0.99554,0.99791,643459526530
20220915,00:00:00,0.99791,1.00177,0.99556,0.99959,491565450220
20220916,00:00:00,0.99981,1.00363,0.99448,1.00146,506777149940
20220919,00:00:00,1.00072,1.00291,0.99657,1.00215,389192960260
20220920,00:00:00,1.00216,1.00504,0.99550,0.99706,410189249980
20220921,00:00:00,0.99706,0.99750,0.98128,0.98368,659387232030
20220922,00:00:00,0.98365,0.99074,0.98080,0.98342,785093670120
20220923,00:00:00,0.98327,0.98517,0.96680,0.96885,725076491450
20220926,00:00:00,0.96666,0.97098,0.95503,0.96085,1029844660150
20220927,00:00:00,0.96077,0.96707,0.95689,0.95931,683525419690
20220928,00:00:00,0.95920,0.97508,0.95357,0.97323,973091069610
20220929,00:00:00,0.97322,0.98158,0.96353,0.98146,702366811070
20220930,00:00:00,0.98148,0.98537,0.97346,0.98013,588286889810
20221003,00:00:00,0.97933,0.98445,0.97525,0.98248,706603721110
20221004,00:00:00,0.98248,0.99995,0.98060,0.99852,597033259610
20221005,00:00:00,0.99841,0.99947,0.98346,0.98821,533194202450
20221006,00:00:00,0.98795,0.99264,0.97880,0.97896,714846799480
20221007,00:00:00,0.97902,0.98167,0.97259,0.97388,671796863730
20221010,00:00:00,0.97336,0.97531,0.96815,0.97018,496394740080
20221011,00:00:00,0.97009,0.97745,0.96698,0.97054,773514399850
20221012,00:00:00,0.97039,0.97346,0.96678,0.97022,763598810290
20221013,00:00:00,0.97019,0.98057,0.96315,0.97739,796010339460
20221014,00:00:00,0.97739,0.98086,0.97070,0.97182,807190769750
20221017,00:00:00,0.97201,0.98520,0.97182,0.98389,642625119840
20221018,00:00:00,0.98375,0.98755,0.98124,0.98558,707308750160
20221019,00:00:00,0.98543,0.98721,0.97571,0.97721,683238060640
20221020,00:00:00,0.97715,0.98454,0.97544,0.97843,707103320660
20221021,00:00:00,0.97840,0.98689,0.97048,0.98613,902998710110
20221024,00:00:00,0.98712,0.98990,0.98067,0.98728,926041971310
20221025,00:00:00,0.98703,0.99768,0.98484,0.99646,670873059770
20221026,00:00:00,0.99646,1.00885,0.99434,1.00785,653440529050
20221027,00:00:00,1.00771,1.00934,0.99575,0.99635,613607909990
20221028,00:00:00,0.99635,0.99980,0.99265,0.99631,633188550830
20221030,00:00:00,0.99464,0.99580,0.99459,0.99566,385999300
20221031,00:00:00,0.99567,0.99656,0.98717,0.98821,472301939440
20221101,00:00:00,0.98823,0.99539,0.98527,0.98746,405193199650
20221102,00:00:00,0.98747,0.99757,0.98129,0.98155,582300219190
20221103,00:00:00,0.98149,0.98394,0.97299,0.97488,599501220360
20221104,00:00:00,0.97483,0.99664,0.97424,0.99560,647546359870
20221107,00:00:00,0.99036,1.00340,0.99001,1.00182,610068919600
20221108,00:00:00,1.00184,1.00963,0.99715,1.00708,512058100430
20221109,00:00:00,1.00707,1.00880,0.99927,1.00091,629916840540
20221110,00:00:00,1.00091,1.02218,0.99354,1.02080,692385770420
20221111,00:00:00,1.02033,1.03640,1.01630,1.03538,673664939390
20221114,00:00:00,1.03354,1.03584,1.02713,1.03258,643659250020
20221115,00:00:00,1.03259,1.04808,1.02799,1.03478,850493350620
20221116,00:00:00,1.03465,1.04384,1.03307,1.03940,833379709960
20221117,00:00:00,1.03913,1.04065,1.03051,1.03643,604013630460
20221118,00:00:00,1.03643,1.03959,1.03134,1.03235,550951829080
20221121,00:00:00,1.03227,1.03330,1.02227,1.02387,571711979960
20221122,00:00:00,1.02383,1.03082,1.02375,1.03036,505365569730
20221123,00:00:00,1.03026,1.04048,1.02963,1.03942,587041400310
20221124,00:00:00,1.03914,1.04484,1.03816,1.04071,459735599550
20221125,00:00:00,1.04071,1.04291,1.03546,1.03926,475977740170
20221128,00:00:00,1.03716,1.04967,1.03300,1.03385,460942120290
20221129,00:00:00,1.03373,1.03942,1.03197,1.03280,663756319550
20221130,00:00:00,1.03280,1.04285,1.02900,1.04041,747723269550
20221201,00:00:00,1.04041,1.05336,1.03929,1.05209,778319443750
20221202,00:00:00,1.05156,1.05448,1.04280,1.05325,700301440580
20221205,00:00:00,1.05303,1.05948,1.04800,1.04877,576823269790
20221206,00:00:00,1.04877,1.05326,1.04591,1.04629,607940000040
20221207,00:00:00,1.04620,1.05496,1.04431,1.05029,587272570300
20221208,00:00:00,1.05011,1.05647,1.04895,1.05540,527222350540
20221209,00:00:00,1.05540,1.05881,1.05027,1.05316,523533840620
20221212,00:00:00,1.05264,1.05800,1.05057,1.05352,434381690430
20221213,00:00:00,1.05355,1.06731,1.05278,1.06323,496474540060
20221214,00:00:00,1.06323,1.06950,1.06187,1.06811,537605551630
20221215,00:00:00,1.06793,1.07361,1.05921,1.06256,532980549730
20221216,00:00:00,1.06250,1.06630,1.05839,1.05839,469569220530
20221219,00:00:00,1.05895,1.06578,1.05757,1.06062,366451610250
20221220,00:00:00,1.06062,1.06584,1.05788,1.06232,587564240150
20221221,00:00:00,1.06231,1.06455,1.05901,1.06035,398637679800
20221222,00:00:00,1.06035,1.06593,1.05730,1.05954,388216279760
20221223,00:00:00,1.05954,1.06328,1.05867,1.06172,385247229820
20221226,00:00:00,1.06114,1.06361,1.05979,1.06361,46219860000
20221227,00:00:00,1.06360,1.06694,1.06113,1.06393,283970150380
20221228,00:00:00,1.06398,1.06742,1.06065,1.06117,345736889620
20221229,00:00:00,1.06113,1.06902,1.06092,1.06608,322639249720
20221230,00:00:00,1.06605,1.07131,1.06385,1.07026,399350298380
20230102,00:00:00,1.06970,1.07087,1.06499,1.06646,123288509790
20230103,00:00:00,1.06646,1.06833,1.05194,1.05466,522640199950
20230104,00:00:00,1.05461,1.06354,1.05403,1.06008,434973259770
20230105,00:00:00,1.06006,1.06314,1.05148,1.05202,458032979750
20230106,00:00:00,1.05195,1.06480,1.04823,1.06413,443293200350
20230109,00:00:00,1.06406,1.07605,1.06381,1.07293,409544150430
20230110,00:00:00,1.07293,1.07592,1.07119,1.07322,409977180260
20230111,00:00:00,1.07322,1.07762,1.07254,1.07561,395602850180
20230112,00:00:00,1.07559,1.08668,1.07297,1.08516,642740200060
20230113,00:00:00,1.08476,1.08679,1.07803,1.08302,493930519870
20230116,00:00:00,1.08288,1.08741,1.08013,1.08192,288228379880
20230117,00:00:00,1.08196,1.08693,1.07744,1.07872,497831280240
20230118,00:00:00,1.07872,1.08873,1.07661,1.07935,368761359930
20230119,00:00:00,1.07928,1.08398,1.07821,1.08308,215923740200
20230120,00:00:00,1.08267,1.08587,1.08022,1.08549,160665279730
20230123,00:00:00,1.08678,1.09267,1.08461,1.08713,184941157550
20230124,00:00:00,1.08710,1.08978,1.08349,1.08848,311497139900
20230125,00:00:00,1.08848,1.09236,1.08571,1.09147,396228450660
20230126,00:00:00,1.09146,1.09293,1.08505,1.08916,371966109700
20230127,00:00:00,1.08918,1.09001,1.08377,1.08649,306558559860
20230130,00:00:00,1.08643,1.09137,1.08389,1.08488,205875767670
20230131,00:00:00,1.08488,1.08747,1.08019,1.08621,309125270050
20230201,00:00:00,1.08610,1.10009,1.08520,1.09886,449863180010
20230202,00:00:00,1.09883,1.10327,1.08851,1.09090,490186380030
20230203,00:00:00,1.09086,1.09399,1.07924,1.07929,515611260290
20230206,00:00:00,1.07820,1.07987,1.07092,1.07250,373691274880
20230207,00:00:00,1.07251,1.07664,1.06690,1.07248,504043300830
20230208,00:00:00,1.07247,1.07607,1.07092,1.07099,332973650230
20230209,00:00:00,1.07099,1.07907,1.07093,1.07368,349965579870
20230210,00:00:00,1.07367,1.07525,1.06661,1.06754,409045199320
20230213,00:00:00,1.06808,1.07297,1.06553,1.07210,319305089960
20230214,00:00:00,1.07210,1.08044,1.07066,1.07362,544323039590
20230215,00:00:00,1.07361,1.07443,1.06604,1.06880,417986240400
20230216,00:00:00,1.06871,1.07222,1.06544,1.06722,472890220070
20230217,00:00:00,1.06728,1.06982,1.06126,1.06929,413943764540
20230220,00:00:00,1.06849,1.07044,1.06701,1.06841,227634880220
20230221,00:00:00,1.06839,1.06980,1.06372,1.06449,432810630230
20230222,00:00:00,1.06438,1.06638,1.05989,1.06031,390225000350
20230223,00:00:00,1.06031,1.06275,1.05769,1.05949,381025000100
20230224,00:00:00,1.05934,1.06141,1.05359,1.05450,473599569560
20230227,00:00:00,1.05451,1.06198,1.05328,1.06085,330360379770
20230228,00:00:00,1.06088,1.06451,1.05727,1.05727,308715390060
20230301,00:00:00,1.05727,1.06913,1.05651,1.06668,474583579760
20230302,00:00:00,1.06672,1.06726,1.05764,1.05957,430523449750
20230303,00:00:00,1.05957,1.06384,1.05882,1.06337,368533789850
20230306,00:00:00,1.06228,1.06942,1.06219,1.06808,337357430210
20230307,00:00:00,1.06808,1.06943,1.05460,1.05491,465319510350
20230308,00:00:00,1.05491,1.05738,1.05241,1.05430,399141239860
20230309,00:00:00,1.05416,1.05910,1.05378,1.05791,360426680230
20230310,00:00:00,1.05791,1.07004,1.05738,1.06387,581331521000
20230312,00:00:00,1.06808,1.06968,1.06740,1.06940,1354360000
20230313,00:00:00,1.06940,1.07484,1.06500,1.07275,788462841700
20230314,00:00:00,1.07276,1.07494,1.06787,1.07312,586283629090
20230315,00:00:00,1.07310,1.07597,1.05158,1.05766,675808319840
20230316,00:00:00,1.05780,1.06353,1.05510,1.06125,614130590210
20230317,00:00:00,1.06122,1.06852,1.06101,1.06647,340289024750
20230319,00:00:00,1.06885,1.06886,1.06812,1.06818,330100000
20230320,00:00:00,1.06821,1.07309,1.06311,1.07195,475217360320
20230321,00:00:00,1.07198,1.07886,1.07038,1.07674,411543340010
20230322,00:00:00,1.07674,1.09124,1.07590,1.08578,456403590140
20230323,00:00:00,1.08578,1.09296,1.08240,1.08325,520435220560
20230324,00:00:00,1.08335,1.08385,1.07131,1.07566,550823699490
20230327,00:00:00,1.07752,1.08001,1.07449,1.07975,345122889940
20230328,00:00:00,1.07977,1.08485,1.07948,1.08438,329059650010
20230329,00:00:00,1.08438,1.08713,1.08177,1.08436,309888099600
20230330,00:00:00,1.08430,1.09262,1.08235,1.09052,286801849880
20230331,00:00:00,1.09053,1.09257,1.08368,1.08386,354696299660
20230403,00:00:00,1.08398,1.09165,1.07882,1.09000,350794230350
20230404,00:00:00,1.09000,1.09733,1.08828,1.09545,372286079880
20230405,00:00:00,1.09545,1.09695,1.08910,1.09044,338804769880
20230406,00:00:00,1.09044,1.09375,1.08845,1.09196,277558190350
20230407,00:00:00,1.09196,1.09240,1.08762,1.09029,86736690090
20230410,00:00:00,1.08980,1.09171,1.08313,1.08597,202977579850
20230411,00:00:00,1.08597,1.09279,1.08581,1.09120,308107620210
20230412,00:00:00,1.09120,1.10004,1.09095,1.09915,330235779850
20230413,00:00:00,1.09914,1.10676,1.09767,1.10461,298527270090
20230414,00:00:00,1.10461,1.10758,1.09722,1.09922,344588919610
20230417,00:00:00,1.09888,1.09997,1.09091,1.09268,298650290090
20230418,00:00:00,1.09268,1.09828,1.09222,1.09708,271340369860
20230419,00:00:00,1.09708,1.09840,1.09172,1.09540,325187880180
20230420,00:00:00,1.09540,1.09895,1.09334,1.09671,336259560240
20230421,00:00:00,1.09665,1.09936,1.09380,1.09874,332161579790
20230424,00:00:00,1.09913,1.10500,1.09658,1.10455,297221949550
20230425,00:00:00,1.10447,1.10670,1.09641,1.09718,341138590210
20230426,00:00:00,1.09708,1.10952,1.09668,1.10384,395578270230
20230427,00:00:00,1.10380,1.10634,1.09920,1.10273,347872000270
20230428,00:00:00,1.10266,1.10449,1.09624,1.10144,422419330030
20230501,00:00:00,1.10240,1.10355,1.09643,1.09741,252200600110
20230502,00:00:00,1.09741,1.10078,1.09422,1.09989,351097269230
20230503,00:00:00,1.09989,1.10916,1.09989,1.10599,393073019720
20230504,00:00:00,1.10599,1.10917,1.09860,1.10120,466309380090
20230505,00:00:00,1.10120,1.10477,1.09667,1.10162,340025490230
20230508,00:00:00,1.10209,1.10535,1.10001,1.10031,250228779700
20230509,00:00:00,1.10021,1.10054,1.09410,1.09605,277791489940
20230510,00:00:00,1.09605,1.10068,1.09414,1.09816,320544919370
20230511,00:00:00,1.09816,1.09981,1.09000,1.09153,368694410450
20230512,00:00:00,1.09154,1.09354,1.08476,1.08477,277814870060
20230515,00:00:00,1.08610,1.08908,1.08453,1.08738,264235409920
20230516,00:00:00,1.08731,1.09046,1.08550,1.08617,329812120180
20230517,00:00:00,1.08617,1.08736,1.08102,1.08379,328666530000
20230518,00:00:00,1.08379,1.08479,1.07624,1.07693,315491249720
20230519,00:00:00,1.07690,1.08287,1.07600,1.08019,365972439490
20230522,00:00:00,1.08043,1.08313,1.07955,1.08120,330220280260
20230523,00:00:00,1.08117,1.08204,1.07601,1.07688,337807259540
20230524,00:00:00,1.07685,1.08012,1.07480,1.07492,377911341830
20230525,00:00:00,1.07490,1.07567,1.07073,1.07246,361512670180
20230526,00:00:00,1.07243,1.07585,1.07018,1.07227,341625909840
20230529,00:00:00,1.07201,1.07434,1.07054,1.07076,144307640060
20230530,00:00:00,1.07076,1.07465,1.06725,1.07343,334701000360
20230531,00:00:00,1.07340,1.07356,1.06352,1.06887,325311740110
20230601,00:00:00,1.06887,1.07684,1.06617,1.07615,339843040340
20230602,00:00:00,1.07615,1.07789,1.07050,1.07063,300236129990
20230605,00:00:00,1.07098,1.07224,1.06744,1.07121,261184970050
20230606,00:00:00,1.07119,1.07328,1.06669,1.06924,242623179650
20230607,00:00:00,1.06924,1.07396,1.06682,1.06981,246215719690
20230608,00:00:00,1.06981,1.07869,1.06966,1.07813,258548639870
20230609,00:00:00,1.07807,1.07851,1.07428,1.07456,229898620260
20230612,00:00:00,1.07459,1.07900,1.07330,1.07566,259975639940
20230613,00:00:00,1.07566,1.08234,1.07546,1.07929,301609530180
20230614,00:00:00,1.07929,1.08640,1.07739,1.08282,308382439900
20230615,00:00:00,1.08289,1.09525,1.08036,1.09448,312956500180
20230616,00:00:00,1.09448,1.09704,1.09178,1.09376,302389810310
20230619,00:00:00,1.09302,1.09462,1.09070,1.09200,198936690100
20230620,00:00:00,1.09201,1.09461,1.08921,1.09173,340743710010
20230621,00:00:00,1.09170,1.09909,1.09058,1.09859,351482639720
20230622,00:00:00,1.09859,1.10122,1.09485,1.09553,332100880070
20230623,00:00:00,1.09548,1.09585,1.08443,1.08905,350445100240
20230626,00:00:00,1.09042,1.09200,1.08873,1.09053,272649880310
20230627,00:00:00,1.09055,1.09766,1.09021,1.09605,330769249330
20230628,00:00:00,1.09602,1.09627,1.08968,1.09125,350743889680
20230629,00:00:00,1.09124,1.09414,1.08601,1.08624,343568040130
20230630,00:00:00,1.08623,1.09317,1.08352,1.09095,370461199520
20230703,00:00:00,1.09094,1.09339,1.08702,1.09119,285320320070
20230704,00:00:00,1.09119,1.09163,1.08768,1.08778,163701039970
20230705,00:00:00,1.08779,1.09078,1.08509,1.08537,287853689950
20230706,00:00:00,1.08535,1.09006,1.08337,1.08883,400341780300
20230707,00:00:00,1.08884,1.09731,1.08669,1.09646,362771519340
20230710,00:00:00,1.09593,1.10014,1.09434,1.10008,312105670090
20230711,00:00:00,1.10008,1.10269,1.09768,1.10081,303437139840
20230712,00:00:00,1.10081,1.11403,1.10059,1.11295,368124589860
20230713,00:00:00,1.11295,1.12278,1.11268,1.12258,353214639640
20230714,00:00:00,1.12252,1.12448,1.12041,1.12235,344845890170
20230717,00:00:00,1.12284,1.12487,1.12033,1.12350,220023379830
20230718,00:00:00,1.12350,1.12756,1.12089,1.12279,345350420160
20230719,00:00:00,1.12277,1.12400,1.11742,1.11977,335597379630
20230720,00:00:00,1.11972,1.12291,1.11184,1.11292,313853699810
20230721,00:00:00,1.11292,1.11449,1.11079,1.11244,274363950130
20230724,00:00:00,1.11197,1.11469,1.10602,1.10627,327290739640
20230725,00:00:00,1.10620,1.10868,1.10207,1.10531,303172909810
20230726,00:00:00,1.10526,1.11066,1.10377,1.10854,360328100010
20230727,00:00:00,1.10853,1.11496,1.09658,1.09749,476390330550
20230728,00:00:00,1.09748,1.10475,1.09435,1.10125,441299950350
20230731,00:00:00,1.10206,1.10458,1.09934,1.09963,303044750050
20230801,00:00:00,1.09961,1.10028,1.09523,1.09842,293012629860
20230802,00:00:00,1.09842,1.10192,1.09178,1.09375,386229269690
20230803,00:00:00,1.09370,1.09628,1.09122,1.09490,396160750380
20230804,00:00:00,1.09489,1.10419,1.09349,1.10029,360303549370
20230807,00:00:00,1.10141,1.10151,1.09654,1.10020,233889409940
20230808,00:00:00,1.10020,1.10111,1.09290,1.09558,308234390220
20230809,00:00:00,1.09558,1.09953,1.09519,1.09734,274325269490
20230810,00:00:00,1.09733,1.10650,1.09673,1.09800,359746879760
20230811,00:00:00,1.09801,1.10049,1.09429,1.09433,302697540280
20230814,00:00:00,1.09493,1.09600,1.08747,1.09051,299203589820
20230815,00:00:00,1.09051,1.09524,1.08969,1.09013,341419779660
20230816,00:00:00,1.09018,1.09345,1.08714,1.08787,308842120280
20230817,00:00:00,1.08783,1.09180,1.08563,1.08715,244405820060
20230818,00:00:00,1.08714,1.08938,1.08450,1.08678,288159819920
20230821,00:00:00,1.08672,1.09136,1.08664,1.08952,249415979920
20230822,00:00:00,1.08952,1.09303,1.08329,1.08443,239505219880
20230823,00:00:00,1.08443,1.08713,1.08025,1.08617,296615930640
20230824,00:00:00,1.08614,1.08764,1.08050,1.08097,259888870380
20230825,00:00:00,1.08098,1.08417,1.07658,1.07906,287155290070
20230828,00:00:00,1.07957,1.08221,1.07933,1.08183,190878219930
20230829,00:00:00,1.08183,1.08919,1.07822,1.08793,273760540260
20230830,00:00:00,1.08789,1.09454,1.08551,1.09227,306670219630
20230831,00:00:00,1.09227,1.09394,1.08351,1.08426,278702979600
20230901,00:00:00,1.08429,1.08819,1.07716,1.07717,297763520750
20230904,00:00:00,1.07748,1.08087,1.07716,1.07939,126281139940
20230905,00:00:00,1.07939,1.07982,1.07062,1.07216,282334339670
20230906,00:00:00,1.07214,1.07488,1.07025,1.07268,274356999840
20230907,00:00:00,1.07268,1.07317,1.06861,1.06961,221764339790
20230908,00:00:00,1.06962,1.07438,1.06941,1.06974,253350429770
20230911,00:00:00,1.07147,1.07593,1.07075,1.07497,227398470040
20230912,00:00:00,1.07497,1.07692,1.07055,1.07534,221990220440
20230913,00:00:00,1.07529,1.07648,1.07110,1.07291,302787239880
20230914,00:00:00,1.07287,1.07521,1.06318,1.06425,323344489950
20230915,00:00:00,1.06421,1.06877,1.06332,1.06576,258107869810
20230918,00:00:00,1.06588,1.06986,1.06546,1.06913,192718469730
20230919,00:00:00,1.06912,1.07180,1.06750,1.06787,192626430020
20230920,00:00:00,1.06785,1.07368,1.06501,1.06601,278939580040
20230921,00:00:00,1.06598,1.06734,1.06167,1.06599,313207989910
20230922,00:00:00,1.06599,1.06716,1.06150,1.06419,271159489900
20230925,00:00:00,1.06513,1.06555,1.05753,1.05924,223885369840
20230926,00:00:00,1.05923,1.06090,1.05620,1.05717,237829180160
20230927,00:00:00,1.05714,1.05740,1.04880,1.05018,299630820440
20230928,00:00:00,1.05017,1.05788,1.04910,1.05647,347258350280
20230929,00:00:00,1.05645,1.06169,1.05579,1.05694,319374150090
20231002,00:00:00,1.05672,1.05919,1.04769,1.04769,292494220230
20231003,00:00:00,1.04769,1.04933,1.04483,1.04658,320045669900
20231004,00:00:00,1.04656,1.05321,1.04514,1.05033,334132669550
20231005,00:00:00,1.05033,1.05518,1.05000,1.05492,295724580180
20231006,00:00:00,1.05475,1.05999,1.04824,1.05828,385520030580
20231009,00:00:00,1.05529,1.05742,1.05194,1.05660,232506540020
20231010,00:00:00,1.05659,1.06198,1.05542,1.06048,380365449940
20231011,00:00:00,1.06047,1.06346,1.05806,1.06194,328524290070
20231012,00:00:00,1.06188,1.06397,1.05257,1.05277,289769529950
20231013,00:00:00,1.05273,1.05584,1.04954,1.05073,308956619760
20231016,00:00:00,1.05083,1.05627,1.05025,1.05597,224017020190
20231017,00:00:00,1.05597,1.05948,1.05328,1.05767,281132299890
20231018,00:00:00,1.05762,1.05941,1.05231,1.05362,284227959970
20231019,00:00:00,1.05360,1.06163,1.05282,1.05819,368895529900
20231020,00:00:00,1.05815,1.06035,1.05649,1.05927,270054920030
20231023,00:00:00,1.05950,1.06779,1.05714,1.06689,267423669980
20231024,00:00:00,1.06686,1.06942,1.05830,1.05895,273200230440
20231025,00:00:00,1.05893,1.06067,1.05653,1.05653,246435760240
20231026,00:00:00,1.05650,1.05691,1.05221,1.05618,285906109620
20231027,00:00:00,1.05618,1.05970,1.05354,1.05605,224356940040
20231029,00:00:00,1.05644,1.05749,1.05616,1.05657,960070000
20231030,00:00:00,1.05654,1.06250,1.05471,1.06151,230586090040
20231031,00:00:00,1.06150,1.06748,1.05574,1.05749,317945300160
20231101,00:00:00,1.05749,1.05806,1.05167,1.05682,372057659980
20231102,00:00:00,1.05683,1.06675,1.05681,1.06207,289190030140
20231103,00:00:00,1.06207,1.07467,1.06146,1.07295,281863899690
20231106,00:00:00,1.07232,1.07562,1.07161,1.07168,206664390080
20231107,00:00:00,1.07168,1.07221,1.06640,1.06992,243521370500
20231108,00:00:00,1.06993,1.07160,1.06593,1.07080,226873820190
20231109,00:00:00,1.07079,1.07254,1.06601,1.06671,278714489580
20231110,00:00:00,1.06671,1.06927,1.06560,1.06848,229592990280
20231113,00:00:00,1.06818,1.07061,1.06650,1.06975,186435629640
20231114,00:00:00,1.06975,1.08875,1.06928,1.08784,297411799410
20231115,00:00:00,1.08784,1.08858,1.08315,1.08461,275682370260
20231116,00:00:00,1.08461,1.08955,1.08300,1.08517,258753152440
20231117,00:00:00,1.08517,1.09148,1.08247,1.09138,264539419800
20231120,00:00:00,1.09095,1.09517,1.08974,1.09394,231766600010
20231121,00:00:00,1.09394,1.09651,1.09001,1.09101,267929749870
20231122,00:00:00,1.09100,1.09229,1.08522,1.08881,291505949640
20231123,00:00:00,1.08875,1.09303,1.08834,1.09037,157936769860
20231124,00:00:00,1.09037,1.09486,1.08949,1.09341,179730179980
20231127,00:00:00,1.09438,1.09592,1.09251,1.09531,247247280000
20231128,00:00:00,1.09528,1.10088,1.09344,1.09918,292988809790
20231129,00:00:00,1.09918,1.10171,1.09601,1.09686,319533620600
20231130,00:00:00,1.09681,1.09838,1.08794,1.08865,337012320260
20231201,00:00:00,1.08854,1.09127,1.08287,1.08788,347294659940
20231204,00:00:00,1.08771,1.08948,1.08040,1.08356,317343590300
20231205,00:00:00,1.08351,1.08474,1.07781,1.07954,334106350430
20231206,00:00:00,1.07950,1.08047,1.07586,1.07636,270475400080
20231207,00:00:00,1.07631,1.08175,1.07552,1.07933,347903230170
20231208,00:00:00,1.07931,1.08005,1.07236,1.07592,373164460390
20231211,00:00:00,1.07592,1.07789,1.07415,1.07640,234800449790
20231212,00:00:00,1.07640,1.08279,1.07586,1.07937,277701819760
20231213,00:00:00,1.07937,1.08965,1.07731,1.08728,335861440070
20231214,00:00:00,1.08728,1.10092,1.08707,1.09915,481233209540
20231215,00:00:00,1.09915,1.10036,1.08885,1.08922,369453309650
20231218,00:00:00,1.08973,1.09311,1.08920,1.09228,246699499690
20231219,00:00:00,1.09228,1.09873,1.09148,1.09805,284395590390
20231220,00:00:00,1.09808,1.09843,1.09298,1.09412,258474649900
20231221,00:00:00,1.09394,1.10125,1.09352,1.10109,349694050320
20231222,00:00:00,1.10109,1.10401,1.09938,1.10135,358103280210
20231225,00:00:00,1.10108,1.10202,1.09933,1.10097,3071910000
20231226,00:00:00,1.10009,1.10450,1.10009,1.10417,184338970140
20231227,00:00:00,1.10417,1.11226,1.10286,1.11044,205345859910
20231228,00:00:00,1.11047,1.11394,1.10552,1.10603,270263099640
20231229,00:00:00,1.10595,1.10842,1.10339,1.10374,302025150170
20240102,00:00:00,1.10427,1.10447,1.09383,1.09396,275504479880
20240103,00:00:00,1.09396,1.09654,1.08929,1.09206,325839790610
20240104,00:00:00,1.09206,1.09721,1.09160,1.09441,281583749410
20240105,00:00:00,1.09441,1.09984,1.08767,1.09392,364017809900
20240108,00:00:00,1.09386,1.09788,1.09226,1.09495,252835699780
20240109,00:00:00,1.09495,1.09663,1.09103,1.09307,272008319730
20240110,00:00:00,1.09307,1.09729,1.09228,1.09722,256562959950
20240111,00:00:00,1.09722,1.10000,1.09302,1.09717,423350820370
20240112,00:00:00,1.09715,1.09868,1.09359,1.09483,314253990110
20240115,00:00:00,1.09480,1.09675,1.09335,1.09494,188341899960
20240116,00:00:00,1.09494,1.09510,1.08620,1.08745,408474339870
20240117,00:00:00,1.08744,1.08844,1.08445,1.08818,337014470110
20240118,00:00:00,1.08816,1.09067,1.08466,1.08757,370673290100
20240119,00:00:00,1.08757,1.08983,1.08656,1.08960,264191067540
20240122,00:00:00,1.08906,1.09094,1.08800,1.08819,226375879890
20240123,00:00:00,1.08816,1.09162,1.08215,1.08530,282335640100
20240124,00:00:00,1.08529,1.09323,1.08446,1.08844,359888780200
20240125,00:00:00,1.08843,1.09018,1.08216,1.08460,364646120540
20240126,00:00:00,1.08449,1.08854,1.08128,1.08504,294033190010
20240129,00:00:00,1.08468,1.08500,1.07958,1.08323,225301810230
20240130,00:00:00,1.08307,1.08573,1.08119,1.08447,288135019520
20240131,00:00:00,1.08446,1.08874,1.07949,1.08180,447179779510
20240201,00:00:00,1.08180,1.08748,1.07799,1.08712,416652530230
20240202,00:00:00,1.08712,1.08974,1.07804,1.07849,351299309090
20240205,00:00:00,1.07854,1.07861,1.07231,1.07418,276607940030
20240206,00:00:00,1.07418,1.07623,1.07225,1.07540,275337000010
20240207,00:00:00,1.07539,1.07838,1.07492,1.07704,294281460290
20240208,00:00:00,1.07704,1.07889,1.07416,1.07769,258271429930
20240209,00:00:00,1.07767,1.07951,1.07621,1.07821,266707350350
20240212,00:00:00,1.07767,1.08055,1.07559,1.07706,203527810160
20240213,00:00:00,1.07702,1.07985,1.07005,1.07079,295153280510
20240214,00:00:00,1.07080,1.07344,1.06949,1.07250,256077890040
20240215,00:00:00,1.07250,1.07847,1.07246,1.07718,303252000370
20240216,00:00:00,1.07718,1.07874,1.07319,1.07749,265062919920
20240219,00:00:00,1.07718,1.07894,1.07621,1.07785,125898360150
20240220,00:00:00,1.07770,1.08387,1.07615,1.08072,277626530240
20240221,00:00:00,1.08071,1.08243,1.07899,1.08181,242877870130
20240222,00:00:00,1.08182,1.08882,1.08026,1.08222,238746789980
20240223,00:00:00,1.08221,1.08395,1.08117,1.08174,180521969750
20240226,00:00:00,1.08318,1.08597,1.08126,1.08504,154522009920
20240227,00:00:00,1.08504,1.08659,1.08330,1.08437,133720869970
20240228,00:00:00,1.08437,1.08465,1.07966,1.08375,186249669860
20240229,00:00:00,1.08376,1.08558,1.07958,1.08046,249925209660
20240301,00:00:00,1.08046,1.08432,1.07981,1.08368,217534540320
20240304,00:00:00,1.08359,1.08667,1.08350,1.08549,146366810100
20240305,00:00:00,1.08549,1.08760,1.08403,1.08560,168052399850
20240306,00:00:00,1.08560,1.09153,1.08421,1.08980,194031785230
20240307,00:00:00,1.08980,1.09491,1.08678,1.09477,203033800090
20240308,00:00:00,1.09472,1.09812,1.09183,1.09348,226956259970
20240310,00:00:00,1.09411,1.09411,1.09375,1.09393,1025030000
20240311,00:00:00,1.09393,1.09480,1.09145,1.09258,182318469830
20240312,00:00:00,1.09260,1.09438,1.09023,1.09258,265486959990
20240313,00:00:00,1.09258,1.09638,1.09201,1.09489,228590179850
20240314,00:00:00,1.09488,1.09547,1.08806,1.08850,250137160340
20240315,00:00:00,1.08851,1.08996,1.08730,1.08869,187136989940
20240317,00:00:00,1.08905,1.08905,1.08819,1.08886,862750000
20240318,00:00:00,1.08885,1.09061,1.08661,1.08725,150021129990
20240319,00:00:00,1.08726,1.08765,1.08347,1.08649,185764639990
20240320,00:00:00,1.08653,1.09229,1.08364,1.09206,218460909950
20240321,00:00:00,1.09206,1.09426,1.08554,1.08605,191761669840
20240322,00:00:00,1.08609,1.08679,1.08017,1.08065,185376340250
20240324,00:00:00,1.08068,1.08104,1.08068,1.08075,219090000
20240325,00:00:00,1.08074,1.08424,1.08021,1.08365,141454239840
20240326,00:00:00,1.08364,1.08643,1.08242,1.08317,148773019850
20240327,00:00:00,1.08330,1.08390,1.08108,1.08258,146052219730
20240328,00:00:00,1.08259,1.08270,1.07751,1.07893,178189760110
20240329,00:00:00,1.07892,1.08051,1.07678,1.07898,191770180360
20240401,00:00:00,1.07882,1.07987,1.07309,1.07430,128586152290
20240402,00:00:00,1.07428,1.07790,1.07246,1.07691,190505310010
20240403,00:00:00,1.07691,1.08368,1.07640,1.08356,196557010270
20240404,00:00:00,1.08356,1.08765,1.08312,1.08367,195826309910
20240405,00:00:00,1.08361,1.08479,1.07913,1.08352,247445879940
20240408,00:00:00,1.08347,1.08621,1.08208,1.08587,168742359890
20240409,00:00:00,1.08587,1.08850,1.08477,1.08569,167601870030
20240410,00:00:00,1.08562,1.08665,1.07288,1.07421,267263559980
20240411,00:00:00,1.07421,1.07564,1.06992,1.07254,240390060050
20240412,00:00:00,1.07252,1.07293,1.06226,1.06385,203657039870
20240415,00:00:00,1.06352,1.06651,1.06202,1.06241,231450010300
20240416,00:00:00,1.06233,1.06535,1.06010,1.06187,280995470100
20240417,00:00:00,1.06187,1.06796,1.06060,1.06720,193039669920
20240418,00:00:00,1.06719,1.06900,1.06413,1.06431,175850469700
20240419,00:00:00,1.06423,1.06775,1.06104,1.06526,289818280310
20240422,00:00:00,1.06495,1.06706,1.06239,1.06541,133653170140
20240423,00:00:00,1.06541,1.07112,1.06385,1.07002,181586959720
20240424,00:00:00,1.07004,1.07142,1.06779,1.06985,148491180020
20240425,00:00:00,1.06985,1.07402,1.06783,1.07291,187295700140
20240426,00:00:00,1.07291,1.07527,1.06738,1.06911,181408679860
20240429,00:00:00,1.06898,1.07337,1.06898,1.07205,235272580230
20240430,00:00:00,1.07202,1.07353,1.06647,1.06653,208090800010
20240501,00:00:00,1.06643,1.07326,1.06494,1.07119,216534340480
20240502,00:00:00,1.07104,1.07302,1.06742,1.07243,216321499750
20240503,00:00:00,1.07244,1.08124,1.07227,1.07594,239551490490
20240506,00:00:00,1.07600,1.07907,1.07553,1.07672,124871739870
20240507,00:00:00,1.07667,1.07873,1.07478,1.07547,142388700000
20240508,00:00:00,1.07538,1.07574,1.07350,1.07479,128711140030
20240509,00:00:00,1.07477,1.07844,1.07239,1.07820,151910189930
20240510,00:00:00,1.07820,1.07900,1.07603,1.07694,126560309730
20240513,00:00:00,1.07721,1.08068,1.07658,1.07888,116520800130
20240514,00:00:00,1.07897,1.08256,1.07669,1.08176,122651249990
20240515,00:00:00,1.08175,1.08860,1.08130,1.08843,156975519960
20240516,00:00:00,1.08842,1.08949,1.08544,1.08665,142283219920
20240517,00:00:00,1.08665,1.08784,1.08356,1.08674,113571769870
20240520,00:00:00,1.08664,1.08844,1.08540,1.08565,110928529990
20240521,00:00:00,1.08562,1.08747,1.08425,1.08535,155301439970
20240522,00:00:00,1.08531,1.08633,1.08174,1.08224,162598020020
20240523,00:00:00,1.08221,1.08610,1.08048,1.08146,180682390310
20240524,00:00:00,1.08145,1.08578,1.08054,1.08460,122332600040
20240527,00:00:00,1.08450,1.08674,1.08405,1.08571,83913190130
20240528,00:00:00,1.08571,1.08890,1.08521,1.08563,162346850210
20240529,00:00:00,1.08562,1.08604,1.07999,1.08011,168653749920
20240530,00:00:00,1.08007,1.08451,1.07883,1.08316,182951339790
20240531,00:00:00,1.08316,1.08822,1.08112,1.08450,187378129910
20240603,00:00:00,1.08462,1.09045,1.08278,1.09039,173037590210
20240604,00:00:00,1.09039,1.09160,1.08590,1.08789,185910739950
20240605,00:00:00,1.08785,1.08915,1.08544,1.08682,154210710080
20240606,00:00:00,1.08681,1.09020,1.08619,1.08878,154429579980
20240607,00:00:00,1.08873,1.09018,1.07993,1.08017,229113940240
20240610,00:00:00,1.07783,1.07814,1.07327,1.07648,167044950180
20240611,00:00:00,1.07642,1.07734,1.07194,1.07403,178959280080
20240612,00:00:00,1.07404,1.08521,1.07346,1.08087,296848219920
20240613,00:00:00,1.08076,1.08163,1.07328,1.07368,211321510070
20240614,00:00:00,1.07361,1.07449,1.06676,1.07025,245934870020
20240617,00:00:00,1.07028,1.07378,1.06863,1.07339,186912799730
20240618,00:00:00,1.07336,1.07615,1.07099,1.07397,163263539940
20240619,00:00:00,1.07397,1.07533,1.07248,1.07422,96032999890
20240620,00:00:00,1.07422,1.07487,1.07016,1.07016,171930570040
20240621,00:00:00,1.07014,1.07205,1.06710,1.06918,194767610130
20240624,00:00:00,1.06849,1.07463,1.06837,1.07319,136518900190
20240625,00:00:00,1.07316,1.07441,1.06906,1.07139,141692030020
20240626,00:00:00,1.07136,1.07179,1.06660,1.06799,179590189960
20240627,00:00:00,1.06798,1.07264,1.06770,1.07031,190793080140
20240628,00:00:00,1.07031,1.07246,1.06852,1.07119,229181900340
20240701,00:00:00,1.07438,1.07763,1.07197,1.07402,220000120000
20240702,00:00:00,1.07393,1.07471,1.07100,1.07446,185099290170
20240703,00:00:00,1.07443,1.08168,1.07363,1.07868,185440310050
20240704,00:00:00,1.07853,1.08138,1.07833,1.08101,92023190130
20240705,00:00:00,1.08101,1.08426,1.07993,1.08370,206646609740
20240708,00:00:00,1.08014,1.08450,1.07998,1.08230,200834810250
20240709,00:00:00,1.08240,1.08333,1.08054,1.08127,189792969970
20240710,00:00:00,1.08125,1.08305,1.08108,1.08295,163373899770
20240711,00:00:00,1.08292,1.08999,1.08254,1.08678,248767949420
20240712,00:00:00,1.08673,1.09113,1.08614,1.09054,228169159930
20240715,00:00:00,1.08852,1.09222,1.08818,1.08938,217393369740
20240716,00:00:00,1.08938,1.09054,1.08715,1.08990,215787360020
20240717,00:00:00,1.08984,1.09480,1.08950,1.09386,247998049940
20240718,00:00:00,1.09384,1.09410,1.08935,1.08964,229666190010
20240719,00:00:00,1.08956,1.09017,1.08756,1.08779,206134930140
20240722,00:00:00,1.08861,1.09027,1.08730,1.08908,201051459960
20240723,00:00:00,1.08908,1.08967,1.08438,1.08533,187369880220
20240724,00:00:00,1.08528,1.08664,1.08256,1.08397,230245070050
20240725,00:00:00,1.08396,1.08699,1.08282,1.08450,272128889410
20240726,00:00:00,1.08448,1.08681,1.08420,1.08547,170522719770
20240729,00:00:00,1.08553,1.08700,1.08028,1.08212,167502179680
20240730,00:00:00,1.08203,1.08356,1.07982,1.08151,192559179820
20240731,00:00:00,1.08144,1.08493,1.08019,1.08256,312679443210
20240801,00:00:00,1.08256,1.08354,1.07774,1.07911,308639600050
20240802,00:00:00,1.07911,1.09265,1.07818,1.09098,373954329980
20240805,00:00:00,1.09225,1.10088,1.08923,1.09505,641822590000
20240806,00:00:00,1.09500,1.09631,1.09037,1.09313,405104470040
20240807,00:00:00,1.09299,1.09366,1.09053,1.09220,219897909900
20240808,00:00:00,1.09210,1.09451,1.08814,1.09181,237871470080
20240809,00:00:00,1.09174,1.09313,1.09090,1.09167,142328999690
20240812,00:00:00,1.09142,1.09393,1.09100,1.09312,152785159850
20240813,00:00:00,1.09303,1.09996,1.09137,1.09916,176952779910
20240814,00:00:00,1.09916,1.10473,1.09754,1.10125,233301380070
20240815,00:00:00,1.10124,1.10154,1.09495,1.09724,181611890330
20240816,00:00:00,1.09713,1.10296,1.09703,1.10211,147279799760
20240819,00:00:00,1.10265,1.10863,1.10227,1.10848,204334899820
20240820,00:00:00,1.10843,1.11304,1.10719,1.11294,285070329970
20240821,00:00:00,1.11290,1.11740,1.10992,1.11493,179384229610
20240822,00:00:00,1.11491,1.11646,1.10980,1.11118,133330959690
20240823,00:00:00,1.11110,1.12008,1.11055,1.11910,139906260010
20240826,00:00:00,1.11854,1.12015,1.11500,1.11609,187663020220
20240827,00:00:00,1.11605,1.11905,1.11501,1.11836,170810029920
20240828,00:00:00,1.11834,1.11852,1.11050,1.11194,189354219840
20240829,00:00:00,1.11193,1.11399,1.10556,1.10771,240972330080
20240830,00:00:00,1.10766,1.10950,1.10438,1.10456,271538349750
20240902,00:00:00,1.10462,1.10773,1.10419,1.10690,139024939960
20240903,00:00:00,1.10690,1.10727,1.10263,1.10431,249167109910
20240904,00:00:00,1.10430,1.10951,1.10363,1.10818,214981550290
20240905,00:00:00,1.10817,1.11197,1.10746,1.11102,236915339940
20240906,00:00:00,1.11100,1.11556,1.10656,1.10825,358901529380
20240909,00:00:00,1.10781,1.10910,1.10335,1.10342,217506210040
20240910,00:00:00,1.10334,1.10496,1.10151,1.10193,187411299890
20240911,00:00:00,1.10189,1.10549,1.10019,1.10117,283547639800
20240912,00:00:00,1.10111,1.10750,1.10055,1.10741,261309679930
20240913,00:00:00,1.10739,1.11017,1.10703,1.10732,232826179950
20240916,00:00:00,1.10757,1.11374,1.10743,1.11325,198704590020
20240917,00:00:00,1.11320,1.11461,1.11109,1.11134,266594380220
20240918,00:00:00,1.11128,1.11891,1.10966,1.11184,325889560200
20240919,00:00:00,1.11184,1.11787,1.10683,1.11611,395787870090
20240920,00:00:00,1.11611,1.11818,1.11360,1.11626,295326029990
20240923,00:00:00,1.11580,1.11672,1.10831,1.11109,268545959900
20240924,00:00:00,1.11107,1.11809,1.11033,1.11794,259713609980
20240925,00:00:00,1.11791,1.12140,1.11215,1.11325,237079099590
20240926,00:00:00,1.11322,1.11893,1.11257,1.11764,237149539670
20240927,00:00:00,1.11763,1.12030,1.11248,1.11619,343292840120
20240930,00:00:00,1.11582,1.12089,1.11136,1.11345,294813079740
20241001,00:00:00,1.11344,1.11439,1.10458,1.10675,283940660150
20241002,00:00:00,1.10668,1.10828,1.10325,1.10440,258039110040
20241003,00:00:00,1.10440,1.10490,1.10082,1.10293,327826339880
20241004,00:00:00,1.10292,1.10395,1.09512,1.09739,280396989950
20241007,00:00:00,1.09620,1.09868,1.09542,1.09731,271191990150
20241008,00:00:00,1.09723,1.09971,1.09608,1.09798,230656650010
20241009,00:00:00,1.09782,1.09809,1.09362,1.09376,175445529830
20241010,00:00:00,1.09368,1.09548,1.09000,1.09286,275241549300
20241011,00:00:00,1.09299,1.09537,1.09116,1.09353,183585959610
20241014,00:00:00,1.09310,1.09366,1.08881,1.09082,175768320070
20241015,00:00:00,1.09078,1.09167,1.08819,1.08900,170179640090
20241016,00:00:00,1.08883,1.09014,1.08532,1.08618,180166699840
20241017,00:00:00,1.08611,1.08737,1.08110,1.08307,261200190030
20241018,00:00:00,1.08308,1.08694,1.08252,1.08655,205213180160
20241021,00:00:00,1.08605,1.08717,1.08111,1.08149,184370370030
20241022,00:00:00,1.08149,1.08380,1.07926,1.07967,195965110040
20241023,00:00:00,1.07964,1.08066,1.07612,1.07804,238685230040
20241024,00:00:00,1.07804,1.08298,1.07706,1.08274,255188190370
20241025,00:00:00,1.08270,1.08392,1.07930,1.07945,159290870070
20241027,00:00:00,1.07933,1.07945,1.07867,1.07939,559220000
20241028,00:00:00,1.07938,1.08276,1.07819,1.08140,213773860510
20241029,00:00:00,1.08143,1.08263,1.07688,1.08153,258209450060
20241030,00:00:00,1.08153,1.08713,1.08079,1.08572,294956989590
20241031,00:00:00,1.08581,1.08881,1.08441,1.08821,280246839930
20241101,00:00:00,1.08820,1.09057,1.08317,1.08327,283031060580
20241104,00:00:00,1.08778,1.09147,1.08699,1.08767,275004640120
20241105,00:00:00,1.08757,1.09365,1.08724,1.09294,192638329740
20241106,00:00:00,1.09235,1.09369,1.06824,1.07269,833236959290
20241107,00:00:00,1.07271,1.08247,1.07129,1.08038,391967239510
20241108,00:00:00,1.08038,1.08048,1.06868,1.07182,367664889710
20241111,00:00:00,1.07093,1.07277,1.06286,1.06533,221508380320
20241112,00:00:00,1.06534,1.06631,1.05951,1.06216,297669569930
20241113,00:00:00,1.06208,1.06540,1.05556,1.05622,301163349990
20241114,00:00:00,1.05617,1.05825,1.04960,1.05299,378388690110
20241115,00:00:00,1.05299,1.05930,1.05163,1.05394,369890004160
20241118,00:00:00,1.05280,1.06071,1.05280,1.05979,242331460000
20241119,00:00:00,1.05979,1.06010,1.05233,1.05937,374350240280
20241120,00:00:00,1.05931,1.06097,1.05068,1.05435,283133109920
20241121,00:00:00,1.05430,1.05548,1.04622,1.04738,345542810070
20241122,00:00:00,1.04735,1.04981,1.03325,1.04193,390493430330
20241125,00:00:00,1.04806,1.05303,1.04490,1.04942,414741269850
20241126,00:00:00,1.04928,1.05447,1.04250,1.04873,464085270100
20241127,00:00:00,1.04868,1.05876,1.04744,1.05657,374049540090
20241128,00:00:00,1.05654,1.05692,1.05275,1.05511,244616590150
20241129,00:00:00,1.05511,1.05971,1.05414,1.05748,373726799670
20241202,00:00:00,1.05711,1.05733,1.04607,1.04971,438956859690
20241203,00:00:00,1.04966,1.05350,1.04807,1.05062,356457520410
20241204,00:00:00,1.05065,1.05439,1.04723,1.05114,385133180350
20241205,00:00:00,1.05100,1.05896,1.05077,1.05840,308668770270
20241206,00:00:00,1.05839,1.06298,1.05423,1.05673,330639200320
20241209,00:00:00,1.05544,1.05944,1.05320,1.05531,267645649920
20241210,00:00:00,1.05529,1.05680,1.04984,1.05268,257312859840
20241211,00:00:00,1.05261,1.05393,1.04802,1.04933,330952319690
20241212,00:00:00,1.04935,1.05308,1.04637,1.04663,244078610040
20241213,00:00:00,1.04653,1.05241,1.04531,1.05017,181635430120
20241216,00:00:00,1.04854,1.05247,1.04745,1.05094,211487471980
20241217,00:00:00,1.05094,1.05343,1.04790,1.04903,149696732700
20241218,00:00:00,1.04904,1.05127,1.03439,1.03513,191951539930
20241219,00:00:00,1.03507,1.04222,1.03472,1.03605,274107180260
20241220,00:00:00,1.03599,1.04474,1.03429,1.04254,277833970070
20241223,00:00:00,1.04308,1.04452,1.03842,1.04044,215315889970
20241224,00:00:00,1.04043,1.04098,1.03835,1.03912,147606090130
20241225,00:00:00,1.03860,1.04106,1.03860,1.04004,965849990
20241226,00:00:00,1.04012,1.04301,1.03905,1.04222,144278916160
20241227,00:00:00,1.04174,1.04440,1.04049,1.04225,227652551420
20241230,00:00:00,1.04247,1.04583,1.03717,1.04069,220050380140
20241231,00:00:00,1.04069,1.04243,1.03440,1.03526,171938069940
20250102,00:00:00,1.03503,1.03756,1.02237,1.02640,211610589920
20250103,00:00:00,1.02640,1.03099,1.02612,1.03066,132374860060
20250106,00:00:00,1.03015,1.04367,1.02932,1.03895,238498170340
20250107,00:00:00,1.03893,1.04343,1.03394,1.03394,262368850150
20250108,00:00:00,1.03395,1.03575,1.02731,1.03178,314822199980
20250109,00:00:00,1.03178,1.03214,1.02836,1.02990,206652339660
20250110,00:00:00,1.02990,1.03118,1.02127,1.02400,273483559660
20250113,00:00:00,1.02357,1.02499,1.01772,1.02441,245830369650
20250114,00:00:00,1.02441,1.03086,1.02371,1.03076,201204970110
20250115,00:00:00,1.03074,1.03544,1.02590,1.02880,232051840270
20250116,00:00:00,1.02892,1.03149,1.02604,1.02990,249607679880
20250117,00:00:00,1.02996,1.03306,1.02652,1.02710,238341229910
20250120,00:00:00,1.02792,1.04342,1.02663,1.04155,234213340140
20250121,00:00:00,1.04156,1.04353,1.03420,1.04253,207856690130
20250122,00:00:00,1.04228,1.04573,1.03921,1.04077,181604719870
20250123,00:00:00,1.04072,1.04378,1.03719,1.04148,183224389830
20250124,00:00:00,1.04140,1.05213,1.04115,1.04919,200751769940
20250127,00:00:00,1.04763,1.05330,1.04539,1.04911,239440809850
20250128,00:00:00,1.04911,1.04932,1.04137,1.04298,196946800110
20250129,00:00:00,1.04298,1.04434,1.03822,1.04207,205898060100
20250130,00:00:00,1.04203,1.04677,1.03861,1.03879,188984740220
20250131,00:00:00,1.03879,1.04340,1.03496,1.03602,238077760710
20250203,00:00:00,1.02327,1.03497,1.02103,1.03425,289484439600
20250204,00:00:00,1.03423,1.03874,1.02721,1.03783,178857780120
20250205,00:00:00,1.03783,1.04424,1.03696,1.04021,162302239760
20250206,00:00:00,1.04020,1.04058,1.03523,1.03827,138360504580
20250207,00:00:00,1.03826,1.04124,1.03049,1.03260,189760439230
20250210,00:00:00,1.02918,1.03363,1.02839,1.03062,128387079940
20250211,00:00:00,1.03061,1.03813,1.02919,1.03609,136030629950
20250212,00:00:00,1.03603,1.04298,1.03168,1.03821,191943729950
20250213,00:00:00,1.03818,1.04668,1.03727,1.04626,198769749870
20250214,00:00:00,1.04625,1.05140,1.04470,1.04913,112182180080
20250217,00:00:00,1.04858,1.05062,1.04667,1.04840,54280480060
20250218,00:00:00,1.04835,1.04862,1.04350,1.04459,73853705110
20250219,00:00:00,1.04453,1.04613,1.04009,1.04220,112513089930
20250220,00:00:00,1.04220,1.05033,1.04163,1.05002,154754164790
20250221,00:00:00,1.05001,1.05054,1.04492,1.04570,155270989060
20250224,00:00:00,1.04706,1.05282,1.04527,1.04671,166220450100
20250225,00:00:00,1.04671,1.05191,1.04560,1.05124,161246149540
20250226,00:00:00,1.05116,1.05287,1.04747,1.04844,192595297990
20250227,00:00:00,1.04843,1.04922,1.03966,1.03978,188811819870
20250228,00:00:00,1.03974,1.04198,1.03597,1.03747,191466290130
20250303,00:00:00,1.04032,1.05036,1.03883,1.04856,204236880240
20250304,00:00:00,1.04849,1.06272,1.04708,1.06253,243476379940
20250305,00:00:00,1.06254,1.07965,1.06018,1.07857,289734570090
20250306,00:00:00,1.07854,1.08534,1.07655,1.07818,273427450090
20250307,00:00:00,1.07820,1.08884,1.07757,1.08292,232102080080
20250309,00:00:00,1.08312,1.08399,1.08269,1.08388,539250000
20250310,00:00:00,1.08388,1.08744,1.08051,1.08342,226503060010
20250311,00:00:00,1.08341,1.09471,1.08329,1.09110,201214770240
20250312,00:00:00,1.09110,1.09314,1.08755,1.08859,201995200180
20250313,00:00:00,1.08858,1.08970,1.08222,1.08514,180347939990
20250314,00:00:00,1.08514,1.09125,1.08304,1.08765,167083449820
20250316,00:00:00,1.08766,1.08809,1.08759,1.08801,384270000
20250317,00:00:00,1.08809,1.09297,1.08685,1.09212,139628500130
20250318,00:00:00,1.09211,1.09545,1.08924,1.09440,169162680080
20250319,00:00:00,1.09437,1.09458,1.08603,1.09040,172491860090
20250320,00:00:00,1.09041,1.09171,1.08145,1.08539,161930099950
20250321,00:00:00,1.08545,1.08611,1.07970,1.08121,158865290290
20250323,00:00:00,1.08130,1.08173,1.08115,1.08170,167400000
20250324,00:00:00,1.08167,1.08579,1.07813,1.07995,163523780200
20250325,00:00:00,1.07994,1.08300,1.07767,1.07908,178852559650
20250326,00:00:00,1.07910,1.08025,1.07344,1.07362,138232619960
20250327,00:00:00,1.07363,1.08210,1.07328,1.07969,139123370030
20250328,00:00:00,1.07971,1.08447,1.07644,1.08237,125361839930
20250331,00:00:00,1.08228,1.08492,1.07838,1.08151,172531630050
20250401,00:00:00,1.08139,1.08299,1.07782,1.07929,137797520050
20250402,00:00:00,1.07911,1.09242,1.07800,1.08490,150623749850
20250403,00:00:00,1.08382,1.11462,1.08047,1.10510,317104859970
20250404,00:00:00,1.10510,1.11076,1.09242,1.09573,420777660020
20250407,00:00:00,1.08894,1.10498,1.08792,1.09054,436325479910
20250408,00:00:00,1.09017,1.09916,1.08886,1.09534,291494539960
20250409,00:00:00,1.09514,1.10948,1.09132,1.09451,489855590450
20250410,00:00:00,1.09451,1.12414,1.09427,1.11969,328073890080
20250411,00:00:00,1.11976,1.14736,1.11888,1.13554,470533249440
20250414,00:00:00,1.13108,1.14244,1.12956,1.13496,271667309780
20250415,00:00:00,1.13495,1.13789,1.12639,1.12814,226805689940
20250416,00:00:00,1.12814,1.14127,1.12790,1.13985,252894350240
20250417,00:00:00,1.13978,1.14090,1.13349,1.13639,195711859920
20250418,00:00:00,1.13615,1.13972,1.13578,1.13901,425493671470
20250421,00:00:00,1.13946,1.15729,1.13925,1.15128,215864849970
20250422,00:00:00,1.15129,1.15470,1.14172,1.14195,241816420190
20250423,00:00:00,1.14195,1.14399,1.13077,1.13123,274650510070
20250424,00:00:00,1.13122,1.13975,1.13109,1.13854,164931749920
20250425,00:00:00,1.13854,1.13924,1.13155,1.13628,172921669970
20250428,00:00:00,1.13636,1.14248,1.13292,1.14179,135105570110
20250429,00:00:00,1.14179,1.14218,1.13700,1.13855,151360940170
20250430,00:00:00,1.13823,1.13994,1.13170,1.13274,169809520080
20250501,00:00:00,1.13272,1.13409,1.12657,1.12878,139382420160
20250502,00:00:00,1.12878,1.13808,1.12740,1.12946,192406369580
20250505,00:00:00,1.12987,1.13646,1.12905,1.13130,180901110120
20250506,00:00:00,1.13125,1.13808,1.12797,1.13670,159042839990
20250507,00:00:00,1.13671,1.13780,1.12917,1.12998,197703609930
20250508,00:00:00,1.12999,1.13361,1.12118,1.12254,198035599810
20250509,00:00:00,1.12254,1.12928,1.11964,1.12460,145034380150
20250512,00:00:00,1.11900,1.12426,1.10651,1.10844,234627730180
20250513,00:00:00,1.10845,1.11946,1.10833,1.11844,169592009990
20250514,00:00:00,1.11844,1.12655,1.11645,1.11730,196704879980
20250515,00:00:00,1.11694,1.12279,1.11669,1.11854,150950810090
20250516,00:00:00,1.11862,1.12195,1.11308,1.11612,140063510280
20250519,00:00:00,1.11749,1.12879,1.11711,1.12406,159507054890
20250520,00:00:00,1.12373,1.12858,1.12178,1.12818,133708370050
20250521,00:00:00,1.12814,1.13628,1.12798,1.13279,155975329990
20250522,00:00:00,1.13274,1.13448,1.12558,1.12782,168704219830
20250523,00:00:00,1.12780,1.13754,1.12768,1.13592,147853109980
20250526,00:00:00,1.13617,1.14185,1.13585,1.13838,116385190020
20250527,00:00:00,1.13837,1.14071,1.13230,1.13291,145874911840
20250528,00:00:00,1.13242,1.13454,1.12837,1.12915,159711519980
20250529,00:00:00,1.12914,1.13843,1.12103,1.13649,182429160230
20250530,00:00:00,1.13647,1.13897,1.13123,1.13453,169377440150
20250602,00:00:00,1.13439,1.14498,1.13435,1.14419,140877990000
20250603,00:00:00,1.14383,1.14544,1.13639,1.13699,124651129920
20250604,00:00:00,1.13693,1.14344,1.13568,1.14144,147522249680
20250605,00:00:00,1.14143,1.14948,1.14045,1.14444,154696380020
20250606,00:00:00,1.14438,1.14572,1.13715,1.13935,149222979970
20250609,00:00:00,1.13952,1.14391,1.13864,1.14183,101645830080
20250610,00:00:00,1.14183,1.14475,1.13729,1.14217,109553820030
20250611,00:00:00,1.14207,1.14994,1.14052,1.14872,107268370010
20250612,00:00:00,1.14854,1.16311,1.14837,1.15834,135446149830
20250613,00:00:00,1.15807,1.16143,1.14890,1.15457,175644620000
20250616,00:00:00,1.15309,1.16147,1.15238,1.15589,141589990080
20250617,00:00:00,1.15589,1.15796,1.14745,1.14794,147967180160
20250618,00:00:00,1.14794,1.15300,1.14608,1.14776,151900279760
20250619,00:00:00,1.14777,1.14999,1.14461,1.14942,101022949960
20250620,00:00:00,1.14942,1.15439,1.14914,1.15189,108403719990
20250623,00:00:00,1.14602,1.15814,1.14533,1.15741,162997659900
20250624,00:00:00,1.15740,1.16417,1.15740,1.16089,139364520210
20250625,00:00:00,1.16081,1.16650,1.15898,1.16583,96184719850
20250626,00:00:00,1.16574,1.17449,1.16533,1.16999,111073999980
20250627,00:00:00,1.17000,1.17539,1.16806,1.17162,103014270020
20250630,00:00:00,1.17287,1.17881,1.17075,1.17869,106252999960
20250701,00:00:00,1.17865,1.18298,1.17611,1.18059,114888919840
20250702,00:00:00,1.18053,1.18098,1.17467,1.17983,111936099830
20250703,00:00:00,1.17981,1.18100,1.17169,1.17564,108113390000
20250704,00:00:00,1.17560,1.17873,1.17524,1.17719,88265020090
20250707,00:00:00,1.17793,1.17901,1.16868,1.17077,105242560080
20250708,00:00:00,1.17075,1.17650,1.16825,1.17246,107540759880
20250709,00:00:00,1.17241,1.17291,1.16895,1.17200,89864670000
20250710,00:00:00,1.17200,1.17494,1.16623,1.17002,106874965760
20250711,00:00:00,1.16997,1.17138,1.16645,1.16852,89297382740
20250714,00:00:00,1.16658,1.16978,1.16541,1.16640,86736760110
20250715,00:00:00,1.16635,1.16925,1.15927,1.16005,119735822960
20250716,00:00:00,1.15999,1.17212,1.15623,1.16377,145112700100
20250717,00:00:00,1.16390,1.16424,1.15566,1.15955,109163299790
20250718,00:00:00,1.15956,1.16716,1.15901,1.16207,80236647920
20250721,00:00:00,1.16236,1.17166,1.16145,1.16908,86763640000
20250722,00:00:00,1.16908,1.17607,1.16788,1.17538,75630070050
20250723,00:00:00,1.17537,1.17751,1.17109,1.17678,95859409970
20250724,00:00:00,1.17679,1.17887,1.17303,1.17465,90523729990
20250725,00:00:00,1.17465,1.17609,1.17028,1.17396,88115560050
20250728,00:00:00,1.17552,1.17700,1.15850,1.15876,96163919810
20250729,00:00:00,1.15867,1.15989,1.15188,1.15453,106258650040
20250730,00:00:00,1.15444,1.15725,1.14008,1.14040,151421909960
20250731,00:00:00,1.14040,1.14606,1.14014,1.14139,95529730000
20250801,00:00:00,1.14126,1.15969,1.13915,1.15830,153978230110
20250804,00:00:00,1.15910,1.15963,1.15497,1.15691,104194040000
20250805,00:00:00,1.15690,1.15876,1.15277,1.15748,97211290030
20250806,00:00:00,1.15741,1.16683,1.15642,1.16594,84550499880
20250807,00:00:00,1.16583,1.16986,1.16108,1.16646,130345640120
20250808,00:00:00,1.16639,1.16792,1.16287,1.16368,84856839940
20250811,00:00:00,1.16444,1.16754,1.15900,1.16149,119091509930
20250812,00:00:00,1.16145,1.16971,1.15986,1.16739,120907729980
20250813,00:00:00,1.16739,1.17301,1.16689,1.17051,83608109960
20250814,00:00:00,1.17051,1.17150,1.16309,1.16473,132000039860
20250815,00:00:00,1.16470,1.17151,1.16458,1.17026,78179859940
20250818,00:00:00,1.17101,1.17157,1.16561,1.16602,66520220010
20250819,00:00:00,1.16598,1.16928,1.16390,1.16464,66851940020
20250820,00:00:00,1.16459,1.16736,1.16221,1.16506,73131720020
20250821,00:00:00,1.16505,1.16626,1.16010,1.16052,87988900000
20250822,00:00:00,1.16047,1.17425,1.15828,1.17148,105485256070
20250825,00:00:00,1.17203,1.17259,1.16028,1.16161,69791294030
20250826,00:00:00,1.16160,1.16652,1.16021,1.16419,116319870060
20250827,00:00:00,1.16417,1.16475,1.15740,1.16381,96521129840
20250828,00:00:00,1.16380,1.16972,1.16289,1.16827,85577059950
20250829,00:00:00,1.16817,1.17089,1.16507,1.16826,93114530170
20250901,00:00:00,1.16935,1.17362,1.16845,1.17106,53348459990
20250902,00:00:00,1.17106,1.17180,1.16127,1.16395,157164059970
20250903,00:00:00,1.16395,1.16820,1.16081,1.16612,124628119940
20250904,00:00:00,1.16612,1.16694,1.16298,1.16494,86734290000
20250905,00:00:00,1.16493,1.17593,1.16461,1.17141,109495179980
20250908,00:00:00,1.17111,1.17654,1.17036,1.17629,76299116610
20250909,00:00:00,1.17620,1.17799,1.17036,1.17078,119325840030
20250910,00:00:00,1.17073,1.17306,1.16824,1.16946,95962209890
20250911,00:00:00,1.16945,1.17460,1.16589,1.17337,103639810010
20250912,00:00:00,1.17326,1.17475,1.17013,1.17301,92969179980
20250915,00:00:00,1.17303,1.17744,1.17160,1.17609,76366950170
20250916,00:00:00,1.17606,1.18783,1.17572,1.18668,112072490150
20250917,00:00:00,1.18657,1.19186,1.18077,1.18122,130362059840
20250918,00:00:00,1.18120,1.18482,1.17500,1.17856,149474010150
20250919,00:00:00,1.17841,1.17925,1.17286,1.17405,97305839950
20250922,00:00:00,1.17449,1.18034,1.17262,1.18025,79557190040
20250923,00:00:00,1.18026,1.18199,1.17787,1.18149,98492180030
20250924,00:00:00,1.18138,1.18190,1.17280,1.17374,108576690090
20250925,00:00:00,1.17367,1.17538,1.16454,1.16654,105539080160
20250926,00:00:00,1.16653,1.17072,1.16568,1.17005,97871678430
20250929,00:00:00,1.16986,1.17544,1.16986,1.17260,87023609910
20250930,00:00:00,1.17254,1.17615,1.17119,1.17328,96022730020
20251001,00:00:00,1.17325,1.17785,1.17154,1.17294,138447470100
20251002,00:00:00,1.17268,1.17583,1.16829,1.17154,94233248020
20251003,00:00:00,1.17154,1.17591,1.17130,1.17382,81606469990
20251006,00:00:00,1.17209,1.17307,1.16516,1.17104,129885719790
20251007,00:00:00,1.17104,1.17144,1.16474,1.16563,83175680050
20251008,00:00:00,1.16559,1.16610,1.15983,1.16274,91490909910
20251009,00:00:00,1.16275,1.16480,1.15420,1.15635,114186920050
20251010,00:00:00,1.15634,1.16305,1.15551,1.16149,108454430050
20251013,00:00:00,1.16138,1.16297,1.15574,1.15691,81941109860
20251014,00:00:00,1.15690,1.16148,1.15423,1.16059,109088229850
20251015,00:00:00,1.16060,1.16476,1.16017,1.16466,90838019870
20251016,00:00:00,1.16461,1.16941,1.16418,1.16867,109700069920
20251017,00:00:00,1.16864,1.17283,1.16496,1.16509,141852500150
20251020,00:00:00,1.16646,1.16753,1.16382,1.16412,80388099980
20251021,00:00:00,1.16413,1.16550,1.15975,1.15994,114953020030
20251022,00:00:00,1.15988,1.16224,1.15767,1.16100,83763720010
20251023,00:00:00,1.16100,1.16200,1.15853,1.16179,67754150040
20251024,00:00:00,1.16177,1.16490,1.16008,1.16266,87866039970
20251026,00:00:00,1.16346,1.16362,1.16259,1.16287,806970000
20251027,00:00:00,1.16295,1.16520,1.16176,1.16447,62685130070
20251028,00:00:00,1.16448,1.16686,1.16255,1.16515,81837300090
20251029,00:00:00,1.16521,1.16660,1.15773,1.16024,126014560080
20251030,00:00:00,1.16022,1.16374,1.15470,1.15678,108087950020
20251031,00:00:00,1.15678,1.15775,1.15214,1.15370,75757460060
20251103,00:00:00,1.15294,1.15413,1.15050,1.15196,84822220120
20251104,00:00:00,1.15190,1.15334,1.14729,1.14818,82807149960
20251105,00:00:00,1.14816,1.14978,1.14687,1.14917,83017219880
20251106,00:00:00,1.14917,1.15522,1.14905,1.15466,89248320050
20251107,00:00:00,1.15463,1.15910,1.15294,1.15656,90525150050
20251110,00:00:00,1.15562,1.15829,1.15409,1.15568,69398479960
20251111,00:00:00,1.15563,1.16057,1.15468,1.15820,70986740040
20251112,00:00:00,1.15818,1.15977,1.15627,1.15932,69255960000
20251113,00:00:00,1.15933,1.16559,1.15789,1.16324,97462570020
20251114,00:00:00,1.16323,1.16536,1.16060,1.16172,105567943850
20251117,00:00:00,1.16143,1.16244,1.15818,1.15912,73295760000
20251118,00:00:00,1.15906,1.16076,1.15713,1.15803,92438260050
20251119,00:00:00,1.15804,1.15971,1.15178,1.15369,100566639930
20251120,00:00:00,1.15367,1.15499,1.15013,1.15274,99287789990
20251121,00:00:00,1.15338,1.15524,1.14909,1.15155,115651219800
20251124,00:00:00,1.15128,1.15503,1.15018,1.15205,72017240000
20251125,00:00:00,1.15203,1.15859,1.15114,1.15697,108976459940
20251126,00:00:00,1.15696,1.16008,1.15470,1.15945,106173960030
20251127,00:00:00,1.15945,1.16132,1.15763,1.15949,54187110010
20251128,00:00:00,1.15949,1.16075,1.15550,1.15973,178468400020
20251201,00:00:00,1.15940,1.16522,1.15893,1.16092,95494960040
20251202,00:00:00,1.16089,1.16258,1.15910,1.16233,73595720060
20251203,00:00:00,1.16233,1.16775,1.16204,1.16706,95456020020
20251204,00:00:00,1.16705,1.16819,1.16409,1.16440,79969260030
20251205,00:00:00,1.16439,1.16717,1.16279,1.16388,76286559930
20251208,00:00:00,1.16373,1.16718,1.16163,1.16369,76358219990
20251209,00:00:00,1.16370,1.16571,1.16149,1.16273,80131429950
20251210,00:00:00,1.16266,1.16997,1.16214,1.16948,108411610080
20251211,00:00:00,1.16948,1.17627,1.16821,1.17376,104113330030
20251212,00:00:00,1.17377,1.17497,1.17195,1.17396,93670859920
20251215,00:00:00,1.17358,1.17688,1.17264,1.17521,94999350060
20251216,00:00:00,1.17518,1.18040,1.17350,1.17463,114014269840
20251217,00:00:00,1.17460,1.17580,1.17030,1.17401,110752650030
20251218,00:00:00,1.17400,1.17627,1.17123,1.17217,104050399930
20251219,00:00:00,1.17212,1.17377,1.17021,1.17103,89145870040
20251222,00:00:00,1.17149,1.17693,1.17058,1.17612,76960929900
20251223,00:00:00,1.17610,1.18021,1.17536,1.17940,96134258010
20251224,00:00:00,1.17936,1.18079,1.17726,1.17780,87795870040
20251225,00:00:00,1.17777,1.17835,1.17663,1.17752,874260000
20251226,00:00:00,1.17755,1.17966,1.17615,1.17680,92216340010
20251229,00:00:00,1.17631,1.17890,1.17493,1.17718,96046100080
20251230,00:00:00,1.17713,1.17797,1.17431,1.17475,69621999980
20251231,00:00:00,1.17476,1.17592,1.17199,1.17455,87689899960
20260102,00:00:00,1.17387,1.17649,1.17132,1.17199,92481610060
20260105,00:00:00,1.17203,1.17286,1.16588,1.17210,110568319910
20260106,00:00:00,1.17210,1.17428,1.16837,1.16885,101294560010
20260107,00:00:00,1.16881,1.17025,1.16728,1.16732,91407450030
20260108,00:00:00,1.16728,1.16828,1.16425,1.16590,64973610000
20260109,00:00:00,1.16586,1.16621,1.16543,1.16578,1782770000
