Date,Open,High,Low,Close,Volume,DayOfWeek,DayName,WeekendGap,WeekendGapPct
2003-12-02,79.592,79.912,79.271,79.39,418295999370,1,Tuesday,,
2003-12-03,79.369,79.82,79.247,79.75,416104100120,2,Wednesday,,
2003-12-04,79.784,79.823,79.23,79.52,405309100160,3,Thursday,,
2003-12-05,79.531,79.677,79.104,79.241,395366099990,4,Friday,,
2003-12-08,79.3,79.692,79.021,79.454,398405899910,0,Monday,0.059,0.0745
2003-12-09,79.444,79.655,79.052,79.377,411650999880,1,Tuesday,,
2003-12-10,79.418,80.252,79.141,80.139,406466399890,2,Wednesday,,
2003-12-11,80.168,80.236,79.356,79.822,418011300280,3,Thursday,,
2003-12-12,79.858,80.111,79.682,79.97,405715499810,4,Friday,,
2003-12-15,79.854,80.11,79.606,80.018,414135600330,0,Monday,-0.116,-0.1451
2003-12-16,80.01,80.179,79.741,79.844,415643100150,1,Tuesday,,
2003-12-17,79.844,79.95,78.978,79.326,417647300270,2,Wednesday,,
2003-12-18,79.321,79.846,79.056,79.642,417901100040,3,Thursday,,
2003-12-19,79.657,79.75,79.174,79.278,412331400710,4,Friday,,
2003-12-22,79.309,79.455,78.645,78.849,337250699870,0,Monday,0.031,0.0391
2003-12-23,78.853,79.129,78.693,79.09,419500700300,1,Tuesday,,
2003-12-24,79.097,79.725,79.041,79.522,418865799610,2,Wednesday,,
2003-12-25,79.541,79.67,79.289,79.499,381105900460,3,Thursday,,
2003-12-26,79.491,79.707,79.312,79.663,398656299880,4,Friday,,
2003-12-29,79.565,79.67,79.239,79.6,411060799840,0,Monday,-0.098,-0.123
2003-12-30,79.578,80.178,79.397,80.024,418128299750,1,Tuesday,,
2003-12-31,80.086,80.841,79.214,80.491,417032100220,2,Wednesday,,
2004-01-01,80.495,80.85,80.1,80.632,320459400350,3,Thursday,,
2004-01-02,80.746,81.183,80.13,81.08,413174099210,4,Friday,,
2004-01-05,80.998,82.1,80.977,81.475,394749799510,0,Monday,-0.082,-0.1011
2004-01-06,81.472,82.034,81.279,81.666,412224800370,1,Tuesday,,
2004-01-07,81.664,81.75,81.165,81.46,416969400560,2,Wednesday,,
2004-01-08,81.495,82.339,81.146,82.277,413393100270,3,Thursday,,
2004-01-09,82.303,83.662,82.111,82.883,418095400130,4,Friday,,
2004-01-12,82.798,83.0,82.632,82.838,430441999790,0,Monday,-0.085,-0.1026
2004-01-13,82.849,83.108,82.468,82.668,428630699650,1,Tuesday,,
2004-01-14,82.688,82.847,82.065,82.065,424986500140,2,Wednesday,,
2004-01-15,82.097,82.473,81.515,81.848,427926900550,3,Thursday,,
2004-01-16,81.843,82.009,81.146,81.345,429673999890,4,Friday,,
2004-01-19,81.374,81.425,80.379,80.92,422193899460,0,Monday,0.029,0.0357
2004-01-20,80.92,82.693,80.795,82.061,423541299780,1,Tuesday,,
2004-01-21,82.101,82.877,81.988,82.642,424772400430,2,Wednesday,,
2004-01-22,82.657,82.844,82.327,82.433,426472099990,3,Thursday,,
2004-01-23,82.449,82.626,81.802,82.252,426105099500,4,Friday,,
2004-01-26,82.077,82.29,81.645,81.739,424554799830,0,Monday,-0.175,-0.2128
2004-01-27,81.73,82.402,81.394,82.13,419029999970,1,Tuesday,,
2004-01-28,82.152,82.732,81.682,81.755,427768900260,2,Wednesday,,
2004-01-29,81.768,82.018,80.301,80.456,426639699610,3,Thursday,,
2004-01-30,80.486,81.008,79.819,80.694,433570400670,4,Friday,,
2004-02-02,80.621,80.807,79.738,80.03,417261000830,0,Monday,-0.073,-0.0905
2004-02-03,80.093,81.019,79.941,80.694,426920200270,1,Tuesday,,
2004-02-04,80.711,80.883,80.041,80.25,427895900280,2,Wednesday,,
2004-02-05,80.275,80.926,80.151,80.465,426339299920,3,Thursday,,
2004-02-06,80.468,81.45,80.399,81.222,424422100790,4,Friday,,
2004-02-09,81.235,82.307,80.828,81.957,432544800050,0,Monday,0.013,0.016
2004-02-10,81.947,82.53,81.871,82.206,426517499740,1,Tuesday,,
2004-02-11,82.184,83.165,81.857,83.022,426995399190,2,Wednesday,,
2004-02-12,83.041,83.252,82.702,83.099,430383099820,3,Thursday,,
2004-02-13,83.121,83.666,82.936,83.226,422704399800,4,Friday,,
2004-02-16,83.262,83.609,83.146,83.547,424742000140,0,Monday,0.036,0.0433
2004-02-17,83.556,84.442,83.363,84.337,429046499860,1,Tuesday,,
2004-02-18,84.329,84.481,83.928,84.208,429610900460,2,Wednesday,,
2004-02-19,84.231,84.799,84.002,84.642,426537799960,3,Thursday,,
2004-02-20,84.649,84.982,83.42,84.0,429333900050,4,Friday,,
2004-02-23,83.849,84.078,83.302,83.562,429331999980,0,Monday,-0.151,-0.1798
2004-02-24,83.581,84.517,83.366,84.32,431440600390,1,Tuesday,,
2004-02-25,84.315,84.673,83.938,84.066,430862000050,2,Wednesday,,
2004-02-26,84.071,84.595,83.941,84.445,432054699460,3,Thursday,,
2004-02-27,84.456,84.593,83.511,84.372,429660899190,4,Friday,,
2004-03-01,84.215,84.795,83.904,84.154,432665700200,0,Monday,-0.157,-0.1861
2004-03-02,84.165,84.675,83.592,84.01,430195199870,1,Tuesday,,
2004-03-03,84.0,84.07,81.438,82.464,433440100450,2,Wednesday,,
2004-03-04,82.434,83.541,82.2,83.415,426955699860,3,Thursday,,
2004-03-05,83.412,85.234,83.11,85.021,426986899740,4,Friday,,
2004-03-08,85.239,85.239,84.103,84.385,431545299760,0,Monday,0.218,0.2564
2004-03-09,84.424,85.144,84.174,84.369,427869698990,1,Tuesday,,
2004-03-10,84.368,84.549,82.42,82.58,431923700380,2,Wednesday,,
2004-03-11,82.609,83.266,80.879,81.575,427965299500,3,Thursday,,
2004-03-12,81.57,81.602,80.446,81.092,428161300440,4,Friday,,
2004-03-15,80.928,81.565,80.465,81.198,429301099970,0,Monday,-0.164,-0.2022
2004-03-16,81.181,81.342,80.427,80.7,433657100150,1,Tuesday,,
2004-03-17,80.69,80.808,79.602,80.214,426751900550,2,Wednesday,,
2004-03-18,80.23,80.398,79.241,80.205,430670500210,3,Thursday,,
2004-03-19,80.222,80.462,79.556,79.88,431670900510,4,Friday,,
2004-03-22,79.84,80.724,79.725,80.446,426622599820,0,Monday,-0.04,-0.0501
2004-03-23,80.465,80.515,79.985,80.276,429072599430,1,Tuesday,,
2004-03-24,80.276,80.598,78.872,79.055,431906899830,2,Wednesday,,
2004-03-25,79.064,79.149,78.108,78.381,433826300110,3,Thursday,,
2004-03-26,78.381,79.157,77.926,79.012,428859600730,4,Friday,,
2004-03-29,78.676,78.963,78.282,78.726,433673100100,0,Monday,-0.336,-0.4253
2004-03-30,78.767,79.815,78.62,79.592,406516600560,1,Tuesday,,
2004-03-31,79.61,79.979,78.575,79.859,434738900390,2,Wednesday,,
2004-04-01,79.833,79.906,79.028,79.43,436997700030,3,Thursday,,
2004-04-02,79.442,79.904,78.844,79.11,435087800750,4,Friday,,
2004-04-04,79.105,79.105,78.809,78.862,10997299940,6,Sunday,,
2004-04-05,78.827,79.558,78.53,79.046,437676699760,0,Monday,-0.035,-0.0444
2004-04-06,79.067,80.858,79.04,80.438,433009700130,1,Tuesday,,
2004-04-07,80.44,80.883,79.8,80.561,423562800420,2,Wednesday,,
2004-04-08,80.584,81.069,80.286,80.977,431575900100,3,Thursday,,
2004-04-09,81.021,81.341,80.77,81.182,385673600340,4,Friday,,
2004-04-12,81.138,81.387,80.613,80.658,423205399450,0,Monday,-0.044,-0.0542
2004-04-13,80.713,80.911,80.224,80.285,419327400210,1,Tuesday,,
2004-04-14,80.352,80.59,79.143,79.668,437409300250,2,Wednesday,,
2004-04-15,79.754,80.47,79.463,80.17,433621899380,3,Thursday,,
2004-04-16,80.213,80.725,79.835,80.046,429873400250,4,Friday,,
2004-04-19,80.191,81.085,80.105,80.812,426684499590,0,Monday,0.145,0.1811
2004-04-20,80.901,81.096,79.393,79.595,435887800050,1,Tuesday,,
2004-04-21,79.634,80.344,79.151,79.8,433821999740,2,Wednesday,,
2004-04-22,79.856,80.463,79.247,80.284,434319400500,3,Thursday,,
2004-04-23,80.318,80.495,79.233,79.86,435076199840,4,Friday,,
2004-04-26,79.547,79.956,79.293,79.68,433342099780,0,Monday,-0.313,-0.3919
2004-04-27,79.769,80.468,79.451,80.271,436074199680,1,Tuesday,,
2004-04-28,80.312,80.68,79.161,79.357,433838100420,2,Wednesday,,
2004-04-29,79.432,79.597,78.82,79.137,438268100670,3,Thursday,,
2004-04-30,79.222,79.829,78.838,79.524,434479799960,4,Friday,,
2004-05-03,79.647,79.788,78.983,79.43,428513700430,0,Monday,0.123,0.1547
2004-05-04,79.535,80.192,79.205,79.693,435666000110,1,Tuesday,,
2004-05-05,79.789,80.135,79.011,79.515,434323399900,2,Wednesday,,
2004-05-06,79.589,80.115,79.069,79.108,435946499600,3,Thursday,,
2004-05-07,79.17,79.83,78.729,78.856,435904800000,4,Friday,,
2004-05-10,78.735,79.205,78.369,78.975,435005800720,0,Monday,-0.121,-0.1534
2004-05-11,79.022,79.192,78.625,78.757,438020900350,1,Tuesday,,
2004-05-12,78.801,79.393,78.475,78.848,433822400000,2,Wednesday,,
2004-05-13,78.907,79.477,78.245,78.72,435033099620,3,Thursday,,
2004-05-14,78.784,79.075,78.306,78.898,438119699950,4,Friday,,
2004-05-17,78.91,79.093,78.089,78.271,438292300090,0,Monday,0.012,0.0152
2004-05-18,78.311,78.542,77.672,78.479,439458599750,1,Tuesday,,
2004-05-19,78.481,79.132,78.168,78.581,436370800310,2,Wednesday,,
2004-05-20,78.648,78.789,78.104,78.462,436860599740,3,Thursday,,
2004-05-21,78.486,78.725,78.162,78.244,435170399800,4,Friday,,
2004-05-24,78.297,78.851,78.247,78.592,437817000270,0,Monday,0.053,0.0677
2004-05-25,78.674,79.478,78.608,79.163,434779000350,1,Tuesday,,
2004-05-26,79.204,79.298,78.639,79.036,430393899930,2,Wednesday,,
2004-05-27,79.087,79.665,78.95,79.397,434374400180,3,Thursday,,
2004-05-28,79.457,79.681,78.455,78.682,440771999520,4,Friday,,
2004-05-31,78.63,78.675,78.005,78.193,321313500380,0,Monday,-0.052,-0.0661
2004-06-01,78.251,78.534,77.779,78.209,435479599750,1,Tuesday,,
2004-06-02,78.243,78.465,76.285,76.358,435989200050,2,Wednesday,,
2004-06-03,76.457,77.513,76.028,76.188,435697799880,3,Thursday,,
2004-06-04,76.256,77.335,76.22,77.269,432637000510,4,Friday,,
2004-06-07,77.194,77.598,76.947,77.364,437203799230,0,Monday,-0.075,-0.0971
2004-06-08,77.411,77.512,76.655,76.756,432228100110,1,Tuesday,,
2004-06-09,76.791,76.825,75.425,76.125,436641900150,2,Wednesday,,
2004-06-10,76.142,76.496,75.503,76.138,434314500290,3,Thursday,,
2004-06-11,76.156,76.443,75.817,76.106,432595299970,4,Friday,,
2004-06-14,76.266,76.836,75.638,76.233,436208299550,0,Monday,0.16,0.2102
2004-06-15,76.261,76.556,75.336,76.295,436693300060,1,Tuesday,,
2004-06-16,76.288,76.386,75.457,75.804,435770900630,2,Wednesday,,
2004-06-17,75.835,75.872,74.652,74.658,436963199400,3,Thursday,,
2004-06-18,74.734,75.054,74.158,74.92,436343100660,4,Friday,,
2004-06-21,74.919,75.206,74.428,75.053,437763699430,0,Monday,-0.001,-0.0013
2004-06-22,75.118,75.21,74.3,75.113,434299400680,1,Tuesday,,
2004-06-23,75.132,75.132,74.304,74.548,434659799910,2,Wednesday,,
2004-06-24,74.581,75.193,74.256,74.838,434921000260,3,Thursday,,
2004-06-25,74.924,75.421,74.829,75.295,436455800290,4,Friday,,
2004-06-28,75.364,75.675,74.91,75.371,435349999370,0,Monday,0.069,0.0916
2004-06-29,75.434,75.894,74.531,74.568,431978799830,1,Tuesday,,
2004-06-30,74.665,76.164,74.47,75.948,438068800030,2,Wednesday,,
2004-07-01,75.957,76.438,75.17,76.301,437604200000,3,Thursday,,
2004-07-02,76.371,77.484,76.222,77.223,431384500340,4,Friday,,
2004-07-05,77.248,77.796,77.078,77.535,434493500260,0,Monday,0.025,0.0324
2004-07-06,77.587,78.528,77.551,77.964,438577400340,1,Tuesday,,
2004-07-07,78.034,78.551,77.815,78.508,434335800330,2,Wednesday,,
2004-07-08,78.528,78.585,78.133,78.36,436688399700,3,Thursday,,
2004-07-09,78.401,78.637,77.773,77.983,436985199440,4,Friday,,
2004-07-12,78.039,78.878,77.815,78.657,430289400200,0,Monday,0.056,0.0718
2004-07-13,78.711,79.21,78.364,78.636,431808900060,1,Tuesday,,
2004-07-14,78.725,79.384,78.434,78.894,433514600040,2,Wednesday,,
2004-07-15,78.95,79.417,78.695,79.212,435871499560,3,Thursday,,
2004-07-16,79.274,79.615,78.98,79.473,429998200260,4,Friday,,
2004-07-19,79.605,79.901,79.092,79.121,433554300090,0,Monday,0.132,0.1661
2004-07-20,79.186,79.633,78.836,78.99,429433001120,1,Tuesday,,
2004-07-21,79.025,79.087,78.24,78.415,434611400150,2,Wednesday,,
2004-07-22,78.493,78.659,77.942,78.417,433576699670,3,Thursday,,
2004-07-23,78.445,78.553,77.815,78.074,432005200060,4,Friday,,
2004-07-26,78.137,78.299,77.546,77.906,427843300210,0,Monday,0.063,0.0807
2004-07-27,77.928,78.441,77.352,77.454,433736199890,1,Tuesday,,
2004-07-28,77.553,78.174,77.396,78.066,432738900300,2,Wednesday,,
2004-07-29,78.064,78.377,77.779,78.238,429637500170,3,Thursday,,
2004-07-30,78.297,78.508,77.854,78.106,433079700140,4,Friday,,
2004-08-02,78.208,78.38,77.718,77.804,432839799860,0,Monday,0.102,0.1306
2004-08-03,77.825,78.271,77.456,78.063,431529299560,1,Tuesday,,
2004-08-04,78.149,78.47,77.866,78.182,433397000050,2,Wednesday,,
2004-08-05,78.203,78.665,78.053,78.553,431796000560,3,Thursday,,
2004-08-06,78.622,78.881,77.881,78.752,431368299490,4,Friday,,
2004-08-09,78.814,79.409,78.626,79.058,435641099530,0,Monday,0.062,0.0787
2004-08-10,79.097,79.449,78.935,79.328,432593999880,1,Tuesday,,
2004-08-11,79.345,79.413,78.757,79.228,429386700210,2,Wednesday,,
2004-08-12,79.274,79.443,78.787,79.182,431383799510,3,Thursday,,
2004-08-13,79.212,79.57,78.89,79.237,430116599610,4,Friday,,
2004-08-16,79.353,79.655,78.86,79.221,430706999360,0,Monday,0.116,0.1464
2004-08-17,79.291,79.451,78.385,78.646,430844599910,1,Tuesday,,
2004-08-18,78.727,78.801,78.103,78.184,435189600460,2,Wednesday,,
2004-08-19,78.226,79.416,78.098,79.119,430088299890,3,Thursday,,
2004-08-20,79.215,79.321,78.811,78.932,438568899400,4,Friday,,
2004-08-23,79.052,79.109,77.968,78.278,430518299660,0,Monday,0.12,0.152
2004-08-24,78.325,78.371,76.886,77.119,428902800100,1,Tuesday,,
2004-08-25,77.193,78.009,76.951,77.698,433397100830,2,Wednesday,,
2004-08-26,77.713,77.93,76.769,77.047,438008999680,3,Thursday,,
2004-08-27,77.108,77.605,76.895,76.923,433491199740,4,Friday,,
2004-08-30,77.131,77.229,76.648,76.81,430325399760,0,Monday,0.208,0.2704
2004-08-31,76.842,77.484,76.627,76.745,431334699430,1,Tuesday,,
2004-09-01,76.822,77.209,76.713,76.948,429115900210,2,Wednesday,,
2004-09-02,76.983,76.992,75.842,76.285,431697499990,3,Thursday,,
2004-09-03,76.313,76.549,75.609,76.253,434883199450,4,Friday,,
2004-09-06,76.316,76.454,75.928,76.18,431051001080,0,Monday,0.063,0.0826
2004-09-07,76.225,76.377,75.638,75.819,435133800120,1,Tuesday,,
2004-09-08,75.897,76.21,75.329,76.021,431305299140,2,Wednesday,,
2004-09-09,76.112,76.274,75.17,75.387,432541899950,3,Thursday,,
2004-09-10,75.45,76.477,75.237,76.183,435273600070,4,Friday,,
2004-09-13,76.177,76.892,76.062,76.494,432471300390,0,Monday,-0.006,-0.0079
2004-09-14,76.555,77.161,76.491,76.882,434093100050,1,Tuesday,,
2004-09-15,76.909,77.061,76.259,76.393,435468500600,2,Wednesday,,
2004-09-16,76.465,76.815,76.086,76.513,436305899710,3,Thursday,,
2004-09-17,76.508,77.011,76.36,76.558,431174100540,4,Friday,,
2004-09-20,76.557,77.078,76.539,76.964,430010600270,0,Monday,-0.001,-0.0013
2004-09-21,76.971,77.239,76.794,77.053,433162200400,1,Tuesday,,
2004-09-22,77.073,78.219,77.039,78.17,441982299800,2,Wednesday,,
2004-09-23,78.169,79.137,78.043,78.978,434501900720,3,Thursday,,
2004-09-24,79.004,79.208,78.563,78.902,421255000560,4,Friday,,
2004-09-26,78.992,78.992,78.734,78.85,11096099990,6,Sunday,,
2004-09-27,78.845,79.5,78.513,79.335,432696600160,0,Monday,-0.005,-0.0063
2004-09-28,79.366,80.102,79.313,79.927,433775601170,1,Tuesday,,
2004-09-29,79.963,79.98,79.07,79.449,434990300960,2,Wednesday,,
2004-09-30,79.453,80.154,79.012,79.885,436109899390,3,Thursday,,
2004-10-01,79.931,80.278,79.633,80.173,422026600240,4,Friday,,
2004-10-03,80.134,80.154,79.951,80.019,9754600050,6,Sunday,,
2004-10-04,80.009,80.249,79.689,79.898,430310500320,0,Monday,-0.01,-0.0125
2004-10-05,79.917,80.596,79.571,80.463,430233099680,1,Tuesday,,
2004-10-06,80.478,80.651,80.078,80.41,435320300700,2,Wednesday,,
2004-10-07,80.381,80.992,80.263,80.833,431884700100,3,Thursday,,
2004-10-08,80.871,80.94,80.136,80.447,421808399700,4,Friday,,
2004-10-10,80.564,80.792,80.564,80.769,11916100080,6,Sunday,,
2004-10-11,80.781,80.843,79.988,80.17,429826100430,0,Monday,0.012,0.0149
2004-10-12,80.146,80.488,79.812,79.981,434045300070,1,Tuesday,,
2004-10-13,79.991,80.221,79.203,79.563,435450500090,2,Wednesday,,
2004-10-14,79.575,80.256,79.259,79.779,431936600130,3,Thursday,,
2004-10-15,79.813,80.137,79.494,79.865,421657200530,4,Friday,,
2004-10-17,79.789,79.832,79.623,79.751,11186400040,6,Sunday,,
2004-10-18,79.762,79.981,79.059,79.082,431571700250,0,Monday,0.011,0.0138
2004-10-19,79.097,79.329,78.532,78.697,433162599640,1,Tuesday,,
2004-10-20,78.702,79.791,78.682,79.482,435226000270,2,Wednesday,,
2004-10-21,79.462,79.664,79.017,79.223,429432400700,3,Thursday,,
2004-10-22,79.27,79.494,79.144,79.33,420803900650,4,Friday,,
2004-10-24,79.448,79.654,79.419,79.584,11457700010,6,Sunday,,
2004-10-25,79.565,79.805,79.17,79.722,436279599930,0,Monday,-0.019,-0.0239
2004-10-26,79.742,80.025,79.291,79.736,438612899480,1,Tuesday,,
2004-10-27,79.78,79.871,79.058,79.177,434294299390,2,Wednesday,,
2004-10-28,79.163,79.65,78.687,79.168,439066100140,3,Thursday,,
2004-10-29,79.14,79.342,78.868,79.125,422196099770,4,Friday,,
2004-11-01,79.292,79.53,79.1,79.411,431563500060,0,Monday,0.167,0.2111
2004-11-02,79.41,79.44,78.97,79.286,435063699430,1,Tuesday,,
2004-11-03,79.303,80.338,79.006,80.285,432993999800,2,Wednesday,,
2004-11-04,80.351,80.463,80.116,80.252,435291099520,3,Thursday,,
2004-11-05,80.287,80.613,80.08,80.495,430793000000,4,Friday,,
2004-11-08,80.33,80.554,79.754,79.862,432554899750,0,Monday,-0.165,-0.205
2004-11-09,79.86,80.49,79.767,80.27,429912999760,1,Tuesday,,
2004-11-10,80.294,81.454,80.177,81.307,424588599960,2,Wednesday,,
2004-11-11,81.355,81.705,81.002,81.525,426902000670,3,Thursday,,
2004-11-12,81.57,81.584,80.817,81.162,435394600550,4,Friday,,
2004-11-15,81.068,81.602,80.923,81.313,430766600290,0,Monday,-0.094,-0.1158
2004-11-16,81.323,81.602,81.028,81.313,433406499980,1,Tuesday,,
2004-11-17,81.346,81.632,81.158,81.337,433709499780,2,Wednesday,,
2004-11-18,81.357,81.575,80.837,80.98,430798899570,3,Thursday,,
2004-11-19,80.965,81.393,80.585,80.763,432061600280,4,Friday,,
2004-11-22,80.915,80.973,80.5,80.641,431775800350,0,Monday,0.152,0.1882
2004-11-23,80.678,81.411,80.343,81.126,432024699880,1,Tuesday,,
2004-11-24,81.145,81.461,80.789,80.837,432114800430,2,Wednesday,,
2004-11-25,80.865,81.363,80.719,81.088,429949399940,3,Thursday,,
2004-11-26,81.086,81.47,80.85,81.067,425644399870,4,Friday,,
2004-11-29,81.008,81.123,80.383,80.51,433361100960,0,Monday,-0.059,-0.0728
2004-11-30,80.54,80.629,79.249,79.591,433340599570,1,Tuesday,,
2004-12-01,79.6,80.085,79.173,79.636,431875200580,2,Wednesday,,
2004-12-02,79.64,80.247,79.578,79.859,433130999820,3,Thursday,,
2004-12-03,79.876,80.236,79.314,79.752,431558698880,4,Friday,,
2004-12-06,79.707,79.965,79.302,79.722,431876399880,0,Monday,-0.045,-0.0564
2004-12-07,79.744,80.001,79.505,79.644,427588300210,1,Tuesday,,
2004-12-08,79.665,79.827,78.558,78.71,430010999750,2,Wednesday,,
2004-12-09,78.733,79.206,78.541,78.915,431886299820,3,Thursday,,
2004-12-10,78.923,79.487,78.63,79.013,426388999740,4,Friday,,
2004-12-13,78.797,79.552,78.749,79.522,434406999390,0,Monday,-0.216,-0.2734
2004-12-14,79.494,80.017,79.419,79.871,431135100310,1,Tuesday,,
2004-12-15,79.853,79.986,79.237,79.497,434452999980,2,Wednesday,,
2004-12-16,79.571,79.819,78.61,79.203,431515701010,3,Thursday,,
2004-12-17,79.238,79.741,78.976,79.406,431005299700,4,Friday,,
2004-12-20,79.302,79.88,79.225,79.369,432693899950,0,Monday,-0.104,-0.131
2004-12-21,79.384,80.039,79.163,79.743,434899999590,1,Tuesday,,
2004-12-22,79.796,80.019,79.345,79.542,428862100390,2,Wednesday,,
2004-12-23,79.526,79.7,79.274,79.466,429900499900,3,Thursday,,
2004-12-24,79.45,79.827,79.14,79.75,426320300290,4,Friday,,
2004-12-27,79.679,80.244,79.657,80.051,432728399830,0,Monday,-0.071,-0.089
2004-12-28,80.057,80.499,79.957,80.176,426082599680,1,Tuesday,,
2004-12-29,80.18,80.701,80.072,80.317,434137799850,2,Wednesday,,
2004-12-30,80.316,80.65,80.011,80.316,431335200130,3,Thursday,,
2004-12-31,80.333,80.394,79.743,80.057,429135499450,4,Friday,,
2005-01-03,80.118,80.463,79.583,79.927,430679599750,0,Monday,0.061,0.0762
2005-01-04,79.955,80.342,79.593,79.956,433575199830,1,Tuesday,,
2005-01-05,79.945,80.021,79.4,79.594,430158699700,2,Wednesday,,
2005-01-06,79.604,79.996,79.373,79.813,432937700470,3,Thursday,,
2005-01-07,79.845,80.028,79.134,79.299,432606100700,4,Friday,,
2005-01-10,79.292,79.464,78.85,78.983,431252899880,0,Monday,-0.007,-0.0088
2005-01-11,78.995,79.43,78.592,78.645,434804500230,1,Tuesday,,
2005-01-12,78.67,78.96,77.926,78.49,433978400250,2,Wednesday,,
2005-01-13,78.52,78.723,78.168,78.33,432289199930,3,Thursday,,
2005-01-14,78.337,78.441,77.105,77.407,429845899810,4,Friday,,
2005-01-17,77.443,77.752,77.182,77.343,431313899860,0,Monday,0.036,0.0465
2005-01-18,77.349,77.7,76.953,77.182,296207199750,1,Tuesday,,
2005-01-19,77.166,78.392,76.945,78.125,420339799290,2,Wednesday,,
2005-01-20,78.132,78.655,77.866,78.399,428375899170,3,Thursday,,
2005-01-21,78.401,79.378,78.247,78.982,427595900540,4,Friday,,
2005-01-24,78.984,79.395,78.818,78.982,430380500120,0,Monday,0.002,0.0025
2005-01-25,79.012,79.747,78.89,79.581,423611499490,1,Tuesday,,
2005-01-26,79.594,79.91,79.183,79.829,435813700570,2,Wednesday,,
2005-01-27,79.841,80.285,79.701,79.808,431622800190,3,Thursday,,
2005-01-28,79.785,80.279,79.705,80.0,429567199790,4,Friday,,
2005-01-31,80.101,80.405,79.946,80.382,430244300410,0,Monday,0.101,0.1262
2005-02-01,80.393,80.462,79.823,80.182,428568299870,1,Tuesday,,
2005-02-02,80.215,80.79,80.0,80.548,431448299910,2,Wednesday,,
2005-02-03,80.581,80.839,80.265,80.51,429829100560,3,Thursday,,
2005-02-04,80.517,80.589,79.87,80.18,432467100130,4,Friday,,
2005-02-07,80.156,80.815,79.79,80.399,433500900280,0,Monday,-0.024,-0.0299
2005-02-08,80.418,81.104,80.173,81.098,436716899600,1,Tuesday,,
2005-02-09,81.073,81.478,80.591,81.341,438011700490,2,Wednesday,,
2005-02-10,81.339,82.956,81.187,82.853,433581500000,3,Thursday,,
2005-02-11,82.854,83.179,82.514,83.07,435646900050,4,Friday,,
2005-02-14,82.79,82.921,82.198,82.754,434948699620,0,Monday,-0.28,-0.3371
2005-02-15,82.755,82.807,81.986,82.198,437763200190,1,Tuesday,,
2005-02-16,82.2,82.771,82.036,82.653,429296600490,2,Wednesday,,
2005-02-17,82.668,83.2,82.506,83.102,433250899740,3,Thursday,,
2005-02-18,83.135,83.418,82.556,83.246,431132400010,4,Friday,,
2005-02-21,83.304,83.495,83.042,83.342,430437400440,0,Monday,0.058,0.0697
2005-02-22,83.344,83.388,82.349,82.635,433566800300,1,Tuesday,,
2005-02-23,82.644,83.032,82.286,82.375,432665699620,2,Wednesday,,
2005-02-24,82.381,83.039,82.246,82.828,433239299980,3,Thursday,,
2005-02-25,82.857,82.903,82.192,82.718,433788999330,4,Friday,,
2005-02-28,82.749,82.871,82.396,82.787,427370599960,0,Monday,0.031,0.0375
2005-03-01,82.806,82.917,81.704,82.12,432833799480,1,Tuesday,,
2005-03-02,82.149,82.272,81.492,81.963,433111700110,2,Wednesday,,
2005-03-03,81.982,82.456,81.817,82.385,435408000780,3,Thursday,,
2005-03-04,82.411,82.978,82.195,82.801,431123299580,4,Friday,,
2005-03-07,82.692,83.399,82.525,83.291,427619299680,0,Monday,-0.109,-0.1316
2005-03-08,83.276,83.655,83.106,83.55,434690399470,1,Tuesday,,
2005-03-09,83.555,83.566,82.225,82.397,432344500060,2,Wednesday,,
2005-03-10,82.413,82.968,81.946,82.3,435757799800,3,Thursday,,
2005-03-11,82.349,82.586,81.959,82.42,434651999840,4,Friday,,
2005-03-14,82.26,82.861,82.21,82.496,430773199520,0,Monday,-0.16,-0.1941
2005-03-15,82.494,82.743,82.327,82.665,433411199160,1,Tuesday,,
2005-03-16,82.635,82.801,82.062,82.613,431002599530,2,Wednesday,,
2005-03-17,82.631,82.977,82.409,82.901,430448199570,3,Thursday,,
2005-03-18,82.912,83.272,82.64,83.235,426812199870,4,Friday,,
2005-03-21,83.087,83.205,82.412,82.576,429212200600,0,Monday,-0.148,-0.1778
2005-03-22,82.581,83.241,82.312,82.629,436352200080,1,Tuesday,,
2005-03-23,82.64,82.662,81.513,81.789,433460500300,2,Wednesday,,
2005-03-24,81.803,82.291,81.689,82.115,429930799930,3,Thursday,,
2005-03-25,82.101,82.319,81.912,82.037,428034399810,4,Friday,,
2005-03-28,82.078,82.586,81.987,82.384,439997199730,0,Monday,0.041,0.05
2005-03-29,82.346,83.08,82.247,82.846,441249900510,1,Tuesday,,
2005-03-30,82.838,83.1,82.646,82.811,443069099650,2,Wednesday,,
2005-03-31,82.83,82.997,82.488,82.762,436751300040,3,Thursday,,
2005-04-01,82.765,83.149,82.592,82.818,428955000600,4,Friday,,
2005-04-02,82.915,82.98,82.838,82.902,11829100050,5,Saturday,,
2005-04-04,82.86,83.191,82.657,83.022,445255699910,0,Monday,-0.042,-0.0507
2005-04-05,83.113,83.373,82.855,83.111,441540699460,1,Tuesday,,
2005-04-06,83.154,83.238,82.509,83.016,440797300520,2,Wednesday,,
2005-04-07,83.11,83.403,82.817,83.115,438238399390,3,Thursday,,
2005-04-08,83.191,83.787,83.017,83.47,435454200270,4,Friday,,
2005-04-11,83.476,83.768,83.362,83.574,442845200610,0,Monday,0.006,0.0072
2005-04-12,83.58,83.89,83.289,83.474,439456299400,1,Tuesday,,
2005-04-13,83.533,83.682,83.224,83.418,438454300050,2,Wednesday,,
2005-04-14,83.459,83.617,83.169,83.267,441678100150,3,Thursday,,
2005-04-15,83.294,83.342,82.657,82.77,443591199610,4,Friday,,
2005-04-18,82.758,82.78,82.01,82.505,441062000090,0,Monday,-0.012,-0.0145
2005-04-19,82.511,82.593,82.036,82.268,438516699430,1,Tuesday,,
2005-04-20,82.336,82.949,82.288,82.804,446159800060,2,Wednesday,,
2005-04-21,82.838,83.264,82.6,82.873,437671400620,3,Thursday,,
2005-04-22,82.966,83.109,82.613,82.75,439595299620,4,Friday,,
2005-04-25,82.669,82.723,82.171,82.385,442064899420,0,Monday,-0.081,-0.0979
2005-04-26,82.46,82.729,82.256,82.403,445169300490,1,Tuesday,,
2005-04-27,82.416,82.631,81.958,82.127,441209499690,2,Wednesday,,
2005-04-28,82.21,82.677,82.03,82.528,442679400060,3,Thursday,,
2005-04-29,82.607,82.648,81.684,81.778,441564799640,4,Friday,,
2005-05-02,81.885,82.229,81.722,81.762,441939100150,0,Monday,0.107,0.1308
2005-05-03,81.864,81.948,81.13,81.218,438749799660,1,Tuesday,,
2005-05-04,81.296,81.717,80.976,81.575,441403399660,2,Wednesday,,
2005-05-05,81.611,81.742,81.226,81.441,440862199490,3,Thursday,,
2005-05-06,81.533,81.745,81.17,81.394,442513800410,4,Friday,,
2005-05-09,81.433,81.723,81.237,81.492,441336100800,0,Monday,0.039,0.0479
2005-05-10,81.578,81.98,81.502,81.904,441104600100,1,Tuesday,,
2005-05-11,81.951,82.259,81.61,81.769,439907999910,2,Wednesday,,
2005-05-12,81.869,82.114,81.624,81.634,436250199550,3,Thursday,,
2005-05-13,81.724,81.898,81.461,81.657,441371900480,4,Friday,,
2005-05-16,81.704,81.754,80.603,80.63,435275400160,0,Monday,0.047,0.0576
2005-05-17,80.674,81.283,80.573,81.165,441724199650,1,Tuesday,,
2005-05-18,81.21,81.471,80.91,81.389,437197099960,2,Wednesday,,
2005-05-19,81.422,81.588,81.143,81.481,442951400140,3,Thursday,,
2005-05-20,81.573,81.799,81.356,81.658,438122000550,4,Friday,,
2005-05-23,81.521,81.803,81.455,81.667,436802400410,0,Monday,-0.137,-0.1678
2005-05-24,81.727,82.15,81.57,82.042,440184900170,1,Tuesday,,
2005-05-25,82.088,82.199,81.529,82.061,440697300070,2,Wednesday,,
2005-05-26,82.129,82.421,81.743,81.795,441093299230,3,Thursday,,
2005-05-27,81.857,82.419,81.772,82.311,438676199590,4,Friday,,
2005-05-30,82.322,82.349,81.968,81.999,445498199990,0,Monday,0.011,0.0134
2005-05-31,82.108,82.15,81.428,81.953,443672900330,1,Tuesday,,
2005-06-01,82.043,82.086,81.115,81.478,440073299870,2,Wednesday,,
2005-06-02,81.532,81.789,81.29,81.581,441887799940,3,Thursday,,
2005-06-03,81.669,81.777,81.284,81.392,441654999930,4,Friday,,
2005-06-06,81.416,81.929,81.281,81.762,443846800270,0,Monday,0.024,0.0295
2005-06-07,81.823,82.101,81.598,81.926,439485300170,1,Tuesday,,
2005-06-08,81.952,82.343,81.76,81.982,426084099750,2,Wednesday,,
2005-06-09,82.098,82.648,81.986,82.435,439523299790,3,Thursday,,
2005-06-10,82.463,82.834,82.139,82.73,428347400520,4,Friday,,
2005-06-13,82.733,83.488,82.533,83.315,439078599930,0,Monday,0.003,0.0036
2005-06-14,83.398,83.816,83.267,83.502,440922099530,1,Tuesday,,
2005-06-15,83.532,84.147,83.304,83.957,440092800290,2,Wednesday,,
2005-06-16,84.034,84.406,83.674,84.121,438262600080,3,Thursday,,
2005-06-17,84.198,84.75,84.01,84.452,441348899530,4,Friday,,
2005-06-20,84.465,85.021,84.415,84.695,441800800220,0,Monday,0.013,0.0154
2005-06-21,84.718,84.971,84.184,84.435,440709799750,1,Tuesday,,
2005-06-22,84.433,84.908,84.301,84.703,439923900010,2,Wednesday,,
2005-06-23,84.736,84.759,83.818,83.9,439937900180,3,Thursday,,
2005-06-24,83.987,84.629,83.613,83.823,442779599770,4,Friday,,
2005-06-27,83.893,84.238,83.728,83.937,442096300350,0,Monday,0.07,0.0835
2005-06-28,84.008,84.539,83.746,83.813,437929699420,1,Tuesday,,
2005-06-29,83.894,84.264,83.768,84.098,445490599540,2,Wednesday,,
2005-06-30,84.154,84.58,84.001,84.439,441217300660,3,Thursday,,
2005-07-01,84.582,84.703,83.754,84.042,444802600050,4,Friday,,
2005-07-04,84.014,84.031,83.433,83.59,440099300190,0,Monday,-0.028,-0.0333
2005-07-05,83.643,83.777,82.602,82.708,440099599560,1,Tuesday,,
2005-07-06,82.747,83.171,82.625,83.01,438246600260,2,Wednesday,,
2005-07-07,82.917,83.394,82.633,82.802,441403700320,3,Thursday,,
2005-07-08,82.823,83.329,82.68,83.154,440348800010,4,Friday,,
2005-07-11,83.2,83.763,83.02,83.444,440813100010,0,Monday,0.046,0.0553
2005-07-12,83.488,83.971,83.309,83.79,443342300050,1,Tuesday,,
2005-07-13,83.808,84.008,83.589,83.784,440695399900,2,Wednesday,,
2005-07-14,83.861,84.51,83.718,84.422,440002100510,3,Thursday,,
2005-07-15,84.504,84.504,83.836,83.939,441267499290,4,Friday,,
2005-07-18,84.008,84.449,83.853,84.316,441447299520,0,Monday,0.069,0.0822
2005-07-19,84.355,84.818,83.986,84.467,441807699400,1,Tuesday,,
2005-07-20,84.523,85.585,84.423,85.262,433666900320,2,Wednesday,,
2005-07-21,85.286,85.78,83.972,84.27,433199800270,3,Thursday,,
2005-07-22,84.395,85.35,84.188,84.958,433858599450,4,Friday,,
2005-07-25,84.943,85.299,84.58,84.908,434694300170,0,Monday,-0.015,-0.0177
2005-07-26,84.992,85.332,84.812,85.213,433992799690,1,Tuesday,,
2005-07-27,85.24,85.44,84.66,84.993,437354100450,2,Wednesday,,
2005-07-28,84.987,85.273,84.78,85.123,433060100280,3,Thursday,,
2005-07-29,85.174,85.483,85.001,85.093,430238200290,4,Friday,,
2005-08-01,85.109,85.502,84.943,85.337,431197000150,0,Monday,0.016,0.0188
2005-08-02,85.383,85.494,84.946,85.18,432044600220,1,Tuesday,,
2005-08-03,85.157,85.784,85.093,85.62,434733300740,2,Wednesday,,
2005-08-04,85.648,86.06,85.479,85.842,432231299900,3,Thursday,,
2005-08-05,85.915,86.241,85.637,85.885,431167400150,4,Friday,,
2005-08-08,85.88,86.338,85.433,85.649,433273300440,0,Monday,-0.005,-0.0058
2005-08-09,85.693,85.752,84.924,85.145,438671700220,1,Tuesday,,
2005-08-10,85.175,85.292,84.359,84.627,433556899620,2,Wednesday,,
2005-08-11,84.665,85.139,84.395,84.852,440568900230,3,Thursday,,
2005-08-12,84.893,85.0,84.305,84.371,435499600040,4,Friday,,
2005-08-15,84.5,84.711,83.809,83.888,435690100200,0,Monday,0.129,0.1529
2005-08-16,83.99,84.294,83.703,84.18,437033600060,1,Tuesday,,
2005-08-17,84.236,84.46,83.432,83.432,438089500100,2,Wednesday,,
2005-08-18,83.539,83.817,83.05,83.097,431012499540,3,Thursday,,
2005-08-19,83.155,83.282,82.77,82.903,429286399470,4,Friday,,
2005-08-22,82.953,83.344,82.632,82.78,434025100270,0,Monday,0.05,0.0603
2005-08-23,82.882,83.199,82.606,82.91,436187300050,1,Tuesday,,
2005-08-24,83.007,83.448,82.926,83.203,438158500290,2,Wednesday,,
2005-08-25,83.223,83.638,83.066,83.484,431349900600,3,Thursday,,
2005-08-26,83.526,83.682,82.972,83.22,432003200100,4,Friday,,
2005-08-29,83.248,83.478,82.984,83.163,433933598960,0,Monday,0.028,0.0336
2005-08-30,83.231,83.394,82.874,83.204,437915700060,1,Tuesday,,
2005-08-31,83.285,83.539,83.011,83.422,432514800600,2,Wednesday,,
2005-09-01,83.478,83.859,83.312,83.68,430898300490,3,Thursday,,
2005-09-02,83.681,83.993,83.578,83.934,435263099850,4,Friday,,
2005-09-05,83.811,84.104,83.549,83.645,435303100230,0,Monday,-0.123,-0.1465
2005-09-06,83.693,84.212,83.592,84.128,428515799950,1,Tuesday,,
2005-09-07,84.141,84.644,83.908,84.22,430130300030,2,Wednesday,,
2005-09-08,84.246,85.404,84.137,85.335,434551099700,3,Thursday,,
2005-09-09,85.338,85.493,84.692,84.878,432923399660,4,Friday,,
2005-09-12,84.499,84.973,84.357,84.68,435726700460,0,Monday,-0.379,-0.4465
2005-09-13,84.837,85.265,84.64,84.926,431721199620,1,Tuesday,,
2005-09-14,84.962,85.221,84.775,85.072,430264699950,2,Wednesday,,
2005-09-15,85.123,85.171,84.536,84.752,433880599480,3,Thursday,,
2005-09-16,84.771,85.469,84.606,85.355,433996400260,4,Friday,,
2005-09-19,85.386,85.529,84.942,85.446,434812300410,0,Monday,0.031,0.0363
2005-09-20,85.487,85.961,85.238,85.68,435898800430,1,Tuesday,,
2005-09-21,85.767,86.014,85.6,85.733,437728400560,2,Wednesday,,
2005-09-22,85.806,86.022,85.002,85.145,434035800050,3,Thursday,,
2005-09-23,85.191,85.231,84.608,85.086,430445799850,4,Friday,,
2005-09-26,85.171,85.295,84.75,84.873,434065100140,0,Monday,0.085,0.0999
2005-09-27,84.917,85.662,84.761,85.534,434955399020,1,Tuesday,,
2005-09-28,85.618,85.972,85.341,85.717,429662799800,2,Wednesday,,
2005-09-29,85.785,86.025,85.556,85.765,432944299730,3,Thursday,,
2005-09-30,85.796,86.707,85.704,86.354,432451699670,4,Friday,,
2005-10-03,86.703,87.115,86.292,86.904,434312700250,0,Monday,0.349,0.4042
2005-10-04,86.966,87.301,86.871,87.212,430890399690,1,Tuesday,,
2005-10-05,87.208,87.272,85.962,86.136,432827499980,2,Wednesday,,
2005-10-06,86.205,86.498,85.696,85.771,435082899710,3,Thursday,,
2005-10-07,85.846,86.353,85.763,86.067,433047100100,4,Friday,,
2005-10-09,85.975,86.044,85.885,85.989,11793900060,6,Sunday,,
2005-10-10,86.002,86.738,85.918,86.499,435126599840,0,Monday,0.013,0.0151
2005-10-11,86.493,86.569,85.682,86.074,436219800660,1,Tuesday,,
2005-10-12,86.107,86.456,85.96,86.322,431308900090,2,Wednesday,,
2005-10-13,86.312,86.532,85.728,85.885,433978099600,3,Thursday,,
2005-10-14,85.952,86.276,85.544,85.72,426312500040,4,Friday,,
2005-10-16,85.78,86.096,85.78,86.041,12108100000,6,Sunday,,
2005-10-17,86.065,86.297,85.662,86.114,431979300450,0,Monday,0.024,0.0279
2005-10-18,86.127,86.586,86.022,86.402,430644100410,1,Tuesday,,
2005-10-19,86.428,86.708,86.206,86.548,438344200250,2,Wednesday,,
2005-10-20,86.581,87.045,86.448,86.695,436201999850,3,Thursday,,
2005-10-21,86.718,86.82,86.454,86.717,419414600240,4,Friday,,
2005-10-23,86.717,86.747,86.582,86.708,12022400070,6,Sunday,,
2005-10-24,86.714,86.771,86.232,86.663,434913599000,0,Monday,0.006,0.0069
2005-10-25,86.68,87.064,86.428,86.928,431311800390,1,Tuesday,,
2005-10-26,86.963,87.481,86.817,87.339,432474299380,2,Wednesday,,
2005-10-27,87.309,87.58,87.169,87.334,431320699960,3,Thursday,,
2005-10-28,87.361,87.445,86.511,86.63,418436400030,4,Friday,,
2005-10-31,86.709,87.16,86.494,87.032,437564700250,0,Monday,0.079,0.0912
2005-11-01,87.031,87.129,86.689,86.843,435029400480,1,Tuesday,,
2005-11-02,86.849,86.868,86.424,86.752,435623499440,2,Wednesday,,
2005-11-03,86.762,86.845,86.49,86.602,435412900330,3,Thursday,,
2005-11-04,86.614,86.981,86.31,86.692,433561699800,4,Friday,,
2005-11-07,86.488,86.735,85.973,86.214,432714899940,0,Monday,-0.204,-0.2353
2005-11-08,86.209,86.311,85.802,86.097,434437200570,1,Tuesday,,
2005-11-09,86.111,86.722,85.855,86.491,432473099670,2,Wednesday,,
2005-11-10,86.514,86.675,86.069,86.245,435142699900,3,Thursday,,
2005-11-11,86.264,86.485,86.011,86.422,438499100610,4,Friday,,
2005-11-14,86.367,86.795,86.281,86.346,434612500120,0,Monday,-0.055,-0.0636
2005-11-15,86.361,87.21,86.291,87.14,431352599380,1,Tuesday,,
2005-11-16,87.155,87.186,86.871,87.05,427001099580,2,Wednesday,,
2005-11-17,87.064,87.206,86.712,87.121,426851599510,3,Thursday,,
2005-11-18,87.13,87.41,86.963,87.33,423641699620,4,Friday,,
2005-11-21,87.358,87.67,87.158,87.59,424102199880,0,Monday,0.028,0.0321
2005-11-22,87.604,87.718,87.285,87.53,427360799760,1,Tuesday,,
2005-11-23,87.543,87.691,87.217,87.522,433027099710,2,Wednesday,,
2005-11-24,87.544,87.953,87.469,87.82,426817799650,3,Thursday,,
2005-11-25,87.817,88.12,87.627,87.92,423797899720,4,Friday,,
2005-11-28,87.805,88.215,87.646,88.079,423666700400,0,Monday,-0.115,-0.1308
2005-11-29,88.104,88.395,88.004,88.25,425547299780,1,Tuesday,,
2005-11-30,88.245,88.624,88.032,88.293,425481299500,2,Wednesday,,
2005-12-01,88.332,89.586,88.332,89.437,427974799930,3,Thursday,,
2005-12-02,89.457,90.292,89.285,90.15,426517099850,4,Friday,,
2005-12-05,90.385,90.876,90.218,90.77,430398799070,0,Monday,0.235,0.2607
2005-12-06,90.726,91.329,90.654,91.0,430177699980,1,Tuesday,,
2005-12-07,90.99,91.024,90.203,90.442,426825099800,2,Wednesday,,
2005-12-08,90.463,90.55,89.79,90.149,425133200300,3,Thursday,,
2005-12-09,90.166,90.658,90.115,90.473,425791800130,4,Friday,,
2005-12-12,90.362,90.934,90.249,90.421,426403399650,0,Monday,-0.111,-0.1227
2005-12-13,90.443,90.813,90.332,90.46,425033700380,1,Tuesday,,
2005-12-14,90.452,90.528,88.224,88.54,427630800490,2,Wednesday,,
2005-12-15,88.558,88.84,86.724,86.93,428114400090,3,Thursday,,
2005-12-16,86.921,87.032,85.896,85.96,425949699720,4,Friday,,
2005-12-19,86.033,86.913,85.782,85.87,427603299660,0,Monday,0.073,0.0849
2005-12-20,85.905,86.443,85.602,85.97,426306099890,1,Tuesday,,
2005-12-21,85.979,86.227,85.685,85.97,427413700540,2,Wednesday,,
2005-12-22,85.97,86.265,85.082,85.296,423974299280,3,Thursday,,
2005-12-23,85.29,85.382,84.472,84.63,420771099790,4,Friday,,
2005-12-26,84.756,85.226,84.579,84.945,440385600750,0,Monday,0.126,0.1489
2005-12-27,84.96,85.522,84.569,84.99,429430900500,1,Tuesday,,
2005-12-28,85.003,85.965,84.951,85.84,424153099900,2,Wednesday,,
2005-12-29,85.883,86.376,85.679,86.152,426353900940,3,Thursday,,
2005-12-30,86.145,86.62,85.882,86.38,423912700430,4,Friday,,
2006-01-02,86.241,86.269,86.158,86.241,423918001000,0,Monday,-0.139,-0.1609
2006-01-03,86.251,86.491,85.68,85.95,424834599540,1,Tuesday,,
2006-01-04,85.965,86.867,85.703,86.631,426315599610,2,Wednesday,,
2006-01-05,86.634,86.967,86.403,86.579,426001199830,3,Thursday,,
2006-01-06,86.578,86.823,85.951,86.26,423195799580,4,Friday,,
2006-01-09,86.247,86.331,85.625,86.31,426673600470,0,Monday,-0.013,-0.0151
2006-01-10,86.324,86.38,85.502,85.552,428823899800,1,Tuesday,,
2006-01-11,85.567,86.343,85.54,86.11,427551500130,2,Wednesday,,
2006-01-12,86.148,86.365,85.5,85.78,428725199840,3,Thursday,,
2006-01-13,85.793,86.255,85.736,86.16,425279200380,4,Friday,,
2006-01-16,86.126,86.724,86.037,86.66,426126799370,0,Monday,-0.034,-0.0395
2006-01-17,86.651,87.065,86.466,86.831,424495600100,1,Tuesday,,
2006-01-18,86.844,86.923,85.878,86.08,425881500090,2,Wednesday,,
2006-01-19,86.078,86.368,85.641,86.104,429910199380,3,Thursday,,
2006-01-20,86.109,86.616,86.028,86.16,426229199920,4,Friday,,
2006-01-23,86.251,86.481,85.969,86.13,432106299950,0,Monday,0.091,0.1056
2006-01-24,86.154,86.31,85.688,86.161,426543599230,1,Tuesday,,
2006-01-25,86.187,87.281,86.093,87.17,425031499500,2,Wednesday,,
2006-01-26,87.159,87.624,86.968,87.38,426553600140,3,Thursday,,
2006-01-27,87.366,88.163,87.257,87.86,428572099160,4,Friday,,
2006-01-30,87.868,88.304,87.673,87.991,427192299430,0,Monday,0.008,0.0091
2006-01-31,88.028,88.938,87.967,88.8,429866000400,1,Tuesday,,
2006-02-01,88.82,88.978,88.506,88.781,426831599970,2,Wednesday,,
2006-02-02,88.814,89.376,88.714,89.251,432127299940,3,Thursday,,
2006-02-03,89.246,89.337,88.889,88.943,424040800030,4,Friday,,
2006-02-06,89.03,89.098,88.155,88.22,428377000410,0,Monday,0.087,0.0978
2006-02-07,88.223,88.376,87.125,87.138,425003400320,1,Tuesday,,
2006-02-08,87.173,87.89,86.809,87.52,430253800300,2,Wednesday,,
2006-02-09,87.533,87.956,87.382,87.939,429071099530,3,Thursday,,
2006-02-10,87.93,88.072,86.573,86.87,427671099730,4,Friday,,
2006-02-13,86.799,87.184,86.526,86.78,427993298940,0,Monday,-0.071,-0.0817
2006-02-14,86.78,87.105,86.318,87.06,430262400650,1,Tuesday,,
2006-02-15,87.095,87.307,86.764,87.059,425995999470,2,Wednesday,,
2006-02-16,87.041,87.197,86.78,86.84,425059199900,3,Thursday,,
2006-02-17,86.865,87.46,86.838,87.32,425767599890,4,Friday,,
2006-02-20,87.323,87.689,87.19,87.61,426122600410,0,Monday,0.003,0.0034
2006-02-21,87.58,87.883,87.359,87.61,424678200200,1,Tuesday,,
2006-02-22,87.608,87.79,87.048,87.26,428973899890,2,Wednesday,,
2006-02-23,87.25,87.301,86.349,86.454,426336100550,3,Thursday,,
2006-02-24,86.475,86.603,85.973,86.33,430069700330,4,Friday,,
2006-02-27,86.31,86.474,85.481,85.6,427053099430,0,Monday,-0.02,-0.0232
2006-02-28,85.574,86.183,85.515,85.864,429305300100,1,Tuesday,,
2006-03-01,85.885,86.557,85.683,86.39,429062600110,2,Wednesday,,
2006-03-02,86.39,86.851,86.342,86.655,426917999380,3,Thursday,,
2006-03-03,86.671,86.887,86.397,86.77,425613999710,4,Friday,,
2006-03-06,86.606,87.337,86.512,87.0,428355699880,0,Monday,-0.164,-0.189
2006-03-07,87.015,87.053,86.25,86.39,426114099730,1,Tuesday,,
2006-03-08,86.415,86.643,86.064,86.489,430428900410,2,Wednesday,,
2006-03-09,86.486,86.873,86.225,86.72,428574899660,3,Thursday,,
2006-03-10,86.754,87.159,86.595,87.042,423664699360,4,Friday,,
2006-03-13,87.009,87.494,86.575,87.441,426694400000,0,Monday,-0.033,-0.0379
2006-03-14,87.407,87.443,86.26,86.643,428789800280,1,Tuesday,,
2006-03-15,86.655,86.932,86.502,86.699,425965000240,2,Wednesday,,
2006-03-16,86.72,86.909,85.917,86.13,427418299700,3,Thursday,,
2006-03-17,86.143,86.326,84.12,84.243,426461399490,4,Friday,,
2006-03-20,84.424,84.474,83.237,83.741,427224600660,0,Monday,0.181,0.2149
2006-03-21,83.809,84.085,83.408,83.98,430101299530,1,Tuesday,,
2006-03-22,83.997,84.31,83.667,84.04,424637600450,2,Wednesday,,
2006-03-23,84.037,84.281,83.673,84.191,425047100060,3,Thursday,,
2006-03-24,84.19,84.243,83.165,83.251,424912300330,4,Friday,,
2006-03-27,83.292,83.358,82.066,82.348,425406100290,0,Monday,0.041,0.0492
2006-03-28,82.343,83.204,82.132,83.12,422962600150,1,Tuesday,,
2006-03-29,83.117,83.332,82.582,83.162,428838000310,2,Wednesday,,
2006-03-30,83.147,83.975,83.061,83.757,431305899310,3,Thursday,,
2006-03-31,83.787,84.317,83.213,84.19,417259999470,4,Friday,,
2006-04-01,84.228,84.324,84.174,84.281,11132100010,5,Saturday,,
2006-04-03,84.306,84.996,83.809,84.15,428280299600,0,Monday,0.025,0.0297
2006-04-04,84.183,84.778,83.76,84.569,429033799900,1,Tuesday,,
2006-04-05,84.644,85.562,84.345,85.37,432685700450,2,Wednesday,,
2006-04-06,85.398,86.181,85.293,85.995,425167400890,3,Thursday,,
2006-04-07,86.058,86.27,85.676,85.77,428879000620,4,Friday,,
2006-04-10,85.702,86.47,85.641,86.29,427220300680,0,Monday,-0.068,-0.0793
2006-04-11,86.31,86.942,86.05,86.645,427899099980,1,Tuesday,,
2006-04-12,86.71,86.799,86.181,86.665,426556000280,2,Wednesday,,
2006-04-13,86.735,86.827,85.863,86.16,426221099890,3,Thursday,,
2006-04-14,86.262,86.486,86.104,86.265,420922100090,4,Friday,,
2006-04-17,86.383,86.958,86.053,86.724,428878699210,0,Monday,0.118,0.1368
2006-04-18,86.827,87.29,86.675,86.785,427777800120,1,Tuesday,,
2006-04-19,86.847,87.814,86.653,87.459,429501199680,2,Wednesday,,
2006-04-20,87.533,87.666,86.441,86.656,427148899430,3,Thursday,,
2006-04-21,86.723,87.146,86.424,86.63,423179399760,4,Friday,,
2006-04-24,86.424,86.518,85.011,85.184,436237299540,0,Monday,-0.206,-0.2378
2006-04-25,85.263,85.735,85.037,85.515,426593600190,1,Tuesday,,
2006-04-26,85.599,86.535,85.352,86.32,429078799650,2,Wednesday,,
2006-04-27,86.331,86.487,85.747,86.189,424043300680,3,Thursday,,
2006-04-28,86.256,86.625,86.001,86.314,425055700400,4,Friday,,
2006-05-01,86.305,86.336,85.709,86.05,430243399930,0,Monday,-0.009,-0.0104
2006-05-02,86.078,86.532,85.817,86.242,427788800400,1,Tuesday,,
2006-05-03,86.332,87.605,86.075,87.425,430992599180,2,Wednesday,,
2006-05-04,87.517,87.704,87.145,87.64,428612100290,3,Thursday,,
2006-05-05,87.665,87.735,86.472,86.83,427109399800,4,Friday,,
2006-05-08,86.724,86.753,85.6,85.744,426566799380,0,Monday,-0.106,-0.1221
2006-05-09,85.763,86.082,85.217,85.817,425574799960,1,Tuesday,,
2006-05-10,85.902,86.019,85.196,85.538,427108100090,2,Wednesday,,
2006-05-11,85.541,86.128,85.413,85.827,424672101100,3,Thursday,,
2006-05-12,85.853,85.87,84.725,84.9,427936900570,4,Friday,,
2006-05-15,84.927,84.945,83.585,84.004,425671399870,0,Monday,0.027,0.0318
2006-05-16,84.0,84.498,83.779,84.15,426111599710,1,Tuesday,,
2006-05-17,84.181,84.367,83.634,84.135,429124900030,2,Wednesday,,
2006-05-18,84.128,85.054,83.949,84.562,430956599230,3,Thursday,,
2006-05-19,84.632,85.232,84.17,84.557,425430000190,4,Friday,,
2006-05-22,84.64,84.645,83.701,83.925,426613600140,0,Monday,0.083,0.0982
2006-05-23,84.036,84.519,83.54,84.109,429700200150,1,Tuesday,,
2006-05-24,84.14,84.946,83.902,84.844,429365900240,2,Wednesday,,
2006-05-25,84.915,85.157,84.284,84.9,428480999720,3,Thursday,,
2006-05-26,84.937,85.465,84.481,85.299,425729599660,4,Friday,,
2006-05-29,85.36,85.445,84.434,85.193,420690199930,0,Monday,0.061,0.0715
2006-05-30,85.235,85.757,85.136,85.383,432367000570,1,Tuesday,,
2006-05-31,85.465,85.628,84.303,84.6,430467899270,2,Wednesday,,
2006-06-01,84.697,84.781,83.93,84.05,429763399480,3,Thursday,,
2006-06-02,84.059,84.424,83.505,83.922,424493299560,4,Friday,,
2006-06-05,84.01,84.186,83.485,83.916,426288600150,0,Monday,0.088,0.1049
2006-06-06,83.93,84.328,83.572,83.8,426722200230,1,Tuesday,,
2006-06-07,83.847,84.149,83.65,83.96,427380300150,2,Wednesday,,
2006-06-08,84.046,85.215,83.89,84.535,424528999700,3,Thursday,,
2006-06-09,84.6,85.413,84.399,85.16,427279099950,4,Friday,,
2006-06-12,85.187,85.605,85.113,85.29,425820700280,0,Monday,0.027,0.0317
2006-06-13,85.303,85.485,84.571,85.024,424444499960,1,Tuesday,,
2006-06-14,85.047,85.135,84.539,84.722,428139799360,2,Wednesday,,
2006-06-15,84.765,85.248,84.568,85.15,422509000040,3,Thursday,,
2006-06-16,85.195,85.403,84.818,84.941,427535900070,4,Friday,,
2006-06-19,85.02,85.35,84.807,84.975,421949799770,0,Monday,0.079,0.093
2006-06-20,85.047,85.179,84.618,84.745,423324499460,1,Tuesday,,
2006-06-21,84.745,84.97,84.321,84.899,425529399700,2,Wednesday,,
2006-06-22,84.945,85.29,84.736,85.085,421595899930,3,Thursday,,
2006-06-23,85.161,85.294,84.79,85.24,427354000260,4,Friday,,
2006-06-26,85.266,85.324,84.838,85.06,426117299790,0,Monday,0.026,0.0305
2006-06-27,85.101,85.448,84.991,85.062,430058000360,1,Tuesday,,
2006-06-28,85.118,85.206,84.513,84.88,426801500560,2,Wednesday,,
2006-06-29,84.906,85.13,84.659,84.995,424599699900,3,Thursday,,
2006-06-30,85.066,85.278,84.821,84.975,424147799480,4,Friday,,
2006-07-03,84.96,85.457,84.789,85.04,425896400070,0,Monday,-0.015,-0.0177
2006-07-04,85.053,85.573,84.989,85.43,425608099800,1,Tuesday,,
2006-07-05,85.463,85.916,85.358,85.776,429486100100,2,Wednesday,,
2006-07-06,85.825,85.935,85.024,85.83,423222900560,3,Thursday,,
2006-07-07,85.854,86.131,85.457,85.553,433420699120,4,Friday,,
2006-07-10,85.766,85.766,85.049,85.2,431095500030,0,Monday,0.213,0.249
2006-07-11,85.255,86.018,85.137,85.914,426319600030,1,Tuesday,,
2006-07-12,85.987,86.991,85.29,86.705,428533299860,2,Wednesday,,
2006-07-13,86.789,87.233,86.171,86.926,423438499930,3,Thursday,,
2006-07-14,87.0,87.751,86.67,87.349,424370400280,4,Friday,,
2006-07-17,87.427,87.814,87.28,87.584,425638000140,0,Monday,0.078,0.0893
2006-07-18,87.618,88.022,87.276,87.48,426049199750,1,Tuesday,,
2006-07-19,87.539,87.691,87.171,87.556,421066599930,2,Wednesday,,
2006-07-20,87.645,87.916,87.377,87.84,428689900610,3,Thursday,,
2006-07-21,87.862,87.916,87.134,87.322,427428400290,4,Friday,,
2006-07-24,87.378,88.155,87.298,87.912,430505000600,0,Monday,0.056,0.0641
2006-07-25,87.988,88.372,87.495,88.173,427132100100,1,Tuesday,,
2006-07-26,88.24,88.866,88.065,88.468,425447599910,2,Wednesday,,
2006-07-27,88.53,88.618,88.036,88.227,424525899690,3,Thursday,,
2006-07-28,88.295,88.412,87.686,87.91,426627899550,4,Friday,,
2006-07-31,87.955,87.993,87.256,87.755,427356499750,0,Monday,0.045,0.0512
2006-08-01,87.849,87.87,87.149,87.69,424373999750,1,Tuesday,,
2006-08-02,87.718,87.894,87.359,87.51,428075499820,2,Wednesday,,
2006-08-03,87.533,87.686,87.27,87.42,429435799910,3,Thursday,,
2006-08-04,87.465,87.81,87.282,87.463,428042199880,4,Friday,,
2006-08-07,87.763,87.901,87.392,87.786,421383499840,0,Monday,0.3,0.343
2006-08-08,87.842,87.891,87.233,87.582,429097700190,1,Tuesday,,
2006-08-09,87.608,88.375,87.308,88.21,440734200320,2,Wednesday,,
2006-08-10,88.255,88.687,88.087,88.332,432046799690,3,Thursday,,
2006-08-11,88.421,89.209,88.28,89.005,426544699550,4,Friday,,
2006-08-14,89.062,89.343,88.366,88.555,432722500210,0,Monday,0.057,0.064
2006-08-15,88.594,88.836,88.337,88.718,427078700090,1,Tuesday,,
2006-08-16,88.795,89.093,88.542,88.823,430924100470,2,Wednesday,,
2006-08-17,88.895,89.063,88.003,88.25,427087200040,3,Thursday,,
2006-08-18,88.275,88.391,87.645,87.87,425889400520,4,Friday,,
2006-08-21,88.008,88.538,87.706,88.375,427316899950,0,Monday,0.138,0.1571
2006-08-22,88.383,88.936,88.256,88.785,429028099250,1,Tuesday,,
2006-08-23,88.781,89.157,88.62,88.75,426077799750,2,Wednesday,,
2006-08-24,88.782,88.879,88.424,88.645,426448800250,3,Thursday,,
2006-08-25,88.694,89.166,88.531,88.735,427806400410,4,Friday,,
2006-08-28,88.698,89.0,88.547,88.915,428793799850,0,Monday,-0.037,-0.0417
2006-08-29,88.963,89.157,88.769,88.999,426752100160,1,Tuesday,,
2006-08-30,89.099,89.559,88.931,89.26,432325600520,2,Wednesday,,
2006-08-31,89.308,89.641,89.213,89.587,440182799610,3,Thursday,,
2006-09-01,89.635,89.835,89.233,89.671,436407800140,4,Friday,,
2006-09-04,89.761,89.846,89.245,89.378,431278299540,0,Monday,0.09,0.1004
2006-09-05,89.41,89.603,88.829,89.406,434912600480,1,Tuesday,,
2006-09-06,89.484,89.605,89.181,89.285,431815100260,2,Wednesday,,
2006-09-07,89.341,89.586,88.147,88.15,434582800220,3,Thursday,,
2006-09-08,88.225,88.703,87.766,88.065,431202200010,4,Friday,,
2006-09-11,88.071,88.477,87.724,88.318,433163500830,0,Monday,0.006,0.0068
2006-09-12,88.34,88.724,88.127,88.45,434737700730,1,Tuesday,,
2006-09-13,88.478,88.589,88.189,88.446,433980899920,2,Wednesday,,
2006-09-14,88.532,88.95,88.202,88.679,436229700300,3,Thursday,,
2006-09-15,88.731,88.874,88.236,88.406,431211999980,4,Friday,,
2006-09-18,88.445,89.136,88.16,89.045,432090400080,0,Monday,0.039,0.0441
2006-09-19,89.08,89.227,88.34,88.417,434988099900,1,Tuesday,,
2006-09-20,88.475,88.512,87.994,88.295,433279400830,2,Wednesday,,
2006-09-21,88.303,88.666,87.96,88.061,434484300210,3,Thursday,,
2006-09-22,88.092,88.123,87.231,87.319,435532900470,4,Friday,,
2006-09-25,87.562,87.825,87.232,87.717,440785200160,0,Monday,0.243,0.2783
2006-09-26,87.794,88.227,87.467,87.989,432399299600,1,Tuesday,,
2006-09-27,88.017,88.281,87.673,88.096,435401099870,2,Wednesday,,
2006-09-28,88.172,88.263,87.867,88.045,436072399940,3,Thursday,,
2006-09-29,88.11,88.258,87.661,88.045,431720899980,4,Friday,,
2006-10-01,88.058,88.058,87.866,87.947,11624400030,6,Sunday,,
2006-10-02,87.968,88.193,87.796,88.006,438568199500,0,Monday,0.021,0.0239
2006-10-03,88.033,88.057,87.486,87.62,430514700000,1,Tuesday,,
2006-10-04,87.621,87.962,87.56,87.795,434075200030,2,Wednesday,,
2006-10-05,87.786,87.932,87.549,87.747,432202800720,3,Thursday,,
2006-10-06,87.758,88.391,87.706,88.3,424065000000,4,Friday,,
2006-10-08,88.287,88.377,88.216,88.287,11468800030,6,Sunday,,
2006-10-09,88.303,88.755,88.079,88.599,436575600390,0,Monday,0.016,0.0181
2006-10-10,88.591,89.151,88.464,88.944,434716199570,1,Tuesday,,
2006-10-11,88.953,89.176,88.683,88.781,430992300680,2,Wednesday,,
2006-10-12,88.824,89.744,88.729,89.68,435962799890,3,Thursday,,
2006-10-13,89.687,89.942,89.458,89.766,422945399730,4,Friday,,
2006-10-15,89.826,89.869,89.692,89.799,11915000020,6,Sunday,,
2006-10-16,89.838,89.89,89.433,89.634,435328500460,0,Monday,0.039,0.0434
2006-10-17,89.672,89.853,89.091,89.102,438617599980,1,Tuesday,,
2006-10-18,89.133,89.82,89.087,89.769,433711800480,2,Wednesday,,
2006-10-19,89.8,89.863,89.461,89.625,432196600280,3,Thursday,,
2006-10-20,89.656,90.081,89.616,89.959,426178299930,4,Friday,,
2006-10-22,90.041,90.096,89.915,89.988,12353900010,6,Sunday,,
2006-10-23,90.023,90.461,89.844,90.286,435393999910,0,Monday,0.035,0.0389
2006-10-24,90.295,90.564,90.204,90.537,433556300510,1,Tuesday,,
2006-10-25,90.535,90.821,90.366,90.494,433542299890,2,Wednesday,,
2006-10-26,90.513,90.729,90.292,90.401,436643899980,3,Thursday,,
2006-10-27,90.418,90.81,90.111,90.235,421127100620,4,Friday,,
2006-10-30,90.198,90.417,90.04,90.315,429399899960,0,Monday,-0.037,-0.041
2006-10-31,90.347,90.661,90.237,90.452,434401100150,1,Tuesday,,
2006-11-01,90.454,90.79,90.313,90.623,432824800680,2,Wednesday,,
2006-11-02,90.602,90.783,90.19,90.648,434125899460,3,Thursday,,
2006-11-03,90.664,90.939,90.377,90.781,432435901660,4,Friday,,
2006-11-06,90.837,91.273,90.657,91.127,433043300010,0,Monday,0.056,0.0617
2006-11-07,91.134,91.26,90.836,91.013,432505699790,1,Tuesday,,
2006-11-08,91.028,91.132,90.363,90.744,429135899960,2,Wednesday,,
2006-11-09,90.728,90.82,90.151,90.466,436985899570,3,Thursday,,
2006-11-10,90.456,90.666,89.949,90.145,430621699790,4,Friday,,
2006-11-13,90.164,90.192,89.742,89.982,433400499570,0,Monday,0.019,0.0211
2006-11-14,89.987,90.162,89.74,89.986,432566800720,1,Tuesday,,
2006-11-15,89.996,90.354,89.861,90.257,430835900010,2,Wednesday,,
2006-11-16,90.239,90.836,90.014,90.529,432206199340,3,Thursday,,
2006-11-17,90.533,90.768,90.213,90.472,431955000600,4,Friday,,
2006-11-20,90.615,90.986,90.444,90.891,435876900380,0,Monday,0.143,0.1581
2006-11-21,90.866,90.944,90.633,90.926,435458099940,1,Tuesday,,
2006-11-22,90.905,90.929,90.162,90.469,435498199480,2,Wednesday,,
2006-11-23,90.459,90.502,89.847,89.894,433459399790,3,Thursday,,
2006-11-24,89.889,90.291,89.83,90.209,431781099790,4,Friday,,
2006-11-27,90.256,90.527,90.015,90.271,431010500540,0,Monday,0.047,0.0521
2006-11-28,90.268,91.065,90.18,90.951,431993700070,1,Tuesday,,
2006-11-29,90.97,91.255,90.418,91.102,421151499890,2,Wednesday,,
2006-11-30,91.122,91.578,90.976,91.293,430305399470,3,Thursday,,
2006-12-01,91.32,91.834,90.794,90.992,433827600110,4,Friday,,
2006-12-04,91.077,91.14,90.619,90.958,429941399680,0,Monday,0.085,0.0934
2006-12-05,90.978,91.077,90.024,90.323,430716900420,1,Tuesday,,
2006-12-06,90.305,90.686,90.084,90.373,432018899490,2,Wednesday,,
2006-12-07,90.359,91.061,90.302,90.909,434055098860,3,Thursday,,
2006-12-08,90.915,91.525,90.665,91.311,429678399930,4,Friday,,
2006-12-11,91.308,91.78,91.106,91.751,431979500200,0,Monday,-0.003,-0.0033
2006-12-12,91.749,92.004,91.555,91.845,433832999700,1,Tuesday,,
2006-12-13,91.841,92.433,91.739,92.281,433927300160,2,Wednesday,,
2006-12-14,92.264,92.448,91.85,92.195,431345400120,3,Thursday,,
2006-12-15,92.198,92.423,91.936,92.289,434611099580,4,Friday,,
2006-12-18,92.139,92.362,91.85,92.113,436564300210,0,Monday,-0.15,-0.1625
2006-12-19,92.103,92.594,91.928,92.569,434625199840,1,Tuesday,,
2006-12-20,92.551,93.17,92.392,93.034,435513700100,2,Wednesday,,
2006-12-21,92.98,93.122,92.584,92.746,433692200210,3,Thursday,,
2006-12-22,92.731,93.19,92.626,93.084,432946899920,4,Friday,,
2006-12-25,93.075,95.797,92.618,92.992,433907199780,0,Monday,-0.009,-0.0097
2006-12-26,93.062,93.499,92.923,93.007,434917900140,1,Tuesday,,
2006-12-27,93.02,93.337,92.718,93.173,439421100110,2,Wednesday,,
2006-12-28,93.157,94.045,92.986,94.034,434395100350,3,Thursday,,
2006-12-29,93.995,94.166,93.516,93.868,435243200180,4,Friday,,
2007-01-01,93.91,94.383,93.46,93.894,427167700790,0,Monday,0.042,0.0447
2007-01-02,93.925,94.641,93.741,94.566,438739200450,1,Tuesday,,
2007-01-03,94.542,94.952,94.34,94.398,433426499860,2,Wednesday,,
2007-01-04,94.375,94.562,93.216,93.331,434455100000,3,Thursday,,
2007-01-05,93.319,93.347,92.253,92.352,431677199930,4,Friday,,
2007-01-08,92.405,92.702,91.999,92.581,436346800390,0,Monday,0.053,0.0574
2007-01-09,92.596,93.377,92.559,93.152,431385400220,1,Tuesday,,
2007-01-10,93.11,93.251,92.71,92.953,431203300480,2,Wednesday,,
2007-01-11,92.952,94.272,92.78,94.042,430329200520,3,Thursday,,
2007-01-12,94.041,94.317,93.721,94.262,433148600510,4,Friday,,
2007-01-15,94.37,94.662,94.161,94.367,431042099620,0,Monday,0.108,0.1146
2007-01-16,94.364,94.655,94.106,94.395,431029301010,1,Tuesday,,
2007-01-17,94.415,94.932,94.221,94.817,428693699970,2,Wednesday,,
2007-01-18,94.817,95.764,94.728,95.663,433148699330,3,Thursday,,
2007-01-19,95.671,95.848,95.259,95.707,426712600630,4,Friday,,
2007-01-22,95.654,96.139,95.506,95.758,430485000490,0,Monday,-0.053,-0.0554
2007-01-23,95.773,96.408,95.7,96.397,429763399660,1,Tuesday,,
2007-01-24,96.404,96.426,94.16,94.609,433421300000,2,Wednesday,,
2007-01-25,94.607,94.663,93.532,93.698,433146899560,3,Thursday,,
2007-01-26,93.69,94.165,93.61,93.967,429629299330,4,Friday,,
2007-01-29,93.949,94.52,93.797,93.986,429162700320,0,Monday,-0.018,-0.0192
2007-01-30,93.999,94.315,93.603,93.905,434397600280,1,Tuesday,,
2007-01-31,93.894,94.003,93.335,93.703,429436899040,2,Wednesday,,
2007-02-01,93.742,93.855,93.137,93.475,433705999870,3,Thursday,,
2007-02-02,93.472,93.878,93.122,93.771,435367200400,4,Friday,,
2007-02-05,93.735,93.799,93.225,93.26,428190399510,0,Monday,-0.036,-0.0384
2007-02-06,93.282,93.611,93.032,93.34,435166699830,1,Tuesday,,
2007-02-07,93.353,94.004,93.168,93.913,429247199810,2,Wednesday,,
2007-02-08,93.945,94.702,93.756,94.516,429819599540,3,Thursday,,
2007-02-09,94.541,94.781,94.162,94.413,433804000610,4,Friday,,
2007-02-12,94.484,94.835,93.873,94.051,438089500910,0,Monday,0.071,0.0752
2007-02-13,94.035,94.509,93.652,94.433,431064199890,1,Tuesday,,
2007-02-14,94.429,94.863,94.264,94.628,430837199960,2,Wednesday,,
2007-02-15,94.633,94.635,93.379,93.519,433173000220,3,Thursday,,
2007-02-16,93.517,93.95,93.352,93.913,431705699790,4,Friday,,
2007-02-19,93.924,94.205,93.717,93.957,434832100680,0,Monday,0.011,0.0117
2007-02-20,93.976,94.571,93.928,94.34,433349800080,1,Tuesday,,
2007-02-21,94.34,95.744,94.113,95.69,433935199640,2,Wednesday,,
2007-02-22,95.665,95.922,95.348,95.89,433698901040,3,Thursday,,
2007-02-23,95.884,95.924,95.637,95.786,431959399990,4,Friday,,
2007-02-26,95.713,95.867,95.362,95.676,432159599730,0,Monday,-0.073,-0.0762
2007-02-27,95.678,95.83,92.613,92.827,430516999730,1,Tuesday,,
2007-02-28,92.827,93.612,92.734,93.346,428527698990,2,Wednesday,,
2007-03-01,93.353,93.552,91.715,92.23,431717500370,3,Thursday,,
2007-03-02,92.23,92.54,91.171,91.312,429542099860,4,Friday,,
2007-03-05,91.207,91.28,88.917,88.931,429905599890,0,Monday,-0.105,-0.115
2007-03-06,88.935,90.436,88.458,90.31,429166800390,1,Tuesday,,
2007-03-07,90.312,90.839,89.96,90.13,428192999450,2,Wednesday,,
2007-03-08,90.121,91.27,89.597,91.003,432006900010,3,Thursday,,
2007-03-09,91.005,92.406,90.971,92.241,428387300390,4,Friday,,
2007-03-11,92.308,92.473,92.282,92.413,11944299980,6,Sunday,,
2007-03-12,92.41,92.708,91.558,92.404,429010899470,0,Monday,-0.003,-0.0032
2007-03-13,92.422,92.604,90.506,90.727,427565999190,1,Tuesday,,
2007-03-14,90.739,92.113,90.41,92.003,417293999960,2,Wednesday,,
2007-03-15,91.999,92.871,91.857,92.663,419903800370,3,Thursday,,
2007-03-16,92.672,93.234,92.249,92.862,405530099710,4,Friday,,
2007-03-18,92.825,92.86,92.397,92.441,10486900060,6,Sunday,,
2007-03-19,92.454,94.2,92.241,94.167,434466299670,0,Monday,0.013,0.0141
2007-03-20,94.135,94.425,93.59,94.127,435922600550,1,Tuesday,,
2007-03-21,94.125,95.075,93.889,94.912,418061800420,2,Wednesday,,
2007-03-22,94.899,95.375,94.493,95.093,418784799870,3,Thursday,,
2007-03-23,95.064,95.305,94.622,94.982,402499200170,4,Friday,,
2007-03-25,95.078,95.141,94.855,94.863,12886899920,6,Sunday,,
2007-03-26,94.866,95.658,94.626,95.632,225170500550,0,Monday,0.003,0.0032
2007-03-27,95.618,95.77,94.942,95.132,207370000060,1,Tuesday,,
2007-03-28,95.093,95.287,93.792,94.142,199494399790,2,Wednesday,,
2007-03-29,94.123,95.354,94.035,95.289,216227100220,3,Thursday,,
2007-03-30,95.291,95.63,94.847,95.22,250140400230,4,Friday,,
2007-04-02,95.159,96.31,94.99,96.27,530543800060,0,Monday,-0.061,-0.0641
2007-04-03,96.28,96.78,95.98,96.705,462784499790,1,Tuesday,,
2007-04-04,96.69,97.21,95.72,97.16,242336399660,2,Wednesday,,
2007-04-05,97.16,97.45,96.845,97.295,198196099790,3,Thursday,,
2007-04-06,97.27,97.565,97.083,97.265,172268599940,4,Friday,,
2007-04-09,97.288,97.54,97.233,97.43,100832999990,0,Monday,0.023,0.0236
2007-04-10,97.415,98.44,97.275,98.4,209189247070,1,Tuesday,,
2007-04-11,98.39,98.645,97.995,98.395,188268900130,2,Wednesday,,
2007-04-12,98.38,98.76,98.175,98.73,198960231910,3,Thursday,,
2007-04-13,98.724,99.39,98.3,99.34,213429100050,4,Friday,,
2007-04-16,99.455,99.91,99.195,99.68,189877600120,0,Monday,0.115,0.1158
2007-04-17,99.68,100.03,99.11,99.52,294246200070,1,Tuesday,,
2007-04-18,99.52,99.57,98.35,99.45,336193200210,2,Wednesday,,
2007-04-19,99.45,99.47,97.42,98.98,349716100210,3,Thursday,,
2007-04-20,98.98,99.48,98.77,99.32,253052899790,4,Friday,,
2007-04-23,99.388,99.53,98.51,98.69,269357700080,0,Monday,0.068,0.0685
2007-04-24,98.69,98.82,97.44,98.12,348446100210,1,Tuesday,,
2007-04-25,98.11,98.99,97.991,98.92,267309600120,2,Wednesday,,
2007-04-26,98.9,99.22,98.53,98.79,326577162220,3,Thursday,,
2007-04-27,98.79,99.46,98.44,99.26,314301799910,4,Friday,,
2007-04-30,99.014,99.485,98.65,99.18,272064699800,0,Monday,-0.246,-0.2478
2007-05-01,99.19,99.465,98.925,99.13,339522100250,1,Tuesday,,
2007-05-02,99.13,99.25,98.52,99.07,521144399660,2,Wednesday,,
2007-05-03,99.09,99.26,98.84,99.2,424597700190,3,Thursday,,
2007-05-04,99.21,99.23,98.29,98.71,416190099480,4,Friday,,
2007-05-07,98.63,99.1,98.489,99.03,335175000440,0,Monday,-0.08,-0.081
2007-05-08,99.02,99.59,98.892,99.5,647608999230,1,Tuesday,,
2007-05-09,99.5,99.51,99.045,99.37,732523399840,2,Wednesday,,
2007-05-10,99.36,100.35,99.03,99.11,798695426110,3,Thursday,,
2007-05-11,99.12,100.11,98.57,99.88,928275200500,4,Friday,,
2007-05-14,99.99,100.43,99.887,100.13,610735100400,0,Monday,0.11,0.1101
2007-05-15,100.13,100.44,99.86,100.27,695107800570,1,Tuesday,,
2007-05-16,100.27,100.33,99.392,99.58,731450699360,2,Wednesday,,
2007-05-17,99.58,100.03,99.405,99.9,740707099970,3,Thursday,,
2007-05-18,99.87,99.99,99.16,99.63,736858900300,4,Friday,,
2007-05-21,99.856,99.92,99.4,99.82,628147599570,0,Monday,0.226,0.2268
2007-05-22,99.82,99.95,99.501,99.55,673907618470,1,Tuesday,,
2007-05-23,99.55,100.37,99.497,100.19,855648598700,2,Wednesday,,
2007-05-24,100.19,100.19,99.23,99.35,881771934660,3,Thursday,,
2007-05-25,99.35,99.89,98.93,99.57,801463280750,4,Friday,,
2007-05-28,99.615,99.762,99.554,99.74,343382500240,0,Monday,0.045,0.0452
2007-05-29,99.74,99.93,99.11,99.6,917325999630,1,Tuesday,,
2007-05-30,99.59,100.2,99.12,100.15,915819800090,2,Wednesday,,
2007-05-31,100.15,100.92,99.81,100.75,838053199500,3,Thursday,,
2007-06-01,100.75,101.68,100.64,101.665,617791100450,4,Friday,,
2007-06-04,101.627,101.785,101.23,101.58,735624100100,0,Monday,-0.038,-0.0374
2007-06-05,101.56,102.08,101.26,101.62,906850399740,1,Tuesday,,
2007-06-06,101.62,102.44,101.49,101.8,1193634901600,2,Wednesday,,
2007-06-07,101.79,102.85,101.55,101.66,1011808299920,3,Thursday,,
2007-06-08,101.64,102.85,101.32,102.79,1410622498560,4,Friday,,
2007-06-11,102.73,102.81,102.07,102.69,999228099370,0,Monday,-0.06,-0.0584
2007-06-12,102.67,102.81,102.22,102.22,1027305600300,1,Tuesday,,
2007-06-13,102.21,103.13,102.02,103.1,1265458271450,2,Wednesday,,
2007-06-14,103.13,103.17,102.53,102.71,958294901460,3,Thursday,,
2007-06-15,102.71,103.95,102.629,103.93,900153100300,4,Friday,,
2007-06-18,103.688,104.37,103.637,104.19,862015599830,0,Monday,-0.242,-0.2328
2007-06-19,104.18,104.49,104.07,104.42,946469999050,1,Tuesday,,
2007-06-20,104.41,104.68,104.22,104.31,969550899760,2,Wednesday,,
2007-06-21,104.32,104.83,104.02,104.82,866294499970,3,Thursday,,
2007-06-22,104.82,105.37,104.699,104.91,852493499810,4,Friday,,
2007-06-25,104.908,105.26,104.45,104.76,909996099050,0,Monday,-0.002,-0.0019
2007-06-26,104.74,104.84,104.06,104.21,1197592649680,1,Tuesday,,
2007-06-27,104.19,104.24,102.185,102.98,1656780000690,2,Wednesday,,
2007-06-28,102.95,104.31,102.89,104.23,1324981301140,3,Thursday,,
2007-06-29,104.23,105.06,104.14,104.57,1139460001600,4,Friday,,
2007-07-02,104.492,105.19,104.424,105.07,1126230399060,0,Monday,-0.078,-0.0746
2007-07-03,105.07,105.175,104.42,104.61,1196161599530,1,Tuesday,,
2007-07-04,104.61,105.28,104.51,105.2,817787100030,2,Wednesday,,
2007-07-05,105.19,105.46,104.96,105.22,1085869398640,3,Thursday,,
2007-07-06,105.2,105.86,105.138,105.79,1038291500470,4,Friday,,
2007-07-09,105.757,106.29,105.679,106.05,900711899690,0,Monday,-0.033,-0.0312
2007-07-10,106.05,106.18,104.91,104.91,1339370498780,1,Tuesday,,
2007-07-11,104.91,105.66,103.7,105.61,1645465398150,2,Wednesday,,
2007-07-12,105.62,106.05,104.96,106.03,1482912299790,3,Thursday,,
2007-07-13,106.02,106.36,105.83,106.19,1378153400580,4,Friday,,
2007-07-16,106.215,106.56,105.875,106.24,1144767798990,0,Monday,0.025,0.0235
2007-07-17,106.24,106.89,106.095,106.74,1180109645000,1,Tuesday,,
2007-07-18,106.73,107.27,106.335,106.99,1476512999220,2,Wednesday,,
2007-07-19,106.99,107.51,106.81,107.33,1173178700870,3,Thursday,,
2007-07-20,107.32,107.72,106.03,106.72,1368376299270,4,Friday,,
2007-07-23,106.939,107.31,106.21,106.9,849736199770,0,Monday,0.219,0.2052
2007-07-24,106.94,107.04,105.72,106.04,1400986500700,1,Tuesday,,
2007-07-25,106.04,106.72,105.345,106.42,1662910499470,2,Wednesday,,
2007-07-26,106.428,106.83,103.14,103.36,1659794200700,3,Thursday,,
2007-07-27,103.36,104.56,100.82,101.0,1690084728340,4,Friday,,
2007-07-30,100.798,102.13,99.97,101.92,1410037899520,0,Monday,-0.202,-0.2
2007-07-31,101.92,102.83,100.79,100.99,1540527903150,1,Tuesday,,
2007-08-01,100.97,101.82,99.44,101.78,1802963899480,2,Wednesday,,
2007-08-02,101.75,102.63,100.51,102.31,1097716999820,3,Thursday,,
2007-08-03,102.33,102.415,100.68,100.86,1147314599020,4,Friday,,
2007-08-06,100.357,102.21,99.84,102.02,1036794100860,0,Monday,-0.503,-0.4987
2007-08-07,102.0,102.14,100.435,101.52,1219153399900,1,Tuesday,,
2007-08-08,101.54,103.415,101.33,103.2,1220163812010,2,Wednesday,,
2007-08-09,103.2,103.65,100.32,100.38,1263000899190,3,Thursday,,
2007-08-10,100.37,100.68,98.51,99.86,1464087900980,4,Friday,,
2007-08-13,99.917,100.54,99.05,99.56,1237762400160,0,Monday,0.057,0.0571
2007-08-14,99.56,99.63,98.07,98.08,1475325899760,1,Tuesday,,
2007-08-15,98.06,98.16,95.56,95.56,1755165500730,2,Wednesday,,
2007-08-16,95.59,95.59,87.77,90.05,1863546100000,3,Thursday,,
2007-08-17,90.06,91.75,85.96,91.15,1337659901230,4,Friday,,
2007-08-20,90.905,93.19,90.26,92.58,1220694799280,0,Monday,-0.245,-0.2688
2007-08-21,92.58,92.92,90.93,91.68,1163831698720,1,Tuesday,,
2007-08-22,91.71,93.16,90.86,93.0,1334016400850,2,Wednesday,,
2007-08-23,93.0,95.98,92.97,95.37,2060242811840,3,Thursday,,
2007-08-24,95.36,96.32,94.39,96.28,1517162004500,4,Friday,,
2007-08-27,96.307,97.02,95.88,95.88,1129687439470,0,Monday,0.027,0.028
2007-08-28,95.886,95.92,93.12,93.15,1940896384950,1,Tuesday,,
2007-08-29,93.17,95.585,91.73,95.42,1994954378280,2,Wednesday,,
2007-08-30,95.42,95.71,93.64,94.48,1521608156310,3,Thursday,,
2007-08-31,94.48,96.11,93.8,94.73,1252738895880,4,Friday,,
2007-09-03,94.45,95.57,94.325,95.4,740725577330,0,Monday,-0.28,-0.2956
2007-09-04,95.43,96.2,94.89,95.89,1374396400180,1,Tuesday,,
2007-09-05,95.88,96.46,94.33,94.67,920585313600,2,Wednesday,,
2007-09-06,94.66,95.67,94.05,95.64,1132251087030,3,Thursday,,
2007-09-07,95.65,95.9,93.1,93.66,1242906469200,4,Friday,,
2007-09-10,93.463,94.11,92.19,93.88,755995263700,0,Monday,-0.197,-0.2103
2007-09-11,93.86,95.41,93.39,95.36,1334639698510,1,Tuesday,,
2007-09-12,95.36,96.33,94.98,96.08,1470646110760,2,Wednesday,,
2007-09-13,96.09,97.18,95.73,96.45,1101962566450,3,Thursday,,
2007-09-14,96.45,97.22,95.55,97.07,787003911790,4,Friday,,
2007-09-16,96.92,97.058,96.91,97.01,8345799970,6,Sunday,,
2007-09-17,97.01,97.54,95.51,95.83,647065109150,0,Monday,0.0,0.0
2007-09-18,95.835,99.125,94.985,98.805,879559125380,1,Tuesday,,
2007-09-19,98.8,99.66,98.2,99.2,846155735080,2,Wednesday,,
2007-09-20,99.2,99.86,98.5,98.915,996530397280,3,Thursday,,
2007-09-21,98.915,100.16,98.85,100.04,696163075490,4,Friday,,
2007-09-23,99.961,100.12,99.94,100.07,22387799970,6,Sunday,,
2007-09-24,100.05,100.13,99.36,99.69,615769942100,0,Monday,-0.02,-0.02
2007-09-25,99.69,100.27,98.4,100.14,1236816872710,1,Tuesday,,
2007-09-26,100.14,101.36,99.87,101.19,1081956758200,2,Wednesday,,
2007-09-27,101.16,101.96,100.96,101.61,1013221019560,3,Thursday,,
2007-09-28,101.63,101.99,101.2,101.9,1356948257390,4,Friday,,
2007-09-30,101.895,101.947,101.858,101.924,43169000030,6,Sunday,,
2007-10-01,101.902,103.62,101.86,103.48,1138432499920,0,Monday,-0.022,-0.0216
2007-10-02,103.47,103.625,101.63,101.885,1187554975190,1,Tuesday,,
2007-10-03,101.89,103.83,101.88,102.975,1256567540470,2,Wednesday,,
2007-10-04,102.98,103.65,102.42,103.32,1122949353640,3,Thursday,,
2007-10-05,103.32,105.2,103.24,104.95,1082195725370,4,Friday,,
2007-10-07,105.151,105.39,105.096,105.39,23279200050,6,Sunday,,
2007-10-08,105.39,105.78,104.654,104.8,722995692340,0,Monday,0.0,0.0
2007-10-09,104.805,105.57,104.37,105.475,989792413240,1,Tuesday,,
2007-10-10,105.48,105.63,104.72,105.1,1112455442290,2,Wednesday,,
2007-10-11,105.1,106.64,104.957,105.67,1319118154350,3,Thursday,,
2007-10-12,105.67,106.47,104.95,106.36,1137730560290,4,Friday,,
2007-10-14,106.286,106.51,106.286,106.39,28742499990,6,Sunday,,
2007-10-15,106.39,106.87,104.985,105.72,1142160730900,0,Monday,0.0,0.0
2007-10-16,105.72,105.76,102.765,103.96,1225980682210,1,Tuesday,,
2007-10-17,103.96,104.93,102.585,103.945,936859167720,2,Wednesday,,
2007-10-18,103.945,104.35,102.715,103.385,654117053250,3,Thursday,,
2007-10-19,103.385,103.815,101.905,101.905,840775449670,4,Friday,,
2007-10-21,101.42,101.5,101.095,101.24,22354200080,6,Sunday,,
2007-10-22,101.21,101.81,99.365,101.56,1254052428640,0,Monday,-0.03,-0.0296
2007-10-23,101.56,103.31,101.24,102.96,1770309894660,1,Tuesday,,
2007-10-24,102.97,103.85,101.85,103.12,1567743060620,2,Wednesday,,
2007-10-25,103.12,103.925,102.63,103.725,1614286312260,3,Thursday,,
2007-10-26,103.725,104.98,103.415,104.805,1563308845880,4,Friday,,
2007-10-28,104.894,105.11,104.822,104.861,56177800000,6,Sunday,,
2007-10-29,104.84,106.01,104.714,105.78,1438047630060,0,Monday,-0.021,-0.02
2007-10-30,105.78,105.94,104.65,105.33,1579460797480,1,Tuesday,,
2007-10-31,105.33,107.86,105.285,107.36,1674710909470,2,Wednesday,,
2007-11-01,107.36,107.83,104.3,104.465,1710789058870,3,Thursday,,
2007-11-02,104.465,106.515,104.435,105.995,1492440157590,4,Friday,,
2007-11-05,105.714,105.935,104.525,105.415,1205601857010,0,Monday,-0.281,-0.2651
2007-11-06,105.415,106.62,105.21,106.515,585015348190,1,Tuesday,,
2007-11-07,106.515,107.18,104.45,104.475,824471517620,2,Wednesday,,
2007-11-08,104.475,105.51,103.145,104.325,842874149840,3,Thursday,,
2007-11-09,104.325,105.075,100.665,100.832,827781939600,4,Friday,,
2007-11-12,99.81,100.545,95.76,95.78,1945283362080,0,Monday,-1.022,-1.0136
2007-11-13,95.78,99.605,95.6,99.285,2768007400580,1,Tuesday,,
2007-11-14,99.255,101.105,99.125,99.6,2346328598760,2,Wednesday,,
2007-11-15,99.6,100.43,97.595,97.66,1859486749780,3,Thursday,,
2007-11-16,97.61,99.435,96.895,99.137,1703878058700,4,Friday,,
2007-11-19,99.33,99.905,96.89,97.01,1074366299540,0,Monday,0.193,0.1947
2007-11-20,97.01,98.49,96.06,98.11,1050122138650,1,Tuesday,,
2007-11-21,98.09,98.35,93.665,94.35,862094299820,2,Wednesday,,
2007-11-22,94.34,95.875,94.005,94.45,572420105540,3,Thursday,,
2007-11-23,94.45,95.104,93.55,94.945,729587610340,4,Friday,,
2007-11-26,95.397,96.375,92.995,93.4,729578949790,0,Monday,0.452,0.4761
2007-11-27,93.43,95.865,93.19,95.58,683869419100,1,Tuesday,,
2007-11-28,95.58,98.19,94.695,97.84,581104699960,2,Wednesday,,
2007-11-29,97.84,97.89,96.19,96.84,682599000470,3,Thursday,,
2007-11-30,96.84,98.67,96.67,98.281,664306099920,4,Friday,,
2007-12-03,98.02,98.235,97.145,97.24,665842657160,0,Monday,-0.261,-0.2656
2007-12-04,97.24,97.35,95.515,95.96,858082575270,1,Tuesday,,
2007-12-05,95.96,96.83,95.26,96.42,901409599490,2,Wednesday,,
2007-12-06,96.43,97.84,96.305,97.8,367636950210,3,Thursday,,
2007-12-07,97.79,98.5,97.375,97.786,284157699920,4,Friday,,
2007-12-10,97.356,98.965,97.23,98.79,440890200310,0,Monday,-0.43,-0.4397
2007-12-11,98.8,99.43,96.28,96.57,410131400160,1,Tuesday,,
2007-12-12,96.59,100.06,96.49,99.06,720689051060,2,Wednesday,,
2007-12-13,99.07,99.335,97.85,98.26,604230400410,3,Thursday,,
2007-12-14,98.26,98.87,97.205,97.438,505778699580,4,Friday,,
2007-12-17,97.853,97.93,96.625,96.78,599183299920,0,Monday,0.415,0.4259
2007-12-18,96.77,98.01,96.58,97.53,268020149740,1,Tuesday,,
2007-12-19,97.52,97.845,96.94,97.39,242031550160,2,Wednesday,,
2007-12-20,97.39,97.45,96.735,97.12,330562299500,3,Thursday,,
2007-12-21,97.14,99.075,97.03,98.865,326690900600,4,Friday,,
2007-12-24,99.016,99.672,98.83,99.529,42630999950,0,Monday,0.151,0.1527
2007-12-25,99.575,99.597,99.027,99.364,158620500080,1,Tuesday,,
2007-12-26,99.361,99.95,99.154,99.91,182487650130,2,Wednesday,,
2007-12-27,99.91,100.165,99.57,99.78,426098100350,3,Thursday,,
2007-12-28,99.79,99.99,98.22,98.32,235999949970,4,Friday,,
2007-12-31,98.624,98.784,97.435,97.718,320188600100,0,Monday,0.304,0.3092
2008-01-01,97.693,97.884,97.357,97.768,42782400030,1,Tuesday,,
2008-01-02,97.748,99.09,96.17,96.83,287241850290,2,Wednesday,,
2008-01-03,96.83,97.06,95.115,96.19,279946349640,3,Thursday,,
2008-01-04,96.19,96.635,94.296,94.617,267030499610,4,Friday,,
2008-01-07,94.53,95.96,94.44,95.24,314715750470,0,Monday,-0.087,-0.0919
2008-01-08,95.23,96.95,94.985,95.64,415409449810,1,Tuesday,,
2008-01-09,95.64,97.23,95.59,97.13,1247135450670,2,Wednesday,,
2008-01-10,97.13,98.36,96.6,97.85,2048767000850,3,Thursday,,
2008-01-11,97.85,98.29,96.775,96.917,1094733000280,4,Friday,,
2008-01-14,96.553,97.59,96.495,97.27,557022900820,0,Monday,-0.364,-0.3756
2008-01-15,97.27,97.4,94.01,94.02,358217599660,1,Tuesday,,
2008-01-16,94.02,95.41,92.645,94.65,790887779300,2,Wednesday,,
2008-01-17,94.65,95.405,93.34,93.36,787157549850,3,Thursday,,
2008-01-18,93.36,95.03,92.76,93.877,1265579199930,4,Friday,,
2008-01-21,93.753,94.275,91.005,91.24,491369800100,0,Monday,-0.124,-0.1321
2008-01-22,91.24,93.26,90.12,92.4,820946945440,1,Tuesday,,
2008-01-23,92.4,93.65,90.405,93.125,907283369760,2,Wednesday,,
2008-01-24,93.13,94.525,92.245,94.51,1049637149280,3,Thursday,,
2008-01-25,94.51,95.395,93.625,93.818,1389502398890,4,Friday,,
2008-01-28,93.72,95.09,93.015,95.02,1861753799950,0,Monday,-0.098,-0.1045
2008-01-29,95.02,95.33,94.34,95.2,1151897599360,1,Tuesday,,
2008-01-30,95.21,96.5,94.485,94.84,286680957410,2,Wednesday,,
2008-01-31,94.84,95.875,93.61,95.29,662547303280,3,Thursday,,
2008-02-01,95.29,96.449,95.06,96.217,561108918440,4,Friday,,
2008-02-04,96.171,97.205,96.071,96.84,441790654070,0,Monday,-0.046,-0.0478
2008-02-05,96.84,97.495,95.52,95.8,287629552060,1,Tuesday,,
2008-02-06,95.8,96.025,94.675,95.37,328748439930,2,Wednesday,,
2008-02-07,95.37,96.57,94.135,96.11,346654260660,3,Thursday,,
2008-02-08,96.11,96.635,95.63,96.085,522428049830,4,Friday,,
2008-02-11,96.115,96.97,95.97,96.615,80195850080,0,Monday,0.03,0.0312
2008-02-12,96.615,97.52,96.47,96.86,79664410040,1,Tuesday,,
2008-02-13,96.86,97.19,96.08,97.06,337871250450,2,Wednesday,,
2008-02-14,97.06,98.135,96.84,97.27,114982850040,3,Thursday,,
2008-02-15,97.27,98.345,96.97,97.951,184857700010,4,Friday,,
2008-02-18,97.907,98.9,97.765,98.845,210202400010,0,Monday,-0.044,-0.0449
2008-02-19,98.83,99.55,98.6,99.015,198940100100,1,Tuesday,,
2008-02-20,99.015,99.45,98.22,99.25,356133950210,2,Wednesday,,
2008-02-21,99.25,99.54,98.41,98.65,149101949900,3,Thursday,,
2008-02-22,98.64,99.107,98.1,98.931,221943050110,4,Friday,,
2008-02-25,99.096,100.24,98.88,100.13,155859900090,0,Monday,0.165,0.1668
2008-02-26,100.13,100.44,99.74,100.14,1215494750550,1,Tuesday,,
2008-02-27,100.14,100.415,99.56,100.23,1367806100140,2,Wednesday,,
2008-02-28,100.23,100.5,99.655,99.97,487482450220,3,Thursday,,
2008-02-29,99.97,99.97,96.464,96.519,424665199670,4,Friday,,
2008-03-03,96.617,97.56,95.48,97.185,336978650250,0,Monday,0.098,0.1015
2008-03-04,97.185,97.4,94.665,95.85,400183639980,1,Tuesday,,
2008-03-05,95.85,97.22,95.49,97.18,425235800270,2,Wednesday,,
2008-03-06,97.215,97.313,94.87,95.085,352173400220,3,Thursday,,
2008-03-07,95.085,96.08,94.61,95.088,227664599550,4,Friday,,
2008-03-09,94.954,95.0,94.787,94.905,19098700010,6,Sunday,,
2008-03-10,94.896,95.26,93.125,93.24,485790524280,0,Monday,-0.009,-0.0095
2008-03-11,93.24,96.29,92.81,96.215,278903450270,1,Tuesday,,
2008-03-12,96.225,96.275,94.265,94.69,642724249020,2,Wednesday,,
2008-03-13,94.69,95.65,93.31,94.83,282584299840,3,Thursday,,
2008-03-14,94.83,95.37,92.71,92.8,488882780640,4,Friday,,
2008-03-16,92.895,92.908,92.12,92.245,11192800020,6,Sunday,,
2008-03-17,92.21,93.5,88.145,89.405,453276900130,0,Monday,-0.035,-0.0379
2008-03-18,89.405,92.99,88.8,92.925,364918799960,1,Tuesday,,
2008-03-19,92.935,93.585,89.82,90.04,218642601210,2,Wednesday,,
2008-03-20,90.07,90.97,88.17,89.31,245814249890,3,Thursday,,
2008-03-21,89.31,89.985,89.08,89.775,384982100280,4,Friday,,
2008-03-23,89.542,89.667,89.427,89.47,55110500010,6,Sunday,,
2008-03-24,89.47,91.555,89.46,91.265,315279099630,0,Monday,0.0,0.0
2008-03-25,91.265,92.03,90.74,91.7,233122000010,1,Tuesday,,
2008-03-26,91.7,91.83,90.71,91.13,526885859380,2,Wednesday,,
2008-03-27,91.13,92.46,90.52,91.47,203763699940,3,Thursday,,
2008-03-28,91.47,92.57,90.865,91.03,237172500030,4,Friday,,
2008-03-31,90.777,91.715,90.42,91.03,322899700000,0,Monday,-0.253,-0.2779
2008-04-01,91.03,92.5,90.515,92.405,377430799940,1,Tuesday,,
2008-04-02,92.405,93.95,92.12,93.545,422019540510,2,Wednesday,,
2008-04-03,93.545,94.41,92.865,93.65,322721800390,3,Thursday,,
2008-04-04,93.65,94.34,93.115,93.585,242194752150,4,Friday,,
2008-04-07,93.529,95.33,93.46,94.77,371023600080,0,Monday,-0.056,-0.0598
2008-04-08,94.77,95.67,94.185,95.64,549572099500,1,Tuesday,,
2008-04-09,95.64,95.79,94.285,94.485,404955399620,2,Wednesday,,
2008-04-10,94.485,95.105,93.345,95.025,222555299870,3,Thursday,,
2008-04-11,95.025,95.39,93.515,93.58,148502999830,4,Friday,,
2008-04-14,93.934,93.973,92.7,93.67,326779100230,0,Monday,0.354,0.3783
2008-04-15,93.67,94.39,93.25,94.33,160694598910,1,Tuesday,,
2008-04-16,94.33,95.755,93.97,95.66,153661400080,2,Wednesday,,
2008-04-17,95.65,96.245,95.29,96.105,152956999860,3,Thursday,,
2008-04-18,96.105,97.435,95.84,96.84,178916300040,4,Friday,,
2008-04-21,96.795,97.97,96.76,97.35,497216999750,0,Monday,-0.045,-0.0465
2008-04-22,97.35,97.715,96.815,97.3,445731100620,1,Tuesday,,
2008-04-23,97.3,98.415,97.08,98.07,272172699690,2,Wednesday,,
2008-04-24,98.07,98.35,97.545,97.93,192646050080,3,Thursday,,
2008-04-25,97.93,98.23,97.01,97.38,286948110080,4,Friday,,
2008-04-28,97.452,98.2,97.395,97.75,133433099920,0,Monday,0.072,0.0739
2008-04-29,97.74,97.91,96.135,97.09,107605949930,1,Tuesday,,
2008-04-30,97.08,98.77,96.77,98.005,165543587020,2,Wednesday,,
2008-05-01,98.005,98.1,96.775,97.485,171703304350,3,Thursday,,
2008-05-02,97.485,98.765,97.15,98.43,220177100010,4,Friday,,
2008-05-05,98.531,99.675,98.31,99.23,90701750000,0,Monday,0.101,0.1026
2008-05-06,99.22,99.63,98.46,99.48,139314199910,1,Tuesday,,
2008-05-07,99.48,99.83,98.44,98.63,115626750040,2,Wednesday,,
2008-05-08,98.62,98.77,97.325,97.865,173360349820,3,Thursday,,
2008-05-09,97.85,98.17,96.25,96.98,144128215280,4,Friday,,
2008-05-12,96.877,98.43,96.38,98.31,130769099910,0,Monday,-0.103,-0.1062
2008-05-13,98.31,98.755,97.445,98.485,144755780100,1,Tuesday,,
2008-05-14,98.455,98.85,97.845,98.1,127299499750,2,Wednesday,,
2008-05-15,98.11,98.67,97.59,98.49,162831499920,3,Thursday,,
2008-05-16,98.46,99.79,98.305,99.37,152547599980,4,Friday,,
2008-05-19,99.467,99.785,99.005,99.44,80204050020,0,Monday,0.097,0.0976
2008-05-20,99.42,100.03,99.13,99.405,142029500060,1,Tuesday,,
2008-05-21,99.34,99.815,98.885,99.17,238882485760,2,Wednesday,,
2008-05-22,99.17,99.77,98.9,99.435,164155535990,3,Thursday,,
2008-05-23,99.42,99.905,99.02,99.1,159840712070,4,Friday,,
2008-05-26,99.087,99.45,98.92,99.37,77972000160,0,Monday,-0.013,-0.0131
2008-05-27,99.37,100.225,99.195,99.925,65828321970,1,Tuesday,,
2008-05-28,99.87,100.84,99.54,100.81,73186292050,2,Wednesday,,
2008-05-29,100.74,101.07,100.44,100.765,58471700060,3,Thursday,,
2008-05-30,100.76,101.05,100.47,100.89,64284710000,4,Friday,,
2008-06-02,100.265,100.74,99.27,99.75,90031900050,0,Monday,-0.625,-0.6195
2008-06-03,99.669,100.52,99.27,100.04,88211312130,1,Tuesday,,
2008-06-04,100.05,101.15,99.61,100.66,72219800010,2,Wednesday,,
2008-06-05,100.67,101.6,100.46,101.51,77013252760,3,Thursday,,
2008-06-06,101.53,102.0,100.927,100.96,83135656790,4,Friday,,
2008-06-09,100.582,101.785,100.37,101.005,102214676160,0,Monday,-0.378,-0.3744
2008-06-10,100.98,101.8,100.82,101.62,167013740260,1,Tuesday,,
2008-06-11,101.586,102.01,100.96,101.25,82761260040,2,Wednesday,,
2008-06-12,101.21,101.415,100.43,100.82,212474190450,3,Thursday,,
2008-06-13,100.81,101.68,100.8,101.53,134736531890,4,Friday,,
2008-06-16,101.437,101.9,101.413,101.72,145434760230,0,Monday,-0.093,-0.0916
2008-06-17,101.73,102.095,101.31,101.845,244698100050,1,Tuesday,,
2008-06-18,101.845,102.19,101.65,102.165,183407180170,2,Wednesday,,
2008-06-19,102.16,102.78,101.74,102.715,183544300300,3,Thursday,,
2008-06-20,102.71,102.8,102.115,102.31,172338899940,4,Friday,,
2008-06-23,102.296,102.74,102.095,102.715,280100452250,0,Monday,-0.014,-0.0137
2008-06-24,102.72,103.34,102.522,102.985,255842500220,1,Tuesday,,
2008-06-25,102.985,103.6,102.92,103.47,389398800250,2,Wednesday,,
2008-06-26,103.465,103.69,101.93,102.08,262761219940,3,Thursday,,
2008-06-27,102.08,102.85,101.785,101.97,330217646290,4,Friday,,
2008-06-30,101.965,102.47,101.33,101.795,429014799900,0,Monday,-0.005,-0.0049
2008-07-01,101.79,101.9,100.24,101.345,356546027740,1,Tuesday,,
2008-07-02,101.345,102.445,100.95,101.85,301707419740,2,Wednesday,,
2008-07-03,101.875,102.68,101.775,102.44,267128508060,3,Thursday,,
2008-07-04,102.47,102.92,102.34,102.84,202349599940,4,Friday,,
2008-07-07,102.614,103.135,101.985,102.51,265111000050,0,Monday,-0.226,-0.2198
2008-07-08,102.5,102.63,101.39,102.49,303752900390,1,Tuesday,,
2008-07-09,102.485,102.76,101.79,102.145,238531600240,2,Wednesday,,
2008-07-10,102.15,103.13,101.94,102.98,249320599880,3,Thursday,,
2008-07-11,102.975,103.15,102.42,102.68,289082460550,4,Friday,,
2008-07-14,102.84,103.44,102.685,103.135,161779645420,0,Monday,0.16,0.1558
2008-07-15,103.125,103.43,102.375,102.545,199573135250,1,Tuesday,,
2008-07-16,102.545,102.905,101.48,102.465,254002469410,2,Wednesday,,
2008-07-17,102.46,103.7,102.225,103.315,247265999770,3,Thursday,,
2008-07-18,103.305,103.86,103.005,103.7,273567799880,4,Friday,,
2008-07-21,103.95,104.47,103.775,104.0,136528100070,0,Monday,0.25,0.2411
2008-07-22,104.0,104.28,103.745,104.23,166187999980,1,Tuesday,,
2008-07-23,104.22,104.46,103.59,103.79,162355900090,2,Wednesday,,
2008-07-24,103.775,103.84,102.575,102.855,154339100000,3,Thursday,,
2008-07-25,102.855,103.38,102.125,103.11,166890367280,4,Friday,,
2008-07-28,103.041,103.39,102.715,102.81,193990400240,0,Monday,-0.069,-0.0669
2008-07-29,102.81,103.16,102.67,103.0,126561200050,1,Tuesday,,
2008-07-30,102.99,103.01,101.875,102.1,176814799960,2,Wednesday,,
2008-07-31,102.07,102.375,101.35,101.66,154021500000,3,Thursday,,
2008-08-01,101.65,101.683,99.93,100.01,206770900030,4,Friday,,
2008-08-04,100.023,100.915,99.82,100.61,125806802950,0,Monday,0.013,0.013
2008-08-05,100.6,100.61,98.72,99.25,169276700260,1,Tuesday,,
2008-08-06,99.25,99.845,99.015,99.71,145824467450,2,Wednesday,,
2008-08-07,99.71,99.94,99.05,99.21,145399703110,3,Thursday,,
2008-08-08,99.2,99.27,97.524,97.855,298199201440,4,Friday,,
2008-08-11,97.663,98.24,96.96,97.28,179829240660,0,Monday,-0.192,-0.1962
2008-08-12,97.28,97.39,95.42,95.44,229216099740,1,Tuesday,,
2008-08-13,95.435,96.19,93.13,95.76,228816188990,2,Wednesday,,
2008-08-14,95.75,96.265,94.57,95.71,242199499880,3,Thursday,,
2008-08-15,95.695,96.03,94.62,95.68,274718600330,4,Friday,,
2008-08-18,95.75,96.44,95.385,95.6,211573689160,0,Monday,0.07,0.0732
2008-08-19,95.59,95.9,94.74,95.635,185026700130,1,Tuesday,,
2008-08-20,95.635,96.04,95.46,95.96,153292700140,2,Wednesday,,
2008-08-21,95.955,95.965,94.105,95.495,313147900040,3,Thursday,,
2008-08-22,95.495,95.93,95.155,95.345,204061600170,4,Friday,,
2008-08-25,95.205,95.52,94.26,94.3,110366399940,0,Monday,-0.14,-0.1468
2008-08-26,94.29,94.51,93.31,93.785,137182834990,1,Tuesday,,
2008-08-27,93.78,94.515,93.525,94.03,157872600100,2,Wednesday,,
2008-08-28,94.03,94.93,93.88,94.42,218757399550,3,Thursday,,
2008-08-29,94.42,94.57,92.96,93.37,163352162980,4,Friday,,
2008-09-01,92.83,93.21,91.71,91.935,74121741440,0,Monday,-0.54,-0.5783
2008-09-02,91.94,92.45,89.84,91.02,184006279680,1,Tuesday,,
2008-09-03,91.02,91.22,89.56,90.51,256329524060,2,Wednesday,,
2008-09-04,90.51,91.02,87.965,88.08,383290267490,3,Thursday,,
2008-09-05,88.07,88.205,85.0,87.89,455126806260,4,Friday,,
2008-09-08,89.79,90.865,87.135,88.38,353542444650,0,Monday,1.9,2.1618
2008-09-09,88.38,88.51,85.44,85.67,302766699630,1,Tuesday,,
2008-09-10,85.67,87.56,85.13,86.29,359368350170,2,Wednesday,,
2008-09-11,86.29,86.515,84.07,86.48,204701343930,3,Thursday,,
2008-09-12,86.48,88.97,85.575,88.9,164873191580,4,Friday,,
2008-09-15,86.595,87.679,84.26,84.375,269142573860,0,Monday,-2.305,-2.5928
2008-09-16,84.37,85.435,81.42,84.525,249932315930,1,Tuesday,,
2008-09-17,84.515,86.01,81.56,82.79,186814159900,2,Wednesday,,
2008-09-18,82.79,84.99,81.615,84.83,194238319750,3,Thursday,,
2008-09-19,84.845,89.72,84.485,89.51,192780040160,4,Friday,,
2008-09-22,89.459,90.26,88.175,88.975,200939799830,0,Monday,-0.051,-0.057
2008-09-23,88.98,89.245,87.555,87.91,193976999990,1,Tuesday,,
2008-09-24,87.905,89.2,87.39,88.495,209120199970,2,Wednesday,,
2008-09-25,88.5,89.37,88.325,88.98,154943600020,3,Thursday,,
2008-09-26,88.98,89.015,86.83,88.09,121807600100,4,Friday,,
2008-09-29,87.864,88.905,83.305,83.81,169971199840,0,Monday,-0.226,-0.2566
2008-09-30,83.81,85.16,82.23,84.08,272335030210,1,Tuesday,,
2008-10-01,84.08,85.16,82.955,83.215,144296050150,2,Wednesday,,
2008-10-02,83.19,84.14,80.98,81.355,107409011420,3,Thursday,,
2008-10-03,81.35,82.845,80.975,81.47,130821669910,4,Friday,,
2008-10-05,81.008,81.398,80.83,80.885,1686000000,6,Sunday,,
2008-10-06,80.885,81.12,70.27,72.09,248552090130,0,Monday,0.0,0.0
2008-10-07,72.08,75.76,71.33,72.23,324575039790,1,Tuesday,,
2008-10-08,72.23,72.61,63.71,66.56,4376802799830,2,Wednesday,,
2008-10-09,66.605,72.335,65.97,68.47,7212912387200,3,Thursday,,
2008-10-10,68.47,68.565,63.04,64.605,5808890498089,4,Friday,,
2008-10-12,67.547,68.67,65.78,68.55,28916400230,6,Sunday,,
2008-10-13,68.461,71.41,65.16,71.081,3554150003690,0,Monday,-0.089,-0.1298
2008-10-14,71.081,74.515,70.64,71.48,4318788198940,1,Tuesday,,
2008-10-15,71.47,71.83,64.681,65.295,5813992259550,2,Wednesday,,
2008-10-16,65.295,70.51,64.9,70.045,5928495535200,3,Thursday,,
2008-10-17,70.05,71.33,67.745,69.975,5344282731520,4,Friday,,
2008-10-19,70.55,70.655,69.96,70.225,44527299580,6,Sunday,,
2008-10-20,70.255,72.03,69.845,71.775,4185318650990,0,Monday,0.03,0.0427
2008-10-21,71.775,71.785,67.09,67.78,5629460188540,1,Tuesday,,
2008-10-22,67.805,68.45,64.905,65.75,5368998378140,2,Wednesday,,
2008-10-23,65.745,66.16,62.645,66.001,5281452101930,3,Thursday,,
2008-10-24,66.001,66.001,55.03,58.57,4243015034350,4,Friday,,
2008-10-26,57.956,58.37,56.54,56.8,43289347990,6,Sunday,,
2008-10-27,56.8,58.805,55.537,55.87,5388121826750,0,Monday,0.0,0.0
2008-10-28,55.87,64.75,55.76,64.73,248797884230,1,Tuesday,,
2008-10-29,64.73,66.51,60.905,65.02,234200017020,2,Wednesday,,
2008-10-30,65.02,68.07,64.49,66.555,293711799830,3,Thursday,,
2008-10-31,66.55,66.765,63.131,65.65,151063899860,4,Friday,,
2008-11-03,65.815,68.355,65.395,67.015,174217361080,0,Monday,0.165,0.2513
2008-11-04,67.01,70.53,65.03,69.645,189553311910,1,Tuesday,,
2008-11-05,69.64,69.98,66.595,66.69,268854000170,2,Wednesday,,
2008-11-06,66.69,67.975,64.865,65.03,213074800270,3,Thursday,,
2008-11-07,65.01,66.94,63.351,66.17,193615020060,4,Friday,,
2008-11-10,68.045,69.395,64.915,65.6,265477759840,0,Monday,1.875,2.8336
2008-11-11,65.595,66.385,63.035,64.12,187451199870,1,Tuesday,,
2008-11-12,64.13,65.34,60.02,60.81,218508299970,2,Wednesday,,
2008-11-13,60.805,65.37,60.13,65.06,230526000290,3,Thursday,,
2008-11-14,65.03,65.62,62.51,62.91,169307300120,4,Friday,,
2008-11-17,61.023,64.125,60.922,62.525,200748899640,0,Monday,-1.887,-2.9995
2008-11-18,62.51,64.005,61.72,63.25,196832300610,1,Tuesday,,
2008-11-19,63.215,63.875,60.85,60.885,263017799820,2,Wednesday,,
2008-11-20,60.805,61.475,56.835,57.18,210095000060,3,Thursday,,
2008-11-21,57.165,60.705,56.94,60.615,218153400220,4,Friday,,
2008-11-24,60.65,63.665,59.19,63.645,258376899900,0,Monday,0.035,0.0577
2008-11-25,63.635,63.71,60.65,61.785,301751400270,1,Tuesday,,
2008-11-26,61.785,62.725,61.0,62.35,329691300440,2,Wednesday,,
2008-11-27,62.325,63.07,61.61,62.5,141529200280,3,Thursday,,
2008-11-28,62.5,62.85,61.945,62.515,237763900570,4,Friday,,
2008-12-01,62.32,62.44,59.27,59.63,258582499830,0,Monday,-0.195,-0.3119
2008-12-02,59.625,60.66,58.86,59.88,195474924780,1,Tuesday,,
2008-12-03,59.837,60.58,59.315,60.525,227508499960,2,Wednesday,,
2008-12-04,60.505,60.805,59.03,59.415,279166499970,3,Thursday,,
2008-12-05,59.4,60.42,57.725,60.03,206198099860,4,Friday,,
2008-12-08,60.148,62.705,59.84,61.64,218194699730,0,Monday,0.118,0.1966
2008-12-09,61.635,61.89,59.92,60.665,231092199900,1,Tuesday,,
2008-12-10,60.65,61.695,60.32,60.845,202959499790,2,Wednesday,,
2008-12-11,60.845,62.435,60.555,61.42,195215100100,3,Thursday,,
2008-12-12,61.42,61.72,57.64,60.535,209326999990,4,Friday,,
2008-12-15,60.54,61.13,60.03,60.6,116771799880,0,Monday,0.005,0.0083
2008-12-16,60.595,62.09,60.16,61.79,96429268100,1,Tuesday,,
2008-12-17,61.78,62.07,60.68,61.385,154418700020,2,Wednesday,,
2008-12-18,61.375,63.55,60.39,61.385,127836799940,3,Thursday,,
2008-12-19,61.38,62.13,60.475,60.67,105960499910,4,Friday,,
2008-12-22,60.81,61.95,60.655,61.675,190439899840,0,Monday,0.14,0.2308
2008-12-23,61.665,62.005,61.37,61.865,101777399840,1,Tuesday,,
2008-12-24,61.85,61.94,61.115,61.775,118144108030,2,Wednesday,,
2008-12-25,61.71,62.309,61.426,61.858,101573100090,3,Thursday,,
2008-12-26,61.85,62.33,61.57,62.085,48826700070,4,Friday,,
2008-12-29,62.2,62.885,61.88,62.08,176443399730,0,Monday,0.115,0.1852
2008-12-30,62.09,62.615,62.045,62.39,178135700020,1,Tuesday,,
2008-12-31,62.42,64.566,61.98,63.588,167098699980,2,Wednesday,,
2009-01-01,63.66,64.686,63.492,63.964,183278899960,3,Thursday,,
2009-01-02,63.96,65.55,63.06,65.255,174810300300,4,Friday,,
2009-01-05,65.366,67.26,65.105,67.0,138016599880,0,Monday,0.111,0.1701
2009-01-06,66.98,68.28,65.895,67.72,140946800120,1,Tuesday,,
2009-01-07,67.7,67.9,65.495,65.99,131185240010,2,Wednesday,,
2009-01-08,65.98,66.095,63.9,64.915,154154700160,3,Thursday,,
2009-01-09,64.915,65.17,63.3,63.53,150838800000,4,Friday,,
2009-01-12,62.93,63.13,60.42,60.795,131082872220,0,Monday,-0.6,-0.9444
2009-01-13,60.795,60.92,58.525,59.38,162928099760,1,Tuesday,,
2009-01-14,59.385,61.14,58.525,58.855,149239499760,2,Wednesday,,
2009-01-15,58.84,60.135,58.17,59.52,163623700010,3,Thursday,,
2009-01-16,59.515,61.61,59.48,61.055,139743999960,4,Friday,,
2009-01-19,61.491,62.185,60.265,60.39,104648400020,0,Monday,0.436,0.7141
2009-01-20,60.405,60.635,58.045,58.39,152074300320,1,Tuesday,,
2009-01-21,58.39,59.51,56.27,59.185,246386700110,2,Wednesday,,
2009-01-22,59.195,59.37,57.435,58.24,210258699780,3,Thursday,,
2009-01-23,58.205,58.65,56.485,58.025,146615099930,4,Friday,,
2009-01-26,58.18,59.37,57.5,58.74,175638600000,0,Monday,0.155,0.2671
2009-01-27,58.74,60.3,58.175,58.79,195104200320,1,Tuesday,,
2009-01-28,58.8,60.86,58.761,60.105,164175600020,2,Wednesday,,
2009-01-29,60.1,60.405,58.46,58.705,166528600000,3,Thursday,,
2009-01-30,58.7,58.795,56.88,57.265,217982999770,4,Friday,,
2009-02-02,57.227,57.28,55.545,56.47,199785099760,0,Monday,-0.038,-0.0664
2009-02-03,56.47,58.435,56.22,58.21,184782499800,1,Tuesday,,
2009-02-04,58.205,58.495,56.56,57.51,176244900180,2,Wednesday,,
2009-02-05,57.53,60.7,57.16,59.51,197835499450,3,Thursday,,
2009-02-06,59.49,62.655,58.865,62.015,235890599890,4,Friday,,
2009-02-09,61.776,62.75,60.255,62.035,225501099820,0,Monday,-0.239,-0.3854
2009-02-10,62.03,62.18,58.45,59.21,189267399920,1,Tuesday,,
2009-02-11,59.21,59.74,58.55,59.295,151758900080,2,Wednesday,,
2009-02-12,59.31,59.67,58.085,59.315,179714700010,3,Thursday,,
2009-02-13,59.295,60.995,59.105,60.275,153588600230,4,Friday,,
2009-02-16,59.703,59.99,59.36,59.63,114450400030,0,Monday,-0.572,-0.949
2009-02-17,59.615,59.9,58.485,58.655,158215800220,1,Tuesday,,
2009-02-18,58.645,60.09,58.46,59.735,144024499730,2,Wednesday,,
2009-02-19,59.715,61.54,59.655,60.6,148680599980,3,Thursday,,
2009-02-20,60.585,60.99,59.565,60.175,161727500150,4,Friday,,
2009-02-23,60.23,61.845,59.785,60.69,208617600100,0,Monday,0.055,0.0914
2009-02-24,60.685,63.235,60.24,62.91,192692300220,1,Tuesday,,
2009-02-25,62.905,63.605,62.47,62.99,219931499860,2,Wednesday,,
2009-02-26,62.98,64.575,62.925,63.75,242102600160,3,Thursday,,
2009-02-27,63.755,63.845,61.41,62.325,296373499870,4,Friday,,
2009-03-02,62.425,62.505,61.08,61.36,329130200030,0,Monday,0.1,0.1604
2009-03-03,61.355,63.41,61.02,62.58,334854599910,1,Tuesday,,
2009-03-04,62.575,64.775,61.785,64.385,338080500000,2,Wednesday,,
2009-03-05,64.385,64.395,62.205,62.545,352298000090,3,Thursday,,
2009-03-06,62.555,63.43,61.605,62.945,342353700330,4,Friday,,
2009-03-08,62.887,63.135,62.848,62.97,10098900000,6,Sunday,,
2009-03-09,63.03,63.37,62.245,62.395,364659500380,0,Monday,0.06,0.0953
2009-03-10,62.395,63.89,62.335,63.79,435192000190,1,Tuesday,,
2009-03-11,63.795,64.07,62.745,63.32,436323299630,2,Wednesday,,
2009-03-12,63.32,64.205,61.41,63.9,462196999600,3,Thursday,,
2009-03-13,63.895,64.975,63.535,64.445,410939499690,4,Friday,,
2009-03-15,64.235,64.315,64.17,64.23,1535000020,6,Sunday,,
2009-03-16,64.22,65.37,63.765,64.685,368387668160,0,Monday,-0.01,-0.0156
2009-03-17,64.69,65.435,64.66,65.26,398506748270,1,Tuesday,,
2009-03-18,65.26,65.49,63.935,65.25,406801507700,2,Wednesday,,
2009-03-19,65.25,65.585,64.2,65.01,540383670580,3,Thursday,,
2009-03-20,65.01,66.315,64.865,65.85,351561407970,4,Friday,,
2009-03-22,65.95,66.02,65.84,65.99,1658200000,6,Sunday,,
2009-03-23,65.995,68.55,65.87,68.43,452418940400,0,Monday,0.005,0.0076
2009-03-24,68.425,69.62,67.78,68.125,476398923350,1,Tuesday,,
2009-03-25,68.125,68.76,67.25,68.115,431382633140,2,Wednesday,,
2009-03-26,68.115,69.435,67.975,69.384,377065569180,3,Thursday,,
2009-03-27,69.405,69.43,67.2,67.89,398860666850,4,Friday,,
2009-03-30,67.667,68.03,64.97,66.24,401120167030,0,Monday,-0.223,-0.3285
2009-03-31,66.235,69.115,66.145,68.365,462040667080,1,Tuesday,,
2009-04-01,68.365,69.025,67.605,68.86,433781417880,2,Wednesday,,
2009-04-02,68.86,71.53,68.635,71.15,484400137970,3,Thursday,,
2009-04-03,71.135,72.315,70.325,71.665,440453139510,4,Friday,,
2009-04-06,71.615,72.855,71.225,72.065,436260223990,0,Monday,-0.05,-0.0698
2009-04-07,72.07,72.24,70.585,71.36,459179748570,1,Tuesday,,
2009-04-08,71.36,71.77,70.025,70.82,466060151820,2,Wednesday,,
2009-04-09,70.81,72.315,70.38,72.195,316464500060,3,Thursday,,
2009-04-10,72.18,72.405,71.936,72.045,110479700090,4,Friday,,
2009-04-13,72.856,73.305,72.06,73.235,131541299820,0,Monday,0.811,1.1257
2009-04-14,73.225,73.49,71.47,71.61,372479463390,1,Tuesday,,
2009-04-15,71.61,72.535,70.24,72.395,429453299910,2,Wednesday,,
2009-04-16,72.395,72.75,70.67,71.515,478452500410,3,Thursday,,
2009-04-17,71.51,71.94,71.075,71.61,327155399980,4,Friday,,
2009-04-20,71.653,71.87,68.05,68.18,342774909630,0,Monday,0.043,0.06
2009-04-21,68.16,70.5,68.135,70.22,379732399890,1,Tuesday,,
2009-04-22,70.21,70.265,68.38,69.105,357575499960,2,Wednesday,,
2009-04-23,69.11,70.355,68.645,69.985,372632699360,3,Thursday,,
2009-04-24,69.995,70.295,68.885,70.24,423096900160,4,Friday,,
2009-04-27,69.79,69.905,68.52,68.695,421585400300,0,Monday,-0.45,-0.6407
2009-04-28,68.675,68.683,66.83,68.065,470370099960,1,Tuesday,,
2009-04-29,68.065,71.33,67.935,70.925,435783999940,2,Wednesday,,
2009-04-30,70.91,72.56,70.29,71.535,471005200030,3,Thursday,,
2009-05-01,71.515,72.945,71.35,72.355,248886750180,4,Friday,,
2009-05-04,72.578,73.57,72.435,73.075,328001899700,0,Monday,0.223,0.3082
2009-05-05,73.075,73.98,72.765,73.34,435597100190,1,Tuesday,,
2009-05-06,73.35,73.975,71.965,73.545,455868399770,2,Wednesday,,
2009-05-07,73.545,75.765,73.39,74.7,484406736710,3,Thursday,,
2009-05-08,74.695,75.905,74.33,75.65,397627800080,4,Friday,,
2009-05-11,75.642,76.155,73.76,73.935,408887600110,0,Monday,-0.008,-0.0106
2009-05-12,73.93,74.965,73.09,73.755,450211203930,1,Tuesday,,
2009-05-13,73.755,74.385,71.495,71.765,375125681410,2,Wednesday,,
2009-05-14,71.723,73.02,71.095,72.8,458214500160,3,Thursday,,
2009-05-15,72.8,73.15,71.045,71.29,438672048050,4,Friday,,
2009-05-18,71.183,73.905,70.52,73.725,429222278070,0,Monday,-0.107,-0.1501
2009-05-19,73.733,74.915,73.35,74.32,422947782510,1,Tuesday,,
2009-05-20,74.31,74.625,73.3,73.54,439468955960,2,Wednesday,,
2009-05-21,73.54,73.69,72.495,73.465,472802099910,3,Thursday,,
2009-05-22,73.465,74.53,73.085,74.15,454041499830,4,Friday,,
2009-05-25,74.065,74.5,73.44,74.13,220541000040,0,Monday,-0.085,-0.1146
2009-05-26,74.157,74.905,73.08,74.685,420152746600,1,Tuesday,,
2009-05-27,74.675,75.19,73.85,73.935,415775196260,2,Wednesday,,
2009-05-28,73.935,76.255,73.8,75.905,333835844290,3,Thursday,,
2009-05-29,75.905,76.9,75.655,76.295,326707500220,4,Friday,,
2009-06-01,76.385,78.575,75.93,78.215,389187599840,0,Monday,0.09,0.118
2009-06-02,78.17,78.855,77.515,78.595,395471499890,1,Tuesday,,
2009-06-03,78.605,79.5,76.07,76.84,387941600560,2,Wednesday,,
2009-06-04,76.84,78.07,76.275,77.405,434880500310,3,Thursday,,
2009-06-05,77.415,79.285,77.23,78.225,363121299720,4,Friday,,
2009-06-08,78.22,78.745,77.065,77.695,403291099610,0,Monday,-0.005,-0.0064
2009-06-09,77.705,78.365,76.905,78.015,433255509820,1,Tuesday,,
2009-06-10,78.015,79.58,77.845,78.7,370965529870,2,Wednesday,,
2009-06-11,78.73,80.45,78.625,79.945,362293448120,3,Thursday,,
2009-06-12,79.945,80.26,79.095,79.915,361791299460,4,Friday,,
2009-06-15,79.629,80.089,77.275,77.738,114339500060,0,Monday,-0.286,-0.3579
2009-06-16,77.749,78.324,76.02,76.441,76875599880,1,Tuesday,,
2009-06-17,76.438,77.284,75.173,76.006,77067199970,2,Wednesday,,
2009-06-18,76.028,77.794,75.719,76.987,76450599910,3,Thursday,,
2009-06-19,76.997,78.291,76.994,77.575,120442500120,4,Friday,,
2009-06-22,77.454,77.53,75.275,75.295,342618190260,0,Monday,-0.121,-0.156
2009-06-23,75.295,75.935,74.03,75.565,437254780610,1,Tuesday,,
2009-06-24,75.555,76.825,75.275,76.185,368769319870,2,Wednesday,,
2009-06-25,76.185,77.27,76.125,76.952,480950720050,3,Thursday,,
2009-06-26,76.937,77.444,76.565,76.885,351849399690,4,Friday,,
2009-06-29,76.79,77.76,76.135,77.625,271764910470,0,Monday,-0.095,-0.1236
2009-06-30,77.647,78.26,77.33,77.665,466579449860,1,Tuesday,,
2009-07-01,77.665,78.385,77.525,78.105,480887860080,2,Wednesday,,
2009-07-02,78.115,78.26,76.055,76.135,319742490120,3,Thursday,,
2009-07-03,76.135,76.94,75.79,76.449,278693700010,4,Friday,,
2009-07-06,76.438,76.454,74.77,76.035,667296349910,0,Monday,-0.011,-0.0144
2009-07-07,76.045,76.615,74.785,74.87,835113251290,1,Tuesday,,
2009-07-08,74.865,74.925,70.94,72.275,797682850380,2,Wednesday,,
2009-07-09,72.3,73.37,71.625,72.78,722331830470,3,Thursday,,
2009-07-10,72.775,73.1,71.16,72.025,693269600150,4,Friday,,
2009-07-13,71.941,72.845,70.75,72.795,848594999040,0,Monday,-0.084,-0.1166
2009-07-14,72.8,74.41,72.525,74.12,902324450290,1,Tuesday,,
2009-07-15,74.13,75.99,74.095,75.645,779443350350,2,Wednesday,,
2009-07-16,75.645,75.875,74.51,75.7,584093700870,3,Thursday,,
2009-07-17,75.7,75.79,74.66,75.57,645554399640,4,Friday,,
2009-07-20,75.443,77.02,75.34,76.89,684332399600,0,Monday,-0.127,-0.1681
2009-07-21,76.875,77.195,75.63,76.68,624107200650,1,Tuesday,,
2009-07-22,76.675,76.94,75.575,76.385,678541619490,2,Wednesday,,
2009-07-23,76.38,78.03,76.235,77.07,736105999150,3,Thursday,,
2009-07-24,77.07,77.695,76.925,77.43,602261099240,4,Friday,,
2009-07-27,77.481,78.625,77.175,78.28,765763399790,0,Monday,0.051,0.0659
2009-07-28,78.295,79.285,77.33,78.155,703696219330,1,Tuesday,,
2009-07-29,78.145,78.365,76.845,77.6,845249449160,2,Wednesday,,
2009-07-30,77.595,79.295,77.365,78.88,741819999630,3,Thursday,,
2009-07-31,78.88,79.525,78.545,79.11,668243800660,4,Friday,,
2009-08-03,79.088,80.34,78.975,80.2,644879499810,0,Monday,-0.022,-0.0278
2009-08-04,80.195,80.82,79.34,80.39,750394400810,1,Tuesday,,
2009-08-05,80.41,80.585,79.315,79.805,762229659230,2,Wednesday,,
2009-08-06,79.81,80.805,79.68,80.11,414871499950,3,Thursday,,
2009-08-07,80.105,81.92,79.47,81.665,275596849800,4,Friday,,
2009-08-10,81.375,82.0,80.865,81.325,247807810180,0,Monday,-0.29,-0.3551
2009-08-11,81.325,81.38,79.275,79.57,259643399970,1,Tuesday,,
2009-08-12,79.57,80.545,77.9,80.075,286574299990,2,Wednesday,,
2009-08-13,80.055,81.355,79.725,80.47,245237229760,3,Thursday,,
2009-08-14,80.445,80.85,78.395,79.03,207718549860,4,Friday,,
2009-08-17,78.532,78.981,77.04,77.515,276480200160,0,Monday,-0.498,-0.6301
2009-08-18,77.515,78.725,77.415,78.265,254988320230,1,Tuesday,,
2009-08-19,78.26,78.845,76.69,77.95,245068519850,2,Wednesday,,
2009-08-20,77.945,78.705,77.64,78.29,228688499760,3,Thursday,,
2009-08-21,78.29,79.145,76.85,78.78,246565490130,4,Friday,,
2009-08-24,78.755,79.875,78.755,79.3,296415500590,0,Monday,-0.025,-0.0317
2009-08-25,79.31,79.74,78.255,78.655,290665499870,1,Tuesday,,
2009-08-26,78.66,78.99,77.725,78.065,341756000240,2,Wednesday,,
2009-08-27,78.05,78.64,77.32,78.47,325075599860,3,Thursday,,
2009-08-28,78.485,79.45,78.3,78.71,348978299770,4,Friday,,
2009-08-31,78.524,78.83,77.535,78.57,258045119940,0,Monday,-0.186,-0.2363
2009-09-01,78.57,78.705,76.635,76.745,283368299820,1,Tuesday,,
2009-09-02,76.745,77.6,76.4,76.87,279437799760,2,Wednesday,,
2009-09-03,76.88,77.93,76.545,77.8,292063499690,3,Thursday,,
2009-09-04,77.775,79.375,77.51,79.113,233850900150,4,Friday,,
2009-09-07,79.116,79.845,79.06,79.615,115994100070,0,Monday,0.003,0.0038
2009-09-08,79.6,79.8,79.08,79.52,297108800190,1,Tuesday,,
2009-09-09,79.515,80.0,79.195,79.3,350234770070,2,Wednesday,,
2009-09-10,79.31,79.675,78.58,79.24,270025650300,3,Thursday,,
2009-09-11,79.24,79.26,77.92,78.295,327522799450,4,Friday,,
2009-09-14,77.812,78.405,77.34,78.39,298269900230,0,Monday,-0.483,-0.6169
2009-09-15,78.39,78.75,78.07,78.57,292299160270,1,Tuesday,,
2009-09-16,78.57,79.58,78.4,79.4,373412299920,2,Wednesday,,
2009-09-17,79.395,79.89,79.12,79.445,413392099790,3,Thursday,,
2009-09-18,79.445,79.51,78.965,79.145,412859400280,4,Friday,,
2009-09-21,79.122,79.615,79.005,79.3,211455500240,0,Monday,-0.023,-0.0291
2009-09-22,79.3,79.98,79.3,79.55,346926400250,1,Tuesday,,
2009-09-23,79.535,80.045,79.325,79.36,452367000130,2,Wednesday,,
2009-09-24,79.36,79.555,78.815,78.91,512370100090,3,Thursday,,
2009-09-25,78.905,79.03,77.54,77.775,483404399780,4,Friday,,
2009-09-27,77.724,77.757,77.475,77.65,2806000030,6,Sunday,,
2009-09-28,77.655,78.27,76.5,78.245,449935650320,0,Monday,0.005,0.0064
2009-09-29,78.245,78.89,78.185,78.525,463381049770,1,Tuesday,,
2009-09-30,78.525,79.38,78.448,79.28,490714199860,2,Wednesday,,
2009-10-01,79.275,79.565,77.786,77.915,576344399890,3,Thursday,,
2009-10-02,77.92,77.97,76.27,77.66,550215000130,4,Friday,,
2009-10-04,77.578,77.578,77.334,77.375,2214100000,6,Sunday,,
2009-10-05,77.38,78.735,77.38,78.6,470081899710,0,Monday,0.005,0.0065
2009-10-06,78.595,79.255,77.98,79.04,517907800500,1,Tuesday,,
2009-10-07,79.045,79.41,78.58,78.885,553379700070,2,Wednesday,,
2009-10-08,78.89,80.315,78.875,80.135,475938699710,3,Thursday,,
2009-10-09,80.125,81.215,79.995,81.085,518742899960,4,Friday,,
2009-10-11,80.99,81.18,80.887,81.065,3131900030,6,Sunday,,
2009-10-12,81.065,81.865,81.05,81.44,445421000400,0,Monday,0.0,0.0
2009-10-13,81.43,81.765,80.995,81.505,519830901020,1,Tuesday,,
2009-10-14,81.505,82.005,81.125,81.785,456249499540,2,Wednesday,,
2009-10-15,81.78,83.47,81.74,83.34,487656000000,3,Thursday,,
2009-10-16,83.335,84.2,82.985,83.26,511794099770,4,Friday,,
2009-10-18,83.244,83.32,83.135,83.165,1519600000,6,Sunday,,
2009-10-19,83.175,84.235,82.81,84.22,532535700470,0,Monday,0.01,0.012
2009-10-20,84.22,84.315,83.45,83.715,567904100200,1,Tuesday,,
2009-10-21,83.71,84.845,83.465,84.335,594879899950,2,Wednesday,,
2009-10-22,84.335,84.7,83.905,84.59,559781290050,3,Thursday,,
2009-10-23,84.585,85.31,84.575,84.875,578200989700,4,Friday,,
2009-10-25,84.78,84.83,84.668,84.72,8779699920,6,Sunday,,
2009-10-26,84.725,85.23,84.125,84.55,512142580440,0,Monday,0.005,0.0059
2009-10-27,84.55,84.8,83.71,84.135,532747500110,1,Tuesday,,
2009-10-28,84.135,84.365,81.235,81.395,602061199590,2,Wednesday,,
2009-10-29,81.395,84.035,80.88,83.765,515702699770,3,Thursday,,
2009-10-30,83.76,83.87,80.76,81.06,453715600320,4,Friday,,
2009-11-02,80.38,82.64,79.445,81.535,387681699460,0,Monday,-0.68,-0.8389
2009-11-03,81.535,82.175,80.22,81.475,544606850360,1,Tuesday,,
2009-11-04,81.465,83.155,80.76,82.535,489025319920,2,Wednesday,,
2009-11-05,82.52,82.705,81.415,82.55,490698600700,3,Thursday,,
2009-11-06,82.55,83.155,82.045,82.53,457573699860,4,Friday,,
2009-11-09,83.03,83.735,82.54,83.585,495392749790,0,Monday,0.5,0.6058
2009-11-10,83.58,83.845,83.025,83.535,401931300140,1,Tuesday,,
2009-11-11,83.54,84.0,83.02,83.55,370145399540,2,Wednesday,,
2009-11-12,83.545,84.21,83.23,83.44,381868400010,3,Thursday,,
2009-11-13,83.415,83.85,82.975,83.592,318393000260,4,Friday,,
2009-11-16,83.605,83.85,83.21,83.415,295255899490,0,Monday,0.013,0.0156
2009-11-17,83.415,83.565,82.485,83.04,314680299890,1,Tuesday,,
2009-11-18,83.04,83.25,82.66,82.985,284773000380,2,Wednesday,,
2009-11-19,82.975,83.09,81.07,81.685,308527890030,3,Thursday,,
2009-11-20,81.68,82.02,80.625,81.255,322569800240,4,Friday,,
2009-11-23,81.24,82.51,80.94,82.195,265359100060,0,Monday,-0.015,-0.0185
2009-11-24,82.17,82.39,81.0,81.3,283900299620,1,Tuesday,,
2009-11-25,81.285,81.975,80.93,81.4,270500350000,2,Wednesday,,
2009-11-26,81.4,81.465,78.755,79.07,284330359630,3,Thursday,,
2009-11-27,79.075,79.095,76.545,78.395,324216099970,4,Friday,,
2009-11-30,79.05,79.68,78.515,79.12,405087199990,0,Monday,0.655,0.8355
2009-12-01,79.12,80.335,78.93,80.155,389958300370,1,Tuesday,,
2009-12-02,80.155,81.135,80.1,80.785,450102699960,2,Wednesday,,
2009-12-03,80.785,82.07,80.78,81.53,427028550440,3,Thursday,,
2009-12-04,81.525,82.99,81.11,82.745,452944820230,4,Friday,,
2009-12-07,82.33,82.745,81.445,81.665,474825700480,0,Monday,-0.415,-0.5015
2009-12-08,81.62,81.825,79.655,79.88,414225199670,1,Tuesday,,
2009-12-09,79.88,80.29,79.22,79.82,470960500200,2,Wednesday,,
2009-12-10,79.82,81.085,79.795,80.785,328897099450,3,Thursday,,
2009-12-11,80.78,81.955,80.75,81.31,387245399750,4,Friday,,
2009-12-14,81.05,81.385,80.035,81.215,338556100030,0,Monday,-0.26,-0.3198
2009-12-15,81.215,81.565,80.76,81.19,334820599880,1,Tuesday,,
2009-12-16,81.19,81.305,80.21,80.835,369037549810,2,Wednesday,,
2009-12-17,80.835,80.975,79.62,79.76,365926600500,3,Thursday,,
2009-12-18,79.75,80.605,78.595,80.46,429063699810,4,Friday,,
2009-12-21,80.405,80.625,79.735,80.345,96964960020,0,Monday,-0.055,-0.0684
2009-12-22,80.335,80.615,79.895,80.375,323763499930,1,Tuesday,,
2009-12-23,80.38,80.725,80.185,80.61,263754799990,2,Wednesday,,
2009-12-24,80.6,81.025,80.435,80.775,226728900420,3,Thursday,,
2009-12-25,80.76,81.092,80.446,80.772,324116100180,4,Friday,,
2009-12-28,80.9,81.37,80.745,81.255,223001899850,0,Monday,0.128,0.1585
2009-12-29,81.255,82.515,81.145,82.28,285771250240,1,Tuesday,,
2009-12-30,82.26,82.88,81.985,82.635,251032800170,2,Wednesday,,
2009-12-31,82.625,83.82,82.545,83.497,125367200190,3,Thursday,,
2010-01-01,83.454,83.559,83.384,83.447,285736500030,4,Friday,,
2010-01-04,83.512,84.56,83.06,84.395,385289999990,0,Monday,0.065,0.0779
2010-01-05,84.395,84.635,83.325,83.605,431864600260,1,Tuesday,,
2010-01-06,83.605,85.19,83.415,84.9,454336500080,2,Wednesday,,
2010-01-07,84.89,85.66,84.63,85.635,426627499800,3,Thursday,,
2010-01-08,85.635,86.005,84.532,85.655,402531000050,4,Friday,,
2010-01-11,85.995,86.2,85.34,85.58,355195800400,0,Monday,0.34,0.3969
2010-01-12,85.58,85.745,83.35,83.685,452607399510,1,Tuesday,,
2010-01-13,83.685,84.73,83.665,84.42,405113899760,2,Wednesday,,
2010-01-14,84.415,85.63,84.125,84.97,390464100250,3,Thursday,,
2010-01-15,84.97,85.02,83.635,83.69,401262699900,4,Friday,,
2010-01-18,83.545,84.24,83.28,84.08,266721399640,0,Monday,-0.145,-0.1733
2010-01-19,84.08,84.335,83.355,84.115,423528999900,1,Tuesday,,
2010-01-20,84.115,84.215,82.765,83.01,400873100100,2,Wednesday,,
2010-01-21,83.0,83.9,81.305,81.345,464844200040,3,Thursday,,
2010-01-22,81.335,82.285,80.77,80.87,493711199370,4,Friday,,
2010-01-25,81.515,82.07,81.005,81.605,373133900090,0,Monday,0.645,0.7976
2010-01-26,81.605,82.22,80.01,80.53,417982000320,1,Tuesday,,
2010-01-27,80.525,81.115,79.825,80.57,481916199300,2,Wednesday,,
2010-01-28,80.57,81.805,80.195,80.415,481238800420,3,Thursday,,
2010-01-29,80.405,81.26,79.66,79.75,439477500150,4,Friday,,
2010-02-01,79.06,80.895,79.05,80.75,383604799860,0,Monday,-0.69,-0.8652
2010-02-02,80.75,81.145,79.49,80.095,353747400080,1,Tuesday,,
2010-02-03,80.095,80.675,79.745,80.32,350434000070,2,Wednesday,,
2010-02-04,80.32,80.32,76.21,76.935,331994259820,3,Thursday,,
2010-02-05,76.935,78.135,76.19,77.435,433259789890,4,Friday,,
2010-02-08,77.605,77.935,77.11,77.15,363395300270,0,Monday,0.17,0.2195
2010-02-09,77.145,78.92,76.795,78.78,405197600020,1,Tuesday,,
2010-02-10,78.78,79.105,78.09,78.68,298731000410,2,Wednesday,,
2010-02-11,78.71,80.085,78.671,79.905,384578100370,3,Thursday,,
2010-02-12,79.89,80.46,78.855,79.81,289326850150,4,Friday,,
2010-02-15,80.04,80.155,79.75,79.955,193688640150,0,Monday,0.23,0.2882
2010-02-16,79.94,81.495,79.875,81.305,289538830000,1,Tuesday,,
2010-02-17,81.3,82.19,81.095,82.055,373995120120,2,Wednesday,,
2010-02-18,82.055,82.44,81.145,82.07,336456739900,3,Thursday,,
2010-02-19,82.095,82.515,81.62,82.24,323372400140,4,Friday,,
2010-02-22,82.4,82.8,81.775,82.045,291308660060,0,Monday,0.16,0.1946
2010-02-23,82.045,82.52,79.935,80.4,235651460150,1,Tuesday,,
2010-02-24,80.4,80.655,79.7,80.54,258940090000,2,Wednesday,,
2010-02-25,80.535,80.78,78.19,79.105,299217699900,3,Thursday,,
2010-02-26,79.105,79.795,78.905,79.635,285848000070,4,Friday,,
2010-03-01,79.605,80.495,79.605,80.28,275400899790,0,Monday,-0.03,-0.0377
2010-03-02,80.28,80.82,79.94,80.26,322956140110,1,Tuesday,,
2010-03-03,80.26,80.525,79.93,80.12,310230700140,2,Wednesday,,
2010-03-04,80.12,80.545,79.185,80.11,298275700120,3,Thursday,,
2010-03-05,80.11,82.31,79.995,81.91,242711700060,4,Friday,,
2010-03-08,82.15,82.535,81.905,82.09,312666599810,0,Monday,0.24,0.293
2010-03-09,82.09,82.285,81.265,82.22,351838900050,1,Tuesday,,
2010-03-10,82.21,83.315,82.16,82.85,317689199750,2,Wednesday,,
2010-03-11,82.85,83.055,82.265,82.825,289748100290,3,Thursday,,
2010-03-12,82.82,83.605,82.625,82.9,319112399710,4,Friday,,
2010-03-14,83.331,83.355,82.96,83.111,12214599990,6,Sunday,,
2010-03-15,83.11,83.255,82.29,82.675,330397200210,0,Monday,-0.001,-0.0012
2010-03-16,82.675,83.185,82.26,83.005,337582799510,1,Tuesday,,
2010-03-17,83.005,83.67,82.73,83.39,314567600300,2,Wednesday,,
2010-03-18,83.39,83.485,82.645,83.115,288972300310,3,Thursday,,
2010-03-19,83.083,83.5,82.655,82.835,261050999610,4,Friday,,
2010-03-21,82.817,82.85,82.627,82.812,9017599950,6,Sunday,,
2010-03-22,82.815,82.865,81.71,82.71,302380300050,0,Monday,0.003,0.0036
2010-03-23,82.71,83.155,82.475,83.095,308503750300,1,Tuesday,,
2010-03-24,83.085,83.87,82.865,83.74,366728200270,2,Wednesday,,
2010-03-25,83.74,84.655,83.605,84.16,343936400540,3,Thursday,,
2010-03-26,84.16,84.37,83.27,83.595,298239200270,4,Friday,,
2010-03-29,83.685,84.91,83.46,84.83,382074899850,0,Monday,0.09,0.1077
2010-03-30,84.83,85.57,84.485,85.295,380593030000,1,Tuesday,,
2010-03-31,85.285,85.83,84.81,85.695,383049300510,2,Wednesday,,
2010-04-01,85.695,86.545,85.475,86.39,353879299970,3,Thursday,,
2010-04-02,86.39,87.065,85.995,86.895,161430099850,4,Friday,,
2010-04-05,87.08,87.195,86.625,86.915,209715699910,0,Monday,0.185,0.2129
2010-04-06,86.915,87.115,86.09,87.05,394538439720,1,Tuesday,,
2010-04-07,87.045,87.51,86.27,86.49,369528500130,2,Wednesday,,
2010-04-08,86.485,86.82,85.705,86.715,360261899760,3,Thursday,,
2010-04-09,86.705,87.33,86.608,86.9,303600249980,4,Friday,,
2010-04-12,87.16,87.36,86.44,86.455,291040700080,0,Monday,0.26,0.2992
2010-04-13,86.455,86.595,85.45,86.575,397206760110,1,Tuesday,,
2010-04-14,86.575,87.545,86.405,87.155,384347149970,2,Wednesday,,
2010-04-15,87.145,87.46,86.685,86.925,375797590280,3,Thursday,,
2010-04-16,86.925,87.0,84.935,85.14,410836499970,4,Friday,,
2010-04-19,84.56,85.395,83.93,85.335,458616800030,0,Monday,-0.58,-0.6812
2010-04-20,85.33,86.955,85.33,86.845,513620000090,1,Tuesday,,
2010-04-21,86.84,87.17,86.17,86.35,487661799810,2,Wednesday,,
2010-04-22,86.345,86.935,85.685,86.68,547872149990,3,Thursday,,
2010-04-23,86.675,87.2,85.765,87.155,519059599350,4,Friday,,
2010-04-26,86.99,87.76,86.99,87.075,381377460430,0,Monday,-0.165,-0.1893
2010-04-27,87.07,87.205,84.975,85.35,654816400420,1,Tuesday,,
2010-04-28,85.35,87.31,84.99,86.925,533031399830,2,Wednesday,,
2010-04-29,86.925,87.495,86.54,87.175,526126000300,3,Thursday,,
2010-04-30,87.175,88.05,86.695,86.695,506599000010,4,Friday,,
2010-05-03,86.65,87.805,86.52,87.51,415892299650,0,Monday,-0.045,-0.0519
2010-05-04,87.51,87.95,85.725,85.895,408780099560,1,Tuesday,,
2010-05-05,85.885,86.545,84.655,84.99,450801700160,2,Wednesday,,
2010-05-06,84.99,85.305,76.88,80.155,485537119940,3,Thursday,,
2010-05-07,80.14,83.16,79.715,81.34,424640080330,4,Friday,,
2010-05-10,83.19,84.755,82.065,84.195,548688300500,0,Monday,1.85,2.2744
2010-05-11,84.195,84.32,82.46,82.91,574759500400,1,Tuesday,,
2010-05-12,82.91,83.66,82.2,83.3,472336179710,2,Wednesday,,
2010-05-13,83.3,84.495,82.98,83.09,616451879880,3,Thursday,,
2010-05-14,83.09,83.41,81.385,81.905,577081200080,4,Friday,,
2010-05-17,81.645,81.815,79.975,81.22,412814700020,0,Monday,-0.26,-0.3174
2010-05-18,81.22,81.64,79.475,79.71,505916799670,1,Tuesday,,
2010-05-19,79.71,79.735,76.065,77.665,577010900010,2,Wednesday,,
2010-05-20,77.655,78.025,72.53,73.26,352818899910,3,Thursday,,
2010-05-21,73.27,75.525,71.87,74.875,307379400310,4,Friday,,
2010-05-24,75.09,75.59,73.48,74.61,626457899770,0,Monday,0.215,0.2871
2010-05-25,74.61,74.67,72.045,74.655,643560800310,1,Tuesday,,
2010-05-26,74.645,75.9,73.71,73.85,655391700670,2,Wednesday,,
2010-05-27,73.85,77.665,73.66,77.49,618360199690,3,Thursday,,
2010-05-28,77.48,78.035,76.445,77.135,458194000360,4,Friday,,
2010-05-31,76.955,77.95,76.31,77.17,332460500140,0,Monday,-0.18,-0.2334
2010-06-01,77.15,77.3,75.015,75.575,482466600210,1,Tuesday,,
2010-06-02,75.575,77.61,75.33,77.55,524974660080,2,Wednesday,,
2010-06-03,77.545,79.005,77.165,78.29,491671460800,3,Thursday,,
2010-06-04,78.285,78.67,75.085,75.64,431240999860,4,Friday,,
2010-06-07,75.23,75.64,73.665,74.035,570086999390,0,Monday,-0.41,-0.542
2010-06-08,74.035,75.775,73.83,75.675,525764800360,1,Tuesday,,
2010-06-09,75.66,76.565,74.89,75.54,444929499710,2,Wednesday,,
2010-06-10,75.495,77.685,75.38,77.62,421850300160,3,Thursday,,
2010-06-11,77.635,78.01,76.915,77.9,316593999740,4,Friday,,
2010-06-14,78.295,79.6,78.025,78.62,320598000080,0,Monday,0.395,0.5071
2010-06-15,78.62,79.175,77.51,79.14,387444200160,1,Tuesday,,
2010-06-16,79.14,79.415,78.195,78.98,330498199920,2,Wednesday,,
2010-06-17,78.98,79.22,77.98,79.035,335207199950,3,Thursday,,
2010-06-18,79.035,79.185,78.365,79.075,292564200000,4,Friday,,
2010-06-21,79.613,80.855,79.32,79.83,333318300340,0,Monday,0.538,0.6804
2010-06-22,79.825,80.35,78.76,78.92,306366399990,1,Tuesday,,
2010-06-23,78.905,79.125,77.945,78.465,277664499690,2,Wednesday,,
2010-06-24,78.455,78.885,77.125,77.645,324519099950,3,Thursday,,
2010-06-25,77.645,78.29,76.985,77.945,350972299890,4,Friday,,
2010-06-28,77.91,78.42,77.58,77.925,358531700060,0,Monday,-0.035,-0.0449
2010-06-29,77.91,77.96,74.92,75.16,434708700520,1,Tuesday,,
2010-06-30,75.155,75.995,74.29,74.325,421106699820,2,Wednesday,,
2010-07-01,74.305,74.605,72.675,73.84,392970299510,3,Thursday,,
2010-07-02,73.835,75.04,73.58,73.815,358546099590,4,Friday,,
2010-07-05,73.789,74.46,73.41,73.65,257181999970,0,Monday,-0.026,-0.0352
2010-07-06,73.62,75.02,72.71,74.58,420521900300,1,Tuesday,,
2010-07-07,74.59,76.015,73.54,75.775,555050999880,2,Wednesday,,
2010-07-08,75.77,77.885,75.59,77.49,393340800400,3,Thursday,,
2010-07-09,77.485,77.875,77.185,77.735,246187399830,4,Friday,,
2010-07-12,77.674,78.09,77.095,77.605,383635099750,0,Monday,-0.061,-0.0785
2010-07-13,77.59,78.41,76.805,78.345,520892740570,1,Tuesday,,
2010-07-14,78.345,78.855,77.49,78.215,447826300140,2,Wednesday,,
2010-07-15,78.18,78.29,76.12,77.25,554043589680,3,Thursday,,
2010-07-16,77.245,77.36,75.025,75.218,426955200370,4,Friday,,
2010-07-19,74.94,75.855,74.68,75.265,464149400020,0,Monday,-0.278,-0.3696
2010-07-20,75.25,77.455,75.135,77.33,487700370850,1,Tuesday,,
2010-07-21,77.325,77.325,76.19,76.415,460333229450,2,Wednesday,,
2010-07-22,76.395,77.945,75.555,77.645,471095800300,3,Thursday,,
2010-07-23,77.645,78.44,77.23,78.3,346675999930,4,Friday,,
2010-07-26,78.37,78.705,77.775,78.395,429693399430,0,Monday,0.07,0.0894
2010-07-27,78.395,79.425,78.205,79.305,513901299810,1,Tuesday,,
2010-07-28,79.255,79.3,77.765,78.105,493997100210,2,Wednesday,,
2010-07-29,78.11,78.895,77.725,78.125,515246800350,3,Thursday,,
2010-07-30,78.125,78.565,77.345,78.155,494391800500,4,Friday,,
2010-08-02,78.172,79.305,78.075,79.015,436394510040,0,Monday,0.017,0.0218
2010-08-03,79.025,79.175,77.915,78.29,503171960480,1,Tuesday,,
2010-08-04,78.275,79.205,77.685,79.055,449203070020,2,Wednesday,,
2010-08-05,79.055,79.275,78.265,78.555,358917899940,3,Thursday,,
2010-08-06,78.555,79.045,77.84,78.49,372684089820,4,Friday,,
2010-08-09,78.483,78.82,78.28,78.74,552865570750,0,Monday,-0.007,-0.0089
2010-08-10,78.745,78.81,77.78,78.03,536146230200,1,Tuesday,,
2010-08-11,78.03,78.075,76.415,76.515,687088899970,2,Wednesday,,
2010-08-12,76.515,77.245,75.84,76.975,538622100340,3,Thursday,,
2010-08-13,76.985,77.81,76.655,76.92,559780299610,4,Friday,,
2010-08-16,76.924,77.075,75.97,76.635,487302200430,0,Monday,0.004,0.0052
2010-08-17,76.625,77.705,76.195,77.405,622699799920,1,Tuesday,,
2010-08-18,77.405,77.55,76.54,76.745,397988819840,2,Wednesday,,
2010-08-19,76.74,77.315,75.945,76.21,529380899780,3,Thursday,,
2010-08-20,76.21,76.585,75.47,76.515,456536349930,4,Friday,,
2010-08-23,75.837,76.585,75.79,75.885,440294900370,0,Monday,-0.678,-0.8861
2010-08-24,75.885,75.91,73.57,73.955,435864889880,1,Tuesday,,
2010-08-25,73.97,75.27,73.725,74.745,501293199520,2,Wednesday,,
2010-08-26,74.745,75.395,74.665,74.86,541448000410,3,Thursday,,
2010-08-27,74.84,76.805,74.55,76.59,410646799840,4,Friday,,
2010-08-30,76.972,77.51,75.38,75.45,326807069420,0,Monday,0.382,0.4988
2010-08-31,75.45,75.725,74.525,74.975,515781899660,1,Tuesday,,
2010-09-01,74.975,77.01,74.915,76.97,530113499750,2,Wednesday,,
2010-09-02,76.965,76.97,76.13,76.765,386713499950,3,Thursday,,
2010-09-03,76.755,78.05,76.35,77.24,334227039940,4,Friday,,
2010-09-06,77.04,77.4,76.935,77.245,285300000320,0,Monday,-0.2,-0.2589
2010-09-07,77.245,77.295,76.185,76.34,466064100300,1,Tuesday,,
2010-09-08,76.34,77.2,75.925,76.995,687623100090,2,Wednesday,,
2010-09-09,76.98,77.675,76.915,77.31,472707399550,3,Thursday,,
2010-09-10,77.31,78.09,77.27,77.98,336059300140,4,Friday,,
2010-09-12,78.285,78.37,78.205,78.215,955400000,6,Sunday,,
2010-09-13,78.22,78.515,77.965,78.275,388546800420,0,Monday,0.005,0.0064
2010-09-14,78.275,78.495,77.445,77.95,447076899200,1,Tuesday,,
2010-09-15,77.94,80.63,77.905,80.385,351732749680,2,Wednesday,,
2010-09-16,80.385,80.53,79.585,80.315,363053419700,3,Thursday,,
2010-09-17,80.315,81.295,80.195,80.325,362791950580,4,Friday,,
2010-09-19,80.367,80.475,80.32,80.47,1236600000,6,Sunday,,
2010-09-20,80.47,81.42,80.23,81.04,326341500010,0,Monday,0.0,0.0
2010-09-21,81.04,81.35,80.56,81.15,284348400250,1,Tuesday,,
2010-09-22,81.15,81.295,80.28,80.765,206540890220,2,Wednesday,,
2010-09-23,80.765,80.955,79.82,80.1,393201900160,3,Thursday,,
2010-09-24,80.095,81.11,80.0,80.765,348353400380,4,Friday,,
2010-09-26,80.972,81.05,80.895,80.995,1593300000,6,Sunday,,
2010-09-27,80.965,81.24,80.635,80.94,426927099840,0,Monday,-0.03,-0.037
2010-09-28,80.94,81.26,80.455,81.085,446098900340,1,Tuesday,,
2010-09-29,81.085,81.365,80.935,81.055,388937999990,2,Wednesday,,
2010-09-30,81.06,81.35,80.42,80.625,297624599780,3,Thursday,,
2010-10-01,80.625,81.14,80.48,80.895,422409299920,4,Friday,,
2010-10-03,80.975,80.99,80.915,80.98,1177299990,6,Sunday,,
2010-10-04,80.975,81.28,80.335,80.695,323325660110,0,Monday,-0.005,-0.0062
2010-10-05,80.7,80.915,79.805,80.8,346006740240,1,Tuesday,,
2010-10-06,80.8,81.225,80.615,80.985,448957260280,2,Wednesday,,
2010-10-07,80.98,81.82,80.65,80.755,321577340180,3,Thursday,,
2010-10-08,80.76,81.025,79.74,80.635,234055949750,4,Friday,,
2010-10-10,80.995,81.085,80.54,80.755,1055000000,6,Sunday,,
2010-10-11,80.76,81.115,80.59,80.715,314394440310,0,Monday,0.005,0.0062
2010-10-12,80.715,80.89,79.985,80.675,408450000420,1,Tuesday,,
2010-10-13,80.675,81.28,80.515,80.955,371282100300,2,Wednesday,,
2010-10-14,80.955,81.345,80.61,80.925,409955499740,3,Thursday,,
2010-10-15,80.92,81.0,80.245,80.62,340141400400,4,Friday,,
2010-10-17,80.778,80.778,80.55,80.625,1641700010,6,Sunday,,
2010-10-18,80.625,80.745,79.64,80.445,470520499830,0,Monday,0.0,0.0
2010-10-19,80.45,80.845,78.78,79.265,409357700280,1,Tuesday,,
2010-10-20,79.255,80.165,78.69,80.025,331006299650,2,Wednesday,,
2010-10-21,80.02,80.305,79.19,79.575,349828400390,3,Thursday,,
2010-10-22,79.575,79.995,79.32,79.945,333876000000,4,Friday,,
2010-10-24,80.16,80.228,80.091,80.149,10323099990,6,Sunday,,
2010-10-25,80.149,80.563,79.896,79.986,182751300290,0,Monday,0.0,0.0
2010-10-26,79.986,80.35,79.876,80.277,101306500000,1,Tuesday,,
2010-10-27,80.267,80.327,78.9,79.467,100543900000,2,Wednesday,,
2010-10-28,79.466,79.738,79.027,79.247,104361700020,3,Thursday,,
2010-10-29,79.257,79.343,78.184,79.047,97852300010,4,Friday,,
2010-10-31,79.052,79.148,78.992,79.112,3115900000,6,Sunday,,
2010-11-01,79.108,80.131,79.026,79.467,101396800000,0,Monday,-0.004,-0.0051
2010-11-02,79.467,81.006,79.465,80.573,91052799990,1,Tuesday,,
2010-11-03,80.573,81.676,80.317,81.596,89646499980,2,Wednesday,,
2010-11-04,81.592,82.157,81.034,81.91,91456600000,3,Thursday,,
2010-11-05,81.91,82.65,81.456,82.54,79962199990,4,Friday,,
2010-11-08,82.447,82.555,81.761,82.257,86086900020,0,Monday,-0.093,-0.1127
2010-11-09,82.257,82.392,81.413,81.966,93437900010,1,Tuesday,,
2010-11-10,81.966,82.843,81.749,82.706,87279300000,2,Wednesday,,
2010-11-11,82.706,82.827,82.114,82.286,86542000000,3,Thursday,,
2010-11-12,82.263,82.395,80.338,81.227,87811600020,4,Friday,,
2010-11-15,81.518,82.144,81.193,81.836,58135199990,0,Monday,0.291,0.3583
2010-11-16,81.836,82.017,81.146,81.336,56636099990,1,Tuesday,,
2010-11-17,81.326,81.708,81.146,81.476,50051400000,2,Wednesday,,
2010-11-18,81.476,82.762,81.396,82.667,50527500000,3,Thursday,,
2010-11-19,82.652,82.801,81.718,82.386,43622400000,4,Friday,,
2010-11-22,82.408,82.995,81.946,82.357,43727800000,0,Monday,0.022,0.0267
2010-11-23,82.357,82.395,80.45,80.827,54893100000,1,Tuesday,,
2010-11-24,80.832,82.137,80.759,81.982,55938800000,2,Wednesday,,
2010-11-25,81.996,82.284,81.482,81.977,37077800000,3,Thursday,,
2010-11-26,81.977,82.049,80.552,81.113,48007400000,4,Friday,,
2010-11-29,81.326,81.468,80.636,81.136,86147100060,0,Monday,0.213,0.2626
2010-11-30,81.127,81.371,79.83,80.216,161748099990,1,Tuesday,,
2010-12-01,80.18,81.649,79.747,81.516,141772699950,2,Wednesday,,
2010-12-02,81.506,81.937,80.904,81.877,127528000150,3,Thursday,,
2010-12-03,81.877,82.281,81.129,81.917,117165799960,4,Friday,,
2010-12-06,81.772,82.157,81.507,81.807,107440599900,0,Monday,-0.145,-0.177
2010-12-07,81.797,82.464,81.398,82.047,124577099990,1,Tuesday,,
2010-12-08,82.046,82.614,81.972,82.307,158492900170,2,Wednesday,,
2010-12-09,82.297,82.82,82.132,82.386,146949000020,3,Thursday,,
2010-12-10,82.386,82.816,82.222,82.697,103150799840,4,Friday,,
2010-12-13,82.605,83.334,82.581,83.057,119452300150,0,Monday,-0.092,-0.1112
2010-12-14,83.057,83.677,82.874,83.567,139025999870,1,Tuesday,,
2010-12-15,83.555,83.601,82.981,83.126,137243799920,2,Wednesday,,
2010-12-16,83.126,83.256,82.947,83.076,124832800300,3,Thursday,,
2010-12-17,83.076,83.26,82.749,82.952,119608599920,4,Friday,,
2010-12-20,82.946,83.346,82.728,83.207,130454352880,0,Monday,-0.006,-0.0072
2010-12-21,83.207,83.578,83.068,83.53,116095337690,1,Tuesday,,
2010-12-22,83.519,83.589,83.277,83.416,114765605110,2,Wednesday,,
2010-12-23,83.433,83.528,83.117,83.247,86253979470,3,Thursday,,
2010-12-24,83.236,83.418,83.145,83.187,58387743720,4,Friday,,
2010-12-27,82.806,83.237,82.755,83.149,58037064990,0,Monday,-0.381,-0.458
2010-12-28,83.15,83.344,82.969,83.197,102126139910,1,Tuesday,,
2010-12-29,83.197,83.26,82.975,83.013,94073330120,2,Wednesday,,
2010-12-30,83.012,83.106,82.633,82.896,78032100080,3,Thursday,,
2010-12-31,82.871,83.195,82.643,82.941,59536629950,4,Friday,,
2011-01-03,82.799,83.267,82.679,83.091,83440749940,0,Monday,-0.142,-0.1712
2011-01-04,83.086,83.14,81.97,82.437,143062449970,1,Tuesday,,
2011-01-05,82.436,83.368,81.949,83.198,125802899970,2,Wednesday,,
2011-01-06,83.196,83.364,82.548,82.827,125567019870,3,Thursday,,
2011-01-07,82.827,83.084,82.208,82.756,140096600020,4,Friday,,
2011-01-10,82.566,82.85,81.871,82.326,118499490000,0,Monday,-0.19,-0.2296
2011-01-11,82.326,82.379,81.573,82.157,119767630080,1,Tuesday,,
2011-01-12,82.157,82.864,81.714,82.697,118679310010,2,Wednesday,,
2011-01-13,82.697,82.963,82.328,82.596,116592529930,3,Thursday,,
2011-01-14,82.597,82.739,81.685,81.91,115796899880,4,Friday,,
2011-01-17,82.01,82.318,81.767,82.147,84421540080,0,Monday,0.1,0.1221
2011-01-18,82.147,82.566,81.801,82.497,128749709960,1,Tuesday,,
2011-01-19,82.487,82.782,81.936,82.077,140401949890,2,Wednesday,,
2011-01-20,82.062,82.106,81.513,81.916,155806850070,3,Thursday,,
2011-01-21,81.916,82.071,81.616,81.707,130568430050,4,Friday,,
2011-01-24,81.509,82.487,81.475,82.297,106259680070,0,Monday,-0.198,-0.2423
2011-01-25,82.279,82.392,81.474,81.966,111615799880,1,Tuesday,,
2011-01-26,81.956,82.194,81.692,82.096,99115120060,2,Wednesday,,
2011-01-27,82.076,82.436,81.657,82.229,117866139990,3,Thursday,,
2011-01-28,82.228,82.251,81.304,81.607,130760660110,4,Friday,,
2011-01-31,81.071,81.897,80.974,81.807,132678719990,0,Monday,-0.536,-0.6568
2011-02-01,81.806,82.565,81.746,82.237,156710730120,1,Tuesday,,
2011-02-02,82.237,82.552,81.989,82.366,154060750150,2,Wednesday,,
2011-02-03,82.357,82.945,82.235,82.856,166378760340,3,Thursday,,
2011-02-04,82.835,83.506,82.508,83.306,183294190000,4,Friday,,
2011-02-07,83.254,83.7,83.018,83.426,158836940110,0,Monday,-0.052,-0.0624
2011-02-08,83.426,83.72,83.107,83.557,163380330260,1,Tuesday,,
2011-02-09,83.556,83.556,83.077,83.337,155736830030,2,Wednesday,,
2011-02-10,83.337,83.728,82.928,83.567,170325610080,3,Thursday,,
2011-02-11,83.567,83.704,83.183,83.577,129803989990,4,Friday,,
2011-02-14,83.323,83.775,83.282,83.556,122324120080,0,Monday,-0.254,-0.3039
2011-02-15,83.556,83.889,83.366,83.457,164288050010,1,Tuesday,,
2011-02-16,83.463,83.999,83.403,83.916,162274220060,2,Wednesday,,
2011-02-17,83.916,84.396,83.753,84.28,146751090010,3,Thursday,,
2011-02-18,84.276,84.468,84.199,84.377,146676050100,4,Friday,,
2011-02-21,84.183,84.364,83.778,83.903,95610299870,0,Monday,-0.194,-0.2299
2011-02-22,83.896,84.218,82.466,82.656,203274969830,1,Tuesday,,
2011-02-23,82.657,83.176,82.236,82.678,163673230200,2,Wednesday,,
2011-02-24,82.676,82.853,81.89,82.613,189900090040,3,Thursday,,
2011-02-25,82.586,83.197,82.554,83.106,143757089900,4,Friday,,
2011-02-28,82.869,83.453,82.629,83.277,154194550050,0,Monday,-0.237,-0.2852
2011-03-01,83.277,83.717,82.937,82.937,156076999940,1,Tuesday,,
2011-03-02,82.928,83.327,82.616,83.247,152264920010,2,Wednesday,,
2011-03-03,83.237,83.693,82.99,83.637,174266699830,3,Thursday,,
2011-03-04,83.637,83.988,83.122,83.406,140047289790,4,Friday,,
2011-03-07,83.515,83.608,82.93,83.196,158689589880,0,Monday,0.109,0.1307
2011-03-08,83.196,83.652,83.111,83.466,166739690000,1,Tuesday,,
2011-03-09,83.428,83.747,83.374,83.627,156034300060,2,Wednesday,,
2011-03-10,83.59,83.746,82.843,83.033,171401890210,3,Thursday,,
2011-03-11,83.039,83.299,81.947,82.928,191546739920,4,Friday,,
2011-03-13,82.888,83.008,82.59,82.7,5350020000,6,Sunday,,
2011-03-14,82.707,83.201,81.389,82.433,195403319950,0,Monday,0.007,0.0085
2011-03-15,82.433,82.645,79.275,79.892,264495350050,1,Tuesday,,
2011-03-16,79.892,80.747,75.005,75.053,259928679530,2,Wednesday,,
2011-03-17,75.054,78.147,74.917,77.578,289047709880,3,Thursday,,
2011-03-18,77.577,81.43,77.363,80.17,232149079370,4,Friday,,
2011-03-20,80.427,80.561,80.253,80.509,7400249980,6,Sunday,,
2011-03-21,80.514,81.831,80.381,81.643,162266899800,0,Monday,0.005,0.0062
2011-03-22,81.643,82.123,81.26,81.866,145339749790,1,Tuesday,,
2011-03-23,81.868,82.159,81.34,82.009,173710510100,2,Wednesday,,
2011-03-24,82.007,82.82,81.833,82.686,164959859880,3,Thursday,,
2011-03-25,82.679,83.617,82.507,83.418,147529860020,4,Friday,,
2011-03-27,83.336,83.411,83.185,83.384,1797540000,6,Sunday,,
2011-03-28,83.398,84.225,83.361,83.711,138786729950,0,Monday,0.014,0.0168
2011-03-29,83.711,84.899,83.417,84.827,159924220120,1,Tuesday,,
2011-03-30,84.827,85.792,84.72,85.574,186036809870,2,Wednesday,,
2011-03-31,85.572,86.112,85.162,85.93,162348769820,3,Thursday,,
2011-04-01,85.934,87.595,85.88,87.243,183658619920,4,Friday,,
2011-04-04,87.536,87.689,86.697,87.084,129544950150,0,Monday,0.293,0.3358
2011-04-05,87.077,87.779,86.793,87.64,144916720020,1,Tuesday,,
2011-04-06,87.644,89.273,87.587,89.227,162616669940,2,Wednesday,,
2011-04-07,89.217,89.59,88.086,88.872,169551369820,3,Thursday,,
2011-04-08,88.869,89.929,88.722,89.544,146712810020,4,Friday,,
2011-04-11,89.536,90.023,88.714,88.754,134303930050,0,Monday,-0.008,-0.0089
2011-04-12,88.746,89.084,86.861,87.187,198388639860,1,Tuesday,,
2011-04-13,87.187,88.523,87.152,88.062,170262689940,2,Wednesday,,
2011-04-14,88.039,88.229,86.951,87.997,172897319750,3,Thursday,,
2011-04-15,87.969,88.321,87.226,87.789,141021469950,4,Friday,,
2011-04-18,87.845,87.916,85.984,86.814,156547599940,0,Monday,0.056,0.0638
2011-04-19,86.804,86.975,86.077,86.888,156133390350,1,Tuesday,,
2011-04-20,86.887,88.486,86.823,88.427,175341599990,2,Wednesday,,
2011-04-21,88.416,88.568,87.566,87.937,143271990060,3,Thursday,,
2011-04-22,87.937,88.181,87.729,87.83,40999490000,4,Friday,,
2011-04-25,87.815,88.502,87.549,87.708,99636929890,0,Monday,-0.015,-0.0171
2011-04-26,87.682,88.383,87.214,87.906,159004609740,1,Tuesday,,
2011-04-27,87.901,89.302,87.683,89.251,171039309950,2,Wednesday,,
2011-04-28,89.247,89.586,88.611,89.038,164331730020,3,Thursday,,
2011-04-29,89.026,89.237,88.686,88.986,117053260100,4,Friday,,
2011-05-02,88.945,89.305,88.746,88.815,130862280180,0,Monday,-0.041,-0.0461
2011-05-03,88.815,88.915,87.508,87.709,150274960080,1,Tuesday,,
2011-05-04,87.694,88.11,86.384,86.587,152960300090,2,Wednesday,,
2011-05-05,86.587,86.819,84.316,84.681,212002740160,3,Thursday,,
2011-05-06,84.677,87.044,84.659,86.232,258580509870,4,Friday,,
2011-05-09,86.315,87.004,86.232,86.813,189229330080,0,Monday,0.083,0.0963
2011-05-10,86.811,87.671,86.235,87.618,177102800150,1,Tuesday,,
2011-05-11,87.61,88.101,86.106,86.69,189257330060,2,Wednesday,,
2011-05-12,86.681,86.917,85.325,86.397,194178759500,3,Thursday,,
2011-05-13,86.397,86.484,84.882,85.382,186031420120,4,Friday,,
2011-05-16,85.523,86.086,84.929,85.245,178933379780,0,Monday,0.141,0.1651
2011-05-17,85.237,86.711,85.211,86.49,194971130040,1,Tuesday,,
2011-05-18,86.486,86.839,85.738,86.776,179830800000,2,Wednesday,,
2011-05-19,86.776,87.541,86.495,87.041,184696140010,3,Thursday,,
2011-05-20,87.038,87.392,86.672,87.06,165237840020,4,Friday,,
2011-05-23,87.001,87.11,85.679,86.117,193134459830,0,Monday,-0.059,-0.0678
2011-05-24,86.106,86.911,85.865,86.519,177950899880,1,Tuesday,,
2011-05-25,86.514,86.729,85.464,86.309,200161169650,2,Wednesday,,
2011-05-26,86.289,86.941,85.96,86.498,184504999990,3,Thursday,,
2011-05-27,86.484,86.953,86.141,86.484,187127720210,4,Friday,,
2011-05-30,86.582,86.625,86.264,86.498,71101169980,0,Monday,0.098,0.1133
2011-05-31,86.483,87.427,86.457,86.981,180140059930,1,Tuesday,,
2011-06-01,86.976,87.602,85.758,85.895,187199090150,2,Wednesday,,
2011-06-02,85.893,86.599,85.673,86.287,186905190010,3,Thursday,,
2011-06-03,86.277,86.589,84.964,85.984,171496619960,4,Friday,,
2011-06-06,85.967,86.45,85.585,85.791,152053160130,0,Monday,-0.017,-0.0198
2011-06-07,85.777,86.264,85.63,85.847,156190500130,1,Tuesday,,
2011-06-08,85.843,86.0,84.419,84.842,176136709770,2,Wednesday,,
2011-06-09,84.842,85.534,84.457,85.366,171104869920,3,Thursday,,
2011-06-10,85.36,85.526,84.45,84.587,169751909800,4,Friday,,
2011-06-13,84.554,85.324,84.476,85.04,152966519940,0,Monday,-0.033,-0.039
2011-06-14,85.028,86.25,84.748,85.965,167599470140,1,Tuesday,,
2011-06-15,85.96,86.388,85.266,85.575,183125629960,2,Wednesday,,
2011-06-16,85.574,85.697,84.614,85.128,207301020090,3,Thursday,,
2011-06-17,85.087,85.393,84.551,84.982,186637529910,4,Friday,,
2011-06-20,84.971,85.064,84.081,84.919,157201990100,0,Monday,-0.011,-0.0129
2011-06-21,84.919,85.153,84.421,85.006,150919170070,1,Tuesday,,
2011-06-22,85.006,85.344,84.723,84.869,156063139970,2,Wednesday,,
2011-06-23,84.879,85.087,84.237,84.688,195004170110,3,Thursday,,
2011-06-24,84.678,85.026,84.287,84.322,181371120210,4,Friday,,
2011-06-27,84.148,84.555,84.043,84.451,201093860190,0,Monday,-0.174,-0.2064
2011-06-28,84.449,85.543,84.295,85.483,191165909840,1,Tuesday,,
2011-06-29,85.488,86.37,85.226,86.255,173379709880,2,Wednesday,,
2011-06-30,86.255,86.736,86.103,86.365,164940889940,3,Thursday,,
2011-07-01,86.354,87.24,86.246,86.994,154011289870,4,Friday,,
2011-07-04,87.059,87.211,86.452,86.719,100467190070,0,Monday,0.065,0.0747
2011-07-05,86.721,86.898,86.441,86.665,151679299810,1,Tuesday,,
2011-07-06,86.669,86.829,86.273,86.555,150237179970,2,Wednesday,,
2011-07-07,86.554,87.556,86.492,87.522,145798649810,3,Thursday,,
2011-07-08,87.522,87.743,86.286,86.686,160904120120,4,Friday,,
2011-07-11,86.232,86.621,85.283,85.508,179632069950,0,Monday,-0.454,-0.5237
2011-07-12,85.511,85.658,83.371,83.951,234392159770,1,Tuesday,,
2011-07-13,83.946,85.245,83.141,84.928,196185329890,2,Wednesday,,
2011-07-14,84.986,85.285,84.322,84.837,196475179780,3,Thursday,,
2011-07-15,84.837,85.073,83.95,84.221,158783800040,4,Friday,,
2011-07-18,84.048,84.306,83.53,83.822,143689500130,0,Monday,-0.173,-0.2054
2011-07-19,83.825,85.02,83.765,84.958,152977840190,1,Tuesday,,
2011-07-20,84.959,85.235,84.442,84.663,134284400060,2,Wednesday,,
2011-07-21,84.663,85.285,84.245,84.852,163411180020,3,Thursday,,
2011-07-22,84.858,85.352,84.77,85.139,123747709870,4,Friday,,
2011-07-25,84.788,85.21,84.45,84.868,130649389940,0,Monday,-0.351,-0.4123
2011-07-26,84.882,85.611,84.541,85.312,144459620020,1,Tuesday,,
2011-07-27,85.314,86.144,85.144,85.897,149301699910,2,Wednesday,,
2011-07-28,85.886,86.125,85.321,85.439,142127609950,3,Thursday,,
2011-07-29,85.434,85.611,84.238,84.373,171244560080,4,Friday,,
2011-08-01,85.07,86.172,83.769,84.692,186683089990,0,Monday,0.697,0.8261
2011-08-02,84.691,85.594,83.089,83.135,188155380180,1,Tuesday,,
2011-08-03,83.135,83.427,82.073,82.835,210169260140,2,Wednesday,,
2011-08-04,82.837,85.153,82.495,82.532,252899550050,3,Thursday,,
2011-08-05,82.532,83.149,81.408,81.885,269797379800,4,Friday,,
2011-08-08,81.259,81.731,78.973,79.199,260024539890,0,Monday,-0.626,-0.7645
2011-08-09,79.199,79.896,76.507,79.649,298196469720,1,Tuesday,,
2011-08-10,79.649,80.333,77.75,78.192,250325319690,2,Wednesday,,
2011-08-11,78.192,79.629,77.545,79.518,241185449980,3,Thursday,,
2011-08-12,79.518,79.616,78.568,79.368,187990729790,4,Friday,,
2011-08-15,79.626,80.76,79.524,80.715,146394170060,0,Monday,0.258,0.3251
2011-08-16,80.688,80.774,79.819,80.492,166348820110,1,Tuesday,,
2011-08-17,80.492,81.154,80.03,80.787,153243259960,2,Wednesday,,
2011-08-18,80.786,80.875,79.182,79.534,173712229920,3,Thursday,,
2011-08-19,79.534,79.992,78.848,79.639,200577779990,4,Friday,,
2011-08-22,79.665,80.474,79.509,79.916,158074349880,0,Monday,0.026,0.0326
2011-08-23,79.916,80.806,79.73,80.668,155164029990,1,Tuesday,,
2011-08-24,80.674,80.79,80.047,80.609,146028959960,2,Wednesday,,
2011-08-25,80.604,81.102,80.164,80.795,160262310140,3,Thursday,,
2011-08-26,80.788,81.278,80.139,81.066,145511769840,4,Friday,,
2011-08-29,81.231,81.897,80.981,81.867,105076110070,0,Monday,0.165,0.2035
2011-08-30,81.868,82.196,81.533,81.964,126344029950,1,Tuesday,,
2011-08-31,81.974,82.202,81.645,82.079,114181710030,2,Wednesday,,
2011-09-01,82.079,82.822,81.897,82.461,138339699950,3,Thursday,,
2011-09-02,82.461,82.553,81.536,81.715,119110180020,4,Friday,,
2011-09-05,81.534,81.649,80.843,81.097,84256330070,0,Monday,-0.181,-0.2215
2011-09-06,81.09,81.999,80.603,81.396,158535870030,1,Tuesday,,
2011-09-07,81.395,82.362,81.326,82.357,128431299910,2,Wednesday,,
2011-09-08,82.359,82.442,81.797,81.951,126328539960,3,Thursday,,
2011-09-09,81.95,82.421,80.488,81.208,145602380190,4,Friday,,
2011-09-12,80.774,80.913,78.877,79.869,175078979990,0,Monday,-0.434,-0.5344
2011-09-13,79.868,80.003,79.019,79.337,159970419930,1,Tuesday,,
2011-09-14,79.338,79.778,78.109,78.774,158997640050,2,Wednesday,,
2011-09-15,78.764,79.435,78.088,79.19,138102150010,3,Thursday,,
2011-09-16,79.191,79.914,79.032,79.523,123041279900,4,Friday,,
2011-09-19,79.225,79.373,77.722,78.276,127724199960,0,Monday,-0.298,-0.3747
2011-09-20,78.273,78.85,77.725,78.545,148737879910,1,Tuesday,,
2011-09-21,78.544,78.639,76.698,76.743,143575170080,2,Wednesday,,
2011-09-22,76.761,77.311,73.879,74.252,195885460000,3,Thursday,,
2011-09-23,74.252,75.243,73.641,74.858,167989850170,4,Friday,,
2011-09-26,74.973,75.41,73.383,75.07,196074909970,0,Monday,0.115,0.1536
2011-09-27,75.068,76.678,74.638,76.136,168050820100,1,Tuesday,,
2011-09-28,76.133,76.184,74.8,74.915,160628489940,2,Wednesday,,
2011-09-29,74.915,75.908,74.139,75.138,173138030150,3,Thursday,,
2011-09-30,75.137,75.291,74.278,74.412,164677019900,4,Friday,,
2011-10-02,74.419,74.622,74.416,74.601,1312990000,6,Sunday,,
2011-10-03,74.601,74.866,72.779,73.027,191698929970,0,Monday,0.0,0.0
2011-10-04,73.027,73.786,72.05,73.374,214263919550,1,Tuesday,,
2011-10-05,73.389,74.23,72.7,74.152,173778929880,2,Wednesday,,
2011-10-06,74.152,74.833,73.832,74.625,168971830100,3,Thursday,,
2011-10-07,74.624,75.878,74.6,74.919,152820869900,4,Friday,,
2011-10-09,74.866,74.973,74.825,74.95,2094890000,6,Sunday,,
2011-10-10,74.955,76.803,74.885,76.631,135566690060,0,Monday,0.005,0.0067
2011-10-11,76.628,76.673,75.95,76.38,154923079850,1,Tuesday,,
2011-10-12,76.376,78.968,75.669,78.292,172757379950,2,Wednesday,,
2011-10-13,78.296,78.917,77.61,78.303,170793660080,3,Thursday,,
2011-10-14,78.304,79.913,78.028,79.814,149065780010,4,Friday,,
2011-10-16,79.567,79.658,79.514,79.638,1725140000,6,Sunday,,
2011-10-17,79.635,80.274,77.953,78.12,173807019970,0,Monday,-0.003,-0.0038
2011-10-18,78.123,79.336,77.626,78.803,186458959930,1,Tuesday,,
2011-10-19,78.803,79.542,78.313,78.604,158494000070,2,Wednesday,,
2011-10-20,78.605,79.037,77.839,78.586,184055489920,3,Thursday,,
2011-10-21,78.586,79.143,78.214,79.126,161385440060,4,Friday,,
2011-10-23,78.721,78.839,78.634,78.72,1113480000,6,Sunday,,
2011-10-24,78.72,79.831,78.585,79.679,156033700050,0,Monday,0.0,0.0
2011-10-25,79.677,79.911,78.996,79.345,161476069740,1,Tuesday,,
2011-10-26,79.351,79.43,78.37,79.282,166542919770,2,Wednesday,,
2011-10-27,79.28,81.614,79.118,81.389,178103970010,3,Thursday,,
2011-10-28,81.389,81.432,80.764,81.097,142660549930,4,Friday,,
2011-10-30,80.898,81.179,80.898,81.042,1483130010,6,Sunday,,
2011-10-31,81.044,83.947,80.728,82.396,207639419870,0,Monday,0.002,0.0025
2011-11-01,82.39,83.189,80.29,80.925,212117069920,1,Tuesday,,
2011-11-02,80.921,81.401,80.341,80.709,188764769720,2,Wednesday,,
2011-11-03,80.706,81.443,79.639,81.154,192904099810,3,Thursday,,
2011-11-04,81.176,81.463,80.698,81.16,154754689930,4,Friday,,
2011-11-07,81.36,81.467,80.233,80.996,160207369790,0,Monday,0.2,0.2464
2011-11-08,80.996,81.074,80.241,80.77,161452739950,1,Tuesday,,
2011-11-09,80.77,80.828,78.864,78.905,186614910000,2,Wednesday,,
2011-11-10,78.902,79.269,78.049,78.832,189947390060,3,Thursday,,
2011-11-11,78.831,79.507,78.27,79.302,138672290080,4,Friday,,
2011-11-14,79.9,79.912,78.31,78.642,152680290070,0,Monday,0.598,0.7541
2011-11-15,78.643,79.096,77.832,78.389,164919219880,1,Tuesday,,
2011-11-16,78.389,78.443,77.458,77.69,177702550170,2,Wednesday,,
2011-11-17,77.691,77.911,76.777,76.973,190719260010,3,Thursday,,
2011-11-18,76.975,77.418,76.592,76.986,171899799990,4,Friday,,
2011-11-21,76.795,76.974,75.479,75.632,175168749940,0,Monday,-0.191,-0.2481
2011-11-22,75.643,76.3,75.58,75.68,172100369970,1,Tuesday,,
2011-11-23,75.681,75.846,74.821,74.887,164935919980,2,Wednesday,,
2011-11-24,74.886,75.47,74.778,75.068,122483779890,3,Thursday,,
2011-11-25,75.068,75.925,74.802,75.452,138513190440,4,Friday,,
2011-11-28,76.19,77.801,75.854,77.243,171573860310,0,Monday,0.738,0.9781
2011-11-29,77.238,78.252,77.058,77.922,181796609970,1,Tuesday,,
2011-11-30,77.922,80.03,77.485,79.809,197513970030,2,Wednesday,,
2011-12-01,79.809,79.81,78.833,79.58,165157529650,3,Thursday,,
2011-12-02,79.581,80.509,79.376,79.632,146353859920,4,Friday,,
2011-12-05,79.997,80.191,79.541,79.917,182454540030,0,Monday,0.365,0.4584
2011-12-06,79.915,79.928,78.927,79.629,161412339720,1,Tuesday,,
2011-12-07,79.628,80.006,79.526,79.953,152557229850,2,Wednesday,,
2011-12-08,79.953,80.137,78.845,78.916,198896110100,3,Thursday,,
2011-12-09,78.918,79.342,78.032,79.308,188854530080,4,Friday,,
2011-12-12,79.271,79.272,78.239,78.479,182519829780,0,Monday,-0.037,-0.0467
2011-12-13,78.479,78.914,77.835,78.123,193219679920,1,Tuesday,,
2011-12-14,78.122,78.289,77.178,77.364,191398429890,2,Wednesday,,
2011-12-15,77.364,77.7,76.982,77.244,176638939830,3,Thursday,,
2011-12-16,77.248,78.006,77.211,77.626,163862989850,4,Friday,,
2011-12-19,77.667,77.669,77.101,77.223,192674709980,0,Monday,0.041,0.0528
2011-12-20,77.221,78.521,77.203,78.508,184478589980,1,Tuesday,,
2011-12-21,78.51,79.362,78.239,78.807,194450699990,2,Wednesday,,
2011-12-22,78.86,79.283,78.55,79.172,154741260080,3,Thursday,,
2011-12-23,79.169,79.5,79.082,79.192,92000090020,4,Friday,,
2011-12-26,79.251,79.313,79.021,79.27,18985129990,0,Monday,0.059,0.0745
2011-12-27,79.26,79.297,78.964,79.099,72864380040,1,Tuesday,,
2011-12-28,79.099,79.211,78.535,78.657,131994339920,2,Wednesday,,
2011-12-29,78.657,78.75,78.175,78.678,120093030000,3,Thursday,,
2011-12-30,78.678,79.039,78.371,78.502,122856119930,4,Friday,,
2012-01-02,78.656,78.896,78.404,78.667,19021580000,0,Monday,0.154,0.1962
2012-01-03,78.66,79.699,78.659,79.625,140471879970,1,Tuesday,,
2012-01-04,79.617,79.714,79.088,79.533,142331679830,2,Wednesday,,
2012-01-05,79.534,79.575,78.691,79.134,162113229980,3,Thursday,,
2012-01-06,79.113,79.372,78.655,78.71,117710650030,4,Friday,,
2012-01-09,78.437,78.793,78.088,78.69,147499300050,0,Monday,-0.273,-0.3468
2012-01-10,78.695,79.511,78.611,79.263,150114550060,1,Tuesday,,
2012-01-11,79.263,79.446,78.977,79.231,145888920050,2,Wednesday,,
2012-01-12,79.233,79.756,78.987,79.298,151351680120,3,Thursday,,
2012-01-13,79.293,79.495,78.774,79.433,164109170200,4,Friday,,
2012-01-16,79.279,79.298,78.803,79.181,118630469960,0,Monday,-0.154,-0.1939
2012-01-17,79.181,80.116,79.092,79.712,158631309910,1,Tuesday,,
2012-01-18,79.71,80.189,79.46,80.171,163512730080,2,Wednesday,,
2012-01-19,80.165,80.53,79.613,80.335,159713100160,3,Thursday,,
2012-01-20,80.335,80.869,80.138,80.728,144794849960,4,Friday,,
2012-01-23,80.635,81.444,80.48,81.063,133679999920,0,Monday,-0.093,-0.1152
2012-01-24,81.064,81.536,80.722,81.492,152085210010,1,Tuesday,,
2012-01-25,81.487,82.472,81.221,82.418,189547010020,2,Wednesday,,
2012-01-26,82.42,82.841,82.173,82.334,155077600150,3,Thursday,,
2012-01-27,82.338,82.4,81.427,81.688,173368159900,4,Friday,,
2012-01-30,81.548,81.747,80.51,80.91,159753050280,0,Monday,-0.14,-0.1714
2012-01-31,80.911,81.53,80.704,80.998,174833739980,1,Tuesday,,
2012-02-01,80.997,81.869,80.563,81.556,173003239890,2,Wednesday,,
2012-02-02,81.563,81.882,81.318,81.646,157343920010,3,Thursday,,
2012-02-03,81.641,82.615,81.304,82.472,141535090140,4,Friday,,
2012-02-06,82.411,82.464,81.88,82.101,113196330020,0,Monday,-0.061,-0.074
2012-02-07,82.099,83.195,82.013,82.953,143337459990,1,Tuesday,,
2012-02-08,82.955,83.618,82.79,83.19,139968469670,2,Wednesday,,
2012-02-09,83.185,83.862,82.856,83.756,211412179810,3,Thursday,,
2012-02-10,83.756,83.813,82.651,82.826,230993080150,4,Friday,,
2012-02-13,82.875,83.696,82.839,83.241,227768799880,0,Monday,0.049,0.0592
2012-02-14,83.241,83.905,82.758,83.857,268955729660,1,Tuesday,,
2012-02-15,83.841,84.607,83.687,83.885,255033179500,2,Wednesday,,
2012-02-16,83.884,84.996,83.539,84.887,256222559600,3,Thursday,,
2012-02-17,84.888,85.495,84.669,85.159,226056660290,4,Friday,,
2012-02-20,85.709,86.351,85.306,85.64,176512989870,0,Monday,0.55,0.6459
2012-02-21,85.634,85.746,84.865,85.013,239683370020,1,Tuesday,,
2012-02-22,85.02,85.593,84.71,85.405,238444049840,2,Wednesday,,
2012-02-23,85.405,85.956,85.032,85.722,185198070260,3,Thursday,,
2012-02-24,85.722,86.843,85.66,86.809,182461140050,4,Friday,,
2012-02-27,86.976,87.469,85.617,86.713,213429119880,0,Monday,0.167,0.1924
2012-02-28,86.706,87.125,86.11,86.622,218319449780,1,Tuesday,,
2012-02-29,86.622,87.536,86.583,87.079,232559779900,2,Wednesday,,
2012-03-01,87.071,87.71,86.855,87.664,223356379860,3,Thursday,,
2012-03-02,87.661,88.001,87.543,87.781,200828549870,4,Friday,,
2012-03-05,87.817,87.923,86.652,87.018,217561069990,0,Monday,0.036,0.041
2012-03-06,87.026,87.119,84.85,85.346,245952589950,1,Tuesday,,
2012-03-07,85.346,86.017,84.806,85.808,213691379940,2,Wednesday,,
2012-03-08,85.806,87.103,85.538,86.765,222513749830,3,Thursday,,
2012-03-09,86.771,87.601,86.536,87.204,205684630070,4,Friday,,
2012-03-11,87.074,87.182,86.993,87.171,1369470000,6,Sunday,,
2012-03-12,87.171,87.257,86.085,86.522,186213010150,0,Monday,0.0,0.0
2012-03-13,86.509,87.541,86.413,87.331,221857729780,1,Tuesday,,
2012-03-14,87.338,87.792,87.197,87.446,215146990110,2,Wednesday,,
2012-03-15,87.448,88.025,87.377,87.959,227760650080,3,Thursday,,
2012-03-16,87.96,88.58,87.66,88.337,197829110150,4,Friday,,
2012-03-18,88.321,88.336,88.202,88.319,920310000,6,Sunday,,
2012-03-19,88.319,88.629,87.85,88.506,191945389970,0,Monday,0.0,0.0
2012-03-20,88.506,88.563,87.349,87.708,185879540210,1,Tuesday,,
2012-03-21,87.71,88.136,86.995,87.135,216872919900,2,Wednesday,,
2012-03-22,87.15,87.395,85.371,85.824,262369730110,3,Thursday,,
2012-03-23,85.824,86.448,85.175,86.155,226712709760,4,Friday,,
2012-03-25,86.211,86.301,86.167,86.274,1715719990,6,Sunday,,
2012-03-26,86.275,87.379,86.148,87.357,223226279710,0,Monday,0.001,0.0012
2012-03-27,87.361,87.574,86.891,86.974,219017159820,1,Tuesday,,
2012-03-28,86.977,87.014,85.636,86.119,247591499940,2,Wednesday,,
2012-03-29,86.119,86.265,84.607,85.499,260028109960,3,Thursday,,
2012-03-30,85.505,85.913,84.882,85.692,231309629660,4,Friday,,
2012-04-02,85.755,86.81,85.237,85.504,240667480180,0,Monday,0.063,0.0735
2012-04-03,85.498,85.785,84.976,85.535,242549630010,1,Tuesday,,
2012-04-04,85.535,85.636,84.21,84.669,243093380030,2,Wednesday,,
2012-04-05,84.666,84.966,83.98,84.806,199896769960,3,Thursday,,
2012-04-06,84.806,85.179,83.666,84.121,96611589890,4,Friday,,
2012-04-09,83.913,84.352,83.484,84.025,144619099870,0,Monday,-0.208,-0.2473
2012-04-10,84.025,84.623,82.658,82.682,240779719940,1,Tuesday,,
2012-04-11,82.686,83.785,82.485,83.268,227398380080,2,Wednesday,,
2012-04-12,83.268,84.573,83.248,84.423,223325609560,3,Thursday,,
2012-04-13,84.42,84.807,83.777,83.914,206381009960,4,Friday,,
2012-04-16,83.854,84.001,83.008,83.257,230923850120,0,Monday,-0.06,-0.0715
2012-04-17,83.257,84.182,82.876,83.979,208507159650,1,Tuesday,,
2012-04-18,83.983,84.729,83.969,84.155,210581789750,2,Wednesday,,
2012-04-19,84.154,84.748,83.96,84.288,239617149870,3,Thursday,,
2012-04-20,84.289,84.754,84.15,84.575,194341229420,4,Friday,,
2012-04-23,84.504,84.735,83.294,83.755,201957329690,0,Monday,-0.071,-0.0839
2012-04-24,83.757,83.938,82.863,83.859,205547850110,1,Tuesday,,
2012-04-25,83.859,84.323,83.781,84.2,209113699680,2,Wednesday,,
2012-04-26,84.194,84.335,83.564,84.116,207649099900,3,Thursday,,
2012-04-27,84.117,84.501,83.51,84.015,215808549730,4,Friday,,
2012-04-30,83.934,84.134,82.982,83.236,164214700040,0,Monday,-0.081,-0.0964
2012-05-01,83.235,83.302,82.105,82.721,144906379830,1,Tuesday,,
2012-05-02,82.721,83.288,82.363,82.761,186493530050,2,Wednesday,,
2012-05-03,82.786,82.858,82.191,82.274,167085020210,3,Thursday,,
2012-05-04,82.278,82.404,81.176,81.26,173833249780,4,Friday,,
2012-05-07,81.045,81.694,80.558,81.473,182377380090,0,Monday,-0.215,-0.2646
2012-05-08,81.468,81.658,80.445,80.826,197334530030,1,Tuesday,,
2012-05-09,80.831,80.846,79.72,80.029,224182669810,2,Wednesday,,
2012-05-10,80.017,81.114,79.897,80.566,215786680080,3,Thursday,,
2012-05-11,80.562,80.615,79.9,80.072,206315369990,4,Friday,,
2012-05-14,80.063,80.377,79.393,79.492,205747309990,0,Monday,-0.009,-0.0112
2012-05-15,79.494,80.152,79.385,79.656,230805410300,1,Tuesday,,
2012-05-16,79.654,80.17,79.317,79.625,247350749540,2,Wednesday,,
2012-05-17,79.625,80.001,78.362,78.378,236748279770,3,Thursday,,
2012-05-18,78.358,78.628,77.54,77.743,257556279760,4,Friday,,
2012-05-21,77.814,78.667,77.55,78.617,219490800080,0,Monday,0.071,0.0913
2012-05-22,78.618,79.173,78.191,78.419,235621090170,1,Tuesday,,
2012-05-23,78.421,78.436,76.863,77.446,264725909820,2,Wednesday,,
2012-05-24,77.446,77.96,77.087,77.695,249457139940,3,Thursday,,
2012-05-25,77.695,78.037,77.542,77.734,209546100190,4,Friday,,
2012-05-28,78.217,78.479,77.93,78.287,154991609810,0,Monday,0.483,0.6213
2012-05-29,78.287,78.656,77.798,78.279,229616029970,1,Tuesday,,
2012-05-30,78.278,78.336,76.695,76.726,252530599510,2,Wednesday,,
2012-05-31,76.717,76.983,75.751,76.214,260405889990,3,Thursday,,
2012-06-01,76.214,76.362,74.464,75.672,278597189840,4,Friday,,
2012-06-04,75.716,76.328,75.233,76.21,225468435860,0,Monday,0.044,0.0581
2012-06-05,76.209,76.911,75.947,76.706,246253689610,1,Tuesday,,
2012-06-06,76.689,78.697,76.675,78.6,272099509810,2,Wednesday,,
2012-06-07,78.6,79.711,78.347,78.775,254735999800,3,Thursday,,
2012-06-08,78.775,79.091,77.691,78.761,262702040310,4,Friday,,
2012-06-11,79.494,79.693,78.35,78.35,243815659830,0,Monday,0.733,0.9307
2012-06-12,78.35,79.261,78.08,79.174,266319566240,1,Tuesday,,
2012-06-13,79.171,79.559,78.83,78.94,249032133300,2,Wednesday,,
2012-06-14,78.94,79.597,78.71,79.53,234623169720,3,Thursday,,
2012-06-15,79.526,79.659,78.834,79.331,220663680270,4,Friday,,
2012-06-18,79.692,80.267,79.333,80.069,228189219810,0,Monday,0.361,0.4551
2012-06-19,80.069,80.636,79.768,80.423,211312370050,1,Tuesday,,
2012-06-20,80.418,81.431,80.182,81.06,234357899970,2,Wednesday,,
2012-06-21,81.06,81.57,80.483,80.531,254336519910,3,Thursday,,
2012-06-22,80.53,81.075,80.342,80.917,233776109970,4,Friday,,
2012-06-25,80.766,80.963,79.308,79.738,198244559830,0,Monday,-0.151,-0.1866
2012-06-26,79.734,80.17,79.457,80.006,213826970070,1,Tuesday,,
2012-06-27,80.006,80.471,79.693,80.341,184905619930,2,Wednesday,,
2012-06-28,80.341,80.559,79.367,79.798,211659920380,3,Thursday,,
2012-06-29,79.8,81.919,79.423,81.736,251632000080,4,Friday,,
2012-07-02,81.944,82.018,81.142,81.472,202069210200,0,Monday,0.208,0.2545
2012-07-03,81.472,82.186,81.261,82.024,176858310190,1,Tuesday,,
2012-07-04,82.024,82.21,81.845,82.053,123103449940,2,Wednesday,,
2012-07-05,82.05,82.355,81.615,82.199,197352060040,3,Thursday,,
2012-07-06,82.2,82.237,81.036,81.32,182687089910,4,Friday,,
2012-07-09,81.163,81.36,80.847,81.199,163997489900,0,Monday,-0.157,-0.1931
2012-07-10,81.199,81.384,80.656,80.932,177755589870,1,Tuesday,,
2012-07-11,80.921,81.79,80.689,81.756,188213340080,2,Wednesday,,
2012-07-12,81.756,81.758,80.044,80.394,199286079830,3,Thursday,,
2012-07-13,80.395,81.083,80.259,80.941,156826360000,4,Friday,,
2012-07-16,81.241,81.247,80.46,80.811,140806129990,0,Monday,0.3,0.3706
2012-07-17,80.809,81.633,80.678,81.551,175060250030,1,Tuesday,,
2012-07-18,81.551,81.707,81.244,81.657,178302979840,2,Wednesday,,
2012-07-19,81.657,82.026,81.504,81.93,182680349930,3,Thursday,,
2012-07-20,81.932,82.11,81.329,81.42,171882889940,4,Friday,,
2012-07-23,81.241,81.381,80.14,80.402,200128520040,0,Monday,-0.179,-0.2198
2012-07-24,80.397,80.715,79.838,79.894,197627239940,1,Tuesday,,
2012-07-25,79.877,80.753,79.495,80.551,197982820160,2,Wednesday,,
2012-07-26,80.552,81.514,80.381,81.301,206805295020,3,Thursday,,
2012-07-27,81.297,82.369,81.239,82.262,212056609860,4,Friday,,
2012-07-30,82.159,82.314,81.724,82.09,178464750010,0,Monday,-0.103,-0.1252
2012-07-31,82.091,82.464,81.95,82.042,182601569710,1,Tuesday,,
2012-08-01,82.039,82.416,81.563,82.042,184920499970,2,Wednesday,,
2012-08-02,82.042,82.744,81.646,81.864,192989630040,3,Thursday,,
2012-08-03,81.864,83.093,81.572,82.881,179268609960,4,Friday,,
2012-08-06,83.07,83.147,82.538,82.69,144114600080,0,Monday,0.189,0.228
2012-08-07,82.679,83.222,82.508,82.948,146931220030,1,Tuesday,,
2012-08-08,82.948,83.014,82.508,82.931,160688170180,2,Wednesday,,
2012-08-09,82.931,83.361,82.735,83.105,167704210130,3,Thursday,,
2012-08-10,83.105,83.142,82.245,82.778,150636409730,4,Friday,,
2012-08-13,82.55,82.803,82.222,82.36,124959509970,0,Monday,-0.228,-0.2754
2012-08-14,82.35,83.08,82.317,82.575,148645190170,1,Tuesday,,
2012-08-15,82.565,82.982,82.478,82.971,136724689980,2,Wednesday,,
2012-08-16,82.97,83.5,82.862,83.394,151036700400,3,Thursday,,
2012-08-17,83.394,83.476,82.738,82.857,132584760090,4,Friday,,
2012-08-20,82.977,83.263,82.827,82.947,123169408730,0,Monday,0.12,0.1448
2012-08-21,82.947,83.569,82.891,83.126,145634790110,1,Tuesday,,
2012-08-22,83.126,83.14,82.192,82.542,157370349900,2,Wednesday,,
2012-08-23,82.542,82.832,81.868,81.938,171232079920,3,Thursday,,
2012-08-24,81.938,82.123,81.491,81.811,145104379930,4,Friday,,
2012-08-27,82.018,82.079,81.617,81.642,86280019960,0,Monday,0.207,0.253
2012-08-28,81.642,81.687,81.227,81.467,121465750110,1,Tuesday,,
2012-08-29,81.466,81.781,81.278,81.468,108869970080,2,Wednesday,,
2012-08-30,81.472,81.476,80.732,80.882,108633070140,3,Thursday,,
2012-08-31,80.876,81.297,80.647,80.877,140143970180,4,Friday,,
2012-09-03,80.578,80.661,80.068,80.183,92040860030,0,Monday,-0.299,-0.3697
2012-09-04,80.177,80.63,80.058,80.173,124316169870,1,Tuesday,,
2012-09-05,80.165,80.228,79.675,79.899,135720820110,2,Wednesday,,
2012-09-06,79.898,81.298,79.739,81.084,148328769800,3,Thursday,,
2012-09-07,81.082,81.77,81.0,81.248,150605579770,4,Friday,,
2012-09-10,81.142,81.264,80.874,80.891,103205329980,0,Monday,-0.106,-0.1305
2012-09-11,80.891,81.285,80.74,81.135,126522150140,1,Tuesday,,
2012-09-12,81.125,81.825,81.072,81.453,147115830110,2,Wednesday,,
2012-09-13,81.45,81.886,80.673,81.71,152239909810,3,Thursday,,
2012-09-14,81.699,83.075,81.662,82.685,168625029800,4,Friday,,
2012-09-17,82.66,82.995,82.24,82.442,125363420000,0,Monday,-0.025,-0.0302
2012-09-18,82.44,82.504,81.788,82.389,145191029970,1,Tuesday,,
2012-09-19,82.387,82.927,81.876,82.125,173324009940,2,Wednesday,,
2012-09-20,82.111,82.159,80.956,81.643,156684239980,3,Thursday,,
2012-09-21,81.643,82.3,81.559,81.703,131315629930,4,Friday,,
2012-09-23,81.634,81.738,81.617,81.661,1518160000,6,Sunday,,
2012-09-24,81.661,81.661,80.955,81.176,103677070080,0,Monday,0.0,0.0
2012-09-25,81.176,81.502,80.701,80.809,118586879820,1,Tuesday,,
2012-09-26,80.809,80.827,80.232,80.621,126976209960,2,Wednesday,,
2012-09-27,80.629,81.199,80.473,81.089,120219550010,3,Thursday,,
2012-09-28,81.089,81.259,80.718,80.869,152440129900,4,Friday,,
2012-09-30,80.807,80.854,80.772,80.828,686560000,6,Sunday,,
2012-10-01,80.828,81.234,80.439,80.775,124579750000,0,Monday,0.0,0.0
2012-10-02,80.774,81.059,80.052,80.224,131123609940,1,Tuesday,,
2012-10-03,80.225,80.331,79.732,80.212,131041499890,2,Wednesday,,
2012-10-04,80.212,80.486,79.899,80.406,135902079770,3,Thursday,,
2012-10-05,80.406,80.929,79.884,80.102,129926970100,4,Friday,,
2012-10-07,79.872,79.977,79.838,79.967,868620000,6,Sunday,,
2012-10-08,79.962,80.081,79.404,79.806,95987580080,0,Monday,-0.005,-0.0063
2012-10-09,79.806,80.298,79.584,79.886,121836019940,1,Tuesday,,
2012-10-10,79.891,80.401,79.624,79.867,126075740020,2,Wednesday,,
2012-10-11,79.871,80.788,79.729,80.474,135720650040,3,Thursday,,
2012-10-12,80.475,80.745,79.993,80.262,122477059810,4,Friday,,
2012-10-14,80.436,80.445,80.336,80.395,611690000,6,Sunday,,
2012-10-15,80.396,80.792,79.957,80.677,129394189970,0,Monday,0.001,0.0012
2012-10-16,80.677,81.295,80.62,81.247,130246910040,1,Tuesday,,
2012-10-17,81.255,82.091,81.018,82.004,130976959760,2,Wednesday,,
2012-10-18,82.004,82.516,81.918,82.196,137118729870,3,Thursday,,
2012-10-19,82.198,82.374,81.781,81.932,104624519980,4,Friday,,
2012-10-21,81.78,81.816,81.711,81.811,1115070000,6,Sunday,,
2012-10-22,81.813,82.582,81.62,82.552,115945119890,0,Monday,0.002,0.0024
2012-10-23,82.554,82.694,81.652,81.982,131084729950,1,Tuesday,,
2012-10-24,81.982,82.659,81.895,82.574,129507429860,2,Wednesday,,
2012-10-25,82.576,83.477,82.549,83.206,131539189930,3,Thursday,,
2012-10-26,83.208,83.217,82.275,82.588,131880239930,4,Friday,,
2012-10-28,82.495,82.562,82.444,82.542,841020000,6,Sunday,,
2012-10-29,82.547,82.674,82.28,82.442,76878339970,0,Monday,0.005,0.0061
2012-10-30,82.445,82.905,81.979,82.499,97439450030,1,Tuesday,,
2012-10-31,82.499,83.004,82.448,82.796,113819209890,2,Wednesday,,
2012-11-01,82.797,83.418,82.742,83.36,114169849940,3,Thursday,,
2012-11-02,83.367,83.828,83.05,83.157,105346299940,4,Friday,,
2012-11-05,83.162,83.476,82.938,83.21,82471419980,0,Monday,0.005,0.006
2012-11-06,83.21,84.028,83.128,83.837,94230490040,1,Tuesday,,
2012-11-07,83.837,84.149,82.998,83.269,146149589950,2,Wednesday,,
2012-11-08,83.265,83.439,82.545,82.678,119580979850,3,Thursday,,
2012-11-09,82.671,82.988,81.964,82.54,138318460070,4,Friday,,
2012-11-12,82.651,82.948,82.469,82.884,70022790050,0,Monday,0.111,0.1345
2012-11-13,82.882,83.026,82.366,82.82,100159519940,1,Tuesday,,
2012-11-14,82.818,83.662,82.812,83.251,111878859940,2,Wednesday,,
2012-11-15,83.246,84.028,82.967,83.851,135560290000,3,Thursday,,
2012-11-16,83.85,84.157,83.45,84.05,122288319900,4,Friday,,
2012-11-19,84.246,84.784,84.153,84.759,93015009940,0,Monday,0.196,0.2332
2012-11-20,84.757,84.855,84.34,84.83,115037029950,1,Tuesday,,
2012-11-21,84.83,85.547,84.53,85.535,115245810040,2,Wednesday,,
2012-11-22,85.534,85.953,85.435,85.681,95085290040,3,Thursday,,
2012-11-23,85.694,86.239,85.328,86.15,89752369930,4,Friday,,
2012-11-26,86.111,86.433,85.588,85.888,87692609950,0,Monday,-0.039,-0.0453
2012-11-27,85.887,86.258,85.65,85.809,104311490060,1,Tuesday,,
2012-11-28,85.808,85.99,85.232,85.973,114613019950,2,Wednesday,,
2012-11-29,85.974,86.117,85.46,85.673,104510290050,3,Thursday,,
2012-11-30,85.672,86.246,85.549,85.981,111361170000,4,Friday,,
2012-12-03,85.89,85.996,85.383,85.695,98336879990,0,Monday,-0.091,-0.1058
2012-12-04,85.694,85.921,85.422,85.748,94781419970,1,Tuesday,,
2012-12-05,85.748,86.26,85.669,86.218,117747949850,2,Wednesday,,
2012-12-06,86.216,86.571,85.987,86.395,117599980230,3,Thursday,,
2012-12-07,86.395,86.712,86.089,86.479,102256670290,4,Friday,,
2012-12-10,86.55,86.644,86.044,86.372,82482199990,0,Monday,0.071,0.0821
2012-12-11,86.37,86.934,86.163,86.865,82758269970,1,Tuesday,,
2012-12-12,86.865,88.052,86.834,87.872,113807800110,2,Wednesday,,
2012-12-13,87.871,88.294,87.691,88.054,109296570010,3,Thursday,,
2012-12-14,88.054,88.528,87.8,88.198,117911900110,4,Friday,,
2012-12-17,88.987,88.987,88.076,88.505,109273980040,0,Monday,0.789,0.8946
2012-12-18,88.505,88.759,88.225,88.698,102699999940,1,Tuesday,,
2012-12-19,88.697,88.874,88.299,88.456,116707620000,2,Wednesday,,
2012-12-20,88.454,88.525,87.843,88.425,132230400100,3,Thursday,,
2012-12-21,88.422,88.488,87.531,87.602,146893910180,4,Friday,,
2012-12-24,87.714,88.0,87.657,87.97,81874950010,0,Monday,0.112,0.1279
2012-12-25,87.967,88.209,87.688,87.762,44432839990,1,Tuesday,,
2012-12-26,87.75,88.849,87.75,88.848,100126970020,2,Wednesday,,
2012-12-27,88.845,89.359,88.623,89.325,133824100130,3,Thursday,,
2012-12-28,89.322,89.816,88.996,89.054,126140019890,4,Friday,,
2012-12-31,88.888,90.191,88.772,90.086,101018760060,0,Monday,-0.166,-0.1864
2013-01-01,90.133,90.19,90.054,90.175,3811150000,1,Tuesday,,
2013-01-02,90.055,91.735,89.811,91.719,161489829870,2,Wednesday,,
2013-01-03,91.734,91.746,91.114,91.286,131129860090,3,Thursday,,
2013-01-04,91.286,92.473,91.277,92.335,179850119940,4,Friday,,
2013-01-07,92.319,92.824,91.762,92.209,147885309900,0,Monday,-0.016,-0.0173
2013-01-08,92.208,92.245,91.189,91.423,151574119970,1,Tuesday,,
2013-01-09,91.423,92.524,91.221,92.381,149043500010,2,Wednesday,,
2013-01-10,92.381,94.088,92.338,94.068,160082089980,3,Thursday,,
2013-01-11,94.068,94.523,93.78,93.938,175286910180,4,Friday,,
2013-01-14,94.2,94.637,94.059,94.547,145079960080,0,Monday,0.262,0.2789
2013-01-15,94.547,94.643,93.096,93.791,200706550020,1,Tuesday,,
2013-01-16,93.795,93.865,92.467,93.424,204099700100,2,Wednesday,,
2013-01-17,93.424,95.005,92.543,94.761,220877800270,3,Thursday,,
2013-01-18,94.761,95.015,94.165,94.661,199184600210,4,Friday,,
2013-01-21,94.645,94.819,93.937,94.232,143534709910,0,Monday,-0.016,-0.0169
2013-01-22,94.23,94.929,93.296,93.715,218245299840,1,Tuesday,,
2013-01-23,93.715,93.864,92.802,93.516,190272809990,2,Wednesday,,
2013-01-24,93.515,94.673,93.021,94.388,220974329700,3,Thursday,,
2013-01-25,94.388,95.087,94.33,94.704,205697389840,4,Friday,,
2013-01-28,94.823,95.015,94.09,94.627,172838490040,0,Monday,0.119,0.1257
2013-01-29,94.627,95.032,94.182,95.029,192562589870,1,Tuesday,,
2013-01-30,95.029,95.458,94.713,94.894,180915200110,2,Wednesday,,
2013-01-31,94.894,95.665,94.262,95.601,183031399860,3,Thursday,,
2013-02-01,95.604,96.722,95.408,96.582,202500209900,4,Friday,,
2013-02-04,96.697,97.072,96.17,96.413,169469519940,0,Monday,0.115,0.1191
2013-02-05,96.413,97.43,95.951,97.268,227552180210,1,Tuesday,,
2013-02-06,97.268,97.394,96.102,96.597,216958199970,2,Wednesday,,
2013-02-07,96.597,97.031,95.82,96.25,203503750080,3,Thursday,,
2013-02-08,96.248,96.447,95.131,95.623,212137799990,4,Friday,,
2013-02-11,95.577,96.876,95.173,96.699,165439189940,0,Monday,-0.046,-0.0481
2013-02-12,96.708,96.875,95.784,96.308,208437620110,1,Tuesday,,
2013-02-13,96.308,96.855,96.047,96.827,185285460060,2,Wednesday,,
2013-02-14,96.832,96.97,95.984,96.186,199458260100,3,Thursday,,
2013-02-15,96.189,96.681,95.527,96.315,234619990190,4,Friday,,
2013-02-18,96.452,96.912,96.432,96.815,147441740140,0,Monday,0.137,0.1422
2013-02-19,96.819,96.942,96.468,96.879,168410290040,1,Tuesday,,
2013-02-20,96.879,97.072,95.844,95.951,198149709920,2,Wednesday,,
2013-02-21,95.954,96.201,95.056,95.408,208917280160,3,Thursday,,
2013-02-22,95.408,96.558,95.27,96.383,192715260070,4,Friday,,
2013-02-25,97.389,97.429,93.563,94.158,249301829990,0,Monday,1.006,1.0438
2013-02-26,94.178,95.304,93.048,94.072,318152440290,1,Tuesday,,
2013-02-27,94.072,94.571,92.962,94.358,236718479860,2,Wednesday,,
2013-02-28,94.37,95.11,94.06,94.529,218772519910,3,Thursday,,
2013-03-01,94.529,95.608,94.422,95.462,205907060050,4,Friday,,
2013-03-04,95.436,95.524,94.438,95.299,166650530090,0,Monday,-0.026,-0.0272
2013-03-05,95.298,95.776,95.018,95.687,179957999990,1,Tuesday,,
2013-03-06,95.686,96.384,95.614,96.244,170770100130,2,Wednesday,,
2013-03-07,96.245,97.587,95.997,97.339,197591259710,3,Thursday,,
2013-03-08,97.342,98.995,97.293,98.249,212836699710,4,Friday,,
2013-03-10,97.941,98.045,97.935,98.008,1763830000,6,Sunday,,
2013-03-11,98.015,99.024,98.001,98.955,147387679840,0,Monday,0.007,0.0071
2013-03-12,98.96,99.568,98.468,99.066,213886170170,1,Tuesday,,
2013-03-13,99.066,99.21,98.543,98.934,198097560330,2,Wednesday,,
2013-03-14,98.939,99.973,98.811,99.804,194857309890,3,Thursday,,
2013-03-15,99.808,99.839,98.944,99.151,184820740120,4,Friday,,
2013-03-17,97.628,97.974,97.334,97.881,8404840020,6,Sunday,,
2013-03-18,97.887,99.343,97.72,99.092,206238310030,0,Monday,0.006,0.0061
2013-03-19,99.088,99.451,98.168,98.606,192400749720,1,Tuesday,,
2013-03-20,98.606,99.775,98.284,99.65,181364500210,2,Wednesday,,
2013-03-21,99.65,99.691,98.71,99.176,223929989940,3,Thursday,,
2013-03-22,99.176,99.216,98.346,98.642,195826920220,4,Friday,,
2013-03-24,98.554,98.772,98.532,98.664,1757990000,6,Sunday,,
2013-03-25,98.662,99.392,97.724,98.449,209318300180,0,Monday,-0.002,-0.002
2013-03-26,98.454,99.18,98.244,99.065,191332500230,1,Tuesday,,
2013-03-27,99.065,99.283,97.986,98.554,176422910010,2,Wednesday,,
2013-03-28,98.554,98.664,97.809,98.051,169518589900,3,Thursday,,
2013-03-29,98.054,98.189,97.826,98.109,100749320150,4,Friday,,
2013-04-01,98.212,98.246,97.049,97.184,115573569950,0,Monday,0.103,0.105
2013-04-02,97.184,97.855,96.905,97.621,168236310050,1,Tuesday,,
2013-04-03,97.622,98.101,96.989,97.318,164124899970,2,Wednesday,,
2013-04-04,97.316,100.575,96.972,100.512,249065859950,3,Thursday,,
2013-04-05,100.513,101.73,99.768,101.246,266208120000,4,Friday,,
2013-04-08,101.784,103.475,101.666,103.447,228823750000,0,Monday,0.538,0.5314
2013-04-09,103.447,104.345,102.833,103.853,219242410060,1,Tuesday,,
2013-04-10,103.851,105.258,103.701,105.2,202003259970,2,Wednesday,,
2013-04-11,105.196,105.423,104.391,105.098,209555320150,3,Thursday,,
2013-04-12,105.098,105.205,103.058,103.319,218371700170,4,Friday,,
2013-04-15,103.117,103.831,99.194,99.748,296507620130,0,Monday,-0.202,-0.1955
2013-04-16,99.747,101.869,98.733,101.309,290637689830,1,Tuesday,,
2013-04-17,101.309,102.067,99.909,101.014,270422140020,2,Wednesday,,
2013-04-18,101.014,101.798,100.269,101.096,252919699830,3,Thursday,,
2013-04-19,101.1,102.873,100.885,102.212,235045900100,4,Friday,,
2013-04-22,102.585,102.931,101.336,101.948,207583080180,0,Monday,0.373,0.3649
2013-04-23,101.95,102.132,100.758,102.023,229983510060,1,Tuesday,,
2013-04-24,102.034,102.517,101.53,102.255,200760280060,2,Wednesday,,
2013-04-25,102.259,102.654,102.02,102.129,189998729810,3,Thursday,,
2013-04-26,102.13,102.451,100.304,100.703,236306039770,4,Friday,,
2013-04-29,100.691,101.609,100.311,101.176,164164739930,0,Monday,-0.012,-0.0119
2013-04-30,101.176,101.541,100.506,101.051,184626839940,1,Tuesday,,
2013-05-01,101.05,101.117,99.757,100.043,166708170160,2,Wednesday,,
2013-05-02,100.062,100.904,99.283,100.335,194114969860,3,Thursday,,
2013-05-03,100.336,102.323,100.294,102.091,158389429660,4,Friday,,
2013-05-06,102.179,102.254,101.423,101.845,117732619900,0,Monday,0.088,0.0862
2013-05-07,101.845,101.878,100.437,100.821,181621969990,1,Tuesday,,
2013-05-08,100.829,101.013,100.399,100.666,172934730070,2,Wednesday,,
2013-05-09,100.665,102.135,100.464,101.5,207951419900,3,Thursday,,
2013-05-10,101.498,102.062,101.317,101.811,257081309930,4,Friday,,
2013-05-13,101.876,102.031,101.18,101.326,190390870040,0,Monday,0.065,0.0638
2013-05-14,101.327,101.447,100.675,101.25,212240139880,1,Tuesday,,
2013-05-15,101.248,101.581,100.89,101.176,213068140240,2,Wednesday,,
2013-05-16,101.177,101.317,100.242,100.286,227040219720,3,Thursday,,
2013-05-17,100.283,100.554,99.586,100.397,196484799980,4,Friday,,
2013-05-20,100.216,100.559,99.446,100.3,181987050290,0,Monday,-0.181,-0.1803
2013-05-21,100.313,100.936,100.133,100.448,203150539700,1,Tuesday,,
2013-05-22,100.447,100.96,99.499,100.037,245277389740,2,Wednesday,,
2013-05-23,100.039,100.058,97.293,99.429,315519510150,3,Thursday,,
2013-05-24,99.425,99.485,97.117,97.75,272791579780,4,Friday,,
2013-05-27,97.395,97.735,96.959,97.253,134755080030,0,Monday,-0.355,-0.3632
2013-05-28,97.253,99.052,97.212,98.422,224483200330,1,Tuesday,,
2013-05-29,98.421,98.445,97.041,97.429,255762669800,2,Wednesday,,
2013-05-30,97.417,97.954,96.954,97.325,266619580100,3,Thursday,,
2013-05-31,97.325,97.912,96.059,96.178,254787560200,4,Friday,,
2013-06-03,96.514,97.242,96.252,97.218,232037130040,0,Monday,0.336,0.3494
2013-06-04,97.218,97.361,96.148,96.509,235012259920,1,Tuesday,,
2013-06-05,96.514,96.803,94.219,94.49,251581800050,2,Wednesday,,
2013-06-06,94.498,94.647,92.553,93.033,268860560120,3,Thursday,,
2013-06-07,93.03,93.244,90.539,92.617,338721879780,4,Friday,,
2013-06-10,91.993,93.793,91.9,93.447,234882250060,0,Monday,-0.624,-0.6737
2013-06-11,93.45,93.692,90.006,90.495,311250579790,1,Tuesday,,
2013-06-12,90.482,92.5,90.424,91.027,266075979990,2,Wednesday,,
2013-06-13,91.023,92.173,88.937,91.903,298494399900,3,Thursday,,
2013-06-14,91.907,92.529,89.991,90.01,275046170150,4,Friday,,
2013-06-17,90.032,91.552,89.965,90.242,196775859850,0,Monday,0.022,0.0244
2013-06-18,90.242,90.726,89.828,90.407,201531120150,1,Tuesday,,
2013-06-19,90.407,91.168,89.288,89.603,215502270150,2,Wednesday,,
2013-06-20,89.596,90.437,89.095,89.464,302664379840,3,Thursday,,
2013-06-21,89.447,90.533,89.147,90.22,260269589860,4,Friday,,
2013-06-24,90.124,91.056,89.593,90.367,284550729990,0,Monday,-0.096,-0.1064
2013-06-25,90.369,90.758,89.567,90.555,245962569870,1,Tuesday,,
2013-06-26,90.559,91.138,90.215,90.675,232471079720,2,Wednesday,,
2013-06-27,90.67,91.66,90.606,91.216,203288749890,3,Thursday,,
2013-06-28,91.217,91.686,90.459,90.566,226181590000,4,Friday,,
2013-07-01,90.425,92.232,90.423,92.051,181051429990,0,Monday,-0.141,-0.1557
2013-07-02,92.051,92.156,91.3,92.022,201356039700,1,Tuesday,,
2013-07-03,92.024,92.412,90.15,90.766,237601800060,2,Wednesday,,
2013-07-04,90.767,91.837,90.524,91.484,179348710060,3,Thursday,,
2013-07-05,91.458,92.192,91.237,91.72,198698199940,4,Friday,,
2013-07-08,91.644,92.344,91.381,92.197,163796779980,0,Monday,-0.076,-0.0829
2013-07-09,92.197,93.071,91.771,92.795,190506659830,1,Tuesday,,
2013-07-10,92.796,92.914,91.062,91.398,228123229760,2,Wednesday,,
2013-07-11,91.412,92.031,90.096,90.89,315945619710,3,Thursday,,
2013-07-12,90.89,91.023,89.689,89.782,220556219930,4,Friday,,
2013-07-15,90.111,90.954,89.909,90.837,178101860080,0,Monday,0.329,0.3664
2013-07-16,90.839,91.89,90.774,91.678,204582650160,1,Tuesday,,
2013-07-17,91.676,92.182,91.444,91.965,209875290170,2,Wednesday,,
2013-07-18,91.965,92.198,91.589,92.069,199047770010,3,Thursday,,
2013-07-19,92.068,92.555,91.598,92.285,202222960230,4,Friday,,
2013-07-22,92.194,92.563,91.864,92.165,176788610040,0,Monday,-0.091,-0.0986
2013-07-23,92.161,92.571,91.799,92.407,194005919790,1,Tuesday,,
2013-07-24,92.396,92.732,91.669,91.833,215833539700,2,Wednesday,,
2013-07-25,91.825,91.979,91.339,91.801,215637820110,3,Thursday,,
2013-07-26,91.801,91.921,90.567,91.02,210696699860,4,Friday,,
2013-07-29,90.724,91.06,89.819,90.171,188800149820,0,Monday,-0.296,-0.3252
2013-07-30,90.171,90.298,88.683,88.832,197299309870,1,Tuesday,,
2013-07-31,88.832,89.031,87.828,87.889,207559070070,2,Wednesday,,
2013-08-01,87.882,88.971,87.223,88.837,190313210140,3,Thursday,,
2013-08-02,88.825,89.089,87.904,88.096,198900719600,4,Friday,,
2013-08-05,88.173,88.276,87.471,87.757,161467710130,0,Monday,0.077,0.0874
2013-08-06,87.749,88.57,87.286,87.802,183990659900,1,Tuesday,,
2013-08-07,87.803,87.909,86.404,86.682,206130149810,2,Wednesday,,
2013-08-08,86.682,88.158,86.626,88.016,211487300220,3,Thursday,,
2013-08-09,88.015,88.766,87.784,88.487,173033240190,4,Friday,,
2013-08-12,88.518,89.029,88.064,88.638,152459229900,0,Monday,0.031,0.035
2013-08-13,88.635,89.643,88.509,89.475,188243299710,1,Tuesday,,
2013-08-14,89.475,89.811,89.078,89.497,163835930030,2,Wednesday,,
2013-08-15,89.501,90.071,88.74,88.988,216248579900,3,Thursday,,
2013-08-16,88.996,89.889,88.62,89.537,174348189860,4,Friday,,
2013-08-19,89.613,90.126,88.835,88.845,209534630010,0,Monday,0.076,0.0849
2013-08-20,88.838,89.218,87.591,88.213,186370629640,1,Tuesday,,
2013-08-21,88.215,88.463,87.591,87.591,192887669790,2,Wednesday,,
2013-08-22,87.591,89.201,87.402,88.905,188398740030,3,Thursday,,
2013-08-23,88.902,89.408,88.872,89.099,169963989840,4,Friday,,
2013-08-26,89.09,89.265,88.714,88.936,124338539950,0,Monday,-0.009,-0.0101
2013-08-27,88.934,88.986,86.929,87.15,181096620160,1,Tuesday,,
2013-08-28,87.15,87.506,86.464,87.273,192299330080,2,Wednesday,,
2013-08-29,87.272,88.002,87.211,87.81,160671309970,3,Thursday,,
2013-08-30,87.813,87.935,87.233,87.393,160569260120,4,Friday,,
2013-09-02,88.025,89.518,87.739,89.156,144787040210,0,Monday,0.632,0.7232
2013-09-03,89.157,90.501,89.109,90.228,179947969860,1,Tuesday,,
2013-09-04,90.219,91.561,89.982,91.487,164095360010,2,Wednesday,,
2013-09-05,91.487,91.574,91.05,91.3,166255750040,3,Thursday,,
2013-09-06,91.3,91.461,90.641,90.968,151577549960,4,Friday,,
2013-09-09,91.764,92.065,91.318,91.875,142557100130,0,Monday,0.796,0.875
2013-09-10,91.875,93.565,91.854,93.475,161909800070,1,Tuesday,,
2013-09-11,93.475,93.556,92.933,93.173,158952470090,2,Wednesday,,
2013-09-12,93.156,93.257,91.723,92.261,178216850090,3,Thursday,,
2013-09-13,92.254,92.482,91.686,91.824,143300130090,4,Friday,,
2013-09-16,92.059,92.812,91.98,92.292,159701339960,0,Monday,0.235,0.2559
2013-09-17,92.289,92.968,92.115,92.726,131440449910,1,Tuesday,,
2013-09-18,92.725,93.371,92.42,93.212,156681869990,2,Wednesday,,
2013-09-19,93.212,94.443,93.053,93.855,190740419790,3,Thursday,,
2013-09-20,93.855,94.098,93.257,93.257,146790849970,4,Friday,,
2013-09-23,92.953,93.574,92.909,93.203,119374289930,0,Monday,-0.304,-0.326
2013-09-24,93.19,93.384,92.239,92.719,132622920050,1,Tuesday,,
2013-09-25,92.719,92.767,91.915,92.204,137645150050,2,Wednesday,,
2013-09-26,92.204,93.012,92.044,92.711,158646730050,3,Thursday,,
2013-09-27,92.709,92.768,91.378,91.478,136708970100,4,Friday,,
2013-09-30,90.926,91.893,90.737,91.504,168894139980,0,Monday,-0.552,-0.6034
2013-10-01,91.503,92.392,91.37,92.079,202941540060,1,Tuesday,,
2013-10-02,92.075,92.226,90.797,91.366,166515369910,2,Wednesday,,
2013-10-03,91.366,91.878,90.929,91.344,174058179870,3,Thursday,,
2013-10-04,91.334,92.021,91.276,91.949,151785330150,4,Friday,,
2013-10-07,91.705,91.884,90.99,91.172,126852979920,0,Monday,-0.244,-0.2654
2013-10-08,91.167,92.2,91.027,91.278,169516939940,1,Tuesday,,
2013-10-09,91.278,92.138,91.185,91.92,148914609820,2,Wednesday,,
2013-10-10,91.918,93.007,91.791,92.767,162270849980,3,Thursday,,
2013-10-11,92.767,93.437,92.433,93.263,140876830080,4,Friday,,
2013-10-14,92.667,93.665,92.505,93.505,97186330110,0,Monday,-0.596,-0.6391
2013-10-15,93.506,94.102,93.253,93.502,140674210040,1,Tuesday,,
2013-10-16,93.502,94.399,93.263,94.321,152473919880,2,Wednesday,,
2013-10-17,94.322,94.478,93.775,94.328,160012040240,3,Thursday,,
2013-10-18,94.328,94.66,94.1,94.548,126290319990,4,Friday,,
2013-10-21,94.648,94.961,94.465,94.772,105246489980,0,Monday,0.1,0.1058
2013-10-22,94.773,95.679,94.687,95.252,121830220300,1,Tuesday,,
2013-10-23,95.257,95.663,93.427,93.723,158143090020,2,Wednesday,,
2013-10-24,93.723,94.354,93.176,93.6,142770700200,3,Thursday,,
2013-10-25,93.59,93.702,92.997,93.327,134827669940,4,Friday,,
2013-10-27,93.669,93.685,93.549,93.595,1404370000,6,Sunday,,
2013-10-28,93.595,93.975,93.411,93.513,109033610030,0,Monday,0.0,0.0
2013-10-29,93.512,93.532,92.664,93.085,147708269850,1,Tuesday,,
2013-10-30,93.083,93.511,92.846,93.326,143580859890,2,Wednesday,,
2013-10-31,93.328,93.607,92.821,93.029,155859660200,3,Thursday,,
2013-11-01,93.033,93.372,92.73,93.072,140948479950,4,Friday,,
2013-11-04,93.465,93.841,93.193,93.774,98822230010,0,Monday,0.393,0.4223
2013-11-05,93.77,93.858,92.979,93.635,134275059840,1,Tuesday,,
2013-11-06,93.634,94.16,93.39,93.98,117189459960,2,Wednesday,,
2013-11-07,93.98,94.085,92.338,92.749,183061119820,3,Thursday,,
2013-11-08,92.749,93.109,92.579,92.926,157889290240,4,Friday,,
2013-11-11,93.118,93.136,92.729,92.795,109779709990,0,Monday,0.192,0.2066
2013-11-12,92.795,93.074,92.372,92.669,200491339920,1,Tuesday,,
2013-11-13,92.664,92.885,92.309,92.862,143317829910,2,Wednesday,,
2013-11-14,92.858,93.287,92.735,93.162,180843680100,3,Thursday,,
2013-11-15,93.158,94.002,93.121,93.816,142642809920,4,Friday,,
2013-11-18,94.012,94.195,93.471,93.756,150789820150,0,Monday,0.196,0.2089
2013-11-19,93.756,94.468,93.317,94.451,157819450120,1,Tuesday,,
2013-11-20,94.451,94.601,93.09,93.363,179090880130,2,Wednesday,,
2013-11-21,93.366,93.756,92.923,93.4,194409250050,3,Thursday,,
2013-11-22,93.4,93.547,92.535,92.82,164452219930,4,Friday,,
2013-11-25,92.823,93.337,92.769,93.126,156694150190,0,Monday,0.003,0.0032
2013-11-26,93.126,93.421,92.247,92.431,150770319970,1,Tuesday,,
2013-11-27,92.431,92.98,92.271,92.74,152023359900,2,Wednesday,,
2013-11-28,92.74,93.502,92.726,93.1,111720459970,3,Thursday,,
2013-11-29,93.091,93.574,92.744,93.241,155142180110,4,Friday,,
2013-12-02,93.552,94.02,93.363,93.721,169572880240,0,Monday,0.311,0.3335
2013-12-03,93.717,93.969,93.126,93.652,178505990180,1,Tuesday,,
2013-12-04,93.644,93.703,91.78,92.404,200097290280,2,Wednesday,,
2013-12-05,92.401,92.619,91.912,92.242,156422839860,3,Thursday,,
2013-12-06,92.229,93.696,92.097,93.617,142957740120,4,Friday,,
2013-12-09,93.971,94.152,93.502,94.083,123164030010,0,Monday,0.354,0.3781
2013-12-10,94.066,94.223,93.665,94.097,143122909760,1,Tuesday,,
2013-12-11,94.096,94.135,92.647,92.678,129339450040,2,Wednesday,,
2013-12-12,92.686,93.272,91.787,92.374,153567680080,3,Thursday,,
2013-12-13,92.372,92.943,92.067,92.486,145511369860,4,Friday,,
2013-12-16,92.534,92.541,91.816,92.169,113449419980,0,Monday,0.048,0.0519
2013-12-17,92.168,92.295,91.221,91.346,115796249980,1,Tuesday,,
2013-12-18,91.346,92.517,91.077,92.401,149863919900,2,Wednesday,,
2013-12-19,92.396,92.442,91.698,92.411,129870080160,3,Thursday,,
2013-12-20,92.417,93.011,92.278,92.789,112885590080,4,Friday,,
2013-12-23,92.766,93.067,92.763,92.998,67352300010,0,Monday,-0.023,-0.0248
2013-12-24,92.99,93.147,92.797,92.973,62972050020,1,Tuesday,,
2013-12-25,92.908,93.265,92.9,93.105,9662530000,2,Wednesday,,
2013-12-26,93.095,93.417,92.964,93.213,51567670010,3,Thursday,,
2013-12-27,93.213,93.544,92.999,93.198,85514840050,4,Friday,,
2013-12-30,93.198,93.764,93.076,93.572,90020289950,0,Monday,0.0,0.0
2013-12-31,93.572,94.064,93.444,93.802,65656679990,1,Tuesday,,
2014-01-02,93.486,93.966,93.153,93.355,118431080140,3,Thursday,,
2014-01-03,93.35,94.037,92.895,93.754,136869500130,4,Friday,,
2014-01-06,93.894,94.069,93.196,93.447,128274990080,0,Monday,0.14,0.1493
2014-01-07,93.449,93.539,92.991,93.358,127741680050,1,Tuesday,,
2014-01-08,93.343,93.822,93.223,93.316,138363409970,2,Wednesday,,
2014-01-09,93.315,93.427,92.933,93.267,116045770110,3,Thursday,,
2014-01-10,93.267,93.714,93.035,93.664,125947809850,4,Friday,,
2014-01-13,93.567,93.854,93.181,93.238,149618669670,0,Monday,-0.097,-0.1036
2014-01-14,93.237,93.553,92.972,93.426,148567679920,1,Tuesday,,
2014-01-15,93.419,93.429,92.729,93.208,123484400080,2,Wednesday,,
2014-01-16,93.197,93.251,91.623,92.03,136377000000,3,Thursday,,
2014-01-17,92.03,92.126,91.404,91.546,104634740030,4,Friday,,
2014-01-20,91.415,91.862,91.05,91.775,90719620010,0,Monday,-0.131,-0.1431
2014-01-21,91.773,92.433,91.543,91.829,120690499970,1,Tuesday,,
2014-01-22,91.829,92.693,91.67,92.507,131772649970,2,Wednesday,,
2014-01-23,92.507,92.614,90.23,90.537,197747780170,3,Thursday,,
2014-01-24,90.537,90.861,88.534,88.749,203395849850,4,Friday,,
2014-01-27,88.855,90.076,88.44,89.599,210759640200,0,Monday,0.106,0.1194
2014-01-28,89.6,90.966,89.542,90.359,170411790160,1,Tuesday,,
2014-01-29,90.329,91.112,89.025,89.374,224181460070,2,Wednesday,,
2014-01-30,89.372,90.455,88.968,90.326,182279119930,3,Thursday,,
2014-01-31,90.316,90.727,88.86,89.265,185396699710,4,Friday,,
2014-02-03,89.418,89.839,88.241,88.369,188808960060,0,Monday,0.153,0.1714
2014-02-04,88.357,90.896,88.254,90.703,189485270140,1,Tuesday,,
2014-02-05,90.703,90.789,89.828,90.381,173946000180,2,Wednesday,,
2014-02-06,90.381,91.647,90.361,91.471,148839519950,3,Thursday,,
2014-02-07,91.462,91.859,90.906,91.63,149807599960,4,Friday,,
2014-02-10,91.814,91.866,90.927,91.505,109262930090,0,Monday,0.184,0.2008
2014-02-11,91.504,92.893,91.34,92.758,131217329860,1,Tuesday,,
2014-02-12,92.756,92.97,92.295,92.542,112179619950,2,Wednesday,,
2014-02-13,92.539,92.544,91.118,91.734,132349470020,3,Thursday,,
2014-02-14,91.733,92.296,91.328,91.965,141458640130,4,Friday,,
2014-02-17,92.1,92.169,91.681,92.038,109015930010,0,Monday,0.135,0.1468
2014-02-18,92.038,92.973,92.008,92.387,169262659990,1,Tuesday,,
2014-02-19,92.384,92.462,91.851,92.065,146475059980,2,Wednesday,,
2014-02-20,92.065,92.334,91.066,92.099,154360970050,3,Thursday,,
2014-02-21,92.1,92.405,91.828,91.979,110331670100,4,Friday,,
2014-02-24,92.022,92.744,91.578,92.605,111741450000,0,Monday,0.043,0.0467
2014-02-25,92.595,92.781,91.99,92.198,117797929950,1,Tuesday,,
2014-02-26,92.198,92.37,91.587,91.793,126938090030,2,Wednesday,,
2014-02-27,91.793,91.831,90.702,91.553,141706040070,3,Thursday,,
2014-02-28,91.552,91.626,90.687,90.825,144873030010,4,Friday,,
2014-03-03,90.265,90.757,90.053,90.651,134952659920,0,Monday,-0.56,-0.6166
2014-03-04,90.652,91.57,90.487,91.481,136290899990,1,Tuesday,,
2014-03-05,91.473,92.08,91.272,91.904,137307970090,2,Wednesday,,
2014-03-06,91.906,93.869,91.869,93.674,146223199970,3,Thursday,,
2014-03-07,93.679,94.48,93.447,93.586,130309169910,4,Friday,,
2014-03-09,93.113,93.358,93.081,93.338,1655880000,6,Sunday,,
2014-03-10,93.345,93.609,92.892,93.189,123710020090,0,Monday,0.007,0.0075
2014-03-11,93.189,93.45,92.211,92.447,120354229890,1,Tuesday,,
2014-03-12,92.447,92.457,91.655,92.402,124767450070,2,Wednesday,,
2014-03-13,92.402,93.41,91.542,92.074,152472469920,3,Thursday,,
2014-03-14,92.073,92.103,91.298,91.49,144612709890,4,Friday,,
2014-03-16,91.166,91.46,91.154,91.454,1668490010,6,Sunday,,
2014-03-17,91.455,92.55,91.286,92.5,114633319910,0,Monday,0.001,0.0011
2014-03-18,92.5,92.81,91.928,92.555,120920600110,1,Tuesday,,
2014-03-19,92.555,92.842,92.266,92.481,124194390070,2,Wednesday,,
2014-03-20,92.485,92.711,92.127,92.518,124247099920,3,Thursday,,
2014-03-21,92.522,93.082,92.466,92.839,95273119930,4,Friday,,
2014-03-23,92.962,93.074,92.943,93.027,2059500000,6,Sunday,,
2014-03-24,93.036,93.554,92.593,93.3,118480349820,0,Monday,0.009,0.0097
2014-03-25,93.3,93.827,93.234,93.687,108028230040,1,Tuesday,,
2014-03-26,93.69,94.693,93.645,94.119,112655780250,2,Wednesday,,
2014-03-27,94.118,94.681,93.786,94.656,123080309930,3,Thursday,,
2014-03-28,94.658,95.235,94.562,95.076,105978619940,4,Friday,,
2014-03-31,95.086,95.735,94.788,95.624,103004109990,0,Monday,0.01,0.0105
2014-04-01,95.617,96.042,95.396,95.831,94644269970,1,Tuesday,,
2014-04-02,95.841,96.077,95.637,96.06,90209370030,2,Wednesday,,
2014-04-03,96.06,96.131,95.66,95.934,93804850040,3,Thursday,,
2014-04-04,95.94,96.51,95.799,95.914,95708750010,4,Friday,,
2014-04-07,95.846,96.052,95.335,95.567,96591800050,0,Monday,-0.068,-0.0709
2014-04-08,95.56,95.891,95.026,95.293,141811090080,1,Tuesday,,
2014-04-09,95.292,95.785,95.194,95.771,118516640040,2,Wednesday,,
2014-04-10,95.771,96.227,95.447,95.565,145489769940,3,Thursday,,
2014-04-11,95.56,95.702,95.055,95.446,140717059800,4,Friday,,
2014-04-14,95.398,95.998,95.114,95.972,109090970070,0,Monday,-0.048,-0.0503
2014-04-15,95.965,96.011,94.834,95.398,124891009940,1,Tuesday,,
2014-04-16,95.387,96.02,95.162,95.789,122423630150,2,Wednesday,,
2014-04-17,95.779,95.913,95.341,95.507,96440190050,3,Thursday,,
2014-04-18,95.507,95.658,95.437,95.485,33883250010,4,Friday,,
2014-04-21,95.597,95.85,95.565,95.694,59058870000,0,Monday,0.112,0.1173
2014-04-22,95.688,96.181,95.66,96.105,92897840080,1,Tuesday,,
2014-04-23,96.105,96.244,94.809,95.247,104261039920,2,Wednesday,,
2014-04-24,95.247,95.317,94.556,94.77,101949729980,3,Thursday,,
2014-04-25,94.769,94.987,94.521,94.702,123637069970,4,Friday,,
2014-04-28,94.747,95.233,94.583,94.867,104468990030,0,Monday,0.045,0.0475
2014-04-29,94.86,95.275,94.582,95.123,116963810040,1,Tuesday,,
2014-04-30,95.105,95.269,94.624,94.952,121214119930,2,Wednesday,,
2014-05-01,94.937,95.148,94.684,94.882,79786320070,3,Thursday,,
2014-05-02,94.882,95.043,94.585,94.754,108109430260,4,Friday,,
2014-05-05,94.85,94.92,94.265,94.717,78311269950,0,Monday,0.096,0.1013
2014-05-06,94.717,95.172,94.591,95.078,105998490030,1,Tuesday,,
2014-05-07,95.077,95.143,94.733,95.042,116550730240,2,Wednesday,,
2014-05-08,95.042,95.655,94.916,95.294,120981170020,3,Thursday,,
2014-05-09,95.285,95.392,95.024,95.326,92548250060,4,Friday,,
2014-05-12,95.335,95.719,95.23,95.597,81559200010,0,Monday,0.009,0.0094
2014-05-13,95.596,95.901,95.473,95.691,94973800000,1,Tuesday,,
2014-05-14,95.69,96.102,95.349,95.554,95340889980,2,Wednesday,,
2014-05-15,95.553,95.795,94.722,95.027,114989939900,3,Thursday,,
2014-05-16,95.028,95.171,94.808,94.977,91684020060,4,Friday,,
2014-05-19,95.179,95.18,94.509,94.683,98438169960,0,Monday,0.202,0.2127
2014-05-20,94.682,94.735,93.564,93.653,107944220010,1,Tuesday,,
2014-05-21,93.653,93.801,93.04,93.769,114538280010,2,Wednesday,,
2014-05-22,93.769,94.359,93.475,93.849,105420949940,3,Thursday,,
2014-05-23,93.849,94.245,93.822,94.104,96386080020,4,Friday,,
2014-05-26,94.095,94.259,94.084,94.146,51946669990,0,Monday,-0.009,-0.0096
2014-05-27,94.146,94.546,94.133,94.413,103192409840,1,Tuesday,,
2014-05-28,94.409,94.499,93.73,94.051,97796740030,2,Wednesday,,
2014-05-29,94.051,94.747,93.692,94.731,117107139950,3,Thursday,,
2014-05-30,94.727,94.801,94.44,94.71,103957910020,4,Friday,,
2014-06-02,94.816,94.874,94.281,94.65,108857840000,0,Monday,0.106,0.1119
2014-06-03,94.65,95.067,94.503,94.972,111600230010,1,Tuesday,,
2014-06-04,94.96,95.41,94.918,95.302,120304049920,2,Wednesday,,
2014-06-05,95.303,95.695,94.943,95.645,132396289980,3,Thursday,,
2014-06-06,95.641,95.801,95.383,95.622,116261000160,4,Friday,,
2014-06-09,95.709,95.946,95.686,95.913,87241140030,0,Monday,0.087,0.091
2014-06-10,95.912,95.95,95.682,95.93,110725970030,1,Tuesday,,
2014-06-11,95.925,96.123,95.667,95.769,111820559970,2,Wednesday,,
2014-06-12,95.768,96.101,95.397,95.864,117529029920,3,Thursday,,
2014-06-13,95.864,96.147,95.618,95.903,109560739980,4,Friday,,
2014-06-16,95.89,95.941,95.484,95.725,95810620050,0,Monday,-0.013,-0.0136
2014-06-17,95.725,95.761,95.194,95.361,96081070060,1,Tuesday,,
2014-06-18,95.362,95.926,95.312,95.883,104475369880,2,Wednesday,,
2014-06-19,95.867,95.97,95.737,95.793,107834410030,3,Thursday,,
2014-06-20,95.793,95.926,95.75,95.797,72010790000,4,Friday,,
2014-06-23,95.703,96.325,95.676,96.021,84107889980,0,Monday,-0.094,-0.0981
2014-06-24,96.023,96.099,95.487,95.516,75232630040,1,Tuesday,,
2014-06-25,95.511,95.835,95.308,95.822,90316530020,2,Wednesday,,
2014-06-26,95.817,95.828,95.402,95.761,93025550060,3,Thursday,,
2014-06-27,95.761,95.775,95.389,95.547,92750749950,4,Friday,,
2014-06-30,95.516,95.619,95.167,95.568,93694870000,0,Monday,-0.031,-0.0324
2014-07-01,95.563,96.497,95.427,96.412,108081290030,1,Tuesday,,
2014-07-02,96.409,96.461,95.866,96.098,100543620120,2,Wednesday,,
2014-07-03,96.098,96.127,95.326,95.508,109209850060,3,Thursday,,
2014-07-04,95.507,95.623,95.384,95.533,78299180030,4,Friday,,
2014-07-07,95.55,95.612,95.333,95.454,84026340030,0,Monday,0.017,0.0178
2014-07-08,95.453,95.701,95.334,95.462,96186890090,1,Tuesday,,
2014-07-09,95.456,95.718,95.42,95.665,96830359990,2,Wednesday,,
2014-07-10,95.663,95.977,94.716,95.196,111478639810,3,Thursday,,
2014-07-11,95.196,95.326,94.973,95.064,91645709960,4,Friday,,
2014-07-14,95.073,95.439,95.051,95.364,73159440040,0,Monday,0.009,0.0095
2014-07-15,95.364,95.501,95.068,95.273,98815290000,1,Tuesday,,
2014-07-16,95.266,95.312,94.915,95.235,72514079990,2,Wednesday,,
2014-07-17,95.232,95.278,94.537,94.6,99500140090,3,Thursday,,
2014-07-18,94.6,95.305,94.384,95.113,106061739920,4,Friday,,
2014-07-21,95.158,95.274,94.938,95.037,78324219960,0,Monday,0.045,0.0473
2014-07-22,95.037,95.56,94.944,95.307,101517709970,1,Tuesday,,
2014-07-23,95.307,96.032,95.221,95.939,88512720020,2,Wednesday,,
2014-07-24,95.935,96.178,95.686,95.887,97007989920,3,Thursday,,
2014-07-25,95.887,95.932,95.604,95.653,87372010010,4,Friday,,
2014-07-28,95.627,95.868,95.53,95.797,85093239990,0,Monday,-0.026,-0.0272
2014-07-29,95.795,95.897,95.692,95.812,100315750050,1,Tuesday,,
2014-07-30,95.812,96.117,95.708,95.903,127452340080,2,Wednesday,,
2014-07-31,95.903,95.94,95.486,95.542,113657090160,3,Thursday,,
2014-08-01,95.54,95.797,95.293,95.517,128007969990,4,Friday,,
2014-08-04,95.466,95.76,95.415,95.729,67995169970,0,Monday,-0.051,-0.0534
2014-08-05,95.728,95.825,95.293,95.454,86559549980,1,Tuesday,,
2014-08-06,95.449,95.569,95.128,95.496,92142860030,2,Wednesday,,
2014-08-07,95.494,95.554,94.581,94.639,114291810140,3,Thursday,,
2014-08-08,94.637,94.714,93.923,94.601,121893010170,4,Friday,,
2014-08-11,94.764,94.865,94.533,94.645,81184700040,0,Monday,0.163,0.1723
2014-08-12,94.646,94.847,94.596,94.778,90811959990,1,Tuesday,,
2014-08-13,94.778,95.403,94.721,95.284,96756069980,2,Wednesday,,
2014-08-14,95.283,95.501,95.254,95.461,89907320010,3,Thursday,,
2014-08-15,95.461,95.696,95.025,95.359,94702109920,4,Friday,,
2014-08-18,95.298,95.712,95.248,95.629,75972769970,0,Monday,-0.061,-0.064
2014-08-19,95.628,95.941,95.612,95.726,85078480020,1,Tuesday,,
2014-08-20,95.726,96.439,95.609,96.348,119711630130,2,Wednesday,,
2014-08-21,96.345,96.613,95.988,96.602,104860030060,3,Thursday,,
2014-08-22,96.593,96.866,96.449,96.764,108995190030,4,Friday,,
2014-08-25,97.059,97.123,96.606,96.741,88765699970,0,Monday,0.295,0.3049
2014-08-26,96.733,97.068,96.47,96.836,114862629960,1,Tuesday,,
2014-08-27,96.836,97.158,96.778,96.974,110730120100,2,Wednesday,,
2014-08-28,96.974,97.249,96.78,97.028,111151610030,3,Thursday,,
2014-08-29,97.029,97.264,96.924,97.128,93325129930,4,Friday,,
2014-09-01,97.12,97.449,97.119,97.365,74221069970,0,Monday,-0.008,-0.0082
2014-09-02,97.365,97.591,97.348,97.456,111753549830,1,Tuesday,,
2014-09-03,97.452,98.127,97.442,97.932,118248520010,2,Wednesday,,
2014-09-04,97.932,98.59,97.878,98.401,118445009980,3,Thursday,,
2014-09-05,98.395,98.675,98.248,98.544,117597029760,4,Friday,,
2014-09-08,98.295,98.588,98.073,98.398,118629719940,0,Monday,-0.249,-0.2527
2014-09-09,98.398,98.65,97.619,97.72,167004790020,1,Tuesday,,
2014-09-10,97.72,97.924,97.261,97.799,201776129950,2,Wednesday,,
2014-09-11,97.787,98.344,97.251,97.439,152380010060,3,Thursday,,
2014-09-12,97.439,97.489,96.925,96.996,166628099950,4,Friday,,
2014-09-15,96.587,96.89,96.392,96.751,119794500070,0,Monday,-0.409,-0.4217
2014-09-16,96.747,97.525,96.364,97.409,146831290180,1,Tuesday,,
2014-09-17,97.417,97.543,96.984,97.095,149500400030,2,Wednesday,,
2014-09-18,97.08,97.73,96.994,97.698,134202489900,3,Thursday,,
2014-09-19,97.699,97.922,97.193,97.278,147264680020,4,Friday,,
2014-09-22,97.362,97.512,96.496,96.55,119042539860,0,Monday,0.084,0.0864
2014-09-23,96.55,96.98,96.175,96.245,133533199980,1,Tuesday,,
2014-09-24,96.244,96.912,96.085,96.869,125391870050,2,Wednesday,,
2014-09-25,96.867,96.944,95.403,95.555,141993090160,3,Thursday,,
2014-09-26,95.554,95.987,95.363,95.779,136257120000,4,Friday,,
2014-09-29,95.646,95.83,95.127,95.455,153242489850,0,Monday,-0.133,-0.1389
2014-09-30,95.445,96.028,95.118,95.894,144058370030,1,Tuesday,,
2014-10-01,95.894,95.949,95.095,95.134,159675580000,2,Wednesday,,
2014-10-02,95.13,95.815,94.888,95.428,183466810030,3,Thursday,,
2014-10-03,95.427,95.879,94.95,95.192,129195210050,4,Friday,,
2014-10-06,95.164,95.558,95.024,95.316,120193689940,0,Monday,-0.028,-0.0294
2014-10-07,95.309,95.582,95.096,95.245,160476829990,1,Tuesday,,
2014-10-08,95.233,95.692,94.71,95.537,173291690210,2,Wednesday,,
2014-10-09,95.537,95.833,94.437,94.697,225639370270,3,Thursday,,
2014-10-10,94.697,94.698,93.44,93.495,168447979980,4,Friday,,
2014-10-13,93.481,94.309,92.866,93.702,164104969940,0,Monday,-0.014,-0.015
2014-10-14,93.703,94.51,92.947,93.264,169760759790,1,Tuesday,,
2014-10-15,93.261,94.009,92.186,93.492,234092449840,2,Wednesday,,
2014-10-16,93.486,93.524,91.761,93.1,242719429810,3,Thursday,,
2014-10-17,93.092,93.731,92.747,93.444,157075010100,4,Friday,,
2014-10-20,93.894,94.215,93.592,93.91,129259590230,0,Monday,0.45,0.4816
2014-10-21,93.911,94.193,93.548,93.929,152188540090,1,Tuesday,,
2014-10-22,93.929,94.568,93.553,94.045,129603719880,2,Wednesday,,
2014-10-23,94.04,94.936,93.797,94.85,142177750020,3,Thursday,,
2014-10-24,94.846,95.284,94.122,95.024,123284839930,4,Friday,,
2014-10-26,95.35,95.377,95.274,95.287,1061630000,6,Sunday,,
2014-10-27,95.294,95.312,94.738,94.916,104432140030,0,Monday,0.007,0.0073
2014-10-28,94.914,95.837,94.832,95.708,107320659950,1,Tuesday,,
2014-10-29,95.709,96.278,95.535,95.681,122721049970,2,Wednesday,,
2014-10-30,95.681,96.677,95.378,96.568,134864470040,3,Thursday,,
2014-10-31,96.568,98.869,96.335,98.787,177928950210,4,Friday,,
2014-11-03,98.64,99.396,98.135,98.994,147734439990,0,Monday,-0.147,-0.1488
2014-11-04,98.99,99.322,98.305,99.247,164965549800,1,Tuesday,,
2014-11-05,99.247,99.713,98.222,98.508,185612329870,2,Wednesday,,
2014-11-06,98.508,98.862,98.057,98.591,199774259910,3,Thursday,,
2014-11-07,98.585,99.233,98.484,98.909,193487050050,4,Friday,,
2014-11-10,98.988,99.151,98.779,99.016,139034160190,0,Monday,0.079,0.0799
2014-11-11,99.006,100.681,98.953,100.551,178841989910,1,Tuesday,,
2014-11-12,100.53,100.843,100.059,100.672,184346310030,2,Wednesday,,
2014-11-13,100.669,101.204,100.266,100.966,158876979820,3,Thursday,,
2014-11-14,100.962,101.915,100.772,101.676,166257699840,4,Friday,,
2014-11-17,102.234,102.399,101.243,101.561,187161659860,0,Monday,0.558,0.5488
2014-11-18,101.561,102.232,101.324,101.891,154569859990,1,Tuesday,,
2014-11-19,101.88,101.963,101.331,101.65,167675710090,2,Wednesday,,
2014-11-20,101.648,102.019,101.444,101.836,172883529820,3,Thursday,,
2014-11-21,101.828,102.841,101.48,102.056,174688030130,4,Friday,,
2014-11-24,102.28,102.465,101.818,101.921,122044400100,0,Monday,0.224,0.2195
2014-11-25,101.916,102.009,100.403,100.617,171060379980,1,Tuesday,,
2014-11-26,100.617,100.872,99.921,100.615,135373670020,2,Wednesday,,
2014-11-27,100.612,101.055,100.332,100.547,106304480060,3,Thursday,,
2014-11-28,100.529,101.341,100.367,100.783,126615030170,4,Friday,,
2014-12-01,100.54,100.825,100.092,100.505,180066600160,0,Monday,-0.243,-0.2411
2014-12-02,100.505,101.158,100.269,100.66,156682100130,1,Tuesday,,
2014-12-03,100.656,100.898,99.983,100.676,152143019940,2,Wednesday,,
2014-12-04,100.677,100.942,100.222,100.398,169968210020,3,Thursday,,
2014-12-05,100.398,101.36,100.346,100.988,146065109780,4,Friday,,
2014-12-08,100.975,101.19,99.86,100.08,150904099870,0,Monday,-0.013,-0.0129
2014-12-09,100.076,100.205,98.553,99.248,223626200100,1,Tuesday,,
2014-12-10,99.239,99.469,97.769,97.988,213465160070,2,Wednesday,,
2014-12-11,97.989,98.776,97.437,98.114,225048459850,3,Thursday,,
2014-12-12,98.115,98.413,97.694,97.872,192501229840,4,Friday,,
2014-12-15,97.842,98.022,96.61,96.75,210495160060,0,Monday,-0.03,-0.0307
2014-12-16,96.744,96.958,95.29,95.651,247295420120,1,Tuesday,,
2014-12-17,95.651,96.626,95.219,96.334,210006510040,2,Wednesday,,
2014-12-18,96.33,97.613,96.251,97.013,185535300090,3,Thursday,,
2014-12-19,97.013,97.788,96.94,97.191,138442950000,4,Friday,,
2014-12-22,97.297,97.683,97.105,97.602,85261189990,0,Monday,0.106,0.1091
2014-12-23,97.601,97.888,97.177,97.796,85775629890,1,Tuesday,,
2014-12-24,97.796,97.964,97.569,97.685,76118630030,2,Wednesday,,
2014-12-25,97.685,97.771,97.46,97.47,8368210010,3,Thursday,,
2014-12-26,97.419,97.881,97.382,97.665,55897050030,4,Friday,,
2014-12-29,97.666,98.301,97.611,98.074,67946240050,0,Monday,0.001,0.001
2014-12-30,98.074,98.212,97.297,97.738,90586149980,1,Tuesday,,
2014-12-31,97.722,98.248,97.559,97.694,76023450050,2,Wednesday,,
2015-01-02,97.94,98.107,97.344,97.43,115024849970,4,Friday,,
2015-01-05,97.243,97.532,96.538,96.695,154794209780,0,Monday,-0.187,-0.1919
2015-01-06,96.692,97.22,95.679,95.687,204154399880,1,Tuesday,,
2015-01-07,95.692,96.383,95.632,96.328,184219019830,2,Wednesday,,
2015-01-08,96.323,97.255,96.252,97.186,135856650090,3,Thursday,,
2015-01-09,97.184,97.649,96.829,97.151,160677649800,4,Friday,,
2015-01-12,97.137,97.601,96.376,96.515,171729589990,0,Monday,-0.014,-0.0144
2015-01-13,96.514,96.985,95.811,96.284,204076970170,1,Tuesday,,
2015-01-14,96.287,96.342,94.25,95.599,253644540130,2,Wednesday,,
2015-01-15,95.599,96.946,95.186,95.413,286870250020,3,Thursday,,
2015-01-16,95.412,96.906,94.949,96.692,196711729900,4,Friday,,
2015-01-19,96.549,96.859,95.926,96.515,125120529910,0,Monday,-0.143,-0.1479
2015-01-20,96.51,97.389,96.351,97.074,182814230020,1,Tuesday,,
2015-01-21,97.061,97.075,95.221,95.362,215272050120,2,Wednesday,,
2015-01-22,95.354,95.849,94.831,95.095,214434490080,3,Thursday,,
2015-01-23,95.092,95.344,93.049,93.127,211133970000,4,Friday,,
2015-01-26,92.612,93.964,92.167,93.863,176465559660,0,Monday,-0.515,-0.553
2015-01-27,93.863,94.087,93.184,93.535,201542590110,1,Tuesday,,
2015-01-28,93.532,94.617,92.632,92.706,219959429880,2,Wednesday,,
2015-01-29,92.692,93.292,91.38,91.787,215088540050,3,Thursday,,
2015-01-30,91.781,92.223,90.86,91.226,194351150140,4,Friday,,
2015-02-02,90.676,92.033,90.676,91.738,195991660140,0,Monday,-0.55,-0.6029
2015-02-03,91.727,92.037,89.368,91.596,251995509920,1,Tuesday,,
2015-02-04,91.598,92.365,90.716,90.891,221263939640,2,Wednesday,,
2015-02-05,90.891,91.929,90.743,91.627,185739629800,3,Thursday,,
2015-02-06,91.618,93.101,91.578,92.815,204604520070,4,Friday,,
2015-02-09,92.369,92.977,92.11,92.536,197743779950,0,Monday,-0.446,-0.4805
2015-02-10,92.536,92.966,92.241,92.773,210908789970,1,Tuesday,,
2015-02-11,92.771,93.097,92.463,92.956,204281580030,2,Wednesday,,
2015-02-12,92.947,93.061,91.269,92.112,279315659950,3,Thursday,,
2015-02-13,92.109,92.382,91.847,92.314,201712380140,4,Friday,,
2015-02-16,92.079,92.407,91.754,92.078,107100820040,0,Monday,-0.235,-0.2546
2015-02-17,92.058,93.366,91.572,93.199,143633629900,1,Tuesday,,
2015-02-18,93.188,93.302,92.625,92.766,143670369950,2,Wednesday,,
2015-02-19,92.767,92.98,92.172,92.664,142518860040,3,Thursday,,
2015-02-20,92.663,93.449,92.422,93.267,165498550170,4,Friday,,
2015-02-23,93.421,93.452,92.621,92.689,128651620110,0,Monday,0.154,0.1651
2015-02-24,92.689,93.218,92.424,93.166,154121230140,1,Tuesday,,
2015-02-25,93.166,93.959,93.057,93.734,152370439800,2,Wednesday,,
2015-02-26,93.725,93.918,92.962,93.13,155557239990,3,Thursday,,
2015-02-27,93.131,93.645,92.73,93.329,148515329880,4,Friday,,
2015-03-02,93.449,93.542,92.991,93.27,127827569910,0,Monday,0.12,0.1286
2015-03-03,93.276,93.851,92.978,93.576,149591900090,1,Tuesday,,
2015-03-04,93.576,93.952,93.278,93.538,130350470120,2,Wednesday,,
2015-03-05,93.517,93.894,93.18,93.475,131975929960,3,Thursday,,
2015-03-06,93.475,94.196,93.06,93.177,147096050260,4,Friday,,
2015-03-08,93.081,93.188,93.049,93.161,1762370000,6,Sunday,,
2015-03-09,93.157,93.593,92.928,93.382,129322129900,0,Monday,-0.004,-0.0043
2015-03-10,93.384,93.398,92.172,92.359,205824580110,1,Tuesday,,
2015-03-11,92.359,92.72,91.798,92.196,195479739990,2,Wednesday,,
2015-03-12,92.203,93.583,92.12,93.407,211571600370,3,Thursday,,
2015-03-13,93.412,93.543,92.3,92.671,166013840260,4,Friday,,
2015-03-15,92.463,92.596,92.441,92.572,6411129980,6,Sunday,,
2015-03-16,92.572,93.036,92.369,92.745,135649979970,0,Monday,0.0,0.0
2015-03-17,92.74,92.997,92.257,92.489,135743669990,1,Tuesday,,
2015-03-18,92.488,93.82,92.059,93.061,166316649780,2,Wednesday,,
2015-03-19,93.069,93.53,92.003,92.375,211880110060,3,Thursday,,
2015-03-20,92.372,93.65,92.359,93.284,161189960110,4,Friday,,
2015-03-22,93.263,93.558,93.263,93.473,3363699970,6,Sunday,,
2015-03-23,93.471,94.583,93.207,94.277,193160610070,0,Monday,-0.002,-0.0021
2015-03-24,94.281,94.664,93.84,94.277,204684540100,1,Tuesday,,
2015-03-25,94.277,94.393,93.596,93.748,156179939910,2,Wednesday,,
2015-03-26,93.744,93.782,92.783,93.327,188055249970,3,Thursday,,
2015-03-27,93.327,93.369,92.278,92.319,167330640130,4,Friday,,
2015-03-30,92.197,92.366,91.635,91.885,154268850090,0,Monday,-0.122,-0.1322
2015-03-31,91.887,92.064,91.109,91.365,154979039930,1,Tuesday,,
2015-04-01,91.365,91.658,90.87,90.991,172032119980,2,Wednesday,,
2015-04-02,90.989,91.031,90.195,90.868,157580310130,3,Thursday,,
2015-04-03,90.87,91.61,90.603,90.747,91319779950,4,Friday,,
2015-04-06,90.804,91.203,90.634,90.725,94412749990,0,Monday,0.057,0.0628
2015-04-07,90.716,92.179,90.533,91.787,167028170160,1,Tuesday,,
2015-04-08,91.778,92.596,91.772,92.296,164057790200,2,Wednesday,,
2015-04-09,92.281,92.85,92.163,92.732,150335240030,3,Thursday,,
2015-04-10,92.731,93.053,91.93,92.27,140235770070,4,Friday,,
2015-04-13,92.27,92.356,90.879,91.154,146865060130,0,Monday,0.0,0.0
2015-04-14,91.154,91.378,90.467,91.032,155821840120,1,Tuesday,,
2015-04-15,91.03,91.547,90.477,91.488,162476680070,2,Wednesday,,
2015-04-16,91.444,93.016,91.376,92.853,175681340040,3,Thursday,,
2015-04-17,92.849,93.038,92.319,92.532,162510770040,4,Friday,,
2015-04-20,93.114,93.155,91.946,92.028,139014290020,0,Monday,0.582,0.629
2015-04-21,92.028,92.659,91.747,92.272,140166129830,1,Tuesday,,
2015-04-22,92.259,93.203,92.193,92.98,159185490060,2,Wednesday,,
2015-04-23,92.974,93.177,92.546,93.0,182231719980,3,Thursday,,
2015-04-24,93.002,93.271,92.837,93.036,168372910010,4,Friday,,
2015-04-27,92.956,93.771,92.868,93.526,147062370000,0,Monday,-0.08,-0.086
2015-04-28,93.523,95.416,93.323,95.353,151896020150,1,Tuesday,,
2015-04-29,95.35,95.947,94.85,95.292,209933910080,2,Wednesday,,
2015-04-30,95.269,95.399,93.992,94.35,187491099760,3,Thursday,,
2015-05-01,94.335,94.658,93.82,94.257,121555230110,4,Friday,,
2015-05-04,94.146,94.308,93.731,94.119,101563200120,0,Monday,-0.111,-0.1178
2015-05-05,94.104,95.398,93.573,95.156,169600780220,1,Tuesday,,
2015-05-06,95.16,95.935,94.974,95.189,189246729940,2,Wednesday,,
2015-05-07,95.157,95.64,94.507,94.667,189614910080,3,Thursday,,
2015-05-08,94.663,95.313,94.322,94.986,184875869990,4,Friday,,
2015-05-11,94.86,95.021,94.458,94.743,161870169860,0,Monday,-0.126,-0.1327
2015-05-12,94.747,95.926,94.73,95.598,179047909900,1,Tuesday,,
2015-05-13,95.598,96.774,95.285,96.649,189485549890,2,Wednesday,,
2015-05-14,96.652,97.292,96.13,96.269,192445860010,3,Thursday,,
2015-05-15,96.266,96.438,95.767,95.878,173839299650,4,Friday,,
2015-05-18,95.855,96.092,95.636,95.844,156220639920,0,Monday,-0.023,-0.024
2015-05-19,95.84,96.058,95.383,95.508,187581589800,1,Tuesday,,
2015-05-20,95.5,95.887,95.262,95.536,184964920400,2,Wednesday,,
2015-05-21,95.536,95.762,95.329,95.519,142651259970,3,Thursday,,
2015-05-22,95.52,95.766,94.945,95.151,135064970050,4,Friday,,
2015-05-25,94.989,95.292,94.913,95.083,86899280010,0,Monday,-0.162,-0.1703
2015-05-26,95.083,95.766,95.049,95.209,147132850120,1,Tuesday,,
2015-05-27,95.198,95.679,95.1,95.559,149322029990,2,Wednesday,,
2015-05-28,95.559,96.002,94.577,94.797,163784919970,3,Thursday,,
2015-05-29,94.797,95.138,94.624,94.853,150911489990,4,Friday,,
2015-06-01,94.74,95.176,94.606,94.893,150644110000,0,Monday,-0.113,-0.1191
2015-06-02,94.886,96.583,94.876,96.444,190267379880,1,Tuesday,,
2015-06-03,96.44,96.987,96.252,96.736,167412329690,2,Wednesday,,
2015-06-04,96.736,96.744,95.419,95.591,172240379870,3,Thursday,,
2015-06-05,95.587,96.352,95.466,95.738,151328009950,4,Friday,,
2015-06-08,95.694,95.962,95.429,95.875,145495280090,0,Monday,-0.044,-0.046
2015-06-09,95.874,96.097,95.17,95.614,167153789980,1,Tuesday,,
2015-06-10,95.616,95.74,94.509,95.185,198639650020,2,Wednesday,,
2015-06-11,95.144,95.819,94.39,95.689,174985820070,3,Thursday,,
2015-06-12,95.683,95.814,94.996,95.343,150819840030,4,Friday,,
2015-06-15,95.481,95.987,95.137,95.831,134895170000,0,Monday,0.138,0.1447
2015-06-16,95.82,96.002,95.404,95.598,127438190030,1,Tuesday,,
2015-06-17,95.596,95.78,95.041,95.611,158213809870,2,Wednesday,,
2015-06-18,95.597,96.311,94.948,95.89,172537259890,3,Thursday,,
2015-06-19,95.876,96.06,95.087,95.288,136785759980,4,Friday,,
2015-06-22,95.475,95.833,95.277,95.31,115196040150,0,Monday,0.187,0.1962
2015-06-23,95.301,95.953,95.187,95.87,118767289850,1,Tuesday,,
2015-06-24,95.865,96.184,95.383,95.384,121512229910,2,Wednesday,,
2015-06-25,95.372,95.807,95.358,95.639,107101020000,3,Thursday,,
2015-06-26,95.636,95.681,94.556,94.814,109637609870,4,Friday,,
2015-06-29,93.556,94.72,92.668,94.081,156919860230,0,Monday,-1.258,-1.3268
2015-06-30,94.076,94.458,93.616,94.4,143232400090,1,Tuesday,,
2015-07-01,94.4,94.986,94.088,94.15,141759090020,2,Wednesday,,
2015-07-02,94.15,94.433,93.649,93.903,130444019760,3,Thursday,,
2015-07-03,93.902,94.01,92.084,92.205,111888139870,4,Friday,,
2015-07-06,91.16,92.416,90.954,91.904,139457230100,0,Monday,-1.045,-1.1333
2015-07-07,91.901,92.021,90.433,91.29,148868869970,1,Tuesday,,
2015-07-08,91.282,91.4,89.46,89.66,178892559870,2,Wednesday,,
2015-07-09,89.659,91.02,89.162,90.341,162526599800,3,Thursday,,
2015-07-10,90.341,91.784,90.306,91.281,147896649890,4,Friday,,
2015-07-13,90.567,91.876,90.567,91.416,157218719920,0,Monday,-0.714,-0.7822
2015-07-14,91.416,91.997,91.324,91.926,140547519890,1,Tuesday,,
2015-07-15,91.925,92.426,91.105,91.306,162613149960,2,Wednesday,,
2015-07-16,91.308,92.212,91.019,91.906,147151649970,3,Thursday,,
2015-07-17,91.906,92.098,91.37,91.431,120410699970,4,Friday,,
2015-07-20,91.48,91.813,90.997,91.587,126742882240,0,Monday,0.049,0.0536
2015-07-21,91.51,92.26,91.345,91.902,162341620020,1,Tuesday,,
2015-07-22,91.897,92.015,91.197,91.389,153711249910,2,Wednesday,,
2015-07-23,91.388,91.811,91.054,91.108,138745800030,3,Thursday,,
2015-07-24,91.108,91.196,89.931,90.117,135307899880,4,Friday,,
2015-07-27,89.939,90.216,89.532,89.577,149879850130,0,Monday,-0.178,-0.1975
2015-07-28,89.573,90.712,89.341,90.618,150334199980,1,Tuesday,,
2015-07-29,90.582,90.828,90.288,90.388,145446090000,2,Wednesday,,
2015-07-30,90.388,90.895,90.308,90.516,137860349960,3,Thursday,,
2015-07-31,90.494,91.019,89.929,90.416,152509570050,4,Friday,,
2015-08-03,90.664,90.664,89.964,90.343,122764379840,0,Monday,0.248,0.2743
2015-08-04,90.346,92.033,90.046,91.769,161340030000,1,Tuesday,,
2015-08-05,91.765,91.906,91.254,91.831,159592380010,2,Wednesday,,
2015-08-06,91.825,92.232,91.343,91.607,146457939890,3,Thursday,,
2015-08-07,91.591,92.212,91.559,92.137,147763249940,4,Friday,,
2015-08-10,92.018,92.441,91.741,92.37,114190510030,0,Monday,-0.119,-0.1292
2015-08-11,92.37,92.692,90.958,91.36,164113419920,1,Tuesday,,
2015-08-12,91.359,91.732,90.352,91.632,173485009860,2,Wednesday,,
2015-08-13,91.632,92.057,91.148,91.534,159239300040,3,Thursday,,
2015-08-14,91.534,91.914,91.519,91.652,135789329840,4,Friday,,
2015-08-17,91.663,91.868,91.476,91.673,107096209990,0,Monday,0.011,0.012
2015-08-18,91.673,91.895,91.087,91.309,119164580050,1,Tuesday,,
2015-08-19,91.3,91.483,90.742,90.944,140701839950,2,Wednesday,,
2015-08-20,90.937,91.31,90.245,90.519,138508580090,3,Thursday,,
2015-08-21,90.519,90.609,89.19,89.199,170638740060,4,Friday,,
2015-08-24,88.907,89.168,82.08,84.722,242645119860,0,Monday,-0.292,-0.3274
2015-08-25,84.713,87.16,84.475,84.699,223908309890,1,Tuesday,,
2015-08-26,84.683,85.639,84.139,85.392,234665680280,2,Wednesday,,
2015-08-27,85.39,86.953,85.05,86.702,219135590140,3,Thursday,,
2015-08-28,86.702,87.318,86.044,87.277,179158510090,4,Friday,,
2015-08-31,86.978,87.085,85.791,86.21,152928459690,0,Monday,-0.299,-0.3426
2015-09-01,86.209,86.458,83.67,83.753,205501870220,1,Tuesday,,
2015-09-02,83.751,84.768,83.635,84.679,189533989950,2,Wednesday,,
2015-09-03,84.679,85.144,83.83,84.236,162028849950,3,Thursday,,
2015-09-04,84.233,84.378,82.115,82.183,178933250050,4,Friday,,
2015-09-07,82.358,83.08,82.208,82.572,172331220170,0,Monday,0.175,0.2129
2015-09-08,82.572,84.416,82.517,84.063,176871119910,1,Tuesday,,
2015-09-09,84.06,85.486,84.045,84.517,183469319940,2,Wednesday,,
2015-09-10,84.499,85.904,83.334,85.271,222198679960,3,Thursday,,
2015-09-11,85.273,85.601,84.785,85.483,143895119900,4,Friday,,
2015-09-14,85.335,86.096,84.933,85.797,152259780140,0,Monday,-0.148,-0.1731
2015-09-15,85.797,86.322,84.947,85.977,158506460040,1,Tuesday,,
2015-09-16,85.973,86.847,85.692,86.754,145446939900,2,Wednesday,,
2015-09-17,86.761,87.507,85.844,86.056,174818530010,3,Thursday,,
2015-09-18,86.058,86.862,85.79,86.219,198170090200,4,Friday,,
2015-09-21,86.253,86.377,85.712,85.947,136151580110,0,Monday,0.034,0.0394
2015-09-22,85.949,86.115,84.633,85.155,138115609690,1,Tuesday,,
2015-09-23,85.156,85.202,84.001,84.2,146697610140,2,Wednesday,,
2015-09-24,84.198,84.541,82.991,84.319,177932490110,3,Thursday,,
2015-09-25,84.319,85.002,83.85,84.675,171950340140,4,Friday,,
2015-09-28,84.695,84.729,83.668,83.8,150867420200,0,Monday,0.02,0.0236
2015-09-29,83.802,84.299,82.823,83.606,184709549990,1,Tuesday,,
2015-09-30,83.615,84.665,83.576,84.1,161059509980,2,Wednesday,,
2015-10-01,84.097,85.051,83.909,84.276,163737850250,3,Thursday,,
2015-10-02,84.276,84.675,83.269,84.435,165339270180,4,Friday,,
2015-10-05,84.644,85.519,84.505,85.295,139924619930,0,Monday,0.209,0.2475
2015-10-06,85.295,86.253,85.114,86.124,140653140020,1,Tuesday,,
2015-10-07,86.12,86.887,85.94,86.484,178144349960,2,Wednesday,,
2015-10-08,86.48,87.193,85.801,87.056,154444639740,3,Thursday,,
2015-10-09,87.054,88.33,86.885,88.189,162281849950,4,Friday,,
2015-10-12,87.92,88.61,87.764,88.357,107490210040,0,Monday,-0.269,-0.305
2015-10-13,88.357,88.398,86.729,86.729,137938259860,1,Tuesday,,
2015-10-14,86.729,87.089,86.087,86.73,169892289920,2,Wednesday,,
2015-10-15,86.723,87.505,86.288,87.109,174590510130,3,Thursday,,
2015-10-16,87.093,87.32,86.339,86.811,138045340180,4,Friday,,
2015-10-19,86.612,87.2,86.272,86.599,117918569940,0,Monday,-0.199,-0.2292
2015-10-20,86.577,87.352,86.558,86.987,112593429980,1,Tuesday,,
2015-10-21,86.984,87.297,86.361,86.441,133133109880,2,Wednesday,,
2015-10-22,86.441,87.157,85.998,86.971,146443809940,3,Thursday,,
2015-10-23,86.98,88.098,86.907,87.598,155611169780,4,Friday,,
2015-10-25,87.614,87.701,87.532,87.583,2553400000,6,Sunday,,
2015-10-26,87.585,87.994,87.498,87.637,122165249860,0,Monday,0.002,0.0023
2015-10-27,87.634,87.747,86.475,86.689,119147140010,1,Tuesday,,
2015-10-28,86.687,86.739,85.611,85.994,140907780040,2,Wednesday,,
2015-10-29,85.997,86.056,85.513,85.701,144887499880,3,Thursday,,
2015-10-30,85.701,86.282,85.427,86.055,177725960030,4,Friday,,
2015-11-02,85.626,86.351,85.626,86.275,120293650000,0,Monday,-0.429,-0.4985
2015-11-03,86.272,87.182,85.934,86.983,120731589810,1,Tuesday,,
2015-11-04,86.982,87.581,86.742,86.881,141139589820,2,Wednesday,,
2015-11-05,86.881,87.308,86.609,86.946,139085210050,3,Thursday,,
2015-11-06,86.939,87.375,86.506,86.682,158464659870,4,Friday,,
2015-11-09,86.615,87.269,86.608,86.785,154401639950,0,Monday,-0.067,-0.0773
2015-11-10,86.785,87.09,86.464,86.578,141000130100,1,Tuesday,,
2015-11-11,86.574,86.989,86.542,86.739,121183699840,2,Wednesday,,
2015-11-12,86.735,87.949,86.706,87.352,154300099720,3,Thursday,,
2015-11-13,87.343,87.679,87.182,87.378,136362630040,4,Friday,,
2015-11-16,87.024,87.614,86.818,87.393,144878210100,0,Monday,-0.354,-0.4051
2015-11-17,87.404,88.018,87.245,87.784,144262870020,1,Tuesday,,
2015-11-18,87.784,87.92,87.379,87.907,127926680170,2,Wednesday,,
2015-11-19,87.907,88.516,87.77,88.371,157686540170,3,Thursday,,
2015-11-20,88.371,89.012,88.286,88.844,141413530010,4,Friday,,
2015-11-23,88.8,88.888,88.23,88.335,124784610090,0,Monday,-0.044,-0.0495
2015-11-24,88.331,88.925,88.031,88.871,128959569970,1,Tuesday,,
2015-11-25,88.9,89.111,88.797,88.993,132345119760,2,Wednesday,,
2015-11-26,88.996,89.083,88.375,88.581,114775350090,3,Thursday,,
2015-11-27,88.581,88.727,88.109,88.306,120272249860,4,Friday,,
2015-11-30,88.333,89.416,88.043,88.962,133264730030,0,Monday,0.027,0.0306
2015-12-01,88.957,90.104,88.882,89.956,157927850020,1,Tuesday,,
2015-12-02,89.954,90.483,89.806,90.053,150399840020,2,Wednesday,,
2015-12-03,90.055,90.579,89.697,89.984,195417509940,3,Thursday,,
2015-12-04,89.978,90.725,89.604,90.277,183600850110,4,Friday,,
2015-12-07,90.411,90.476,89.47,89.653,134074410020,0,Monday,0.134,0.1484
2015-12-08,89.646,89.661,88.263,88.676,155089360010,1,Tuesday,,
2015-12-09,88.676,88.989,87.298,87.785,179070989730,2,Wednesday,,
2015-12-10,87.78,89.128,87.773,88.485,162648640150,3,Thursday,,
2015-12-11,88.493,88.623,86.793,86.901,165670730030,4,Friday,,
2015-12-14,87.262,87.717,86.51,87.652,184546140160,0,Monday,0.361,0.4154
2015-12-15,87.648,88.127,87.14,87.491,171841290060,1,Tuesday,,
2015-12-16,87.483,88.502,87.437,88.372,173976920030,2,Wednesday,,
2015-12-17,88.37,88.593,87.112,87.352,165099100250,3,Thursday,,
2015-12-18,87.355,87.995,86.212,86.889,181596830040,4,Friday,,
2015-12-21,86.922,87.203,86.639,87.109,132357150020,0,Monday,0.033,0.038
2015-12-22,87.11,87.721,87.03,87.572,144448140040,1,Tuesday,,
2015-12-23,87.577,87.658,87.145,87.441,93019920050,2,Wednesday,,
2015-12-24,87.441,87.672,87.347,87.529,85069990010,3,Thursday,,
2015-12-25,87.311,87.637,87.19,87.504,14583719990,4,Friday,,
2015-12-28,87.488,87.608,87.227,87.27,90860409910,0,Monday,-0.016,-0.0183
2015-12-29,87.268,87.916,87.212,87.848,106884629990,1,Tuesday,,
2015-12-30,87.848,87.975,87.604,87.795,98791260160,2,Wednesday,,
2015-12-31,87.798,88.204,87.432,87.604,88651579990,3,Thursday,,
2016-01-04,87.552,87.831,85.335,85.872,157099619970,0,Monday,-0.052,-0.0594
2016-01-05,85.872,86.345,84.886,85.236,165355959790,1,Tuesday,,
2016-01-06,85.237,85.402,83.548,83.771,196980069810,2,Wednesday,,
2016-01-07,83.76,84.122,81.991,82.489,220044469930,3,Thursday,,
2016-01-08,82.483,83.883,81.466,81.476,209346119530,4,Friday,,
2016-01-11,81.694,83.02,80.88,82.363,209106570000,0,Monday,0.218,0.2676
2016-01-12,82.363,82.774,81.38,82.165,212960959920,1,Tuesday,,
2016-01-13,82.162,83.394,81.771,81.845,197840740020,2,Wednesday,,
2016-01-14,81.845,82.679,81.164,82.45,228423609880,3,Thursday,,
2016-01-15,82.443,82.796,79.562,80.217,238394429610,4,Friday,,
2016-01-18,79.772,81.272,79.723,80.52,170136789930,0,Monday,-0.445,-0.5547
2016-01-19,80.52,82.157,80.191,81.242,210591970250,1,Tuesday,,
2016-01-20,81.233,81.448,79.21,80.758,267261190050,2,Wednesday,,
2016-01-21,80.758,82.631,80.086,82.358,290712740170,3,Thursday,,
2016-01-22,82.357,83.52,82.128,83.178,211588120120,4,Friday,,
2016-01-25,83.101,83.49,82.211,82.261,185447640050,0,Monday,-0.077,-0.0926
2016-01-26,82.265,83.263,81.476,82.934,190413220070,1,Tuesday,,
2016-01-27,82.933,84.216,82.699,83.369,225830849980,2,Wednesday,,
2016-01-28,83.354,84.805,83.003,84.155,206132389950,3,Thursday,,
2016-01-29,84.147,86.363,84.033,85.792,242768390430,4,Friday,,
2016-02-01,85.918,86.22,85.284,86.037,186889120050,0,Monday,0.126,0.1469
2016-02-02,86.037,86.145,84.375,84.42,208656970160,1,Tuesday,,
2016-02-03,84.419,84.769,83.194,84.488,270750860350,2,Wednesday,,
2016-02-04,84.489,85.051,83.906,84.069,255694509950,3,Thursday,,
2016-02-05,84.083,84.305,82.507,82.507,224488970190,4,Friday,,
2016-02-08,82.571,83.48,81.598,82.091,239784519930,0,Monday,0.064,0.0776
2016-02-09,82.091,82.091,80.003,81.376,314426309880,1,Tuesday,,
2016-02-10,81.374,81.935,80.369,80.37,357315730090,2,Wednesday,,
2016-02-11,80.376,80.87,77.584,79.904,339643900780,3,Thursday,,
2016-02-12,79.895,80.645,79.29,80.418,279306020030,4,Friday,,
2016-02-15,80.548,81.981,80.469,81.751,193682949890,0,Monday,0.13,0.1617
2016-02-16,81.753,82.426,80.462,81.094,231299399710,1,Tuesday,,
2016-02-17,81.07,82.077,80.348,81.937,228052770190,2,Wednesday,,
2016-02-18,81.936,82.021,80.835,81.034,208773449970,3,Thursday,,
2016-02-19,81.038,81.11,79.823,80.454,204580760070,4,Friday,,
2016-02-22,80.531,82.02,80.257,81.575,184484159950,0,Monday,0.077,0.0957
2016-02-23,81.558,81.784,80.674,80.726,208284970320,1,Tuesday,,
2016-02-24,80.719,80.818,79.605,80.712,218343800010,2,Wednesday,,
2016-02-25,80.707,81.779,80.194,81.752,221856560030,3,Thursday,,
2016-02-26,81.752,82.014,81.009,81.226,196596720030,4,Friday,,
2016-02-29,81.113,81.214,80.326,80.459,213607160040,0,Monday,-0.113,-0.1391
2016-03-01,80.456,81.969,79.804,81.779,207327589970,1,Tuesday,,
2016-03-02,81.779,82.913,81.544,82.759,209101379880,2,Wednesday,,
2016-03-03,82.751,83.795,82.614,83.567,202360660080,3,Thursday,,
2016-03-04,83.57,84.933,83.244,84.581,221100759990,4,Friday,,
2016-03-07,84.321,85.014,83.899,84.696,174035050020,0,Monday,-0.26,-0.3074
2016-03-08,84.69,84.758,83.594,83.768,196186640100,1,Tuesday,,
2016-03-09,83.761,85.225,83.345,84.815,202253520300,2,Wednesday,,
2016-03-10,84.815,85.617,83.705,84.344,251409319950,3,Thursday,,
2016-03-11,84.344,86.205,84.069,86.063,209080389900,4,Friday,,
2016-03-13,85.95,86.008,85.919,85.981,1388040000,6,Sunday,,
2016-03-14,85.983,86.406,85.224,85.434,171640339970,0,Monday,0.002,0.0023
2016-03-15,85.433,85.664,83.9,84.44,198340569650,1,Tuesday,,
2016-03-16,84.44,85.406,84.262,85.193,195832059880,2,Wednesday,,
2016-03-17,85.193,85.867,84.294,85.09,233996019830,3,Thursday,,
2016-03-18,85.085,85.36,84.669,84.75,175807350200,4,Friday,,
2016-03-20,84.68,84.748,84.669,84.713,2991420000,6,Sunday,,
2016-03-21,84.713,85.082,84.216,84.877,158335859750,0,Monday,0.0,0.0
2016-03-22,84.878,85.649,84.123,85.569,181308470250,1,Tuesday,,
2016-03-23,85.567,85.859,84.517,84.68,177105680000,2,Wednesday,,
2016-03-24,84.682,85.01,84.325,84.893,147665219730,3,Thursday,,
2016-03-25,84.893,85.222,84.732,84.855,58806940010,4,Friday,,
2016-03-28,84.988,85.631,84.863,85.565,101490219990,0,Monday,0.133,0.1567
2016-03-29,85.563,86.154,85.283,85.941,169500739710,1,Tuesday,,
2016-03-30,85.924,86.668,85.62,86.221,186445719870,2,Wednesday,,
2016-03-31,86.218,86.701,85.765,86.186,170341459910,3,Thursday,,
2016-04-01,86.185,86.473,85.253,85.701,175379190270,4,Friday,,
2016-04-04,85.594,85.789,84.503,84.641,147560430000,0,Monday,-0.107,-0.1249
2016-04-05,84.628,84.681,82.804,83.217,189862659810,1,Tuesday,,
2016-04-06,83.216,83.666,83.035,83.423,165130679730,2,Wednesday,,
2016-04-07,83.395,83.73,80.68,81.185,198160120040,3,Thursday,,
2016-04-08,81.183,82.467,81.112,81.573,168636579820,4,Friday,,
2016-04-11,81.489,82.448,81.077,81.971,185099029940,0,Monday,-0.084,-0.103
2016-04-12,81.953,83.468,81.862,83.381,171751129890,1,Tuesday,,
2016-04-13,83.37,84.008,83.229,83.661,163300949900,2,Wednesday,,
2016-04-14,83.661,84.477,83.414,84.161,158142419940,3,Thursday,,
2016-04-15,84.145,84.769,83.615,83.943,144598049960,4,Friday,,
2016-04-18,82.742,84.489,82.462,84.32,181731040230,0,Monday,-1.201,-1.4307
2016-04-19,84.3,85.46,84.242,85.304,165657580150,1,Tuesday,,
2016-04-20,85.295,85.818,84.605,85.594,176590619960,2,Wednesday,,
2016-04-21,85.594,85.918,84.644,84.677,182056339670,3,Thursday,,
2016-04-22,84.673,86.38,84.635,86.147,201153129840,4,Friday,,
2016-04-25,86.059,86.22,85.495,85.781,177850509920,0,Monday,-0.088,-0.1022
2016-04-26,85.766,86.301,85.239,86.223,178931199870,1,Tuesday,,
2016-04-27,86.221,86.297,84.222,84.516,199653659950,2,Wednesday,,
2016-04-28,84.536,84.875,82.093,82.396,229776259930,3,Thursday,,
2016-04-29,82.396,82.52,80.815,80.83,206054589640,4,Friday,,
2016-05-02,80.659,81.624,80.638,81.541,165685460150,0,Monday,-0.171,-0.2116
2016-05-03,81.539,81.949,79.534,79.744,191100840180,1,Tuesday,,
2016-05-04,79.738,80.461,79.488,79.734,179498140260,2,Wednesday,,
2016-05-05,79.735,80.438,79.721,80.06,136727799950,3,Thursday,,
2016-05-06,80.06,80.292,78.178,78.892,168582940230,4,Friday,,
2016-05-09,78.739,79.522,78.738,79.234,151553390180,0,Monday,-0.153,-0.1939
2016-05-10,79.228,80.521,79.119,80.424,152724309940,1,Tuesday,,
2016-05-11,80.401,80.648,79.713,79.937,152172350070,2,Wednesday,,
2016-05-12,79.94,80.377,79.452,79.827,156340409910,3,Thursday,,
2016-05-13,79.824,79.87,78.893,78.909,179005139950,4,Friday,,
2016-05-16,78.719,79.522,78.635,79.451,119758029940,0,Monday,-0.19,-0.2408
2016-05-17,79.451,80.558,79.296,79.924,144540340030,1,Tuesday,,
2016-05-18,79.924,80.038,79.309,79.64,162680050010,2,Wednesday,,
2016-05-19,79.64,79.746,79.021,79.469,171895450140,3,Thursday,,
2016-05-20,79.457,79.952,79.381,79.528,125286849870,4,Friday,,
2016-05-23,79.477,79.747,78.773,78.897,137856529940,0,Monday,-0.051,-0.0641
2016-05-24,78.888,79.102,78.308,79.007,146419150270,1,Tuesday,,
2016-05-25,79.007,79.505,78.969,79.295,142936239930,2,Wednesday,,
2016-05-26,79.285,79.503,78.451,79.301,135474849880,3,Thursday,,
2016-05-27,79.309,79.493,78.893,79.177,128044779780,4,Friday,,
2016-05-30,79.243,79.904,79.211,79.792,95266600030,0,Monday,0.066,0.0834
2016-05-31,79.791,80.689,79.713,80.064,150150269950,1,Tuesday,,
2016-06-01,80.032,80.789,79.02,79.471,167621759720,2,Wednesday,,
2016-06-02,79.468,79.505,78.32,78.692,161442570130,3,Thursday,,
2016-06-03,78.692,79.003,78.102,78.445,171137429890,4,Friday,,
2016-06-06,78.507,79.349,78.034,79.214,162688179950,0,Monday,0.062,0.079
2016-06-07,79.187,80.307,79.016,80.041,142578849840,1,Tuesday,,
2016-06-08,80.016,80.073,79.371,79.905,144636490000,2,Wednesday,,
2016-06-09,79.891,80.274,78.98,79.549,153036949920,3,Thursday,,
2016-06-10,79.549,79.607,78.552,78.862,142038949940,4,Friday,,
2016-06-13,78.765,78.871,78.087,78.456,161265529950,0,Monday,-0.097,-0.123
2016-06-14,78.448,78.562,77.507,78.06,157755819910,1,Tuesday,,
2016-06-15,78.058,78.74,77.745,78.509,156229230070,2,Wednesday,,
2016-06-16,78.511,78.65,75.588,76.748,195257890100,3,Thursday,,
2016-06-17,76.749,77.534,76.72,76.946,159130070240,4,Friday,,
2016-06-20,77.823,78.155,77.328,77.458,157379700190,0,Monday,0.877,1.1398
2016-06-21,77.451,78.563,77.31,78.015,158713159990,1,Tuesday,,
2016-06-22,78.016,78.753,77.773,78.288,147146390170,2,Wednesday,,
2016-06-23,78.285,80.825,78.214,80.776,187352569770,3,Thursday,,
2016-06-24,80.774,81.576,72.476,76.314,286235030260,4,Friday,,
2016-06-27,75.229,76.154,74.522,74.722,220877870030,0,Monday,-1.085,-1.4218
2016-06-28,74.695,75.914,74.695,75.861,169223030090,1,Tuesday,,
2016-06-29,75.861,76.67,75.439,76.598,159565590140,2,Wednesday,,
2016-06-30,76.592,77.042,75.556,76.87,185258279850,3,Thursday,,
2016-07-01,76.87,76.955,76.419,76.79,147802060000,4,Friday,,
2016-07-04,76.389,77.402,76.389,77.282,110471180000,0,Monday,-0.401,-0.5222
2016-07-05,77.282,77.298,75.665,75.888,152000770100,1,Tuesday,,
2016-07-06,75.886,76.275,74.545,76.168,190116070010,2,Wednesday,,
2016-07-07,76.169,76.265,75.183,75.335,162782700150,3,Thursday,,
2016-07-08,75.354,76.128,75.045,76.042,148142889880,4,Friday,,
2016-07-11,76.092,77.598,75.935,77.407,162057229720,0,Monday,0.05,0.0658
2016-07-12,77.402,80.346,77.213,79.789,190839070060,1,Tuesday,,
2016-07-13,79.789,79.998,78.851,79.464,190084089880,2,Wednesday,,
2016-07-14,79.464,80.991,78.963,80.378,203092979830,3,Thursday,,
2016-07-15,80.372,81.504,79.134,79.45,208389069870,4,Friday,,
2016-07-18,79.973,80.778,79.757,80.571,145169209990,0,Monday,0.523,0.6583
2016-07-19,80.566,80.598,79.339,79.618,170780669750,1,Tuesday,,
2016-07-20,79.617,80.068,79.265,79.903,280039749880,2,Wednesday,,
2016-07-21,79.907,80.454,79.047,79.292,611133499710,3,Thursday,,
2016-07-22,79.282,79.628,78.906,79.245,471109730220,4,Friday,,
2016-07-25,79.15,79.715,78.954,79.031,422213140220,0,Monday,-0.095,-0.1199
2016-07-26,79.02,79.132,78.16,78.465,534119630370,1,Tuesday,,
2016-07-27,78.476,79.572,78.458,78.931,622648220260,2,Wednesday,,
2016-07-28,78.931,79.149,78.607,78.934,446371019260,3,Thursday,,
2016-07-29,78.936,79.496,77.495,77.518,597569029130,4,Friday,,
2016-08-01,77.613,78.185,77.064,77.146,486563589930,0,Monday,0.095,0.1226
2016-08-02,77.146,77.47,76.499,76.745,516036110070,1,Tuesday,,
2016-08-03,76.743,77.081,76.507,76.816,447220050200,2,Wednesday,,
2016-08-04,76.813,77.353,76.757,77.18,379822940350,3,Thursday,,
2016-08-05,77.18,77.672,77.126,77.496,353875609910,4,Friday,,
2016-08-08,77.652,78.673,77.491,78.368,288888050170,0,Monday,0.156,0.2013
2016-08-09,78.368,78.482,78.014,78.153,265362209660,1,Tuesday,,
2016-08-10,78.153,78.372,77.848,77.968,323612510000,2,Wednesday,,
2016-08-11,77.944,78.624,77.862,78.487,259338240080,3,Thursday,,
2016-08-12,78.483,78.547,77.332,77.451,292456779970,4,Friday,,
2016-08-15,77.407,77.805,77.375,77.692,243996629960,0,Monday,-0.044,-0.0568
2016-08-16,77.692,77.775,77.03,77.174,319473829680,1,Tuesday,,
2016-08-17,77.172,77.565,76.294,76.743,319904240360,2,Wednesday,,
2016-08-18,76.73,77.273,76.325,76.764,343722789730,3,Thursday,,
2016-08-19,76.753,76.965,76.065,76.381,295659020310,4,Friday,,
2016-08-22,76.602,76.773,76.344,76.505,379734910010,0,Monday,0.221,0.2893
2016-08-23,76.505,76.685,76.284,76.327,383996330100,1,Tuesday,,
2016-08-24,76.327,76.622,76.103,76.465,332925159850,2,Wednesday,,
2016-08-25,76.465,76.72,76.418,76.557,294527159980,3,Thursday,,
2016-08-26,76.554,77.195,76.551,76.973,369984449970,4,Friday,,
2016-08-29,77.122,77.4,76.693,77.124,336597110210,0,Monday,0.149,0.1936
2016-08-30,77.124,77.462,77.081,77.29,336698450340,1,Tuesday,,
2016-08-31,77.29,77.801,77.284,77.745,337963399620,2,Wednesday,,
2016-09-01,77.745,78.197,77.484,77.957,375658250050,3,Thursday,,
2016-09-02,77.959,78.774,77.866,78.637,403839780210,4,Friday,,
2016-09-05,78.759,78.894,78.279,78.395,294245029950,0,Monday,0.122,0.1551
2016-09-06,78.387,79.128,78.305,78.41,392433009940,1,Tuesday,,
2016-09-07,78.405,78.445,77.583,78.046,488677700050,2,Wednesday,,
2016-09-08,78.042,78.599,77.914,78.319,395550989680,3,Thursday,,
2016-09-09,78.317,78.332,77.394,77.394,366036380220,4,Friday,,
2016-09-12,77.311,77.451,76.416,77.042,403501719930,0,Monday,-0.083,-0.1072
2016-09-13,77.045,77.131,76.113,76.512,437142179580,1,Tuesday,,
2016-09-14,76.512,77.421,76.389,76.468,421853019690,2,Wednesday,,
2016-09-15,76.467,76.893,75.968,76.699,392995029730,3,Thursday,,
2016-09-16,76.7,76.834,76.313,76.562,303593000290,4,Friday,,
2016-09-19,76.366,77.028,76.366,76.781,247062130290,0,Monday,-0.196,-0.256
2016-09-20,76.781,76.995,76.664,76.837,262546120270,1,Tuesday,,
2016-09-21,76.838,77.529,76.174,76.446,512016279540,2,Wednesday,,
2016-09-22,76.448,77.289,76.299,76.987,329721270330,3,Thursday,,
2016-09-23,76.989,77.338,76.809,76.945,356246479990,4,Friday,,
2016-09-26,76.857,76.98,76.449,76.589,331100319750,0,Monday,-0.088,-0.1144
2016-09-27,76.595,77.497,76.182,76.981,400076619600,1,Tuesday,,
2016-09-28,76.983,77.509,76.847,77.441,357543210110,2,Wednesday,,
2016-09-29,77.439,78.17,76.902,77.115,471904069740,3,Thursday,,
2016-09-30,77.115,77.756,76.494,77.576,411846550070,4,Friday,,
2016-10-03,77.504,78.009,77.373,77.969,259414770110,0,Monday,-0.072,-0.0928
2016-10-04,77.969,78.71,77.902,78.382,422825899970,1,Tuesday,,
2016-10-05,78.368,79.018,78.162,78.874,324614780020,2,Wednesday,,
2016-10-06,78.878,78.996,78.463,78.825,320447030200,3,Thursday,,
2016-10-07,78.827,78.887,77.984,78.104,446218729900,4,Friday,,
2016-10-10,78.509,78.978,78.084,78.81,218785669990,0,Monday,0.405,0.5185
2016-10-11,78.808,78.916,77.743,78.011,345011539770,1,Tuesday,,
2016-10-12,78.009,79.029,77.966,78.788,319692109980,2,Wednesday,,
2016-10-13,78.788,78.958,77.897,78.472,357193179910,3,Thursday,,
2016-10-14,78.465,79.727,78.378,79.336,354544219870,4,Friday,,
2016-10-17,79.519,79.52,78.812,79.236,267738690070,0,Monday,0.183,0.2307
2016-10-18,79.23,80.016,79.138,79.606,272472249990,1,Tuesday,,
2016-10-19,79.599,79.907,79.148,79.853,236258659780,2,Wednesday,,
2016-10-20,79.853,80.003,79.223,79.264,261931309790,3,Thursday,,
2016-10-21,79.264,79.511,78.72,78.967,234439549980,4,Friday,,
2016-10-24,78.992,79.392,78.878,79.275,162850410030,0,Monday,0.025,0.0317
2016-10-25,79.275,80.013,79.169,79.679,120388549990,1,Tuesday,,
2016-10-26,79.669,80.312,79.387,79.917,123411319950,2,Wednesday,,
2016-10-27,79.904,80.032,79.556,79.876,125217940030,3,Thursday,,
2016-10-28,79.879,80.016,79.281,79.514,146820170040,4,Friday,,
2016-10-30,79.218,79.472,79.212,79.43,1107240000,6,Sunday,,
2016-10-31,79.437,79.985,79.376,79.688,114443450000,0,Monday,0.007,0.0088
2016-11-01,79.689,80.632,79.461,79.661,170859469940,1,Tuesday,,
2016-11-02,79.661,79.671,78.981,79.139,173538510140,2,Wednesday,,
2016-11-03,79.137,79.315,78.475,79.086,159331660000,3,Thursday,,
2016-11-04,79.085,79.391,78.856,79.101,156941090000,4,Friday,,
2016-11-07,79.866,80.784,79.561,80.72,150259400090,0,Monday,0.765,0.9671
2016-11-08,80.722,81.792,80.261,81.605,148155640110,1,Tuesday,,
2016-11-09,81.603,81.927,76.79,80.66,352919730160,2,Wednesday,,
2016-11-10,80.649,82.455,80.394,81.301,268570259690,3,Thursday,,
2016-11-11,81.292,81.423,80.254,80.414,240942420130,4,Friday,,
2016-11-14,80.618,81.969,80.52,81.877,227049950480,0,Monday,0.204,0.2537
2016-11-15,81.87,82.593,81.542,82.523,199796570010,1,Tuesday,,
2016-11-16,82.523,82.606,81.475,81.572,188400280370,2,Wednesday,,
2016-11-17,81.572,81.84,81.111,81.561,192165650050,3,Thursday,,
2016-11-18,81.561,81.908,81.107,81.301,198271029990,4,Friday,,
2016-11-21,81.298,81.812,81.14,81.59,199922140130,0,Monday,-0.003,-0.0037
2016-11-22,81.595,82.281,81.418,82.253,173949390080,1,Tuesday,,
2016-11-23,82.239,83.473,82.157,83.057,164064639840,2,Wednesday,,
2016-11-24,83.055,84.023,82.923,83.915,145216550080,3,Thursday,,
2016-11-25,83.887,84.62,83.747,84.188,192234130090,4,Friday,,
2016-11-28,83.925,84.265,83.167,83.737,191401689760,0,Monday,-0.263,-0.3124
2016-11-29,83.734,84.378,83.604,84.091,182626579870,1,Tuesday,,
2016-11-30,84.095,84.519,83.967,84.5,217833789840,2,Wednesday,,
2016-12-01,84.499,84.85,84.356,84.569,195796339820,3,Thursday,,
2016-12-02,84.56,84.812,84.33,84.626,171445810200,4,Friday,,
2016-12-05,84.402,85.541,83.772,85.046,208194639940,0,Monday,-0.224,-0.2647
2016-12-06,85.037,85.175,84.566,85.057,153935300020,1,Tuesday,,
2016-12-07,85.038,85.317,84.667,85.08,144868550200,2,Wednesday,,
2016-12-08,85.078,85.273,84.79,85.104,182417769950,3,Thursday,,
2016-12-09,85.103,86.091,84.93,85.851,155625910020,4,Friday,,
2016-12-12,85.924,86.61,85.731,86.2,169375540030,0,Monday,0.073,0.085
2016-12-13,86.227,86.589,86.043,86.375,162575619990,1,Tuesday,,
2016-12-14,86.376,86.872,86.167,86.658,185000069890,2,Wednesday,,
2016-12-15,86.653,87.531,86.608,86.936,247198320120,3,Thursday,,
2016-12-16,86.936,87.139,85.761,86.102,194229440230,4,Friday,,
2016-12-19,85.894,86.006,84.644,84.824,172718829960,0,Monday,-0.208,-0.2416
2016-12-20,84.821,85.718,84.797,85.546,155426850030,1,Tuesday,,
2016-12-21,85.547,85.743,85.004,85.062,133590059880,2,Wednesday,,
2016-12-22,85.057,85.296,84.626,84.802,132014709980,3,Thursday,,
2016-12-23,84.799,84.914,83.949,84.15,95314510090,4,Friday,,
2016-12-26,84.086,84.556,83.907,84.122,64508120060,0,Monday,-0.064,-0.0761
2016-12-27,84.187,84.601,84.058,84.35,90980829940,1,Tuesday,,
2016-12-28,84.319,84.86,84.093,84.106,115935690040,2,Wednesday,,
2016-12-29,84.088,84.212,83.741,84.078,131907659950,3,Thursday,,
2016-12-30,84.079,84.594,84.017,84.225,166168779840,4,Friday,,
2017-01-02,84.279,84.522,83.981,84.395,94314909900,0,Monday,0.054,0.0641
2017-01-03,84.378,85.48,84.337,84.999,149306740030,1,Tuesday,,
2017-01-04,84.989,85.709,84.908,85.37,176152199990,2,Wednesday,,
2017-01-05,85.368,85.453,84.552,84.618,225652530060,3,Thursday,,
2017-01-06,84.626,85.491,84.562,85.318,189038739840,4,Friday,,
2017-01-09,85.356,85.917,85.29,85.305,161247699950,0,Monday,0.038,0.0445
2017-01-10,85.308,85.418,85.043,85.288,183942019940,1,Tuesday,,
2017-01-11,85.293,86.093,85.218,85.87,224386359920,2,Wednesday,,
2017-01-12,85.866,85.995,85.354,85.854,226725999790,3,Thursday,,
2017-01-13,85.854,86.278,85.671,85.819,197892630030,4,Friday,,
2017-01-16,85.498,85.782,85.008,85.372,143132260030,0,Monday,-0.321,-0.374
2017-01-17,85.363,85.597,84.999,85.205,224919909940,1,Tuesday,,
2017-01-18,85.189,86.148,85.042,86.026,195507180230,2,Wednesday,,
2017-01-19,86.027,87.066,85.94,86.817,224759250110,3,Thursday,,
2017-01-20,86.819,87.042,86.325,86.564,229713239930,4,Friday,,
2017-01-23,86.306,86.511,85.329,85.471,205437239640,0,Monday,-0.258,-0.298
2017-01-24,85.454,86.319,85.369,86.225,183027120220,1,Tuesday,,
2017-01-25,86.232,86.508,85.379,85.749,196489549800,2,Wednesday,,
2017-01-26,85.741,86.454,85.65,86.27,190992460030,3,Thursday,,
2017-01-27,86.278,87.089,86.157,86.818,181378319900,4,Friday,,
2017-01-30,86.744,86.871,85.729,85.931,170399310310,0,Monday,-0.074,-0.0852
2017-01-31,85.928,86.08,85.194,85.541,210790579990,1,Tuesday,,
2017-02-01,85.534,86.108,85.348,85.891,192695240150,2,Wednesday,,
2017-02-02,85.865,86.523,85.829,86.36,184864409940,3,Thursday,,
2017-02-03,86.351,86.723,86.019,86.484,182676530070,4,Friday,,
2017-02-06,86.291,86.488,85.463,85.577,180003800100,0,Monday,-0.193,-0.2232
2017-02-07,85.57,85.896,85.237,85.707,175063180100,1,Tuesday,,
2017-02-08,85.706,85.821,85.364,85.564,175319979910,2,Wednesday,,
2017-02-09,85.564,86.448,85.36,86.333,164223730170,3,Thursday,,
2017-02-10,86.333,87.179,86.309,86.862,170252289810,4,Friday,,
2017-02-13,87.179,87.494,86.828,86.874,144463210250,0,Monday,0.317,0.3649
2017-02-14,86.874,87.576,86.849,87.555,164829949970,1,Tuesday,,
2017-02-15,87.555,88.148,87.507,88.015,172725950060,2,Wednesday,,
2017-02-16,88.009,88.179,87.006,87.096,195520530350,3,Thursday,,
2017-02-17,87.104,87.457,86.296,86.385,166104609960,4,Friday,,
2017-02-20,86.594,87.006,86.477,86.936,110343620040,0,Monday,0.209,0.2419
2017-02-21,86.944,87.315,86.843,87.242,141876130110,1,Tuesday,,
2017-02-22,87.235,87.39,86.684,87.256,162437899780,2,Wednesday,,
2017-02-23,87.256,87.304,86.767,86.866,151877799940,3,Thursday,,
2017-02-24,86.875,87.077,85.89,85.955,146866180000,4,Friday,,
2017-02-27,86.111,86.639,85.848,86.467,143179080010,0,Monday,0.156,0.1815
2017-02-28,86.46,86.61,85.849,86.329,160795839860,1,Tuesday,,
2017-03-01,86.329,87.318,86.258,87.293,194087560080,2,Wednesday,,
2017-03-02,87.289,87.479,86.546,86.625,155852090020,3,Thursday,,
2017-03-03,86.629,86.71,86.194,86.573,159393769920,4,Friday,,
2017-03-06,86.406,86.601,86.163,86.311,138047009900,0,Monday,-0.167,-0.1929
2017-03-07,86.303,86.911,86.262,86.475,134420929970,1,Tuesday,,
2017-03-08,86.47,86.548,86.056,86.056,156318669800,2,Wednesday,,
2017-03-09,86.056,86.411,85.85,86.265,162422070100,3,Thursday,,
2017-03-10,86.265,87.067,86.196,86.51,158930279930,4,Friday,,
2017-03-12,86.576,86.648,86.528,86.615,1393980000,6,Sunday,,
2017-03-13,86.619,87.033,86.496,86.946,135388430070,0,Monday,0.004,0.0046
2017-03-14,86.946,87.007,86.608,86.741,138791509960,1,Tuesday,,
2017-03-15,86.741,87.483,86.683,87.424,159616189840,2,Wednesday,,
2017-03-16,87.419,87.485,86.694,87.022,175391840020,3,Thursday,,
2017-03-17,87.018,87.212,86.604,86.73,131709570030,4,Friday,,
2017-03-19,86.632,86.815,86.632,86.734,2496850010,6,Sunday,,
2017-03-20,86.734,87.238,86.688,86.957,121120739900,0,Monday,0.0,0.0
2017-03-21,86.96,87.104,85.807,85.909,166913069840,1,Tuesday,,
2017-03-22,85.913,85.938,84.817,85.391,186481919980,2,Wednesday,,
2017-03-23,85.391,85.504,84.415,84.631,190162669950,3,Thursday,,
2017-03-24,84.63,85.079,84.352,84.849,163564680120,4,Friday,,
2017-03-27,84.681,84.776,83.898,84.294,156948280110,0,Monday,-0.168,-0.198
2017-03-28,84.293,84.919,83.822,84.824,148542369800,1,Tuesday,,
2017-03-29,84.799,85.275,84.672,85.154,138946620020,2,Wednesday,,
2017-03-30,85.153,85.609,84.889,85.496,142695380100,3,Thursday,,
2017-03-31,85.497,85.766,84.927,84.954,146639909900,4,Friday,,
2017-04-03,84.923,85.081,84.233,84.321,133717770050,0,Monday,-0.031,-0.0365
2017-04-04,84.303,84.4,83.226,83.76,143743940040,1,Tuesday,,
2017-04-05,83.754,84.412,83.578,83.791,151380770030,2,Wednesday,,
2017-04-06,83.782,83.913,83.145,83.593,164358130120,3,Thursday,,
2017-04-07,83.593,83.706,82.795,83.267,181385030220,4,Friday,,
2017-04-10,83.166,83.712,83.049,83.175,128358129900,0,Monday,-0.101,-0.1213
2017-04-11,83.167,83.253,81.959,82.191,146902859940,1,Tuesday,,
2017-04-12,82.191,82.368,81.85,82.009,158454950000,2,Wednesday,,
2017-04-13,82.011,82.897,81.91,82.532,150840780120,3,Thursday,,
2017-04-14,82.533,82.693,82.188,82.226,72467669990,4,Friday,,
2017-04-17,82.337,82.752,81.997,82.634,104013610170,0,Monday,0.111,0.135
2017-04-18,82.634,82.951,81.838,81.96,148921250080,1,Tuesday,,
2017-04-19,81.96,82.16,81.486,81.606,134387480110,2,Wednesday,,
2017-04-20,81.598,82.513,81.538,82.275,137109390050,3,Thursday,,
2017-04-21,82.274,82.437,81.977,82.247,130676809880,4,Friday,,
2017-04-24,83.84,83.84,82.898,83.069,144669600050,0,Monday,1.593,1.9368
2017-04-25,83.06,83.808,82.84,83.68,134283239970,1,Tuesday,,
2017-04-26,83.675,84.015,82.845,82.991,169936150070,2,Wednesday,,
2017-04-27,82.993,83.403,82.73,83.047,148856660200,3,Thursday,,
2017-04-28,83.047,83.514,82.904,83.456,135871870050,4,Friday,,
2017-05-01,83.12,84.261,83.12,84.145,93105970110,0,Monday,-0.336,-0.4026
2017-05-02,84.135,84.539,84.08,84.376,121924469990,1,Tuesday,,
2017-05-03,84.373,84.513,83.595,83.685,116198410090,2,Wednesday,,
2017-05-04,83.659,83.83,83.125,83.305,141302040020,3,Thursday,,
2017-05-05,83.304,83.68,82.673,83.587,135381990100,4,Friday,,
2017-05-08,83.713,83.729,83.178,83.65,135532699810,0,Monday,0.126,0.1507
2017-05-09,83.647,84.034,83.202,83.694,137202280000,1,Tuesday,,
2017-05-10,83.697,84.335,83.444,84.151,142909820030,2,Wednesday,,
2017-05-11,84.151,84.244,83.524,84.009,134964080050,3,Thursday,,
2017-05-12,84.016,84.19,83.67,83.711,129908569850,4,Friday,,
2017-05-15,83.609,84.504,83.602,84.338,118726090020,0,Monday,-0.102,-0.1218
2017-05-16,84.322,84.518,83.934,83.992,133362580080,1,Tuesday,,
2017-05-17,83.987,84.012,82.32,82.335,174988239860,2,Wednesday,,
2017-05-18,82.335,83.081,81.769,82.683,213204849990,3,Thursday,,
2017-05-19,82.683,83.419,82.336,82.947,158375000070,4,Friday,,
2017-05-22,82.702,83.262,82.581,83.193,124842530040,0,Monday,-0.245,-0.2954
2017-05-23,83.189,83.665,82.817,83.56,152451059850,1,Tuesday,,
2017-05-24,83.559,83.727,83.239,83.634,147071139930,2,Wednesday,,
2017-05-25,83.634,83.88,83.299,83.34,133818940000,3,Thursday,,
2017-05-26,83.34,83.394,82.516,82.882,128801419880,4,Friday,,
2017-05-29,82.742,82.964,82.631,82.757,77806390100,0,Monday,-0.14,-0.1689
2017-05-30,82.757,82.922,82.233,82.734,117372479950,1,Tuesday,,
2017-05-31,82.734,82.95,82.109,82.303,126863589870,2,Wednesday,,
2017-06-01,82.301,82.73,81.902,82.109,127684890070,3,Thursday,,
2017-06-02,82.112,82.543,81.91,82.103,125388740110,4,Friday,,
2017-06-05,81.923,82.771,81.923,82.675,93122050030,0,Monday,-0.18,-0.2192
2017-06-06,82.671,82.73,81.781,82.105,128385590010,1,Tuesday,,
2017-06-07,82.105,82.943,82.058,82.876,123642490110,2,Wednesday,,
2017-06-08,82.872,83.212,82.572,82.979,123969490070,3,Thursday,,
2017-06-09,82.971,83.396,82.62,83.056,130139030070,4,Friday,,
2017-06-12,83.037,83.167,82.588,82.899,105757230080,0,Monday,-0.019,-0.0229
2017-06-13,82.899,83.231,82.771,82.953,100656809920,1,Tuesday,,
2017-06-14,82.953,83.665,82.849,83.121,142222459870,2,Wednesday,,
2017-06-15,83.113,84.107,82.93,84.054,145036360120,3,Thursday,,
2017-06-16,84.042,84.808,84.011,84.41,126784900070,4,Friday,,
2017-06-19,84.449,84.764,84.285,84.716,99588289940,0,Monday,0.039,0.0462
2017-06-20,84.731,85.084,84.358,84.458,114084500010,1,Tuesday,,
2017-06-21,84.456,84.556,83.88,84.085,118583890000,2,Wednesday,,
2017-06-22,84.085,84.368,83.725,83.944,114970480020,3,Thursday,,
2017-06-23,83.945,84.337,83.875,84.181,90477880030,4,Friday,,
2017-06-26,84.05,84.91,84.048,84.818,95232550070,0,Monday,-0.131,-0.1556
2017-06-27,84.814,85.328,84.767,85.186,123367619890,1,Tuesday,,
2017-06-28,85.181,85.855,84.913,85.757,138330040040,2,Wednesday,,
2017-06-29,85.765,86.537,85.681,86.17,142673020090,3,Thursday,,
2017-06-30,86.167,86.497,85.849,86.367,144635779910,4,Friday,,
2017-07-03,86.122,86.935,86.075,86.841,113233100030,0,Monday,-0.245,-0.2837
2017-07-04,86.841,86.989,85.848,86.091,121275450020,1,Tuesday,,
2017-07-05,86.092,86.548,85.665,86.113,126835149970,2,Wednesday,,
2017-07-06,86.108,86.317,85.728,85.853,124590800090,3,Thursday,,
2017-07-07,85.856,86.769,85.726,86.574,132572589910,4,Friday,,
2017-07-10,86.536,86.919,86.518,86.712,96010240010,0,Monday,-0.038,-0.0439
2017-07-11,86.717,87.259,86.71,86.992,113602849920,1,Tuesday,,
2017-07-12,86.992,87.04,86.64,86.86,124994789920,2,Wednesday,,
2017-07-13,86.856,87.654,86.831,87.542,130314630060,3,Thursday,,
2017-07-14,87.542,88.129,87.526,88.077,115472880050,4,Friday,,
2017-07-17,87.992,88.277,87.74,87.806,118092369850,0,Monday,-0.085,-0.0965
2017-07-18,87.819,89.139,87.496,88.69,157029239990,1,Tuesday,,
2017-07-19,88.692,89.03,88.628,89.007,125815459960,2,Wednesday,,
2017-07-20,89.005,89.325,88.71,89.036,165991329940,3,Thursday,,
2017-07-21,89.039,89.041,87.815,87.927,139118809910,4,Friday,,
2017-07-24,87.814,88.267,87.648,88.015,122725459920,0,Monday,-0.113,-0.1285
2017-07-25,88.017,88.854,87.915,88.794,134249580010,1,Tuesday,,
2017-07-26,88.794,89.071,88.186,88.97,161490189740,2,Wednesday,,
2017-07-27,88.963,89.42,88.337,88.596,179507800050,3,Thursday,,
2017-07-28,88.597,88.833,88.271,88.356,161650599820,4,Friday,,
2017-07-31,88.309,88.372,87.859,88.222,131230949970,0,Monday,-0.047,-0.0532
2017-08-01,88.219,88.701,87.822,87.929,151849669870,1,Tuesday,,
2017-08-02,87.928,88.309,87.796,88.195,139106239900,2,Wednesday,,
2017-08-03,88.195,88.226,87.371,87.458,145652939930,3,Thursday,,
2017-08-04,87.458,87.967,87.348,87.711,139117939980,4,Friday,,
2017-08-07,87.647,88.013,87.514,87.604,107546650080,0,Monday,-0.064,-0.073
2017-08-08,87.597,87.839,87.251,87.307,112986170020,1,Tuesday,,
2017-08-09,87.308,87.338,86.285,86.787,137603210120,2,Wednesday,,
2017-08-10,86.786,87.096,85.975,85.985,132813810000,3,Thursday,,
2017-08-11,85.971,86.245,85.449,86.156,141211380120,4,Friday,,
2017-08-14,86.141,86.631,86.038,86.049,116127659890,0,Monday,-0.015,-0.0174
2017-08-15,86.056,86.784,86.046,86.532,132065200090,1,Tuesday,,
2017-08-16,86.538,87.462,86.452,87.31,131825270190,2,Wednesday,,
2017-08-17,87.306,87.558,86.328,86.38,156608140010,3,Thursday,,
2017-08-18,86.365,87.037,85.993,86.549,162499160100,4,Friday,,
2017-08-21,86.662,86.749,86.182,86.506,114552369940,0,Monday,0.113,0.1306
2017-08-22,86.498,86.924,86.328,86.661,108264539870,1,Tuesday,,
2017-08-23,86.661,86.867,86.071,86.175,126556789920,2,Wednesday,,
2017-08-24,86.175,86.58,85.932,86.552,136391439980,3,Thursday,,
2017-08-25,86.562,86.972,86.44,86.724,137857690010,4,Friday,,
2017-08-28,86.493,87.113,86.493,86.984,102028200150,0,Monday,-0.231,-0.2664
2017-08-29,86.981,87.39,85.701,87.227,183096379820,1,Tuesday,,
2017-08-30,87.227,87.803,86.941,87.114,142429309920,2,Wednesday,,
2017-08-31,87.103,87.485,87.04,87.378,152600360030,3,Thursday,,
2017-09-01,87.385,87.938,87.198,87.828,139750369950,4,Friday,,
2017-09-04,87.03,87.57,86.986,87.133,106244600100,0,Monday,-0.798,-0.9086
2017-09-05,87.133,87.612,86.727,86.988,153078570000,1,Tuesday,,
2017-09-06,86.988,87.508,86.553,87.345,145125139950,2,Wednesday,,
2017-09-07,87.339,87.504,86.886,87.254,149047580010,3,Thursday,,
2017-09-08,87.254,87.725,86.672,86.837,163931930150,4,Friday,,
2017-09-11,87.163,87.896,87.089,87.798,130882549940,0,Monday,0.326,0.3754
2017-09-12,87.794,88.477,87.484,88.316,137778310040,1,Tuesday,,
2017-09-13,88.309,88.556,88.091,88.214,132407870240,2,Wednesday,,
2017-09-14,88.214,88.744,87.99,88.217,155887209820,3,Thursday,,
2017-09-15,88.215,89.267,87.671,88.664,148663330050,4,Friday,,
2017-09-18,88.808,89.338,88.556,88.785,119452790080,0,Monday,0.144,0.1624
2017-09-19,88.785,89.492,88.695,89.373,145393069980,1,Tuesday,,
2017-09-20,89.373,90.16,89.227,90.119,197600260550,2,Wednesday,,
2017-09-21,90.119,90.3,88.892,89.203,399185159460,3,Thursday,,
2017-09-22,89.203,89.377,88.462,89.136,317113393810,4,Friday,,
2017-09-25,89.171,89.678,88.37,88.658,144939289820,0,Monday,0.035,0.0393
2017-09-26,88.662,88.774,88.251,88.486,142594820100,1,Tuesday,,
2017-09-27,88.471,88.893,88.289,88.565,160038150010,2,Wednesday,,
2017-09-28,88.565,88.671,88.012,88.227,147241350000,3,Thursday,,
2017-09-29,88.219,88.451,87.964,88.082,127845789770,4,Friday,,
2017-10-02,88.235,88.48,88.036,88.23,134283530260,0,Monday,0.153,0.1737
2017-10-03,88.231,88.476,88.108,88.412,133499270030,1,Tuesday,,
2017-10-04,88.408,88.699,88.326,88.644,135736190060,2,Wednesday,,
2017-10-05,88.644,88.738,87.774,87.934,114202340150,3,Thursday,,
2017-10-06,87.925,87.988,87.399,87.413,145195989830,4,Friday,,
2017-10-09,87.452,87.623,87.283,87.354,81236710010,0,Monday,0.039,0.0446
2017-10-10,87.354,87.774,87.248,87.45,121455869910,1,Tuesday,,
2017-10-11,87.44,87.648,87.282,87.604,118467939960,2,Wednesday,,
2017-10-12,87.607,87.995,87.513,87.783,124198039720,3,Thursday,,
2017-10-13,87.786,88.309,87.654,88.215,131369560090,4,Friday,,
2017-10-16,88.082,88.287,87.776,88.072,109657849940,0,Monday,-0.133,-0.1508
2017-10-17,88.074,88.169,87.784,88.017,120589280060,1,Tuesday,,
2017-10-18,88.016,88.63,87.954,88.607,114756789950,2,Wednesday,,
2017-10-19,88.601,88.993,88.388,88.637,141830729940,3,Thursday,,
2017-10-20,88.632,88.987,88.599,88.692,133215589820,4,Friday,,
2017-10-23,89.038,89.073,88.425,88.546,119642220050,0,Monday,0.346,0.3901
2017-10-24,88.546,88.694,88.386,88.555,132110799990,1,Tuesday,,
2017-10-25,88.552,88.666,87.335,87.611,162456919960,2,Wednesday,,
2017-10-26,87.611,87.81,87.245,87.278,145864549800,3,Thursday,,
2017-10-27,87.267,87.463,87.033,87.243,144916560020,4,Friday,,
2017-10-29,87.288,87.289,87.216,87.256,1378410000,6,Sunday,,
2017-10-30,87.258,87.33,86.776,86.995,112224600050,0,Monday,0.002,0.0023
2017-10-31,86.994,87.159,86.69,87.016,122661439900,1,Tuesday,,
2017-11-01,87.016,87.723,86.945,87.607,133907600210,2,Wednesday,,
2017-11-02,87.607,88.097,87.528,87.999,132186439930,3,Thursday,,
2017-11-03,87.999,88.021,87.194,87.232,96154500020,4,Friday,,
2017-11-06,87.204,87.657,87.199,87.445,110985029990,0,Monday,-0.028,-0.0321
2017-11-07,87.447,87.695,86.936,87.134,115244880060,1,Tuesday,,
2017-11-08,87.128,87.465,86.973,87.401,108624180080,2,Wednesday,,
2017-11-09,87.397,87.667,86.788,87.128,140972859990,3,Thursday,,
2017-11-10,87.122,87.251,86.847,86.923,115075640010,4,Friday,,
2017-11-13,86.795,87.089,86.515,86.602,91305959990,0,Monday,-0.128,-0.1473
2017-11-14,86.598,86.84,86.305,86.556,112375830050,1,Tuesday,,
2017-11-15,86.556,86.586,85.502,85.649,138288119810,2,Wednesday,,
2017-11-16,85.647,86.023,85.476,85.772,108565900100,3,Thursday,,
2017-11-17,85.771,85.848,84.639,84.782,118868169960,4,Friday,,
2017-11-20,84.819,85.077,84.502,85.021,113629740010,0,Monday,0.037,0.0436
2017-11-21,85.023,85.313,84.749,85.19,107631649840,1,Tuesday,,
2017-11-22,85.192,85.257,84.597,84.668,112998229990,2,Wednesday,,
2017-11-23,84.671,84.934,84.522,84.78,74942930030,3,Thursday,,
2017-11-24,84.774,85.044,84.739,84.927,94620089980,4,Friday,,
2017-11-27,84.921,85.054,84.349,84.445,116413950070,0,Monday,-0.006,-0.0071
2017-11-28,84.445,84.82,84.39,84.651,124616620160,1,Tuesday,,
2017-11-29,84.649,84.915,84.45,84.705,131616580010,2,Wednesday,,
2017-11-30,84.705,85.208,84.646,85.125,140707720060,3,Thursday,,
2017-12-01,85.122,85.715,84.972,85.364,167220930200,4,Friday,,
2017-12-04,85.62,85.959,85.367,85.389,138042000090,0,Monday,0.256,0.2999
2017-12-05,85.387,86.2,85.38,85.63,127524839960,1,Tuesday,,
2017-12-06,85.626,85.828,84.83,84.921,135752259960,2,Wednesday,,
2017-12-07,84.909,85.043,84.664,84.936,121971299930,3,Thursday,,
2017-12-08,84.922,85.374,84.913,85.181,102543669980,4,Friday,,
2017-12-11,85.238,85.524,85.169,85.452,91858089940,0,Monday,0.057,0.0669
2017-12-12,85.456,85.99,85.319,85.801,96969950110,1,Tuesday,,
2017-12-13,85.801,86.116,85.665,85.93,116559359990,2,Wednesday,,
2017-12-14,85.935,86.491,85.919,86.142,131643619800,3,Thursday,,
2017-12-15,86.148,86.327,85.962,86.06,123750880000,4,Friday,,
2017-12-18,86.17,86.434,85.919,86.234,106478870090,0,Monday,0.11,0.1278
2017-12-19,86.202,86.633,86.193,86.492,107963090010,1,Tuesday,,
2017-12-20,86.497,86.976,86.425,86.923,106894200010,2,Wednesday,,
2017-12-21,86.923,87.415,86.705,87.257,93986620030,3,Thursday,,
2017-12-22,87.26,87.523,87.249,87.352,115416150050,4,Friday,,
2017-12-25,87.316,87.496,87.286,87.432,4257770000,0,Monday,-0.036,-0.0412
2017-12-26,87.409,87.546,87.383,87.488,50731870020,1,Tuesday,,
2017-12-27,87.489,88.146,87.424,88.04,92786300020,2,Wednesday,,
2017-12-28,88.037,88.111,87.761,87.947,88191280020,3,Thursday,,
2017-12-29,87.948,88.156,87.755,87.847,84637099950,4,Friday,,
2018-01-02,87.86,88.409,87.632,87.89,95939779960,1,Tuesday,,
2018-01-03,87.882,88.231,87.693,88.14,102060700040,2,Wednesday,,
2018-01-04,88.142,88.705,88.078,88.641,106733740020,3,Thursday,,
2018-01-05,88.641,89.087,88.44,88.864,101933799940,4,Friday,,
2018-01-08,88.932,89.073,88.474,88.665,84680939970,0,Monday,0.068,0.0765
2018-01-09,88.665,88.846,87.865,88.12,124417350040,1,Tuesday,,
2018-01-10,88.115,88.162,87.21,87.377,147465720180,2,Wednesday,,
2018-01-11,87.377,88.087,87.282,87.795,144144479930,3,Thursday,,
2018-01-12,87.788,87.937,87.392,87.849,144546260050,4,Friday,,
2018-01-15,87.77,88.166,87.669,88.016,127477640100,0,Monday,-0.079,-0.0899
2018-01-16,88.018,88.415,87.72,87.883,141683780040,1,Tuesday,,
2018-01-17,87.88,88.998,87.832,88.675,154555059980,2,Wednesday,,
2018-01-18,88.659,88.983,88.4,88.859,153125540010,3,Thursday,,
2018-01-19,88.858,89.02,88.371,88.548,147168980100,4,Friday,,
2018-01-22,88.421,88.992,88.378,88.914,122245980020,0,Monday,-0.127,-0.1434
2018-01-23,88.903,89.067,87.91,88.23,149460239980,1,Tuesday,,
2018-01-24,88.227,88.425,87.874,88.035,166444519790,2,Wednesday,,
2018-01-25,88.026,88.335,87.705,87.773,193925599870,3,Thursday,,
2018-01-26,87.743,88.497,87.743,88.051,191869540120,4,Friday,,
2018-01-29,88.057,88.333,87.925,88.168,159746940130,0,Monday,0.006,0.0068
2018-01-30,88.166,88.305,87.462,87.891,178949199730,1,Tuesday,,
2018-01-31,87.887,88.492,87.64,87.946,191298309580,2,Wednesday,,
2018-02-01,87.938,88.127,87.49,87.936,177316789780,3,Thursday,,
2018-02-02,87.943,88.001,87.225,87.237,191263940100,4,Friday,,
2018-02-05,87.211,87.51,85.893,85.908,299734400290,0,Monday,-0.026,-0.0298
2018-02-06,85.918,86.667,84.989,86.602,343623930810,1,Tuesday,,
2018-02-07,86.602,86.728,85.417,85.499,204302810120,2,Wednesday,,
2018-02-08,85.502,85.985,84.52,84.593,252766979800,3,Thursday,,
2018-02-09,84.59,85.443,84.009,84.996,261144639830,4,Friday,,
2018-02-12,85.054,85.435,84.755,85.394,150735920190,0,Monday,0.058,0.0682
2018-02-13,85.392,85.596,84.285,84.74,171766590130,1,Tuesday,,
2018-02-14,84.735,84.894,83.319,84.802,188606740040,2,Wednesday,,
2018-02-15,84.799,84.818,83.869,84.291,191485609980,3,Thursday,,
2018-02-16,84.295,84.663,83.906,84.016,161540739970,4,Friday,,
2018-02-19,84.062,84.505,84.002,84.336,109897309880,0,Monday,0.046,0.0548
2018-02-20,84.327,84.81,84.208,84.595,147024369930,1,Tuesday,,
2018-02-21,84.59,84.861,83.991,84.103,157398930050,2,Wednesday,,
2018-02-22,84.106,84.106,83.517,83.753,148871999940,3,Thursday,,
2018-02-23,83.756,83.854,83.272,83.8,122567620120,4,Friday,,
2018-02-26,84.019,84.126,83.601,83.972,128340670050,0,Monday,0.219,0.2613
2018-02-27,83.967,84.163,83.578,83.596,140675929930,1,Tuesday,,
2018-02-28,83.591,83.81,82.784,82.791,152727679780,2,Wednesday,,
2018-03-01,82.793,83.176,82.125,82.373,197338860130,3,Thursday,,
2018-03-02,82.368,82.605,81.561,82.052,173980629960,4,Friday,,
2018-03-05,81.897,82.491,81.487,82.464,158400970320,0,Monday,-0.155,-0.1889
2018-03-06,82.464,83.322,82.171,83.075,157329180090,1,Tuesday,,
2018-03-07,83.077,83.08,82.012,82.991,171355319970,2,Wednesday,,
2018-03-08,82.991,83.17,82.497,82.7,146472550120,3,Thursday,,
2018-03-09,82.693,83.901,82.63,83.798,137137189940,4,Friday,,
2018-03-11,83.67,83.859,83.67,83.812,1214080000,6,Sunday,,
2018-03-12,83.814,84.101,83.667,83.802,115740930060,0,Monday,0.002,0.0024
2018-03-13,83.804,84.524,83.543,83.626,134039960010,1,Tuesday,,
2018-03-14,83.628,84.258,83.482,83.715,133697789950,2,Wednesday,,
2018-03-15,83.716,83.767,82.7,82.931,130274630120,3,Thursday,,
2018-03-16,82.935,82.935,81.708,81.709,120706690030,4,Friday,,
2018-03-18,81.734,81.838,81.725,81.794,1715580000,6,Sunday,,
2018-03-19,81.795,82.007,81.255,81.793,135237980110,0,Monday,0.001,0.0012
2018-03-20,81.793,82.195,81.606,81.843,122801730010,1,Tuesday,,
2018-03-21,81.844,82.576,81.471,82.335,137228720100,2,Wednesday,,
2018-03-22,82.34,82.432,80.948,81.041,190147770010,3,Thursday,,
2018-03-23,81.041,81.461,80.498,80.588,195583999980,4,Friday,,
2018-03-26,80.603,81.724,80.551,81.64,141373870100,0,Monday,0.015,0.0186
2018-03-27,81.632,81.893,80.861,80.884,166618779880,1,Tuesday,,
2018-03-28,80.884,81.963,80.754,81.833,202881720050,2,Wednesday,,
2018-03-29,81.821,81.919,81.467,81.69,169474059770,3,Thursday,,
2018-03-30,81.692,81.848,81.477,81.589,158016510030,4,Friday,,
2018-04-02,81.647,81.801,80.827,81.113,104026620010,0,Monday,0.058,0.0711
2018-04-03,81.115,81.992,80.932,81.916,155115610190,1,Tuesday,,
2018-04-04,81.9,82.459,81.251,82.384,176569349880,2,Wednesday,,
2018-04-05,82.374,82.646,82.125,82.494,156783900260,3,Thursday,,
2018-04-06,82.495,82.58,81.9,82.01,177403100070,4,Friday,,
2018-04-09,82.108,82.581,81.966,82.141,132800620080,0,Monday,0.098,0.1195
2018-04-10,82.148,83.374,82.066,83.188,153801369890,1,Tuesday,,
2018-04-11,83.182,83.282,82.669,82.774,121942790080,2,Wednesday,,
2018-04-12,82.762,83.311,82.7,83.214,106258000010,3,Thursday,,
2018-04-13,83.211,84.074,83.136,83.305,101434690070,4,Friday,,
2018-04-16,83.48,83.65,83.105,83.312,88771829830,0,Monday,0.175,0.2101
2018-04-17,83.312,83.383,83.057,83.081,90153660000,1,Tuesday,,
2018-04-18,83.081,83.572,83.047,83.46,92113300020,2,Wednesday,,
2018-04-19,83.46,83.945,82.859,82.976,111797859980,3,Thursday,,
2018-04-20,82.975,83.153,82.426,82.536,107055029950,4,Friday,,
2018-04-23,82.678,82.818,82.502,82.653,104688459990,0,Monday,0.142,0.172
2018-04-24,82.652,83.092,82.487,82.735,124446899990,1,Tuesday,,
2018-04-25,82.731,82.799,82.452,82.769,121711619950,2,Wednesday,,
2018-04-26,82.771,82.911,82.526,82.561,132312880250,3,Thursday,,
2018-04-27,82.558,82.71,82.374,82.67,101081890060,4,Friday,,
2018-04-30,82.623,82.722,82.231,82.319,88327450170,0,Monday,-0.047,-0.0569
2018-05-01,82.308,82.532,82.034,82.278,103429840100,1,Tuesday,,
2018-05-02,82.277,82.651,82.075,82.296,128513749970,2,Wednesday,,
2018-05-03,82.299,82.576,81.75,82.239,127080749970,3,Thursday,,
2018-05-04,82.234,82.461,81.671,82.219,109775000100,4,Friday,,
2018-05-07,82.276,82.291,81.822,81.973,93372540060,0,Monday,0.057,0.0693
2018-05-08,81.944,82.014,81.138,81.333,116039740000,1,Tuesday,,
2018-05-09,81.334,82.004,81.133,81.846,115102259910,2,Wednesday,,
2018-05-10,81.847,82.464,81.732,82.382,131934140050,3,Thursday,,
2018-05-11,82.381,82.671,82.236,82.465,115874359910,4,Friday,,
2018-05-14,82.441,82.788,82.409,82.498,78732650010,0,Monday,-0.024,-0.0291
2018-05-15,82.493,82.704,82.192,82.438,137575779890,1,Tuesday,,
2018-05-16,82.446,82.972,82.176,82.965,143049409820,2,Wednesday,,
2018-05-17,82.963,83.376,82.841,83.185,135443750130,3,Thursday,,
2018-05-18,83.187,83.43,83.048,83.14,130071790030,4,Friday,,
2018-05-21,83.382,84.218,83.308,84.178,101387410000,0,Monday,0.242,0.2911
2018-05-22,84.158,84.477,83.979,83.996,127720869990,1,Tuesday,,
2018-05-23,83.99,84.044,82.483,83.199,170019720200,2,Wednesday,,
2018-05-24,83.2,83.329,82.38,82.758,166722439910,3,Thursday,,
2018-05-25,82.755,83.163,82.407,82.546,138067790000,4,Friday,,
2018-05-28,82.955,83.068,82.428,82.543,116119560050,0,Monday,0.409,0.4955
2018-05-29,82.544,82.608,81.097,81.627,193092660200,1,Tuesday,,
2018-05-30,81.622,82.608,81.026,82.456,179962830100,2,Wednesday,,
2018-05-31,82.397,82.667,81.993,82.342,170302710060,3,Thursday,,
2018-06-01,82.342,82.938,82.204,82.847,150645629890,4,Friday,,
2018-06-04,82.757,84.019,82.756,83.943,119706689950,0,Monday,-0.09,-0.1086
2018-06-05,83.94,84.182,83.34,83.613,143640000050,1,Tuesday,,
2018-06-06,83.607,84.498,83.567,84.479,135743599980,2,Wednesday,,
2018-06-07,84.477,84.535,83.394,83.597,145416670080,3,Thursday,,
2018-06-08,83.597,83.778,82.586,83.225,138462330140,4,Friday,,
2018-06-11,82.935,83.809,82.929,83.699,105448030070,0,Monday,-0.29,-0.3485
2018-06-12,83.695,84.157,83.515,83.549,132690609940,1,Tuesday,,
2018-06-13,83.537,83.988,83.442,83.607,113345309980,2,Wednesday,,
2018-06-14,83.6,83.644,82.688,82.721,130670360110,3,Thursday,,
2018-06-15,82.711,82.844,82.271,82.308,123319620030,4,Friday,,
2018-06-18,82.353,82.415,81.89,82.055,92822779920,0,Monday,0.045,0.0547
2018-06-19,82.045,82.081,80.628,81.208,158537700050,1,Tuesday,,
2018-06-20,81.185,81.662,80.988,81.304,131615819970,2,Wednesday,,
2018-06-21,81.299,81.647,81.07,81.125,184864939900,3,Thursday,,
2018-06-22,81.114,81.932,81.001,81.803,155054099690,4,Friday,,
2018-06-25,81.692,81.857,80.984,81.37,149778840060,0,Monday,-0.111,-0.1357
2018-06-26,81.352,81.456,80.966,81.346,160762029930,1,Tuesday,,
2018-06-27,81.345,81.639,80.751,80.91,201529170180,2,Wednesday,,
2018-06-28,80.907,81.299,80.691,81.186,179048180090,3,Thursday,,
2018-06-29,81.191,82.042,81.045,81.926,167323980040,4,Friday,,
2018-07-02,81.895,82.109,80.982,81.361,136816650020,0,Monday,-0.031,-0.0378
2018-07-03,81.362,82.075,81.03,81.651,150874300010,1,Tuesday,,
2018-07-04,81.651,81.969,81.434,81.528,128802980170,2,Wednesday,,
2018-07-05,81.513,81.932,81.272,81.709,150337410190,3,Thursday,,
2018-07-06,81.705,82.26,81.589,82.048,137440870060,4,Friday,,
2018-07-09,82.038,82.802,82.019,82.752,116890169980,0,Monday,-0.01,-0.0122
2018-07-10,82.743,83.159,82.647,82.762,125772910070,1,Tuesday,,
2018-07-11,82.753,82.782,82.068,82.489,195305740230,2,Wednesday,,
2018-07-12,82.487,83.405,82.385,83.355,141968940190,3,Thursday,,
2018-07-13,83.353,83.604,82.992,83.368,124138570030,4,Friday,,
2018-07-16,83.249,83.686,83.222,83.277,127282209830,0,Monday,-0.119,-0.1427
2018-07-17,83.28,83.603,83.213,83.377,151767609950,1,Tuesday,,
2018-07-18,83.377,83.548,82.839,83.486,143425069860,2,Wednesday,,
2018-07-19,83.487,83.928,82.588,82.719,176305890060,3,Thursday,,
2018-07-20,82.719,82.993,82.207,82.655,176865219860,4,Friday,,
2018-07-23,82.634,82.761,82.141,82.169,146225790030,0,Monday,-0.021,-0.0254
2018-07-24,82.152,82.556,81.809,82.505,146088799990,1,Tuesday,,
2018-07-25,82.505,82.89,82.087,82.717,165149720200,2,Wednesday,,
2018-07-26,82.717,82.786,81.997,82.04,154285639910,3,Thursday,,
2018-07-27,82.04,82.309,81.865,82.144,137850069950,4,Friday,,
2018-07-30,82.093,82.306,82.041,82.208,115656370010,0,Monday,-0.051,-0.0621
2018-07-31,82.205,83.258,82.148,83.006,159339440000,1,Tuesday,,
2018-08-01,82.979,83.123,82.479,82.711,156685380270,2,Wednesday,,
2018-08-02,82.71,82.738,81.96,82.148,137261800130,3,Thursday,,
2018-08-03,82.142,82.62,82.113,82.272,135115519890,4,Friday,,
2018-08-06,82.26,82.426,82.174,82.291,104398520040,0,Monday,-0.012,-0.0146
2018-08-07,82.28,82.759,82.179,82.658,122562400040,1,Tuesday,,
2018-08-08,82.648,82.795,82.081,82.417,125219639810,2,Wednesday,,
2018-08-09,82.417,82.647,81.896,81.896,129591299910,3,Thursday,,
2018-08-10,81.895,81.989,80.615,80.896,173589890170,4,Friday,,
2018-08-13,80.319,80.844,79.981,80.453,192621860910,0,Monday,-0.577,-0.7133
2018-08-14,80.452,80.815,80.217,80.449,140510740170,1,Tuesday,,
2018-08-15,80.466,80.571,79.704,80.158,142386079920,2,Wednesday,,
2018-08-16,80.151,80.827,79.836,80.493,157071009880,3,Thursday,,
2018-08-17,80.485,80.971,80.106,80.813,123176970080,4,Friday,,
2018-08-20,80.889,80.953,80.592,80.754,102740140000,0,Monday,0.076,0.094
2018-08-21,80.753,81.487,80.592,81.211,125641209800,1,Tuesday,,
2018-08-22,81.211,81.368,80.915,81.203,123112639880,2,Wednesday,,
2018-08-23,81.186,81.311,80.572,80.626,123509429960,3,Thursday,,
2018-08-24,80.624,81.7,80.571,81.46,125604719900,4,Friday,,
2018-08-27,81.52,81.747,81.182,81.617,110168089950,0,Monday,0.06,0.0737
2018-08-28,81.619,81.777,81.423,81.564,128778310020,1,Tuesday,,
2018-08-29,81.562,81.796,81.051,81.637,134974490070,2,Wednesday,,
2018-08-30,81.631,81.701,80.491,80.556,128365740060,3,Thursday,,
2018-08-31,80.544,80.689,79.638,79.836,137991959970,4,Friday,,
2018-09-03,79.863,80.264,79.523,80.061,98063280120,0,Monday,0.027,0.0338
2018-09-04,80.064,80.442,79.732,79.956,122373460050,1,Tuesday,,
2018-09-05,79.944,80.578,79.598,80.198,130849730020,2,Wednesday,,
2018-09-06,80.198,80.286,79.566,79.705,134581739920,3,Thursday,,
2018-09-07,79.705,79.722,78.685,78.834,152403160010,4,Friday,,
2018-09-10,78.854,79.262,78.766,79.024,99189289920,0,Monday,0.02,0.0254
2018-09-11,79.024,79.506,78.908,79.42,109397079930,1,Tuesday,,
2018-09-12,79.424,80.008,79.077,79.733,129031519940,2,Wednesday,,
2018-09-13,79.73,80.801,79.703,80.461,125631130160,3,Thursday,,
2018-09-14,80.459,80.707,80.081,80.133,114759669990,4,Friday,,
2018-09-17,80.131,80.599,79.951,80.272,99875049950,0,Monday,-0.002,-0.0025
2018-09-18,80.274,81.126,79.778,81.107,147525720130,1,Tuesday,,
2018-09-19,81.106,81.664,80.94,81.53,129182890190,2,Wednesday,,
2018-09-20,81.53,82.03,81.308,82.025,113880679900,3,Thursday,,
2018-09-21,82.01,82.36,81.887,81.996,111200529980,4,Friday,,
2018-09-24,81.607,82.011,81.588,81.788,98194230020,0,Monday,-0.389,-0.4744
2018-09-25,81.787,82.037,81.663,81.897,107773160010,1,Tuesday,,
2018-09-26,81.897,82.504,81.768,81.787,126107939840,2,Wednesday,,
2018-09-27,81.79,81.951,81.303,81.686,111371610010,3,Thursday,,
2018-09-28,81.681,82.205,81.637,82.144,115197770030,4,Friday,,
2018-10-01,82.16,82.4,82.069,82.239,109794070010,0,Monday,0.016,0.0195
2018-10-02,82.234,82.472,81.375,81.644,127180310030,1,Tuesday,,
2018-10-03,81.64,81.922,81.324,81.329,127506660000,2,Wednesday,,
2018-10-04,81.325,81.42,80.378,80.572,142663469990,3,Thursday,,
2018-10-05,80.58,80.77,79.999,80.156,139287750040,4,Friday,,
2018-10-08,80.241,80.422,79.758,80.123,122974290070,0,Monday,0.085,0.106
2018-10-09,80.128,80.29,79.825,80.227,158624949910,1,Tuesday,,
2018-10-10,80.212,80.595,79.087,79.182,155103740080,2,Wednesday,,
2018-10-11,79.111,80.152,79.043,79.898,227608299880,3,Thursday,,
2018-10-12,79.896,80.162,79.496,79.836,162087049970,4,Friday,,
2018-10-15,79.728,79.969,79.481,79.692,150363920170,0,Monday,-0.108,-0.1353
2018-10-16,79.692,80.21,79.678,80.159,129896700140,1,Tuesday,,
2018-10-17,80.159,80.338,79.664,80.071,134114189870,2,Wednesday,,
2018-10-18,80.065,80.447,79.497,79.638,160828359980,3,Thursday,,
2018-10-19,79.628,80.487,79.533,80.126,162589249830,4,Friday,,
2018-10-22,80.091,80.313,79.646,79.883,151782859920,0,Monday,-0.035,-0.0437
2018-10-23,79.87,79.913,79.042,79.66,180183790100,1,Tuesday,,
2018-10-24,79.656,80.029,79.161,79.235,189504689870,2,Wednesday,,
2018-10-25,79.229,79.804,78.99,79.569,184331100100,3,Thursday,,
2018-10-26,79.57,79.602,78.563,79.271,222731469960,4,Friday,,
2018-10-28,79.376,79.446,79.304,79.356,840520000,6,Sunday,,
2018-10-29,79.351,79.765,79.103,79.329,187508149880,0,Monday,-0.005,-0.0063
2018-10-30,79.329,80.399,79.263,80.335,184520789670,1,Tuesday,,
2018-10-31,80.335,80.388,79.812,79.911,152949059960,2,Wednesday,,
2018-11-01,79.911,81.261,79.859,81.119,155648770000,3,Thursday,,
2018-11-02,81.114,81.94,81.029,81.459,166982380020,4,Friday,,
2018-11-05,81.375,81.715,81.244,81.608,129336450110,0,Monday,-0.084,-0.1031
2018-11-06,81.608,82.209,81.585,82.17,131860030160,1,Tuesday,,
2018-11-07,82.17,82.698,81.872,82.569,181690399910,2,Wednesday,,
2018-11-08,82.568,83.049,82.512,82.759,155727019940,3,Thursday,,
2018-11-09,82.758,82.878,82.11,82.205,153236339870,4,Friday,,
2018-11-12,82.142,82.511,81.643,81.643,145957740300,0,Monday,-0.063,-0.0766
2018-11-13,81.636,82.373,81.385,82.135,168959939680,1,Tuesday,,
2018-11-14,82.131,82.466,81.786,82.113,181728619810,2,Wednesday,,
2018-11-15,82.113,82.894,82.085,82.678,187198139970,3,Thursday,,
2018-11-16,82.668,82.821,82.114,82.665,147985370100,4,Friday,,
2018-11-19,82.407,82.621,81.874,82.088,130482079900,0,Monday,-0.258,-0.3121
2018-11-20,82.08,82.224,81.274,81.326,158916020090,1,Tuesday,,
2018-11-21,81.328,82.236,81.19,82.102,127945510040,2,Wednesday,,
2018-11-22,82.095,82.232,81.698,81.917,94922519980,3,Thursday,,
2018-11-23,81.914,81.981,81.427,81.646,103364899960,4,Friday,,
2018-11-26,81.624,82.383,81.584,82.001,115783250040,0,Monday,-0.022,-0.0269
2018-11-27,82.002,82.566,81.825,82.186,134752719930,1,Tuesday,,
2018-11-28,82.182,83.186,82.161,83.04,120636260160,2,Wednesday,,
2018-11-29,83.038,83.216,82.744,83.058,126027229890,3,Thursday,,
2018-11-30,83.056,83.084,82.739,82.961,123482940090,4,Friday,,
2018-12-03,83.857,83.9,83.456,83.621,110482609940,0,Monday,0.896,1.08
2018-12-04,83.62,83.643,82.568,82.733,154660159990,1,Tuesday,,
2018-12-05,82.732,82.993,82.171,82.27,105331500060,2,Wednesday,,
2018-12-06,82.257,82.307,80.931,81.5,187354929640,3,Thursday,,
2018-12-07,81.502,81.686,81.097,81.13,152545139970,4,Friday,,
2018-12-10,80.937,81.528,80.721,81.471,162705509930,0,Monday,-0.193,-0.2379
2018-12-11,81.467,81.809,81.235,81.664,148871440140,1,Tuesday,,
2018-12-12,81.664,82.06,81.575,81.754,146821419810,2,Wednesday,,
2018-12-13,81.753,82.207,81.689,82.074,127462500160,3,Thursday,,
2018-12-14,82.074,82.135,81.252,81.28,139369599960,4,Friday,,
2018-12-17,81.297,81.501,80.83,81.008,132132829960,0,Monday,0.017,0.0209
2018-12-18,81.022,81.206,80.663,80.756,154490800130,1,Tuesday,,
2018-12-19,80.753,81.014,79.56,79.94,202254019630,2,Wednesday,,
2018-12-20,79.939,80.207,78.832,79.05,278828309890,3,Thursday,,
2018-12-21,79.038,79.264,78.188,78.204,234660099870,4,Friday,,
2018-12-24,78.083,78.505,77.698,77.728,195571799970,0,Monday,-0.121,-0.1547
2018-12-25,77.719,77.855,77.458,77.491,5867910000,1,Tuesday,,
2018-12-26,77.53,78.738,77.492,78.652,131460560100,2,Wednesday,,
2018-12-27,78.641,78.716,77.53,78.001,278130739910,3,Thursday,,
2018-12-28,77.986,78.123,77.534,77.586,172707740100,4,Friday,,
2018-12-31,77.632,78.058,77.152,77.174,114503829860,0,Monday,0.046,0.0593
2019-01-02,77.333,77.348,75.986,76.043,224549609980,2,Wednesday,,
2019-01-03,76.044,76.054,70.406,75.411,287119710070,3,Thursday,,
2019-01-04,75.397,77.293,75.238,77.237,272374440230,4,Friday,,
2019-01-07,77.207,77.731,77.028,77.697,214641909730,0,Monday,-0.03,-0.0388
2019-01-08,77.698,77.841,77.296,77.625,234750900060,1,Tuesday,,
2019-01-09,77.617,78.107,77.397,77.57,235779860050,2,Wednesday,,
2019-01-10,77.571,77.996,77.079,77.903,212112460210,3,Thursday,,
2019-01-11,77.904,78.352,77.812,78.289,194311439810,4,Friday,,
2019-01-14,78.261,78.261,77.565,77.817,148819009970,0,Monday,-0.028,-0.0358
2019-01-15,77.815,78.518,77.772,78.22,204871330080,1,Tuesday,,
2019-01-16,78.218,78.376,77.907,78.182,160345679950,2,Wednesday,,
2019-01-17,78.182,78.977,77.759,78.577,170982269870,3,Thursday,,
2019-01-18,78.571,79.102,78.39,78.603,164832959990,4,Friday,,
2019-01-21,78.589,78.712,78.284,78.496,122901130030,0,Monday,-0.014,-0.0178
2019-01-22,78.491,78.526,77.735,77.876,146600559920,1,Tuesday,,
2019-01-23,77.878,78.417,77.835,78.241,152090249880,2,Wednesday,,
2019-01-24,78.235,78.54,77.637,77.736,175793719940,3,Thursday,,
2019-01-25,77.737,78.834,77.509,78.605,179862550120,4,Friday,,
2019-01-28,78.608,78.823,78.195,78.328,146965580000,0,Monday,0.003,0.0038
2019-01-29,78.324,78.484,77.963,78.262,156464989850,1,Tuesday,,
2019-01-30,78.262,79.285,78.176,79.023,186004359640,2,Wednesday,,
2019-01-31,79.023,79.394,78.871,79.164,183593610050,3,Thursday,,
2019-02-01,79.15,79.604,78.733,79.355,163736830190,4,Friday,,
2019-02-04,79.36,79.534,79.167,79.38,141335250020,0,Monday,0.005,0.0063
2019-02-05,79.38,79.843,79.091,79.528,143459450130,1,Tuesday,,
2019-02-06,79.528,79.656,78.055,78.127,163016730000,2,Wednesday,,
2019-02-07,78.124,78.245,77.748,77.966,157844510040,3,Thursday,,
2019-02-08,77.963,78.014,77.438,77.769,148194909970,4,Friday,,
2019-02-11,77.752,78.152,77.745,77.933,139631480060,0,Monday,-0.017,-0.0219
2019-02-12,77.928,78.475,77.899,78.38,150563389960,1,Tuesday,,
2019-02-13,78.378,78.945,78.33,78.672,152041569990,2,Wednesday,,
2019-02-14,78.67,79.239,78.242,78.478,182689679860,3,Thursday,,
2019-02-15,78.471,78.936,78.095,78.855,164158869840,4,Friday,,
2019-02-18,78.782,79.192,78.774,78.844,137448630220,0,Monday,-0.073,-0.0926
2019-02-19,78.84,79.354,78.514,79.24,152772490090,1,Tuesday,,
2019-02-20,79.23,79.573,79.125,79.399,164520869830,2,Wednesday,,
2019-02-21,79.39,79.817,78.333,78.461,199254179840,3,Thursday,,
2019-02-22,78.461,79.096,78.403,78.873,173076790020,4,Friday,,
2019-02-25,78.962,79.776,78.909,79.586,158087870110,0,Monday,0.089,0.1128
2019-02-26,79.586,79.664,79.167,79.436,177932190060,1,Tuesday,,
2019-02-27,79.426,79.571,78.943,79.243,173033089960,2,Wednesday,,
2019-02-28,79.227,79.468,78.932,78.997,174131849820,3,Thursday,,
2019-03-01,78.991,79.648,78.978,79.209,155058160000,4,Friday,,
2019-03-04,79.505,79.557,79.035,79.233,170305249850,0,Monday,0.296,0.3737
2019-03-05,79.231,79.365,79.009,79.247,158457299850,1,Tuesday,,
2019-03-06,79.243,79.342,78.386,78.592,156694950020,2,Wednesday,,
2019-03-07,78.588,78.76,78.156,78.251,145042929950,3,Thursday,,
2019-03-08,78.248,78.416,77.728,78.285,159461830070,4,Friday,,
2019-03-10,78.03,78.256,78.03,78.167,850880000,6,Sunday,,
2019-03-11,78.168,78.717,77.91,78.61,130379939840,0,Monday,0.001,0.0013
2019-03-12,78.619,78.927,78.51,78.823,137344440090,1,Tuesday,,
2019-03-13,78.824,78.922,78.374,78.919,129029109930,2,Wednesday,,
2019-03-14,78.919,78.978,78.571,78.886,140417759800,3,Thursday,,
2019-03-15,78.889,79.243,78.874,78.955,124980269790,4,Friday,,
2019-03-17,78.986,79.013,78.926,78.97,706300000,6,Sunday,,
2019-03-18,78.97,79.412,78.918,79.12,108224000050,0,Monday,0.0,0.0
2019-03-19,79.124,79.193,78.83,78.953,116476420040,1,Tuesday,,
2019-03-20,78.953,79.311,78.701,78.842,142941210130,2,Wednesday,,
2019-03-21,78.841,79.358,78.584,78.827,175168969740,3,Thursday,,
2019-03-22,78.828,78.861,77.777,77.822,203031200420,4,Friday,,
2019-03-24,77.789,77.904,77.784,77.892,2772129990,6,Sunday,,
2019-03-25,77.894,78.346,77.541,78.197,191621240110,0,Monday,0.002,0.0026
2019-03-26,78.201,79.001,78.185,78.924,168346979930,1,Tuesday,,
2019-03-27,78.92,78.948,78.007,78.273,202493309960,2,Wednesday,,
2019-03-28,78.272,78.443,77.912,78.296,181073049820,3,Thursday,,
2019-03-29,78.295,78.704,78.273,78.644,153368040020,4,Friday,,
2019-04-01,79.015,79.265,78.796,79.186,137892830170,0,Monday,0.371,0.4717
2019-04-02,79.186,79.402,78.511,78.699,135423500140,1,Tuesday,,
2019-04-03,78.696,79.464,78.491,79.292,135264710070,2,Wednesday,,
2019-04-04,79.288,79.464,79.149,79.396,121700039880,3,Thursday,,
2019-04-05,79.396,79.636,79.256,79.358,109534339950,4,Friday,,
2019-04-08,79.351,79.507,78.949,79.428,99591980050,0,Monday,-0.007,-0.0088
2019-04-09,79.428,79.614,79.136,79.136,126785139990,1,Tuesday,,
2019-04-10,79.139,79.608,79.005,79.584,137422969990,2,Wednesday,,
2019-04-11,79.575,79.634,79.425,79.509,122640239980,3,Thursday,,
2019-04-12,79.509,80.484,79.459,80.312,138385519740,4,Friday,,
2019-04-15,80.329,80.442,80.188,80.352,104550339980,0,Monday,0.017,0.0212
2019-04-16,80.353,80.387,79.889,80.335,127584029940,1,Tuesday,,
2019-04-17,80.335,80.72,80.099,80.421,124584850150,2,Wednesday,,
2019-04-18,80.421,80.6,79.91,80.034,157222690120,3,Thursday,,
2019-04-19,80.018,80.11,79.957,79.993,82528950030,4,Friday,,
2019-04-22,79.984,80.079,79.773,79.824,59729079990,0,Monday,-0.009,-0.0113
2019-04-23,79.831,79.911,79.256,79.43,105554919930,1,Tuesday,,
2019-04-24,79.427,79.429,78.391,78.614,146902900140,2,Wednesday,,
2019-04-25,78.611,78.711,78.115,78.298,129166590030,3,Thursday,,
2019-04-26,78.296,78.8,78.175,78.517,125913340100,4,Friday,,
2019-04-29,78.48,78.944,78.48,78.759,71460350010,0,Monday,-0.037,-0.0471
2019-04-30,78.758,78.925,78.286,78.513,110701710050,1,Tuesday,,
2019-05-01,78.516,78.702,78.117,78.117,88215400290,2,Wednesday,,
2019-05-02,78.117,78.46,77.959,78.046,106359539910,3,Thursday,,
2019-05-03,78.036,78.182,77.829,78.013,103697629990,4,Friday,,
2019-05-06,77.057,77.666,76.79,77.421,123854949980,0,Monday,-0.956,-1.2254
2019-05-07,77.419,78.042,77.116,77.289,144979639990,1,Tuesday,,
2019-05-08,77.29,77.38,76.896,76.925,149667480050,2,Wednesday,,
2019-05-09,76.922,76.995,76.341,76.684,166156519840,3,Thursday,,
2019-05-10,76.684,77.234,76.571,76.936,190682839890,4,Friday,,
2019-05-13,76.726,76.865,75.734,75.895,148630979910,0,Monday,-0.21,-0.273
2019-05-14,75.894,76.359,75.786,76.09,119137850070,1,Tuesday,,
2019-05-15,76.086,76.169,75.524,75.911,130433219690,2,Wednesday,,
2019-05-16,75.907,75.999,75.397,75.675,121130729900,3,Thursday,,
2019-05-17,75.68,75.84,75.33,75.571,157706420070,4,Friday,,
2019-05-20,76.078,76.389,75.809,76.009,120386169980,0,Monday,0.507,0.6709
2019-05-21,76.008,76.281,75.619,76.039,126230430060,1,Tuesday,,
2019-05-22,76.026,76.185,75.832,75.921,117015310060,2,Wednesday,,
2019-05-23,75.919,75.936,75.445,75.611,152028689900,3,Thursday,,
2019-05-24,75.621,75.828,75.389,75.696,118654480010,4,Friday,,
2019-05-27,75.745,76.008,75.703,75.731,65810939980,0,Monday,0.049,0.0647
2019-05-28,75.731,75.952,75.548,75.703,135872079890,1,Tuesday,,
2019-05-29,75.703,75.862,75.453,75.793,153024539940,2,Wednesday,,
2019-05-30,75.795,76.164,75.629,75.757,128404569870,3,Thursday,,
2019-05-31,75.757,75.785,75.08,75.08,194293199840,4,Friday,,
2019-06-03,75.019,75.486,74.967,75.381,185698290030,0,Monday,-0.061,-0.0812
2019-06-04,75.375,75.693,75.075,75.6,171734289950,1,Tuesday,,
2019-06-05,75.595,75.902,75.401,75.586,173131280320,2,Wednesday,,
2019-06-06,75.575,75.775,75.275,75.61,185172399980,3,Thursday,,
2019-06-07,75.603,75.815,75.49,75.717,173636909840,4,Friday,,
2019-06-10,75.987,76.017,75.414,75.435,144428630240,0,Monday,0.27,0.3566
2019-06-11,75.436,75.676,75.395,75.537,142013209930,1,Tuesday,,
2019-06-12,75.534,75.586,75.142,75.169,165452829840,2,Wednesday,,
2019-06-13,75.157,75.282,74.771,74.926,150611870050,3,Thursday,,
2019-06-14,74.926,74.966,74.481,74.556,141878449970,4,Friday,,
2019-06-17,74.562,74.78,74.355,74.367,97488619850,0,Monday,0.006,0.008
2019-06-18,74.366,74.665,73.929,74.569,155841169920,1,Tuesday,,
2019-06-19,74.564,74.773,74.307,74.365,144446729860,2,Wednesday,,
2019-06-20,74.361,74.679,74.131,74.257,201314199870,3,Thursday,,
2019-06-21,74.254,74.537,74.141,74.287,165465189950,4,Friday,,
2019-06-24,74.331,74.785,74.331,74.689,134411000170,0,Monday,0.044,0.0592
2019-06-25,74.703,74.855,74.335,74.587,200935100260,1,Tuesday,,
2019-06-26,74.58,75.353,74.523,75.272,165561250060,2,Wednesday,,
2019-06-27,75.269,75.618,75.197,75.545,139861559890,3,Thursday,,
2019-06-28,75.534,75.791,75.326,75.757,139315080190,4,Friday,,
2019-07-01,76.033,76.285,75.426,75.508,146066689890,0,Monday,0.276,0.3643
2019-07-02,75.507,75.745,75.314,75.447,119689919900,1,Tuesday,,
2019-07-03,75.44,75.904,75.132,75.766,120645270040,2,Wednesday,,
2019-07-04,75.766,75.925,75.616,75.678,66417329990,3,Thursday,,
2019-07-05,75.677,75.899,75.552,75.676,125474249890,4,Friday,,
2019-07-08,75.635,75.887,75.617,75.788,92813369980,0,Monday,-0.041,-0.0542
2019-07-09,75.788,75.913,75.298,75.394,106053980010,1,Tuesday,,
2019-07-10,75.394,75.621,75.29,75.468,130767979830,2,Wednesday,,
2019-07-11,75.468,75.699,75.182,75.667,133926969920,3,Thursday,,
2019-07-12,75.667,75.909,75.541,75.727,124997230060,4,Friday,,
2019-07-15,75.669,76.02,75.618,75.95,98092700110,0,Monday,-0.058,-0.0766
2019-07-16,75.948,76.142,75.822,75.894,134596390140,1,Tuesday,,
2019-07-17,75.885,76.003,75.657,75.662,118379709960,2,Wednesday,,
2019-07-18,75.656,75.987,75.446,75.907,167086830140,3,Thursday,,
2019-07-19,75.901,76.11,75.815,75.833,156484670030,4,Friday,,
2019-07-22,75.844,76.16,75.844,75.878,102771290080,0,Monday,0.011,0.0145
2019-07-23,75.876,76.073,75.614,75.798,95031919860,1,Tuesday,,
2019-07-24,75.795,75.82,75.342,75.462,95317040000,2,Wednesday,,
2019-07-25,75.462,75.588,75.251,75.493,124537590010,3,Thursday,,
2019-07-26,75.493,75.585,75.023,75.08,91064970080,4,Friday,,
2019-07-29,74.996,75.193,74.902,75.07,69066140010,0,Monday,-0.084,-0.1119
2019-07-30,75.069,75.192,74.585,74.619,104347379990,1,Tuesday,,
2019-07-31,74.616,74.891,74.348,74.424,171169969880,2,Wednesday,,
2019-08-01,74.424,74.852,72.948,72.968,205205319760,3,Thursday,,
2019-08-02,72.959,73.163,72.216,72.442,270253139880,4,Friday,,
2019-08-05,72.393,72.463,71.399,71.563,229607330010,0,Monday,-0.049,-0.0676
2019-08-06,71.563,72.714,71.234,71.957,238466709770,1,Tuesday,,
2019-08-07,71.962,72.051,70.738,71.793,253905589890,2,Wednesday,,
2019-08-08,71.793,72.358,71.566,72.157,184644989910,3,Thursday,,
2019-08-09,72.157,72.235,71.479,71.674,158503320120,4,Friday,,
2019-08-12,71.575,71.694,70.899,71.056,155590069910,0,Monday,-0.099,-0.1381
2019-08-13,71.067,72.93,70.963,72.557,214798190070,1,Tuesday,,
2019-08-14,72.541,72.573,71.249,71.447,231421089920,2,Wednesday,,
2019-08-15,71.448,72.502,71.329,71.881,264986280580,3,Thursday,,
2019-08-16,71.881,72.236,71.808,72.059,169197139990,4,Friday,,
2019-08-19,72.029,72.307,71.974,72.123,123060120100,0,Monday,-0.03,-0.0416
2019-08-20,72.123,72.357,71.905,71.984,139931600010,1,Tuesday,,
2019-08-21,71.984,72.404,71.978,72.287,134488090050,2,Wednesday,,
2019-08-22,72.281,72.36,71.835,71.904,177619749970,3,Thursday,,
2019-08-23,71.892,72.109,71.032,71.117,239607240040,4,Friday,,
2019-08-26,70.707,72.075,69.956,71.868,337652490390,0,Monday,-0.41,-0.5765
2019-08-27,71.874,71.934,71.258,71.386,218478679940,1,Tuesday,,
2019-08-28,71.388,71.589,71.218,71.447,200118220390,2,Wednesday,,
2019-08-29,71.444,71.808,71.119,71.662,201190189740,3,Thursday,,
2019-08-30,71.662,71.755,71.335,71.58,195870030000,4,Friday,,
2019-09-02,71.334,71.532,71.22,71.317,115418520050,0,Monday,-0.246,-0.3437
2019-09-03,71.296,71.726,71.094,71.589,179413189940,1,Tuesday,,
2019-09-04,71.585,72.346,71.553,72.298,148569060130,2,Wednesday,,
2019-09-05,72.297,73.148,72.253,72.862,181231270020,3,Thursday,,
2019-09-06,72.854,73.284,72.839,73.167,164224069920,4,Friday,,
2019-09-09,73.051,73.664,73.037,73.564,133501189970,0,Monday,-0.116,-0.1585
2019-09-10,73.555,73.832,73.414,73.78,139598379950,1,Tuesday,,
2019-09-11,73.778,74.202,73.667,73.961,126224780090,2,Wednesday,,
2019-09-12,73.954,74.487,73.872,74.196,198647809780,3,Thursday,,
2019-09-13,74.194,74.496,74.156,74.36,141793310070,4,Friday,,
2019-09-16,73.746,74.281,73.742,74.215,161208170250,0,Monday,-0.614,-0.8257
2019-09-17,74.171,74.296,73.895,74.227,149877549990,1,Tuesday,,
2019-09-18,74.216,74.263,73.848,74.029,138561059980,2,Wednesday,,
2019-09-19,74.028,74.073,73.126,73.347,158938510010,3,Thursday,,
2019-09-20,73.347,73.457,72.697,72.743,145484319950,4,Friday,,
2019-09-23,72.952,73.04,72.621,72.836,140880989940,0,Monday,0.209,0.2873
2019-09-24,72.831,73.304,72.716,72.804,181353999740,1,Tuesday,,
2019-09-25,72.804,73.082,72.479,72.749,199563380070,2,Wednesday,,
2019-09-26,72.74,72.991,72.623,72.753,184646310240,3,Thursday,,
2019-09-27,72.755,73.319,72.622,72.968,178876410000,4,Friday,,
2019-09-30,72.976,73.101,72.701,72.943,155061249910,0,Monday,0.008,0.011
2019-10-01,72.943,73.374,72.044,72.217,202898670250,1,Tuesday,,
2019-10-02,72.212,72.483,71.732,71.851,200734090140,2,Wednesday,,
2019-10-03,71.852,72.164,71.739,72.062,200201529970,3,Thursday,,
2019-10-04,72.054,72.456,71.992,72.344,163423399660,4,Friday,,
2019-10-07,72.046,72.418,71.918,72.193,140324699990,0,Monday,-0.298,-0.4119
2019-10-08,72.193,72.54,71.95,72.033,179961479940,1,Tuesday,,
2019-10-09,72.022,72.488,71.92,72.249,145968680210,2,Wednesday,,
2019-10-10,72.243,73.077,71.841,72.98,209805300100,3,Thursday,,
2019-10-11,72.978,73.957,72.859,73.579,187097329750,4,Friday,,
2019-10-14,73.56,73.749,72.993,73.417,125482919930,0,Monday,-0.019,-0.0258
2019-10-15,73.417,73.686,73.079,73.487,153790259910,1,Tuesday,,
2019-10-16,73.486,73.557,73.054,73.479,153173900000,2,Wednesday,,
2019-10-17,73.479,74.402,73.398,74.112,159139350000,3,Thursday,,
2019-10-18,74.104,74.353,74.065,74.295,126138429820,4,Friday,,
2019-10-21,74.233,74.728,74.097,74.582,124290380010,0,Monday,-0.062,-0.0835
2019-10-22,74.584,74.823,74.3,74.358,130496309950,1,Tuesday,,
2019-10-23,74.358,74.513,74.016,74.464,135772909910,2,Wednesday,,
2019-10-24,74.464,74.5,73.926,74.033,140444469950,3,Thursday,,
2019-10-25,74.036,74.312,73.965,74.102,104565520130,4,Friday,,
2019-10-27,74.156,74.187,74.125,74.17,451560000,6,Sunday,,
2019-10-28,74.168,74.581,74.069,74.52,103085260050,0,Monday,-0.002,-0.0027
2019-10-29,74.523,74.822,74.484,74.715,122727319980,1,Tuesday,,
2019-10-30,74.717,75.143,74.528,75.108,158999449880,2,Wednesday,,
2019-10-31,75.108,75.294,74.318,74.44,180809049830,3,Thursday,,
2019-11-01,74.439,74.886,74.354,74.759,134176619910,4,Friday,,
2019-11-04,74.818,75.008,74.708,74.73,109782750020,0,Monday,0.059,0.0789
2019-11-05,74.73,75.407,74.664,75.242,158618739980,1,Tuesday,,
2019-11-06,75.242,75.31,74.819,75.007,125286109960,2,Wednesday,,
2019-11-07,75.005,75.673,74.566,75.372,177041200070,3,Thursday,,
2019-11-08,75.37,75.558,74.745,74.923,140744759800,4,Friday,,
2019-11-11,74.87,74.959,74.606,74.7,94089729970,0,Monday,-0.053,-0.0707
2019-11-12,74.7,74.942,74.522,74.563,138228970010,1,Tuesday,,
2019-11-13,74.562,74.706,74.194,74.401,141950489910,2,Wednesday,,
2019-11-14,74.401,74.428,73.355,73.56,143419580110,3,Thursday,,
2019-11-15,73.558,74.212,73.524,74.179,108021840020,4,Friday,,
2019-11-18,74.105,74.32,73.889,73.985,102161329930,0,Monday,-0.074,-0.0998
2019-11-19,73.987,74.277,73.592,74.102,106492030050,1,Tuesday,,
2019-11-20,74.092,74.159,73.628,73.872,139627849910,2,Wednesday,,
2019-11-21,73.872,74.05,73.489,73.707,149650509900,3,Thursday,,
2019-11-22,73.709,73.917,73.587,73.691,122053850040,4,Friday,,
2019-11-25,73.797,73.997,73.728,73.809,96098529910,0,Monday,0.106,0.1438
2019-11-26,73.794,74.106,73.717,74.003,111684040000,1,Tuesday,,
2019-11-27,73.996,74.294,73.9,74.221,95347549950,2,Wednesday,,
2019-11-28,74.215,74.251,73.911,74.124,70667469990,3,Thursday,,
2019-11-29,74.126,74.275,73.924,74.009,100545360110,4,Friday,,
2019-12-02,74.123,74.519,74.053,74.294,117242750040,0,Monday,0.114,0.154
2019-12-03,74.295,74.844,74.184,74.373,153270109860,1,Tuesday,,
2019-12-04,74.373,74.643,73.896,74.546,143736969920,2,Wednesday,,
2019-12-05,74.53,74.626,74.164,74.31,119502020200,3,Thursday,,
2019-12-06,74.311,74.535,74.167,74.252,107625020050,4,Friday,,
2019-12-09,74.203,74.289,73.973,74.064,78883550000,0,Monday,-0.049,-0.066
2019-12-10,74.061,74.275,73.824,74.025,108147139870,1,Tuesday,,
2019-12-11,74.025,74.755,73.944,74.64,111553769990,2,Wednesday,,
2019-12-12,74.64,75.596,74.538,75.496,153769150130,3,Thursday,,
2019-12-13,75.492,75.973,74.973,75.179,203306659810,4,Friday,,
2019-12-16,75.218,75.629,75.125,75.416,100950910160,0,Monday,0.039,0.0519
2019-12-17,75.413,75.431,74.942,75.008,107386259930,1,Tuesday,,
2019-12-18,75.008,75.207,74.847,75.075,92597379980,2,Wednesday,,
2019-12-19,75.075,75.432,75.038,75.295,104858419970,3,Thursday,,
2019-12-20,75.296,75.613,75.219,75.507,88606600000,4,Friday,,
2019-12-23,75.394,75.795,75.394,75.714,79230299950,0,Monday,-0.113,-0.1497
2019-12-24,75.716,75.783,75.593,75.667,113569529960,1,Tuesday,,
2019-12-25,75.658,75.717,75.569,75.638,2971370000,2,Wednesday,,
2019-12-26,75.603,76.185,75.603,76.145,41524179960,3,Thursday,,
2019-12-27,76.145,76.545,76.025,76.427,100826810000,4,Friday,,
2019-12-30,76.365,76.508,76.088,76.148,98262519960,0,Monday,-0.062,-0.0811
2019-12-31,76.15,76.435,76.055,76.235,79092630060,1,Tuesday,,
2020-01-02,76.266,76.321,75.672,75.881,185173640060,3,Thursday,,
2020-01-03,75.876,75.897,74.854,75.063,162696099990,4,Friday,,
2020-01-06,74.866,75.27,74.732,75.198,143661610160,0,Monday,-0.197,-0.2624
2020-01-07,75.198,75.262,74.348,74.497,152757049990,1,Tuesday,,
2020-01-08,74.497,75.068,73.756,74.91,242406060270,2,Wednesday,,
2020-01-09,74.882,75.202,74.839,75.112,136117010090,3,Thursday,,
2020-01-10,75.106,75.697,75.012,75.511,144513909630,4,Friday,,
2020-01-13,75.534,76.009,75.503,75.895,113539240080,0,Monday,0.023,0.0305
2020-01-14,75.895,76.103,75.738,75.897,140695180030,1,Tuesday,,
2020-01-15,75.896,76.036,75.58,75.834,122727160070,2,Wednesday,,
2020-01-16,75.83,76.244,75.826,75.963,109303340030,3,Thursday,,
2020-01-17,75.963,76.167,75.663,75.675,110121270040,4,Friday,,
2020-01-20,75.658,75.894,75.525,75.719,71156119990,0,Monday,-0.017,-0.0225
2020-01-21,75.719,75.813,75.108,75.192,132263550080,1,Tuesday,,
2020-01-22,75.192,75.408,75.029,75.174,119902580200,2,Wednesday,,
2020-01-23,75.174,75.492,74.649,74.965,154379319810,3,Thursday,,
2020-01-24,74.964,75.172,74.424,74.519,123608090020,4,Friday,,
2020-01-27,74.195,74.329,73.541,73.611,173694020090,0,Monday,-0.324,-0.4348
2020-01-28,73.612,73.834,73.295,73.806,138208700230,1,Tuesday,,
2020-01-29,73.806,74.008,73.444,73.619,133923059990,2,Wednesday,,
2020-01-30,73.577,73.646,72.803,73.218,186639720010,3,Thursday,,
2020-01-31,73.219,73.439,72.415,72.415,176139869860,4,Friday,,
2020-02-03,72.471,72.923,72.41,72.718,168654459950,0,Monday,0.056,0.0773
2020-02-04,72.72,73.847,72.499,73.8,144679959840,1,Tuesday,,
2020-02-05,73.796,74.342,73.54,74.086,156124450030,2,Wednesday,,
2020-02-06,74.085,74.391,73.977,74.015,124115730080,3,Thursday,,
2020-02-07,74.015,74.094,73.044,73.199,138243140160,4,Friday,,
2020-02-10,73.116,73.67,73.052,73.396,110283209960,0,Monday,-0.083,-0.1134
2020-02-11,73.395,74.003,73.321,73.707,86719999950,1,Tuesday,,
2020-02-12,73.693,74.292,73.678,74.149,76280110030,2,Wednesday,,
2020-02-13,74.139,74.167,73.646,73.787,127180520160,3,Thursday,,
2020-02-14,73.775,73.985,73.607,73.663,95894210190,4,Friday,,
2020-02-17,73.827,73.952,73.695,73.763,75615180070,0,Monday,0.164,0.2226
2020-02-18,73.761,73.774,73.189,73.46,116377559980,1,Tuesday,,
2020-02-19,73.463,74.472,73.426,74.302,113945909950,2,Wednesday,,
2020-02-20,74.302,74.416,73.789,74.121,153787739910,3,Thursday,,
2020-02-21,74.153,74.297,73.427,73.859,150307690040,4,Friday,,
2020-02-24,73.262,73.908,72.996,73.091,192104970080,0,Monday,-0.597,-0.8083
2020-02-25,73.09,73.498,72.525,72.752,241408049960,1,Tuesday,,
2020-02-26,72.751,73.012,72.22,72.252,256634049470,2,Wednesday,,
2020-02-27,72.251,72.589,71.98,71.991,268688799740,3,Thursday,,
2020-02-28,71.976,72.202,69.374,70.287,390094779440,4,Friday,,
2020-03-02,69.46,71.198,69.426,70.837,313290920020,0,Monday,-0.827,-1.1766
2020-03-03,70.837,71.509,70.303,70.514,298354109900,1,Tuesday,,
2020-03-04,70.503,71.317,70.301,71.248,222048440080,2,Wednesday,,
2020-03-05,71.249,71.427,69.951,70.198,208558480150,3,Thursday,,
2020-03-06,70.198,70.425,69.58,69.895,293090549810,4,Friday,,
2020-03-08,68.845,68.953,68.82,68.88,1224520000,6,Sunday,,
2020-03-09,68.884,69.177,64.356,67.369,411595380210,0,Monday,0.004,0.0058
2020-03-10,67.369,68.987,67.056,68.325,386547970090,1,Tuesday,,
2020-03-11,68.321,68.786,67.622,67.755,315712989890,2,Wednesday,,
2020-03-12,67.753,67.96,65.047,66.065,430476670330,3,Thursday,,
2020-03-13,66.065,67.739,65.539,66.699,451901540200,4,Friday,,
2020-03-15,65.747,67.375,65.747,66.81,1858720000,6,Sunday,,
2020-03-16,66.961,67.144,64.053,64.622,438847180470,0,Monday,0.151,0.226
2020-03-17,64.616,65.825,63.919,64.711,552319639860,1,Tuesday,,
2020-03-18,64.711,64.784,61.685,62.484,514952159910,2,Wednesday,,
2020-03-19,62.475,65.543,59.888,63.54,521253269890,3,Thursday,,
2020-03-20,63.551,65.63,62.775,64.219,442450930210,4,Friday,,
2020-03-22,64.312,64.529,64.155,64.31,309830000,6,Sunday,,
2020-03-23,64.309,64.887,62.921,64.769,503325779900,0,Monday,-0.001,-0.0016
2020-03-24,64.769,66.638,64.642,66.413,430639060160,1,Tuesday,,
2020-03-25,66.413,67.703,65.926,66.201,380560139940,2,Wednesday,,
2020-03-26,66.198,66.588,64.911,66.111,388922950120,3,Thursday,,
2020-03-27,66.111,66.932,65.483,66.502,349266110320,4,Friday,,
2020-03-30,66.265,66.637,65.735,66.475,315101480070,0,Monday,-0.237,-0.3564
2020-03-31,66.415,67.265,65.579,65.955,368696789790,1,Tuesday,,
2020-04-01,65.911,66.356,64.865,65.023,290754279780,2,Wednesday,,
2020-04-02,65.049,65.626,64.393,65.335,289571420060,3,Thursday,,
2020-04-03,65.34,65.612,64.833,64.977,254602079720,4,Friday,,
2020-04-06,65.131,66.6,64.854,66.46,262496310520,0,Monday,0.154,0.237
2020-04-07,66.46,67.674,66.369,67.095,313755199690,1,Tuesday,,
2020-04-08,67.095,67.933,66.475,67.789,247154599920,2,Wednesday,,
2020-04-09,67.789,68.882,67.487,68.744,244417869900,3,Thursday,,
2020-04-10,68.733,69.027,68.485,68.738,102341650100,4,Friday,,
2020-04-13,68.787,68.971,68.334,68.77,153259959930,0,Monday,0.049,0.0713
2020-04-14,68.727,69.261,68.503,69.059,194051520070,1,Tuesday,,
2020-04-15,69.058,69.075,67.58,67.883,225762809920,2,Wednesday,,
2020-04-16,67.875,68.28,67.588,68.278,259798639800,3,Thursday,,
2020-04-17,68.277,68.947,68.071,68.409,243318879910,4,Friday,,
2020-04-20,68.413,68.895,68.18,68.181,187969500090,0,Monday,0.004,0.0058
2020-04-21,68.185,68.351,67.29,67.694,206974239940,1,Tuesday,,
2020-04-22,67.691,68.473,67.617,68.112,156849490030,2,Wednesday,,
2020-04-23,68.133,69.008,67.748,68.525,193906039930,3,Thursday,,
2020-04-24,68.525,68.783,68.214,68.714,155314859940,4,Friday,,
2020-04-27,68.633,69.38,68.577,69.329,157794799950,0,Monday,-0.081,-0.1179
2020-04-28,69.331,69.564,69.032,69.363,157598140100,1,Tuesday,,
2020-04-29,69.363,69.941,69.281,69.918,148230359910,2,Wednesday,,
2020-04-30,69.929,70.167,69.242,69.768,245997851470,3,Thursday,,
2020-05-01,69.769,69.799,68.497,68.569,157246769750,4,Friday,,
2020-05-04,68.476,68.714,67.995,68.542,144606189950,0,Monday,-0.093,-0.1356
2020-05-05,68.533,68.986,68.461,68.532,142719980240,1,Tuesday,,
2020-05-06,68.473,68.621,67.858,67.864,150317970000,2,Wednesday,,
2020-05-07,67.876,69.157,67.63,69.022,158413360140,3,Thursday,,
2020-05-08,69.022,69.727,69.0,69.66,132425040100,4,Friday,,
2020-05-11,69.576,70.175,69.379,69.853,139198240010,0,Monday,-0.084,-0.1206
2020-05-12,69.848,70.156,69.137,69.313,168716870050,1,Tuesday,,
2020-05-13,69.313,69.761,68.89,69.084,207904140030,2,Wednesday,,
2020-05-14,69.07,69.394,68.546,69.293,184306879890,3,Thursday,,
2020-05-15,69.294,69.532,68.635,68.645,166055280300,4,Friday,,
2020-05-18,68.74,70.073,68.653,70.025,147151349970,0,Monday,0.095,0.1384
2020-05-19,70.029,70.961,69.876,70.391,159214609800,1,Tuesday,,
2020-05-20,70.39,71.032,70.269,70.93,150826839710,2,Wednesday,,
2020-05-21,70.93,71.082,70.494,70.638,156714930020,3,Thursday,,
2020-05-22,70.642,70.795,69.938,70.308,131780050000,4,Friday,,
2020-05-25,70.28,70.581,70.199,70.486,89805520030,0,Monday,-0.028,-0.0398
2020-05-26,70.484,71.782,70.413,71.527,150182860060,1,Tuesday,,
2020-05-27,71.525,71.923,70.813,71.332,218847760170,2,Wednesday,,
2020-05-28,71.332,71.778,71.014,71.434,189417200260,3,Thursday,,
2020-05-29,71.434,71.929,71.139,71.847,229900720180,4,Friday,,
2020-06-01,71.689,73.192,71.609,73.13,191029190120,0,Monday,-0.158,-0.2199
2020-06-02,73.132,74.972,72.93,74.945,212394539610,1,Tuesday,,
2020-06-03,74.945,75.767,74.406,75.366,250375160420,2,Wednesday,,
2020-06-04,75.366,76.204,74.859,75.773,253780329610,3,Thursday,,
2020-06-05,75.771,76.748,75.593,76.35,822546790770,4,Friday,,
2020-06-08,76.336,76.786,75.556,76.117,164009409810,0,Monday,-0.014,-0.0183
2020-06-09,76.098,76.273,74.468,74.999,207690700280,1,Tuesday,,
2020-06-10,74.998,75.612,74.723,74.963,225865269810,2,Wednesday,,
2020-06-11,74.963,75.005,73.086,73.247,288019889710,3,Thursday,,
2020-06-12,73.249,74.301,72.527,73.715,306399890100,4,Friday,,
2020-06-15,73.411,74.341,72.645,74.264,277301499760,0,Monday,-0.304,-0.4124
2020-06-16,74.258,75.087,73.322,73.923,262689579820,1,Tuesday,,
2020-06-17,73.898,74.308,73.466,73.657,215706790050,2,Wednesday,,
2020-06-18,73.651,73.894,72.986,73.301,204699179930,3,Thursday,,
2020-06-19,73.289,73.826,72.98,73.03,179076590100,4,Friday,,
2020-06-22,72.722,73.989,72.714,73.852,144275259780,0,Monday,-0.308,-0.4217
2020-06-23,73.79,74.421,73.202,73.811,191500420160,1,Tuesday,,
2020-06-24,73.806,74.161,73.307,73.518,189507690040,2,Wednesday,,
2020-06-25,73.514,73.87,73.313,73.815,187572480070,3,Thursday,,
2020-06-26,73.808,73.909,73.307,73.597,150776039970,4,Friday,,
2020-06-29,73.421,73.988,73.326,73.799,151913969930,0,Monday,-0.176,-0.2391
2020-06-30,73.817,74.595,73.606,74.493,159979240010,1,Tuesday,,
2020-07-01,74.506,74.701,73.917,74.306,148529840180,2,Wednesday,,
2020-07-02,74.309,74.706,74.178,74.393,152607570110,3,Thursday,,
2020-07-03,74.408,74.675,74.327,74.562,93462550060,4,Friday,,
2020-07-06,74.464,75.161,74.453,74.843,117482619900,0,Monday,-0.098,-0.1314
2020-07-07,74.854,75.062,74.561,74.682,143432780160,1,Tuesday,,
2020-07-08,74.733,74.956,74.506,74.872,143955870070,2,Wednesday,,
2020-07-09,74.865,75.061,74.566,74.645,170974780150,3,Thursday,,
2020-07-10,74.65,74.688,73.982,74.293,142707199960,4,Friday,,
2020-07-13,74.292,75.007,74.19,74.456,180546600260,0,Monday,-0.001,-0.0013
2020-07-14,74.455,74.819,74.243,74.792,239975790360,1,Tuesday,,
2020-07-15,74.792,75.275,74.714,74.93,196095650140,2,Wednesday,,
2020-07-16,74.921,75.099,74.681,74.75,171542610060,3,Thursday,,
2020-07-17,74.738,74.967,74.734,74.853,115027409810,4,Friday,,
2020-07-20,74.804,75.304,74.795,75.256,157156199940,0,Monday,-0.049,-0.0655
2020-07-21,75.239,76.314,75.154,76.117,240983819510,1,Tuesday,,
2020-07-22,76.12,76.87,76.05,76.51,361296450000,2,Wednesday,,
2020-07-23,76.524,76.709,75.774,75.846,314114307860,3,Thursday,,
2020-07-24,75.845,75.969,74.864,75.395,326345871330,4,Friday,,
2020-07-27,75.123,75.423,75.006,75.332,373532139940,0,Monday,-0.272,-0.3608
2020-07-28,75.332,75.577,75.007,75.159,249194430420,1,Tuesday,,
2020-07-29,75.186,75.514,75.136,75.406,170266039730,2,Wednesday,,
2020-07-30,75.404,75.482,74.825,75.342,218827840060,3,Thursday,,
2020-07-31,75.323,75.921,75.012,75.551,301024839650,4,Friday,,
2020-08-03,75.412,75.804,75.098,75.468,202634490160,0,Monday,-0.139,-0.184
2020-08-04,75.469,75.782,75.386,75.694,179708449940,1,Tuesday,,
2020-08-05,75.653,76.407,75.649,75.936,217085950110,2,Wednesday,,
2020-08-06,75.909,76.437,75.662,76.364,284676199090,3,Thursday,,
2020-08-07,76.35,76.438,75.725,75.798,486165990910,4,Friday,,
2020-08-10,75.812,76.017,75.686,75.746,149798050170,0,Monday,0.014,0.0185
2020-08-11,75.729,76.335,75.7,76.06,194058809620,1,Tuesday,,
2020-08-12,76.04,76.714,75.86,76.563,215452690360,2,Wednesday,,
2020-08-13,76.524,76.701,76.314,76.43,178526849970,3,Thursday,,
2020-08-14,76.422,76.542,76.149,76.428,158434350340,4,Friday,,
2020-08-17,76.369,76.677,76.328,76.469,114404910010,0,Monday,-0.059,-0.0772
2020-08-18,76.469,76.549,76.116,76.343,201312840050,1,Tuesday,,
2020-08-19,76.343,76.678,76.146,76.193,183528130370,2,Wednesday,,
2020-08-20,76.193,76.313,75.609,76.088,197141220110,3,Thursday,,
2020-08-21,76.081,76.275,75.629,75.749,242732049550,4,Friday,,
2020-08-24,75.798,76.149,75.601,75.901,162769509600,0,Monday,0.049,0.0647
2020-08-25,75.882,76.558,75.859,76.534,186496660590,1,Tuesday,,
2020-08-26,76.532,76.768,76.427,76.654,187468499050,2,Wednesday,,
2020-08-27,76.648,77.425,76.597,77.349,379012088550,3,Thursday,,
2020-08-28,77.35,77.958,77.089,77.576,467294228190,4,Friday,,
2020-08-31,77.6,78.461,77.409,78.112,330173552430,0,Monday,0.024,0.0309
2020-09-01,78.112,78.36,78.007,78.103,250434630190,1,Tuesday,,
2020-09-02,78.103,78.168,77.536,77.914,208068799970,2,Wednesday,,
2020-09-03,77.907,77.935,77.065,77.225,248394450020,3,Thursday,,
2020-09-04,77.229,77.526,76.77,77.346,228609389870,4,Friday,,
2020-09-07,77.379,77.602,77.239,77.301,109803529930,0,Monday,0.033,0.0427
2020-09-08,77.302,77.64,76.452,76.478,237386560180,1,Tuesday,,
2020-09-09,76.473,77.425,76.115,77.323,179650830060,2,Wednesday,,
2020-09-10,77.305,77.736,76.924,77.02,283212828250,3,Thursday,,
2020-09-11,77.019,77.588,76.956,77.293,163750999950,4,Friday,,
2020-09-14,77.202,77.348,76.954,77.051,118039970020,0,Monday,-0.091,-0.1177
2020-09-15,77.049,77.509,76.785,76.985,146082929930,1,Tuesday,,
2020-09-16,76.988,77.181,76.445,76.665,181191519980,2,Wednesday,,
2020-09-17,76.661,76.786,76.102,76.582,288135599150,3,Thursday,,
2020-09-18,76.6,76.854,75.981,76.17,164960549800,4,Friday,,
2020-09-21,76.156,76.391,75.266,75.587,335690558990,0,Monday,-0.014,-0.0184
2020-09-22,75.587,75.769,75.114,75.227,324894179260,1,Tuesday,,
2020-09-23,75.227,75.388,74.495,74.517,255563220210,2,Wednesday,,
2020-09-24,74.52,74.627,73.971,74.252,324353610710,3,Thursday,,
2020-09-25,74.253,74.627,74.013,74.154,227746559040,4,Friday,,
2020-09-28,74.144,74.645,74.112,74.57,142388289970,0,Monday,-0.01,-0.0135
2020-09-29,74.57,75.428,74.57,75.303,150960070100,1,Tuesday,,
2020-09-30,75.33,75.703,74.872,75.53,194601090070,2,Wednesday,,
2020-10-01,75.531,76.052,75.437,75.797,179292600110,3,Thursday,,
2020-10-02,75.794,75.874,74.929,75.358,199209750030,4,Friday,,
2020-10-05,75.455,76.037,75.392,75.885,120103209950,0,Monday,0.097,0.1287
2020-10-06,75.893,76.164,75.0,75.012,163525460110,1,Tuesday,,
2020-10-07,75.007,75.754,74.939,75.631,140210140150,2,Wednesday,,
2020-10-08,75.623,76.003,75.523,75.977,114769400000,3,Thursday,,
2020-10-09,75.977,76.52,75.874,76.406,129359249860,4,Friday,,
2020-10-12,76.346,76.511,75.869,75.923,113907330040,0,Monday,-0.06,-0.0785
2020-10-13,75.923,75.957,75.44,75.513,162964070000,1,Tuesday,,
2020-10-14,75.512,75.718,75.192,75.321,152068929790,2,Wednesday,,
2020-10-15,75.313,75.372,74.255,74.787,175291979830,3,Thursday,,
2020-10-16,74.787,74.823,74.392,74.578,146753559900,4,Friday,,
2020-10-19,74.566,74.949,74.406,74.494,117141010030,0,Monday,-0.012,-0.0161
2020-10-20,74.481,74.612,74.201,74.352,137059250050,1,Tuesday,,
2020-10-21,74.352,74.611,74.202,74.42,163992500010,2,Wednesday,,
2020-10-22,74.431,74.673,74.186,74.636,141730720170,3,Thursday,,
2020-10-23,74.636,74.924,74.37,74.702,140624930110,4,Friday,,
2020-10-25,74.657,74.726,74.657,74.719,144600000,6,Sunday,,
2020-10-26,74.717,74.943,74.501,74.646,152478320010,0,Monday,-0.002,-0.0027
2020-10-27,74.644,74.784,74.274,74.421,130028290140,1,Tuesday,,
2020-10-28,74.425,74.63,73.39,73.513,187513609840,2,Wednesday,,
2020-10-29,73.494,73.852,73.135,73.543,184385750150,3,Thursday,,
2020-10-30,73.545,73.92,73.143,73.521,210941619960,4,Friday,,
2020-11-02,73.424,73.958,73.18,73.878,138730970000,0,Monday,-0.097,-0.1319
2020-11-03,73.88,75.015,73.609,74.819,155868020130,1,Tuesday,,
2020-11-04,74.818,75.475,74.073,74.991,315362890360,2,Wednesday,,
2020-11-05,74.989,75.461,74.561,75.373,222889350220,3,Thursday,,
2020-11-06,75.373,75.377,74.9,74.966,208270560300,4,Friday,,
2020-11-09,75.198,77.038,75.082,76.707,262226469870,0,Monday,0.232,0.3095
2020-11-10,76.711,76.825,76.244,76.672,229936520020,1,Tuesday,,
2020-11-11,76.674,77.098,76.506,76.755,152942260180,2,Wednesday,,
2020-11-12,76.753,76.823,75.917,76.016,158438589830,3,Thursday,,
2020-11-13,76.014,76.302,75.758,76.008,131998430020,4,Friday,,
2020-11-16,76.123,76.771,76.01,76.53,152657140190,0,Monday,0.115,0.1513
2020-11-17,76.541,76.572,75.895,76.052,132181499960,1,Tuesday,,
2020-11-18,76.036,76.158,75.695,75.839,149951040100,2,Wednesday,,
2020-11-19,75.827,75.875,75.404,75.565,157076829770,3,Thursday,,
2020-11-20,75.551,75.975,75.405,75.782,129122680020,4,Friday,,
2020-11-23,75.757,76.216,75.748,76.105,136222999880,0,Monday,-0.025,-0.033
2020-11-24,76.134,76.933,76.078,76.878,152757949910,1,Tuesday,,
2020-11-25,76.873,77.042,76.454,76.877,139805220100,2,Wednesday,,
2020-11-26,76.881,76.931,76.662,76.714,90901950020,3,Thursday,,
2020-11-27,76.689,76.952,76.496,76.814,104260019920,4,Friday,,
2020-11-30,76.838,77.112,76.581,76.586,154533209830,0,Monday,0.024,0.0312
2020-12-01,76.579,76.976,76.569,76.876,135973409980,1,Tuesday,,
2020-12-02,76.887,77.478,76.831,77.43,148706580110,2,Wednesday,,
2020-12-03,77.431,77.562,77.162,77.201,133761010060,3,Thursday,,
2020-12-04,77.214,77.501,77.02,77.302,144486540040,4,Friday,,
2020-12-07,77.332,77.502,76.9,77.194,135243020030,0,Monday,0.03,0.0388
2020-12-08,77.196,77.369,77.064,77.177,138884910100,1,Tuesday,,
2020-12-09,77.177,77.943,77.11,77.59,129932699780,2,Wednesday,,
2020-12-10,77.583,78.582,77.385,78.529,158179579930,3,Thursday,,
2020-12-11,78.53,78.78,78.191,78.33,134506489940,4,Friday,,
2020-12-14,78.517,78.704,78.275,78.355,141548440230,0,Monday,0.187,0.2387
2020-12-15,78.354,78.543,78.145,78.345,117711199870,1,Tuesday,,
2020-12-16,78.346,78.431,78.124,78.376,134971320180,2,Wednesday,,
2020-12-17,78.398,78.821,78.286,78.547,123181170210,3,Thursday,,
2020-12-18,78.55,78.824,78.437,78.692,125031009830,4,Friday,,
2020-12-21,78.513,78.639,77.492,78.344,202448499990,0,Monday,-0.179,-0.2275
2020-12-22,78.346,78.419,77.849,77.941,207369390010,1,Tuesday,,
2020-12-23,77.933,78.584,77.898,78.405,132979520020,2,Wednesday,,
2020-12-24,78.422,78.844,78.362,78.622,107284250090,3,Thursday,,
2020-12-25,78.641,78.776,78.42,78.684,3558850000,4,Friday,,
2020-12-28,78.67,78.881,78.477,78.637,112855610030,0,Monday,-0.014,-0.0178
2020-12-29,78.642,78.956,78.591,78.753,186341530060,1,Tuesday,,
2020-12-30,78.776,79.397,78.711,79.298,107501639990,2,Wednesday,,
2020-12-31,79.273,79.79,79.206,79.384,111437510000,3,Thursday,,
2021-01-04,79.418,79.681,78.849,79.008,191215470150,0,Monday,0.034,0.0428
2021-01-05,79.005,79.836,78.953,79.699,183384910040,1,Tuesday,,
2021-01-06,79.703,80.512,79.53,80.362,263960690240,2,Wednesday,,
2021-01-07,80.366,80.684,80.162,80.61,196047620190,3,Thursday,,
2021-01-08,80.604,80.926,80.382,80.706,240737709760,4,Friday,,
2021-01-11,80.561,80.686,79.994,80.234,185381049680,0,Monday,-0.145,-0.1797
2021-01-12,80.232,80.69,80.17,80.631,169870610020,1,Tuesday,,
2021-01-13,80.629,80.72,80.265,80.313,162240260060,2,Wednesday,,
2021-01-14,80.331,80.852,80.292,80.735,177443809720,3,Thursday,,
2021-01-15,80.737,80.788,79.718,79.96,180430509860,4,Friday,,
2021-01-18,80.023,80.066,79.51,79.615,150740270090,0,Monday,0.063,0.0788
2021-01-19,79.64,80.318,79.553,79.923,158811619950,1,Tuesday,,
2021-01-20,79.924,80.344,79.907,80.178,151912640150,2,Wednesday,,
2021-01-21,80.172,80.515,80.138,80.32,157319349990,3,Thursday,,
2021-01-22,80.32,80.445,79.902,80.015,155567179920,4,Friday,,
2021-01-25,80.089,80.338,79.76,80.017,174258849840,0,Monday,0.074,0.0925
2021-01-26,80.006,80.345,79.605,80.169,146349529860,1,Tuesday,,
2021-01-27,80.172,80.441,79.628,79.745,211888330000,2,Wednesday,,
2021-01-28,79.738,80.236,79.201,80.009,238854370120,3,Thursday,,
2021-01-29,80.041,80.647,79.807,79.96,258365690250,4,Friday,,
2021-02-01,79.851,80.209,79.69,79.943,184631050250,0,Monday,-0.109,-0.1363
2021-02-02,79.943,80.366,79.538,79.849,172864920030,1,Tuesday,,
2021-02-03,79.846,80.125,79.825,80.009,141232880100,2,Wednesday,,
2021-02-04,80.005,80.331,79.981,80.194,147854240150,3,Thursday,,
2021-02-05,80.189,80.915,80.039,80.863,147879370210,4,Friday,,
2021-02-08,80.77,81.189,80.761,81.025,121700190080,0,Monday,-0.093,-0.115
2021-02-09,81.025,81.159,80.645,80.921,127128630170,1,Tuesday,,
2021-02-10,80.923,81.097,80.751,80.751,146835279940,2,Wednesday,,
2021-02-11,80.752,81.372,80.673,81.186,106907750010,3,Thursday,,
2021-02-12,81.186,81.484,81.084,81.409,101215120100,4,Friday,,
2021-02-15,81.463,82.052,81.434,81.969,89577880050,0,Monday,0.054,0.0663
2021-02-16,81.968,82.413,81.88,82.227,130799079990,1,Tuesday,,
2021-02-17,82.226,82.292,81.759,82.038,161079439980,2,Wednesday,,
2021-02-18,82.034,82.3,81.824,82.089,150803979920,3,Thursday,,
2021-02-19,82.084,83.157,81.99,82.94,147913840080,4,Friday,,
2021-02-22,82.946,83.434,82.939,83.141,156418029790,0,Monday,0.006,0.0072
2021-02-23,83.14,83.366,82.913,83.258,162030839850,1,Tuesday,,
2021-02-24,83.255,84.419,83.154,84.355,183878309850,2,Wednesday,,
2021-02-25,84.355,84.949,83.508,83.622,225440059920,3,Thursday,,
2021-02-26,83.622,83.824,81.984,82.06,266524660100,4,Friday,,
2021-03-01,82.12,83.132,82.086,82.95,173729600080,0,Monday,0.06,0.0731
2021-03-02,82.95,83.635,82.625,83.41,193241050000,1,Tuesday,,
2021-03-03,83.41,83.754,83.121,83.181,184477910050,2,Wednesday,,
2021-03-04,83.157,84.038,83.007,83.386,232532369840,3,Thursday,,
2021-03-05,83.343,83.592,82.779,83.171,258873999920,4,Friday,,
2021-03-08,83.316,83.744,82.927,83.253,227785740090,0,Monday,0.145,0.1743
2021-03-09,83.252,83.915,83.146,83.708,191749210310,1,Tuesday,,
2021-03-10,83.708,83.923,83.479,83.821,182387329750,2,Wednesday,,
2021-03-11,83.821,84.536,83.79,84.503,164375360150,3,Thursday,,
2021-03-12,84.495,84.776,84.21,84.567,182549730250,4,Friday,,
2021-03-14,84.463,84.561,84.392,84.539,270820000,6,Sunday,,
2021-03-15,84.539,84.729,84.113,84.622,151154160170,0,Monday,0.0,0.0
2021-03-16,84.616,84.663,84.189,84.388,135684759890,1,Tuesday,,
2021-03-17,84.385,85.009,84.121,84.892,162853689920,2,Wednesday,,
2021-03-18,84.892,85.448,84.354,84.496,212982959990,3,Thursday,,
2021-03-19,84.495,84.585,84.114,84.25,180409720230,4,Friday,,
2021-03-21,83.684,83.861,83.663,83.828,1714430000,6,Sunday,,
2021-03-22,83.827,84.378,83.778,84.289,140364359900,0,Monday,-0.001,-0.0012
2021-03-23,84.289,84.304,82.723,82.893,153087409790,1,Tuesday,,
2021-03-24,82.893,83.039,82.286,82.461,143802619820,2,Wednesday,,
2021-03-25,82.461,83.061,82.447,82.771,166860079960,3,Thursday,,
2021-03-26,82.771,83.836,82.746,83.739,130713929950,4,Friday,,
2021-03-29,83.734,83.933,83.335,83.81,127071810100,0,Monday,-0.005,-0.006
2021-03-30,83.81,84.284,83.694,83.823,132679399900,1,Tuesday,,
2021-03-31,83.819,84.476,83.748,84.06,141889909990,2,Wednesday,,
2021-04-01,84.083,84.273,83.43,84.224,151319719890,3,Thursday,,
2021-04-02,84.234,84.484,84.029,84.058,87960359980,4,Friday,,
2021-04-05,84.124,84.386,84.077,84.292,80122810020,0,Monday,0.066,0.0785
2021-04-06,84.292,84.461,83.787,84.089,128452450010,1,Tuesday,,
2021-04-07,84.089,84.244,83.489,83.62,137943699930,2,Wednesday,,
2021-04-08,83.62,83.784,83.286,83.611,121496100210,3,Thursday,,
2021-04-09,83.611,83.785,83.036,83.532,124249310030,4,Friday,,
2021-04-12,83.525,83.686,83.153,83.365,110818070030,0,Monday,-0.007,-0.0084
2021-04-13,83.365,83.463,83.032,83.33,133411249780,1,Tuesday,,
2021-04-14,83.33,84.286,83.106,84.139,134572860050,2,Wednesday,,
2021-04-15,84.096,84.411,83.881,84.298,132359360360,3,Thursday,,
2021-04-16,84.295,84.379,84.076,84.111,118844850020,4,Friday,,
2021-04-19,84.055,84.147,83.749,83.878,142832530030,0,Monday,-0.056,-0.0666
2021-04-20,83.84,84.716,83.357,83.485,163272949930,1,Tuesday,,
2021-04-21,83.485,83.923,83.221,83.755,142413329850,2,Wednesday,,
2021-04-22,83.755,83.861,83.122,83.174,144069710070,3,Thursday,,
2021-04-23,83.173,83.743,83.062,83.496,119405620010,4,Friday,,
2021-04-26,83.497,84.499,83.491,84.291,125170300180,0,Monday,0.001,0.0012
2021-04-27,84.29,84.51,84.076,84.439,118885020000,1,Tuesday,,
2021-04-28,84.439,84.752,84.135,84.591,144445810090,2,Wednesday,,
2021-04-29,84.591,85.005,84.36,84.589,127492369880,3,Thursday,,
2021-04-30,84.589,84.851,84.137,84.301,135551739850,4,Friday,,
2021-05-03,84.367,84.749,84.275,84.64,102915529970,0,Monday,0.066,0.0783
2021-05-04,84.64,84.736,83.932,84.248,143869139910,1,Tuesday,,
2021-05-05,84.248,84.691,84.248,84.566,113633559910,2,Wednesday,,
2021-05-06,84.566,84.933,84.241,84.893,154869210130,3,Thursday,,
2021-05-07,84.897,85.315,84.722,85.132,142650800000,4,Friday,,
2021-05-10,85.294,85.803,85.124,85.176,131646479920,0,Monday,0.162,0.1903
2021-05-11,85.165,85.444,84.82,85.155,164161670250,1,Tuesday,,
2021-05-12,85.15,85.259,84.592,84.676,183395580180,2,Wednesday,,
2021-05-13,84.674,84.839,84.292,84.572,165803550000,3,Thursday,,
2021-05-14,84.573,85.169,84.52,85.053,132400410070,4,Friday,,
2021-05-17,84.916,85.139,84.455,84.834,126835579960,0,Monday,-0.137,-0.1611
2021-05-18,84.834,85.148,84.742,84.829,122454450090,1,Tuesday,,
2021-05-19,84.829,84.956,84.042,84.382,186067909880,2,Wednesday,,
2021-05-20,84.366,84.647,84.237,84.534,134654869830,3,Thursday,,
2021-05-21,84.534,84.653,84.109,84.154,127054390050,4,Friday,,
2021-05-24,84.174,84.38,83.973,84.283,101247900010,0,Monday,0.02,0.0238
2021-05-25,84.272,84.666,84.241,84.287,123182910170,1,Tuesday,,
2021-05-26,84.262,84.8,84.249,84.499,127385789960,2,Wednesday,,
2021-05-27,84.499,85.066,84.333,84.986,126975899930,3,Thursday,,
2021-05-28,84.976,85.151,84.547,84.651,130905239860,4,Friday,,
2021-05-31,84.539,84.905,84.539,84.689,86223239920,0,Monday,-0.112,-0.1323
2021-06-01,84.689,85.053,84.664,84.851,120095860110,1,Tuesday,,
2021-06-02,84.851,85.189,84.762,84.916,105869309940,2,Wednesday,,
2021-06-03,84.91,84.99,84.304,84.349,124599409960,3,Thursday,,
2021-06-04,84.426,84.844,84.323,84.763,111882879840,4,Friday,,
2021-06-07,84.735,84.877,84.565,84.703,76302960060,0,Monday,-0.028,-0.033
2021-06-08,84.696,84.851,84.635,84.734,87363860020,1,Tuesday,,
2021-06-09,84.737,84.834,84.66,84.717,77348440080,2,Wednesday,,
2021-06-10,84.713,85.017,84.625,84.706,127418880150,3,Thursday,,
2021-06-11,84.707,85.052,84.389,84.475,113482680160,4,Friday,,
2021-06-14,84.441,84.938,84.441,84.865,95250100080,0,Monday,-0.034,-0.0402
2021-06-15,84.865,84.929,84.516,84.575,104989199890,1,Tuesday,,
2021-06-16,84.578,84.755,84.065,84.222,148910329910,2,Wednesday,,
2021-06-17,84.221,84.609,83.068,83.22,181455260150,3,Thursday,,
2021-06-18,83.22,83.38,82.362,82.362,186269689860,4,Friday,,
2021-06-21,82.485,83.243,82.133,83.171,179197039960,0,Monday,0.123,0.1493
2021-06-22,83.171,83.654,82.788,83.574,133655579930,1,Tuesday,,
2021-06-23,83.574,84.144,83.464,84.02,138408789800,2,Wednesday,,
2021-06-24,84.02,84.166,83.873,84.054,135305969950,3,Thursday,,
2021-06-25,84.054,84.255,84.022,84.115,118550139990,4,Friday,,
2021-06-28,83.933,84.159,83.594,83.698,107538539890,0,Monday,-0.182,-0.2164
2021-06-29,83.698,83.725,82.959,82.959,113444040140,1,Tuesday,,
2021-06-30,82.954,83.349,82.811,83.295,128641839870,2,Wednesday,,
2021-07-01,83.291,83.654,83.109,83.295,125791079910,3,Thursday,,
2021-07-02,83.292,83.638,83.038,83.511,123814620160,4,Friday,,
2021-07-05,83.454,83.614,83.405,83.486,115622880020,0,Monday,-0.057,-0.0683
2021-07-06,83.506,84.193,82.751,82.889,148946080210,1,Tuesday,,
2021-07-07,82.853,83.345,82.648,82.769,147329660200,2,Wednesday,,
2021-07-08,82.749,82.86,81.319,81.552,230917889920,3,Thursday,,
2021-07-09,81.468,82.545,81.342,82.475,167603020370,4,Friday,,
2021-07-12,82.223,82.672,82.015,82.447,137272779980,0,Monday,-0.252,-0.3055
2021-07-13,82.447,82.818,82.078,82.357,159167210240,1,Tuesday,,
2021-07-14,82.356,82.528,82.12,82.213,168365050010,2,Wednesday,,
2021-07-15,82.213,82.335,81.428,81.477,155201009980,3,Thursday,,
2021-07-16,81.486,81.942,81.344,81.387,133359049780,4,Friday,,
2021-07-19,81.418,81.554,80.013,80.356,195820189930,0,Monday,0.031,0.0381
2021-07-20,80.33,80.601,79.839,80.49,179635520000,1,Tuesday,,
2021-07-21,80.482,81.193,80.087,81.129,151878379920,2,Wednesday,,
2021-07-22,81.122,81.471,80.856,81.227,153587139910,3,Thursday,,
2021-07-23,81.223,81.656,81.114,81.386,115726370040,4,Friday,,
2021-07-26,81.354,81.513,80.77,81.451,134125180060,0,Monday,-0.032,-0.0393
2021-07-27,81.44,81.509,80.636,80.747,154569809990,1,Tuesday,,
2021-07-28,80.759,81.142,80.635,81.056,168995989850,2,Wednesday,,
2021-07-29,81.053,81.355,80.751,80.929,128344770040,3,Thursday,,
2021-07-30,80.929,81.079,80.451,80.524,148662870090,4,Friday,,
2021-08-02,80.434,80.76,80.324,80.463,120079980030,0,Monday,-0.09,-0.1118
2021-08-03,80.438,80.914,80.154,80.623,139474789930,1,Tuesday,,
2021-08-04,80.613,81.034,80.521,80.775,121102709960,2,Wednesday,,
2021-08-05,80.772,81.353,80.759,81.203,109376660110,3,Thursday,,
2021-08-06,81.236,81.396,81.016,81.021,111025199870,4,Friday,,
2021-08-09,80.974,81.107,80.802,80.825,102759809840,0,Monday,-0.047,-0.058
2021-08-10,80.853,81.321,80.708,81.227,96013839920,1,Tuesday,,
2021-08-11,81.228,81.581,81.108,81.415,96543850100,2,Wednesday,,
2021-08-12,81.371,81.46,80.947,80.963,74678429990,3,Thursday,,
2021-08-13,80.997,81.107,80.743,80.747,74827560020,4,Friday,,
2021-08-16,80.711,80.875,79.888,80.086,100641590080,0,Monday,-0.036,-0.0446
2021-08-17,80.078,80.247,79.335,79.414,110425570020,1,Tuesday,,
2021-08-18,79.455,79.772,79.247,79.363,114791829860,2,Wednesday,,
2021-08-19,79.363,79.55,78.244,78.391,166895579920,3,Thursday,,
2021-08-20,78.375,78.632,77.894,78.303,118330240010,4,Friday,,
2021-08-23,78.216,79.185,78.001,79.049,112355320090,0,Monday,-0.087,-0.1111
2021-08-24,79.045,79.744,79.01,79.55,102372839960,1,Tuesday,,
2021-08-25,79.498,80.099,79.393,80.03,109684170000,2,Wednesday,,
2021-08-26,80.0,80.091,79.592,79.65,120351409830,3,Thursday,,
2021-08-27,79.654,80.348,79.415,80.249,116764550180,4,Friday,,
2021-08-30,80.215,80.381,79.976,80.182,68790190000,0,Monday,-0.034,-0.0424
2021-08-31,80.182,80.637,80.072,80.456,131554429850,1,Tuesday,,
2021-09-01,80.454,81.228,80.435,81.016,117467180140,2,Wednesday,,
2021-09-02,81.004,81.523,80.884,81.334,102752460040,3,Thursday,,
2021-09-03,81.331,82.025,81.251,81.727,126647580010,4,Friday,,
2021-09-06,81.7,81.832,81.544,81.698,113717449970,0,Monday,-0.027,-0.033
2021-09-07,81.684,81.989,81.284,81.446,130899979760,1,Tuesday,,
2021-09-08,81.388,81.646,80.97,81.172,130181379950,2,Wednesday,,
2021-09-09,81.164,81.26,80.772,80.782,131934249820,3,Thursday,,
2021-09-10,80.794,81.427,80.75,80.795,118537139990,4,Friday,,
2021-09-13,80.783,81.132,80.666,81.023,115455860140,0,Monday,-0.012,-0.0149
2021-09-14,81.004,81.149,80.171,80.272,135880599950,1,Tuesday,,
2021-09-15,80.249,80.346,79.827,80.174,120048970000,2,Wednesday,,
2021-09-16,80.174,80.366,79.747,79.914,127352399970,3,Thursday,,
2021-09-17,79.946,80.504,79.861,79.863,127246380050,4,Friday,,
2021-09-20,79.8,79.962,79.049,79.326,177772679780,0,Monday,-0.063,-0.0789
2021-09-21,79.282,79.831,78.858,78.952,150863559710,1,Tuesday,,
2021-09-22,78.949,79.943,78.844,79.525,171797759840,2,Wednesday,,
2021-09-23,79.44,80.595,79.353,80.446,143005299960,3,Thursday,,
2021-09-24,80.442,80.767,80.005,80.342,129294069840,4,Friday,,
2021-09-27,80.284,80.962,80.209,80.834,142790900040,0,Monday,-0.058,-0.0722
2021-09-28,80.819,81.31,80.485,80.617,196481250040,1,Tuesday,,
2021-09-29,80.617,80.928,80.182,80.321,170814900050,2,Wednesday,,
2021-09-30,80.321,80.903,80.266,80.409,185928910120,3,Thursday,,
2021-10-01,80.389,80.808,79.899,80.602,214409569920,4,Friday,,
2021-10-04,80.47,81.176,80.47,80.717,190674050180,0,Monday,-0.132,-0.1638
2021-10-05,80.756,81.346,80.548,81.255,163171029890,1,Tuesday,,
2021-10-06,81.248,81.402,80.57,80.997,201768229930,2,Wednesday,,
2021-10-07,80.996,81.67,80.974,81.591,153771680210,3,Thursday,,
2021-10-08,81.591,82.072,81.555,82.005,174671739870,4,Friday,,
2021-10-11,81.925,83.556,81.853,83.217,155259570060,0,Monday,-0.08,-0.0976
2021-10-12,83.217,83.8,83.01,83.475,183137020050,1,Tuesday,,
2021-10-13,83.47,83.71,83.118,83.55,176937929900,2,Wednesday,,
2021-10-14,83.537,84.401,83.509,84.293,128466959750,3,Thursday,,
2021-10-15,84.281,84.925,84.253,84.743,152066730060,4,Friday,,
2021-10-18,84.707,85.017,84.274,84.707,169611040190,0,Monday,-0.036,-0.0425
2021-10-19,84.7,85.54,84.66,85.444,149797229980,1,Tuesday,,
2021-10-20,85.423,85.969,85.396,85.81,152335590030,2,Wednesday,,
2021-10-21,85.833,86.254,84.888,85.093,160458990130,3,Thursday,,
2021-10-22,85.074,85.542,84.608,84.681,175469600180,4,Friday,,
2021-10-25,84.766,85.303,84.706,85.145,156752650060,0,Monday,0.085,0.1004
2021-10-26,85.135,85.92,85.099,85.597,140913709990,1,Tuesday,,
2021-10-27,85.569,86.057,85.047,85.551,178846129620,2,Wednesday,,
2021-10-28,85.501,85.707,85.113,85.662,193757529870,3,Thursday,,
2021-10-29,85.66,85.871,85.32,85.727,192481030260,4,Friday,,
2021-10-31,85.609,85.771,85.609,85.709,637460000,6,Sunday,,
2021-11-01,85.741,86.058,85.606,85.742,150255350020,0,Monday,0.032,0.0373
2021-11-02,85.738,85.909,84.495,84.665,161891140130,1,Tuesday,,
2021-11-03,84.661,84.982,84.498,84.91,172096460000,2,Wednesday,,
2021-11-04,84.907,85.206,83.895,84.169,187641260110,3,Thursday,,
2021-11-05,84.17,84.344,83.819,83.915,183470650100,4,Friday,,
2021-11-08,83.793,84.172,83.792,84.026,132071199980,0,Monday,-0.122,-0.1454
2021-11-09,84.022,84.07,83.117,83.247,174740870100,1,Tuesday,,
2021-11-10,83.241,83.955,82.993,83.435,202873560130,2,Wednesday,,
2021-11-11,83.399,83.661,83.114,83.146,143650209840,3,Thursday,,
2021-11-12,83.115,83.557,83.106,83.467,143874140000,4,Friday,,
2021-11-15,83.422,83.926,83.422,83.825,130148230190,0,Monday,-0.045,-0.0539
2021-11-16,83.823,84.159,83.694,83.837,159550419940,1,Tuesday,,
2021-11-17,83.83,83.912,82.817,82.875,168842949880,2,Wednesday,,
2021-11-18,82.875,83.258,82.683,83.124,150663809940,3,Thursday,,
2021-11-19,83.112,83.358,82.156,82.474,201967140110,4,Friday,,
2021-11-22,82.431,83.21,82.347,82.977,159169040070,0,Monday,-0.043,-0.0521
2021-11-23,82.972,83.249,82.652,83.197,193867569900,1,Tuesday,,
2021-11-24,83.19,83.236,82.739,83.039,178531620030,2,Wednesday,,
2021-11-25,83.026,83.196,82.792,82.912,126605630110,3,Thursday,,
2021-11-26,82.903,82.943,80.47,80.549,284451869690,4,Friday,,
2021-11-29,81.133,81.409,80.643,81.073,214581080200,0,Monday,0.584,0.725
2021-11-30,81.073,81.392,80.114,80.627,290059879960,1,Tuesday,,
2021-12-01,80.638,81.475,80.035,80.095,242129530010,2,Wednesday,,
2021-12-02,80.095,80.558,79.912,80.224,227387489820,3,Thursday,,
2021-12-03,80.209,80.393,78.787,78.862,219075590110,4,Friday,,
2021-12-06,78.964,80.053,78.959,79.981,155289780060,0,Monday,0.102,0.1293
2021-12-07,79.964,80.927,79.854,80.824,151722959960,1,Tuesday,,
2021-12-08,80.803,81.715,80.673,81.504,181004579770,2,Wednesday,,
2021-12-09,81.45,81.668,80.921,81.098,128623409910,3,Thursday,,
2021-12-10,81.066,81.555,80.827,81.279,148243110190,4,Friday,,
2021-12-13,81.102,81.487,80.702,80.922,116281869980,0,Monday,-0.177,-0.2178
2021-12-14,80.871,81.148,80.477,80.772,145005390090,1,Tuesday,,
2021-12-15,80.714,81.861,80.714,81.68,168924870050,2,Wednesday,,
2021-12-16,81.723,82.437,81.421,81.584,183745760030,3,Thursday,,
2021-12-17,81.584,81.748,80.93,80.93,183164140270,4,Friday,,
2021-12-20,80.986,81.092,80.27,80.778,189642660020,0,Monday,0.056,0.0692
2021-12-21,80.778,81.669,80.623,81.608,130554070010,1,Tuesday,,
2021-12-22,81.603,82.473,81.261,82.28,121829900070,2,Wednesday,,
2021-12-23,82.276,82.983,82.098,82.814,99923999830,3,Thursday,,
2021-12-24,82.814,82.871,82.484,82.5,127684009920,4,Friday,,
2021-12-27,82.646,83.223,82.139,83.103,62307499950,0,Monday,0.146,0.177
2021-12-28,83.094,83.436,82.87,82.953,82319119980,1,Tuesday,,
2021-12-29,82.938,83.497,82.794,83.284,104391139960,2,Wednesday,,
2021-12-30,83.267,83.757,83.243,83.361,96791820040,3,Thursday,,
2021-12-31,83.367,83.749,83.32,83.643,85214269910,4,Friday,,
2022-01-03,83.461,83.861,82.825,82.866,107084149940,0,Monday,-0.182,-0.2176
2022-01-04,82.882,84.174,82.851,84.035,141372579820,1,Tuesday,,
2022-01-05,84.057,84.296,83.76,83.838,154126370140,2,Wednesday,,
2022-01-06,83.815,83.884,82.683,82.933,165138090000,3,Thursday,,
2022-01-07,82.925,83.22,82.627,82.943,128257429800,4,Friday,,
2022-01-10,82.933,83.361,82.33,82.576,147755850050,0,Monday,-0.01,-0.0121
2022-01-11,82.589,83.219,82.575,83.116,149471069930,1,Tuesday,,
2022-01-12,83.115,83.676,83.03,83.494,146686440140,2,Wednesday,,
2022-01-13,83.481,83.744,82.999,83.134,155264729870,3,Thursday,,
2022-01-14,83.122,83.165,82.089,82.349,189054790250,4,Friday,,
2022-01-17,82.358,82.762,82.309,82.601,105909279930,0,Monday,0.009,0.0109
2022-01-18,82.631,82.961,82.16,82.323,196934959990,1,Tuesday,,
2022-01-19,82.306,82.794,82.078,82.427,178119329970,2,Wednesday,,
2022-01-20,82.413,82.97,82.403,82.424,182969799890,3,Thursday,,
2022-01-21,82.418,82.517,81.493,81.531,244436010200,4,Friday,,
2022-01-24,81.507,81.827,80.693,81.415,287875650160,0,Monday,-0.024,-0.0294
2022-01-25,81.415,81.779,81.041,81.361,293580730210,1,Tuesday,,
2022-01-26,81.415,82.15,81.218,81.561,269013510300,2,Wednesday,,
2022-01-27,81.553,81.758,80.913,81.119,330964969520,3,Thursday,,
2022-01-28,81.102,81.337,80.365,80.526,319585589860,4,Friday,,
2022-01-31,80.568,81.623,80.545,81.294,223135809980,0,Monday,0.042,0.0522
2022-02-01,81.294,81.785,80.901,81.717,228127529970,1,Tuesday,,
2022-02-02,81.715,81.988,81.381,81.66,194064830040,2,Wednesday,,
2022-02-03,81.651,82.282,81.382,82.052,248691710010,3,Thursday,,
2022-02-04,82.052,82.219,81.295,81.499,255202670150,4,Friday,,
2022-02-07,81.548,82.05,81.411,81.992,210121319930,0,Monday,0.049,0.0601
2022-02-08,81.99,82.575,81.939,82.549,189961209890,1,Tuesday,,
2022-02-09,82.541,83.053,82.46,82.893,162173860150,2,Wednesday,,
2022-02-10,82.893,83.988,82.728,83.113,273296049760,3,Thursday,,
2022-02-11,83.113,83.252,81.976,82.371,305212260000,4,Friday,,
2022-02-14,82.181,82.644,81.547,82.319,341881589840,0,Monday,-0.19,-0.2307
2022-02-15,82.319,82.727,81.889,82.662,222193940100,1,Tuesday,,
2022-02-16,82.657,83.174,82.626,83.056,208931160020,2,Wednesday,,
2022-02-17,83.058,83.338,82.336,82.579,283503620160,3,Thursday,,
2022-02-18,82.579,83.325,82.42,82.473,248093300210,4,Friday,,
2022-02-21,82.47,83.051,82.342,82.471,203098709920,0,Monday,-0.003,-0.0036
2022-02-22,82.476,83.187,82.121,83.044,306647689870,1,Tuesday,,
2022-02-23,83.046,83.833,83.042,83.163,198330719970,2,Wednesday,,
2022-02-24,83.164,83.182,82.012,82.716,493421319800,3,Thursday,,
2022-02-25,82.705,83.614,82.44,83.49,343949709650,4,Friday,,
2022-02-28,82.458,83.704,82.458,83.478,334636460020,0,Monday,-1.032,-1.2361
2022-03-01,83.474,83.859,83.099,83.296,279074430010,1,Tuesday,,
2022-03-02,83.276,84.439,83.256,84.273,302257230120,2,Wednesday,,
2022-03-03,84.257,84.933,84.12,84.595,248419739780,3,Thursday,,
2022-03-04,84.593,85.142,84.156,84.715,312193929910,4,Friday,,
2022-03-07,84.743,85.508,84.309,84.323,379904019810,0,Monday,0.028,0.0331
2022-03-08,84.316,84.836,83.809,84.029,353009609850,1,Tuesday,,
2022-03-09,84.029,84.981,83.997,84.758,264497500100,2,Wednesday,,
2022-03-10,84.764,85.534,84.573,85.397,259661910450,3,Thursday,,
2022-03-11,85.4,85.89,85.262,85.494,260817449940,4,Friday,,
2022-03-13,85.523,85.55,85.427,85.54,488190000,6,Sunday,,
2022-03-14,85.54,85.816,84.902,85.009,242573079970,0,Monday,0.0,0.0
2022-03-15,85.008,85.362,84.59,85.125,249069900460,1,Tuesday,,
2022-03-16,85.125,86.612,85.017,86.542,261783690060,2,Wednesday,,
2022-03-17,86.536,87.59,86.485,87.48,238582260330,3,Thursday,,
2022-03-18,87.475,88.375,87.383,88.287,192361739990,4,Friday,,
2022-03-20,88.165,88.285,88.158,88.177,388170000,6,Sunday,,
2022-03-21,88.168,88.495,87.832,88.34,185104479850,0,Monday,-0.009,-0.0102
2022-03-22,88.334,90.263,88.324,90.186,208447670040,1,Tuesday,,
2022-03-23,90.187,90.934,89.932,90.813,205737150050,2,Wednesday,,
2022-03-24,90.812,91.965,90.524,91.91,222573650080,3,Thursday,,
2022-03-25,91.91,92.011,91.058,91.679,250162370140,4,Friday,,
2022-03-28,91.51,94.312,91.503,92.727,356321259930,0,Monday,-0.169,-0.1843
2022-03-29,92.716,93.118,91.444,92.221,344429060270,1,Tuesday,,
2022-03-30,92.184,92.644,91.133,91.396,317978989930,2,Wednesday,,
2022-03-31,91.461,92.094,90.759,90.996,326864400200,3,Thursday,,
2022-04-01,90.941,92.324,90.941,91.835,278519989930,4,Friday,,
2022-04-04,91.828,92.744,91.568,92.599,221725450050,0,Monday,-0.007,-0.0076
2022-04-05,92.599,94.166,92.264,93.653,256124929900,1,Tuesday,,
2022-04-06,93.647,94.133,92.721,92.914,286685019910,2,Wednesday,,
2022-04-07,92.911,93.18,92.408,92.668,253561920220,3,Thursday,,
2022-04-08,92.638,92.896,92.462,92.694,234029160070,4,Friday,,
2022-04-11,92.487,93.616,92.46,92.969,274239580260,0,Monday,-0.207,-0.2233
2022-04-12,92.952,93.801,92.832,93.427,292339430220,1,Tuesday,,
2022-04-13,93.405,93.861,93.013,93.558,305823720310,2,Wednesday,,
2022-04-14,93.557,93.692,93.121,93.334,284552749600,3,Thursday,,
2022-04-15,93.326,93.783,93.302,93.374,254437289980,4,Friday,,
2022-04-18,93.416,93.723,93.076,93.288,198822549980,0,Monday,0.042,0.045
2022-04-19,93.27,95.135,93.253,95.046,324344879970,1,Tuesday,,
2022-04-20,95.047,95.741,94.752,95.23,376320350160,2,Wednesday,,
2022-04-21,95.25,95.584,94.404,94.598,314373949690,3,Thursday,,
2022-04-22,94.598,94.732,92.989,93.008,351140340320,4,Friday,,
2022-04-25,93.044,93.293,91.111,91.945,412441310030,0,Monday,0.036,0.0387
2022-04-26,91.929,92.584,90.578,90.579,389546369670,1,Tuesday,,
2022-04-27,90.572,91.982,90.439,91.48,370645190570,2,Wednesday,,
2022-04-28,91.45,93.522,91.332,92.824,410915840780,3,Thursday,,
2022-04-29,92.81,93.467,91.588,91.612,357768519780,4,Friday,,
2022-05-02,91.736,92.142,91.497,91.728,318818649950,0,Monday,0.124,0.1354
2022-05-03,91.728,92.937,91.664,92.332,273118460390,1,Tuesday,,
2022-05-04,92.327,93.829,92.259,93.67,274271620080,2,Wednesday,,
2022-05-05,93.664,94.024,92.295,92.547,394158649990,3,Thursday,,
2022-05-06,92.527,92.994,91.991,92.299,423178410440,4,Friday,,
2022-05-09,92.224,92.335,90.459,90.536,373687350180,0,Monday,-0.075,-0.0813
2022-05-10,90.516,91.155,89.745,90.47,435912879660,1,Tuesday,,
2022-05-11,90.464,91.765,89.777,90.129,384363479880,2,Wednesday,,
2022-05-12,90.029,90.306,87.307,87.911,470763690500,3,Thursday,,
2022-05-13,87.904,89.718,87.896,89.621,324667360150,4,Friday,,
2022-05-16,89.427,90.175,88.461,89.966,290215689800,0,Monday,-0.194,-0.2165
2022-05-17,89.978,91.166,89.789,90.903,286839899960,1,Tuesday,,
2022-05-18,90.903,91.168,89.087,89.152,279576999700,2,Wednesday,,
2022-05-19,89.142,90.529,88.992,90.051,414213120330,3,Thursday,,
2022-05-20,90.042,90.693,89.365,89.995,318513149770,4,Friday,,
2022-05-23,90.075,91.041,89.92,90.876,278581889610,0,Monday,0.08,0.0889
2022-05-24,90.882,90.909,89.239,90.093,297012980110,1,Tuesday,,
2022-05-25,90.053,90.513,89.304,90.191,300855370100,2,Wednesday,,
2022-05-26,90.167,90.655,89.645,90.194,249235259720,3,Thursday,,
2022-05-27,90.194,91.016,89.989,90.97,217964950270,4,Friday,,
2022-05-30,90.962,91.847,90.809,91.763,168265399600,0,Monday,-0.008,-0.0088
2022-05-31,91.747,92.522,91.581,92.278,276806940260,1,Tuesday,,
2022-06-01,92.269,93.615,92.269,93.343,264843139690,2,Wednesday,,
2022-06-02,93.292,94.38,92.841,94.279,212373480120,3,Thursday,,
2022-06-03,94.277,94.573,94.106,94.275,222174469940,4,Friday,,
2022-06-06,94.386,94.993,93.767,94.82,196674840150,0,Monday,0.111,0.1177
2022-06-07,94.804,96.135,94.788,95.84,272211099830,1,Tuesday,,
2022-06-08,95.818,96.878,95.741,96.479,274099590120,2,Wednesday,,
2022-06-09,96.473,96.771,95.293,95.317,324643309700,3,Thursday,,
2022-06-10,95.3,95.533,94.321,94.673,312212330380,4,Friday,,
2022-06-13,94.494,94.988,92.617,93.024,386103859620,0,Monday,-0.179,-0.1891
2022-06-14,93.038,93.894,92.424,93.036,423766229650,1,Tuesday,,
2022-06-15,93.009,93.934,92.94,93.688,411586020240,2,Wednesday,,
2022-06-16,93.688,94.537,91.962,93.089,467093299690,3,Thursday,,
2022-06-17,93.093,94.569,92.96,93.536,478213730250,4,Friday,,
2022-06-20,93.348,94.355,93.347,93.873,278776520210,0,Monday,-0.188,-0.201
2022-06-21,93.825,95.318,93.782,95.222,314703190200,1,Tuesday,,
2022-06-22,95.201,95.29,93.587,94.319,342618580260,2,Wednesday,,
2022-06-23,94.321,94.331,92.644,93.031,397432209650,3,Thursday,,
2022-06-24,93.034,94.021,92.781,93.832,299688119740,4,Friday,,
2022-06-27,93.639,94.06,92.969,93.738,327134449940,0,Monday,-0.193,-0.2057
2022-06-28,93.762,94.714,93.456,93.977,361297630130,1,Tuesday,,
2022-06-29,93.995,94.305,93.467,93.902,383484020370,2,Wednesday,,
2022-06-30,93.895,94.283,93.338,93.654,381018429980,3,Thursday,,
2022-07-01,93.651,93.785,91.421,92.08,410663630080,4,Friday,,
2022-07-04,92.101,93.286,91.587,93.086,231627039740,0,Monday,0.021,0.0228
2022-07-05,92.998,93.982,91.736,92.368,391933479720,1,Tuesday,,
2022-07-06,92.315,92.517,91.527,92.128,437011859850,2,Wednesday,,
2022-07-07,92.099,93.164,91.896,92.982,319990089900,3,Thursday,,
2022-07-08,92.965,93.479,92.329,93.246,368741480010,4,Friday,,
2022-07-11,93.156,93.689,92.303,92.509,304425180000,0,Monday,-0.09,-0.0965
2022-07-12,92.487,92.659,91.955,92.45,359983580230,1,Tuesday,,
2022-07-13,92.459,93.372,92.228,92.828,386251089900,2,Wednesday,,
2022-07-14,92.774,94.252,92.597,93.742,428516150380,3,Thursday,,
2022-07-15,93.714,94.265,93.151,94.033,330822789860,4,Friday,,
2022-07-18,94.003,94.635,93.933,94.093,293700460330,0,Monday,-0.03,-0.0319
2022-07-19,94.093,95.409,93.996,95.252,309840600130,1,Tuesday,,
2022-07-20,95.24,95.753,95.018,95.182,305125379730,2,Wednesday,,
2022-07-21,95.126,95.594,94.949,95.222,397440069840,3,Thursday,,
2022-07-22,95.206,95.38,94.049,94.167,390286159930,4,Friday,,
2022-07-25,94.264,95.184,93.889,94.998,302563079890,0,Monday,0.097,0.103
2022-07-26,95.023,95.268,94.568,94.903,264881060480,1,Tuesday,,
2022-07-27,94.922,95.69,94.747,95.465,304117339950,2,Wednesday,,
2022-07-28,95.418,95.527,93.568,93.8,379092839830,3,Thursday,,
2022-07-29,93.851,94.261,92.856,93.101,405208060090,4,Friday,,
2022-08-01,92.929,93.311,92.284,92.42,373372669690,0,Monday,-0.172,-0.1847
2022-08-02,92.45,92.592,90.52,92.131,497285900080,1,Tuesday,,
2022-08-03,92.132,93.219,91.717,92.976,411433690020,2,Wednesday,,
2022-08-04,92.979,93.803,92.527,92.581,352355959930,3,Thursday,,
2022-08-05,92.565,93.622,92.239,93.262,358707939580,4,Friday,,
2022-08-08,93.226,94.427,93.096,94.258,288388710370,0,Monday,-0.036,-0.0386
2022-08-09,94.152,94.388,93.896,94.049,220703789970,1,Tuesday,,
2022-08-10,94.014,94.295,93.468,94.039,317268300200,2,Wednesday,,
2022-08-11,94.064,94.599,93.849,94.458,319867300550,3,Thursday,,
2022-08-12,94.477,95.147,94.375,95.04,297058440080,4,Friday,,
2022-08-15,94.916,95.083,93.063,93.598,279274440040,0,Monday,-0.124,-0.1305
2022-08-16,93.598,94.473,93.076,94.213,278371959970,1,Tuesday,,
2022-08-17,94.211,94.379,93.553,93.627,331865860040,2,Wednesday,,
2022-08-18,93.627,94.184,93.37,93.937,330660790100,3,Thursday,,
2022-08-19,93.934,94.549,93.814,94.081,314775799950,4,Friday,,
2022-08-22,94.001,94.838,93.894,94.526,298031620210,0,Monday,-0.08,-0.085
2022-08-23,94.524,94.852,94.099,94.721,347216730480,1,Tuesday,,
2022-08-24,94.745,94.794,94.193,94.672,332866949820,2,Wednesday,,
2022-08-25,94.694,95.436,94.561,95.238,322956870040,3,Thursday,,
2022-08-26,95.229,95.767,94.618,94.893,363594239980,4,Friday,,
2022-08-29,94.689,95.92,94.684,95.71,383689550120,0,Monday,-0.204,-0.215
2022-08-30,95.685,96.2,94.973,95.069,364092390080,1,Tuesday,,
2022-08-31,95.086,95.566,94.89,95.039,351432010940,2,Wednesday,,
2022-09-01,95.041,95.37,94.76,95.142,401316890360,3,Thursday,,
2022-09-02,95.119,96.036,95.016,95.441,349390010070,4,Friday,,
2022-09-05,94.954,95.602,94.951,95.495,277606120130,0,Monday,-0.487,-0.5103
2022-09-06,95.52,96.517,95.483,96.153,386061040030,1,Tuesday,,
2022-09-07,96.121,97.397,95.995,97.277,483177439910,2,Wednesday,,
2022-09-08,97.22,97.492,96.638,97.268,444622090560,3,Thursday,,
2022-09-09,97.244,97.913,97.069,97.543,474590309520,4,Friday,,
2022-09-12,97.114,98.389,96.941,98.339,375206790150,0,Monday,-0.429,-0.4398
2022-09-13,98.35,98.588,97.187,97.247,419810740170,1,Tuesday,,
2022-09-14,97.259,97.603,95.981,96.553,486926049780,2,Wednesday,,
2022-09-15,96.535,97.13,96.092,96.138,341052729270,3,Thursday,,
2022-09-16,96.101,96.426,95.549,96.037,343163440030,4,Friday,,
2022-09-19,95.953,96.354,95.713,96.323,332699559690,0,Monday,-0.084,-0.0875
2022-09-20,96.308,96.538,95.885,96.081,278884550040,1,Tuesday,,
2022-09-21,96.081,96.258,95.431,95.458,445329219360,2,Wednesday,,
2022-09-22,95.466,96.407,93.561,94.567,547838540440,3,Thursday,,
2022-09-23,94.573,94.711,93.382,93.57,523147490010,4,Friday,,
2022-09-26,93.594,94.024,93.146,93.434,609212979050,0,Monday,0.024,0.0256
2022-09-27,93.396,93.958,92.906,93.153,534223439790,1,Tuesday,,
2022-09-28,93.114,94.027,92.124,93.98,605073879650,2,Wednesday,,
2022-09-29,93.98,94.036,93.118,93.842,565867650220,3,Thursday,,
2022-09-30,93.814,94.212,92.517,92.551,569115519860,4,Friday,,
2022-10-03,92.522,94.352,92.522,94.153,460668669930,0,Monday,-0.029,-0.0313
2022-10-04,94.146,94.691,93.203,93.685,469547879690,1,Tuesday,,
2022-10-05,93.661,94.083,92.926,93.824,440697399880,2,Wednesday,,
2022-10-06,93.794,94.533,92.631,92.961,510079950030,3,Thursday,,
2022-10-07,92.933,93.227,92.405,92.559,404679100530,4,Friday,,
2022-10-10,92.376,92.766,91.478,91.749,415328549970,0,Monday,-0.183,-0.1977
2022-10-11,91.751,92.326,91.074,91.419,427145659750,1,Tuesday,,
2022-10-12,91.452,92.416,91.289,92.193,463548560380,2,Wednesday,,
2022-10-13,92.193,92.823,90.837,92.7,457331450250,3,Thursday,,
2022-10-14,92.581,93.544,92.104,92.199,468890719970,4,Friday,,
2022-10-17,92.2,93.865,92.085,93.732,358769809900,0,Monday,0.001,0.0011
2022-10-18,93.728,94.409,93.14,94.113,405602220040,1,Tuesday,,
2022-10-19,94.12,94.396,93.688,93.949,363252190040,2,Wednesday,,
2022-10-20,93.926,95.154,93.37,94.259,412406319990,3,Thursday,,
2022-10-21,94.209,95.741,93.071,94.215,536614430190,4,Friday,,
2022-10-24,94.426,95.423,92.931,94.032,529571710010,0,Monday,0.211,0.224
2022-10-25,93.903,94.664,93.81,94.543,379785120290,1,Tuesday,,
2022-10-26,94.552,95.439,94.329,95.083,432002509790,2,Wednesday,,
2022-10-27,95.042,95.064,94.229,94.333,423217070420,3,Thursday,,
2022-10-28,94.346,94.905,94.131,94.495,371285849330,4,Friday,,
2022-10-30,94.383,94.64,94.383,94.552,390570000,6,Sunday,,
2022-10-31,94.552,95.164,94.439,95.118,299707340390,0,Monday,0.0,0.0
2022-11-01,95.123,95.558,94.501,94.783,323019980370,1,Tuesday,,
2022-11-02,94.783,94.84,93.747,93.836,388093259630,2,Wednesday,,
2022-11-03,93.857,94.064,92.959,93.175,350954920030,3,Thursday,,
2022-11-04,93.159,95.079,93.09,94.847,393879880370,4,Friday,,
2022-11-07,94.424,95.03,94.117,94.99,337214609510,0,Monday,-0.423,-0.446
2022-11-08,94.958,95.198,94.369,94.749,323018030180,1,Tuesday,,
2022-11-09,94.738,94.783,94.061,94.125,376758399880,2,Wednesday,,
2022-11-10,94.143,94.343,92.91,93.249,431502719800,3,Thursday,,
2022-11-11,93.263,94.246,92.595,93.051,532051980040,4,Friday,,
2022-11-14,93.197,94.29,92.908,93.702,362784830190,0,Monday,0.146,0.1569
2022-11-15,93.691,94.52,93.475,94.05,455214169990,1,Tuesday,,
2022-11-16,94.049,94.65,93.814,94.045,382749050470,2,Wednesday,,
2022-11-17,93.99,94.062,93.153,93.762,341158809950,3,Thursday,,
2022-11-18,93.71,94.091,93.227,93.623,324599039880,4,Friday,,
2022-11-21,93.528,94.079,93.183,93.81,300484320090,0,Monday,-0.095,-0.1015
2022-11-22,93.829,94.017,93.563,93.868,260805299900,1,Tuesday,,
2022-11-23,93.841,94.131,93.668,93.95,293741740180,2,Wednesday,,
2022-11-24,93.963,94.001,93.119,93.711,221427160230,3,Thursday,,
2022-11-25,93.669,94.056,93.612,93.835,241118869990,4,Friday,,
2022-11-28,93.498,93.701,92.143,92.357,320089209860,0,Monday,-0.337,-0.3591
2022-11-29,92.369,93.184,92.182,92.734,305995570450,1,Tuesday,,
2022-11-30,92.674,93.847,92.561,93.703,361011769950,2,Wednesday,,
2022-12-01,93.642,93.804,92.05,92.151,403986560140,3,Thursday,,
2022-12-02,92.102,92.234,91.128,91.192,366505310140,4,Friday,,
2022-12-05,91.208,92.192,91.018,91.572,318264769620,0,Monday,0.016,0.0175
2022-12-06,91.515,92.334,91.421,91.647,314425280320,1,Tuesday,,
2022-12-07,91.488,92.129,91.479,91.824,309745610140,2,Wednesday,,
2022-12-08,91.831,92.577,91.618,92.495,271043639940,3,Thursday,,
2022-12-09,92.49,92.899,91.873,92.77,310126010390,4,Friday,,
2022-12-12,92.634,92.971,92.386,92.84,297830350020,0,Monday,-0.136,-0.1466
2022-12-13,92.836,93.354,92.511,92.888,396449860250,1,Tuesday,,
2022-12-14,92.899,92.999,92.39,92.958,380506800440,2,Wednesday,,
2022-12-15,92.958,93.061,92.15,92.29,370573649880,3,Thursday,,
2022-12-16,92.295,92.398,91.214,91.326,303566019850,4,Friday,,
2022-12-19,91.05,91.956,91.05,91.717,266993530040,0,Monday,-0.276,-0.3022
2022-12-20,91.717,92.02,87.021,87.94,513556520270,1,Tuesday,,
2022-12-21,87.893,88.881,87.753,88.811,303945010240,2,Wednesday,,
2022-12-22,88.723,89.268,88.068,88.251,265301230240,3,Thursday,,
2022-12-23,88.168,89.293,88.106,89.107,215433149990,4,Friday,,
2022-12-26,89.016,89.426,88.429,89.221,48117269920,0,Monday,-0.091,-0.1021
2022-12-27,89.256,90.131,89.242,89.813,230477849930,1,Tuesday,,
2022-12-28,89.81,91.057,89.625,90.547,249845930030,2,Wednesday,,
2022-12-29,90.546,90.591,89.626,90.15,213671099890,3,Thursday,,
2022-12-30,90.036,90.131,89.013,89.275,265092669860,4,Friday,,
2023-01-02,88.817,89.274,88.768,88.793,87587189920,0,Monday,-0.458,-0.513
2023-01-03,88.849,89.318,87.409,88.09,383696539840,1,Tuesday,,
2023-01-04,88.093,90.876,88.024,90.636,412589759820,2,Wednesday,,
2023-01-05,90.575,90.979,89.809,90.045,343605569410,3,Thursday,,
2023-01-06,90.031,90.95,90.015,90.791,327808969920,4,Friday,,
2023-01-09,90.713,91.817,90.664,91.115,362257179800,0,Monday,-0.078,-0.0859
2023-01-10,91.107,91.302,90.78,91.11,328877650280,1,Tuesday,,
2023-01-11,91.006,91.669,90.983,91.449,264878069900,2,Wednesday,,
2023-01-12,91.401,91.5,89.893,90.039,430780259600,3,Thursday,,
2023-01-13,89.997,90.126,88.636,89.139,374049710120,4,Friday,,
2023-01-16,89.05,89.586,89.007,89.375,246903820060,0,Monday,-0.089,-0.0998
2023-01-17,89.315,89.871,89.219,89.46,319417670550,1,Tuesday,,
2023-01-18,89.47,91.916,89.335,89.433,464639219390,2,Wednesday,,
2023-01-19,89.436,89.453,88.112,88.708,314628219890,3,Thursday,,
2023-01-20,88.703,90.431,88.67,90.191,275255910060,4,Friday,,
2023-01-23,90.118,91.926,90.102,91.811,285277870640,0,Monday,-0.073,-0.0809
2023-01-24,91.79,91.925,91.254,91.691,219378230180,1,Tuesday,,
2023-01-25,91.685,92.782,91.41,91.978,237538360100,2,Wednesday,,
2023-01-26,92.02,92.813,91.64,92.62,276687720140,3,Thursday,,
2023-01-27,92.617,92.623,92.06,92.251,266439629720,4,Friday,,
2023-01-30,92.021,92.653,91.606,92.017,270682980310,0,Monday,-0.23,-0.2493
2023-01-31,92.018,92.125,91.085,91.731,283527199880,1,Tuesday,,
2023-02-01,91.726,92.235,91.203,91.982,324090229790,2,Wednesday,,
2023-02-02,91.982,92.158,90.873,91.013,340458600230,3,Thursday,,
2023-02-03,90.871,91.484,90.363,90.755,339689069860,4,Friday,,
2023-02-06,91.284,91.609,90.881,91.262,309709070310,0,Monday,0.529,0.5829
2023-02-07,91.245,91.944,90.718,91.142,374079059750,1,Tuesday,,
2023-02-08,91.13,91.548,90.905,90.95,287683140260,2,Wednesday,,
2023-02-09,90.931,91.578,90.898,91.221,282125270010,3,Thursday,,
2023-02-10,91.208,91.467,90.225,90.871,359934610580,4,Friday,,
2023-02-13,90.766,92.486,90.766,92.186,256265899820,0,Monday,-0.105,-0.1155
2023-02-14,92.184,93.036,91.802,92.916,387884111320,1,Tuesday,,
2023-02-15,92.916,92.997,91.919,92.581,296610040000,2,Wednesday,,
2023-02-16,92.566,92.728,91.95,92.111,314827689960,3,Thursday,,
2023-02-17,92.111,92.399,91.935,92.227,277788749840,4,Friday,,
2023-02-20,92.171,92.826,92.154,92.753,174870630250,0,Monday,-0.056,-0.0607
2023-02-21,92.638,93.009,92.363,92.483,282511079820,1,Tuesday,,
2023-02-22,92.461,92.686,91.677,91.817,293733879910,2,Wednesday,,
2023-02-23,91.67,92.286,91.421,91.681,251423990620,3,Thursday,,
2023-02-24,91.687,91.932,91.281,91.723,300332459960,4,Friday,,
2023-02-27,91.777,91.916,91.327,91.753,219197269840,0,Monday,0.054,0.0589
2023-02-28,91.752,92.192,91.542,91.583,232521550030,1,Tuesday,,
2023-03-01,91.597,92.22,91.274,92.026,284224329830,2,Wednesday,,
2023-03-02,92.024,92.162,91.777,92.021,260315249770,3,Thursday,,
2023-03-03,92.009,92.243,91.774,91.895,231375389830,4,Friday,,
2023-03-06,91.704,91.91,91.366,91.442,215936870040,0,Monday,-0.191,-0.2078
2023-03-07,91.452,91.734,90.207,90.266,272123109860,1,Tuesday,,
2023-03-08,90.259,90.922,90.168,90.461,241455639950,2,Wednesday,,
2023-03-09,90.424,90.509,89.538,89.703,211933430300,3,Thursday,,
2023-03-10,89.703,90.251,88.628,88.779,406248239600,4,Friday,,
2023-03-12,88.951,88.952,88.382,88.403,1864580000,6,Sunday,,
2023-03-13,88.403,89.824,87.791,88.786,556017389800,0,Monday,0.0,0.0
2023-03-14,88.78,90.095,88.546,89.675,418418149670,1,Tuesday,,
2023-03-15,89.677,90.192,87.348,88.164,495171129940,2,Wednesday,,
2023-03-16,88.164,89.083,87.391,88.9,432233820530,3,Thursday,,
2023-03-17,88.9,89.502,88.081,88.211,323051039770,4,Friday,,
2023-03-19,88.5,88.537,88.287,88.537,885200000,6,Sunday,,
2023-03-20,88.515,89.234,87.13,88.177,323459050210,0,Monday,-0.022,-0.0248
2023-03-21,88.173,88.503,87.708,88.327,218113619940,1,Tuesday,,
2023-03-22,88.319,89.0,87.594,87.788,254443880050,2,Wednesday,,
2023-03-23,87.783,88.375,86.921,87.489,296855040070,3,Thursday,,
2023-03-24,87.493,87.497,86.056,86.811,285265990300,4,Friday,,
2023-03-27,86.826,87.539,86.643,87.463,200325340090,0,Monday,0.015,0.0173
2023-03-28,87.463,87.88,87.148,87.797,188402330050,1,Tuesday,,
2023-03-29,87.737,88.829,87.689,88.781,198112030220,2,Wednesday,,
2023-03-30,88.774,89.086,88.391,89.015,187259120010,3,Thursday,,
2023-03-31,88.921,89.68,88.624,88.727,221136080010,4,Friday,,
2023-04-03,89.107,90.051,88.553,89.803,217607660120,0,Monday,0.38,0.4283
2023-04-04,89.673,90.162,88.58,88.885,211312699970,1,Tuesday,,
2023-04-05,88.878,89.195,87.639,88.203,214266299930,2,Wednesday,,
2023-04-06,88.101,88.235,87.591,87.863,164630340010,3,Thursday,,
2023-04-07,87.863,88.254,87.765,88.024,100238579860,4,Friday,,
2023-04-10,87.867,88.755,87.848,88.713,140247850270,0,Monday,-0.157,-0.1784
2023-04-11,88.713,89.126,88.448,88.921,158221589890,1,Tuesday,,
2023-04-12,88.908,89.36,88.819,89.083,200086280140,2,Wednesday,,
2023-04-13,88.982,90.17,88.97,89.893,179530359870,3,Thursday,,
2023-04-14,89.893,90.086,89.507,89.715,200257119710,4,Friday,,
2023-04-17,89.667,90.156,89.586,90.08,157127689980,0,Monday,-0.048,-0.0535
2023-04-18,90.004,90.511,89.973,90.194,169512199960,1,Tuesday,,
2023-04-19,90.147,90.585,90.007,90.396,174306689920,2,Wednesday,,
2023-04-20,90.393,90.778,90.248,90.467,160140570050,3,Thursday,,
2023-04-21,90.474,90.533,89.397,89.695,158903029810,4,Friday,,
2023-04-24,89.695,90.047,89.423,89.843,126753229950,0,Monday,0.0,0.0
2023-04-25,89.843,90.023,88.254,88.562,155802859930,1,Tuesday,,
2023-04-26,88.567,88.755,87.868,88.186,197113410130,2,Wednesday,,
2023-04-27,88.175,88.856,88.133,88.79,165761680090,3,Thursday,,
2023-04-28,88.79,90.213,88.431,90.107,232885940220,4,Friday,,
2023-05-01,89.987,91.329,89.987,91.153,127418949970,0,Monday,-0.12,-0.1332
2023-05-02,91.146,92.434,90.853,90.936,207891860350,1,Tuesday,,
2023-05-03,90.936,91.064,89.831,89.831,199805570200,2,Wednesday,,
2023-05-04,89.775,90.12,89.161,89.87,243982899940,3,Thursday,,
2023-05-05,89.801,91.091,89.788,90.995,150842960320,4,Friday,,
2023-05-08,90.944,91.874,90.924,91.607,115998380220,0,Monday,-0.051,-0.056
2023-05-09,91.533,91.736,91.094,91.415,128200420010,1,Tuesday,,
2023-05-10,91.41,91.686,90.504,91.008,177172179990,2,Wednesday,,
2023-05-11,91.004,91.152,89.792,90.157,181124360040,3,Thursday,,
2023-05-12,90.106,90.407,89.911,90.115,135701380160,4,Friday,,
2023-05-15,90.152,91.315,90.094,91.173,122234240160,0,Monday,0.037,0.0411
2023-05-16,91.172,91.258,90.548,90.735,131087590080,1,Tuesday,,
2023-05-17,90.729,91.786,90.659,91.657,133454490290,2,Wednesday,,
2023-05-18,91.656,91.893,91.074,91.822,142268450100,3,Thursday,,
2023-05-19,91.821,92.352,91.477,91.735,166822390140,4,Friday,,
2023-05-22,91.657,92.225,91.377,92.182,136892500040,0,Monday,-0.078,-0.085
2023-05-23,92.182,92.348,91.464,91.569,147307050100,1,Tuesday,,
2023-05-24,91.568,91.672,90.761,91.231,157442659850,2,Wednesday,,
2023-05-25,91.219,91.255,90.752,91.074,162690070280,3,Thursday,,
2023-05-26,91.073,91.715,90.797,91.621,146484680060,4,Friday,,
2023-05-29,91.695,92.008,91.564,91.785,61474949990,0,Monday,0.074,0.0808
2023-05-30,91.787,91.942,90.885,91.076,149529249830,1,Tuesday,,
2023-05-31,91.069,91.405,90.259,90.59,160266100020,2,Wednesday,,
2023-06-01,90.554,91.347,90.293,91.153,143992319900,3,Thursday,,
2023-06-02,91.099,92.559,91.09,92.428,135224070130,4,Friday,,
2023-06-05,92.36,92.655,92.132,92.344,124314099960,0,Monday,-0.068,-0.0736
2023-06-06,92.339,93.26,92.134,93.12,128515800020,1,Tuesday,,
2023-06-07,93.122,93.523,92.775,93.171,131616330100,2,Wednesday,,
2023-06-08,93.171,93.444,92.975,93.277,123531470080,3,Thursday,,
2023-06-09,93.281,94.095,92.985,93.948,119162120080,4,Friday,,
2023-06-12,93.815,94.415,93.728,94.214,104973930010,0,Monday,-0.133,-0.1416
2023-06-13,94.214,95.05,93.972,94.852,145143190220,1,Tuesday,,
2023-06-14,94.847,95.281,94.592,95.149,146339670190,2,Wednesday,,
2023-06-15,95.149,96.727,95.075,96.512,170338820240,3,Thursday,,
2023-06-16,96.494,97.569,96.236,97.545,175706749870,4,Friday,,
2023-06-19,97.481,97.673,96.726,97.231,95178499920,0,Monday,-0.064,-0.0656
2023-06-20,97.215,97.411,95.568,95.933,154146219960,1,Tuesday,,
2023-06-21,95.917,96.466,95.777,96.422,164050150080,2,Wednesday,,
2023-06-22,96.408,96.761,95.779,96.673,155390460080,3,Thursday,,
2023-06-23,96.63,96.845,95.253,95.935,166581619970,4,Friday,,
2023-06-26,95.862,96.088,95.371,95.771,133548340120,0,Monday,-0.073,-0.0761
2023-06-27,95.642,96.495,95.624,96.325,147776550090,1,Tuesday,,
2023-06-28,96.324,96.33,95.15,95.329,151871430000,2,Wednesday,,
2023-06-29,95.321,96.009,95.162,95.76,160765089860,3,Thursday,,
2023-06-30,95.742,96.292,95.596,96.133,163838819840,4,Friday,,
2023-07-03,96.052,96.614,95.994,96.489,129942579910,0,Monday,-0.081,-0.0843
2023-07-04,96.466,96.828,96.062,96.634,79291370020,1,Tuesday,,
2023-07-05,96.549,96.829,96.057,96.241,127186979860,2,Wednesday,,
2023-07-06,96.241,96.31,95.294,95.43,173809140000,3,Thursday,,
2023-07-07,95.426,95.587,94.697,95.054,166035379890,4,Friday,,
2023-07-10,94.903,95.471,94.109,94.312,142370859950,0,Monday,-0.151,-0.1589
2023-07-11,94.31,94.607,93.469,93.841,162486139820,1,Tuesday,,
2023-07-12,93.841,94.211,93.224,94.005,201368080060,2,Wednesday,,
2023-07-13,93.812,95.31,93.812,95.081,180111890180,3,Thursday,,
2023-07-14,95.077,95.382,94.545,94.873,186200540170,4,Friday,,
2023-07-17,94.7,94.928,94.015,94.522,134549720060,0,Monday,-0.173,-0.1823
2023-07-18,94.512,94.781,93.773,94.537,184692689790,1,Tuesday,,
2023-07-19,94.539,94.831,94.199,94.522,173495019840,2,Wednesday,,
2023-07-20,94.368,95.421,94.368,94.931,181017479850,3,Thursday,,
2023-07-21,94.923,95.782,94.648,95.378,167516219900,4,Friday,,
2023-07-24,95.295,95.478,94.853,95.305,163085319940,0,Monday,-0.083,-0.087
2023-07-25,95.285,95.856,95.079,95.642,157031119940,1,Tuesday,,
2023-07-26,95.642,95.725,94.421,94.75,184068510010,2,Wednesday,,
2023-07-27,94.742,95.418,92.959,93.532,214869570090,3,Thursday,,
2023-07-28,93.415,94.212,91.786,93.819,269814780320,4,Friday,,
2023-07-31,93.7,95.828,93.644,95.533,182996749970,0,Monday,-0.119,-0.1268
2023-08-01,95.506,95.811,94.555,94.793,157475959890,1,Tuesday,,
2023-08-02,94.794,94.899,93.588,93.694,174320219790,2,Wednesday,,
2023-08-03,93.694,94.085,92.963,93.3,207650260070,3,Thursday,,
2023-08-04,93.227,93.927,93.053,93.074,181787769940,4,Friday,,
2023-08-07,93.026,93.686,93.021,93.646,124943869990,0,Monday,-0.048,-0.0516
2023-08-08,93.631,93.977,92.9,93.801,161953129790,1,Tuesday,,
2023-08-09,93.791,94.11,93.523,93.824,145945180070,2,Wednesday,,
2023-08-10,93.824,94.935,93.706,94.238,172363990000,3,Thursday,,
2023-08-11,94.276,94.589,94.016,94.089,142782570100,4,Friday,,
2023-08-14,94.002,94.437,93.573,94.394,143915870100,0,Monday,-0.087,-0.0925
2023-08-15,94.386,94.86,93.926,93.933,176721850160,1,Tuesday,,
2023-08-16,93.929,94.287,93.635,93.994,160537689830,2,Wednesday,,
2023-08-17,93.988,94.001,93.212,93.355,171766380030,3,Thursday,,
2023-08-18,93.337,93.556,92.788,93.084,155415840000,4,Friday,,
2023-08-21,93.043,93.908,92.83,93.76,135098939870,0,Monday,-0.041,-0.044
2023-08-22,93.759,94.057,93.503,93.672,136081189980,1,Tuesday,,
2023-08-23,93.672,93.955,93.223,93.83,144636230000,2,Wednesday,,
2023-08-24,93.83,94.176,93.509,93.559,138340780040,3,Thursday,,
2023-08-25,93.559,93.977,93.466,93.71,146820450040,4,Friday,,
2023-08-28,93.742,94.331,93.742,94.193,104594269980,0,Monday,0.032,0.0341
2023-08-29,94.192,94.595,94.009,94.509,147994920040,1,Tuesday,,
2023-08-30,94.521,95.063,94.169,94.673,148517680190,2,Wednesday,,
2023-08-31,94.67,94.938,94.033,94.354,156877069850,3,Thursday,,
2023-09-01,94.354,94.421,93.853,94.263,154945789900,4,Friday,,
2023-09-04,94.105,94.716,94.086,94.614,69210660060,0,Monday,-0.158,-0.1676
2023-09-05,94.614,94.706,93.588,94.207,145928269890,1,Tuesday,,
2023-09-06,94.204,94.331,93.855,94.214,150251309870,2,Wednesday,,
2023-09-07,94.213,94.316,93.705,93.889,125563829880,3,Thursday,,
2023-09-08,93.851,94.456,93.583,94.247,126454870040,4,Friday,,
2023-09-11,93.856,94.459,93.603,94.195,163089290160,0,Monday,-0.391,-0.4149
2023-09-12,94.137,94.56,94.053,94.494,114716230170,1,Tuesday,,
2023-09-13,94.471,94.826,94.168,94.673,146697219740,2,Wednesday,,
2023-09-14,94.636,95.042,94.5,94.948,142858660070,3,Thursday,,
2023-09-15,94.948,95.545,94.744,95.05,119911620000,4,Friday,,
2023-09-18,95.029,95.251,94.787,94.998,90308150010,0,Monday,-0.021,-0.0221
2023-09-19,94.997,95.634,94.92,95.402,98073899950,1,Tuesday,,
2023-09-20,95.373,96.064,95.299,95.625,136115290140,2,Wednesday,,
2023-09-21,95.589,95.674,94.534,94.662,136239320050,3,Thursday,,
2023-09-22,94.656,95.824,94.539,95.513,143257939950,4,Friday,,
2023-09-25,95.413,95.711,95.178,95.619,103008449980,0,Monday,-0.1,-0.1047
2023-09-26,95.611,95.767,95.221,95.339,129527090080,1,Tuesday,,
2023-09-27,95.266,95.46,94.719,95.035,133239519990,2,Wednesday,,
2023-09-28,95.035,95.967,94.818,95.926,156131259740,3,Thursday,,
2023-09-29,95.652,96.92,95.652,96.047,163960569950,4,Friday,,
2023-10-02,96.069,96.414,95.274,95.336,128883700000,0,Monday,0.022,0.0229
2023-10-03,95.334,95.402,93.016,93.871,173589819860,1,Tuesday,,
2023-10-04,93.873,94.398,93.787,94.306,181275150140,2,Wednesday,,
2023-10-05,94.276,94.693,94.072,94.591,166602990060,3,Thursday,,
2023-10-06,94.574,95.556,94.331,95.3,171090979860,4,Friday,,
2023-10-09,94.775,95.263,94.618,95.183,122293870140,0,Monday,-0.525,-0.5509
2023-10-10,95.187,95.654,95.125,95.626,162995610070,1,Tuesday,,
2023-10-11,95.622,95.729,95.365,95.654,152692740030,2,Wednesday,,
2023-10-12,95.651,95.825,94.454,94.574,137292050160,3,Thursday,,
2023-10-13,94.567,94.883,94.047,94.146,138638930020,4,Friday,,
2023-10-16,94.114,94.904,94.083,94.811,113111799890,0,Monday,-0.032,-0.034
2023-10-17,94.804,95.502,94.566,95.327,138521789900,1,Tuesday,,
2023-10-18,95.327,95.662,94.837,94.977,131768559820,2,Wednesday,,
2023-10-19,94.977,95.165,94.314,94.785,164311860130,3,Thursday,,
2023-10-20,94.776,94.799,94.408,94.559,122887069930,4,Friday,,
2023-10-23,94.586,95.018,94.314,94.831,106542129990,0,Monday,0.027,0.0286
2023-10-24,94.818,95.372,94.689,95.243,126562059990,1,Tuesday,,
2023-10-25,95.238,95.896,94.572,94.748,123420080170,2,Wednesday,,
2023-10-26,94.709,95.202,94.243,95.04,167197479930,3,Thursday,,
2023-10-27,95.036,95.366,94.674,94.759,134471829970,4,Friday,,
2023-10-29,94.661,94.796,94.658,94.772,1438610010,6,Sunday,,
2023-10-30,94.77,95.524,94.761,94.933,117187900090,0,Monday,-0.002,-0.0021
2023-10-31,94.943,96.161,94.845,96.083,155151700330,1,Tuesday,,
2023-11-01,96.082,96.567,95.607,96.547,163149760300,2,Wednesday,,
2023-11-02,96.552,96.928,96.501,96.786,143001419900,3,Thursday,,
2023-11-03,96.785,97.318,96.575,97.245,143588320080,4,Friday,,
2023-11-06,97.133,97.506,97.106,97.364,111364660040,0,Monday,-0.112,-0.1152
2023-11-07,97.359,97.592,96.407,96.742,117547780050,1,Tuesday,,
2023-11-08,96.735,97.095,96.617,96.632,111916670040,2,Wednesday,,
2023-11-09,96.626,97.003,96.307,96.338,131499470290,3,Thursday,,
2023-11-10,96.34,96.419,96.032,96.322,109690880160,4,Friday,,
2023-11-13,96.207,96.857,96.162,96.731,86123109910,0,Monday,-0.115,-0.1194
2023-11-14,96.73,97.939,96.474,97.831,131084630080,1,Tuesday,,
2023-11-15,97.812,98.584,97.642,98.477,150927330100,2,Wednesday,,
2023-11-16,98.476,98.571,97.241,97.466,135789350210,3,Thursday,,
2023-11-17,97.396,97.54,96.926,97.459,143160100080,4,Friday,,
2023-11-20,97.257,97.726,97.017,97.264,157755779860,0,Monday,-0.202,-0.2073
2023-11-21,97.256,97.421,96.827,97.261,162752880160,1,Tuesday,,
2023-11-22,97.26,97.927,97.08,97.826,161210409750,2,Wednesday,,
2023-11-23,97.771,98.192,97.656,98.011,81378199970,3,Thursday,,
2023-11-24,98.002,98.54,97.954,98.333,93038989980,4,Friday,,
2023-11-27,98.245,98.494,97.809,98.212,133892100040,0,Monday,-0.088,-0.0895
2023-11-28,98.211,98.378,97.881,98.034,162607870310,1,Tuesday,,
2023-11-29,98.03,98.048,97.339,97.415,187211769760,2,Wednesday,,
2023-11-30,97.416,98.099,97.233,97.86,198767999990,3,Thursday,,
2023-12-01,97.86,98.068,97.691,97.924,180457179650,4,Friday,,
2023-12-04,97.763,97.945,97.195,97.433,189468979920,0,Monday,-0.161,-0.1644
2023-12-05,97.43,97.513,96.263,96.393,188479499740,1,Tuesday,,
2023-12-06,96.393,97.172,96.283,96.453,153243870050,2,Wednesday,,
2023-12-07,96.446,96.492,93.691,95.126,234677620070,3,Thursday,,
2023-12-08,95.113,95.595,94.163,95.327,277895980390,4,Friday,,
2023-12-11,95.137,96.145,95.136,95.967,158347360000,0,Monday,-0.19,-0.1993
2023-12-12,95.967,96.013,95.289,95.383,167116870150,1,Tuesday,,
2023-12-13,95.387,95.66,95.133,95.144,198923699960,2,Wednesday,,
2023-12-14,95.138,95.505,94.57,95.007,292610529960,3,Thursday,,
2023-12-15,95.006,95.441,94.718,95.25,212753959890,4,Friday,,
2023-12-18,95.09,96.14,95.09,95.717,156090560200,0,Monday,-0.16,-0.168
2023-12-19,95.704,97.582,95.48,97.258,197221159910,1,Tuesday,,
2023-12-20,97.256,97.4,96.602,96.602,214562360170,2,Wednesday,,
2023-12-21,96.602,96.765,96.325,96.633,206943870110,3,Thursday,,
2023-12-22,96.626,97.01,96.358,96.829,204932490430,4,Friday,,
2023-12-25,96.753,96.902,96.243,96.785,4906790010,0,Monday,-0.076,-0.0785
2023-12-26,96.721,97.232,96.533,97.173,67409690080,1,Tuesday,,
2023-12-27,97.173,97.591,96.888,97.107,111256040070,2,Wednesday,,
2023-12-28,97.08,97.235,96.098,96.525,136977309860,3,Thursday,,
2023-12-29,96.483,96.857,95.953,96.029,136948840300,4,Friday,,
2024-01-02,95.872,96.713,95.836,95.969,148699390130,1,Tuesday,,
2024-01-03,95.904,96.596,95.871,96.411,178960040380,2,Wednesday,,
2024-01-04,96.208,97.196,96.186,96.987,172285300000,3,Thursday,,
2024-01-05,96.986,97.392,96.843,97.106,205002580030,4,Friday,,
2024-01-08,96.928,97.288,96.455,96.909,152339199960,0,Monday,-0.178,-0.1833
2024-01-09,96.9,96.909,96.143,96.601,160226850240,1,Tuesday,,
2024-01-10,96.516,97.68,96.452,97.637,137099150030,2,Wednesday,,
2024-01-11,97.612,97.796,97.075,97.135,196985520170,3,Thursday,,
2024-01-12,97.097,97.449,96.819,96.878,171249180120,4,Friday,,
2024-01-15,96.847,97.233,96.815,97.023,92382029960,0,Monday,-0.031,-0.032
2024-01-16,96.921,97.057,96.581,96.891,191551949910,1,Tuesday,,
2024-01-17,96.887,97.14,96.643,97.055,183489850050,2,Wednesday,,
2024-01-18,97.05,97.39,96.691,97.362,164698230150,3,Thursday,,
2024-01-19,97.352,97.76,97.249,97.644,152915919820,4,Friday,,
2024-01-22,97.613,97.88,97.238,97.283,142729569920,0,Monday,-0.031,-0.0317
2024-01-23,97.269,97.814,97.093,97.559,168185049850,1,Tuesday,,
2024-01-24,97.484,97.625,96.914,96.953,180104699910,2,Wednesday,,
2024-01-25,96.906,97.357,96.811,97.198,168555180010,3,Thursday,,
2024-01-26,97.201,97.658,97.067,97.352,138244670170,4,Friday,,
2024-01-29,97.33,97.698,97.257,97.489,123672449890,0,Monday,-0.022,-0.0226
2024-01-30,97.486,97.583,97.063,97.437,140511240010,1,Tuesday,,
2024-01-31,97.42,97.45,96.435,96.443,239494399750,2,Wednesday,,
2024-02-01,96.442,96.592,95.5,96.215,216685190040,3,Thursday,,
2024-02-02,96.215,96.922,96.126,96.561,175673929890,4,Friday,,
2024-02-05,96.59,96.744,96.21,96.376,159305149940,0,Monday,0.029,0.03
2024-02-06,96.359,96.8,96.271,96.495,154037339870,1,Tuesday,,
2024-02-07,96.494,96.789,96.424,96.603,150185340170,2,Wednesday,,
2024-02-08,96.563,97.035,96.481,96.924,146182589970,3,Thursday,,
2024-02-09,96.917,97.458,96.851,97.357,139852749950,4,Friday,,
2024-02-12,97.303,97.674,97.132,97.521,107644190020,0,Monday,-0.054,-0.0555
2024-02-13,97.532,97.605,97.157,97.304,144229770190,1,Tuesday,,
2024-02-14,97.294,97.783,97.061,97.689,138142920260,2,Wednesday,,
2024-02-15,97.683,97.85,97.316,97.8,148245839940,3,Thursday,,
2024-02-16,97.761,98.256,97.699,98.083,143938529930,4,Friday,,
2024-02-19,97.959,98.226,97.959,98.144,73508530040,0,Monday,-0.124,-0.1264
2024-02-20,98.145,98.613,98.0,98.226,131672900080,1,Tuesday,,
2024-02-21,98.221,98.59,98.109,98.457,145470630080,2,Wednesday,,
2024-02-22,98.44,99.019,98.367,98.696,138185180070,3,Thursday,,
2024-02-23,98.695,99.056,98.604,98.68,106445450070,4,Friday,,
2024-02-26,98.755,98.836,98.464,98.551,99107169990,0,Monday,0.075,0.076
2024-02-27,98.548,98.621,98.204,98.463,104903800110,1,Tuesday,,
2024-02-28,98.467,98.55,97.811,97.863,110418839990,2,Wednesday,,
2024-02-29,97.859,97.866,97.345,97.384,151881150020,3,Thursday,,
2024-03-01,97.352,98.086,97.352,97.949,129600760100,4,Friday,,
2024-03-04,97.829,98.143,97.829,97.93,88662499990,0,Monday,-0.12,-0.1225
2024-03-05,97.931,97.982,97.402,97.54,114354879880,1,Tuesday,,
2024-03-06,97.531,98.212,97.38,98.015,127252239970,2,Wednesday,,
2024-03-07,98.012,98.076,97.433,97.989,144906699910,3,Thursday,,
2024-03-08,97.975,98.152,97.274,97.422,155626230210,4,Friday,,
2024-03-10,97.295,97.478,97.286,97.422,1868419990,6,Sunday,,
2024-03-11,97.422,97.434,96.895,97.162,121038360160,0,Monday,0.0,0.0
2024-03-12,97.163,97.701,97.008,97.516,154718579950,1,Tuesday,,
2024-03-13,97.516,97.959,97.24,97.742,117006749870,2,Wednesday,,
2024-03-14,97.743,97.937,97.422,97.587,137974789990,3,Thursday,,
2024-03-15,97.587,97.971,97.268,97.773,115824740090,4,Friday,,
2024-03-17,97.674,97.775,97.674,97.768,602720000,6,Sunday,,
2024-03-18,97.768,98.046,97.64,97.787,94896000010,0,Monday,0.0,0.0
2024-03-19,97.787,98.611,97.556,98.492,146948030070,1,Tuesday,,
2024-03-20,98.486,99.658,98.484,99.483,135488289730,2,Wednesday,,
2024-03-21,99.489,100.168,99.281,99.59,161691370170,3,Thursday,,
2024-03-22,99.592,99.707,98.512,98.63,126702649990,4,Friday,,
2024-03-24,98.472,98.67,98.472,98.618,1188100000,6,Sunday,,
2024-03-25,98.607,99.089,98.474,99.003,102495600060,0,Monday,-0.011,-0.0112
2024-03-26,99.001,99.244,98.869,98.916,88755950060,1,Tuesday,,
2024-03-27,98.917,99.02,98.479,98.757,124995610130,2,Wednesday,,
2024-03-28,98.76,98.933,98.17,98.604,112659510240,3,Thursday,,
2024-03-29,98.604,98.788,98.412,98.429,63848499980,4,Friday,,
2024-04-01,98.494,98.948,98.265,98.396,64727310040,0,Monday,0.065,0.066
2024-04-02,98.396,98.823,98.256,98.761,94338249940,1,Tuesday,,
2024-04-03,98.762,99.645,98.581,99.566,99621760010,2,Wednesday,,
2024-04-04,99.557,100.397,99.434,99.684,91489179950,3,Thursday,,
2024-04-05,99.683,99.832,99.195,99.702,126759789920,4,Friday,,
2024-04-08,99.524,100.319,99.512,100.232,97907759960,0,Monday,-0.178,-0.1785
2024-04-09,100.225,100.806,100.171,100.564,86581119990,1,Tuesday,,
2024-04-10,100.56,100.642,99.386,99.717,149334180200,2,Wednesday,,
2024-04-11,99.714,100.24,99.395,100.181,141899340100,3,Thursday,,
2024-04-12,100.176,100.241,98.732,99.045,130809430070,4,Friday,,
2024-04-15,98.905,100.017,98.871,99.364,148606989940,0,Monday,-0.14,-0.1413
2024-04-16,99.342,99.386,98.63,99.01,163651180090,1,Tuesday,,
2024-04-17,98.995,99.532,98.954,99.329,134513339870,2,Wednesday,,
2024-04-18,99.317,99.584,99.141,99.287,129340290040,3,Thursday,,
2024-04-19,99.275,99.403,97.774,99.175,187830589850,4,Friday,,
2024-04-22,99.03,99.908,99.012,99.846,95227530070,0,Monday,-0.145,-0.1462
2024-04-23,99.844,100.444,99.706,100.409,103906400050,1,Tuesday,,
2024-04-24,100.409,101.016,100.215,100.867,102528040020,2,Wednesday,,
2024-04-25,100.811,101.651,100.735,101.448,116274910020,3,Thursday,,
2024-04-26,101.447,103.474,101.361,103.394,148431629870,4,Friday,,
2024-04-29,103.017,104.937,101.359,102.632,243974419960,0,Monday,-0.377,-0.3646
2024-04-30,102.632,102.898,102.109,102.122,141077200020,1,Tuesday,,
2024-05-01,102.125,102.751,99.902,100.777,152994590140,2,Wednesday,,
2024-05-02,100.823,102.043,100.461,100.805,225204980080,3,Thursday,,
2024-05-03,100.759,101.22,100.454,101.111,181670790090,4,Friday,,
2024-05-06,101.13,102.048,100.933,101.932,84615480080,0,Monday,0.019,0.0188
2024-05-07,101.927,102.466,101.578,102.041,114509790180,1,Tuesday,,
2024-05-08,102.036,102.387,101.82,102.287,88842340010,2,Wednesday,,
2024-05-09,102.221,102.946,102.047,102.868,92060209910,3,Thursday,,
2024-05-10,102.782,103.049,102.769,102.793,86086549920,4,Friday,,
2024-05-13,102.728,103.266,102.592,103.199,72258169900,0,Monday,-0.065,-0.0632
2024-05-14,103.187,103.698,103.056,103.631,87862700020,1,Tuesday,,
2024-05-15,103.625,104.036,103.139,103.646,129350490090,2,Wednesday,,
2024-05-16,103.64,103.81,102.797,103.749,131174849990,3,Thursday,,
2024-05-17,103.735,104.297,103.623,104.151,81773750080,4,Friday,,
2024-05-20,104.05,104.563,103.91,104.161,82556350030,0,Monday,-0.101,-0.097
2024-05-21,104.154,104.425,103.911,104.067,103778609870,1,Tuesday,,
2024-05-22,104.061,104.442,103.483,103.759,91314469960,2,Wednesday,,
2024-05-23,103.759,104.244,103.472,103.633,112255299870,3,Thursday,,
2024-05-24,103.628,104.135,103.502,104.011,80957409990,4,Friday,,
2024-05-27,103.84,104.461,103.802,104.355,51832610000,0,Monday,-0.171,-0.1644
2024-05-28,104.305,104.622,104.305,104.489,91463199970,1,Tuesday,,
2024-05-29,104.476,104.86,104.119,104.179,102334050100,2,Wednesday,,
2024-05-30,104.146,104.255,103.358,103.988,129294569880,3,Thursday,,
2024-05-31,103.987,104.687,103.83,104.62,138099550180,4,Friday,,
2024-06-03,104.332,104.721,104.002,104.364,135376639990,0,Monday,-0.288,-0.2753
2024-06-04,104.364,104.625,102.612,102.957,166383110170,1,Tuesday,,
2024-06-05,102.939,104.004,102.819,103.742,131612720290,2,Wednesday,,
2024-06-06,103.74,103.979,103.616,103.675,121892300020,3,Thursday,,
2024-06-07,103.639,103.967,102.978,103.093,148002199970,4,Friday,,
2024-06-10,103.028,103.829,102.976,103.767,94512499970,0,Monday,-0.065,-0.063
2024-06-11,103.762,103.944,103.53,103.761,106871349990,1,Tuesday,,
2024-06-12,103.685,104.546,103.673,104.395,155990260160,2,Wednesday,,
2024-06-13,104.395,104.686,103.849,104.15,128866019980,3,Thursday,,
2024-06-14,104.03,104.8,103.638,104.055,172014560040,4,Friday,,
2024-06-17,103.861,104.354,103.589,104.277,95805180030,0,Monday,-0.194,-0.1864
2024-06-18,104.276,105.095,104.017,105.045,109471409880,1,Tuesday,,
2024-06-19,104.969,105.498,104.969,105.447,49733630000,2,Wednesday,,
2024-06-20,105.305,105.904,105.305,105.744,99514770090,3,Thursday,,
2024-06-21,105.741,106.156,105.467,106.086,102267049940,4,Friday,,
2024-06-24,105.996,106.371,105.573,106.211,99698309970,0,Monday,-0.09,-0.0848
2024-06-25,106.057,106.396,105.924,106.098,91066110070,1,Tuesday,,
2024-06-26,106.093,106.965,105.925,106.873,114440120140,2,Wednesday,,
2024-06-27,106.87,107.061,106.643,106.822,103648710090,3,Thursday,,
2024-06-28,106.822,107.459,106.552,107.224,160566030010,4,Friday,,
2024-07-01,107.312,107.816,107.247,107.497,107851690020,0,Monday,0.088,0.0821
2024-07-02,107.479,107.706,107.237,107.601,95519679940,1,Tuesday,,
2024-07-03,107.595,108.504,107.541,108.368,102172979810,2,Wednesday,,
2024-07-04,108.286,108.499,108.281,108.431,59994979950,3,Thursday,,
2024-07-05,108.415,108.601,107.99,108.44,130146010000,4,Friday,,
2024-07-08,108.184,108.571,108.156,108.312,101897760050,0,Monday,-0.256,-0.2361
2024-07-09,108.294,108.753,108.196,108.705,93652700070,1,Tuesday,,
2024-07-10,108.699,109.152,108.598,109.072,80760439970,2,Wednesday,,
2024-07-11,109.056,109.369,106.985,107.319,167811729950,3,Thursday,,
2024-07-12,107.263,107.858,106.743,107.039,215365799850,4,Friday,,
2024-07-15,107.014,107.233,106.541,106.767,127566939890,0,Monday,-0.025,-0.0234
2024-07-16,106.753,107.094,106.487,106.592,115339259960,1,Tuesday,,
2024-07-17,106.585,106.826,104.974,105.073,174426330150,2,Wednesday,,
2024-07-18,105.071,105.7,104.523,105.515,185204200070,3,Thursday,,
2024-07-19,105.473,105.77,105.171,105.209,139254750060,4,Friday,,
2024-07-22,105.193,105.424,103.978,104.278,139561240330,0,Monday,-0.016,-0.0152
2024-07-23,104.278,104.356,102.873,102.881,133308020000,1,Tuesday,,
2024-07-24,102.871,103.114,101.049,101.249,184783380110,2,Wednesday,,
2024-07-25,101.244,101.257,99.208,100.619,260253009870,3,Thursday,,
2024-07-26,100.582,101.493,100.313,100.62,170296050070,4,Friday,,
2024-07-29,100.578,101.232,100.375,100.851,158908610230,0,Monday,-0.042,-0.0417
2024-07-30,100.799,101.775,99.781,99.841,177249689730,1,Tuesday,,
2024-07-31,99.725,100.149,97.389,98.076,358392790160,2,Wednesday,,
2024-08-01,98.056,98.734,97.008,97.064,288385500160,3,Thursday,,
2024-08-02,97.046,97.453,95.331,95.356,320677050110,4,Friday,,
2024-08-05,95.311,95.455,90.124,93.641,478144300470,0,Monday,-0.045,-0.0472
2024-08-06,93.535,95.501,93.416,94.043,412236899990,1,Tuesday,,
2024-08-07,94.045,97.072,94.002,95.563,387191919890,2,Wednesday,,
2024-08-08,95.52,97.132,94.721,97.018,360498109750,3,Thursday,,
2024-08-09,96.873,97.446,96.212,96.356,299453249800,4,Friday,,
2024-08-12,96.183,97.851,96.16,96.928,156754750110,0,Monday,-0.173,-0.1795
2024-08-13,96.814,97.744,96.722,97.398,183013880030,1,Tuesday,,
2024-08-14,97.191,97.867,96.758,97.174,194219989990,2,Wednesday,,
2024-08-15,97.079,98.802,96.582,98.675,167672680270,3,Thursday,,
2024-08-16,98.675,98.907,97.808,98.425,149951949980,4,Friday,,
2024-08-19,98.313,98.926,96.988,98.693,176931460080,0,Monday,-0.112,-0.1138
2024-08-20,98.524,99.033,97.872,97.91,165060419910,1,Tuesday,,
2024-08-21,97.907,98.913,97.633,97.956,186810929820,2,Wednesday,,
2024-08-22,97.748,98.423,97.6,98.028,163180320070,3,Thursday,,
2024-08-23,97.969,98.608,97.568,98.059,182783789770,4,Friday,,
2024-08-26,97.848,98.043,97.263,97.833,168630499980,0,Monday,-0.211,-0.2152
2024-08-27,97.808,98.413,97.665,97.77,140281710100,1,Tuesday,,
2024-08-28,97.653,98.279,97.575,98.06,154812100150,2,Wednesday,,
2024-08-29,97.927,98.954,97.848,98.556,174336530040,3,Thursday,,
2024-08-30,98.416,98.972,98.255,98.876,136485190140,4,Friday,,
2024-09-02,98.738,99.865,98.546,99.723,93198099960,0,Monday,-0.138,-0.1396
2024-09-03,99.569,99.838,97.6,97.6,174681540060,1,Tuesday,,
2024-09-04,97.59,97.711,96.591,96.624,194134219730,2,Wednesday,,
2024-09-05,96.624,97.049,96.105,96.659,189432080200,3,Thursday,,
2024-09-06,96.659,96.971,94.773,94.901,247654720100,4,Friday,,
2024-09-09,94.74,95.705,94.661,95.317,169835889900,0,Monday,-0.161,-0.1697
2024-09-10,95.219,95.71,94.508,94.71,155407199890,1,Tuesday,,
2024-09-11,94.559,95.1,93.588,94.976,233423540360,2,Wednesday,,
2024-09-12,94.967,95.669,94.725,95.285,212755860140,3,Thursday,,
2024-09-13,95.286,95.385,94.162,94.413,188384230140,4,Friday,,
2024-09-16,94.271,95.018,93.864,94.896,161468580020,0,Monday,-0.142,-0.1504
2024-09-17,94.895,96.247,94.701,96.168,181998770220,1,Tuesday,,
2024-09-18,96.163,96.334,95.322,96.209,211913589770,2,Wednesday,,
2024-09-19,96.209,97.874,95.972,97.143,257142240050,3,Thursday,,
2024-09-20,97.148,98.307,96.71,97.908,225011430040,4,Friday,,
2024-09-23,97.747,98.717,97.624,98.169,175897090180,0,Monday,-0.161,-0.1644
2024-09-24,98.15,99.061,97.951,98.67,180069380140,1,Tuesday,,
2024-09-25,98.669,99.354,98.486,98.741,172126329860,2,Wednesday,,
2024-09-26,98.716,99.9,98.626,99.802,186149600020,3,Thursday,,
2024-09-27,99.61,100.721,98.025,98.185,246736819730,4,Friday,,
2024-09-30,98.067,99.439,97.996,99.256,198405330060,0,Monday,-0.118,-0.1202
2024-10-01,99.258,100.1,98.345,98.769,229155710170,1,Tuesday,,
2024-10-02,98.771,100.897,98.684,100.805,193090829950,2,Wednesday,,
2024-10-03,100.797,101.271,100.235,100.451,200885770130,3,Thursday,,
2024-10-04,100.449,101.27,99.9,101.015,184978349840,4,Friday,,
2024-10-07,100.895,101.417,99.843,100.109,180646510180,0,Monday,-0.12,-0.1188
2024-10-08,100.107,100.143,99.083,99.982,192023459870,1,Tuesday,,
2024-10-09,99.85,100.409,99.697,100.306,158209229980,2,Wednesday,,
2024-10-10,100.235,100.765,99.684,100.13,174307710190,3,Thursday,,
2024-10-11,100.007,100.782,100.0,100.593,108638510070,4,Friday,,
2024-10-14,100.355,100.948,100.245,100.671,107167710030,0,Monday,-0.238,-0.2366
2024-10-15,100.666,100.777,99.841,99.983,137871050220,1,Tuesday,,
2024-10-16,99.965,100.051,99.434,99.716,134195879820,2,Wednesday,,
2024-10-17,99.68,100.685,99.557,100.545,154385620110,3,Thursday,,
2024-10-18,100.547,100.835,100.179,100.25,134868970100,4,Friday,,
2024-10-21,100.174,100.456,99.941,100.415,124652419860,0,Monday,-0.076,-0.0758
2024-10-22,100.415,101.04,100.156,100.921,133312270060,1,Tuesday,,
2024-10-23,100.898,101.69,100.817,101.3,170628339970,2,Wednesday,,
2024-10-24,101.288,101.428,100.451,100.789,170852710180,3,Thursday,,
2024-10-25,100.789,101.116,100.296,100.526,141361410030,4,Friday,,
2024-10-27,101.221,101.275,100.829,101.082,1635450000,6,Sunday,,
2024-10-28,101.035,101.521,100.676,100.881,153541010040,0,Monday,-0.047,-0.0465
2024-10-29,100.881,100.953,100.265,100.571,153566979870,1,Tuesday,,
2024-10-30,100.566,100.964,100.187,100.751,161926609950,2,Wednesday,,
2024-10-31,100.751,100.96,99.533,100.031,182674299800,3,Thursday,,
2024-11-01,100.031,100.727,99.824,100.334,164376279880,4,Friday,,
2024-11-04,100.64,100.679,100.012,100.153,180022900000,0,Monday,0.306,0.305
2024-11-05,100.146,100.928,99.999,100.6,161824100070,1,Tuesday,,
2024-11-06,100.6,101.803,100.254,101.596,478716800120,2,Wednesday,,
2024-11-07,101.416,102.401,101.291,102.147,290474780060,3,Thursday,,
2024-11-08,102.012,102.288,100.144,100.477,258239200260,4,Friday,,
2024-11-11,100.419,101.355,100.368,101.031,173397740020,0,Monday,-0.058,-0.0577
2024-11-12,101.033,101.262,100.499,100.971,219398520020,1,Tuesday,,
2024-11-13,100.976,101.282,100.457,100.764,235963460080,2,Wednesday,,
2024-11-14,100.76,101.178,100.675,100.784,256608730210,3,Thursday,,
2024-11-15,100.784,101.199,99.415,99.757,285277490200,4,Friday,,
2024-11-18,99.704,100.683,99.562,100.622,249388559930,0,Monday,-0.053,-0.0531
2024-11-19,100.598,101.068,99.483,101.002,266179239980,1,Tuesday,,
2024-11-20,100.972,101.556,100.568,101.119,194165539700,2,Wednesday,,
2024-11-21,100.954,101.145,100.299,100.598,262625739910,3,Thursday,,
2024-11-22,100.52,100.804,100.049,100.598,268859760130,4,Friday,,
2024-11-25,100.65,101.028,100.008,100.261,262653579840,0,Monday,0.052,0.0517
2024-11-26,100.261,100.273,98.863,99.046,308600070190,1,Tuesday,,
2024-11-27,98.899,99.219,97.712,98.084,282830379950,2,Wednesday,,
2024-11-28,98.087,98.752,97.97,98.442,146664929980,3,Thursday,,
2024-11-29,98.431,98.516,97.35,97.371,296601960150,4,Friday,,
2024-12-02,97.327,98.017,96.271,96.869,262957790380,0,Monday,-0.044,-0.0452
2024-12-03,96.688,97.541,96.162,96.985,216683460080,1,Tuesday,,
2024-12-04,96.992,97.146,95.907,96.851,242969400210,2,Wednesday,,
2024-12-05,96.787,97.085,96.334,96.844,206587489630,3,Thursday,,
2024-12-06,96.715,96.916,95.517,95.847,217316999940,4,Friday,,
2024-12-09,95.72,97.798,95.617,97.365,164522129980,0,Monday,-0.127,-0.1325
2024-12-10,97.137,97.479,96.449,96.874,194459399900,1,Tuesday,,
2024-12-11,96.884,97.252,95.982,97.049,210506640100,2,Wednesday,,
2024-12-12,97.042,98.059,96.847,97.166,210548789950,3,Thursday,,
2024-12-13,97.034,97.959,96.986,97.732,179594100120,4,Friday,,
2024-12-16,97.543,98.278,97.523,98.151,164308990010,0,Monday,-0.189,-0.1934
2024-12-17,97.974,98.344,97.101,97.264,182316190170,1,Tuesday,,
2024-12-18,97.176,97.418,96.166,96.254,208517279920,2,Wednesday,,
2024-12-19,96.183,98.732,95.8,98.174,295224060120,3,Thursday,,
2024-12-20,98.17,98.405,97.432,97.759,274021660180,4,Friday,,
2024-12-23,97.712,98.237,97.701,98.19,157086960100,0,Monday,-0.047,-0.0481
2024-12-24,98.031,98.173,97.745,97.979,119330220140,1,Tuesday,,
2024-12-25,97.924,97.998,97.717,97.925,3071939990,2,Wednesday,,
2024-12-26,98.028,98.442,97.905,98.276,114320969920,3,Thursday,,
2024-12-27,98.175,98.279,97.778,98.071,129561570180,4,Friday,,
2024-12-30,97.937,98.733,97.298,97.524,165404360010,0,Monday,-0.134,-0.1366
2024-12-31,97.435,97.66,96.931,97.253,184957000080,1,Tuesday,,
2025-01-02,97.17,98.036,97.053,97.705,230358899960,3,Thursday,,
2025-01-03,97.458,97.891,97.458,97.774,158356389770,4,Friday,,
2025-01-06,97.587,98.908,97.49,98.452,222099449760,0,Monday,-0.187,-0.1913
2025-01-07,98.225,99.166,98.225,98.419,190538550240,1,Tuesday,,
2025-01-08,98.417,98.658,98.045,98.374,199387660100,2,Wednesday,,
2025-01-09,98.369,98.422,97.668,97.944,138292639890,3,Thursday,,
2025-01-10,97.89,98.199,96.79,96.887,218937660200,4,Friday,,
2025-01-13,96.835,97.276,96.377,97.23,183578960090,0,Monday,-0.052,-0.0537
2025-01-14,97.231,97.957,97.055,97.807,206071139930,1,Tuesday,,
2025-01-15,97.735,97.864,97.226,97.38,183071910240,2,Wednesday,,
2025-01-16,97.145,97.686,96.319,96.358,208681819770,3,Thursday,,
2025-01-17,96.237,97.16,96.061,96.76,171751059990,4,Friday,,
2025-01-20,96.772,97.774,96.664,97.633,200014100010,0,Monday,0.012,0.0124
2025-01-21,97.406,97.655,96.771,97.535,236999209870,1,Tuesday,,
2025-01-22,97.388,98.334,97.388,98.168,172302899990,2,Wednesday,,
2025-01-23,98.019,98.315,97.797,98.021,171068229920,3,Thursday,,
2025-01-24,98.021,98.762,97.88,98.455,221786890250,4,Friday,,
2025-01-27,98.117,98.248,96.763,97.187,256358120030,0,Monday,-0.338,-0.3433
2025-01-28,97.125,97.506,96.839,97.23,203986320200,1,Tuesday,,
2025-01-29,97.074,97.337,96.478,96.732,198465450010,2,Wednesday,,
2025-01-30,96.557,96.827,95.682,95.752,203539030120,3,Thursday,,
2025-01-31,95.758,96.927,95.582,96.374,243085619920,4,Friday,,
2025-02-03,95.244,96.445,94.617,96.279,349507179900,0,Monday,-1.13,-1.1725
2025-02-04,96.229,96.752,95.571,96.534,211429120000,1,Tuesday,,
2025-02-05,96.436,96.599,95.678,95.882,213828069890,2,Wednesday,,
2025-02-06,95.858,95.978,94.964,95.139,184242650000,3,Thursday,,
2025-02-07,94.888,95.675,94.487,94.912,234591450110,4,Friday,,
2025-02-10,94.252,95.675,94.252,95.375,161127820020,0,Monday,-0.66,-0.6954
2025-02-11,95.262,96.105,95.071,95.952,147365850020,1,Tuesday,,
2025-02-12,95.959,97.328,95.81,96.952,216711790020,2,Wednesday,,
2025-02-13,96.901,97.274,95.999,96.512,215499620030,3,Thursday,,
2025-02-14,96.51,96.987,96.32,96.732,176388970170,4,Friday,,
2025-02-17,96.533,96.843,96.198,96.222,115290449990,0,Monday,-0.199,-0.2057
2025-02-18,96.222,96.783,96.064,96.563,134614130140,1,Tuesday,,
2025-02-19,96.553,96.764,95.997,96.046,154620340310,2,Wednesday,,
2025-02-20,96.045,96.092,95.325,95.774,198205829840,3,Thursday,,
2025-02-21,95.549,96.492,94.645,94.886,201420650260,4,Friday,,
2025-02-24,94.896,95.449,94.689,95.04,203395049870,0,Monday,0.01,0.0105
2025-02-25,95.048,95.312,94.013,94.539,221039510210,1,Tuesday,,
2025-02-26,94.376,94.739,93.776,93.974,204862380350,2,Wednesday,,
2025-02-27,93.97,94.509,93.307,93.402,215358229920,3,Thursday,,
2025-02-28,93.247,93.853,92.724,93.477,240385380140,4,Friday,,
2025-03-03,93.584,94.242,92.532,93.039,255540990050,0,Monday,0.107,0.1145
2025-03-04,92.919,93.984,91.852,93.954,346152089610,1,Tuesday,,
2025-03-05,93.706,94.401,93.336,94.29,313016860020,2,Wednesday,,
2025-03-06,94.288,94.718,93.291,93.687,305546099870,3,Thursday,,
2025-03-07,93.519,93.808,92.42,93.29,297725669850,4,Friday,,
2025-03-09,93.22,93.274,93.159,93.159,946860000,6,Sunday,,
2025-03-10,93.135,93.415,92.147,92.365,259833269770,0,Monday,-0.024,-0.0258
2025-03-11,92.363,93.31,91.817,92.95,318012120000,1,Tuesday,,
2025-03-12,92.949,93.834,92.949,93.635,217128230620,2,Wednesday,,
2025-03-13,93.635,93.94,92.534,92.816,195744220070,3,Thursday,,
2025-03-14,92.801,94.101,92.801,93.977,160333910320,4,Friday,,
2025-03-16,94.01,94.11,93.914,94.069,609420000,6,Sunday,,
2025-03-17,94.069,95.348,93.901,95.178,168834190130,0,Monday,0.0,0.0
2025-03-18,95.173,95.747,94.771,94.887,166560730010,1,Tuesday,,
2025-03-19,94.889,95.352,94.364,94.588,184841990450,2,Wednesday,,
2025-03-20,94.589,94.659,93.162,93.707,171776249950,3,Thursday,,
2025-03-21,93.707,94.21,93.14,93.619,159092049760,4,Friday,,
2025-03-23,93.585,93.71,93.585,93.669,454640000,6,Sunday,,
2025-03-24,93.644,94.74,93.644,94.645,143341489880,0,Monday,-0.025,-0.0267
2025-03-25,94.695,94.912,94.318,94.442,135902099790,1,Tuesday,,
2025-03-26,94.441,95.187,94.261,94.711,158689730040,2,Wednesday,,
2025-03-27,94.701,95.394,94.414,95.141,169323599870,3,Thursday,,
2025-03-28,95.151,95.209,94.094,94.179,161253619950,4,Friday,,
2025-03-31,94.081,94.201,93.046,93.654,214903639930,0,Monday,-0.098,-0.1041
2025-04-01,93.617,94.007,93.145,93.853,198861620200,1,Tuesday,,
2025-04-02,93.765,95.306,93.492,93.992,200818350110,2,Wednesday,,
2025-04-03,93.679,93.834,92.281,92.413,424156870230,3,Thursday,,
2025-04-04,92.335,92.636,87.405,88.771,534286210030,4,Friday,,
2025-04-07,87.144,90.481,86.113,88.489,700633099790,0,Monday,-1.627,-1.8328
2025-04-08,88.289,89.685,86.866,87.138,467464649710,1,Tuesday,,
2025-04-09,86.971,91.319,86.043,90.901,595976830490,2,Wednesday,,
2025-04-10,90.789,91.104,88.906,89.915,499773510080,3,Thursday,,
2025-04-11,89.902,90.511,88.284,90.231,550177169560,4,Friday,,
2025-04-14,90.628,90.818,89.56,90.474,328938729770,0,Monday,0.397,0.44
2025-04-15,90.321,91.406,90.311,90.87,231842760330,1,Tuesday,,
2025-04-16,90.876,91.203,90.131,90.355,259814060050,2,Wednesday,,
2025-04-17,90.12,91.169,90.12,91.02,229443309880,3,Thursday,,
2025-04-18,90.869,91.002,90.558,90.575,960167020270,4,Friday,,
2025-04-21,90.418,90.687,89.969,90.371,190076729760,0,Monday,-0.157,-0.1733
2025-04-22,90.138,90.571,89.638,90.103,215800970010,1,Tuesday,,
2025-04-23,89.996,91.603,89.994,91.172,290916630670,2,Wednesday,,
2025-04-24,91.026,91.458,90.551,91.369,191177529670,3,Thursday,,
2025-04-25,91.159,92.219,91.111,91.895,181142239940,4,Friday,,
2025-04-28,91.628,92.028,91.198,91.273,168460640060,0,Monday,-0.267,-0.2905
2025-04-29,91.29,91.677,90.585,90.845,161447969940,1,Tuesday,,
2025-04-30,90.679,91.723,90.667,91.576,177620160130,2,Wednesday,,
2025-05-01,91.385,93.052,91.385,92.753,171658510130,3,Thursday,,
2025-05-02,92.543,93.563,92.52,93.441,217196739840,4,Friday,,
2025-05-05,93.262,93.486,92.912,92.914,164066929960,0,Monday,-0.179,-0.1916
2025-05-06,92.911,93.045,92.114,92.491,158559959890,1,Tuesday,,
2025-05-07,92.432,93.334,92.217,92.359,201737000210,2,Wednesday,,
2025-05-08,92.359,93.545,92.285,93.346,191706190030,3,Thursday,,
2025-05-09,93.241,93.413,92.805,93.153,135522089950,4,Friday,,
2025-05-12,93.741,94.913,93.517,94.547,227414980280,0,Monday,0.588,0.6312
2025-05-13,94.548,95.643,94.058,95.402,169958380100,1,Tuesday,,
2025-05-14,95.214,95.567,94.18,94.295,201506000030,2,Wednesday,,
2025-05-15,94.205,94.369,93.118,93.272,165250709920,3,Thursday,,
2025-05-16,93.091,93.5,92.74,93.261,134072259870,4,Friday,,
2025-05-19,92.963,93.678,92.871,93.509,149791939890,0,Monday,-0.298,-0.3195
2025-05-20,93.48,93.845,92.495,92.802,151629320190,1,Tuesday,,
2025-05-21,92.718,92.935,92.374,92.417,193209749740,2,Wednesday,,
2025-05-22,92.412,92.839,91.992,92.298,183192939570,3,Thursday,,
2025-05-23,92.26,92.691,91.647,92.586,198954220160,4,Friday,,
2025-05-26,92.345,93.195,92.332,92.613,111062679890,0,Monday,-0.241,-0.2603
2025-05-27,92.654,93.096,92.135,92.955,146320140020,1,Tuesday,,
2025-05-28,92.856,93.228,92.737,93.016,161647940070,2,Wednesday,,
2025-05-29,92.933,93.869,92.775,92.867,204236790030,3,Thursday,,
2025-05-30,92.786,92.927,92.01,92.635,219756270170,4,Friday,,
2025-06-02,92.429,92.848,92.378,92.635,157649560230,0,Monday,-0.206,-0.2224
2025-06-03,92.624,93.134,92.056,93.041,137726409980,1,Tuesday,,
2025-06-04,92.81,93.594,92.635,92.635,143646869960,2,Wednesday,,
2025-06-05,92.635,93.78,92.527,93.339,173112719980,3,Thursday,,
2025-06-06,93.393,94.126,93.214,94.023,153139949790,4,Friday,,
2025-06-09,94.019,94.338,93.912,94.211,106021439950,0,Monday,-0.004,-0.0043
2025-06-10,94.022,94.602,93.892,94.425,135307399920,1,Tuesday,,
2025-06-11,94.423,94.751,93.88,93.974,137229930040,2,Wednesday,,
2025-06-12,93.854,93.972,93.235,93.689,157397190300,3,Thursday,,
2025-06-13,93.689,93.87,92.312,93.447,227469360280,4,Friday,,
2025-06-16,93.221,94.551,93.182,94.359,144155339990,0,Monday,-0.226,-0.2418
2025-06-17,94.32,94.84,93.944,94.064,165599470090,1,Tuesday,,
2025-06-18,93.998,94.488,93.941,94.419,164911970200,2,Wednesday,,
2025-06-19,94.378,94.457,93.802,94.244,123524900060,3,Thursday,,
2025-06-20,94.061,94.552,93.961,94.219,125658750010,4,Friday,,
2025-06-23,94.192,94.682,93.846,94.377,193664270120,0,Monday,-0.027,-0.0287
2025-06-24,94.243,94.56,93.969,93.976,165224989980,1,Tuesday,,
2025-06-25,93.982,94.752,93.892,94.574,122484740010,2,Wednesday,,
2025-06-26,94.327,94.636,94.058,94.479,158711710340,3,Thursday,,
2025-06-27,94.476,94.851,94.225,94.466,144410379910,4,Friday,,
2025-06-30,94.342,94.889,93.99,94.757,135014120110,0,Monday,-0.124,-0.1313
2025-07-01,94.54,94.78,93.963,94.388,142684190150,1,Tuesday,,
2025-07-02,94.313,94.681,94.117,94.56,129980860090,2,Wednesday,,
2025-07-03,94.481,95.367,94.331,95.214,113318740110,3,Thursday,,
2025-07-04,95.222,95.253,94.527,94.527,143244929790,4,Friday,,
2025-07-07,94.611,95.047,94.232,94.749,127298740080,0,Monday,0.084,0.0889
2025-07-08,94.75,95.96,94.709,95.681,147244180250,1,Tuesday,,
2025-07-09,95.681,96.214,95.537,95.592,126015619930,2,Wednesday,,
2025-07-10,95.581,96.386,95.39,96.297,120213480060,3,Thursday,,
2025-07-11,96.292,97.053,95.977,96.891,147940419920,4,Friday,,
2025-07-14,96.575,96.926,96.447,96.637,118961619910,0,Monday,-0.316,-0.3261
2025-07-15,96.637,97.432,96.543,96.928,128398239930,1,Tuesday,,
2025-07-16,96.921,97.321,96.1,96.526,166086339990,2,Wednesday,,
2025-07-17,96.355,96.772,95.991,96.378,125438880020,3,Thursday,,
2025-07-18,96.391,96.963,96.239,96.848,102508450000,4,Friday,,
2025-07-21,96.281,96.755,96.048,96.114,95133190050,0,Monday,-0.567,-0.5855
2025-07-22,95.99,96.38,95.627,96.056,104580079920,1,Tuesday,,
2025-07-23,95.971,96.743,95.841,96.706,142614130040,2,Wednesday,,
2025-07-24,96.541,97.044,96.391,96.844,130877909980,3,Thursday,,
2025-07-25,96.836,97.137,96.614,96.897,129061960100,4,Friday,,
2025-07-28,97.092,97.287,96.561,96.832,127734509930,0,Monday,0.195,0.2012
2025-07-29,96.678,96.943,96.56,96.598,123029120070,1,Tuesday,,
2025-07-30,96.577,96.747,95.957,96.145,165364480100,2,Wednesday,,
2025-07-31,96.145,96.993,95.859,96.795,160836630060,3,Thursday,,
2025-08-01,96.795,97.065,95.093,95.354,229524950300,4,Friday,,
2025-08-04,95.111,95.862,94.904,95.061,133735840070,0,Monday,-0.243,-0.2548
2025-08-05,95.054,95.604,94.943,95.502,128192309990,1,Tuesday,,
2025-08-06,95.495,96.021,95.247,95.794,106592939970,2,Wednesday,,
2025-08-07,95.785,96.204,95.656,95.912,138693020040,3,Thursday,,
2025-08-08,95.794,96.523,95.741,96.359,105027289950,4,Friday,,
2025-08-11,96.13,96.534,95.994,96.456,84706790030,0,Monday,-0.229,-0.2377
2025-08-12,96.41,96.832,96.207,96.492,132328269900,1,Tuesday,,
2025-08-13,96.477,96.748,96.313,96.437,95126089980,2,Wednesday,,
2025-08-14,96.386,96.426,95.519,95.888,137652759930,3,Thursday,,
2025-08-15,95.795,96.074,95.52,95.755,93865440010,4,Friday,,
2025-08-18,95.77,96.201,95.728,95.954,81720999970,0,Monday,0.015,0.0157
2025-08-19,95.884,96.102,95.124,95.263,105360469990,1,Tuesday,,
2025-08-20,95.191,95.363,94.399,94.758,107616530020,2,Wednesday,,
2025-08-21,94.758,95.339,94.574,95.226,106133749990,3,Thursday,,
2025-08-22,95.213,95.596,95.079,95.343,133720389920,4,Friday,,
2025-08-25,95.209,95.952,95.204,95.747,95841310040,0,Monday,-0.134,-0.1405
2025-08-26,95.748,95.844,95.364,95.652,127856380140,1,Tuesday,,
2025-08-27,95.472,96.007,95.467,95.869,111617230040,2,Wednesday,,
2025-08-28,95.778,96.086,95.706,95.944,104840330060,3,Thursday,,
2025-08-29,95.943,96.24,95.705,96.134,109623700150,4,Friday,,
2025-09-01,96.154,96.591,96.052,96.37,71969429980,0,Monday,0.02,0.0208
2025-09-02,96.229,96.87,96.229,96.698,151747050250,1,Tuesday,,
2025-09-03,96.686,97.295,96.426,96.855,127777820260,2,Wednesday,,
2025-09-04,96.842,97.013,96.531,96.741,115659900000,3,Thursday,,
2025-09-05,96.606,97.0,96.31,96.614,137410620170,4,Friday,,
2025-09-08,97.037,97.43,96.939,97.158,116108910060,0,Monday,0.423,0.4378
2025-09-09,97.017,97.326,96.815,97.036,126090030250,1,Tuesday,,
2025-09-10,97.009,97.742,96.901,97.504,113789920070,2,Wednesday,,
2025-09-11,97.456,98.111,97.399,98.022,123914050020,3,Thursday,,
2025-09-12,97.868,98.422,97.862,98.146,100123079970,4,Friday,,
2025-09-15,97.977,98.347,97.977,98.234,92415450030,0,Monday,-0.169,-0.1722
2025-09-16,98.238,98.389,97.701,97.865,125960780040,1,Tuesday,,
2025-09-17,97.664,97.954,97.381,97.765,141149950040,2,Wednesday,,
2025-09-18,97.563,98.098,97.526,97.821,151274990270,3,Thursday,,
2025-09-19,97.814,97.972,97.241,97.507,140699820000,4,Friday,,
2025-09-22,97.404,97.855,97.31,97.424,105069480010,0,Monday,-0.103,-0.1056
2025-09-23,97.372,97.72,97.241,97.37,109053140040,1,Tuesday,,
2025-09-24,97.143,98.181,97.143,97.981,115571070040,2,Wednesday,,
2025-09-25,97.947,98.222,97.745,97.94,134955990070,3,Thursday,,
2025-09-26,97.751,97.994,97.73,97.843,123404149980,4,Friday,,
2025-09-29,97.766,97.925,97.518,97.657,102402160090,0,Monday,-0.077,-0.0787
2025-09-30,97.658,98.144,97.423,97.731,139527119950,1,Tuesday,,
2025-10-01,97.579,97.92,97.03,97.208,157186449860,2,Wednesday,,
2025-10-02,97.205,97.459,96.854,97.063,109796670130,3,Thursday,,
2025-10-03,97.028,97.499,96.955,97.308,101662009990,4,Friday,,
2025-10-06,98.309,99.537,98.206,99.479,154978960160,0,Monday,1.001,1.0287
2025-10-07,99.362,100.044,99.157,99.938,120149089880,1,Tuesday,,
2025-10-08,99.934,100.61,99.884,100.535,121684069860,2,Wednesday,,
2025-10-09,100.535,100.946,100.143,100.317,149104880100,3,Thursday,,
2025-10-10,100.318,100.527,97.806,97.808,170289329650,4,Friday,,
2025-10-13,98.729,99.389,98.558,99.162,126151439950,0,Monday,0.921,0.9416
2025-10-14,99.034,99.485,97.858,98.446,173687799920,1,Tuesday,,
2025-10-15,98.439,98.816,98.059,98.327,142532810280,2,Wednesday,,
2025-10-16,98.235,98.488,97.241,97.51,169667569950,3,Thursday,,
2025-10-17,97.51,97.848,96.247,97.807,191183589730,4,Friday,,
2025-10-20,97.526,98.48,97.517,98.13,121213330160,0,Monday,-0.281,-0.2873
2025-10-21,98.124,98.775,97.916,98.54,152267079820,1,Tuesday,,
2025-10-22,98.533,98.869,98.204,98.552,142591659750,2,Wednesday,,
2025-10-23,98.556,99.549,98.435,99.303,108451590060,3,Thursday,,
2025-10-24,99.206,99.592,99.206,99.509,124830209940,4,Friday,,
2025-10-26,99.953,100.042,99.783,100.033,1683770000,6,Sunday,,
2025-10-27,100.032,100.37,99.796,100.205,121805960080,0,Monday,-0.001,-0.001
2025-10-28,100.194,100.35,99.412,100.061,118956429910,1,Tuesday,,
2025-10-29,100.06,100.752,99.731,100.325,169760439830,2,Wednesday,,
2025-10-30,100.325,101.207,100.267,100.95,179698330170,3,Thursday,,
2025-10-31,100.95,101.028,100.639,100.77,116075110080,4,Friday,,
2025-11-03,100.731,101.14,100.397,100.792,94623849980,0,Monday,-0.039,-0.0387
2025-11-04,100.788,100.909,99.462,99.7,136179949910,1,Tuesday,,
2025-11-05,99.705,100.391,98.825,100.197,117759710060,2,Wednesday,,
2025-11-06,100.194,100.327,98.824,99.156,118690329950,3,Thursday,,
2025-11-07,99.129,99.76,98.968,99.626,143285690080,4,Friday,,
2025-11-10,99.834,100.825,99.685,100.73,104219519970,0,Monday,0.208,0.2088
2025-11-11,100.689,100.876,100.4,100.601,90811689940,1,Tuesday,,
2025-11-12,100.356,101.322,100.356,101.227,98987289970,2,Wednesday,,
2025-11-13,101.227,101.826,100.687,100.881,146290960000,3,Thursday,,
2025-11-14,100.861,101.298,100.222,100.976,169752190020,4,Friday,,
2025-11-17,100.881,101.15,100.606,100.781,118050829990,0,Monday,-0.095,-0.0941
2025-11-18,100.728,101.434,100.147,101.137,158759829900,1,Tuesday,,
2025-11-19,101.142,101.86,100.593,101.789,146006130060,2,Wednesday,,
2025-11-20,101.772,102.488,101.306,101.377,200806130050,3,Thursday,,
2025-11-21,101.496,101.659,100.357,100.917,192113380000,4,Friday,,
2025-11-24,100.913,101.471,100.903,101.354,110540980000,0,Monday,-0.004,-0.004
2025-11-25,101.345,101.509,100.342,100.922,130794600140,1,Tuesday,,
2025-11-26,100.922,102.032,100.748,101.954,130856059990,2,Wednesday,,
2025-11-27,101.931,102.137,101.638,102.088,65731719980,3,Thursday,,
2025-11-28,102.088,102.365,101.838,102.207,459387720600,4,Friday,,
2025-12-01,102.076,102.275,101.51,101.688,138515329860,0,Monday,-0.131,-0.1282
2025-12-02,101.696,102.498,101.589,102.286,99757099950,1,Tuesday,,
2025-12-03,102.189,102.52,102.02,102.442,104071400060,2,Wednesday,,
2025-12-04,102.405,102.852,102.096,102.478,126786429960,3,Thursday,,
2025-12-05,102.491,103.186,102.29,103.147,102554859980,4,Friday,,
2025-12-08,102.891,103.371,102.872,103.26,99972890050,0,Monday,-0.256,-0.2482
2025-12-09,103.061,104.393,102.986,104.173,112025329810,1,Tuesday,,
2025-12-10,104.173,104.312,103.727,104.122,121900240090,2,Wednesday,,
2025-12-11,103.91,104.125,103.181,103.643,136778339860,3,Thursday,,
2025-12-12,103.638,104.047,103.32,103.629,121889399860,4,Friday,,
2025-12-15,103.542,103.676,102.878,103.031,115967689820,0,Monday,-0.087,-0.084
2025-12-16,102.883,103.124,102.437,102.59,167085700010,1,Tuesday,,
2025-12-17,102.59,103.058,102.321,102.797,134904909920,2,Wednesday,,
2025-12-18,102.779,103.105,102.558,102.841,133677550200,3,Thursday,,
2025-12-19,102.802,104.311,102.71,104.227,129262869950,4,Friday,,
2025-12-22,104.181,104.617,103.979,104.531,105357750020,0,Monday,-0.046,-0.0441
2025-12-23,104.531,104.714,103.891,104.644,110116289980,1,Tuesday,,
2025-12-24,104.644,104.701,104.352,104.448,100672870100,2,Wednesday,,
2025-12-25,104.347,104.608,104.307,104.383,5003999990,3,Thursday,,
2025-12-26,104.384,105.166,104.376,105.129,102890299960,4,Friday,,
2025-12-29,104.771,105.215,104.354,104.425,130808959980,0,Monday,-0.358,-0.3405
2025-12-30,104.425,104.84,104.347,104.672,102162600010,1,Tuesday,,
2025-12-31,104.66,104.837,104.463,104.531,96259399980,2,Wednesday,,
2026-01-02,104.419,105.279,104.359,104.939,102055080090,4,Friday,,
2026-01-05,104.684,105.093,104.563,104.924,131975479880,0,Monday,-0.255,-0.243
2026-01-06,104.924,105.597,104.869,105.533,112733670130,1,Tuesday,,
2026-01-07,105.533,105.936,105.232,105.334,108433849850,2,Wednesday,,
2026-01-08,105.332,105.531,104.72,105.066,109222779900,3,Thursday,,
2026-01-09,105.055,105.148,104.923,105.084,3610420000,4,Friday,,
