Date,Time,Open,High,Low,Close,Volume,DayOfWeek,DayName,WeekendGap,WeekendGapPct
2004-10-26,00:00:00,87.34,87.56,86.9,87.27,32506000000,1,Tuesday,,
2004-10-27,00:00:00,87.27,87.49,86.72,86.88,41477000000,2,Wednesday,,
2004-10-28,00:00:00,86.88,87.23,86.22,86.87,47867000000,3,Thursday,,
2004-10-29,00:00:00,86.87,87.08,86.59,86.83,40668000000,4,Friday,,
2004-11-01,00:00:00,86.83,87.3,86.77,87.07,39680000000,0,Monday,0.0,0.0
2004-11-02,00:00:00,87.06,87.15,86.45,86.54,38608000000,1,Tuesday,,
2004-11-03,00:00:00,86.45,87.89,86.43,87.83,40873000000,2,Wednesday,,
2004-11-04,00:00:00,87.83,88.19,87.65,87.84,47649000000,3,Thursday,,
2004-11-05,00:00:00,87.84,88.248,87.638,88.104,340844399470,4,Friday,,
2004-11-08,00:00:00,88.15,88.62,87.97,88.31,44726000000,0,Monday,0.046,0.05221
2004-11-09,00:00:00,88.29,88.74,88.02,88.07,43827000000,1,Tuesday,,
2004-11-10,00:00:00,88.05,89.73,88.0,89.67,38514000000,2,Wednesday,,
2004-11-11,00:00:00,89.67,89.67,88.99,89.11,33804000000,3,Thursday,,
2004-11-12,00:00:00,89.11,89.28,88.21,88.48,38332000000,4,Friday,,
2004-11-15,00:00:00,88.48,88.48,87.58,87.7,39561000000,0,Monday,0.0,0.0
2004-11-16,00:00:00,87.7,88.36,87.61,88.17,40816000000,1,Tuesday,,
2004-11-17,00:00:00,88.01,88.24,86.97,87.08,38993000000,2,Wednesday,,
2004-11-18,00:00:00,87.08,87.2,86.19,86.4,44620000000,3,Thursday,,
2004-11-19,00:00:00,86.4,86.574,85.603,86.278,392388623990,4,Friday,,
2004-11-22,00:00:00,86.3,87.26,86.23,87.03,38741000000,0,Monday,0.022,0.0255
2004-11-23,00:00:00,87.02,87.2,86.81,87.09,41482000000,1,Tuesday,,
2004-11-24,00:00:00,87.09,87.46,86.83,87.19,28950000000,2,Wednesday,,
2004-11-25,00:00:00,87.05,87.18,86.85,87.04,13254000000,3,Thursday,,
2004-11-26,00:00:00,87.04,87.49,86.88,87.46,14185000000,4,Friday,,
2005-07-19,00:00:00,87.46,92.7,87.46,92.38,12180000000,1,Tuesday,,
2005-07-20,00:00:00,92.38,93.0,92.13,92.47,61116000000,2,Wednesday,,
2005-07-21,00:00:00,92.47,92.5,90.38,90.58,100758000000,3,Thursday,,
2005-07-22,00:00:00,90.58,91.52,90.58,91.32,75420000000,4,Friday,,
2005-07-25,00:00:00,91.32,91.91,91.28,91.47,58464000000,0,Monday,0.0,0.0
2005-07-26,00:00:00,91.47,91.95,91.12,91.45,75727000000,1,Tuesday,,
2005-07-27,00:00:00,91.45,91.6,90.52,90.93,77454000000,2,Wednesday,,
2005-07-28,00:00:00,90.93,91.46,90.69,91.17,75180000000,3,Thursday,,
2005-07-29,00:00:00,91.17,91.91,90.91,91.89,71520000000,4,Friday,,
2005-08-01,00:00:00,91.89,92.72,91.72,92.58,69228000000,0,Monday,0.0,0.0
2005-08-02,00:00:00,92.58,92.62,91.42,91.43,68808000000,1,Tuesday,,
2005-08-03,00:00:00,91.43,92.08,91.25,91.28,66318000000,2,Wednesday,,
2005-08-04,00:00:00,91.28,91.97,91.22,91.6,73842000000,3,Thursday,,
2005-08-05,00:00:00,91.6,92.13,91.32,92.04,72726000000,4,Friday,,
2005-08-08,00:00:00,92.04,92.43,91.84,92.3,54516000000,0,Monday,0.0,0.0
2005-08-09,00:00:00,92.3,92.39,91.94,92.28,58608000000,1,Tuesday,,
2005-08-10,00:00:00,92.28,92.34,91.02,91.39,75420000000,2,Wednesday,,
2005-08-11,00:00:00,91.39,91.68,90.98,91.39,79992000000,3,Thursday,,
2005-08-12,00:00:00,91.39,91.81,91.11,91.37,74544000000,4,Friday,,
2005-08-15,00:00:00,91.37,91.77,90.97,91.02,58080000000,0,Monday,0.0,0.0
2005-08-16,00:00:00,91.02,91.51,90.67,91.38,67182000000,1,Tuesday,,
2005-08-17,00:00:00,91.38,91.57,90.56,90.58,71658000000,2,Wednesday,,
2005-08-18,00:00:00,90.58,90.98,90.35,90.65,68844000000,3,Thursday,,
2005-08-19,00:00:00,90.65,91.25,90.48,91.19,61410000000,4,Friday,,
2005-08-22,00:00:00,91.19,91.28,90.49,91.25,57312000000,0,Monday,0.0,0.0
2005-08-23,00:00:00,91.25,91.94,91.02,91.73,65934000000,1,Tuesday,,
2005-08-24,00:00:00,91.73,92.64,91.71,92.54,77454000000,2,Wednesday,,
2005-08-25,00:00:00,92.54,92.93,92.19,92.28,64392000000,3,Thursday,,
2005-08-26,00:00:00,92.28,92.58,91.57,91.89,67710000000,4,Friday,,
2005-08-29,00:00:00,91.89,92.8,91.85,92.15,62484000000,0,Monday,0.0,0.0
2005-08-30,00:00:00,92.15,93.6,92.15,93.31,66294000000,1,Tuesday,,
2005-08-31,00:00:00,93.31,93.81,93.05,93.1,84756000000,2,Wednesday,,
2005-09-01,00:00:00,93.1,93.17,92.71,92.75,58284000000,3,Thursday,,
2005-09-02,00:00:00,92.75,93.0,92.05,92.31,81024000000,4,Friday,,
2005-09-05,00:00:00,92.31,92.37,91.72,91.91,34164000000,0,Monday,0.0,0.0
2005-09-06,00:00:00,91.91,92.49,91.6,92.19,64359000000,1,Tuesday,,
2005-09-07,00:00:00,92.19,92.97,91.89,92.63,76650000000,2,Wednesday,,
2005-09-08,00:00:00,92.63,93.55,92.52,93.51,63371000000,3,Thursday,,
2005-09-09,00:00:00,93.51,93.86,93.03,93.06,74154000000,4,Friday,,
2005-09-12,00:00:00,93.06,93.08,92.57,92.92,33568000000,0,Monday,0.0,0.0
2005-09-13,00:00:00,92.92,94.0,92.76,93.61,69084000000,1,Tuesday,,
2005-09-14,00:00:00,93.61,93.8,92.97,93.48,70048000000,2,Wednesday,,
2005-09-15,00:00:00,93.46,93.6,92.76,93.35,75108000000,3,Thursday,,
2005-09-16,00:00:00,93.35,94.5,93.26,94.35,70806000000,4,Friday,,
2005-09-19,00:00:00,94.35,95.52,94.16,95.47,64500000000,0,Monday,0.0,0.0
2005-09-20,00:00:00,95.47,95.77,95.12,95.6,70962000000,1,Tuesday,,
2005-09-21,00:00:00,95.6,95.82,94.97,95.3,71388000000,2,Wednesday,,
2005-09-22,00:00:00,95.3,95.78,95.22,95.34,73411000000,3,Thursday,,
2005-09-23,00:00:00,95.34,96.12,94.92,96.05,48951000000,4,Friday,,
2005-09-26,00:00:00,95.77,96.04,95.26,95.61,7218000000,0,Monday,-0.28,-0.29151
2005-09-27,00:00:00,95.61,96.55,95.61,96.17,9919000000,1,Tuesday,,
2005-09-28,00:00:00,96.17,96.47,95.69,96.33,8476000000,2,Wednesday,,
2005-09-29,00:00:00,96.33,96.65,95.9,96.45,7511000000,3,Thursday,,
2005-09-30,00:00:00,96.45,97.9,96.29,97.57,11442000000,4,Friday,,
2005-10-03,00:00:00,97.57,98.21,97.57,97.89,11849000000,0,Monday,0.0,0.0
2005-10-04,00:00:00,97.89,98.14,97.3,97.4,12564000000,1,Tuesday,,
2005-10-05,00:00:00,97.4,97.55,96.27,96.4,16656000000,2,Wednesday,,
2005-10-06,00:00:00,96.4,96.66,95.67,95.89,20472000000,3,Thursday,,
2005-10-07,00:00:00,95.89,97.04,95.89,96.73,12801000000,4,Friday,,
2005-10-10,00:00:00,96.73,97.44,96.61,97.06,6327000000,0,Monday,0.0,0.0
2005-10-11,00:00:00,97.06,97.49,96.52,97.38,12878000000,1,Tuesday,,
2005-10-12,00:00:00,97.38,97.83,97.26,97.58,11590000000,2,Wednesday,,
2005-10-13,00:00:00,97.58,98.0,96.58,96.79,60310000000,3,Thursday,,
2005-10-14,00:00:00,96.79,97.15,95.96,96.1,91036000000,4,Friday,,
2005-10-17,00:00:00,96.1,97.49,96.1,97.38,69031000000,0,Monday,0.0,0.0
2005-10-18,00:00:00,97.38,98.29,97.38,98.21,71061000000,1,Tuesday,,
2005-10-19,00:00:00,98.21,98.52,97.84,98.09,73712000000,2,Wednesday,,
2005-10-20,00:00:00,98.09,98.62,97.83,97.92,48567000000,3,Thursday,,
2005-10-21,00:00:00,97.92,98.17,97.52,97.56,40712000000,4,Friday,,
2005-10-24,00:00:00,97.56,97.74,96.78,97.23,75001000000,0,Monday,0.0,0.0
2005-10-25,00:00:00,97.23,97.99,97.15,97.84,105045000000,1,Tuesday,,
2005-10-26,00:00:00,97.84,99.11,97.65,99.11,90414000000,2,Wednesday,,
2005-10-27,00:00:00,99.11,99.32,98.39,98.48,92004000000,3,Thursday,,
2005-10-28,00:00:00,98.48,98.62,97.94,98.27,70551000000,4,Friday,,
2005-10-31,00:00:00,98.27,98.94,98.11,98.44,64608000000,0,Monday,0.0,0.0
2005-11-01,00:00:00,98.44,99.37,98.42,99.31,81972000000,1,Tuesday,,
2005-11-02,00:00:00,99.31,99.44,98.82,99.07,55921000000,2,Wednesday,,
2005-11-03,00:00:00,99.07,99.46,98.94,99.16,59972000000,3,Thursday,,
2005-11-04,00:00:00,99.19,100.57,99.17,99.95,51473000000,4,Friday,,
2005-11-07,00:00:00,99.95,99.95,98.68,99.16,113219000000,0,Monday,0.0,0.0
2005-11-08,00:00:00,99.16,99.16,98.21,99.0,171276000000,1,Tuesday,,
2005-11-09,00:00:00,99.0,99.33,98.45,99.0,124077000000,2,Wednesday,,
2005-11-10,00:00:00,99.0,99.71,98.96,99.24,127048000000,3,Thursday,,
2005-11-11,00:00:00,99.24,99.28,98.9,99.18,78530000000,4,Friday,,
2005-11-14,00:00:00,99.18,99.65,98.86,99.58,216976000000,0,Monday,0.0,0.0
2005-11-15,00:00:00,99.58,99.84,99.35,99.69,4638504000000,1,Tuesday,,
2005-11-16,00:00:00,99.69,100.1,99.57,99.83,2376965000000,2,Wednesday,,
2005-11-17,00:00:00,99.83,100.14,99.36,100.03,2083976000000,3,Thursday,,
2005-11-18,00:00:00,100.03,100.393,99.786,100.126,762177480780,4,Friday,,
2005-11-21,00:00:00,100.135,100.79,99.8,100.65,1893803829860,0,Monday,0.009,0.00899
2005-11-22,00:00:00,100.65,101.44,100.53,101.11,1975334000000,1,Tuesday,,
2005-11-23,00:00:00,101.11,101.46,100.74,101.25,2599093000000,2,Wednesday,,
2005-11-24,00:00:00,101.25,101.59,101.16,101.45,2229979000000,3,Thursday,,
2005-11-25,00:00:00,101.45,102.455,101.42,102.234,819074283810,4,Friday,,
2005-11-28,00:00:00,102.27,102.57,101.48,101.78,1982101000000,0,Monday,0.036,0.03521
2005-11-29,00:00:00,101.78,102.4,101.63,102.35,2037884000000,1,Tuesday,,
2005-11-30,00:00:00,102.35,102.88,102.05,102.75,2143890000000,2,Wednesday,,
2005-12-01,00:00:00,102.75,103.61,102.45,103.4,2095348000000,3,Thursday,,
2005-12-02,00:00:00,103.4,104.201,103.178,103.699,713689946140,4,Friday,,
2005-12-05,00:00:00,103.73,104.59,103.73,104.4,1377846000000,0,Monday,0.031,0.02989
2005-12-06,00:00:00,104.4,105.04,104.33,104.41,1961066000000,1,Tuesday,,
2005-12-07,00:00:00,104.41,104.6,103.86,104.33,1938352000000,2,Wednesday,,
2005-12-08,00:00:00,104.33,104.44,103.52,103.84,2112551000000,3,Thursday,,
2005-12-09,00:00:00,103.84,104.325,103.589,104.222,799942245680,4,Friday,,
2005-12-12,00:00:00,104.25,104.68,103.73,104.06,1951849000000,0,Monday,0.028,0.02687
2005-12-13,00:00:00,104.06,104.5,104.0,104.26,2066013000000,1,Tuesday,,
2005-12-14,00:00:00,104.26,104.5,101.23,101.89,1586905000000,2,Wednesday,,
2005-12-15,00:00:00,101.89,102.23,100.06,100.29,1734491000000,3,Thursday,,
2005-12-16,00:00:00,100.29,100.813,99.644,99.744,811300980660,4,Friday,,
2005-12-19,00:00:00,99.79,100.62,99.16,99.28,1750248000000,0,Monday,0.046,0.04612
2005-12-20,00:00:00,99.28,100.02,99.16,99.98,1878219000000,1,Tuesday,,
2005-12-21,00:00:00,99.98,100.71,99.57,100.71,1678775000000,2,Wednesday,,
2005-12-22,00:00:00,100.71,100.85,99.65,100.08,2054119000000,3,Thursday,,
2005-12-23,00:00:00,100.08,100.165,99.483,99.643,740662549770,4,Friday,,
2005-12-27,00:00:00,99.67,100.44,99.67,100.07,1361660000000,1,Tuesday,,
2005-12-28,00:00:00,100.07,101.28,99.9,101.12,1782936000000,2,Wednesday,,
2005-12-29,00:00:00,101.12,101.35,100.84,101.2,1684231000000,3,Thursday,,
2005-12-30,00:00:00,101.2,101.555,100.556,101.273,727490229830,4,Friday,,
2006-01-03,00:00:00,101.3,101.3,100.34,100.48,1563363000000,1,Tuesday,,
2006-01-04,00:00:00,100.48,101.26,99.95,101.14,1215862000000,2,Wednesday,,
2006-01-05,00:00:00,101.14,101.47,99.48,99.74,1182230000000,3,Thursday,,
2006-01-06,00:00:00,99.74,99.95,97.905,98.16,700805583730,4,Friday,,
2006-01-09,00:00:00,98.19,98.25,97.13,97.98,1109084000000,0,Monday,0.03,0.03056
2006-01-10,00:00:00,97.98,98.59,97.57,98.01,1117503000000,1,Tuesday,,
2006-01-11,00:00:00,98.01,98.63,97.95,98.47,3115607000000,2,Wednesday,,
2006-01-12,00:00:00,98.47,98.69,97.83,98.38,3534260000000,3,Thursday,,
2006-01-13,00:00:00,98.38,98.861,98.181,98.341,806272344600,4,Friday,,
2006-01-16,00:00:00,98.38,99.33,98.11,99.23,3602147000000,0,Monday,0.039,0.03966
2006-01-17,00:00:00,99.23,99.71,98.92,99.2,3209337000000,1,Tuesday,,
2006-01-18,00:00:00,99.2,99.67,98.12,98.41,3506461000000,2,Wednesday,,
2006-01-19,00:00:00,98.41,99.26,97.59,99.2,3455174000000,3,Thursday,,
2006-01-20,00:00:00,99.2,100.18,98.722,100.015,761782485820,4,Friday,,
2006-01-23,00:00:00,100.03,100.03,99.19,99.51,1682775000000,0,Monday,0.015,0.015
2006-01-24,00:00:00,99.51,99.85,98.86,99.59,1506773000000,1,Tuesday,,
2006-01-25,00:00:00,99.59,100.83,99.53,100.64,1594128000000,2,Wednesday,,
2006-01-26,00:00:00,100.64,101.3,100.13,101.15,1764719000000,3,Thursday,,
2006-01-27,00:00:00,101.15,102.233,100.897,101.857,740750694810,4,Friday,,
2006-01-30,00:00:00,101.9,102.88,101.81,102.67,1074884000000,0,Monday,0.043,0.04222
2006-01-31,00:00:00,102.67,103.16,101.98,102.86,1586675000000,1,Tuesday,,
2006-02-01,00:00:00,102.86,103.68,102.69,103.36,1494760000000,2,Wednesday,,
2006-02-02,00:00:00,103.36,103.88,103.21,103.53,1737084000000,3,Thursday,,
2006-02-03,00:00:00,103.53,104.015,103.159,103.735,723509480440,4,Friday,,
2006-02-06,00:00:00,103.78,104.09,103.48,103.78,1535893000000,0,Monday,0.045,0.04338
2006-02-07,00:00:00,103.78,103.92,102.14,102.2,1568640000000,1,Tuesday,,
2006-02-08,00:00:00,102.2,103.26,101.84,103.11,1581706000000,2,Wednesday,,
2006-02-09,00:00:00,103.11,103.84,102.91,103.75,1958319000000,3,Thursday,,
2006-02-10,00:00:00,103.75,103.78,101.587,102.198,752435628830,4,Friday,,
2006-02-13,00:00:00,102.24,102.41,101.74,101.92,1577134000000,0,Monday,0.042,0.0411
2006-02-14,00:00:00,101.92,102.11,101.15,101.78,1747712000000,1,Tuesday,,
2006-02-15,00:00:00,101.78,102.34,101.33,101.91,1676201000000,2,Wednesday,,
2006-02-16,00:00:00,101.91,102.03,101.54,101.6,1781245000000,3,Thursday,,
2006-02-17,00:00:00,101.6,102.935,101.39,102.602,729024641970,4,Friday,,
2006-02-20,00:00:00,102.64,103.11,102.48,103.05,1789622000000,0,Monday,0.038,0.03704
2006-02-21,00:00:00,103.05,103.84,103.0,103.49,1510259000000,1,Tuesday,,
2006-02-22,00:00:00,103.49,103.56,103.0,103.18,1665003000000,2,Wednesday,,
2006-02-23,00:00:00,103.18,103.18,101.44,101.59,1535672000000,3,Thursday,,
2006-02-24,00:00:00,101.59,101.88,100.934,101.69,736810928190,4,Friday,,
2006-02-27,00:00:00,101.73,101.94,100.54,101.79,1607519000000,0,Monday,0.04,0.03934
2006-02-28,00:00:00,101.79,102.15,101.7,101.83,2148218000000,1,Tuesday,,
2006-03-01,00:00:00,101.83,102.48,101.57,102.27,1522438000000,2,Wednesday,,
2006-03-02,00:00:00,102.27,102.68,102.07,102.4,1452808000000,3,Thursday,,
2006-03-03,00:00:00,102.4,102.97,102.06,102.612,734133718790,4,Friday,,
2006-03-06,00:00:00,102.64,103.4,102.26,103.22,1520960000000,0,Monday,0.028,0.02729
2006-03-07,00:00:00,103.22,103.28,102.39,102.46,1896649000000,1,Tuesday,,
2006-03-08,00:00:00,102.46,102.53,101.58,101.9,2119308000000,2,Wednesday,,
2006-03-09,00:00:00,101.9,102.45,101.13,101.89,1880888000000,3,Thursday,,
2006-03-10,00:00:00,101.89,102.635,101.556,102.524,772184521290,4,Friday,,
2006-03-13,00:00:00,102.55,102.8,101.91,102.56,1997675000000,0,Monday,0.026,0.02536
2006-03-14,00:00:00,102.56,102.6,101.42,101.58,1981735000000,1,Tuesday,,
2006-03-15,00:00:00,101.58,101.9,101.43,101.65,1626771000000,2,Wednesday,,
2006-03-16,00:00:00,101.65,102.04,101.28,101.36,1432000000000,3,Thursday,,
2006-03-17,00:00:00,101.36,101.42,99.819,100.037,756024863450,4,Friday,,
2006-03-20,00:00:00,100.08,100.52,99.01,100.24,1512760000000,0,Monday,0.043,0.04298
2006-03-21,00:00:00,100.24,100.85,99.52,100.66,1785561000000,1,Tuesday,,
2006-03-22,00:00:00,100.66,100.81,99.77,100.28,1623562000000,2,Wednesday,,
2006-03-23,00:00:00,100.28,101.23,100.03,101.17,1798910000000,3,Thursday,,
2006-03-24,00:00:00,101.17,101.47,100.408,100.559,747190574680,4,Friday,,
2006-03-27,00:00:00,100.6,100.74,99.32,99.85,1914610000000,0,Monday,0.041,0.04077
2006-03-28,00:00:00,99.85,100.81,99.45,100.72,1964009000000,1,Tuesday,,
2006-03-29,00:00:00,100.72,100.83,100.16,100.51,1257414000000,2,Wednesday,,
2006-03-30,00:00:00,100.51,101.42,100.35,101.17,1368993000000,3,Thursday,,
2006-03-31,00:00:00,101.17,101.45,100.598,100.743,674887043500,4,Friday,,
2006-04-01,00:00:00,100.725,100.795,100.47,100.732,17660608310,5,Saturday,,
2006-04-03,00:00:00,100.77,101.38,100.26,100.47,1913903000000,0,Monday,0.038,0.03772
2006-04-04,00:00:00,100.47,101.06,100.02,101.04,2029497000000,1,Tuesday,,
2006-04-05,00:00:00,101.04,101.39,100.36,101.02,2235334000000,2,Wednesday,,
2006-04-06,00:00:00,101.02,102.31,100.95,102.14,2108935000000,3,Thursday,,
2006-04-07,00:00:00,102.14,103.202,101.616,102.873,726172065080,4,Friday,,
2006-04-10,00:00:00,102.89,103.5,102.63,103.03,1337081000000,0,Monday,0.017,0.01653
2006-04-11,00:00:00,103.03,103.75,102.95,103.46,2078864000000,1,Tuesday,,
2006-04-12,00:00:00,103.46,103.46,102.91,103.3,1635070000000,2,Wednesday,,
2006-04-13,00:00:00,103.3,103.54,102.69,102.99,1752478000000,3,Thursday,,
2006-04-14,00:00:00,102.99,103.24,102.855,102.943,683368567850,4,Friday,,
2006-04-17,00:00:00,103.0,103.17,102.57,102.84,1291043000000,0,Monday,0.057,0.05537
2006-04-18,00:00:00,102.84,103.24,102.63,102.71,1415924000000,1,Tuesday,,
2006-04-19,00:00:00,102.71,103.66,102.37,103.24,1216738000000,2,Wednesday,,
2006-04-20,00:00:00,103.24,103.65,102.9,103.2,1177887000000,3,Thursday,,
2006-04-21,00:00:00,103.2,103.513,102.35,102.471,730350910580,4,Friday,,
2006-04-24,00:00:00,102.5,102.5,100.52,100.74,1622079000000,0,Monday,0.029,0.0283
2006-04-25,00:00:00,100.74,101.61,100.48,101.47,1964598000000,1,Tuesday,,
2006-04-26,00:00:00,101.47,102.11,101.42,101.68,1526059000000,2,Wednesday,,
2006-04-27,00:00:00,101.68,101.97,101.16,101.62,1837000000000,3,Thursday,,
2006-04-28,00:00:00,101.62,101.95,101.339,101.868,735619288940,4,Friday,,
2006-05-01,00:00:00,101.91,102.01,100.82,101.81,1863731000000,0,Monday,0.042,0.04123
2006-05-02,00:00:00,101.81,102.77,101.81,102.45,1703702000000,1,Tuesday,,
2006-05-03,00:00:00,102.45,102.84,102.27,102.45,2089176000000,2,Wednesday,,
2006-05-04,00:00:00,102.45,102.82,102.19,102.64,2077396000000,3,Thursday,,
2006-05-05,00:00:00,102.64,102.821,101.256,101.783,717553813900,4,Friday,,
2006-05-08,00:00:00,101.8,101.8,100.06,100.39,1497256000000,0,Monday,0.017,0.0167
2006-05-09,00:00:00,100.39,101.29,99.96,100.97,1595618000000,1,Tuesday,,
2006-05-10,00:00:00,100.97,101.07,100.04,100.42,1572331000000,2,Wednesday,,
2006-05-11,00:00:00,100.42,100.93,100.15,100.3,1770862000000,3,Thursday,,
2006-05-12,00:00:00,100.3,100.4,99.038,99.103,649864437980,4,Friday,,
2006-05-15,00:00:00,99.083,99.31,98.28,99.28,397647359380,0,Monday,-0.02,-0.02018
2006-05-16,00:00:00,99.28,99.46,98.65,99.15,388465000000,1,Tuesday,,
2006-05-17,00:00:00,99.15,100.03,98.56,99.6,417647000000,2,Wednesday,,
2006-05-18,00:00:00,99.6,99.9,98.43,98.88,299068000000,3,Thursday,,
2006-05-19,00:00:00,98.88,99.943,98.695,99.853,660250524740,4,Friday,,
2006-05-22,00:00:00,99.822,100.29,99.542,99.97,443735692630,0,Monday,-0.031,-0.03105
2006-05-23,00:00:00,99.97,100.15,99.24,99.51,533674000000,1,Tuesday,,
2006-05-24,00:00:00,99.51,100.79,99.41,100.79,555074000000,2,Wednesday,,
2006-05-25,00:00:00,100.79,101.23,100.39,100.93,396498000000,3,Thursday,,
2006-05-26,00:00:00,100.93,101.858,100.501,101.743,669972542650,4,Friday,,
2006-05-29,00:00:00,101.76,101.93,101.37,101.62,537360266850,0,Monday,0.017,0.01671
2006-05-30,00:00:00,101.62,102.16,101.26,102.05,555470000000,1,Tuesday,,
2006-05-31,00:00:00,102.05,102.54,101.6,102.21,495078000000,2,Wednesday,,
2006-06-01,00:00:00,102.21,102.52,101.75,102.14,541651000000,3,Thursday,,
2006-06-02,00:00:00,102.14,102.28,101.243,101.428,687483315890,4,Friday,,
2006-06-05,00:00:00,101.426,101.77,101.113,101.26,506177037220,0,Monday,-0.002,-0.00197
2006-06-06,00:00:00,101.26,101.86,101.12,101.79,556914000000,1,Tuesday,,
2006-06-07,00:00:00,101.79,102.12,101.47,101.98,544472000000,2,Wednesday,,
2006-06-08,00:00:00,101.98,102.44,101.53,101.67,1630951000000,3,Thursday,,
2006-06-09,00:00:00,101.67,103.075,101.377,102.94,692504512100,4,Friday,,
2006-06-12,00:00:00,102.934,104.15,102.872,104.03,504884502220,0,Monday,-0.006,-0.00583
2006-06-13,00:00:00,104.03,104.27,103.53,103.63,323096000000,1,Tuesday,,
2006-06-14,00:00:00,103.63,103.63,102.95,103.25,512345000000,2,Wednesday,,
2006-06-15,00:00:00,103.25,103.37,102.65,103.24,466554000000,3,Thursday,,
2006-06-16,00:00:00,103.24,103.272,102.146,102.528,673397386510,4,Friday,,
2006-06-19,00:00:00,102.513,103.15,102.451,103.11,566701307280,0,Monday,-0.015,-0.01463
2006-06-20,00:00:00,103.11,103.11,102.15,102.75,546139000000,1,Tuesday,,
2006-06-21,00:00:00,102.75,104.03,102.51,103.6,544592000000,2,Wednesday,,
2006-06-22,00:00:00,103.6,104.09,103.43,103.89,548212000000,3,Thursday,,
2006-06-23,00:00:00,103.89,103.92,102.89,103.773,687370358450,4,Friday,,
2006-06-26,00:00:00,103.762,103.97,103.25,103.47,565758453320,0,Monday,-0.011,-0.0106
2006-06-27,00:00:00,103.47,103.86,103.26,103.48,544860000000,1,Tuesday,,
2006-06-28,00:00:00,103.48,103.82,103.17,103.66,695850000000,2,Wednesday,,
2006-06-29,00:00:00,103.66,104.43,103.33,103.69,2310565000000,3,Thursday,,
2006-06-30,00:00:00,103.69,103.83,102.271,102.502,874432525930,4,Friday,,
2006-07-03,00:00:00,102.53,103.54,102.15,103.15,2184701000000,0,Monday,0.028,0.02732
2006-07-04,00:00:00,103.15,103.76,102.82,103.72,2362656000000,1,Tuesday,,
2006-07-05,00:00:00,103.72,104.2,103.52,104.04,2303642000000,2,Wednesday,,
2006-07-06,00:00:00,104.04,104.08,103.34,103.46,2331999000000,3,Thursday,,
2006-07-07,00:00:00,103.46,103.675,102.12,102.283,733325304020,4,Friday,,
2006-07-10,00:00:00,102.3,102.3,101.09,101.65,2155553000000,0,Monday,0.017,0.01662
2006-07-11,00:00:00,101.65,101.86,100.59,100.86,2327012000000,1,Tuesday,,
2006-07-12,00:00:00,100.86,101.89,100.84,101.83,2320968000000,2,Wednesday,,
2006-07-13,00:00:00,101.83,102.13,101.55,101.98,2325258000000,3,Thursday,,
2006-07-14,00:00:00,101.98,103.25,101.886,102.855,896001360810,4,Friday,,
2006-07-17,00:00:00,102.86,103.76,102.86,103.11,2160630000000,0,Monday,0.005,0.00486
2006-07-18,00:00:00,103.11,103.63,102.83,103.19,2302711000000,1,Tuesday,,
2006-07-19,00:00:00,103.19,103.59,102.81,102.97,2336278000000,2,Wednesday,,
2006-07-20,00:00:00,102.97,103.51,102.81,103.31,2323411000000,3,Thursday,,
2006-07-21,00:00:00,103.31,103.34,101.88,102.08,2318416000000,4,Friday,,
2006-07-24,00:00:00,102.08,102.48,101.82,102.24,2172954000000,0,Monday,0.0,0.0
2006-07-25,00:00:00,102.24,102.81,102.12,102.68,2336598000000,1,Tuesday,,
2006-07-26,00:00:00,102.68,102.88,102.19,102.43,2329602000000,2,Wednesday,,
2006-07-27,00:00:00,102.43,102.64,101.68,101.97,2300700000000,3,Thursday,,
2006-07-28,00:00:00,101.97,102.14,101.175,101.255,888581964010,4,Friday,,
2006-07-31,00:00:00,101.28,101.8,101.05,101.33,2154516000000,0,Monday,0.025,0.02469
2006-08-01,00:00:00,101.33,101.65,101.02,101.31,2314504000000,1,Tuesday,,
2006-08-02,00:00:00,101.31,101.87,101.03,101.75,2110238000000,2,Wednesday,,
2006-08-03,00:00:00,101.75,102.44,101.66,101.95,2351415000000,3,Thursday,,
2006-08-04,00:00:00,101.95,102.445,100.975,101.463,530898133560,4,Friday,,
2006-08-07,00:00:00,101.48,102.9,101.34,102.84,1747724000000,0,Monday,0.017,0.01675
2006-08-08,00:00:00,102.84,103.0,102.33,102.62,2186497000000,1,Tuesday,,
2006-08-09,00:00:00,102.62,103.03,102.5,102.95,3521257000000,2,Wednesday,,
2006-08-10,00:00:00,102.95,103.07,102.19,102.19,2009256000000,3,Thursday,,
2006-08-11,00:00:00,102.19,103.8,102.09,103.33,829948255350,4,Friday,,
2006-08-15,00:00:00,103.35,103.53,102.81,103.47,1746402000000,1,Tuesday,,
2006-08-16,00:00:00,103.47,103.83,103.21,103.47,1888194000000,2,Wednesday,,
2006-08-17,00:00:00,103.47,103.52,102.98,103.3,1881222000000,3,Thursday,,
2006-08-18,00:00:00,103.3,103.425,102.664,102.81,840691443870,4,Friday,,
2006-08-21,00:00:00,102.86,103.73,102.77,103.63,1751262000000,0,Monday,0.05,0.04863
2006-08-22,00:00:00,103.63,104.68,103.59,104.43,1878256000000,1,Tuesday,,
2006-08-23,00:00:00,104.43,105.21,104.11,104.58,1874219000000,2,Wednesday,,
2006-08-24,00:00:00,104.58,105.08,104.5,105.02,1882238000000,3,Thursday,,
2006-08-25,00:00:00,105.02,106.033,104.85,105.688,833832662980,4,Friday,,
2006-08-28,00:00:00,105.71,105.87,105.32,105.37,1753561000000,0,Monday,0.022,0.02082
2006-08-29,00:00:00,105.37,105.64,105.02,105.27,1875738000000,1,Tuesday,,
2006-08-30,00:00:00,105.27,105.88,105.19,105.59,862887000000,2,Wednesday,,
2006-08-31,00:00:00,105.59,106.37,105.4,106.36,106890000000,3,Thursday,,
2006-09-01,00:00:00,106.36,106.36,105.83,105.99,89562000000,4,Friday,,
2006-09-04,00:00:00,105.99,105.99,103.8,104.86,51997000000,0,Monday,0.0,0.0
2006-09-05,00:00:00,104.86,104.94,103.8,104.36,70047000000,1,Tuesday,,
2006-09-06,00:00:00,104.36,105.67,104.25,105.47,75745000000,2,Wednesday,,
2006-09-07,00:00:00,105.47,105.92,104.725,104.84,81910000000,3,Thursday,,
2006-09-08,00:00:00,104.81,104.94,104.16,104.34,56104000000,4,Friday,,
2006-09-11,00:00:00,104.34,105.03,103.98,104.87,69833000000,0,Monday,0.0,0.0
2006-09-12,00:00:00,104.87,105.53,104.66,105.27,84988000000,1,Tuesday,,
2006-09-13,00:00:00,105.24,105.31,104.605,105.01,69086000000,2,Wednesday,,
2006-09-14,00:00:00,105.01,105.72,104.8,105.27,82279000000,3,Thursday,,
2006-09-15,00:00:00,105.27,105.65,104.62,105.0,85131000000,4,Friday,,
2006-09-18,00:00:00,105.0,105.8,104.78,105.44,76528000000,0,Monday,0.0,0.0
2006-09-19,00:00:00,105.44,105.62,104.14,104.43,101670000000,1,Tuesday,,
2006-09-20,00:00:00,104.42,104.44,103.66,104.09,68249000000,2,Wednesday,,
2006-09-21,00:00:00,104.05,104.42,103.75,103.91,89911000000,3,Thursday,,
2006-09-22,00:00:00,103.91,104.54,103.7,104.25,83272000000,4,Friday,,
2006-09-25,00:00:00,104.18,104.61,103.96,104.37,72282000000,0,Monday,-0.07,-0.06715
2006-09-26,00:00:00,104.37,105.28,104.08,105.06,95494000000,1,Tuesday,,
2006-09-27,00:00:00,105.06,105.92,104.77,105.655,108719000000,2,Wednesday,,
2006-09-28,00:00:00,105.65,106.3,105.52,105.98,95067000000,3,Thursday,,
2006-09-29,00:00:00,105.98,106.16,105.41,105.65,103752000000,4,Friday,,
2006-10-01,00:00:00,105.65,105.67,105.56,105.63,433000000,6,Sunday,,
2006-10-02,00:00:00,105.64,105.92,105.23,105.47,89625000000,0,Monday,0.01,0.00947
2006-10-03,00:00:00,105.48,105.51,104.955,105.06,82028000000,1,Tuesday,,
2006-10-04,00:00:00,105.06,105.32,104.41,104.58,100998000000,2,Wednesday,,
2006-10-05,00:00:00,104.58,104.77,104.1,104.57,86639000000,3,Thursday,,
2006-10-06,00:00:00,104.58,105.75,104.48,105.71,87631000000,4,Friday,,
2006-10-09,00:00:00,105.71,106.24,105.465,106.03,23749000000,0,Monday,0.0,0.0
2006-10-10,00:00:00,106.03,106.28,105.505,105.53,44117000000,1,Tuesday,,
2006-10-11,00:00:00,105.52,105.63,105.04,105.16,40194000000,2,Wednesday,,
2006-10-12,00:00:00,105.16,105.35,104.97,105.2,28883000000,3,Thursday,,
2006-10-13,00:00:00,105.2,105.42,105.02,105.15,30631000000,4,Friday,,
2006-10-16,00:00:00,105.15,105.34,104.57,104.66,35403000000,0,Monday,0.0,0.0
2006-10-17,00:00:00,104.66,104.74,103.78,103.79,42024000000,1,Tuesday,,
2006-10-18,00:00:00,103.78,104.78,103.72,104.63,39612000000,2,Wednesday,,
2006-10-19,00:00:00,104.63,104.87,104.17,104.77,39969000000,3,Thursday,,
2006-10-20,00:00:00,104.77,105.68,104.735,105.45,44325000000,4,Friday,,
2006-10-22,00:00:00,105.49,105.49,105.47,105.47,13000000,6,Sunday,,
2006-10-23,00:00:00,105.49,105.97,105.32,105.74,68277000000,0,Monday,0.02,0.01896
2006-10-24,00:00:00,105.74,105.99,105.57,105.92,71187000000,1,Tuesday,,
2006-10-25,00:00:00,105.92,106.03,105.45,105.91,73827000000,2,Wednesday,,
2006-10-26,00:00:00,105.91,105.94,104.9,105.43,91929000000,3,Thursday,,
2006-10-27,00:00:00,105.43,105.75,104.672,104.952,624507764800,4,Friday,,
2006-10-30,00:00:00,104.99,105.02,104.19,104.31,75534000000,0,Monday,0.038,0.03621
2006-10-31,00:00:00,104.31,104.7,103.92,104.19,101076000000,1,Tuesday,,
2006-11-01,00:00:00,104.19,104.34,103.02,103.35,78560000000,2,Wednesday,,
2006-11-02,00:00:00,103.35,103.74,102.93,103.33,96998000000,3,Thursday,,
2006-11-03,00:00:00,103.36,104.65,103.09,104.49,65739000000,4,Friday,,
2006-11-06,00:00:00,104.48,104.85,104.09,104.69,64544000000,0,Monday,-0.01,-0.00957
2006-11-07,00:00:00,104.69,104.77,103.9,104.15,85376000000,1,Tuesday,,
2006-11-08,00:00:00,104.15,104.51,103.83,104.3,78879000000,2,Wednesday,,
2006-11-09,00:00:00,104.3,104.75,104.095,104.37,84862000000,3,Thursday,,
2006-11-10,00:00:00,104.37,104.42,103.59,103.82,81834000000,4,Friday,,
2006-11-13,00:00:00,103.87,104.05,103.48,103.83,74678000000,0,Monday,0.05,0.04816
2006-11-14,00:00:00,103.83,103.87,103.05,103.36,84067000000,1,Tuesday,,
2006-11-15,00:00:00,103.36,103.79,103.24,103.59,91388000000,2,Wednesday,,
2006-11-16,00:00:00,103.59,103.8,103.4,103.45,93404000000,3,Thursday,,
2006-11-17,00:00:00,103.45,103.69,102.525,102.62,100042000000,4,Friday,,
2006-11-20,00:00:00,102.64,103.31,102.64,102.94,131793000000,0,Monday,0.02,0.01949
2006-11-21,00:00:00,102.94,103.14,102.63,102.84,145584000000,1,Tuesday,,
2006-11-22,00:00:00,102.84,102.89,102.02,102.24,193602000000,2,Wednesday,,
2006-11-23,00:00:00,102.24,102.31,101.62,101.84,107397000000,3,Thursday,,
2006-11-24,00:00:00,101.84,102.33,101.55,102.055,135228000000,4,Friday,,
2006-11-27,00:00:00,102.055,102.69,101.825,102.4,150702000000,0,Monday,0.0,0.0
2006-11-28,00:00:00,102.4,103.0,102.25,102.71,139174000000,1,Tuesday,,
2006-11-29,00:00:00,102.69,102.81,101.73,102.23,153572000000,2,Wednesday,,
2006-11-30,00:00:00,102.23,102.35,101.135,101.53,179384000000,3,Thursday,,
2006-12-01,00:00:00,101.53,102.08,100.555,100.76,88259000000,4,Friday,,
2006-12-04,00:00:00,100.76,101.33,100.565,101.04,61670000000,0,Monday,0.0,0.0
2006-12-05,00:00:00,101.04,101.14,100.29,100.55,61460000000,1,Tuesday,,
2006-12-06,00:00:00,100.55,100.79,100.115,100.37,61264000000,2,Wednesday,,
2006-12-07,00:00:00,100.37,100.505,99.965,100.23,57170000000,3,Thursday,,
2006-12-08,00:00:00,100.23,101.345,100.03,101.18,63504000000,4,Friday,,
2006-12-11,00:00:00,101.18,101.995,101.085,101.93,60353000000,0,Monday,0.0,0.0
2006-12-12,00:00:00,101.93,102.055,101.17,101.305,65568000000,1,Tuesday,,
2006-12-13,00:00:00,101.305,101.865,101.195,101.61,62196000000,2,Wednesday,,
2006-12-14,00:00:00,101.61,101.945,101.33,101.775,63501000000,3,Thursday,,
2006-12-15,00:00:00,101.775,102.39,101.43,102.035,65925000000,4,Friday,,
2006-12-18,00:00:00,102.035,102.265,101.675,102.06,49915000000,0,Monday,0.0,0.0
2006-12-19,00:00:00,102.06,102.51,101.865,102.435,56655000000,1,Tuesday,,
2006-12-20,00:00:00,102.435,103.34,102.305,103.08,85898000000,2,Wednesday,,
2006-12-21,00:00:00,103.075,103.24,102.33,102.415,97933000000,3,Thursday,,
2006-12-22,00:00:00,102.415,102.76,102.315,102.53,84840000000,4,Friday,,
2006-12-26,00:00:00,102.53,102.68,102.435,102.565,18408000000,1,Tuesday,,
2006-12-27,00:00:00,102.565,102.585,101.68,102.25,74436000000,2,Wednesday,,
2006-12-28,00:00:00,102.27,102.65,102.065,102.46,97601000000,3,Thursday,,
2006-12-29,00:00:00,102.46,102.715,101.98,102.105,48895000000,4,Friday,,
2007-01-02,00:00:00,102.105,102.18,101.765,101.95,78962000000,1,Tuesday,,
2007-01-03,00:00:00,101.95,102.29,101.695,101.705,111606000000,2,Wednesday,,
2007-01-04,00:00:00,101.705,101.91,101.015,101.085,155072000000,3,Thursday,,
2007-01-05,00:00:00,101.085,101.23,100.235,101.12,140954000000,4,Friday,,
2007-01-08,00:00:00,101.12,101.17,100.525,101.055,160843000000,0,Monday,0.0,0.0
2007-01-09,00:00:00,101.055,101.54,101.02,101.4,170276000000,1,Tuesday,,
2007-01-10,00:00:00,101.4,101.93,101.13,101.85,164948000000,2,Wednesday,,
2007-01-11,00:00:00,101.85,102.9,101.75,102.28,207842000000,3,Thursday,,
2007-01-12,00:00:00,102.28,103.01,102.11,102.77,189147000000,4,Friday,,
2007-01-15,00:00:00,102.77,103.31,102.57,103.07,134927000000,0,Monday,0.0,0.0
2007-01-16,00:00:00,103.07,103.45,102.43,102.59,197219000000,1,Tuesday,,
2007-01-17,00:00:00,102.59,102.94,102.435,102.86,171460000000,2,Wednesday,,
2007-01-18,00:00:00,102.86,103.53,102.7,103.2,208160000000,3,Thursday,,
2007-01-19,00:00:00,103.2,103.65,103.12,103.35,156259000000,4,Friday,,
2007-01-22,00:00:00,103.35,103.68,102.765,102.89,135768000000,0,Monday,0.0,0.0
2007-01-23,00:00:00,102.89,103.14,102.29,102.985,180488000000,1,Tuesday,,
2007-01-24,00:00:00,103.0,103.17,102.03,102.75,217382000000,2,Wednesday,,
2007-01-25,00:00:00,102.75,102.83,101.95,102.45,244471000000,3,Thursday,,
2007-01-26,00:00:00,102.45,103.09,102.425,102.99,199382000000,4,Friday,,
2007-01-29,00:00:00,102.99,103.48,102.87,102.87,143997000000,0,Monday,0.0,0.0
2007-01-30,00:00:00,102.87,103.27,102.73,103.12,183904000000,1,Tuesday,,
2007-01-31,00:00:00,103.12,103.24,102.12,102.53,209539000000,2,Wednesday,,
2007-02-01,00:00:00,102.53,102.85,102.05,102.48,212939000000,3,Thursday,,
2007-02-02,00:00:00,102.48,102.53,101.956,102.207,671836260200,4,Friday,,
2007-02-05,00:00:00,102.26,102.29,101.545,101.73,102882000000,0,Monday,0.053,0.05186
2007-02-06,00:00:00,101.73,101.99,101.38,101.59,174655000000,1,Tuesday,,
2007-02-07,00:00:00,101.59,102.14,101.47,101.86,141698000000,2,Wednesday,,
2007-02-08,00:00:00,101.86,102.42,101.695,102.33,173932000000,3,Thursday,,
2007-02-09,00:00:00,102.32,103.84,102.25,103.745,134146000000,4,Friday,,
2007-02-12,00:00:00,103.75,104.1,103.505,103.71,77865000000,0,Monday,0.005,0.00482
2007-02-13,00:00:00,103.71,103.92,103.2,103.83,177317000000,1,Tuesday,,
2007-02-14,00:00:00,103.83,103.95,103.41,103.56,211305000000,2,Wednesday,,
2007-02-15,00:00:00,103.55,103.64,102.465,102.55,243782000000,3,Thursday,,
2007-02-16,00:00:00,102.55,102.7,102.325,102.63,189376000000,4,Friday,,
2007-02-19,00:00:00,102.63,102.89,102.36,102.67,81081000000,0,Monday,0.0,0.0
2007-02-20,00:00:00,102.67,103.28,102.35,102.525,185499000000,1,Tuesday,,
2007-02-21,00:00:00,102.525,104.29,102.29,104.24,198058000000,2,Wednesday,,
2007-02-22,00:00:00,104.23,104.77,104.105,104.61,170772000000,3,Thursday,,
2007-02-23,00:00:00,104.61,104.8,104.29,104.36,170760000000,4,Friday,,
2007-02-26,00:00:00,104.36,104.44,103.79,103.93,149750000000,0,Monday,0.0,0.0
2007-02-27,00:00:00,103.93,104.05,100.67,101.04,286828000000,1,Tuesday,,
2007-02-28,00:00:00,101.04,101.67,100.71,101.32,283613000000,2,Wednesday,,
2007-03-01,00:00:00,101.32,101.56,99.52,100.29,284771000000,3,Thursday,,
2007-03-02,00:00:00,100.29,100.54,99.02,99.18,172668000000,4,Friday,,
2007-03-05,00:00:00,99.18,99.25,97.53,97.79,370900000000,0,Monday,0.0,0.0
2007-03-06,00:00:00,97.79,99.23,97.49,99.05,312086000000,1,Tuesday,,
2007-03-07,00:00:00,99.05,99.45,98.4,98.42,179441000000,2,Wednesday,,
2007-03-08,00:00:00,98.41,99.54,98.035,99.26,267775000000,3,Thursday,,
2007-03-09,00:00:00,99.26,101.1,99.2,100.91,220782000000,4,Friday,,
2007-03-12,00:00:00,100.91,101.11,100.17,100.365,239137000000,0,Monday,0.0,0.0
2007-03-13,00:00:00,100.365,100.54,98.78,98.895,240678000000,1,Tuesday,,
2007-03-14,00:00:00,98.895,99.61,98.52,99.49,298404000000,2,Wednesday,,
2007-03-15,00:00:00,99.49,100.14,99.44,99.81,254686000000,3,Thursday,,
2007-03-16,00:00:00,99.82,99.84,99.101,99.172,806013562210,4,Friday,,
2007-03-18,00:00:00,99.066,99.183,98.701,98.79,20627681310,6,Sunday,,
2007-03-19,00:00:00,98.746,100.19,98.649,99.97,285292218020,0,Monday,-0.044,-0.04454
2007-03-20,00:00:00,99.97,101.11,99.69,100.97,238441000000,1,Tuesday,,
2007-03-21,00:00:00,100.97,101.86,100.85,101.65,206480000000,2,Wednesday,,
2007-03-22,00:00:00,101.65,102.175,101.375,101.94,273510000000,3,Thursday,,
2007-03-23,00:00:00,101.94,102.195,101.271,101.688,804903247750,4,Friday,,
2007-03-25,00:00:00,101.692,101.709,101.442,101.528,18042700620,6,Sunday,,
2007-03-26,00:00:00,101.518,101.93,101.27,101.62,312587356780,0,Monday,-0.01,-0.00985
2007-03-27,00:00:00,101.62,102.4,101.55,101.82,249011000000,1,Tuesday,,
2007-03-28,00:00:00,101.82,102.04,100.42,100.815,301250000000,2,Wednesday,,
2007-03-29,00:00:00,100.815,102.01,100.59,101.875,245001000000,3,Thursday,,
2007-03-30,00:00:00,101.88,102.755,101.415,102.067,270650955740,4,Friday,,
2007-04-02,00:00:00,101.99,102.46,101.66,101.9,274567087300,0,Monday,-0.077,-0.07544
2007-04-03,00:00:00,101.9,102.74,101.74,102.65,254161000000,1,Tuesday,,
2007-04-04,00:00:00,102.65,103.01,102.25,102.36,244968000000,2,Wednesday,,
2007-04-05,00:00:00,102.35,103.28,102.2,103.125,225788000000,3,Thursday,,
2007-04-06,00:00:00,103.125,103.77,103.0,103.55,123987116040,4,Friday,,
2007-04-09,00:00:00,103.57,103.72,103.415,103.47,99814289740,0,Monday,0.02,0.01931
2007-04-10,00:00:00,103.47,103.98,103.17,103.72,235335000000,1,Tuesday,,
2007-04-11,00:00:00,103.72,104.76,103.615,104.74,212478000000,2,Wednesday,,
2007-04-12,00:00:00,104.74,105.045,104.43,104.98,202993000000,3,Thursday,,
2007-04-13,00:00:00,104.98,105.085,104.155,104.76,125842925100,4,Friday,,
2007-04-16,00:00:00,104.958,106.01,104.735,105.79,213412345100,0,Monday,0.198,0.189
2007-04-17,00:00:00,105.79,105.83,105.085,105.13,273084000000,1,Tuesday,,
2007-04-18,00:00:00,105.13,105.33,104.42,105.21,303607000000,2,Wednesday,,
2007-04-19,00:00:00,105.21,105.23,104.01,104.86,305535000000,3,Thursday,,
2007-04-20,00:00:00,104.87,105.95,104.68,105.58,248855115140,4,Friday,,
2007-04-23,00:00:00,105.575,105.92,105.215,105.72,241012506250,0,Monday,-0.005,-0.00474
2007-04-24,00:00:00,105.72,106.23,105.11,105.71,273760000000,1,Tuesday,,
2007-04-25,00:00:00,105.71,106.605,105.445,106.445,228303000000,2,Wednesday,,
2007-04-26,00:00:00,106.445,106.84,106.245,106.58,293340000000,3,Thursday,,
2007-04-27,00:00:00,106.58,107.35,106.35,107.13,257425719560,4,Friday,,
2007-04-30,00:00:00,106.885,108.15,106.67,107.69,263931821520,0,Monday,-0.245,-0.22869
2007-05-01,00:00:00,107.71,108.23,107.505,107.865,314394000000,1,Tuesday,,
2007-05-02,00:00:00,107.87,108.5,107.4,108.3,325329000000,2,Wednesday,,
2007-05-03,00:00:00,108.32,108.86,108.205,108.73,217383000000,3,Thursday,,
2007-05-04,00:00:00,108.71,109.05,108.395,108.49,184192964300,4,Friday,,
2007-05-07,00:00:00,108.415,109.02,108.275,108.96,167868936980,0,Monday,-0.075,-0.06913
2007-05-08,00:00:00,108.96,109.03,108.17,108.62,250141000000,1,Tuesday,,
2007-05-09,00:00:00,108.62,108.67,108.04,108.67,305268000000,2,Wednesday,,
2007-05-10,00:00:00,108.67,108.93,107.82,107.87,333483000000,3,Thursday,,
2007-05-11,00:00:00,107.87,108.25,107.15,108.195,346158388810,4,Friday,,
2007-05-14,00:00:00,108.23,108.86,107.945,108.81,328363436430,0,Monday,0.035,0.03235
2007-05-15,00:00:00,108.81,109.805,108.485,109.45,319723000000,1,Tuesday,,
2007-05-16,00:00:00,109.42,109.76,109.09,109.36,307751000000,2,Wednesday,,
2007-05-17,00:00:00,109.38,110.55,109.275,110.26,275973000000,3,Thursday,,
2007-05-18,00:00:00,110.26,111.32,109.86,111.24,303747862990,4,Friday,,
2007-05-21,00:00:00,111.108,112.23,110.245,111.96,247887335970,0,Monday,-0.132,-0.11866
2007-05-22,00:00:00,111.95,112.17,111.68,111.87,232307000000,1,Tuesday,,
2007-05-23,00:00:00,111.87,112.49,111.69,112.39,228739000000,2,Wednesday,,
2007-05-24,00:00:00,112.39,112.48,111.775,112.0,239706000000,3,Thursday,,
2007-05-25,00:00:00,112.0,112.88,111.38,112.69,220718702610,4,Friday,,
2007-05-28,00:00:00,112.7,112.83,111.305,112.67,41453165050,0,Monday,0.01,0.00887
2007-05-29,00:00:00,112.679,113.69,111.305,113.28,281625000000,1,Tuesday,,
2007-05-30,00:00:00,113.28,113.85,112.88,113.21,263769000000,2,Wednesday,,
2007-05-31,00:00:00,113.21,114.06,113.075,113.86,278893000000,3,Thursday,,
2007-06-01,00:00:00,113.86,115.19,113.237,115.08,212418423710,4,Friday,,
2007-06-04,00:00:00,115.0,115.61,113.244,114.99,229709983840,0,Monday,-0.08,-0.06952
2007-06-05,00:00:00,114.99,115.32,113.26,114.12,243598000000,1,Tuesday,,
2007-06-06,00:00:00,114.12,114.69,113.26,114.345,255754000000,2,Wednesday,,
2007-06-07,00:00:00,114.37,114.86,113.26,113.59,163076000000,3,Thursday,,
2007-06-08,00:00:00,113.59,114.85,113.24,114.73,313673176110,4,Friday,,
2007-06-11,00:00:00,114.627,114.93,113.239,114.83,213315085010,0,Monday,-0.103,-0.08978
2007-06-12,00:00:00,114.83,114.96,113.26,113.94,240123000000,1,Tuesday,,
2007-06-13,00:00:00,113.94,115.13,113.26,115.1,283606000000,2,Wednesday,,
2007-06-14,00:00:00,115.1,115.47,113.26,115.04,207936000000,3,Thursday,,
2007-06-15,00:00:00,115.04,116.42,113.243,115.57,232693490600,4,Friday,,
2007-06-18,00:00:00,115.635,115.99,113.238,115.43,278116685230,0,Monday,0.065,0.05624
2007-06-19,00:00:00,115.43,116.2,113.26,116.1,307003000000,1,Tuesday,,
2007-06-20,00:00:00,116.09,116.28,113.26,115.85,269842000000,2,Wednesday,,
2007-06-21,00:00:00,115.82,116.13,113.248,115.09,261747575980,3,Thursday,,
2007-06-22,00:00:00,115.1,116.25,113.243,115.871,245823946610,4,Friday,,
2007-06-25,00:00:00,115.743,115.95,113.238,115.53,278163812190,0,Monday,-0.128,-0.11047
2007-06-26,00:00:00,115.53,115.63,113.26,115.23,299093000000,1,Tuesday,,
2007-06-27,00:00:00,115.23,115.27,113.26,114.71,351838000000,2,Wednesday,,
2007-06-28,00:00:00,114.71,116.44,113.25,116.23,394024000000,3,Thursday,,
2007-06-29,00:00:00,116.23,117.55,113.25,115.58,401116528160,4,Friday,,
2007-07-02,00:00:00,115.537,116.18,113.25,115.92,266675524910,0,Monday,-0.043,-0.0372
2007-07-03,00:00:00,115.92,116.33,113.25,115.36,212898000000,1,Tuesday,,
2007-07-04,00:00:00,115.35,116.04,113.25,115.97,154692000000,2,Wednesday,,
2007-07-05,00:00:00,115.97,116.41,113.25,116.38,303026000000,3,Thursday,,
2007-07-06,00:00:00,116.38,117.71,113.26,117.5,360059390520,4,Friday,,
2007-07-09,00:00:00,117.545,118.21,113.26,117.52,331591812140,0,Monday,0.045,0.0383
2007-07-10,00:00:00,117.52,117.73,113.26,115.47,445479000000,1,Tuesday,,
2007-07-11,00:00:00,115.46,116.24,112.85,116.13,650993000000,2,Wednesday,,
2007-07-12,00:00:00,116.12,117.2,113.26,117.04,480697000000,3,Thursday,,
2007-07-13,00:00:00,117.04,117.24,115.717,116.308,415323026040,4,Friday,,
2007-07-16,00:00:00,116.28,117.09,113.23,116.75,400199333470,0,Monday,-0.028,-0.02407
2007-07-17,00:00:00,116.75,117.32,113.27,117.18,421336000000,1,Tuesday,,
2007-07-18,00:00:00,117.18,117.18,113.27,116.82,428927000000,2,Wednesday,,
2007-07-19,00:00:00,116.82,117.27,113.27,116.91,448791000000,3,Thursday,,
2007-07-20,00:00:00,116.95,117.31,113.28,115.61,553233650330,4,Friday,,
2007-07-23,00:00:00,115.882,116.4,115.26,115.63,398321702870,0,Monday,0.272,0.23527
2007-07-24,00:00:00,115.63,116.69,113.27,116.07,624244000000,1,Tuesday,,
2007-07-25,00:00:00,116.07,116.2,115.04,115.65,698570000000,2,Wednesday,,
2007-07-26,00:00:00,115.65,115.84,112.245,112.6,681776000000,3,Thursday,,
2007-07-27,00:00:00,112.59,113.245,111.23,111.42,921046700450,4,Friday,,
2007-07-30,00:00:00,111.265,111.868,110.475,111.52,624113258820,0,Monday,-0.155,-0.13911
2007-07-31,00:00:00,111.52,113.31,111.0,111.18,696735000000,1,Tuesday,,
2007-08-01,00:00:00,111.18,113.31,109.93,112.6,801655000000,2,Wednesday,,
2007-08-02,00:00:00,112.59,113.51,111.755,113.26,451079000000,3,Thursday,,
2007-08-03,00:00:00,113.26,113.31,111.57,111.65,522358572670,4,Friday,,
2007-08-06,00:00:00,111.195,113.3,110.81,112.91,654516973160,0,Monday,-0.455,-0.40752
2007-08-07,00:00:00,112.91,113.31,111.65,112.6,600917000000,1,Tuesday,,
2007-08-08,00:00:00,112.6,114.33,112.495,114.11,640798000000,2,Wednesday,,
2007-08-09,00:00:00,114.11,114.25,111.09,111.66,722799000000,3,Thursday,,
2007-08-10,00:00:00,111.67,112.65,110.965,112.38,1106363910220,4,Friday,,
2007-08-13,00:00:00,112.157,113.293,111.405,112.15,1023714717010,0,Monday,-0.223,-0.19843
2007-08-14,00:00:00,112.15,113.31,110.11,110.13,1326731000000,1,Tuesday,,
2007-08-15,00:00:00,110.13,113.31,108.005,108.025,1097080000000,2,Wednesday,,
2007-08-16,00:00:00,108.025,108.1,104.03,105.78,1384216000000,3,Thursday,,
2007-08-17,00:00:00,105.78,108.49,103.36,107.89,923180300590,4,Friday,,
2007-08-20,00:00:00,107.64,109.15,106.982,108.84,819711309840,0,Monday,-0.25,-0.23172
2007-08-21,00:00:00,108.83,109.09,107.2,107.7,574139000000,1,Tuesday,,
2007-08-22,00:00:00,107.7,109.07,107.02,108.56,613296000000,2,Wednesday,,
2007-08-23,00:00:00,108.56,111.32,108.4,110.28,1184866000000,3,Thursday,,
2007-08-24,00:00:00,110.235,110.71,109.31,110.64,1098091634790,4,Friday,,
2007-08-27,00:00:00,110.611,113.284,109.8,109.84,783059091000,0,Monday,-0.029,-0.02621
2007-08-28,00:00:00,109.84,109.84,107.23,107.34,1292803000000,1,Tuesday,,
2007-08-29,00:00:00,107.34,109.72,106.65,109.54,1371758000000,2,Wednesday,,
2007-08-30,00:00:00,109.53,110.02,108.16,109.4,888479000000,3,Thursday,,
2007-08-31,00:00:00,109.4,110.64,109.0,109.61,603298957170,4,Friday,,
2007-09-03,00:00:00,109.62,113.295,109.472,110.12,329001511960,0,Monday,0.01,0.00912
2007-09-04,00:00:00,110.13,113.31,109.16,110.85,510746000000,1,Tuesday,,
2007-09-05,00:00:00,110.85,110.985,109.11,109.37,507661000000,2,Wednesday,,
2007-09-06,00:00:00,109.36,109.77,108.86,109.63,591301000000,3,Thursday,,
2007-09-07,00:00:00,109.64,113.31,106.97,107.38,631218336440,4,Friday,,
2007-09-10,00:00:00,107.145,113.31,106.5,108.035,360864822960,0,Monday,-0.235,-0.21885
2007-09-11,00:00:00,108.035,109.8,107.67,109.58,641313000000,1,Tuesday,,
2007-09-12,00:00:00,109.58,110.3,109.13,110.155,650169000000,2,Wednesday,,
2007-09-13,00:00:00,110.115,111.89,109.98,111.26,530824000000,3,Thursday,,
2007-09-14,00:00:00,111.26,112.12,110.575,111.95,503665549180,4,Friday,,
2007-09-16,00:00:00,111.93,113.29,111.745,111.82,3216634430,6,Sunday,,
2007-09-17,00:00:00,111.8,113.31,111.235,111.95,372864852130,0,Monday,-0.02,-0.01789
2007-09-18,00:00:00,111.95,114.765,111.54,114.415,441263000000,1,Tuesday,,
2007-09-19,00:00:00,114.41,114.9,113.31,114.19,374694000000,2,Wednesday,,
2007-09-20,00:00:00,114.19,115.07,113.82,114.42,595581000000,3,Thursday,,
2007-09-21,00:00:00,114.42,116.04,113.248,115.34,536819918870,4,Friday,,
2007-09-23,00:00:00,115.373,115.403,113.265,115.37,11141856290,6,Sunday,,
2007-09-24,00:00:00,115.36,115.55,113.287,114.61,405220389610,0,Monday,-0.01,-0.00867
2007-09-25,00:00:00,114.61,114.655,113.76,114.16,429668000000,1,Tuesday,,
2007-09-26,00:00:00,114.16,115.2,113.78,114.89,482720000000,2,Wednesday,,
2007-09-27,00:00:00,114.89,115.64,114.77,115.39,498263000000,3,Thursday,,
2007-09-28,00:00:00,115.39,115.97,114.66,115.612,617862530040,4,Friday,,
2007-09-30,00:00:00,115.445,115.583,113.285,115.515,16107494790,6,Sunday,,
2007-10-01,00:00:00,115.532,116.83,113.33,116.62,382327920700,0,Monday,0.017,0.01472
2007-10-02,00:00:00,116.62,116.72,115.65,115.745,503434000000,1,Tuesday,,
2007-10-03,00:00:00,115.76,117.24,115.69,116.9,553084000000,2,Wednesday,,
2007-10-04,00:00:00,116.9,117.01,116.32,116.725,466900000000,3,Thursday,,
2007-10-05,00:00:00,116.725,119.36,116.595,119.25,500316493140,4,Friday,,
2007-10-07,00:00:00,119.215,119.45,114.304,119.45,5513503880,6,Sunday,,
2007-10-08,00:00:00,119.445,119.51,113.34,119.0,305178297850,0,Monday,-0.005,-0.00419
2007-10-09,00:00:00,119.0,119.55,118.385,119.29,469763000000,1,Tuesday,,
2007-10-10,00:00:00,119.29,119.92,119.01,119.335,420616000000,2,Wednesday,,
2007-10-11,00:00:00,119.335,120.96,119.17,120.195,545978000000,3,Thursday,,
2007-10-12,00:00:00,120.18,121.03,119.63,120.934,507029802180,4,Friday,,
2007-10-14,00:00:00,120.875,120.93,117.967,120.817,13003987320,6,Sunday,,
2007-10-15,00:00:00,120.822,121.26,119.81,120.26,625206599900,0,Monday,0.005,0.00414
2007-10-16,00:00:00,120.26,120.385,118.765,119.335,734231000000,1,Tuesday,,
2007-10-17,00:00:00,119.335,120.145,118.425,119.665,772117000000,2,Wednesday,,
2007-10-18,00:00:00,119.665,119.875,117.995,118.64,592804000000,3,Thursday,,
2007-10-19,00:00:00,118.64,118.67,118.465,118.576,936981001000,4,Friday,,
2007-10-21,00:00:00,117.945,118.08,117.852,117.97,17368144760,6,Sunday,,
2007-10-22,00:00:00,117.97,118.27,115.785,117.03,1030158799950,0,Monday,0.0,0.0
2007-10-23,00:00:00,117.03,119.295,116.845,118.705,957169000000,1,Tuesday,,
2007-10-24,00:00:00,118.695,118.985,116.935,117.88,2341824000000,2,Wednesday,,
2007-10-25,00:00:00,117.88,118.87,117.515,118.185,2456157000000,3,Thursday,,
2007-10-26,00:00:00,118.185,118.671,117.855,118.001,2215051648740,4,Friday,,
2007-10-28,00:00:00,118.648,118.808,113.285,118.609,123381348390,6,Sunday,,
2007-10-29,00:00:00,118.624,120.465,118.512,120.255,2506893949170,0,Monday,0.015,0.01265
2007-10-30,00:00:00,120.255,120.59,119.595,120.27,2411013000000,1,Tuesday,,
2007-10-31,00:00:00,120.27,122.46,120.035,122.15,2444077000000,2,Wednesday,,
2007-11-01,00:00:00,122.145,122.845,120.285,120.365,2339734000000,3,Thursday,,
2007-11-02,00:00:00,120.365,120.555,120.275,120.351,2429601599260,4,Friday,,
2007-11-05,00:00:00,122.68,122.965,121.925,122.685,2145735851890,0,Monday,2.329,1.93517
2007-11-06,00:00:00,122.645,124.655,122.39,124.615,803833000000,1,Tuesday,,
2007-11-07,00:00:00,124.605,125.545,120.965,120.975,853873000000,2,Wednesday,,
2007-11-08,00:00:00,120.975,122.385,119.375,120.375,643732000000,3,Thursday,,
2007-11-09,00:00:00,120.42,120.695,117.067,117.067,341404284920,4,Friday,,
2007-11-12,00:00:00,116.542,117.345,112.83,112.83,614143084210,0,Monday,-0.525,-0.44846
2007-11-13,00:00:00,112.83,115.775,112.51,115.575,813121000000,1,Tuesday,,
2007-11-14,00:00:00,115.575,117.23,114.895,115.02,2495136000000,2,Wednesday,,
2007-11-15,00:00:00,115.02,115.92,111.86,111.88,1337527000000,3,Thursday,,
2007-11-16,00:00:00,111.88,114.254,111.54,114.028,1344781206110,4,Friday,,
2007-11-19,00:00:00,113.393,114.345,111.43,111.51,379049399330,0,Monday,-0.635,-0.55688
2007-11-20,00:00:00,111.49,113.21,111.17,112.27,477569000000,1,Tuesday,,
2007-11-21,00:00:00,112.24,112.4,109.195,109.81,562230000000,2,Wednesday,,
2007-11-22,00:00:00,109.842,111.335,109.62,109.95,468567000000,3,Thursday,,
2007-11-23,00:00:00,109.95,110.26,109.382,109.541,635485905310,4,Friday,,
2007-11-26,00:00:00,113.189,113.189,108.135,108.42,599278251770,0,Monday,3.648,3.33026
2007-11-27,00:00:00,108.42,110.74,108.085,109.285,1897515000000,1,Tuesday,,
2007-11-28,00:00:00,109.3,112.01,108.565,111.57,1388212000000,2,Wednesday,,
2007-11-29,00:00:00,111.57,111.915,109.63,110.05,1037767000000,3,Thursday,,
2007-11-30,00:00:00,110.05,111.385,109.915,111.375,1223626092710,4,Friday,,
2007-12-03,00:00:00,111.035,113.332,109.78,110.49,386489424940,0,Monday,-0.34,-0.30527
2007-12-04,00:00:00,110.49,110.51,107.95,108.67,677846000000,1,Tuesday,,
2007-12-05,00:00:00,108.67,109.59,107.88,109.55,734861000000,2,Wednesday,,
2007-12-06,00:00:00,109.59,110.51,108.76,110.35,631328000000,3,Thursday,,
2007-12-07,00:00:00,110.34,111.173,110.14,110.98,540865057000,4,Friday,,
2007-12-10,00:00:00,110.91,111.665,110.305,110.86,640815623920,0,Monday,-0.07,-0.06307
2007-12-11,00:00:00,110.86,111.39,108.73,108.99,630845000000,1,Tuesday,,
2007-12-12,00:00:00,108.98,111.47,108.95,110.83,763418000000,2,Wednesday,,
2007-12-13,00:00:00,110.84,113.36,109.54,109.91,210194000000,3,Thursday,,
2007-12-14,00:00:00,109.89,111.508,109.85,111.287,241110015970,4,Friday,,
2007-12-17,00:00:00,111.438,113.335,110.725,112.29,339078413260,0,Monday,0.151,0.13569
2007-12-18,00:00:00,112.29,113.04,111.77,112.68,633032000000,1,Tuesday,,
2007-12-19,00:00:00,112.68,113.19,111.75,113.08,1365444000000,2,Wednesday,,
2007-12-20,00:00:00,113.08,113.65,112.405,112.91,2105227000000,3,Thursday,,
2007-12-21,00:00:00,112.91,115.115,112.89,114.872,2072215226440,4,Friday,,
2007-12-24,00:00:00,113.431,116.31,113.292,116.1,1948083298470,0,Monday,-1.441,-1.25444
2007-12-25,00:00:00,116.13,116.27,113.33,113.34,10455000000,1,Tuesday,,
2007-12-26,00:00:00,116.11,116.6,113.33,116.43,1216440000000,2,Wednesday,,
2007-12-27,00:00:00,116.43,116.84,115.66,115.93,2295679000000,3,Thursday,,
2007-12-28,00:00:00,116.06,116.112,114.263,114.27,1273553753390,4,Friday,,
2007-12-31,00:00:00,114.678,115.05,111.67,111.83,1175790785640,0,Monday,0.408,0.35705
2008-01-01,00:00:00,111.84,113.35,111.544,113.34,6252000000,1,Tuesday,,
2008-01-02,00:00:00,112.49,113.35,109.855,110.33,1110563000000,2,Wednesday,,
2008-01-03,00:00:00,110.33,110.98,108.79,110.43,685019000000,3,Thursday,,
2008-01-04,00:00:00,110.43,110.89,108.025,108.23,979382120240,4,Friday,,
2008-01-07,00:00:00,108.19,113.328,108.01,108.61,475661873950,0,Monday,-0.04,-0.03696
2008-01-08,00:00:00,108.61,109.96,108.03,108.16,451521000000,1,Tuesday,,
2008-01-09,00:00:00,108.16,109.365,107.935,108.89,444087000000,2,Wednesday,,
2008-01-10,00:00:00,108.89,109.25,107.69,108.18,510857000000,3,Thursday,,
2008-01-11,00:00:00,108.18,108.725,106.684,106.75,517609608780,4,Friday,,
2008-01-14,00:00:00,113.206,113.327,105.645,106.32,629481302160,0,Monday,6.456,6.04778
2008-01-15,00:00:00,106.32,106.46,104.715,104.8,410975000000,1,Tuesday,,
2008-01-16,00:00:00,104.8,105.66,102.995,104.95,999144000000,2,Wednesday,,
2008-01-17,00:00:00,104.95,105.725,103.375,103.45,1116302000000,3,Thursday,,
2008-01-18,00:00:00,103.46,104.063,103.21,103.927,909978300850,4,Friday,,
2008-01-21,00:00:00,105.272,113.329,102.22,102.35,503016601920,0,Monday,1.345,1.29418
2008-01-22,00:00:00,102.35,104.605,101.94,103.37,639072000000,1,Tuesday,,
2008-01-23,00:00:00,103.37,104.61,101.825,104.16,474814000000,2,Wednesday,,
2008-01-24,00:00:00,104.16,106.975,103.64,106.74,424023000000,3,Thursday,,
2008-01-25,00:00:00,106.74,106.99,105.79,105.79,388879376870,4,Friday,,
2008-01-28,00:00:00,108.364,113.315,104.84,106.48,400667513380,0,Monday,2.574,2.43312
2008-01-29,00:00:00,106.48,107.765,105.75,107.25,232556000000,1,Tuesday,,
2008-01-30,00:00:00,107.25,108.56,106.6,106.89,277450000000,2,Wednesday,,
2008-01-31,00:00:00,106.88,107.435,105.04,106.06,257984000000,3,Thursday,,
2008-02-01,00:00:00,106.06,113.35,105.98,106.992,291099689100,4,Friday,,
2008-02-04,00:00:00,113.195,113.328,106.7,107.37,261409843980,0,Monday,6.203,5.79763
2008-02-05,00:00:00,107.37,107.845,105.89,105.92,199715000000,1,Tuesday,,
2008-02-06,00:00:00,105.9,106.575,105.11,105.86,92233720368547,2,Wednesday,,
2008-02-07,00:00:00,105.86,106.96,104.72,106.51,146064000000,3,Thursday,,
2008-02-08,00:00:00,106.52,107.455,106.065,107.35,125860846500,4,Friday,,
2008-02-11,00:00:00,107.305,107.713,106.105,106.755,68882641220,0,Monday,-0.045,-0.04192
2008-02-12,00:00:00,106.755,107.985,106.395,107.08,81210000000,1,Tuesday,,
2008-02-13,00:00:00,107.08,108.7,106.86,108.59,69435000000,2,Wednesday,,
2008-02-14,00:00:00,108.59,108.915,107.77,107.8,58442000000,3,Thursday,,
2008-02-15,00:00:00,107.8,108.127,106.918,106.976,130771091850,4,Friday,,
2008-02-18,00:00:00,106.786,107.58,106.69,107.37,65946817740,0,Monday,-0.19,-0.17761
2008-02-19,00:00:00,107.37,107.48,105.68,105.92,103556000000,1,Tuesday,,
2008-02-20,00:00:00,105.92,106.85,105.77,106.775,128019000000,2,Wednesday,,
2008-02-21,00:00:00,106.7,107.26,105.84,106.17,55644000000,3,Thursday,,
2008-02-22,00:00:00,106.17,106.24,105.72,105.75,123296594120,4,Friday,,
2008-02-25,00:00:00,105.9,108.64,105.738,108.435,95208736130,0,Monday,0.15,0.14184
2008-02-26,00:00:00,108.435,109.64,108.07,109.26,52295000000,1,Tuesday,,
2008-02-27,00:00:00,109.26,109.5,108.04,108.59,219146000000,2,Wednesday,,
2008-02-28,00:00:00,108.57,109.0,107.725,108.01,80705000000,3,Thursday,,
2008-02-29,00:00:00,108.01,108.01,104.78,104.94,177695010260,4,Friday,,
2008-03-03,00:00:00,105.06,105.085,103.71,104.475,104997899600,0,Monday,0.12,0.11435
2008-03-04,00:00:00,104.475,104.75,103.06,104.025,43289000000,1,Tuesday,,
2008-03-05,00:00:00,104.025,105.71,103.79,105.665,107025000000,2,Wednesday,,
2008-03-06,00:00:00,105.665,105.665,103.865,104.16,95352000000,3,Thursday,,
2008-03-07,00:00:00,104.11,104.215,103.52,103.52,286793270920,4,Friday,,
2008-03-09,00:00:00,103.493,103.651,103.445,103.61,3346923690,6,Sunday,,
2008-03-10,00:00:00,103.624,103.705,101.8,102.085,143295534040,0,Monday,0.014,0.01351
2008-03-11,00:00:00,102.085,104.4,101.755,104.285,121414000000,1,Tuesday,,
2008-03-12,00:00:00,104.285,104.74,102.09,102.37,189054000000,2,Wednesday,,
2008-03-13,00:00:00,102.37,103.015,100.92,102.005,284516000000,3,Thursday,,
2008-03-14,00:00:00,102.005,102.43,99.893,100.08,644181664210,4,Friday,,
2008-03-16,00:00:00,100.195,100.195,99.57,99.7,25773516660,6,Sunday,,
2008-03-17,00:00:00,99.685,99.73,96.335,97.41,728091799970,0,Monday,-0.015,-0.01505
2008-03-18,00:00:00,97.41,100.86,97.195,100.81,249270000000,1,Tuesday,,
2008-03-19,00:00:00,100.815,101.335,97.11,97.58,188285000000,2,Wednesday,,
2008-03-20,00:00:00,97.58,97.92,95.69,96.9,57149000000,3,Thursday,,
2008-03-21,00:00:00,96.9,97.32,96.75,97.263,29960749700,4,Friday,,
2008-03-23,00:00:00,96.9,97.045,96.78,96.875,4320682520,6,Sunday,,
2008-03-24,00:00:00,96.885,99.16,96.795,98.88,71468811930,0,Monday,0.01,0.01032
2008-03-25,00:00:00,98.88,99.35,97.5,98.2,88077000000,1,Tuesday,,
2008-03-26,00:00:00,98.2,98.495,97.15,97.2,96832000000,2,Wednesday,,
2008-03-27,00:00:00,97.2,98.76,96.9,97.82,43885000000,3,Thursday,,
2008-03-28,00:00:00,97.82,98.0,97.74,97.917,95887560150,4,Friday,,
2008-03-31,00:00:00,96.907,97.87,96.605,97.19,176347646950,0,Monday,-1.01,-1.03149
2008-04-01,00:00:00,97.19,99.84,97.045,99.67,388900000000,1,Tuesday,,
2008-04-02,00:00:00,99.66,101.08,99.175,100.67,178815000000,2,Wednesday,,
2008-04-03,00:00:00,100.67,102.035,100.59,101.74,69957000000,3,Thursday,,
2008-04-04,00:00:00,101.74,101.985,100.435,100.558,61438130060,4,Friday,,
2008-04-07,00:00:00,100.567,102.28,100.523,100.96,81154467970,0,Monday,0.009,0.00895
2008-04-08,00:00:00,100.96,101.325,100.05,101.29,90875000000,1,Tuesday,,
2008-04-09,00:00:00,101.29,101.37,99.635,99.925,68661000000,2,Wednesday,,
2008-04-10,00:00:00,99.925,100.34,98.12,99.97,103733000000,3,Thursday,,
2008-04-11,00:00:00,99.98,100.3,99.71,99.88,216114399730,4,Friday,,
2008-04-14,00:00:00,98.719,99.3,97.905,99.19,378568031680,0,Monday,-1.161,-1.16239
2008-04-15,00:00:00,99.19,100.0,98.48,99.96,400390000000,1,Tuesday,,
2008-04-16,00:00:00,99.96,101.825,99.77,101.76,315525000000,2,Wednesday,,
2008-04-17,00:00:00,101.76,102.58,100.83,101.34,228048000000,3,Thursday,,
2008-04-18,00:00:00,101.385,101.555,101.237,101.272,109719340010,4,Friday,,
2008-04-21,00:00:00,103.257,103.54,102.19,102.63,82207388620,0,Monday,1.985,1.96007
2008-04-22,00:00:00,102.62,102.745,101.82,102.16,92270000000,1,Tuesday,,
2008-04-23,00:00:00,102.16,102.52,100.915,101.6,127363000000,2,Wednesday,,
2008-04-24,00:00:00,101.6,103.065,101.415,102.75,114505000000,3,Thursday,,
2008-04-25,00:00:00,102.75,102.87,102.67,102.768,93582600030,4,Friday,,
2008-04-28,00:00:00,102.958,103.91,102.53,102.86,64567953340,0,Monday,0.19,0.18488
2008-04-29,00:00:00,102.88,103.13,101.78,102.69,40096000000,1,Tuesday,,
2008-04-30,00:00:00,102.69,104.105,102.31,103.05,69188000000,2,Wednesday,,
2008-05-01,00:00:00,103.05,103.35,101.57,102.3,51762000000,3,Thursday,,
2008-05-02,00:00:00,102.46,103.745,102.22,103.34,82627084390,4,Friday,,
2008-05-05,00:00:00,103.14,103.925,103.105,103.505,44654598220,0,Monday,-0.2,-0.19354
2008-05-06,00:00:00,103.5,104.75,102.69,104.47,78708000000,1,Tuesday,,
2008-05-07,00:00:00,104.455,105.365,103.665,103.71,52962000000,2,Wednesday,,
2008-05-08,00:00:00,103.71,103.9,101.895,101.955,89750000000,3,Thursday,,
2008-05-09,00:00:00,101.954,102.845,101.59,102.266,101778839130,4,Friday,,
2008-05-12,00:00:00,102.392,103.565,101.895,103.26,68749068590,0,Monday,0.126,0.12321
2008-05-13,00:00:00,103.295,104.56,102.645,104.335,44086000000,1,Tuesday,,
2008-05-14,00:00:00,104.351,105.57,104.06,104.62,44431000000,2,Wednesday,,
2008-05-15,00:00:00,104.62,104.98,104.365,104.73,83596000000,3,Thursday,,
2008-05-16,00:00:00,104.745,105.29,103.785,104.09,56909554530,4,Friday,,
2008-05-19,00:00:00,104.011,105.605,103.94,105.17,84681897880,0,Monday,-0.079,-0.0759
2008-05-20,00:00:00,105.205,105.28,104.12,104.44,77483000000,1,Tuesday,,
2008-05-21,00:00:00,104.455,105.175,104.07,104.715,95365000000,2,Wednesday,,
2008-05-22,00:00:00,104.69,105.865,104.41,105.67,40848000000,3,Thursday,,
2008-05-23,00:00:00,105.67,105.775,104.235,104.39,74169160120,4,Friday,,
2008-05-26,00:00:00,104.376,104.68,104.117,104.295,27097525300,0,Monday,-0.014,-0.01341
2008-05-27,00:00:00,104.295,105.335,104.105,104.856,33251000000,1,Tuesday,,
2008-05-28,00:00:00,104.873,105.895,104.51,105.7,40080000000,2,Wednesday,,
2008-05-29,00:00:00,105.71,107.11,105.62,106.77,26996000000,3,Thursday,,
2008-05-30,00:00:00,106.77,106.855,105.88,106.16,34968698690,4,Friday,,
2008-06-02,00:00:00,105.557,106.06,103.85,104.27,46599832430,0,Monday,-0.603,-0.56801
2008-06-03,00:00:00,104.27,105.005,103.825,104.1,18737000000,1,Tuesday,,
2008-06-04,00:00:00,104.11,104.3,103.22,103.47,33501000000,2,Wednesday,,
2008-06-05,00:00:00,103.47,104.4,103.4,104.02,14840000000,3,Thursday,,
2008-06-06,00:00:00,104.03,104.45,102.83,102.83,43611346790,4,Friday,,
2008-06-09,00:00:00,102.712,104.08,102.485,103.84,83220680470,0,Monday,-0.118,-0.11475
2008-06-10,00:00:00,103.82,105.11,103.34,105.07,47063000000,1,Tuesday,,
2008-06-11,00:00:00,105.08,105.58,104.71,104.83,51085000000,2,Wednesday,,
2008-06-12,00:00:00,104.83,105.77,104.64,105.37,117055000000,3,Thursday,,
2008-06-13,00:00:00,105.36,105.72,104.77,105.06,128832722880,4,Friday,,
2008-06-16,00:00:00,105.02,106.11,104.94,105.68,140103963080,0,Monday,-0.04,-0.03807
2008-06-17,00:00:00,105.68,106.265,105.3,105.9,153286000000,1,Tuesday,,
2008-06-18,00:00:00,105.9,106.36,105.72,106.01,146265000000,2,Wednesday,,
2008-06-19,00:00:00,106.01,106.705,105.61,106.29,172114000000,3,Thursday,,
2008-06-20,00:00:00,106.28,106.39,105.08,105.52,198681141850,4,Friday,,
2008-06-23,00:00:00,105.296,106.325,105.29,106.1,173556514230,0,Monday,-0.224,-0.21228
2008-06-24,00:00:00,106.1,106.64,105.93,106.58,127284000000,1,Tuesday,,
2008-06-25,00:00:00,106.57,107.08,106.265,106.74,179714000000,2,Wednesday,,
2008-06-26,00:00:00,106.74,107.06,105.23,105.28,155503000000,3,Thursday,,
2008-06-27,00:00:00,105.28,106.045,104.61,104.94,189122215920,4,Friday,,
2008-06-30,00:00:00,105.008,105.4,103.875,103.92,205638547080,0,Monday,0.068,0.0648
2008-07-01,00:00:00,103.92,104.29,103.13,103.78,146019000000,1,Tuesday,,
2008-07-02,00:00:00,103.78,104.94,103.58,104.58,145558000000,2,Wednesday,,
2008-07-03,00:00:00,104.54,105.055,104.27,104.8,184100000000,3,Thursday,,
2008-07-04,00:00:00,104.79,105.3,104.56,104.805,108138555880,4,Friday,,
2008-07-07,00:00:00,104.78,105.89,104.56,105.36,133075567690,0,Monday,-0.025,-0.02385
2008-07-08,00:00:00,105.36,105.51,104.43,105.44,148890000000,1,Tuesday,,
2008-07-09,00:00:00,105.44,106.225,105.05,105.48,107525000000,2,Wednesday,,
2008-07-10,00:00:00,105.48,106.19,105.39,106.12,109230000000,3,Thursday,,
2008-07-11,00:00:00,106.12,106.22,104.51,105.242,159039682370,4,Friday,,
2008-07-14,00:00:00,105.106,105.99,105.106,105.45,128551568230,0,Monday,-0.136,-0.12923
2008-07-15,00:00:00,105.45,105.58,104.16,104.49,139375000000,1,Tuesday,,
2008-07-16,00:00:00,104.48,104.97,103.625,104.87,120956000000,2,Wednesday,,
2008-07-17,00:00:00,104.87,106.44,104.6,105.63,145579000000,3,Thursday,,
2008-07-18,00:00:00,105.63,106.51,105.44,106.31,142727362820,4,Friday,,
2008-07-21,00:00:00,106.23,106.68,105.83,106.44,101262476710,0,Monday,-0.08,-0.07525
2008-07-22,00:00:00,106.42,106.53,105.82,106.32,100040000000,1,Tuesday,,
2008-07-23,00:00:00,106.34,107.14,106.28,106.73,135500000000,2,Wednesday,,
2008-07-24,00:00:00,106.73,106.92,105.67,105.74,128577000000,3,Thursday,,
2008-07-25,00:00:00,105.74,106.28,105.04,105.7,172356721620,4,Friday,,
2008-07-28,00:00:00,105.656,105.97,104.82,105.06,89350275030,0,Monday,-0.044,-0.04163
2008-07-29,00:00:00,105.04,105.63,104.98,105.56,97442000000,1,Tuesday,,
2008-07-30,00:00:00,105.55,105.81,105.3,105.62,105667000000,2,Wednesday,,
2008-07-31,00:00:00,105.62,105.93,104.91,105.26,103983000000,3,Thursday,,
2008-08-01,00:00:00,105.27,105.45,104.38,104.717,134025364670,4,Friday,,
2008-08-04,00:00:00,104.83,105.07,104.335,104.41,111523154980,0,Monday,0.113,0.10791
2008-08-05,00:00:00,104.39,104.44,103.2,103.79,133058000000,1,Tuesday,,
2008-08-06,00:00:00,103.79,104.8,103.74,104.61,155680000000,2,Wednesday,,
2008-08-07,00:00:00,104.615,104.76,103.83,103.905,131970000000,3,Thursday,,
2008-08-08,00:00:00,103.905,104.215,102.765,103.28,221301421070,4,Friday,,
2008-08-11,00:00:00,103.261,103.42,102.67,102.92,128262821260,0,Monday,-0.019,-0.0184
2008-08-12,00:00:00,102.88,103.34,102.585,102.7,369453000000,1,Tuesday,,
2008-08-13,00:00:00,102.695,103.185,101.5,103.045,287045000000,2,Wednesday,,
2008-08-14,00:00:00,103.045,103.745,102.54,103.14,208510000000,3,Thursday,,
2008-08-15,00:00:00,103.14,104.4,102.81,104.278,214951541210,4,Friday,,
2008-08-18,00:00:00,104.26,104.435,103.305,103.42,201221235770,0,Monday,-0.018,-0.01726
2008-08-19,00:00:00,103.42,103.525,102.895,103.355,197066000000,1,Tuesday,,
2008-08-20,00:00:00,103.355,104.035,103.125,103.625,194808000000,2,Wednesday,,
2008-08-21,00:00:00,103.625,104.01,102.49,103.94,323465000000,3,Thursday,,
2008-08-22,00:00:00,103.945,105.3,103.77,105.095,285451383210,4,Friday,,
2008-08-25,00:00:00,104.846,105.23,103.85,103.94,185575533780,0,Monday,-0.249,-0.23693
2008-08-26,00:00:00,103.945,105.395,103.71,104.505,230256000000,1,Tuesday,,
2008-08-27,00:00:00,104.505,104.98,104.035,104.65,233274000000,2,Wednesday,,
2008-08-28,00:00:00,104.65,104.905,103.89,104.12,292068000000,3,Thursday,,
2008-08-29,00:00:00,104.12,104.26,102.075,102.28,214049817660,4,Friday,,
2008-09-01,00:00:00,102.01,102.24,100.845,101.305,145918343130,0,Monday,-0.27,-0.26398
2008-09-02,00:00:00,101.265,102.1,100.84,101.74,165127000000,1,Tuesday,,
2008-09-03,00:00:00,101.74,102.62,100.69,101.88,219094000000,2,Wednesday,,
2008-09-04,00:00:00,101.89,102.87,100.04,100.1,306242167020,3,Thursday,,
2008-09-05,00:00:00,100.1,101.36,98.59,101.36,609269522830,4,Friday,,
2008-09-08,00:00:00,102.657,103.22,100.67,101.65,253722589990,0,Monday,1.297,1.2796
2008-09-09,00:00:00,101.65,101.95,99.55,99.66,249527000000,1,Tuesday,,
2008-09-10,00:00:00,99.665,100.935,99.47,100.5,242248000000,2,Wednesday,,
2008-09-11,00:00:00,100.5,100.59,98.355,99.66,290960000000,3,Thursday,,
2008-09-12,00:00:00,99.625,101.875,99.39,101.8,191367854090,4,Friday,,
2008-09-15,00:00:00,99.453,100.38,97.715,97.79,377672826820,0,Monday,-2.347,-2.3055
2008-09-16,00:00:00,97.79,99.65,96.47,98.87,514877000000,1,Tuesday,,
2008-09-17,00:00:00,98.87,99.89,96.79,97.51,404169000000,2,Wednesday,,
2008-09-18,00:00:00,97.52,99.74,97.06,99.41,663811000000,3,Thursday,,
2008-09-19,00:00:00,99.435,102.78,99.245,102.53,357009799800,4,Friday,,
2008-09-22,00:00:00,101.97,103.13,101.165,101.84,247206704880,0,Monday,-0.56,-0.54618
2008-09-23,00:00:00,101.84,102.57,101.37,101.64,243366800000,1,Tuesday,,
2008-09-24,00:00:00,101.635,102.89,101.51,102.15,244164000000,2,Wednesday,,
2008-09-25,00:00:00,102.145,103.445,101.8,102.945,228242000000,3,Thursday,,
2008-09-26,00:00:00,102.95,103.06,101.5,102.54,340300660040,4,Friday,,
2008-09-29,00:00:00,102.546,103.095,99.62,99.62,318236128690,0,Monday,0.006,0.00585
2008-09-30,00:00:00,99.62,100.8,98.7,99.655,380350000000,1,Tuesday,,
2008-10-01,00:00:00,99.655,100.655,99.08,99.46,387690000000,2,Wednesday,,
2008-10-02,00:00:00,99.44,99.8,97.33,97.58,424128000000,3,Thursday,,
2008-10-03,00:00:00,97.58,98.66,96.835,97.235,387901799910,4,Friday,,
2008-10-05,00:00:00,96.887,97.005,96.643,96.69,6193045870,6,Sunday,,
2008-10-06,00:00:00,96.7,97.11,90.565,91.89,598065090650,0,Monday,0.01,0.01034
2008-10-07,00:00:00,91.89,94.105,91.23,91.95,402358000000,1,Tuesday,,
2008-10-08,00:00:00,91.95,92.07,87.565,87.965,545505000000,2,Wednesday,,
2008-10-09,00:00:00,87.965,90.59,86.545,86.805,536450000000,3,Thursday,,
2008-10-10,00:00:00,86.805,86.99,82.238,85.7,13593474724659,4,Friday,,
2008-10-12,00:00:00,86.147,86.623,86.115,86.36,195327923760,6,Sunday,,
2008-10-13,00:00:00,86.36,89.07,84.39,88.92,817574500120,0,Monday,0.0,0.0
2008-10-14,00:00:00,88.925,91.015,87.405,87.94,627974000000,1,Tuesday,,
2008-10-15,00:00:00,87.92,88.165,83.575,83.8,542141000000,2,Wednesday,,
2008-10-16,00:00:00,83.8,86.44,83.195,86.215,430281000000,3,Thursday,,
2008-10-17,00:00:00,86.215,86.295,84.31,85.93,9633099808720,4,Friday,,
2008-10-19,00:00:00,85.902,85.99,85.858,85.86,107979204740,6,Sunday,,
2008-10-20,00:00:00,85.85,87.125,84.8,85.58,598653976330,0,Monday,-0.01,-0.01165
2008-10-21,00:00:00,85.58,85.68,82.15,82.705,213642000000,1,Tuesday,,
2008-10-22,00:00:00,82.705,83.02,77.205,78.03,252135000000,2,Wednesday,,
2008-10-23,00:00:00,78.02,78.79,76.1,78.735,252577000000,3,Thursday,,
2008-10-24,00:00:00,78.735,78.735,70.96,73.74,7614338005460,4,Friday,,
2008-10-26,00:00:00,73.2,73.273,72.067,72.353,197122669100,6,Sunday,,
2008-10-27,00:00:00,72.375,74.225,71.075,71.515,643748301170,0,Monday,0.022,0.03041
2008-10-28,00:00:00,71.525,78.17,71.215,78.165,201645000000,1,Tuesday,,
2008-10-29,00:00:00,78.16,80.645,74.705,79.72,220680000000,2,Wednesday,,
2008-10-30,00:00:00,79.72,82.95,79.4,82.035,243980000000,3,Thursday,,
2008-10-31,00:00:00,82.03,82.595,78.12,81.14,172930435700,4,Friday,,
2008-11-03,00:00:00,81.48,84.03,81.025,83.85,88307360630,0,Monday,0.34,0.41903
2008-11-04,00:00:00,83.845,87.475,82.815,86.65,136363000000,1,Tuesday,,
2008-11-05,00:00:00,86.65,86.915,83.68,83.73,199222000000,2,Wednesday,,
2008-11-06,00:00:00,83.73,84.29,81.42,81.545,360725000000,3,Thursday,,
2008-11-07,00:00:00,81.545,84.16,80.5,82.545,191127600150,4,Friday,,
2008-11-10,00:00:00,84.257,85.21,81.42,82.02,111520304710,0,Monday,1.712,2.07402
2008-11-11,00:00:00,82.02,82.355,80.455,80.83,119221000000,1,Tuesday,,
2008-11-12,00:00:00,80.87,81.8,76.41,76.69,147204000000,2,Wednesday,,
2008-11-13,00:00:00,76.71,81.025,76.115,80.6,114649000000,3,Thursday,,
2008-11-14,00:00:00,80.63,80.94,78.26,78.49,161302871420,4,Friday,,
2008-11-17,00:00:00,77.373,80.24,77.2,78.625,125144821380,0,Monday,-1.117,-1.42311
2008-11-18,00:00:00,78.64,79.6,77.77,78.76,87079000000,1,Tuesday,,
2008-11-19,00:00:00,78.745,78.98,76.23,76.25,105296000000,2,Wednesday,,
2008-11-20,00:00:00,76.26,76.65,72.12,72.22,146996000000,3,Thursday,,
2008-11-21,00:00:00,72.19,75.69,72.15,75.685,138123823010,4,Friday,,
2008-11-24,00:00:00,75.565,79.005,74.295,78.98,177564731750,0,Monday,-0.12,-0.15855
2008-11-25,00:00:00,78.98,79.37,76.685,77.76,275171000000,1,Tuesday,,
2008-11-26,00:00:00,77.71,78.25,76.45,77.575,185654000000,2,Wednesday,,
2008-11-27,00:00:00,77.6,77.94,77.0,77.39,124503000000,3,Thursday,,
2008-11-28,00:00:00,77.28,77.545,76.37,77.0,135349650030,4,Friday,,
2008-12-01,00:00:00,77.132,77.265,74.615,74.62,132146582180,0,Monday,0.132,0.17143
2008-12-02,00:00:00,74.61,75.485,73.92,74.725,123806000000,1,Tuesday,,
2008-12-03,00:00:00,74.7,75.06,73.165,74.475,128801000000,2,Wednesday,,
2008-12-04,00:00:00,74.465,74.575,72.005,72.265,164823000000,3,Thursday,,
2008-12-05,00:00:00,72.25,73.415,70.57,73.0,122754844710,4,Friday,,
2008-12-08,00:00:00,72.988,74.945,72.613,74.195,131031365600,0,Monday,-0.012,-0.01644
2008-12-09,00:00:00,74.185,74.33,72.515,72.925,151548000000,1,Tuesday,,
2008-12-10,00:00:00,72.925,74.23,72.89,73.77,117966000000,2,Wednesday,,
2008-12-11,00:00:00,73.76,75.62,73.105,73.93,109618000000,3,Thursday,,
2008-12-12,00:00:00,73.94,74.47,71.105,73.02,189203692560,4,Friday,,
2008-12-15,00:00:00,73.252,74.105,72.65,73.46,84532707200,0,Monday,0.232,0.31772
2008-12-16,00:00:00,73.425,74.39,72.74,74.03,136365000000,1,Tuesday,,
2008-12-17,00:00:00,74.05,74.195,72.36,73.19,131509000000,2,Wednesday,,
2008-12-18,00:00:00,73.18,75.495,73.055,74.185,93654000000,3,Thursday,,
2008-12-19,00:00:00,74.185,74.55,71.5,73.368,85465416320,4,Friday,,
2008-12-22,00:00:00,73.228,74.945,73.18,73.835,97851275920,0,Monday,-0.14,-0.19082
2008-12-23,00:00:00,73.825,74.96,73.5,74.565,62337000000,1,Tuesday,,
2008-12-24,00:00:00,74.576,75.02,73.98,74.5,49193000000,2,Wednesday,,
2008-12-25,00:00:00,74.497,75.03,74.108,74.48,6288000000,3,Thursday,,
2008-12-26,00:00:00,74.24,74.591,74.0,74.257,23626433890,4,Friday,,
2008-12-29,00:00:00,74.282,74.955,73.655,74.25,68481273640,0,Monday,0.025,0.03367
2008-12-30,00:00:00,74.249,74.745,73.06,74.21,45527000000,1,Tuesday,,
2008-12-31,00:00:00,74.21,74.94,73.175,74.27,36009000000,2,Wednesday,,
2009-01-01,00:00:00,74.295,75.03,74.076,74.36,7843000000,3,Thursday,,
2009-01-02,00:00:00,74.32,76.2,74.07,76.08,44316922310,4,Friday,,
2009-01-05,00:00:00,76.183,78.66,75.64,78.52,75114234420,0,Monday,0.103,0.13538
2009-01-06,00:00:00,78.53,80.41,77.76,79.06,72290000000,1,Tuesday,,
2009-01-07,00:00:00,79.06,79.395,77.015,77.55,82293000000,2,Wednesday,,
2009-01-08,00:00:00,77.55,77.62,75.785,77.26,77079000000,3,Thursday,,
2009-01-09,00:00:00,77.26,77.43,75.395,76.19,87393566350,4,Friday,,
2009-01-12,00:00:00,75.848,75.848,73.07,73.18,54977034230,0,Monday,-0.342,-0.44888
2009-01-13,00:00:00,73.195,73.53,72.155,72.965,63075000000,1,Tuesday,,
2009-01-14,00:00:00,72.965,74.145,71.165,71.27,66726000000,2,Wednesday,,
2009-01-15,00:00:00,71.27,72.07,70.605,71.66,95133000000,3,Thursday,,
2009-01-16,00:00:00,71.67,73.605,71.53,72.945,84562191220,4,Friday,,
2009-01-19,00:00:00,73.1,73.72,71.745,72.25,51253928940,0,Monday,0.155,0.21249
2009-01-20,00:00:00,72.274,72.505,70.74,70.815,66678000000,1,Tuesday,,
2009-01-21,00:00:00,70.82,71.485,68.37,71.27,75518000000,2,Wednesday,,
2009-01-22,00:00:00,71.255,71.28,69.26,70.835,134602000000,3,Thursday,,
2009-01-23,00:00:00,70.82,72.5,69.675,72.06,72558360180,4,Friday,,
2009-01-26,00:00:00,71.938,73.795,71.273,72.845,100301283480,0,Monday,-0.122,-0.1693
2009-01-27,00:00:00,72.841,73.875,71.855,72.275,106056000000,1,Tuesday,,
2009-01-28,00:00:00,72.286,74.85,72.215,74.52,107843000000,2,Wednesday,,
2009-01-29,00:00:00,74.5,74.74,73.205,73.36,103493000000,3,Thursday,,
2009-01-30,00:00:00,73.365,73.495,72.115,73.08,99898592800,4,Friday,,
2009-02-02,00:00:00,73.192,73.34,71.675,71.82,134085871650,0,Monday,0.112,0.15326
2009-02-03,00:00:00,71.82,72.735,71.455,72.71,111023000000,1,Tuesday,,
2009-02-04,00:00:00,72.68,73.295,71.63,72.545,100461000000,2,Wednesday,,
2009-02-05,00:00:00,72.53,75.145,72.25,74.015,88681000000,3,Thursday,,
2009-02-06,00:00:00,74.015,75.35,72.65,75.305,94657001590,4,Friday,,
2009-02-09,00:00:00,75.032,75.8,74.135,75.115,108298934020,0,Monday,-0.273,-0.36253
2009-02-10,00:00:00,75.11,75.255,72.165,72.715,112817000000,1,Tuesday,,
2009-02-11,00:00:00,72.7,73.045,71.975,72.97,85684000000,2,Wednesday,,
2009-02-12,00:00:00,72.96,73.265,72.02,73.085,120720000000,3,Thursday,,
2009-02-13,00:00:00,73.075,74.705,72.81,74.285,104002085940,4,Friday,,
2009-02-16,00:00:00,73.873,74.195,73.43,73.795,56479349260,0,Monday,-0.412,-0.55462
2009-02-17,00:00:00,73.814,74.2,72.43,73.01,86176000000,1,Tuesday,,
2009-02-18,00:00:00,73.0,74.685,72.855,74.345,82154000000,2,Wednesday,,
2009-02-19,00:00:00,74.34,75.585,74.17,74.84,76944000000,3,Thursday,,
2009-02-20,00:00:00,74.865,75.2,73.825,74.49,97108226940,4,Friday,,
2009-02-23,00:00:00,74.675,76.38,74.14,75.65,113697379120,0,Monday,0.185,0.24836
2009-02-24,00:00:00,75.635,78.13,75.25,77.78,81358000000,1,Tuesday,,
2009-02-25,00:00:00,77.78,78.225,76.85,77.45,86501000000,2,Wednesday,,
2009-02-26,00:00:00,77.43,79.38,77.395,78.565,82391000000,3,Thursday,,
2009-02-27,00:00:00,78.537,78.69,76.3,76.51,83395000020,4,Friday,,
2009-03-02,00:00:00,76.44,76.75,75.24,75.305,82076939370,0,Monday,-0.07,-0.09149
2009-03-03,00:00:00,75.295,76.47,75.09,75.89,75318000000,1,Tuesday,,
2009-03-04,00:00:00,75.885,78.045,75.71,77.845,125023000000,2,Wednesday,,
2009-03-05,00:00:00,77.845,78.015,75.75,75.92,186537000000,3,Thursday,,
2009-03-06,00:00:00,75.945,76.72,75.095,76.335,201734940500,4,Friday,,
2009-03-08,00:00:00,76.448,76.535,76.322,76.485,3822947250,6,Sunday,,
2009-03-09,00:00:00,76.467,76.81,75.725,75.96,186879301370,0,Monday,-0.018,-0.02353
2009-03-10,00:00:00,75.96,77.22,75.895,77.025,207066000000,1,Tuesday,,
2009-03-11,00:00:00,77.025,77.13,75.24,75.74,292734000000,2,Wednesday,,
2009-03-12,00:00:00,75.74,76.67,74.035,76.275,228437000000,3,Thursday,,
2009-03-13,00:00:00,76.29,77.89,75.93,76.983,208043900000,4,Friday,,
2009-03-15,00:00:00,77.06,77.102,76.935,76.983,1256530580,6,Sunday,,
2009-03-16,00:00:00,76.995,77.9,76.28,77.21,162310759480,0,Monday,0.012,0.01559
2009-03-17,00:00:00,77.225,77.81,77.165,77.665,172637000000,1,Tuesday,,
2009-03-18,00:00:00,77.665,77.94,76.065,77.055,195660000000,2,Wednesday,,
2009-03-19,00:00:00,77.055,77.77,75.89,76.28,257087000000,3,Thursday,,
2009-03-20,00:00:00,76.265,77.785,76.075,77.227,191737542190,4,Friday,,
2009-03-22,00:00:00,77.125,77.216,76.975,77.125,1870437440,6,Sunday,,
2009-03-23,00:00:00,77.135,79.58,77.035,79.37,239353419490,0,Monday,0.01,0.01297
2009-03-24,00:00:00,79.35,80.655,79.04,79.53,251292000000,1,Tuesday,,
2009-03-25,00:00:00,79.53,80.06,78.64,79.27,221914000000,2,Wednesday,,
2009-03-26,00:00:00,79.295,80.42,79.16,80.4,211272000000,3,Thursday,,
2009-03-27,00:00:00,80.4,80.44,78.38,78.797,205732806960,4,Friday,,
2009-03-30,00:00:00,79.096,79.355,76.575,76.98,167842951860,0,Monday,0.299,0.37946
2009-03-31,00:00:00,77.014,78.93,76.98,78.475,190733000000,1,Tuesday,,
2009-04-01,00:00:00,78.5,78.85,77.43,78.145,205731000000,2,Wednesday,,
2009-04-02,00:00:00,78.17,80.515,78.05,80.35,214231000000,3,Thursday,,
2009-04-03,00:00:00,80.376,81.545,79.94,81.51,210359823230,4,Friday,,
2009-04-06,00:00:00,81.342,82.87,80.855,81.52,180230094710,0,Monday,-0.168,-0.20611
2009-04-07,00:00:00,81.544,81.73,80.025,81.12,202162000000,1,Tuesday,,
2009-04-08,00:00:00,81.14,81.47,79.925,80.65,217842000000,2,Wednesday,,
2009-04-09,00:00:00,80.65,82.11,80.445,82.01,200946000000,3,Thursday,,
2009-04-10,00:00:00,82.01,82.16,81.525,81.665,48989148040,4,Friday,,
2009-04-13,00:00:00,81.828,82.31,81.49,82.015,112482453980,0,Monday,0.163,0.1996
2009-04-14,00:00:00,82.015,82.465,81.26,81.405,245864000000,1,Tuesday,,
2009-04-15,00:00:00,81.405,82.745,80.62,82.55,307593000000,2,Wednesday,,
2009-04-16,00:00:00,82.55,82.86,81.48,82.21,278397000000,3,Thursday,,
2009-04-17,00:00:00,82.199,82.465,81.12,81.695,240421453870,4,Friday,,
2009-04-20,00:00:00,81.655,81.905,78.945,78.945,309885594770,0,Monday,-0.04,-0.04896
2009-04-21,00:00:00,78.98,80.055,78.24,79.87,247075000000,1,Tuesday,,
2009-04-22,00:00:00,79.849,79.87,78.27,79.01,198851000000,2,Wednesday,,
2009-04-23,00:00:00,79.03,80.21,78.63,80.07,207662000000,3,Thursday,,
2009-04-24,00:00:00,80.078,80.585,79.0,80.295,231983616760,4,Friday,,
2009-04-27,00:00:00,79.85,79.995,79.135,79.25,237443131240,0,Monday,-0.445,-0.55421
2009-04-28,00:00:00,79.25,79.405,78.04,79.06,286486000000,1,Tuesday,,
2009-04-29,00:00:00,79.05,81.49,78.925,81.165,175510000000,2,Wednesday,,
2009-04-30,00:00:00,81.18,83.05,80.925,82.685,253970000000,3,Thursday,,
2009-05-01,00:00:00,82.68,83.99,82.47,83.56,135269145980,4,Friday,,
2009-05-04,00:00:00,83.618,84.55,83.419,84.25,188698597120,0,Monday,0.058,0.06941
2009-05-05,00:00:00,84.24,84.705,83.865,84.07,358087000000,1,Tuesday,,
2009-05-06,00:00:00,84.065,84.46,82.95,84.315,346468000000,2,Wednesday,,
2009-05-07,00:00:00,84.3,85.38,84.14,84.69,256591000000,3,Thursday,,
2009-05-08,00:00:00,84.69,85.82,84.425,85.555,232031066790,4,Friday,,
2009-05-11,00:00:00,85.69,85.91,83.41,83.505,244695702230,0,Monday,0.135,0.15779
2009-05-12,00:00:00,83.5,84.325,82.345,82.93,243576000000,1,Tuesday,,
2009-05-13,00:00:00,82.941,83.56,80.9,81.15,279865000000,2,Wednesday,,
2009-05-14,00:00:00,81.12,81.99,80.825,81.9,305355000000,3,Thursday,,
2009-05-15,00:00:00,81.895,82.155,80.435,80.77,238451380950,4,Friday,,
2009-05-18,00:00:00,80.399,82.965,80.1,82.73,266986288580,0,Monday,-0.371,-0.45933
2009-05-19,00:00:00,82.74,83.6,82.45,82.98,228489000000,1,Tuesday,,
2009-05-20,00:00:00,83.015,83.76,82.465,83.085,281009000000,2,Wednesday,,
2009-05-21,00:00:00,83.065,83.46,82.34,82.945,257436000000,3,Thursday,,
2009-05-22,00:00:00,83.0,84.77,82.655,84.605,233338027440,4,Friday,,
2009-05-25,00:00:00,84.343,84.81,83.95,84.33,180163951780,0,Monday,-0.262,-0.30967
2009-05-26,00:00:00,84.35,85.17,83.51,85.095,273406000000,1,Tuesday,,
2009-05-27,00:00:00,85.09,85.87,84.905,84.93,293554000000,2,Wednesday,,
2009-05-28,00:00:00,84.84,87.09,84.53,86.94,294159000000,3,Thursday,,
2009-05-29,00:00:00,86.944,87.65,86.51,87.295,287102099370,4,Friday,,
2009-06-01,00:00:00,87.222,89.08,86.8,88.265,294758903370,0,Monday,-0.073,-0.08362
2009-06-02,00:00:00,88.29,89.065,87.71,88.555,326142000000,1,Tuesday,,
2009-06-03,00:00:00,88.547,89.165,86.18,86.42,361223000000,2,Wednesday,,
2009-06-04,00:00:00,86.409,88.365,86.02,87.995,397576000000,3,Thursday,,
2009-06-05,00:00:00,88.005,89.04,87.36,88.078,305362199990,4,Friday,,
2009-06-08,00:00:00,87.983,88.405,87.23,88.225,335726911470,0,Monday,-0.095,-0.10786
2009-06-09,00:00:00,88.253,89.19,87.42,88.16,344061000000,1,Tuesday,,
2009-06-10,00:00:00,88.145,89.405,87.97,88.48,372745000000,2,Wednesday,,
2009-06-11,00:00:00,88.48,89.32,88.325,88.525,303363000000,3,Thursday,,
2009-06-12,00:00:00,88.525,88.73,87.29,87.936,318270668560,4,Friday,,
2009-06-15,00:00:00,87.847,87.993,85.94,86.25,333694357680,0,Monday,-0.089,-0.10121
2009-06-16,00:00:00,86.255,86.56,84.78,84.85,381504000000,1,Tuesday,,
2009-06-17,00:00:00,84.85,85.74,83.65,84.57,345755000000,2,Wednesday,,
2009-06-18,00:00:00,84.57,85.667,84.14,85.18,327958000000,3,Thursday,,
2009-06-19,00:00:00,85.19,86.045,84.62,84.705,228095960790,4,Friday,,
2009-06-22,00:00:00,84.665,84.885,82.905,83.0,270745691110,0,Monday,-0.04,-0.04722
2009-06-23,00:00:00,82.98,83.525,82.08,82.81,334975000000,1,Tuesday,,
2009-06-24,00:00:00,82.81,83.5,82.54,82.595,316912000000,2,Wednesday,,
2009-06-25,00:00:00,82.6,83.7,82.515,83.08,405648000000,3,Thursday,,
2009-06-26,00:00:00,83.08,83.545,82.38,82.528,327365848930,4,Friday,,
2009-06-29,00:00:00,82.537,83.17,82.245,83.06,318505413600,0,Monday,0.009,0.01091
2009-06-30,00:00:00,83.055,83.38,82.595,82.875,347634000000,1,Tuesday,,
2009-07-01,00:00:00,82.86,84.445,82.75,84.055,299397000000,2,Wednesday,,
2009-07-02,00:00:00,84.06,84.29,82.405,82.465,295196000000,3,Thursday,,
2009-07-03,00:00:00,82.455,83.05,82.285,82.713,167360459030,4,Friday,,
2009-07-06,00:00:00,82.717,82.717,81.315,82.215,620932465600,0,Monday,0.004,0.00484
2009-07-07,00:00:00,82.235,82.545,81.18,81.335,605772000000,1,Tuesday,,
2009-07-08,00:00:00,81.33,81.385,78.535,79.56,782440000000,2,Wednesday,,
2009-07-09,00:00:00,79.56,80.69,79.235,79.99,648683000000,3,Thursday,,
2009-07-10,00:00:00,79.98,80.215,78.76,79.48,427462700000,4,Friday,,
2009-07-13,00:00:00,79.434,80.79,78.78,80.79,615056397550,0,Monday,-0.046,-0.05788
2009-07-14,00:00:00,80.79,82.775,80.545,82.525,648368000000,1,Tuesday,,
2009-07-15,00:00:00,82.525,84.94,82.33,84.655,551730000000,2,Wednesday,,
2009-07-16,00:00:00,84.655,84.75,83.31,84.06,477830000000,3,Thursday,,
2009-07-17,00:00:00,84.05,84.615,83.51,84.58,446227117170,4,Friday,,
2009-07-20,00:00:00,84.38,85.85,84.148,85.155,461757762950,0,Monday,-0.2,-0.23646
2009-07-21,00:00:00,85.155,85.99,84.04,84.915,462413000000,1,Tuesday,,
2009-07-22,00:00:00,84.915,85.54,84.07,85.155,514626000000,2,Wednesday,,
2009-07-23,00:00:00,85.15,87.815,84.97,87.17,550805000000,3,Thursday,,
2009-07-24,00:00:00,87.17,87.855,86.65,87.24,383778899890,4,Friday,,
2009-07-27,00:00:00,87.338,88.385,87.04,88.025,523088871260,0,Monday,0.098,0.11233
2009-07-28,00:00:00,88.02,88.465,86.24,87.41,484807000000,1,Tuesday,,
2009-07-29,00:00:00,87.405,87.7,86.42,87.135,666833000000,2,Wednesday,,
2009-07-30,00:00:00,87.13,88.59,86.94,88.185,557911000000,3,Thursday,,
2009-07-31,00:00:00,88.175,88.9,87.415,87.825,414326649880,4,Friday,,
2009-08-03,00:00:00,87.972,89.48,87.675,89.36,503181848310,0,Monday,0.147,0.16738
2009-08-04,00:00:00,89.355,89.705,88.365,88.77,598429000000,1,Tuesday,,
2009-08-05,00:00:00,88.77,89.185,88.03,88.7,598675000000,2,Wednesday,,
2009-08-06,00:00:00,88.7,89.63,88.35,88.56,415078000000,3,Thursday,,
2009-08-07,00:00:00,88.56,90.315,87.705,90.21,201141443800,4,Friday,,
2009-08-10,00:00:00,90.123,90.24,88.835,89.2,208719691030,0,Monday,-0.087,-0.09644
2009-08-11,00:00:00,89.205,89.27,86.74,87.12,235797000000,1,Tuesday,,
2009-08-12,00:00:00,87.12,88.815,85.93,88.175,226177000000,2,Wednesday,,
2009-08-13,00:00:00,88.14,89.14,87.24,87.79,160908000000,3,Thursday,,
2009-08-14,00:00:00,87.79,87.945,86.01,86.42,175178842340,4,Friday,,
2009-08-17,00:00:00,86.13,86.22,84.74,85.225,209138910570,0,Monday,-0.29,-0.33557
2009-08-18,00:00:00,85.22,86.35,85.18,85.98,211636000000,1,Tuesday,,
2009-08-19,00:00:00,85.98,86.265,84.395,85.88,175653000000,2,Wednesday,,
2009-08-20,00:00:00,85.875,86.665,85.41,86.63,156921000000,3,Thursday,,
2009-08-21,00:00:00,86.635,87.665,85.45,87.28,194637599800,4,Friday,,
2009-08-24,00:00:00,87.212,88.4,87.2,87.85,179170072390,0,Monday,-0.068,-0.07791
2009-08-25,00:00:00,87.845,88.05,86.42,86.645,202780000000,1,Tuesday,,
2009-08-26,00:00:00,86.645,86.975,85.625,85.88,242769000000,2,Wednesday,,
2009-08-27,00:00:00,85.88,86.32,84.89,85.975,231556000000,3,Thursday,,
2009-08-28,00:00:00,85.975,86.94,85.55,85.718,239108099680,4,Friday,,
2009-08-31,00:00:00,85.398,85.665,83.785,85.115,234886959420,0,Monday,-0.32,-0.37332
2009-09-01,00:00:00,85.115,85.755,83.975,84.15,196882000000,1,Tuesday,,
2009-09-02,00:00:00,84.15,84.515,83.15,83.42,166808000000,2,Wednesday,,
2009-09-03,00:00:00,83.42,84.29,83.2,84.055,147981000000,3,Thursday,,
2009-09-04,00:00:00,84.05,85.8,83.8,85.445,138126263620,4,Friday,,
2009-09-07,00:00:00,85.522,86.55,85.36,86.275,85139058420,0,Monday,0.077,0.09012
2009-09-08,00:00:00,86.26,86.385,85.23,85.575,155824000000,1,Tuesday,,
2009-09-09,00:00:00,85.585,85.9,84.885,85.32,180029000000,2,Wednesday,,
2009-09-10,00:00:00,85.32,85.53,84.435,85.15,139060000000,3,Thursday,,
2009-09-11,00:00:00,85.15,85.18,83.78,84.215,173624499960,4,Friday,,
2009-09-14,00:00:00,83.768,84.0,83.045,83.965,188007712280,0,Monday,-0.447,-0.53078
2009-09-15,00:00:00,83.965,85.02,83.79,84.885,163963000000,1,Tuesday,,
2009-09-16,00:00:00,84.885,85.41,84.3,85.29,199908000000,2,Wednesday,,
2009-09-17,00:00:00,85.295,86.03,85.105,85.535,328288000000,3,Thursday,,
2009-09-18,00:00:00,85.545,85.655,84.745,85.38,317534555130,4,Friday,,
2009-09-21,00:00:00,85.374,85.875,85.0,85.18,279153120470,0,Monday,-0.006,-0.00703
2009-09-22,00:00:00,85.15,85.695,84.895,85.19,252646000000,1,Tuesday,,
2009-09-23,00:00:00,85.19,85.61,84.76,84.92,286840000000,2,Wednesday,,
2009-09-24,00:00:00,84.92,85.12,83.505,83.79,419658000000,3,Thursday,,
2009-09-25,00:00:00,83.77,83.83,81.98,82.112,384252900620,4,Friday,,
2009-09-27,00:00:00,82.052,82.103,82.02,82.09,2630310560,6,Sunday,,
2009-09-28,00:00:00,82.075,82.645,80.625,82.625,340122200050,0,Monday,-0.015,-0.01827
2009-09-29,00:00:00,82.625,83.29,82.36,83.065,370578000000,1,Tuesday,,
2009-09-30,00:00:00,83.065,83.995,82.805,83.885,365015000000,2,Wednesday,,
2009-10-01,00:00:00,83.885,84.18,82.59,82.645,389721000000,3,Thursday,,
2009-10-02,00:00:00,82.645,82.655,82.456,82.529,388787499570,4,Friday,,
2009-10-04,00:00:00,82.722,82.805,82.68,82.692,1848620180,6,Sunday,,
2009-10-05,00:00:00,82.715,84.0,82.715,83.65,316990836400,0,Monday,0.023,0.02781
2009-10-06,00:00:00,83.65,84.16,83.175,83.775,415599000000,1,Tuesday,,
2009-10-07,00:00:00,83.775,84.3,83.225,83.455,381255000000,2,Wednesday,,
2009-10-08,00:00:00,83.455,84.225,83.295,84.015,347869000000,3,Thursday,,
2009-10-09,00:00:00,84.015,86.17,83.955,86.1,374218899680,4,Friday,,
2009-10-11,00:00:00,85.762,86.005,85.672,86.005,1433218840,6,Sunday,,
2009-10-12,00:00:00,86.0,87.315,85.93,86.785,280397266450,0,Monday,-0.005,-0.00581
2009-10-13,00:00:00,86.775,87.24,86.495,86.945,349657000000,1,Tuesday,,
2009-10-14,00:00:00,86.945,87.38,86.455,87.155,350151000000,2,Wednesday,,
2009-10-15,00:00:00,87.155,88.24,87.09,87.58,385047000000,3,Thursday,,
2009-10-16,00:00:00,87.575,88.22,87.53,88.032,411043165560,4,Friday,,
2009-10-18,00:00:00,87.633,87.654,87.425,87.425,4237783370,6,Sunday,,
2009-10-19,00:00:00,87.425,88.23,87.15,88.195,399435918210,0,Monday,0.0,0.0
2009-10-20,00:00:00,88.195,88.24,86.195,86.345,432337000000,1,Tuesday,,
2009-10-21,00:00:00,86.345,87.645,85.945,87.225,457214000000,2,Wednesday,,
2009-10-22,00:00:00,87.215,87.54,86.63,87.195,410052000000,3,Thursday,,
2009-10-23,00:00:00,87.195,87.43,87.117,87.38,405887146000,4,Friday,,
2009-10-25,00:00:00,87.532,87.565,87.375,87.534,8436124200,6,Sunday,,
2009-10-26,00:00:00,87.525,87.66,86.145,86.245,413561288690,0,Monday,-0.009,-0.01028
2009-10-27,00:00:00,86.245,86.645,85.715,86.225,463887000000,1,Tuesday,,
2009-10-28,00:00:00,86.225,86.27,83.77,83.94,462419000000,2,Wednesday,,
2009-10-29,00:00:00,83.94,85.865,83.545,85.725,422524000000,3,Thursday,,
2009-10-30,00:00:00,85.715,85.81,82.95,83.015,353019700360,4,Friday,,
2009-11-02,00:00:00,82.66,84.59,82.05,83.775,424620600060,0,Monday,-0.355,-0.42763
2009-11-03,00:00:00,83.77,84.765,82.975,84.735,381106000000,1,Tuesday,,
2009-11-04,00:00:00,84.735,86.005,84.35,85.34,403167000000,2,Wednesday,,
2009-11-05,00:00:00,85.34,85.51,84.325,85.15,395181000000,3,Thursday,,
2009-11-06,00:00:00,85.16,85.28,85.045,85.233,339983742340,4,Friday,,
2009-11-09,00:00:00,83.925,85.36,83.54,85.21,393207800000,0,Monday,-1.308,-1.53462
2009-11-10,00:00:00,85.15,85.675,84.535,85.53,362400000000,1,Tuesday,,
2009-11-11,00:00:00,85.53,86.125,85.035,85.99,299820000000,2,Wednesday,,
2009-11-12,00:00:00,85.99,86.355,85.26,85.575,343245000000,3,Thursday,,
2009-11-13,00:00:00,85.54,85.64,85.445,85.569,277080489950,4,Friday,,
2009-11-16,00:00:00,84.96,85.74,84.845,84.99,231043057510,0,Monday,-0.609,-0.71171
2009-11-17,00:00:00,84.99,85.175,84.095,84.905,328978000000,1,Tuesday,,
2009-11-18,00:00:00,84.9,85.25,84.535,84.66,280138000000,2,Wednesday,,
2009-11-19,00:00:00,84.655,84.755,82.995,83.65,299183000000,3,Thursday,,
2009-11-20,00:00:00,83.65,83.845,82.86,82.945,301581850050,4,Friday,,
2009-11-23,00:00:00,82.94,84.54,82.903,84.275,251449215620,0,Monday,-0.005,-0.00603
2009-11-24,00:00:00,84.275,84.325,83.295,83.625,262622000000,1,Tuesday,,
2009-11-25,00:00:00,83.625,83.885,83.13,83.545,247383000000,2,Wednesday,,
2009-11-26,00:00:00,83.545,83.6,81.435,81.71,208178000000,3,Thursday,,
2009-11-27,00:00:00,81.71,81.845,79.87,81.334,230539599880,4,Friday,,
2009-11-30,00:00:00,81.845,82.275,81.215,81.785,359190999980,0,Monday,0.511,0.62827
2009-12-01,00:00:00,81.775,83.325,81.595,82.835,392099000000,1,Tuesday,,
2009-12-02,00:00:00,82.85,83.73,82.72,83.115,381152000000,2,Wednesday,,
2009-12-03,00:00:00,83.12,84.06,83.07,83.45,405788000000,3,Thursday,,
2009-12-04,00:00:00,83.45,85.815,83.215,85.52,402246129640,4,Friday,,
2009-12-07,00:00:00,85.345,85.515,84.495,85.07,418363874290,0,Monday,-0.175,-0.20463
2009-12-08,00:00:00,85.12,85.13,82.755,83.09,409800000000,1,Tuesday,,
2009-12-09,00:00:00,83.09,83.495,82.305,83.31,431234000000,2,Wednesday,,
2009-12-10,00:00:00,83.31,84.195,82.99,83.835,336153000000,3,Thursday,,
2009-12-11,00:00:00,83.835,85.2,83.825,84.03,391204900080,4,Friday,,
2009-12-14,00:00:00,83.845,84.37,82.975,83.67,415516664440,0,Monday,-0.185,-0.22016
2009-12-15,00:00:00,83.67,84.73,83.59,84.415,395482000000,1,Tuesday,,
2009-12-16,00:00:00,84.415,84.815,84.155,84.57,360263000000,2,Wednesday,,
2009-12-17,00:00:00,84.565,84.74,83.675,83.97,476429000000,3,Thursday,,
2009-12-18,00:00:00,83.97,85.075,83.07,84.75,354905980510,4,Friday,,
2009-12-21,00:00:00,84.6,86.095,84.495,85.8,344376300010,0,Monday,-0.15,-0.17699
2009-12-22,00:00:00,85.805,87.05,85.57,86.83,369349000000,1,Tuesday,,
2009-12-23,00:00:00,86.83,87.495,86.63,87.35,217602000000,2,Wednesday,,
2009-12-24,00:00:00,87.345,87.625,86.94,87.16,175165000000,3,Thursday,,
2009-12-25,00:00:00,87.161,87.322,86.762,87.119,163737024440,4,Friday,,
2009-12-28,00:00:00,87.085,87.92,87.045,87.84,196328222480,0,Monday,-0.034,-0.03903
2009-12-29,00:00:00,87.84,88.525,87.765,88.14,299644000000,1,Tuesday,,
2009-12-30,00:00:00,88.135,88.255,87.355,87.57,284496000000,2,Wednesday,,
2009-12-31,00:00:00,87.57,89.06,87.43,88.155,124230000000,3,Thursday,,
2010-01-01,00:00:00,88.309,88.42,88.27,88.375,285305790740,4,Friday,,
2010-01-04,00:00:00,88.311,89.49,88.283,88.785,319772053760,0,Monday,-0.064,-0.07242
2010-01-05,00:00:00,88.785,88.995,87.92,88.24,423934000000,1,Tuesday,,
2010-01-06,00:00:00,88.24,89.685,87.96,89.405,407093000000,2,Wednesday,,
2010-01-07,00:00:00,89.405,90.415,88.98,90.235,427043000000,3,Thursday,,
2010-01-08,00:00:00,90.235,90.605,89.375,89.935,372464300580,4,Friday,,
2010-01-11,00:00:00,90.02,90.095,88.91,89.1,385838899920,0,Monday,0.085,0.09451
2010-01-12,00:00:00,89.1,89.29,87.275,87.545,424670000000,1,Tuesday,,
2010-01-13,00:00:00,87.545,88.805,87.34,88.65,392728000000,2,Wednesday,,
2010-01-14,00:00:00,88.65,89.325,88.45,89.105,380870000000,3,Thursday,,
2010-01-15,00:00:00,89.105,89.175,88.08,88.16,363007600040,4,Friday,,
2010-01-18,00:00:00,88.06,88.58,87.975,88.46,233236753210,0,Monday,-0.1,-0.11343
2010-01-19,00:00:00,88.455,88.51,87.86,88.345,388405000000,1,Tuesday,,
2010-01-20,00:00:00,88.345,88.43,86.765,87.18,418687000000,2,Wednesday,,
2010-01-21,00:00:00,87.18,87.825,85.755,85.93,407656000000,3,Thursday,,
2010-01-22,00:00:00,85.93,86.465,84.83,84.885,414028500020,4,Friday,,
2010-01-25,00:00:00,85.28,85.665,84.82,85.33,386369000030,0,Monday,0.395,0.46534
2010-01-26,00:00:00,85.33,85.835,83.745,84.33,424988000000,1,Tuesday,,
2010-01-27,00:00:00,84.325,84.595,83.65,84.555,430115000000,2,Wednesday,,
2010-01-28,00:00:00,84.56,85.645,84.135,84.3,379528000000,3,Thursday,,
2010-01-29,00:00:00,84.295,85.39,83.845,84.32,344046422120,4,Friday,,
2010-02-01,00:00:00,83.91,85.435,83.905,85.415,336210200020,0,Monday,-0.41,-0.48624
2010-02-02,00:00:00,85.42,85.9,84.975,85.49,313607000000,1,Tuesday,,
2010-02-03,00:00:00,85.49,86.105,85.28,85.605,325515000000,2,Wednesday,,
2010-02-04,00:00:00,85.605,85.855,82.37,82.83,326232000000,3,Thursday,,
2010-02-05,00:00:00,82.83,84.175,82.485,83.264,403656199810,4,Friday,,
2010-02-08,00:00:00,83.695,84.025,82.92,82.95,346208043580,0,Monday,0.431,0.51763
2010-02-09,00:00:00,82.945,84.265,82.785,84.145,389416000000,1,Tuesday,,
2010-02-10,00:00:00,84.145,84.81,83.61,84.65,396894000000,2,Wednesday,,
2010-02-11,00:00:00,84.65,85.645,84.52,85.46,348587000000,3,Thursday,,
2010-02-12,00:00:00,85.46,86.025,84.775,85.6,367322499850,4,Friday,,
2010-02-15,00:00:00,85.69,85.97,85.535,85.75,155482633600,0,Monday,0.09,0.10514
2010-02-16,00:00:00,85.755,86.88,85.635,86.385,268621000000,1,Tuesday,,
2010-02-17,00:00:00,86.385,87.365,86.195,87.185,332501000000,2,Wednesday,,
2010-02-18,00:00:00,87.19,87.86,86.51,87.655,291561000000,3,Thursday,,
2010-02-19,00:00:00,87.65,88.315,87.155,88.025,281018799970,4,Friday,,
2010-02-22,00:00:00,88.03,88.445,87.18,87.36,267084912240,0,Monday,0.005,0.00568
2010-02-23,00:00:00,87.355,87.645,85.035,85.38,194867000000,1,Tuesday,,
2010-02-24,00:00:00,85.38,85.715,84.95,85.53,279269000000,2,Wednesday,,
2010-02-25,00:00:00,85.53,85.805,83.16,83.945,299065000000,3,Thursday,,
2010-02-26,00:00:00,83.94,84.625,83.715,84.527,263021199880,4,Friday,,
2010-03-01,00:00:00,84.225,85.74,84.22,85.56,294343400020,0,Monday,-0.302,-0.35728
2010-03-02,00:00:00,85.56,86.52,85.42,85.785,273282000000,1,Tuesday,,
2010-03-03,00:00:00,85.785,86.225,85.465,85.715,254633000000,2,Wednesday,,
2010-03-04,00:00:00,85.715,86.66,85.29,86.28,238128000000,3,Thursday,,
2010-03-05,00:00:00,86.28,88.215,86.24,87.685,212142027330,4,Friday,,
2010-03-08,00:00:00,87.94,88.285,87.65,87.905,309104899910,0,Monday,0.255,0.29081
2010-03-09,00:00:00,87.915,87.935,86.94,87.665,312116000000,1,Tuesday,,
2010-03-10,00:00:00,87.65,88.72,87.405,88.33,260000000000,2,Wednesday,,
2010-03-11,00:00:00,88.35,88.53,87.55,88.365,221614000000,3,Thursday,,
2010-03-12,00:00:00,88.355,89.59,88.205,88.815,291736407850,4,Friday,,
2010-03-14,00:00:00,89.189,89.208,89.039,89.048,10796411720,6,Sunday,,
2010-03-15,00:00:00,89.037,89.28,88.335,88.77,300345100010,0,Monday,-0.011,-0.01235
2010-03-16,00:00:00,88.77,89.315,88.325,89.01,293946000000,1,Tuesday,,
2010-03-17,00:00:00,89.005,89.665,88.815,89.39,283485000000,2,Wednesday,,
2010-03-18,00:00:00,89.395,89.535,88.715,89.055,303303000000,3,Thursday,,
2010-03-19,00:00:00,89.055,89.295,89.055,89.239,242617700170,4,Friday,,
2010-03-21,00:00:00,89.058,89.144,89.002,89.015,2454781550,6,Sunday,,
2010-03-22,00:00:00,89.022,89.25,87.74,88.465,195517586900,0,Monday,0.007,0.00786
2010-03-23,00:00:00,88.46,89.07,88.255,88.965,244308000000,1,Tuesday,,
2010-03-24,00:00:00,88.965,90.16,88.85,89.92,297769000000,2,Wednesday,,
2010-03-25,00:00:00,89.925,91.14,89.675,90.455,257907000000,3,Thursday,,
2010-03-26,00:00:00,90.455,90.53,90.332,90.369,248177499960,4,Friday,,
2010-03-29,00:00:00,90.1,91.025,89.93,90.535,258127745410,0,Monday,-0.269,-0.29767
2010-03-30,00:00:00,90.535,91.485,90.165,90.94,268262000000,1,Tuesday,,
2010-03-31,00:00:00,90.94,92.12,90.92,92.035,337094000000,2,Wednesday,,
2010-04-01,00:00:00,92.03,93.25,91.945,93.005,281808000000,3,Thursday,,
2010-04-02,00:00:00,92.995,93.825,92.675,93.53,140375491530,4,Friday,,
2010-04-05,00:00:00,93.785,94.225,93.565,94.16,195099293810,0,Monday,0.255,0.27264
2010-04-06,00:00:00,94.16,94.22,93.44,93.625,299608000000,1,Tuesday,,
2010-04-07,00:00:00,93.625,94.295,92.625,92.745,332717000000,2,Wednesday,,
2010-04-08,00:00:00,92.745,93.21,92.015,93.165,256102000000,3,Thursday,,
2010-04-09,00:00:00,93.165,93.405,93.087,93.309,244723580930,4,Friday,,
2010-04-12,00:00:00,92.66,93.195,92.475,92.99,281900199980,0,Monday,-0.649,-0.69554
2010-04-13,00:00:00,92.985,93.13,92.135,93.085,288253000000,1,Tuesday,,
2010-04-14,00:00:00,93.085,93.985,92.98,93.335,285847000000,2,Wednesday,,
2010-04-15,00:00:00,93.335,93.775,92.645,92.825,324697000000,3,Thursday,,
2010-04-16,00:00:00,92.825,92.925,92.78,92.873,337181674770,4,Friday,,
2010-04-19,00:00:00,90.487,91.125,89.96,91.06,281223599980,0,Monday,-2.386,-2.5691
2010-04-20,00:00:00,91.06,93.585,91.0,93.34,348867000000,1,Tuesday,,
2010-04-21,00:00:00,93.33,93.975,92.94,93.185,367064000000,2,Wednesday,,
2010-04-22,00:00:00,93.185,93.645,92.45,93.43,330859000000,3,Thursday,,
2010-04-23,00:00:00,93.43,93.465,93.15,93.234,354582400060,4,Friday,,
2010-04-26,00:00:00,93.96,94.475,93.795,93.855,243494262280,0,Monday,0.726,0.77869
2010-04-27,00:00:00,93.855,93.965,91.165,91.625,354287000000,1,Tuesday,,
2010-04-28,00:00:00,91.625,93.605,91.43,93.145,406263000000,2,Wednesday,,
2010-04-29,00:00:00,93.145,93.975,92.795,93.535,246437000000,3,Thursday,,
2010-04-30,00:00:00,93.535,93.695,93.425,93.511,293078600420,4,Friday,,
2010-05-03,00:00:00,92.218,93.66,92.175,93.505,287588400890,0,Monday,-1.293,-1.38273
2010-05-04,00:00:00,93.515,93.92,91.99,92.265,411250000000,1,Tuesday,,
2010-05-05,00:00:00,92.27,92.655,90.655,91.01,455732000000,2,Wednesday,,
2010-05-06,00:00:00,91.01,91.32,82.08,86.01,439989000000,3,Thursday,,
2010-05-07,00:00:00,86.0,89.925,85.365,87.769,291732900070,4,Friday,,
2010-05-10,00:00:00,89.215,91.505,88.475,91.155,410499226500,0,Monday,1.446,1.64751
2010-05-11,00:00:00,91.155,91.675,89.745,90.615,359247000000,1,Tuesday,,
2010-05-12,00:00:00,90.615,91.8,90.255,91.455,262868000000,2,Wednesday,,
2010-05-13,00:00:00,91.455,92.54,90.755,90.905,410240000000,3,Thursday,,
2010-05-14,00:00:00,90.905,91.065,88.475,89.335,444376467780,4,Friday,,
2010-05-17,00:00:00,89.248,89.705,87.965,89.65,300061299280,0,Monday,-0.087,-0.09739
2010-05-18,00:00:00,89.65,90.545,88.495,88.745,388706000000,1,Tuesday,,
2010-05-19,00:00:00,88.745,88.78,86.36,87.855,474887000000,2,Wednesday,,
2010-05-20,00:00:00,87.855,88.21,83.02,83.77,431381000000,3,Thursday,,
2010-05-21,00:00:00,83.785,85.555,83.055,84.925,383599600240,4,Friday,,
2010-05-24,00:00:00,85.093,85.84,84.19,84.95,490723607600,0,Monday,0.168,0.19782
2010-05-25,00:00:00,84.95,84.96,82.395,84.505,618213000000,1,Tuesday,,
2010-05-26,00:00:00,84.5,85.5,83.805,83.93,461773000000,2,Wednesday,,
2010-05-27,00:00:00,83.925,86.865,83.78,86.84,487895000000,3,Thursday,,
2010-05-28,00:00:00,86.84,87.39,86.025,86.35,354966540080,4,Friday,,
2010-05-31,00:00:00,86.37,87.785,86.15,87.355,241718791610,0,Monday,0.02,0.02316
2010-06-01,00:00:00,87.355,87.67,85.825,86.19,480115000000,1,Tuesday,,
2010-06-02,00:00:00,86.19,88.87,86.08,88.705,488839000000,2,Wednesday,,
2010-06-03,00:00:00,88.705,89.695,88.175,89.095,383922000000,3,Thursday,,
2010-06-04,00:00:00,89.095,89.515,86.17,86.415,420975699910,4,Friday,,
2010-06-07,00:00:00,86.313,87.525,85.175,86.055,449372809140,0,Monday,-0.102,-0.11804
2010-06-08,00:00:00,86.04,87.385,85.795,87.325,400315000000,1,Tuesday,,
2010-06-09,00:00:00,87.325,88.35,86.785,87.38,357841000000,2,Wednesday,,
2010-06-10,00:00:00,87.375,88.755,87.215,88.67,306036000000,3,Thursday,,
2010-06-11,00:00:00,88.67,89.03,87.99,88.75,270208467040,4,Friday,,
2010-06-14,00:00:00,88.95,89.795,88.485,88.55,244442488850,0,Monday,0.2,0.22535
2010-06-15,00:00:00,88.55,89.325,87.975,89.165,312652000000,1,Tuesday,,
2010-06-16,00:00:00,89.165,89.52,88.235,89.25,233107000000,2,Wednesday,,
2010-06-17,00:00:00,89.25,89.315,87.65,88.52,241320000000,3,Thursday,,
2010-06-18,00:00:00,88.52,88.895,87.785,88.735,206751339920,4,Friday,,
2010-06-21,00:00:00,88.6,90.035,88.48,88.935,222713099990,0,Monday,-0.135,-0.15214
2010-06-22,00:00:00,88.935,89.165,87.76,87.935,247432000000,1,Tuesday,,
2010-06-23,00:00:00,87.935,88.15,86.05,86.36,228423000000,2,Wednesday,,
2010-06-24,00:00:00,86.36,86.675,85.265,85.89,259987000000,3,Thursday,,
2010-06-25,00:00:00,85.895,86.49,85.67,86.135,284856900260,4,Friday,,
2010-06-28,00:00:00,86.26,86.545,85.9,86.265,219232935590,0,Monday,0.125,0.14512
2010-06-29,00:00:00,86.265,86.37,83.625,83.885,180074000000,1,Tuesday,,
2010-06-30,00:00:00,83.885,84.745,82.98,83.095,246788000000,2,Wednesday,,
2010-07-01,00:00:00,83.08,83.29,81.595,82.62,221627000000,3,Thursday,,
2010-07-02,00:00:00,82.65,83.53,81.975,82.555,213195409970,4,Friday,,
2010-07-05,00:00:00,82.566,83.155,82.185,82.505,164342831340,0,Monday,0.011,0.01332
2010-07-06,00:00:00,82.495,83.5,81.865,82.975,262502000000,1,Tuesday,,
2010-07-07,00:00:00,82.97,83.79,82.075,83.76,312075000000,2,Wednesday,,
2010-07-08,00:00:00,83.76,85.365,83.58,84.765,236077000000,3,Thursday,,
2010-07-09,00:00:00,84.755,85.95,84.565,85.715,199070313910,4,Friday,,
2010-07-12,00:00:00,85.935,86.425,85.09,85.425,225636725530,0,Monday,0.22,0.25666
2010-07-13,00:00:00,85.425,86.125,85.185,86.115,277997000000,1,Tuesday,,
2010-07-14,00:00:00,86.115,86.445,85.08,85.575,245239000000,2,Wednesday,,
2010-07-15,00:00:00,85.555,85.805,83.535,84.16,266782000000,3,Thursday,,
2010-07-16,00:00:00,84.16,84.265,81.715,81.825,260591540030,4,Friday,,
2010-07-19,00:00:00,81.859,82.97,81.745,82.16,222175219860,0,Monday,0.034,0.04155
2010-07-20,00:00:00,82.16,83.935,81.995,83.835,230705000000,1,Tuesday,,
2010-07-21,00:00:00,83.81,84.225,82.8,82.945,242940000000,2,Wednesday,,
2010-07-22,00:00:00,82.935,84.085,82.26,83.805,218130000000,3,Thursday,,
2010-07-23,00:00:00,83.805,84.43,83.42,84.383,225858107310,4,Friday,,
2010-07-26,00:00:00,84.207,84.76,83.77,84.15,218642471900,0,Monday,-0.176,-0.20857
2010-07-27,00:00:00,84.15,85.405,84.1,84.88,282922000000,1,Tuesday,,
2010-07-28,00:00:00,84.88,85.495,83.98,84.215,282298000000,2,Wednesday,,
2010-07-29,00:00:00,84.21,84.695,83.355,83.645,212757000000,3,Thursday,,
2010-07-30,00:00:00,83.645,84.225,83.06,83.945,227897450590,4,Friday,,
2010-08-02,00:00:00,83.892,84.95,83.766,84.545,201402496610,0,Monday,-0.053,-0.06314
2010-08-03,00:00:00,84.54,84.71,83.51,83.82,221136000000,1,Tuesday,,
2010-08-04,00:00:00,83.82,84.85,83.18,84.705,277730000000,2,Wednesday,,
2010-08-05,00:00:00,84.705,85.22,84.235,84.4,227927000000,3,Thursday,,
2010-08-06,00:00:00,84.4,84.415,84.268,84.328,182142500030,4,Friday,,
2010-08-09,00:00:00,83.13,83.67,82.94,83.65,215015720470,0,Monday,-1.198,-1.42064
2010-08-10,00:00:00,83.655,83.745,82.44,82.86,306505000000,1,Tuesday,,
2010-08-11,00:00:00,82.805,82.9,81.115,81.515,336189000000,2,Wednesday,,
2010-08-12,00:00:00,81.515,82.47,81.065,82.395,268030000000,3,Thursday,,
2010-08-13,00:00:00,82.38,82.685,82.285,82.641,252243000010,4,Friday,,
2010-08-16,00:00:00,82.727,82.85,81.465,81.78,267100463940,0,Monday,0.086,0.10406
2010-08-17,00:00:00,81.775,83.045,81.55,82.845,248936000000,1,Tuesday,,
2010-08-18,00:00:00,82.865,83.18,82.52,82.985,214779000000,2,Wednesday,,
2010-08-19,00:00:00,82.98,83.515,81.78,82.075,212104000000,3,Thursday,,
2010-08-20,00:00:00,82.075,82.095,81.91,81.935,224487799820,4,Friday,,
2010-08-23,00:00:00,81.516,81.68,80.865,80.925,216109916690,0,Monday,-0.419,-0.51138
2010-08-24,00:00:00,80.92,80.995,78.415,79.015,286235000000,1,Tuesday,,
2010-08-25,00:00:00,79.03,80.03,78.835,79.785,308234000000,2,Wednesday,,
2010-08-26,00:00:00,79.78,80.375,79.7,79.81,250316000000,3,Thursday,,
2010-08-27,00:00:00,79.825,79.93,79.604,79.658,249000002750,4,Friday,,
2010-08-30,00:00:00,81.257,81.97,79.715,79.815,252009595790,0,Monday,1.599,2.00733
2010-08-31,00:00:00,79.805,79.86,78.56,78.99,278008000000,1,Tuesday,,
2010-09-01,00:00:00,78.99,80.73,78.915,80.425,264828000000,2,Wednesday,,
2010-09-02,00:00:00,80.415,80.51,79.745,80.07,220471000000,3,Thursday,,
2010-09-03,00:00:00,80.06,80.075,79.935,79.984,197314200150,4,Friday,,
2010-09-06,00:00:00,80.868,81.46,80.805,81.315,151194754320,0,Monday,0.884,1.10522
2010-09-07,00:00:00,81.315,81.345,79.88,79.99,285330000000,1,Tuesday,,
2010-09-08,00:00:00,79.99,81.115,79.49,80.83,287649000000,2,Wednesday,,
2010-09-09,00:00:00,80.83,81.32,80.455,81.04,260628000000,3,Thursday,,
2010-09-10,00:00:00,81.015,81.28,80.99,81.149,221781499990,4,Friday,,
2010-09-12,00:00:00,81.46,81.52,81.36,81.37,851800000,6,Sunday,,
2010-09-13,00:00:00,81.375,81.765,81.14,81.44,231157662730,0,Monday,0.005,0.00614
2010-09-14,00:00:00,81.445,81.46,80.635,80.745,287307000000,1,Tuesday,,
2010-09-15,00:00:00,80.74,83.6,80.695,83.57,282724000000,2,Wednesday,,
2010-09-16,00:00:00,83.57,83.72,82.91,83.605,231537000000,3,Thursday,,
2010-09-17,00:00:00,83.605,83.68,83.475,83.52,219963700240,4,Friday,,
2010-09-19,00:00:00,83.02,83.034,82.875,82.97,638962920,6,Sunday,,
2010-09-20,00:00:00,82.97,83.515,82.85,83.16,181936160800,0,Monday,0.0,0.0
2010-09-21,00:00:00,83.16,83.275,82.59,82.975,202923000000,1,Tuesday,,
2010-09-22,00:00:00,82.975,83.095,81.455,82.085,227028000000,2,Wednesday,,
2010-09-23,00:00:00,82.085,82.24,81.205,81.595,204228000000,3,Thursday,,
2010-09-24,00:00:00,81.595,81.825,81.565,81.669,205843894170,4,Friday,,
2010-09-26,00:00:00,82.148,82.37,82.14,82.305,1000333900,6,Sunday,,
2010-09-27,00:00:00,82.27,82.42,81.75,81.795,232144895970,0,Monday,-0.035,-0.04252
2010-09-28,00:00:00,81.795,81.905,80.98,81.355,228844000000,1,Tuesday,,
2010-09-29,00:00:00,81.355,81.805,80.88,81.06,213188000000,2,Wednesday,,
2010-09-30,00:00:00,81.06,81.64,80.47,81.055,214118000000,3,Thursday,,
2010-10-01,00:00:00,81.055,81.145,80.975,81.004,218663412210,4,Friday,,
2010-10-03,00:00:00,81.692,81.692,81.572,81.625,1619487720,6,Sunday,,
2010-10-04,00:00:00,81.625,82.205,81.22,81.515,197405170300,0,Monday,0.0,0.0
2010-10-05,00:00:00,81.515,82.11,81.385,81.92,223983000000,1,Tuesday,,
2010-10-06,00:00:00,81.915,82.32,81.63,81.985,222442000000,2,Wednesday,,
2010-10-07,00:00:00,81.985,82.16,80.715,80.845,194759000000,3,Thursday,,
2010-10-08,00:00:00,80.86,81.36,80.255,81.015,179429793090,4,Friday,,
2010-10-10,00:00:00,81.03,81.13,80.545,80.62,1114362580,6,Sunday,,
2010-10-11,00:00:00,80.635,81.255,80.63,80.955,157978717170,0,Monday,0.015,0.01861
2010-10-12,00:00:00,80.955,81.23,80.365,80.985,222390000000,1,Tuesday,,
2010-10-13,00:00:00,80.98,81.72,80.875,81.485,201653000000,2,Wednesday,,
2010-10-14,00:00:00,81.49,81.61,80.825,81.105,229644000000,3,Thursday,,
2010-10-15,00:00:00,81.105,81.205,81.012,81.039,180282700180,4,Friday,,
2010-10-17,00:00:00,80.368,80.405,80.31,80.4,1955642420,6,Sunday,,
2010-10-18,00:00:00,80.415,80.485,79.44,79.87,227256104380,0,Monday,0.015,0.01866
2010-10-19,00:00:00,79.87,79.975,78.74,79.035,248051000000,1,Tuesday,,
2010-10-20,00:00:00,79.025,79.45,78.665,79.405,169525000000,2,Wednesday,,
2010-10-21,00:00:00,79.405,79.705,78.89,79.2,228591000000,3,Thursday,,
2010-10-22,00:00:00,79.2,79.305,79.097,79.145,189276000080,4,Friday,,
2010-10-24,00:00:00,79.181,79.254,79.163,79.242,9186973460,6,Sunday,,
2010-10-25,00:00:00,79.242,79.428,78.896,79.207,196391200020,0,Monday,0.0,0.0
2010-10-26,00:00:00,79.207,79.62,79.126,79.516,104250000000,1,Tuesday,,
2010-10-27,00:00:00,79.516,79.804,78.928,79.487,94830000000,2,Wednesday,,
2010-10-28,00:00:00,79.486,79.577,78.838,79.367,115179000000,3,Thursday,,
2010-10-29,00:00:00,79.367,79.502,78.706,78.837,97183600010,4,Friday,,
2010-10-31,00:00:00,78.764,78.771,78.701,78.745,3201727030,6,Sunday,,
2010-11-01,00:00:00,78.748,79.959,78.741,79.268,100266300000,0,Monday,0.003,0.00381
2010-11-02,00:00:00,79.267,80.146,79.266,79.907,100918000000,1,Tuesday,,
2010-11-03,00:00:00,79.897,80.867,79.838,80.396,100478000000,2,Wednesday,,
2010-11-04,00:00:00,80.425,80.791,80.091,80.517,100658000000,3,Thursday,,
2010-11-05,00:00:00,80.517,81.405,80.146,81.21,92171700020,4,Friday,,
2010-11-08,00:00:00,81.142,81.272,80.633,80.868,93483599970,0,Monday,-0.068,-0.08373
2010-11-09,00:00:00,80.864,81.476,80.2,81.027,96855000000,1,Tuesday,,
2010-11-10,00:00:00,81.027,82.552,80.893,82.186,102168000000,2,Wednesday,,
2010-11-11,00:00:00,82.167,82.372,81.835,82.177,97903000000,3,Thursday,,
2010-11-12,00:00:00,82.177,82.25,80.642,81.505,95643500000,4,Friday,,
2010-11-15,00:00:00,81.596,82.492,81.373,82.269,58527974880,0,Monday,0.091,0.11165
2010-11-16,00:00:00,82.269,82.6,81.34,81.457,59087000000,1,Tuesday,,
2010-11-17,00:00:00,81.446,81.751,81.132,81.167,50712000000,2,Wednesday,,
2010-11-18,00:00:00,81.167,82.255,81.122,81.937,53598000000,3,Thursday,,
2010-11-19,00:00:00,81.928,82.176,81.539,82.137,46577800000,4,Friday,,
2010-11-22,00:00:00,82.12,82.429,81.64,81.787,46481700000,0,Monday,-0.017,-0.0207
2010-11-23,00:00:00,81.74,82.147,80.713,81.136,53750000000,1,Tuesday,,
2010-11-24,00:00:00,81.136,82.727,81.105,82.706,54743000000,2,Wednesday,,
2010-11-25,00:00:00,82.706,82.987,82.451,82.791,38597000000,3,Thursday,,
2010-11-26,00:00:00,82.786,83.122,81.707,82.287,44873517230,4,Friday,,
2010-11-29,00:00:00,82.608,82.792,82.185,82.727,89303261360,0,Monday,0.321,0.3901
2010-11-30,00:00:00,82.727,82.767,81.116,81.527,152890000000,1,Tuesday,,
2010-12-01,00:00:00,81.516,83.048,81.346,82.767,136042000000,2,Wednesday,,
2010-12-02,00:00:00,82.769,83.699,82.517,83.577,105109000000,3,Thursday,,
2010-12-03,00:00:00,83.571,83.652,81.952,82.177,97373799970,4,Friday,,
2010-12-06,00:00:00,82.298,82.596,82.023,82.176,78785479960,0,Monday,0.121,0.14724
2010-12-07,00:00:00,82.16,82.781,81.79,82.446,96393000000,1,Tuesday,,
2010-12-08,00:00:00,82.446,83.466,82.404,83.056,120349000000,2,Wednesday,,
2010-12-09,00:00:00,83.057,83.226,82.729,82.856,120131000000,3,Thursday,,
2010-12-10,00:00:00,82.856,83.198,82.58,83.147,69603699980,4,Friday,,
2010-12-13,00:00:00,83.107,83.667,82.58,82.749,106768186510,0,Monday,-0.04,-0.04811
2010-12-14,00:00:00,82.746,83.257,82.284,83.137,98737000000,1,Tuesday,,
2010-12-15,00:00:00,83.114,84.187,83.026,83.804,110411000000,2,Wednesday,,
2010-12-16,00:00:00,83.807,83.987,83.349,83.386,89023000000,3,Thursday,,
2010-12-17,00:00:00,83.386,83.603,82.753,82.762,99067100000,4,Friday,,
2010-12-20,00:00:00,82.825,83.037,81.98,82.377,94584035730,0,Monday,0.063,0.07612
2010-12-21,00:00:00,82.389,82.459,81.939,82.301,91965000000,1,Tuesday,,
2010-12-22,00:00:00,82.287,82.524,82.02,82.437,74747000000,2,Wednesday,,
2010-12-23,00:00:00,82.437,82.517,81.686,82.116,57667000000,3,Thursday,,
2010-12-24,00:00:00,82.116,82.487,82.045,82.124,47668573540,4,Friday,,
2010-12-27,00:00:00,82.056,82.313,81.993,82.202,44865133480,0,Monday,-0.068,-0.0828
2010-12-28,00:00:00,82.202,82.486,81.795,82.276,79289000000,1,Tuesday,,
2010-12-29,00:00:00,82.276,82.407,81.523,81.527,71512000000,2,Wednesday,,
2010-12-30,00:00:00,81.503,81.852,81.199,81.507,62245000000,3,Thursday,,
2010-12-31,00:00:00,81.486,81.77,81.227,81.227,43973055140,4,Friday,,
2011-01-03,00:00:00,81.577,82.498,81.401,82.226,61514797720,0,Monday,0.35,0.43089
2011-01-04,00:00:00,82.226,82.85,81.426,82.157,110068000000,1,Tuesday,,
2011-01-05,00:00:00,82.147,83.802,81.877,83.607,93847000000,2,Wednesday,,
2011-01-06,00:00:00,83.597,83.772,83.148,83.577,81880000000,3,Thursday,,
2011-01-07,00:00:00,83.562,84.357,83.164,83.657,87590169970,4,Friday,,
2011-01-10,00:00:00,83.733,83.835,82.936,83.237,80811765940,0,Monday,0.076,0.09085
2011-01-11,00:00:00,83.2,84.254,83.155,84.018,76172000000,1,Tuesday,,
2011-01-12,00:00:00,84.016,84.683,83.814,84.187,80361000000,2,Wednesday,,
2011-01-13,00:00:00,84.177,84.27,83.436,83.696,87706000000,3,Thursday,,
2011-01-14,00:00:00,83.696,83.989,82.899,83.609,94232799080,4,Friday,,
2011-01-17,00:00:00,83.696,84.015,83.261,83.746,61712534400,0,Monday,0.087,0.10406
2011-01-18,00:00:00,83.746,83.881,83.146,83.266,88743000000,1,Tuesday,,
2011-01-19,00:00:00,83.256,83.442,82.177,82.356,102186000000,2,Wednesday,,
2011-01-20,00:00:00,82.328,83.296,82.187,83.206,107835000000,3,Thursday,,
2011-01-21,00:00:00,83.194,83.495,82.91,83.076,82014359970,4,Friday,,
2011-01-24,00:00:00,83.013,83.4,82.819,83.041,69137590140,0,Monday,-0.063,-0.07583
2011-01-25,00:00:00,83.037,83.182,82.037,82.487,82032000000,1,Tuesday,,
2011-01-26,00:00:00,82.484,82.925,82.239,82.637,77166000000,2,Wednesday,,
2011-01-27,00:00:00,82.637,83.555,82.439,83.435,82613000000,3,Thursday,,
2011-01-28,00:00:00,83.437,83.441,81.954,81.987,83868989540,4,Friday,,
2011-01-31,00:00:00,81.75,82.402,81.464,81.936,93838857800,0,Monday,-0.237,-0.28907
2011-02-01,00:00:00,81.93,82.262,81.596,82.106,135971000000,1,Tuesday,,
2011-02-02,00:00:00,82.097,82.807,82.077,82.527,126287000000,2,Wednesday,,
2011-02-03,00:00:00,82.527,82.941,82.176,82.336,115171000000,3,Thursday,,
2011-02-04,00:00:00,82.336,83.343,81.949,83.235,141001629930,4,Friday,,
2011-02-07,00:00:00,83.148,83.561,83.017,83.077,122415249990,0,Monday,-0.087,-0.10452
2011-02-08,00:00:00,83.077,83.197,82.34,82.746,126306000000,1,Tuesday,,
2011-02-09,00:00:00,82.746,83.104,82.626,82.847,137564000000,2,Wednesday,,
2011-02-10,00:00:00,82.847,83.721,82.698,83.595,126617000000,3,Thursday,,
2011-02-11,00:00:00,83.586,84.607,83.552,84.396,95697090060,4,Friday,,
2011-02-14,00:00:00,84.347,84.626,84.109,84.213,99809760000,0,Monday,-0.049,-0.05806
2011-02-15,00:00:00,84.227,85.113,84.156,84.621,140892000000,1,Tuesday,,
2011-02-16,00:00:00,84.616,85.082,84.493,84.94,135487000000,2,Wednesday,,
2011-02-17,00:00:00,84.906,85.163,84.406,84.606,121433000000,3,Thursday,,
2011-02-18,00:00:00,84.617,84.881,84.122,84.276,126013149950,4,Friday,,
2011-02-21,00:00:00,84.299,84.667,84.168,84.547,75071307860,0,Monday,0.023,0.02729
2011-02-22,00:00:00,84.536,84.922,83.424,83.517,169911000000,1,Tuesday,,
2011-02-23,00:00:00,83.517,83.867,82.85,83.366,142138000000,2,Wednesday,,
2011-02-24,00:00:00,83.367,83.417,82.644,83.317,158771000000,3,Thursday,,
2011-02-25,00:00:00,83.298,83.596,83.154,83.477,119088890010,4,Friday,,
2011-02-28,00:00:00,83.407,84.264,83.381,84.157,123139499990,0,Monday,-0.07,-0.08386
2011-03-01,00:00:00,84.157,84.691,83.916,83.958,127759000000,1,Tuesday,,
2011-03-02,00:00:00,83.947,84.34,83.791,84.106,109706000000,2,Wednesday,,
2011-03-03,00:00:00,84.106,84.817,83.877,84.797,101452000000,3,Thursday,,
2011-03-04,00:00:00,84.797,85.338,84.526,84.552,95446052970,4,Friday,,
2011-03-07,00:00:00,84.502,84.74,84.242,84.467,120411193730,0,Monday,-0.05,-0.05914
2011-03-08,00:00:00,84.467,85.166,84.441,85.077,113008000000,1,Tuesday,,
2011-03-09,00:00:00,85.04,85.526,85.025,85.406,125787000000,2,Wednesday,,
2011-03-10,00:00:00,85.417,85.605,84.88,85.009,152034000000,3,Thursday,,
2011-03-11,00:00:00,85.013,85.38,83.6,84.036,160250190030,4,Friday,,
2011-03-13,00:00:00,83.855,84.174,83.849,83.866,5591661430,6,Sunday,,
2011-03-14,00:00:00,83.828,84.611,82.88,83.877,167015736100,0,Monday,-0.038,-0.04531
2011-03-15,00:00:00,83.877,84.099,80.97,81.937,224240000000,1,Tuesday,,
2011-03-16,00:00:00,81.937,82.533,77.295,77.846,213526000000,2,Wednesday,,
2011-03-17,00:00:00,77.846,80.492,77.693,80.259,248633000000,3,Thursday,,
2011-03-18,00:00:00,80.25,83.439,80.2,81.779,211697009940,4,Friday,,
2011-03-20,00:00:00,82.066,82.086,81.89,82.021,2237858600,6,Sunday,,
2011-03-21,00:00:00,82.019,83.357,81.943,82.931,115523960000,0,Monday,-0.002,-0.00244
2011-03-22,00:00:00,82.927,83.163,82.45,82.587,121621000000,1,Tuesday,,
2011-03-23,00:00:00,82.577,82.647,82.138,82.478,122807000000,2,Wednesday,,
2011-03-24,00:00:00,82.478,83.094,82.332,82.933,103949000000,3,Thursday,,
2011-03-25,00:00:00,82.933,83.483,82.79,82.791,102040203080,4,Friday,,
2011-03-27,00:00:00,82.966,83.018,82.727,82.842,1370234650,6,Sunday,,
2011-03-28,00:00:00,82.852,83.862,82.834,83.528,100449929600,0,Monday,0.01,0.01207
2011-03-29,00:00:00,83.528,84.66,83.356,84.614,105707000000,1,Tuesday,,
2011-03-30,00:00:00,84.612,85.786,84.498,85.329,137869000000,2,Wednesday,,
2011-03-31,00:00:00,85.324,85.805,84.963,85.748,134846000000,3,Thursday,,
2011-04-01,00:00:00,85.762,87.734,85.754,87.237,135753490060,4,Friday,,
2011-04-04,00:00:00,87.308,87.556,86.626,86.897,95622328240,0,Monday,0.071,0.08139
2011-04-05,00:00:00,86.886,88.113,86.786,88.033,112685000000,1,Tuesday,,
2011-04-06,00:00:00,87.999,89.27,87.948,88.943,131360000000,2,Wednesday,,
2011-04-07,00:00:00,88.936,89.053,87.922,88.579,130185000000,3,Thursday,,
2011-04-08,00:00:00,88.577,89.522,88.395,88.642,125645420090,4,Friday,,
2011-04-11,00:00:00,88.794,89.115,88.32,88.397,110670994020,0,Monday,0.152,0.17148
2011-04-12,00:00:00,88.397,88.678,86.541,86.688,160160000000,1,Tuesday,,
2011-04-13,00:00:00,86.688,87.733,86.635,87.096,131979000000,2,Wednesday,,
2011-04-14,00:00:00,87.078,87.167,85.87,86.846,141607000000,3,Thursday,,
2011-04-15,00:00:00,86.846,87.205,86.117,86.606,110784849980,4,Friday,,
2011-04-18,00:00:00,86.732,86.755,84.581,85.691,123746985710,0,Monday,0.126,0.14549
2011-04-19,00:00:00,85.678,86.586,85.251,86.336,124099000000,1,Tuesday,,
2011-04-20,00:00:00,86.309,87.151,86.184,86.629,126673000000,2,Wednesday,,
2011-04-21,00:00:00,86.626,86.8,85.69,85.843,121499000000,3,Thursday,,
2011-04-22,00:00:00,85.836,86.207,85.648,85.678,39667329980,4,Friday,,
2011-04-25,00:00:00,85.862,86.432,85.534,85.717,99086403560,0,Monday,0.184,0.21476
2011-04-26,00:00:00,85.694,86.244,85.371,85.687,112812000000,1,Tuesday,,
2011-04-27,00:00:00,85.677,86.615,85.466,86.466,133325000000,2,Wednesday,,
2011-04-28,00:00:00,86.466,86.626,85.572,85.719,125525000000,3,Thursday,,
2011-04-29,00:00:00,85.727,85.951,85.271,85.879,87321089940,4,Friday,,
2011-05-02,00:00:00,85.705,86.08,85.306,85.403,117467477600,0,Monday,-0.174,-0.20261
2011-05-03,00:00:00,85.397,85.655,84.589,84.914,122799000000,1,Tuesday,,
2011-05-04,00:00:00,84.899,85.212,83.813,83.999,132000000000,2,Wednesday,,
2011-05-05,00:00:00,83.996,84.23,82.297,82.781,150045000000,3,Thursday,,
2011-05-06,00:00:00,82.766,84.438,82.729,83.366,181391469810,4,Friday,,
2011-05-09,00:00:00,83.362,83.895,83.164,83.527,136102411850,0,Monday,-0.004,-0.0048
2011-05-10,00:00:00,83.517,84.519,83.097,84.506,126629000000,1,Tuesday,,
2011-05-11,00:00:00,84.506,85.29,83.764,84.217,147432000000,2,Wednesday,,
2011-05-12,00:00:00,84.183,84.565,83.309,84.03,149978000000,3,Thursday,,
2011-05-13,00:00:00,84.027,84.258,82.801,83.323,140176330070,4,Friday,,
2011-05-16,00:00:00,83.437,83.653,82.661,82.767,144988395940,0,Monday,0.114,0.13682
2011-05-17,00:00:00,82.767,84.1,82.692,83.704,147404000000,1,Tuesday,,
2011-05-18,00:00:00,83.699,84.249,83.134,84.156,145110000000,2,Wednesday,,
2011-05-19,00:00:00,84.158,84.989,84.047,84.308,141525000000,3,Thursday,,
2011-05-20,00:00:00,84.306,84.656,83.637,83.864,124661130000,4,Friday,,
2011-05-23,00:00:00,83.906,84.062,83.068,83.828,136286591030,0,Monday,0.042,0.05008
2011-05-24,00:00:00,83.826,84.195,83.545,83.874,124025000000,1,Tuesday,,
2011-05-25,00:00:00,83.849,84.127,83.366,83.856,134650000000,2,Wednesday,,
2011-05-26,00:00:00,83.828,83.976,82.734,83.102,132001000000,3,Thursday,,
2011-05-27,00:00:00,83.094,83.219,82.61,82.696,132304589810,4,Friday,,
2011-05-30,00:00:00,82.491,82.91,82.416,82.802,54860996890,0,Monday,-0.205,-0.2479
2011-05-31,00:00:00,82.769,84.524,82.688,84.137,143801000000,1,Tuesday,,
2011-06-01,00:00:00,84.134,84.252,82.786,82.803,130345000000,2,Wednesday,,
2011-06-02,00:00:00,82.787,83.214,82.363,82.831,133829000000,3,Thursday,,
2011-06-03,00:00:00,82.831,83.047,81.37,82.063,124465419820,4,Friday,,
2011-06-06,00:00:00,81.946,82.254,81.552,81.622,116279772950,0,Monday,-0.117,-0.14257
2011-06-07,00:00:00,81.587,82.429,81.587,82.155,111034000000,1,Tuesday,,
2011-06-08,00:00:00,82.121,82.365,81.216,81.554,136994000000,2,Wednesday,,
2011-06-09,00:00:00,81.541,82.602,81.457,82.561,138554000000,3,Thursday,,
2011-06-10,00:00:00,82.546,82.62,81.85,81.864,129042549890,4,Friday,,
2011-06-13,00:00:00,81.971,82.523,81.828,82.17,113921870000,0,Monday,0.107,0.1307
2011-06-14,00:00:00,82.164,83.264,81.987,83.102,115498000000,1,Tuesday,,
2011-06-15,00:00:00,83.095,83.44,82.232,82.64,132326000000,2,Wednesday,,
2011-06-16,00:00:00,82.643,82.809,81.524,82.158,155266000000,3,Thursday,,
2011-06-17,00:00:00,82.106,82.147,81.47,81.671,129126869890,4,Friday,,
2011-06-20,00:00:00,81.564,82.078,81.264,81.914,102391660140,0,Monday,-0.107,-0.13101
2011-06-21,00:00:00,81.912,82.551,81.686,82.543,101955000000,1,Tuesday,,
2011-06-22,00:00:00,82.532,82.727,82.12,82.395,98453000000,2,Wednesday,,
2011-06-23,00:00:00,82.391,82.86,81.947,82.206,123183000000,3,Thursday,,
2011-06-24,00:00:00,82.176,82.364,81.268,81.281,109495110120,4,Friday,,
2011-06-27,00:00:00,81.305,82.047,81.282,81.989,108584128710,0,Monday,0.024,0.02953
2011-06-28,00:00:00,81.975,82.651,81.747,82.651,107201000000,1,Tuesday,,
2011-06-29,00:00:00,82.642,83.488,82.429,83.278,107120000000,2,Wednesday,,
2011-06-30,00:00:00,83.277,83.865,82.985,83.611,113338000000,3,Thursday,,
2011-07-01,00:00:00,83.571,84.35,83.495,84.268,94976809910,4,Friday,,
2011-07-04,00:00:00,84.167,84.374,83.914,84.015,67612341970,0,Monday,-0.101,-0.11986
2011-07-05,00:00:00,84.003,84.473,84.002,84.097,98483000000,1,Tuesday,,
2011-07-06,00:00:00,84.075,84.271,83.418,83.792,96789000000,2,Wednesday,,
2011-07-07,00:00:00,83.797,84.921,83.695,84.695,94288000000,3,Thursday,,
2011-07-08,00:00:00,84.696,85.032,83.331,83.776,96185460050,4,Friday,,
2011-07-11,00:00:00,83.71,83.895,82.71,82.817,108949227620,0,Monday,-0.066,-0.07878
2011-07-12,00:00:00,82.811,82.953,81.004,81.954,155177000000,1,Tuesday,,
2011-07-13,00:00:00,81.936,82.669,81.226,82.368,132743000000,2,Wednesday,,
2011-07-14,00:00:00,82.365,82.949,81.833,82.349,140110000000,3,Thursday,,
2011-07-15,00:00:00,82.346,83.007,82.181,82.864,107624149850,4,Friday,,
2011-07-18,00:00:00,82.824,82.955,82.11,82.331,97415064740,0,Monday,-0.04,-0.04827
2011-07-19,00:00:00,82.341,83.446,82.325,83.312,102725000000,1,Tuesday,,
2011-07-20,00:00:00,83.306,83.479,82.944,83.121,86659000000,2,Wednesday,,
2011-07-21,00:00:00,83.126,83.593,82.854,82.962,105453000000,3,Thursday,,
2011-07-22,00:00:00,82.957,83.381,82.253,82.794,88354530010,4,Friday,,
2011-07-25,00:00:00,82.469,82.978,82.16,82.586,87877261010,0,Monday,-0.325,-0.39254
2011-07-26,00:00:00,82.597,83.22,82.336,82.441,96196000000,1,Tuesday,,
2011-07-27,00:00:00,82.442,82.675,82.032,82.076,89279000000,2,Wednesday,,
2011-07-28,00:00:00,82.071,82.261,81.623,81.787,89528000000,3,Thursday,,
2011-07-29,00:00:00,81.797,81.924,80.23,80.288,114398755220,4,Friday,,
2011-08-01,00:00:00,80.837,81.973,79.601,80.647,129513000010,0,Monday,0.549,0.68379
2011-08-02,00:00:00,80.651,81.424,80.098,80.212,125756000000,1,Tuesday,,
2011-08-03,00:00:00,80.212,80.699,79.668,80.057,123327000000,2,Wednesday,,
2011-08-04,00:00:00,80.062,82.68,79.943,80.349,201932000000,3,Thursday,,
2011-08-05,00:00:00,80.347,80.995,79.597,79.846,169777699980,4,Friday,,
2011-08-08,00:00:00,79.374,79.912,77.999,78.167,171320810030,0,Monday,-0.472,-0.59114
2011-08-09,00:00:00,78.157,78.783,76.907,78.722,216673000000,1,Tuesday,,
2011-08-10,00:00:00,78.722,79.088,76.847,77.225,192140000000,2,Wednesday,,
2011-08-11,00:00:00,77.221,78.043,76.794,78.037,196913000000,3,Thursday,,
2011-08-12,00:00:00,78.036,78.171,77.3,77.631,130976359970,4,Friday,,
2011-08-15,00:00:00,77.771,78.476,77.549,78.422,97003982220,0,Monday,0.14,0.18034
2011-08-16,00:00:00,78.417,78.49,77.665,78.137,98610000000,1,Tuesday,,
2011-08-17,00:00:00,78.127,78.315,77.787,78.086,87848000000,2,Wednesday,,
2011-08-18,00:00:00,78.082,78.17,76.935,77.276,105663000000,3,Thursday,,
2011-08-19,00:00:00,77.277,77.669,76.999,77.276,132996050100,4,Friday,,
2011-08-22,00:00:00,77.431,78.114,77.256,77.508,103926399640,0,Monday,0.155,0.20058
2011-08-23,00:00:00,77.496,77.824,77.22,77.628,104190000000,1,Tuesday,,
2011-08-24,00:00:00,77.63,78.04,77.299,77.966,97140000000,2,Wednesday,,
2011-08-25,00:00:00,77.967,78.788,77.758,78.362,104955000000,3,Thursday,,
2011-08-26,00:00:00,78.357,78.463,77.169,78.067,95144340150,4,Friday,,
2011-08-29,00:00:00,78.274,78.905,77.96,78.628,72847647100,0,Monday,0.207,0.26516
2011-08-30,00:00:00,78.627,78.841,78.083,78.452,83418000000,1,Tuesday,,
2011-08-31,00:00:00,78.465,78.882,78.089,78.39,76337000000,2,Wednesday,,
2011-09-01,00:00:00,78.39,79.105,78.269,78.711,97701000000,3,Thursday,,
2011-09-02,00:00:00,78.701,78.855,77.899,77.975,86693930020,4,Friday,,
2011-09-05,00:00:00,77.922,78.002,77.396,77.563,56413430000,0,Monday,-0.053,-0.06797
2011-09-06,00:00:00,77.602,78.531,77.381,78.379,105806000000,1,Tuesday,,
2011-09-07,00:00:00,78.377,78.553,77.914,78.553,89130000000,2,Wednesday,,
2011-09-08,00:00:00,78.553,78.653,78.261,78.309,86248000000,3,Thursday,,
2011-09-09,00:00:00,78.308,78.52,77.353,77.794,101992259960,4,Friday,,
2011-09-12,00:00:00,77.611,77.924,76.67,77.772,114416323670,0,Monday,-0.183,-0.23524
2011-09-13,00:00:00,77.764,78.051,77.157,78.038,108376000000,1,Tuesday,,
2011-09-14,00:00:00,78.052,78.129,77.179,77.437,106917000000,2,Wednesday,,
2011-09-15,00:00:00,77.437,78.293,77.042,77.94,79937000000,3,Thursday,,
2011-09-16,00:00:00,77.955,78.555,77.772,78.466,80171869980,4,Friday,,
2011-09-19,00:00:00,78.311,78.439,76.998,77.31,79949479120,0,Monday,-0.155,-0.19754
2011-09-20,00:00:00,77.325,77.387,76.848,76.996,90278000000,1,Tuesday,,
2011-09-21,00:00:00,76.997,77.074,75.761,75.814,92961000000,2,Wednesday,,
2011-09-22,00:00:00,75.813,76.233,73.588,74.105,130364000000,3,Thursday,,
2011-09-23,00:00:00,74.111,74.565,73.616,74.438,111166143230,4,Friday,,
2011-09-26,00:00:00,74.381,74.654,73.436,74.466,129753605120,0,Monday,-0.057,-0.07657
2011-09-27,00:00:00,74.471,75.685,74.287,75.324,110234000000,1,Tuesday,,
2011-09-28,00:00:00,75.347,75.373,74.04,74.101,102084000000,2,Wednesday,,
2011-09-29,00:00:00,74.107,74.902,73.694,74.139,97522000000,3,Thursday,,
2011-09-30,00:00:00,74.157,74.29,73.293,73.311,111933399860,4,Friday,,
2011-10-02,00:00:00,73.432,73.606,73.432,73.593,973840000,6,Sunday,,
2011-10-03,00:00:00,73.594,73.725,72.547,72.719,107360700000,0,Monday,0.001,0.00136
2011-10-04,00:00:00,72.715,73.137,72.146,73.002,107579000000,1,Tuesday,,
2011-10-05,00:00:00,73.0,73.85,72.475,73.777,90448000000,2,Wednesday,,
2011-10-06,00:00:00,73.788,73.957,73.127,73.871,86527000000,3,Thursday,,
2011-10-07,00:00:00,73.871,75.068,73.594,73.787,90790359980,4,Friday,,
2011-10-09,00:00:00,73.876,73.954,73.808,73.943,807439490,6,Sunday,,
2011-10-10,00:00:00,73.948,74.829,73.913,74.633,73556510000,0,Monday,0.005,0.00676
2011-10-11,00:00:00,74.648,74.744,74.165,74.541,93852630020,1,Tuesday,,
2011-10-12,00:00:00,74.549,76.378,74.254,75.861,113327160050,2,Wednesday,,
2011-10-13,00:00:00,75.863,75.904,74.771,75.277,102649620130,3,Thursday,,
2011-10-14,00:00:00,75.279,76.461,75.103,76.431,98087339950,4,Friday,,
2011-10-16,00:00:00,76.199,76.348,76.164,76.34,919850000,6,Sunday,,
2011-10-17,00:00:00,76.338,77.087,74.994,75.054,108054659940,0,Monday,-0.002,-0.00262
2011-10-18,00:00:00,75.058,76.007,74.713,75.631,113152789920,1,Tuesday,,
2011-10-19,00:00:00,75.633,76.16,75.109,75.365,97127050040,2,Wednesday,,
2011-10-20,00:00:00,75.367,75.856,74.836,75.585,111633530140,3,Thursday,,
2011-10-21,00:00:00,75.581,75.936,75.187,75.715,94995280120,4,Friday,,
2011-10-23,00:00:00,75.448,75.479,75.378,75.438,687334000,6,Sunday,,
2011-10-24,00:00:00,75.431,75.951,75.413,75.798,93461030010,0,Monday,-0.007,-0.00928
2011-10-25,00:00:00,75.803,76.208,74.373,74.869,105643400010,1,Tuesday,,
2011-10-26,00:00:00,74.877,75.976,74.566,75.89,102712210020,2,Wednesday,,
2011-10-27,00:00:00,75.89,76.755,75.818,76.593,112749969890,3,Thursday,,
2011-10-28,00:00:00,76.596,76.685,75.963,76.392,83549939980,4,Friday,,
2011-10-30,00:00:00,76.214,76.315,76.157,76.197,1280810470,6,Sunday,,
2011-10-31,00:00:00,76.202,79.638,76.103,78.183,148609300080,0,Monday,0.005,0.00656
2011-11-01,00:00:00,78.195,79.062,76.715,76.876,143645849970,1,Tuesday,,
2011-11-02,00:00:00,76.877,77.203,76.476,76.973,124091859970,2,Wednesday,,
2011-11-03,00:00:00,76.977,77.523,76.375,77.428,125302260080,3,Thursday,,
2011-11-04,00:00:00,77.439,77.483,76.462,76.783,95078980110,4,Friday,,
2011-11-07,00:00:00,76.875,77.083,76.535,77.067,95340110290,0,Monday,0.092,0.11982
2011-11-08,00:00:00,77.067,77.138,76.531,77.04,94970699940,1,Tuesday,,
2011-11-09,00:00:00,77.032,77.081,75.931,75.931,110844470040,2,Wednesday,,
2011-11-10,00:00:00,75.93,76.411,75.627,76.347,110146990200,3,Thursday,,
2011-11-11,00:00:00,76.351,76.417,75.596,76.304,85111400080,4,Friday,,
2011-11-14,00:00:00,76.581,76.618,75.482,75.788,86696230010,0,Monday,0.277,0.36302
2011-11-15,00:00:00,75.78,76.19,74.98,75.427,97105000060,1,Tuesday,,
2011-11-16,00:00:00,75.392,75.718,74.782,75.202,100019120000,2,Wednesday,,
2011-11-17,00:00:00,75.202,75.416,74.757,74.773,110937920080,3,Thursday,,
2011-11-18,00:00:00,74.773,75.12,74.548,74.837,105104740000,4,Friday,,
2011-11-21,00:00:00,74.828,74.856,73.861,73.912,102156620070,0,Monday,-0.009,-0.01203
2011-11-22,00:00:00,73.91,74.467,73.902,74.117,104111019940,1,Tuesday,,
2011-11-23,00:00:00,74.121,74.18,73.702,73.716,92353320050,2,Wednesday,,
2011-11-24,00:00:00,73.72,73.881,73.487,73.614,83826590000,3,Thursday,,
2011-11-25,00:00:00,73.615,74.378,73.587,74.185,94233121470,4,Friday,,
2011-11-28,00:00:00,74.372,75.836,74.15,75.406,103032159960,0,Monday,0.187,0.25207
2011-11-29,00:00:00,75.4,75.795,75.152,75.487,110616649990,1,Tuesday,,
2011-11-30,00:00:00,75.487,76.585,75.191,76.275,123825799890,2,Wednesday,,
2011-12-01,00:00:00,76.275,76.68,75.943,76.617,100637939990,3,Thursday,,
2011-12-02,00:00:00,76.623,77.37,76.425,76.451,89221010000,4,Friday,,
2011-12-05,00:00:00,76.722,76.942,76.279,76.542,101811887310,0,Monday,0.271,0.35448
2011-12-06,00:00:00,76.542,77.033,76.128,76.946,97370869990,1,Tuesday,,
2011-12-07,00:00:00,76.948,77.166,76.721,76.915,90376370070,2,Wednesday,,
2011-12-08,00:00:00,76.912,76.964,75.862,75.895,115374740110,3,Thursday,,
2011-12-09,00:00:00,75.905,76.331,75.643,76.313,105299110180,4,Friday,,
2011-12-12,00:00:00,76.195,76.224,75.647,75.847,101036913910,0,Monday,-0.118,-0.15463
2011-12-13,00:00:00,75.845,75.941,75.346,75.399,109944889970,1,Tuesday,,
2011-12-14,00:00:00,75.399,75.481,74.885,75.091,107792220140,2,Wednesday,,
2011-12-15,00:00:00,75.096,75.404,74.927,75.214,112584949990,3,Thursday,,
2011-12-16,00:00:00,75.186,75.572,74.735,74.933,122996390050,4,Friday,,
2011-12-19,00:00:00,74.952,75.355,74.788,75.107,123735050070,0,Monday,0.019,0.02536
2011-12-20,00:00:00,75.102,75.747,75.101,75.626,122940769900,1,Tuesday,,
2011-12-21,00:00:00,75.629,76.124,75.522,76.007,153764019980,2,Wednesday,,
2011-12-22,00:00:00,76.001,76.604,75.918,76.589,97660530010,3,Thursday,,
2011-12-23,00:00:00,76.589,76.72,76.399,76.443,73821732320,4,Friday,,
2011-12-26,00:00:00,76.419,76.546,76.168,76.354,13740000710,0,Monday,-0.024,-0.0314
2011-12-27,00:00:00,76.353,76.632,76.167,76.44,64832719990,1,Tuesday,,
2011-12-28,00:00:00,76.429,76.611,76.024,76.062,109876159740,2,Wednesday,,
2011-12-29,00:00:00,76.058,76.163,75.812,76.096,98971499980,3,Thursday,,
2011-12-30,00:00:00,76.096,76.203,75.249,75.249,112136420190,4,Friday,,
2012-01-02,00:00:00,75.314,75.696,75.263,75.444,20055571410,0,Monday,0.065,0.08638
2012-01-03,00:00:00,75.444,76.184,75.329,75.927,111526439830,1,Tuesday,,
2012-01-04,00:00:00,75.922,75.977,75.54,75.738,126358549890,2,Wednesday,,
2012-01-05,00:00:00,75.728,75.893,75.342,75.601,160598559950,3,Thursday,,
2012-01-06,00:00:00,75.597,75.849,74.815,74.823,127453480090,4,Friday,,
2012-01-09,00:00:00,74.771,75.139,74.526,75.051,116842890090,0,Monday,-0.052,-0.0695
2012-01-10,00:00:00,75.049,75.667,75.027,75.662,117873809970,1,Tuesday,,
2012-01-11,00:00:00,75.661,75.872,75.322,75.367,114721830110,2,Wednesday,,
2012-01-12,00:00:00,75.367,75.788,75.146,75.301,100073390060,3,Thursday,,
2012-01-13,00:00:00,75.301,75.469,74.857,75.203,109191949920,4,Friday,,
2012-01-16,00:00:00,75.192,75.501,74.962,75.412,87384389210,0,Monday,-0.011,-0.01463
2012-01-17,00:00:00,75.407,75.909,75.358,75.673,119207049860,1,Tuesday,,
2012-01-18,00:00:00,75.669,75.985,75.407,75.97,132300540020,2,Wednesday,,
2012-01-19,00:00:00,75.964,76.558,75.799,76.276,111791300000,3,Thursday,,
2012-01-20,00:00:00,76.277,76.329,75.796,75.992,123483638600,4,Friday,,
2012-01-23,00:00:00,75.819,76.63,75.714,76.359,86413949940,0,Monday,-0.173,-0.22766
2012-01-24,00:00:00,76.345,77.094,76.249,76.973,99959680110,1,Tuesday,,
2012-01-25,00:00:00,76.97,77.465,76.866,77.438,137629059920,2,Wednesday,,
2012-01-26,00:00:00,77.428,77.602,77.256,77.305,127180609720,3,Thursday,,
2012-01-27,00:00:00,77.305,77.341,76.48,76.517,130485379180,4,Friday,,
2012-01-30,00:00:00,76.523,76.645,75.867,76.221,97609372050,0,Monday,0.006,0.00784
2012-01-31,00:00:00,76.221,76.654,75.902,76.056,107480099970,1,Tuesday,,
2012-02-01,00:00:00,76.056,76.548,75.76,76.284,103772079940,2,Wednesday,,
2012-02-02,00:00:00,76.289,76.38,76.032,76.262,84192019960,3,Thursday,,
2012-02-03,00:00:00,76.261,77.123,75.969,77.087,89730189970,4,Friday,,
2012-02-06,00:00:00,76.993,77.176,76.688,76.855,101966690030,0,Monday,-0.094,-0.12194
2012-02-07,00:00:00,76.846,77.36,76.796,77.178,110272839990,1,Tuesday,,
2012-02-08,00:00:00,77.177,77.62,76.975,77.338,110788770000,2,Wednesday,,
2012-02-09,00:00:00,77.336,78.133,77.253,78.077,143797389880,3,Thursday,,
2012-02-10,00:00:00,78.075,78.095,77.347,77.486,170539640140,4,Friday,,
2012-02-13,00:00:00,77.433,77.897,77.33,77.577,163968030070,0,Monday,-0.053,-0.0684
2012-02-14,00:00:00,77.578,78.593,77.296,78.495,195871059890,1,Tuesday,,
2012-02-15,00:00:00,78.491,79.036,78.298,78.427,202366289920,2,Wednesday,,
2012-02-16,00:00:00,78.426,79.241,78.151,79.183,200494980050,3,Thursday,,
2012-02-17,00:00:00,79.188,79.929,79.022,79.77,173014910230,4,Friday,,
2012-02-20,00:00:00,80.102,80.559,79.827,80.137,136087800100,0,Monday,0.332,0.4162
2012-02-21,00:00:00,80.139,80.369,79.832,79.976,180235599970,1,Tuesday,,
2012-02-22,00:00:00,79.981,80.507,79.892,80.294,168748360210,2,Wednesday,,
2012-02-23,00:00:00,80.29,80.591,80.027,80.184,122149509900,3,Thursday,,
2012-02-24,00:00:00,80.186,81.244,80.073,81.221,140205249880,4,Friday,,
2012-02-27,00:00:00,81.297,81.66,79.877,80.685,164262880130,0,Monday,0.076,0.09357
2012-02-28,00:00:00,80.683,81.245,80.188,80.825,171844409990,1,Tuesday,,
2012-02-29,00:00:00,80.824,82.275,80.76,81.965,178256090190,2,Wednesday,,
2012-03-01,00:00:00,81.956,82.541,81.755,82.276,167776560100,3,Thursday,,
2012-03-02,00:00:00,82.276,82.819,82.255,82.645,147296990070,4,Friday,,
2012-03-05,00:00:00,82.617,82.701,81.519,81.971,154426765750,0,Monday,-0.028,-0.03388
2012-03-06,00:00:00,81.971,82.054,80.382,80.717,178373649850,1,Tuesday,,
2012-03-07,00:00:00,80.722,81.404,80.452,81.284,152538939930,2,Wednesday,,
2012-03-08,00:00:00,81.273,82.49,81.23,82.325,155481200150,3,Thursday,,
2012-03-09,00:00:00,82.325,83.519,82.159,83.242,157023040030,4,Friday,,
2012-03-11,00:00:00,83.18,83.266,83.12,83.266,979542810,6,Sunday,,
2012-03-12,00:00:00,83.262,83.312,82.668,82.913,131220449990,0,Monday,-0.004,-0.0048
2012-03-13,00:00:00,82.906,83.952,82.7,83.802,154999529900,1,Tuesday,,
2012-03-14,00:00:00,83.804,84.669,83.763,84.237,151327369810,2,Wednesday,,
2012-03-15,00:00:00,84.241,84.721,83.635,84.222,158866439860,3,Thursday,,
2012-03-16,00:00:00,84.222,84.581,83.807,84.106,138412003650,4,Friday,,
2012-03-18,00:00:00,84.114,84.123,84.04,84.093,639718400,6,Sunday,,
2012-03-19,00:00:00,84.103,84.609,83.655,84.475,135572809940,0,Monday,0.01,0.01189
2012-03-20,00:00:00,84.475,84.688,83.789,84.418,125437579920,1,Tuesday,,
2012-03-21,00:00:00,84.418,84.963,83.956,84.01,150093729960,2,Wednesday,,
2012-03-22,00:00:00,84.024,84.138,82.331,82.606,192657990030,3,Thursday,,
2012-03-23,00:00:00,82.605,82.97,81.873,82.477,169822830090,4,Friday,,
2012-03-25,00:00:00,82.512,82.592,82.488,82.573,928463080,6,Sunday,,
2012-03-26,00:00:00,82.578,83.665,82.553,83.605,162094299890,0,Monday,0.005,0.00606
2012-03-27,00:00:00,83.606,84.109,83.328,83.55,153578860040,1,Tuesday,,
2012-03-28,00:00:00,83.556,83.57,82.749,82.988,167376600000,2,Wednesday,,
2012-03-29,00:00:00,82.988,83.11,81.819,82.648,175183880140,3,Thursday,,
2012-03-30,00:00:00,82.656,83.099,82.024,82.936,170204890030,4,Friday,,
2012-04-02,00:00:00,83.331,83.565,82.344,82.851,183269240090,0,Monday,0.395,0.47627
2012-04-03,00:00:00,82.836,83.687,82.337,83.544,183138549890,1,Tuesday,,
2012-04-04,00:00:00,83.544,83.616,82.55,82.733,191347800050,2,Wednesday,,
2012-04-05,00:00:00,82.726,83.097,81.881,82.916,158506000040,3,Thursday,,
2012-04-06,00:00:00,82.937,83.136,81.536,81.809,81586148520,4,Friday,,
2012-04-09,00:00:00,81.699,81.972,81.242,81.667,115454254010,0,Monday,-0.11,-0.13446
2012-04-10,00:00:00,81.662,82.172,80.298,80.302,194411700070,1,Tuesday,,
2012-04-11,00:00:00,80.302,81.027,80.222,80.53,173462959940,2,Wednesday,,
2012-04-12,00:00:00,80.53,81.352,80.479,81.332,169060649740,3,Thursday,,
2012-04-13,00:00:00,81.332,81.663,80.9,80.929,152266789990,4,Friday,,
2012-04-16,00:00:00,80.873,81.079,80.173,80.443,179415550500,0,Monday,-0.056,-0.0692
2012-04-17,00:00:00,80.443,81.866,80.318,81.622,166269790040,1,Tuesday,,
2012-04-18,00:00:00,81.617,82.451,81.576,81.957,171938000130,2,Wednesday,,
2012-04-19,00:00:00,81.957,82.622,81.746,81.943,181006839920,3,Thursday,,
2012-04-20,00:00:00,81.942,82.5,81.911,82.151,142163670050,4,Friday,,
2012-04-23,00:00:00,82.104,82.235,81.211,81.879,150386763590,0,Monday,-0.047,-0.05721
2012-04-24,00:00:00,81.886,82.436,81.566,82.364,146170509980,1,Tuesday,,
2012-04-25,00:00:00,82.364,82.976,82.187,82.709,163520359940,2,Wednesday,,
2012-04-26,00:00:00,82.689,82.784,81.97,82.254,149173590100,3,Thursday,,
2012-04-27,00:00:00,82.254,82.62,81.723,81.83,169426296040,4,Friday,,
2012-04-30,00:00:00,81.776,81.945,80.628,80.842,127863243800,0,Monday,-0.054,-0.06599
2012-05-01,00:00:00,80.841,81.55,80.552,81.247,108277469940,1,Tuesday,,
2012-05-02,00:00:00,81.247,81.736,80.891,81.23,138780980020,2,Wednesday,,
2012-05-03,00:00:00,81.221,81.862,81.027,81.094,133591119920,3,Thursday,,
2012-05-04,00:00:00,81.096,81.418,80.107,80.174,144326340010,4,Friday,,
2012-05-07,00:00:00,80.145,80.525,79.764,80.455,167090170300,0,Monday,-0.029,-0.03617
2012-05-08,00:00:00,80.45,80.584,79.56,79.957,166433720030,1,Tuesday,,
2012-05-09,00:00:00,79.952,80.008,79.04,79.418,185154349940,2,Wednesday,,
2012-05-10,00:00:00,79.406,80.075,79.36,79.745,172909359970,3,Thursday,,
2012-05-11,00:00:00,79.746,80.341,79.353,79.856,166922100180,4,Friday,,
2012-05-14,00:00:00,79.911,80.165,79.339,79.53,179428600300,0,Monday,0.055,0.06887
2012-05-15,00:00:00,79.529,80.112,79.495,79.586,191806969940,1,Tuesday,,
2012-05-16,00:00:00,79.586,80.089,79.251,79.347,221173940050,2,Wednesday,,
2012-05-17,00:00:00,79.342,79.462,77.714,77.716,207511639910,3,Thursday,,
2012-05-18,00:00:00,77.716,78.239,77.256,77.284,216864459920,4,Friday,,
2012-05-21,00:00:00,77.361,78.022,77.321,77.927,184047331840,0,Monday,0.077,0.09963
2012-05-22,00:00:00,77.926,78.659,77.873,78.33,199107460170,1,Tuesday,,
2012-05-23,00:00:00,78.324,78.338,77.009,77.507,226745010020,2,Wednesday,,
2012-05-24,00:00:00,77.504,77.703,77.184,77.487,205843119980,3,Thursday,,
2012-05-25,00:00:00,77.487,77.729,77.216,77.376,175837640030,4,Friday,,
2012-05-28,00:00:00,77.622,77.662,77.371,77.592,120891369960,0,Monday,0.246,0.31793
2012-05-29,00:00:00,77.591,77.871,77.282,77.751,185302650080,1,Tuesday,,
2012-05-30,00:00:00,77.757,77.807,76.485,76.735,211081690330,2,Wednesday,,
2012-05-31,00:00:00,76.732,76.859,75.452,75.808,217607399850,3,Thursday,,
2012-06-01,00:00:00,75.806,76.045,74.405,74.907,231255094880,4,Friday,,
2012-06-04,00:00:00,75.115,75.422,74.731,75.377,201760729710,0,Monday,0.208,0.27768
2012-06-05,00:00:00,75.356,76.113,75.025,75.836,199601290250,1,Tuesday,,
2012-06-06,00:00:00,75.813,77.129,75.784,77.043,228977409930,2,Wednesday,,
2012-06-07,00:00:00,77.043,78.057,76.977,77.444,216111160150,3,Thursday,,
2012-06-08,00:00:00,77.442,77.639,76.448,77.364,209299789820,4,Friday,,
2012-06-11,00:00:00,77.836,78.091,76.977,76.986,207731249820,0,Monday,0.472,0.6101
2012-06-12,00:00:00,76.985,77.554,76.741,77.447,220050579120,1,Tuesday,,
2012-06-13,00:00:00,77.446,77.725,77.037,77.12,213783531060,2,Wednesday,,
2012-06-14,00:00:00,77.12,77.602,77.05,77.57,186671250010,3,Thursday,,
2012-06-15,00:00:00,77.566,77.671,76.699,77.021,182259989890,4,Friday,,
2012-06-18,00:00:00,77.156,77.78,76.753,77.211,181949240150,0,Monday,0.135,0.17528
2012-06-19,00:00:00,77.211,77.719,77.016,77.552,176788329830,1,Tuesday,,
2012-06-20,00:00:00,77.546,78.315,77.31,78.086,196657319790,2,Wednesday,,
2012-06-21,00:00:00,78.082,78.661,77.792,77.931,208394050070,3,Thursday,,
2012-06-22,00:00:00,77.931,78.547,77.761,78.462,184290390060,4,Friday,,
2012-06-25,00:00:00,78.261,78.546,77.085,77.381,168367060010,0,Monday,-0.201,-0.25617
2012-06-26,00:00:00,77.381,77.692,77.06,77.636,183430170220,1,Tuesday,,
2012-06-27,00:00:00,77.626,77.87,77.425,77.762,159873709890,2,Wednesday,,
2012-06-28,00:00:00,77.761,77.793,76.604,76.886,173111919920,3,Thursday,,
2012-06-29,00:00:00,76.886,78.574,76.607,78.477,214438540130,4,Friday,,
2012-07-02,00:00:00,78.549,78.639,77.79,78.156,157433810100,0,Monday,0.072,0.09175
2012-07-03,00:00:00,78.156,78.915,78.08,78.817,149009070050,1,Tuesday,,
2012-07-04,00:00:00,78.817,78.911,78.567,78.815,102571550160,2,Wednesday,,
2012-07-05,00:00:00,78.807,79.113,78.478,78.776,158098309840,3,Thursday,,
2012-07-06,00:00:00,78.776,78.85,78.0,78.151,148396379930,4,Friday,,
2012-07-09,00:00:00,77.979,78.289,77.871,78.037,122900563330,0,Monday,-0.172,-0.22009
2012-07-10,00:00:00,78.037,78.158,77.582,77.651,132451230070,1,Tuesday,,
2012-07-11,00:00:00,77.647,78.237,77.475,78.162,134370730180,2,Wednesday,,
2012-07-12,00:00:00,78.155,78.413,77.302,77.801,148537650070,3,Thursday,,
2012-07-13,00:00:00,77.801,78.207,77.696,78.045,123173640010,4,Friday,,
2012-07-16,00:00:00,78.191,78.213,77.424,77.692,110996860120,0,Monday,0.146,0.18707
2012-07-17,00:00:00,77.684,78.163,77.57,78.108,132932490070,1,Tuesday,,
2012-07-18,00:00:00,78.104,78.184,77.781,77.989,121214490000,2,Wednesday,,
2012-07-19,00:00:00,77.989,78.1,77.75,77.992,130433039950,3,Thursday,,
2012-07-20,00:00:00,77.992,78.167,77.445,77.445,126631060010,4,Friday,,
2012-07-23,00:00:00,77.327,77.489,76.621,76.909,152580141830,0,Monday,-0.118,-0.15237
2012-07-24,00:00:00,76.909,77.069,76.414,76.457,141469999920,1,Tuesday,,
2012-07-25,00:00:00,76.461,77.061,76.323,76.942,142991119940,2,Wednesday,,
2012-07-26,00:00:00,76.942,77.661,76.794,77.39,159655148920,3,Thursday,,
2012-07-27,00:00:00,77.383,78.313,77.3,78.148,138102310060,4,Friday,,
2012-07-30,00:00:00,78.074,78.224,77.735,78.026,99224954630,0,Monday,-0.074,-0.09469
2012-07-31,00:00:00,78.031,78.223,77.829,77.861,100245380000,1,Tuesday,,
2012-08-01,00:00:00,77.866,78.183,77.627,77.977,99375919940,2,Wednesday,,
2012-08-02,00:00:00,77.977,78.259,77.543,77.647,113510240010,3,Thursday,,
2012-08-03,00:00:00,77.642,78.844,77.491,78.322,107602599890,4,Friday,,
2012-08-06,00:00:00,78.43,78.622,78.143,78.203,78532670000,0,Monday,0.108,0.13789
2012-08-07,00:00:00,78.201,79.007,78.083,78.827,88772670010,1,Tuesday,,
2012-08-08,00:00:00,78.821,78.989,78.431,78.872,96384939960,2,Wednesday,,
2012-08-09,00:00:00,78.872,79.468,78.713,79.245,98425390040,3,Thursday,,
2012-08-10,00:00:00,79.241,79.308,78.472,78.919,88913579500,4,Friday,,
2012-08-13,00:00:00,78.847,79.069,78.766,78.878,75268105870,0,Monday,-0.072,-0.09123
2012-08-14,00:00:00,78.875,79.659,78.866,79.323,86821880020,1,Tuesday,,
2012-08-15,00:00:00,79.322,79.838,79.288,79.821,80782859950,2,Wednesday,,
2012-08-16,00:00:00,79.826,80.457,79.757,80.404,89000390050,3,Thursday,,
2012-08-17,00:00:00,80.403,80.561,80.199,80.392,77480829930,4,Friday,,
2012-08-20,00:00:00,80.411,80.551,80.113,80.331,68662490600,0,Monday,0.019,0.02363
2012-08-21,00:00:00,80.33,80.681,80.005,80.118,99923510040,1,Tuesday,,
2012-08-22,00:00:00,80.118,80.176,78.946,79.251,98608320050,2,Wednesday,,
2012-08-23,00:00:00,79.246,79.512,78.87,78.95,95481060010,3,Thursday,,
2012-08-24,00:00:00,78.953,79.414,78.912,79.22,85719773580,4,Friday,,
2012-08-27,00:00:00,79.281,79.587,79.254,79.47,55730409990,0,Monday,0.061,0.077
2012-08-28,00:00:00,79.47,79.819,79.163,79.438,81920060060,1,Tuesday,,
2012-08-29,00:00:00,79.441,79.798,79.289,79.539,73542720000,2,Wednesday,,
2012-08-30,00:00:00,79.539,79.596,79.034,79.191,68542490030,3,Thursday,,
2012-08-31,00:00:00,79.194,79.491,78.997,79.442,100912089800,4,Friday,,
2012-09-03,00:00:00,79.293,79.563,79.191,79.362,56460852450,0,Monday,-0.149,-0.18756
2012-09-04,00:00:00,79.361,79.684,79.28,79.523,81718009980,1,Tuesday,,
2012-09-05,00:00:00,79.523,79.624,78.947,79.132,91527330100,2,Wednesday,,
2012-09-06,00:00:00,79.13,80.47,79.067,80.237,111381200110,3,Thursday,,
2012-09-07,00:00:00,80.241,80.536,79.793,79.88,103502369990,4,Friday,,
2012-09-10,00:00:00,79.981,80.243,79.879,80.05,67583129330,0,Monday,0.101,0.12644
2012-09-11,00:00:00,80.055,80.381,79.832,79.905,86717379990,1,Tuesday,,
2012-09-12,00:00:00,79.897,80.162,79.681,79.73,99703209930,2,Wednesday,,
2012-09-13,00:00:00,79.73,80.172,79.182,79.979,98071160200,3,Thursday,,
2012-09-14,00:00:00,79.979,81.051,79.8,80.608,117329509970,4,Friday,,
2012-09-17,00:00:00,80.698,81.264,80.54,80.727,89493310000,0,Monday,0.09,0.11165
2012-09-18,00:00:00,80.732,80.897,80.445,80.862,95041300020,1,Tuesday,,
2012-09-19,00:00:00,80.862,81.434,80.161,80.406,122293930020,2,Wednesday,,
2012-09-20,00:00:00,80.406,80.431,79.582,80.072,103365519930,3,Thursday,,
2012-09-21,00:00:00,80.076,80.373,79.894,80.034,89469159970,4,Friday,,
2012-09-23,00:00:00,79.985,80.071,79.941,80.016,1135414990,6,Sunday,,
2012-09-24,00:00:00,80.016,80.028,79.323,79.536,70233359930,0,Monday,0.0,0.0
2012-09-25,00:00:00,79.551,79.834,79.198,79.361,90392740080,1,Tuesday,,
2012-09-26,00:00:00,79.358,79.365,78.812,78.907,93974419940,2,Wednesday,,
2012-09-27,00:00:00,78.912,79.294,78.79,79.177,85258789910,3,Thursday,,
2012-09-28,00:00:00,79.177,79.463,78.982,79.16,100409859990,4,Friday,,
2012-09-30,00:00:00,79.222,79.25,79.184,79.227,415622160,6,Sunday,,
2012-10-01,00:00:00,79.227,79.661,79.04,79.41,78627509980,0,Monday,0.0,0.0
2012-10-02,00:00:00,79.408,79.677,79.27,79.414,86148290050,1,Tuesday,,
2012-10-03,00:00:00,79.421,79.653,79.146,79.477,94612629990,2,Wednesday,,
2012-10-04,00:00:00,79.477,80.068,79.436,80.027,97689770130,3,Thursday,,
2012-10-05,00:00:00,80.031,80.957,79.844,80.356,87759419970,4,Friday,,
2012-10-07,00:00:00,80.426,80.433,80.358,80.402,557316590,6,Sunday,,
2012-10-08,00:00:00,80.403,80.529,79.727,80.132,68827990010,0,Monday,0.001,0.00124
2012-10-09,00:00:00,80.132,80.458,79.732,80.0,87637380050,1,Tuesday,,
2012-10-10,00:00:00,80.001,80.201,79.496,79.558,87669529950,2,Wednesday,,
2012-10-11,00:00:00,79.562,80.402,79.372,80.109,97035979980,3,Thursday,,
2012-10-12,00:00:00,80.11,80.294,79.811,80.016,80109919950,4,Friday,,
2012-10-14,00:00:00,80.091,80.125,80.049,80.081,733075910,6,Sunday,,
2012-10-15,00:00:00,80.081,80.699,79.837,80.207,90322190010,0,Monday,0.0,0.0
2012-10-16,00:00:00,80.207,80.491,79.851,79.948,111002599830,1,Tuesday,,
2012-10-17,00:00:00,79.946,80.857,79.659,80.818,106259299960,2,Wednesday,,
2012-10-18,00:00:00,80.818,81.124,80.255,80.418,119476419920,3,Thursday,,
2012-10-19,00:00:00,80.418,80.624,79.732,79.78,93520159950,4,Friday,,
2012-10-21,00:00:00,79.791,79.793,79.615,79.631,514074680,6,Sunday,,
2012-10-22,00:00:00,79.633,80.609,79.633,80.539,95367730030,0,Monday,0.002,0.00251
2012-10-23,00:00:00,80.539,80.655,79.968,80.462,112641740100,1,Tuesday,,
2012-10-24,00:00:00,80.462,80.742,80.111,80.286,109560900080,2,Wednesday,,
2012-10-25,00:00:00,80.278,81.008,80.242,80.8,114963520010,3,Thursday,,
2012-10-26,00:00:00,80.8,80.814,79.616,79.849,121641130070,4,Friday,,
2012-10-28,00:00:00,79.736,79.777,79.708,79.777,632972110,6,Sunday,,
2012-10-29,00:00:00,79.782,79.888,79.527,79.697,70562740070,0,Monday,0.005,0.00627
2012-10-30,00:00:00,79.696,80.008,79.125,79.664,87259570000,1,Tuesday,,
2012-10-31,00:00:00,79.663,80.148,79.566,79.767,104728630000,2,Wednesday,,
2012-11-01,00:00:00,79.767,80.512,79.753,80.402,91105420030,3,Thursday,,
2012-11-02,00:00:00,80.405,81.131,80.368,80.712,96946190060,4,Friday,,
2012-11-05,00:00:00,80.799,80.978,80.424,80.573,75899826610,0,Monday,0.087,0.10779
2012-11-06,00:00:00,80.566,81.14,80.324,80.974,94352489930,1,Tuesday,,
2012-11-07,00:00:00,80.974,81.341,79.969,80.243,154006790030,2,Wednesday,,
2012-11-08,00:00:00,80.246,80.307,79.317,79.426,124455289960,3,Thursday,,
2012-11-09,00:00:00,79.432,79.666,78.877,79.337,136856690040,4,Friday,,
2012-11-12,00:00:00,79.456,79.608,79.344,79.487,79059625080,0,Monday,0.119,0.14999
2012-11-13,00:00:00,79.487,79.638,79.064,79.2,98004139970,1,Tuesday,,
2012-11-14,00:00:00,79.203,80.245,79.176,79.922,107664990000,2,Wednesday,,
2012-11-15,00:00:00,79.922,81.247,79.817,81.071,132135359930,3,Thursday,,
2012-11-16,00:00:00,81.08,81.35,80.76,81.186,118851699860,4,Friday,,
2012-11-19,00:00:00,81.306,81.713,81.111,81.696,95467489990,0,Monday,0.12,0.14781
2012-11-20,00:00:00,81.696,82.001,81.356,81.915,104668650070,1,Tuesday,,
2012-11-21,00:00:00,81.91,82.828,81.802,82.806,112151859970,2,Wednesday,,
2012-11-22,00:00:00,82.807,83.148,82.428,82.668,88206679950,3,Thursday,,
2012-11-23,00:00:00,82.673,83.1,82.267,82.974,84274260420,4,Friday,,
2012-11-26,00:00:00,82.893,83.228,82.429,82.612,91602240000,0,Monday,-0.081,-0.09762
2012-11-27,00:00:00,82.612,83.002,82.407,82.602,97534779970,1,Tuesday,,
2012-11-28,00:00:00,82.604,82.731,82.021,82.712,108436589920,2,Wednesday,,
2012-11-29,00:00:00,82.71,82.883,82.45,82.713,98110959980,3,Thursday,,
2012-11-30,00:00:00,82.711,83.344,82.62,82.922,110821630160,4,Friday,,
2012-12-03,00:00:00,82.922,83.116,82.511,82.626,88354233560,0,Monday,0.0,0.0
2012-12-04,00:00:00,82.626,82.661,82.222,82.486,87978040020,1,Tuesday,,
2012-12-05,00:00:00,82.482,83.176,82.357,83.142,102611950020,2,Wednesday,,
2012-12-06,00:00:00,83.14,83.251,82.982,83.095,90750039950,3,Thursday,,
2012-12-07,00:00:00,83.097,83.812,82.834,83.432,90914293000,4,Friday,,
2012-12-10,00:00:00,83.563,83.731,83.101,83.493,80814630020,0,Monday,0.131,0.15701
2012-12-11,00:00:00,83.493,83.724,83.383,83.663,71935360020,1,Tuesday,,
2012-12-12,00:00:00,83.66,84.684,83.626,84.57,88071150050,2,Wednesday,,
2012-12-13,00:00:00,84.564,85.046,84.402,84.915,98058839870,3,Thursday,,
2012-12-14,00:00:00,84.913,85.343,84.521,84.7,96765789620,4,Friday,,
2012-12-17,00:00:00,85.487,85.487,84.635,85.284,94940610100,0,Monday,0.787,0.92916
2012-12-18,00:00:00,85.281,85.495,85.118,85.415,80605360050,1,Tuesday,,
2012-12-19,00:00:00,85.415,85.812,85.231,85.352,93704569960,2,Wednesday,,
2012-12-20,00:00:00,85.349,85.519,84.754,85.407,111858839860,3,Thursday,,
2012-12-21,00:00:00,85.41,85.482,84.5,84.786,107455579970,4,Friday,,
2012-12-24,00:00:00,84.891,85.637,84.798,85.522,54356603550,0,Monday,0.105,0.12384
2012-12-25,00:00:00,85.529,85.539,85.186,85.468,21693780040,1,Tuesday,,
2012-12-26,00:00:00,85.37,86.206,85.34,86.1,80897270060,2,Wednesday,,
2012-12-27,00:00:00,86.098,86.792,85.981,86.483,95040610090,3,Thursday,,
2012-12-28,00:00:00,86.483,87.065,86.133,86.154,88806773140,4,Friday,,
2012-12-31,00:00:00,86.038,87.425,85.955,87.348,76807919980,0,Monday,-0.116,-0.13464
2013-01-01,00:00:00,87.347,87.381,87.275,87.344,25750000,1,Tuesday,,
2013-01-02,00:00:00,87.192,88.676,87.022,88.657,118045149960,2,Wednesday,,
2013-01-03,00:00:00,88.66,88.686,87.972,88.299,101092539950,3,Thursday,,
2013-01-04,00:00:00,88.299,89.631,88.27,89.28,136588470190,4,Friday,,
2013-01-07,00:00:00,89.266,89.563,88.7,89.027,109186210050,0,Monday,-0.014,-0.01568
2013-01-08,00:00:00,89.026,89.067,88.071,88.207,117932960180,1,Tuesday,,
2013-01-09,00:00:00,88.207,89.166,87.966,88.965,117449670090,2,Wednesday,,
2013-01-10,00:00:00,88.964,90.286,88.929,90.283,128777090050,3,Thursday,,
2013-01-11,00:00:00,90.287,91.032,90.133,90.533,150369340100,4,Friday,,
2013-01-14,00:00:00,90.684,91.125,90.307,90.941,119452669980,0,Monday,0.151,0.16679
2013-01-15,00:00:00,90.944,91.13,89.571,90.201,163108049960,1,Tuesday,,
2013-01-16,00:00:00,90.2,90.293,88.954,89.625,169655180210,2,Wednesday,,
2013-01-17,00:00:00,89.621,91.474,89.269,91.14,186464530000,3,Thursday,,
2013-01-18,00:00:00,91.145,91.406,90.284,90.819,168254799970,4,Friday,,
2013-01-21,00:00:00,90.802,90.946,90.0,90.247,118319619990,0,Monday,-0.017,-0.01872
2013-01-22,00:00:00,90.206,90.834,88.926,89.421,195698249730,1,Tuesday,,
2013-01-23,00:00:00,89.421,89.502,88.466,88.676,155815410100,2,Wednesday,,
2013-01-24,00:00:00,88.674,90.294,88.377,90.073,170374039760,3,Thursday,,
2013-01-25,00:00:00,90.072,90.641,89.92,90.332,154296070180,4,Friday,,
2013-01-28,00:00:00,90.45,90.583,89.683,90.262,135787159990,0,Monday,0.118,0.13063
2013-01-29,00:00:00,90.265,90.652,89.773,90.636,144145570130,1,Tuesday,,
2013-01-30,00:00:00,90.615,91.201,90.527,90.938,140977310020,2,Wednesday,,
2013-01-31,00:00:00,90.938,91.988,90.459,91.952,135335729780,3,Thursday,,
2013-02-01,00:00:00,91.934,93.185,91.819,93.147,162192259970,4,Friday,,
2013-02-04,00:00:00,93.056,93.583,92.34,92.467,136517360220,0,Monday,-0.091,-0.0977
2013-02-05,00:00:00,92.467,94.063,92.04,94.033,179486240000,1,Tuesday,,
2013-02-06,00:00:00,94.033,94.346,93.418,94.018,160706159860,2,Wednesday,,
2013-02-07,00:00:00,94.01,94.5,93.251,93.814,159696849830,3,Thursday,,
2013-02-08,00:00:00,93.817,93.952,92.055,92.496,166643679880,4,Friday,,
2013-02-11,00:00:00,92.394,94.03,91.989,93.843,122592159810,0,Monday,-0.102,-0.11028
2013-02-12,00:00:00,93.843,93.937,92.687,93.237,157037359800,1,Tuesday,,
2013-02-13,00:00:00,93.239,93.419,92.625,93.203,138375779970,2,Wednesday,,
2013-02-14,00:00:00,93.203,93.552,92.562,92.753,150211379950,3,Thursday,,
2013-02-15,00:00:00,92.752,93.287,92.04,92.882,184276140100,4,Friday,,
2013-02-18,00:00:00,93.049,93.536,92.798,92.953,101745079930,0,Monday,0.167,0.1798
2013-02-19,00:00:00,92.949,92.972,92.143,92.521,120083459850,1,Tuesday,,
2013-02-20,00:00:00,92.521,92.722,91.908,92.016,139055090000,2,Wednesday,,
2013-02-21,00:00:00,92.015,92.292,91.023,91.407,146373080020,3,Thursday,,
2013-02-22,00:00:00,91.413,91.926,90.853,91.445,137744639910,4,Friday,,
2013-02-25,00:00:00,92.436,92.457,88.528,89.447,192788310200,0,Monday,0.991,1.08371
2013-02-26,00:00:00,89.455,90.415,88.592,89.63,230926479980,1,Tuesday,,
2013-02-27,00:00:00,89.63,90.301,88.735,90.145,159664149840,2,Wednesday,,
2013-02-28,00:00:00,90.146,90.58,89.505,89.784,136846890110,3,Thursday,,
2013-03-01,00:00:00,89.791,91.181,89.644,91.105,133819029840,4,Friday,,
2013-03-04,00:00:00,91.027,91.159,90.441,90.985,123957969980,0,Monday,-0.078,-0.08562
2013-03-05,00:00:00,90.985,91.097,90.528,90.838,116152530020,1,Tuesday,,
2013-03-06,00:00:00,90.841,91.246,90.511,91.142,114000649960,2,Wednesday,,
2013-03-07,00:00:00,91.14,92.295,90.871,92.081,125510469980,3,Thursday,,
2013-03-08,00:00:00,92.081,94.28,92.057,93.317,146959670010,4,Friday,,
2013-03-10,00:00:00,93.266,93.363,93.261,93.298,861980000,6,Sunday,,
2013-03-11,00:00:00,93.298,93.912,93.288,93.848,98421009970,0,Monday,0.0,0.0
2013-03-12,00:00:00,93.855,94.231,93.044,93.541,146756949810,1,Tuesday,,
2013-03-13,00:00:00,93.542,93.763,93.051,93.443,129147699870,2,Wednesday,,
2013-03-14,00:00:00,93.443,94.154,93.167,94.009,116934260080,3,Thursday,,
2013-03-15,00:00:00,94.009,94.364,93.256,93.45,119602899910,4,Friday,,
2013-03-17,00:00:00,92.241,92.586,91.986,92.456,4627889980,6,Sunday,,
2013-03-18,00:00:00,92.451,93.547,92.131,93.235,126646479990,0,Monday,-0.005,-0.00541
2013-03-19,00:00:00,93.235,93.673,92.197,92.553,118967300110,1,Tuesday,,
2013-03-20,00:00:00,92.556,93.763,92.333,93.581,116572100050,2,Wednesday,,
2013-03-21,00:00:00,93.579,93.692,92.262,92.714,138769919970,3,Thursday,,
2013-03-22,00:00:00,92.714,92.904,91.804,92.365,122746220040,4,Friday,,
2013-03-24,00:00:00,92.195,92.405,92.182,92.342,893800000,6,Sunday,,
2013-03-25,00:00:00,92.332,93.134,91.459,92.169,133604240040,0,Monday,-0.01,-0.01083
2013-03-26,00:00:00,92.169,93.056,91.889,92.982,119396420110,1,Tuesday,,
2013-03-27,00:00:00,92.982,93.27,92.326,92.839,113411980160,2,Wednesday,,
2013-03-28,00:00:00,92.839,92.924,92.289,92.656,108941640060,3,Thursday,,
2013-03-29,00:00:00,92.656,92.78,92.403,92.481,68243600020,4,Friday,,
2013-04-01,00:00:00,92.6,92.766,91.572,91.671,70775669920,0,Monday,0.119,0.12868
2013-04-02,00:00:00,91.686,92.217,91.181,92.053,121555370020,1,Tuesday,,
2013-04-03,00:00:00,92.052,92.333,91.367,91.692,101084470140,2,Wednesday,,
2013-04-04,00:00:00,91.687,95.207,91.42,95.096,166236140000,3,Thursday,,
2013-04-05,00:00:00,95.096,96.255,93.951,95.841,190080089940,4,Friday,,
2013-04-08,00:00:00,96.395,97.714,96.39,97.706,154403090070,0,Monday,0.554,0.57804
2013-04-09,00:00:00,97.706,97.996,96.995,97.412,145042239880,1,Tuesday,,
2013-04-10,00:00:00,97.406,98.452,97.357,98.35,129855020000,2,Wednesday,,
2013-04-11,00:00:00,98.342,98.873,97.87,98.62,140102679800,3,Thursday,,
2013-04-12,00:00:00,98.62,98.762,96.729,96.996,142316699950,4,Friday,,
2013-04-15,00:00:00,96.765,97.35,93.947,94.297,200878089680,0,Monday,-0.231,-0.23815
2013-04-16,00:00:00,94.297,96.135,93.442,95.505,193463159810,1,Tuesday,,
2013-04-17,00:00:00,95.507,96.263,94.552,95.553,186659449940,2,Wednesday,,
2013-04-18,00:00:00,95.553,96.24,94.994,95.641,170394000070,3,Thursday,,
2013-04-19,00:00:00,95.639,97.152,95.623,96.892,161002989720,4,Friday,,
2013-04-22,00:00:00,97.286,97.451,96.254,96.729,135675309950,0,Monday,0.394,0.40664
2013-04-23,00:00:00,96.74,97.003,95.791,96.962,164873920110,1,Tuesday,,
2013-04-24,00:00:00,96.962,97.16,96.584,97.004,136456329770,2,Wednesday,,
2013-04-25,00:00:00,96.997,97.582,96.679,97.287,135156510060,3,Thursday,,
2013-04-26,00:00:00,97.284,97.429,95.862,96.392,168551169890,4,Friday,,
2013-04-29,00:00:00,96.281,96.991,95.824,96.633,107226230000,0,Monday,-0.111,-0.11515
2013-04-30,00:00:00,96.639,96.956,96.16,96.701,126372730030,1,Tuesday,,
2013-05-01,00:00:00,96.702,97.082,96.183,96.552,109133669940,2,Wednesday,,
2013-05-02,00:00:00,96.553,97.747,96.264,96.887,133176000100,3,Thursday,,
2013-05-03,00:00:00,96.877,98.378,96.74,98.121,108367829900,4,Friday,,
2013-05-06,00:00:00,98.412,98.734,98.247,98.624,65418820020,0,Monday,0.291,0.29657
2013-05-07,00:00:00,98.625,98.899,98.137,98.571,118550760020,1,Tuesday,,
2013-05-08,00:00:00,98.571,98.707,98.065,98.701,113133699960,2,Wednesday,,
2013-05-09,00:00:00,98.701,100.266,98.309,99.877,144346119860,3,Thursday,,
2013-05-10,00:00:00,99.877,100.962,99.839,100.577,180093919960,4,Friday,,
2013-05-13,00:00:00,100.641,101.042,100.307,100.737,134474090050,0,Monday,0.064,0.06363
2013-05-14,00:00:00,100.732,100.89,100.001,100.578,160990070090,1,Tuesday,,
2013-05-15,00:00:00,100.571,100.814,100.068,100.625,156918770200,2,Wednesday,,
2013-05-16,00:00:00,100.624,100.776,100.224,100.279,160794669930,3,Thursday,,
2013-05-17,00:00:00,100.276,100.431,99.366,100.349,143108940000,4,Friday,,
2013-05-20,00:00:00,99.9,100.142,99.075,99.85,129910100110,0,Monday,-0.449,-0.44744
2013-05-21,00:00:00,99.849,100.2,99.399,99.791,139072500100,1,Tuesday,,
2013-05-22,00:00:00,99.796,100.299,98.924,99.473,193008710130,2,Wednesday,,
2013-05-23,00:00:00,99.477,99.682,97.302,98.966,261381709900,3,Thursday,,
2013-05-24,00:00:00,98.966,99.362,97.392,98.107,232022330080,4,Friday,,
2013-05-27,00:00:00,97.996,98.167,97.534,97.595,102650539950,0,Monday,-0.111,-0.11314
2013-05-28,00:00:00,97.594,99.008,97.559,98.428,186825469840,1,Tuesday,,
2013-05-29,00:00:00,98.416,98.49,97.032,97.708,218035550140,2,Wednesday,,
2013-05-30,00:00:00,97.692,98.158,97.111,97.795,228028860090,3,Thursday,,
2013-05-31,00:00:00,97.795,98.257,96.762,96.772,219230259810,4,Friday,,
2013-06-03,00:00:00,96.794,97.156,96.029,96.813,207118540180,0,Monday,0.022,0.02273
2013-06-04,00:00:00,96.784,97.356,96.529,96.71,195128259940,1,Tuesday,,
2013-06-05,00:00:00,96.701,97.063,95.594,95.736,216495229910,2,Wednesday,,
2013-06-06,00:00:00,95.721,96.136,93.968,94.45,234718020210,3,Thursday,,
2013-06-07,00:00:00,94.45,95.71,92.95,95.65,303432200030,4,Friday,,
2013-06-10,00:00:00,95.732,97.402,95.634,96.861,201155040050,0,Monday,0.082,0.08573
2013-06-11,00:00:00,96.862,97.152,93.711,94.214,286348959810,1,Tuesday,,
2013-06-12,00:00:00,94.215,95.34,93.271,94.002,233292120050,2,Wednesday,,
2013-06-13,00:00:00,94.003,94.066,91.794,93.851,269173889990,3,Thursday,,
2013-06-14,00:00:00,93.853,94.291,92.325,92.454,234902689970,4,Friday,,
2013-06-17,00:00:00,92.528,93.68,92.449,92.731,162120830270,0,Monday,0.074,0.08004
2013-06-18,00:00:00,92.73,93.813,92.673,93.308,160865219980,1,Tuesday,,
2013-06-19,00:00:00,93.315,94.55,92.852,93.854,181401920400,2,Wednesday,,
2013-06-20,00:00:00,93.85,95.107,93.45,93.649,247562509580,3,Thursday,,
2013-06-21,00:00:00,93.653,94.564,92.916,93.579,221842650220,4,Friday,,
2013-06-24,00:00:00,93.391,94.006,92.172,93.048,226889569570,0,Monday,-0.188,-0.2009
2013-06-25,00:00:00,93.051,93.33,92.49,93.001,207369979940,1,Tuesday,,
2013-06-26,00:00:00,92.998,93.433,92.795,93.32,180060419940,2,Wednesday,,
2013-06-27,00:00:00,93.301,94.212,93.218,93.836,156020050080,3,Thursday,,
2013-06-28,00:00:00,93.836,94.584,93.829,94.231,181398390180,4,Friday,,
2013-07-01,00:00:00,94.175,95.097,94.175,94.906,132213839770,0,Monday,-0.056,-0.05943
2013-07-02,00:00:00,94.902,95.666,94.432,95.416,146456539820,1,Tuesday,,
2013-07-03,00:00:00,95.416,95.599,94.2,95.071,169666720010,2,Wednesday,,
2013-07-04,00:00:00,95.061,95.475,94.54,95.107,118656220100,3,Thursday,,
2013-07-05,00:00:00,95.111,95.768,94.759,95.586,158443869960,4,Friday,,
2013-07-08,00:00:00,95.648,95.981,95.302,95.603,128433080100,0,Monday,0.062,0.06486
2013-07-09,00:00:00,95.603,96.182,95.417,96.074,136586860090,1,Tuesday,,
2013-07-10,00:00:00,96.074,96.123,94.853,95.193,169238640120,2,Wednesday,,
2013-07-11,00:00:00,95.211,95.809,94.369,95.426,232513429860,3,Thursday,,
2013-07-12,00:00:00,95.422,96.016,95.111,95.332,146434409920,4,Friday,,
2013-07-15,00:00:00,95.651,96.353,95.296,95.746,114730299870,0,Monday,0.319,0.33462
2013-07-16,00:00:00,95.746,95.874,95.298,95.54,143255930050,1,Tuesday,,
2013-07-17,00:00:00,95.54,96.119,95.155,95.688,156271309940,2,Wednesday,,
2013-07-18,00:00:00,95.687,96.891,95.591,96.732,147112870020,3,Thursday,,
2013-07-19,00:00:00,96.73,97.087,96.307,97.036,159524190110,4,Friday,,
2013-07-22,00:00:00,96.912,97.062,95.909,96.413,141004170070,0,Monday,-0.124,-0.12779
2013-07-23,00:00:00,96.4,97.104,95.929,96.611,155692129860,1,Tuesday,,
2013-07-24,00:00:00,96.612,97.654,96.485,97.173,152482249950,2,Wednesday,,
2013-07-25,00:00:00,97.173,97.337,96.367,96.572,155148110050,3,Thursday,,
2013-07-26,00:00:00,96.572,96.645,95.272,95.532,153587950140,4,Friday,,
2013-07-29,00:00:00,95.332,95.607,95.076,95.4,178451079990,0,Monday,-0.2,-0.20935
2013-07-30,00:00:00,95.401,95.801,94.997,95.092,170774039960,1,Tuesday,,
2013-07-31,00:00:00,95.091,95.707,94.707,95.212,168459250070,2,Wednesday,,
2013-08-01,00:00:00,95.212,96.317,94.971,96.188,162297480040,3,Thursday,,
2013-08-02,00:00:00,96.176,96.3,95.089,95.228,153507570040,4,Friday,,
2013-08-05,00:00:00,95.121,95.352,94.623,94.85,136493089900,0,Monday,-0.107,-0.11236
2013-08-06,00:00:00,94.844,95.124,93.962,94.173,139967609820,1,Tuesday,,
2013-08-07,00:00:00,94.169,94.257,92.376,92.396,166558830160,2,Wednesday,,
2013-08-08,00:00:00,92.396,93.661,92.308,93.61,201958469870,3,Thursday,,
2013-08-09,00:00:00,93.608,93.852,92.999,93.5,266184549970,4,Friday,,
2013-08-12,00:00:00,93.522,94.069,93.271,94.001,113717179990,0,Monday,0.022,0.02353
2013-08-13,00:00:00,94.001,95.087,93.968,94.912,144216319980,1,Tuesday,,
2013-08-14,00:00:00,94.912,95.172,94.56,94.863,121840730180,2,Wednesday,,
2013-08-15,00:00:00,94.862,95.263,94.195,94.438,166497199700,3,Thursday,,
2013-08-16,00:00:00,94.443,94.853,94.006,94.318,130854309950,4,Friday,,
2013-08-19,00:00:00,94.308,95.004,94.241,94.269,121706420090,0,Monday,-0.01,-0.0106
2013-08-20,00:00:00,94.264,94.468,93.288,93.566,148788920150,1,Tuesday,,
2013-08-21,00:00:00,93.566,93.807,93.213,93.236,153328300030,2,Wednesday,,
2013-08-22,00:00:00,93.235,94.118,93.103,93.844,144337240020,3,Thursday,,
2013-08-23,00:00:00,93.848,94.114,93.543,93.973,140882810240,4,Friday,,
2013-08-26,00:00:00,93.756,94.09,93.436,93.795,93844280120,0,Monday,-0.217,-0.23092
2013-08-27,00:00:00,93.795,93.821,92.373,92.618,142732030000,1,Tuesday,,
2013-08-28,00:00:00,92.618,93.363,92.264,93.074,137719569960,2,Wednesday,,
2013-08-29,00:00:00,93.073,93.753,92.919,93.348,130004440030,3,Thursday,,
2013-08-30,00:00:00,93.336,93.443,92.945,93.082,130366179980,4,Friday,,
2013-09-02,00:00:00,93.448,94.349,93.275,94.139,97097189980,0,Monday,0.366,0.3932
2013-09-03,00:00:00,94.143,94.856,94.068,94.499,138156890060,1,Tuesday,,
2013-09-04,00:00:00,94.498,95.131,94.352,95.015,120703459930,2,Wednesday,,
2013-09-05,00:00:00,95.015,95.416,94.872,95.276,128402480040,3,Thursday,,
2013-09-06,00:00:00,95.268,95.608,94.761,95.148,141724949830,4,Friday,,
2013-09-09,00:00:00,95.728,96.118,95.588,96.015,108840879930,0,Monday,0.58,0.60958
2013-09-10,00:00:00,96.012,97.118,95.925,96.963,130656109960,1,Tuesday,,
2013-09-11,00:00:00,96.961,97.183,96.572,96.784,152512449870,2,Wednesday,,
2013-09-12,00:00:00,96.771,96.92,95.898,96.395,136222259910,3,Thursday,,
2013-09-13,00:00:00,96.384,96.695,95.867,95.963,112033550000,4,Friday,,
2013-09-16,00:00:00,95.586,96.113,95.484,95.937,100774860120,0,Monday,-0.377,-0.39286
2013-09-17,00:00:00,95.928,96.682,95.908,96.263,96107789970,1,Tuesday,,
2013-09-18,00:00:00,96.263,96.41,95.651,95.806,124764409790,2,Wednesday,,
2013-09-19,00:00:00,95.783,97.486,95.638,96.874,148125010050,3,Thursday,,
2013-09-20,00:00:00,96.874,96.923,96.328,96.343,132713399960,4,Friday,,
2013-09-23,00:00:00,96.243,96.443,95.838,96.086,124806650050,0,Monday,-0.1,-0.1038
2013-09-24,00:00:00,96.083,96.456,95.514,95.848,117868759940,1,Tuesday,,
2013-09-25,00:00:00,95.848,95.98,95.346,95.428,97248430030,2,Wednesday,,
2013-09-26,00:00:00,95.423,96.074,95.242,95.982,107607109940,3,Thursday,,
2013-09-27,00:00:00,95.981,96.045,95.166,95.27,99615430170,4,Friday,,
2013-09-30,00:00:00,94.658,95.638,94.617,95.263,120268690050,0,Monday,-0.612,-0.64238
2013-10-01,00:00:00,95.258,95.604,94.687,94.908,131892810090,1,Tuesday,,
2013-10-02,00:00:00,94.893,94.916,93.971,94.172,120685980080,2,Wednesday,,
2013-10-03,00:00:00,94.172,94.751,93.895,94.099,115874099920,3,Thursday,,
2013-10-04,00:00:00,94.108,94.703,93.857,94.658,104734650030,4,Friday,,
2013-10-07,00:00:00,94.373,94.507,93.685,93.753,90793080000,0,Monday,-0.285,-0.30108
2013-10-08,00:00:00,93.753,94.313,93.373,93.41,108114069870,1,Tuesday,,
2013-10-09,00:00:00,93.408,93.941,93.319,93.632,109007369840,2,Wednesday,,
2013-10-10,00:00:00,93.628,94.557,93.623,94.373,101865359980,3,Thursday,,
2013-10-11,00:00:00,94.371,95.231,94.103,95.203,104885540040,4,Friday,,
2013-10-14,00:00:00,94.667,95.283,94.623,95.168,54597600010,0,Monday,-0.536,-0.56301
2013-10-15,00:00:00,95.173,95.338,94.405,94.517,95632249940,1,Tuesday,,
2013-10-16,00:00:00,94.517,95.649,94.488,95.614,106397999860,2,Wednesday,,
2013-10-17,00:00:00,95.613,95.851,94.853,95.131,113580299920,3,Thursday,,
2013-10-18,00:00:00,95.128,95.316,94.828,94.979,78863979970,4,Friday,,
2013-10-21,00:00:00,95.083,95.43,94.98,95.273,67196040000,0,Monday,0.104,0.1095
2013-10-22,00:00:00,95.273,95.735,94.949,95.384,80182320070,1,Tuesday,,
2013-10-23,00:00:00,95.388,95.418,93.56,93.77,113511180000,2,Wednesday,,
2013-10-24,00:00:00,93.778,94.098,93.276,93.327,96514169960,3,Thursday,,
2013-10-25,00:00:00,93.313,93.505,92.893,93.18,97233240110,4,Friday,,
2013-10-27,00:00:00,93.377,93.553,93.377,93.418,843230000,6,Sunday,,
2013-10-28,00:00:00,93.418,93.601,93.298,93.533,71096740070,0,Monday,0.0,0.0
2013-10-29,00:00:00,93.533,93.94,93.243,93.81,108550890020,1,Tuesday,,
2013-10-30,00:00:00,93.812,94.113,93.726,93.95,95701310050,2,Wednesday,,
2013-10-31,00:00:00,93.943,94.432,93.697,94.239,106691240070,3,Thursday,,
2013-11-01,00:00:00,94.246,94.747,93.794,94.618,96900100030,4,Friday,,
2013-11-04,00:00:00,94.833,94.896,94.538,94.58,61724640000,0,Monday,0.215,0.22723
2013-11-05,00:00:00,94.577,94.656,93.938,94.198,90469200020,1,Tuesday,,
2013-11-06,00:00:00,94.194,94.804,94.1,94.687,84916059920,2,Wednesday,,
2013-11-07,00:00:00,94.684,95.212,93.457,93.744,127125580070,3,Thursday,,
2013-11-08,00:00:00,93.752,94.643,93.672,94.498,111774259790,4,Friday,,
2013-11-11,00:00:00,94.628,94.768,94.403,94.634,61895719980,0,Monday,0.13,0.13757
2013-11-12,00:00:00,94.634,95.172,94.631,94.913,104026899900,1,Tuesday,,
2013-11-13,00:00:00,94.913,95.081,94.687,94.893,93971820010,2,Wednesday,,
2013-11-14,00:00:00,94.858,95.58,94.842,95.561,127003700110,3,Thursday,,
2013-11-15,00:00:00,95.553,96.013,95.502,95.935,96659449920,4,Friday,,
2013-11-18,00:00:00,96.038,96.164,95.641,95.863,91108040090,0,Monday,0.103,0.10736
2013-11-19,00:00:00,95.863,95.957,95.422,95.626,110399120020,1,Tuesday,,
2013-11-20,00:00:00,95.623,95.956,95.416,95.673,132048679950,2,Wednesday,,
2013-11-21,00:00:00,95.673,96.452,95.623,96.163,132681279950,3,Thursday,,
2013-11-22,00:00:00,96.163,96.335,95.698,96.276,132161889960,4,Friday,,
2013-11-25,00:00:00,96.178,96.508,95.943,96.421,111701060090,0,Monday,-0.098,-0.10179
2013-11-26,00:00:00,96.42,96.516,95.898,96.067,107393539950,1,Tuesday,,
2013-11-27,00:00:00,96.067,96.672,95.945,96.405,157221670030,2,Wednesday,,
2013-11-28,00:00:00,96.405,96.743,96.266,96.671,108576049970,3,Thursday,,
2013-11-29,00:00:00,96.663,96.848,96.366,96.427,176000620000,4,Friday,,
2013-12-02,00:00:00,96.453,97.008,96.229,96.691,119204519740,0,Monday,0.026,0.02696
2013-12-03,00:00:00,96.688,97.091,95.765,96.245,143204120030,1,Tuesday,,
2013-12-04,00:00:00,96.243,96.457,95.176,95.798,167125360050,2,Wednesday,,
2013-12-05,00:00:00,95.798,95.966,95.384,95.524,105968520010,3,Thursday,,
2013-12-06,00:00:00,95.524,96.735,95.396,96.673,99551489940,4,Friday,,
2013-12-09,00:00:00,96.748,97.186,96.547,97.155,79253589930,0,Monday,0.075,0.07758
2013-12-10,00:00:00,97.155,97.268,96.64,96.988,83777800010,1,Tuesday,,
2013-12-11,00:00:00,96.983,97.053,96.314,96.708,85249429990,2,Wednesday,,
2013-12-12,00:00:00,96.708,97.374,96.583,97.136,92944359860,3,Thursday,,
2013-12-13,00:00:00,97.133,97.61,96.825,97.458,97240659980,4,Friday,,
2013-12-16,00:00:00,97.493,97.533,96.954,97.203,78270409980,0,Monday,0.035,0.03591
2013-12-17,00:00:00,97.203,97.47,96.647,96.768,71678180080,1,Tuesday,,
2013-12-18,00:00:00,96.764,97.582,96.37,97.423,121943769830,2,Wednesday,,
2013-12-19,00:00:00,97.417,97.77,96.81,97.733,94206950000,3,Thursday,,
2013-12-20,00:00:00,97.738,97.999,97.194,97.784,85007969940,4,Friday,,
2013-12-23,00:00:00,97.703,98.328,97.583,98.132,46257889990,0,Monday,-0.081,-0.08284
2013-12-24,00:00:00,98.123,98.363,97.933,97.993,42254920000,1,Tuesday,,
2013-12-25,00:00:00,97.968,98.468,97.949,98.119,4983490000,2,Wednesday,,
2013-12-26,00:00:00,98.112,98.686,98.084,98.392,61524470020,3,Thursday,,
2013-12-27,00:00:00,98.391,98.632,98.013,98.158,91527709980,4,Friday,,
2013-12-30,00:00:00,98.235,98.795,98.073,98.723,61072859960,0,Monday,0.077,0.07844
2013-12-31,00:00:00,98.723,99.189,98.428,99.043,50037949970,1,Tuesday,,
2014-01-02,00:00:00,98.838,99.148,98.078,98.169,85608569940,3,Thursday,,
2014-01-03,00:00:00,98.165,98.63,97.708,98.536,80367070020,4,Friday,,
2014-01-06,00:00:00,98.518,98.686,97.493,97.786,96025420020,0,Monday,-0.018,-0.01827
2014-01-07,00:00:00,97.777,98.005,96.953,97.137,97447999920,1,Tuesday,,
2014-01-08,00:00:00,97.128,97.263,96.778,96.883,104950639880,2,Wednesday,,
2014-01-09,00:00:00,96.883,96.969,96.316,96.653,85314040020,3,Thursday,,
2014-01-10,00:00:00,96.653,96.823,95.098,95.578,105292520120,4,Friday,,
2014-01-13,00:00:00,95.323,95.453,94.577,94.804,97322760000,0,Monday,-0.255,-0.2668
2014-01-14,00:00:00,94.804,95.242,94.668,95.191,99184519930,1,Tuesday,,
2014-01-15,00:00:00,95.185,95.67,94.958,95.611,97205700100,2,Wednesday,,
2014-01-16,00:00:00,95.614,95.902,95.29,95.443,92672870010,3,Thursday,,
2014-01-17,00:00:00,95.451,95.503,94.942,95.129,86853759910,4,Friday,,
2014-01-20,00:00:00,95.004,95.234,94.807,95.128,73287570170,0,Monday,-0.125,-0.1314
2014-01-21,00:00:00,95.108,95.576,94.774,95.086,91876179950,1,Tuesday,,
2014-01-22,00:00:00,95.085,95.358,94.163,94.253,97756960060,2,Wednesday,,
2014-01-23,00:00:00,94.253,94.35,92.409,93.004,143116879990,3,Thursday,,
2014-01-24,00:00:00,93.004,93.263,92.028,92.264,159738279900,4,Friday,,
2014-01-27,00:00:00,92.338,93.229,91.912,92.233,139878999950,0,Monday,0.074,0.0802
2014-01-28,00:00:00,92.233,92.891,91.853,92.281,101382789990,1,Tuesday,,
2014-01-29,00:00:00,92.273,92.808,91.283,91.55,152198899840,2,Wednesday,,
2014-01-30,00:00:00,91.533,92.198,91.253,92.048,111338159950,3,Thursday,,
2014-01-31,00:00:00,92.028,92.196,91.068,91.575,125998809970,4,Friday,,
2014-02-03,00:00:00,91.746,92.214,90.8,90.805,135733369990,0,Monday,0.171,0.18673
2014-02-04,00:00:00,90.793,91.973,90.788,91.702,120265289930,1,Tuesday,,
2014-02-05,00:00:00,91.699,91.823,91.045,91.512,116718620180,2,Wednesday,,
2014-02-06,00:00:00,91.511,92.363,91.109,92.223,93662530070,3,Thursday,,
2014-02-07,00:00:00,92.219,93.384,91.884,92.72,101100590220,4,Friday,,
2014-02-10,00:00:00,92.848,92.968,92.278,92.484,73842570050,0,Monday,0.128,0.13805
2014-02-11,00:00:00,92.477,93.304,92.101,93.216,78486679920,1,Tuesday,,
2014-02-12,00:00:00,93.207,93.41,92.895,93.173,81562049990,2,Wednesday,,
2014-02-13,00:00:00,93.173,93.278,92.285,93.056,86981629990,3,Thursday,,
2014-02-14,00:00:00,93.051,93.333,92.573,92.618,96008329910,4,Friday,,
2014-02-17,00:00:00,92.498,93.015,92.338,92.928,53665539960,0,Monday,-0.12,-0.12956
2014-02-18,00:00:00,92.927,93.71,92.88,93.482,109394080000,1,Tuesday,,
2014-02-19,00:00:00,93.476,93.574,92.208,92.325,93004170010,2,Wednesday,,
2014-02-20,00:00:00,92.324,92.448,91.795,92.132,104043680100,3,Thursday,,
2014-02-21,00:00:00,92.133,92.383,91.578,92.229,91765849950,4,Friday,,
2014-02-24,00:00:00,92.248,92.728,91.872,92.653,75786089980,0,Monday,0.019,0.0206
2014-02-25,00:00:00,92.653,92.788,92.015,92.218,76285219980,1,Tuesday,,
2014-02-26,00:00:00,92.223,92.439,91.892,91.974,90573120040,2,Wednesday,,
2014-02-27,00:00:00,91.973,92.05,91.358,91.814,95111420120,3,Thursday,,
2014-02-28,00:00:00,91.814,92.465,91.248,91.945,99508210040,4,Friday,,
2014-03-03,00:00:00,91.563,91.867,91.108,91.57,106524209880,0,Monday,-0.382,-0.41547
2014-03-04,00:00:00,91.571,92.164,91.506,92.137,93077049900,1,Tuesday,,
2014-03-05,00:00:00,92.128,92.778,92.073,92.734,83692250070,2,Wednesday,,
2014-03-06,00:00:00,92.738,94.09,92.696,93.805,97020380050,3,Thursday,,
2014-03-07,00:00:00,93.809,93.898,93.007,93.108,94852319980,4,Friday,,
2014-03-09,00:00:00,92.858,92.981,92.844,92.972,931510000,6,Sunday,,
2014-03-10,00:00:00,92.972,93.178,92.567,92.972,81785849990,0,Monday,0.0,0.0
2014-03-11,00:00:00,92.972,93.266,92.573,92.731,82075279990,1,Tuesday,,
2014-03-12,00:00:00,92.732,92.815,92.015,92.394,92214849950,2,Wednesday,,
2014-03-13,00:00:00,92.393,92.918,91.764,92.023,110378500060,3,Thursday,,
2014-03-14,00:00:00,92.023,92.038,91.18,91.232,115289489850,4,Friday,,
2014-03-16,00:00:00,91.191,91.362,91.174,91.355,996030010,6,Sunday,,
2014-03-17,00:00:00,91.356,92.171,91.178,92.021,92334130080,0,Monday,0.001,0.00109
2014-03-18,00:00:00,92.022,92.219,90.933,91.053,107597340060,1,Tuesday,,
2014-03-19,00:00:00,91.052,91.367,90.655,91.073,115329510090,2,Wednesday,,
2014-03-20,00:00:00,91.074,91.235,90.778,91.083,103749590140,3,Thursday,,
2014-03-21,00:00:00,91.082,91.508,90.655,91.11,86541890000,4,Friday,,
2014-03-23,00:00:00,91.09,91.112,90.979,91.03,1177070000,6,Sunday,,
2014-03-24,00:00:00,91.051,91.395,90.979,91.318,100990740020,0,Monday,0.021,0.02307
2014-03-25,00:00:00,91.318,91.698,91.131,91.566,96593710010,1,Tuesday,,
2014-03-26,00:00:00,91.564,92.039,91.558,91.933,97119300010,2,Wednesday,,
2014-03-27,00:00:00,91.927,92.741,91.658,92.641,118182030030,3,Thursday,,
2014-03-28,00:00:00,92.641,93.149,92.525,92.948,91112850000,4,Friday,,
2014-03-31,00:00:00,93.013,93.908,92.931,93.409,96049130000,0,Monday,0.065,0.06993
2014-04-01,00:00:00,93.405,94.02,93.247,94.006,80442059920,1,Tuesday,,
2014-04-02,00:00:00,94.006,94.259,93.908,94.138,75277040070,2,Wednesday,,
2014-04-03,00:00:00,94.137,94.475,94.076,94.164,74376410050,3,Thursday,,
2014-04-04,00:00:00,94.164,94.892,93.943,94.003,87157110100,4,Friday,,
2014-04-07,00:00:00,94.038,94.212,93.672,93.926,94315719950,0,Monday,0.035,0.03723
2014-04-08,00:00:00,93.926,93.982,92.91,93.197,124802300010,1,Tuesday,,
2014-04-09,00:00:00,93.196,93.856,93.15,93.747,102957179950,2,Wednesday,,
2014-04-10,00:00:00,93.73,93.861,92.77,92.832,116786630110,3,Thursday,,
2014-04-11,00:00:00,92.832,93.176,92.337,92.528,119144330030,4,Friday,,
2014-04-14,00:00:00,92.54,93.003,92.282,92.895,97773549960,0,Monday,0.012,0.01297
2014-04-15,00:00:00,92.892,92.969,92.377,92.823,108030769870,1,Tuesday,,
2014-04-16,00:00:00,92.818,93.283,92.701,92.818,95458090010,2,Wednesday,,
2014-04-17,00:00:00,92.817,93.102,92.585,93.033,84245869950,3,Thursday,,
2014-04-18,00:00:00,93.03,93.158,92.808,92.813,38927739980,4,Friday,,
2014-04-21,00:00:00,92.863,93.261,92.863,93.171,52541049990,0,Monday,0.05,0.05387
2014-04-22,00:00:00,93.173,93.22,92.934,93.056,79339979950,1,Tuesday,,
2014-04-23,00:00:00,93.047,93.103,92.558,92.935,87869350080,2,Wednesday,,
2014-04-24,00:00:00,92.928,93.101,92.562,92.823,86831180000,3,Thursday,,
2014-04-25,00:00:00,92.811,92.953,92.383,92.518,82405130000,4,Friday,,
2014-04-28,00:00:00,92.517,93.114,92.435,92.905,81796760060,0,Monday,-0.001,-0.00108
2014-04-29,00:00:00,92.905,93.784,92.903,93.774,87113259960,1,Tuesday,,
2014-04-30,00:00:00,93.771,93.777,93.057,93.254,103122109920,2,Wednesday,,
2014-05-01,00:00:00,93.238,93.385,92.978,93.381,69175869960,3,Thursday,,
2014-05-02,00:00:00,93.376,93.71,93.012,93.088,93370350180,4,Friday,,
2014-05-05,00:00:00,92.993,93.272,92.723,93.225,64753890040,0,Monday,-0.095,-0.10205
2014-05-06,00:00:00,93.224,93.457,93.013,93.333,81129760110,1,Tuesday,,
2014-05-07,00:00:00,93.323,93.548,93.188,93.472,92076379950,2,Wednesday,,
2014-05-08,00:00:00,93.472,93.932,93.353,93.844,96384999990,3,Thursday,,
2014-05-09,00:00:00,93.843,94.054,93.24,93.407,90472530000,4,Friday,,
2014-05-12,00:00:00,93.42,93.866,93.367,93.715,70778340030,0,Monday,0.013,0.01392
2014-05-13,00:00:00,93.712,93.913,93.621,93.768,84626349960,1,Tuesday,,
2014-05-14,00:00:00,93.757,93.779,93.308,93.562,88882889980,2,Wednesday,,
2014-05-15,00:00:00,93.559,93.973,93.053,93.298,103159200000,3,Thursday,,
2014-05-16,00:00:00,93.298,93.529,93.148,93.378,81332009990,4,Friday,,
2014-05-19,00:00:00,93.463,93.554,93.001,93.318,90488019980,0,Monday,0.085,0.09103
2014-05-20,00:00:00,93.318,93.422,92.75,92.893,89798499940,1,Tuesday,,
2014-05-21,00:00:00,92.893,92.96,92.476,92.888,100155509950,2,Wednesday,,
2014-05-22,00:00:00,92.888,93.484,92.816,93.391,86026510080,3,Thursday,,
2014-05-23,00:00:00,93.389,93.875,93.245,93.858,77428920010,4,Friday,,
2014-05-26,00:00:00,93.73,93.897,93.716,93.86,41768979990,0,Monday,-0.128,-0.13638
2014-05-27,00:00:00,93.853,94.063,93.823,93.899,79141939960,1,Tuesday,,
2014-05-28,00:00:00,93.898,93.975,93.506,93.63,83411670010,2,Wednesday,,
2014-05-29,00:00:00,93.627,93.935,93.343,93.91,86753290040,3,Thursday,,
2014-05-30,00:00:00,93.908,93.933,93.528,93.812,87479020060,4,Friday,,
2014-06-02,00:00:00,93.893,94.068,93.648,93.916,84410879970,0,Monday,0.081,0.08634
2014-06-03,00:00:00,93.913,94.011,93.713,93.957,78557079990,1,Tuesday,,
2014-06-04,00:00:00,93.956,93.996,93.603,93.904,100195160010,2,Wednesday,,
2014-06-05,00:00:00,93.904,93.972,93.447,93.722,106511919880,3,Thursday,,
2014-06-06,00:00:00,93.722,93.863,93.433,93.702,98934100130,4,Friday,,
2014-06-09,00:00:00,93.773,94.099,93.695,94.015,74319570000,0,Monday,0.071,0.07577
2014-06-10,00:00:00,94.014,94.048,93.683,93.864,88958830020,1,Tuesday,,
2014-06-11,00:00:00,93.862,93.937,93.542,93.912,94348759930,2,Wednesday,,
2014-06-12,00:00:00,93.912,94.037,93.592,93.657,90592610010,3,Thursday,,
2014-06-13,00:00:00,93.662,94.057,93.638,93.973,93656060030,4,Friday,,
2014-06-16,00:00:00,93.992,94.005,93.572,93.883,79193620000,0,Monday,0.019,0.02022
2014-06-17,00:00:00,93.883,94.198,93.827,94.027,77958800050,1,Tuesday,,
2014-06-18,00:00:00,94.037,94.13,93.759,94.045,84141199910,2,Wednesday,,
2014-06-19,00:00:00,94.052,94.263,93.962,94.22,84609220020,3,Thursday,,
2014-06-20,00:00:00,94.22,94.993,94.113,94.857,60816849970,4,Friday,,
2014-06-23,00:00:00,94.814,95.087,94.812,94.96,71343600040,0,Monday,-0.043,-0.04533
2014-06-24,00:00:00,94.96,95.158,94.848,94.893,59487370010,1,Tuesday,,
2014-06-25,00:00:00,94.879,95.037,94.747,95.017,77015600000,2,Wednesday,,
2014-06-26,00:00:00,95.022,95.172,94.713,95.152,78000759960,3,Thursday,,
2014-06-27,00:00:00,95.148,95.159,94.751,95.046,72871470010,4,Friday,,
2014-06-30,00:00:00,94.987,95.132,94.767,94.94,77519890000,0,Monday,-0.059,-0.06208
2014-07-01,00:00:00,94.939,95.51,94.887,95.483,80355889970,1,Tuesday,,
2014-07-02,00:00:00,95.473,95.582,95.356,95.407,71793449980,2,Wednesday,,
2014-07-03,00:00:00,95.402,96.222,95.372,96.083,86430599960,3,Thursday,,
2014-07-04,00:00:00,96.081,96.107,95.737,95.754,52630720010,4,Friday,,
2014-07-07,00:00:00,95.822,95.881,95.322,95.328,66725840060,0,Monday,0.068,0.07102
2014-07-08,00:00:00,95.333,95.382,95.013,95.11,72793930020,1,Tuesday,,
2014-07-09,00:00:00,95.097,95.534,95.044,95.41,77719520060,2,Wednesday,,
2014-07-10,00:00:00,95.41,95.433,94.672,95.141,81801769970,3,Thursday,,
2014-07-11,00:00:00,95.141,95.322,94.293,94.318,78884009980,4,Friday,,
2014-07-14,00:00:00,94.422,94.847,94.34,94.775,64257619970,0,Monday,0.104,0.11027
2014-07-15,00:00:00,94.767,94.805,94.349,94.502,76811920050,1,Tuesday,,
2014-07-16,00:00:00,94.502,94.834,94.229,94.634,60792730010,2,Wednesday,,
2014-07-17,00:00:00,94.637,94.663,93.977,93.977,77036779970,3,Thursday,,
2014-07-18,00:00:00,93.978,94.587,93.902,94.377,77292610100,4,Friday,,
2014-07-21,00:00:00,94.371,94.498,94.192,94.407,54699970010,0,Monday,-0.006,-0.00636
2014-07-22,00:00:00,94.407,94.574,94.389,94.482,71087060050,1,Tuesday,,
2014-07-23,00:00:00,94.482,94.671,94.439,94.573,59506929980,2,Wednesday,,
2014-07-24,00:00:00,94.573,94.886,94.442,94.737,62973270000,3,Thursday,,
2014-07-25,00:00:00,94.737,94.774,94.042,94.13,71555820000,4,Friday,,
2014-07-28,00:00:00,94.097,94.332,94.079,94.312,66280229970,0,Monday,-0.033,-0.03506
2014-07-29,00:00:00,94.307,94.375,93.989,94.085,79777440040,1,Tuesday,,
2014-07-30,00:00:00,94.082,94.459,93.992,94.271,93354460070,2,Wednesday,,
2014-07-31,00:00:00,94.268,94.479,94.132,94.242,80721740000,3,Thursday,,
2014-08-01,00:00:00,94.242,94.318,93.811,93.972,101010769920,4,Friday,,
2014-08-04,00:00:00,93.862,94.063,93.776,94.037,44124299990,0,Monday,-0.11,-0.11706
2014-08-05,00:00:00,94.037,94.072,93.416,93.59,59639039960,1,Tuesday,,
2014-08-06,00:00:00,93.587,93.69,93.136,93.526,79723360020,2,Wednesday,,
2014-08-07,00:00:00,93.525,93.826,93.339,93.424,86269830020,3,Thursday,,
2014-08-08,00:00:00,93.421,93.448,92.754,92.964,104660790060,4,Friday,,
2014-08-11,00:00:00,93.13,93.582,92.967,93.553,66304480000,0,Monday,0.166,0.17856
2014-08-12,00:00:00,93.553,93.646,93.338,93.598,66406909990,1,Tuesday,,
2014-08-13,00:00:00,93.596,93.874,93.559,93.827,74129199950,2,Wednesday,,
2014-08-14,00:00:00,93.819,94.064,93.805,93.957,70395660000,3,Thursday,,
2014-08-15,00:00:00,93.957,94.508,93.546,93.882,86334390170,4,Friday,,
2014-08-18,00:00:00,93.976,94.273,93.933,94.193,62639340010,0,Monday,0.094,0.10013
2014-08-19,00:00:00,94.193,94.238,93.947,94.043,65026360070,1,Tuesday,,
2014-08-20,00:00:00,94.042,94.658,94.022,94.564,88008459870,2,Wednesday,,
2014-08-21,00:00:00,94.564,94.908,94.498,94.908,71615759990,3,Thursday,,
2014-08-22,00:00:00,94.898,95.06,94.454,94.877,83730310060,4,Friday,,
2014-08-25,00:00:00,95.053,95.214,94.653,94.723,65484480050,0,Monday,0.176,0.1855
2014-08-26,00:00:00,94.722,95.138,94.541,95.002,74385770010,1,Tuesday,,
2014-08-27,00:00:00,95.002,95.955,94.977,95.597,88710260030,2,Wednesday,,
2014-08-28,00:00:00,95.597,95.738,95.312,95.48,80213519990,3,Thursday,,
2014-08-29,00:00:00,95.48,96.089,95.472,95.657,79673399820,4,Friday,,
2014-09-01,00:00:00,95.762,96.038,95.724,95.973,54142049980,0,Monday,0.105,0.10977
2014-09-02,00:00:00,95.973,96.294,95.9,96.157,86543929960,1,Tuesday,,
2014-09-03,00:00:00,96.148,96.489,95.962,96.232,88185320000,2,Wednesday,,
2014-09-04,00:00:00,96.232,96.997,96.13,96.783,94277989950,3,Thursday,,
2014-09-05,00:00:00,96.777,97.073,96.095,96.553,95367799990,4,Friday,,
2014-09-08,00:00:00,96.45,96.668,96.393,96.611,87152339980,0,Monday,-0.103,-0.10668
2014-09-09,00:00:00,96.607,96.78,96.28,96.67,111282239820,1,Tuesday,,
2014-09-10,00:00:00,96.663,97.709,96.657,97.683,115067710020,2,Wednesday,,
2014-09-11,00:00:00,97.68,97.696,96.759,97.037,111281099840,3,Thursday,,
2014-09-12,00:00:00,97.037,97.164,96.632,96.727,101997980080,4,Friday,,
2014-09-15,00:00:00,96.674,97.089,96.602,96.942,84153509940,0,Monday,-0.053,-0.05479
2014-09-16,00:00:00,96.924,97.707,96.765,97.645,113258570030,1,Tuesday,,
2014-09-17,00:00:00,97.633,98.553,97.559,98.523,114501579910,2,Wednesday,,
2014-09-18,00:00:00,98.521,99.404,98.327,99.37,107240379980,3,Thursday,,
2014-09-19,00:00:00,99.362,99.811,99.062,99.402,126139260150,4,Friday,,
2014-09-22,00:00:00,99.364,99.66,98.516,98.529,96334799910,0,Monday,-0.038,-0.03823
2014-09-23,00:00:00,98.529,98.733,98.187,98.272,99015550120,1,Tuesday,,
2014-09-24,00:00:00,98.273,98.669,97.772,98.599,104238059970,2,Wednesday,,
2014-09-25,00:00:00,98.598,98.723,97.826,97.865,113414969920,3,Thursday,,
2014-09-26,00:00:00,97.859,98.285,97.667,97.95,107886300170,4,Friday,,
2014-09-29,00:00:00,97.961,98.366,97.853,98.069,119968250030,0,Monday,0.011,0.01123
2014-09-30,00:00:00,98.056,98.377,97.797,97.905,119250129980,1,Tuesday,,
2014-10-01,00:00:00,97.882,98.119,97.468,97.53,128439530010,2,Wednesday,,
2014-10-02,00:00:00,97.525,98.113,96.762,97.16,157290809950,3,Thursday,,
2014-10-03,00:00:00,97.152,97.705,97.059,97.596,114132499950,4,Friday,,
2014-10-06,00:00:00,97.466,97.818,97.308,97.714,98255039950,0,Monday,-0.13,-0.1332
2014-10-07,00:00:00,97.699,97.745,96.613,96.657,143292589930,1,Tuesday,,
2014-10-08,00:00:00,96.657,97.474,96.574,97.283,150611449900,2,Wednesday,,
2014-10-09,00:00:00,97.283,97.493,96.359,96.389,156460189940,3,Thursday,,
2014-10-10,00:00:00,96.378,96.663,95.982,96.102,147647209980,4,Friday,,
2014-10-13,00:00:00,96.207,96.208,95.372,95.381,135902339950,0,Monday,0.105,0.10926
2014-10-14,00:00:00,95.378,95.835,94.462,94.745,141735799890,1,Tuesday,,
2014-10-15,00:00:00,94.747,94.944,93.379,94.078,212190499860,2,Wednesday,,
2014-10-16,00:00:00,94.074,94.606,92.9,94.426,203393329810,3,Thursday,,
2014-10-17,00:00:00,94.417,95.161,94.223,94.767,130960500040,4,Friday,,
2014-10-20,00:00:00,94.957,95.329,94.628,94.751,121785900090,0,Monday,0.19,0.20049
2014-10-21,00:00:00,94.751,95.351,94.35,95.343,124556989960,1,Tuesday,,
2014-10-22,00:00:00,95.334,95.869,94.951,95.342,120235770170,2,Wednesday,,
2014-10-23,00:00:00,95.342,96.42,95.146,96.388,118817159930,3,Thursday,,
2014-10-24,00:00:00,96.387,96.535,96.032,96.267,117256419910,4,Friday,,
2014-10-26,00:00:00,96.453,96.453,96.301,96.321,960170000,6,Sunday,,
2014-10-27,00:00:00,96.323,96.324,95.695,95.852,104852380080,0,Monday,0.002,0.00208
2014-10-28,00:00:00,95.852,96.87,95.809,96.809,104953759940,1,Tuesday,,
2014-10-29,00:00:00,96.817,97.37,96.686,97.285,115319720010,2,Wednesday,,
2014-10-30,00:00:00,97.278,97.84,97.205,97.649,127754309720,3,Thursday,,
2014-10-31,00:00:00,97.649,99.864,97.508,99.662,171815149780,4,Friday,,
2014-11-03,00:00:00,99.838,100.965,99.683,100.382,140618739970,0,Monday,0.176,0.1766
2014-11-04,00:00:00,100.382,100.392,99.281,99.545,151424340060,1,Tuesday,,
2014-11-05,00:00:00,99.544,100.764,99.448,100.674,164364200240,2,Wednesday,,
2014-11-06,00:00:00,100.671,101.202,100.06,100.84,180464349780,3,Thursday,,
2014-11-07,00:00:00,100.833,101.484,100.468,101.127,175467630120,4,Friday,,
2014-11-10,00:00:00,101.062,101.338,100.522,100.907,141053899830,0,Monday,-0.065,-0.06428
2014-11-11,00:00:00,100.904,102.21,100.817,102.107,151796670030,1,Tuesday,,
2014-11-12,00:00:00,102.107,102.323,101.418,102.017,179425670050,2,Wednesday,,
2014-11-13,00:00:00,102.021,102.342,101.582,101.826,144821750060,3,Thursday,,
2014-11-14,00:00:00,101.823,103.22,101.682,102.946,168297139950,4,Friday,,
2014-11-17,00:00:00,103.177,103.652,102.409,103.14,165307880030,0,Monday,0.231,0.22439
2014-11-18,00:00:00,103.118,103.787,102.982,103.438,137786940120,1,Tuesday,,
2014-11-19,00:00:00,103.44,104.072,103.175,104.007,142628770110,2,Wednesday,,
2014-11-20,00:00:00,103.999,104.717,103.929,104.534,164702660170,3,Thursday,,
2014-11-21,00:00:00,104.517,105.313,103.878,104.812,185902369660,4,Friday,,
2014-11-24,00:00:00,104.892,105.292,104.647,104.847,117190430020,0,Monday,0.08,0.07633
2014-11-25,00:00:00,104.836,104.977,104.252,104.764,151158459900,1,Tuesday,,
2014-11-26,00:00:00,104.762,104.864,104.236,104.651,112040199960,2,Wednesday,,
2014-11-27,00:00:00,104.656,104.664,103.737,103.856,105719830020,3,Thursday,,
2014-11-28,00:00:00,103.834,104.28,103.568,103.852,139397200120,4,Friday,,
2014-12-01,00:00:00,103.858,104.547,103.457,104.491,177096679840,0,Monday,0.006,0.00578
2014-12-02,00:00:00,104.488,104.932,104.392,104.492,139595019770,1,Tuesday,,
2014-12-03,00:00:00,104.482,105.493,104.464,105.396,137629540010,2,Wednesday,,
2014-12-04,00:00:00,105.384,105.699,104.9,105.187,150811970040,3,Thursday,,
2014-12-05,00:00:00,105.192,106.417,105.098,106.168,148222579910,4,Friday,,
2014-12-08,00:00:00,106.277,106.5,104.934,105.117,139847820130,0,Monday,0.109,0.10267
2014-12-09,00:00:00,105.117,105.272,103.457,104.558,218157969870,1,Tuesday,,
2014-12-10,00:00:00,104.552,104.663,102.539,102.602,258966999610,2,Wednesday,,
2014-12-11,00:00:00,102.593,103.666,102.418,102.955,221045760080,3,Thursday,,
2014-12-12,00:00:00,102.952,103.331,102.048,102.489,205661150210,4,Friday,,
2014-12-15,00:00:00,102.348,102.821,100.898,100.923,213668769810,0,Monday,-0.141,-0.13758
2014-12-16,00:00:00,100.923,101.268,99.132,100.096,255974390050,1,Tuesday,,
2014-12-17,00:00:00,100.096,102.053,99.937,101.996,229283710110,2,Wednesday,,
2014-12-18,00:00:00,101.996,102.792,101.714,102.641,180817809910,3,Thursday,,
2014-12-19,00:00:00,102.631,103.223,102.347,102.939,151631779980,4,Friday,,
2014-12-22,00:00:00,102.947,103.477,102.772,103.217,97306020000,0,Monday,0.008,0.00777
2014-12-23,00:00:00,103.207,103.987,103.085,103.866,89404200140,1,Tuesday,,
2014-12-24,00:00:00,103.866,103.922,103.431,103.616,54815180020,2,Wednesday,,
2014-12-25,00:00:00,103.616,103.637,103.274,103.337,8355000000,3,Thursday,,
2014-12-26,00:00:00,103.237,103.767,103.223,103.424,70823240000,4,Friday,,
2014-12-29,00:00:00,103.527,103.845,103.415,103.662,70314220030,0,Monday,0.103,0.09959
2014-12-30,00:00:00,103.662,103.683,102.27,102.867,104465040030,1,Tuesday,,
2014-12-31,00:00:00,102.867,103.663,102.791,102.947,80618250030,2,Wednesday,,
2015-01-02,00:00:00,103.036,103.492,102.177,102.193,110443560070,4,Friday,,
2015-01-05,00:00:00,102.223,102.302,101.238,101.689,131671809860,0,Monday,0.03,0.02936
2015-01-06,00:00:00,101.687,101.704,99.907,99.993,161877409950,1,Tuesday,,
2015-01-07,00:00:00,99.987,101.173,99.985,100.923,153065390010,2,Wednesday,,
2015-01-08,00:00:00,100.918,101.578,100.816,101.119,123381209980,3,Thursday,,
2015-01-09,00:00:00,101.115,101.354,99.765,99.817,134326000000,4,Friday,,
2015-01-12,00:00:00,99.723,100.436,98.786,98.812,129139570130,0,Monday,-0.094,-0.09417
2015-01-13,00:00:00,98.807,99.433,98.161,98.598,166884909990,1,Tuesday,,
2015-01-14,00:00:00,98.547,98.673,97.102,98.155,206353439760,2,Wednesday,,
2015-01-15,00:00:00,98.152,98.774,97.058,97.067,233036160050,3,Thursday,,
2015-01-16,00:00:00,97.072,98.33,96.636,98.042,179215770010,4,Friday,,
2015-01-19,00:00:00,98.004,98.571,97.644,98.428,109120909980,0,Monday,-0.038,-0.03876
2015-01-20,00:00:00,98.427,99.061,97.722,98.071,154962369960,1,Tuesday,,
2015-01-21,00:00:00,98.058,98.099,95.06,95.575,188117920050,2,Wednesday,,
2015-01-22,00:00:00,95.575,95.77,94.873,95.69,191330889910,3,Thursday,,
2015-01-23,00:00:00,95.687,96.098,94.657,94.787,164356449680,4,Friday,,
2015-01-26,00:00:00,94.392,95.426,94.11,94.944,154970109880,0,Monday,-0.395,-0.41672
2015-01-27,00:00:00,94.917,95.258,94.23,95.044,156931530020,1,Tuesday,,
2015-01-28,00:00:00,95.037,95.207,93.567,93.732,164209490230,2,Wednesday,,
2015-01-29,00:00:00,93.732,94.297,93.321,93.742,169803920060,3,Thursday,,
2015-01-30,00:00:00,93.719,93.918,91.742,92.268,156254180050,4,Friday,,
2015-02-02,00:00:00,92.051,93.616,92.049,93.58,154174579840,0,Monday,-0.217,-0.23518
2015-02-03,00:00:00,93.58,94.892,92.436,94.671,167981050410,1,Tuesday,,
2015-02-04,00:00:00,94.668,95.022,93.047,93.24,152432070140,2,Wednesday,,
2015-02-05,00:00:00,93.224,94.818,93.106,94.5,129916220040,3,Thursday,,
2015-02-06,00:00:00,94.5,95.521,94.051,95.041,127119580220,4,Friday,,
2015-02-09,00:00:00,94.888,95.528,94.632,95.147,121747270180,0,Monday,-0.153,-0.16098
2015-02-10,00:00:00,95.147,95.791,94.477,94.858,131901859740,1,Tuesday,,
2015-02-11,00:00:00,94.856,95.466,94.702,95.342,120418729800,2,Wednesday,,
2015-02-12,00:00:00,95.342,95.697,94.375,95.2,163728599930,3,Thursday,,
2015-02-13,00:00:00,95.206,95.582,94.723,95.347,132246570070,4,Friday,,
2015-02-16,00:00:00,95.157,95.469,94.758,95.004,97326260060,0,Monday,-0.19,-0.19927
2015-02-17,00:00:00,95.022,96.415,94.817,96.22,123797989980,1,Tuesday,,
2015-02-18,00:00:00,96.187,96.33,95.348,95.359,140051649790,2,Wednesday,,
2015-02-19,00:00:00,95.359,95.41,94.651,95.174,124449429980,3,Thursday,,
2015-02-20,00:00:00,95.172,95.522,94.174,94.937,130306819710,4,Friday,,
2015-02-23,00:00:00,94.992,95.043,94.259,94.492,112856919890,0,Monday,0.055,0.05793
2015-02-24,00:00:00,94.483,95.283,94.165,95.255,139738729950,1,Tuesday,,
2015-02-25,00:00:00,95.256,95.87,95.073,95.565,127433000100,2,Wednesday,,
2015-02-26,00:00:00,95.563,95.863,95.155,95.398,138917320120,3,Thursday,,
2015-02-27,00:00:00,95.4,95.846,95.288,95.512,126588459940,4,Friday,,
2015-03-02,00:00:00,95.722,95.98,95.362,95.816,98496349990,0,Monday,0.21,0.21987
2015-03-03,00:00:00,95.818,96.267,95.457,95.802,118736440070,1,Tuesday,,
2015-03-04,00:00:00,95.802,96.487,95.322,96.272,114927340130,2,Wednesday,,
2015-03-05,00:00:00,96.277,96.82,95.952,96.187,117720630050,3,Thursday,,
2015-03-06,00:00:00,96.192,96.357,95.623,95.687,118701929960,4,Friday,,
2015-03-08,00:00:00,95.697,95.758,95.642,95.723,924940000,6,Sunday,,
2015-03-09,00:00:00,95.723,96.356,95.662,96.167,119077160100,0,Monday,0.0,0.0
2015-03-10,00:00:00,96.167,96.472,95.393,95.474,165113709960,1,Tuesday,,
2015-03-11,00:00:00,95.474,95.879,94.889,95.317,168584710030,2,Wednesday,,
2015-03-12,00:00:00,95.317,95.729,95.195,95.539,155031799900,3,Thursday,,
2015-03-13,00:00:00,95.536,95.64,94.53,94.917,136309939990,4,Friday,,
2015-03-15,00:00:00,94.832,94.911,94.807,94.883,2400010010,6,Sunday,,
2015-03-16,00:00:00,94.877,95.228,94.63,94.985,119670650030,0,Monday,-0.006,-0.00632
2015-03-17,00:00:00,94.99,95.147,94.705,94.873,108277009990,1,Tuesday,,
2015-03-18,00:00:00,94.872,96.027,94.377,95.477,140690159910,2,Wednesday,,
2015-03-19,00:00:00,95.464,95.757,94.742,95.001,150565480190,3,Thursday,,
2015-03-20,00:00:00,94.995,95.87,94.987,95.612,125838650000,4,Friday,,
2015-03-22,00:00:00,95.444,95.622,95.444,95.541,2330990000,6,Sunday,,
2015-03-23,00:00:00,95.541,95.898,95.124,95.6,145823829890,0,Monday,0.0,0.0
2015-03-24,00:00:00,95.606,95.982,95.441,95.783,142443430030,1,Tuesday,,
2015-03-25,00:00:00,95.782,95.829,95.255,95.467,127805360040,2,Wednesday,,
2015-03-26,00:00:00,95.467,95.776,95.069,95.467,160357719980,3,Thursday,,
2015-03-27,00:00:00,95.467,95.598,94.387,94.427,136100739960,4,Friday,,
2015-03-30,00:00:00,94.567,94.932,94.41,94.71,126417790010,0,Monday,0.14,0.14826
2015-03-31,00:00:00,94.71,94.832,93.752,94.669,136752930030,1,Tuesday,,
2015-04-01,00:00:00,94.667,95.021,94.322,94.883,145766699910,2,Wednesday,,
2015-04-02,00:00:00,94.883,95.374,94.557,95.308,140619569870,3,Thursday,,
2015-04-03,00:00:00,95.302,95.561,94.826,95.133,73147870130,4,Friday,,
2015-04-06,00:00:00,95.243,95.767,95.159,95.747,79249720000,0,Monday,0.11,0.11563
2015-04-07,00:00:00,95.747,96.497,95.649,96.149,123261659870,1,Tuesday,,
2015-04-08,00:00:00,96.145,96.637,95.637,95.733,140520580080,2,Wednesday,,
2015-04-09,00:00:00,95.713,95.904,95.384,95.842,115493869790,3,Thursday,,
2015-04-10,00:00:00,95.841,95.857,95.018,95.608,106977949940,4,Friday,,
2015-04-13,00:00:00,95.626,95.687,94.924,95.334,115617260110,0,Monday,0.018,0.01883
2015-04-14,00:00:00,95.334,95.799,94.889,95.617,126713740110,1,Tuesday,,
2015-04-15,00:00:00,95.617,96.944,94.912,96.931,132061439670,2,Wednesday,,
2015-04-16,00:00:00,96.932,97.933,96.739,97.598,137329390090,3,Thursday,,
2015-04-17,00:00:00,97.587,98.422,96.842,97.042,143812599930,4,Friday,,
2015-04-20,00:00:00,97.437,97.915,97.148,97.437,116817519980,0,Monday,0.395,0.40704
2015-04-21,00:00:00,97.432,97.745,97.198,97.426,119561540100,1,Tuesday,,
2015-04-22,00:00:00,97.418,98.078,97.403,97.963,130403349950,2,Wednesday,,
2015-04-23,00:00:00,97.957,98.69,97.663,98.45,138538489940,3,Thursday,,
2015-04-24,00:00:00,98.438,98.629,97.567,97.66,137522739950,4,Friday,,
2015-04-27,00:00:00,97.48,98.687,97.48,98.479,125707169970,0,Monday,-0.18,-0.18431
2015-04-28,00:00:00,98.468,98.929,98.277,98.765,134704219820,1,Tuesday,,
2015-04-29,00:00:00,98.762,99.487,98.634,99.008,155283459800,2,Wednesday,,
2015-04-30,00:00:00,98.993,99.167,98.477,98.803,164372699840,3,Thursday,,
2015-05-01,00:00:00,98.803,99.174,98.405,98.753,111120879900,4,Friday,,
2015-05-04,00:00:00,98.878,99.372,98.547,99.292,90079189990,0,Monday,0.125,0.12658
2015-05-05,00:00:00,99.292,99.995,99.023,99.287,126715049970,1,Tuesday,,
2015-05-06,00:00:00,99.287,99.915,98.957,99.13,129548369990,2,Wednesday,,
2015-05-07,00:00:00,99.127,99.278,98.228,98.703,138895419920,3,Thursday,,
2015-05-08,00:00:00,98.684,99.437,98.63,99.141,135195949790,4,Friday,,
2015-05-11,00:00:00,99.028,99.399,98.722,99.207,99908399940,0,Monday,-0.113,-0.11398
2015-05-12,00:00:00,99.207,100.038,99.192,99.724,113547050040,1,Tuesday,,
2015-05-13,00:00:00,99.717,100.089,99.385,99.619,118765629980,2,Wednesday,,
2015-05-14,00:00:00,99.616,99.913,99.207,99.432,126465869990,3,Thursday,,
2015-05-15,00:00:00,99.429,99.774,99.096,99.248,125951299990,4,Friday,,
2015-05-18,00:00:00,99.3,99.562,98.512,98.655,102097860070,0,Monday,0.052,0.05239
2015-05-19,00:00:00,98.632,98.898,98.331,98.656,125306640090,1,Tuesday,,
2015-05-20,00:00:00,98.647,99.511,98.602,99.356,142581730180,2,Wednesday,,
2015-05-21,00:00:00,99.356,99.466,98.897,99.195,121363160080,3,Thursday,,
2015-05-22,00:00:00,99.183,99.3,98.628,98.923,118319960260,4,Friday,,
2015-05-25,00:00:00,98.847,99.034,98.622,98.693,57071260000,0,Monday,-0.076,-0.07683
2015-05-26,00:00:00,98.682,99.466,98.641,98.984,130803980210,1,Tuesday,,
2015-05-27,00:00:00,98.979,99.499,98.914,99.292,135653610240,2,Wednesday,,
2015-05-28,00:00:00,99.275,99.801,99.107,99.66,140758630270,3,Thursday,,
2015-05-29,00:00:00,99.648,99.815,99.002,99.667,145602940300,4,Friday,,
2015-06-01,00:00:00,99.705,99.747,99.13,99.627,138687530080,0,Monday,0.038,0.03813
2015-06-02,00:00:00,99.627,100.223,99.496,100.067,159510020420,1,Tuesday,,
2015-06-03,00:00:00,100.052,100.071,99.65,99.769,150787700260,2,Wednesday,,
2015-06-04,00:00:00,99.754,99.988,99.399,99.452,150249060000,3,Thursday,,
2015-06-05,00:00:00,99.452,101.027,99.447,100.902,143079520010,4,Friday,,
2015-06-08,00:00:00,100.95,101.0,100.269,100.292,144752989840,0,Monday,0.048,0.04757
2015-06-09,00:00:00,100.282,101.002,99.984,100.773,159089610240,1,Tuesday,,
2015-06-10,00:00:00,100.764,100.908,99.507,100.073,178410780350,2,Wednesday,,
2015-06-11,00:00:00,100.071,100.59,99.874,100.378,154121060190,3,Thursday,,
2015-06-12,00:00:00,100.372,100.667,100.022,100.072,137342820120,4,Friday,,
2015-06-15,00:00:00,99.974,100.39,99.888,100.117,127290270170,0,Monday,-0.098,-0.09793
2015-06-16,00:00:00,100.101,100.412,99.917,100.323,113662380060,1,Tuesday,,
2015-06-17,00:00:00,100.322,100.992,100.24,100.928,131999020190,2,Wednesday,,
2015-06-18,00:00:00,100.914,101.145,100.41,100.589,152568689960,3,Thursday,,
2015-06-19,00:00:00,100.592,100.818,99.754,99.967,116187509930,4,Friday,,
2015-06-22,00:00:00,100.199,100.827,99.954,100.207,105203730060,0,Monday,0.232,0.23208
2015-06-23,00:00:00,100.208,100.572,100.118,100.54,103012219930,1,Tuesday,,
2015-06-24,00:00:00,100.522,100.853,99.839,100.009,109147290100,2,Wednesday,,
2015-06-25,00:00:00,99.997,100.38,99.592,100.26,97915880010,3,Thursday,,
2015-06-26,00:00:00,100.258,100.592,99.792,100.492,93657480060,4,Friday,,
2015-06-29,00:00:00,99.377,99.84,98.722,98.784,151432370080,0,Monday,-1.115,-1.10954
2015-06-30,00:00:00,98.772,99.045,97.607,98.023,136590799990,1,Tuesday,,
2015-07-01,00:00:00,98.023,98.495,97.767,97.828,129695600060,2,Wednesday,,
2015-07-02,00:00:00,97.813,98.158,97.483,98.097,129024580260,3,Thursday,,
2015-07-03,00:00:00,98.097,98.136,97.347,97.574,106790790070,4,Friday,,
2015-07-06,00:00:00,96.737,97.569,96.597,96.868,139258210170,0,Monday,-0.837,-0.85781
2015-07-07,00:00:00,96.863,96.99,95.593,96.422,145452740040,1,Tuesday,,
2015-07-08,00:00:00,96.421,96.456,94.537,94.684,174465840030,2,Wednesday,,
2015-07-09,00:00:00,94.677,95.857,94.511,95.463,150635840110,3,Thursday,,
2015-07-10,00:00:00,95.463,97.006,95.427,96.888,150775839570,4,Friday,,
2015-07-13,00:00:00,96.136,97.122,96.136,96.852,143860940110,0,Monday,-0.752,-0.77615
2015-07-14,00:00:00,96.842,96.983,96.345,96.92,133711000030,1,Tuesday,,
2015-07-15,00:00:00,96.921,97.021,95.556,95.812,143244069960,2,Wednesday,,
2015-07-16,00:00:00,95.802,96.057,95.668,95.805,139522630080,3,Thursday,,
2015-07-17,00:00:00,95.787,95.803,95.365,95.582,112145169870,4,Friday,,
2015-07-20,00:00:00,95.543,95.845,95.469,95.627,105377442340,0,Monday,-0.039,-0.0408
2015-07-21,00:00:00,95.557,96.036,95.54,95.654,140027909840,1,Tuesday,,
2015-07-22,00:00:00,95.647,95.723,94.97,95.077,123787889980,2,Wednesday,,
2015-07-23,00:00:00,95.071,95.65,94.892,95.045,124676849980,3,Thursday,,
2015-07-24,00:00:00,95.027,95.243,94.487,94.863,113324939930,4,Friday,,
2015-07-27,00:00:00,94.882,95.033,94.412,94.517,134909730040,0,Monday,0.019,0.02003
2015-07-28,00:00:00,94.512,95.712,94.373,95.616,133326780180,1,Tuesday,,
2015-07-29,00:00:00,95.604,96.172,95.322,95.709,137507810120,2,Wednesday,,
2015-07-30,00:00:00,95.705,95.933,95.335,95.463,131935420000,3,Thursday,,
2015-07-31,00:00:00,95.477,95.551,94.592,94.593,146705249990,4,Friday,,
2015-08-03,00:00:00,94.631,94.752,94.159,94.267,120514980110,0,Monday,0.038,0.04017
2015-08-04,00:00:00,94.266,94.599,94.093,94.268,144601059930,1,Tuesday,,
2015-08-05,00:00:00,94.262,95.014,94.147,94.741,157679839850,2,Wednesday,,
2015-08-06,00:00:00,94.733,95.228,94.575,95.137,137171959870,3,Thursday,,
2015-08-07,00:00:00,95.124,95.456,94.482,94.547,134286089930,4,Friday,,
2015-08-10,00:00:00,94.596,95.88,94.512,95.846,111758730040,0,Monday,0.049,0.05183
2015-08-11,00:00:00,95.842,96.014,94.982,95.388,138487289900,1,Tuesday,,
2015-08-12,00:00:00,95.387,95.786,94.973,95.707,150661850070,2,Wednesday,,
2015-08-13,00:00:00,95.687,95.981,95.007,95.264,151582410210,3,Thursday,,
2015-08-14,00:00:00,95.264,95.414,94.867,94.907,119137739920,4,Friday,,
2015-08-17,00:00:00,94.833,95.226,94.667,95.093,101309680020,0,Monday,-0.074,-0.07797
2015-08-18,00:00:00,95.087,95.362,94.682,95.258,101139959950,1,Tuesday,,
2015-08-19,00:00:00,95.253,95.387,94.176,94.282,124547269970,2,Wednesday,,
2015-08-20,00:00:00,94.282,94.778,94.038,94.259,126022599990,3,Thursday,,
2015-08-21,00:00:00,94.261,94.428,92.453,92.457,146404850000,4,Friday,,
2015-08-24,00:00:00,92.422,92.566,87.396,89.098,210770170330,0,Monday,-0.035,-0.03786
2015-08-25,00:00:00,89.103,91.344,88.812,89.081,197437970230,1,Tuesday,,
2015-08-26,00:00:00,89.074,90.408,88.767,90.191,215854840040,2,Wednesday,,
2015-08-27,00:00:00,90.183,92.049,90.077,91.673,199880020040,3,Thursday,,
2015-08-28,00:00:00,91.676,92.202,90.804,92.077,172559519950,4,Friday,,
2015-08-31,00:00:00,91.965,92.425,90.849,92.25,147780659780,0,Monday,-0.112,-0.12164
2015-09-01,00:00:00,92.245,92.292,90.007,90.012,185979470160,1,Tuesday,,
2015-09-02,00:00:00,90.011,91.145,89.937,90.674,179208220040,2,Wednesday,,
2015-09-03,00:00:00,90.674,91.463,90.209,91.099,154503340070,3,Thursday,,
2015-09-04,00:00:00,91.094,91.148,89.526,89.562,156732020010,4,Friday,,
2015-09-07,00:00:00,89.608,90.154,89.437,89.623,123610369960,0,Monday,0.046,0.05136
2015-09-08,00:00:00,89.617,90.907,89.323,90.702,164625349880,1,Tuesday,,
2015-09-09,00:00:00,90.694,92.064,90.654,90.832,167469260150,2,Wednesday,,
2015-09-10,00:00:00,90.827,91.855,90.348,91.009,195243050210,3,Thursday,,
2015-09-11,00:00:00,91.005,91.432,90.584,90.882,138781909930,4,Friday,,
2015-09-14,00:00:00,90.874,91.248,90.318,90.637,139520169790,0,Monday,-0.008,-0.0088
2015-09-15,00:00:00,90.637,91.037,90.102,90.88,146813770070,1,Tuesday,,
2015-09-16,00:00:00,90.875,91.713,90.691,91.525,136625950130,2,Wednesday,,
2015-09-17,00:00:00,91.51,92.037,90.878,91.027,158932299840,3,Thursday,,
2015-09-18,00:00:00,91.026,91.731,90.662,90.677,190516790110,4,Friday,,
2015-09-21,00:00:00,90.765,91.438,90.587,90.933,135893499790,0,Monday,0.088,0.09705
2015-09-22,00:00:00,90.932,91.072,90.143,90.516,133408260020,1,Tuesday,,
2015-09-23,00:00:00,90.516,90.918,89.928,90.272,138156029960,2,Wednesday,,
2015-09-24,00:00:00,90.272,90.38,88.998,90.217,166990020130,3,Thursday,,
2015-09-25,00:00:00,90.222,90.933,89.917,90.377,157363320180,4,Friday,,
2015-09-28,00:00:00,90.338,90.487,89.45,89.494,143526510120,0,Monday,-0.039,-0.04315
2015-09-29,00:00:00,89.492,89.813,88.879,89.197,172023110100,1,Tuesday,,
2015-09-30,00:00:00,89.197,90.089,89.148,90.036,150893459890,2,Wednesday,,
2015-10-01,00:00:00,90.035,90.611,89.893,90.377,150469750000,3,Thursday,,
2015-10-02,00:00:00,90.375,91.252,89.716,91.122,144911510170,4,Friday,,
2015-10-05,00:00:00,91.197,92.144,91.018,92.043,128316999920,0,Monday,0.075,0.08231
2015-10-06,00:00:00,92.041,92.33,91.617,92.228,125951309910,1,Tuesday,,
2015-10-07,00:00:00,92.226,92.547,91.726,91.901,162563989820,2,Wednesday,,
2015-10-08,00:00:00,91.9,92.29,91.632,92.135,146754820190,3,Thursday,,
2015-10-09,00:00:00,92.136,93.257,92.068,92.847,136516249860,4,Friday,,
2015-10-12,00:00:00,92.703,93.16,92.197,92.337,93026899990,0,Monday,-0.144,-0.15509
2015-10-13,00:00:00,92.336,92.493,91.489,91.828,124133349940,1,Tuesday,,
2015-10-14,00:00:00,91.818,92.187,91.604,91.848,141193369910,2,Wednesday,,
2015-10-15,00:00:00,91.842,92.603,91.469,92.412,142509660120,3,Thursday,,
2015-10-16,00:00:00,92.412,92.68,92.045,92.437,109286499970,4,Friday,,
2015-10-19,00:00:00,92.468,92.593,91.65,91.773,106173370000,0,Monday,0.031,0.03354
2015-10-20,00:00:00,91.768,92.687,91.537,92.317,108499970080,1,Tuesday,,
2015-10-21,00:00:00,92.317,92.533,91.243,91.256,118283020100,2,Wednesday,,
2015-10-22,00:00:00,91.25,92.209,91.096,92.194,134118380040,3,Thursday,,
2015-10-23,00:00:00,92.188,92.594,91.644,92.227,140876129950,4,Friday,,
2015-10-25,00:00:00,92.189,92.26,92.106,92.202,3802569990,6,Sunday,,
2015-10-26,00:00:00,92.202,92.222,91.719,91.935,104056500090,0,Monday,0.0,0.0
2015-10-27,00:00:00,91.933,91.988,90.645,90.738,114151000110,1,Tuesday,,
2015-10-28,00:00:00,90.742,92.058,90.585,91.745,126908649940,2,Wednesday,,
2015-10-29,00:00:00,91.754,92.171,91.165,91.927,136351189910,3,Thursday,,
2015-10-30,00:00:00,91.931,92.478,91.402,92.197,156642849930,4,Friday,,
2015-11-02,00:00:00,92.002,92.284,91.917,92.209,112952280020,0,Monday,-0.195,-0.2115
2015-11-03,00:00:00,92.208,92.915,91.929,92.689,110162980120,1,Tuesday,,
2015-11-04,00:00:00,92.689,92.973,92.145,92.423,127240839950,2,Wednesday,,
2015-11-05,00:00:00,92.413,92.739,92.155,92.427,130045370140,3,Thursday,,
2015-11-06,00:00:00,92.427,92.766,92.178,92.462,143323759980,4,Friday,,
2015-11-09,00:00:00,92.642,93.249,92.608,92.691,119407039880,0,Monday,0.18,0.19467
2015-11-10,00:00:00,92.691,93.04,92.649,92.764,119571949890,1,Tuesday,,
2015-11-11,00:00:00,92.764,92.977,92.529,92.607,105629100070,2,Wednesday,,
2015-11-12,00:00:00,92.612,92.969,92.123,92.236,137578069990,3,Thursday,,
2015-11-13,00:00:00,92.228,92.4,91.899,92.001,119821530030,4,Friday,,
2015-11-16,00:00:00,91.868,92.519,91.781,92.39,132893539970,0,Monday,-0.133,-0.14456
2015-11-17,00:00:00,92.373,92.783,92.372,92.654,136189319870,1,Tuesday,,
2015-11-18,00:00:00,92.652,92.95,92.355,92.923,119583250170,2,Wednesday,,
2015-11-19,00:00:00,92.919,93.087,92.288,92.475,141614149910,3,Thursday,,
2015-11-20,00:00:00,92.467,92.559,91.953,91.967,126345530170,4,Friday,,
2015-11-23,00:00:00,92.048,92.335,91.663,91.894,118917579980,0,Monday,0.081,0.08808
2015-11-24,00:00:00,91.887,92.15,91.627,92.071,119976100150,1,Tuesday,,
2015-11-25,00:00:00,92.066,92.352,91.877,92.317,120290000030,2,Wednesday,,
2015-11-26,00:00:00,92.322,92.333,92.025,92.191,85546579960,3,Thursday,,
2015-11-27,00:00:00,92.192,92.277,91.721,91.721,99763840140,4,Friday,,
2015-11-30,00:00:00,91.896,92.623,91.682,92.131,113064010040,0,Monday,0.175,0.1908
2015-12-01,00:00:00,92.131,92.517,91.79,91.966,140130010000,1,Tuesday,,
2015-12-02,00:00:00,91.964,92.695,91.887,92.352,141974850130,2,Wednesday,,
2015-12-03,00:00:00,92.351,92.773,91.606,91.788,175159729870,3,Thursday,,
2015-12-04,00:00:00,91.788,92.389,91.528,92.107,160447509950,4,Friday,,
2015-12-07,00:00:00,92.103,92.168,91.116,91.378,119588310070,0,Monday,-0.004,-0.00434
2015-12-08,00:00:00,91.378,91.384,90.127,90.479,144759919830,1,Tuesday,,
2015-12-09,00:00:00,90.472,90.596,89.093,89.408,155053469980,2,Wednesday,,
2015-12-10,00:00:00,89.411,89.928,89.076,89.202,145231069920,3,Thursday,,
2015-12-11,00:00:00,89.202,89.509,87.728,87.937,172072839910,4,Friday,,
2015-12-14,00:00:00,88.272,88.54,87.457,88.117,174314980010,0,Monday,0.335,0.38095
2015-12-15,00:00:00,88.102,88.891,87.915,88.579,156591619920,1,Tuesday,,
2015-12-16,00:00:00,88.578,88.758,87.967,88.678,152841499970,2,Wednesday,,
2015-12-17,00:00:00,88.669,88.848,87.772,87.92,138676369960,3,Thursday,,
2015-12-18,00:00:00,87.92,88.507,86.691,86.788,159483159980,4,Friday,,
2015-12-21,00:00:00,86.944,87.27,86.365,86.785,127364659990,0,Monday,0.156,0.17975
2015-12-22,00:00:00,86.801,87.053,86.558,86.969,112334089890,1,Tuesday,,
2015-12-23,00:00:00,86.962,87.419,86.67,87.284,88346970030,2,Wednesday,,
2015-12-24,00:00:00,87.286,87.332,86.711,87.06,68936860010,3,Thursday,,
2015-12-25,00:00:00,87.064,87.108,86.833,87.005,9970960010,4,Friday,,
2015-12-28,00:00:00,86.861,87.073,86.497,86.573,85941060050,0,Monday,-0.144,-0.16551
2015-12-29,00:00:00,86.582,87.136,86.381,87.001,89055359950,1,Tuesday,,
2015-12-30,00:00:00,87.001,87.149,86.558,86.822,90029429950,2,Wednesday,,
2015-12-31,00:00:00,86.821,87.01,86.465,86.792,87047119960,3,Thursday,,
2016-01-04,00:00:00,86.963,87.001,85.182,85.582,137821119910,0,Monday,0.171,0.19702
2016-01-05,00:00:00,85.58,86.112,84.837,85.062,156516060020,1,Tuesday,,
2016-01-06,00:00:00,85.062,85.246,83.911,84.155,187032950020,2,Wednesday,,
2016-01-07,00:00:00,84.156,84.417,82.905,83.357,208238069940,3,Thursday,,
2016-01-08,00:00:00,83.347,84.317,82.683,82.701,185021379950,4,Friday,,
2016-01-11,00:00:00,82.721,83.894,82.263,82.831,179840829940,0,Monday,0.02,0.02418
2016-01-12,00:00:00,82.825,83.192,82.113,82.479,196156320170,1,Tuesday,,
2016-01-13,00:00:00,82.476,83.415,81.855,82.049,185560860120,2,Wednesday,,
2016-01-14,00:00:00,82.051,82.375,81.564,82.168,202962289960,3,Thursday,,
2016-01-15,00:00:00,82.162,82.442,80.149,80.461,212396339910,4,Friday,,
2016-01-18,00:00:00,79.821,81.055,79.821,80.53,147872610190,0,Monday,-0.64,-0.79542
2016-01-19,00:00:00,80.528,81.808,80.488,80.681,191549269870,1,Tuesday,,
2016-01-20,00:00:00,80.667,80.853,78.945,80.613,236623689920,2,Wednesday,,
2016-01-21,00:00:00,80.612,82.695,80.117,82.483,252224170190,3,Thursday,,
2016-01-22,00:00:00,82.477,84.112,82.208,84.112,207737290180,4,Friday,,
2016-01-25,00:00:00,83.863,84.108,82.758,82.762,182445669810,0,Monday,-0.249,-0.29603
2016-01-26,00:00:00,82.764,84.442,82.195,83.87,193833420040,1,Tuesday,,
2016-01-27,00:00:00,83.87,84.781,83.422,84.176,205511919790,2,Wednesday,,
2016-01-28,00:00:00,84.169,85.301,83.935,84.677,203628750150,3,Thursday,,
2016-01-29,00:00:00,84.677,86.947,84.354,86.667,227047530200,4,Friday,,
2016-02-01,00:00:00,86.817,87.042,85.852,86.724,193672699890,0,Monday,0.15,0.17308
2016-02-02,00:00:00,86.717,86.785,85.333,85.345,196881119890,1,Tuesday,,
2016-02-03,00:00:00,85.338,86.199,84.482,85.526,255837920040,2,Wednesday,,
2016-02-04,00:00:00,85.526,86.208,84.758,84.897,237870499970,3,Thursday,,
2016-02-05,00:00:00,84.897,85.309,83.919,83.929,212776749940,4,Friday,,
2016-02-08,00:00:00,84.012,84.716,82.576,83.17,226044350040,0,Monday,0.083,0.09889
2016-02-09,00:00:00,83.17,83.681,81.904,83.001,269971770170,1,Tuesday,,
2016-02-10,00:00:00,82.994,83.21,81.263,81.339,279521620120,2,Wednesday,,
2016-02-11,00:00:00,81.362,81.559,79.272,80.662,285430859700,3,Thursday,,
2016-02-12,00:00:00,80.645,82.045,80.292,81.707,242337220400,4,Friday,,
2016-02-15,00:00:00,81.817,82.988,81.418,82.798,159657790030,0,Monday,0.11,0.13463
2016-02-16,00:00:00,82.798,83.503,81.7,82.247,212364380020,1,Tuesday,,
2016-02-17,00:00:00,82.252,83.632,81.586,83.43,212614849900,2,Wednesday,,
2016-02-18,00:00:00,83.429,83.582,82.282,82.481,196717549880,3,Thursday,,
2016-02-19,00:00:00,82.472,82.563,81.362,81.707,184547879810,4,Friday,,
2016-02-22,00:00:00,81.683,82.784,81.534,82.349,173865920140,0,Monday,-0.024,-0.02937
2016-02-23,00:00:00,82.344,82.46,81.029,81.257,191769199690,1,Tuesday,,
2016-02-24,00:00:00,81.257,81.922,80.352,81.865,200069799990,2,Wednesday,,
2016-02-25,00:00:00,81.852,83.593,81.555,83.505,192829829780,3,Thursday,,
2016-02-26,00:00:00,83.498,84.341,83.136,84.324,171027699780,4,Friday,,
2016-02-29,00:00:00,84.257,84.281,83.09,83.199,189881789760,0,Monday,-0.067,-0.07946
2016-03-01,00:00:00,83.194,85.253,82.778,84.972,184834420050,1,Tuesday,,
2016-03-02,00:00:00,84.977,85.213,84.257,84.557,175507410230,2,Wednesday,,
2016-03-03,00:00:00,84.548,85.217,84.418,84.798,152789359850,3,Thursday,,
2016-03-04,00:00:00,84.791,85.757,84.361,85.372,159559310260,4,Friday,,
2016-03-07,00:00:00,85.422,85.651,84.841,85.381,142515989990,0,Monday,0.05,0.05857
2016-03-08,00:00:00,85.381,85.401,83.835,83.99,162300290200,1,Tuesday,,
2016-03-09,00:00:00,83.978,85.628,83.643,85.512,163831849980,2,Wednesday,,
2016-03-10,00:00:00,85.517,86.136,84.102,84.782,201190859930,3,Thursday,,
2016-03-11,00:00:00,84.778,86.218,84.527,86.144,155054279960,4,Friday,,
2016-03-13,00:00:00,86.152,86.158,86.062,86.087,214870000,6,Sunday,,
2016-03-14,00:00:00,86.084,86.23,85.375,85.758,123361079840,0,Monday,-0.003,-0.00348
2016-03-15,00:00:00,85.755,85.857,84.164,84.77,147445289820,1,Tuesday,,
2016-03-16,00:00:00,84.773,86.032,84.615,85.872,151777569980,2,Wednesday,,
2016-03-17,00:00:00,85.871,86.232,84.988,85.793,185296350150,3,Thursday,,
2016-03-18,00:00:00,85.785,86.278,85.356,85.748,150152109980,4,Friday,,
2016-03-20,00:00:00,85.607,85.662,85.567,85.602,535270000,6,Sunday,,
2016-03-21,00:00:00,85.605,85.701,85.074,85.465,125998339860,0,Monday,0.003,0.0035
2016-03-22,00:00:00,85.465,86.203,84.793,86.129,149293270010,1,Tuesday,,
2016-03-23,00:00:00,86.128,86.287,84.998,85.086,144969290000,2,Wednesday,,
2016-03-24,00:00:00,85.084,85.354,84.559,85.18,135942730090,3,Thursday,,
2016-03-25,00:00:00,85.182,85.575,85.082,85.234,56655770010,4,Friday,,
2016-03-28,00:00:00,85.201,86.078,85.163,86.017,89509709960,0,Monday,-0.033,-0.03872
2016-03-29,00:00:00,86.014,86.491,85.853,86.184,145100800020,1,Tuesday,,
2016-03-30,00:00:00,86.184,87.11,85.804,86.69,151636750130,2,Wednesday,,
2016-03-31,00:00:00,86.69,87.457,86.294,86.551,147243659840,3,Thursday,,
2016-04-01,00:00:00,86.553,86.706,85.254,85.765,155776619870,4,Friday,,
2016-04-04,00:00:00,85.577,85.758,85.048,85.056,131940010040,0,Monday,-0.188,-0.2192
2016-04-05,00:00:00,85.046,85.156,83.527,83.982,163620610030,1,Tuesday,,
2016-04-06,00:00:00,83.973,84.272,83.442,83.866,152352000120,2,Wednesday,,
2016-04-07,00:00:00,83.864,84.036,81.704,82.297,178210710040,3,Thursday,,
2016-04-08,00:00:00,82.29,83.768,82.175,83.144,153463579980,4,Friday,,
2016-04-11,00:00:00,83.126,83.818,82.721,83.69,165875790310,0,Monday,-0.018,-0.02165
2016-04-12,00:00:00,83.68,85.142,83.543,85.065,162564649890,1,Tuesday,,
2016-04-13,00:00:00,85.064,85.713,84.947,85.301,170972899870,2,Wednesday,,
2016-04-14,00:00:00,85.301,85.426,84.774,85.16,155039999880,3,Thursday,,
2016-04-15,00:00:00,85.151,85.677,84.225,84.807,137214390100,4,Friday,,
2016-04-18,00:00:00,83.522,85.135,83.106,85.108,170267360140,0,Monday,-1.285,-1.51521
2016-04-19,00:00:00,85.108,86.528,85.02,86.17,161122149820,1,Tuesday,,
2016-04-20,00:00:00,86.167,87.021,85.497,86.786,155054619890,2,Wednesday,,
2016-04-21,00:00:00,86.788,86.944,85.902,85.94,156007929950,3,Thursday,,
2016-04-22,00:00:00,85.94,88.241,85.922,88.184,178891470010,4,Friday,,
2016-04-25,00:00:00,88.317,88.372,87.348,87.707,155523679820,0,Monday,0.133,0.15082
2016-04-26,00:00:00,87.707,88.44,87.296,88.308,157779740130,1,Tuesday,,
2016-04-27,00:00:00,88.308,88.55,87.902,88.438,155474720070,2,Wednesday,,
2016-04-28,00:00:00,88.437,88.795,85.657,86.095,198535449930,3,Thursday,,
2016-04-29,00:00:00,86.095,86.203,84.662,84.684,180265680070,4,Friday,,
2016-05-02,00:00:00,84.552,85.234,84.544,84.914,135400079930,0,Monday,-0.132,-0.15587
2016-05-03,00:00:00,84.914,84.968,83.564,83.752,164386619860,1,Tuesday,,
2016-05-04,00:00:00,83.755,84.437,82.991,83.125,161963159950,2,Wednesday,,
2016-05-05,00:00:00,83.103,83.742,83.078,83.435,136304040010,3,Thursday,,
2016-05-06,00:00:00,83.434,83.537,82.245,82.953,153524989980,4,Friday,,
2016-05-09,00:00:00,82.626,83.791,82.613,83.558,146804499820,0,Monday,-0.327,-0.3942
2016-05-10,00:00:00,83.558,84.657,83.472,84.629,146439139980,1,Tuesday,,
2016-05-11,00:00:00,84.629,84.698,83.917,84.34,138778269990,2,Wednesday,,
2016-05-12,00:00:00,84.34,85.459,84.172,84.84,154376279860,3,Thursday,,
2016-05-13,00:00:00,84.826,84.973,83.869,83.887,168344559950,4,Friday,,
2016-05-16,00:00:00,83.855,84.587,83.697,84.537,112028359930,0,Monday,-0.032,-0.03815
2016-05-17,00:00:00,84.536,85.222,84.132,84.533,129056069940,1,Tuesday,,
2016-05-18,00:00:00,84.528,85.02,84.11,84.542,162955219850,2,Wednesday,,
2016-05-19,00:00:00,84.542,84.667,83.486,83.962,176125159810,3,Thursday,,
2016-05-20,00:00:00,83.967,84.332,83.84,83.938,127082460000,4,Friday,,
2016-05-23,00:00:00,83.972,84.027,83.081,83.105,128312880160,0,Monday,0.034,0.04051
2016-05-24,00:00:00,83.097,84.009,82.9,83.807,132147780000,1,Tuesday,,
2016-05-25,00:00:00,83.805,84.658,83.727,84.6,132346640230,2,Wednesday,,
2016-05-26,00:00:00,84.602,85.172,84.018,84.564,132141860020,3,Thursday,,
2016-05-27,00:00:00,84.563,84.767,83.897,84.625,123032540100,4,Friday,,
2016-05-30,00:00:00,84.736,85.303,84.628,85.138,101737029950,0,Monday,0.111,0.13117
2016-05-31,00:00:00,85.137,85.512,84.145,84.528,133306660080,1,Tuesday,,
2016-06-01,00:00:00,84.528,84.854,83.292,83.743,139335409990,2,Wednesday,,
2016-06-02,00:00:00,83.742,83.783,82.667,83.122,142739709940,3,Thursday,,
2016-06-03,00:00:00,83.118,83.369,82.236,82.295,145440420170,4,Friday,,
2016-06-06,00:00:00,82.282,84.058,82.1,83.895,135282859960,0,Monday,-0.013,-0.0158
2016-06-07,00:00:00,83.899,84.435,83.642,84.274,127225399980,1,Tuesday,,
2016-06-08,00:00:00,84.278,84.567,83.744,84.272,122975319880,2,Wednesday,,
2016-06-09,00:00:00,84.277,84.347,83.435,84.174,129715419910,3,Thursday,,
2016-06-10,00:00:00,84.174,84.421,83.39,83.647,129299850030,4,Friday,,
2016-06-13,00:00:00,83.472,83.594,82.614,82.749,151104580060,0,Monday,-0.175,-0.20921
2016-06-14,00:00:00,82.749,82.952,82.145,82.42,151528439990,1,Tuesday,,
2016-06-15,00:00:00,82.418,82.872,81.779,82.092,142690449910,2,Wednesday,,
2016-06-16,00:00:00,82.093,82.138,79.31,80.385,182481489990,3,Thursday,,
2016-06-17,00:00:00,80.387,81.266,80.379,80.704,147778850200,4,Friday,,
2016-06-20,00:00:00,81.467,81.811,81.012,81.148,141610600100,0,Monday,0.763,0.94543
2016-06-21,00:00:00,81.147,82.049,80.908,81.706,142685169750,1,Tuesday,,
2016-06-22,00:00:00,81.722,82.077,81.251,81.257,141637980090,2,Wednesday,,
2016-06-23,00:00:00,81.257,83.472,81.198,83.12,178498420120,3,Thursday,,
2016-06-24,00:00:00,83.018,83.813,76.095,78.577,239789550280,4,Friday,,
2016-06-27,00:00:00,77.777,78.648,77.466,78.0,202686239960,0,Monday,-0.8,-1.01811
2016-06-28,00:00:00,77.987,78.932,77.719,78.867,163120349980,1,Tuesday,,
2016-06-29,00:00:00,78.869,79.486,78.359,79.462,137376099950,2,Wednesday,,
2016-06-30,00:00:00,79.466,79.952,78.803,79.83,170747839680,3,Thursday,,
2016-07-01,00:00:00,79.797,79.868,79.133,79.299,139283040080,4,Friday,,
2016-07-04,00:00:00,79.412,79.949,79.31,79.79,105078000040,0,Monday,0.113,0.1425
2016-07-05,00:00:00,79.791,79.814,78.096,78.352,143690529970,1,Tuesday,,
2016-07-06,00:00:00,78.362,78.369,77.032,78.152,192201919940,2,Wednesday,,
2016-07-07,00:00:00,78.15,78.445,77.302,77.468,153061109900,3,Thursday,,
2016-07-08,00:00:00,77.471,77.684,76.767,77.042,167444629960,4,Friday,,
2016-07-11,00:00:00,77.094,78.614,76.986,78.347,185278820230,0,Monday,0.052,0.0675
2016-07-12,00:00:00,78.345,80.821,78.076,80.24,187916910220,1,Tuesday,,
2016-07-13,00:00:00,80.24,80.737,79.445,80.482,199759090230,2,Wednesday,,
2016-07-14,00:00:00,80.482,82.008,80.131,81.702,203729470230,3,Thursday,,
2016-07-15,00:00:00,81.698,82.518,80.717,80.767,198307680270,4,Friday,,
2016-07-18,00:00:00,81.317,82.146,80.923,81.993,151737069920,0,Monday,0.55,0.68097
2016-07-19,00:00:00,81.991,82.092,81.215,81.494,161644839900,1,Tuesday,,
2016-07-20,00:00:00,81.487,82.002,81.178,81.853,299796990330,2,Wednesday,,
2016-07-21,00:00:00,81.853,82.281,80.653,80.842,528288049990,3,Thursday,,
2016-07-22,00:00:00,80.842,81.318,80.41,80.772,451988209870,4,Friday,,
2016-07-25,00:00:00,80.789,81.216,79.968,80.051,394171959640,0,Monday,0.017,0.02105
2016-07-26,00:00:00,80.032,80.122,78.656,79.317,491925490290,1,Tuesday,,
2016-07-27,00:00:00,79.312,80.772,79.312,79.897,537787830200,2,Wednesday,,
2016-07-28,00:00:00,79.897,80.149,79.432,79.992,434284699920,3,Thursday,,
2016-07-29,00:00:00,79.992,80.257,78.122,78.264,517897559720,4,Friday,,
2016-08-01,00:00:00,78.407,78.782,77.943,78.004,346751279880,0,Monday,0.143,0.18271
2016-08-02,00:00:00,77.998,78.27,76.777,76.949,499276759620,1,Tuesday,,
2016-08-03,00:00:00,76.949,77.667,76.762,77.468,423309140340,2,Wednesday,,
2016-08-04,00:00:00,77.468,77.817,77.304,77.732,360571590000,3,Thursday,,
2016-08-05,00:00:00,77.732,77.86,76.982,77.273,350035519470,4,Friday,,
2016-08-08,00:00:00,77.367,78.131,77.245,77.878,285193889800,0,Monday,0.094,0.12165
2016-08-09,00:00:00,77.865,77.887,77.452,77.648,275803940290,1,Tuesday,,
2016-08-10,00:00:00,77.644,77.862,77.397,77.549,331491569990,2,Wednesday,,
2016-08-11,00:00:00,77.539,78.733,77.376,78.439,273454939940,3,Thursday,,
2016-08-12,00:00:00,78.436,78.785,77.903,78.178,293441919610,4,Friday,,
2016-08-15,00:00:00,78.042,78.427,77.959,78.347,250773319620,0,Monday,-0.136,-0.17396
2016-08-16,00:00:00,78.34,78.358,77.612,77.975,320076710510,1,Tuesday,,
2016-08-17,00:00:00,77.977,78.527,77.745,78.046,331399929670,2,Wednesday,,
2016-08-18,00:00:00,78.044,78.492,77.58,78.141,334019100060,3,Thursday,,
2016-08-19,00:00:00,78.141,78.512,77.609,77.799,296840119990,4,Friday,,
2016-08-22,00:00:00,78.067,78.193,77.336,77.486,392588529840,0,Monday,0.268,0.34448
2016-08-23,00:00:00,77.485,77.89,77.372,77.618,360807680050,1,Tuesday,,
2016-08-24,00:00:00,77.609,77.835,77.419,77.7,363151929830,2,Wednesday,,
2016-08-25,00:00:00,77.7,77.854,77.647,77.782,287612339750,3,Thursday,,
2016-08-26,00:00:00,77.779,78.411,77.742,78.262,409633509700,4,Friday,,
2016-08-29,00:00:00,78.522,78.72,78.218,78.323,372152629990,0,Monday,0.26,0.33222
2016-08-30,00:00:00,78.323,78.872,78.197,78.584,382669969950,1,Tuesday,,
2016-08-31,00:00:00,78.583,78.939,78.577,78.916,394712030750,2,Wednesday,,
2016-09-01,00:00:00,78.916,79.207,78.603,78.783,433784959760,3,Thursday,,
2016-09-02,00:00:00,78.782,80.151,78.762,79.955,448773639980,4,Friday,,
2016-09-05,00:00:00,80.033,80.149,79.693,79.977,287005369920,0,Monday,0.078,0.09755
2016-09-06,00:00:00,79.967,80.308,79.347,79.417,390738660060,1,Tuesday,,
2016-09-07,00:00:00,79.417,79.477,78.646,78.959,389083270190,2,Wednesday,,
2016-09-08,00:00:00,78.96,79.392,78.591,79.221,398378459970,3,Thursday,,
2016-09-09,00:00:00,79.221,79.492,78.649,78.657,422722890130,4,Friday,,
2016-09-12,00:00:00,78.54,78.686,77.626,78.084,499866010220,0,Monday,-0.117,-0.14875
2016-09-13,00:00:00,78.097,78.208,77.514,77.817,524901889490,1,Tuesday,,
2016-09-14,00:00:00,77.817,78.635,77.474,77.609,447813979550,2,Wednesday,,
2016-09-15,00:00:00,77.609,77.978,77.167,77.567,489401410040,3,Thursday,,
2016-09-16,00:00:00,77.562,77.681,77.028,77.377,403138169990,4,Friday,,
2016-09-19,00:00:00,77.189,77.656,76.978,77.192,322918029550,0,Monday,-0.188,-0.24297
2016-09-20,00:00:00,77.182,77.3,76.78,77.099,389741720350,1,Tuesday,,
2016-09-21,00:00:00,77.093,77.881,76.153,76.572,560428490150,2,Wednesday,,
2016-09-22,00:00:00,76.575,77.521,76.539,77.246,431986669970,3,Thursday,,
2016-09-23,00:00:00,77.245,77.488,76.636,76.643,472373699950,4,Friday,,
2016-09-26,00:00:00,76.692,76.783,75.701,75.836,472798560270,0,Monday,0.049,0.06393
2016-09-27,00:00:00,75.833,76.686,75.407,76.097,570352630050,1,Tuesday,,
2016-09-28,00:00:00,76.101,76.996,75.861,76.969,574636340510,2,Wednesday,,
2016-09-29,00:00:00,76.964,77.84,76.491,76.832,640377210120,3,Thursday,,
2016-09-30,00:00:00,76.832,77.419,76.364,77.202,579566889260,4,Friday,,
2016-10-03,00:00:00,77.088,77.582,77.058,77.469,415306509990,0,Monday,-0.114,-0.14766
2016-10-04,00:00:00,77.467,78.179,77.41,77.99,595025750220,1,Tuesday,,
2016-10-05,00:00:00,77.992,78.744,77.824,78.547,471974599880,2,Wednesday,,
2016-10-06,00:00:00,78.545,78.878,78.372,78.623,485856110250,3,Thursday,,
2016-10-07,00:00:00,78.623,78.703,77.354,77.354,554083770150,4,Friday,,
2016-10-10,00:00:00,77.938,78.95,77.558,78.632,259443940060,0,Monday,0.584,0.75497
2016-10-11,00:00:00,78.632,78.926,77.755,78.019,522799759770,1,Tuesday,,
2016-10-12,00:00:00,78.019,78.899,78.012,78.485,490424929620,2,Wednesday,,
2016-10-13,00:00:00,78.477,78.742,77.959,78.589,498708250980,3,Thursday,,
2016-10-14,00:00:00,78.585,79.435,78.497,79.187,467281729520,4,Friday,,
2016-10-17,00:00:00,79.36,79.419,78.917,79.125,374495070120,0,Monday,0.173,0.21847
2016-10-18,00:00:00,79.125,79.657,79.049,79.228,342089209800,1,Tuesday,,
2016-10-19,00:00:00,79.228,79.413,78.615,78.867,312251390130,2,Wednesday,,
2016-10-20,00:00:00,78.865,78.948,78.437,78.567,377304290030,3,Thursday,,
2016-10-21,00:00:00,78.566,78.747,77.601,77.826,346380280530,4,Friday,,
2016-10-24,00:00:00,77.882,78.418,77.772,78.402,215417410140,0,Monday,0.056,0.07196
2016-10-25,00:00:00,78.403,78.648,77.981,78.058,143514850130,1,Tuesday,,
2016-10-26,00:00:00,78.057,78.392,77.843,78.073,141630970130,2,Wednesday,,
2016-10-27,00:00:00,78.068,78.723,77.886,78.645,144009260070,3,Thursday,,
2016-10-28,00:00:00,78.648,78.963,77.876,78.145,173259700010,4,Friday,,
2016-10-30,00:00:00,77.728,77.997,77.728,77.953,1233180000,6,Sunday,,
2016-10-31,00:00:00,77.95,78.533,77.95,78.099,142783320060,0,Monday,-0.003,-0.00385
2016-11-01,00:00:00,78.106,78.543,77.529,77.728,181351680130,1,Tuesday,,
2016-11-02,00:00:00,77.729,77.797,76.907,77.181,181425870090,2,Wednesday,,
2016-11-03,00:00:00,77.183,77.236,76.631,76.85,165105200100,3,Thursday,,
2016-11-04,00:00:00,76.846,77.086,76.531,76.912,163315320090,4,Friday,,
2016-11-07,00:00:00,77.882,78.262,77.577,78.153,155008739840,0,Monday,0.97,1.26118
2016-11-08,00:00:00,78.157,79.146,77.899,79.122,155848920070,1,Tuesday,,
2016-11-09,00:00:00,79.122,79.463,74.816,78.71,389537710190,2,Wednesday,,
2016-11-10,00:00:00,78.698,79.599,78.292,79.287,284587929810,3,Thursday,,
2016-11-11,00:00:00,79.282,79.411,78.462,78.643,248619230210,4,Friday,,
2016-11-14,00:00:00,79.128,80.046,78.924,79.949,237695070120,0,Monday,0.485,0.61671
2016-11-15,00:00:00,79.947,81.246,79.665,81.181,209552659800,1,Tuesday,,
2016-11-16,00:00:00,81.177,81.632,80.967,81.112,183750249890,2,Wednesday,,
2016-11-17,00:00:00,81.107,81.685,80.809,81.432,193966370450,3,Thursday,,
2016-11-18,00:00:00,81.415,82.131,81.233,82.059,208438090120,4,Friday,,
2016-11-21,00:00:00,82.137,82.877,82.034,82.539,205223509670,0,Monday,0.078,0.09505
2016-11-22,00:00:00,82.54,82.974,82.258,82.679,186583760220,1,Tuesday,,
2016-11-23,00:00:00,82.669,83.744,82.522,83.391,165765060090,2,Wednesday,,
2016-11-24,00:00:00,83.387,84.085,83.201,83.95,136636850120,3,Thursday,,
2016-11-25,00:00:00,83.95,84.364,83.409,83.61,187472059880,4,Friday,,
2016-11-28,00:00:00,83.467,84.058,82.714,83.442,229713969800,0,Monday,-0.143,-0.17103
2016-11-29,00:00:00,83.438,84.24,83.257,83.66,208207300060,1,Tuesday,,
2016-11-30,00:00:00,83.657,85.246,83.462,85.161,236938900090,2,Wednesday,,
2016-12-01,00:00:00,85.152,86.021,85.022,85.653,211022520100,3,Thursday,,
2016-12-02,00:00:00,85.637,85.829,85.302,85.346,184420300210,4,Friday,,
2016-12-05,00:00:00,85.182,86.457,84.589,85.761,208696360270,0,Monday,-0.164,-0.19216
2016-12-06,00:00:00,85.763,86.114,85.533,85.857,150148250090,1,Tuesday,,
2016-12-07,00:00:00,85.855,86.138,85.605,85.944,147092770160,2,Wednesday,,
2016-12-08,00:00:00,85.943,86.529,85.622,86.433,167118610130,3,Thursday,,
2016-12-09,00:00:00,86.424,87.591,86.362,87.442,162231399900,4,Friday,,
2016-12-12,00:00:00,87.762,88.475,87.425,87.597,182040039860,0,Monday,0.32,0.36596
2016-12-13,00:00:00,87.597,88.003,87.387,87.705,166383550250,1,Tuesday,,
2016-12-14,00:00:00,87.696,88.357,87.426,88.108,192846339940,2,Wednesday,,
2016-12-15,00:00:00,88.097,88.919,88.05,88.608,258138400280,3,Thursday,,
2016-12-16,00:00:00,88.609,88.78,88.031,88.377,202430210050,4,Friday,,
2016-12-19,00:00:00,88.387,88.451,86.962,87.332,174988010190,0,Monday,0.01,0.01132
2016-12-20,00:00:00,87.323,88.273,87.272,88.143,158735400210,1,Tuesday,,
2016-12-21,00:00:00,88.143,88.241,87.571,87.637,144294890220,2,Wednesday,,
2016-12-22,00:00:00,87.633,87.665,86.892,87.158,119979659930,3,Thursday,,
2016-12-23,00:00:00,87.157,87.207,86.456,86.573,83138100080,4,Friday,,
2016-12-26,00:00:00,86.679,86.825,86.452,86.616,75833010120,0,Monday,0.106,0.12244
2016-12-27,00:00:00,86.612,86.864,86.477,86.492,88568149990,1,Tuesday,,
2016-12-28,00:00:00,86.475,86.81,86.386,86.447,121251090150,2,Wednesday,,
2016-12-29,00:00:00,86.44,86.473,85.963,86.311,140165299980,3,Thursday,,
2016-12-30,00:00:00,86.311,87.117,86.09,86.988,189253769940,4,Friday,,
2017-01-02,00:00:00,86.921,87.68,86.776,87.373,104440779920,0,Monday,-0.067,-0.07702
2017-01-03,00:00:00,87.387,88.244,87.144,87.684,159034740250,1,Tuesday,,
2017-01-04,00:00:00,87.668,88.43,87.58,88.127,196646010020,2,Wednesday,,
2017-01-05,00:00:00,88.127,88.223,87.125,87.222,227235820170,3,Thursday,,
2017-01-06,00:00:00,87.207,88.526,87.006,88.318,190221970060,4,Friday,,
2017-01-09,00:00:00,88.294,88.653,87.69,87.772,175178319990,0,Monday,-0.024,-0.02717
2017-01-10,00:00:00,87.772,87.872,87.235,87.484,195799790230,1,Tuesday,,
2017-01-11,00:00:00,87.473,88.203,86.989,87.56,243351119940,2,Wednesday,,
2017-01-12,00:00:00,87.557,87.63,86.583,87.258,228577319930,3,Thursday,,
2017-01-13,00:00:00,87.257,87.748,87.012,87.222,220065350240,4,Friday,,
2017-01-16,00:00:00,87.002,87.151,86.527,86.653,161813090110,0,Monday,-0.22,-0.25223
2017-01-17,00:00:00,86.652,86.958,86.247,86.338,233605190150,1,Tuesday,,
2017-01-18,00:00:00,86.327,86.841,85.683,86.384,217945650320,2,Wednesday,,
2017-01-19,00:00:00,86.384,86.771,86.117,86.237,226568300000,3,Thursday,,
2017-01-20,00:00:00,86.227,86.388,85.813,85.984,228925069750,4,Friday,,
2017-01-23,00:00:00,85.697,85.838,84.802,85.133,209218190230,0,Monday,-0.287,-0.33378
2017-01-24,00:00:00,85.122,86.61,85.003,86.462,200400380440,1,Tuesday,,
2017-01-25,00:00:00,86.472,87.102,86.311,86.655,194519279940,2,Wednesday,,
2017-01-26,00:00:00,86.632,87.595,86.573,87.477,196449279870,3,Thursday,,
2017-01-27,00:00:00,87.477,87.969,87.383,87.48,177855329950,4,Friday,,
2017-01-30,00:00:00,87.332,87.506,86.562,86.729,186118960150,0,Monday,-0.148,-0.16918
2017-01-31,00:00:00,86.72,86.949,86.118,86.557,224346830010,1,Tuesday,,
2017-02-01,00:00:00,86.558,87.126,86.34,86.77,220951119870,2,Wednesday,,
2017-02-02,00:00:00,86.77,86.918,86.203,86.583,196155530380,3,Thursday,,
2017-02-03,00:00:00,86.572,86.903,86.352,86.418,196609849810,4,Friday,,
2017-02-06,00:00:00,86.282,86.567,85.168,85.397,186756070140,0,Monday,-0.136,-0.15737
2017-02-07,00:00:00,85.392,85.521,84.899,85.222,184398240070,1,Tuesday,,
2017-02-08,00:00:00,85.222,85.409,84.86,85.148,183668850100,2,Wednesday,,
2017-02-09,00:00:00,85.147,86.281,85.004,86.15,170117870120,3,Thursday,,
2017-02-10,00:00:00,86.15,86.937,86.107,86.513,186653359630,4,Friday,,
2017-02-13,00:00:00,86.695,87.16,86.672,87.001,162681539990,0,Monday,0.182,0.21037
2017-02-14,00:00:00,86.992,87.521,86.791,87.379,170078869950,1,Tuesday,,
2017-02-15,00:00:00,87.379,87.732,87.101,87.278,174829339750,2,Wednesday,,
2017-02-16,00:00:00,87.278,87.435,86.512,86.632,179891779800,3,Thursday,,
2017-02-17,00:00:00,86.627,86.869,85.91,86.157,164343160020,4,Friday,,
2017-02-20,00:00:00,86.1,86.537,86.093,86.271,109737070170,0,Monday,-0.057,-0.06616
2017-02-21,00:00:00,86.271,86.576,86.218,86.497,145933160040,1,Tuesday,,
2017-02-22,00:00:00,86.493,86.608,85.478,86.064,164199079630,2,Wednesday,,
2017-02-23,00:00:00,86.064,86.261,85.862,85.917,148291439980,3,Thursday,,
2017-02-24,00:00:00,85.917,86.177,85.422,85.598,151029660130,4,Friday,,
2017-02-27,00:00:00,85.561,85.795,85.35,85.497,161572690370,0,Monday,-0.037,-0.04323
2017-02-28,00:00:00,85.501,85.547,84.186,84.782,180351640250,1,Tuesday,,
2017-03-01,00:00:00,84.783,85.663,84.752,85.337,219062210060,2,Wednesday,,
2017-03-02,00:00:00,85.337,85.65,85.26,85.429,173474340150,3,Thursday,,
2017-03-03,00:00:00,85.427,85.465,85.09,85.213,172953440130,4,Friday,,
2017-03-06,00:00:00,85.109,85.29,84.805,84.914,149619050220,0,Monday,-0.104,-0.12205
2017-03-07,00:00:00,84.902,85.134,84.883,84.972,140235590040,1,Tuesday,,
2017-03-08,00:00:00,84.969,85.218,84.688,84.737,168979710210,2,Wednesday,,
2017-03-09,00:00:00,84.725,85.133,84.65,85.068,195838050100,3,Thursday,,
2017-03-10,00:00:00,85.068,85.902,85.038,85.171,168807360030,4,Friday,,
2017-03-12,00:00:00,85.212,85.289,85.177,85.28,1674340000,6,Sunday,,
2017-03-13,00:00:00,85.283,85.453,85.121,85.4,146856230040,0,Monday,0.003,0.00352
2017-03-14,00:00:00,85.401,85.573,84.898,85.092,151122080050,1,Tuesday,,
2017-03-15,00:00:00,85.087,85.407,84.767,85.3,163720799920,2,Wednesday,,
2017-03-16,00:00:00,85.303,85.377,84.786,85.094,167405220070,3,Thursday,,
2017-03-17,00:00:00,85.091,85.208,84.156,84.383,130394670110,4,Friday,,
2017-03-19,00:00:00,84.389,84.439,84.317,84.402,1803250000,6,Sunday,,
2017-03-20,00:00:00,84.417,84.625,84.217,84.233,116359630120,0,Monday,0.015,0.01777
2017-03-21,00:00:00,84.23,84.792,83.559,83.703,171908639660,1,Tuesday,,
2017-03-22,00:00:00,83.701,83.715,82.644,83.443,189985460000,2,Wednesday,,
2017-03-23,00:00:00,83.443,83.715,82.928,83.105,181846669680,3,Thursday,,
2017-03-24,00:00:00,83.105,83.41,82.69,83.194,166825660080,4,Friday,,
2017-03-27,00:00:00,82.937,83.152,82.243,82.725,157618400060,0,Monday,-0.257,-0.30892
2017-03-28,00:00:00,82.725,83.123,82.304,83.044,142632280010,1,Tuesday,,
2017-03-29,00:00:00,83.047,83.35,82.753,83.315,146170030280,2,Wednesday,,
2017-03-30,00:00:00,83.307,83.929,83.202,83.861,152563879970,3,Thursday,,
2017-03-31,00:00:00,83.866,84.204,83.511,83.589,155374340030,4,Friday,,
2017-04-03,00:00:00,83.628,83.751,82.763,82.874,142032009980,0,Monday,0.039,0.04666
2017-04-04,00:00:00,82.867,82.904,82.013,82.622,146318189970,1,Tuesday,,
2017-04-05,00:00:00,82.613,83.182,82.345,82.398,159124829910,2,Wednesday,,
2017-04-06,00:00:00,82.386,82.879,82.083,82.602,154296189910,3,Thursday,,
2017-04-07,00:00:00,82.602,83.058,82.104,82.811,180524690160,4,Friday,,
2017-04-10,00:00:00,82.797,83.375,82.782,83.242,125379230100,0,Monday,-0.014,-0.01691
2017-04-11,00:00:00,83.242,83.242,82.122,82.257,146691069990,1,Tuesday,,
2017-04-12,00:00:00,82.257,82.693,82.014,82.248,162552210190,2,Wednesday,,
2017-04-13,00:00:00,82.247,82.63,81.783,81.832,153008150130,3,Thursday,,
2017-04-14,00:00:00,81.832,81.969,81.448,81.45,76249380040,4,Friday,,
2017-04-17,00:00:00,81.595,81.89,81.263,81.769,108475889910,0,Monday,0.145,0.17802
2017-04-18,00:00:00,81.769,81.954,80.923,81.021,164009320150,1,Tuesday,,
2017-04-19,00:00:00,81.009,81.232,80.58,80.722,140714740280,2,Wednesday,,
2017-04-20,00:00:00,80.712,81.236,80.687,81.152,142772459960,3,Thursday,,
2017-04-21,00:00:00,81.155,81.246,80.569,80.762,138333310040,4,Friday,,
2017-04-24,00:00:00,82.034,82.211,81.164,81.293,153531120120,0,Monday,1.272,1.575
2017-04-25,00:00:00,81.293,81.942,80.863,81.829,150478800060,1,Tuesday,,
2017-04-26,00:00:00,81.818,82.393,81.41,81.55,167031749900,2,Wednesday,,
2017-04-27,00:00:00,81.547,82.207,81.28,81.6,150188249860,3,Thursday,,
2017-04-28,00:00:00,81.598,81.872,81.36,81.631,146754529940,4,Friday,,
2017-05-01,00:00:00,81.397,81.953,81.397,81.746,101629249950,0,Monday,-0.234,-0.28666
2017-05-02,00:00:00,81.729,82.246,81.49,81.696,127238170060,1,Tuesday,,
2017-05-03,00:00:00,81.687,82.231,81.593,82.114,120227029930,2,Wednesday,,
2017-05-04,00:00:00,82.104,82.46,81.557,81.789,145598889950,3,Thursday,,
2017-05-05,00:00:00,81.788,82.677,81.308,82.477,150617640070,4,Friday,,
2017-05-08,00:00:00,82.688,82.747,82.08,82.716,147311319980,0,Monday,0.211,0.25583
2017-05-09,00:00:00,82.712,83.315,82.617,83.064,145147909960,1,Tuesday,,
2017-05-10,00:00:00,83.057,83.739,82.899,83.674,149952850000,2,Wednesday,,
2017-05-11,00:00:00,83.665,83.698,82.582,83.128,147013839910,3,Thursday,,
2017-05-12,00:00:00,83.122,83.142,82.472,82.657,138208680160,4,Friday,,
2017-05-15,00:00:00,82.562,83.465,82.536,83.459,135240830090,0,Monday,-0.095,-0.11493
2017-05-16,00:00:00,83.452,83.524,83.007,83.131,136824399950,1,Tuesday,,
2017-05-17,00:00:00,83.128,83.139,81.328,81.442,191929029790,2,Wednesday,,
2017-05-18,00:00:00,81.442,81.977,80.652,81.951,229789470160,3,Thursday,,
2017-05-19,00:00:00,81.953,82.45,81.672,82.31,156008039990,4,Friday,,
2017-05-22,00:00:00,82.041,82.568,82.041,82.424,122634549970,0,Monday,-0.269,-0.32681
2017-05-23,00:00:00,82.421,82.839,82.163,82.704,149367189920,1,Tuesday,,
2017-05-24,00:00:00,82.703,83.408,82.577,83.154,153738830390,2,Wednesday,,
2017-05-25,00:00:00,83.151,83.485,82.854,82.93,139541649670,3,Thursday,,
2017-05-26,00:00:00,82.929,82.956,82.377,82.747,131706849720,4,Friday,,
2017-05-29,00:00:00,82.667,82.878,82.628,82.684,86109590060,0,Monday,-0.08,-0.09668
2017-05-30,00:00:00,82.684,82.708,82.194,82.357,122724740040,1,Tuesday,,
2017-05-31,00:00:00,82.356,82.621,81.758,82.047,138298490050,2,Wednesday,,
2017-06-01,00:00:00,82.046,82.604,82.002,82.397,129922569910,3,Thursday,,
2017-06-02,00:00:00,82.407,82.696,81.621,81.795,128503559850,4,Friday,,
2017-06-05,00:00:00,81.758,82.122,81.73,81.983,101614630070,0,Monday,-0.037,-0.04524
2017-06-06,00:00:00,81.98,82.014,81.08,81.311,129604629880,1,Tuesday,,
2017-06-07,00:00:00,81.311,81.588,80.868,81.288,126771530160,2,Wednesday,,
2017-06-08,00:00:00,81.282,81.778,80.968,81.411,128794040050,3,Thursday,,
2017-06-09,00:00:00,81.403,82.444,81.058,81.904,144328270000,4,Friday,,
2017-06-12,00:00:00,81.927,82.521,81.409,82.506,119775589870,0,Monday,0.023,0.02808
2017-06-13,00:00:00,82.503,83.308,82.372,83.107,111738969970,1,Tuesday,,
2017-06-14,00:00:00,83.107,83.628,82.387,82.71,163815879910,2,Wednesday,,
2017-06-15,00:00:00,82.705,83.638,82.516,83.596,152582479950,3,Thursday,,
2017-06-16,00:00:00,83.582,84.24,83.489,83.882,130611250160,4,Friday,,
2017-06-19,00:00:00,83.887,84.434,83.784,84.361,114022649850,0,Monday,0.005,0.00596
2017-06-20,00:00:00,84.361,84.549,83.833,83.986,127365500040,1,Tuesday,,
2017-06-21,00:00:00,83.983,84.099,83.417,83.526,133860170050,2,Wednesday,,
2017-06-22,00:00:00,83.526,84.324,83.203,84.131,133131840070,3,Thursday,,
2017-06-23,00:00:00,84.131,84.244,83.6,83.847,104221970110,4,Friday,,
2017-06-26,00:00:00,83.788,84.486,83.657,84.422,104332550110,0,Monday,-0.059,-0.07037
2017-06-27,00:00:00,84.427,85.343,84.22,85.116,137907769990,1,Tuesday,,
2017-06-28,00:00:00,85.103,86.331,85.011,86.115,169835210130,2,Wednesday,,
2017-06-29,00:00:00,86.107,86.726,85.851,86.241,160561940050,3,Thursday,,
2017-06-30,00:00:00,86.241,86.865,86.072,86.645,159218710080,4,Friday,,
2017-07-03,00:00:00,86.397,87.256,86.382,87.154,129897110010,0,Monday,-0.248,-0.28623
2017-07-04,00:00:00,87.154,87.648,86.786,87.553,132478239910,1,Tuesday,,
2017-07-05,00:00:00,87.551,87.763,86.931,87.412,150667960030,2,Wednesday,,
2017-07-06,00:00:00,87.398,87.687,87.025,87.237,144353670060,3,Thursday,,
2017-07-07,00:00:00,87.234,88.707,87.137,88.437,165969620340,4,Friday,,
2017-07-10,00:00:00,88.339,88.719,88.233,88.453,129775140080,0,Monday,-0.098,-0.11081
2017-07-11,00:00:00,88.45,88.835,88.016,88.211,144051520110,1,Tuesday,,
2017-07-12,00:00:00,88.212,89.326,87.414,88.743,161690020060,2,Wednesday,,
2017-07-13,00:00:00,88.739,89.097,88.585,89.039,164521289920,3,Thursday,,
2017-07-14,00:00:00,89.025,89.191,88.238,88.972,141362469900,4,Friday,,
2017-07-17,00:00:00,88.887,89.253,88.684,88.696,126906000090,0,Monday,-0.085,-0.09554
2017-07-18,00:00:00,88.695,89.041,88.284,88.727,157116710270,1,Tuesday,,
2017-07-19,00:00:00,88.722,88.897,88.515,88.807,129334909970,2,Wednesday,,
2017-07-20,00:00:00,88.807,89.224,88.487,88.881,180984500110,3,Thursday,,
2017-07-21,00:00:00,88.882,89.013,88.442,88.597,144668100150,4,Friday,,
2017-07-24,00:00:00,88.552,88.921,88.168,88.795,132664039890,0,Monday,-0.045,-0.05079
2017-07-25,00:00:00,88.796,89.524,88.65,89.433,147368300220,1,Tuesday,,
2017-07-26,00:00:00,89.431,89.724,89.119,89.322,173210210230,2,Wednesday,,
2017-07-27,00:00:00,89.31,89.577,88.338,88.582,185030180000,3,Thursday,,
2017-07-28,00:00:00,88.574,89.383,88.33,88.987,168598870200,4,Friday,,
2017-07-31,00:00:00,88.854,88.988,88.163,88.34,154820230310,0,Monday,-0.133,-0.14946
2017-08-01,00:00:00,88.332,88.647,87.869,88.014,174161579940,1,Tuesday,,
2017-08-02,00:00:00,88.01,88.302,87.714,88.072,166215040260,2,Wednesday,,
2017-08-03,00:00:00,88.061,88.154,87.354,87.41,159745560030,3,Thursday,,
2017-08-04,00:00:00,87.407,88.022,87.352,87.447,145490420090,4,Friday,,
2017-08-07,00:00:00,87.447,87.711,87.191,87.324,105528109990,0,Monday,0.0,0.0
2017-08-08,00:00:00,87.311,87.498,86.886,87.082,116206860070,1,Tuesday,,
2017-08-09,00:00:00,87.082,87.134,86.337,86.663,151907230110,2,Wednesday,,
2017-08-10,00:00:00,86.648,86.768,85.67,85.686,144133550090,3,Thursday,,
2017-08-11,00:00:00,85.666,86.268,85.467,86.077,150368130080,4,Friday,,
2017-08-14,00:00:00,86.105,86.481,86.017,86.159,133405020100,0,Monday,0.028,0.03253
2017-08-15,00:00:00,86.159,86.868,86.132,86.741,149213609960,1,Tuesday,,
2017-08-16,00:00:00,86.727,87.347,86.667,87.313,138640400290,2,Wednesday,,
2017-08-17,00:00:00,87.315,87.384,86.355,86.392,163289429920,3,Thursday,,
2017-08-18,00:00:00,86.387,87.266,86.054,86.748,169373310140,4,Friday,,
2017-08-21,00:00:00,86.887,86.953,86.326,86.768,133376209860,0,Monday,0.139,0.16023
2017-08-22,00:00:00,86.763,87.37,86.662,87.171,121192930160,1,Tuesday,,
2017-08-23,00:00:00,87.173,87.354,86.565,86.855,143812830160,2,Wednesday,,
2017-08-24,00:00:00,86.854,87.553,86.738,87.5,132389010170,3,Thursday,,
2017-08-25,00:00:00,87.499,87.753,87.323,87.573,138759520190,4,Friday,,
2017-08-28,00:00:00,87.477,87.86,87.27,87.339,107895959940,0,Monday,-0.096,-0.10962
2017-08-29,00:00:00,87.339,87.729,86.441,87.667,183619399890,1,Tuesday,,
2017-08-30,00:00:00,87.667,87.939,87.193,87.34,144304170070,2,Wednesday,,
2017-08-31,00:00:00,87.339,88.155,87.284,88.098,151761240050,3,Thursday,,
2017-09-01,00:00:00,88.092,89.079,88.02,88.898,137133919940,4,Friday,,
2017-09-04,00:00:00,88.107,88.783,88.097,88.342,94407809950,0,Monday,-0.791,-0.88978
2017-09-05,00:00:00,88.342,88.469,87.696,87.919,147964450430,1,Tuesday,,
2017-09-06,00:00:00,87.919,89.788,87.549,89.309,145070760110,2,Wednesday,,
2017-09-07,00:00:00,89.312,89.644,88.998,89.504,151993229950,3,Thursday,,
2017-09-08,00:00:00,89.506,89.659,88.564,88.693,159966559940,4,Friday,,
2017-09-11,00:00:00,88.958,90.372,88.907,90.316,126560100010,0,Monday,0.265,0.29878
2017-09-12,00:00:00,90.301,90.664,90.208,90.395,135387679900,1,Tuesday,,
2017-09-13,00:00:00,90.373,90.819,90.356,90.756,128675110090,2,Wednesday,,
2017-09-14,00:00:00,90.748,91.008,90.398,90.603,150652930200,3,Thursday,,
2017-09-15,00:00:00,90.603,91.638,89.991,90.88,156871060090,4,Friday,,
2017-09-18,00:00:00,91.043,91.489,90.411,90.757,128964689920,0,Monday,0.163,0.17936
2017-09-19,00:00:00,90.757,91.061,90.48,90.769,153987860160,1,Tuesday,,
2017-09-20,00:00:00,90.769,91.34,90.637,91.041,179983519430,2,Wednesday,,
2017-09-21,00:00:00,91.035,91.278,90.77,91.224,169804179960,3,Thursday,,
2017-09-22,00:00:00,91.205,91.444,90.668,90.742,148141919970,4,Friday,,
2017-09-25,00:00:00,90.857,91.2,90.148,90.305,148428940010,0,Monday,0.115,0.12673
2017-09-26,00:00:00,90.295,90.988,90.069,90.87,153201370270,1,Tuesday,,
2017-09-27,00:00:00,90.863,91.465,90.323,90.439,166140429990,2,Wednesday,,
2017-09-28,00:00:00,90.423,90.57,90.185,90.374,166559340060,3,Thursday,,
2017-09-29,00:00:00,90.355,90.647,89.837,90.177,135582440060,4,Friday,,
2017-10-02,00:00:00,90.162,90.413,89.991,90.135,133821110120,0,Monday,-0.015,-0.01663
2017-10-03,00:00:00,90.126,90.474,90.021,90.366,128448990190,1,Tuesday,,
2017-10-04,00:00:00,90.365,90.464,90.144,90.379,121015760000,2,Wednesday,,
2017-10-05,00:00:00,90.371,90.451,89.615,89.785,111706850050,3,Thursday,,
2017-10-06,00:00:00,89.787,90.295,89.644,89.857,144046919910,4,Friday,,
2017-10-09,00:00:00,89.784,89.897,89.601,89.758,80756889990,0,Monday,-0.073,-0.08124
2017-10-10,00:00:00,89.755,90.028,89.633,89.837,120852820020,1,Tuesday,,
2017-10-11,00:00:00,89.832,90.3,89.588,90.268,116744260120,2,Wednesday,,
2017-10-12,00:00:00,90.271,90.347,89.922,90.004,119466829930,3,Thursday,,
2017-10-13,00:00:00,90.0,90.025,89.375,89.69,125472050070,4,Friday,,
2017-10-16,00:00:00,89.492,89.788,89.001,89.603,111904280020,0,Monday,-0.198,-0.22076
2017-10-17,00:00:00,89.606,89.701,89.204,89.585,121743139970,1,Tuesday,,
2017-10-18,00:00:00,89.562,90.633,89.558,90.58,126149899920,2,Wednesday,,
2017-10-19,00:00:00,90.578,90.775,90.03,90.128,159528260540,3,Thursday,,
2017-10-20,00:00:00,90.123,90.76,89.79,89.874,144215379990,4,Friday,,
2017-10-23,00:00:00,90.172,90.287,89.566,89.682,201562756420,0,Monday,0.298,0.33158
2017-10-24,00:00:00,89.677,90.128,89.571,89.84,130924280020,1,Tuesday,,
2017-10-25,00:00:00,89.85,90.087,88.592,88.888,160308759920,2,Wednesday,,
2017-10-26,00:00:00,88.883,89.009,88.534,88.712,142095329570,3,Thursday,,
2017-10-27,00:00:00,88.707,88.824,88.203,88.717,145488830110,4,Friday,,
2017-10-29,00:00:00,88.679,88.702,88.64,88.689,1344409990,6,Sunday,,
2017-10-30,00:00:00,88.689,88.717,88.053,88.201,109645910020,0,Monday,0.0,0.0
2017-10-31,00:00:00,88.201,88.279,87.784,88.146,118053849970,1,Tuesday,,
2017-11-01,00:00:00,88.149,88.778,88.099,88.726,128327800060,2,Wednesday,,
2017-11-02,00:00:00,88.725,89.099,88.59,89.034,128442929920,3,Thursday,,
2017-11-03,00:00:00,89.037,89.617,88.802,89.337,118813240190,4,Friday,,
2017-11-06,00:00:00,89.278,89.803,89.258,89.496,115744390090,0,Monday,-0.059,-0.06604
2017-11-07,00:00:00,89.487,89.729,88.975,89.223,116658260060,1,Tuesday,,
2017-11-08,00:00:00,89.222,89.512,89.032,89.448,106622740160,2,Wednesday,,
2017-11-09,00:00:00,89.445,89.61,89.079,89.449,136332819920,3,Thursday,,
2017-11-10,00:00:00,89.447,89.638,89.237,89.459,305620317970,4,Friday,,
2017-11-13,00:00:00,89.375,89.611,89.073,89.229,104979560030,0,Monday,-0.084,-0.0939
2017-11-14,00:00:00,89.218,89.366,88.775,89.105,119899769980,1,Tuesday,,
2017-11-15,00:00:00,89.092,89.101,88.05,88.424,142254700100,2,Wednesday,,
2017-11-16,00:00:00,88.424,88.798,88.292,88.613,114043510110,3,Thursday,,
2017-11-17,00:00:00,88.601,88.707,87.506,87.773,127503260170,4,Friday,,
2017-11-20,00:00:00,87.757,88.049,87.456,87.837,128247110110,0,Monday,-0.016,-0.01823
2017-11-21,00:00:00,87.833,88.165,87.644,87.982,115904880110,1,Tuesday,,
2017-11-22,00:00:00,87.977,88.011,87.478,87.582,122277920080,2,Wednesday,,
2017-11-23,00:00:00,87.582,87.761,87.374,87.446,87597620020,3,Thursday,,
2017-11-24,00:00:00,87.446,87.898,87.401,87.703,107593160030,4,Friday,,
2017-11-27,00:00:00,87.707,87.847,86.949,86.995,128422650020,0,Monday,0.004,0.00456
2017-11-28,00:00:00,86.993,87.237,86.756,86.966,130948330100,1,Tuesday,,
2017-11-29,00:00:00,86.962,87.224,86.789,86.985,139996780180,2,Wednesday,,
2017-11-30,00:00:00,86.985,87.343,86.805,87.258,139797630170,3,Thursday,,
2017-12-01,00:00:00,87.258,88.613,87.149,88.409,173085889940,4,Friday,,
2017-12-04,00:00:00,88.726,89.241,88.569,88.689,152072389940,0,Monday,0.317,0.35856
2017-12-05,00:00:00,88.678,89.226,88.614,88.699,127765449840,1,Tuesday,,
2017-12-06,00:00:00,88.698,88.751,87.667,87.797,142188979910,2,Wednesday,,
2017-12-07,00:00:00,87.788,88.069,87.502,87.979,122690910050,3,Thursday,,
2017-12-08,00:00:00,87.971,88.512,87.954,88.277,110507130190,4,Friday,,
2017-12-11,00:00:00,88.252,88.451,88.047,88.318,96286560070,0,Monday,-0.025,-0.02832
2017-12-12,00:00:00,88.323,88.526,87.984,88.239,104378350020,1,Tuesday,,
2017-12-13,00:00:00,88.228,88.261,87.677,87.785,130172680040,2,Wednesday,,
2017-12-14,00:00:00,87.777,88.191,87.523,87.827,138570380150,3,Thursday,,
2017-12-15,00:00:00,87.827,88.113,87.33,87.482,134427170060,4,Friday,,
2017-12-18,00:00:00,87.532,87.703,87.225,87.489,107559850130,0,Monday,0.05,0.05715
2017-12-19,00:00:00,87.48,87.781,87.421,87.67,116265100030,1,Tuesday,,
2017-12-20,00:00:00,87.657,88.436,87.616,88.344,107138659950,2,Wednesday,,
2017-12-21,00:00:00,88.325,89.33,88.256,88.94,105405319910,3,Thursday,,
2017-12-22,00:00:00,88.91,89.28,88.599,88.954,100573900140,4,Friday,,
2017-12-25,00:00:00,88.956,89.097,88.811,88.868,5979849990,0,Monday,0.002,0.00225
2017-12-26,00:00:00,88.944,89.254,88.943,89.241,55888960010,1,Tuesday,,
2017-12-27,00:00:00,89.222,89.727,89.18,89.551,96157880040,2,Wednesday,,
2017-12-28,00:00:00,89.528,89.867,89.378,89.792,80162110040,3,Thursday,,
2017-12-29,00:00:00,89.792,90.034,89.496,89.567,93236319970,4,Friday,,
2018-01-02,00:00:00,89.703,89.966,89.377,89.736,102462669960,1,Tuesday,,
2018-01-03,00:00:00,89.724,89.81,89.516,89.743,102569610090,2,Wednesday,,
2018-01-04,00:00:00,89.741,90.295,89.69,90.279,114705300130,3,Thursday,,
2018-01-05,00:00:00,90.277,91.576,90.222,91.037,112857230020,4,Friday,,
2018-01-08,00:00:00,91.122,91.369,90.8,91.031,94672810100,0,Monday,0.085,0.09337
2018-01-09,00:00:00,91.019,91.154,90.131,90.368,128039209880,1,Tuesday,,
2018-01-10,00:00:00,90.354,90.419,88.496,88.807,158359360340,2,Wednesday,,
2018-01-11,00:00:00,88.807,89.134,88.549,88.861,149511930050,3,Thursday,,
2018-01-12,00:00:00,88.861,89.159,88.638,89.091,142208540170,4,Friday,,
2018-01-15,00:00:00,89.086,89.326,88.821,88.91,148315950010,0,Monday,-0.005,-0.00561
2018-01-16,00:00:00,88.902,89.313,88.613,88.809,144223710000,1,Tuesday,,
2018-01-17,00:00:00,88.803,89.633,88.219,89.449,165020490220,2,Wednesday,,
2018-01-18,00:00:00,89.436,89.551,88.876,89.454,154125380080,3,Thursday,,
2018-01-19,00:00:00,89.441,89.544,88.509,88.658,142888060410,4,Friday,,
2018-01-22,00:00:00,88.588,89.207,88.554,89.13,129536660120,0,Monday,-0.07,-0.07896
2018-01-23,00:00:00,89.123,89.235,88.403,88.806,147730000110,1,Tuesday,,
2018-01-24,00:00:00,88.808,88.898,88.193,88.441,159037260360,2,Wednesday,,
2018-01-25,00:00:00,88.417,88.719,88.115,88.37,192922970000,3,Thursday,,
2018-01-26,00:00:00,88.353,88.865,87.884,88.166,185877799990,4,Friday,,
2018-01-29,00:00:00,88.229,88.502,87.988,88.285,164119290360,0,Monday,0.063,0.07146
2018-01-30,00:00:00,88.278,88.372,87.796,88.164,169477440230,1,Tuesday,,
2018-01-31,00:00:00,88.173,89.055,88.105,88.658,174816760230,2,Wednesday,,
2018-02-01,00:00:00,88.665,89.277,88.637,89.175,164939460220,3,Thursday,,
2018-02-02,00:00:00,89.158,89.436,88.592,88.602,200123450080,4,Friday,,
2018-02-05,00:00:00,88.593,88.651,86.962,86.962,216807139960,0,Monday,-0.009,-0.01016
2018-02-06,00:00:00,86.972,87.745,86.343,87.697,323851180110,1,Tuesday,,
2018-02-07,00:00:00,87.697,87.796,86.872,86.974,216334220230,2,Wednesday,,
2018-02-08,00:00:00,86.978,87.379,86.156,86.283,250714919780,3,Thursday,,
2018-02-09,00:00:00,86.266,86.77,85.555,86.451,285669820390,4,Friday,,
2018-02-12,00:00:00,86.42,86.571,85.993,86.375,172905959880,0,Monday,-0.031,-0.03586
2018-02-13,00:00:00,86.373,86.462,85.179,85.627,175462830100,1,Tuesday,,
2018-02-14,00:00:00,85.62,85.751,84.668,85.635,203398870120,2,Wednesday,,
2018-02-15,00:00:00,85.611,85.66,84.755,85.023,197199330230,3,Thursday,,
2018-02-16,00:00:00,85.02,85.166,84.483,84.621,176879950140,4,Friday,,
2018-02-19,00:00:00,84.612,84.977,84.55,84.834,127733930280,0,Monday,-0.009,-0.01064
2018-02-20,00:00:00,84.839,85.116,84.788,84.855,162304880140,1,Tuesday,,
2018-02-21,00:00:00,84.844,85.261,84.746,84.84,166087970220,2,Wednesday,,
2018-02-22,00:00:00,84.843,84.868,83.841,84.021,179329859870,3,Thursday,,
2018-02-23,00:00:00,84.014,84.617,83.934,84.588,139353040100,4,Friday,,
2018-02-26,00:00:00,84.726,84.728,84.107,84.297,143637000010,0,Monday,0.138,0.16314
2018-02-27,00:00:00,84.297,84.48,84.002,84.003,153539550160,1,Tuesday,,
2018-02-28,00:00:00,84.003,84.189,83.029,83.116,162926140200,2,Wednesday,,
2018-03-01,00:00:00,83.116,83.648,82.508,82.75,199366280050,3,Thursday,,
2018-03-02,00:00:00,82.74,82.886,81.668,82.043,197643200280,4,Friday,,
2018-03-05,00:00:00,81.869,82.035,81.375,81.915,181295809720,0,Monday,-0.174,-0.21208
2018-03-06,00:00:00,81.904,82.561,81.54,82.416,170737769930,1,Tuesday,,
2018-03-07,00:00:00,82.419,82.451,81.403,82.14,210222330080,2,Wednesday,,
2018-03-08,00:00:00,82.129,82.464,81.872,82.344,176591869950,3,Thursday,,
2018-03-09,00:00:00,82.344,83.435,82.296,83.358,172561830170,4,Friday,,
2018-03-11,00:00:00,83.175,83.352,83.175,83.317,485890000,6,Sunday,,
2018-03-12,00:00:00,83.318,83.49,82.819,82.881,134419750110,0,Monday,0.001,0.0012
2018-03-13,00:00:00,82.884,83.44,82.018,82.175,166274460030,1,Tuesday,,
2018-03-14,00:00:00,82.174,82.429,81.758,82.05,150498350190,2,Wednesday,,
2018-03-15,00:00:00,82.048,82.087,81.145,81.482,159416480170,3,Thursday,,
2018-03-16,00:00:00,81.485,81.486,80.678,80.892,127646070010,4,Friday,,
2018-03-18,00:00:00,80.873,81.014,80.866,80.993,827100000,6,Sunday,,
2018-03-19,00:00:00,80.999,81.422,80.543,81.044,153061569960,0,Monday,0.006,0.00741
2018-03-20,00:00:00,81.044,81.601,80.965,81.479,153202010190,1,Tuesday,,
2018-03-21,00:00:00,81.482,82.401,81.41,82.187,145996160120,2,Wednesday,,
2018-03-22,00:00:00,82.188,82.378,81.305,81.433,188226380170,3,Thursday,,
2018-03-23,00:00:00,81.433,82.06,80.911,81.19,208005980090,4,Friday,,
2018-03-26,00:00:00,81.151,82.083,81.141,82.059,161737840150,0,Monday,-0.039,-0.04804
2018-03-27,00:00:00,82.038,82.443,81.683,81.747,177138979460,1,Tuesday,,
2018-03-28,00:00:00,81.747,82.837,81.679,82.665,161043079720,2,Wednesday,,
2018-03-29,00:00:00,82.664,82.774,82.3,82.601,155471960000,3,Thursday,,
2018-03-30,00:00:00,82.604,82.651,82.318,82.346,88350340120,4,Friday,,
2018-04-02,00:00:00,82.274,82.675,81.632,81.993,118660629890,0,Monday,-0.072,-0.08744
2018-04-03,00:00:00,81.967,83.339,81.827,83.239,152339130050,1,Tuesday,,
2018-04-04,00:00:00,83.237,83.71,82.56,83.606,181524559830,2,Wednesday,,
2018-04-05,00:00:00,83.607,84.261,83.537,84.222,148891500020,3,Thursday,,
2018-04-06,00:00:00,84.22,84.251,83.529,83.616,198800080320,4,Friday,,
2018-04-09,00:00:00,83.706,84.387,83.579,84.069,154108230540,0,Monday,0.09,0.10763
2018-04-10,00:00:00,84.075,85.25,83.923,85.053,148718180060,1,Tuesday,,
2018-04-11,00:00:00,85.058,85.139,84.577,84.879,146280660030,2,Wednesday,,
2018-04-12,00:00:00,84.87,85.321,84.697,85.257,137975450150,3,Thursday,,
2018-04-13,00:00:00,85.256,85.761,85.018,85.078,122787700060,4,Friday,,
2018-04-16,00:00:00,85.257,85.381,84.903,85.223,94895700170,0,Monday,0.179,0.2104
2018-04-17,00:00:00,85.195,85.418,85.058,85.251,106019569950,1,Tuesday,,
2018-04-18,00:00:00,85.251,85.436,84.673,84.892,116001500100,2,Wednesday,,
2018-04-19,00:00:00,84.886,85.3,84.673,84.725,118640800010,3,Thursday,,
2018-04-20,00:00:00,84.723,85.165,84.307,84.314,124626089960,4,Friday,,
2018-04-23,00:00:00,84.455,84.722,84.347,84.594,99503290190,0,Monday,0.141,0.16723
2018-04-24,00:00:00,84.591,85.164,84.573,84.789,128125489900,1,Tuesday,,
2018-04-25,00:00:00,84.783,85.226,84.662,85.181,133905880310,2,Wednesday,,
2018-04-26,00:00:00,85.171,85.308,84.861,84.926,132087610020,3,Thursday,,
2018-04-27,00:00:00,84.935,85.043,84.747,84.999,111008010060,4,Friday,,
2018-04-30,00:00:00,84.91,85.386,84.885,85.127,87856850070,0,Monday,-0.089,-0.10471
2018-05-01,00:00:00,85.128,85.521,84.965,85.496,105375000060,1,Tuesday,,
2018-05-02,00:00:00,85.494,85.739,85.239,85.255,127886560190,2,Wednesday,,
2018-05-03,00:00:00,85.254,85.433,84.473,84.997,130106420200,3,Thursday,,
2018-05-04,00:00:00,84.999,85.018,84.368,84.909,108234620280,4,Friday,,
2018-05-07,00:00:00,84.916,85.002,84.509,84.686,82180910060,0,Monday,0.007,0.00824
2018-05-08,00:00:00,84.677,84.693,83.889,84.267,122992920070,1,Tuesday,,
2018-05-09,00:00:00,84.261,85.504,84.154,85.374,121753540060,2,Wednesday,,
2018-05-10,00:00:00,85.363,86.061,85.283,85.682,128917870020,3,Thursday,,
2018-05-11,00:00:00,85.681,85.867,85.408,85.453,103486130070,4,Friday,,
2018-05-14,00:00:00,85.459,85.87,85.387,85.577,92183320070,0,Monday,0.006,0.00702
2018-05-15,00:00:00,85.56,85.923,85.314,85.692,127211740110,1,Tuesday,,
2018-05-16,00:00:00,85.691,86.315,85.581,86.307,120951600190,2,Wednesday,,
2018-05-17,00:00:00,86.306,86.787,86.172,86.469,120717840190,3,Thursday,,
2018-05-18,00:00:00,86.469,86.733,85.767,85.929,124658740110,4,Friday,,
2018-05-21,00:00:00,86.103,86.854,86.025,86.826,105933390090,0,Monday,0.174,0.20249
2018-05-22,00:00:00,86.825,87.101,86.46,86.508,114149220130,1,Tuesday,,
2018-05-23,00:00:00,86.5,86.527,84.924,85.777,159647840020,2,Wednesday,,
2018-05-24,00:00:00,85.777,85.777,84.437,84.808,158983720340,3,Thursday,,
2018-05-25,00:00:00,84.809,85.128,84.046,84.284,140460210190,4,Friday,,
2018-05-28,00:00:00,84.616,84.698,83.981,84.203,104614659970,0,Monday,0.332,0.39391
2018-05-29,00:00:00,84.203,84.243,82.994,83.546,186161010050,1,Tuesday,,
2018-05-30,00:00:00,83.546,84.947,83.152,84.591,173237560110,2,Wednesday,,
2018-05-31,00:00:00,84.596,84.964,83.57,83.969,156042220320,3,Thursday,,
2018-06-01,00:00:00,83.966,84.637,83.931,84.524,150063010150,4,Friday,,
2018-06-04,00:00:00,84.449,84.948,84.438,84.917,117370980050,0,Monday,-0.075,-0.08873
2018-06-05,00:00:00,84.912,85.119,84.063,84.629,132811360020,1,Tuesday,,
2018-06-06,00:00:00,84.633,85.645,84.611,85.12,130590230170,2,Wednesday,,
2018-06-07,00:00:00,85.119,85.17,84.257,84.562,139644520150,3,Thursday,,
2018-06-08,00:00:00,84.561,84.754,83.856,84.7,138610460140,4,Friday,,
2018-06-11,00:00:00,84.041,84.897,84.041,84.781,109972659990,0,Monday,-0.659,-0.77804
2018-06-12,00:00:00,84.779,85.03,84.661,84.784,139564159860,1,Tuesday,,
2018-06-13,00:00:00,84.763,85.196,84.742,84.965,128056590010,2,Wednesday,,
2018-06-14,00:00:00,84.965,85.021,84.351,84.414,139245450110,3,Thursday,,
2018-06-15,00:00:00,84.415,84.466,83.71,83.871,142438420230,4,Friday,,
2018-06-18,00:00:00,83.87,84.008,83.445,83.726,110535170190,0,Monday,-0.001,-0.00119
2018-06-19,00:00:00,83.726,83.765,82.558,82.83,162707560230,1,Tuesday,,
2018-06-20,00:00:00,82.831,83.037,82.669,82.895,138354560000,2,Wednesday,,
2018-06-21,00:00:00,82.856,83.202,82.485,82.596,160329479890,3,Thursday,,
2018-06-22,00:00:00,82.596,83.042,82.268,82.902,147685099990,4,Friday,,
2018-06-25,00:00:00,82.723,82.892,82.168,82.537,143297099930,0,Monday,-0.179,-0.21592
2018-06-26,00:00:00,82.536,82.829,82.213,82.69,147369569930,1,Tuesday,,
2018-06-27,00:00:00,82.688,83.174,82.351,82.63,171208200130,2,Wednesday,,
2018-06-28,00:00:00,82.63,83.395,82.465,83.388,137135899990,3,Thursday,,
2018-06-29,00:00:00,83.387,84.375,83.246,84.241,162037230100,4,Friday,,
2018-07-02,00:00:00,84.089,84.432,83.744,84.086,128500770080,0,Monday,-0.152,-0.18043
2018-07-03,00:00:00,84.09,84.43,83.862,84.148,139832109900,1,Tuesday,,
2018-07-04,00:00:00,84.146,84.227,83.933,84.04,142453209990,2,Wednesday,,
2018-07-05,00:00:00,84.034,84.344,83.866,84.222,138866160190,3,Thursday,,
2018-07-06,00:00:00,84.221,84.453,84.069,84.398,116257900110,4,Friday,,
2018-07-09,00:00:00,84.295,84.689,84.268,84.56,102639749990,0,Monday,-0.103,-0.12204
2018-07-10,00:00:00,84.557,84.929,84.446,84.633,103924340000,1,Tuesday,,
2018-07-11,00:00:00,84.655,85.171,84.207,84.785,155159150350,2,Wednesday,,
2018-07-12,00:00:00,84.785,85.551,84.672,85.543,122292870060,3,Thursday,,
2018-07-13,00:00:00,85.538,85.658,85.241,85.304,111640200090,4,Friday,,
2018-07-16,00:00:00,85.187,85.655,85.187,85.471,95073430040,0,Monday,-0.117,-0.13716
2018-07-17,00:00:00,85.47,85.689,85.388,85.564,123898200100,1,Tuesday,,
2018-07-18,00:00:00,85.56,85.742,85.041,85.683,121360689980,2,Wednesday,,
2018-07-19,00:00:00,85.683,85.717,84.687,84.728,138806320230,3,Thursday,,
2018-07-20,00:00:00,84.728,85.273,84.508,84.764,156195800320,4,Friday,,
2018-07-23,00:00:00,84.765,84.901,84.411,84.527,122486740010,0,Monday,0.001,0.00118
2018-07-24,00:00:00,84.519,84.647,84.261,84.529,124389610120,1,Tuesday,,
2018-07-25,00:00:00,84.526,85.202,84.451,85.058,141481400030,2,Wednesday,,
2018-07-26,00:00:00,85.054,85.226,84.8,85.081,122566360080,3,Thursday,,
2018-07-27,00:00:00,85.08,85.187,84.785,84.983,105426340000,4,Friday,,
2018-07-30,00:00:00,84.978,85.392,84.883,85.157,88673820000,0,Monday,-0.005,-0.00588
2018-07-31,00:00:00,85.153,86.107,84.763,85.973,133945640190,1,Tuesday,,
2018-08-01,00:00:00,85.976,86.288,85.739,85.897,117684480050,2,Wednesday,,
2018-08-02,00:00:00,85.896,85.946,85.406,85.73,109816570070,3,Thursday,,
2018-08-03,00:00:00,85.721,85.943,85.568,85.631,113508870100,4,Friday,,
2018-08-06,00:00:00,85.565,85.737,85.426,85.663,75693160000,0,Monday,-0.066,-0.07707
2018-08-07,00:00:00,85.658,85.853,85.143,85.322,92690519980,1,Tuesday,,
2018-08-08,00:00:00,85.321,85.345,84.728,85.184,101759940070,2,Wednesday,,
2018-08-09,00:00:00,85.184,85.432,84.962,85.111,106064340040,3,Thursday,,
2018-08-10,00:00:00,85.11,85.199,84.098,84.386,151178380310,4,Friday,,
2018-08-13,00:00:00,83.822,84.611,83.63,84.266,138531240360,0,Monday,-0.564,-0.66836
2018-08-14,00:00:00,84.266,85.134,84.194,85.114,120423060060,1,Tuesday,,
2018-08-15,00:00:00,85.093,85.319,83.839,84.262,129952900030,2,Wednesday,,
2018-08-16,00:00:00,84.248,84.553,84.001,84.283,127274280050,3,Thursday,,
2018-08-17,00:00:00,84.266,84.755,83.851,84.57,108814770180,4,Friday,,
2018-08-20,00:00:00,84.654,84.732,84.304,84.319,89497020000,0,Monday,0.084,0.09933
2018-08-21,00:00:00,84.321,84.839,84.209,84.558,106252519930,1,Tuesday,,
2018-08-22,00:00:00,84.558,85.093,84.37,85.033,110678190030,2,Wednesday,,
2018-08-23,00:00:00,85.033,85.33,84.776,85.053,98756640110,3,Thursday,,
2018-08-24,00:00:00,85.044,85.459,84.982,85.378,111540009970,4,Friday,,
2018-08-27,00:00:00,85.467,85.741,85.025,85.655,98387720010,0,Monday,0.089,0.10424
2018-08-28,00:00:00,85.624,86.184,85.587,85.959,115482959970,1,Tuesday,,
2018-08-29,00:00:00,85.958,86.562,85.899,86.516,112864440020,2,Wednesday,,
2018-08-30,00:00:00,86.506,86.582,85.417,85.461,103682820100,3,Thursday,,
2018-08-31,00:00:00,85.463,85.579,84.694,85.118,124707150250,4,Friday,,
2018-09-03,00:00:00,84.893,85.133,84.751,84.765,76953520040,0,Monday,-0.225,-0.26434
2018-09-04,00:00:00,84.765,85.002,84.215,84.468,110606460180,1,Tuesday,,
2018-09-05,00:00:00,84.468,84.897,84.367,84.628,120747250050,2,Wednesday,,
2018-09-06,00:00:00,84.629,84.649,83.763,84.265,120480570160,3,Thursday,,
2018-09-07,00:00:00,84.248,84.638,83.875,84.318,128137390180,4,Friday,,
2018-09-10,00:00:00,84.278,84.541,84.083,84.391,88381510080,0,Monday,-0.04,-0.04744
2018-09-11,00:00:00,84.389,85.553,84.373,85.423,93513130090,1,Tuesday,,
2018-09-12,00:00:00,85.407,85.814,85.088,85.586,107877320240,2,Wednesday,,
2018-09-13,00:00:00,85.563,86.163,85.498,86.089,103198310210,3,Thursday,,
2018-09-14,00:00:00,86.075,86.229,85.773,85.964,95758700040,4,Friday,,
2018-09-17,00:00:00,85.868,86.123,85.738,85.75,79058440090,0,Monday,-0.096,-0.11167
2018-09-18,00:00:00,85.722,86.629,85.474,86.604,122480850240,1,Tuesday,,
2018-09-19,00:00:00,86.586,87.023,86.266,86.796,105839479980,2,Wednesday,,
2018-09-20,00:00:00,86.779,87.25,86.724,87.179,123445320080,3,Thursday,,
2018-09-21,00:00:00,87.167,87.453,87.069,87.088,103562200120,4,Friday,,
2018-09-24,00:00:00,86.92,87.223,86.904,87.044,83572810010,0,Monday,-0.168,-0.19291
2018-09-25,00:00:00,87.031,87.261,86.947,87.209,94060150060,1,Tuesday,,
2018-09-26,00:00:00,87.206,87.252,86.513,86.564,105958349950,2,Wednesday,,
2018-09-27,00:00:00,86.559,87.139,86.208,86.913,97876050090,3,Thursday,,
2018-09-28,00:00:00,86.915,88.082,86.882,88.063,98716000120,4,Friday,,
2018-10-01,00:00:00,88.443,89.171,88.252,88.878,99718239970,0,Monday,0.38,0.43151
2018-10-02,00:00:00,88.871,89.015,88.467,88.61,100024370130,1,Tuesday,,
2018-10-03,00:00:00,88.601,89.216,88.481,88.972,108371860070,2,Wednesday,,
2018-10-04,00:00:00,88.979,88.98,87.942,88.108,124599679980,3,Thursday,,
2018-10-05,00:00:00,88.083,88.319,87.689,87.836,118172799950,4,Friday,,
2018-10-08,00:00:00,87.846,87.97,87.004,87.288,93141040060,0,Monday,0.01,0.01138
2018-10-09,00:00:00,87.285,87.455,87.013,87.225,132931300130,1,Tuesday,,
2018-10-10,00:00:00,87.219,87.458,85.886,85.903,132917389960,2,Wednesday,,
2018-10-11,00:00:00,85.898,86.377,85.684,86.054,192840340230,3,Thursday,,
2018-10-12,00:00:00,86.052,86.444,85.763,86.126,140257060160,4,Friday,,
2018-10-15,00:00:00,86.076,86.387,85.573,86.029,140616930440,0,Monday,-0.05,-0.05805
2018-10-16,00:00:00,86.022,86.886,85.998,86.783,123357200340,1,Tuesday,,
2018-10-17,00:00:00,86.774,86.883,86.162,86.496,139862300050,2,Wednesday,,
2018-10-18,00:00:00,86.491,86.547,85.573,85.738,166767320370,3,Thursday,,
2018-10-19,00:00:00,85.731,86.371,85.564,85.838,164807730430,4,Friday,,
2018-10-22,00:00:00,85.958,86.291,85.655,86.115,157996760260,0,Monday,0.12,0.1398
2018-10-23,00:00:00,86.102,86.156,85.365,85.928,165321410280,1,Tuesday,,
2018-10-24,00:00:00,85.932,86.813,85.832,85.966,193369790280,2,Wednesday,,
2018-10-25,00:00:00,85.955,86.308,85.721,85.981,183630890580,3,Thursday,,
2018-10-26,00:00:00,85.966,86.002,84.846,85.358,221586670610,4,Friday,,
2018-10-28,00:00:00,85.417,85.501,85.397,85.397,814310000,6,Sunday,,
2018-10-29,00:00:00,85.416,85.899,85.284,85.552,180052590330,0,Monday,0.019,0.02225
2018-10-30,00:00:00,85.553,86.321,85.514,86.236,167283740480,1,Tuesday,,
2018-10-31,00:00:00,86.235,86.393,85.677,85.813,146090220270,2,Wednesday,,
2018-11-01,00:00:00,85.812,86.313,85.642,86.084,141202640180,3,Thursday,,
2018-11-02,00:00:00,86.085,86.605,85.968,86.362,144610490200,4,Friday,,
2018-11-05,00:00:00,86.415,86.594,86.271,86.331,123087330130,0,Monday,0.053,0.06137
2018-11-06,00:00:00,86.327,86.534,86.164,86.412,114181450110,1,Tuesday,,
2018-11-07,00:00:00,86.404,86.765,86.085,86.546,163214260280,2,Wednesday,,
2018-11-08,00:00:00,86.546,86.985,86.442,86.714,131365430210,3,Thursday,,
2018-11-09,00:00:00,86.696,86.762,85.947,86.13,130933020130,4,Friday,,
2018-11-12,00:00:00,86.15,86.546,85.869,85.923,139854050170,0,Monday,0.02,0.02322
2018-11-13,00:00:00,85.915,86.295,85.768,85.94,144053470130,1,Tuesday,,
2018-11-14,00:00:00,85.939,86.258,85.531,85.785,164530570220,2,Wednesday,,
2018-11-15,00:00:00,85.785,86.352,85.445,86.231,160410140480,3,Thursday,,
2018-11-16,00:00:00,86.231,86.246,85.495,85.774,143414000200,4,Friday,,
2018-11-19,00:00:00,85.686,85.789,85.207,85.456,141513020190,0,Monday,-0.088,-0.1026
2018-11-20,00:00:00,85.456,85.555,84.608,84.733,162103740670,1,Tuesday,,
2018-11-21,00:00:00,84.726,85.492,84.643,85.436,107064920130,2,Wednesday,,
2018-11-22,00:00:00,85.431,85.702,85.241,85.61,91389220050,3,Thursday,,
2018-11-23,00:00:00,85.596,85.684,85.056,85.285,105013310210,4,Friday,,
2018-11-26,00:00:00,85.364,85.924,85.32,85.665,110826340150,0,Monday,0.079,0.09263
2018-11-27,00:00:00,85.661,85.86,85.374,85.574,117662070170,1,Tuesday,,
2018-11-28,00:00:00,85.557,85.732,85.26,85.617,113350840320,2,Wednesday,,
2018-11-29,00:00:00,85.615,85.63,85.162,85.406,120799660200,3,Thursday,,
2018-11-30,00:00:00,85.404,85.536,85.18,85.329,117402230120,4,Friday,,
2018-12-03,00:00:00,85.853,86.242,85.609,86.118,112828530240,0,Monday,0.524,0.61409
2018-12-04,00:00:00,86.106,86.112,84.918,85.014,148965510370,1,Tuesday,,
2018-12-05,00:00:00,85.014,85.193,84.468,84.744,99610600110,2,Wednesday,,
2018-12-06,00:00:00,84.747,84.747,83.564,84.177,167638210680,3,Thursday,,
2018-12-07,00:00:00,84.175,85.086,84.095,84.54,139942250290,4,Friday,,
2018-12-10,00:00:00,84.438,84.711,84.197,84.576,144215700510,0,Monday,-0.102,-0.12065
2018-12-11,00:00:00,84.57,84.724,84.241,84.655,132591950380,1,Tuesday,,
2018-12-12,00:00:00,84.642,84.989,84.577,84.85,128558010340,2,Wednesday,,
2018-12-13,00:00:00,84.844,85.235,84.736,85.037,116328410410,3,Thursday,,
2018-12-14,00:00:00,85.036,85.122,84.617,84.646,118412370260,4,Friday,,
2018-12-17,00:00:00,84.662,84.849,83.966,84.153,122350340210,0,Monday,0.016,0.0189
2018-12-18,00:00:00,84.148,84.152,83.35,83.526,140520360290,1,Tuesday,,
2018-12-19,00:00:00,83.527,83.718,83.083,83.401,183209050440,2,Wednesday,,
2018-12-20,00:00:00,83.401,83.513,81.93,82.385,248362300430,3,Thursday,,
2018-12-21,00:00:00,82.373,82.535,81.739,81.747,212727450690,4,Friday,,
2018-12-24,00:00:00,81.578,81.917,81.003,81.118,236317220140,0,Monday,-0.169,-0.20674
2018-12-25,00:00:00,81.117,81.203,80.854,81.107,10715860000,1,Tuesday,,
2018-12-26,00:00:00,81.106,82.062,80.917,82.035,135110970350,2,Wednesday,,
2018-12-27,00:00:00,82.014,82.034,80.968,81.493,208836300620,3,Thursday,,
2018-12-28,00:00:00,81.484,81.526,80.662,80.813,143215700410,4,Friday,,
2018-12-31,00:00:00,80.803,81.123,80.267,80.304,123677070190,0,Monday,-0.01,-0.01237
2019-01-02,00:00:00,80.37,80.629,79.655,80.186,221409140590,2,Wednesday,,
2019-01-03,00:00:00,80.172,80.337,77.065,79.813,271076920330,3,Thursday,,
2019-01-04,00:00:00,79.815,81.173,79.709,81.1,255548140510,4,Friday,,
2019-01-07,00:00:00,81.069,81.832,80.86,81.738,201293570270,0,Monday,-0.031,-0.03822
2019-01-08,00:00:00,81.73,82.122,81.421,81.922,202857390380,1,Tuesday,,
2019-01-09,00:00:00,81.902,82.401,81.563,81.881,218066260310,2,Wednesday,,
2019-01-10,00:00:00,81.874,82.012,81.444,81.897,201078120590,3,Thursday,,
2019-01-11,00:00:00,81.896,82.167,81.626,81.675,160618950330,4,Friday,,
2019-01-14,00:00:00,81.794,81.846,81.288,81.405,134283200180,0,Monday,0.119,0.1457
2019-01-15,00:00:00,81.401,82.07,81.392,81.886,185768270510,1,Tuesday,,
2019-01-16,00:00:00,81.886,82.421,81.604,82.281,148305670570,2,Wednesday,,
2019-01-17,00:00:00,82.281,82.571,81.607,82.266,156007350320,3,Thursday,,
2019-01-18,00:00:00,82.263,82.891,82.107,82.732,152798030400,4,Friday,,
2019-01-21,00:00:00,82.645,82.735,82.357,82.454,113890890090,0,Monday,-0.087,-0.10516
2019-01-22,00:00:00,82.45,82.492,81.731,81.879,134720900470,1,Tuesday,,
2019-01-23,00:00:00,81.877,82.433,81.848,82.122,130065520300,2,Wednesday,,
2019-01-24,00:00:00,82.118,82.254,81.943,82.102,140064750220,3,Thursday,,
2019-01-25,00:00:00,82.102,82.916,81.982,82.852,142977840450,4,Friday,,
2019-01-28,00:00:00,82.852,82.916,82.215,82.419,116952680260,0,Monday,0.0,0.0
2019-01-29,00:00:00,82.42,82.646,82.195,82.425,128017850230,1,Tuesday,,
2019-01-30,00:00:00,82.423,83.185,82.215,82.922,141950620150,2,Wednesday,,
2019-01-31,00:00:00,82.919,82.982,82.475,82.927,141882170470,3,Thursday,,
2019-02-01,00:00:00,82.927,83.817,82.726,83.535,125317630260,4,Friday,,
2019-02-04,00:00:00,83.593,83.977,83.536,83.798,109442070210,0,Monday,0.058,0.06943
2019-02-05,00:00:00,83.8,83.971,83.533,83.766,104386420190,1,Tuesday,,
2019-02-06,00:00:00,83.759,83.782,83.061,83.204,109400120240,2,Wednesday,,
2019-02-07,00:00:00,83.204,83.265,82.39,82.509,118981450440,3,Thursday,,
2019-02-08,00:00:00,82.508,83.01,82.265,82.633,112501890360,4,Friday,,
2019-02-11,00:00:00,82.648,83.193,82.612,82.95,101944200190,0,Monday,0.015,0.01815
2019-02-12,00:00:00,82.951,83.488,82.89,83.429,112776980200,1,Tuesday,,
2019-02-13,00:00:00,83.429,83.86,83.396,83.743,99467660140,2,Wednesday,,
2019-02-14,00:00:00,83.745,83.969,82.919,83.079,127149630230,3,Thursday,,
2019-02-15,00:00:00,83.079,83.393,82.819,83.377,121637280350,4,Friday,,
2019-02-18,00:00:00,83.303,83.62,83.3,83.512,96392670190,0,Monday,-0.074,-0.08875
2019-02-19,00:00:00,83.512,83.796,83.243,83.722,109340690160,1,Tuesday,,
2019-02-20,00:00:00,83.717,84.256,83.632,84.123,111625620190,2,Wednesday,,
2019-02-21,00:00:00,84.115,84.205,83.646,83.65,126268560260,3,Thursday,,
2019-02-22,00:00:00,83.65,84.269,83.59,84.21,110305610160,4,Friday,,
2019-02-25,00:00:00,84.232,84.463,84.067,84.212,132749170470,0,Monday,0.022,0.02613
2019-02-26,00:00:00,84.211,84.233,83.63,83.964,114520950240,1,Tuesday,,
2019-02-27,00:00:00,83.959,84.5,83.755,84.36,207372180200,2,Wednesday,,
2019-02-28,00:00:00,84.355,84.794,83.96,84.553,134325970180,3,Thursday,,
2019-03-01,00:00:00,84.553,85.235,84.101,84.147,134721760420,4,Friday,,
2019-03-04,00:00:00,84.221,84.338,83.707,83.983,136713640310,0,Monday,0.074,0.08794
2019-03-05,00:00:00,83.983,84.057,83.76,83.797,117118810200,1,Tuesday,,
2019-03-06,00:00:00,83.794,83.794,82.998,83.137,116760950190,2,Wednesday,,
2019-03-07,00:00:00,83.134,83.306,82.852,82.897,122782260090,3,Thursday,,
2019-03-08,00:00:00,82.898,83.04,82.416,82.804,135677050220,4,Friday,,
2019-03-10,00:00:00,82.684,82.816,82.678,82.806,887450000,6,Sunday,,
2019-03-11,00:00:00,82.805,83.044,82.557,83.016,106278360180,0,Monday,-0.001,-0.00121
2019-03-12,00:00:00,83.016,83.386,82.851,83.364,110961350220,1,Tuesday,,
2019-03-13,00:00:00,83.365,83.663,83.126,83.648,108123130210,2,Wednesday,,
2019-03-14,00:00:00,83.646,83.941,83.546,83.734,118413030310,3,Thursday,,
2019-03-15,00:00:00,83.734,84.034,83.399,83.564,101077180190,4,Friday,,
2019-03-17,00:00:00,83.589,83.607,83.561,83.561,787500000,6,Sunday,,
2019-03-18,00:00:00,83.569,83.851,83.348,83.537,88856380120,0,Monday,0.008,0.00957
2019-03-19,00:00:00,83.539,84.09,83.37,83.596,108530320190,1,Tuesday,,
2019-03-20,00:00:00,83.595,83.767,83.12,83.182,125936210120,2,Wednesday,,
2019-03-21,00:00:00,83.182,83.408,82.721,82.935,143039280650,3,Thursday,,
2019-03-22,00:00:00,82.935,82.966,81.826,81.865,167936760430,4,Friday,,
2019-03-24,00:00:00,81.846,81.978,81.846,81.92,1513100000,6,Sunday,,
2019-03-25,00:00:00,81.92,82.236,81.631,82.02,162244600590,0,Monday,0.0,0.0
2019-03-26,00:00:00,82.019,82.716,82.015,82.624,149713720450,1,Tuesday,,
2019-03-27,00:00:00,82.624,82.696,82.122,82.347,169335310520,2,Wednesday,,
2019-03-28,00:00:00,82.347,82.66,81.984,82.354,137799520280,3,Thursday,,
2019-03-29,00:00:00,82.354,83.053,82.291,83.014,136487780350,4,Friday,,
2019-04-01,00:00:00,83.137,83.753,82.933,83.656,127536480290,0,Monday,0.123,0.14817
2019-04-02,00:00:00,83.65,83.729,83.207,83.446,111420170230,1,Tuesday,,
2019-04-03,00:00:00,83.442,83.868,83.341,83.525,119032380200,2,Wednesday,,
2019-04-04,00:00:00,83.521,83.61,83.351,83.568,103161780180,3,Thursday,,
2019-04-05,00:00:00,83.567,83.687,83.291,83.401,98933740240,4,Friday,,
2019-04-08,00:00:00,83.367,83.796,83.224,83.704,102760580200,0,Monday,-0.034,-0.04077
2019-04-09,00:00:00,83.703,83.847,83.33,83.353,103974510140,1,Tuesday,,
2019-04-10,00:00:00,83.353,83.502,83.165,83.327,100523740250,2,Wednesday,,
2019-04-11,00:00:00,83.323,83.524,83.1,83.387,95314150140,3,Thursday,,
2019-04-12,00:00:00,83.379,84.088,83.379,84.021,105154150090,4,Friday,,
2019-04-15,00:00:00,83.921,84.245,83.633,83.804,82827200030,0,Monday,-0.1,-0.11902
2019-04-16,00:00:00,83.804,83.914,83.479,83.877,102097740240,1,Tuesday,,
2019-04-17,00:00:00,83.877,84.355,83.718,83.964,100764110040,2,Wednesday,,
2019-04-18,00:00:00,83.965,83.998,83.517,83.66,108468510180,3,Thursday,,
2019-04-19,00:00:00,83.693,83.742,83.524,83.524,97566500230,4,Friday,,
2019-04-22,00:00:00,83.525,83.921,83.5,83.849,63668340020,0,Monday,0.001,0.0012
2019-04-23,00:00:00,83.85,83.896,83.18,83.319,92508580150,1,Tuesday,,
2019-04-24,00:00:00,83.324,83.339,82.672,83.131,121200200130,2,Wednesday,,
2019-04-25,00:00:00,83.133,83.17,82.544,82.767,107207290140,3,Thursday,,
2019-04-26,00:00:00,82.767,83.059,82.685,82.901,117082300340,4,Friday,,
2019-04-29,00:00:00,82.852,83.202,82.827,82.967,68294030030,0,Monday,-0.049,-0.05911
2019-04-30,00:00:00,82.97,83.251,82.613,83.227,101541340250,1,Tuesday,,
2019-05-01,00:00:00,83.227,83.358,82.779,82.833,83202910180,2,Wednesday,,
2019-05-02,00:00:00,82.833,83.071,82.665,82.753,94636770150,3,Thursday,,
2019-05-03,00:00:00,82.754,82.975,82.682,82.744,94101580150,4,Friday,,
2019-05-06,00:00:00,82.139,82.583,81.783,82.348,120809480300,0,Monday,-0.605,-0.73117
2019-05-07,00:00:00,82.35,82.559,81.681,81.818,130992890310,1,Tuesday,,
2019-05-08,00:00:00,81.82,81.95,81.567,81.663,136520620390,2,Wednesday,,
2019-05-09,00:00:00,81.663,81.711,81.12,81.436,161352780550,3,Thursday,,
2019-05-10,00:00:00,81.368,82.049,81.337,81.904,187546450470,4,Friday,,
2019-05-13,00:00:00,81.706,81.829,80.929,81.071,158253870420,0,Monday,-0.198,-0.24175
2019-05-14,00:00:00,81.071,81.545,80.968,81.399,127149790230,1,Tuesday,,
2019-05-15,00:00:00,81.399,81.616,80.929,81.539,137295900000,2,Wednesday,,
2019-05-16,00:00:00,81.53,81.945,81.315,81.59,111679190240,3,Thursday,,
2019-05-17,00:00:00,81.596,81.967,81.087,81.723,155989580300,4,Friday,,
2019-05-20,00:00:00,81.876,82.123,81.722,81.944,130489670190,0,Monday,0.153,0.18722
2019-05-21,00:00:00,81.942,82.545,81.905,82.411,120358200180,1,Tuesday,,
2019-05-22,00:00:00,82.396,82.618,82.074,82.123,114196740120,2,Wednesday,,
2019-05-23,00:00:00,82.124,82.134,81.162,81.343,155856680250,3,Thursday,,
2019-05-24,00:00:00,81.343,81.593,81.151,81.29,119536550130,4,Friday,,
2019-05-27,00:00:00,81.295,81.584,81.293,81.427,72880920060,0,Monday,0.005,0.00615
2019-05-28,00:00:00,81.4,81.564,81.001,81.031,141321510210,1,Tuesday,,
2019-05-29,00:00:00,81.031,81.175,80.664,81.052,167134280150,2,Wednesday,,
2019-05-30,00:00:00,81.052,81.508,80.974,81.207,139873470000,3,Thursday,,
2019-05-31,00:00:00,81.191,81.218,80.077,80.085,192837720540,4,Friday,,
2019-06-03,00:00:00,80.072,80.52,79.973,80.404,182675780110,0,Monday,-0.013,-0.01623
2019-06-04,00:00:00,80.402,80.754,80.223,80.725,162000630270,1,Tuesday,,
2019-06-05,00:00:00,80.725,81.071,80.556,80.846,163559730070,2,Wednesday,,
2019-06-06,00:00:00,80.84,81.226,80.523,81.117,153876150390,3,Thursday,,
2019-06-07,00:00:00,81.109,81.572,81.052,81.539,153776650240,4,Friday,,
2019-06-10,00:00:00,81.91,81.961,81.62,81.716,118215999940,0,Monday,0.371,0.455
2019-06-11,00:00:00,81.712,82.086,81.523,81.672,119356990070,1,Tuesday,,
2019-06-12,00:00:00,81.672,81.749,81.3,81.307,122291020060,2,Wednesday,,
2019-06-13,00:00:00,81.306,81.569,81.127,81.313,126989970020,3,Thursday,,
2019-06-14,00:00:00,81.298,81.327,80.86,80.917,126236320170,4,Friday,,
2019-06-17,00:00:00,80.891,81.111,80.872,80.901,95126580030,0,Monday,-0.026,-0.03213
2019-06-18,00:00:00,80.902,81.147,80.571,81.066,140944190170,1,Tuesday,,
2019-06-19,00:00:00,81.061,81.397,80.913,81.393,142580650070,2,Wednesday,,
2019-06-20,00:00:00,81.39,81.869,81.192,81.318,182571250310,3,Thursday,,
2019-06-21,00:00:00,81.302,81.585,81.127,81.127,158082590150,4,Friday,,
2019-06-24,00:00:00,81.157,81.485,81.143,81.407,112890219990,0,Monday,0.03,0.03698
2019-06-25,00:00:00,81.401,81.492,80.987,81.369,155718240240,1,Tuesday,,
2019-06-26,00:00:00,81.347,82.23,81.291,82.099,128301010100,2,Wednesday,,
2019-06-27,00:00:00,82.094,82.366,82.002,82.309,115618460110,3,Thursday,,
2019-06-28,00:00:00,82.304,82.463,82.118,82.381,128270770090,4,Friday,,
2019-07-01,00:00:00,82.718,82.9,82.507,82.541,137727510210,0,Monday,0.337,0.40907
2019-07-02,00:00:00,82.537,82.669,82.201,82.297,124066900090,1,Tuesday,,
2019-07-03,00:00:00,82.297,82.575,82.025,82.553,120459830290,2,Wednesday,,
2019-07-04,00:00:00,82.554,82.686,82.408,82.569,68806279990,3,Thursday,,
2019-07-05,00:00:00,82.569,83.026,82.538,82.913,120776240050,4,Friday,,
2019-07-08,00:00:00,82.893,83.207,82.794,83.002,96606379990,0,Monday,-0.02,-0.02412
2019-07-09,00:00:00,83.002,83.121,82.78,82.902,98807460020,1,Tuesday,,
2019-07-10,00:00:00,82.898,83.15,82.646,82.896,126480149970,2,Wednesday,,
2019-07-11,00:00:00,82.878,83.074,82.637,82.984,122186169940,3,Thursday,,
2019-07-12,00:00:00,82.984,83.234,82.692,82.805,118603880110,4,Friday,,
2019-07-15,00:00:00,82.718,82.964,82.649,82.687,92447010060,0,Monday,-0.087,-0.10507
2019-07-16,00:00:00,82.687,83.131,82.63,82.696,109755860090,1,Tuesday,,
2019-07-17,00:00:00,82.696,82.959,82.642,82.684,101039290160,2,Wednesday,,
2019-07-18,00:00:00,82.68,82.728,82.242,82.354,123590630180,3,Thursday,,
2019-07-19,00:00:00,82.35,82.635,82.197,82.454,127690750160,4,Friday,,
2019-07-22,00:00:00,82.463,82.711,82.205,82.214,96841920100,0,Monday,0.009,0.01092
2019-07-23,00:00:00,82.214,82.434,82.134,82.374,110028340040,1,Tuesday,,
2019-07-24,00:00:00,82.361,82.414,82.172,82.311,85813680030,2,Wednesday,,
2019-07-25,00:00:00,82.312,82.677,82.254,82.514,145891069940,3,Thursday,,
2019-07-26,00:00:00,82.521,82.612,82.352,82.526,131284029770,4,Friday,,
2019-07-29,00:00:00,82.418,82.782,82.368,82.618,118303999700,0,Monday,-0.108,-0.13087
2019-07-30,00:00:00,82.618,82.742,82.281,82.561,166798709840,1,Tuesday,,
2019-07-31,00:00:00,82.549,82.814,82.361,82.439,185268139780,2,Wednesday,,
2019-08-01,00:00:00,82.432,82.725,81.077,81.228,250974900090,3,Thursday,,
2019-08-02,00:00:00,81.235,81.398,80.443,80.682,312580549950,4,Friday,,
2019-08-05,00:00:00,80.622,80.776,79.957,80.21,258512750070,0,Monday,-0.06,-0.07437
2019-08-06,00:00:00,80.196,81.185,79.85,80.153,256250819920,1,Tuesday,,
2019-08-07,00:00:00,80.145,80.206,79.097,79.879,252156610330,2,Wednesday,,
2019-08-08,00:00:00,79.863,80.235,79.568,80.174,195039439860,3,Thursday,,
2019-08-09,00:00:00,80.163,80.265,79.556,79.897,156844310300,4,Friday,,
2019-08-12,00:00:00,79.907,80.032,79.279,79.496,135715460150,0,Monday,0.01,0.01252
2019-08-13,00:00:00,79.496,81.037,79.141,80.722,229780979910,1,Tuesday,,
2019-08-14,00:00:00,80.711,80.727,79.35,79.508,203183950100,2,Wednesday,,
2019-08-15,00:00:00,79.508,80.338,79.303,79.705,222805520300,3,Thursday,,
2019-08-16,00:00:00,79.694,80.161,79.587,80.099,148817310330,4,Friday,,
2019-08-19,00:00:00,79.997,80.494,79.953,80.017,100706170110,0,Monday,-0.102,-0.12734
2019-08-20,00:00:00,80.014,80.068,79.583,79.744,117774270210,1,Tuesday,,
2019-08-21,00:00:00,79.74,80.341,79.699,80.207,109562360280,2,Wednesday,,
2019-08-22,00:00:00,80.195,80.311,79.839,79.995,139497590240,3,Thursday,,
2019-08-23,00:00:00,79.987,80.149,79.009,79.286,182611240130,4,Friday,,
2019-08-26,00:00:00,78.937,80.15,78.497,80.035,248231610130,0,Monday,-0.349,-0.44018
2019-08-27,00:00:00,80.0,80.11,79.5,79.598,172763420420,1,Tuesday,,
2019-08-28,00:00:00,79.585,79.833,79.333,79.744,153549860450,2,Wednesday,,
2019-08-29,00:00:00,79.734,80.239,79.478,80.163,154230480220,3,Thursday,,
2019-08-30,00:00:00,80.154,80.245,79.711,79.794,149250310400,4,Friday,,
2019-09-02,00:00:00,79.604,79.821,79.469,79.674,98959690020,0,Monday,-0.19,-0.23811
2019-09-03,00:00:00,79.667,79.778,79.197,79.409,163524370390,1,Tuesday,,
2019-09-04,00:00:00,79.409,80.493,79.33,80.441,132086380290,2,Wednesday,,
2019-09-05,00:00:00,80.438,81.133,80.346,80.819,161776020420,3,Thursday,,
2019-09-06,00:00:00,80.819,81.223,80.562,81.12,154264880470,4,Friday,,
2019-09-09,00:00:00,81.048,81.538,81.033,81.433,120709680140,0,Monday,-0.072,-0.08876
2019-09-10,00:00:00,81.421,81.817,81.308,81.766,135532680440,1,Tuesday,,
2019-09-11,00:00:00,81.75,82.069,81.528,81.703,119323170140,2,Wednesday,,
2019-09-12,00:00:00,81.699,82.088,81.376,81.819,187247110300,3,Thursday,,
2019-09-13,00:00:00,81.773,81.918,81.333,81.338,138710590130,4,Friday,,
2019-09-16,00:00:00,81.263,81.68,81.211,81.655,165623190520,0,Monday,-0.075,-0.09221
2019-09-17,00:00:00,81.655,81.763,81.396,81.63,137703050190,1,Tuesday,,
2019-09-18,00:00:00,81.628,81.707,81.366,81.602,133014040070,2,Wednesday,,
2019-09-19,00:00:00,81.599,81.616,81.102,81.43,160383710110,3,Thursday,,
2019-09-20,00:00:00,81.429,81.506,80.981,81.069,139273190120,4,Friday,,
2019-09-23,00:00:00,81.224,81.243,80.67,81.072,116774700160,0,Monday,0.155,0.1912
2019-09-24,00:00:00,81.063,81.341,80.788,80.826,144865980220,1,Tuesday,,
2019-09-25,00:00:00,80.805,81.338,80.731,81.212,203835460300,2,Wednesday,,
2019-09-26,00:00:00,81.212,81.387,81.077,81.243,147607959970,3,Thursday,,
2019-09-27,00:00:00,81.243,81.823,81.104,81.394,159563000190,4,Friday,,
2019-09-30,00:00:00,81.498,81.709,81.393,81.614,155739590340,0,Monday,0.104,0.12777
2019-10-01,00:00:00,81.618,81.826,81.227,81.457,183134750340,1,Tuesday,,
2019-10-02,00:00:00,81.455,81.662,80.408,80.415,198343870710,2,Wednesday,,
2019-10-03,00:00:00,80.411,80.548,79.815,80.14,199717200520,3,Thursday,,
2019-10-04,00:00:00,80.138,80.539,80.039,80.285,151961549890,4,Friday,,
2019-10-07,00:00:00,80.026,80.739,80.026,80.562,134063670080,0,Monday,-0.259,-0.3226
2019-10-08,00:00:00,80.559,80.836,80.156,80.339,178279659710,1,Tuesday,,
2019-10-09,00:00:00,80.336,80.768,80.267,80.589,143539020060,2,Wednesday,,
2019-10-10,00:00:00,80.589,81.333,80.207,81.19,208749030000,3,Thursday,,
2019-10-11,00:00:00,81.185,82.429,81.118,82.012,195008260040,4,Friday,,
2019-10-14,00:00:00,82.057,82.247,81.747,81.894,115727400150,0,Monday,0.045,0.05487
2019-10-15,00:00:00,81.88,82.496,81.741,82.454,135803510360,1,Tuesday,,
2019-10-16,00:00:00,82.457,82.496,82.066,82.343,150748080360,2,Wednesday,,
2019-10-17,00:00:00,82.343,82.776,82.287,82.672,146010640430,3,Thursday,,
2019-10-18,00:00:00,82.667,82.773,82.449,82.558,115694370210,4,Friday,,
2019-10-21,00:00:00,82.527,83.035,82.437,82.971,124439530230,0,Monday,-0.031,-0.03755
2019-10-22,00:00:00,82.967,83.166,82.714,82.809,124958140020,1,Tuesday,,
2019-10-23,00:00:00,82.808,83.168,82.608,83.127,126383389960,2,Wednesday,,
2019-10-24,00:00:00,83.121,83.21,82.904,83.064,136476810240,3,Thursday,,
2019-10-25,00:00:00,83.074,83.251,82.999,83.178,108291060090,4,Friday,,
2019-10-27,00:00:00,83.237,83.252,83.203,83.214,345300000,6,Sunday,,
2019-10-28,00:00:00,83.211,83.5,83.123,83.469,101514949950,0,Monday,-0.003,-0.00361
2019-10-29,00:00:00,83.466,83.554,83.07,83.188,117010600030,1,Tuesday,,
2019-10-30,00:00:00,83.189,83.279,82.538,82.703,132588429990,2,Wednesday,,
2019-10-31,00:00:00,82.705,82.72,81.96,82.045,150150480050,3,Thursday,,
2019-11-01,00:00:00,82.042,82.406,81.916,82.28,121916810090,4,Friday,,
2019-11-04,00:00:00,82.367,82.637,82.31,82.552,88058730060,0,Monday,0.087,0.10574
2019-11-05,00:00:00,82.552,83.018,82.49,82.95,128781879860,1,Tuesday,,
2019-11-06,00:00:00,82.942,83.052,82.49,82.665,108780080020,2,Wednesday,,
2019-11-07,00:00:00,82.661,83.107,82.328,82.946,142073410030,3,Thursday,,
2019-11-08,00:00:00,82.941,83.048,82.421,82.555,127412200170,4,Friday,,
2019-11-11,00:00:00,82.58,82.6,82.309,82.404,70447079980,0,Monday,0.025,0.03028
2019-11-12,00:00:00,82.404,82.586,82.285,82.37,105438420140,1,Tuesday,,
2019-11-13,00:00:00,82.37,82.38,81.966,82.101,120664850240,2,Wednesday,,
2019-11-14,00:00:00,82.101,82.134,81.622,81.825,115666940030,3,Thursday,,
2019-11-15,00:00:00,81.825,82.295,81.782,82.249,95653160100,4,Friday,,
2019-11-18,00:00:00,82.245,82.528,82.079,82.275,99603710140,0,Monday,-0.004,-0.00486
2019-11-19,00:00:00,82.275,82.428,81.746,81.8,108132610140,1,Tuesday,,
2019-11-20,00:00:00,81.803,81.845,81.362,81.628,137205580060,2,Wednesday,,
2019-11-21,00:00:00,81.626,81.849,81.284,81.756,147329680120,3,Thursday,,
2019-11-22,00:00:00,81.758,81.93,81.624,81.645,113307420130,4,Friday,,
2019-11-25,00:00:00,81.704,81.95,81.654,81.893,90344909970,0,Monday,0.059,0.07226
2019-11-26,00:00:00,81.885,82.198,81.76,82.145,108556470170,1,Tuesday,,
2019-11-27,00:00:00,82.129,82.523,82.112,82.439,96706589990,2,Wednesday,,
2019-11-28,00:00:00,82.432,82.479,82.271,82.439,75432029980,3,Thursday,,
2019-11-29,00:00:00,82.432,82.51,82.309,82.374,92205240000,4,Friday,,
2019-12-02,00:00:00,82.489,82.619,81.87,81.875,106307560270,0,Monday,0.115,0.13961
2019-12-03,00:00:00,81.875,82.126,81.516,81.692,134572799710,1,Tuesday,,
2019-12-04,00:00:00,81.691,82.565,81.54,82.454,115854779920,2,Wednesday,,
2019-12-05,00:00:00,82.454,82.757,82.414,82.54,98151860040,3,Thursday,,
2019-12-06,00:00:00,82.539,82.553,81.83,81.83,88848120040,4,Friday,,
2019-12-09,00:00:00,81.948,82.144,81.744,81.982,62656710030,0,Monday,0.118,0.1442
2019-12-10,00:00:00,81.982,82.219,81.921,82.164,90487299890,1,Tuesday,,
2019-12-11,00:00:00,82.164,82.478,82.073,82.388,90826840030,2,Wednesday,,
2019-12-12,00:00:00,82.4,83.029,82.316,82.876,124134369840,3,Thursday,,
2019-12-13,00:00:00,82.87,83.38,82.576,83.037,170285030130,4,Friday,,
2019-12-16,00:00:00,82.91,83.457,82.909,83.243,86726260040,0,Monday,-0.127,-0.15294
2019-12-17,00:00:00,83.245,83.333,83.087,83.173,84531470020,1,Tuesday,,
2019-12-18,00:00:00,83.173,83.637,83.059,83.52,82755389920,2,Wednesday,,
2019-12-19,00:00:00,83.517,83.62,83.186,83.315,88382390080,3,Thursday,,
2019-12-20,00:00:00,83.316,83.359,82.926,83.178,84547769930,4,Friday,,
2019-12-23,00:00:00,83.176,83.338,82.982,83.2,72440810020,0,Monday,-0.002,-0.0024
2019-12-24,00:00:00,83.2,83.229,83.026,83.035,86444549910,1,Tuesday,,
2019-12-25,00:00:00,83.064,83.127,82.964,83.057,3331230010,2,Wednesday,,
2019-12-26,00:00:00,83.003,83.672,83.003,83.536,61682930040,3,Thursday,,
2019-12-27,00:00:00,83.538,83.834,83.456,83.653,100047539990,4,Friday,,
2019-12-30,00:00:00,83.668,83.763,83.221,83.32,100054440090,0,Monday,0.015,0.01793
2019-12-31,00:00:00,83.315,83.912,83.222,83.524,80612710010,1,Tuesday,,
2020-01-01,00:00:00,83.524,83.524,83.524,83.524,750000,2,Wednesday,,
2020-01-02,00:00:00,83.71,83.907,83.321,83.62,199253446020,3,Thursday,,
2020-01-03,00:00:00,83.594,83.66,82.982,83.073,140669010020,4,Friday,,
2020-01-06,00:00:00,83.025,83.68,82.965,83.579,117768979990,0,Monday,-0.048,-0.05778
2020-01-07,00:00:00,83.58,83.732,83.177,83.377,117725710100,1,Tuesday,,
2020-01-08,00:00:00,83.333,83.848,82.802,83.667,204512340280,2,Wednesday,,
2020-01-09,00:00:00,83.661,83.898,83.557,83.869,123777960090,3,Thursday,,
2020-01-10,00:00:00,83.868,84.142,83.772,83.858,96089959970,4,Friday,,
2020-01-13,00:00:00,83.88,84.316,83.816,84.202,82782900080,0,Monday,0.022,0.02623
2020-01-14,00:00:00,84.2,84.429,84.049,84.186,103992460100,1,Tuesday,,
2020-01-15,00:00:00,84.185,84.332,83.974,84.255,96371599900,2,Wednesday,,
2020-01-16,00:00:00,84.256,84.485,84.187,84.44,89646220020,3,Thursday,,
2020-01-17,00:00:00,84.44,84.567,84.238,84.289,81855249980,4,Friday,,
2020-01-20,00:00:00,84.282,84.46,84.256,84.432,61894440000,0,Monday,-0.007,-0.0083
2020-01-21,00:00:00,84.433,84.457,83.939,84.048,102576000080,1,Tuesday,,
2020-01-22,00:00:00,84.048,84.351,83.534,83.618,101583540040,2,Wednesday,,
2020-01-23,00:00:00,83.618,83.629,83.071,83.395,108596179910,3,Thursday,,
2020-01-24,00:00:00,83.396,83.551,83.004,83.098,97427840020,4,Friday,,
2020-01-27,00:00:00,82.778,82.926,82.466,82.52,141841059990,0,Monday,-0.32,-0.38509
2020-01-28,00:00:00,82.52,82.972,82.362,82.958,112290519860,1,Tuesday,,
2020-01-29,00:00:00,82.952,83.024,82.561,82.58,98217509980,2,Wednesday,,
2020-01-30,00:00:00,82.587,82.633,82.118,82.478,144740850360,3,Thursday,,
2020-01-31,00:00:00,82.476,82.697,81.746,81.821,154644349970,4,Friday,,
2020-02-03,00:00:00,81.852,82.175,81.574,81.787,155736929890,0,Monday,0.031,0.03789
2020-02-04,00:00:00,81.8,82.504,81.6,82.485,135096889720,1,Tuesday,,
2020-02-05,00:00:00,82.485,82.696,82.181,82.675,145277789890,2,Wednesday,,
2020-02-06,00:00:00,82.628,82.824,82.558,82.793,119616919970,3,Thursday,,
2020-02-07,00:00:00,82.793,82.804,82.241,82.444,134908660030,4,Friday,,
2020-02-10,00:00:00,82.4,82.661,82.268,82.422,145016760030,0,Monday,-0.044,-0.05337
2020-02-11,00:00:00,82.415,82.784,82.385,82.622,98276199790,1,Tuesday,,
2020-02-12,00:00:00,82.616,83.118,82.56,83.075,80469250000,2,Wednesday,,
2020-02-13,00:00:00,83.031,83.081,82.631,82.763,121411539950,3,Thursday,,
2020-02-14,00:00:00,82.755,82.961,82.698,82.818,93108700050,4,Friday,,
2020-02-17,00:00:00,82.824,83.107,82.793,83.016,64760270060,0,Monday,0.006,0.00724
2020-02-18,00:00:00,83.013,83.023,82.651,82.851,90083720080,1,Tuesday,,
2020-02-19,00:00:00,82.851,84.364,82.824,84.22,103906140110,2,Wednesday,,
2020-02-20,00:00:00,84.202,84.74,84.048,84.517,120555329940,3,Thursday,,
2020-02-21,00:00:00,84.501,84.663,84.019,84.322,144278290050,4,Friday,,
2020-02-24,00:00:00,83.936,84.284,83.095,83.274,199918970040,0,Monday,-0.386,-0.45777
2020-02-25,00:00:00,83.275,83.564,82.767,82.969,256294560300,1,Tuesday,,
2020-02-26,00:00:00,82.97,83.399,82.686,82.805,256055799920,2,Wednesday,,
2020-02-27,00:00:00,82.804,82.829,81.796,81.828,300036399910,3,Thursday,,
2020-02-28,00:00:00,81.827,81.975,80.138,80.595,384110179780,4,Friday,,
2020-03-02,00:00:00,79.873,81.39,79.873,81.253,318552049650,0,Monday,-0.722,-0.89584
2020-03-03,00:00:00,81.212,81.464,79.954,80.003,297602059770,1,Tuesday,,
2020-03-04,00:00:00,80.0,80.647,79.823,80.325,246267580250,2,Wednesday,,
2020-03-05,00:00:00,80.325,80.482,78.967,79.145,203651740310,3,Thursday,,
2020-03-06,00:00:00,79.145,79.408,78.231,78.449,348698059780,4,Friday,,
2020-03-08,00:00:00,76.876,77.038,76.792,76.832,4270810020,6,Sunday,,
2020-03-09,00:00:00,76.832,76.979,73.871,74.662,475177440010,0,Monday,0.0,0.0
2020-03-10,00:00:00,74.669,77.234,74.496,76.63,438588669590,1,Tuesday,,
2020-03-11,00:00:00,76.636,76.942,75.655,75.744,378252480170,2,Wednesday,,
2020-03-12,00:00:00,75.755,77.271,74.654,75.3,395182150060,3,Thursday,,
2020-03-13,00:00:00,75.299,78.377,74.955,78.109,484533780070,4,Friday,,
2020-03-15,00:00:00,77.324,77.922,76.715,77.803,1738470000,6,Sunday,,
2020-03-16,00:00:00,77.874,77.893,75.286,75.549,471324090250,0,Monday,0.071,0.09126
2020-03-17,00:00:00,75.549,76.748,75.315,75.724,516405550340,1,Tuesday,,
2020-03-18,00:00:00,75.724,75.798,73.806,74.412,455040109870,2,Wednesday,,
2020-03-19,00:00:00,74.41,76.509,74.19,76.422,505916279710,3,Thursday,,
2020-03-20,00:00:00,76.422,77.792,76.232,77.054,420077670410,4,Friday,,
2020-03-22,00:00:00,77.129,77.196,77.067,77.143,534370000,6,Sunday,,
2020-03-23,00:00:00,77.159,77.166,75.97,76.662,466679839680,0,Monday,0.016,0.02074
2020-03-24,00:00:00,76.649,77.113,76.227,76.92,391255060320,1,Tuesday,,
2020-03-25,00:00:00,76.927,78.472,76.719,78.301,394721069960,2,Wednesday,,
2020-03-26,00:00:00,78.304,78.377,77.312,77.878,387833490590,3,Thursday,,
2020-03-27,00:00:00,77.887,77.926,76.602,77.073,287368870610,4,Friday,,
2020-03-30,00:00:00,76.794,77.0,76.0,76.029,235361290590,0,Monday,-0.279,-0.36199
2020-03-31,00:00:00,76.029,76.774,75.426,76.425,321412589970,1,Tuesday,,
2020-04-01,00:00:00,76.386,76.527,75.15,75.492,291169830710,2,Wednesday,,
2020-04-02,00:00:00,75.482,76.559,74.963,76.291,312238830070,3,Thursday,,
2020-04-03,00:00:00,76.294,76.961,76.071,76.373,259722509860,4,Friday,,
2020-04-06,00:00:00,76.105,77.584,76.03,77.371,265445570270,0,Monday,-0.268,-0.35091
2020-04-07,00:00:00,77.373,78.179,77.08,77.707,294299639910,1,Tuesday,,
2020-04-08,00:00:00,77.704,77.835,77.242,77.644,237941709900,2,Wednesday,,
2020-04-09,00:00:00,77.644,77.957,77.232,77.555,289607369910,3,Thursday,,
2020-04-10,00:00:00,77.534,77.726,77.406,77.623,113454739960,4,Friday,,
2020-04-13,00:00:00,77.833,77.848,76.99,77.488,205039039940,0,Monday,0.21,0.27054
2020-04-14,00:00:00,77.49,77.708,76.919,77.22,187968600270,1,Tuesday,,
2020-04-15,00:00:00,77.218,77.222,76.053,76.091,216088429820,2,Wednesday,,
2020-04-16,00:00:00,76.088,76.628,75.932,76.628,251385210170,3,Thursday,,
2020-04-17,00:00:00,76.622,77.081,76.312,76.781,246142909940,4,Friday,,
2020-04-20,00:00:00,76.657,76.806,76.037,76.042,201867500360,0,Monday,-0.124,-0.1615
2020-04-21,00:00:00,76.047,76.323,75.314,75.849,292334330310,1,Tuesday,,
2020-04-22,00:00:00,75.849,76.405,75.578,76.086,241154900010,2,Wednesday,,
2020-04-23,00:00:00,76.088,76.894,75.873,76.428,257729119980,3,Thursday,,
2020-04-24,00:00:00,76.429,76.71,76.091,76.094,206907220070,4,Friday,,
2020-04-27,00:00:00,76.215,76.462,76.042,76.423,192656119730,0,Monday,0.121,0.15901
2020-04-28,00:00:00,76.429,76.553,76.16,76.331,212881900180,1,Tuesday,,
2020-04-29,00:00:00,76.334,76.853,76.256,76.835,208626170040,2,Wednesday,,
2020-04-30,00:00:00,76.836,77.254,76.567,76.838,291138212160,3,Thursday,,
2020-05-01,00:00:00,76.841,76.961,75.669,75.841,197290699870,4,Friday,,
2020-05-04,00:00:00,75.794,76.04,75.397,75.739,195404929900,0,Monday,-0.047,-0.06197
2020-05-05,00:00:00,75.752,76.129,75.661,75.777,177759580290,1,Tuesday,,
2020-05-06,00:00:00,75.783,75.912,74.917,74.984,205009880250,2,Wednesday,,
2020-05-07,00:00:00,75.004,76.206,74.78,76.054,188169770060,3,Thursday,,
2020-05-08,00:00:00,76.054,76.642,75.93,76.544,181830540060,4,Friday,,
2020-05-11,00:00:00,76.415,77.059,76.37,76.841,199653389940,0,Monday,-0.129,-0.16853
2020-05-12,00:00:00,76.841,76.876,76.076,76.085,143940769970,1,Tuesday,,
2020-05-13,00:00:00,76.082,76.367,75.8,75.888,157302539910,2,Wednesday,,
2020-05-14,00:00:00,75.887,76.485,75.574,76.314,146334390010,3,Thursday,,
2020-05-15,00:00:00,76.314,76.523,75.796,75.866,171175750040,4,Friday,,
2020-05-18,00:00:00,75.938,77.011,75.858,77.008,135293409860,0,Monday,0.072,0.0949
2020-05-19,00:00:00,77.007,77.817,76.835,77.235,157042700210,1,Tuesday,,
2020-05-20,00:00:00,77.236,77.572,77.156,77.335,129611670190,2,Wednesday,,
2020-05-21,00:00:00,77.332,77.519,77.067,77.089,136064489920,3,Thursday,,
2020-05-22,00:00:00,77.095,77.264,76.523,76.864,144974350140,4,Friday,,
2020-05-25,00:00:00,76.893,77.096,76.83,76.972,103619100050,0,Monday,0.029,0.03773
2020-05-26,00:00:00,76.97,78.17,76.969,78.04,150764919920,1,Tuesday,,
2020-05-27,00:00:00,78.032,78.523,77.787,78.323,208537360620,2,Wednesday,,
2020-05-28,00:00:00,78.327,78.505,78.035,78.195,201170860230,3,Thursday,,
2020-05-29,00:00:00,78.198,78.397,77.772,78.209,250919100080,4,Friday,,
2020-06-01,00:00:00,78.142,79.341,78.033,79.262,195213100280,0,Monday,-0.067,-0.08567
2020-06-02,00:00:00,79.261,80.527,79.152,80.383,192540559980,1,Tuesday,,
2020-06-03,00:00:00,80.38,80.789,79.956,80.686,231954070130,2,Wednesday,,
2020-06-04,00:00:00,80.685,80.949,80.233,80.832,236729889960,3,Thursday,,
2020-06-05,00:00:00,80.815,81.908,80.704,81.621,244645459900,4,Friday,,
2020-06-08,00:00:00,81.715,81.868,80.824,81.013,218762980280,0,Monday,0.094,0.11517
2020-06-09,00:00:00,81.013,81.125,79.948,80.306,258603360210,1,Tuesday,,
2020-06-10,00:00:00,80.31,80.417,79.776,79.858,272974159930,2,Wednesday,,
2020-06-11,00:00:00,79.855,79.95,78.378,78.397,354440570380,3,Thursday,,
2020-06-12,00:00:00,78.397,79.48,78.02,79.014,339605800010,4,Friday,,
2020-06-15,00:00:00,78.805,79.229,78.319,79.079,276688220060,0,Monday,-0.209,-0.26451
2020-06-16,00:00:00,79.073,79.649,78.78,79.241,264819190450,1,Tuesday,,
2020-06-17,00:00:00,79.231,79.492,78.771,78.872,208114790300,2,Wednesday,,
2020-06-18,00:00:00,78.871,79.138,78.43,78.654,211978740060,3,Thursday,,
2020-06-19,00:00:00,78.654,78.906,78.46,78.521,188585090430,4,Friday,,
2020-06-22,00:00:00,78.417,79.079,78.37,79.049,170937070070,0,Monday,-0.104,-0.13245
2020-06-23,00:00:00,79.053,79.335,78.497,78.601,211488820070,1,Tuesday,,
2020-06-24,00:00:00,78.6,78.854,78.379,78.483,201717349750,2,Wednesday,,
2020-06-25,00:00:00,78.482,78.769,78.311,78.59,186375769970,3,Thursday,,
2020-06-26,00:00:00,78.589,78.64,78.112,78.322,179641969830,4,Friday,,
2020-06-29,00:00:00,78.223,78.86,78.214,78.752,163424169900,0,Monday,-0.099,-0.1264
2020-06-30,00:00:00,78.746,79.56,78.614,79.492,174670370010,1,Tuesday,,
2020-07-01,00:00:00,79.469,79.696,78.993,79.086,150613709950,2,Wednesday,,
2020-07-02,00:00:00,79.087,79.328,78.927,79.241,140120549990,3,Thursday,,
2020-07-03,00:00:00,79.24,79.348,79.156,79.299,116466020090,4,Friday,,
2020-07-06,00:00:00,79.202,79.64,79.188,79.281,130161490120,0,Monday,-0.097,-0.12232
2020-07-07,00:00:00,79.288,79.419,79.008,79.03,143017049900,1,Tuesday,,
2020-07-08,00:00:00,79.034,79.471,78.941,79.368,157229419980,2,Wednesday,,
2020-07-09,00:00:00,79.369,79.537,78.841,78.902,162160580160,3,Thursday,,
2020-07-10,00:00:00,78.902,78.965,78.383,78.645,155334619830,4,Friday,,
2020-07-13,00:00:00,78.615,79.219,78.586,78.833,172150360000,0,Monday,-0.03,-0.03815
2020-07-14,00:00:00,78.83,78.896,78.601,78.749,233960228710,1,Tuesday,,
2020-07-15,00:00:00,78.748,79.192,78.547,79.15,198907299850,2,Wednesday,,
2020-07-16,00:00:00,79.146,79.286,78.994,78.994,161372180050,3,Thursday,,
2020-07-17,00:00:00,79.006,79.116,78.738,78.793,121198360040,4,Friday,,
2020-07-20,00:00:00,78.833,79.326,78.761,79.237,514908864920,0,Monday,0.04,0.05077
2020-07-21,00:00:00,79.225,79.732,79.099,79.341,174651799480,1,Tuesday,,
2020-07-22,00:00:00,79.345,79.979,79.285,79.857,228810391130,2,Wednesday,,
2020-07-23,00:00:00,79.857,80.142,79.627,79.673,230922359820,3,Thursday,,
2020-07-24,00:00:00,79.674,79.755,78.657,79.096,483303752010,4,Friday,,
2020-07-27,00:00:00,78.956,79.123,78.452,78.887,204076359970,0,Monday,-0.14,-0.177
2020-07-28,00:00:00,78.882,79.042,78.326,78.541,173037990200,1,Tuesday,,
2020-07-29,00:00:00,78.541,78.726,78.461,78.619,129713980080,2,Wednesday,,
2020-07-30,00:00:00,78.607,78.817,77.824,78.012,175666999860,3,Thursday,,
2020-07-31,00:00:00,78.013,79.097,77.613,78.859,318126180260,4,Friday,,
2020-08-03,00:00:00,78.889,79.319,78.685,79.105,227666259880,0,Monday,0.03,0.03804
2020-08-04,00:00:00,79.107,79.378,79.016,79.368,152502639880,1,Tuesday,,
2020-08-05,00:00:00,79.368,79.857,79.266,79.589,176315410450,2,Wednesday,,
2020-08-06,00:00:00,79.57,79.632,79.228,79.3,280084201990,3,Thursday,,
2020-08-07,00:00:00,79.323,79.412,78.956,79.127,220578230460,4,Friday,,
2020-08-10,00:00:00,79.039,79.384,78.861,79.36,139365900270,0,Monday,-0.088,-0.11121
2020-08-11,00:00:00,79.345,80.306,79.29,80.053,155162060120,1,Tuesday,,
2020-08-12,00:00:00,80.054,80.824,79.915,80.703,204580510060,2,Wednesday,,
2020-08-13,00:00:00,80.651,80.985,80.506,80.849,196992309390,3,Thursday,,
2020-08-14,00:00:00,80.841,80.953,80.279,80.327,151439700340,4,Friday,,
2020-08-17,00:00:00,80.318,80.486,80.2,80.203,157138929560,0,Monday,-0.009,-0.0112
2020-08-18,00:00:00,80.204,80.286,79.889,80.035,204368689520,1,Tuesday,,
2020-08-19,00:00:00,80.037,80.364,79.882,80.267,266584159870,2,Wednesday,,
2020-08-20,00:00:00,80.267,80.382,79.992,80.22,237739199610,3,Thursday,,
2020-08-21,00:00:00,80.227,80.325,79.894,80.271,251570158830,4,Friday,,
2020-08-24,00:00:00,80.217,80.487,80.023,80.169,121282019940,0,Monday,-0.054,-0.06727
2020-08-25,00:00:00,80.169,80.788,80.037,80.757,144543310160,1,Tuesday,,
2020-08-26,00:00:00,80.747,80.947,80.539,80.624,174258040140,2,Wednesday,,
2020-08-27,00:00:00,80.638,81.282,80.509,81.162,362273356290,3,Thursday,,
2020-08-28,00:00:00,81.171,81.579,80.297,80.405,580071978630,4,Friday,,
2020-08-31,00:00:00,80.451,81.416,80.372,81.16,183353059520,0,Monday,0.046,0.05721
2020-09-01,00:00:00,81.148,81.459,80.98,81.094,194265890010,1,Tuesday,,
2020-09-02,00:00:00,81.1,81.44,81.024,81.391,153898849860,2,Wednesday,,
2020-09-03,00:00:00,81.393,81.442,80.578,80.875,184697310040,3,Thursday,,
2020-09-04,00:00:00,80.869,81.409,80.712,81.315,188745349820,4,Friday,,
2020-09-07,00:00:00,81.373,81.391,80.974,81.087,98854850000,0,Monday,0.058,0.07133
2020-09-08,00:00:00,81.084,81.196,80.082,80.096,171801240030,1,Tuesday,,
2020-09-09,00:00:00,80.09,80.8,79.81,80.762,147244300060,2,Wednesday,,
2020-09-10,00:00:00,80.762,80.886,80.371,80.432,160089620180,3,Thursday,,
2020-09-11,00:00:00,80.431,80.772,80.35,80.535,137837699850,4,Friday,,
2020-09-14,00:00:00,80.435,80.646,80.116,80.237,117653260130,0,Monday,-0.1,-0.12417
2020-09-15,00:00:00,80.238,80.44,79.891,79.953,125172209790,1,Tuesday,,
2020-09-16,00:00:00,79.953,79.99,79.508,79.63,170957449930,2,Wednesday,,
2020-09-17,00:00:00,79.623,79.718,79.063,79.527,182695930160,3,Thursday,,
2020-09-18,00:00:00,79.53,79.766,79.046,79.17,148201929910,4,Friday,,
2020-09-21,00:00:00,79.127,79.273,78.517,78.629,173520079870,0,Monday,-0.043,-0.05431
2020-09-22,00:00:00,78.626,78.944,78.367,78.861,156342770090,1,Tuesday,,
2020-09-23,00:00:00,78.858,79.092,78.663,78.723,184116789740,2,Wednesday,,
2020-09-24,00:00:00,78.731,79.077,78.476,78.889,186122130070,3,Thursday,,
2020-09-25,00:00:00,78.891,79.047,78.694,78.832,150882169920,4,Friday,,
2020-09-28,00:00:00,78.796,78.966,78.599,78.881,137708050120,0,Monday,-0.036,-0.04567
2020-09-29,00:00:00,78.874,79.098,78.759,78.898,142831809840,1,Tuesday,,
2020-09-30,00:00:00,78.896,79.301,78.566,79.179,190018990000,2,Wednesday,,
2020-10-01,00:00:00,79.126,79.564,79.1,79.399,164529640120,3,Thursday,,
2020-10-02,00:00:00,79.395,79.482,78.747,79.054,192782560180,4,Friday,,
2020-10-05,00:00:00,79.112,79.774,79.109,79.695,129595390050,0,Monday,0.058,0.07337
2020-10-06,00:00:00,79.692,79.798,79.268,79.333,146273749950,1,Tuesday,,
2020-10-07,00:00:00,79.332,79.956,79.184,79.95,129101109840,2,Wednesday,,
2020-10-08,00:00:00,79.939,80.357,79.842,80.335,113637720070,3,Thursday,,
2020-10-09,00:00:00,80.339,80.606,80.231,80.447,111109460100,4,Friday,,
2020-10-12,00:00:00,80.532,80.592,80.259,80.319,96500999950,0,Monday,0.085,0.10566
2020-10-13,00:00:00,80.32,80.523,80.121,80.264,113388749960,1,Tuesday,,
2020-10-14,00:00:00,80.262,80.345,79.854,79.996,115674559880,2,Wednesday,,
2020-10-15,00:00:00,79.99,80.091,79.443,79.729,137737209960,3,Thursday,,
2020-10-16,00:00:00,79.757,79.994,79.465,79.834,110126409940,4,Friday,,
2020-10-19,00:00:00,79.862,80.194,79.822,79.919,99566590040,0,Monday,0.028,0.03507
2020-10-20,00:00:00,79.908,80.519,79.847,80.352,99627210080,1,Tuesday,,
2020-10-21,00:00:00,80.351,80.473,79.499,79.556,130885359970,2,Wednesday,,
2020-10-22,00:00:00,79.559,79.89,79.397,79.817,102229669920,3,Thursday,,
2020-10-23,00:00:00,79.82,79.913,79.582,79.717,93001400000,4,Friday,,
2020-10-25,00:00:00,79.674,79.701,79.627,79.627,144750000,6,Sunday,,
2020-10-26,00:00:00,79.625,79.765,79.295,79.365,110103920140,0,Monday,-0.002,-0.00251
2020-10-27,00:00:00,79.365,79.535,79.148,79.23,94763970070,1,Tuesday,,
2020-10-28,00:00:00,79.216,79.267,78.22,78.296,136242849870,2,Wednesday,,
2020-10-29,00:00:00,78.295,78.633,77.912,78.501,135346350140,3,Thursday,,
2020-10-30,00:00:00,78.499,78.705,78.063,78.522,147092469870,4,Friday,,
2020-11-02,00:00:00,78.458,79.262,78.209,79.221,126397660090,0,Monday,-0.064,-0.08151
2020-11-03,00:00:00,79.217,79.821,78.989,79.437,133837060030,1,Tuesday,,
2020-11-04,00:00:00,79.423,79.867,78.873,79.504,273848259780,2,Wednesday,,
2020-11-05,00:00:00,79.509,79.7,79.184,79.315,184335220030,3,Thursday,,
2020-11-06,00:00:00,79.293,79.39,78.951,79.134,169637450030,4,Friday,,
2020-11-09,00:00:00,79.206,81.424,79.06,81.001,208210819890,0,Monday,0.072,0.09098
2020-11-10,00:00:00,80.995,81.1,80.559,80.775,181920970000,1,Tuesday,,
2020-11-11,00:00:00,80.778,80.95,80.574,80.692,127459690010,2,Wednesday,,
2020-11-12,00:00:00,80.695,80.732,79.929,79.978,125421009980,3,Thursday,,
2020-11-13,00:00:00,79.976,80.095,79.409,79.546,108362320020,4,Friday,,
2020-11-16,00:00:00,79.688,80.337,79.56,79.971,125710790100,0,Monday,0.142,0.17851
2020-11-17,00:00:00,79.98,80.0,79.384,79.503,115860990050,1,Tuesday,,
2020-11-18,00:00:00,79.497,79.663,79.236,79.36,122110259880,2,Wednesday,,
2020-11-19,00:00:00,79.359,79.489,79.226,79.342,119343460070,3,Thursday,,
2020-11-20,00:00:00,79.345,79.579,79.25,79.252,100112980090,4,Friday,,
2020-11-23,00:00:00,79.264,79.953,79.256,79.834,118588270110,0,Monday,0.012,0.01514
2020-11-24,00:00:00,79.807,80.411,79.728,80.349,132461040030,1,Tuesday,,
2020-11-25,00:00:00,80.343,80.478,80.113,80.313,122228440000,2,Wednesday,,
2020-11-26,00:00:00,80.299,80.346,80.047,80.065,98696900040,3,Thursday,,
2020-11-27,00:00:00,80.075,80.248,79.837,80.06,97833710030,4,Friday,,
2020-11-30,00:00:00,80.015,80.644,79.926,80.211,152391350040,0,Monday,-0.045,-0.05621
2020-12-01,00:00:00,80.211,80.759,80.148,80.633,131057650060,1,Tuesday,,
2020-12-02,00:00:00,80.617,81.011,80.564,80.825,134852789950,2,Wednesday,,
2020-12-03,00:00:00,80.827,80.907,80.423,80.712,125813239980,3,Thursday,,
2020-12-04,00:00:00,80.712,81.563,80.623,81.435,121490860000,4,Friday,,
2020-12-07,00:00:00,81.412,81.553,81.162,81.295,126487339960,0,Monday,-0.023,-0.02824
2020-12-08,00:00:00,81.296,81.473,81.168,81.242,117082430070,1,Tuesday,,
2020-12-09,00:00:00,81.244,81.625,81.205,81.297,114065739930,2,Wednesday,,
2020-12-10,00:00:00,81.303,82.117,81.211,81.812,137810849970,3,Thursday,,
2020-12-11,00:00:00,81.812,81.829,81.289,81.433,125066379940,4,Friday,,
2020-12-14,00:00:00,81.53,81.622,81.298,81.487,117478390230,0,Monday,0.097,0.11912
2020-12-15,00:00:00,81.488,81.724,81.375,81.616,100407720090,1,Tuesday,,
2020-12-16,00:00:00,81.614,81.664,80.952,81.118,113734120020,2,Wednesday,,
2020-12-17,00:00:00,81.115,81.31,80.927,81.038,98500470120,3,Thursday,,
2020-12-18,00:00:00,81.038,81.299,80.714,80.729,102693240060,4,Friday,,
2020-12-21,00:00:00,80.848,80.899,80.144,80.354,165507809940,0,Monday,0.119,0.14741
2020-12-22,00:00:00,80.349,80.463,80.139,80.28,120831510000,1,Tuesday,,
2020-12-23,00:00:00,80.277,80.709,80.19,80.579,110133709990,2,Wednesday,,
2020-12-24,00:00:00,80.579,80.906,80.379,80.39,89334720010,3,Thursday,,
2020-12-25,00:00:00,80.542,80.598,80.34,80.385,3881680000,4,Friday,,
2020-12-28,00:00:00,80.455,80.857,80.446,80.699,101156419980,0,Monday,0.07,0.08708
2020-12-29,00:00:00,80.696,81.052,80.696,80.796,147600320170,1,Tuesday,,
2020-12-30,00:00:00,80.796,81.038,80.527,80.822,125351019940,2,Wednesday,,
2020-12-31,00:00:00,80.829,81.181,80.743,81.074,99178739980,3,Thursday,,
2021-01-04,00:00:00,81.031,81.191,80.6,80.671,154637669780,0,Monday,-0.043,-0.05304
2021-01-05,00:00:00,80.663,81.112,80.556,81.074,146732270040,1,Tuesday,,
2021-01-06,00:00:00,81.075,81.534,80.957,81.255,203091229790,2,Wednesday,,
2021-01-07,00:00:00,81.252,81.938,81.212,81.784,131618680060,3,Thursday,,
2021-01-08,00:00:00,81.784,81.987,81.607,81.903,153558360100,4,Friday,,
2021-01-11,00:00:00,81.746,81.839,81.233,81.542,129298820010,0,Monday,-0.157,-0.19169
2021-01-12,00:00:00,81.538,81.813,81.47,81.615,113682230010,1,Tuesday,,
2021-01-13,00:00:00,81.612,81.918,81.45,81.787,113325340020,2,Wednesday,,
2021-01-14,00:00:00,81.787,82.185,81.719,82.127,120359340160,3,Thursday,,
2021-01-15,00:00:00,82.124,82.148,81.313,81.532,118168339970,4,Friday,,
2021-01-18,00:00:00,81.471,81.592,81.081,81.247,136781099960,0,Monday,-0.061,-0.07482
2021-01-19,00:00:00,81.25,81.789,81.241,81.575,100232879930,1,Tuesday,,
2021-01-20,00:00:00,81.566,82.123,81.466,81.895,97663850050,2,Wednesday,,
2021-01-21,00:00:00,81.896,82.205,81.844,81.885,101070440010,3,Thursday,,
2021-01-22,00:00:00,81.883,81.92,81.417,81.417,94274300050,4,Friday,,
2021-01-25,00:00:00,81.579,81.773,81.235,81.415,96204659890,0,Monday,0.162,0.19898
2021-01-26,00:00:00,81.416,81.687,81.161,81.611,84883260010,1,Tuesday,,
2021-01-27,00:00:00,81.605,81.671,81.22,81.281,125465410000,2,Wednesday,,
2021-01-28,00:00:00,81.278,81.555,80.984,81.228,126298540060,3,Thursday,,
2021-01-29,00:00:00,81.22,82.189,81.143,81.854,151274950010,4,Friday,,
2021-02-01,00:00:00,81.933,82.046,81.575,81.612,121335680120,0,Monday,0.079,0.09651
2021-02-02,00:00:00,81.613,82.148,81.569,82.121,111203500050,1,Tuesday,,
2021-02-03,00:00:00,82.123,82.287,81.991,82.138,90897210060,2,Wednesday,,
2021-02-04,00:00:00,82.137,82.356,82.082,82.251,84798860080,3,Thursday,,
2021-02-05,00:00:00,82.238,82.629,82.238,82.526,94606870090,4,Friday,,
2021-02-08,00:00:00,82.537,82.709,82.397,82.581,87976279940,0,Monday,0.011,0.01333
2021-02-09,00:00:00,82.585,82.614,81.96,82.38,95550319990,1,Tuesday,,
2021-02-10,00:00:00,82.358,82.561,82.238,82.328,96784370120,2,Wednesday,,
2021-02-11,00:00:00,82.33,82.669,82.282,82.425,74254769960,3,Thursday,,
2021-02-12,00:00:00,82.424,82.768,82.329,82.601,69592570080,4,Friday,,
2021-02-15,00:00:00,82.699,83.396,82.658,83.318,66632160020,0,Monday,0.098,0.11864
2021-02-16,00:00:00,83.279,83.745,83.226,83.532,90672310160,1,Tuesday,,
2021-02-17,00:00:00,83.539,83.619,83.03,83.311,107622050150,2,Wednesday,,
2021-02-18,00:00:00,83.292,83.419,83.107,83.329,91267850030,3,Thursday,,
2021-02-19,00:00:00,83.322,83.859,83.099,83.494,92819840040,4,Friday,,
2021-02-22,00:00:00,83.551,83.94,83.153,83.266,102388880070,0,Monday,0.057,0.06827
2021-02-23,00:00:00,83.27,83.702,83.194,83.601,97150090080,1,Tuesday,,
2021-02-24,00:00:00,83.602,84.646,83.511,84.61,124530290110,2,Wednesday,,
2021-02-25,00:00:00,84.605,85.097,84.185,84.206,164539760190,3,Thursday,,
2021-02-26,00:00:00,84.181,84.422,83.541,83.589,247860910030,4,Friday,,
2021-03-01,00:00:00,83.64,84.468,83.574,84.414,120303690090,0,Monday,0.051,0.06101
2021-03-02,00:00:00,84.415,84.708,84.109,84.405,130700010090,1,Tuesday,,
2021-03-03,00:00:00,84.409,84.865,84.382,84.548,126717860110,2,Wednesday,,
2021-03-04,00:00:00,84.543,85.536,84.438,85.232,196141619750,3,Thursday,,
2021-03-05,00:00:00,85.231,85.696,84.936,85.538,213700509840,4,Friday,,
2021-03-08,00:00:00,85.574,86.109,85.451,85.943,178567930000,0,Monday,0.036,0.04209
2021-03-09,00:00:00,85.946,86.38,85.725,85.803,164595079900,1,Tuesday,,
2021-03-10,00:00:00,85.793,86.046,85.754,85.867,143853390070,2,Wednesday,,
2021-03-11,00:00:00,85.864,86.603,85.848,86.549,133375319770,3,Thursday,,
2021-03-12,00:00:00,86.547,87.489,86.547,87.332,124167080160,4,Friday,,
2021-03-14,00:00:00,87.319,87.333,87.252,87.322,114670000,6,Sunday,,
2021-03-15,00:00:00,87.322,87.663,87.211,87.466,118812989890,0,Monday,0.0,0.0
2021-03-16,00:00:00,87.459,87.641,87.221,87.589,111834329940,1,Tuesday,,
2021-03-17,00:00:00,87.588,87.782,87.43,87.725,117512399930,2,Wednesday,,
2021-03-18,00:00:00,87.72,88.078,86.883,87.169,152631139980,3,Thursday,,
2021-03-19,00:00:00,87.17,87.3,86.808,87.039,122903500140,4,Friday,,
2021-03-21,00:00:00,86.718,86.739,86.693,86.712,791610000,6,Sunday,,
2021-03-22,00:00:00,86.711,87.2,86.704,86.897,83848700050,0,Monday,-0.001,-0.00115
2021-03-23,00:00:00,86.893,86.924,86.073,86.314,99948940120,1,Tuesday,,
2021-03-24,00:00:00,86.312,86.81,86.086,86.426,92150080040,2,Wednesday,,
2021-03-25,00:00:00,86.422,86.938,86.372,86.576,106711810050,3,Thursday,,
2021-03-26,00:00:00,86.576,87.397,86.564,87.112,89612450090,4,Friday,,
2021-03-29,00:00:00,87.217,87.264,86.629,87.206,87990769910,0,Monday,0.105,0.12053
2021-03-30,00:00:00,87.205,87.642,87.128,87.291,81933910050,1,Tuesday,,
2021-03-31,00:00:00,87.296,88.24,87.277,88.116,97075949920,2,Wednesday,,
2021-04-01,00:00:00,88.113,88.235,87.832,88.097,91031789940,3,Thursday,,
2021-04-02,00:00:00,88.092,88.303,87.833,87.906,67439330020,4,Friday,,
2021-04-05,00:00:00,87.896,88.193,87.818,87.927,69158530060,0,Monday,-0.01,-0.01138
2021-04-06,00:00:00,87.929,88.09,87.278,87.308,89262280090,1,Tuesday,,
2021-04-07,00:00:00,87.293,87.38,86.852,87.093,96838080090,2,Wednesday,,
2021-04-08,00:00:00,87.091,87.127,86.499,86.949,91314290180,3,Thursday,,
2021-04-09,00:00:00,86.952,87.575,86.756,87.473,93330639980,4,Friday,,
2021-04-12,00:00:00,87.272,87.59,87.02,87.032,82437640010,0,Monday,-0.201,-0.22979
2021-04-13,00:00:00,87.034,87.256,86.568,86.991,98726060080,1,Tuesday,,
2021-04-14,00:00:00,86.989,87.158,86.623,86.968,95486819960,2,Wednesday,,
2021-04-15,00:00:00,86.96,87.187,86.595,86.681,85220790010,3,Thursday,,
2021-04-16,00:00:00,86.68,87.113,86.555,86.946,82140090070,4,Friday,,
2021-04-19,00:00:00,86.916,86.976,86.183,86.247,97753549940,0,Monday,-0.03,-0.0345
2021-04-20,00:00:00,86.211,86.903,85.643,85.688,107235269950,1,Tuesday,,
2021-04-21,00:00:00,85.682,86.787,85.424,86.445,98273549980,2,Wednesday,,
2021-04-22,00:00:00,86.436,86.723,86.19,86.302,98090449980,3,Thursday,,
2021-04-23,00:00:00,86.294,86.579,86.004,86.457,86711739950,4,Friday,,
2021-04-26,00:00:00,86.415,87.322,86.338,87.144,94792660120,0,Monday,-0.042,-0.04858
2021-04-27,00:00:00,87.141,87.716,87.121,87.647,84811740000,1,Tuesday,,
2021-04-28,00:00:00,87.626,88.275,87.572,88.165,100123200060,2,Wednesday,,
2021-04-29,00:00:00,88.163,88.857,88.062,88.646,92058480090,3,Thursday,,
2021-04-30,00:00:00,88.643,89.046,88.529,88.894,94596570060,4,Friday,,
2021-05-03,00:00:00,88.821,89.176,88.644,88.793,83246569990,0,Monday,-0.073,-0.08212
2021-05-04,00:00:00,88.779,88.957,88.431,88.782,102934400120,1,Tuesday,,
2021-05-05,00:00:00,88.774,89.155,88.747,88.991,80829130010,2,Wednesday,,
2021-05-06,00:00:00,88.991,89.827,88.923,89.769,107105599940,3,Thursday,,
2021-05-07,00:00:00,89.757,89.836,89.067,89.453,112886490030,4,Friday,,
2021-05-10,00:00:00,89.523,90.111,89.371,89.874,100749089970,0,Monday,0.07,0.07825
2021-05-11,00:00:00,89.869,90.06,89.358,89.742,115943979980,1,Tuesday,,
2021-05-12,00:00:00,89.743,90.642,89.699,90.366,137900840180,2,Wednesday,,
2021-05-13,00:00:00,90.363,90.581,89.733,89.972,126170310120,3,Thursday,,
2021-05-14,00:00:00,89.969,90.505,89.91,90.249,91067069990,4,Friday,,
2021-05-17,00:00:00,90.176,90.533,90.001,90.479,89661230070,0,Monday,-0.073,-0.08089
2021-05-18,00:00:00,90.462,90.74,90.186,90.194,95839340010,1,Tuesday,,
2021-05-19,00:00:00,90.205,90.581,89.581,90.007,147648840090,2,Wednesday,,
2021-05-20,00:00:00,90.003,90.284,89.716,90.162,101168959950,3,Thursday,,
2021-05-21,00:00:00,90.153,90.46,89.85,90.259,105867559860,4,Friday,,
2021-05-24,00:00:00,90.177,90.37,90.012,90.262,82715759970,0,Monday,-0.082,-0.09085
2021-05-25,00:00:00,90.255,90.502,90.085,90.085,109323699990,1,Tuesday,,
2021-05-26,00:00:00,90.085,90.362,89.858,90.004,94189870080,2,Wednesday,,
2021-05-27,00:00:00,90.001,91.063,89.909,90.956,104774819990,3,Thursday,,
2021-05-28,00:00:00,90.945,91.166,90.756,90.923,93806260080,4,Friday,,
2021-05-31,00:00:00,90.932,91.007,90.519,90.778,74972050080,0,Monday,0.009,0.0099
2021-06-01,00:00:00,90.791,91.183,90.624,90.662,85508199960,1,Tuesday,,
2021-06-02,00:00:00,90.662,91.068,90.611,91.004,81636259950,2,Wednesday,,
2021-06-03,00:00:00,91.001,91.145,90.895,91.061,91966549930,3,Thursday,,
2021-06-04,00:00:00,91.05,91.109,90.459,90.645,88662140020,4,Friday,,
2021-06-07,00:00:00,90.684,90.78,90.321,90.407,70729969940,0,Monday,0.039,0.04302
2021-06-08,00:00:00,90.405,90.659,90.332,90.379,82526479980,1,Tuesday,,
2021-06-09,00:00:00,90.377,90.704,90.328,90.494,68626750070,2,Wednesday,,
2021-06-10,00:00:00,90.491,90.792,90.315,90.356,89109639990,3,Thursday,,
2021-06-11,00:00:00,90.334,90.596,90.089,90.162,86281760050,4,Friday,,
2021-06-14,00:00:00,90.138,90.673,90.076,90.591,77770350030,0,Monday,-0.024,-0.02662
2021-06-15,00:00:00,90.597,90.742,90.228,90.264,70620390040,1,Tuesday,,
2021-06-16,00:00:00,90.283,90.426,89.969,90.156,101953049900,2,Wednesday,,
2021-06-17,00:00:00,90.159,90.249,89.019,89.068,129889809880,3,Thursday,,
2021-06-18,00:00:00,89.151,89.362,88.313,88.313,133291100000,4,Friday,,
2021-06-21,00:00:00,88.351,89.299,87.959,89.181,134046620060,0,Monday,0.038,0.04303
2021-06-22,00:00:00,89.182,89.954,89.017,89.86,90755040090,1,Tuesday,,
2021-06-23,00:00:00,89.861,90.404,89.818,90.14,84079489870,2,Wednesday,,
2021-06-24,00:00:00,90.144,90.317,89.824,89.918,95663279960,3,Thursday,,
2021-06-25,00:00:00,89.911,90.214,89.872,90.029,70300610010,4,Friday,,
2021-06-28,00:00:00,90.068,90.159,89.538,89.625,72307010000,0,Monday,0.039,0.04332
2021-06-29,00:00:00,89.635,89.676,89.054,89.054,74556250000,1,Tuesday,,
2021-06-30,00:00:00,89.055,89.733,88.901,89.587,90591089860,2,Wednesday,,
2021-07-01,00:00:00,89.588,90.108,89.494,89.615,77333889950,3,Thursday,,
2021-07-02,00:00:00,89.599,90.189,89.584,90.013,88674839980,4,Friday,,
2021-07-05,00:00:00,90.013,90.17,89.684,89.828,82525450060,0,Monday,0.0,0.0
2021-07-06,00:00:00,89.832,90.1,88.484,88.729,94119550090,1,Tuesday,,
2021-07-07,00:00:00,88.76,89.126,88.402,88.588,105308230100,2,Wednesday,,
2021-07-08,00:00:00,88.54,88.659,87.105,87.511,154464869920,3,Thursday,,
2021-07-09,00:00:00,87.464,88.495,87.439,88.431,125756740000,4,Friday,,
2021-07-12,00:00:00,88.286,88.63,87.984,88.61,97805249930,0,Monday,-0.145,-0.16397
2021-07-13,00:00:00,88.597,88.71,88.011,88.378,106197360110,1,Tuesday,,
2021-07-14,00:00:00,88.362,88.567,87.825,87.839,119566910010,2,Wednesday,,
2021-07-15,00:00:00,87.832,87.917,87.053,87.165,120970379970,3,Thursday,,
2021-07-16,00:00:00,87.148,87.722,87.124,87.211,101317360050,4,Friday,,
2021-07-19,00:00:00,87.198,87.27,85.42,85.806,139388350190,0,Monday,-0.013,-0.01491
2021-07-20,00:00:00,85.788,86.667,85.558,86.583,134214710000,1,Tuesday,,
2021-07-21,00:00:00,86.574,88.0,86.264,87.755,115093519980,2,Wednesday,,
2021-07-22,00:00:00,87.756,87.947,87.433,87.596,106544519970,3,Thursday,,
2021-07-23,00:00:00,87.658,88.041,87.515,87.896,86769180060,4,Friday,,
2021-07-26,00:00:00,87.895,88.019,87.505,87.839,95178479990,0,Monday,-0.001,-0.00114
2021-07-27,00:00:00,87.912,88.0,87.078,87.087,110337850090,1,Tuesday,,
2021-07-28,00:00:00,87.075,87.823,87.04,87.675,123299070020,2,Wednesday,,
2021-07-29,00:00:00,87.671,88.17,87.549,87.898,91565520160,3,Thursday,,
2021-07-30,00:00:00,87.916,88.292,87.773,87.938,102077470070,4,Friday,,
2021-08-02,00:00:00,87.797,88.066,87.264,87.311,84744080150,0,Monday,-0.141,-0.16034
2021-08-03,00:00:00,87.311,87.498,86.574,86.924,114446869880,1,Tuesday,,
2021-08-04,00:00:00,86.913,87.438,86.662,87.276,98018159960,2,Wednesday,,
2021-08-05,00:00:00,87.279,87.935,87.203,87.685,97575970120,3,Thursday,,
2021-08-06,00:00:00,87.766,88.035,87.653,87.762,92307940040,4,Friday,,
2021-08-09,00:00:00,87.715,87.866,87.588,87.623,88252479970,0,Monday,-0.047,-0.05355
2021-08-10,00:00:00,87.618,88.316,87.61,88.278,86166879970,1,Tuesday,,
2021-08-11,00:00:00,88.278,88.459,88.21,88.285,91952379890,2,Wednesday,,
2021-08-12,00:00:00,88.263,88.375,88.056,88.086,70591929990,3,Thursday,,
2021-08-13,00:00:00,88.068,88.219,87.473,87.473,69391990060,4,Friday,,
2021-08-16,00:00:00,87.503,87.688,86.739,86.804,80967740040,0,Monday,0.03,0.0343
2021-08-17,00:00:00,86.804,86.968,86.39,86.73,96584569900,1,Tuesday,,
2021-08-18,00:00:00,86.702,87.142,86.611,86.691,98701860100,2,Wednesday,,
2021-08-19,00:00:00,86.686,86.84,85.477,85.477,136954590200,3,Thursday,,
2021-08-20,00:00:00,85.481,85.738,84.667,85.543,108841290110,4,Friday,,
2021-08-23,00:00:00,85.438,86.76,85.353,86.651,94213799980,0,Monday,-0.105,-0.12275
2021-08-24,00:00:00,86.679,87.164,86.615,87.053,85739060000,1,Tuesday,,
2021-08-25,00:00:00,87.054,87.384,86.885,87.363,88490369990,2,Wednesday,,
2021-08-26,00:00:00,87.325,87.497,86.656,86.751,96852570130,3,Thursday,,
2021-08-27,00:00:00,86.753,87.183,86.545,86.981,91909549950,4,Friday,,
2021-08-30,00:00:00,86.967,87.429,86.89,87.165,55131360060,0,Monday,-0.014,-0.0161
2021-08-31,00:00:00,87.163,87.43,86.805,87.168,102462000130,1,Tuesday,,
2021-09-01,00:00:00,87.163,87.724,87.058,87.102,97070370010,2,Wednesday,,
2021-09-02,00:00:00,87.088,87.637,86.993,87.549,85811860180,3,Thursday,,
2021-09-03,00:00:00,87.548,87.888,87.428,87.521,103798849970,4,Friday,,
2021-09-06,00:00:00,87.51,87.734,87.489,87.574,67769080060,0,Monday,-0.011,-0.01257
2021-09-07,00:00:00,87.593,87.716,87.151,87.173,111272189940,1,Tuesday,,
2021-09-08,00:00:00,87.171,87.345,86.452,86.844,112402320090,2,Wednesday,,
2021-09-09,00:00:00,86.839,86.899,86.374,86.6,110425319960,3,Thursday,,
2021-09-10,00:00:00,86.58,87.309,86.551,86.575,100441319950,4,Friday,,
2021-09-13,00:00:00,86.597,87.012,86.506,86.91,87213820000,0,Monday,0.022,0.02541
2021-09-14,00:00:00,86.911,87.236,86.324,86.397,96901620100,1,Tuesday,,
2021-09-15,00:00:00,86.384,86.626,85.959,86.566,100348059990,2,Wednesday,,
2021-09-16,00:00:00,86.551,86.815,86.317,86.479,95838360110,3,Thursday,,
2021-09-17,00:00:00,86.482,87.02,86.083,86.083,98362260070,4,Friday,,
2021-09-20,00:00:00,86.11,86.214,84.894,85.23,121379810010,0,Monday,0.027,0.03137
2021-09-21,00:00:00,85.256,86.022,85.027,85.11,115963260060,1,Tuesday,,
2021-09-22,00:00:00,85.172,86.261,85.029,85.928,132265990200,2,Wednesday,,
2021-09-23,00:00:00,85.922,87.2,85.841,87.162,109082169870,3,Thursday,,
2021-09-24,00:00:00,87.161,87.628,86.833,87.469,100357279860,4,Friday,,
2021-09-27,00:00:00,87.482,87.974,87.262,87.876,108229310090,0,Monday,0.013,0.01486
2021-09-28,00:00:00,87.864,88.312,87.622,87.823,154555299710,1,Tuesday,,
2021-09-29,00:00:00,87.817,88.089,87.64,87.727,147119959870,2,Wednesday,,
2021-09-30,00:00:00,87.727,88.305,87.636,87.717,156688929920,3,Thursday,,
2021-10-01,00:00:00,87.698,87.961,87.178,87.754,166406229870,4,Friday,,
2021-10-04,00:00:00,87.677,88.521,87.673,88.095,149949740090,0,Monday,-0.077,-0.08775
2021-10-05,00:00:00,88.082,88.829,87.965,88.549,129637029870,1,Tuesday,,
2021-10-06,00:00:00,88.54,88.748,87.995,88.462,158507070110,2,Wednesday,,
2021-10-07,00:00:00,88.449,88.995,88.338,88.889,109709780030,3,Thursday,,
2021-10-08,00:00:00,88.885,90.057,88.866,89.945,125251970050,4,Friday,,
2021-10-11,00:00:00,89.779,91.021,89.779,90.733,100396540030,0,Monday,-0.166,-0.18456
2021-10-12,00:00:00,90.715,91.409,90.536,91.095,136766790230,1,Tuesday,,
2021-10-13,00:00:00,91.095,91.35,90.921,91.004,119754469990,2,Wednesday,,
2021-10-14,00:00:00,90.99,91.998,90.896,91.888,100549700010,3,Thursday,,
2021-10-15,00:00:00,91.874,92.669,91.738,92.392,112641870020,4,Friday,,
2021-10-18,00:00:00,92.153,92.569,92.068,92.33,124172579930,0,Monday,-0.239,-0.25868
2021-10-19,00:00:00,92.308,92.699,92.242,92.46,108184579890,1,Tuesday,,
2021-10-20,00:00:00,92.457,92.864,92.341,92.703,115566070060,2,Wednesday,,
2021-10-21,00:00:00,92.687,93.019,91.888,92.12,126428730030,3,Thursday,,
2021-10-22,00:00:00,92.102,92.488,91.651,91.721,129162130010,4,Friday,,
2021-10-25,00:00:00,91.772,92.142,91.696,91.811,116891709900,0,Monday,0.051,0.0556
2021-10-26,00:00:00,91.799,92.516,91.746,92.088,101105810110,1,Tuesday,,
2021-10-27,00:00:00,92.082,92.47,91.242,92.055,138098620110,2,Wednesday,,
2021-10-28,00:00:00,92.033,92.106,91.703,91.958,145648579940,3,Thursday,,
2021-10-29,00:00:00,91.949,92.261,91.716,91.997,145018550090,4,Friday,,
2021-10-31,00:00:00,92.038,92.139,92.032,92.129,335050000,6,Sunday,,
2021-11-01,00:00:00,92.124,92.488,92.039,92.1,106951270110,0,Monday,-0.005,-0.00543
2021-11-02,00:00:00,92.101,92.236,91.423,91.807,121343649990,1,Tuesday,,
2021-11-03,00:00:00,91.81,92.057,91.551,91.974,121948640030,2,Wednesday,,
2021-11-04,00:00:00,91.974,92.199,91.122,91.288,119960340220,3,Thursday,,
2021-11-05,00:00:00,91.286,91.559,90.938,90.958,130413389910,4,Friday,,
2021-11-08,00:00:00,90.975,91.298,90.739,90.98,105695810170,0,Monday,0.017,0.01869
2021-11-09,00:00:00,90.967,91.033,90.417,90.673,122327779900,1,Tuesday,,
2021-11-10,00:00:00,90.666,91.705,90.608,91.145,146752999980,2,Wednesday,,
2021-11-11,00:00:00,91.13,91.358,90.46,90.64,110142750080,3,Thursday,,
2021-11-12,00:00:00,90.616,90.857,90.438,90.724,100271450050,4,Friday,,
2021-11-15,00:00:00,90.751,91.234,90.666,91.144,95291670050,0,Monday,0.027,0.02976
2021-11-16,00:00:00,91.144,91.474,91.08,91.31,115586389990,1,Tuesday,,
2021-11-17,00:00:00,91.384,91.596,90.34,90.413,123952120120,2,Wednesday,,
2021-11-18,00:00:00,90.375,90.732,90.226,90.622,116385920080,3,Thursday,,
2021-11-19,00:00:00,90.599,90.849,89.707,90.137,147445790130,4,Friday,,
2021-11-22,00:00:00,90.066,90.598,90.066,90.416,136176719870,0,Monday,-0.071,-0.07877
2021-11-23,00:00:00,90.407,90.949,89.951,90.855,159250509920,1,Tuesday,,
2021-11-24,00:00:00,90.86,91.237,90.54,91.062,147597150050,2,Wednesday,,
2021-11-25,00:00:00,91.04,91.267,90.95,91.163,100492500140,3,Thursday,,
2021-11-26,00:00:00,91.148,91.182,88.396,88.446,239797730400,4,Friday,,
2021-11-29,00:00:00,89.139,89.444,88.591,89.08,187636980240,0,Monday,0.693,0.78353
2021-11-30,00:00:00,89.071,89.396,88.023,88.527,246140210060,1,Tuesday,,
2021-12-01,00:00:00,88.515,89.265,87.87,87.934,192265360180,2,Wednesday,,
2021-12-02,00:00:00,87.935,88.67,87.812,88.34,191599159990,3,Thursday,,
2021-12-03,00:00:00,88.329,89.121,87.704,87.733,192603200240,4,Friday,,
2021-12-06,00:00:00,87.878,88.998,87.874,88.925,146606159930,0,Monday,0.145,0.16527
2021-12-07,00:00:00,88.912,89.922,88.819,89.812,121124000020,1,Tuesday,,
2021-12-08,00:00:00,89.802,90.361,89.49,89.802,153565169950,2,Wednesday,,
2021-12-09,00:00:00,89.748,89.918,89.146,89.221,115344210030,3,Thursday,,
2021-12-10,00:00:00,89.208,89.601,88.987,89.038,137296869780,4,Friday,,
2021-12-13,00:00:00,88.936,89.351,88.513,88.642,118314659840,0,Monday,-0.102,-0.11456
2021-12-14,00:00:00,88.56,88.846,88.306,88.306,123432560270,1,Tuesday,,
2021-12-15,00:00:00,88.322,88.877,88.071,88.792,133231330040,2,Wednesday,,
2021-12-16,00:00:00,88.776,89.439,88.64,88.931,144107219830,3,Thursday,,
2021-12-17,00:00:00,88.908,89.085,88.127,88.131,160299250250,4,Friday,,
2021-12-20,00:00:00,88.128,88.221,87.436,87.719,168157920250,0,Monday,-0.003,-0.0034
2021-12-21,00:00:00,87.709,88.364,87.689,88.325,106448410070,1,Tuesday,,
2021-12-22,00:00:00,88.324,88.953,88.194,88.844,92443040150,2,Wednesday,,
2021-12-23,00:00:00,88.83,89.401,88.778,89.222,76514260060,3,Thursday,,
2021-12-24,00:00:00,89.213,89.434,89.108,89.216,187483610140,4,Friday,,
2021-12-27,00:00:00,89.249,89.891,89.169,89.738,57478230010,0,Monday,0.033,0.03699
2021-12-28,00:00:00,89.747,89.887,89.447,89.493,76362229970,1,Tuesday,,
2021-12-29,00:00:00,89.475,89.904,89.433,89.819,80059469970,2,Wednesday,,
2021-12-30,00:00:00,89.803,90.353,89.802,90.23,66533140020,3,Thursday,,
2021-12-31,00:00:00,90.266,91.253,90.233,91.017,73669319950,4,Friday,,
2022-01-03,00:00:00,90.929,91.137,90.22,90.467,89390840060,0,Monday,-0.088,-0.09669
2022-01-04,00:00:00,90.454,91.663,90.332,91.337,110996590030,1,Tuesday,,
2022-01-05,00:00:00,91.337,91.523,90.856,90.988,111261640110,2,Wednesday,,
2022-01-06,00:00:00,90.961,91.141,90.292,90.938,132912030020,3,Thursday,,
2022-01-07,00:00:00,90.93,91.498,90.9,91.352,108271200050,4,Friday,,
2022-01-10,00:00:00,91.341,91.691,90.629,90.779,119720100050,0,Monday,-0.011,-0.01204
2022-01-11,00:00:00,90.812,91.799,90.784,91.655,119717900130,1,Tuesday,,
2022-01-12,00:00:00,91.642,92.176,91.464,91.61,109734789990,2,Wednesday,,
2022-01-13,00:00:00,91.598,91.787,91.14,91.174,106618570120,3,Thursday,,
2022-01-14,00:00:00,91.162,91.338,90.539,90.912,142943670140,4,Friday,,
2022-01-17,00:00:00,90.981,91.655,90.916,91.546,77552120030,0,Monday,0.069,0.0759
2022-01-18,00:00:00,91.545,92.001,91.218,91.552,157065030010,1,Tuesday,,
2022-01-19,00:00:00,91.542,91.938,91.28,91.332,140896599970,2,Wednesday,,
2022-01-20,00:00:00,91.32,91.697,91.185,91.227,138227940060,3,Thursday,,
2022-01-21,00:00:00,91.22,91.282,90.278,90.297,172193780130,4,Friday,,
2022-01-24,00:00:00,90.309,90.741,89.567,90.081,231287519970,0,Monday,0.012,0.01329
2022-01-25,00:00:00,90.079,90.426,89.797,90.132,229869800140,1,Tuesday,,
2022-01-26,00:00:00,90.132,91.012,90.079,90.442,211108300100,2,Wednesday,,
2022-01-27,00:00:00,90.418,91.165,90.097,90.514,257111139780,3,Thursday,,
2022-01-28,00:00:00,90.497,90.808,90.042,90.172,224168849790,4,Friday,,
2022-01-31,00:00:00,90.201,90.812,90.2,90.528,169647939820,0,Monday,0.029,0.03216
2022-02-01,00:00:00,90.51,90.872,90.189,90.314,146629120100,1,Tuesday,,
2022-02-02,00:00:00,90.333,90.51,89.948,90.315,124844090060,2,Wednesday,,
2022-02-03,00:00:00,90.26,90.768,90.121,90.657,163376930020,3,Thursday,,
2022-02-04,00:00:00,90.649,90.786,90.138,90.221,159471379880,4,Friday,,
2022-02-07,00:00:00,90.389,90.897,90.242,90.83,139457240030,0,Monday,0.168,0.18621
2022-02-08,00:00:00,90.82,91.062,90.727,90.898,129210890060,1,Tuesday,,
2022-02-09,00:00:00,90.838,91.202,90.738,91.104,103930329880,2,Wednesday,,
2022-02-10,00:00:00,91.089,91.708,91.032,91.145,171872789700,3,Thursday,,
2022-02-11,00:00:00,91.145,91.485,90.269,90.589,192875720480,4,Friday,,
2022-02-14,00:00:00,90.484,90.911,90.019,90.724,210356039780,0,Monday,-0.105,-0.11591
2022-02-15,00:00:00,90.736,91.035,90.391,90.873,155834799990,1,Tuesday,,
2022-02-16,00:00:00,90.872,91.395,90.765,90.957,140327380080,2,Wednesday,,
2022-02-17,00:00:00,90.963,91.027,90.339,90.418,209956670000,3,Thursday,,
2022-02-18,00:00:00,90.406,90.959,90.097,90.132,173065199750,4,Friday,,
2022-02-21,00:00:00,90.159,90.393,89.921,89.922,117056960000,0,Monday,0.027,0.02996
2022-02-22,00:00:00,89.921,90.548,89.689,90.09,198194350140,1,Tuesday,,
2022-02-23,00:00:00,90.09,90.757,90.051,90.269,135663320030,2,Wednesday,,
2022-02-24,00:00:00,90.241,90.407,89.23,90.091,362174560100,3,Thursday,,
2022-02-25,00:00:00,90.104,90.998,89.926,90.867,226632409980,4,Friday,,
2022-02-28,00:00:00,90.332,91.004,90.162,90.662,213986410290,0,Monday,-0.535,-0.58877
2022-03-01,00:00:00,90.673,90.958,90.012,90.131,187168309810,1,Tuesday,,
2022-03-02,00:00:00,90.117,91.482,90.083,91.432,216910959860,2,Wednesday,,
2022-03-03,00:00:00,91.429,91.967,90.93,91.016,169356730100,3,Thursday,,
2022-03-04,00:00:00,91.022,91.139,89.799,90.005,225818299960,4,Friday,,
2022-03-07,00:00:00,90.239,90.706,89.884,89.884,285265360160,0,Monday,0.234,0.25999
2022-03-08,00:00:00,89.896,90.299,89.658,89.705,245797120180,1,Tuesday,,
2022-03-09,00:00:00,89.677,90.474,89.672,90.39,177942500220,2,Wednesday,,
2022-03-10,00:00:00,90.402,91.053,90.284,90.933,166770710070,3,Thursday,,
2022-03-11,00:00:00,90.941,92.309,90.852,91.954,178631510010,4,Friday,,
2022-03-13,00:00:00,92.035,92.154,92.035,92.074,194740000,6,Sunday,,
2022-03-14,00:00:00,92.089,92.592,92.023,92.169,164780909900,0,Monday,0.015,0.01629
2022-03-15,00:00:00,92.168,92.694,91.586,92.625,168268779770,1,Tuesday,,
2022-03-16,00:00:00,92.625,93.686,92.581,93.644,181731779980,2,Wednesday,,
2022-03-17,00:00:00,93.644,94.065,93.47,93.935,144130039920,3,Thursday,,
2022-03-18,00:00:00,93.932,94.611,93.767,94.477,135328229910,4,Friday,,
2022-03-20,00:00:00,94.331,94.417,94.301,94.397,240480000,6,Sunday,,
2022-03-21,00:00:00,94.398,94.923,94.352,94.856,119359319950,0,Monday,0.001,0.00106
2022-03-22,00:00:00,94.854,96.135,94.84,96.085,155893319920,1,Tuesday,,
2022-03-23,00:00:00,96.086,96.551,95.706,96.4,134041849900,2,Wednesday,,
2022-03-24,00:00:00,96.388,97.69,96.219,97.669,154718840090,3,Thursday,,
2022-03-25,00:00:00,97.66,97.982,96.724,97.785,160042150140,4,Friday,,
2022-03-28,00:00:00,97.69,100.185,97.685,98.887,261153399810,0,Monday,-0.095,-0.09715
2022-03-29,00:00:00,98.879,99.222,97.581,98.244,242623460000,1,Tuesday,,
2022-03-30,00:00:00,98.259,98.57,97.091,97.582,209436739900,2,Wednesday,,
2022-03-31,00:00:00,97.584,98.006,97.051,97.25,222092269990,3,Thursday,,
2022-04-01,00:00:00,97.21,98.416,97.21,97.814,188463300190,4,Friday,,
2022-04-04,00:00:00,97.933,98.463,97.61,98.304,146497139860,0,Monday,0.119,0.12166
2022-04-05,00:00:00,98.303,99.284,97.993,98.963,165210450280,1,Tuesday,,
2022-04-06,00:00:00,98.929,99.321,98.591,98.616,196030489960,2,Wednesday,,
2022-04-07,00:00:00,98.619,98.806,98.189,98.367,171506869840,3,Thursday,,
2022-04-08,00:00:00,98.356,98.969,98.244,98.825,142425730130,4,Friday,,
2022-04-11,00:00:00,98.628,99.85,98.57,99.215,202284569960,0,Monday,-0.197,-0.19934
2022-04-12,00:00:00,99.215,99.469,98.989,99.101,227192689690,1,Tuesday,,
2022-04-13,00:00:00,99.089,100.036,99.089,99.919,229319230080,2,Wednesday,,
2022-04-14,00:00:00,99.897,100.102,99.577,99.817,192085049890,3,Thursday,,
2022-04-15,00:00:00,99.83,100.519,99.665,100.137,268961360010,4,Friday,,
2022-04-18,00:00:00,100.165,100.714,99.955,100.651,157186310020,0,Monday,0.028,0.02796
2022-04-19,00:00:00,100.67,102.177,100.482,102.085,244340669840,1,Tuesday,,
2022-04-20,00:00:00,102.097,102.636,101.719,102.256,283456919640,2,Wednesday,,
2022-04-21,00:00:00,102.289,102.951,101.855,101.947,238348350160,3,Thursday,,
2022-04-22,00:00:00,101.96,102.146,100.933,101.043,253874970140,4,Friday,,
2022-04-25,00:00:00,100.923,101.345,99.811,100.601,256624919760,0,Monday,-0.12,-0.11876
2022-04-26,00:00:00,100.601,101.02,99.15,99.166,267173370230,1,Tuesday,,
2022-04-27,00:00:00,99.162,100.299,99.005,100.139,239469470000,2,Wednesday,,
2022-04-28,00:00:00,100.104,102.46,100.082,102.066,284165320060,3,Thursday,,
2022-04-29,00:00:00,102.073,102.411,100.783,100.909,271373040190,4,Friday,,
2022-05-02,00:00:00,100.908,101.422,100.614,100.985,246650300240,0,Monday,-0.001,-0.00099
2022-05-03,00:00:00,101.023,101.421,100.868,101.284,205887379870,1,Tuesday,,
2022-05-04,00:00:00,101.297,101.752,100.887,101.285,201795320060,2,Wednesday,,
2022-05-05,00:00:00,101.145,101.998,101.134,101.394,273564200300,3,Thursday,,
2022-05-06,00:00:00,101.4,101.852,101.017,101.069,290212560260,4,Friday,,
2022-05-09,00:00:00,101.095,101.494,100.069,100.104,280766139860,0,Monday,0.026,0.02572
2022-05-10,00:00:00,100.082,100.473,99.601,100.087,308522360020,1,Tuesday,,
2022-05-11,00:00:00,100.087,100.754,99.569,99.983,291058209920,2,Wednesday,,
2022-05-12,00:00:00,99.982,100.079,97.799,98.281,358111840150,3,Thursday,,
2022-05-13,00:00:00,98.286,100.181,98.26,100.056,258079380280,4,Friday,,
2022-05-16,00:00:00,99.891,100.689,99.166,100.456,230153609930,0,Monday,-0.165,-0.16491
2022-05-17,00:00:00,100.468,101.112,100.271,100.937,200369660170,1,Tuesday,,
2022-05-18,00:00:00,100.948,101.149,99.39,99.444,204154030060,2,Wednesday,,
2022-05-19,00:00:00,99.456,100.565,99.112,99.605,310140840260,3,Thursday,,
2022-05-20,00:00:00,99.609,100.389,99.269,99.541,253529140190,4,Friday,,
2022-05-23,00:00:00,99.426,100.163,99.253,100.145,204157140060,0,Monday,-0.115,-0.11553
2022-05-24,00:00:00,100.152,100.169,98.295,98.869,231707549770,1,Tuesday,,
2022-05-25,00:00:00,98.863,99.448,98.462,99.251,236013070150,2,Wednesday,,
2022-05-26,00:00:00,99.255,99.675,98.693,99.46,197992449740,3,Thursday,,
2022-05-27,00:00:00,99.451,99.951,99.29,99.847,173944070250,4,Friday,,
2022-05-30,00:00:00,99.652,100.879,99.652,100.737,116713819990,0,Monday,-0.195,-0.1953
2022-05-31,00:00:00,100.725,101.963,100.665,101.633,227163509800,1,Tuesday,,
2022-06-01,00:00:00,101.635,103.095,101.635,102.769,210515379800,2,Wednesday,,
2022-06-02,00:00:00,102.753,103.34,102.456,103.238,169212259840,3,Thursday,,
2022-06-03,00:00:00,103.232,104.106,103.093,103.837,171745070070,4,Friday,,
2022-06-06,00:00:00,103.868,104.979,103.613,104.795,163236050020,0,Monday,0.031,0.02985
2022-06-07,00:00:00,104.782,105.894,104.776,105.746,220919030160,1,Tuesday,,
2022-06-08,00:00:00,105.723,107.208,105.723,106.838,220613020010,2,Wednesday,,
2022-06-09,00:00:00,106.803,107.171,105.702,105.744,240072450160,3,Thursday,,
2022-06-10,00:00:00,105.736,105.883,104.599,105.082,237540119810,4,Friday,,
2022-06-13,00:00:00,105.013,105.518,103.822,104.186,312260190000,0,Monday,-0.069,-0.06566
2022-06-14,00:00:00,104.186,104.695,103.684,104.568,327023620080,1,Tuesday,,
2022-06-15,00:00:00,104.552,104.666,103.46,103.779,319968620230,2,Wednesday,,
2022-06-16,00:00:00,103.778,104.538,101.656,102.037,322071310290,3,Thursday,,
2022-06-17,00:00:00,102.007,104.013,102.005,103.525,367111189860,4,Friday,,
2022-06-20,00:00:00,103.385,104.15,103.381,104.016,195852790130,0,Monday,-0.14,-0.13523
2022-06-21,00:00:00,103.948,105.834,103.922,105.732,212393280040,1,Tuesday,,
2022-06-22,00:00:00,105.647,105.807,104.589,105.2,250553020310,2,Wednesday,,
2022-06-23,00:00:00,105.2,105.2,103.527,103.766,290707500030,3,Thursday,,
2022-06-24,00:00:00,103.753,104.89,103.495,104.817,236206860340,4,Friday,,
2022-06-27,00:00:00,104.632,105.236,104.2,105.146,235827269770,0,Monday,-0.185,-0.1765
2022-06-28,00:00:00,105.101,106.236,104.95,105.658,242367120250,1,Tuesday,,
2022-06-29,00:00:00,105.678,106.422,105.44,105.889,332849559990,2,Wednesday,,
2022-06-30,00:00:00,105.897,106.083,105.139,105.418,283863069630,3,Thursday,,
2022-07-01,00:00:00,105.401,105.657,104.155,104.873,282359620090,4,Friday,,
2022-07-04,00:00:00,104.96,105.576,104.475,105.433,160359729990,0,Monday,0.087,0.08296
2022-07-05,00:00:00,105.369,106.126,103.648,104.17,266627010170,1,Tuesday,,
2022-07-06,00:00:00,104.179,104.382,103.361,104.207,291392359920,2,Wednesday,,
2022-07-07,00:00:00,104.217,104.872,103.866,104.836,220459969780,3,Thursday,,
2022-07-08,00:00:00,104.836,105.221,104.098,105.089,257726069960,4,Friday,,
2022-07-11,00:00:00,105.059,105.841,105.059,105.617,209952070500,0,Monday,-0.03,-0.02855
2022-07-12,00:00:00,105.604,105.755,104.634,105.063,256003290210,1,Tuesday,,
2022-07-13,00:00:00,105.057,106.304,104.895,105.837,297984070110,2,Wednesday,,
2022-07-14,00:00:00,105.783,106.925,105.27,105.898,362898120220,3,Thursday,,
2022-07-15,00:00:00,105.864,106.467,105.487,106.262,240560230190,4,Friday,,
2022-07-18,00:00:00,106.3,107.013,106.115,106.355,218834539970,0,Monday,0.038,0.03576
2022-07-19,00:00:00,106.314,107.398,106.137,107.327,240667940030,1,Tuesday,,
2022-07-20,00:00:00,107.307,107.554,106.976,107.173,219641449960,2,Wednesday,,
2022-07-21,00:00:00,107.201,107.641,106.671,106.729,321629479660,3,Thursday,,
2022-07-22,00:00:00,106.699,107.056,105.261,105.265,262037290220,4,Friday,,
2022-07-25,00:00:00,105.327,106.485,105.06,106.306,229412880250,0,Monday,0.062,0.0589
2022-07-26,00:00:00,106.32,106.634,105.847,106.166,197159059760,1,Tuesday,,
2022-07-27,00:00:00,106.185,106.637,106.162,106.471,222067999870,2,Wednesday,,
2022-07-28,00:00:00,106.385,106.501,104.569,104.811,321668590020,3,Thursday,,
2022-07-29,00:00:00,104.817,105.153,103.548,104.104,305961329950,4,Friday,,
2022-08-01,00:00:00,103.836,104.222,102.399,102.408,299348799980,0,Monday,-0.268,-0.25743
2022-08-02,00:00:00,102.388,103.475,101.408,103.363,375376639920,1,Tuesday,,
2022-08-03,00:00:00,103.361,104.576,102.876,104.195,374581389720,2,Wednesday,,
2022-08-04,00:00:00,104.18,104.704,103.232,103.256,300830680190,3,Thursday,,
2022-08-05,00:00:00,103.234,104.733,102.95,104.261,278599360520,4,Friday,,
2022-08-08,00:00:00,104.351,105.045,104.193,104.942,235480759800,0,Monday,0.09,0.08632
2022-08-09,00:00:00,104.907,105.085,104.613,104.789,194986009890,1,Tuesday,,
2022-08-10,00:00:00,104.684,104.946,103.244,103.96,259232589850,2,Wednesday,,
2022-08-11,00:00:00,103.96,104.328,103.217,104.17,263412289900,3,Thursday,,
2022-08-12,00:00:00,104.182,104.719,104.077,104.408,250945729820,4,Friday,,
2022-08-15,00:00:00,104.358,104.55,102.586,103.283,232884340260,0,Monday,-0.05,-0.04789
2022-08-16,00:00:00,103.251,104.651,102.897,104.453,232014730030,1,Tuesday,,
2022-08-17,00:00:00,104.441,104.946,104.203,104.507,261572769930,2,Wednesday,,
2022-08-18,00:00:00,104.499,105.082,104.296,104.929,251053440160,3,Thursday,,
2022-08-19,00:00:00,104.891,105.613,104.804,105.332,212519160090,4,Friday,,
2022-08-22,00:00:00,105.293,105.774,105.022,105.231,210992889460,0,Monday,-0.039,-0.03703
2022-08-23,00:00:00,105.237,105.768,104.864,105.484,247012250040,1,Tuesday,,
2022-08-24,00:00:00,105.511,105.805,105.074,105.664,244865370070,2,Wednesday,,
2022-08-25,00:00:00,105.683,105.894,105.42,105.556,218475730270,3,Thursday,,
2022-08-26,00:00:00,105.556,106.013,105.277,105.633,237215999910,4,Friday,,
2022-08-29,00:00:00,105.567,106.799,105.502,106.552,241676759850,0,Monday,-0.066,-0.06248
2022-08-30,00:00:00,106.475,106.667,105.784,105.958,233160860020,1,Tuesday,,
2022-08-31,00:00:00,105.972,106.068,105.594,105.775,256694430100,2,Wednesday,,
2022-09-01,00:00:00,105.77,106.574,105.476,106.558,256945730380,3,Thursday,,
2022-09-02,00:00:00,106.467,107.166,106.389,106.721,233471159970,4,Friday,,
2022-09-05,00:00:00,106.702,107.08,106.572,106.945,174775580260,0,Monday,-0.019,-0.0178
2022-09-06,00:00:00,106.926,108.965,106.766,108.54,244657019850,1,Tuesday,,
2022-09-07,00:00:00,108.535,110.102,108.441,109.531,331610879860,2,Wednesday,,
2022-09-08,00:00:00,109.519,110.092,109.16,110.013,294418389940,3,Thursday,,
2022-09-09,00:00:00,110.038,110.225,108.902,109.425,321305990320,4,Friday,,
2022-09-12,00:00:00,108.852,110.216,108.844,109.94,243242169650,0,Monday,-0.573,-0.52365
2022-09-13,00:00:00,109.904,110.522,109.179,109.67,293975589430,1,Tuesday,,
2022-09-14,00:00:00,109.685,109.985,108.252,108.697,320982139910,2,Wednesday,,
2022-09-15,00:00:00,108.616,109.16,108.366,108.426,287666599810,3,Thursday,,
2022-09-16,00:00:00,108.427,108.453,107.483,107.695,236020589910,4,Friday,,
2022-09-19,00:00:00,107.716,108.107,107.467,108.05,227731639910,0,Monday,0.021,0.0195
2022-09-20,00:00:00,108.045,108.327,107.399,107.475,197431730030,1,Tuesday,,
2022-09-21,00:00:00,107.492,107.795,106.912,106.914,273716630090,2,Wednesday,,
2022-09-22,00:00:00,106.929,108.141,104.559,105.489,363982799800,3,Thursday,,
2022-09-23,00:00:00,105.501,105.83,105.145,105.463,299964039940,4,Friday,,
2022-09-26,00:00:00,105.528,106.038,104.701,105.313,374110489860,0,Monday,0.065,0.06163
2022-09-27,00:00:00,105.3,105.786,105.128,105.437,320071790140,1,Tuesday,,
2022-09-28,00:00:00,105.421,105.916,104.611,105.861,304093399870,2,Wednesday,,
2022-09-29,00:00:00,105.871,105.995,105.135,105.509,348680659660,3,Thursday,,
2022-09-30,00:00:00,105.524,105.786,104.605,104.617,299651760370,4,Friday,,
2022-10-03,00:00:00,104.527,106.219,104.527,106.044,288670209950,0,Monday,-0.09,-0.08603
2022-10-04,00:00:00,106.017,106.708,105.911,106.632,278278409940,1,Tuesday,,
2022-10-05,00:00:00,106.611,106.754,105.703,106.174,266272630130,2,Wednesday,,
2022-10-06,00:00:00,106.136,106.524,105.442,105.54,253765040020,3,Thursday,,
2022-10-07,00:00:00,105.533,106.146,105.061,105.813,241367059860,4,Friday,,
2022-10-10,00:00:00,105.704,106.193,105.666,105.714,224722620100,0,Monday,-0.109,-0.10301
2022-10-11,00:00:00,105.686,106.103,105.098,105.677,244784770010,1,Tuesday,,
2022-10-12,00:00:00,105.657,106.676,105.573,106.282,284790959810,2,Wednesday,,
2022-10-13,00:00:00,106.281,107.219,105.05,106.935,297596220410,3,Thursday,,
2022-10-14,00:00:00,106.764,107.547,106.716,107.026,273185920060,4,Friday,,
2022-10-17,00:00:00,107.038,108.663,106.903,108.627,228718379770,0,Monday,0.012,0.01121
2022-10-18,00:00:00,108.623,108.926,107.783,108.628,251626110030,1,Tuesday,,
2022-10-19,00:00:00,108.638,108.953,108.394,108.883,225390000340,2,Wednesday,,
2022-10-20,00:00:00,108.86,109.665,108.572,109.03,278132859940,3,Thursday,,
2022-10-21,00:00:00,109.042,110.347,106.733,108.281,376880810190,4,Friday,,
2022-10-24,00:00:00,108.178,109.56,106.737,108.654,363941909920,0,Monday,-0.103,-0.09512
2022-10-25,00:00:00,108.522,108.857,108.271,108.665,266489199700,1,Tuesday,,
2022-10-26,00:00:00,108.601,109.017,107.335,107.95,303128760110,2,Wednesday,,
2022-10-27,00:00:00,107.854,108.069,107.091,107.773,269215990460,3,Thursday,,
2022-10-28,00:00:00,107.784,108.624,107.554,108.488,249533650010,4,Friday,,
2022-10-30,00:00:00,108.479,108.51,108.281,108.498,212070000,6,Sunday,,
2022-10-31,00:00:00,108.466,109.208,108.337,109.194,188745610150,0,Monday,-0.032,-0.02949
2022-11-01,00:00:00,109.194,109.302,108.38,108.731,217315070020,1,Tuesday,,
2022-11-02,00:00:00,108.731,108.817,107.453,107.782,243183089950,2,Wednesday,,
2022-11-03,00:00:00,107.768,108.029,107.151,107.744,214565329990,3,Thursday,,
2022-11-04,00:00:00,107.736,109.013,107.673,108.756,255406250040,4,Friday,,
2022-11-07,00:00:00,108.463,108.966,108.228,108.631,224789580120,0,Monday,-0.293,-0.26941
2022-11-08,00:00:00,108.608,108.726,108.112,108.478,216870310050,1,Tuesday,,
2022-11-09,00:00:00,108.474,108.916,108.138,108.215,245261240080,2,Wednesday,,
2022-11-10,00:00:00,108.239,108.253,105.305,105.774,339673440030,3,Thursday,,
2022-11-11,00:00:00,105.784,106.719,104.329,104.661,364149669930,4,Friday,,
2022-11-14,00:00:00,104.717,105.925,104.643,105.014,260188749710,0,Monday,0.056,0.05351
2022-11-15,00:00:00,105.032,105.65,104.074,104.826,341707319590,1,Tuesday,,
2022-11-16,00:00:00,104.838,105.514,104.49,104.646,317348480420,2,Wednesday,,
2022-11-17,00:00:00,104.608,105.366,104.347,105.144,284135430090,3,Thursday,,
2022-11-18,00:00:00,105.138,105.414,104.351,104.928,225695790020,4,Friday,,
2022-11-21,00:00:00,104.787,105.811,104.593,105.606,235268439960,0,Monday,-0.141,-0.13438
2022-11-22,00:00:00,105.626,105.769,105.325,105.556,199130739930,1,Tuesday,,
2022-11-23,00:00:00,105.572,105.718,104.091,104.493,228240800160,2,Wednesday,,
2022-11-24,00:00:00,104.501,104.523,103.405,103.873,173043540310,3,Thursday,,
2022-11-25,00:00:00,103.827,104.534,103.774,103.843,192737099900,4,Friday,,
2022-11-28,00:00:00,103.93,104.018,102.314,102.88,245542810230,0,Monday,0.087,0.08378
2022-11-29,00:00:00,102.898,103.287,101.353,102.077,287392280220,1,Tuesday,,
2022-11-30,00:00:00,102.051,103.462,101.949,102.898,283985600160,2,Wednesday,,
2022-12-01,00:00:00,102.671,102.851,100.553,100.658,316959099810,3,Thursday,,
2022-12-02,00:00:00,100.632,100.821,99.478,99.628,298140709320,4,Friday,,
2022-12-05,00:00:00,99.797,101.117,99.712,100.592,266298059880,0,Monday,0.169,0.16963
2022-12-06,00:00:00,100.563,101.033,99.837,100.329,243135120110,1,Tuesday,,
2022-12-07,00:00:00,100.273,100.922,99.823,100.01,240345349860,2,Wednesday,,
2022-12-08,00:00:00,100.026,100.699,99.782,100.492,211194710020,3,Thursday,,
2022-12-09,00:00:00,100.469,100.622,99.376,100.013,239947830050,4,Friday,,
2022-12-12,00:00:00,99.981,101.108,99.971,100.946,210063180070,0,Monday,-0.032,-0.032
2022-12-13,00:00:00,100.932,101.204,99.467,100.043,267066940250,1,Tuesday,,
2022-12-14,00:00:00,100.043,100.127,99.3,99.962,266394690060,2,Wednesday,,
2022-12-15,00:00:00,99.921,101.138,99.741,100.779,251526490000,3,Thursday,,
2022-12-16,00:00:00,100.701,100.906,99.514,99.755,213961820070,4,Friday,,
2022-12-19,00:00:00,99.316,100.452,99.21,100.269,201293740100,0,Monday,-0.439,-0.44008
2022-12-20,00:00:00,100.261,100.76,95.847,96.707,360509320090,1,Tuesday,,
2022-12-21,00:00:00,96.566,97.345,96.555,97.27,225967220020,2,Wednesday,,
2022-12-22,00:00:00,97.178,97.28,96.722,96.921,185982809760,3,Thursday,,
2022-12-23,00:00:00,96.764,97.903,96.761,97.652,173444270020,4,Friday,,
2022-12-26,00:00:00,97.403,97.931,97.135,97.693,72687829900,0,Monday,-0.249,-0.25499
2022-12-27,00:00:00,97.723,98.917,97.686,98.68,135641179730,1,Tuesday,,
2022-12-28,00:00:00,98.679,99.296,98.487,98.83,167971880080,2,Wednesday,,
2022-12-29,00:00:00,98.642,98.779,97.977,98.144,157913870040,3,Thursday,,
2022-12-30,00:00:00,98.144,98.214,96.455,96.75,197437810190,4,Friday,,
2023-01-02,00:00:00,96.537,96.833,96.133,96.144,101932960290,0,Monday,-0.213,-0.22016
2023-01-03,00:00:00,96.213,96.864,95.394,95.759,259496399850,1,Tuesday,,
2023-01-04,00:00:00,95.819,98.457,95.516,98.36,275065690140,2,Wednesday,,
2023-01-05,00:00:00,98.353,98.844,97.627,98.265,266341010180,3,Thursday,,
2023-01-06,00:00:00,98.282,98.981,98.088,98.172,260416580250,4,Friday,,
2023-01-09,00:00:00,97.961,99.077,97.898,98.48,245029640170,0,Monday,-0.211,-0.21493
2023-01-10,00:00:00,98.482,98.767,98.173,98.478,239136180040,1,Tuesday,,
2023-01-11,00:00:00,98.478,98.948,98.304,98.622,177598650070,2,Wednesday,,
2023-01-12,00:00:00,98.59,98.673,96.534,96.661,293310069920,3,Thursday,,
2023-01-13,00:00:00,96.633,96.782,95.069,95.311,259590550270,4,Friday,,
2023-01-16,00:00:00,95.381,96.126,95.239,95.792,173353060340,0,Monday,0.07,0.07344
2023-01-17,00:00:00,95.786,96.226,95.616,95.616,237621810300,1,Tuesday,,
2023-01-18,00:00:00,95.647,98.288,95.368,95.48,336883900140,2,Wednesday,,
2023-01-19,00:00:00,95.497,95.519,94.631,95.315,223320929830,3,Thursday,,
2023-01-20,00:00:00,95.311,96.955,95.305,96.741,204650360100,4,Friday,,
2023-01-23,00:00:00,96.65,97.774,96.514,97.718,196621580340,0,Monday,-0.091,-0.09407
2023-01-24,00:00:00,97.71,97.815,97.15,97.348,165165670110,1,Tuesday,,
2023-01-25,00:00:00,97.345,97.777,96.337,96.718,178725159950,2,Wednesday,,
2023-01-26,00:00:00,96.718,97.793,96.287,97.714,192995440040,3,Thursday,,
2023-01-27,00:00:00,97.712,97.746,97.241,97.525,181340080190,4,Friday,,
2023-01-30,00:00:00,97.382,97.871,96.995,97.353,187598740160,0,Monday,-0.143,-0.14663
2023-01-31,00:00:00,97.356,97.868,96.723,97.72,200865619970,1,Tuesday,,
2023-02-01,00:00:00,97.661,97.961,96.63,96.965,229539450020,2,Wednesday,,
2023-02-02,00:00:00,96.962,97.229,96.366,96.583,267129580200,3,Thursday,,
2023-02-03,00:00:00,96.531,98.065,96.046,97.84,241567360040,4,Friday,,
2023-02-06,00:00:00,98.707,98.857,98.088,98.608,226410819940,0,Monday,0.867,0.88614
2023-02-07,00:00:00,98.608,98.713,97.462,97.794,278324300190,1,Tuesday,,
2023-02-08,00:00:00,97.802,98.064,97.586,97.683,215392289960,2,Wednesday,,
2023-02-09,00:00:00,97.682,98.045,97.353,97.731,224786309790,3,Thursday,,
2023-02-10,00:00:00,97.745,98.55,96.626,98.432,283040120200,4,Friday,,
2023-02-13,00:00:00,98.293,99.544,98.279,99.255,195767040070,0,Monday,-0.139,-0.14121
2023-02-14,00:00:00,99.259,99.83,98.814,99.761,285684239830,1,Tuesday,,
2023-02-15,00:00:00,99.774,100.276,99.32,100.127,229554060090,2,Wednesday,,
2023-02-16,00:00:00,100.129,100.144,99.444,99.511,241410010120,3,Thursday,,
2023-02-17,00:00:00,99.509,99.941,99.391,99.48,212214880120,4,Friday,,
2023-02-20,00:00:00,99.515,99.821,99.393,99.747,119852779990,0,Monday,0.035,0.03518
2023-02-21,00:00:00,99.747,100.295,99.53,99.663,212305099760,1,Tuesday,,
2023-02-22,00:00:00,99.619,99.794,99.283,99.485,213735510050,2,Wednesday,,
2023-02-23,00:00:00,99.33,99.904,99.261,99.397,186240720030,3,Thursday,,
2023-02-24,00:00:00,99.397,100.312,99.03,100.189,225722789910,4,Friday,,
2023-02-27,00:00:00,100.158,100.512,100.002,100.296,152921259790,0,Monday,-0.031,-0.03094
2023-02-28,00:00:00,100.297,100.872,99.704,99.746,158045680170,1,Tuesday,,
2023-03-01,00:00:00,99.705,100.228,99.487,100.157,188563840110,2,Wednesday,,
2023-03-02,00:00:00,100.158,100.597,100.063,100.566,184583600320,3,Thursday,,
2023-03-03,00:00:00,100.526,100.628,99.669,99.88,159279290050,4,Friday,,
2023-03-06,00:00:00,99.905,100.093,99.59,99.806,143529009900,0,Monday,0.025,0.02503
2023-03-07,00:00:00,99.803,100.016,99.462,99.695,170593119920,1,Tuesday,,
2023-03-08,00:00:00,99.691,100.174,99.087,99.457,175476749860,2,Wednesday,,
2023-03-09,00:00:00,99.392,99.506,98.358,98.436,161563880040,3,Thursday,,
2023-03-10,00:00:00,98.424,99.019,97.223,97.599,295266010180,4,Friday,,
2023-03-12,00:00:00,97.182,97.351,96.966,96.966,987330000,6,Sunday,,
2023-03-13,00:00:00,96.954,98.078,95.942,96.938,414442510270,0,Monday,-0.012,-0.01238
2023-03-14,00:00:00,96.938,98.704,96.831,98.087,306619130450,1,Tuesday,,
2023-03-15,00:00:00,98.086,98.626,95.894,96.84,362697660160,2,Wednesday,,
2023-03-16,00:00:00,96.832,97.543,95.724,97.333,352431010410,3,Thursday,,
2023-03-17,00:00:00,97.332,97.413,95.811,95.89,234063799850,4,Friday,,
2023-03-19,00:00:00,96.01,96.125,95.915,96.12,683500000,6,Sunday,,
2023-03-20,00:00:00,96.1,96.871,95.027,96.044,277669740090,0,Monday,-0.02,-0.02081
2023-03-21,00:00:00,96.043,96.927,95.787,96.566,176997290400,1,Tuesday,,
2023-03-22,00:00:00,96.564,97.117,95.454,95.638,206273179840,2,Wednesday,,
2023-03-23,00:00:00,95.638,96.326,94.892,95.408,251522060200,3,Thursday,,
2023-03-24,00:00:00,95.408,95.456,94.064,95.086,254486410020,4,Friday,,
2023-03-27,00:00:00,94.889,96.49,94.889,96.271,177441300130,0,Monday,-0.197,-0.20718
2023-03-28,00:00:00,96.26,96.309,95.495,96.162,162792069870,1,Tuesday,,
2023-03-29,00:00:00,96.157,98.005,96.143,97.963,159330819960,2,Wednesday,,
2023-03-30,00:00:00,97.962,98.209,97.571,98.08,152361560100,3,Thursday,,
2023-03-31,00:00:00,98.052,98.743,97.933,98.194,179346190370,4,Friday,,
2023-04-03,00:00:00,98.779,99.053,98.247,98.521,186553520220,0,Monday,0.585,0.59576
2023-04-04,00:00:00,98.545,99.178,97.691,97.935,174085789910,1,Tuesday,,
2023-04-05,00:00:00,97.935,98.094,97.087,97.514,172572130050,2,Wednesday,,
2023-04-06,00:00:00,97.549,97.87,97.159,97.599,133049299910,3,Thursday,,
2023-04-07,00:00:00,97.584,97.934,97.358,97.701,104785610140,4,Friday,,
2023-04-10,00:00:00,97.689,98.941,97.609,98.874,122148030060,0,Monday,-0.012,-0.01228
2023-04-11,00:00:00,98.853,99.342,98.47,99.246,126258790000,1,Tuesday,,
2023-04-12,00:00:00,99.167,99.542,98.678,99.009,170350250000,2,Wednesday,,
2023-04-13,00:00:00,98.992,99.566,98.719,99.353,143120139840,3,Thursday,,
2023-04-14,00:00:00,99.345,100.158,99.202,100.12,161790879680,4,Friday,,
2023-04-17,00:00:00,99.866,100.479,99.857,100.373,133043130100,0,Monday,-0.254,-0.2537
2023-04-18,00:00:00,100.314,100.595,100.026,100.114,130745280200,1,Tuesday,,
2023-04-19,00:00:00,100.112,100.56,99.945,100.055,135149079990,2,Wednesday,,
2023-04-20,00:00:00,99.998,100.245,99.526,99.584,124481250060,3,Thursday,,
2023-04-21,00:00:00,99.559,99.649,98.677,98.993,118332789920,4,Friday,,
2023-04-24,00:00:00,98.924,99.525,98.841,99.114,96335830110,0,Monday,-0.069,-0.0697
2023-04-25,00:00:00,99.102,99.321,97.751,98.101,119908840130,1,Tuesday,,
2023-04-26,00:00:00,98.206,98.358,97.554,97.999,150148609970,2,Wednesday,,
2023-04-27,00:00:00,97.981,98.618,97.833,98.534,124294639900,3,Thursday,,
2023-04-28,00:00:00,98.533,100.674,98.005,100.568,198851240070,4,Friday,,
2023-05-01,00:00:00,100.534,101.595,100.401,101.504,98411930000,0,Monday,-0.034,-0.03381
2023-05-02,00:00:00,101.352,101.803,100.001,100.158,142172040030,1,Tuesday,,
2023-05-03,00:00:00,100.121,100.257,98.883,98.906,164449919830,2,Wednesday,,
2023-05-04,00:00:00,98.857,99.234,98.385,99.124,205807420300,3,Thursday,,
2023-05-05,00:00:00,99.096,100.822,99.058,100.765,138053260090,4,Friday,,
2023-05-08,00:00:00,100.563,101.423,100.563,100.976,96014919910,0,Monday,-0.202,-0.20047
2023-05-09,00:00:00,100.846,101.187,100.671,101.01,109123619930,1,Tuesday,,
2023-05-10,00:00:00,100.881,101.276,100.013,100.434,140340009930,2,Wednesday,,
2023-05-11,00:00:00,100.435,100.59,99.366,99.657,147512050210,3,Thursday,,
2023-05-12,00:00:00,99.607,100.219,99.607,100.096,105181359970,4,Friday,,
2023-05-15,00:00:00,100.021,101.134,100.021,101.058,100375220030,0,Monday,-0.075,-0.07493
2023-05-16,00:00:00,101.059,101.684,100.69,101.117,102445630030,1,Tuesday,,
2023-05-17,00:00:00,101.169,102.388,101.113,102.302,107058229990,2,Wednesday,,
2023-05-18,00:00:00,102.292,102.836,101.935,102.7,109022969920,3,Thursday,,
2023-05-19,00:00:00,102.703,102.91,101.66,102.125,130542850160,4,Friday,,
2023-05-22,00:00:00,102.048,102.656,101.868,102.607,110764969870,0,Monday,-0.077,-0.0754
2023-05-23,00:00:00,102.607,102.899,102.161,102.612,131541889910,1,Tuesday,,
2023-05-24,00:00:00,102.607,102.679,102.119,102.575,127382160080,2,Wednesday,,
2023-05-25,00:00:00,102.5,102.851,102.095,102.641,134842569990,3,Thursday,,
2023-05-26,00:00:00,102.624,103.329,102.36,103.225,128559480120,4,Friday,,
2023-05-29,00:00:00,103.284,103.554,102.959,103.29,52929250000,0,Monday,0.059,0.05716
2023-05-30,00:00:00,103.233,103.588,102.601,102.735,131124470070,1,Tuesday,,
2023-05-31,00:00:00,102.736,103.029,102.146,102.618,136837530060,2,Wednesday,,
2023-06-01,00:00:00,102.612,103.327,102.411,103.182,130251930310,3,Thursday,,
2023-06-02,00:00:00,103.181,104.277,103.11,104.194,109744150130,4,Friday,,
2023-06-05,00:00:00,104.203,104.587,103.5,103.805,102447529900,0,Monday,0.009,0.00864
2023-06-06,00:00:00,103.805,104.349,103.618,104.162,99907909920,1,Tuesday,,
2023-06-07,00:00:00,104.162,104.882,103.704,104.751,112900090080,2,Wednesday,,
2023-06-08,00:00:00,104.644,104.865,103.704,104.0,109376419960,3,Thursday,,
2023-06-09,00:00:00,104.006,104.77,103.852,104.418,101855919990,4,Friday,,
2023-06-12,00:00:00,104.286,104.764,104.274,104.419,96474609830,0,Monday,-0.132,-0.12641
2023-06-13,00:00:00,104.419,105.45,104.238,105.251,123875850010,1,Tuesday,,
2023-06-14,00:00:00,105.227,105.395,104.771,105.094,134127720100,2,Wednesday,,
2023-06-15,00:00:00,105.079,106.243,105.009,106.058,139082960080,3,Thursday,,
2023-06-16,00:00:00,105.969,107.656,105.733,107.466,144063489910,4,Friday,,
2023-06-19,00:00:00,107.283,107.646,106.979,107.448,69045290030,0,Monday,-0.183,-0.17029
2023-06-20,00:00:00,107.367,107.662,106.552,106.858,127210920100,1,Tuesday,,
2023-06-21,00:00:00,106.857,107.895,106.731,107.768,132422980050,2,Wednesday,,
2023-06-22,00:00:00,107.761,108.899,107.591,108.807,125622389760,3,Thursday,,
2023-06-23,00:00:00,108.801,109.092,108.009,108.953,137786210070,4,Friday,,
2023-06-26,00:00:00,108.811,109.265,108.6,109.068,114833040050,0,Monday,-0.142,-0.13033
2023-06-27,00:00:00,109.007,109.501,108.757,109.2,121306649910,1,Tuesday,,
2023-06-28,00:00:00,109.199,109.199,108.621,108.976,124064779910,2,Wednesday,,
2023-06-29,00:00:00,108.972,109.38,108.634,109.188,145184240050,3,Thursday,,
2023-06-30,00:00:00,109.131,109.411,108.722,108.86,124314520010,4,Friday,,
2023-07-03,00:00:00,108.843,109.362,108.792,109.149,98897089990,0,Monday,-0.017,-0.01562
2023-07-04,00:00:00,109.13,109.358,108.995,109.22,57060510040,1,Tuesday,,
2023-07-05,00:00:00,109.178,109.387,108.502,108.886,98015290010,2,Wednesday,,
2023-07-06,00:00:00,108.882,108.889,107.733,107.733,141466759990,3,Thursday,,
2023-07-07,00:00:00,107.675,107.835,106.841,106.998,135359800010,4,Friday,,
2023-07-10,00:00:00,106.959,107.599,106.388,106.399,113691129930,0,Monday,-0.039,-0.03645
2023-07-11,00:00:00,106.397,106.617,105.646,106.084,122968600140,1,Tuesday,,
2023-07-12,00:00:00,106.067,106.091,104.783,105.0,150615450280,2,Wednesday,,
2023-07-13,00:00:00,104.998,105.488,104.744,105.285,140963840040,3,Thursday,,
2023-07-14,00:00:00,105.281,105.928,104.715,104.959,142117320070,4,Friday,,
2023-07-17,00:00:00,104.808,105.717,104.375,105.061,102145570070,0,Monday,-0.151,-0.14387
2023-07-18,00:00:00,105.06,105.519,104.241,105.408,136321250010,1,Tuesday,,
2023-07-19,00:00:00,105.407,106.349,105.221,106.031,126471100230,2,Wednesday,,
2023-07-20,00:00:00,106.003,106.61,105.879,106.3,131092440130,3,Thursday,,
2023-07-21,00:00:00,106.3,107.795,106.074,107.158,138640159950,4,Friday,,
2023-07-24,00:00:00,107.051,107.536,106.776,107.418,131441500300,0,Monday,-0.107,-0.09985
2023-07-25,00:00:00,107.417,107.661,106.85,106.922,116109130000,1,Tuesday,,
2023-07-26,00:00:00,106.919,107.014,105.894,106.145,147754349840,2,Wednesday,,
2023-07-27,00:00:00,106.135,107.083,104.793,105.402,186744169920,3,Thursday,,
2023-07-28,00:00:00,105.265,106.691,104.215,106.47,238424210380,4,Friday,,
2023-07-31,00:00:00,106.378,108.122,106.17,107.838,144910129860,0,Monday,-0.092,-0.08641
2023-08-01,00:00:00,107.839,108.12,107.517,107.925,121656609940,1,Tuesday,,
2023-08-02,00:00:00,107.921,107.921,106.832,107.335,148829309950,2,Wednesday,,
2023-08-03,00:00:00,107.335,107.76,106.371,106.683,174526679810,3,Thursday,,
2023-08-04,00:00:00,106.683,107.053,105.864,105.868,145296029880,4,Friday,,
2023-08-07,00:00:00,105.829,106.641,105.827,106.549,99623179940,0,Monday,-0.039,-0.03684
2023-08-08,00:00:00,106.55,107.093,105.881,106.814,133780929890,1,Tuesday,,
2023-08-09,00:00:00,106.678,107.19,106.558,107.078,111538379880,2,Wednesday,,
2023-08-10,00:00:00,107.063,107.879,106.966,107.557,137239809800,3,Thursday,,
2023-08-11,00:00:00,107.56,107.935,107.351,107.785,106666089970,4,Friday,,
2023-08-14,00:00:00,107.651,108.129,107.516,108.117,115260219980,0,Monday,-0.134,-0.12432
2023-08-15,00:00:00,108.114,108.281,107.65,107.825,137060019970,1,Tuesday,,
2023-08-16,00:00:00,107.794,108.192,107.61,108.122,119561869980,2,Wednesday,,
2023-08-17,00:00:00,108.118,108.225,107.501,107.639,129778269970,3,Thursday,,
2023-08-18,00:00:00,107.635,107.684,107.023,107.234,128595470090,4,Friday,,
2023-08-21,00:00:00,107.141,108.203,107.099,107.937,102893879930,0,Monday,-0.093,-0.08673
2023-08-22,00:00:00,107.937,108.023,107.443,107.646,105751540040,1,Tuesday,,
2023-08-23,00:00:00,107.646,107.646,106.538,107.062,116064829960,2,Wednesday,,
2023-08-24,00:00:00,107.065,107.672,106.896,107.353,109688199920,3,Thursday,,
2023-08-25,00:00:00,107.353,107.711,107.227,107.551,118711559940,4,Friday,,
2023-08-28,00:00:00,107.642,108.024,107.595,107.736,81089280130,0,Monday,0.091,0.08461
2023-08-29,00:00:00,107.726,108.109,107.352,107.623,114690739900,1,Tuesday,,
2023-08-30,00:00:00,107.624,108.101,107.44,108.046,119064179990,2,Wednesday,,
2023-08-31,00:00:00,108.04,108.113,107.294,107.721,127227730250,3,Thursday,,
2023-09-01,00:00:00,107.721,107.824,106.675,107.537,122862559840,4,Friday,,
2023-09-04,00:00:00,107.419,107.774,107.396,107.737,47729740000,0,Monday,-0.118,-0.10973
2023-09-05,00:00:00,107.737,108.543,107.446,108.264,109141490060,1,Tuesday,,
2023-09-06,00:00:00,108.266,108.328,107.791,108.247,110461440060,2,Wednesday,,
2023-09-07,00:00:00,108.239,108.368,107.414,107.619,102111359930,3,Thursday,,
2023-09-08,00:00:00,107.607,108.457,107.156,108.316,110521009960,4,Friday,,
2023-09-11,00:00:00,107.777,108.112,107.261,107.962,133532690100,0,Monday,-0.539,-0.49762
2023-09-12,00:00:00,107.964,108.666,107.818,108.499,96442790110,1,Tuesday,,
2023-09-13,00:00:00,108.499,109.09,108.347,108.811,123764100010,2,Wednesday,,
2023-09-14,00:00:00,108.813,109.195,108.589,109.154,115698220010,3,Thursday,,
2023-09-15,00:00:00,109.153,109.483,109.026,109.283,100384040030,4,Friday,,
2023-09-18,00:00:00,109.176,109.64,109.136,109.43,73598979890,0,Monday,-0.107,-0.09791
2023-09-19,00:00:00,109.43,110.44,109.268,109.915,82496519970,1,Tuesday,,
2023-09-20,00:00:00,109.913,110.236,109.759,110.163,116383610020,2,Wednesday,,
2023-09-21,00:00:00,110.171,110.171,109.216,109.424,116401329960,3,Thursday,,
2023-09-22,00:00:00,109.426,110.414,109.32,109.971,116197200080,4,Friday,,
2023-09-25,00:00:00,109.942,110.664,109.834,110.643,85577710040,0,Monday,-0.029,-0.02637
2023-09-26,00:00:00,110.644,110.687,110.097,110.258,101922930010,1,Tuesday,,
2023-09-27,00:00:00,110.25,110.877,110.104,110.816,104401769950,2,Wednesday,,
2023-09-28,00:00:00,110.813,110.873,110.433,110.677,124433020160,3,Thursday,,
2023-09-29,00:00:00,110.645,111.166,109.955,109.976,134950409940,4,Friday,,
2023-10-02,00:00:00,110.097,110.358,109.465,109.556,110447059950,0,Monday,0.121,0.11002
2023-10-03,00:00:00,109.502,109.589,107.501,108.612,151426980230,1,Tuesday,,
2023-10-04,00:00:00,108.606,108.945,108.132,108.477,146326360240,2,Wednesday,,
2023-10-05,00:00:00,108.478,108.478,107.973,108.35,141704170220,3,Thursday,,
2023-10-06,00:00:00,108.357,109.422,108.177,109.249,145413670050,4,Friday,,
2023-10-09,00:00:00,108.967,109.365,108.934,109.254,101354180140,0,Monday,-0.282,-0.25813
2023-10-10,00:00:00,109.256,109.667,109.084,109.451,135318419870,1,Tuesday,,
2023-10-11,00:00:00,109.451,109.761,109.27,109.722,124331799960,2,Wednesday,,
2023-10-12,00:00:00,109.721,109.94,109.308,109.406,111966159920,3,Thursday,,
2023-10-13,00:00:00,109.404,109.743,109.287,109.476,111162569900,4,Friday,,
2023-10-16,00:00:00,109.266,109.981,109.129,109.825,89971250010,0,Monday,-0.21,-0.19182
2023-10-17,00:00:00,109.821,109.917,109.088,109.735,104136470080,1,Tuesday,,
2023-10-18,00:00:00,109.719,109.953,109.269,109.29,103196979940,2,Wednesday,,
2023-10-19,00:00:00,109.263,109.446,109.02,109.168,124744139810,3,Thursday,,
2023-10-20,00:00:00,109.168,109.671,109.016,109.225,101624180080,4,Friday,,
2023-10-23,00:00:00,109.203,109.544,109.124,109.324,89346709990,0,Monday,-0.022,-0.02014
2023-10-24,00:00:00,109.186,109.476,108.909,109.078,98414370120,1,Tuesday,,
2023-10-25,00:00:00,109.077,109.132,108.557,108.842,89977079950,2,Wednesday,,
2023-10-26,00:00:00,108.795,109.146,108.493,108.685,122902030090,3,Thursday,,
2023-10-27,00:00:00,108.688,108.839,107.709,107.829,101736030080,4,Friday,,
2023-10-29,00:00:00,107.779,107.863,107.766,107.819,711070000,6,Sunday,,
2023-10-30,00:00:00,107.819,108.397,107.484,107.796,92356740120,0,Monday,0.0,0.0
2023-10-31,00:00:00,107.791,109.347,107.759,109.268,127947349980,1,Tuesday,,
2023-11-01,00:00:00,109.277,109.309,108.69,108.917,128111560130,2,Wednesday,,
2023-11-02,00:00:00,108.916,109.549,108.491,109.462,104548209990,3,Thursday,,
2023-11-03,00:00:00,109.458,109.52,109.001,109.287,104657529960,4,Friday,,
2023-11-06,00:00:00,109.304,109.762,109.222,109.516,81994940060,0,Monday,0.017,0.01556
2023-11-07,00:00:00,109.517,109.613,109.171,109.172,87625070000,1,Tuesday,,
2023-11-08,00:00:00,109.121,109.494,109.121,109.439,91468559980,2,Wednesday,,
2023-11-09,00:00:00,109.432,109.772,109.308,109.587,107258120200,3,Thursday,,
2023-11-10,00:00:00,109.584,109.832,109.35,109.694,79500170090,4,Friday,,
2023-11-13,00:00:00,109.702,110.011,109.47,109.858,73020580010,0,Monday,0.008,0.00729
2023-11-14,00:00:00,109.857,109.968,109.545,109.802,104416310150,1,Tuesday,,
2023-11-15,00:00:00,109.801,110.67,109.693,110.577,108291699930,2,Wednesday,,
2023-11-16,00:00:00,110.577,110.597,109.28,109.564,107436579900,3,Thursday,,
2023-11-17,00:00:00,109.529,109.617,108.717,109.045,117502219920,4,Friday,,
2023-11-20,00:00:00,108.948,109.305,107.941,108.082,121872200030,0,Monday,-0.097,-0.08895
2023-11-21,00:00:00,108.083,108.432,107.227,108.288,133904690110,1,Tuesday,,
2023-11-22,00:00:00,108.288,109.305,108.048,109.238,127795839970,2,Wednesday,,
2023-11-23,00:00:00,109.229,109.25,108.916,109.163,62498770010,3,Thursday,,
2023-11-24,00:00:00,109.159,109.982,108.898,109.48,81142210080,4,Friday,,
2023-11-27,00:00:00,109.484,109.772,108.943,109.181,104621419940,0,Monday,0.004,0.00365
2023-11-28,00:00:00,109.179,109.481,108.594,108.617,133655009880,1,Tuesday,,
2023-11-29,00:00:00,108.626,108.847,108.206,108.343,146706510000,2,Wednesday,,
2023-11-30,00:00:00,108.342,109.454,108.058,109.246,163175529900,3,Thursday,,
2023-12-01,00:00:00,109.247,109.649,108.558,108.698,154921039940,4,Friday,,
2023-12-04,00:00:00,108.575,108.836,108.143,108.727,157132309940,0,Monday,-0.123,-0.11316
2023-12-05,00:00:00,108.667,108.846,107.972,108.245,145277529940,1,Tuesday,,
2023-12-06,00:00:00,108.232,108.691,108.158,108.352,118224270060,2,Wednesday,,
2023-12-07,00:00:00,108.352,108.364,104.195,105.936,193587050480,3,Thursday,,
2023-12-08,00:00:00,105.919,106.809,104.887,106.636,242561530170,4,Friday,,
2023-12-11,00:00:00,106.607,108.029,106.606,107.641,134728240060,0,Monday,-0.029,-0.0272
2023-12-12,00:00:00,107.643,107.661,106.816,107.011,133862209900,1,Tuesday,,
2023-12-13,00:00:00,107.005,107.343,105.668,105.668,166420819910,2,Wednesday,,
2023-12-14,00:00:00,105.667,105.891,104.717,105.783,253300799990,3,Thursday,,
2023-12-15,00:00:00,105.783,106.406,105.675,106.139,183481329940,4,Friday,,
2023-12-18,00:00:00,106.118,106.97,106.118,106.497,119860550070,0,Monday,-0.021,-0.01979
2023-12-19,00:00:00,106.497,108.277,106.216,107.857,162391989990,1,Tuesday,,
2023-12-20,00:00:00,107.855,108.032,107.358,107.358,159680730090,2,Wednesday,,
2023-12-21,00:00:00,107.359,107.459,106.566,106.949,181490770230,3,Thursday,,
2023-12-22,00:00:00,106.93,107.562,106.81,107.339,130201280160,4,Friday,,
2023-12-25,00:00:00,107.192,107.419,106.937,107.211,5126650000,0,Monday,-0.147,-0.13695
2023-12-26,00:00:00,107.244,107.997,107.161,107.9,48846239980,1,Tuesday,,
2023-12-27,00:00:00,107.902,108.27,107.117,107.363,83559889930,2,Wednesday,,
2023-12-28,00:00:00,107.351,107.351,106.328,106.824,115131970060,3,Thursday,,
2023-12-29,00:00:00,106.717,107.216,106.358,106.401,96319439930,4,Friday,,
2024-01-02,00:00:00,106.269,107.074,106.162,106.569,124283999950,1,Tuesday,,
2024-01-03,00:00:00,106.561,107.605,106.345,107.291,145559360080,2,Wednesday,,
2024-01-04,00:00:00,107.296,108.446,106.998,108.308,138664910150,3,Thursday,,
2024-01-05,00:00:00,108.307,109.025,108.029,108.25,168592240020,4,Friday,,
2024-01-08,00:00:00,108.13,108.429,107.444,108.037,123717300010,0,Monday,-0.12,-0.11085
2024-01-09,00:00:00,108.017,108.055,107.224,107.872,128869859920,1,Tuesday,,
2024-01-10,00:00:00,107.756,108.978,107.756,108.911,108925489950,2,Wednesday,,
2024-01-11,00:00:00,108.91,109.232,108.442,108.443,165302669740,3,Thursday,,
2024-01-12,00:00:00,108.447,108.785,107.973,107.995,138654139930,4,Friday,,
2024-01-15,00:00:00,107.895,108.769,107.895,108.465,74081620020,0,Monday,-0.1,-0.0926
2024-01-16,00:00:00,108.462,109.226,108.262,109.043,148184290030,1,Tuesday,,
2024-01-17,00:00:00,109.038,109.896,108.948,109.678,136661629840,2,Wednesday,,
2024-01-18,00:00:00,109.68,109.856,109.416,109.836,127145000020,3,Thursday,,
2024-01-19,00:00:00,109.836,110.333,109.68,110.21,120986070190,4,Friday,,
2024-01-22,00:00:00,110.187,110.394,109.805,109.859,107727119960,0,Monday,-0.023,-0.02087
2024-01-23,00:00:00,109.858,110.234,109.223,110.139,131577809920,1,Tuesday,,
2024-01-24,00:00:00,110.119,110.225,108.881,109.06,132681600010,2,Wednesday,,
2024-01-25,00:00:00,108.907,109.684,108.907,109.564,129968830210,3,Thursday,,
2024-01-26,00:00:00,109.563,110.213,109.402,110.105,114650370210,4,Friday,,
2024-01-29,00:00:00,109.861,110.225,109.707,109.942,93518339970,0,Monday,-0.244,-0.22161
2024-01-30,00:00:00,109.939,110.255,109.672,110.153,103122220010,1,Tuesday,,
2024-01-31,00:00:00,110.143,110.21,109.116,109.292,193418410160,2,Wednesday,,
2024-02-01,00:00:00,109.292,109.51,108.818,109.365,176512320060,3,Thursday,,
2024-02-02,00:00:00,109.366,110.372,109.215,110.187,143490789920,4,Friday,,
2024-02-05,00:00:00,110.175,110.39,109.748,109.788,125512939960,0,Monday,-0.012,-0.01089
2024-02-06,00:00:00,109.789,109.945,109.445,109.631,127868860060,1,Tuesday,,
2024-02-07,00:00:00,109.632,110.138,109.527,110.053,124215620090,2,Wednesday,,
2024-02-08,00:00:00,109.974,111.038,109.904,110.935,130782119980,3,Thursday,,
2024-02-09,00:00:00,110.736,111.317,110.736,110.837,116537669990,4,Friday,,
2024-02-12,00:00:00,110.739,111.195,110.566,111.012,89370690010,0,Monday,-0.098,-0.08842
2024-02-13,00:00:00,111.011,111.405,110.866,111.135,127574709860,1,Tuesday,,
2024-02-14,00:00:00,111.123,111.336,110.912,111.12,137089120050,2,Wednesday,,
2024-02-15,00:00:00,111.122,111.382,110.626,111.33,124692190010,3,Thursday,,
2024-02-16,00:00:00,111.327,111.611,111.236,111.347,112990390000,4,Friday,,
2024-02-19,00:00:00,111.225,111.399,111.17,111.229,55449560000,0,Monday,-0.122,-0.10957
2024-02-20,00:00:00,111.168,111.441,110.672,110.908,105366669960,1,Tuesday,,
2024-02-21,00:00:00,110.914,111.329,110.8,111.274,109794870030,2,Wednesday,,
2024-02-22,00:00:00,111.275,111.734,111.192,111.642,112469089950,3,Thursday,,
2024-02-23,00:00:00,111.639,111.797,111.238,111.433,83104659970,4,Friday,,
2024-02-26,00:00:00,111.446,111.621,111.192,111.569,77170330020,0,Monday,0.013,0.01167
2024-02-27,00:00:00,111.562,111.564,111.172,111.243,82469619940,1,Tuesday,,
2024-02-28,00:00:00,111.241,111.27,110.774,110.975,100047289950,2,Wednesday,,
2024-02-29,00:00:00,110.974,110.974,110.132,110.438,119386230010,3,Thursday,,
2024-03-01,00:00:00,110.437,110.959,110.38,110.634,106235139900,4,Friday,,
2024-03-04,00:00:00,110.616,110.992,110.607,110.879,72185899970,0,Monday,-0.018,-0.01627
2024-03-05,00:00:00,110.795,110.889,110.177,110.373,89217349990,1,Tuesday,,
2024-03-06,00:00:00,110.371,110.624,109.938,110.508,99581339960,2,Wednesday,,
2024-03-07,00:00:00,110.498,110.505,109.382,109.985,122074559910,3,Thursday,,
2024-03-08,00:00:00,109.984,110.086,108.939,109.031,143235069930,4,Friday,,
2024-03-10,00:00:00,108.83,109.078,108.83,109.056,974150000,6,Sunday,,
2024-03-11,00:00:00,109.054,109.092,108.676,108.98,104391209900,0,Monday,-0.002,-0.00183
2024-03-12,00:00:00,108.981,109.701,108.789,109.405,128995230150,1,Tuesday,,
2024-03-13,00:00:00,109.404,109.845,109.127,109.574,102604019910,2,Wednesday,,
2024-03-14,00:00:00,109.574,109.827,109.423,109.569,117554290040,3,Thursday,,
2024-03-15,00:00:00,109.568,110.297,109.357,109.979,98870140030,4,Friday,,
2024-03-17,00:00:00,109.911,110.125,109.911,110.079,892460000,6,Sunday,,
2024-03-18,00:00:00,110.083,110.375,109.935,110.161,79798250020,0,Monday,0.004,0.00363
2024-03-19,00:00:00,110.162,111.325,110.024,111.173,135754669780,1,Tuesday,,
2024-03-20,00:00:00,111.175,112.257,111.148,112.027,127034520090,2,Wednesday,,
2024-03-21,00:00:00,112.023,112.288,111.602,112.045,136594829980,3,Thursday,,
2024-03-22,00:00:00,112.046,112.175,111.158,111.249,105778980060,4,Friday,,
2024-03-24,00:00:00,111.149,111.283,111.148,111.281,546250000,6,Sunday,,
2024-03-25,00:00:00,111.269,111.59,111.033,111.43,77941949990,0,Monday,-0.012,-0.01078
2024-03-26,00:00:00,111.43,111.731,111.313,111.481,84468720080,1,Tuesday,,
2024-03-27,00:00:00,111.477,111.695,111.059,111.46,96094170060,2,Wednesday,,
2024-03-28,00:00:00,111.46,111.863,111.23,111.8,76824449960,3,Thursday,,
2024-03-29,00:00:00,111.8,111.899,111.599,111.671,74879470110,4,Friday,,
2024-04-01,00:00:00,111.603,111.98,111.515,111.732,60196769990,0,Monday,-0.068,-0.06089
2024-04-02,00:00:00,111.732,111.881,111.578,111.695,69755750080,1,Tuesday,,
2024-04-03,00:00:00,111.693,112.315,111.605,112.13,86693860050,2,Wednesday,,
2024-04-04,00:00:00,112.124,112.478,111.483,111.733,65996370040,3,Thursday,,
2024-04-05,00:00:00,111.729,111.742,111.113,111.526,97919049970,4,Friday,,
2024-04-08,00:00:00,111.408,111.892,111.407,111.804,62984700000,0,Monday,-0.118,-0.1058
2024-04-09,00:00:00,111.754,111.988,111.475,111.789,61933250030,1,Tuesday,,
2024-04-10,00:00:00,111.73,112.001,111.363,111.911,113976219980,2,Wednesday,,
2024-04-11,00:00:00,111.913,112.038,111.623,111.943,102499720010,3,Thursday,,
2024-04-12,00:00:00,111.936,111.976,110.865,111.269,95026710030,4,Friday,,
2024-04-15,00:00:00,111.016,112.411,110.992,111.875,107183690150,0,Monday,-0.253,-0.22738
2024-04-16,00:00:00,111.879,112.253,111.289,111.855,116190790100,1,Tuesday,,
2024-04-17,00:00:00,111.805,112.211,111.674,112.075,94920379880,2,Wednesday,,
2024-04-18,00:00:00,112.074,112.457,111.891,112.315,88887529910,3,Thursday,,
2024-04-19,00:00:00,112.315,112.624,111.262,112.436,136012050070,4,Friday,,
2024-04-22,00:00:00,112.302,113.104,112.255,113.005,62744219980,0,Monday,-0.134,-0.11918
2024-04-23,00:00:00,113.002,113.334,112.878,113.307,70704639930,1,Tuesday,,
2024-04-24,00:00:00,113.308,113.381,112.849,113.345,71874039870,2,Wednesday,,
2024-04-25,00:00:00,113.346,114.0,113.117,113.956,87332290030,3,Thursday,,
2024-04-26,00:00:00,113.956,115.925,113.606,115.761,114511229950,4,Friday,,
2024-04-29,00:00:00,115.408,117.321,113.148,114.41,217828380360,0,Monday,-0.353,-0.30494
2024-04-30,00:00:00,114.408,114.854,114.165,114.504,110871670130,1,Tuesday,,
2024-05-01,00:00:00,114.498,114.734,111.397,112.44,124264339910,2,Wednesday,,
2024-05-02,00:00:00,112.439,113.805,111.913,112.279,180818160000,3,Thursday,,
2024-05-03,00:00:00,112.243,112.439,111.555,111.776,145798309890,4,Friday,,
2024-05-06,00:00:00,111.724,112.783,111.619,112.577,68266329990,0,Monday,-0.052,-0.04652
2024-05-07,00:00:00,112.501,113.063,112.501,112.679,76314740030,1,Tuesday,,
2024-05-08,00:00:00,112.679,113.422,112.537,113.283,68861679970,2,Wednesday,,
2024-05-09,00:00:00,113.25,113.752,113.017,113.617,67823250000,3,Thursday,,
2024-05-10,00:00:00,113.553,114.225,113.528,113.886,59749529970,4,Friday,,
2024-05-13,00:00:00,113.829,114.322,113.654,114.275,47572449980,0,Monday,-0.057,-0.05005
2024-05-14,00:00:00,114.242,114.797,114.062,114.568,57993949950,1,Tuesday,,
2024-05-15,00:00:00,114.566,114.703,113.746,113.84,98921520030,2,Wednesday,,
2024-05-16,00:00:00,113.841,114.141,112.953,114.062,97732019990,3,Thursday,,
2024-05-17,00:00:00,114.055,114.445,114.029,114.314,61225249960,4,Friday,,
2024-05-20,00:00:00,114.242,114.827,114.17,114.655,53496250030,0,Monday,-0.072,-0.06298
2024-05-21,00:00:00,114.645,114.828,114.149,114.341,68722680010,1,Tuesday,,
2024-05-22,00:00:00,114.319,114.672,114.261,114.467,66543180010,2,Wednesday,,
2024-05-23,00:00:00,114.438,114.888,114.149,114.262,82718819900,3,Thursday,,
2024-05-24,00:00:00,114.256,114.992,114.199,114.845,60254850010,4,Friday,,
2024-05-27,00:00:00,114.65,115.117,114.639,114.986,32018090000,0,Monday,-0.195,-0.16979
2024-05-28,00:00:00,114.895,115.213,114.894,115.15,64032519980,1,Tuesday,,
2024-05-29,00:00:00,115.123,115.284,114.801,114.883,69571319930,2,Wednesday,,
2024-05-30,00:00:00,114.861,114.933,114.076,114.594,92090460060,3,Thursday,,
2024-05-31,00:00:00,114.595,115.487,114.426,115.389,99126389960,4,Friday,,
2024-06-03,00:00:00,115.185,115.542,114.293,114.493,94949520030,0,Monday,-0.204,-0.17679
2024-06-04,00:00:00,114.496,114.794,112.959,113.223,125144940050,1,Tuesday,,
2024-06-05,00:00:00,113.221,114.286,113.018,113.956,102286470020,2,Wednesday,,
2024-06-06,00:00:00,113.957,114.234,113.642,113.807,92941330110,3,Thursday,,
2024-06-07,00:00:00,113.781,114.388,113.439,113.8,114001749850,4,Friday,,
2024-06-10,00:00:00,113.797,114.198,113.669,114.097,71162469970,0,Monday,-0.003,-0.00264
2024-06-11,00:00:00,114.079,114.371,113.862,114.16,73411050010,1,Tuesday,,
2024-06-12,00:00:00,114.161,114.494,113.606,114.165,116007800000,2,Wednesday,,
2024-06-13,00:00:00,114.14,114.539,113.897,114.147,92465439850,3,Thursday,,
2024-06-14,00:00:00,114.082,115.107,113.994,114.488,137992169890,4,Friday,,
2024-06-17,00:00:00,114.433,114.952,114.277,114.895,67714869990,0,Monday,-0.055,-0.04804
2024-06-18,00:00:00,114.887,115.184,114.681,115.045,71629880070,1,Tuesday,,
2024-06-19,00:00:00,115.045,115.35,114.835,115.27,32676440000,2,Wednesday,,
2024-06-20,00:00:00,115.247,116.16,115.156,116.069,62585590080,3,Thursday,,
2024-06-21,00:00:00,116.065,116.713,115.836,116.618,71024369970,4,Friday,,
2024-06-24,00:00:00,116.639,116.998,116.053,116.796,68625249940,0,Monday,0.021,0.01801
2024-06-25,00:00:00,116.635,117.056,116.538,116.875,59609869960,1,Tuesday,,
2024-06-26,00:00:00,116.867,117.412,116.818,117.321,75348750160,2,Wednesday,,
2024-06-27,00:00:00,117.175,117.446,117.012,117.268,66183330070,3,Thursday,,
2024-06-28,00:00:00,117.257,117.738,117.012,117.556,101965420140,4,Friday,,
2024-07-01,00:00:00,117.569,117.878,117.422,117.502,68880730020,0,Monday,0.013,0.01106
2024-07-02,00:00:00,117.502,118.132,117.375,117.987,58483689980,1,Tuesday,,
2024-07-03,00:00:00,117.987,118.629,117.921,118.495,72868500000,2,Wednesday,,
2024-07-04,00:00:00,118.392,118.573,118.162,118.387,41488769980,3,Thursday,,
2024-07-05,00:00:00,118.369,118.547,117.724,117.761,95274230000,4,Friday,,
2024-07-08,00:00:00,117.784,118.145,117.501,117.904,67204139990,0,Monday,0.023,0.01953
2024-07-09,00:00:00,117.892,118.394,117.786,118.263,61055319980,1,Tuesday,,
2024-07-10,00:00:00,118.262,118.861,118.189,118.683,47471469980,2,Wednesday,,
2024-07-11,00:00:00,118.672,118.77,115.706,116.436,124393010210,3,Thursday,,
2024-07-12,00:00:00,116.418,116.959,115.457,115.673,168504459910,4,Friday,,
2024-07-15,00:00:00,115.837,116.051,115.045,115.461,88004760040,0,Monday,0.164,0.14178
2024-07-16,00:00:00,115.46,116.007,115.375,115.758,77184419980,1,Tuesday,,
2024-07-17,00:00:00,115.758,115.931,114.009,114.109,134124420000,2,Wednesday,,
2024-07-18,00:00:00,114.043,114.845,113.569,114.793,128728030370,3,Thursday,,
2024-07-19,00:00:00,114.794,115.172,114.507,114.721,100873410020,4,Friday,,
2024-07-22,00:00:00,114.646,114.846,113.748,114.101,97450119860,0,Monday,-0.075,-0.06538
2024-07-23,00:00:00,114.1,114.198,112.818,112.819,98598780080,1,Tuesday,,
2024-07-24,00:00:00,112.817,113.167,110.943,111.4,145020839860,2,Wednesday,,
2024-07-25,00:00:00,111.388,111.759,109.888,111.296,206600189890,3,Thursday,,
2024-07-26,00:00:00,111.301,111.982,110.72,111.117,148747010300,4,Friday,,
2024-07-29,00:00:00,111.04,111.61,110.716,111.165,128271129920,0,Monday,-0.077,-0.0693
2024-07-30,00:00:00,111.169,112.094,110.212,110.277,148250479960,1,Tuesday,,
2024-07-31,00:00:00,110.223,111.145,108.319,108.561,297157060420,2,Wednesday,,
2024-08-01,00:00:00,108.56,109.222,107.55,107.621,244888920160,3,Thursday,,
2024-08-02,00:00:00,107.622,107.974,105.586,105.59,295485179690,4,Friday,,
2024-08-05,00:00:00,105.478,105.63,101.649,104.229,407528549860,0,Monday,-0.112,-0.10607
2024-08-06,00:00:00,104.231,105.988,103.945,104.649,353944399950,1,Tuesday,,
2024-08-07,00:00:00,104.565,107.594,104.538,106.561,284422930510,2,Wednesday,,
2024-08-08,00:00:00,106.561,107.35,105.789,107.228,287576070250,3,Thursday,,
2024-08-09,00:00:00,107.046,107.611,106.551,106.788,214504890310,4,Friday,,
2024-08-12,00:00:00,106.671,107.979,106.644,107.032,129560009910,0,Monday,-0.117,-0.10956
2024-08-13,00:00:00,107.029,107.759,106.9,107.106,145576089960,1,Tuesday,,
2024-08-14,00:00:00,107.107,107.594,106.486,107.335,148308280150,2,Wednesday,,
2024-08-15,00:00:00,107.334,108.808,107.25,108.723,120351239960,3,Thursday,,
2024-08-16,00:00:00,108.721,108.767,107.493,107.892,111305319810,4,Friday,,
2024-08-19,00:00:00,107.793,108.25,106.204,107.525,144967800360,0,Monday,-0.099,-0.09176
2024-08-20,00:00:00,107.41,108.06,106.607,106.611,143220019870,1,Tuesday,,
2024-08-21,00:00:00,106.608,107.953,106.368,106.848,175448029780,2,Wednesday,,
2024-08-22,00:00:00,106.55,107.704,106.545,107.388,140813419930,3,Thursday,,
2024-08-23,00:00:00,107.388,107.875,106.592,106.792,153020279880,4,Friday,,
2024-08-26,00:00:00,106.591,107.33,106.219,107.135,148740849960,0,Monday,-0.201,-0.18822
2024-08-27,00:00:00,107.122,107.748,106.975,107.042,115252899930,1,Tuesday,,
2024-08-28,00:00:00,107.02,107.679,106.865,107.225,121994060040,2,Wednesday,,
2024-08-29,00:00:00,107.225,108.0,107.013,107.475,137433110100,3,Thursday,,
2024-08-30,00:00:00,107.479,108.534,107.274,108.256,107017340040,4,Friday,,
2024-09-02,00:00:00,108.182,109.05,107.973,108.795,74610909990,0,Monday,-0.074,-0.06836
2024-09-03,00:00:00,108.642,109.028,107.122,107.324,142642129980,1,Tuesday,,
2024-09-04,00:00:00,107.324,107.529,106.375,106.408,163608009950,2,Wednesday,,
2024-09-05,00:00:00,106.346,106.739,105.669,106.217,172349120380,3,Thursday,,
2024-09-06,00:00:00,106.217,106.77,104.658,104.825,239005000550,4,Friday,,
2024-09-09,00:00:00,104.809,106.04,104.604,105.545,156847890070,0,Monday,-0.016,-0.01526
2024-09-10,00:00:00,105.544,105.897,104.485,104.609,133993670110,1,Tuesday,,
2024-09-11,00:00:00,104.607,105.003,103.492,104.837,217189600030,2,Wednesday,,
2024-09-12,00:00:00,104.837,105.43,104.375,104.406,196463680330,3,Thursday,,
2024-09-13,00:00:00,104.379,104.466,103.349,103.66,164287880080,4,Friday,,
2024-09-16,00:00:00,103.408,103.745,102.81,103.464,139905190090,0,Monday,-0.252,-0.2431
2024-09-17,00:00:00,103.466,104.763,103.257,104.712,165269570180,1,Tuesday,,
2024-09-18,00:00:00,104.701,104.769,103.656,104.557,204388400050,2,Wednesday,,
2024-09-19,00:00:00,104.559,105.953,104.298,105.167,232003120070,3,Thursday,,
2024-09-20,00:00:00,105.17,106.419,104.558,105.962,206683059890,4,Friday,,
2024-09-23,00:00:00,105.945,106.771,105.659,106.028,170641079950,0,Monday,-0.017,-0.01604
2024-09-24,00:00:00,105.894,107.053,105.894,106.598,156996869890,1,Tuesday,,
2024-09-25,00:00:00,106.599,107.53,106.409,107.318,151285650030,2,Wednesday,,
2024-09-26,00:00:00,107.327,107.731,106.973,107.488,169017480090,3,Thursday,,
2024-09-27,00:00:00,107.359,108.558,105.045,105.207,249684380220,4,Friday,,
2024-09-30,00:00:00,105.126,106.354,104.85,106.163,199945059700,0,Monday,-0.081,-0.07699
2024-10-01,00:00:00,106.075,106.893,105.837,106.383,218117079700,1,Tuesday,,
2024-10-02,00:00:00,106.393,108.545,106.227,108.449,182306500030,2,Wednesday,,
2024-10-03,00:00:00,108.452,108.957,108.156,108.38,182621580410,3,Thursday,,
2024-10-04,00:00:00,108.377,109.736,107.668,109.527,169867820110,4,Friday,,
2024-10-07,00:00:00,109.444,109.808,108.56,108.775,156491110080,0,Monday,-0.083,-0.07578
2024-10-08,00:00:00,108.661,108.796,108.02,108.567,156826670260,1,Tuesday,,
2024-10-09,00:00:00,108.563,109.086,108.395,108.875,108234789830,2,Wednesday,,
2024-10-10,00:00:00,108.858,109.091,107.825,108.097,143112309890,3,Thursday,,
2024-10-11,00:00:00,108.096,108.607,107.948,108.341,89085690020,4,Friday,,
2024-10-14,00:00:00,108.265,108.727,108.203,108.53,69561600000,0,Monday,-0.076,-0.07015
2024-10-15,00:00:00,108.53,108.573,107.7,108.282,105600530020,1,Tuesday,,
2024-10-16,00:00:00,108.283,108.904,108.009,108.783,98567180070,2,Wednesday,,
2024-10-17,00:00:00,108.768,108.972,108.442,108.867,121423779940,3,Thursday,,
2024-10-18,00:00:00,108.786,108.907,108.216,108.291,98510530040,4,Friday,,
2024-10-21,00:00:00,108.202,109.086,107.986,109.019,91033589990,0,Monday,-0.089,-0.08219
2024-10-22,00:00:00,108.993,109.385,108.784,109.301,100183530080,1,Tuesday,,
2024-10-23,00:00:00,109.303,110.649,109.197,110.38,143662229880,2,Wednesday,,
2024-10-24,00:00:00,110.386,110.496,109.394,109.578,133859099950,3,Thursday,,
2024-10-25,00:00:00,109.569,109.931,109.339,109.583,110174760030,4,Friday,,
2024-10-27,00:00:00,110.191,110.229,109.847,110.058,2095170010,6,Sunday,,
2024-10-28,00:00:00,110.059,110.72,109.685,110.298,134169460090,0,Monday,0.001,0.00091
2024-10-29,00:00:00,110.297,110.694,109.915,110.187,130248429960,1,Tuesday,,
2024-10-30,00:00:00,110.185,110.387,109.732,110.27,123609020040,2,Wednesday,,
2024-10-31,00:00:00,110.265,110.388,108.954,109.125,161836069670,3,Thursday,,
2024-11-01,00:00:00,109.118,109.972,108.95,109.579,135899700050,4,Friday,,
2024-11-04,00:00:00,109.327,109.558,109.003,109.415,128776160010,0,Monday,-0.252,-0.22997
2024-11-05,00:00:00,109.334,109.768,109.313,109.646,119275100020,1,Tuesday,,
2024-11-06,00:00:00,109.647,111.018,109.37,110.916,395484460360,2,Wednesday,,
2024-11-07,00:00:00,110.888,111.183,110.231,110.325,220095909920,3,Thursday,,
2024-11-08,00:00:00,110.328,110.529,109.49,109.712,155947049920,4,Friday,,
2024-11-11,00:00:00,109.625,110.546,109.619,110.371,96087350000,0,Monday,-0.087,-0.0793
2024-11-12,00:00:00,110.366,111.069,109.998,110.855,131305520060,1,Tuesday,,
2024-11-13,00:00:00,110.862,111.278,110.577,111.028,151367620040,2,Wednesday,,
2024-11-14,00:00:00,111.03,111.516,110.91,111.12,165031110040,3,Thursday,,
2024-11-15,00:00:00,111.128,111.434,109.251,109.532,195621889860,4,Friday,,
2024-11-18,00:00:00,109.469,110.471,109.259,110.334,162059049850,0,Monday,-0.063,-0.05752
2024-11-19,00:00:00,110.321,110.831,109.244,110.797,207843880060,1,Tuesday,,
2024-11-20,00:00:00,110.788,111.556,110.661,111.141,143808110020,2,Wednesday,,
2024-11-21,00:00:00,111.139,111.197,110.241,110.58,204367080010,3,Thursday,,
2024-11-22,00:00:00,110.577,110.903,110.135,110.613,179155660170,4,Friday,,
2024-11-25,00:00:00,110.401,110.81,109.917,110.224,182124010220,0,Monday,-0.212,-0.19166
2024-11-26,00:00:00,110.213,110.234,108.56,108.873,211481780210,1,Tuesday,,
2024-11-27,00:00:00,108.874,109.024,107.314,107.691,185383220010,2,Wednesday,,
2024-11-28,00:00:00,107.597,108.517,107.526,108.103,95687299920,3,Thursday,,
2024-11-29,00:00:00,107.95,108.155,106.725,106.725,236972170270,4,Friday,,
2024-12-02,00:00:00,106.839,107.446,105.953,106.406,201975999920,0,Monday,0.114,0.10682
2024-12-03,00:00:00,106.406,107.115,105.762,106.312,160646560020,1,Tuesday,,
2024-12-04,00:00:00,106.306,107.511,106.263,107.017,165932889860,2,Wednesday,,
2024-12-05,00:00:00,106.872,107.446,106.378,106.988,147717800060,3,Thursday,,
2024-12-06,00:00:00,106.827,107.31,105.817,105.905,156910910040,4,Friday,,
2024-12-09,00:00:00,105.815,107.162,105.75,106.68,109278830000,0,Monday,-0.09,-0.08498
2024-12-10,00:00:00,106.567,107.436,106.439,107.117,126264620010,1,Tuesday,,
2024-12-11,00:00:00,107.117,107.905,106.479,107.633,166121559890,2,Wednesday,,
2024-12-12,00:00:00,107.633,107.997,107.142,107.305,158835660100,3,Thursday,,
2024-12-13,00:00:00,107.306,108.071,107.214,107.925,113324519850,4,Friday,,
2024-12-16,00:00:00,107.873,108.523,107.793,108.145,105190060070,0,Monday,-0.052,-0.04818
2024-12-17,00:00:00,108.148,108.422,107.035,107.262,123656939810,1,Tuesday,,
2024-12-18,00:00:00,107.106,107.574,106.972,107.154,145244130130,2,Wednesday,,
2024-12-19,00:00:00,107.116,109.901,106.79,109.317,242277099960,3,Thursday,,
2024-12-20,00:00:00,109.318,109.623,108.606,108.789,198500079980,4,Friday,,
2024-12-23,00:00:00,108.701,109.371,108.701,109.236,130756540040,0,Monday,-0.088,-0.08089
2024-12-24,00:00:00,109.105,109.534,108.933,109.304,89993790030,1,Tuesday,,
2024-12-25,00:00:00,109.328,109.579,109.177,109.219,6410609990,2,Wednesday,,
2024-12-26,00:00:00,109.34,109.713,109.226,109.578,86469500000,3,Thursday,,
2024-12-27,00:00:00,109.578,109.801,109.179,109.485,121209409840,4,Friday,,
2024-12-30,00:00:00,109.316,109.865,108.671,109.295,126696810030,0,Monday,-0.169,-0.15436
2024-12-31,00:00:00,109.091,109.492,108.529,109.299,127335589880,1,Tuesday,,
2025-01-02,00:00:00,109.154,109.758,108.554,109.379,172408840110,3,Thursday,,
2025-01-03,00:00:00,109.167,109.468,108.583,108.774,107631580110,4,Friday,,
2025-01-06,00:00:00,108.657,110.017,108.657,109.983,156386229940,0,Monday,-0.117,-0.10756
2025-01-07,00:00:00,109.698,110.459,109.698,109.986,136962630160,1,Tuesday,,
2025-01-08,00:00:00,109.968,110.283,109.871,110.147,132761209970,2,Wednesday,,
2025-01-09,00:00:00,109.959,110.183,109.485,109.845,95285579950,3,Thursday,,
2025-01-10,00:00:00,109.721,110.18,109.142,109.301,165991530320,4,Friday,,
2025-01-13,00:00:00,109.186,109.577,108.75,109.514,139961650220,0,Monday,-0.115,-0.10521
2025-01-14,00:00:00,109.5,110.154,109.181,110.035,167082940250,1,Tuesday,,
2025-01-15,00:00:00,110.034,110.141,108.903,109.014,148972070160,2,Wednesday,,
2025-01-16,00:00:00,108.992,109.211,107.752,107.752,179867279680,3,Thursday,,
2025-01-17,00:00:00,107.669,108.517,107.644,107.862,132906199940,4,Friday,,
2025-01-20,00:00:00,107.926,109.013,107.755,108.677,153329569840,0,Monday,0.064,0.05934
2025-01-21,00:00:00,108.573,108.777,107.283,108.542,196629270060,1,Tuesday,,
2025-01-22,00:00:00,108.348,109.08,108.339,108.861,130030049980,2,Wednesday,,
2025-01-23,00:00:00,108.667,108.908,108.353,108.465,134500789960,3,Thursday,,
2025-01-24,00:00:00,108.463,109.246,108.05,108.697,185543400040,4,Friday,,
2025-01-27,00:00:00,108.324,108.609,107.065,107.433,221789850150,0,Monday,-0.373,-0.34316
2025-01-28,00:00:00,107.423,108.28,107.364,107.948,172532880170,1,Tuesday,,
2025-01-29,00:00:00,107.912,108.164,107.264,107.652,172253079990,2,Wednesday,,
2025-01-30,00:00:00,107.526,107.792,105.733,106.473,182385700150,3,Thursday,,
2025-01-31,00:00:00,106.319,107.701,106.227,106.681,214309910150,4,Friday,,
2025-02-03,00:00:00,104.999,107.504,104.901,107.162,361966479600,0,Monday,-1.682,-1.57666
2025-02-04,00:00:00,107.16,108.018,106.768,107.719,180968750160,1,Tuesday,,
2025-02-05,00:00:00,107.642,107.822,106.413,106.633,180793410030,2,Wednesday,,
2025-02-06,00:00:00,106.554,106.689,105.639,105.795,153243779820,3,Thursday,,
2025-02-07,00:00:00,105.648,106.463,105.376,105.872,184956209860,4,Friday,,
2025-02-10,00:00:00,105.273,106.445,105.135,106.12,128830510020,0,Monday,-0.599,-0.56578
2025-02-11,00:00:00,106.002,106.833,105.797,106.673,123009869900,1,Tuesday,,
2025-02-12,00:00:00,106.562,108.284,106.561,107.89,164227960010,2,Wednesday,,
2025-02-13,00:00:00,107.876,108.308,107.348,107.637,177862880080,3,Thursday,,
2025-02-14,00:00:00,107.635,107.877,107.243,107.332,132400030000,4,Friday,,
2025-02-17,00:00:00,107.333,107.429,106.663,106.755,82599780030,0,Monday,0.001,0.00093
2025-02-18,00:00:00,106.681,107.229,106.59,107.068,99553230010,1,Tuesday,,
2025-02-19,00:00:00,107.069,107.343,106.349,106.374,117903849880,2,Wednesday,,
2025-02-20,00:00:00,106.374,106.393,105.314,105.495,148345349990,3,Thursday,,
2025-02-21,00:00:00,105.33,106.326,104.662,104.921,154021589720,4,Friday,,
2025-02-24,00:00:00,104.766,105.452,104.766,104.95,158177719910,0,Monday,-0.155,-0.14773
2025-02-25,00:00:00,104.947,105.335,103.942,104.087,167605539870,1,Tuesday,,
2025-02-26,00:00:00,104.081,104.534,103.767,103.974,156120870120,2,Wednesday,,
2025-02-27,00:00:00,103.973,104.673,103.565,103.761,174635869930,3,Thursday,,
2025-02-28,00:00:00,103.606,104.758,103.196,104.073,189690329760,4,Friday,,
2025-03-03,00:00:00,104.224,104.966,102.542,103.21,210501100010,0,Monday,0.151,0.14509
2025-03-04,00:00:00,103.192,104.205,102.193,104.001,310318500120,1,Tuesday,,
2025-03-05,00:00:00,103.881,104.28,103.017,103.769,293083949900,2,Wednesday,,
2025-03-06,00:00:00,103.764,104.233,102.578,103.434,292221060340,3,Thursday,,
2025-03-07,00:00:00,103.434,103.65,101.911,102.977,262478760070,4,Friday,,
2025-03-09,00:00:00,102.798,102.862,102.585,102.59,1804800000,6,Sunday,,
2025-03-10,00:00:00,102.612,102.889,101.629,101.92,239675040240,0,Monday,0.022,0.02144
2025-03-11,00:00:00,101.916,102.79,101.372,102.323,292340929810,1,Tuesday,,
2025-03-12,00:00:00,102.324,103.635,102.324,103.124,206706589950,2,Wednesday,,
2025-03-13,00:00:00,103.13,103.294,102.037,102.25,193759850110,3,Thursday,,
2025-03-14,00:00:00,102.288,103.554,102.265,103.402,159127800100,4,Friday,,
2025-03-16,00:00:00,103.408,103.538,103.301,103.511,806700000,6,Sunday,,
2025-03-17,00:00:00,103.511,104.52,103.28,104.357,149121299830,0,Monday,0.0,0.0
2025-03-18,00:00:00,104.35,105.024,104.169,104.338,152621139980,1,Tuesday,,
2025-03-19,00:00:00,104.331,104.923,103.723,103.89,155899379910,2,Wednesday,,
2025-03-20,00:00:00,103.899,104.039,103.149,103.823,139968130110,3,Thursday,,
2025-03-21,00:00:00,103.809,104.497,103.475,104.018,140693639930,4,Friday,,
2025-03-23,00:00:00,103.996,104.146,103.967,104.099,455250000,6,Sunday,,
2025-03-24,00:00:00,104.081,105.495,104.077,105.211,115915440090,0,Monday,-0.018,-0.01729
2025-03-25,00:00:00,105.208,105.406,104.528,104.914,110287589950,1,Tuesday,,
2025-03-26,00:00:00,104.914,105.858,104.903,105.213,119955320130,2,Wednesday,,
2025-03-27,00:00:00,105.213,105.816,105.015,105.543,155000560020,3,Thursday,,
2025-03-28,00:00:00,105.544,105.642,104.523,104.625,146849159910,4,Friday,,
2025-03-31,00:00:00,104.518,104.637,103.733,104.219,191050889980,0,Monday,-0.107,-0.10227
2025-04-01,00:00:00,104.212,104.627,103.489,104.581,173921030140,1,Tuesday,,
2025-04-02,00:00:00,104.512,105.445,104.013,104.877,184570829930,2,Wednesday,,
2025-04-03,00:00:00,104.724,104.877,103.292,103.606,422796570440,3,Thursday,,
2025-04-04,00:00:00,103.605,104.101,101.869,103.281,501896179900,4,Friday,,
2025-04-07,00:00:00,101.954,104.367,101.611,103.718,649301629850,0,Monday,-1.327,-1.28484
2025-04-08,00:00:00,103.731,104.337,102.363,102.482,442127850400,1,Tuesday,,
2025-04-09,00:00:00,102.339,105.069,101.604,104.881,558683410230,2,Wednesday,,
2025-04-10,00:00:00,104.663,104.775,102.841,103.289,493892650080,3,Thursday,,
2025-04-11,00:00:00,103.29,103.75,102.236,103.441,530871319780,4,Friday,,
2025-04-14,00:00:00,103.767,103.863,102.65,103.059,326450629840,0,Monday,0.326,0.31516
2025-04-15,00:00:00,102.936,103.504,102.384,102.597,203212770110,1,Tuesday,,
2025-04-16,00:00:00,102.483,102.909,102.017,102.329,237057030100,2,Wednesday,,
2025-04-17,00:00:00,102.207,103.157,102.115,102.938,195512909800,3,Thursday,,
2025-04-18,00:00:00,102.668,102.884,102.5,102.516,426109039630,4,Friday,,
2025-04-21,00:00:00,102.458,102.736,101.532,101.757,147032949910,0,Monday,-0.058,-0.05658
2025-04-22,00:00:00,101.535,102.533,101.252,102.498,171686309900,1,Tuesday,,
2025-04-23,00:00:00,102.266,103.412,102.266,103.301,229949109970,2,Wednesday,,
2025-04-24,00:00:00,103.3,103.3,102.556,102.901,154040880180,3,Thursday,,
2025-04-25,00:00:00,102.777,103.951,102.777,103.701,153394639920,4,Friday,,
2025-04-28,00:00:00,103.401,103.793,102.596,102.642,135424330030,0,Monday,-0.3,-0.28929
2025-04-29,00:00:00,102.641,103.138,102.498,102.893,134041049950,1,Tuesday,,
2025-04-30,00:00:00,102.741,103.831,102.658,103.658,145715160110,2,Wednesday,,
2025-05-01,00:00:00,103.612,105.277,103.56,104.917,145366660030,3,Thursday,,
2025-05-02,00:00:00,104.859,105.403,104.258,104.894,168851659940,4,Friday,,
2025-05-05,00:00:00,104.674,104.882,103.913,103.913,125966299870,0,Monday,-0.22,-0.20974
2025-05-06,00:00:00,103.892,104.21,103.247,103.362,123951740140,1,Tuesday,,
2025-05-07,00:00:00,103.209,104.199,103.209,103.891,159598269980,2,Wednesday,,
2025-05-08,00:00:00,103.874,104.957,103.787,104.758,159471280090,3,Thursday,,
2025-05-09,00:00:00,104.585,104.944,103.983,104.236,120292210170,4,Friday,,
2025-05-12,00:00:00,105.144,106.247,104.556,106.212,184896499830,0,Monday,0.908,0.8711
2025-05-13,00:00:00,106.217,106.229,105.461,105.811,129855260210,1,Tuesday,,
2025-05-14,00:00:00,105.809,105.948,104.484,104.925,147240329970,2,Wednesday,,
2025-05-15,00:00:00,104.851,104.991,103.945,104.327,135959869990,3,Thursday,,
2025-05-16,00:00:00,104.326,104.5,103.879,104.193,106580720070,4,Friday,,
2025-05-19,00:00:00,103.932,104.223,103.682,103.802,118429029960,0,Monday,-0.261,-0.2505
2025-05-20,00:00:00,103.789,104.204,103.387,103.806,123815209980,1,Tuesday,,
2025-05-21,00:00:00,103.808,104.002,103.349,103.645,165279730130,2,Wednesday,,
2025-05-22,00:00:00,103.635,104.11,103.125,103.917,173028359910,3,Thursday,,
2025-05-23,00:00:00,103.917,103.953,103.001,103.794,155473519830,4,Friday,,
2025-05-26,00:00:00,103.622,104.295,103.616,103.968,91199480070,0,Monday,-0.172,-0.16571
2025-05-27,00:00:00,103.971,104.975,103.526,104.486,134116629960,1,Tuesday,,
2025-05-28,00:00:00,104.483,104.978,104.203,104.61,137323100010,2,Wednesday,,
2025-05-29,00:00:00,104.629,105.567,104.311,104.408,176497809910,3,Thursday,,
2025-05-30,00:00:00,104.393,105.038,103.866,104.825,153757599950,4,Friday,,
2025-06-02,00:00:00,104.527,104.872,103.999,103.999,141566370040,0,Monday,-0.298,-0.28428
2025-06-03,00:00:00,103.997,105.03,103.83,104.864,115829050110,1,Tuesday,,
2025-06-04,00:00:00,104.789,105.298,104.319,104.325,125958729930,2,Wednesday,,
2025-06-05,00:00:00,104.307,105.346,104.255,104.942,151027350210,3,Thursday,,
2025-06-06,00:00:00,104.863,106.01,104.762,105.694,130299469990,4,Friday,,
2025-06-09,00:00:00,105.605,105.855,105.276,105.452,84816849960,0,Monday,-0.089,-0.08421
2025-06-10,00:00:00,105.42,106.027,105.323,105.922,100070879950,1,Tuesday,,
2025-06-11,00:00:00,105.922,106.304,105.581,105.653,112567480050,2,Wednesday,,
2025-06-12,00:00:00,105.653,105.731,105.126,105.427,127295640060,3,Thursday,,
2025-06-13,00:00:00,105.434,106.144,104.79,106.053,186074439950,4,Friday,,
2025-06-16,00:00:00,105.811,106.735,105.763,106.586,114142489940,0,Monday,-0.242,-0.22819
2025-06-17,00:00:00,106.565,106.884,106.081,106.198,131314229940,1,Tuesday,,
2025-06-18,00:00:00,106.061,106.32,105.625,105.889,135691780050,2,Wednesday,,
2025-06-19,00:00:00,105.869,106.33,105.604,106.162,90398370090,3,Thursday,,
2025-06-20,00:00:00,105.928,106.42,105.856,106.357,98980600090,4,Friday,,
2025-06-23,00:00:00,106.45,107.341,106.225,106.386,154025410200,0,Monday,0.093,0.08744
2025-06-24,00:00:00,106.297,106.413,105.406,105.542,126127350140,1,Tuesday,,
2025-06-25,00:00:00,105.526,106.23,105.361,105.708,89893590000,2,Wednesday,,
2025-06-26,00:00:00,105.638,106.002,105.029,105.848,123757750230,3,Thursday,,
2025-06-27,00:00:00,105.71,106.153,105.229,105.706,125217430000,4,Friday,,
2025-06-30,00:00:00,105.369,105.942,105.227,105.826,122828690040,0,Monday,-0.337,-0.31881
2025-07-01,00:00:00,105.737,105.845,104.845,105.049,116329860110,1,Tuesday,,
2025-07-02,00:00:00,105.053,105.776,105.0,105.669,110485169820,2,Wednesday,,
2025-07-03,00:00:00,105.567,107.026,105.535,106.657,94812879840,3,Thursday,,
2025-07-04,00:00:00,106.649,106.71,106.057,106.075,110447670140,4,Friday,,
2025-07-07,00:00:00,106.141,107.026,105.943,106.696,97654140040,0,Monday,0.066,0.06222
2025-07-08,00:00:00,106.698,107.433,106.637,107.256,103658219990,1,Tuesday,,
2025-07-09,00:00:00,107.255,107.539,106.819,106.9,87563299990,2,Wednesday,,
2025-07-10,00:00:00,106.902,107.17,106.578,107.093,89728680090,3,Thursday,,
2025-07-11,00:00:00,107.064,107.849,106.57,107.604,105559680000,4,Friday,,
2025-07-14,00:00:00,107.374,107.912,107.287,107.737,90235510070,0,Monday,-0.23,-0.21375
2025-07-15,00:00:00,107.719,108.606,107.669,108.41,89413900000,1,Tuesday,,
2025-07-16,00:00:00,108.402,108.736,107.223,108.061,136076080110,2,Wednesday,,
2025-07-17,00:00:00,107.709,108.399,107.686,108.017,90953880060,3,Thursday,,
2025-07-18,00:00:00,107.896,108.427,107.884,108.389,75751560060,4,Friday,,
2025-07-21,00:00:00,107.793,108.307,107.425,107.654,76211930070,0,Monday,-0.596,-0.54987
2025-07-22,00:00:00,107.548,108.063,107.182,107.73,79030889990,1,Tuesday,,
2025-07-23,00:00:00,107.641,108.224,107.39,107.682,111772560140,2,Wednesday,,
2025-07-24,00:00:00,107.562,107.856,107.234,107.738,95981410050,3,Thursday,,
2025-07-25,00:00:00,107.733,108.158,107.542,107.689,98756319910,4,Friday,,
2025-07-28,00:00:00,107.648,108.248,107.648,108.069,96395720070,0,Monday,-0.041,-0.03807
2025-07-29,00:00:00,107.968,108.213,107.685,107.763,90464360110,1,Tuesday,,
2025-07-30,00:00:00,107.742,108.117,107.341,108.085,117318760210,2,Wednesday,,
2025-07-31,00:00:00,108.086,108.93,107.472,108.754,119604610130,3,Thursday,,
2025-08-01,00:00:00,108.754,108.953,106.807,106.893,171752050370,4,Friday,,
2025-08-04,00:00:00,106.818,107.429,106.587,106.717,104064300030,0,Monday,-0.075,-0.07016
2025-08-05,00:00:00,106.717,107.212,106.518,107.148,94966210020,1,Tuesday,,
2025-08-06,00:00:00,107.15,107.413,106.985,107.216,81395900010,2,Wednesday,,
2025-08-07,00:00:00,107.21,107.509,106.896,107.009,101785629970,3,Thursday,,
2025-08-08,00:00:00,107.009,107.689,106.8,107.369,82865750030,4,Friday,,
2025-08-11,00:00:00,107.179,107.562,107.003,107.477,61840139960,0,Monday,-0.19,-0.17696
2025-08-12,00:00:00,107.474,107.753,107.195,107.317,101635200180,1,Tuesday,,
2025-08-13,00:00:00,107.322,107.525,106.853,107.086,73372890000,2,Wednesday,,
2025-08-14,00:00:00,107.061,107.118,106.24,106.918,102698030210,3,Thursday,,
2025-08-15,00:00:00,106.922,107.037,106.346,106.459,74668990000,4,Friday,,
2025-08-18,00:00:00,106.485,107.19,106.454,107.113,64520560020,0,Monday,0.026,0.02442
2025-08-19,00:00:00,107.113,107.203,106.344,106.448,74659490020,1,Tuesday,,
2025-08-20,00:00:00,106.449,106.572,105.94,106.17,82835550020,2,Wednesday,,
2025-08-21,00:00:00,106.17,106.774,106.11,106.642,77351830020,3,Thursday,,
2025-08-22,00:00:00,106.639,106.917,105.97,106.212,109394740130,4,Friday,,
2025-08-25,00:00:00,106.151,106.756,106.096,106.603,77544350020,0,Monday,-0.061,-0.05743
2025-08-26,00:00:00,106.602,106.739,106.187,106.46,108784550000,1,Tuesday,,
2025-08-27,00:00:00,106.466,107.002,106.341,106.819,91167159930,2,Wednesday,,
2025-08-28,00:00:00,106.815,107.029,106.682,106.859,98926599970,3,Thursday,,
2025-08-29,00:00:00,106.859,107.118,106.618,106.92,96406059870,4,Friday,,
2025-09-01,00:00:00,106.891,107.238,106.808,107.013,63971680040,0,Monday,-0.029,-0.02712
2025-09-02,00:00:00,107.003,107.955,106.922,107.622,134257769800,1,Tuesday,,
2025-09-03,00:00:00,107.625,108.03,107.218,107.332,104131810100,2,Wednesday,,
2025-09-04,00:00:00,107.298,107.554,107.143,107.439,99383159990,3,Thursday,,
2025-09-05,00:00:00,107.443,107.465,106.168,106.541,118756240110,4,Friday,,
2025-09-08,00:00:00,107.044,107.337,106.698,106.829,100656250050,0,Monday,0.503,0.47212
2025-09-09,00:00:00,106.818,106.884,106.004,106.462,108933960080,1,Tuesday,,
2025-09-10,00:00:00,106.461,106.549,106.219,106.327,92251889980,2,Wednesday,,
2025-09-11,00:00:00,106.317,106.695,106.198,106.406,103968539910,3,Thursday,,
2025-09-12,00:00:00,106.402,106.921,106.22,106.59,72284099990,4,Friday,,
2025-09-15,00:00:00,106.442,107.061,106.442,106.956,61251119980,0,Monday,-0.148,-0.13885
2025-09-16,00:00:00,106.96,107.106,106.434,106.595,92166870020,1,Tuesday,,
2025-09-17,00:00:00,106.59,106.747,105.976,106.665,112848800040,2,Wednesday,,
2025-09-18,00:00:00,106.642,107.408,106.578,107.274,109477750050,3,Thursday,,
2025-09-19,00:00:00,107.264,107.442,106.732,107.346,109494619890,4,Friday,,
2025-09-22,00:00:00,107.235,107.568,106.827,106.881,75145280010,0,Monday,-0.111,-0.1034
2025-09-23,00:00:00,106.853,106.996,106.523,106.685,79775479920,1,Tuesday,,
2025-09-24,00:00:00,106.667,107.204,106.491,107.13,76900769990,2,Wednesday,,
2025-09-25,00:00:00,107.097,107.623,106.943,107.439,91196150030,3,Thursday,,
2025-09-26,00:00:00,107.445,107.529,107.153,107.153,85092220150,4,Friday,,
2025-09-29,00:00:00,107.092,107.237,106.59,106.755,76065480050,0,Monday,-0.061,-0.05693
2025-09-30,00:00:00,106.753,106.904,106.07,106.188,90048269950,1,Tuesday,,
2025-10-01,00:00:00,106.16,106.429,105.258,105.51,112409900030,2,Wednesday,,
2025-10-02,00:00:00,105.508,105.732,105.194,105.394,81320569940,3,Thursday,,
2025-10-03,00:00:00,105.379,105.833,105.345,105.677,72199879860,4,Friday,,
2025-10-06,00:00:00,106.94,107.866,106.729,107.807,113833900070,0,Monday,1.263,1.19515
2025-10-07,00:00:00,107.806,108.95,107.678,108.853,77940400010,1,Tuesday,,
2025-10-08,00:00:00,108.856,109.657,108.781,109.419,90457930130,2,Wednesday,,
2025-10-09,00:00:00,109.402,109.748,109.073,109.15,111591719970,3,Thursday,,
2025-10-10,00:00:00,109.149,109.289,107.863,107.863,136905599960,4,Friday,,
2025-10-13,00:00:00,108.466,108.834,108.386,108.454,89587580190,0,Monday,0.603,0.55904
2025-10-14,00:00:00,108.444,108.718,107.913,108.063,126764100070,1,Tuesday,,
2025-10-15,00:00:00,108.065,108.183,107.491,107.502,99473479990,2,Wednesday,,
2025-10-16,00:00:00,107.504,107.857,106.887,107.02,128487960220,3,Thursday,,
2025-10-17,00:00:00,107.004,107.485,106.232,107.375,150636600170,4,Friday,,
2025-10-20,00:00:00,107.206,107.926,107.084,107.36,86096310070,0,Monday,-0.169,-0.15739
2025-10-21,00:00:00,107.351,108.557,107.242,108.322,116649010100,1,Tuesday,,
2025-10-22,00:00:00,108.326,108.704,108.13,108.555,98491540060,2,Wednesday,,
2025-10-23,00:00:00,108.557,109.217,108.503,109.019,71816059980,3,Thursday,,
2025-10-24,00:00:00,109.008,109.286,108.686,109.156,84663430010,4,Friday,,
2025-10-26,00:00:00,109.048,109.239,109.011,109.203,1531950020,6,Sunday,,
2025-10-27,00:00:00,109.204,109.553,109.158,109.249,78504010000,0,Monday,0.001,0.00092
2025-10-28,00:00:00,109.182,109.277,108.457,108.982,94543640020,1,Tuesday,,
2025-10-29,00:00:00,109.015,109.788,108.723,109.481,119334469950,2,Wednesday,,
2025-10-30,00:00:00,109.479,110.387,109.216,110.146,120818040170,3,Thursday,,
2025-10-31,00:00:00,110.14,110.306,109.71,109.841,93662810080,4,Friday,,
2025-11-03,00:00:00,109.725,110.108,109.422,109.706,65923769850,0,Monday,-0.116,-0.10561
2025-11-04,00:00:00,109.705,109.8,108.866,108.926,92870030100,1,Tuesday,,
2025-11-05,00:00:00,108.923,109.295,108.367,109.206,88468800110,2,Wednesday,,
2025-11-06,00:00:00,109.205,109.278,108.198,108.397,86682789850,3,Thursday,,
2025-11-07,00:00:00,108.401,109.412,108.266,109.209,103479810030,4,Friday,,
2025-11-10,00:00:00,109.203,110.075,109.191,109.917,96152630080,0,Monday,-0.006,-0.00549
2025-11-11,00:00:00,109.913,110.096,109.687,109.941,71353729980,1,Tuesday,,
2025-11-12,00:00:00,109.94,110.592,109.866,110.488,79167590020,2,Wednesday,,
2025-11-13,00:00:00,110.488,110.638,109.954,110.094,98702570000,3,Thursday,,
2025-11-14,00:00:00,110.093,110.345,109.56,110.126,114120180000,4,Friday,,
2025-11-17,00:00:00,110.051,110.731,110.051,110.425,78194809960,0,Monday,-0.075,-0.0681
2025-11-18,00:00:00,110.421,111.452,110.135,111.13,118035049860,1,Tuesday,,
2025-11-19,00:00:00,111.135,111.907,110.913,111.829,105017320030,2,Wednesday,,
2025-11-20,00:00:00,111.828,112.287,111.544,111.707,137589669900,3,Thursday,,
2025-11-21,00:00:00,111.691,111.823,110.598,110.848,144067170160,4,Friday,,
2025-11-24,00:00:00,110.779,111.44,110.779,111.188,75438650130,0,Monday,-0.069,-0.06225
2025-11-25,00:00:00,111.144,111.254,110.437,110.663,95577070080,1,Tuesday,,
2025-11-26,00:00:00,110.665,111.492,110.472,111.374,97627660160,2,Wednesday,,
2025-11-27,00:00:00,111.379,111.475,110.955,111.35,48120299990,3,Thursday,,
2025-11-28,00:00:00,111.258,112.005,111.198,111.637,366953370630,4,Friday,,
2025-12-01,00:00:00,111.6,111.771,110.818,111.014,102780750030,0,Monday,-0.037,-0.03314
2025-12-02,00:00:00,111.011,111.716,110.994,111.499,73027229970,1,Tuesday,,
2025-12-03,00:00:00,111.415,111.609,111.148,111.253,78655759930,2,Wednesday,,
2025-12-04,00:00:00,111.251,111.394,110.6,111.095,94098809990,3,Thursday,,
2025-12-05,00:00:00,111.091,112.441,110.715,112.425,84744389840,4,Friday,,
2025-12-08,00:00:00,112.062,112.81,112.055,112.505,81206190020,0,Monday,-0.363,-0.32288
2025-12-09,00:00:00,112.505,113.457,112.441,113.269,80169440020,1,Tuesday,,
2025-12-10,00:00:00,113.26,113.327,112.824,113.094,96616290030,2,Wednesday,,
2025-12-11,00:00:00,113.097,113.13,112.501,112.951,100736749940,3,Thursday,,
2025-12-12,00:00:00,112.934,113.443,112.761,113.114,99796110000,4,Friday,,
2025-12-15,00:00:00,113.072,113.288,112.48,112.708,86846310030,0,Monday,-0.042,-0.03713
2025-12-16,00:00:00,112.694,112.748,112.288,112.445,119591759960,1,Tuesday,,
2025-12-17,00:00:00,112.446,113.043,112.279,112.889,94291159910,2,Wednesday,,
2025-12-18,00:00:00,112.877,113.264,112.726,112.879,98320140040,3,Thursday,,
2025-12-19,00:00:00,112.873,114.449,112.758,114.248,104876350060,4,Friday,,
2025-12-22,00:00:00,114.172,114.361,113.956,114.164,90153809970,0,Monday,-0.076,-0.06652
2025-12-23,00:00:00,114.165,114.212,113.485,114.096,92602690110,1,Tuesday,,
2025-12-24,00:00:00,114.054,114.138,113.715,113.898,82351340100,2,Wednesday,,
2025-12-25,00:00:00,113.809,114.055,113.756,113.982,3108729950,3,Thursday,,
2025-12-26,00:00:00,113.866,114.637,113.863,114.437,78764710060,4,Friday,,
2025-12-29,00:00:00,114.383,114.557,113.958,113.975,91067390010,0,Monday,-0.054,-0.04719
2025-12-30,00:00:00,113.976,114.351,113.814,114.18,69970830050,1,Tuesday,,
2025-12-31,00:00:00,114.149,114.608,114.101,114.153,70681660030,2,Wednesday,,
2026-01-02,00:00:00,114.024,114.557,114.001,114.159,67490979990,4,Friday,,
2026-01-05,00:00:00,113.973,114.385,113.448,113.49,102628290030,0,Monday,-0.186,-0.16293
2026-01-06,00:00:00,113.464,113.836,113.359,113.359,84537290010,1,Tuesday,,
2026-01-07,00:00:00,113.361,113.476,113.067,113.081,78979880020,2,Wednesday,,
2026-01-08,00:00:00,113.081,113.387,112.742,113.122,76531899960,3,Thursday,,
2026-01-09,00:00:00,113.122,113.194,112.976,113.147,1660860000,4,Friday,,
