Date,Time,Open,High,Low,Close,Volume,DayOfWeek,DayName,WeekendGap,WeekendGapPct
2013-10-01,00:00:00,8619.2,8691.2,8613.4,8686.2,4264000,1,Tuesday,,
2013-10-02,00:00:00,8652.0,8670.9,8585.3,8628.1,4358000,2,Wednesday,,
2013-10-03,00:00:00,8618.4,8643.36,8590.65,8596.27,3806000,3,Thursday,,
2013-10-04,00:00:00,8584.32,8637.72,8573.14,8623.09,4720000,4,Friday,,
2013-10-07,00:00:00,8526.62,8604.36,8516.29,8592.11,4566000,0,Monday,-96.47,-1.11874
2013-10-08,00:00:00,8591.53,8606.09,8553.64,8557.98,5190000,1,Tuesday,,
2013-10-09,00:00:00,8541.03,8588.7,8502.7,8513.61,5026000,2,Wednesday,,
2013-10-10,00:00:00,8592.07,8691.6,8587.95,8685.91,3280000,3,Thursday,,
2013-10-11,00:00:00,8708.62,8728.93,8697.13,8723.92,4450000,4,Friday,,
2013-10-14,00:00:00,8688.44,8723.68,8676.4,8702.8,3916000,0,Monday,-35.48,-0.4067
2013-10-15,00:00:00,8765.28,8795.85,8764.17,8795.85,1802000,1,Tuesday,,
2013-10-16,00:00:00,8804.43,8807.48,8788.33,8790.83,396000,2,Wednesday,,
2013-10-17,00:00:00,8798.72,8812.02,8769.12,8808.2,19714000,3,Thursday,,
2013-10-18,00:00:00,8809.72,8851.16,8804.8,8843.11,34174000,4,Friday,,
2013-10-21,00:00:00,8828.46,8876.13,8827.51,8867.21,11856000,0,Monday,-14.65,-0.16567
2013-10-22,00:00:00,8867.21,8987.62,8850.61,8953.35,21413170,1,Tuesday,,
2013-10-23,00:00:00,8951.82,8952.59,8897.49,8915.6,31594000,2,Wednesday,,
2013-10-24,00:00:00,8915.64,8976.17,8904.5,8957.16,14068000,3,Thursday,,
2013-10-25,00:00:00,8957.28,8987.02,8951.32,8977.64,17828000,4,Friday,,
2013-10-28,00:00:00,8984.5,8999.78,8951.3,8983.6,813380,0,Monday,6.86,0.07641
2013-10-29,00:00:00,8980.0,9039.0,8962.0,9030.8,15627080,1,Tuesday,,
2013-10-30,00:00:00,9027.2,9070.3,8976.3,9001.38,8932550,2,Wednesday,,
2013-10-31,00:00:00,8980.7,9052.3,8952.1,9019.4,12169740,3,Thursday,,
2013-11-01,00:00:00,9019.4,9046.3,8992.3,9026.3,10622660,4,Friday,,
2013-11-04,00:00:00,9022.8,9057.9,9007.81,9054.3,14303270,0,Monday,-3.5,-0.03878
2013-11-05,00:00:00,9046.87,9054.5,8963.0,9005.6,5858980,1,Tuesday,,
2013-11-06,00:00:00,9006.2,9064.8,8998.0,9034.9,629830,2,Wednesday,,
2013-11-07,00:00:00,9032.0,9193.8,9001.5,9021.7,13276850,3,Thursday,,
2013-11-08,00:00:00,9019.3,9097.7,8988.0,9078.26,8657410,4,Friday,,
2013-11-11,00:00:00,9083.0,9122.72,9063.8,9116.7,10646510,0,Monday,4.74,0.05221
2013-11-12,00:00:00,9117.3,9124.9,9057.3,9077.7,13305950,1,Tuesday,,
2013-11-13,00:00:00,9077.7,9124.5,8980.3,9113.1,12466770,2,Wednesday,,
2013-11-14,00:00:00,9111.3,9153.3,9101.3,9141.7,13468690,3,Thursday,,
2013-11-15,00:00:00,9142.3,9188.5,9128.9,9168.68,11981420,4,Friday,,
2013-11-18,00:00:00,9164.9,9254.8,9140.0,9197.8,11631160,0,Monday,-3.78,-0.04123
2013-11-19,00:00:00,9197.8,9217.3,9161.3,9179.7,12017680,1,Tuesday,,
2013-11-20,00:00:00,9179.1,9235.3,9142.3,9164.0,12962160,2,Wednesday,,
2013-11-21,00:00:00,9164.6,9217.0,9115.0,9210.7,831490,3,Thursday,,
2013-11-22,00:00:00,9211.3,9228.3,9169.0,9219.02,11972040,4,Friday,,
2013-11-25,00:00:00,9259.1,9324.3,9230.87,9285.4,11759550,0,Monday,40.08,0.43475
2013-11-26,00:00:00,9287.2,9316.46,9280.0,9303.4,9397620,1,Tuesday,,
2013-11-27,00:00:00,9303.4,9365.0,9290.04,9351.6,10887980,2,Wednesday,,
2013-11-28,00:00:00,9352.8,9400.0,9350.4,9387.35,9473900,3,Thursday,,
2013-11-29,00:00:00,9386.6,9425.3,9378.53,9405.27,9456070,4,Friday,,
2013-12-02,00:00:00,9408.8,9425.0,9378.3,9382.9,11476420,0,Monday,3.53,0.03753
2013-12-03,00:00:00,9381.1,9403.0,9200.8,9220.7,10831910,1,Tuesday,,
2013-12-04,00:00:00,9220.7,9259.8,9063.3,9139.7,836970,2,Wednesday,,
2013-12-05,00:00:00,9139.1,9171.5,9071.3,9073.7,4000590,3,Thursday,,
2013-12-06,00:00:00,9073.1,9212.8,9070.8,9197.3,9345360,4,Friday,,
2013-12-09,00:00:00,9222.4,9225.0,9169.3,9180.0,9988540,0,Monday,25.1,0.27291
2013-12-10,00:00:00,9177.6,9222.52,9089.8,9118.7,9404370,1,Tuesday,,
2013-12-11,00:00:00,9117.5,9153.5,9033.0,9034.8,11879770,2,Wednesday,,
2013-12-12,00:00:00,9034.2,9061.0,8981.8,8997.3,11018800,3,Thursday,,
2013-12-13,00:00:00,8997.9,9046.3,8988.8,9027.9,2765310,4,Friday,,
2013-12-16,00:00:00,9032.3,9187.8,8961.5,9157.0,11836670,0,Monday,4.4,0.04874
2013-12-17,00:00:00,9157.0,9164.6,9081.3,9093.0,10826740,1,Tuesday,,
2013-12-18,00:00:00,9094.8,9285.2,9085.09,9269.1,11291060,2,Wednesday,,
2013-12-19,00:00:00,9269.7,9351.66,9245.9,9339.3,11565130,3,Thursday,,
2013-12-20,00:00:00,9338.7,9412.23,9335.71,9400.17,10708420,4,Friday,,
2013-12-23,00:00:00,9414.0,9499.0,9410.19,9488.81,6623410,0,Monday,13.83,0.14712
2013-12-24,00:00:00,9488.8,9488.81,9488.79,9488.81,202000,1,Tuesday,,
2013-12-25,00:00:00,9488.8,9488.81,9488.79,9488.79,200000,2,Wednesday,,
2013-12-26,00:00:00,9488.8,9488.81,9488.79,9488.81,198000,3,Thursday,,
2013-12-27,00:00:00,9488.8,9591.8,9488.7,9575.5,10408850,4,Friday,,
2013-12-30,00:00:00,9576.5,9601.5,9552.13,9552.13,6706760,0,Monday,1.0,0.01044
2013-12-31,00:00:00,9552.14,9552.15,9552.13,9552.14,196000,1,Tuesday,,
2014-01-01,00:00:00,9552.15,9552.15,9552.13,9552.14,200000,2,Wednesday,,
2014-01-02,00:00:00,9552.14,9627.3,9372.0,9397.4,8628200,3,Thursday,,
2014-01-03,00:00:00,9398.6,9452.52,9353.9,9435.14,10168970,4,Friday,,
2014-01-06,00:00:00,9431.9,9470.0,9397.8,9431.9,9693410,0,Monday,-3.24,-0.03434
2014-01-07,00:00:00,9431.3,9518.61,9415.8,9488.8,11125770,1,Tuesday,,
2014-01-08,00:00:00,9490.6,9524.5,9467.3,9486.4,9885010,2,Wednesday,,
2014-01-09,00:00:00,9487.0,9549.8,9403.5,9452.4,10044010,3,Thursday,,
2014-01-10,00:00:00,9451.8,9531.8,9442.0,9473.23,8991280,4,Friday,,
2014-01-13,00:00:00,9508.0,9519.0,9426.3,9444.1,13132470,0,Monday,34.77,0.36703
2014-01-14,00:00:00,9444.7,9573.5,9382.0,9555.81,13247260,1,Tuesday,,
2014-01-15,00:00:00,9568.9,9774.5,9552.45,9752.0,12016090,2,Wednesday,,
2014-01-16,00:00:00,9751.4,9761.8,9702.94,9723.2,4331020,3,Thursday,,
2014-01-17,00:00:00,9724.4,9791.3,9696.0,9719.7,11240610,4,Friday,,
2014-01-20,00:00:00,9718.1,9733.1,9671.8,9715.88,12420360,0,Monday,-1.6,-0.01646
2014-01-21,00:00:00,9715.88,9794.3,9712.8,9742.6,12500640,1,Tuesday,,
2014-01-22,00:00:00,9736.26,9771.2,9676.0,9720.9,11625250,2,Wednesday,,
2014-01-23,00:00:00,9720.11,9749.3,9595.3,9647.4,10861230,3,Thursday,,
2014-01-24,00:00:00,9649.8,9666.3,9319.7,9392.0,10288780,4,Friday,,
2014-01-27,00:00:00,9392.0,9402.58,9310.97,9349.2,27546000,0,Monday,0.0,0.0
2014-01-28,00:00:00,9349.2,9427.53,9345.75,9406.89,267780000,1,Tuesday,,
2014-01-29,00:00:00,9406.9,9537.58,9221.28,9336.71,276300000,2,Wednesday,,
2014-01-30,00:00:00,9336.72,9415.45,9266.94,9373.46,258060000,3,Thursday,,
2014-01-31,00:00:00,9373.46,9373.47,9166.02,9306.46,272180000,4,Friday,,
2014-02-03,00:00:00,9306.46,9357.53,9173.55,9186.5,251080000,0,Monday,0.0,0.0
2014-02-04,00:00:00,9186.51,9186.51,9071.57,9127.89,261020000,1,Tuesday,,
2014-02-05,00:00:00,9127.89,9154.7,9080.86,9116.29,254300000,2,Wednesday,,
2014-02-06,00:00:00,9116.3,9207.03,9116.29,9207.03,53580000,3,Thursday,,
2014-02-07,00:00:00,9275.94,9349.5,9223.31,9346.4,191175740,4,Friday,,
2014-02-10,00:00:00,9338.1,9347.3,9279.3,9299.0,99332550,0,Monday,-8.3,-0.0888
2014-02-11,00:00:00,9299.9,9516.3,9289.83,9484.4,94117450,1,Tuesday,,
2014-02-12,00:00:00,9485.0,9596.3,9478.74,9549.9,98607430,2,Wednesday,,
2014-02-13,00:00:00,9550.5,9639.8,9478.5,9628.1,132511180,3,Thursday,,
2014-02-14,00:00:00,9625.7,9677.5,9584.7,9662.25,147734960,4,Friday,,
2014-02-17,00:00:00,9653.0,9681.8,9642.2,9656.75,137717500,0,Monday,-9.25,-0.09573
2014-02-18,00:00:00,9656.74,9691.8,9612.0,9648.7,623930,1,Tuesday,,
2014-02-19,00:00:00,9648.4,9696.3,9577.0,9582.3,400820,2,Wednesday,,
2014-02-20,00:00:00,9583.5,9624.3,9500.8,9608.3,1099630,3,Thursday,,
2014-02-21,00:00:00,9607.7,9668.0,9597.0,9621.0,560130,4,Friday,,
2014-02-24,00:00:00,9623.7,9734.3,9597.2,9695.5,507530,0,Monday,2.7,0.02806
2014-02-25,00:00:00,9693.7,9711.5,9627.3,9684.8,310300,1,Tuesday,,
2014-02-26,00:00:00,9685.1,9720.3,9609.5,9636.8,40512580,2,Wednesday,,
2014-02-27,00:00:00,9639.8,9672.0,9496.5,9614.8,145772530,3,Thursday,,
2014-02-28,00:00:00,9617.2,9695.8,9564.8,9649.3,97031830,4,Friday,,
2014-03-03,00:00:00,9551.8,9572.4,9320.8,9344.1,153093660,0,Monday,-97.5,-1.01044
2014-03-04,00:00:00,9344.1,9590.3,9344.1,9560.5,131085210,1,Tuesday,,
2014-03-05,00:00:00,9560.5,9600.0,9523.5,9544.9,94275060,2,Wednesday,,
2014-03-06,00:00:00,9545.8,9588.3,9503.5,9526.8,48180000,3,Thursday,,
2014-03-07,00:00:00,9528.3,9554.5,9344.8,9394.6,124671400,4,Friday,,
2014-03-10,00:00:00,9362.3,9382.6,9214.0,9293.5,106226650,0,Monday,-32.3,-0.34381
2014-03-11,00:00:00,9293.3,9376.3,9256.0,9286.7,125186970,1,Tuesday,,
2014-03-12,00:00:00,9290.7,9291.0,9141.0,9212.4,145151590,2,Wednesday,,
2014-03-13,00:00:00,9204.7,9240.8,8928.0,8954.9,115473880,3,Thursday,,
2014-03-14,00:00:00,8953.1,9094.8,8914.0,9042.8,144876510,4,Friday,,
2014-03-17,00:00:00,9056.39,9198.5,9019.2,9186.6,100653810,0,Monday,13.59,0.15029
2014-03-18,00:00:00,9188.4,9317.3,9104.3,9252.0,84304660,1,Tuesday,,
2014-03-19,00:00:00,9244.4,9328.5,9172.3,9216.4,87274750,2,Wednesday,,
2014-03-20,00:00:00,9223.9,9303.3,9156.0,9283.8,113180100,3,Thursday,,
2014-03-21,00:00:00,9278.2,9378.3,9269.0,9288.8,106465650,4,Friday,,
2014-03-24,00:00:00,9284.2,9361.5,9177.5,9212.3,106657010,0,Monday,-4.6,-0.04952
2014-03-25,00:00:00,9213.4,9383.3,9202.6,9362.9,106845890,1,Tuesday,,
2014-03-26,00:00:00,9363.2,9488.8,9358.5,9404.7,142899560,2,Wednesday,,
2014-03-27,00:00:00,9401.2,9470.5,9388.6,9444.9,12684790,3,Thursday,,
2014-03-28,00:00:00,9446.1,9591.0,9440.4,9573.0,71156790,4,Friday,,
2014-03-31,00:00:00,9626.1,9635.4,9543.0,9561.0,884130,0,Monday,53.1,0.55469
2014-04-01,00:00:00,9560.7,9631.0,9557.7,9616.1,114099860,1,Tuesday,,
2014-04-02,00:00:00,9615.2,9646.5,9606.5,9636.9,35905410,2,Wednesday,,
2014-04-03,00:00:00,9635.7,9690.3,9590.5,9638.1,350200,3,Thursday,,
2014-04-04,00:00:00,9637.8,9721.48,9612.8,9619.7,19526420,4,Friday,,
2014-04-07,00:00:00,9622.3,9626.9,9450.5,9488.3,177058970,0,Monday,2.6,0.02703
2014-04-08,00:00:00,9488.0,9526.8,9391.3,9467.1,116862570,1,Tuesday,,
2014-04-09,00:00:00,9467.1,9552.8,9465.9,9541.5,123425430,2,Wednesday,,
2014-04-10,00:00:00,9540.0,9580.51,9332.5,9352.9,69280530,3,Thursday,,
2014-04-11,00:00:00,9354.1,9389.0,9256.4,9271.4,35280210,4,Friday,,
2014-04-14,00:00:00,9222.3,9345.5,9194.3,9332.9,69818510,0,Monday,-49.1,-0.52959
2014-04-15,00:00:00,9334.7,9351.6,9085.5,9231.4,943180,1,Tuesday,,
2014-04-16,00:00:00,9234.7,9354.0,9211.8,9320.0,922540,2,Wednesday,,
2014-04-17,00:00:00,9326.0,9467.0,9276.5,9446.5,394760,3,Thursday,,
2014-04-21,00:00:00,9468.2,9481.1,9443.9,9467.3,768540,0,Monday,21.7,0.22971
2014-04-22,00:00:00,9468.5,9613.3,9409.69,9603.6,38635440,1,Tuesday,,
2014-04-23,00:00:00,9603.6,9623.1,9538.8,9587.1,135354890,2,Wednesday,,
2014-04-24,00:00:00,9587.1,9646.3,9406.8,9524.0,671840,3,Thursday,,
2014-04-25,00:00:00,9518.6,9526.3,9365.3,9416.9,377300,4,Friday,,
2014-04-28,00:00:00,9418.7,9497.0,9371.8,9467.8,651420,0,Monday,1.8,0.01911
2014-04-29,00:00:00,9469.3,9611.0,9462.4,9574.6,343600,1,Tuesday,,
2014-04-30,00:00:00,9575.8,9622.6,9555.8,9620.8,426140,2,Wednesday,,
2014-05-01,00:00:00,9622.6,9632.5,9583.5,9616.6,622090,3,Thursday,,
2014-05-02,00:00:00,9619.6,9627.1,9527.5,9550.3,479350,4,Friday,,
2014-05-05,00:00:00,9549.4,9559.0,9403.0,9534.6,325600,0,Monday,-0.9,-0.00942
2014-05-06,00:00:00,9535.2,9581.5,9433.5,9450.0,60452870,1,Tuesday,,
2014-05-07,00:00:00,9451.8,9554.8,9390.8,9547.7,103130400,2,Wednesday,,
2014-05-08,00:00:00,9548.0,9622.08,9485.0,9559.9,127596270,3,Thursday,,
2014-05-09,00:00:00,9560.2,9617.3,9551.8,9591.7,157903150,4,Friday,,
2014-05-12,00:00:00,9605.2,9742.1,9585.5,9740.3,46587260,0,Monday,13.5,0.14075
2014-05-13,00:00:00,9740.9,9785.3,9732.3,9759.6,722900,1,Tuesday,,
2014-05-14,00:00:00,9759.0,9776.3,9719.5,9730.2,229628830,2,Wednesday,,
2014-05-15,00:00:00,9730.8,9811.3,9627.5,9665.9,233018160,3,Thursday,,
2014-05-16,00:00:00,9666.2,9680.0,9573.0,9636.3,125604560,4,Friday,,
2014-05-19,00:00:00,9642.9,9678.5,9531.5,9658.1,240005060,0,Monday,6.6,0.06849
2014-05-20,00:00:00,9658.1,9686.8,9588.8,9612.4,243924360,1,Tuesday,,
2014-05-21,00:00:00,9612.1,9710.5,9581.3,9689.4,226489620,2,Wednesday,,
2014-05-22,00:00:00,9688.2,9738.8,9685.8,9717.5,6038290,3,Thursday,,
2014-05-23,00:00:00,9719.9,9779.0,9703.3,9766.6,245620,4,Friday,,
2014-05-26,00:00:00,9771.7,9895.8,9771.7,9881.3,430890,0,Monday,5.1,0.05222
2014-05-27,00:00:00,9881.6,9950.8,9871.5,9941.7,498630,1,Tuesday,,
2014-05-28,00:00:00,9942.9,9969.3,9896.5,9926.0,562570,2,Wednesday,,
2014-05-29,00:00:00,9925.7,9959.3,9917.0,9952.8,83816210,3,Thursday,,
2014-05-30,00:00:00,9952.8,9969.61,9921.3,9943.9,71968080,4,Friday,,
2014-06-02,00:00:00,9943.9,9988.8,9904.5,9953.7,351970,0,Monday,0.0,0.0
2014-06-03,00:00:00,9954.0,9957.5,9884.8,9915.9,28630290,1,Tuesday,,
2014-06-04,00:00:00,9917.1,9939.8,9865.5,9928.8,483280,2,Wednesday,,
2014-06-05,00:00:00,9928.5,10013.5,9894.0,9963.3,13491570,3,Thursday,,
2014-06-06,00:00:00,9963.9,10014.2,9940.8,10012.4,98747080,4,Friday,,
2014-06-09,00:00:00,10012.4,10020.8,9983.0,10006.8,7344540,0,Monday,0.0,0.0
2014-06-10,00:00:00,10006.5,10033.5,9985.8,10027.6,4370030,1,Tuesday,,
2014-06-11,00:00:00,10027.0,10028.8,9918.8,9937.0,494130,2,Wednesday,,
2014-06-12,00:00:00,9936.4,9971.3,9894.3,9911.8,557220,3,Thursday,,
2014-06-13,00:00:00,9911.8,9945.5,9827.3,9903.7,712580,4,Friday,,
2014-06-16,00:00:00,9904.1,9925.5,9860.0,9896.2,424160,0,Monday,0.4,0.00404
2014-06-17,00:00:00,9896.5,9984.0,9858.5,9932.6,8325590,1,Tuesday,,
2014-06-18,00:00:00,9932.6,10001.5,9920.8,9986.0,85473750,2,Wednesday,,
2014-06-19,00:00:00,9987.2,10022.65,9979.8,10005.5,158687680,3,Thursday,,
2014-06-20,00:00:00,10004.9,10049.0,9975.5,9980.2,93608170,4,Friday,,
2014-06-23,00:00:00,9976.6,10013.0,9882.8,9925.2,33755130,0,Monday,-3.6,-0.03607
2014-06-24,00:00:00,9925.2,9950.5,9891.7,9896.6,412760,1,Tuesday,,
2014-06-25,00:00:00,9897.8,9914.8,9834.5,9881.2,419570,2,Wednesday,,
2014-06-26,00:00:00,9881.5,9905.5,9749.5,9831.3,42826620,3,Thursday,,
2014-06-27,00:00:00,9831.9,9848.4,9791.87,9829.9,186664140,4,Friday,,
2014-06-30,00:00:00,9835.9,9891.1,9799.7,9832.3,4640000,0,Monday,6.0,0.06104
2014-07-01,00:00:00,9832.9,9927.6,9830.8,9909.2,35239000,1,Tuesday,,
2014-07-02,00:00:00,9908.6,9936.3,9889.3,9910.2,16629690,2,Wednesday,,
2014-07-03,00:00:00,9910.5,10037.3,9903.3,10026.0,197550480,3,Thursday,,
2014-07-04,00:00:00,10026.5,10034.8,10007.0,10011.0,210070940,4,Friday,,
2014-07-07,00:00:00,10012.2,10019.0,9897.3,9918.7,5843450,0,Monday,1.2,0.01199
2014-07-08,00:00:00,9920.2,9926.8,9748.5,9789.2,30386360,1,Tuesday,,
2014-07-09,00:00:00,9788.9,9829.8,9752.77,9820.2,184927960,2,Wednesday,,
2014-07-10,00:00:00,9821.4,9824.0,9615.8,9677.0,78472330,3,Thursday,,
2014-07-11,00:00:00,9677.6,9707.58,9623.91,9673.9,196066930,4,Friday,,
2014-07-14,00:00:00,9673.0,9796.3,9673.0,9764.7,55886890,0,Monday,-0.9,-0.0093
2014-07-15,00:00:00,9765.6,9789.5,9689.0,9740.9,11408420,1,Tuesday,,
2014-07-16,00:00:00,9742.1,9874.0,9731.3,9845.0,3511380,2,Wednesday,,
2014-07-17,00:00:00,9843.8,9854.0,9679.3,9681.7,113472030,3,Thursday,,
2014-07-18,00:00:00,9680.8,9747.3,9645.8,9735.8,53027150,4,Friday,,
2014-07-21,00:00:00,9727.8,9729.0,9596.0,9620.9,6586610,0,Monday,-8.0,-0.08217
2014-07-22,00:00:00,9620.9,9740.3,9619.0,9689.6,30309690,1,Tuesday,,
2014-07-23,00:00:00,9695.3,9802.3,9693.8,9749.0,721350,2,Wednesday,,
2014-07-24,00:00:00,9749.9,9811.3,9676.0,9760.2,20429860,3,Thursday,,
2014-07-25,00:00:00,9760.8,9793.3,9620.0,9648.4,6935720,4,Friday,,
2014-07-28,00:00:00,9647.8,9673.0,9525.8,9605.6,30256340,0,Monday,-0.6,-0.00622
2014-07-29,00:00:00,9606.2,9692.5,9572.3,9621.9,734710,1,Tuesday,,
2014-07-30,00:00:00,9621.3,9705.0,9571.5,9601.0,164793590,2,Wednesday,,
2014-07-31,00:00:00,9601.9,9603.4,9429.5,9440.0,30761890,3,Thursday,,
2014-08-01,00:00:00,9380.7,9394.47,9149.8,9177.4,66991310,4,Friday,,
2014-08-04,00:00:00,9184.3,9259.3,9128.5,9200.5,276470,0,Monday,6.9,0.07518
2014-08-05,00:00:00,9199.6,9236.0,9080.5,9089.8,242300,1,Tuesday,,
2014-08-06,00:00:00,9091.3,9165.8,9029.0,9107.8,225140,2,Wednesday,,
2014-08-07,00:00:00,9107.2,9165.3,8974.0,8998.9,250590,3,Thursday,,
2014-08-08,00:00:00,9002.8,9099.0,8902.5,9083.4,310770,4,Friday,,
2014-08-11,00:00:00,9100.5,9198.8,9086.2,9155.9,149390,0,Monday,17.1,0.18826
2014-08-12,00:00:00,9155.6,9179.8,9047.6,9092.4,202180,1,Tuesday,,
2014-08-13,00:00:00,9092.7,9214.5,9081.0,9202.4,198500,2,Wednesday,,
2014-08-14,00:00:00,9202.4,9265.8,9141.3,9249.9,209730,3,Thursday,,
2014-08-15,00:00:00,9252.9,9325.5,9043.2,9132.9,198900,4,Friday,,
2014-08-18,00:00:00,9234.0,9270.0,9194.5,9267.0,119460,0,Monday,101.1,1.10699
2014-08-19,00:00:00,9268.8,9352.0,9267.0,9332.8,193250,1,Tuesday,,
2014-08-20,00:00:00,9333.7,9340.8,9246.5,9330.2,152680,2,Wednesday,,
2014-08-21,00:00:00,9330.8,9407.0,9277.3,9382.9,173470,3,Thursday,,
2014-08-22,00:00:00,9384.7,9413.5,9289.5,9350.8,1546130,4,Friday,,
2014-08-25,00:00:00,9406.5,9515.18,9406.5,9477.9,3581870,0,Monday,55.7,0.59567
2014-08-26,00:00:00,9477.6,9593.3,9443.17,9571.3,2013230,1,Tuesday,,
2014-08-27,00:00:00,9571.9,9600.8,9546.32,9553.9,994400,2,Wednesday,,
2014-08-28,00:00:00,9553.0,9566.3,9415.35,9477.8,7542960,3,Thursday,,
2014-08-29,00:00:00,9480.2,9517.57,9369.1,9457.6,18686880,4,Friday,,
2014-09-01,00:00:00,9480.0,9509.0,9424.0,9472.0,9471190,0,Monday,22.4,0.23685
2014-09-02,00:00:00,9467.2,9579.2,9461.8,9496.0,13586330,1,Tuesday,,
2014-09-03,00:00:00,9496.6,9684.0,9489.4,9610.0,13397410,2,Wednesday,,
2014-09-04,00:00:00,9611.8,9736.85,9538.31,9723.29,27539210,3,Thursday,,
2014-09-05,00:00:00,9711.33,9789.8,9689.99,9785.0,31264340,4,Friday,,
2014-09-08,00:00:00,9779.96,9781.03,9712.94,9735.4,20377350,0,Monday,-5.04,-0.05151
2014-09-09,00:00:00,9735.02,9769.8,9675.0,9688.8,17010180,1,Tuesday,,
2014-09-10,00:00:00,9688.8,9745.8,9635.8,9726.3,18693000,2,Wednesday,,
2014-09-11,00:00:00,9727.2,9737.0,9628.2,9699.0,19905000,3,Thursday,,
2014-09-12,00:00:00,9699.3,9720.0,9617.0,9638.9,17412750,4,Friday,,
2014-09-15,00:00:00,9593.0,9684.8,9592.8,9665.9,16056000,0,Monday,-45.9,-0.4762
2014-09-16,00:00:00,9667.7,9678.48,9587.28,9673.87,17289750,1,Tuesday,,
2014-09-17,00:00:00,9673.85,9717.47,9648.77,9681.38,22035660,2,Wednesday,,
2014-09-18,00:00:00,9684.96,9807.17,9677.16,9807.17,17664840,3,Thursday,,
2014-09-19,00:00:00,9805.97,9891.27,9776.99,9790.17,18865280,4,Friday,,
2014-09-22,00:00:00,9790.47,9812.14,9717.96,9721.39,60519830,0,Monday,0.3,0.00306
2014-09-23,00:00:00,9720.19,9745.28,9547.97,9550.06,68180000,1,Tuesday,,
2014-09-24,00:00:00,9550.09,9682.99,9534.0,9681.97,8996390,2,Wednesday,,
2014-09-25,00:00:00,9671.98,9718.99,9467.96,9486.97,8650380,3,Thursday,,
2014-09-26,00:00:00,9488.16,9546.99,9454.96,9535.18,14139600,4,Friday,,
2014-09-29,00:00:00,9509.0,9509.0,9366.0,9419.9,31959340,0,Monday,-26.18,-0.27456
2014-09-30,00:00:00,9418.7,9494.15,9401.0,9432.2,52214750,1,Tuesday,,
2014-10-01,00:00:00,9429.8,9520.0,9325.0,9357.1,60192870,2,Wednesday,,
2014-10-02,00:00:00,9354.4,9412.0,9163.0,9225.0,26582720,3,Thursday,,
2014-10-03,00:00:00,9225.0,9301.6,9210.2,9279.5,7785420,4,Friday,,
2014-10-06,00:00:00,9331.0,9347.0,9143.3,9161.7,3346530,0,Monday,51.5,0.55499
2014-10-07,00:00:00,9160.5,9179.0,8992.3,8994.4,1882810,1,Tuesday,,
2014-10-08,00:00:00,8991.4,9125.0,8960.0,9117.1,1971180,2,Wednesday,,
2014-10-09,00:00:00,9115.9,9142.0,8889.5,8893.1,2780430,3,Thursday,,
2014-10-10,00:00:00,8890.8,8960.3,8740.9,8740.9,2660720,4,Friday,,
2014-10-13,00:00:00,8723.5,8873.0,8681.0,8705.5,2391500,0,Monday,-17.4,-0.19906
2014-10-14,00:00:00,8704.3,8857.0,8700.8,8819.1,2817780,1,Tuesday,,
2014-10-15,00:00:00,8820.0,8855.0,8476.0,8574.2,1967390,2,Wednesday,,
2014-10-16,00:00:00,8576.6,8663.0,8350.3,8559.1,2891280,3,Thursday,,
2014-10-17,00:00:00,8560.3,8856.3,8560.0,8817.3,2645080,4,Friday,,
2014-10-20,00:00:00,8864.0,8883.0,8680.8,8772.1,2118410,0,Monday,46.7,0.52964
2014-10-21,00:00:00,8767.9,8955.5,8641.0,8954.3,2151670,1,Tuesday,,
2014-10-22,00:00:00,8956.4,8975.7,8839.0,8864.2,2008070,2,Wednesday,,
2014-10-23,00:00:00,8863.0,9072.75,8817.0,9035.8,1796480,3,Thursday,,
2014-10-24,00:00:00,9035.8,9045.0,8953.0,9018.6,1580260,4,Friday,,
2014-10-27,00:00:00,9027.3,9095.3,8835.0,8923.5,1813340,0,Monday,8.7,0.09647
2014-10-28,00:00:00,8923.0,9118.3,8920.6,9099.8,1421340,1,Tuesday,,
2014-10-29,00:00:00,9102.8,9159.5,9028.0,9079.2,1738690,2,Wednesday,,
2014-10-30,00:00:00,9077.9,9159.5,8898.3,9139.1,2462760,3,Thursday,,
2014-10-31,00:00:00,9139.7,9342.0,9134.3,9323.8,3208630,4,Friday,,
2014-11-03,00:00:00,9323.8,9344.0,9234.3,9259.4,1650670,0,Monday,0.0,0.0
2014-11-04,00:00:00,9259.1,9318.0,9148.42,9206.3,2589840,1,Tuesday,,
2014-11-05,00:00:00,9205.1,9331.0,9202.2,9300.2,2168270,2,Wednesday,,
2014-11-06,00:00:00,9301.4,9466.0,9263.6,9410.4,1906960,3,Thursday,,
2014-11-07,00:00:00,9409.2,9443.8,9238.0,9272.5,2650580,4,Friday,,
2014-11-10,00:00:00,9294.8,9352.0,9221.0,9345.5,2650960,0,Monday,22.3,0.2405
2014-11-11,00:00:00,9345.8,9399.0,9322.0,9365.9,914470,1,Tuesday,,
2014-11-12,00:00:00,9367.1,9368.3,9188.0,9240.9,2020040,2,Wednesday,,
2014-11-13,00:00:00,9237.9,9310.3,9168.0,9243.4,797160,3,Thursday,,
2014-11-14,00:00:00,9244.3,9289.0,9183.0,9235.4,931170,4,Friday,,
2014-11-17,00:00:00,9178.3,9333.3,9126.0,9317.4,1197200,0,Monday,-57.1,-0.61827
2014-11-18,00:00:00,9317.7,9490.0,9308.4,9470.3,1300420,1,Tuesday,,
2014-11-19,00:00:00,9471.5,9524.0,9437.3,9481.4,1045970,2,Wednesday,,
2014-11-20,00:00:00,9479.0,9489.8,9381.0,9487.5,1030330,3,Thursday,,
2014-11-21,00:00:00,9487.2,9735.3,9477.8,9714.8,1190210,4,Friday,,
2014-11-24,00:00:00,9714.8,9832.0,9704.5,9815.0,1321640,0,Monday,0.0,0.0
2014-11-25,00:00:00,9815.3,9923.0,9786.0,9870.2,1516600,1,Tuesday,,
2014-11-26,00:00:00,9870.2,9957.4,9864.7,9954.1,1461630,2,Wednesday,,
2014-11-27,00:00:00,9953.2,9993.0,9920.0,9965.0,735000,3,Thursday,,
2014-11-28,00:00:00,9953.3,9995.3,9901.3,9942.8,1108760,4,Friday,,
2014-12-01,00:00:00,9922.3,9980.0,9893.0,9939.5,2737680,0,Monday,-20.5,-0.20618
2014-12-02,00:00:00,9940.4,10038.0,9907.0,9966.6,1978600,1,Tuesday,,
2014-12-03,00:00:00,9968.4,9994.0,9928.0,9988.0,1120300,2,Wednesday,,
2014-12-04,00:00:00,9988.0,10090.5,9832.0,9905.4,1496100,3,Thursday,,
2014-12-05,00:00:00,9905.7,10095.3,9895.6,10081.2,1226400,4,Friday,,
2014-12-08,00:00:00,10078.0,10090.0,9949.5,9982.8,1646690,0,Monday,-3.2,-0.03174
2014-12-09,00:00:00,9981.3,9993.0,9786.0,9870.6,1902860,1,Tuesday,,
2014-12-10,00:00:00,9869.7,9909.5,9732.0,9744.8,1635970,2,Wednesday,,
2014-12-11,00:00:00,9741.5,9906.5,9733.1,9770.9,1796700,3,Thursday,,
2014-12-12,00:00:00,9769.1,9797.0,9516.7,9520.0,1809650,4,Friday,,
2014-12-15,00:00:00,9529.9,9680.0,9299.0,9337.8,3133830,0,Monday,9.9,0.10399
2014-12-16,00:00:00,9347.1,9576.0,9217.0,9421.9,3525420,1,Tuesday,,
2014-12-17,00:00:00,9419.8,9671.0,9417.9,9649.0,4063090,2,Wednesday,,
2014-12-18,00:00:00,9651.1,9871.9,9635.2,9869.2,2329010,3,Thursday,,
2014-12-19,00:00:00,9867.1,9932.8,9687.5,9789.4,2101390,4,Friday,,
2014-12-22,00:00:00,9801.3,9928.0,9801.3,9895.4,1031500,0,Monday,11.9,0.12156
2014-12-23,00:00:00,9896.0,9929.0,9846.3,9903.6,860430,1,Tuesday,,
2014-12-29,00:00:00,9903.6,9939.0,9775.0,9922.8,1082570,0,Monday,0.0,0.0
2014-12-30,00:00:00,9921.9,9924.0,9757.0,9779.8,1115840,1,Tuesday,,
2015-01-02,00:00:00,9781.9,9872.5,9684.0,9748.7,1091480,4,Friday,,
2015-01-05,00:00:00,9748.7,9789.5,9445.0,9488.1,3110180,0,Monday,0.0,0.0
2015-01-06,00:00:00,9488.1,9626.0,9379.3,9455.1,3178370,1,Tuesday,,
2015-01-07,00:00:00,9454.2,9605.3,9453.6,9593.7,2466640,2,Wednesday,,
2015-01-08,00:00:00,9594.6,9857.0,9591.6,9809.0,3009430,3,Thursday,,
2015-01-09,00:00:00,9810.8,9856.0,9597.0,9665.7,3095320,4,Friday,,
2015-01-12,00:00:00,9652.5,9817.3,9620.0,9765.6,2493290,0,Monday,-13.2,-0.13657
2015-01-13,00:00:00,9765.3,9980.0,9752.0,9867.8,2919660,1,Tuesday,,
2015-01-14,00:00:00,9869.0,9964.0,9762.0,9894.5,3505620,2,Wednesday,,
2015-01-15,00:00:00,9895.1,10063.5,9578.0,9980.4,3502530,3,Thursday,,
2015-01-16,00:00:00,9981.3,10309.0,9927.3,10276.5,2586100,4,Friday,,
2015-01-19,00:00:00,10247.5,10293.8,10190.0,10245.1,2574380,0,Monday,-29.0,-0.2822
2015-01-20,00:00:00,10244.8,10303.25,10209.51,10263.5,6778590,1,Tuesday,,
2015-01-21,00:00:00,10266.5,10311.0,10148.41,10303.3,7490570,2,Wednesday,,
2015-01-22,00:00:00,10303.3,10543.6,10226.3,10500.9,1666110,3,Thursday,,
2015-01-23,00:00:00,10500.3,10707.5,10476.9,10608.7,2144110,4,Friday,,
2015-01-26,00:00:00,10578.3,10852.0,10578.3,10842.2,1315040,0,Monday,-30.4,-0.28656
2015-01-27,00:00:00,10841.9,10846.4,10592.0,10701.4,1578380,1,Tuesday,,
2015-01-28,00:00:00,10701.1,10752.8,10550.8,10583.0,1658570,2,Wednesday,,
2015-01-29,00:00:00,10579.4,10833.7,10557.3,10814.6,1745610,3,Thursday,,
2015-01-30,00:00:00,10814.6,10822.3,10640.0,10665.6,1701540,4,Friday,,
2015-02-02,00:00:00,10665.6,10880.0,10617.2,10860.4,1709830,0,Monday,0.0,0.0
2015-02-03,00:00:00,10861.2,10986.0,10820.5,10920.6,1573840,1,Tuesday,,
2015-02-04,00:00:00,10919.4,10938.0,10783.2,10793.8,1482530,2,Wednesday,,
2015-02-05,00:00:00,10796.2,10928.3,10775.4,10891.7,3583160,3,Thursday,,
2015-02-06,00:00:00,10892.5,10896.9,10754.0,10791.6,6150890,4,Friday,,
2015-02-09,00:00:00,10750.8,10775.3,10604.0,10656.5,15518630,0,Monday,-40.8,-0.37807
2015-02-10,00:00:00,10657.7,10812.0,10594.0,10788.2,25706210,1,Tuesday,,
2015-02-11,00:00:00,10787.4,10848.8,10695.5,10828.0,13838740,2,Wednesday,,
2015-02-12,00:00:00,10802.7,10975.52,10729.0,10975.27,7578930,3,Thursday,,
2015-02-13,00:00:00,10976.24,11012.73,10941.22,10975.06,6153350,4,Friday,,
2015-02-16,00:00:00,10955.33,10965.02,10840.8,10847.56,2819360,0,Monday,-19.73,-0.17977
2015-02-17,00:00:00,10857.28,10945.51,10763.0,10908.02,7272560,1,Tuesday,,
2015-02-18,00:00:00,10903.5,10979.82,10896.75,10957.62,5692010,2,Wednesday,,
2015-02-19,00:00:00,10945.35,11021.77,10870.53,10978.31,7168640,3,Thursday,,
2015-02-20,00:00:00,10973.42,11161.0,10946.0,11119.5,8045880,4,Friday,,
2015-02-23,00:00:00,11127.79,11157.53,11068.0,11119.32,6252840,0,Monday,8.29,0.07455
2015-02-24,00:00:00,11130.13,11231.32,11089.01,11216.57,6005670,1,Tuesday,,
2015-02-25,00:00:00,11219.9,11226.41,11175.0,11200.03,4488390,2,Wednesday,,
2015-02-26,00:00:00,11224.36,11333.62,11187.0,11323.0,5897550,3,Thursday,,
2015-02-27,00:00:00,11314.8,11400.0,11302.0,11380.5,5698910,4,Friday,,
2015-03-02,00:00:00,11396.27,11454.0,11363.0,11428.75,5797230,0,Monday,15.77,0.13857
2015-03-03,00:00:00,11412.33,11467.0,11256.0,11313.64,4954640,1,Tuesday,,
2015-03-04,00:00:00,11314.24,11420.0,11193.26,11403.0,7340490,2,Wednesday,,
2015-03-05,00:00:00,11427.36,11532.0,11408.0,11499.0,4884880,3,Thursday,,
2015-03-06,00:00:00,11514.0,11599.0,11494.0,11514.0,5231880,4,Friday,,
2015-03-09,00:00:00,11517.0,11607.3,11460.99,11581.0,6307960,0,Monday,3.0,0.02606
2015-03-10,00:00:00,11571.85,11576.35,11402.4,11511.0,8237880,1,Tuesday,,
2015-03-11,00:00:00,11534.65,11852.02,11530.91,11824.0,7770510,2,Wednesday,,
2015-03-12,00:00:00,11840.46,11849.57,11755.03,11834.0,6767840,3,Thursday,,
2015-03-13,00:00:00,11851.44,11976.26,11741.73,11947.27,7124780,4,Friday,,
2015-03-16,00:00:00,11944.64,12221.91,11932.14,12169.0,6469570,0,Monday,-2.63,-0.02201
2015-03-17,00:00:00,12154.0,12196.53,11927.83,12008.0,8570990,1,Tuesday,,
2015-03-18,00:00:00,12020.26,12030.77,11814.17,11867.6,5822770,2,Wednesday,,
2015-03-19,00:00:00,11875.4,12001.0,11783.8,11888.3,14400440,3,Thursday,,
2015-03-20,00:00:00,11894.7,12086.95,11882.5,12022.23,9614850,4,Friday,,
2015-03-23,00:00:00,12040.66,12040.66,11820.0,11854.5,15877600,0,Monday,18.43,0.1533
2015-03-24,00:00:00,11854.9,12031.5,11795.6,11968.37,8377670,1,Tuesday,,
2015-03-25,00:00:00,11961.67,12021.27,11839.0,11864.3,9631500,2,Wednesday,,
2015-03-26,00:00:00,11782.0,11892.76,11618.0,11863.0,18117890,3,Thursday,,
2015-03-27,00:00:00,11885.55,11953.0,11796.0,11869.17,15174940,4,Friday,,
2015-03-30,00:00:00,11865.0,12106.22,11841.4,12066.8,9590980,0,Monday,-4.17,-0.03513
2015-03-31,00:00:00,12065.2,12122.99,11901.9,11927.1,18184620,1,Tuesday,,
2015-04-01,00:00:00,11925.1,12112.77,11763.1,12040.7,16122850,2,Wednesday,,
2015-04-02,00:00:00,12024.3,12027.6,11933.58,11982.76,6865080,3,Thursday,,
2015-04-07,00:00:00,12057.75,12147.24,12032.0,12079.67,6765510,1,Tuesday,,
2015-04-08,00:00:00,12076.29,12128.62,12017.08,12056.0,8730570,2,Wednesday,,
2015-04-09,00:00:00,12074.47,12224.41,12045.0,12196.0,12985270,3,Thursday,,
2015-04-10,00:00:00,12204.55,12395.74,12202.0,12384.0,6174550,4,Friday,,
2015-04-13,00:00:00,12375.51,12392.24,12272.27,12291.77,6898910,0,Monday,-8.49,-0.06856
2015-04-14,00:00:00,12315.15,12339.53,12179.25,12256.0,11081090,1,Tuesday,,
2015-04-15,00:00:00,12260.0,12325.0,12194.76,12212.0,6802190,2,Wednesday,,
2015-04-16,00:00:00,12236.9,12246.37,11965.69,11986.0,10194910,3,Thursday,,
2015-04-17,00:00:00,11991.0,12020.25,11633.0,11657.0,9768930,4,Friday,,
2015-04-20,00:00:00,11708.0,11905.32,11685.0,11866.0,5635310,0,Monday,51.0,0.43751
2015-04-21,00:00:00,11921.0,12080.95,11908.0,11960.0,5942960,1,Tuesday,,
2015-04-22,00:00:00,11980.0,12043.86,11785.5,11913.0,2044020,2,Wednesday,,
2015-04-23,00:00:00,11915.42,11948.32,11672.5,11780.0,2664570,3,Thursday,,
2015-04-24,00:00:00,11759.0,11883.5,11706.0,11808.0,2956490,4,Friday,,
2015-04-27,00:00:00,11833.0,12052.5,11728.8,11993.0,3650420,0,Monday,25.0,0.21172
2015-04-28,00:00:00,12004.74,12050.13,11742.5,11822.3,10965070,1,Tuesday,,
2015-04-29,00:00:00,11806.51,11880.3,11354.0,11486.0,2998220,2,Wednesday,,
2015-04-30,00:00:00,11442.0,11567.3,11328.0,11375.0,11008120,3,Thursday,,
2015-05-01,00:00:00,11416.92,11496.7,11387.8,11488.7,3282760,4,Friday,,
2015-05-04,00:00:00,11511.0,11659.29,11404.56,11601.0,23647300,0,Monday,22.3,0.1941
2015-05-05,00:00:00,11592.75,11750.0,11292.0,11320.0,18957360,1,Tuesday,,
2015-05-06,00:00:00,11370.0,11459.92,11238.0,11327.0,24764630,2,Wednesday,,
2015-05-07,00:00:00,11355.73,11439.0,11163.0,11384.0,26807400,3,Thursday,,
2015-05-08,00:00:00,11433.0,11732.3,11411.0,11710.0,24541310,4,Friday,,
2015-05-11,00:00:00,11715.21,11719.0,11600.65,11619.4,17825300,0,Monday,5.21,0.04449
2015-05-12,00:00:00,11630.95,11645.67,11375.0,11488.8,22333920,1,Tuesday,,
2015-05-13,00:00:00,11512.5,11595.63,11293.3,11323.8,44357250,2,Wednesday,,
2015-05-14,00:00:00,11321.0,11582.0,11213.5,11568.3,3582790,3,Thursday,,
2015-05-15,00:00:00,11562.0,11639.0,11380.26,11470.67,17274830,4,Friday,,
2015-05-18,00:00:00,11470.0,11635.3,11377.0,11617.8,1126590,0,Monday,-0.67,-0.00584
2015-05-19,00:00:00,11664.9,11877.5,11645.41,11812.0,1034140,1,Tuesday,,
2015-05-20,00:00:00,11835.79,11882.1,11778.0,11853.3,20948240,2,Wednesday,,
2015-05-21,00:00:00,11837.6,11891.06,11755.3,11873.32,6029030,3,Thursday,,
2015-05-22,00:00:00,11880.5,11881.75,11788.0,11834.0,5884030,4,Friday,,
2015-05-25,00:00:00,11844.8,11847.42,11776.0,11780.4,1117550,0,Monday,10.8,0.09126
2015-05-26,00:00:00,11783.0,11925.0,11585.0,11646.0,9945140,1,Tuesday,,
2015-05-27,00:00:00,11644.0,11795.0,11596.0,11774.0,7651920,2,Wednesday,,
2015-05-28,00:00:00,11742.5,11769.0,11599.0,11695.0,4326890,3,Thursday,,
2015-05-29,00:00:00,11687.0,11717.16,11397.0,11432.0,36635840,4,Friday,,
2015-06-01,00:00:00,11491.89,11508.0,11341.0,11458.0,16612140,0,Monday,59.89,0.52388
2015-06-02,00:00:00,11461.0,11484.0,11268.0,11323.0,33007710,1,Tuesday,,
2015-06-03,00:00:00,11341.0,11513.0,11296.0,11391.0,39921060,2,Wednesday,,
2015-06-04,00:00:00,11368.0,11450.0,11185.0,11259.0,48200010,3,Thursday,,
2015-06-05,00:00:00,11256.73,11287.0,11153.0,11189.0,36421360,4,Friday,,
2015-06-08,00:00:00,11200.0,11222.5,10992.5,11021.5,26299920,0,Monday,11.0,0.09831
2015-06-09,00:00:00,11020.72,11070.3,10864.5,10963.3,1123360,1,Tuesday,,
2015-06-10,00:00:00,10976.0,11304.8,10936.8,11262.05,923560,2,Wednesday,,
2015-06-11,00:00:00,11256.58,11453.0,11237.3,11312.3,726270,3,Thursday,,
2015-06-12,00:00:00,11306.18,11365.0,11065.0,11201.7,4440810,4,Friday,,
2015-06-15,00:00:00,11094.9,11112.8,10952.3,11017.3,37881490,0,Monday,-106.8,-0.95343
2015-06-16,00:00:00,10993.6,11076.3,10797.0,11062.3,17723250,1,Tuesday,,
2015-06-17,00:00:00,11083.3,11117.5,10874.3,10922.8,6862650,2,Wednesday,,
2015-06-18,00:00:00,10876.68,11285.8,10804.81,11129.0,21552020,3,Thursday,,
2015-06-19,00:00:00,11088.51,11247.66,10995.0,11031.0,10024540,4,Friday,,
2015-06-22,00:00:00,11215.0,11480.8,11214.0,11434.9,22927580,0,Monday,184.0,1.66803
2015-06-23,00:00:00,11522.5,11635.8,11514.8,11568.7,4225630,1,Tuesday,,
2015-06-24,00:00:00,11574.8,11588.5,11361.75,11413.56,4992160,2,Wednesday,,
2015-06-25,00:00:00,11430.52,11597.0,11347.5,11445.15,7408340,3,Thursday,,
2015-06-26,00:00:00,11391.62,11561.93,11371.0,11520.06,12684600,4,Friday,,
2015-06-29,00:00:00,10925.2,11291.29,10854.3,10974.6,19530980,0,Monday,-594.86,-5.16369
2015-06-30,00:00:00,11014.19,11137.24,10896.0,10995.8,21217160,1,Tuesday,,
2015-07-01,00:00:00,11069.7,11285.5,10977.5,11165.8,30721510,2,Wednesday,,
2015-07-02,00:00:00,11169.56,11229.0,11070.5,11119.55,27155210,3,Thursday,,
2015-07-03,00:00:00,11129.1,11132.5,11004.8,11106.3,19524670,4,Friday,,
2015-07-06,00:00:00,10741.6,10995.0,10741.6,10864.7,38482840,0,Monday,-364.7,-3.28372
2015-07-07,00:00:00,10903.2,10946.8,10658.8,10898.0,57012800,1,Tuesday,,
2015-07-08,00:00:00,10760.2,10802.8,10652.5,10706.3,52173870,2,Wednesday,,
2015-07-09,00:00:00,10816.95,11033.5,10778.3,10955.9,25432440,3,Thursday,,
2015-07-10,00:00:00,11188.67,11402.0,11146.3,11395.2,10167640,4,Friday,,
2015-07-13,00:00:00,11322.02,11511.88,11253.3,11485.0,14548590,0,Monday,-73.18,-0.6422
2015-07-14,00:00:00,11506.0,11546.4,11415.0,11530.0,31665160,1,Tuesday,,
2015-07-15,00:00:00,11532.0,11567.0,11476.0,11529.0,22318590,2,Wednesday,,
2015-07-16,00:00:00,11614.0,11787.5,11602.9,11725.0,16221040,3,Thursday,,
2015-07-17,00:00:00,11725.41,11764.3,11649.44,11685.31,15699550,4,Friday,,
2015-07-20,00:00:00,11697.2,11805.01,11674.66,11754.0,7236510,0,Monday,11.89,0.10175
2015-07-21,00:00:00,11776.0,11776.0,11567.65,11599.0,5622210,1,Tuesday,,
2015-07-22,00:00:00,11563.0,11590.5,11485.3,11536.95,22977480,2,Wednesday,,
2015-07-23,00:00:00,11580.5,11625.54,11433.6,11443.8,27466940,3,Thursday,,
2015-07-24,00:00:00,11469.9,11544.5,11279.0,11288.5,9049760,4,Friday,,
2015-07-27,00:00:00,11305.6,11312.0,11026.8,11045.3,2120360,0,Monday,17.1,0.15148
2015-07-28,00:00:00,11101.53,11244.0,11065.0,11200.0,12895190,1,Tuesday,,
2015-07-29,00:00:00,11195.39,11278.04,11119.0,11255.0,2341240,2,Wednesday,,
2015-07-30,00:00:00,11245.64,11312.0,11137.0,11263.0,6730010,3,Thursday,,
2015-07-31,00:00:00,11275.7,11328.0,11169.0,11307.0,10067060,4,Friday,,
2015-08-03,00:00:00,11285.51,11462.33,11246.0,11421.37,5737450,0,Monday,-21.49,-0.19006
2015-08-04,00:00:00,11421.41,11477.76,11379.65,11471.51,30677940,1,Tuesday,,
2015-08-05,00:00:00,11481.07,11656.44,11479.83,11593.0,28706160,2,Wednesday,,
2015-08-06,00:00:00,11601.24,11670.5,11530.47,11574.3,15242540,3,Thursday,,
2015-08-07,00:00:00,11584.12,11586.0,11481.26,11511.42,22646920,4,Friday,,
2015-08-10,00:00:00,11545.93,11620.0,11429.73,11608.21,18582090,0,Monday,34.51,0.29979
2015-08-11,00:00:00,11556.13,11571.0,11263.72,11303.2,13458340,1,Tuesday,,
2015-08-12,00:00:00,11191.8,11194.02,10892.0,11041.0,6095900,2,Wednesday,,
2015-08-13,00:00:00,11066.9,11155.0,10977.0,11001.0,16392040,3,Thursday,,
2015-08-14,00:00:00,10977.8,11093.48,10910.0,11042.0,3907590,4,Friday,,
2015-08-17,00:00:00,11032.5,11112.0,10814.0,10973.0,29034960,0,Monday,-9.5,-0.08604
2015-08-18,00:00:00,10972.3,10983.0,10880.0,10906.34,9281740,1,Tuesday,,
2015-08-19,00:00:00,10841.0,10854.0,10669.0,10689.83,4140030,2,Wednesday,,
2015-08-20,00:00:00,10656.5,10656.5,10305.54,10309.16,7677360,3,Thursday,,
2015-08-21,00:00:00,10149.2,10436.39,9980.8,10008.8,17265860,4,Friday,,
2015-08-24,00:00:00,9796.6,9935.5,9321.0,9638.0,36474150,0,Monday,-212.2,-2.12013
2015-08-25,00:00:00,9705.6,10187.0,9705.6,9820.99,49330790,1,Tuesday,,
2015-08-26,00:00:00,9992.0,10197.0,9851.0,10195.0,75477370,2,Wednesday,,
2015-08-27,00:00:00,10214.0,10383.0,10165.0,10341.0,62819050,3,Thursday,,
2015-08-28,00:00:00,10313.0,10353.0,10183.0,10289.6,32919230,4,Friday,,
2015-08-31,00:00:00,10155.79,10309.99,10131.54,10239.39,6886970,0,Monday,-133.81,-1.30044
2015-09-01,00:00:00,9968.86,10118.96,9885.88,9922.77,31387480,1,Tuesday,,
2015-09-02,00:00:00,10029.63,10124.99,9960.38,10124.24,23833840,2,Wednesday,,
2015-09-03,00:00:00,10119.97,10380.43,10111.19,10239.26,15795130,3,Thursday,,
2015-09-04,00:00:00,10135.81,10216.03,9955.9,10002.52,20217590,4,Friday,,
2015-09-07,00:00:00,10098.39,10182.15,10052.79,10113.93,22410760,0,Monday,95.87,0.95846
2015-09-08,00:00:00,10148.6,10370.99,10092.77,10334.01,18615400,1,Tuesday,,
2015-09-09,00:00:00,10463.8,10522.24,10155.99,10168.49,32022900,2,Wednesday,,
2015-09-10,00:00:00,10235.07,10326.96,10154.38,10242.61,25665230,3,Thursday,,
2015-09-11,00:00:00,10245.24,10251.22,10077.92,10184.2,7438100,4,Friday,,
2015-09-14,00:00:00,10180.69,10227.98,10083.13,10159.27,8437430,0,Monday,-3.51,-0.03447
2015-09-15,00:00:00,10176.96,10261.03,10067.92,10252.22,19287970,1,Tuesday,,
2015-09-16,00:00:00,10233.16,10338.19,10172.67,10263.04,12335430,2,Wednesday,,
2015-09-17,00:00:00,10280.97,10321.13,10131.41,10193.19,8474720,3,Thursday,,
2015-09-18,00:00:00,10202.15,10219.86,9857.75,9918.81,57279840,4,Friday,,
2015-09-21,00:00:00,9887.63,10000.92,9782.82,9962.95,21388880,0,Monday,-31.18,-0.31435
2015-09-22,00:00:00,9986.97,10018.2,9558.63,9628.17,19132580,1,Tuesday,,
2015-09-23,00:00:00,9504.85,9710.88,9481.96,9600.39,9704130,2,Wednesday,,
2015-09-24,00:00:00,9585.57,9705.93,9362.64,9540.17,7855210,3,Thursday,,
2015-09-25,00:00:00,9596.23,9747.5,9562.28,9624.28,9854240,4,Friday,,
2015-09-28,00:00:00,9584.9,9679.94,9433.09,9449.59,53974150,0,Monday,-39.38,-0.40917
2015-09-29,00:00:00,9422.07,9536.98,9299.72,9475.61,26333930,1,Tuesday,,
2015-09-30,00:00:00,9598.21,9732.94,9580.84,9660.94,3856610,2,Wednesday,,
2015-10-01,00:00:00,9762.99,9786.0,9448.86,9553.74,4387980,3,Thursday,,
2015-10-02,00:00:00,9579.42,9681.07,9389.56,9679.85,17995040,4,Friday,,
2015-10-05,00:00:00,9737.2,9886.99,9646.84,9868.68,46208660,0,Monday,57.35,0.59247
2015-10-06,00:00:00,9826.93,9956.72,9727.75,9880.99,27884350,1,Tuesday,,
2015-10-07,00:00:00,9898.8,10095.09,9890.93,10034.45,28961940,2,Wednesday,,
2015-10-08,00:00:00,9943.95,10106.71,9908.78,10097.44,17876510,3,Thursday,,
2015-10-09,00:00:00,10118.73,10147.92,10046.71,10114.69,15077090,4,Friday,,
2015-10-12,00:00:00,10121.99,10186.99,10054.92,10107.77,24187240,0,Monday,7.3,0.07217
2015-10-13,00:00:00,10102.85,10117.96,9938.92,9989.75,19350140,1,Tuesday,,
2015-10-14,00:00:00,9973.4,10037.34,9886.76,9919.82,33306440,2,Wednesday,,
2015-10-15,00:00:00,9981.33,10149.24,9956.37,10144.39,26929190,3,Thursday,,
2015-10-16,00:00:00,10138.01,10167.3,10056.48,10121.61,12899270,4,Friday,,
2015-10-19,00:00:00,10112.43,10205.85,10068.8,10172.47,9961890,0,Monday,-9.18,-0.0907
2015-10-20,00:00:00,10158.25,10194.62,10078.07,10147.89,14528190,1,Tuesday,,
2015-10-21,00:00:00,10197.11,10278.0,10104.94,10186.97,13278310,2,Wednesday,,
2015-10-22,00:00:00,10204.97,10588.37,10191.97,10557.64,14247860,3,Thursday,,
2015-10-23,00:00:00,10636.5,10860.45,10585.6,10842.98,10678360,4,Friday,,
2015-10-26,00:00:00,10809.57,10863.98,10758.24,10797.44,24584350,0,Monday,-33.41,-0.30813
2015-10-27,00:00:00,10784.23,10809.27,10684.78,10707.34,15461850,1,Tuesday,,
2015-10-28,00:00:00,10719.35,10926.41,10689.94,10914.86,8169510,2,Wednesday,,
2015-10-29,00:00:00,10875.89,10892.1,10738.85,10801.43,27416590,3,Thursday,,
2015-10-30,00:00:00,10843.12,10874.99,10744.48,10813.94,29634170,4,Friday,,
2015-11-02,00:00:00,10765.51,10977.99,10726.55,10974.91,15777930,0,Monday,-48.43,-0.44785
2015-11-03,00:00:00,10958.97,10997.0,10880.72,10973.72,31984310,1,Tuesday,,
2015-11-04,00:00:00,10968.72,11004.97,10815.83,10859.89,21256630,2,Wednesday,,
2015-11-05,00:00:00,10861.32,10964.78,10780.83,10889.94,19214670,3,Thursday,,
2015-11-06,00:00:00,10899.89,11057.0,10840.84,11024.15,22233760,4,Friday,,
2015-11-09,00:00:00,10992.71,11011.88,10786.08,10836.81,18802220,0,Monday,-31.44,-0.28519
2015-11-10,00:00:00,10852.62,10870.0,10725.46,10847.54,15014800,1,Tuesday,,
2015-11-11,00:00:00,10860.42,10994.45,10834.68,10867.64,14730920,2,Wednesday,,
2015-11-12,00:00:00,10886.37,10957.8,10711.77,10715.97,20593460,3,Thursday,,
2015-11-13,00:00:00,10717.91,10812.93,10604.78,10670.0,24150990,4,Friday,,
2015-11-16,00:00:00,10493.62,10816.28,10488.38,10811.19,24133860,0,Monday,-176.38,-1.65305
2015-11-17,00:00:00,10825.76,10978.48,10781.94,10897.67,14912210,1,Tuesday,,
2015-11-18,00:00:00,10895.95,11047.84,10877.09,11027.81,20906350,2,Wednesday,,
2015-11-19,00:00:00,11049.99,11153.0,11035.33,11053.4,8262310,3,Thursday,,
2015-11-20,00:00:00,11061.04,11163.44,11048.0,11097.05,13582210,4,Friday,,
2015-11-23,00:00:00,11120.89,11129.26,11024.48,11062.7,4722330,0,Monday,23.84,0.21483
2015-11-24,00:00:00,11067.04,11079.49,10866.67,10965.91,3602390,1,Tuesday,,
2015-11-25,00:00:00,10974.52,11186.98,10918.78,11150.91,12257420,2,Wednesday,,
2015-11-26,00:00:00,11173.41,11366.95,11161.81,11305.91,8931200,3,Thursday,,
2015-11-27,00:00:00,11245.95,11353.0,11241.52,11296.8,10276390,4,Friday,,
2015-11-30,00:00:00,11278.41,11430.93,11249.93,11350.79,16295170,0,Monday,-18.39,-0.16279
2015-12-01,00:00:00,11410.68,11415.79,11234.72,11291.89,12086070,1,Tuesday,,
2015-12-02,00:00:00,11308.47,11331.48,11076.47,11106.88,6577470,2,Wednesday,,
2015-12-03,00:00:00,11144.94,11319.99,10638.65,10675.07,11276160,3,Thursday,,
2015-12-04,00:00:00,10684.39,10881.7,10629.99,10866.82,9041880,4,Friday,,
2015-12-07,00:00:00,10874.95,10993.2,10804.82,10922.97,12968250,0,Monday,8.13,0.07481
2015-12-08,00:00:00,10883.92,10898.99,10611.79,10676.81,16224430,1,Tuesday,,
2015-12-09,00:00:00,10693.0,10718.99,10447.18,10514.7,17560450,2,Wednesday,,
2015-12-10,00:00:00,10501.87,10663.25,10497.73,10578.31,21744420,3,Thursday,,
2015-12-11,00:00:00,10589.32,10603.89,10268.62,10284.93,18290650,4,Friday,,
2015-12-14,00:00:00,10343.52,10445.96,10120.63,10284.96,32401310,0,Monday,58.59,0.56967
2015-12-15,00:00:00,10263.84,10489.09,10224.41,10449.75,28568350,1,Tuesday,,
2015-12-16,00:00:00,10486.51,10650.01,10421.88,10625.96,23462760,2,Wednesday,,
2015-12-17,00:00:00,10627.44,10831.04,10526.63,10705.85,30363340,3,Thursday,,
2015-12-18,00:00:00,10664.11,10731.98,10508.77,10515.08,8351250,4,Friday,,
2015-12-21,00:00:00,10546.98,10798.75,10472.15,10547.32,18627340,0,Monday,31.9,0.30337
2015-12-22,00:00:00,10585.06,10632.5,10396.42,10564.58,13374320,1,Tuesday,,
2015-12-23,00:00:00,10562.98,10762.29,10561.73,10760.7,13896670,2,Wednesday,,
2015-12-28,00:00:00,10709.7,10768.3,10623.64,10693.62,2037300,0,Monday,-51.0,-0.47395
2015-12-29,00:00:00,10728.57,10875.8,10726.78,10863.12,11351880,1,Tuesday,,
2015-12-30,00:00:00,10875.03,10876.92,10685.74,10685.96,9952990,2,Wednesday,,
2016-01-04,00:00:00,10498.26,10516.75,10247.65,10358.72,16682770,0,Monday,-187.7,-1.75651
2016-01-05,00:00:00,10391.9,10401.32,10170.86,10334.98,11048020,1,Tuesday,,
2016-01-06,00:00:00,10239.91,10286.02,10092.78,10178.99,11434300,2,Wednesday,,
2016-01-07,00:00:00,9957.66,10038.98,9809.38,9833.99,10179110,3,Thursday,,
2016-01-08,00:00:00,9976.7,10123.58,9729.93,9757.15,17351220,4,Friday,,
2016-01-11,00:00:00,9688.4,9978.0,9669.94,9901.76,14130730,0,Monday,-68.75,-0.70461
2016-01-12,00:00:00,9812.3,10092.31,9774.81,10049.95,15115130,1,Tuesday,,
2016-01-13,00:00:00,10107.89,10163.99,9734.79,9763.92,18545860,2,Wednesday,,
2016-01-14,00:00:00,9830.86,9943.12,9611.62,9888.78,18204560,3,Thursday,,
2016-01-15,00:00:00,9775.43,9832.76,9409.77,9479.97,14472240,4,Friday,,
2016-01-18,00:00:00,9560.25,9659.92,9453.68,9525.93,5692680,0,Monday,80.28,0.84684
2016-01-19,00:00:00,9689.83,9757.93,9524.92,9617.9,19057960,1,Tuesday,,
2016-01-20,00:00:00,9350.64,9516.99,9250.74,9465.58,9339940,2,Wednesday,,
2016-01-21,00:00:00,9398.38,9663.99,9332.65,9571.68,15846540,3,Thursday,,
2016-01-22,00:00:00,9721.7,9837.99,9703.86,9818.73,14441680,4,Friday,,
2016-01-25,00:00:00,9838.93,9839.92,9668.71,9668.94,12536340,0,Monday,20.2,0.20573
2016-01-26,00:00:00,9574.92,9868.94,9561.73,9864.86,16120330,1,Tuesday,,
2016-01-27,00:00:00,9816.86,9926.0,9714.76,9760.97,1823840,2,Wednesday,,
2016-01-28,00:00:00,9788.98,9904.98,9590.83,9665.92,1416570,3,Thursday,,
2016-01-29,00:00:00,9800.66,9839.99,9652.8,9832.81,11441020,4,Friday,,
2016-02-01,00:00:00,9847.98,9848.53,9635.63,9765.97,10368830,0,Monday,15.17,0.15428
2016-02-02,00:00:00,9730.97,9734.92,9482.82,9499.98,3250490,1,Tuesday,,
2016-02-03,00:00:00,9485.87,9577.99,9349.74,9522.75,13345860,2,Wednesday,,
2016-02-04,00:00:00,9607.68,9621.95,9264.83,9389.96,13718950,3,Thursday,,
2016-02-05,00:00:00,9362.69,9470.79,9224.79,9248.27,12292560,4,Friday,,
2016-02-08,00:00:00,9317.94,9336.92,8919.96,8999.91,23061630,0,Monday,69.67,0.75333
2016-02-09,00:00:00,8929.89,9041.97,8771.97,8903.96,103995930,1,Tuesday,,
2016-02-10,00:00:00,8911.92,9128.98,8872.93,8932.64,60742970,2,Wednesday,,
2016-02-11,00:00:00,8887.79,8918.98,8695.04,8842.51,41611800,3,Thursday,,
2016-02-12,00:00:00,8836.16,8994.39,8810.32,8993.9,59245470,4,Friday,,
2016-02-15,00:00:00,9128.7,9248.53,9111.27,9192.88,27821370,0,Monday,134.8,1.49879
2016-02-16,00:00:00,9266.61,9268.88,9078.49,9198.91,9170640,1,Tuesday,,
2016-02-17,00:00:00,9167.19,9421.96,9135.83,9404.67,19451870,2,Wednesday,,
2016-02-18,00:00:00,9396.0,9553.25,9347.25,9445.97,19104710,3,Thursday,,
2016-02-19,00:00:00,9461.31,9478.93,9317.68,9376.93,12405810,4,Friday,,
2016-02-22,00:00:00,9438.5,9586.99,9436.22,9575.53,12795090,0,Monday,61.57,0.65661
2016-02-23,00:00:00,9491.21,9534.99,9395.78,9399.53,16304180,1,Tuesday,,
2016-02-24,00:00:00,9377.89,9426.03,9120.97,9297.65,16610510,2,Wednesday,,
2016-02-25,00:00:00,9269.95,9399.25,9198.77,9397.31,16129280,3,Thursday,,
2016-02-26,00:00:00,9434.8,9575.99,9412.44,9480.62,18973070,4,Friday,,
2016-02-29,00:00:00,9427.73,9507.34,9330.8,9405.39,24327180,0,Monday,-52.89,-0.55787
2016-03-01,00:00:00,9431.79,9776.53,9426.65,9766.74,18701950,1,Tuesday,,
2016-03-02,00:00:00,9815.03,9839.2,9694.43,9780.67,14572060,2,Wednesday,,
2016-03-03,00:00:00,9816.17,9816.17,9708.66,9789.44,14898030,3,Thursday,,
2016-03-04,00:00:00,9782.06,9901.01,9740.73,9790.78,16131210,4,Friday,,
2016-03-07,00:00:00,9790.23,9810.91,9688.78,9774.41,14788440,0,Monday,-0.55,-0.00562
2016-03-08,00:00:00,9713.38,9789.48,9615.1,9676.55,13935120,1,Tuesday,,
2016-03-09,00:00:00,9723.0,9841.08,9679.91,9714.0,19363090,2,Wednesday,,
2016-03-10,00:00:00,9731.12,9996.74,9395.4,9510.05,21722730,3,Thursday,,
2016-03-11,00:00:00,9668.37,9891.16,9624.22,9891.16,559605850,4,Friday,,
2016-03-14,00:00:00,9880.89,10040.45,9868.72,9992.02,457210340,0,Monday,-10.27,-0.10383
2016-03-15,00:00:00,9952.11,9975.65,9888.79,9955.91,25523260,1,Tuesday,,
2016-03-16,00:00:00,9961.67,10022.23,9915.17,9997.42,618017450,2,Wednesday,,
2016-03-17,00:00:00,10033.47,10068.23,9747.92,9880.3,731678290,3,Thursday,,
2016-03-18,00:00:00,9875.1,9961.3,9820.8,9941.7,566292540,4,Friday,,
2016-03-21,00:00:00,9917.26,10098.2,9857.89,9953.24,197427630,0,Monday,-24.44,-0.24583
2016-03-22,00:00:00,9954.34,10002.79,9756.72,9986.77,26201790,1,Tuesday,,
2016-03-23,00:00:00,9983.45,10114.03,9961.98,9989.23,23571730,2,Wednesday,,
2016-03-24,00:00:00,9928.94,9984.26,9837.42,9893.47,124391630,3,Thursday,,
2016-03-29,00:00:00,9912.99,9953.99,9805.89,9929.43,24528510,1,Tuesday,,
2016-03-30,00:00:00,9954.7,10095.97,9923.72,10033.99,15309290,2,Wednesday,,
2016-03-31,00:00:00,10013.86,10027.25,9923.16,9924.34,20411870,3,Thursday,,
2016-04-01,00:00:00,9873.65,9878.11,9672.11,9816.68,24862110,4,Friday,,
2016-04-04,00:00:00,9826.8,9907.08,9726.79,9767.13,22329880,0,Monday,10.12,0.10309
2016-04-05,00:00:00,9713.96,9714.57,9516.94,9518.83,25473550,1,Tuesday,,
2016-04-06,00:00:00,9584.74,9663.21,9500.47,9658.81,26785110,2,Wednesday,,
2016-04-07,00:00:00,9654.36,9704.78,9441.56,9472.77,33219500,3,Thursday,,
2016-04-08,00:00:00,9549.88,9676.95,9540.19,9614.91,58844460,4,Friday,,
2016-04-11,00:00:00,9621.8,9754.64,9521.24,9642.27,35938050,0,Monday,6.89,0.07166
2016-04-12,00:00:00,9677.95,9799.16,9615.85,9792.45,30142950,1,Tuesday,,
2016-04-13,00:00:00,9870.13,10041.75,9868.14,10018.3,15524040,2,Wednesday,,
2016-04-14,00:00:00,10041.49,10105.77,10015.28,10084.98,13322520,3,Thursday,,
2016-04-15,00:00:00,10079.48,10093.46,10010.95,10040.15,7113550,4,Friday,,
2016-04-18,00:00:00,9928.43,10148.27,9904.96,10139.79,9602390,0,Monday,-111.72,-1.11273
2016-04-19,00:00:00,10184.23,10372.07,10148.47,10360.51,11249420,1,Tuesday,,
2016-04-20,00:00:00,10304.17,10459.46,10277.05,10430.44,13304360,2,Wednesday,,
2016-04-21,00:00:00,10461.0,10486.19,10337.75,10402.69,12039630,3,Thursday,,
2016-04-22,00:00:00,10392.49,10424.96,10322.79,10403.32,9437550,4,Friday,,
2016-04-25,00:00:00,10363.31,10401.29,10226.4,10319.42,10065020,0,Monday,-40.01,-0.38459
2016-04-26,00:00:00,10318.81,10385.98,10208.87,10285.99,8072750,1,Tuesday,,
2016-04-27,00:00:00,10250.36,10345.05,10220.28,10324.56,5517280,2,Wednesday,,
2016-04-28,00:00:00,10246.54,10333.07,10118.6,10218.5,14972450,3,Thursday,,
2016-04-29,00:00:00,10206.07,10252.75,10026.9,10064.08,17093030,4,Friday,,
2016-05-02,00:00:00,10073.86,10153.74,10060.38,10138.81,13193780,0,Monday,9.78,0.09718
2016-05-03,00:00:00,10118.33,10129.22,9918.65,9941.8,17340120,1,Tuesday,,
2016-05-04,00:00:00,9946.59,9961.3,9805.18,9828.04,16277250,2,Wednesday,,
2016-05-05,00:00:00,9893.33,9922.92,9802.41,9845.3,15219250,3,Thursday,,
2016-05-06,00:00:00,9804.9,9926.44,9733.81,9920.08,16211000,4,Friday,,
2016-05-09,00:00:00,9949.55,10070.07,9876.14,9983.71,14989150,0,Monday,29.47,0.29707
2016-05-10,00:00:00,10031.57,10108.18,9989.92,10088.95,15561250,1,Tuesday,,
2016-05-11,00:00:00,10047.85,10063.37,9924.17,9936.86,16101250,2,Wednesday,,
2016-05-12,00:00:00,9967.32,10081.48,9836.16,9888.75,17956000,3,Thursday,,
2016-05-13,00:00:00,9818.93,9981.57,9766.76,9884.61,17530000,4,Friday,,
2016-05-16,00:00:00,9901.76,9980.58,9870.34,9949.43,845170,0,Monday,17.15,0.1735
2016-05-17,00:00:00,10007.95,10080.11,9816.09,9830.77,18738380,1,Tuesday,,
2016-05-18,00:00:00,9839.89,9963.05,9795.41,9930.85,18383750,2,Wednesday,,
2016-05-19,00:00:00,9881.74,9910.37,9769.56,9829.63,18532750,3,Thursday,,
2016-05-20,00:00:00,9911.3,9923.14,9849.63,9913.29,16021250,4,Friday,,
2016-05-23,00:00:00,9928.97,9974.31,9809.69,9844.29,15516750,0,Monday,15.68,0.15817
2016-05-24,00:00:00,9800.58,10123.68,9771.8,10104.57,15834250,1,Tuesday,,
2016-05-25,00:00:00,10145.4,10232.95,10128.84,10202.32,14952250,2,Wednesday,,
2016-05-26,00:00:00,10175.52,10288.1,10174.63,10262.6,13930750,3,Thursday,,
2016-05-27,00:00:00,10280.8,10304.37,10241.07,10294.0,12548000,4,Friday,,
2016-05-30,00:00:00,10324.28,10347.89,10285.36,10342.68,6584000,0,Monday,30.28,0.29415
2016-05-31,00:00:00,10355.98,10372.48,10228.39,10266.75,13948660,1,Tuesday,,
2016-06-01,00:00:00,10249.87,10286.52,10159.91,10211.19,15104000,2,Wednesday,,
2016-06-02,00:00:00,10180.42,10256.66,10151.64,10249.99,20453240,3,Thursday,,
2016-06-03,00:00:00,10249.1,10283.77,10038.12,10106.73,23897440,4,Friday,,
2016-06-06,00:00:00,10109.6,10151.52,10090.78,10122.75,23447510,0,Monday,2.87,0.0284
2016-06-07,00:00:00,10162.98,10314.32,10154.79,10250.11,21773040,1,Tuesday,,
2016-06-08,00:00:00,10255.41,10267.55,10173.72,10225.23,13283980,2,Wednesday,,
2016-06-09,00:00:00,10199.21,10212.49,10046.23,10093.08,14921070,3,Thursday,,
2016-06-10,00:00:00,10065.03,10081.99,9773.42,9803.72,16336660,4,Friday,,
2016-06-13,00:00:00,9705.4,9755.61,9597.51,9620.55,17067750,0,Monday,-98.32,-1.00288
2016-06-14,00:00:00,9620.74,9631.61,9504.31,9574.82,20417580,1,Tuesday,,
2016-06-15,00:00:00,9569.26,9666.22,9560.43,9583.33,23617030,2,Wednesday,,
2016-06-16,00:00:00,9488.29,9663.65,9429.69,9657.69,29364720,3,Thursday,,
2016-06-17,00:00:00,9672.36,9723.05,9575.16,9708.34,14787360,4,Friday,,
2016-06-20,00:00:00,9886.59,9995.09,9849.23,9926.27,5891380,0,Monday,178.25,1.83605
2016-06-21,00:00:00,9980.7,10122.49,9928.5,10063.76,8861410,1,Tuesday,,
2016-06-22,00:00:00,10107.13,10151.07,10042.8,10048.25,6436330,2,Wednesday,,
2016-06-23,00:00:00,10154.5,10348.53,10102.96,10321.65,6249150,3,Thursday,,
2016-06-24,00:00:00,9307.5,9720.91,9163.77,9489.22,8074530,4,Friday,,
2016-06-27,00:00:00,9421.24,9592.67,9213.64,9354.1,8419000,0,Monday,-67.98,-0.71639
2016-06-28,00:00:00,9439.42,9554.57,9409.03,9512.68,7083300,1,Tuesday,,
2016-06-29,00:00:00,9553.31,9641.59,9503.61,9615.37,6691730,2,Wednesday,,
2016-06-30,00:00:00,9626.76,9794.59,9511.73,9752.67,8011280,3,Thursday,,
2016-07-01,00:00:00,9727.97,9806.12,9657.66,9748.01,6216120,4,Friday,,
2016-07-04,00:00:00,9773.76,9811.85,9697.69,9733.18,11087590,0,Monday,25.75,0.26416
2016-07-05,00:00:00,9696.69,9702.28,9464.18,9489.07,10864780,1,Tuesday,,
2016-07-06,00:00:00,9450.98,9532.62,9301.65,9441.89,7096530,2,Wednesday,,
2016-07-07,00:00:00,9431.63,9507.4,9362.41,9397.31,5725830,3,Thursday,,
2016-07-08,00:00:00,9392.97,9654.76,9367.89,9633.86,4967580,4,Friday,,
2016-07-11,00:00:00,9716.4,9843.69,9685.27,9781.12,5873360,0,Monday,82.54,0.85677
2016-07-12,00:00:00,9807.69,10014.95,9796.65,9948.97,6254310,1,Tuesday,,
2016-07-13,00:00:00,9936.83,10002.4,9899.49,9926.07,5859830,2,Wednesday,,
2016-07-14,00:00:00,9952.26,10111.83,9949.06,10060.02,5946640,3,Thursday,,
2016-07-15,00:00:00,10037.97,10102.11,9975.6,10063.89,11370060,4,Friday,,
2016-07-18,00:00:00,10094.42,10164.98,10011.53,10055.77,8096950,0,Monday,30.53,0.30336
2016-07-19,00:00:00,10030.36,10053.0,9918.35,9985.41,10894640,1,Tuesday,,
2016-07-20,00:00:00,10004.89,10148.46,9989.55,10123.83,8388680,2,Wednesday,,
2016-07-21,00:00:00,10140.83,10198.05,10087.72,10123.47,22153110,3,Thursday,,
2016-07-22,00:00:00,10112.95,10182.53,10068.68,10156.18,15038920,4,Friday,,
2016-07-25,00:00:00,10117.08,10264.87,10114.49,10189.58,5540830,0,Monday,-39.1,-0.38499
2016-07-26,00:00:00,10220.03,10278.2,10147.55,10259.38,6629820,1,Tuesday,,
2016-07-27,00:00:00,10294.58,10351.94,10281.26,10293.55,20075490,2,Wednesday,,
2016-07-28,00:00:00,10310.26,10387.75,10265.38,10343.93,20558490,3,Thursday,,
2016-07-29,00:00:00,10341.21,10358.28,10284.56,10332.69,22664080,4,Friday,,
2016-08-01,00:00:00,10446.9,10471.64,10273.46,10291.06,13758090,0,Monday,114.21,1.10533
2016-08-02,00:00:00,10305.77,10339.3,10113.1,10141.82,11527810,1,Tuesday,,
2016-08-03,00:00:00,10127.19,10215.96,10091.31,10211.21,32607330,2,Wednesday,,
2016-08-04,00:00:00,10211.64,10282.99,10178.83,10235.9,2277270,3,Thursday,,
2016-08-05,00:00:00,10251.06,10373.28,10211.85,10365.21,6224740,4,Friday,,
2016-08-08,00:00:00,10427.73,10476.63,10399.35,10429.17,5350400,0,Monday,62.52,0.60317
2016-08-09,00:00:00,10413.55,10701.81,10411.1,10673.58,6149600,1,Tuesday,,
2016-08-10,00:00:00,10693.65,10708.05,10632.62,10641.86,5699700,2,Wednesday,,
2016-08-11,00:00:00,10671.19,10741.25,10632.27,10727.86,5629270,3,Thursday,,
2016-08-12,00:00:00,10731.72,10736.68,10683.21,10703.35,5008700,4,Friday,,
2016-08-15,00:00:00,10724.98,10806.04,10713.32,10730.02,3992000,0,Monday,21.63,0.20209
2016-08-16,00:00:00,10698.79,10738.34,10631.98,10657.95,5392700,1,Tuesday,,
2016-08-17,00:00:00,10666.69,10703.75,10513.04,10610.92,5902800,2,Wednesday,,
2016-08-18,00:00:00,10615.58,10626.49,10547.53,10599.94,5312300,3,Thursday,,
2016-08-19,00:00:00,10630.83,10630.83,10489.69,10560.17,5844700,4,Friday,,
2016-08-22,00:00:00,10532.17,10656.76,10386.07,10509.62,5936280,0,Monday,-28.0,-0.26515
2016-08-23,00:00:00,10522.13,10624.46,10509.11,10582.64,5353340,1,Tuesday,,
2016-08-24,00:00:00,10555.39,10651.73,10514.31,10585.72,5988790,2,Wednesday,,
2016-08-25,00:00:00,10608.62,10612.59,10466.09,10504.88,7483930,3,Thursday,,
2016-08-26,00:00:00,10510.67,10614.59,10453.03,10524.18,7332570,4,Friday,,
2016-08-29,00:00:00,10517.18,10571.33,10437.32,10569.33,5993300,0,Monday,-7.0,-0.06651
2016-08-30,00:00:00,10572.88,10688.1,10569.37,10649.38,99372270,1,Tuesday,,
2016-08-31,00:00:00,10646.36,10664.98,10551.01,10582.77,959591090,2,Wednesday,,
2016-09-01,00:00:00,10613.66,10678.27,10488.55,10564.27,944201800,3,Thursday,,
2016-09-02,00:00:00,10557.78,10726.7,10512.7,10710.47,1010452350,4,Friday,,
2016-09-05,00:00:00,10750.05,10750.92,10670.04,10684.08,613273320,0,Monday,39.58,0.36954
2016-09-06,00:00:00,10692.46,10741.2,10654.71,10694.47,759944240,1,Tuesday,,
2016-09-07,00:00:00,10716.2,10777.21,10657.72,10742.77,611574680,2,Wednesday,,
2016-09-08,00:00:00,10750.89,10779.9,10567.11,10668.9,900243480,3,Thursday,,
2016-09-09,00:00:00,10658.72,10671.31,10474.41,10475.06,254895130,4,Friday,,
2016-09-12,00:00:00,10392.97,10542.51,10321.06,10539.66,6561320,0,Monday,-82.09,-0.78367
2016-09-13,00:00:00,10516.98,10519.12,10351.12,10412.13,6225700,1,Tuesday,,
2016-09-14,00:00:00,10435.79,10451.73,10347.96,10364.96,5187100,2,Wednesday,,
2016-09-15,00:00:00,10356.48,10475.1,10337.4,10457.59,4738110,3,Thursday,,
2016-09-16,00:00:00,10417.11,10428.8,10245.8,10292.45,5640350,4,Friday,,
2016-09-19,00:00:00,10341.22,10386.63,10324.22,10345.77,5051170,0,Monday,48.77,0.47384
2016-09-20,00:00:00,10359.48,10468.35,10355.96,10400.47,4576750,1,Tuesday,,
2016-09-21,00:00:00,10447.09,10536.43,10403.97,10509.42,5277690,2,Wednesday,,
2016-09-22,00:00:00,10509.24,10705.65,10492.93,10673.49,4427300,3,Thursday,,
2016-09-23,00:00:00,10677.04,10678.45,10604.83,10613.17,5483150,4,Friday,,
2016-09-26,00:00:00,10559.11,10578.85,10380.22,10385.52,4231850,0,Monday,-54.06,-0.50937
2016-09-27,00:00:00,10452.9,10467.28,10264.31,10399.46,5898800,1,Tuesday,,
2016-09-28,00:00:00,10381.79,10523.71,10372.25,10512.55,5272100,2,Wednesday,,
2016-09-29,00:00:00,10547.89,10577.28,10257.13,10288.2,5459200,3,Thursday,,
2016-09-30,00:00:00,10252.25,10551.83,10185.56,10512.46,4559110,4,Friday,,
2016-10-04,00:00:00,10523.53,10646.73,10488.83,10557.92,5535580,1,Tuesday,,
2016-10-05,00:00:00,10595.07,10624.78,10484.55,10603.28,4484500,2,Wednesday,,
2016-10-06,00:00:00,10600.51,10645.31,10535.49,10597.7,4133000,3,Thursday,,
2016-10-07,00:00:00,10571.3,10581.95,10451.93,10488.48,7294920,4,Friday,,
2016-10-10,00:00:00,10505.85,10648.82,10452.52,10618.95,3637400,0,Monday,17.37,0.16561
2016-10-11,00:00:00,10599.75,10692.79,10544.76,10570.89,4040370,1,Tuesday,,
2016-10-12,00:00:00,10580.45,10604.02,10501.51,10545.75,4889370,2,Wednesday,,
2016-10-13,00:00:00,10460.33,10471.9,10347.56,10451.96,5055200,3,Thursday,,
2016-10-14,00:00:00,10465.39,10617.18,10442.34,10587.44,5049120,4,Friday,,
2016-10-17,00:00:00,10543.48,10579.66,10485.32,10506.51,4730190,0,Monday,-43.96,-0.41521
2016-10-18,00:00:00,10561.07,10657.83,10539.7,10627.72,4735340,1,Tuesday,,
2016-10-19,00:00:00,10625.72,10673.92,10588.62,10653.72,4679000,2,Wednesday,,
2016-10-20,00:00:00,10682.12,10749.93,10591.57,10712.83,5501570,3,Thursday,,
2016-10-21,00:00:00,10700.58,10737.35,10670.7,10721.72,4875300,4,Friday,,
2016-10-24,00:00:00,10711.97,10821.88,10704.17,10774.71,4069000,0,Monday,-9.75,-0.09094
2016-10-25,00:00:00,10787.57,10827.59,10739.41,10767.66,3957900,1,Tuesday,,
2016-10-26,00:00:00,10763.92,10768.43,10628.09,10693.99,4879050,2,Wednesday,,
2016-10-27,00:00:00,10648.25,10772.7,10644.79,10705.33,4769480,3,Thursday,,
2016-10-28,00:00:00,10683.87,10717.35,10580.85,10648.59,5055000,4,Friday,,
2016-10-31,00:00:00,10684.47,10692.24,10632.28,10678.37,3131500,0,Monday,35.88,0.33695
2016-11-01,00:00:00,10732.46,10739.48,10456.53,10496.06,4409300,1,Tuesday,,
2016-11-02,00:00:00,10436.06,10468.87,10334.22,10377.99,3933100,2,Wednesday,,
2016-11-03,00:00:00,10382.6,10406.99,10295.1,10300.48,4678900,3,Thursday,,
2016-11-04,00:00:00,10319.44,10323.68,10200.89,10216.81,5406200,4,Friday,,
2016-11-07,00:00:00,10412.68,10468.84,10379.91,10468.19,3932600,0,Monday,195.87,1.91713
2016-11-08,00:00:00,10444.6,10551.94,10411.64,10533.66,3978730,1,Tuesday,,
2016-11-09,00:00:00,10053.13,10682.95,10033.52,10659.57,6338470,2,Wednesday,,
2016-11-10,00:00:00,10701.37,10795.91,10573.86,10670.19,6806990,3,Thursday,,
2016-11-11,00:00:00,10676.78,10711.73,10584.08,10685.18,3942680,4,Friday,,
2016-11-14,00:00:00,10773.7,10799.81,10668.1,10707.7,4718800,0,Monday,88.52,0.82844
2016-11-15,00:00:00,10708.36,10758.99,10664.03,10758.0,3272990,1,Tuesday,,
2016-11-16,00:00:00,10780.45,10780.45,10609.57,10661.41,4061180,2,Wednesday,,
2016-11-17,00:00:00,10675.85,10731.6,10604.25,10731.19,4431330,3,Thursday,,
2016-11-18,00:00:00,10732.42,10748.94,10648.27,10661.7,4766700,4,Friday,,
2016-11-21,00:00:00,10690.04,10726.97,10592.8,10712.05,2746470,0,Monday,28.34,0.26581
2016-11-22,00:00:00,10773.09,10773.61,10700.4,10744.28,4562790,1,Tuesday,,
2016-11-23,00:00:00,10743.45,10746.54,10601.93,10678.82,4282070,2,Wednesday,,
2016-11-24,00:00:00,10678.24,10718.11,10652.51,10692.17,2712000,3,Thursday,,
2016-11-25,00:00:00,10703.61,10716.67,10649.86,10704.17,2571300,4,Friday,,
2016-11-28,00:00:00,10677.53,10691.02,10553.7,10557.87,5310020,0,Monday,-26.64,-0.24887
2016-11-29,00:00:00,10569.39,10647.17,10538.74,10622.65,5811840,1,Tuesday,,
2016-11-30,00:00:00,10630.04,10693.55,10604.13,10617.24,6034300,2,Wednesday,,
2016-12-01,00:00:00,10613.22,10626.78,10479.7,10487.27,6940470,3,Thursday,,
2016-12-02,00:00:00,10473.38,10546.63,10402.02,10524.53,5567800,4,Friday,,
2016-12-05,00:00:00,10446.47,10734.0,10424.28,10711.95,5967480,0,Monday,-78.06,-0.7417
2016-12-06,00:00:00,10718.97,10839.82,10666.77,10828.76,5546850,1,Tuesday,,
2016-12-07,00:00:00,10860.39,11085.93,10844.78,11044.23,5315800,2,Wednesday,,
2016-12-08,00:00:00,11031.21,11205.44,10987.29,11172.92,5809150,3,Thursday,,
2016-12-09,00:00:00,11186.73,11237.99,11144.42,11230.71,3597300,4,Friday,,
2016-12-12,00:00:00,11241.8,11241.97,11141.72,11167.8,5130130,0,Monday,11.09,0.09875
2016-12-13,00:00:00,11177.37,11308.29,11174.43,11277.88,4733600,1,Tuesday,,
2016-12-14,00:00:00,11275.04,11320.37,11222.05,11235.2,4511840,2,Wednesday,,
2016-12-15,00:00:00,11261.99,11397.73,11256.85,11371.11,4790610,3,Thursday,,
2016-12-16,00:00:00,11370.4,11450.64,11350.27,11387.67,5138700,4,Friday,,
2016-12-19,00:00:00,11417.79,11429.13,11378.77,11398.95,3918200,0,Monday,30.12,0.2645
2016-12-20,00:00:00,11413.24,11472.91,11408.07,11457.88,3671880,1,Tuesday,,
2016-12-21,00:00:00,11449.95,11480.37,11443.63,11461.49,3747310,2,Wednesday,,
2016-12-22,00:00:00,11444.32,11476.16,11427.0,11447.41,2987470,3,Thursday,,
2016-12-23,00:00:00,11458.45,11484.48,11405.1,11452.91,2669680,4,Friday,,
2016-12-27,00:00:00,11424.04,11480.86,11424.04,11463.53,2481670,1,Tuesday,,
2016-12-28,00:00:00,11471.3,11478.91,11429.89,11436.89,3166890,2,Wednesday,,
2016-12-29,00:00:00,11445.33,11459.31,11409.71,11433.97,4017500,3,Thursday,,
2016-12-30,00:00:00,11455.78,11482.85,11399.79,11442.79,3957500,4,Friday,,
2017-01-02,00:00:00,11417.51,11619.98,11406.52,11589.04,1590600,0,Monday,-25.28,-0.22093
2017-01-03,00:00:00,11609.82,11647.18,11550.2,11588.19,6443400,1,Tuesday,,
2017-01-04,00:00:00,11598.26,11615.69,11527.14,11583.98,4241800,2,Wednesday,,
2017-01-05,00:00:00,11547.8,11601.88,11528.85,11570.11,3437600,3,Thursday,,
2017-01-06,00:00:00,11569.47,11619.5,11544.21,11603.42,4255520,4,Friday,,
2017-01-09,00:00:00,11631.08,11633.08,11521.21,11554.03,3732780,0,Monday,27.66,0.23838
2017-01-10,00:00:00,11546.53,11605.93,11544.73,11570.93,2458990,1,Tuesday,,
2017-01-11,00:00:00,11575.43,11695.73,11523.63,11655.43,3288940,2,Wednesday,,
2017-01-12,00:00:00,11620.93,11628.13,11492.63,11563.93,3004220,3,Thursday,,
2017-01-13,00:00:00,11578.43,11635.93,11555.98,11608.22,2804470,4,Friday,,
2017-01-16,00:00:00,11566.83,11578.83,11529.18,11556.83,2486760,0,Monday,-41.39,-0.35656
2017-01-17,00:00:00,11535.03,11588.03,11426.33,11548.83,3356240,1,Tuesday,,
2017-01-18,00:00:00,11587.83,11623.33,11531.03,11621.53,2118310,2,Wednesday,,
2017-01-19,00:00:00,11628.63,11645.13,11559.93,11573.73,2253370,3,Thursday,,
2017-01-20,00:00:00,11592.43,11634.78,11546.53,11619.33,2902660,4,Friday,,
2017-01-23,00:00:00,11561.63,11608.13,11508.13,11568.73,3254130,0,Monday,-57.7,-0.49659
2017-01-24,00:00:00,11572.73,11644.13,11540.13,11629.53,2588510,1,Tuesday,,
2017-01-25,00:00:00,11645.53,11831.68,11638.93,11817.83,2826380,2,Wednesday,,
2017-01-26,00:00:00,11844.83,11892.38,11819.53,11833.63,2419500,3,Thursday,,
2017-01-27,00:00:00,11837.83,11853.24,11799.83,11810.73,2145030,4,Friday,,
2017-01-30,00:00:00,11772.76,11794.83,11661.18,11713.23,3215840,0,Monday,-37.97,-0.32149
2017-01-31,00:00:00,11675.73,11732.33,11533.25,11585.13,4292700,1,Tuesday,,
2017-02-01,00:00:00,11635.63,11722.13,11609.03,11660.83,3347860,2,Wednesday,,
2017-02-02,00:00:00,11608.73,11677.33,11597.83,11654.63,4498680,3,Thursday,,
2017-02-03,00:00:00,11626.63,11699.03,11625.33,11660.63,7216330,4,Friday,,
2017-02-06,00:00:00,11656.83,11682.53,11480.33,11511.23,4850460,0,Monday,-3.8,-0.03259
2017-02-07,00:00:00,11480.83,11607.03,11463.33,11560.03,1912400,1,Tuesday,,
2017-02-08,00:00:00,11574.73,11591.52,11479.48,11555.32,6182200,2,Wednesday,,
2017-02-09,00:00:00,11571.33,11661.33,11546.13,11644.28,3153000,3,Thursday,,
2017-02-10,00:00:00,11678.83,11720.13,11643.3,11665.83,2910120,4,Friday,,
2017-02-13,00:00:00,11669.33,11812.44,11668.83,11773.36,2832290,0,Monday,3.5,0.03
2017-02-14,00:00:00,11770.53,11804.26,11751.53,11795.26,5039460,1,Tuesday,,
2017-02-15,00:00:00,11812.46,11848.57,11722.65,11793.9,2587040,2,Wednesday,,
2017-02-16,00:00:00,11788.03,11813.97,11726.48,11772.49,4476630,3,Thursday,,
2017-02-17,00:00:00,11748.33,11798.68,11691.7,11788.13,4403350,4,Friday,,
2017-02-20,00:00:00,11822.49,11861.28,11805.33,11825.28,2270000,0,Monday,34.36,0.29148
2017-02-21,00:00:00,11828.03,11998.33,11798.4,11991.73,2761130,1,Tuesday,,
2017-02-22,00:00:00,11995.23,12032.84,11968.03,12002.58,2380550,2,Wednesday,,
2017-02-23,00:00:00,12004.73,12017.52,11927.83,11956.83,2096440,3,Thursday,,
2017-02-24,00:00:00,11933.03,11935.53,11719.33,11833.08,3506180,4,Friday,,
2017-02-27,00:00:00,11835.53,11863.13,11792.33,11850.73,6581560,0,Monday,2.45,0.0207
2017-02-28,00:00:00,11847.03,11854.03,11780.13,11829.13,4196260,1,Tuesday,,
2017-03-01,00:00:00,11868.41,12100.96,11859.5,12072.23,2572490,2,Wednesday,,
2017-03-02,00:00:00,12074.33,12090.36,12038.82,12046.58,7798450,3,Thursday,,
2017-03-03,00:00:00,12011.43,12056.83,11989.77,12015.58,13321400,4,Friday,,
2017-03-06,00:00:00,11992.68,12001.14,11918.89,11979.58,10071150,0,Monday,-22.9,-0.19059
2017-03-07,00:00:00,11986.23,11989.48,11933.66,11955.83,9307270,1,Tuesday,,
2017-03-08,00:00:00,11929.23,12019.84,11916.67,11943.08,15366690,2,Wednesday,,
2017-03-09,00:00:00,11947.08,12026.64,11918.07,11986.08,13259440,3,Thursday,,
2017-03-10,00:00:00,12012.23,12067.1,11932.85,11959.53,12840520,4,Friday,,
2017-03-13,00:00:00,11956.63,12017.33,11947.53,12006.08,9433910,0,Monday,-2.9,-0.02425
2017-03-14,00:00:00,12007.94,12011.83,11927.89,11991.33,13481420,1,Tuesday,,
2017-03-15,00:00:00,12000.53,12063.58,11977.17,12057.83,8791650,2,Wednesday,,
2017-03-16,00:00:00,12099.83,12180.03,12044.86,12079.53,4282400,3,Thursday,,
2017-03-17,00:00:00,12045.28,12117.83,12017.13,12080.93,11104680,4,Friday,,
2017-03-20,00:00:00,12039.33,12080.33,12026.83,12044.23,5917320,0,Monday,-41.6,-0.34434
2017-03-21,00:00:00,12065.53,12112.18,11893.53,11906.78,7988270,1,Tuesday,,
2017-03-22,00:00:00,11872.58,11948.03,11849.33,11929.74,8851960,2,Wednesday,,
2017-03-23,00:00:00,11946.16,12045.83,11893.63,12014.08,9442100,3,Thursday,,
2017-03-24,00:00:00,12045.63,12097.52,12007.53,12075.82,8712780,4,Friday,,
2017-03-27,00:00:00,11992.38,12032.83,11914.38,12028.58,4218580,0,Monday,-83.44,-0.69097
2017-03-28,00:00:00,12082.53,12185.53,12040.93,12177.03,2113230,1,Tuesday,,
2017-03-29,00:00:00,12164.73,12236.69,12163.23,12201.58,2376390,2,Wednesday,,
2017-03-30,00:00:00,12203.33,12261.33,12193.35,12256.08,1696410,3,Thursday,,
2017-03-31,00:00:00,12224.03,12341.93,12217.33,12317.08,1997130,4,Friday,,
2017-04-03,00:00:00,12337.83,12387.01,12209.33,12284.08,2138070,0,Monday,20.75,0.16847
2017-04-04,00:00:00,12256.33,12298.83,12227.24,12294.93,1800150,1,Tuesday,,
2017-04-05,00:00:00,12296.43,12297.33,12171.53,12174.43,1401720,2,Wednesday,,
2017-04-06,00:00:00,12136.43,12243.03,12114.53,12220.83,1595730,3,Thursday,,
2017-04-07,00:00:00,12180.83,12252.33,12141.13,12226.13,1537800,4,Friday,,
2017-04-10,00:00:00,12235.83,12270.67,12174.33,12184.93,1815720,0,Monday,9.7,0.07934
2017-04-11,00:00:00,12175.08,12221.02,12043.53,12178.88,2377980,1,Tuesday,,
2017-04-12,00:00:00,12174.23,12241.33,12119.53,12135.02,2391840,2,Wednesday,,
2017-04-13,00:00:00,12147.03,12154.04,12064.68,12086.83,2148540,3,Thursday,,
2017-04-18,00:00:00,12162.08,12181.68,11955.29,11994.58,2724750,1,Tuesday,,
2017-04-19,00:00:00,12011.79,12038.34,11966.83,11973.83,1944220,2,Wednesday,,
2017-04-20,00:00:00,11993.79,12062.83,11942.03,12039.53,2100300,3,Thursday,,
2017-04-21,00:00:00,12048.83,12092.23,12007.88,12076.33,1473720,4,Friday,,
2017-04-24,00:00:00,12284.33,12480.33,12249.33,12463.23,1583010,0,Monday,208.0,1.72238
2017-04-25,00:00:00,12448.28,12494.53,12436.83,12472.03,1127010,1,Tuesday,,
2017-04-26,00:00:00,12482.83,12486.33,12425.83,12430.43,1168680,2,Wednesday,,
2017-04-27,00:00:00,12435.03,12474.63,12422.53,12441.73,1091190,3,Thursday,,
2017-04-28,00:00:00,12434.73,12457.03,12404.38,12431.03,1014960,4,Friday,,
2017-05-02,00:00:00,12454.53,12529.53,12426.68,12521.43,956490,1,Tuesday,,
2017-05-03,00:00:00,12508.03,12536.53,12475.88,12529.33,2037280,2,Wednesday,,
2017-05-04,00:00:00,12545.83,12652.33,12532.23,12643.33,2493690,3,Thursday,,
2017-05-05,00:00:00,12610.53,12833.33,12595.33,12819.33,2341950,4,Friday,,
2017-05-08,00:00:00,12802.83,12812.83,12657.38,12701.73,2099340,0,Monday,-16.5,-0.12871
2017-05-09,00:00:00,12705.03,12785.33,12703.83,12745.53,725790,1,Tuesday,,
2017-05-10,00:00:00,12730.03,12779.53,12709.33,12766.43,783740,2,Wednesday,,
2017-05-11,00:00:00,12759.03,12772.13,12658.53,12736.83,1150080,3,Thursday,,
2017-05-12,00:00:00,12712.13,12787.83,12706.53,12783.83,952020,4,Friday,,
2017-05-15,00:00:00,12811.83,12840.83,12724.03,12806.13,1470890,0,Monday,28.0,0.21903
2017-05-16,00:00:00,12793.83,12839.38,12770.83,12801.53,2050830,1,Tuesday,,
2017-05-17,00:00:00,12744.53,12788.83,12544.83,12546.03,2823510,2,Wednesday,,
2017-05-18,00:00:00,12574.83,12642.73,12493.28,12613.23,3924720,3,Thursday,,
2017-05-19,00:00:00,12624.33,12656.53,12590.83,12627.23,1387900,4,Friday,,
2017-05-22,00:00:00,12664.83,12687.53,12566.53,12627.03,1504470,0,Monday,37.6,0.29777
2017-05-23,00:00:00,12598.23,12703.28,12584.73,12666.03,2550840,1,Tuesday,,
2017-05-24,00:00:00,12647.83,12661.63,12612.33,12640.83,1195200,2,Wednesday,,
2017-05-25,00:00:00,12677.33,12710.33,12538.83,12619.03,1608660,3,Thursday,,
2017-05-26,00:00:00,12597.33,12610.32,12528.03,12599.23,1456050,4,Friday,,
2017-05-29,00:00:00,12617.53,12646.03,12575.83,12623.33,617220,0,Monday,18.3,0.14525
2017-05-30,00:00:00,12610.73,12648.83,12564.33,12587.33,1441440,1,Tuesday,,
2017-05-31,00:00:00,12577.73,12709.83,12577.23,12630.03,1973590,2,Wednesday,,
2017-06-01,00:00:00,12645.83,12698.03,12616.83,12695.83,1451640,3,Thursday,,
2017-06-02,00:00:00,12744.23,12880.53,12728.73,12842.73,1856140,4,Friday,,
2017-06-06,00:00:00,12780.93,12794.33,12651.33,12666.03,1702440,1,Tuesday,,
2017-06-07,00:00:00,12670.03,12747.33,12635.83,12694.03,1370560,2,Wednesday,,
2017-06-08,00:00:00,12696.53,12743.53,12671.33,12728.63,1318380,3,Thursday,,
2017-06-09,00:00:00,12727.63,12822.03,12698.83,12771.33,1625880,4,Friday,,
2017-06-12,00:00:00,12766.33,12786.03,12661.83,12703.53,1582740,0,Monday,-5.0,-0.03915
2017-06-13,00:00:00,12700.33,12811.83,12695.13,12799.03,1012860,1,Tuesday,,
2017-06-14,00:00:00,12783.83,12924.33,12779.03,12835.53,1511220,2,Wednesday,,
2017-06-15,00:00:00,12812.13,12814.53,12614.83,12697.13,1225990,3,Thursday,,
2017-06-16,00:00:00,12716.83,12764.53,12706.33,12758.03,1277460,4,Friday,,
2017-06-19,00:00:00,12795.83,12917.03,12793.83,12908.53,1066860,0,Monday,37.8,0.29628
2017-06-20,00:00:00,12932.53,12955.53,12781.33,12811.83,829720,1,Tuesday,,
2017-06-21,00:00:00,12791.33,12806.33,12706.83,12765.33,1053840,2,Wednesday,,
2017-06-22,00:00:00,12783.03,12807.33,12713.33,12772.83,831420,3,Thursday,,
2017-06-23,00:00:00,12795.33,12796.03,12674.53,12733.63,993140,4,Friday,,
2017-06-26,00:00:00,12756.33,12841.83,12749.73,12768.03,841800,0,Monday,22.7,0.17827
2017-06-27,00:00:00,12750.53,12758.33,12588.03,12598.53,1475620,1,Tuesday,,
2017-06-28,00:00:00,12576.43,12690.53,12535.23,12674.3,43242540,2,Wednesday,,
2017-06-29,00:00:00,12728.53,12734.83,12347.48,12400.63,597759440,3,Thursday,,
2017-06-30,00:00:00,12406.73,12458.78,12310.13,12374.53,400924390,4,Friday,,
2017-07-03,00:00:00,12408.53,12486.98,12384.13,12440.83,332674190,0,Monday,34.0,0.27476
2017-07-04,00:00:00,12437.23,12483.98,12413.83,12443.33,215140020,1,Tuesday,,
2017-07-05,00:00:00,12430.83,12498.98,12403.53,12481.73,334582950,2,Wednesday,,
2017-07-06,00:00:00,12477.83,12489.83,12313.63,12347.03,432937080,3,Thursday,,
2017-07-07,00:00:00,12349.83,12424.98,12334.63,12417.53,270950320,4,Friday,,
2017-07-10,00:00:00,12456.93,12483.98,12400.83,12452.73,219880710,0,Monday,39.4,0.31729
2017-07-11,00:00:00,12468.33,12540.28,12413.13,12481.13,255634860,1,Tuesday,,
2017-07-12,00:00:00,12470.53,12655.48,12451.53,12632.53,239988530,2,Wednesday,,
2017-07-13,00:00:00,12656.83,12677.48,12613.48,12650.71,282479770,3,Thursday,,
2017-07-14,00:00:00,12648.48,12663.33,12574.33,12647.33,267543070,4,Friday,,
2017-07-17,00:00:00,12654.03,12673.28,12538.73,12580.28,263198070,0,Monday,6.7,0.05298
2017-07-18,00:00:00,12556.33,12574.78,12383.98,12437.83,278170720,1,Tuesday,,
2017-07-19,00:00:00,12454.23,12489.28,12414.73,12480.83,212675040,2,Wednesday,,
2017-07-20,00:00:00,12501.93,12573.33,12388.33,12446.33,237092350,3,Thursday,,
2017-07-21,00:00:00,12437.73,12463.53,12189.78,12251.33,236116160,4,Friday,,
2017-07-24,00:00:00,12230.73,12254.78,12140.83,12247.53,427764240,0,Monday,-20.6,-0.16815
2017-07-25,00:00:00,12245.78,12302.28,12209.83,12264.53,378425410,1,Tuesday,,
2017-07-26,00:00:00,12254.03,12342.33,12243.48,12259.03,520331780,2,Wednesday,,
2017-07-27,00:00:00,12282.73,12295.48,12145.03,12189.03,486702610,3,Thursday,,
2017-07-28,00:00:00,12143.73,12183.98,12094.83,12172.43,527908110,4,Friday,,
2017-07-31,00:00:00,12151.03,12209.53,12082.73,12096.83,225499410,0,Monday,-21.4,-0.17581
2017-08-01,00:00:00,12132.33,12305.28,12087.53,12252.48,387001680,1,Tuesday,,
2017-08-02,00:00:00,12266.83,12281.6,12151.51,12183.83,353132010,2,Wednesday,,
2017-08-03,00:00:00,12174.03,12185.98,12095.73,12141.03,283545730,3,Thursday,,
2017-08-04,00:00:00,12146.78,12324.78,12125.98,12292.48,402123670,4,Friday,,
2017-08-07,00:00:00,12312.48,12337.78,12223.48,12249.83,203397410,0,Monday,20.0,0.1627
2017-08-08,00:00:00,12235.98,12331.48,12184.33,12238.83,274172700,1,Tuesday,,
2017-08-09,00:00:00,12204.03,12228.33,12097.48,12176.83,226324250,2,Wednesday,,
2017-08-10,00:00:00,12148.5,12163.33,11947.48,11957.0,224975320,3,Thursday,,
2017-08-11,00:00:00,11962.53,12049.11,11935.48,11999.0,210681320,4,Friday,,
2017-08-14,00:00:00,12096.5,12196.53,12079.48,12162.83,206748410,0,Monday,97.5,0.81257
2017-08-15,00:00:00,12208.48,12234.98,12154.98,12201.15,196334460,1,Tuesday,,
2017-08-16,00:00:00,12202.48,12301.53,12202.48,12234.8,213474620,2,Wednesday,,
2017-08-17,00:00:00,12244.53,12291.28,12121.03,12121.43,194299800,3,Thursday,,
2017-08-18,00:00:00,12142.33,12199.0,12081.03,12161.65,177820050,4,Friday,,
2017-08-21,00:00:00,12156.28,12156.48,12018.98,12072.53,160530790,0,Monday,-5.37,-0.04416
2017-08-22,00:00:00,12112.78,12255.03,12110.33,12253.83,183583750,1,Tuesday,,
2017-08-23,00:00:00,12241.03,12272.03,12155.03,12186.13,1464780,2,Wednesday,,
2017-08-24,00:00:00,12180.33,12259.33,12170.03,12180.03,1259610,3,Thursday,,
2017-08-25,00:00:00,12214.83,12252.33,12131.33,12173.83,1197540,4,Friday,,
2017-08-28,00:00:00,12143.53,12177.03,12063.83,12131.03,954750,0,Monday,-30.3,-0.24889
2017-08-29,00:00:00,12072.03,12079.33,11867.13,11986.83,1529140,1,Tuesday,,
2017-08-30,00:00:00,12019.43,12043.03,11989.53,12025.03,1105560,2,Wednesday,,
2017-08-31,00:00:00,12067.53,12118.53,12033.43,12064.83,1033350,3,Thursday,,
2017-09-01,00:00:00,12086.83,12194.83,12081.33,12150.33,1089840,4,Friday,,
2017-09-04,00:00:00,12061.53,12142.53,12036.33,12128.03,791130,0,Monday,-88.8,-0.73084
2017-09-05,00:00:00,12118.83,12214.83,12044.03,12074.33,1534920,1,Tuesday,,
2017-09-06,00:00:00,12079.33,12306.33,12055.83,12285.23,1609350,2,Wednesday,,
2017-09-07,00:00:00,12274.33,12370.13,12268.33,12321.43,1575780,3,Thursday,,
2017-09-08,00:00:00,12274.73,12323.03,12243.03,12289.63,1298070,4,Friday,,
2017-09-11,00:00:00,12388.63,12508.53,12374.33,12494.83,1052520,0,Monday,99.0,0.80556
2017-09-12,00:00:00,12505.83,12559.33,12501.53,12517.33,1042290,1,Tuesday,,
2017-09-13,00:00:00,12509.33,12567.83,12478.43,12551.03,972000,2,Wednesday,,
2017-09-14,00:00:00,12534.33,12557.33,12498.53,12548.03,843690,3,Thursday,,
2017-09-15,00:00:00,12532.03,12563.53,12506.53,12535.83,1031880,4,Friday,,
2017-09-18,00:00:00,12594.03,12615.83,12534.83,12561.53,965190,0,Monday,58.2,0.46427
2017-09-19,00:00:00,12567.03,12567.03,12525.53,12556.53,1065600,1,Tuesday,,
2017-09-20,00:00:00,12558.03,12640.03,12515.53,12637.83,1230240,2,Wednesday,,
2017-09-21,00:00:00,12611.03,12620.73,12581.23,12596.33,1135290,3,Thursday,,
2017-09-22,00:00:00,12560.83,12647.83,12558.33,12613.53,1202220,4,Friday,,
2017-09-25,00:00:00,12571.83,12635.53,12551.53,12574.33,1397130,0,Monday,-41.7,-0.3306
2017-09-26,00:00:00,12571.53,12631.03,12551.53,12601.53,1222350,1,Tuesday,,
2017-09-27,00:00:00,12630.53,12703.83,12623.53,12680.03,1290360,2,Wednesday,,
2017-09-28,00:00:00,12696.53,12725.53,12664.03,12717.03,1138860,3,Thursday,,
2017-09-29,00:00:00,12726.33,12848.53,12720.83,12844.53,1153680,4,Friday,,
2017-10-02,00:00:00,12889.33,12916.03,12847.73,12910.33,1060390,0,Monday,44.8,0.34879
2017-10-04,00:00:00,12946.03,12982.83,12893.33,12942.83,1295760,2,Wednesday,,
2017-10-05,00:00:00,12949.73,12988.53,12932.63,12983.03,1215240,3,Thursday,,
2017-10-06,00:00:00,12985.83,12993.63,12940.93,12968.13,1186770,4,Friday,,
2017-10-09,00:00:00,12977.63,12997.53,12936.03,12943.33,958410,0,Monday,9.5,0.07326
2017-10-10,00:00:00,12960.33,12982.83,12907.83,12959.83,1390290,1,Tuesday,,
2017-10-11,00:00:00,12972.83,12984.93,12924.53,12973.33,1081290,2,Wednesday,,
2017-10-12,00:00:00,12973.33,13003.68,12943.03,12977.03,977520,3,Thursday,,
2017-10-13,00:00:00,13002.13,13039.93,12964.03,12997.33,1062930,4,Friday,,
2017-10-16,00:00:00,13014.03,13027.83,12978.83,13000.33,983370,0,Monday,16.7,0.12849
2017-10-17,00:00:00,13004.83,13034.48,12967.33,13008.03,1026690,1,Tuesday,,
2017-10-18,00:00:00,13012.83,13094.78,13003.63,13051.78,172002960,2,Wednesday,,
2017-10-19,00:00:00,13045.98,13046.78,12908.78,12993.78,366536600,3,Thursday,,
2017-10-20,00:00:00,13029.78,13064.28,12954.28,12985.78,229259990,4,Friday,,
2017-10-23,00:00:00,12991.78,13068.98,12972.78,12981.98,230640000,0,Monday,6.0,0.0462
2017-10-24,00:00:00,12996.78,13055.78,12982.98,13014.48,252037500,1,Tuesday,,
2017-10-25,00:00:00,13000.48,13048.28,12912.78,12966.78,370485020,2,Wednesday,,
2017-10-26,00:00:00,12968.78,13166.98,12940.48,13155.78,428877660,3,Thursday,,
2017-10-27,00:00:00,13184.78,13251.48,13181.28,13215.48,315270100,4,Friday,,
2017-10-30,00:00:00,13213.48,13254.98,13207.78,13228.28,225412500,0,Monday,-2.0,-0.01513
2017-10-31,00:00:00,13241.78,13299.28,13238.28,13283.48,117977500,1,Tuesday,,
2017-11-01,00:00:00,13318.98,13489.98,13317.28,13464.48,335670070,2,Wednesday,,
2017-11-02,00:00:00,13436.48,13469.28,13403.48,13465.28,331222610,3,Thursday,,
2017-11-03,00:00:00,13476.78,13504.48,13427.28,13468.28,287437520,4,Friday,,
2017-11-06,00:00:00,13474.98,13479.98,13439.28,13467.78,265045010,0,Monday,6.7,0.04975
2017-11-07,00:00:00,13511.48,13532.78,13337.78,13367.98,410000180,1,Tuesday,,
2017-11-08,00:00:00,13372.28,13420.28,13344.28,13391.48,367115030,2,Wednesday,,
2017-11-09,00:00:00,13370.98,13403.78,13105.78,13182.48,574851670,3,Thursday,,
2017-11-10,00:00:00,13180.78,13216.98,13109.48,13123.78,454690000,4,Friday,,
2017-11-13,00:00:00,13144.78,13164.78,12960.0,13105.48,356730960,0,Monday,21.0,0.16001
2017-11-14,00:00:00,13083.48,13137.98,13001.28,13037.78,363983910,1,Tuesday,,
2017-11-15,00:00:00,12980.48,12998.28,12846.98,12953.98,511218270,2,Wednesday,,
2017-11-16,00:00:00,13038.28,13096.78,13004.98,13083.28,425342850,3,Thursday,,
2017-11-17,00:00:00,13047.78,13088.98,12965.48,12976.78,430622530,4,Friday,,
2017-11-20,00:00:00,12878.78,13087.48,12856.28,13051.28,477440000,0,Monday,-98.0,-0.7552
2017-11-21,00:00:00,13070.28,13212.48,13024.28,13172.48,455740000,1,Tuesday,,
2017-11-22,00:00:00,13181.78,13190.78,12964.98,12976.28,468197520,2,Wednesday,,
2017-11-23,00:00:00,12975.48,13052.28,12903.98,13005.28,366778810,3,Thursday,,
2017-11-24,00:00:00,13024.28,13163.28,12978.78,13064.78,420540440,4,Friday,,
2017-11-27,00:00:00,13035.78,13118.98,12987.78,13009.98,423160000,0,Monday,-29.0,-0.22197
2017-11-28,00:00:00,13011.78,13130.28,12965.28,13114.78,471171450,1,Tuesday,,
2017-11-29,00:00:00,13143.28,13196.48,13028.78,13055.28,458605050,2,Wednesday,,
2017-11-30,00:00:00,13058.98,13178.78,13021.48,13044.98,472505020,3,Thursday,,
2017-12-01,00:00:00,13062.78,13065.98,12810.28,12944.28,586447540,4,Friday,,
2017-12-04,00:00:00,13026.98,13121.48,12974.98,13028.78,491637550,0,Monday,82.7,0.63889
2017-12-05,00:00:00,13067.78,13095.48,12958.28,13003.28,506430000,1,Tuesday,,
2017-12-06,00:00:00,12933.98,13035.78,12861.78,12998.78,500032540,2,Wednesday,,
2017-12-07,00:00:00,13048.48,13105.48,12986.48,13094.78,419550000,3,Thursday,,
2017-12-08,00:00:00,13158.78,13242.48,13137.28,13159.78,390315000,4,Friday,,
2017-12-11,00:00:00,13188.48,13202.78,13112.28,13151.28,348540000,0,Monday,28.7,0.21809
2017-12-12,00:00:00,13146.78,13185.48,13078.78,13168.28,351020000,1,Tuesday,,
2017-12-13,00:00:00,13177.48,13191.78,13068.78,13071.48,287940000,2,Wednesday,,
2017-12-14,00:00:00,13085.28,13162.78,13008.98,13028.78,335740000,3,Thursday,,
2017-12-15,00:00:00,13049.78,13138.98,13005.98,13122.28,349550000,4,Friday,,
2017-12-18,00:00:00,13206.78,13334.48,13190.28,13308.78,340010000,0,Monday,84.5,0.64394
2017-12-19,00:00:00,13321.98,13336.78,13202.48,13226.78,289790000,1,Tuesday,,
2017-12-20,00:00:00,13243.78,13252.28,13021.78,13070.28,413460000,2,Wednesday,,
2017-12-21,00:00:00,13055.48,13139.48,13012.78,13070.78,323880000,3,Thursday,,
2017-12-22,00:00:00,13071.78,13108.28,13050.48,13076.28,237920000,4,Friday,,
2017-12-26,00:00:00,13062.58,13077.68,13054.48,13068.18,74720000,1,Tuesday,,
2017-12-27,00:00:00,13063.48,13132.98,13015.98,13058.28,263532500,2,Wednesday,,
2017-12-28,00:00:00,13056.98,13070.48,12963.48,12987.28,225300110,3,Thursday,,
2017-12-29,00:00:00,12992.48,12998.98,12831.98,12859.98,275130070,4,Friday,,
2018-01-02,00:00:00,12926.28,12946.78,12746.98,12889.28,386627510,1,Tuesday,,
2018-01-03,00:00:00,12916.78,13024.48,12890.78,13011.28,342276700,2,Wednesday,,
2018-01-04,00:00:00,13040.28,13209.28,13036.48,13167.48,379853660,3,Thursday,,
2018-01-05,00:00:00,13188.28,13342.78,13174.28,13333.28,358112120,4,Friday,,
2018-01-08,00:00:00,13385.98,13412.78,13332.78,13368.98,338379830,0,Monday,52.7,0.39525
2018-01-09,00:00:00,13374.28,13426.78,13359.98,13395.98,322290000,1,Tuesday,,
2018-01-10,00:00:00,13366.48,13380.78,13224.48,13261.98,429182500,2,Wednesday,,
2018-01-11,00:00:00,13293.28,13302.28,13149.48,13243.28,366915000,3,Thursday,,
2018-01-12,00:00:00,13242.48,13266.28,13165.48,13238.28,324096580,4,Friday,,
2018-01-15,00:00:00,13246.48,13257.28,13171.48,13193.28,241429470,0,Monday,8.2,0.06194
2018-01-16,00:00:00,13220.98,13352.78,13133.48,13147.48,504511440,1,Tuesday,,
2018-01-17,00:00:00,13190.48,13258.28,13135.28,13237.48,396036520,2,Wednesday,,
2018-01-18,00:00:00,13229.78,13305.98,13200.48,13282.78,406658710,3,Thursday,,
2018-01-19,00:00:00,13266.48,13473.78,13257.78,13462.28,402674510,4,Friday,,
2018-01-22,00:00:00,13457.78,13518.78,13410.48,13504.28,323102400,0,Monday,-4.5,-0.03343
2018-01-23,00:00:00,13568.48,13599.98,13515.78,13569.48,389553710,1,Tuesday,,
2018-01-24,00:00:00,13564.48,13574.98,13370.98,13422.98,458222950,2,Wednesday,,
2018-01-25,00:00:00,13402.98,13444.78,13220.98,13316.48,551630710,3,Thursday,,
2018-01-26,00:00:00,13311.98,13390.13,13264.78,13388.28,242346160,4,Friday,,
2018-01-29,00:00:00,13362.48,13371.39,13272.48,13307.28,580724750,0,Monday,-25.8,-0.19271
2018-01-30,00:00:00,13221.28,13312.39,13171.48,13194.28,779866200,1,Tuesday,,
2018-01-31,00:00:00,13209.98,13270.39,13157.98,13194.78,396356040,2,Wednesday,,
2018-02-01,00:00:00,13252.28,13298.98,12933.73,12964.78,628567400,3,Thursday,,
2018-02-02,00:00:00,12978.48,12980.78,12694.18,12709.18,786748330,4,Friday,,
2018-02-05,00:00:00,12681.28,12752.25,12143.63,12264.28,820407020,0,Monday,-27.9,-0.21953
2018-02-06,00:00:00,12216.68,12649.28,12163.08,12643.73,909971820,1,Tuesday,,
2018-02-07,00:00:00,12490.88,12651.78,12410.11,12531.33,654349780,2,Wednesday,,
2018-02-08,00:00:00,12518.0,12548.28,12129.88,12129.88,745208070,3,Thursday,,
2018-02-09,00:00:00,12214.7,12298.48,11905.33,12212.78,1064216970,4,Friday,,
2018-02-12,00:00:00,12268.5,12381.28,12216.76,12347.78,773025020,0,Monday,55.72,0.45624
2018-02-13,00:00:00,12286.33,12299.28,12180.59,12251.78,547291630,1,Tuesday,,
2018-02-14,00:00:00,12273.98,12443.78,12071.03,12414.98,553086950,2,Wednesday,,
2018-02-15,00:00:00,12450.15,12482.48,12271.89,12356.88,634608030,3,Thursday,,
2018-02-16,00:00:00,12381.13,12534.89,12365.25,12485.58,254798210,4,Friday,,
2018-02-19,00:00:00,12523.89,12533.84,12359.03,12393.28,4116970,0,Monday,38.31,0.30683
2018-02-20,00:00:00,12393.73,12504.48,12331.78,12430.28,750310130,1,Tuesday,,
2018-02-21,00:00:00,12467.28,12511.98,12369.09,12394.28,801169570,2,Wednesday,,
2018-02-22,00:00:00,12375.28,12500.14,12279.89,12426.28,831525450,3,Thursday,,
2018-02-23,00:00:00,12507.78,12549.98,12429.98,12540.98,623961070,4,Friday,,
2018-02-26,00:00:00,12576.48,12602.28,12481.48,12583.28,498450700,0,Monday,35.5,0.28307
2018-02-27,00:00:00,12552.78,12578.48,12424.78,12427.98,876825470,1,Tuesday,,
2018-02-28,00:00:00,12435.48,12518.28,12361.78,12363.98,832906230,2,Wednesday,,
2018-03-01,00:00:00,12382.98,12400.78,12010.48,12064.78,521557840,3,Thursday,,
2018-03-02,00:00:00,12088.39,12088.39,11876.02,12003.1,174201500,4,Friday,,
2018-03-05,00:00:00,11905.48,12181.18,11728.7,12167.92,12246050,0,Monday,-97.62,-0.81329
2018-03-06,00:00:00,12206.8,12272.56,12103.8,12157.55,11781070,1,Tuesday,,
2018-03-07,00:00:00,11997.1,12276.48,11995.1,12260.92,65407250,2,Wednesday,,
2018-03-08,00:00:00,12258.54,12383.5,12175.71,12346.93,66884250,3,Thursday,,
2018-03-09,00:00:00,12350.37,12410.78,12283.02,12372.34,13118270,4,Friday,,
2018-03-12,00:00:00,12426.78,12476.28,12358.52,12397.28,11321700,0,Monday,54.44,0.44001
2018-03-13,00:00:00,12431.28,12459.82,12115.77,12151.98,10729750,1,Tuesday,,
2018-03-14,00:00:00,12179.48,12324.78,12165.46,12254.28,20588330,2,Wednesday,,
2018-03-15,00:00:00,12274.98,12382.67,12238.52,12379.98,15502720,3,Thursday,,
2018-03-16,00:00:00,12352.78,12451.64,12334.04,12394.03,48828160,4,Friday,,
2018-03-19,00:00:00,12358.75,12370.48,12158.28,12243.78,17235600,0,Monday,-35.28,-0.28465
2018-03-20,00:00:00,12275.32,12346.78,12188.78,12341.28,3911870,1,Tuesday,,
2018-03-21,00:00:00,12332.28,12369.98,12216.86,12257.98,33238830,2,Wednesday,,
2018-03-22,00:00:00,12238.5,12269.4,11969.68,11985.48,108058870,3,Thursday,,
2018-03-23,00:00:00,11940.59,12002.28,11755.98,11781.48,38422150,4,Friday,,
2018-03-26,00:00:00,11904.06,11984.16,11704.28,11918.48,79118180,0,Monday,122.58,1.04045
2018-03-27,00:00:00,11974.98,12043.02,11800.29,11851.77,11911440,1,Tuesday,,
2018-03-28,00:00:00,11856.57,12011.78,11768.02,11935.28,180256860,2,Wednesday,,
2018-03-29,00:00:00,11930.48,12163.28,11930.48,12121.48,52960220,3,Thursday,,
2018-04-03,00:00:00,11988.48,12069.98,11911.48,12055.28,54193520,1,Tuesday,,
2018-04-04,00:00:00,12021.78,12077.28,11791.78,12067.28,54625560,2,Wednesday,,
2018-04-05,00:00:00,12099.98,12327.28,12099.28,12278.28,43865940,3,Thursday,,
2018-04-06,00:00:00,12213.28,12292.48,12148.28,12180.78,55772620,4,Friday,,
2018-04-09,00:00:00,12269.28,12373.98,12200.98,12232.28,49487440,0,Monday,88.5,0.72655
2018-04-10,00:00:00,12382.78,12428.78,12332.28,12377.98,55110670,1,Tuesday,,
2018-04-11,00:00:00,12359.98,12392.48,12253.98,12275.98,52946710,2,Wednesday,,
2018-04-12,00:00:00,12288.28,12434.78,12261.98,12423.48,42016760,3,Thursday,,
2018-04-13,00:00:00,12415.78,12525.78,12386.98,12449.78,45006100,4,Friday,,
2018-04-16,00:00:00,12531.48,12552.78,12376.48,12423.28,41464320,0,Monday,81.7,0.65624
2018-04-17,00:00:00,12414.48,12617.48,12409.78,12585.48,40328760,1,Tuesday,,
2018-04-18,00:00:00,12574.28,12640.28,12546.28,12591.98,37667730,2,Wednesday,,
2018-04-19,00:00:00,12601.48,12618.98,12524.98,12546.28,47304920,3,Thursday,,
2018-04-20,00:00:00,12553.78,12586.28,12489.28,12530.48,44585300,4,Friday,,
2018-04-23,00:00:00,12574.58,12589.28,12465.48,12567.28,42222490,0,Monday,44.1,0.35194
2018-04-24,00:00:00,12576.98,12648.78,12374.78,12443.28,57291110,1,Tuesday,,
2018-04-25,00:00:00,12446.98,12484.28,12310.98,12464.28,56505460,2,Wednesday,,
2018-04-26,00:00:00,12476.48,12591.48,12378.48,12588.28,57298950,3,Thursday,,
2018-04-27,00:00:00,12584.48,12627.78,12515.98,12592.48,46617130,4,Friday,,
2018-04-30,00:00:00,12616.98,12625.28,12553.28,12569.98,40849660,0,Monday,24.5,0.19456
2018-05-01,00:00:00,12566.28,12610.98,12487.28,12598.48,11489650,1,Tuesday,,
2018-05-02,00:00:00,12610.48,12829.28,12548.98,12756.88,49947680,2,Wednesday,,
2018-05-03,00:00:00,12751.28,12798.98,12664.48,12753.78,53585490,3,Thursday,,
2018-05-04,00:00:00,12764.48,12849.28,12705.48,12842.28,44430210,4,Friday,,
2018-05-07,00:00:00,12845.48,12964.28,12807.78,12919.48,35462410,0,Monday,3.2,0.02492
2018-05-08,00:00:00,12911.98,12947.28,12853.28,12932.28,43707480,1,Tuesday,,
2018-05-09,00:00:00,12932.28,12995.28,12888.98,12974.98,37271090,2,Wednesday,,
2018-05-10,00:00:00,12977.48,13035.28,12928.48,13018.78,35191140,3,Thursday,,
2018-05-11,00:00:00,13007.48,13046.48,12962.28,12995.78,35019910,4,Friday,,
2018-05-14,00:00:00,13010.78,13031.98,12923.98,12972.78,31264900,0,Monday,15.0,0.11542
2018-05-15,00:00:00,12963.78,13006.78,12916.98,12977.78,39252300,1,Tuesday,,
2018-05-16,00:00:00,12987.28,13031.28,12957.48,13017.98,35880260,2,Wednesday,,
2018-05-17,00:00:00,13010.88,13122.78,12972.28,13098.78,35030580,3,Thursday,,
2018-05-18,00:00:00,13099.58,13146.98,13050.28,13078.48,37668790,4,Friday,,
2018-05-21,00:00:00,13171.78,13176.48,13114.78,13145.98,6354810,0,Monday,93.3,0.71339
2018-05-22,00:00:00,13140.98,13206.28,13059.98,13160.58,37729940,1,Tuesday,,
2018-05-23,00:00:00,13153.78,13165.38,12928.28,12998.98,50965640,2,Wednesday,,
2018-05-24,00:00:00,12996.78,13007.28,12799.98,12891.28,52311220,3,Thursday,,
2018-05-25,00:00:00,12889.98,13000.98,12851.48,12919.98,46365330,4,Friday,,
2018-05-28,00:00:00,12974.38,13039.98,12825.28,12860.28,32448160,0,Monday,54.4,0.42105
2018-05-29,00:00:00,12860.28,12866.58,12575.28,12654.78,65216160,1,Tuesday,,
2018-05-30,00:00:00,12663.48,12832.78,12624.78,12812.48,53148670,2,Wednesday,,
2018-05-31,00:00:00,12784.98,12809.78,12544.78,12632.98,60749810,3,Thursday,,
2018-06-01,00:00:00,12641.78,12802.27,12629.48,12750.28,48536490,4,Friday,,
2018-06-04,00:00:00,12735.38,12846.28,12712.48,12776.98,42330550,0,Monday,-14.9,-0.11686
2018-06-05,00:00:00,12780.78,12928.28,12748.98,12774.28,51220850,1,Tuesday,,
2018-06-06,00:00:00,12772.48,12899.78,12726.78,12898.28,51409710,2,Wednesday,,
2018-06-07,00:00:00,12903.28,12917.48,12663.98,12724.48,50615620,3,Thursday,,
2018-06-08,00:00:00,12723.88,12810.78,12608.98,12790.28,50340740,4,Friday,,
2018-06-11,00:00:00,12761.38,12894.28,12741.98,12880.48,42260160,0,Monday,-28.9,-0.22595
2018-06-12,00:00:00,12875.48,12952.78,12812.48,12831.98,80629140,1,Tuesday,,
2018-06-13,00:00:00,12853.48,12907.48,12777.78,12848.58,87376440,2,Wednesday,,
2018-06-14,00:00:00,12854.88,13185.28,12799.48,13151.88,99299280,3,Thursday,,
2018-06-15,00:00:00,13139.38,13172.28,13003.48,13061.48,111580340,4,Friday,,
2018-06-18,00:00:00,13059.78,13072.98,12782.98,12860.88,99098610,0,Monday,-1.7,-0.01302
2018-06-19,00:00:00,12856.38,12859.98,12591.98,12725.78,135048070,1,Tuesday,,
2018-06-20,00:00:00,12723.48,12766.88,12669.48,12704.88,122930460,2,Wednesday,,
2018-06-21,00:00:00,12701.78,12765.98,12446.78,12479.28,124844510,3,Thursday,,
2018-06-22,00:00:00,12472.38,12605.78,12463.98,12561.08,98924910,4,Friday,,
2018-06-25,00:00:00,12547.28,12560.88,12250.28,12305.58,150486870,0,Monday,-13.8,-0.10986
2018-06-26,00:00:00,12306.88,12356.78,12186.98,12308.08,164964790,1,Tuesday,,
2018-06-27,00:00:00,12299.48,12442.28,12124.48,12284.78,192748350,2,Wednesday,,
2018-06-28,00:00:00,12275.58,12375.02,12101.48,12224.08,177111880,3,Thursday,,
2018-06-29,00:00:00,12230.98,12383.48,12207.78,12278.78,160485470,4,Friday,,
2018-07-02,00:00:00,12285.68,12307.48,12129.98,12298.98,163297290,0,Monday,6.9,0.05619
2018-07-03,00:00:00,12302.38,12429.78,12267.88,12306.98,75608350,1,Tuesday,,
2018-07-04,00:00:00,12288.28,12351.28,12282.98,12333.78,33365300,2,Wednesday,,
2018-07-05,00:00:00,12333.78,12517.98,12295.18,12477.78,125623170,3,Thursday,,
2018-07-06,00:00:00,12467.38,12555.98,12425.48,12500.48,136185270,4,Friday,,
2018-07-09,00:00:00,12512.48,12572.98,12487.78,12572.08,112048880,0,Monday,12.0,0.096
2018-07-10,00:00:00,12570.98,12641.28,12530.28,12608.48,50456770,1,Tuesday,,
2018-07-11,00:00:00,12541.88,12564.98,12388.78,12407.28,48378850,2,Wednesday,,
2018-07-12,00:00:00,12418.18,12516.48,12406.48,12506.28,40305480,3,Thursday,,
2018-07-13,00:00:00,12506.28,12585.98,12496.48,12546.98,34878540,4,Friday,,
2018-07-16,00:00:00,12562.08,12603.78,12504.98,12563.88,29872310,0,Monday,15.1,0.12035
2018-07-17,00:00:00,12560.48,12734.98,12522.48,12705.88,39705680,1,Tuesday,,
2018-07-18,00:00:00,12713.48,12779.28,12699.78,12752.08,31782230,2,Wednesday,,
2018-07-19,00:00:00,12745.18,12766.28,12657.48,12683.08,37280750,3,Thursday,,
2018-07-20,00:00:00,12682.48,12707.98,12466.28,12532.78,46867990,4,Friday,,
2018-07-23,00:00:00,12551.18,12595.48,12488.48,12592.28,42895600,0,Monday,18.4,0.14681
2018-07-24,00:00:00,12584.48,12755.28,12581.38,12673.38,71198410,1,Tuesday,,
2018-07-25,00:00:00,12666.48,12744.78,12534.28,12698.58,23126980,2,Wednesday,,
2018-07-26,00:00:00,12673.08,12833.48,12658.78,12823.18,21489400,3,Thursday,,
2018-07-27,00:00:00,12804.18,12887.78,12790.78,12807.58,78520090,4,Friday,,
2018-07-30,00:00:00,12803.78,12849.28,12764.28,12775.28,61454130,0,Monday,-3.8,-0.02967
2018-07-31,00:00:00,12787.98,12862.48,12736.78,12843.48,35317740,1,Tuesday,,
2018-08-01,00:00:00,12839.58,12840.18,12697.28,12716.48,68473410,2,Wednesday,,
2018-08-02,00:00:00,12727.38,12737.48,12492.78,12607.78,92218210,3,Thursday,,
2018-08-03,00:00:00,12618.08,12648.48,12560.98,12639.58,60777900,4,Friday,,
2018-08-06,00:00:00,12647.48,12719.28,12535.82,12602.28,55376670,0,Monday,7.9,0.0625
2018-08-07,00:00:00,12597.68,12740.28,12594.18,12661.18,60839100,1,Tuesday,,
2018-08-08,00:00:00,12664.68,12705.28,12584.02,12596.58,51419390,2,Wednesday,,
2018-08-09,00:00:00,12590.38,12700.28,12573.78,12672.78,58368060,3,Thursday,,
2018-08-10,00:00:00,12667.08,12669.88,12383.48,12426.08,53378330,4,Friday,,
2018-08-13,00:00:00,12367.48,12399.68,12297.08,12361.18,43002570,0,Monday,-58.6,-0.47159
2018-08-14,00:00:00,12365.78,12461.28,12290.78,12417.58,63060990,1,Tuesday,,
2018-08-15,00:00:00,12414.88,12428.98,12110.98,12173.88,79831360,2,Wednesday,,
2018-08-16,00:00:00,12175.08,12270.98,12144.18,12236.18,51848900,3,Thursday,,
2018-08-17,00:00:00,12225.98,12258.38,12132.48,12235.48,55249700,4,Friday,,
2018-08-20,00:00:00,12242.88,12374.28,12219.08,12317.18,27669810,0,Monday,7.4,0.06048
2018-08-21,00:00:00,12310.28,12432.98,12289.38,12370.48,51720640,1,Tuesday,,
2018-08-22,00:00:00,12334.88,12441.78,12315.08,12367.58,50905670,2,Wednesday,,
2018-08-23,00:00:00,12372.18,12414.48,12346.38,12358.28,46726740,3,Thursday,,
2018-08-24,00:00:00,12360.58,12446.78,12342.28,12403.78,35385820,4,Friday,,
2018-08-27,00:00:00,12413.78,12564.28,12412.68,12555.98,34092260,0,Monday,10.0,0.08062
2018-08-28,00:00:00,12558.28,12598.28,12515.78,12531.68,36328680,1,Tuesday,,
2018-08-29,00:00:00,12538.58,12575.78,12497.28,12570.68,33603440,2,Wednesday,,
2018-08-30,00:00:00,12574.08,12577.58,12395.98,12448.38,54379860,3,Thursday,,
2018-08-31,00:00:00,12432.28,12471.38,12309.28,12359.88,59257690,4,Friday,,
2018-09-03,00:00:00,12362.18,12363.78,12299.78,12336.48,33611020,0,Monday,2.3,0.01861
2018-09-04,00:00:00,12336.48,12404.98,12161.48,12227.18,76566030,1,Tuesday,,
2018-09-05,00:00:00,12228.28,12230.18,12033.48,12054.18,73841110,2,Wednesday,,
2018-09-06,00:00:00,12054.18,12092.48,11934.48,11976.38,72991860,3,Thursday,,
2018-09-07,00:00:00,11971.28,11988.98,11887.48,11943.38,72242300,4,Friday,,
2018-09-10,00:00:00,11942.38,12040.78,11927.78,12004.68,54212480,0,Monday,-1.0,-0.00837
2018-09-11,00:00:00,12003.68,12023.48,11861.98,11996.28,69039660,1,Tuesday,,
2018-09-12,00:00:00,11999.38,12047.78,11950.48,12005.18,66002460,2,Wednesday,,
2018-09-13,00:00:00,11995.48,12129.48,11993.88,12081.78,67477950,3,Thursday,,
2018-09-14,00:00:00,12078.68,12135.78,12074.48,12121.78,49208760,4,Friday,,
2018-09-17,00:00:00,12105.48,12126.28,12039.48,12057.38,52691740,0,Monday,-16.3,-0.13447
2018-09-18,00:00:00,12055.28,12184.98,11990.18,12173.88,51805280,1,Tuesday,,
2018-09-19,00:00:00,12177.48,12241.28,12153.98,12224.58,44946050,2,Wednesday,,
2018-09-20,00:00:00,12231.68,12365.78,12202.98,12361.48,33604210,3,Thursday,,
2018-09-21,00:00:00,12360.48,12460.98,12351.18,12406.18,46014150,4,Friday,,
2018-09-24,00:00:00,12370.0,12411.28,12341.28,12352.48,42339260,0,Monday,-36.18,-0.29163
2018-09-25,00:00:00,12355.58,12418.28,12320.28,12374.08,35710800,1,Tuesday,,
2018-09-26,00:00:00,12379.38,12418.78,12323.68,12341.38,32948330,2,Wednesday,,
2018-09-27,00:00:00,12341.38,12458.78,12269.98,12414.38,50091680,3,Thursday,,
2018-09-28,00:00:00,12424.88,12433.98,12187.48,12227.68,69839000,4,Friday,,
2018-10-01,00:00:00,12250.88,12374.48,12242.48,12314.78,43768400,0,Monday,23.2,0.18973
2018-10-02,00:00:00,12312.68,12316.88,12201.98,12275.18,48232350,1,Tuesday,,
2018-10-04,00:00:00,12312.68,12350.78,12172.48,12230.18,72924850,3,Thursday,,
2018-10-05,00:00:00,12240.68,12262.88,12054.48,12112.48,65063860,4,Friday,,
2018-10-08,00:00:00,12116.88,12124.78,11897.78,11989.38,66050690,0,Monday,4.4,0.03633
2018-10-09,00:00:00,11984.18,12007.48,11801.78,11973.18,57286120,1,Tuesday,,
2018-10-10,00:00:00,11970.98,11996.48,11571.38,11574.58,62236420,2,Wednesday,,
2018-10-11,00:00:00,11579.08,11699.48,11394.98,11559.68,108134520,3,Thursday,,
2018-10-12,00:00:00,11568.08,11708.48,11425.48,11565.08,59703220,4,Friday,,
2018-10-15,00:00:00,11550.28,11651.48,11441.28,11598.98,63254130,0,Monday,-14.8,-0.12797
2018-10-16,00:00:00,11598.78,11838.78,11590.38,11837.68,27000910,1,Tuesday,,
2018-10-17,00:00:00,11822.58,11850.98,11668.28,11757.58,52948800,2,Wednesday,,
2018-10-18,00:00:00,11746.08,11791.98,11487.78,11523.58,63245510,3,Thursday,,
2018-10-19,00:00:00,11533.08,11623.78,11499.98,11541.98,53340860,4,Friday,,
2018-10-22,00:00:00,11506.48,11677.78,11465.48,11520.98,52682550,0,Monday,-35.5,-0.30757
2018-10-23,00:00:00,11519.98,11530.28,11226.98,11408.78,94385110,1,Tuesday,,
2018-10-24,00:00:00,11399.58,11426.78,11049.78,11088.78,82986210,2,Wednesday,,
2018-10-25,00:00:00,11128.58,11372.48,11051.58,11228.08,109512520,3,Thursday,,
2018-10-26,00:00:00,11205.88,11288.44,11050.48,11251.34,98217420,4,Friday,,
2018-10-29,00:00:00,11238.04,11446.94,11152.94,11263.24,71895630,0,Monday,-13.3,-0.11821
2018-10-30,00:00:00,11252.74,11433.24,11208.71,11347.71,79082180,1,Tuesday,,
2018-10-31,00:00:00,11385.91,11500.41,11349.71,11415.21,101883720,2,Wednesday,,
2018-11-01,00:00:00,11424.41,11574.59,11406.21,11490.71,71084120,3,Thursday,,
2018-11-02,00:00:00,11481.91,11691.21,11439.41,11560.71,81998810,4,Friday,,
2018-11-05,00:00:00,11543.51,11556.21,11472.91,11511.01,67245160,0,Monday,-17.2,-0.14878
2018-11-06,00:00:00,11511.01,11555.91,11434.71,11548.51,64552280,1,Tuesday,,
2018-11-07,00:00:00,11532.11,11661.81,11486.71,11659.21,53308540,2,Wednesday,,
2018-11-08,00:00:00,11654.11,11659.91,11492.71,11522.21,41580980,3,Thursday,,
2018-11-09,00:00:00,11502.81,11554.41,11415.91,11529.21,52857490,4,Friday,,
2018-11-12,00:00:00,11528.21,11605.51,11294.91,11306.31,65384530,0,Monday,-1.0,-0.00867
2018-11-13,00:00:00,11319.91,11497.21,11268.41,11434.61,58876420,1,Tuesday,,
2018-11-14,00:00:00,11450.91,11567.41,11311.91,11386.01,75159960,2,Wednesday,,
2018-11-15,00:00:00,11391.31,11501.71,11251.41,11466.11,76619390,3,Thursday,,
2018-11-16,00:00:00,11446.11,11448.41,11229.71,11379.21,65753960,4,Friday,,
2018-11-19,00:00:00,11327.81,11420.71,11192.41,11220.51,70184760,0,Monday,-51.4,-0.4517
2018-11-20,00:00:00,11213.41,11219.61,11006.91,11054.61,53854080,1,Tuesday,,
2018-11-21,00:00:00,11039.91,11264.41,11017.91,11227.01,41275930,2,Wednesday,,
2018-11-22,00:00:00,11233.31,11270.51,11116.71,11147.91,32204400,3,Thursday,,
2018-11-23,00:00:00,11147.91,11208.41,11090.21,11176.91,35663260,4,Friday,,
2018-11-26,00:00:00,11201.61,11391.71,11193.21,11360.21,42141180,0,Monday,24.7,0.22099
2018-11-27,00:00:00,11341.71,11441.21,11264.21,11333.61,51650980,1,Tuesday,,
2018-11-28,00:00:00,11344.21,11420.41,11276.91,11402.11,35058670,2,Wednesday,,
2018-11-29,00:00:00,11385.31,11403.91,11274.91,11343.51,48884450,3,Thursday,,
2018-11-30,00:00:00,11337.51,11342.51,11208.41,11336.41,38334910,4,Friday,,
2018-12-03,00:00:00,11466.81,11568.91,11429.21,11475.91,41766130,0,Monday,130.4,1.15028
2018-12-04,00:00:00,11470.61,11470.61,11147.21,11160.01,56119590,1,Tuesday,,
2018-12-05,00:00:00,11153.61,11267.21,11145.21,11190.91,27429380,2,Wednesday,,
2018-12-06,00:00:00,11167.31,11168.31,10758.41,10915.21,95679810,3,Thursday,,
2018-12-07,00:00:00,10928.31,10946.71,10679.41,10714.11,57868820,4,Friday,,
2018-12-10,00:00:00,10640.71,10758.41,10584.21,10736.31,61465770,0,Monday,-73.4,-0.68508
2018-12-11,00:00:00,10735.21,10886.71,10679.21,10809.21,57214110,1,Tuesday,,
2018-12-12,00:00:00,10784.31,10972.09,10784.31,10926.61,50103000,2,Wednesday,,
2018-12-13,00:00:00,10937.11,10987.21,10885.41,10892.51,56963110,3,Thursday,,
2018-12-14,00:00:00,10899.81,10923.21,10733.91,10827.11,62915820,4,Friday,,
2018-12-17,00:00:00,10797.71,10918.21,10668.71,10730.01,72000870,0,Monday,-29.4,-0.27154
2018-12-18,00:00:00,10738.41,10841.91,10685.41,10713.41,85205900,1,Tuesday,,
2018-12-19,00:00:00,10699.61,10831.71,10600.71,10646.71,65492980,2,Wednesday,,
2018-12-20,00:00:00,10652.51,10698.41,10482.41,10605.31,82372440,3,Thursday,,
2018-12-21,00:00:00,10600.61,10657.71,10493.71,10505.31,66323110,4,Friday,,
2018-12-27,00:00:00,10623.21,10636.71,10276.91,10489.31,75924340,3,Thursday,,
2018-12-28,00:00:00,10481.61,10618.21,10413.91,10580.21,90923400,4,Friday,,
2019-01-02,00:00:00,10692.61,10713.71,10386.21,10635.61,101908760,2,Wednesday,,
2019-01-03,00:00:00,10523.81,10559.91,10397.91,10421.71,91227440,3,Thursday,,
2019-01-04,00:00:00,10435.51,10833.21,10398.21,10800.71,65893220,4,Friday,,
2019-01-07,00:00:00,10821.71,10896.91,10679.21,10744.81,65413040,0,Monday,21.0,0.19443
2019-01-08,00:00:00,10752.81,10911.41,10735.21,10831.11,83695220,1,Tuesday,,
2019-01-09,00:00:00,10817.41,10962.41,10815.21,10885.01,78207350,2,Wednesday,,
2019-01-10,00:00:00,10871.01,10971.71,10785.71,10949.71,63004240,3,Thursday,,
2019-01-11,00:00:00,10948.81,10962.71,10827.71,10886.91,49490530,4,Friday,,
2019-01-14,00:00:00,10860.71,10886.71,10785.41,10865.81,42728270,0,Monday,-26.2,-0.24066
2019-01-15,00:00:00,10869.01,10994.71,10812.71,10888.31,43423410,1,Tuesday,,
2019-01-16,00:00:00,10890.41,10946.41,10859.21,10924.71,48840420,2,Wednesday,,
2019-01-17,00:00:00,10931.61,10980.71,10820.91,10959.91,59674380,3,Thursday,,
2019-01-18,00:00:00,10954.11,11258.21,10938.31,11237.31,62047350,4,Friday,,
2019-01-21,00:00:00,11240.71,11243.81,11123.71,11145.91,29730100,0,Monday,3.4,0.03026
2019-01-22,00:00:00,11145.91,11159.61,11003.41,11013.71,57137340,1,Tuesday,,
2019-01-23,00:00:00,11013.51,11136.41,11005.71,11052.71,66000730,2,Wednesday,,
2019-01-24,00:00:00,11044.41,11159.41,11022.31,11127.51,63617500,3,Thursday,,
2019-01-25,00:00:00,11135.01,11320.91,11127.61,11259.21,51856020,4,Friday,,
2019-01-28,00:00:00,11255.41,11275.91,11177.41,11233.01,47153760,0,Monday,-3.8,-0.03375
2019-01-29,00:00:00,11223.61,11276.91,11159.91,11213.61,48337080,1,Tuesday,,
2019-01-30,00:00:00,11245.31,11248.51,11130.41,11222.41,46698990,2,Wednesday,,
2019-01-31,00:00:00,11225.51,11309.71,11046.41,11198.91,51775890,3,Thursday,,
2019-02-01,00:00:00,11194.01,11218.91,11113.71,11188.51,41139940,4,Friday,,
2019-02-04,00:00:00,11172.71,11212.71,11097.91,11190.91,42820700,0,Monday,-15.8,-0.14122
2019-02-05,00:00:00,11185.71,11388.21,11175.71,11352.91,43975160,1,Tuesday,,
2019-02-06,00:00:00,11350.81,11376.21,11297.21,11307.81,41615020,2,Wednesday,,
2019-02-07,00:00:00,11295.31,11307.71,11001.41,11030.81,65778590,3,Thursday,,
2019-02-08,00:00:00,11016.71,11046.21,10861.71,10943.91,68514420,4,Friday,,
2019-02-11,00:00:00,10954.41,11042.41,10925.21,11003.51,49059770,0,Monday,10.5,0.09594
2019-02-12,00:00:00,10994.11,11164.91,10994.11,11153.81,43130460,1,Tuesday,,
2019-02-13,00:00:00,11148.61,11220.71,11122.71,11176.81,45793780,2,Wednesday,,
2019-02-14,00:00:00,11173.81,11268.41,11074.91,11087.51,56994730,3,Thursday,,
2019-02-15,00:00:00,11075.91,11330.51,11015.41,11328.41,54156300,4,Friday,,
2019-02-18,00:00:00,11340.21,11345.41,11253.91,11306.91,23172150,0,Monday,11.8,0.10416
2019-02-19,00:00:00,11306.91,11373.21,11241.91,11308.11,40924830,1,Tuesday,,
2019-02-20,00:00:00,11305.81,11446.71,11294.21,11427.01,41470420,2,Wednesday,,
2019-02-21,00:00:00,11422.91,11483.41,11387.91,11403.71,50180310,3,Thursday,,
2019-02-22,00:00:00,11399.01,11504.21,11394.21,11457.31,39759990,4,Friday,,
2019-02-25,00:00:00,11505.31,11546.21,11464.01,11474.31,40222720,0,Monday,48.0,0.41895
2019-02-26,00:00:00,11468.01,11559.71,11424.71,11524.71,49703480,1,Tuesday,,
2019-02-27,00:00:00,11511.01,11549.21,11440.71,11498.51,43958700,2,Wednesday,,
2019-02-28,00:00:00,11499.51,11539.71,11400.71,11536.81,49383360,3,Thursday,,
2019-03-01,00:00:00,11519.51,11677.21,11512.71,11637.71,40293970,4,Friday,,
2019-03-04,00:00:00,11678.71,11696.61,11523.71,11550.71,33618420,0,Monday,41.0,0.3523
2019-03-05,00:00:00,11549.01,11634.21,11537.01,11624.91,35926650,1,Tuesday,,
2019-03-06,00:00:00,11604.81,11654.91,11559.71,11560.71,44183610,2,Wednesday,,
2019-03-07,00:00:00,11558.61,11614.91,11450.0,11495.71,57454530,3,Thursday,,
2019-03-08,00:00:00,11487.31,11505.81,11404.91,11505.81,70640990,4,Friday,,
2019-03-11,00:00:00,11491.31,11597.71,11459.91,11595.91,52741310,0,Monday,-14.5,-0.12602
2019-03-12,00:00:00,11630.31,11635.21,11497.91,11513.21,55725970,1,Tuesday,,
2019-03-13,00:00:00,11497.91,11609.71,11473.41,11603.91,48305030,2,Wednesday,,
2019-03-14,00:00:00,11615.31,11636.21,11536.91,11584.21,40781460,3,Thursday,,
2019-03-15,00:00:00,11591.31,11720.21,11571.71,11685.91,48484570,4,Friday,,
2019-03-18,00:00:00,11670.71,11712.41,11633.21,11660.41,33668940,0,Monday,-15.2,-0.13007
2019-03-19,00:00:00,11660.41,11825.21,11643.21,11745.41,35986320,1,Tuesday,,
2019-03-20,00:00:00,11731.91,11741.31,11568.41,11568.41,49131070,2,Wednesday,,
2019-03-21,00:00:00,11591.91,11633.41,11465.91,11580.91,53961750,3,Thursday,,
2019-03-22,00:00:00,11581.41,11622.21,11309.21,11318.21,70459680,4,Friday,,
2019-03-25,00:00:00,11331.91,11390.91,11266.91,11361.71,54162310,0,Monday,13.7,0.12104
2019-03-26,00:00:00,11354.31,11447.21,11298.91,11437.41,49501200,1,Tuesday,,
2019-03-27,00:00:00,11417.91,11505.21,11365.71,11440.91,57705330,2,Wednesday,,
2019-03-28,00:00:00,11440.81,11494.41,11386.91,11465.91,44138140,3,Thursday,,
2019-03-29,00:00:00,11467.81,11551.71,11439.71,11545.71,43273580,4,Friday,,
2019-04-01,00:00:00,11601.91,11715.21,11581.41,11714.01,35985820,0,Monday,56.2,0.48676
2019-04-02,00:00:00,11709.01,11811.41,11657.91,11783.91,33401350,1,Tuesday,,
2019-04-03,00:00:00,11778.81,11976.71,11771.21,11963.11,37806370,2,Wednesday,,
2019-04-04,00:00:00,11967.31,12031.21,11911.21,11984.41,37906940,3,Thursday,,
2019-04-05,00:00:00,11981.31,12023.21,11966.21,12001.81,25212790,4,Friday,,
2019-04-08,00:00:00,11994.41,12002.91,11938.21,11947.41,22456380,0,Monday,-7.4,-0.06166
2019-04-09,00:00:00,11950.41,11989.21,11836.01,11843.31,30696070,1,Tuesday,,
2019-04-10,00:00:00,11844.21,11944.71,11839.01,11912.31,29254920,2,Wednesday,,
2019-04-11,00:00:00,11913.31,11965.21,11844.71,11927.61,33967710,3,Thursday,,
2019-04-12,00:00:00,11928.21,12031.91,11889.21,12013.51,37285610,4,Friday,,
2019-04-15,00:00:00,12013.71,12034.91,11981.71,12017.11,31828310,0,Monday,0.2,0.00166
2019-04-16,00:00:00,12020.31,12116.91,12017.21,12091.51,30846210,1,Tuesday,,
2019-04-17,00:00:00,12086.31,12195.21,12080.01,12158.71,29975860,2,Wednesday,,
2019-04-18,00:00:00,12165.41,12265.71,12098.71,12248.61,36304690,3,Thursday,,
2019-04-22,00:00:00,12246.61,12275.11,12211.31,12271.11,4707780,0,Monday,-2.0,-0.01633
2019-04-23,00:00:00,12260.91,12271.31,12181.41,12243.31,29266020,1,Tuesday,,
2019-04-24,00:00:00,12241.31,12353.21,12189.41,12306.71,40268530,2,Wednesday,,
2019-04-25,00:00:00,12303.51,12332.91,12236.71,12290.11,31775080,3,Thursday,,
2019-04-26,00:00:00,12277.61,12323.91,12249.21,12317.91,32353580,4,Friday,,
2019-04-29,00:00:00,12315.81,12377.21,12264.41,12326.21,28403640,0,Monday,-2.1,-0.01705
2019-04-30,00:00:00,12329.31,12377.21,12284.41,12374.11,33127630,1,Tuesday,,
2019-05-01,00:00:00,12387.51,12408.71,12308.51,12321.61,8026820,2,Wednesday,,
2019-05-02,00:00:00,12304.41,12403.89,12257.91,12319.91,36920580,3,Thursday,,
2019-05-03,00:00:00,12323.01,12451.21,12308.41,12450.11,26649910,4,Friday,,
2019-05-06,00:00:00,12313.41,12349.91,12133.21,12325.91,45388090,0,Monday,-136.7,-1.09798
2019-05-07,00:00:00,12235.61,12319.91,12027.41,12079.11,66532930,1,Tuesday,,
2019-05-08,00:00:00,12074.01,12216.21,12046.61,12199.11,77017560,2,Wednesday,,
2019-05-09,00:00:00,12189.61,12198.81,11956.21,12079.11,76438180,3,Thursday,,
2019-05-10,00:00:00,12072.41,12209.71,11965.41,12199.91,88396190,4,Friday,,
2019-05-13,00:00:00,12118.51,12123.81,11837.41,11841.71,67736270,0,Monday,-81.4,-0.66722
2019-05-14,00:00:00,11847.91,12018.71,11814.31,11989.41,40608180,1,Tuesday,,
2019-05-15,00:00:00,11993.61,12131.2,11859.71,12101.01,40390830,2,Wednesday,,
2019-05-16,00:00:00,12094.21,12318.21,11990.71,12275.71,41389710,3,Thursday,,
2019-05-17,00:00:00,12280.51,12302.71,12147.91,12204.11,48856000,4,Friday,,
2019-05-20,00:00:00,12216.41,12267.21,11989.91,12046.31,49326780,0,Monday,12.3,0.10079
2019-05-21,00:00:00,12061.31,12180.71,12048.21,12157.61,51142920,1,Tuesday,,
2019-05-22,00:00:00,12154.41,12213.71,12053.91,12141.61,48971150,2,Wednesday,,
2019-05-23,00:00:00,12144.81,12149.01,11923.91,11931.31,67466320,3,Thursday,,
2019-05-24,00:00:00,11949.01,12084.21,11937.41,12042.31,46230400,4,Friday,,
2019-05-27,00:00:00,12030.81,12125.09,12018.41,12066.71,25667510,0,Monday,-11.5,-0.0955
2019-05-28,00:00:00,12066.71,12121.21,11968.11,11978.81,66172360,1,Tuesday,,
2019-05-29,00:00:00,11982.71,11989.21,11809.41,11848.41,61924460,2,Wednesday,,
2019-05-30,00:00:00,11849.01,11926.21,11847.91,11924.11,35432080,3,Thursday,,
2019-05-31,00:00:00,11917.71,11925.21,11661.21,11704.21,57928990,4,Friday,,
2019-06-03,00:00:00,11640.81,11794.41,11596.91,11768.51,86569520,0,Monday,-63.4,-0.54169
2019-06-04,00:00:00,11785.91,11995.81,11711.41,11994.81,61651120,1,Tuesday,,
2019-06-05,00:00:00,12001.11,12058.91,11928.71,11989.81,56189970,2,Wednesday,,
2019-06-06,00:00:00,11960.41,12077.71,11898.21,11984.71,56447350,3,Thursday,,
2019-06-07,00:00:00,11957.41,12098.91,11955.81,12051.51,41873280,4,Friday,,
2019-06-10,00:00:00,12131.11,12132.21,12053.41,12098.51,28959700,0,Monday,79.6,0.6605
2019-06-11,00:00:00,12102.71,12225.21,12078.21,12145.71,42959100,1,Tuesday,,
2019-06-12,00:00:00,12142.61,12155.41,12065.41,12106.11,40817040,2,Wednesday,,
2019-06-13,00:00:00,12111.31,12202.91,12061.41,12171.01,44795970,3,Thursday,,
2019-06-14,00:00:00,12166.81,12183.21,12047.71,12119.31,37074210,4,Friday,,
2019-06-17,00:00:00,12125.81,12138.71,12058.21,12089.21,26904710,0,Monday,6.5,0.05363
2019-06-18,00:00:00,12095.51,12360.21,11984.91,12346.11,40551890,1,Tuesday,,
2019-06-19,00:00:00,12339.31,12357.21,12281.21,12321.11,33126220,2,Wednesday,,
2019-06-20,00:00:00,12311.71,12439.19,12307.51,12374.51,39969170,3,Thursday,,
2019-06-21,00:00:00,12362.01,12424.39,12252.01,12255.11,48432400,4,Friday,,
2019-06-24,00:00:00,12278.31,12342.21,12241.71,12251.91,39545540,0,Monday,23.2,0.18931
2019-06-25,00:00:00,12250.91,12288.41,12179.71,12184.81,42302060,1,Tuesday,,
2019-06-26,00:00:00,12185.91,12317.21,12167.01,12242.31,43874490,2,Wednesday,,
2019-06-27,00:00:00,12233.91,12334.71,12206.91,12287.61,38039500,3,Thursday,,
2019-06-28,00:00:00,12300.71,12447.21,12267.71,12445.61,22244750,4,Friday,,
2019-07-01,00:00:00,12530.41,12622.41,12469.91,12536.71,29051770,0,Monday,84.8,0.68136
2019-07-02,00:00:00,12536.71,12559.71,12482.71,12558.61,23294140,1,Tuesday,,
2019-07-03,00:00:00,12552.51,12660.41,12516.71,12654.41,21437850,2,Wednesday,,
2019-07-04,00:00:00,12660.71,12660.71,12615.41,12635.41,12285400,3,Thursday,,
2019-07-05,00:00:00,12635.71,12643.21,12519.91,12562.31,31092430,4,Friday,,
2019-07-08,00:00:00,12569.61,12588.91,12482.91,12497.01,37557420,0,Monday,7.3,0.05811
2019-07-09,00:00:00,12495.81,12505.21,12363.71,12452.51,31835200,1,Tuesday,,
2019-07-10,00:00:00,12447.31,12472.71,12353.21,12381.01,34128060,2,Wednesday,,
2019-07-11,00:00:00,12375.81,12433.71,12306.0,12343.21,30269820,3,Thursday,,
2019-07-12,00:00:00,12341.11,12388.41,12303.91,12318.21,39670910,4,Friday,,
2019-07-15,00:00:00,12324.31,12436.41,12292.71,12405.31,41419790,0,Monday,6.1,0.04952
2019-07-16,00:00:00,12403.31,12465.89,12365.21,12416.61,40638390,1,Tuesday,,
2019-07-17,00:00:00,12414.01,12453.21,12288.01,12290.01,39291500,2,Wednesday,,
2019-07-18,00:00:00,12275.61,12301.71,12192.41,12243.61,43037480,3,Thursday,,
2019-07-19,00:00:00,12269.11,12339.21,12209.71,12227.21,46175750,4,Friday,,
2019-07-22,00:00:00,12226.61,12348.71,12217.41,12312.21,40663140,0,Monday,-0.6,-0.00491
2019-07-23,00:00:00,12310.71,12550.71,12299.81,12541.81,45449710,1,Tuesday,,
2019-07-24,00:00:00,12519.71,12579.41,12475.91,12566.71,53848180,2,Wednesday,,
2019-07-25,00:00:00,12555.01,12600.41,12294.91,12351.31,68892380,3,Thursday,,
2019-07-26,00:00:00,12359.61,12448.41,12354.41,12419.21,49726730,4,Friday,,
2019-07-29,00:00:00,12424.41,12475.91,12380.41,12426.31,39519780,0,Monday,5.2,0.04187
2019-07-30,00:00:00,12427.31,12460.91,12095.71,12115.71,61984760,1,Tuesday,,
2019-07-31,00:00:00,12129.51,12226.21,12045.21,12136.61,56567880,2,Wednesday,,
2019-08-01,00:00:00,12113.51,12268.21,12032.41,12058.71,85358330,3,Thursday,,
2019-08-02,00:00:00,12065.71,12082.91,11835.91,11914.51,110224300,4,Friday,,
2019-08-05,00:00:00,11882.81,11906.21,11549.41,11564.21,113041280,0,Monday,-31.7,-0.26606
2019-08-06,00:00:00,11525.11,11748.91,11338.01,11622.01,93254330,1,Tuesday,,
2019-08-07,00:00:00,11617.71,11745.71,11557.41,11706.31,84233880,2,Wednesday,,
2019-08-08,00:00:00,11699.01,11853.41,11650.41,11837.21,64975020,3,Thursday,,
2019-08-09,00:00:00,11795.21,11861.91,11671.91,11736.51,78091780,4,Friday,,
2019-08-12,00:00:00,11762.61,11839.21,11614.41,11619.41,73470330,0,Monday,26.1,0.22238
2019-08-13,00:00:00,11631.91,11838.91,11537.91,11807.81,67436410,1,Tuesday,,
2019-08-14,00:00:00,11798.41,11812.21,11416.61,11427.11,91615510,2,Wednesday,,
2019-08-15,00:00:00,11414.51,11546.71,11264.41,11410.21,84943180,3,Thursday,,
2019-08-16,00:00:00,11424.81,11580.91,11417.51,11578.81,50245710,4,Friday,,
2019-08-19,00:00:00,11625.71,11761.71,11570.91,11708.91,44405850,0,Monday,46.9,0.40505
2019-08-20,00:00:00,11691.51,11767.41,11600.21,11607.71,45901770,1,Tuesday,,
2019-08-21,00:00:00,11590.31,11823.91,11587.71,11803.21,39967120,2,Wednesday,,
2019-08-22,00:00:00,11808.51,11853.21,11711.41,11747.81,49457940,3,Thursday,,
2019-08-23,00:00:00,11745.01,11824.71,11532.41,11558.51,90897750,4,Friday,,
2019-08-26,00:00:00,11442.41,11697.71,11432.11,11685.61,69339350,0,Monday,-116.1,-1.00445
2019-08-27,00:00:00,11685.01,11780.41,11613.41,11700.01,64724280,1,Tuesday,,
2019-08-28,00:00:00,11700.01,11736.21,11570.91,11701.41,61235610,2,Wednesday,,
2019-08-29,00:00:00,11679.31,11871.91,11630.21,11861.01,42891980,3,Thursday,,
2019-08-30,00:00:00,11847.21,11988.41,11840.41,11954.41,45248750,4,Friday,,
2019-09-02,00:00:00,11924.11,11995.91,11898.71,11943.41,38512580,0,Monday,-30.3,-0.25346
2019-09-03,00:00:00,11943.41,11989.71,11866.41,11924.51,68151570,1,Tuesday,,
2019-09-04,00:00:00,11915.21,12079.41,11899.11,12038.41,39351390,2,Wednesday,,
2019-09-05,00:00:00,12034.21,12165.41,12027.91,12110.81,49589070,3,Thursday,,
2019-09-06,00:00:00,12108.61,12205.41,12106.51,12178.31,54211200,4,Friday,,
2019-09-09,00:00:00,12185.41,12245.21,12180.31,12213.51,30053510,0,Monday,7.1,0.0583
2019-09-10,00:00:00,12224.71,12312.21,12179.21,12294.61,38220660,1,Tuesday,,
2019-09-11,00:00:00,12295.61,12395.91,12271.41,12385.61,29121990,2,Wednesday,,
2019-09-12,00:00:00,12385.61,12474.21,12306.71,12415.01,42978760,3,Thursday,,
2019-09-13,00:00:00,12419.11,12496.21,12402.91,12449.81,26152150,4,Friday,,
2019-09-16,00:00:00,12396.61,12422.21,12328.0,12394.81,30288960,0,Monday,-53.2,-0.42732
2019-09-17,00:00:00,12406.71,12415.41,12302.41,12383.11,29668840,1,Tuesday,,
2019-09-18,00:00:00,12385.21,12428.21,12350.01,12408.71,23184710,2,Wednesday,,
2019-09-19,00:00:00,12419.01,12472.21,12348.71,12427.11,26987670,3,Thursday,,
2019-09-20,00:00:00,12425.01,12488.71,12388.71,12394.81,38279720,4,Friday,,
2019-09-23,00:00:00,12436.91,12463.41,12262.71,12372.61,29887240,0,Monday,42.1,0.33966
2019-09-24,00:00:00,12386.21,12424.41,12229.41,12250.91,39234570,1,Tuesday,,
2019-09-25,00:00:00,12250.91,12294.91,12142.21,12260.71,49976330,2,Wednesday,,
2019-09-26,00:00:00,12258.61,12340.91,12218.41,12322.41,36381320,3,Thursday,,
2019-09-27,00:00:00,12321.91,12405.91,12278.91,12330.31,40098320,4,Friday,,
2019-09-30,00:00:00,12363.51,12445.21,12324.61,12443.11,23469140,0,Monday,33.2,0.26926
2019-10-01,00:00:00,12441.01,12496.71,12220.01,12222.11,34574460,1,Tuesday,,
2019-10-02,00:00:00,12243.81,12267.81,11902.71,11909.21,63009750,2,Wednesday,,
2019-10-03,00:00:00,11913.11,11983.21,11820.41,11978.21,63558990,3,Thursday,,
2019-10-04,00:00:00,11974.01,12073.41,11877.91,12063.21,62293050,4,Friday,,
2019-10-07,00:00:00,12009.71,12141.21,11967.71,12083.51,57526790,0,Monday,-53.5,-0.4435
2019-10-08,00:00:00,12075.31,12153.41,11916.21,11961.51,69873800,1,Tuesday,,
2019-10-09,00:00:00,11971.71,12176.21,11952.21,12114.11,56601350,2,Wednesday,,
2019-10-10,00:00:00,12105.21,12202.41,11979.61,12172.61,72737160,3,Thursday,,
2019-10-11,00:00:00,12198.71,12561.91,12162.71,12478.01,58137870,4,Friday,,
2019-10-14,00:00:00,12485.11,12522.31,12386.91,12476.91,36284110,0,Monday,7.1,0.0569
2019-10-15,00:00:00,12482.71,12685.21,12480.11,12645.81,37456480,1,Tuesday,,
2019-10-16,00:00:00,12636.91,12699.91,12598.91,12665.61,37539580,2,Wednesday,,
2019-10-17,00:00:00,12669.71,12816.21,12621.41,12656.01,56518490,3,Thursday,,
2019-10-18,00:00:00,12652.91,12700.91,12598.21,12668.61,49469130,4,Friday,,
2019-10-21,00:00:00,12654.01,12786.21,12645.71,12756.61,32865300,0,Monday,-14.6,-0.11525
2019-10-22,00:00:00,12755.81,12794.71,12688.41,12698.71,30764700,1,Tuesday,,
2019-10-23,00:00:00,12692.11,12820.21,12647.91,12818.41,34992610,2,Wednesday,,
2019-10-24,00:00:00,12829.61,12914.71,12803.41,12853.21,31908360,3,Thursday,,
2019-10-25,00:00:00,12851.91,12899.41,12831.21,12891.01,24926000,4,Friday,,
2019-10-28,00:00:00,12908.91,12986.71,12886.21,12956.91,25923430,0,Monday,17.9,0.13886
2019-10-29,00:00:00,12954.51,12973.21,12895.71,12932.71,25742860,1,Tuesday,,
2019-10-30,00:00:00,12929.51,12950.71,12827.89,12938.91,30867470,2,Wednesday,,
2019-10-31,00:00:00,12929.41,12953.91,12792.91,12894.21,40703350,3,Thursday,,
2019-11-01,00:00:00,12884.71,12991.21,12884.61,12971.91,34001970,4,Friday,,
2019-11-04,00:00:00,12998.51,13173.71,12975.21,13132.21,27795770,0,Monday,26.6,0.20506
2019-11-05,00:00:00,13133.51,13172.21,13113.71,13148.41,38338380,1,Tuesday,,
2019-11-06,00:00:00,13140.01,13208.21,13109.91,13169.71,42832000,2,Wednesday,,
2019-11-07,00:00:00,13180.81,13302.21,13162.41,13267.41,44136120,3,Thursday,,
2019-11-08,00:00:00,13276.31,13292.41,13195.21,13259.91,35516870,4,Friday,,
2019-11-11,00:00:00,13238.41,13245.01,13141.71,13208.41,33394360,0,Monday,-21.5,-0.16214
2019-11-12,00:00:00,13220.31,13308.91,13185.41,13270.21,37171280,1,Tuesday,,
2019-11-13,00:00:00,13272.91,13274.01,13137.21,13240.71,40358890,2,Wednesday,,
2019-11-14,00:00:00,13250.31,13262.41,13156.91,13199.71,46231830,3,Thursday,,
2019-11-15,00:00:00,13197.71,13281.21,13172.71,13238.71,48196610,4,Friday,,
2019-11-18,00:00:00,13226.11,13286.41,13135.91,13200.91,53748550,0,Monday,-12.6,-0.09518
2019-11-19,00:00:00,13205.11,13375.21,13173.71,13199.21,58054020,1,Tuesday,,
2019-11-20,00:00:00,13185.31,13204.21,13068.21,13123.71,69825130,2,Wednesday,,
2019-11-21,00:00:00,13072.81,13177.71,13039.91,13162.41,73889460,3,Thursday,,
2019-11-22,00:00:00,13164.91,13245.21,13117.41,13186.71,55641660,4,Friday,,
2019-11-25,00:00:00,13209.01,13270.71,13199.21,13261.21,32640480,0,Monday,22.3,0.16911
2019-11-26,00:00:00,13256.41,13315.21,13191.21,13244.41,36929690,1,Tuesday,,
2019-11-27,00:00:00,13259.11,13315.71,13218.21,13295.91,34901310,2,Wednesday,,
2019-11-28,00:00:00,13302.21,13304.21,13213.41,13253.41,21495120,3,Thursday,,
2019-11-29,00:00:00,13256.01,13294.21,13162.91,13227.71,35211690,4,Friday,,
2019-12-02,00:00:00,13241.91,13339.41,12951.71,12993.41,59426670,0,Monday,14.2,0.10735
2019-12-03,00:00:00,12986.01,13088.41,12925.41,13052.71,65370560,1,Tuesday,,
2019-12-04,00:00:00,13044.91,13172.71,12994.21,13153.71,50628000,2,Wednesday,,
2019-12-05,00:00:00,13145.21,13191.21,13045.41,13072.41,42019400,3,Thursday,,
2019-12-06,00:00:00,13075.61,13179.21,13050.91,13171.71,34487510,4,Friday,,
2019-12-09,00:00:00,13182.81,13187.01,13072.71,13074.91,31952950,0,Monday,11.1,0.08427
2019-12-10,00:00:00,13063.41,13094.41,12883.91,13065.21,50630860,1,Tuesday,,
2019-12-11,00:00:00,13076.11,13170.71,13040.41,13135.71,42509360,2,Wednesday,,
2019-12-12,00:00:00,13144.21,13290.21,13102.41,13255.71,57649920,3,Thursday,,
2019-12-13,00:00:00,13337.71,13457.21,13252.41,13304.71,60106000,4,Friday,,
2019-12-16,00:00:00,13321.71,13427.71,13313.41,13401.71,28858210,0,Monday,17.0,0.12777
2019-12-17,00:00:00,13398.01,13407.91,13268.09,13280.21,34208830,1,Tuesday,,
2019-12-18,00:00:00,13273.31,13284.91,13205.71,13217.71,31334880,2,Wednesday,,
2019-12-19,00:00:00,13228.11,13251.21,13137.91,13215.71,32616500,3,Thursday,,
2019-12-20,00:00:00,13231.11,13319.21,13184.71,13296.71,40565430,4,Friday,,
2019-12-23,00:00:00,13311.21,13326.91,13279.91,13284.91,29290850,0,Monday,14.5,0.10905
2019-12-24,00:00:00,13294.71,13305.01,13266.01,13285.41,1770370,1,Tuesday,,
2019-12-26,00:00:00,13290.61,13343.41,13287.51,13342.31,2259970,3,Thursday,,
2019-12-27,00:00:00,13338.31,13396.21,13283.67,13294.9,33185080,4,Friday,,
2019-12-30,00:00:00,13298.95,13315.4,13107.68,13122.4,36382170,0,Monday,4.05,0.03046
2019-12-31,00:00:00,13122.08,13146.0,13071.35,13098.0,4297660,1,Tuesday,,
2020-01-02,00:00:00,13156.95,13443.88,13156.95,13440.66,32005520,3,Thursday,,
2020-01-03,00:00:00,13450.48,13454.6,13117.18,13173.85,60534110,4,Friday,,
2020-01-06,00:00:00,13103.65,13162.4,12946.89,13154.16,53315240,0,Monday,-70.2,-0.53287
2020-01-07,00:00:00,13143.85,13284.0,13135.88,13189.18,51707660,1,Tuesday,,
2020-01-08,00:00:00,13170.16,13404.2,12968.17,13361.17,64678030,2,Wednesday,,
2020-01-09,00:00:00,13387.68,13524.19,13380.45,13509.19,43979270,3,Thursday,,
2020-01-10,00:00:00,13510.2,13549.67,13430.18,13455.19,39833690,4,Friday,,
2020-01-13,00:00:00,13474.67,13530.35,13401.9,13470.66,39518640,0,Monday,19.48,0.14478
2020-01-14,00:00:00,13477.78,13506.4,13361.19,13452.0,48063370,1,Tuesday,,
2020-01-15,00:00:00,13471.6,13471.6,13386.4,13402.3,42297700,2,Wednesday,,
2020-01-16,00:00:00,13420.1,13493.68,13379.8,13461.68,38607510,3,Thursday,,
2020-01-17,00:00:00,13465.68,13557.3,13462.3,13535.88,34567360,4,Friday,,
2020-01-20,00:00:00,13518.58,13578.7,13487.5,13575.37,19849090,0,Monday,-17.3,-0.12781
2020-01-21,00:00:00,13534.88,13570.87,13436.87,13521.68,35256600,1,Tuesday,,
2020-01-22,00:00:00,13527.0,13638.9,13480.39,13485.8,27282540,2,Wednesday,,
2020-01-23,00:00:00,13461.56,13498.67,13381.0,13482.7,31009770,3,Thursday,,
2020-01-24,00:00:00,13486.68,13607.69,13476.5,13520.19,34360140,4,Friday,,
2020-01-27,00:00:00,13413.28,13437.7,13193.2,13198.3,43540070,0,Monday,-106.91,-0.79074
2020-01-28,00:00:00,13190.0,13335.17,13163.92,13317.15,39182460,1,Tuesday,,
2020-01-29,00:00:00,13332.98,13375.88,13279.65,13314.15,47489160,2,Wednesday,,
2020-01-30,00:00:00,13315.59,13338.98,13116.88,13237.68,73633750,3,Thursday,,
2020-01-31,00:00:00,13266.46,13275.8,12884.2,12930.67,76355600,4,Friday,,
2020-02-03,00:00:00,12960.78,13077.16,12942.67,13024.18,84177030,0,Monday,30.11,0.23286
2020-02-04,00:00:00,13005.07,13293.69,12979.0,13277.7,63809240,1,Tuesday,,
2020-02-05,00:00:00,13291.49,13515.17,13221.36,13498.3,53083250,2,Wednesday,,
2020-02-06,00:00:00,13518.08,13601.88,13488.39,13567.3,32238460,3,Thursday,,
2020-02-07,00:00:00,13583.36,13591.8,13459.4,13472.9,35449810,4,Friday,,
2020-02-10,00:00:00,13479.85,13525.39,13390.79,13524.7,31013780,0,Monday,6.95,0.05159
2020-02-11,00:00:00,13526.55,13670.3,13519.57,13625.4,45444570,1,Tuesday,,
2020-02-12,00:00:00,13634.99,13783.87,13609.88,13771.17,47910480,2,Wednesday,,
2020-02-13,00:00:00,13780.79,13794.86,13576.2,13730.4,53816140,3,Thursday,,
2020-02-14,00:00:00,13740.5,13791.17,13710.5,13750.16,46184690,4,Friday,,
2020-02-17,00:00:00,13782.68,13808.68,13751.68,13782.3,15550270,0,Monday,32.52,0.23651
2020-02-18,00:00:00,13742.56,13752.0,13654.8,13697.38,49133470,1,Tuesday,,
2020-02-19,00:00:00,13700.36,13788.3,13699.4,13770.2,32813140,2,Wednesday,,
2020-02-20,00:00:00,13786.5,13827.3,13646.88,13722.68,61803550,3,Thursday,,
2020-02-21,00:00:00,13703.0,13713.59,13498.5,13556.39,56354790,4,Friday,,
2020-02-24,00:00:00,13436.47,13444.7,12963.17,12968.7,64161060,0,Monday,-119.92,-0.8846
2020-02-25,00:00:00,12962.47,13158.3,12610.17,12624.3,66472760,1,Tuesday,,
2020-02-26,00:00:00,12678.17,12850.36,12367.15,12594.17,74452360,2,Wednesday,,
2020-02-27,00:00:00,12534.6,12608.18,12138.69,12143.89,79242470,3,Thursday,,
2020-02-28,00:00:00,12050.67,12158.68,11722.0,11933.18,85513050,4,Friday,,
2020-03-02,00:00:00,11689.18,12215.65,11622.67,12051.66,111605090,0,Monday,-244.0,-2.04472
2020-03-03,00:00:00,12005.47,12273.38,11737.16,11820.67,118549410,1,Tuesday,,
2020-03-04,00:00:00,11773.0,12279.5,11729.16,12270.88,93371400,2,Wednesday,,
2020-03-05,00:00:00,12199.59,12223.68,11750.39,11781.86,107348860,3,Thursday,,
2020-03-06,00:00:00,11791.88,11864.5,11419.85,11544.85,139290450,4,Friday,,
2020-03-09,00:00:00,10987.89,11095.68,10378.65,10435.39,103998200,0,Monday,-556.96,-4.82432
2020-03-10,00:00:00,10475.5,11038.86,10423.65,10822.67,97279370,1,Tuesday,,
2020-03-11,00:00:00,10692.78,10763.35,10213.5,10319.36,97320250,2,Wednesday,,
2020-03-12,00:00:00,10412.37,10412.39,9038.67,9073.85,63996810,3,Thursday,,
2020-03-13,00:00:00,9035.96,9998.86,8820.8,9723.17,81306510,4,Friday,,
2020-03-16,00:00:00,9111.8,9180.3,8238.16,8518.16,89999120,0,Monday,-611.37,-6.28776
2020-03-17,00:00:00,8614.28,9174.36,8427.37,8871.66,77121390,1,Tuesday,,
2020-03-18,00:00:00,8759.1,8890.16,8185.88,8460.88,86741620,2,Wednesday,,
2020-03-19,00:00:00,8615.55,8814.9,7965.88,8561.67,85802160,3,Thursday,,
2020-03-20,00:00:00,8487.75,9195.08,8461.15,8610.86,90123880,4,Friday,,
2020-03-23,00:00:00,8185.68,9118.7,8015.16,8807.36,101696230,0,Monday,-425.18,-4.93772
2020-03-24,00:00:00,8987.2,9749.0,8899.0,9703.36,85381450,1,Tuesday,,
2020-03-25,00:00:00,9770.27,10143.39,9439.39,9806.3,88451400,2,Wednesday,,
2020-03-26,00:00:00,9828.1,10076.37,9520.55,10075.65,76691420,3,Thursday,,
2020-03-27,00:00:00,10007.09,10109.8,9529.5,9543.16,96862510,4,Friday,,
2020-03-30,00:00:00,9394.96,9881.8,9363.78,9869.0,67648620,0,Monday,-148.2,-1.55294
2020-03-31,00:00:00,9866.79,10095.85,9700.55,9825.15,68400310,1,Tuesday,,
2020-04-01,00:00:00,9758.0,9766.9,9323.4,9359.88,40771290,2,Wednesday,,
2020-04-02,00:00:00,9367.4,9656.05,9336.4,9610.67,83908170,3,Thursday,,
2020-04-03,00:00:00,9590.37,9637.6,9438.2,9522.19,61577850,4,Friday,,
2020-04-06,00:00:00,9647.28,10265.17,9607.17,10205.18,85597470,0,Monday,125.09,1.31367
2020-04-07,00:00:00,10192.96,10590.4,10098.69,10214.5,48707690,1,Tuesday,,
2020-04-08,00:00:00,10178.59,10423.8,10139.69,10396.8,12804300,2,Wednesday,,
2020-04-09,00:00:00,10374.9,10711.3,10310.08,10663.18,14976140,3,Thursday,,
2020-04-13,00:00:00,10731.39,10734.8,10449.6,10638.2,8435580,0,Monday,68.21,0.63968
2020-04-14,00:00:00,10656.7,10824.2,10581.39,10721.5,10468600,1,Tuesday,,
2020-04-15,00:00:00,10753.47,10754.1,10237.56,10259.86,60380300,2,Wednesday,,
2020-04-16,00:00:00,10242.96,10445.86,10171.17,10310.37,90356520,3,Thursday,,
2020-04-17,00:00:00,10530.07,10760.86,10499.86,10698.65,109229610,4,Friday,,
2020-04-20,00:00:00,10655.57,10774.88,10443.2,10547.7,60590970,0,Monday,-43.08,-0.40267
2020-04-21,00:00:00,10529.88,10627.18,10228.88,10275.7,73445100,1,Tuesday,,
2020-04-22,00:00:00,10307.97,10472.38,10230.15,10440.38,73025920,2,Wednesday,,
2020-04-23,00:00:00,10443.37,10612.19,10322.38,10389.16,65186340,3,Thursday,,
2020-04-24,00:00:00,10346.45,10490.86,10260.86,10468.67,70969000,4,Friday,,
2020-04-27,00:00:00,10511.8,10723.69,10414.05,10690.17,76168310,0,Monday,43.13,0.41199
2020-04-28,00:00:00,10684.19,10900.16,10636.9,10720.7,84453810,1,Tuesday,,
2020-04-29,00:00:00,10771.8,11159.17,10737.86,11123.1,86113420,2,Wednesday,,
2020-04-30,00:00:00,11212.35,11340.56,10758.15,10829.29,88016680,3,Thursday,,
2020-05-01,00:00:00,10714.65,10752.9,10521.97,10576.8,45917040,4,Friday,,
2020-05-04,00:00:00,10476.48,10613.08,10376.55,10588.76,81313590,0,Monday,-100.32,-0.94849
2020-05-05,00:00:00,10572.86,10748.2,10517.6,10632.3,58174720,1,Tuesday,,
2020-05-06,00:00:00,10626.27,10774.59,10539.55,10542.56,48678710,2,Wednesday,,
2020-05-07,00:00:00,10529.29,10802.3,10486.86,10719.28,58671060,3,Thursday,,
2020-05-08,00:00:00,10746.99,10923.9,10744.87,10919.78,38122580,4,Friday,,
2020-05-11,00:00:00,10937.07,11031.9,10739.2,10874.75,36160570,0,Monday,17.29,0.15834
2020-05-12,00:00:00,10869.1,10896.0,10669.28,10669.28,34519070,1,Tuesday,,
2020-05-13,00:00:00,10586.2,10705.8,10433.98,10508.97,55828460,2,Wednesday,,
2020-05-14,00:00:00,10545.2,10555.1,10160.58,10448.27,63172830,3,Thursday,,
2020-05-15,00:00:00,10449.7,10547.4,10370.08,10484.8,54518040,4,Friday,,
2020-05-18,00:00:00,10512.68,11146.45,10486.29,11088.19,47555460,0,Monday,27.88,0.26591
2020-05-19,00:00:00,11077.36,11230.96,10931.7,10965.4,55215240,1,Tuesday,,
2020-05-20,00:00:00,10942.6,11247.58,10931.67,11213.4,43519290,2,Wednesday,,
2020-05-21,00:00:00,11225.49,11229.0,11033.9,11048.0,47605780,3,Thursday,,
2020-05-22,00:00:00,11046.8,11139.79,10863.27,11134.38,44277510,4,Friday,,
2020-05-25,00:00:00,11135.35,11402.99,11114.1,11395.57,26352470,0,Monday,0.97,0.00871
2020-05-26,00:00:00,11394.55,11545.8,11354.39,11476.26,47350110,1,Tuesday,,
2020-05-27,00:00:00,11473.49,11746.57,11429.77,11731.49,57914570,2,Wednesday,,
2020-05-28,00:00:00,11732.6,11833.55,11654.09,11715.8,58654620,3,Thursday,,
2020-05-29,00:00:00,11711.79,11730.28,11514.3,11723.27,62130600,4,Friday,,
2020-06-01,00:00:00,11580.7,11941.5,11532.78,11935.79,39199770,0,Monday,-142.57,-1.21613
2020-06-02,00:00:00,11931.79,12081.67,11849.79,12066.8,45543500,1,Tuesday,,
2020-06-03,00:00:00,12075.7,12558.8,12062.77,12512.6,49215510,2,Wednesday,,
2020-06-04,00:00:00,12516.06,12558.3,12323.7,12411.98,69780960,3,Thursday,,
2020-06-05,00:00:00,12421.98,12862.69,12394.37,12760.75,78404500,4,Friday,,
2020-06-08,00:00:00,12815.76,12928.7,12673.09,12914.96,52997680,0,Monday,55.01,0.43109
2020-06-09,00:00:00,12919.6,12930.09,12500.08,12620.78,69483060,1,Tuesday,,
2020-06-10,00:00:00,12620.79,12767.06,12461.46,12486.18,75883930,2,Wednesday,,
2020-06-11,00:00:00,12480.29,12498.1,11751.6,11821.36,112766540,3,Thursday,,
2020-06-12,00:00:00,11830.76,12171.6,11789.07,12001.66,124976910,4,Friday,,
2020-06-15,00:00:00,11862.1,12099.8,11585.45,12098.19,95435710,0,Monday,-139.56,-1.16284
2020-06-16,00:00:00,12110.5,12434.25,12095.3,12302.4,117384650,1,Tuesday,,
2020-06-17,00:00:00,12286.68,12432.79,12215.4,12353.89,91641470,2,Wednesday,,
2020-06-18,00:00:00,12340.45,12485.09,12157.06,12252.37,88716590,3,Thursday,,
2020-06-19,00:00:00,12259.29,12448.29,12109.4,12120.18,98598320,4,Friday,,
2020-06-22,00:00:00,12068.76,12402.26,11988.9,12363.75,88897240,0,Monday,-51.42,-0.42425
2020-06-23,00:00:00,12353.87,12615.77,12159.0,12443.05,87273340,1,Tuesday,,
2020-06-24,00:00:00,12419.17,12517.56,12029.98,12183.57,85883580,2,Wednesday,,
2020-06-25,00:00:00,12170.19,12358.1,11952.71,12319.49,69248450,3,Thursday,,
2020-06-26,00:00:00,12327.97,12366.2,12034.6,12092.19,65208230,4,Friday,,
2020-06-29,00:00:00,12004.39,12300.39,11956.65,12295.5,64904440,0,Monday,-87.8,-0.72609
2020-06-30,00:00:00,12294.5,12407.15,12186.7,12340.59,48570030,1,Tuesday,,
2020-07-01,00:00:00,12345.1,12400.2,12081.58,12302.36,45133210,2,Wednesday,,
2020-07-02,00:00:00,12297.9,12658.28,12235.09,12587.4,54196910,3,Thursday,,
2020-07-03,00:00:00,12570.26,12661.5,12472.8,12581.1,30306670,4,Friday,,
2020-07-06,00:00:00,12613.3,12845.8,12608.19,12750.76,69120760,0,Monday,32.2,0.25594
2020-07-07,00:00:00,12742.78,12816.05,12518.67,12538.08,72040230,1,Tuesday,,
2020-07-08,00:00:00,12522.55,12674.05,12459.79,12605.1,54385340,2,Wednesday,,
2020-07-09,00:00:00,12618.87,12708.56,12444.19,12554.3,84944500,3,Thursday,,
2020-07-10,00:00:00,12565.78,12719.4,12398.46,12718.29,70891400,4,Friday,,
2020-07-13,00:00:00,12777.43,12879.25,12534.07,12576.45,47483560,0,Monday,59.14,0.465
2020-07-14,00:00:00,12588.97,12795.97,12529.75,12748.99,100265300,1,Tuesday,,
2020-07-15,00:00:00,12843.56,13001.29,12772.09,12917.9,57450230,2,Wednesday,,
2020-07-16,00:00:00,12927.76,12952.9,12804.0,12860.29,46337530,3,Thursday,,
2020-07-17,00:00:00,12864.4,12980.2,12857.4,12948.99,34051300,4,Friday,,
2020-07-20,00:00:00,12974.2,13103.49,12808.25,13094.85,43434800,0,Monday,25.21,0.19469
2020-07-21,00:00:00,13084.85,13315.59,13072.76,13100.88,56743400,1,Tuesday,,
2020-07-22,00:00:00,13090.29,13201.77,13063.7,13132.76,48192170,2,Wednesday,,
2020-07-23,00:00:00,13129.3,13218.29,12950.67,12987.7,47944530,3,Thursday,,
2020-07-24,00:00:00,13005.77,13032.7,12775.17,12811.07,46721970,4,Friday,,
2020-07-27,00:00:00,12830.49,12912.8,12756.55,12884.9,39207320,0,Monday,19.42,0.15159
2020-07-28,00:00:00,12899.68,12979.1,12743.09,12782.8,38372010,1,Tuesday,,
2020-07-29,00:00:00,12797.66,12879.69,12748.9,12874.19,29855160,2,Wednesday,,
2020-07-30,00:00:00,12892.5,12892.99,12250.25,12484.78,73199440,3,Thursday,,
2020-07-31,00:00:00,12548.66,12550.7,12209.0,12320.48,71100320,4,Friday,,
2020-08-03,00:00:00,12324.97,12700.3,12273.78,12657.47,37933670,0,Monday,4.49,0.03644
2020-08-04,00:00:00,12655.6,12770.1,12525.6,12616.28,40496460,1,Tuesday,,
2020-08-05,00:00:00,12618.18,12761.3,12578.08,12598.9,35657040,2,Wednesday,,
2020-08-06,00:00:00,12606.16,12801.05,12515.75,12661.1,42981160,3,Thursday,,
2020-08-07,00:00:00,12653.97,12705.6,12514.75,12700.3,38672560,4,Friday,,
2020-08-10,00:00:00,12679.29,12776.1,12600.78,12739.68,38101370,0,Monday,-21.01,-0.16543
2020-08-11,00:00:00,12733.05,13046.7,12721.7,12836.59,43469330,1,Tuesday,,
2020-08-12,00:00:00,12875.15,13102.77,12824.38,13067.78,36039700,2,Wednesday,,
2020-08-13,00:00:00,13053.28,13090.5,12919.2,12959.59,34326100,3,Thursday,,
2020-08-14,00:00:00,12973.99,13014.8,12792.07,12844.5,32439170,4,Friday,,
2020-08-17,00:00:00,12865.1,12964.09,12845.26,12931.4,24857660,0,Monday,20.6,0.16038
2020-08-18,00:00:00,12927.99,13056.05,12804.56,12866.98,37912260,1,Tuesday,,
2020-08-19,00:00:00,12878.36,12995.0,12832.3,12935.88,34714390,2,Wednesday,,
2020-08-20,00:00:00,12921.07,12935.4,12750.77,12852.18,40591190,3,Thursday,,
2020-08-21,00:00:00,12865.58,12938.89,12629.28,12787.95,51307580,4,Friday,,
2020-08-24,00:00:00,12811.7,13108.2,12782.85,13072.1,53230200,0,Monday,23.75,0.18572
2020-08-25,00:00:00,13069.8,13224.4,13008.15,13097.5,45931070,1,Tuesday,,
2020-08-26,00:00:00,13104.1,13252.5,13007.06,13249.6,47181040,2,Wednesday,,
2020-08-27,00:00:00,13243.67,13243.7,13019.96,13075.66,70549870,3,Thursday,,
2020-08-28,00:00:00,13086.86,13191.39,12945.9,13052.87,63642370,4,Friday,,
2020-08-31,00:00:00,13083.56,13155.0,12903.17,12940.88,71175860,0,Monday,30.69,0.23512
2020-09-01,00:00:00,12928.16,13131.56,12847.09,12996.15,88227510,1,Tuesday,,
2020-09-02,00:00:00,12996.8,13354.8,12990.15,13351.87,80425200,2,Wednesday,,
2020-09-03,00:00:00,13342.3,13461.9,12931.18,13005.09,120895450,3,Thursday,,
2020-09-04,00:00:00,13000.28,13128.9,12746.05,12941.76,141222140,4,Friday,,
2020-09-07,00:00:00,12901.06,13138.15,12810.56,13122.9,72553560,0,Monday,-40.7,-0.31449
2020-09-08,00:00:00,13126.1,13162.0,12853.77,12915.6,122029960,1,Tuesday,,
2020-09-09,00:00:00,12838.66,13315.3,12777.16,13273.89,98699660,2,Wednesday,,
2020-09-10,00:00:00,13256.79,13313.0,13075.8,13111.28,96333790,3,Thursday,,
2020-09-11,00:00:00,13132.45,13257.4,13111.66,13163.4,97370200,4,Friday,,
2020-09-14,00:00:00,13224.95,13341.09,13142.65,13162.7,83536780,0,Monday,61.55,0.46758
2020-09-15,00:00:00,13158.37,13261.1,13134.29,13229.87,61250460,1,Tuesday,,
2020-09-16,00:00:00,13232.77,13276.8,13168.76,13200.66,66061840,2,Wednesday,,
2020-09-17,00:00:00,13211.4,13254.4,13031.51,13237.08,70302590,3,Thursday,,
2020-09-18,00:00:00,13220.36,13268.3,13054.16,13150.9,62827830,4,Friday,,
2020-09-21,00:00:00,13131.08,13162.78,12499.3,12655.18,98737710,0,Monday,-19.82,-0.15071
2020-09-22,00:00:00,12648.88,12703.5,12559.97,12671.15,82788760,1,Tuesday,,
2020-09-23,00:00:00,12688.46,12831.78,12527.98,12560.9,88072570,2,Wednesday,,
2020-09-24,00:00:00,12547.69,12693.46,12457.56,12631.86,112966190,3,Thursday,,
2020-09-25,00:00:00,12652.25,12711.88,12337.2,12570.59,88153180,4,Friday,,
2020-09-28,00:00:00,12600.06,12885.3,12559.35,12882.37,62190370,0,Monday,29.47,0.23444
2020-09-29,00:00:00,12886.26,12947.56,12737.06,12848.18,57102930,1,Tuesday,,
2020-09-30,00:00:00,12825.98,12898.2,12663.39,12711.0,75582310,2,Wednesday,,
2020-10-01,00:00:00,12729.2,12856.68,12665.8,12711.39,78047340,3,Thursday,,
2020-10-02,00:00:00,12716.08,12738.3,12537.78,12707.48,96155000,4,Friday,,
2020-10-05,00:00:00,12763.5,12887.7,12725.3,12866.86,61537830,0,Monday,56.02,0.44084
2020-10-06,00:00:00,12865.95,12966.79,12776.05,12818.26,75843580,1,Tuesday,,
2020-10-07,00:00:00,12768.26,12960.68,12758.0,12938.96,58045100,2,Wednesday,,
2020-10-08,00:00:00,12936.1,13102.3,12933.07,13061.05,53900370,3,Thursday,,
2020-10-09,00:00:00,13093.79,13117.3,13008.05,13074.06,52732860,4,Friday,,
2020-10-12,00:00:00,13036.46,13184.6,13030.55,13181.65,70034900,0,Monday,-37.6,-0.28759
2020-10-13,00:00:00,13174.27,13184.3,12955.26,13007.48,85677950,1,Tuesday,,
2020-10-14,00:00:00,12989.68,13067.28,12951.15,12967.07,80861590,2,Wednesday,,
2020-10-15,00:00:00,12970.38,12995.6,12596.55,12738.05,91537750,3,Thursday,,
2020-10-16,00:00:00,12751.86,12958.3,12704.46,12858.17,70120780,4,Friday,,
2020-10-19,00:00:00,12915.06,13031.9,12721.5,12743.98,53126150,0,Monday,56.89,0.44244
2020-10-20,00:00:00,12789.46,12851.4,12711.5,12731.2,48682580,1,Tuesday,,
2020-10-21,00:00:00,12741.8,12819.0,12530.95,12551.47,58179500,2,Wednesday,,
2020-10-22,00:00:00,12539.17,12605.8,12342.26,12587.07,70610580,3,Thursday,,
2020-10-23,00:00:00,12613.47,12719.6,12507.77,12641.86,60065950,4,Friday,,
2020-10-26,00:00:00,12583.45,12621.3,12089.3,12204.07,81103140,0,Monday,-58.41,-0.46204
2020-10-27,00:00:00,12207.16,12277.8,11937.28,11940.07,56743490,1,Tuesday,,
2020-10-28,00:00:00,11889.99,11960.28,11455.26,11522.4,105338340,2,Wednesday,,
2020-10-29,00:00:00,11538.08,11708.4,11455.26,11586.09,105066370,3,Thursday,,
2020-10-30,00:00:00,11580.16,11643.48,11327.89,11630.6,108512210,4,Friday,,
2020-11-02,00:00:00,11591.05,11838.75,11504.96,11791.59,91956630,0,Monday,-39.55,-0.34005
2020-11-03,00:00:00,11800.97,12188.7,11800.97,12106.66,80446310,1,Tuesday,,
2020-11-04,00:00:00,12153.58,12365.0,11782.96,12259.17,130447880,2,Wednesday,,
2020-11-05,00:00:00,12289.46,12589.4,12232.47,12556.35,91324520,3,Thursday,,
2020-11-06,00:00:00,12532.95,12592.55,12369.06,12491.47,83391130,4,Friday,,
2020-11-09,00:00:00,12532.08,13296.6,12529.87,13008.76,108679950,0,Monday,40.61,0.3251
2020-11-10,00:00:00,12996.15,13240.78,12871.07,13176.7,115120310,1,Tuesday,,
2020-11-11,00:00:00,13177.06,13244.06,13095.35,13239.1,88307380,2,Wednesday,,
2020-11-12,00:00:00,13243.3,13243.6,12936.16,12989.16,89130740,3,Thursday,,
2020-11-13,00:00:00,12987.88,13142.79,12927.89,13125.56,63293180,4,Friday,,
2020-11-16,00:00:00,13162.75,13281.9,13075.06,13161.0,74216780,0,Monday,37.19,0.28334
2020-11-17,00:00:00,13152.97,13167.7,13049.29,13146.18,48361150,1,Tuesday,,
2020-11-18,00:00:00,13129.95,13213.9,13069.55,13098.15,39637650,2,Wednesday,,
2020-11-19,00:00:00,13102.5,13147.02,13032.27,13119.3,42708430,3,Thursday,,
2020-11-20,00:00:00,13064.9,13169.4,13039.25,13088.06,39155090,4,Friday,,
2020-11-23,00:00:00,13126.5,13314.7,13121.97,13182.89,38851870,0,Monday,38.44,0.2937
2020-11-24,00:00:00,13187.45,13334.7,13183.75,13323.26,38340690,1,Tuesday,,
2020-11-25,00:00:00,13333.8,13375.9,13232.9,13300.67,39233300,2,Wednesday,,
2020-11-26,00:00:00,13308.47,13333.1,13249.3,13273.08,22483780,3,Thursday,,
2020-11-27,00:00:00,13274.37,13366.06,13241.38,13365.07,28546370,4,Friday,,
2020-11-30,00:00:00,13390.4,13447.25,13226.06,13298.95,48202800,0,Monday,25.33,0.18952
2020-12-01,00:00:00,13306.4,13435.4,13288.96,13378.58,43301840,1,Tuesday,,
2020-12-02,00:00:00,13381.27,13401.39,13270.3,13304.56,38947580,2,Wednesday,,
2020-12-03,00:00:00,13303.97,13328.7,13179.67,13214.3,35146740,3,Thursday,,
2020-12-04,00:00:00,13206.98,13317.4,13197.46,13267.86,34836950,4,Friday,,
2020-12-07,00:00:00,13267.9,13323.0,13158.26,13266.19,37632500,0,Monday,0.04,0.0003
2020-12-08,00:00:00,13245.47,13316.8,13197.3,13302.59,32155990,1,Tuesday,,
2020-12-09,00:00:00,13331.37,13458.09,13281.7,13331.28,43291300,2,Wednesday,,
2020-12-10,00:00:00,13335.38,13371.7,13210.56,13268.67,45047470,3,Thursday,,
2020-12-11,00:00:00,13296.56,13309.29,13006.0,13138.37,44770580,4,Friday,,
2020-12-14,00:00:00,13186.1,13294.57,13144.58,13201.99,39563650,0,Monday,47.73,0.36329
2020-12-15,00:00:00,13211.47,13429.7,13182.06,13420.89,37179380,1,Tuesday,,
2020-12-16,00:00:00,13428.88,13596.78,13380.87,13581.77,51920920,2,Wednesday,,
2020-12-17,00:00:00,13588.65,13733.07,13551.05,13678.89,32457070,3,Thursday,,
2020-12-18,00:00:00,13683.96,13775.4,13600.66,13673.5,48812620,4,Friday,,
2020-12-21,00:00:00,13624.45,13630.5,13046.28,13367.5,34463000,0,Monday,-49.05,-0.35872
2020-12-22,00:00:00,13371.88,13442.8,13235.17,13406.36,19049830,1,Tuesday,,
2020-12-23,00:00:00,13400.99,13622.18,13333.1,13584.35,16391100,2,Wednesday,,
2020-12-24,00:00:00,13612.2,13650.0,13585.06,13632.39,8365350,3,Thursday,,
2020-12-28,00:00:00,13603.17,13827.4,13599.09,13783.78,12706540,0,Monday,-29.22,-0.21434
2020-12-29,00:00:00,13787.48,13909.68,13689.19,13726.8,15335620,1,Tuesday,,
2020-12-30,00:00:00,13728.59,13796.4,13650.66,13656.57,13459580,2,Wednesday,,
2020-12-31,00:00:00,13667.56,13735.49,13615.7,13713.17,8619300,3,Thursday,,
2021-01-04,00:00:00,13690.1,13923.28,13591.17,13669.85,29910510,0,Monday,-23.07,-0.16823
2021-01-05,00:00:00,13687.9,13769.8,13564.8,13692.9,27076510,1,Tuesday,,
2021-01-06,00:00:00,13700.9,13933.65,13614.29,13871.75,35605050,2,Wednesday,,
2021-01-07,00:00:00,13889.55,14007.4,13862.6,13996.2,25091360,3,Thursday,,
2021-01-08,00:00:00,13993.27,14133.8,13981.35,14104.25,29417440,4,Friday,,
2021-01-11,00:00:00,14083.2,14097.0,13804.27,13946.27,29216310,0,Monday,-21.05,-0.14925
2021-01-12,00:00:00,13945.86,14002.3,13840.18,13921.55,24152670,1,Tuesday,,
2021-01-13,00:00:00,13918.78,13977.8,13865.75,13957.9,20629980,2,Wednesday,,
2021-01-14,00:00:00,13962.0,14032.78,13940.29,13973.2,20547550,3,Thursday,,
2021-01-15,00:00:00,13977.86,13994.5,13671.26,13733.1,34724280,4,Friday,,
2021-01-18,00:00:00,13747.78,13910.7,13693.0,13890.8,18021790,0,Monday,14.68,0.1069
2021-01-19,00:00:00,13890.27,13960.7,13801.75,13841.96,20700160,1,Tuesday,,
2021-01-20,00:00:00,13866.06,13964.86,13796.08,13961.3,19222370,2,Wednesday,,
2021-01-21,00:00:00,13943.19,14025.4,13868.65,13932.0,18958540,3,Thursday,,
2021-01-22,00:00:00,13939.25,13944.28,13741.28,13877.0,24380550,4,Friday,,
2021-01-25,00:00:00,13890.0,13956.26,13597.78,13726.1,38987920,0,Monday,13.0,0.09368
2021-01-26,00:00:00,13718.4,13929.9,13586.26,13909.15,28681200,1,Tuesday,,
2021-01-27,00:00:00,13888.48,13917.6,13383.7,13406.1,56914280,2,Wednesday,,
2021-01-28,00:00:00,13488.65,13715.8,13306.76,13648.59,55297670,3,Thursday,,
2021-01-29,00:00:00,13605.66,13633.5,13365.7,13397.39,71052000,4,Friday,,
2021-02-01,00:00:00,13342.05,13684.2,13264.58,13636.85,39674100,0,Monday,-55.34,-0.41307
2021-02-02,00:00:00,13662.69,13899.5,13631.78,13884.8,29514340,1,Tuesday,,
2021-02-03,00:00:00,13895.26,13989.7,13858.58,13988.29,26588920,2,Wednesday,,
2021-02-04,00:00:00,13984.49,14074.56,13904.6,14068.76,22820240,3,Thursday,,
2021-02-05,00:00:00,14058.77,14113.8,14011.75,14076.35,20261680,4,Friday,,
2021-02-08,00:00:00,14097.78,14192.08,14040.15,14082.67,19128090,0,Monday,21.43,0.15224
2021-02-09,00:00:00,14086.99,14095.05,13958.4,14033.46,18984820,1,Tuesday,,
2021-02-10,00:00:00,14042.88,14098.57,13825.79,13935.35,27403520,2,Wednesday,,
2021-02-11,00:00:00,13930.98,14052.9,13901.59,14029.5,24352020,3,Thursday,,
2021-02-12,00:00:00,14017.1,14083.5,13913.76,14081.69,19343300,4,Friday,,
2021-02-15,00:00:00,14096.5,14159.1,14072.75,14120.75,13061040,0,Monday,14.81,0.10517
2021-02-16,00:00:00,14120.37,14158.2,14035.3,14045.08,25220500,1,Tuesday,,
2021-02-17,00:00:00,14057.99,14069.68,13882.18,13939.9,32547420,2,Wednesday,,
2021-02-18,00:00:00,13946.86,13974.78,13852.75,13921.5,34929040,3,Thursday,,
2021-02-19,00:00:00,13922.38,14025.9,13851.07,13944.19,37181990,4,Friday,,
2021-02-22,00:00:00,13978.68,14034.08,13797.76,13921.9,41910780,0,Monday,34.49,0.24734
2021-02-23,00:00:00,13931.9,14010.7,13661.75,13872.2,50973010,1,Tuesday,,
2021-02-24,00:00:00,13876.2,14035.38,13787.6,14032.8,38825680,2,Wednesday,,
2021-02-25,00:00:00,14017.2,14074.1,13741.15,13784.9,47942350,3,Thursday,,
2021-02-26,00:00:00,13757.46,13880.8,13641.67,13775.96,73526370,4,Friday,,
2021-03-01,00:00:00,13822.2,14048.29,13809.0,14040.56,23004940,0,Monday,46.24,0.33566
2021-03-02,00:00:00,14041.4,14102.9,13926.05,14050.45,32836120,1,Tuesday,,
2021-03-03,00:00:00,14032.36,14199.26,13976.75,14001.25,45453290,2,Wednesday,,
2021-03-04,00:00:00,14011.69,14097.3,13899.1,13986.0,67357840,3,Thursday,,
2021-03-05,00:00:00,13965.98,14067.79,13864.76,14051.89,71649850,4,Friday,,
2021-03-08,00:00:00,14125.09,14410.3,13959.56,14386.86,62991230,0,Monday,73.2,0.52093
2021-03-09,00:00:00,14383.57,14477.27,14306.79,14440.5,32944720,1,Tuesday,,
2021-03-10,00:00:00,14462.76,14585.1,14387.08,14584.97,28596890,2,Wednesday,,
2021-03-11,00:00:00,14585.97,14597.79,14515.8,14551.28,27274720,3,Thursday,,
2021-03-12,00:00:00,14552.69,14583.7,14450.25,14564.08,32102260,4,Friday,,
2021-03-15,00:00:00,14569.27,14600.07,14407.76,14500.4,27125400,0,Monday,5.19,0.03564
2021-03-16,00:00:00,14483.4,14601.79,14477.55,14558.9,26662330,1,Tuesday,,
2021-03-17,00:00:00,14564.6,14682.3,14529.05,14661.76,25937840,2,Wednesday,,
2021-03-18,00:00:00,14676.27,14803.78,14660.75,14680.79,32266510,3,Thursday,,
2021-03-19,00:00:00,14667.39,14748.9,14562.76,14631.9,35166620,4,Friday,,
2021-03-22,00:00:00,14616.6,14680.8,14539.79,14656.26,24552990,0,Monday,-15.3,-0.10457
2021-03-23,00:00:00,14657.15,14706.8,14514.8,14614.9,28779650,1,Tuesday,,
2021-03-24,00:00:00,14608.3,14618.7,14518.26,14552.26,37197710,2,Wednesday,,
2021-03-25,00:00:00,14554.35,14693.77,14417.75,14692.26,45430200,3,Thursday,,
2021-03-26,00:00:00,14677.68,14852.68,14672.05,14847.27,31297890,4,Friday,,
2021-03-29,00:00:00,14834.16,14893.8,14719.59,14875.79,36573260,0,Monday,-13.11,-0.0883
2021-03-30,00:00:00,14877.18,15031.9,14851.55,14982.4,18080550,1,Tuesday,,
2021-03-31,00:00:00,14977.67,15048.7,14955.05,15006.17,12423770,2,Wednesday,,
2021-04-01,00:00:00,15021.5,15196.3,15015.08,15171.8,11850510,3,Thursday,,
2021-04-05,00:00:00,15234.0,15367.0,15214.75,15346.49,4912580,0,Monday,62.2,0.40997
2021-04-06,00:00:00,15345.09,15364.1,15166.7,15191.0,14559560,1,Tuesday,,
2021-04-07,00:00:00,15200.3,15242.79,15157.19,15218.9,11581750,2,Wednesday,,
2021-04-08,00:00:00,15221.05,15256.17,15146.75,15208.55,19516850,3,Thursday,,
2021-04-09,00:00:00,15225.58,15263.0,15157.22,15233.67,20780130,4,Friday,,
2021-04-12,00:00:00,15226.79,15274.79,15187.15,15239.19,24012350,0,Monday,-6.88,-0.04516
2021-04-13,00:00:00,15243.9,15283.9,15182.27,15257.29,22535430,1,Tuesday,,
2021-04-14,00:00:00,15257.67,15300.15,15167.16,15183.47,21744930,2,Wednesday,,
2021-04-15,00:00:00,15187.18,15285.8,15179.75,15275.96,16652360,3,Thursday,,
2021-04-16,00:00:00,15277.2,15511.49,15262.06,15493.85,19858520,4,Friday,,
2021-04-19,00:00:00,15462.75,15501.9,15335.15,15386.75,26495330,0,Monday,-31.1,-0.20072
2021-04-20,00:00:00,15378.15,15401.4,15104.78,15136.69,30034330,1,Tuesday,,
2021-04-21,00:00:00,15136.66,15265.18,15072.29,15235.29,30372040,2,Wednesday,,
2021-04-22,00:00:00,15234.2,15337.3,15211.17,15241.75,30108460,3,Thursday,,
2021-04-23,00:00:00,15242.65,15310.4,15146.25,15252.66,26812180,4,Friday,,
2021-04-26,00:00:00,15286.07,15325.75,15233.25,15270.18,28634870,0,Monday,33.41,0.21904
2021-04-27,00:00:00,15284.85,15309.68,15182.9,15255.49,26531970,1,Tuesday,,
2021-04-28,00:00:00,15268.86,15355.9,15230.6,15289.75,28663370,2,Wednesday,,
2021-04-29,00:00:00,15306.35,15333.29,15082.75,15174.69,40410280,3,Thursday,,
2021-04-30,00:00:00,15179.46,15245.76,15096.16,15148.4,35886840,4,Friday,,
2021-05-03,00:00:00,15157.85,15270.8,15107.77,15245.9,29671380,0,Monday,9.45,0.06238
2021-05-04,00:00:00,15250.37,15263.8,14827.15,14891.97,50391100,1,Tuesday,,
2021-05-05,00:00:00,14901.7,15188.8,14888.15,15164.28,36836640,2,Wednesday,,
2021-05-06,00:00:00,15158.36,15276.4,15085.75,15253.67,51662200,3,Thursday,,
2021-05-07,00:00:00,15262.65,15422.49,15221.77,15416.18,40479300,4,Friday,,
2021-05-10,00:00:00,15393.1,15466.59,15294.95,15306.85,34689210,0,Monday,-23.08,-0.14971
2021-05-11,00:00:00,15292.6,15343.2,15005.75,15099.0,61571460,1,Tuesday,,
2021-05-12,00:00:00,15101.29,15226.3,14995.58,15082.25,68100330,2,Wednesday,,
2021-05-13,00:00:00,15088.06,15269.68,14808.25,15235.7,67935390,3,Thursday,,
2021-05-14,00:00:00,15257.45,15491.6,15213.79,15481.38,42042650,4,Friday,,
2021-05-17,00:00:00,15464.7,15500.89,15349.76,15434.28,37093280,0,Monday,-16.68,-0.10774
2021-05-18,00:00:00,15429.1,15541.4,15315.38,15327.79,26965200,1,Tuesday,,
2021-05-19,00:00:00,15300.08,15338.4,14958.25,15155.95,62091190,2,Wednesday,,
2021-05-20,00:00:00,15156.1,15396.67,15099.75,15360.39,43575010,3,Thursday,,
2021-05-21,00:00:00,15357.58,15466.9,15345.85,15448.1,36863050,4,Friday,,
2021-05-24,00:00:00,15416.36,15589.3,15395.09,15568.86,18322600,0,Monday,-31.74,-0.20546
2021-05-25,00:00:00,15570.3,15605.3,15455.16,15476.7,28124420,1,Tuesday,,
2021-05-26,00:00:00,15488.55,15544.27,15405.29,15454.98,29903950,2,Wednesday,,
2021-05-27,00:00:00,15454.99,15487.8,15348.25,15465.9,31750740,3,Thursday,,
2021-05-28,00:00:00,15474.1,15548.78,15431.76,15489.7,21773050,4,Friday,,
2021-05-31,00:00:00,15500.8,15526.4,15413.3,15434.28,11431880,0,Monday,11.1,0.07166
2021-06-01,00:00:00,15439.0,15685.4,15436.09,15576.57,26350090,1,Tuesday,,
2021-06-02,00:00:00,15568.8,15629.77,15543.15,15590.27,24237170,2,Wednesday,,
2021-06-03,00:00:00,15598.5,15656.8,15472.75,15634.65,28351800,3,Thursday,,
2021-06-04,00:00:00,15643.46,15707.3,15580.58,15687.9,19848570,4,Friday,,
2021-06-07,00:00:00,15688.97,15732.9,15610.76,15696.1,20682750,0,Monday,1.07,0.00682
2021-06-08,00:00:00,15705.59,15729.77,15636.9,15665.3,23173180,1,Tuesday,,
2021-06-09,00:00:00,15664.29,15678.2,15501.2,15580.29,21680060,2,Wednesday,,
2021-06-10,00:00:00,15587.3,15638.9,15512.9,15578.5,26467830,3,Thursday,,
2021-06-11,00:00:00,15590.6,15721.49,15547.9,15713.48,16418950,4,Friday,,
2021-06-14,00:00:00,15742.8,15804.7,15670.67,15713.76,18128500,0,Monday,29.32,0.18659
2021-06-15,00:00:00,15715.77,15793.8,15706.06,15738.57,17499710,1,Tuesday,,
2021-06-16,00:00:00,15739.4,15761.27,15668.69,15705.35,20343710,2,Wednesday,,
2021-06-17,00:00:00,15674.49,15760.8,15616.6,15737.0,23715190,3,Thursday,,
2021-06-18,00:00:00,15742.56,15756.5,15420.15,15443.56,34941350,4,Friday,,
2021-06-21,00:00:00,15421.2,15654.8,15276.56,15650.6,28395120,0,Monday,-22.36,-0.14479
2021-06-22,00:00:00,15651.9,15661.89,15513.75,15625.98,24623280,1,Tuesday,,
2021-06-23,00:00:00,15631.88,15675.9,15453.2,15484.27,15662280,2,Wednesday,,
2021-06-24,00:00:00,15483.4,15607.79,15476.76,15599.96,13426220,3,Thursday,,
2021-06-25,00:00:00,15610.9,15637.18,15531.75,15608.6,16315430,4,Friday,,
2021-06-28,00:00:00,15612.67,15669.78,15540.76,15574.9,26876100,0,Monday,4.07,0.02608
2021-06-29,00:00:00,15572.96,15753.9,15533.05,15703.36,19913680,1,Tuesday,,
2021-06-30,00:00:00,15704.39,15720.0,15457.9,15578.96,23869100,2,Wednesday,,
2021-07-01,00:00:00,15587.75,15709.76,15489.22,15619.27,18919240,3,Thursday,,
2021-07-02,00:00:00,15620.98,15708.4,15599.65,15651.89,17165970,4,Friday,,
2021-07-05,00:00:00,15658.07,15674.4,15530.78,15662.26,10411370,0,Monday,6.18,0.03948
2021-07-06,00:00:00,15662.78,15695.08,15463.3,15507.19,27428730,1,Tuesday,,
2021-07-07,00:00:00,15501.08,15713.2,15475.29,15708.96,34966760,2,Wednesday,,
2021-07-08,00:00:00,15714.67,15716.6,15303.75,15394.96,65164280,3,Thursday,,
2021-07-09,00:00:00,15401.4,15697.3,15360.0,15676.55,42489080,4,Friday,,
2021-07-12,00:00:00,15693.79,15805.9,15630.75,15792.85,35639550,0,Monday,17.24,0.10997
2021-07-13,00:00:00,15789.9,15814.07,15746.76,15778.75,25534430,1,Tuesday,,
2021-07-14,00:00:00,15779.07,15809.3,15714.9,15768.4,27110120,2,Wednesday,,
2021-07-15,00:00:00,15764.9,15783.05,15586.19,15617.1,36923800,3,Thursday,,
2021-07-16,00:00:00,15622.16,15700.9,15475.0,15482.56,24079610,4,Friday,,
2021-07-19,00:00:00,15502.25,15510.4,15044.79,15123.25,38030030,0,Monday,19.69,0.12718
2021-07-20,00:00:00,15148.9,15299.78,15090.74,15268.08,30095840,1,Tuesday,,
2021-07-21,00:00:00,15266.26,15463.18,15196.8,15454.9,24492310,2,Wednesday,,
2021-07-22,00:00:00,15461.55,15577.9,15435.09,15532.6,31187950,3,Thursday,,
2021-07-23,00:00:00,15560.15,15691.3,15540.57,15654.49,25082070,4,Friday,,
2021-07-26,00:00:00,15662.38,15673.8,15544.24,15627.75,27250940,0,Monday,7.89,0.0504
2021-07-27,00:00:00,15625.96,15630.3,15418.79,15520.37,39796150,1,Tuesday,,
2021-07-28,00:00:00,15499.96,15587.2,15483.7,15541.4,34305240,2,Wednesday,,
2021-07-29,00:00:00,15546.56,15660.8,15506.05,15591.76,25191250,3,Thursday,,
2021-07-30,00:00:00,15567.86,15611.79,15436.75,15559.2,34830980,4,Friday,,
2021-08-02,00:00:00,15567.68,15705.9,15510.78,15524.7,31824210,0,Monday,8.48,0.0545
2021-08-03,00:00:00,15524.0,15607.29,15492.75,15562.45,35403260,1,Tuesday,,
2021-08-04,00:00:00,15570.69,15712.26,15551.75,15678.17,32033720,2,Wednesday,,
2021-08-05,00:00:00,15677.75,15755.3,15659.65,15744.89,24317960,3,Thursday,,
2021-08-06,00:00:00,15741.96,15806.9,15721.56,15772.86,24386760,4,Friday,,
2021-08-09,00:00:00,15769.56,15799.8,15696.75,15762.47,23617370,0,Monday,-3.3,-0.02092
2021-08-10,00:00:00,15768.26,15801.9,15719.08,15774.59,19184690,1,Tuesday,,
2021-08-11,00:00:00,15784.46,15889.76,15723.9,15851.68,23062970,2,Wednesday,,
2021-08-12,00:00:00,15851.16,15973.18,15812.67,15947.47,15400320,3,Thursday,,
2021-08-13,00:00:00,15953.25,16030.79,15926.16,15976.47,15167850,4,Friday,,
2021-08-16,00:00:00,15964.8,15970.7,15847.76,15950.87,24405810,0,Monday,-11.67,-0.07304
2021-08-17,00:00:00,15942.89,15944.68,15806.76,15888.68,27347770,1,Tuesday,,
2021-08-18,00:00:00,15883.66,15976.3,15870.75,15891.86,24345730,2,Wednesday,,
2021-08-19,00:00:00,15877.79,15903.0,15622.28,15801.95,44247360,3,Thursday,,
2021-08-20,00:00:00,15800.8,15830.15,15652.77,15812.5,39219940,4,Friday,,
2021-08-23,00:00:00,15819.49,15940.29,15797.9,15854.75,27065730,0,Monday,6.99,0.04421
2021-08-24,00:00:00,15863.18,15928.3,15854.3,15887.0,17676460,1,Tuesday,,
2021-08-25,00:00:00,15897.75,15935.8,15837.27,15843.37,15615510,2,Wednesday,,
2021-08-26,00:00:00,15850.05,15850.1,15697.77,15761.2,27351130,3,Thursday,,
2021-08-27,00:00:00,15768.57,15875.19,15727.59,15848.06,17911410,4,Friday,,
2021-08-30,00:00:00,15860.89,15899.3,15816.2,15889.56,10683460,0,Monday,12.83,0.08096
2021-08-31,00:00:00,15891.56,16006.9,15759.76,15834.85,27359260,1,Tuesday,,
2021-09-01,00:00:00,15840.2,15982.9,15772.75,15814.9,25125540,2,Wednesday,,
2021-09-02,00:00:00,15806.96,15877.27,15765.56,15812.55,20788170,3,Thursday,,
2021-09-03,00:00:00,15817.37,15870.78,15685.75,15765.76,24362660,4,Friday,,
2021-09-06,00:00:00,15763.26,15959.3,15725.08,15925.28,10263730,0,Monday,-2.5,-0.01586
2021-09-07,00:00:00,15920.88,15927.7,15808.19,15810.76,26758990,1,Tuesday,,
2021-09-08,00:00:00,15822.86,15848.6,15587.2,15611.2,44344260,2,Wednesday,,
2021-09-09,00:00:00,15609.7,15693.8,15449.79,15562.57,36070380,3,Thursday,,
2021-09-10,00:00:00,15562.57,15704.8,15545.18,15559.06,29682250,4,Friday,,
2021-09-13,00:00:00,15572.45,15786.9,15556.6,15738.08,35368840,0,Monday,13.39,0.08606
2021-09-14,00:00:00,15736.86,15763.8,15660.26,15690.5,31953470,1,Tuesday,,
2021-09-15,00:00:00,15690.99,15766.4,15610.88,15689.88,30036400,2,Wednesday,,
2021-09-16,00:00:00,15695.39,15746.0,15635.89,15699.5,26531590,3,Thursday,,
2021-09-17,00:00:00,15693.5,15790.9,15429.3,15486.45,29413370,4,Friday,,
2021-09-20,00:00:00,15487.56,15511.7,15019.26,15092.57,33879980,0,Monday,1.11,0.00717
2021-09-21,00:00:00,15112.18,15396.8,15098.67,15281.85,40381080,1,Tuesday,,
2021-09-22,00:00:00,15293.38,15551.3,15225.29,15510.2,39850920,2,Wednesday,,
2021-09-23,00:00:00,15510.09,15696.9,15509.17,15670.58,33282900,3,Thursday,,
2021-09-24,00:00:00,15661.55,15760.9,15493.27,15546.78,35101550,4,Friday,,
2021-09-27,00:00:00,15553.76,15719.3,15549.76,15598.28,39214070,0,Monday,6.98,0.0449
2021-09-28,00:00:00,15588.27,15626.7,15225.67,15264.65,69266280,1,Tuesday,,
2021-09-29,00:00:00,15274.57,15425.4,15236.58,15361.7,57860980,2,Wednesday,,
2021-09-30,00:00:00,15369.08,15472.68,15202.15,15234.05,64006810,3,Thursday,,
2021-10-01,00:00:00,15235.69,15270.8,14981.4,15237.76,62941330,4,Friday,,
2021-10-04,00:00:00,15258.75,15293.97,15012.28,15077.87,65473620,0,Monday,20.99,0.13775
2021-10-05,00:00:00,15083.25,15206.3,14991.09,15172.78,55524350,1,Tuesday,,
2021-10-06,00:00:00,15170.6,15193.58,14812.76,15067.3,72988630,2,Wednesday,,
2021-10-07,00:00:00,15067.8,15260.3,15067.38,15221.96,44985010,3,Thursday,,
2021-10-08,00:00:00,15219.77,15270.09,15175.95,15184.7,36360680,4,Friday,,
2021-10-11,00:00:00,15208.08,15241.15,15091.06,15126.98,35920420,0,Monday,23.38,0.15397
2021-10-12,00:00:00,15128.65,15180.3,15008.8,15123.8,53841970,1,Tuesday,,
2021-10-13,00:00:00,15110.08,15303.79,15109.77,15264.17,45354590,2,Wednesday,,
2021-10-14,00:00:00,15268.99,15502.3,15268.99,15499.25,32044430,3,Thursday,,
2021-10-15,00:00:00,15511.8,15601.8,15465.76,15599.0,27559850,4,Friday,,
2021-10-18,00:00:00,15615.99,15625.7,15415.76,15489.27,25380500,0,Monday,16.99,0.10892
2021-10-19,00:00:00,15485.78,15528.9,15453.75,15513.88,21827320,1,Tuesday,,
2021-10-20,00:00:00,15517.29,15572.78,15462.75,15504.55,22603240,2,Wednesday,,
2021-10-21,00:00:00,15505.28,15531.9,15398.29,15499.68,22244540,3,Thursday,,
2021-10-22,00:00:00,15471.35,15614.78,15465.0,15563.76,26607370,4,Friday,,
2021-10-25,00:00:00,15538.06,15637.3,15522.57,15628.09,23598020,0,Monday,-25.7,-0.16513
2021-10-26,00:00:00,15644.19,15779.9,15632.05,15733.57,24036920,1,Tuesday,,
2021-10-27,00:00:00,15726.4,15757.8,15667.78,15683.99,23820730,2,Wednesday,,
2021-10-28,00:00:00,15688.8,15717.2,15628.26,15669.29,27558050,3,Thursday,,
2021-10-29,00:00:00,15657.77,15726.2,15494.76,15721.27,31400390,4,Friday,,
2021-11-01,00:00:00,15745.2,15849.9,15728.05,15818.78,20453010,0,Monday,23.93,0.15221
2021-11-02,00:00:00,15822.87,15962.79,15771.07,15954.4,16303850,1,Tuesday,,
2021-11-03,00:00:00,15947.5,16031.17,15919.75,16027.77,18339000,2,Wednesday,,
2021-11-04,00:00:00,16041.95,16064.9,15995.3,16025.29,19043100,3,Thursday,,
2021-11-05,00:00:00,16036.0,16088.75,15991.67,16043.76,21344840,4,Friday,,
2021-11-08,00:00:00,16041.77,16068.9,16008.17,16027.77,15389270,0,Monday,-1.99,-0.0124
2021-11-09,00:00:00,16023.59,16106.78,15994.55,16025.86,21077110,1,Tuesday,,
2021-11-10,00:00:00,16022.1,16077.9,15985.75,16011.8,24166370,2,Wednesday,,
2021-11-11,00:00:00,16017.98,16115.77,15995.7,16085.06,18696530,3,Thursday,,
2021-11-12,00:00:00,16092.4,16124.7,16064.8,16105.08,15991720,4,Friday,,
2021-11-15,00:00:00,16110.8,16150.7,16070.25,16140.6,13973810,0,Monday,5.72,0.03552
2021-11-16,00:00:00,16136.65,16267.8,16117.56,16241.76,13870820,1,Tuesday,,
2021-11-17,00:00:00,16239.99,16284.9,16210.57,16248.58,12365490,2,Wednesday,,
2021-11-18,00:00:00,16250.0,16290.8,16190.79,16230.5,16087850,3,Thursday,,
2021-11-19,00:00:00,16252.89,16297.7,16091.75,16151.26,37396540,4,Friday,,
2021-11-22,00:00:00,16174.37,16202.9,16051.56,16085.45,35536690,0,Monday,23.11,0.14308
2021-11-23,00:00:00,16086.4,16097.59,15863.76,15966.5,53493910,1,Tuesday,,
2021-11-24,00:00:00,15990.37,16026.3,15737.75,15904.2,48519350,2,Wednesday,,
2021-11-25,00:00:00,15905.89,15964.7,15862.76,15920.3,16185680,3,Thursday,,
2021-11-26,00:00:00,15908.98,15909.0,15024.15,15115.28,54590740,4,Friday,,
2021-11-29,00:00:00,15226.29,15462.7,15211.79,15332.48,59772920,0,Monday,111.01,0.73442
2021-11-30,00:00:00,15348.48,15428.2,14915.57,15159.47,73716510,1,Tuesday,,
2021-12-01,00:00:00,15188.87,15510.77,15109.56,15182.29,59157240,2,Wednesday,,
2021-12-02,00:00:00,15187.79,15398.3,15169.75,15321.5,58884120,3,Thursday,,
2021-12-03,00:00:00,15366.98,15437.9,15085.17,15162.08,65087480,4,Friday,,
2021-12-06,00:00:00,15187.79,15421.3,15149.29,15403.27,46579010,0,Monday,25.71,0.16957
2021-12-07,00:00:00,15417.09,15845.3,15370.78,15831.5,36808990,1,Tuesday,,
2021-12-08,00:00:00,15856.4,15860.2,15677.15,15711.57,41488470,2,Wednesday,,
2021-12-09,00:00:00,15712.06,15755.1,15586.25,15594.59,33042860,3,Thursday,,
2021-12-10,00:00:00,15609.67,15688.9,15526.65,15643.69,36112130,4,Friday,,
2021-12-13,00:00:00,15675.6,15798.77,15588.35,15613.69,29620150,0,Monday,31.91,0.20398
2021-12-14,00:00:00,15618.26,15701.27,15427.15,15508.39,38053400,1,Tuesday,,
2021-12-15,00:00:00,15521.1,15657.7,15449.65,15633.55,14930120,2,Wednesday,,
2021-12-16,00:00:00,15638.96,15781.9,15528.16,15586.9,15754300,3,Thursday,,
2021-12-17,00:00:00,15586.87,15617.7,15418.76,15498.55,19906210,4,Friday,,
2021-12-20,00:00:00,15506.3,15511.17,15059.29,15369.29,40683530,0,Monday,7.75,0.05
2021-12-21,00:00:00,15354.7,15513.7,15301.75,15505.76,29171370,1,Tuesday,,
2021-12-22,00:00:00,15515.69,15639.6,15421.78,15637.9,25191810,2,Wednesday,,
2021-12-23,00:00:00,15632.06,15777.3,15601.05,15749.15,18158230,3,Thursday,,
2021-12-27,00:00:00,15744.19,15898.8,15664.66,15882.76,16477680,0,Monday,-4.96,-0.03149
2021-12-28,00:00:00,15880.28,15976.9,15830.75,15948.07,19774300,1,Tuesday,,
2021-12-29,00:00:00,15938.15,15968.9,15798.76,15856.3,22607660,2,Wednesday,,
2021-12-30,00:00:00,15858.59,15932.9,15813.79,15858.26,18191500,3,Thursday,,
2021-12-31,00:00:00,15855.78,15878.8,15770.06,15822.27,16421840,4,Friday,,
2022-01-03,00:00:00,15872.9,16068.8,15855.45,16055.75,30218170,0,Monday,50.63,0.31999
2022-01-04,00:00:00,16055.99,16202.76,16006.56,16143.06,29503860,1,Tuesday,,
2022-01-05,00:00:00,16148.09,16286.8,16075.78,16115.6,24304960,2,Wednesday,,
2022-01-06,00:00:00,16095.2,16153.78,15965.05,16029.3,34623910,3,Thursday,,
2022-01-07,00:00:00,16050.38,16081.09,15861.75,15949.36,37895840,4,Friday,,
2022-01-10,00:00:00,15953.08,16015.8,15722.76,15858.57,49238620,0,Monday,3.72,0.02332
2022-01-11,00:00:00,15866.17,16009.79,15821.26,15998.47,36494070,1,Tuesday,,
2022-01-12,00:00:00,15997.28,16077.2,15950.75,16018.65,28175290,2,Wednesday,,
2022-01-13,00:00:00,16008.7,16089.9,15888.68,15905.46,28147090,3,Thursday,,
2022-01-14,00:00:00,15914.46,15973.1,15833.79,15959.95,37617080,4,Friday,,
2022-01-17,00:00:00,15985.2,15987.8,15891.75,15935.68,14843600,0,Monday,25.25,0.15821
2022-01-18,00:00:00,15952.85,15966.1,15665.78,15770.19,49867580,1,Tuesday,,
2022-01-19,00:00:00,15797.76,15899.8,15623.16,15774.96,49772120,2,Wednesday,,
2022-01-20,00:00:00,15777.3,15920.2,15725.58,15741.8,32146100,3,Thursday,,
2022-01-21,00:00:00,15708.9,15746.58,15430.38,15443.36,62450220,4,Friday,,
2022-01-24,00:00:00,15457.07,15588.78,14838.65,15271.15,88181990,0,Monday,13.71,0.08878
2022-01-25,00:00:00,15255.9,15271.0,14979.25,15121.89,78086590,1,Tuesday,,
2022-01-26,00:00:00,15045.15,15553.7,15045.15,15327.99,63507450,2,Wednesday,,
2022-01-27,00:00:00,15399.6,15583.9,15044.05,15429.67,73917460,3,Thursday,,
2022-01-28,00:00:00,15525.29,15534.5,15119.78,15402.7,69831030,4,Friday,,
2022-01-31,00:00:00,15417.95,15578.7,15336.77,15525.0,59154970,0,Monday,15.25,0.09901
2022-02-01,00:00:00,15532.35,15687.3,15480.55,15680.6,52721990,1,Tuesday,,
2022-02-02,00:00:00,15709.68,15738.76,15526.37,15546.8,52151560,2,Wednesday,,
2022-02-03,00:00:00,15542.28,15603.76,15289.7,15384.17,29901030,3,Thursday,,
2022-02-04,00:00:00,15415.46,15501.8,15056.3,15140.55,29821150,4,Friday,,
2022-02-07,00:00:00,15171.49,15258.2,15074.8,15202.95,25009290,0,Monday,30.94,0.20435
2022-02-08,00:00:00,15207.67,15339.79,15156.26,15288.97,22965630,1,Tuesday,,
2022-02-09,00:00:00,15296.26,15533.9,15290.07,15532.3,16786700,2,Wednesday,,
2022-02-10,00:00:00,15540.5,15613.78,15355.16,15375.26,31243330,3,Thursday,,
2022-02-11,00:00:00,15389.0,15511.4,15119.19,15181.17,63587530,4,Friday,,
2022-02-14,00:00:00,15180.4,15235.77,14840.26,15089.96,47137070,0,Monday,-0.77,-0.00507
2022-02-15,00:00:00,15083.3,15433.8,15010.7,15405.86,42996210,1,Tuesday,,
2022-02-16,00:00:00,15411.5,15542.3,15324.15,15413.09,42191350,2,Wednesday,,
2022-02-17,00:00:00,15414.39,15441.19,15132.1,15156.28,37383040,3,Thursday,,
2022-02-18,00:00:00,15161.48,15357.7,14985.25,15049.38,47647510,4,Friday,,
2022-02-21,00:00:00,14943.1,15226.18,14390.67,14465.28,45467430,0,Monday,-106.28,-0.70621
2022-02-22,00:00:00,14469.6,14783.4,14304.18,14721.5,60010680,1,Tuesday,,
2022-02-23,00:00:00,14704.09,14902.9,14477.67,14514.66,43117150,2,Wednesday,,
2022-02-24,00:00:00,14488.78,14521.9,13793.16,14258.26,60626450,3,Thursday,,
2022-02-25,00:00:00,14265.37,14672.1,14023.77,14641.56,64181740,4,Friday,,
2022-02-28,00:00:00,14246.59,14516.9,13939.05,14285.25,38604120,0,Monday,-394.97,-2.6976
2022-03-01,00:00:00,14287.0,14476.7,13760.68,13868.15,48534670,1,Tuesday,,
2022-03-02,00:00:00,13848.76,14115.4,13710.79,13997.39,38794380,2,Wednesday,,
2022-03-03,00:00:00,13984.76,14069.1,13604.16,13672.35,69568200,3,Thursday,,
2022-03-04,00:00:00,13682.78,13708.0,12960.7,13093.17,67940040,4,Friday,,
2022-03-07,00:00:00,12977.8,13149.8,12431.3,12629.99,76593630,0,Monday,-115.37,-0.88115
2022-03-08,00:00:00,12608.5,13341.8,12468.7,12993.48,62864530,1,Tuesday,,
2022-03-09,00:00:00,12969.65,13993.8,12968.95,13831.05,36488500,2,Wednesday,,
2022-03-10,00:00:00,13848.85,13857.5,13340.26,13501.16,63491510,3,Thursday,,
2022-03-11,00:00:00,13497.56,14100.4,13275.57,13548.3,47225700,4,Friday,,
2022-03-14,00:00:00,13651.2,14083.78,13639.38,13895.26,32252280,0,Monday,102.9,0.7595
2022-03-15,00:00:00,13921.18,14010.2,13576.26,13981.25,32453340,1,Tuesday,,
2022-03-16,00:00:00,13979.96,14555.8,13925.56,14502.25,39208250,2,Wednesday,,
2022-03-17,00:00:00,14457.9,14528.8,14242.26,14380.26,38707570,3,Thursday,,
2022-03-18,00:00:00,14343.68,14496.8,14104.9,14458.77,43417230,4,Friday,,
2022-03-21,00:00:00,14430.39,14459.3,14226.15,14311.28,33864340,0,Monday,-28.38,-0.19628
2022-03-22,00:00:00,14285.5,14528.8,14231.06,14503.75,26546000,1,Tuesday,,
2022-03-23,00:00:00,14512.45,14584.59,14193.77,14195.3,40579520,2,Wednesday,,
2022-03-24,00:00:00,14200.46,14378.8,14185.75,14334.28,40583440,3,Thursday,,
2022-03-25,00:00:00,14316.5,14428.78,14243.25,14384.3,34432770,4,Friday,,
2022-03-26,00:00:00,14384.29,14384.29,14384.29,14384.29,240,5,Saturday,,
2022-03-28,00:00:00,14399.96,14630.26,14298.2,14539.26,36959070,0,Monday,15.67,0.10894
2022-03-29,00:00:00,14537.0,14927.4,14516.35,14823.59,47265150,1,Tuesday,,
2022-03-30,00:00:00,14825.17,14828.5,14526.15,14603.65,37806200,2,Wednesday,,
2022-03-31,00:00:00,14605.3,14731.8,14323.16,14378.29,43083210,3,Thursday,,
2022-04-01,00:00:00,14371.45,14509.27,14360.08,14458.2,32410350,4,Friday,,
2022-04-04,00:00:00,14474.15,14567.68,14331.25,14545.4,17415460,0,Monday,15.95,0.11032
2022-04-05,00:00:00,14545.57,14604.4,14336.65,14368.89,31967340,1,Tuesday,,
2022-04-06,00:00:00,14381.56,14438.3,14027.75,14141.09,36526170,2,Wednesday,,
2022-04-07,00:00:00,14127.95,14319.4,14034.66,14195.99,25728490,3,Thursday,,
2022-04-08,00:00:00,14187.25,14324.9,14140.08,14218.58,41052460,4,Friday,,
2022-04-11,00:00:00,14240.25,14304.26,14048.05,14057.6,43344210,0,Monday,21.67,0.15241
2022-04-12,00:00:00,14071.86,14181.9,13881.9,14017.1,55870600,1,Tuesday,,
2022-04-13,00:00:00,14027.68,14147.2,13959.3,14082.7,37957750,2,Wednesday,,
2022-04-14,00:00:00,14084.27,14201.8,14037.3,14083.97,39484420,3,Thursday,,
2022-04-18,00:00:00,14045.0,14154.6,13963.07,14140.3,35842070,0,Monday,-38.97,-0.2767
2022-04-19,00:00:00,14135.57,14238.2,13987.75,14170.37,43683300,1,Tuesday,,
2022-04-20,00:00:00,14189.15,14382.38,14135.75,14360.9,38469810,2,Wednesday,,
2022-04-21,00:00:00,14366.36,14599.9,14301.17,14326.25,35698350,3,Thursday,,
2022-04-22,00:00:00,14323.89,14372.8,14004.49,14019.29,40893400,4,Friday,,
2022-04-25,00:00:00,14023.49,14103.8,13852.18,14073.1,67410840,0,Monday,4.2,0.02996
2022-04-26,00:00:00,14084.96,14161.9,13561.76,13583.96,51538780,1,Tuesday,,
2022-04-27,00:00:00,13584.1,13850.9,13559.77,13775.88,66248230,2,Wednesday,,
2022-04-28,00:00:00,13857.38,14121.8,13758.57,14013.8,46313490,3,Thursday,,
2022-04-29,00:00:00,13946.87,14191.4,13879.7,13945.5,40779740,4,Friday,,
2022-05-02,00:00:00,13941.08,14032.25,13793.26,13935.86,72035040,0,Monday,-4.42,-0.03169
2022-05-03,00:00:00,13944.0,14082.4,13919.9,14020.68,58621590,1,Tuesday,,
2022-05-04,00:00:00,14013.09,14268.19,13963.65,14233.36,52449010,2,Wednesday,,
2022-05-05,00:00:00,14236.0,14317.29,13791.68,13886.46,73768510,3,Thursday,,
2022-05-06,00:00:00,13865.97,13898.7,13589.4,13624.27,93994310,4,Friday,,
2022-05-09,00:00:00,13570.25,13696.29,13346.2,13426.17,79651180,0,Monday,-54.02,-0.3965
2022-05-10,00:00:00,13410.08,13722.29,13275.59,13570.55,92295000,1,Tuesday,,
2022-05-11,00:00:00,13563.75,13874.68,13507.75,13634.47,75394540,2,Wednesday,,
2022-05-12,00:00:00,13635.36,13807.4,13476.26,13693.59,80844730,3,Thursday,,
2022-05-13,00:00:00,13683.97,14067.3,13671.36,14020.05,39090760,4,Friday,,
2022-05-16,00:00:00,14076.56,14132.0,13861.77,13999.2,55310630,0,Monday,56.51,0.40307
2022-05-17,00:00:00,13989.98,14258.9,13989.57,14257.98,43804300,1,Tuesday,,
2022-05-18,00:00:00,14264.67,14280.0,13829.96,13840.76,45527330,2,Wednesday,,
2022-05-19,00:00:00,13862.0,13983.2,13682.76,13907.37,74579410,3,Thursday,,
2022-05-20,00:00:00,13913.59,14160.9,13852.65,14018.4,48147550,4,Friday,,
2022-05-23,00:00:00,14111.55,14228.8,14021.28,14177.85,55844610,0,Monday,93.15,0.66448
2022-05-24,00:00:00,14059.96,14136.3,13905.18,14022.85,58975990,1,Tuesday,,
2022-05-25,00:00:00,14033.8,14103.2,13867.77,14034.4,60397940,2,Wednesday,,
2022-05-26,00:00:00,14040.98,14290.19,13985.15,14241.38,41213040,3,Thursday,,
2022-05-27,00:00:00,14241.07,14511.69,14219.58,14506.46,36383280,4,Friday,,
2022-05-30,00:00:00,14507.58,14605.68,14482.75,14580.9,16543660,0,Monday,1.12,0.00772
2022-05-31,00:00:00,14575.88,14584.28,14355.65,14409.96,42104420,1,Tuesday,,
2022-06-01,00:00:00,14435.58,14499.4,14311.7,14363.78,39266530,2,Wednesday,,
2022-06-02,00:00:00,14359.9,14605.3,14320.45,14574.56,33284240,3,Thursday,,
2022-06-03,00:00:00,14599.9,14642.1,14439.75,14502.2,34218400,4,Friday,,
2022-06-06,00:00:00,14503.87,14711.9,14473.09,14607.0,30909010,0,Monday,1.67,0.01152
2022-06-07,00:00:00,14624.55,14635.1,14456.78,14592.49,31506600,1,Tuesday,,
2022-06-08,00:00:00,14577.08,14630.7,14352.65,14383.98,33909170,2,Wednesday,,
2022-06-09,00:00:00,14380.5,14422.77,14084.28,14103.45,40015790,3,Thursday,,
2022-06-10,00:00:00,14119.4,14130.17,13740.17,13813.76,47597660,4,Friday,,
2022-06-13,00:00:00,13701.99,13716.55,13377.4,13456.06,71217170,0,Monday,-111.77,-0.80912
2022-06-14,00:00:00,13470.46,13605.8,13219.15,13294.27,70802960,1,Tuesday,,
2022-06-15,00:00:00,13322.85,13621.19,13302.6,13531.1,72047540,2,Wednesday,,
2022-06-16,00:00:00,13569.85,13674.7,12943.19,13005.65,56951860,3,Thursday,,
2022-06-17,00:00:00,13011.2,13238.4,12974.46,13155.1,70884290,4,Friday,,
2022-06-20,00:00:00,13197.28,13291.17,13058.57,13262.8,23685930,0,Monday,42.18,0.32064
2022-06-21,00:00:00,13258.07,13443.4,13230.16,13247.99,45465270,1,Tuesday,,
2022-06-22,00:00:00,13250.95,13251.9,12965.9,13121.15,55323820,2,Wednesday,,
2022-06-23,00:00:00,13107.2,13157.58,12832.65,12938.07,59533380,3,Thursday,,
2022-06-24,00:00:00,12922.05,13229.4,12902.79,13203.69,42149770,4,Friday,,
2022-06-27,00:00:00,13216.5,13381.8,13118.65,13154.38,48381990,0,Monday,12.81,0.09702
2022-06-28,00:00:00,13146.1,13361.79,13097.87,13108.96,55401690,1,Tuesday,,
2022-06-29,00:00:00,13119.26,13170.67,12943.4,12978.75,59716480,2,Wednesday,,
2022-06-30,00:00:00,12997.25,13005.6,12615.25,12794.16,67969600,3,Thursday,,
2022-07-01,00:00:00,12801.09,12924.8,12622.77,12910.88,66045790,4,Friday,,
2022-07-04,00:00:00,12908.25,12965.7,12738.75,12784.76,23524720,0,Monday,-2.63,-0.02037
2022-07-05,00:00:00,12791.26,12908.6,12383.65,12543.09,67346950,1,Tuesday,,
2022-07-06,00:00:00,12567.18,12686.3,12452.16,12654.45,61674150,2,Wednesday,,
2022-07-07,00:00:00,12659.39,12874.3,12610.8,12854.1,43136770,3,Thursday,,
2022-07-08,00:00:00,12851.99,13021.77,12764.77,12982.79,47437020,4,Friday,,
2022-07-11,00:00:00,12949.98,12973.2,12773.25,12847.25,36171600,0,Monday,-32.81,-0.25272
2022-07-12,00:00:00,12841.85,12941.8,12650.76,12808.39,48537600,1,Tuesday,,
2022-07-13,00:00:00,12816.66,12867.57,12619.26,12768.19,58522720,2,Wednesday,,
2022-07-14,00:00:00,12754.3,12810.05,12431.25,12604.8,61902620,3,Thursday,,
2022-07-15,00:00:00,12601.06,12879.2,12529.8,12856.79,52990680,4,Friday,,
2022-07-18,00:00:00,12899.58,13066.3,12834.68,12870.16,47980010,0,Monday,42.79,0.33282
2022-07-19,00:00:00,12868.89,13363.3,12823.27,13349.27,37900320,1,Tuesday,,
2022-07-20,00:00:00,13361.7,13448.56,13123.28,13191.99,52253010,2,Wednesday,,
2022-07-21,00:00:00,13190.8,13366.3,13093.77,13203.1,60870990,3,Thursday,,
2022-07-22,00:00:00,13206.28,13365.26,13148.65,13164.75,57557420,4,Friday,,
2022-07-25,00:00:00,13157.0,13337.29,13128.56,13231.4,40663740,0,Monday,-7.75,-0.05887
2022-07-26,00:00:00,13189.45,13205.06,13030.27,13098.38,46951560,1,Tuesday,,
2022-07-27,00:00:00,13118.3,13256.8,13086.79,13213.4,45958940,2,Wednesday,,
2022-07-28,00:00:00,13227.9,13380.8,13090.75,13357.4,49783680,3,Thursday,,
2022-07-29,00:00:00,13416.07,13552.6,13337.78,13538.97,46309130,4,Friday,,
2022-08-01,00:00:00,13513.68,13571.3,13418.58,13484.7,43285350,0,Monday,-25.29,-0.18679
2022-08-02,00:00:00,13474.76,13507.68,13331.8,13417.38,39240790,1,Tuesday,,
2022-08-03,00:00:00,13435.45,13645.3,13381.55,13619.06,32134210,2,Wednesday,,
2022-08-04,00:00:00,13617.07,13794.4,13605.56,13647.16,33769010,3,Thursday,,
2022-08-05,00:00:00,13648.56,13693.9,13555.16,13608.48,34948840,4,Friday,,
2022-08-08,00:00:00,13611.48,13747.77,13577.79,13643.95,30821230,0,Monday,3.0,0.02205
2022-08-09,00:00:00,13655.46,13685.0,13512.65,13536.2,29635970,1,Tuesday,,
2022-08-10,00:00:00,13535.55,13725.8,13453.76,13709.05,38195470,2,Wednesday,,
2022-08-11,00:00:00,13720.0,13799.3,13630.16,13669.2,48614560,3,Thursday,,
2022-08-12,00:00:00,13678.1,13885.3,13653.55,13874.78,27826190,4,Friday,,
2022-08-15,00:00:00,13872.76,13875.59,13734.76,13842.67,25428420,0,Monday,-2.02,-0.01456
2022-08-16,00:00:00,13844.3,13973.8,13815.28,13922.49,27964920,1,Tuesday,,
2022-08-17,00:00:00,13942.66,13963.7,13604.15,13666.66,36493250,2,Wednesday,,
2022-08-18,00:00:00,13657.08,13781.8,13609.19,13683.99,29209010,3,Thursday,,
2022-08-19,00:00:00,13694.0,13695.59,13507.17,13534.47,30879470,4,Friday,,
2022-08-22,00:00:00,13494.45,13531.09,13181.2,13208.0,31139190,0,Monday,-40.02,-0.29569
2022-08-23,00:00:00,13213.27,13300.29,13119.69,13142.86,32520950,1,Tuesday,,
2022-08-24,00:00:00,13140.07,13240.8,13079.28,13199.56,28020910,2,Wednesday,,
2022-08-25,00:00:00,13203.9,13369.7,13184.36,13317.86,28617370,3,Thursday,,
2022-08-26,00:00:00,13331.5,13376.4,12842.2,12856.38,39694830,4,Friday,,
2022-08-29,00:00:00,12750.2,12945.8,12703.56,12907.27,39500550,0,Monday,-106.18,-0.82589
2022-08-30,00:00:00,12918.2,13155.9,12878.79,12933.59,42350180,1,Tuesday,,
2022-08-31,00:00:00,12926.27,13050.7,12796.16,12823.0,45058100,2,Wednesday,,
2022-09-01,00:00:00,12820.09,12827.9,12600.75,12756.69,42332670,3,Thursday,,
2022-09-02,00:00:00,12775.67,13055.17,12632.2,12700.89,47081890,4,Friday,,
2022-09-05,00:00:00,12677.5,12796.79,12592.27,12738.27,21337490,0,Monday,-23.39,-0.18416
2022-09-06,00:00:00,12736.29,12930.28,12723.18,12796.35,47699530,1,Tuesday,,
2022-09-07,00:00:00,12802.66,12993.67,12700.56,12976.57,39209870,2,Wednesday,,
2022-09-08,00:00:00,12990.97,13039.69,12686.25,12863.76,48031290,3,Thursday,,
2022-09-09,00:00:00,12865.4,13136.8,12853.75,13115.76,35646800,4,Friday,,
2022-09-12,00:00:00,13177.2,13446.27,13136.15,13409.48,34480600,0,Monday,61.44,0.46844
2022-09-13,00:00:00,13432.87,13571.75,13066.7,13084.46,46291160,1,Tuesday,,
2022-09-14,00:00:00,13096.3,13196.77,12950.29,13063.07,47884530,2,Wednesday,,
2022-09-15,00:00:00,13078.36,13111.28,12904.67,12939.69,36660650,3,Thursday,,
2022-09-16,00:00:00,12873.15,12891.7,12687.19,12771.17,42559030,4,Friday,,
2022-09-19,00:00:00,12767.06,12895.3,12602.26,12869.75,39545380,0,Monday,-4.11,-0.03218
2022-09-20,00:00:00,12887.08,12939.77,12535.16,12646.78,47032010,1,Tuesday,,
2022-09-21,00:00:00,12639.3,12860.17,12515.28,12589.56,44105880,2,Wednesday,,
2022-09-22,00:00:00,12572.95,12782.8,12446.1,12597.08,51049810,3,Thursday,,
2022-09-23,00:00:00,12602.89,12623.1,12178.27,12294.47,48948170,4,Friday,,
2022-09-26,00:00:00,12239.2,12370.26,12164.58,12211.97,53023660,0,Monday,-55.27,-0.44955
2022-09-27,00:00:00,12216.28,12414.79,11982.65,12102.39,54577000,1,Tuesday,,
2022-09-28,00:00:00,12115.37,12320.2,11859.27,12297.96,54901970,2,Wednesday,,
2022-09-29,00:00:00,12283.96,12306.4,11863.79,11999.2,53373960,3,Thursday,,
2022-09-30,00:00:00,12009.47,12138.3,11917.55,12012.07,58933400,4,Friday,,
2022-10-03,00:00:00,11942.31,12272.8,11808.06,12233.58,48457790,0,Monday,-69.76,-0.58075
2022-10-04,00:00:00,12243.75,12676.3,12205.58,12640.55,48512580,1,Tuesday,,
2022-10-05,00:00:00,12641.2,12665.29,12454.78,12613.37,55071100,2,Wednesday,,
2022-10-06,00:00:00,12585.88,12702.7,12418.26,12429.4,52503400,3,Thursday,,
2022-10-07,00:00:00,12395.09,12497.79,12194.18,12229.76,49728310,4,Friday,,
2022-10-10,00:00:00,12181.09,12413.4,12118.66,12304.98,50417140,0,Monday,-48.67,-0.39796
2022-10-11,00:00:00,12309.85,12337.8,12095.27,12154.8,58596130,1,Tuesday,,
2022-10-12,00:00:00,12161.27,12300.4,12100.2,12170.86,58073640,2,Wednesday,,
2022-10-13,00:00:00,12189.05,12495.7,11995.26,12452.78,66784120,3,Thursday,,
2022-10-14,00:00:00,12463.4,12680.76,12353.25,12367.9,68652490,4,Friday,,
2022-10-17,00:00:00,12364.06,12719.9,12362.77,12660.09,48613270,0,Monday,-3.84,-0.03105
2022-10-18,00:00:00,12718.19,12862.9,12653.58,12854.09,36746450,1,Tuesday,,
2022-10-19,00:00:00,12892.77,12946.7,12667.69,12734.4,57867060,2,Wednesday,,
2022-10-20,00:00:00,12731.9,12819.9,12625.79,12680.9,53260340,3,Thursday,,
2022-10-21,00:00:00,12664.4,12860.68,12543.28,12850.38,57460540,4,Friday,,
2022-10-24,00:00:00,12939.37,13024.25,12743.76,12921.09,54119060,0,Monday,88.99,0.69251
2022-10-25,00:00:00,12917.39,13104.1,12784.79,13040.17,39748680,1,Tuesday,,
2022-10-26,00:00:00,13000.85,13217.2,12977.96,13148.28,45975940,2,Wednesday,,
2022-10-27,00:00:00,13133.76,13259.9,13052.87,13083.86,51724340,3,Thursday,,
2022-10-28,00:00:00,13132.77,13357.5,13047.75,13357.36,42719990,4,Friday,,
2022-10-31,00:00:00,13332.79,13347.5,13214.76,13251.3,35679570,0,Monday,-24.57,-0.18394
2022-11-01,00:00:00,13261.56,13444.9,13261.56,13349.8,40545760,1,Tuesday,,
2022-11-02,00:00:00,13365.37,13417.09,13132.16,13138.79,42106120,2,Wednesday,,
2022-11-03,00:00:00,13125.36,13196.2,13017.79,13123.76,42686430,3,Thursday,,
2022-11-04,00:00:00,13111.2,13545.28,13096.07,13486.4,51190290,4,Friday,,
2022-11-07,00:00:00,13411.18,13612.78,13385.77,13537.0,36670880,0,Monday,-75.22,-0.55775
2022-11-08,00:00:00,13531.99,13700.3,13487.77,13619.97,34113230,1,Tuesday,,
2022-11-09,00:00:00,13640.09,13692.8,13554.75,13582.66,39488820,2,Wednesday,,
2022-11-10,00:00:00,13588.6,14199.5,13569.09,14176.96,50809250,3,Thursday,,
2022-11-11,00:00:00,14220.85,14331.3,14145.55,14310.77,55400390,4,Friday,,
2022-11-14,00:00:00,14260.88,14432.78,14239.25,14270.86,43826720,0,Monday,-49.89,-0.34862
2022-11-15,00:00:00,14268.2,14441.76,14121.8,14259.8,50635340,1,Tuesday,,
2022-11-16,00:00:00,14246.47,14383.4,14179.59,14263.27,37873560,2,Wednesday,,
2022-11-17,00:00:00,14259.17,14383.79,14148.76,14315.17,38911410,3,Thursday,,
2022-11-18,00:00:00,14337.16,14457.9,14296.79,14429.19,33128280,4,Friday,,
2022-11-21,00:00:00,14463.79,14464.9,14318.27,14411.5,32106750,0,Monday,34.6,0.23979
2022-11-22,00:00:00,14402.4,14486.9,14339.3,14473.4,28145650,1,Tuesday,,
2022-11-23,00:00:00,14479.3,14490.5,14357.75,14436.68,31476400,2,Wednesday,,
2022-11-24,00:00:00,14438.9,14574.9,14432.85,14547.8,13170090,3,Thursday,,
2022-11-25,00:00:00,14546.85,14581.7,14495.75,14540.28,16709580,4,Friday,,
2022-11-28,00:00:00,14498.79,14516.88,14338.15,14362.07,27023970,0,Monday,-41.49,-0.28535
2022-11-29,00:00:00,14357.3,14470.3,14324.75,14395.45,30822220,1,Tuesday,,
2022-11-30,00:00:00,14409.08,14573.4,14352.16,14571.6,37722350,2,Wednesday,,
2022-12-01,00:00:00,14587.1,14603.7,14416.78,14484.8,37416510,3,Thursday,,
2022-12-02,00:00:00,14479.85,14586.76,14364.3,14532.76,34459170,4,Friday,,
2022-12-05,00:00:00,14547.78,14554.2,14390.0,14430.97,30198990,0,Monday,15.02,0.10335
2022-12-06,00:00:00,14441.6,14474.75,14241.17,14289.79,36656800,1,Tuesday,,
2022-12-07,00:00:00,14295.0,14374.4,14215.25,14270.45,41509070,2,Wednesday,,
2022-12-08,00:00:00,14275.6,14304.17,14191.78,14284.27,29764700,3,Thursday,,
2022-12-09,00:00:00,14281.48,14388.21,14209.8,14326.39,32562280,4,Friday,,
2022-12-12,00:00:00,14322.78,14366.9,14256.25,14346.5,28612980,0,Monday,-3.61,-0.0252
2022-12-13,00:00:00,14352.7,14677.4,14296.8,14458.36,54240600,1,Tuesday,,
2022-12-14,00:00:00,14453.86,14494.2,14360.2,14399.2,43594190,2,Wednesday,,
2022-12-15,00:00:00,14394.75,14447.6,13963.8,13966.16,39705560,3,Thursday,,
2022-12-16,00:00:00,13967.07,14039.2,13811.77,13890.16,39832710,4,Friday,,
2022-12-19,00:00:00,13905.06,14001.79,13874.17,13883.3,31100710,0,Monday,14.9,0.10727
2022-12-20,00:00:00,13895.4,13950.59,13693.05,13911.07,32997870,1,Tuesday,,
2022-12-21,00:00:00,13942.87,14102.3,13908.9,14079.09,23171480,2,Wednesday,,
2022-12-22,00:00:00,14084.6,14159.9,13838.19,13919.5,29636730,3,Thursday,,
2022-12-23,00:00:00,13936.4,14003.4,13869.8,13958.8,25836260,4,Friday,,
2022-12-27,00:00:00,13993.66,14063.28,13963.26,13985.6,26382460,1,Tuesday,,
2022-12-28,00:00:00,13979.39,14022.27,13867.59,13886.78,29110780,2,Wednesday,,
2022-12-29,00:00:00,13888.19,14082.68,13861.05,14053.25,23634220,3,Thursday,,
2022-12-30,00:00:00,14045.2,14049.96,13819.16,13856.7,24396670,4,Friday,,
2023-01-02,00:00:00,13881.25,14097.79,13843.1,14053.28,7528570,0,Monday,24.55,0.17717
2023-01-03,00:00:00,14070.6,14294.79,13900.58,14192.48,47649860,1,Tuesday,,
2023-01-04,00:00:00,14200.08,14506.69,14188.46,14479.15,43089330,2,Wednesday,,
2023-01-05,00:00:00,14472.65,14510.7,14402.25,14452.08,30698730,3,Thursday,,
2023-01-06,00:00:00,14464.77,14682.16,14385.29,14652.38,34314030,4,Friday,,
2023-01-09,00:00:00,14689.07,14830.78,14624.75,14720.19,27881840,0,Monday,36.69,0.2504
2023-01-10,00:00:00,14733.67,14849.3,14672.56,14837.9,28497150,1,Tuesday,,
2023-01-11,00:00:00,14839.75,15006.2,14794.3,15002.25,23081020,2,Wednesday,,
2023-01-12,00:00:00,15008.87,15126.8,14947.25,15100.48,37764090,3,Thursday,,
2023-01-13,00:00:00,15094.8,15150.6,15036.27,15137.3,26286920,4,Friday,,
2023-01-16,00:00:00,15152.4,15195.7,15080.77,15112.3,10892070,0,Monday,15.1,0.09975
2023-01-17,00:00:00,15110.15,15271.29,15079.77,15177.0,23895600,1,Tuesday,,
2023-01-18,00:00:00,15170.0,15267.59,15114.56,15118.47,27219600,2,Wednesday,,
2023-01-19,00:00:00,15112.66,15137.1,14900.75,14984.35,32910930,3,Thursday,,
2023-01-20,00:00:00,15000.7,15100.3,14936.25,15086.69,22919880,4,Friday,,
2023-01-23,00:00:00,15090.48,15146.9,15020.79,15116.9,23155770,0,Monday,3.79,0.02512
2023-01-24,00:00:00,15127.55,15159.7,15019.79,15114.39,23992010,1,Tuesday,,
2023-01-25,00:00:00,15115.36,15168.2,14962.75,15132.59,26544670,2,Wednesday,,
2023-01-26,00:00:00,15135.66,15219.2,15065.9,15163.27,27873940,3,Thursday,,
2023-01-27,00:00:00,15143.3,15187.3,15073.78,15149.88,21635240,4,Friday,,
2023-01-30,00:00:00,15134.79,15161.79,14983.27,15114.85,25928800,0,Monday,-15.09,-0.0996
2023-01-31,00:00:00,15116.15,15193.68,14988.4,15167.7,22589580,1,Tuesday,,
2023-02-01,00:00:00,15172.15,15318.8,15102.75,15286.27,29266940,2,Wednesday,,
2023-02-02,00:00:00,15300.69,15568.79,15255.15,15441.76,38162990,3,Thursday,,
2023-02-03,00:00:00,15481.36,15502.2,15344.75,15410.99,37238670,4,Friday,,
2023-02-06,00:00:00,15379.67,15411.7,15274.26,15350.47,31631230,0,Monday,-31.32,-0.20323
2023-02-07,00:00:00,15355.16,15436.8,15269.76,15418.07,38673280,1,Tuesday,,
2023-02-08,00:00:00,15414.47,15487.9,15366.8,15422.58,32568130,2,Wednesday,,
2023-02-09,00:00:00,15441.78,15658.29,15401.19,15424.88,33637250,3,Thursday,,
2023-02-10,00:00:00,15449.69,15479.76,15244.3,15331.75,39354380,4,Friday,,
2023-02-13,00:00:00,15323.5,15431.78,15243.05,15430.8,23140440,0,Monday,-8.25,-0.05381
2023-02-14,00:00:00,15427.56,15530.28,15362.79,15450.07,42395650,1,Tuesday,,
2023-02-15,00:00:00,15442.59,15573.7,15353.08,15564.08,29964930,2,Wednesday,,
2023-02-16,00:00:00,15559.37,15634.9,15410.75,15492.69,33335030,3,Thursday,,
2023-02-17,00:00:00,15496.68,15531.8,15294.78,15524.3,30978870,4,Friday,,
2023-02-20,00:00:00,15507.06,15551.57,15433.3,15470.8,10321340,0,Monday,-17.24,-0.11105
2023-02-21,00:00:00,15474.68,15487.6,15282.29,15376.3,30189160,1,Tuesday,,
2023-02-22,00:00:00,15371.98,15448.3,15242.25,15395.4,35546630,2,Wednesday,,
2023-02-23,00:00:00,15429.0,15555.4,15406.48,15516.67,29847940,3,Thursday,,
2023-02-24,00:00:00,15518.3,15543.6,15183.66,15233.29,36185510,4,Friday,,
2023-02-27,00:00:00,15236.68,15482.3,15222.65,15410.7,26700720,0,Monday,3.39,0.02225
2023-02-28,00:00:00,15415.85,15443.28,15283.3,15344.4,30122710,1,Tuesday,,
2023-03-01,00:00:00,15349.26,15479.78,15249.9,15318.29,34368500,2,Wednesday,,
2023-03-02,00:00:00,15323.09,15387.3,15141.8,15374.29,36730330,3,Thursday,,
2023-03-03,00:00:00,15365.55,15635.3,15348.66,15624.8,27710120,4,Friday,,
2023-03-06,00:00:00,15613.56,15678.9,15582.76,15639.55,23143420,0,Monday,-11.24,-0.07194
2023-03-07,00:00:00,15640.08,15707.77,15514.16,15522.6,29664170,1,Tuesday,,
2023-03-08,00:00:00,15529.4,15672.78,15489.19,15649.75,28833220,2,Wednesday,,
2023-03-09,00:00:00,15656.16,15667.9,15474.8,15482.09,32206170,3,Thursday,,
2023-03-10,00:00:00,15492.39,15497.29,15269.16,15289.27,58033000,4,Friday,,
2023-03-13,00:00:00,15378.6,15484.09,14884.26,14968.9,87158960,0,Monday,89.33,0.58427
2023-03-14,00:00:00,14986.05,15274.28,14907.56,15229.76,57261350,1,Tuesday,,
2023-03-15,00:00:00,15203.99,15256.08,14695.27,14867.26,71544120,2,Wednesday,,
2023-03-16,00:00:00,14886.88,15062.15,14660.3,15054.25,45037180,3,Thursday,,
2023-03-17,00:00:00,15051.47,15157.9,14692.25,14757.29,59784590,4,Friday,,
2023-03-20,00:00:00,14830.35,14995.4,14458.24,14994.78,43488920,0,Monday,73.06,0.49508
2023-03-21,00:00:00,14991.3,15266.7,14970.05,15259.8,34002010,1,Tuesday,,
2023-03-22,00:00:00,15246.5,15304.8,15067.65,15104.27,42079730,2,Wednesday,,
2023-03-23,00:00:00,15126.68,15245.77,15008.67,15141.76,43637940,3,Thursday,,
2023-03-24,00:00:00,15107.6,15183.3,14803.26,15022.75,65254320,4,Friday,,
2023-03-25,00:00:00,15022.9,15022.9,15022.9,15022.9,240,5,Saturday,,
2023-03-27,00:00:00,15013.07,15188.29,15011.8,15175.76,31045280,0,Monday,-9.83,-0.06543
2023-03-28,00:00:00,15179.55,15262.4,15079.67,15132.4,25653770,1,Tuesday,,
2023-03-29,00:00:00,15138.8,15371.68,15135.86,15358.3,22967190,2,Wednesday,,
2023-03-30,00:00:00,15357.25,15539.8,15333.3,15533.55,21864740,3,Thursday,,
2023-03-31,00:00:00,15526.0,15661.79,15501.79,15646.78,19675760,4,Friday,,
2023-04-03,00:00:00,15630.08,15658.1,15551.77,15628.19,23181050,0,Monday,-16.7,-0.10673
2023-04-04,00:00:00,15614.86,15739.8,15584.66,15616.7,23949330,1,Tuesday,,
2023-04-05,00:00:00,15626.07,15629.9,15478.75,15540.18,24907880,2,Wednesday,,
2023-04-06,00:00:00,15517.0,15662.3,15486.06,15632.6,25025240,3,Thursday,,
2023-04-11,00:00:00,15716.75,15732.9,15620.75,15671.5,19910960,1,Tuesday,,
2023-04-12,00:00:00,15665.19,15831.4,15652.55,15678.99,27993270,2,Wednesday,,
2023-04-13,00:00:00,15674.35,15782.3,15652.26,15772.29,19129200,3,Thursday,,
2023-04-14,00:00:00,15753.06,15844.3,15752.25,15802.28,25084210,4,Friday,,
2023-04-17,00:00:00,15826.16,15904.3,15761.75,15822.15,18017480,0,Monday,23.88,0.15112
2023-04-18,00:00:00,15815.45,15918.8,15797.79,15893.96,16316780,1,Tuesday,,
2023-04-19,00:00:00,15891.18,15923.3,15825.79,15888.08,15491200,2,Wednesday,,
2023-04-20,00:00:00,15884.27,15900.7,15731.76,15791.09,19052060,3,Thursday,,
2023-04-21,00:00:00,15780.68,15913.19,15701.79,15899.76,22531410,4,Friday,,
2023-04-24,00:00:00,15871.77,15918.4,15828.76,15875.47,14381090,0,Monday,-27.99,-0.17604
2023-04-25,00:00:00,15867.4,15893.76,15781.36,15832.47,19653000,1,Tuesday,,
2023-04-26,00:00:00,15829.85,15850.4,15689.25,15751.05,27193020,2,Wednesday,,
2023-04-27,00:00:00,15755.7,15912.67,15697.26,15858.47,19859700,3,Thursday,,
2023-04-28,00:00:00,15845.25,15959.66,15684.76,15947.29,26465360,4,Friday,,
2023-05-01,00:00:00,15939.17,16006.98,15915.58,15931.78,12173540,0,Monday,-8.12,-0.05092
2023-05-02,00:00:00,15906.3,16008.8,15703.17,15767.38,27072050,1,Tuesday,,
2023-05-03,00:00:00,15752.08,15889.7,15743.3,15804.67,33099340,2,Wednesday,,
2023-05-04,00:00:00,15700.77,15825.8,15658.78,15733.25,40528130,3,Thursday,,
2023-05-05,00:00:00,15754.69,16003.8,15741.9,15977.78,21424980,4,Friday,,
2023-05-08,00:00:00,15994.06,16004.37,15930.18,15962.8,14190320,0,Monday,16.28,0.10189
2023-05-09,00:00:00,15951.2,15978.58,15876.76,15952.07,15981970,1,Tuesday,,
2023-05-10,00:00:00,15938.46,15987.9,15816.68,15899.95,26895430,2,Wednesday,,
2023-05-11,00:00:00,15888.4,15969.9,15753.76,15835.77,27524200,3,Thursday,,
2023-05-12,00:00:00,15840.7,15937.9,15836.6,15908.77,19975620,4,Friday,,
2023-05-15,00:00:00,15879.15,15980.9,15871.99,15945.27,17315380,0,Monday,-29.62,-0.18619
2023-05-16,00:00:00,15929.67,15972.76,15857.78,15896.2,20117880,1,Tuesday,,
2023-05-17,00:00:00,15891.35,16026.3,15852.76,16017.35,18187500,2,Wednesday,,
2023-05-18,00:00:00,16017.36,16227.8,15997.3,16201.68,20429970,3,Thursday,,
2023-05-19,00:00:00,16212.28,16332.9,16199.75,16287.4,20747420,4,Friday,,
2023-05-22,00:00:00,16243.68,16300.6,16191.2,16224.57,20121380,0,Monday,-43.72,-0.26843
2023-05-23,00:00:00,16227.2,16265.2,16057.15,16070.65,30749300,1,Tuesday,,
2023-05-24,00:00:00,16070.29,16096.0,15799.75,15853.57,26878880,2,Wednesday,,
2023-05-25,00:00:00,15903.06,15906.7,15720.8,15830.5,34235280,3,Thursday,,
2023-05-26,00:00:00,15823.77,16012.19,15722.75,15982.26,28913210,4,Friday,,
2023-05-29,00:00:00,16056.0,16080.8,15921.77,15944.3,11082040,0,Monday,73.74,0.46139
2023-05-30,00:00:00,15941.59,16060.9,15882.15,15920.47,29669780,1,Tuesday,,
2023-05-31,00:00:00,15906.16,15924.6,15623.75,15696.65,27689330,2,Wednesday,,
2023-06-01,00:00:00,15698.1,15901.3,15691.06,15888.0,23685800,3,Thursday,,
2023-06-02,00:00:00,15884.36,16068.9,15876.38,16053.78,23095500,4,Friday,,
2023-06-05,00:00:00,16046.1,16113.9,15917.68,15944.95,24025970,0,Monday,-7.68,-0.04784
2023-06-06,00:00:00,15935.16,16041.6,15902.8,16038.7,18915830,1,Tuesday,,
2023-06-07,00:00:00,16036.79,16046.2,15905.76,15937.95,21959490,2,Wednesday,,
2023-06-08,00:00:00,15939.36,16019.9,15885.19,16005.7,19236160,3,Thursday,,
2023-06-09,00:00:00,16008.38,16010.7,15918.8,15959.25,20607680,4,Friday,,
2023-06-12,00:00:00,15964.49,16145.7,15962.16,16140.19,19510750,0,Monday,5.24,0.03283
2023-06-13,00:00:00,16146.18,16240.3,16085.29,16232.6,23072470,1,Tuesday,,
2023-06-14,00:00:00,16230.19,16337.79,16195.05,16286.45,24422630,2,Wednesday,,
2023-06-15,00:00:00,16286.6,16332.7,16161.26,16297.15,19855950,3,Thursday,,
2023-06-16,00:00:00,16296.67,16430.9,16271.28,16328.79,23527660,4,Friday,,
2023-06-19,00:00:00,16344.0,16350.09,16186.29,16205.79,7955220,0,Monday,15.21,0.09315
2023-06-20,00:00:00,16209.59,16218.7,16065.26,16115.59,19415500,1,Tuesday,,
2023-06-21,00:00:00,16119.25,16153.58,15992.5,16002.58,21056240,2,Wednesday,,
2023-06-22,00:00:00,15999.78,16007.06,15799.29,15971.69,20777210,3,Thursday,,
2023-06-23,00:00:00,15985.37,15988.1,15730.29,15826.9,21365180,4,Friday,,
2023-06-26,00:00:00,15832.18,15879.2,15708.9,15819.47,19252810,0,Monday,5.28,0.03336
2023-06-27,00:00:00,15825.37,15926.16,15753.8,15888.15,16113120,1,Tuesday,,
2023-06-28,00:00:00,15881.85,15997.28,15867.66,15973.8,17690000,2,Wednesday,,
2023-06-29,00:00:00,15971.66,15998.9,15916.79,15960.07,17183640,3,Thursday,,
2023-06-30,00:00:00,15954.68,16185.25,15929.3,16184.29,18381380,4,Friday,,
2023-07-03,00:00:00,16192.48,16212.27,16070.27,16109.3,15859690,0,Monday,8.19,0.0506
2023-07-04,00:00:00,16098.26,16104.9,16021.26,16029.25,9861290,1,Tuesday,,
2023-07-05,00:00:00,16032.05,16041.0,15900.23,15921.8,16724180,2,Wednesday,,
2023-07-06,00:00:00,15909.79,15915.06,15491.75,15549.19,29021090,3,Thursday,,
2023-07-07,00:00:00,15529.9,15699.68,15449.9,15624.79,30134450,4,Friday,,
2023-07-10,00:00:00,15628.4,15724.28,15545.77,15684.05,24844420,0,Monday,3.61,0.0231
2023-07-11,00:00:00,15679.58,15834.69,15656.75,15824.77,22765020,1,Tuesday,,
2023-07-12,00:00:00,15821.69,16046.79,15804.75,16011.4,28906490,2,Wednesday,,
2023-07-13,00:00:00,16013.3,16187.75,15992.3,16145.39,18441020,3,Thursday,,
2023-07-14,00:00:00,16142.7,16156.3,16064.15,16074.28,20561820,4,Friday,,
2023-07-17,00:00:00,16058.18,16110.8,15991.75,16070.67,19868510,0,Monday,-16.1,-0.10016
2023-07-18,00:00:00,16074.19,16156.3,16025.75,16137.2,15937770,1,Tuesday,,
2023-07-19,00:00:00,16131.65,16242.29,16070.77,16106.46,20143380,2,Wednesday,,
2023-07-20,00:00:00,16100.68,16228.18,16044.75,16128.65,23750550,3,Thursday,,
2023-07-21,00:00:00,16130.6,16189.17,16099.67,16170.27,17847230,4,Friday,,
2023-07-24,00:00:00,16173.0,16209.3,16111.29,16181.75,18186260,0,Monday,2.73,0.01688
2023-07-25,00:00:00,16183.57,16243.69,16130.75,16230.0,16131470,1,Tuesday,,
2023-07-26,00:00:00,16238.1,16245.58,15997.75,16143.56,24713760,2,Wednesday,,
2023-07-27,00:00:00,16130.59,16447.17,16123.98,16335.3,30339760,3,Thursday,,
2023-07-28,00:00:00,16336.19,16491.76,16313.55,16459.27,22058520,4,Friday,,
2023-07-31,00:00:00,16473.2,16531.78,16419.08,16466.87,16929120,0,Monday,13.93,0.08463
2023-08-01,00:00:00,16469.45,16476.7,16221.15,16242.4,19376220,1,Tuesday,,
2023-08-02,00:00:00,16161.18,16220.7,15950.27,16000.8,26748690,2,Wednesday,,
2023-08-03,00:00:00,15987.19,16044.56,15798.78,15934.1,28077400,3,Thursday,,
2023-08-04,00:00:00,15899.8,15978.3,15777.75,15833.9,35589230,4,Friday,,
2023-08-07,00:00:00,15856.9,15991.6,15820.75,15990.9,22757870,0,Monday,23.0,0.14526
2023-08-08,00:00:00,15992.99,15994.3,15703.77,15830.98,36179170,1,Tuesday,,
2023-08-09,00:00:00,15829.3,15983.79,15824.85,15892.08,29919470,2,Wednesday,,
2023-08-10,00:00:00,15901.59,16063.79,15875.3,15933.16,47900350,3,Thursday,,
2023-08-11,00:00:00,15941.26,15973.1,15798.25,15849.75,35019510,4,Friday,,
2023-08-14,00:00:00,15874.98,15939.9,15747.05,15921.2,25221920,0,Monday,25.23,0.15918
2023-08-15,00:00:00,15920.2,15960.3,15699.29,15731.97,36581910,1,Tuesday,,
2023-08-16,00:00:00,15734.7,15815.8,15666.65,15723.35,37107510,2,Wednesday,,
2023-08-17,00:00:00,15723.15,15795.8,15598.79,15607.69,32027520,3,Thursday,,
2023-08-18,00:00:00,15604.5,15661.1,15465.75,15578.8,35289630,4,Friday,,
2023-08-21,00:00:00,15575.66,15711.3,15559.65,15638.1,28460740,0,Monday,-3.14,-0.02016
2023-08-22,00:00:00,15643.29,15799.75,15616.59,15685.6,24934250,1,Tuesday,,
2023-08-23,00:00:00,15690.97,15823.79,15670.25,15747.6,22640360,2,Wednesday,,
2023-08-24,00:00:00,15781.87,15893.9,15539.77,15549.57,36146890,3,Thursday,,
2023-08-25,00:00:00,15565.77,15741.29,15553.58,15683.79,39713440,4,Friday,,
2023-08-28,00:00:00,15705.67,15824.1,15669.98,15813.57,25194590,0,Monday,21.88,0.13951
2023-08-29,00:00:00,15817.85,15971.99,15787.05,15970.15,26018410,1,Tuesday,,
2023-08-30,00:00:00,15970.55,16004.0,15818.79,15908.07,31052600,2,Wednesday,,
2023-08-31,00:00:00,15910.69,16043.79,15893.05,15957.09,24341130,3,Thursday,,
2023-09-01,00:00:00,15948.5,16004.7,15822.16,15858.75,31857350,4,Friday,,
2023-09-04,00:00:00,15856.3,15958.9,15794.77,15822.9,13276960,0,Monday,-2.45,-0.01545
2023-09-05,00:00:00,15824.55,15839.4,15688.76,15755.66,28326070,1,Tuesday,,
2023-09-06,00:00:00,15748.66,15783.29,15672.76,15726.27,30336430,2,Wednesday,,
2023-09-07,00:00:00,15731.95,15795.9,15652.75,15732.96,32056860,3,Thursday,,
2023-09-08,00:00:00,15738.36,15788.4,15573.75,15735.28,27833440,4,Friday,,
2023-09-11,00:00:00,15738.69,15873.26,15718.06,15826.4,23285950,0,Monday,3.41,0.02167
2023-09-12,00:00:00,15815.45,15832.8,15681.75,15706.37,27130980,1,Tuesday,,
2023-09-13,00:00:00,15700.87,15736.27,15560.77,15634.18,34887920,2,Wednesday,,
2023-09-14,00:00:00,15636.57,15872.5,15585.77,15871.5,29137470,3,Thursday,,
2023-09-15,00:00:00,15868.2,15992.9,15848.05,15870.8,26698160,4,Friday,,
2023-09-18,00:00:00,15887.89,15902.1,15689.76,15724.56,28370860,0,Monday,17.09,0.10768
2023-09-19,00:00:00,15725.98,15742.9,15627.2,15691.37,26114120,1,Tuesday,,
2023-09-20,00:00:00,15686.8,15809.7,15649.85,15694.69,32849280,2,Wednesday,,
2023-09-21,00:00:00,15705.5,15711.1,15463.45,15476.18,42663330,3,Thursday,,
2023-09-22,00:00:00,15487.59,15591.77,15450.75,15501.09,31925260,4,Friday,,
2023-09-25,00:00:00,15515.06,15572.3,15326.3,15425.69,34817540,0,Monday,13.97,0.09012
2023-09-26,00:00:00,15430.67,15430.67,15194.05,15222.15,40605780,1,Tuesday,,
2023-09-27,00:00:00,15222.38,15297.9,15131.16,15254.67,38672630,2,Wednesday,,
2023-09-28,00:00:00,15265.25,15368.16,15136.25,15335.36,50111850,3,Thursday,,
2023-09-29,00:00:00,15351.6,15518.3,15292.1,15354.3,50325350,4,Friday,,
2023-10-02,00:00:00,15413.65,15478.8,15165.19,15209.05,46382830,0,Monday,59.35,0.38654
2023-10-03,00:00:00,15202.87,15258.3,15057.16,15078.45,55470630,1,Tuesday,,
2023-10-04,00:00:00,15059.87,15175.9,14944.76,15136.37,55455810,2,Wednesday,,
2023-10-05,00:00:00,15131.55,15175.7,15046.25,15103.4,39042610,3,Thursday,,
2023-10-06,00:00:00,15102.65,15295.17,15033.75,15277.9,48304010,4,Friday,,
2023-10-09,00:00:00,15185.9,15207.67,15077.25,15196.66,33695400,0,Monday,-92.0,-0.60218
2023-10-10,00:00:00,15191.99,15445.78,15187.65,15396.85,32255580,1,Tuesday,,
2023-10-11,00:00:00,15396.6,15504.68,15361.78,15503.9,28704240,2,Wednesday,,
2023-10-12,00:00:00,15498.59,15575.9,15341.2,15383.66,29694120,3,Thursday,,
2023-10-13,00:00:00,15382.96,15429.2,15127.8,15149.4,36133810,4,Friday,,
2023-10-16,00:00:00,15148.27,15273.8,15100.2,15263.48,28429480,0,Monday,-1.13,-0.00746
2023-10-17,00:00:00,15263.46,15304.67,15116.27,15237.16,36850330,1,Tuesday,,
2023-10-18,00:00:00,15239.49,15290.09,15034.17,15056.26,49777710,2,Wednesday,,
2023-10-19,00:00:00,15053.6,15101.9,14925.75,14935.05,59994560,3,Thursday,,
2023-10-20,00:00:00,14939.99,14979.7,14776.76,14781.77,50855370,4,Friday,,
2023-10-23,00:00:00,14791.56,14852.66,14625.77,14770.3,46554210,0,Monday,9.79,0.06623
2023-10-24,00:00:00,14775.86,14959.79,14716.56,14906.59,40687790,1,Tuesday,,
2023-10-25,00:00:00,14892.85,14936.4,14787.25,14829.89,44080410,2,Wednesday,,
2023-10-26,00:00:00,14782.59,14796.76,14647.16,14701.88,58307550,3,Thursday,,
2023-10-27,00:00:00,14721.88,14825.4,14587.65,14618.27,47391110,4,Friday,,
2023-10-30,00:00:00,14647.5,14800.4,14632.06,14752.76,41940620,0,Monday,29.23,0.19996
2023-10-31,00:00:00,14750.48,14849.15,14690.05,14840.29,43417090,1,Tuesday,,
2023-11-01,00:00:00,14846.16,14989.19,14784.77,14983.77,45441350,2,Wednesday,,
2023-11-02,00:00:00,14991.4,15221.18,14989.58,15219.25,29574140,3,Thursday,,
2023-11-03,00:00:00,15208.9,15268.3,15149.25,15194.25,30733840,4,Friday,,
2023-11-06,00:00:00,15199.66,15233.8,15099.17,15132.6,29207950,0,Monday,5.41,0.03561
2023-11-07,00:00:00,15125.26,15195.29,15067.25,15149.37,30839810,1,Tuesday,,
2023-11-08,00:00:00,15151.07,15290.79,15075.56,15210.58,34432510,2,Wednesday,,
2023-11-09,00:00:00,15205.09,15366.29,15189.86,15276.79,41002040,3,Thursday,,
2023-11-10,00:00:00,15276.56,15332.67,15169.75,15325.9,35909050,4,Friday,,
2023-11-13,00:00:00,15310.78,15366.7,15225.08,15358.86,25420060,0,Monday,-15.12,-0.09866
2023-11-14,00:00:00,15367.99,15638.4,15331.7,15626.08,31292630,1,Tuesday,,
2023-11-15,00:00:00,15635.75,15762.8,15608.08,15720.2,35362280,2,Wednesday,,
2023-11-16,00:00:00,15732.79,15866.78,15710.05,15817.48,31317150,3,Thursday,,
2023-11-17,00:00:00,15835.68,15948.17,15811.67,15942.68,25338500,4,Friday,,
2023-11-20,00:00:00,15948.87,15954.7,15851.75,15916.98,21498380,0,Monday,6.19,0.03883
2023-11-21,00:00:00,15930.28,15946.56,15887.55,15891.85,24063810,1,Tuesday,,
2023-11-22,00:00:00,15898.27,15998.79,15884.8,15951.97,24109300,2,Wednesday,,
2023-11-23,00:00:00,15954.77,16003.3,15940.15,15991.9,10092180,3,Thursday,,
2023-11-24,00:00:00,15994.59,16045.2,15972.0,16023.25,12673740,4,Friday,,
2023-11-27,00:00:00,16017.79,16038.4,15950.26,15959.38,7494590,0,Monday,-5.46,-0.03408
2023-11-28,00:00:00,15964.8,16000.8,15913.26,15987.88,9125540,1,Tuesday,,
2023-11-29,00:00:00,15989.38,16210.8,15983.4,16185.25,10870420,2,Wednesday,,
2023-11-30,00:00:00,16183.39,16262.9,16167.29,16242.58,11896460,3,Thursday,,
2023-12-01,00:00:00,16234.07,16439.3,16231.25,16428.27,10531200,4,Friday,,
2023-12-04,00:00:00,16429.76,16456.8,16380.25,16426.3,8015550,0,Monday,1.49,0.00907
2023-12-05,00:00:00,16429.7,16552.27,16391.15,16527.7,10752860,1,Tuesday,,
2023-12-06,00:00:00,16521.4,16729.77,16514.85,16625.98,9731820,2,Wednesday,,
2023-12-07,00:00:00,16628.49,16666.79,16591.8,16642.1,9310950,3,Thursday,,
2023-12-08,00:00:00,16636.1,16798.25,16628.39,16787.35,10597740,4,Friday,,
2023-12-11,00:00:00,16791.76,16826.2,16732.38,16812.59,7359690,0,Monday,4.41,0.02627
2023-12-12,00:00:00,16815.06,16852.2,16753.25,16796.99,8346270,1,Tuesday,,
2023-12-13,00:00:00,16802.3,16898.3,16734.15,16894.4,9611770,2,Wednesday,,
2023-12-14,00:00:00,16896.29,17003.4,16661.75,16719.7,18191750,3,Thursday,,
2023-12-15,00:00:00,16713.76,16888.9,16705.96,16720.3,14530850,4,Friday,,
2023-12-18,00:00:00,16735.18,16756.15,16624.26,16661.6,10088570,0,Monday,14.88,0.08899
2023-12-19,00:00:00,16665.3,16780.2,16652.26,16755.97,8138530,1,Tuesday,,
2023-12-20,00:00:00,16762.95,16813.08,16591.3,16602.77,11101870,2,Wednesday,,
2023-12-21,00:00:00,16628.27,16731.85,16622.56,16729.66,12824080,3,Thursday,,
2023-12-22,00:00:00,16731.05,16736.2,16650.1,16713.47,8751710,4,Friday,,
2023-12-27,00:00:00,16780.6,16797.4,16695.05,16755.16,8799690,2,Wednesday,,
2023-12-28,00:00:00,16757.86,16809.07,16688.26,16705.25,7961130,3,Thursday,,
2023-12-29,00:00:00,16706.78,16789.7,16698.09,16760.0,7038250,4,Friday,,
2024-01-02,00:00:00,16768.89,16961.7,16647.06,16731.3,14719020,1,Tuesday,,
2024-01-03,00:00:00,16739.65,16786.57,16476.75,16519.37,16894990,2,Wednesday,,
2024-01-04,00:00:00,16538.99,16629.3,16493.27,16559.49,14133190,3,Thursday,,
2024-01-05,00:00:00,16577.07,16648.75,16443.76,16583.8,16972610,4,Friday,,
2024-01-08,00:00:00,16591.0,16783.68,16514.77,16770.45,11928290,0,Monday,7.2,0.04342
2024-01-09,00:00:00,16767.75,16772.77,16609.28,16673.68,13961870,1,Tuesday,,
2024-01-10,00:00:00,16667.97,16756.4,16620.05,16718.08,12677910,2,Wednesday,,
2024-01-11,00:00:00,16726.85,16840.27,16533.15,16631.3,21141170,3,Thursday,,
2024-01-12,00:00:00,16622.2,16751.79,16605.8,16712.25,18067140,4,Friday,,
2024-01-15,00:00:00,16693.9,16789.8,16607.25,16626.4,8621800,0,Monday,-18.35,-0.1098
2024-01-16,00:00:00,16629.06,16630.78,16469.77,16530.46,18626020,1,Tuesday,,
2024-01-17,00:00:00,16536.15,16540.49,16343.25,16407.8,17344710,2,Wednesday,,
2024-01-18,00:00:00,16409.19,16601.3,16400.26,16595.68,16222160,3,Thursday,,
2024-01-19,00:00:00,16609.4,16655.65,16511.26,16627.76,15124750,4,Friday,,
2024-01-22,00:00:00,16649.78,16706.9,16605.28,16662.48,12431260,0,Monday,22.02,0.13243
2024-01-23,00:00:00,16668.7,16759.3,16620.67,16669.48,10953930,1,Tuesday,,
2024-01-24,00:00:00,16678.7,16925.4,16669.27,16854.48,14384120,2,Wednesday,,
2024-01-25,00:00:00,16872.77,16915.4,16781.79,16907.26,15925020,3,Thursday,,
2024-01-26,00:00:00,16890.9,16967.9,16840.56,16934.26,12305960,4,Friday,,
2024-01-29,00:00:00,16897.1,17003.67,16857.27,16982.68,9241620,0,Monday,-37.16,-0.21944
2024-01-30,00:00:00,16986.15,17015.77,16934.39,16962.78,9490230,1,Tuesday,,
2024-01-31,00:00:00,16911.79,16992.9,16790.69,16812.99,17847960,2,Wednesday,,
2024-02-01,00:00:00,16827.85,16974.8,16783.68,16970.38,15411910,3,Thursday,,
2024-02-02,00:00:00,16975.39,17004.28,16887.17,16933.4,17308700,4,Friday,,
2024-02-05,00:00:00,16937.15,16973.18,16853.57,16914.1,12772560,0,Monday,3.75,0.02215
2024-02-06,00:00:00,16919.4,17050.69,16868.68,17010.85,13494590,1,Tuesday,,
2024-02-07,00:00:00,17022.96,17064.48,16908.76,16936.98,12488040,2,Wednesday,,
2024-02-08,00:00:00,16943.28,17028.26,16885.28,16966.27,10444710,3,Thursday,,
2024-02-09,00:00:00,16963.5,16991.9,16873.4,16957.28,9528150,4,Friday,,
2024-02-12,00:00:00,16943.57,17042.3,16939.76,16978.7,8613430,0,Monday,-13.71,-0.08085
2024-02-13,00:00:00,16992.69,17008.09,16780.65,16823.96,15386050,1,Tuesday,,
2024-02-14,00:00:00,16836.28,17001.4,16820.15,16990.85,11742450,2,Wednesday,,
2024-02-15,00:00:00,16986.27,17112.56,16964.58,17105.3,11730400,3,Thursday,,
2024-02-16,00:00:00,17106.17,17197.78,17057.26,17072.78,13542260,4,Friday,,
2024-02-19,00:00:00,17086.56,17107.59,17047.68,17081.19,4499340,0,Monday,13.78,0.08071
2024-02-20,00:00:00,17081.17,17084.3,17017.65,17052.56,12597790,1,Tuesday,,
2024-02-21,00:00:00,17064.09,17159.15,17053.49,17144.35,13081740,2,Wednesday,,
2024-02-22,00:00:00,17187.08,17432.17,17165.17,17409.9,13104260,3,Thursday,,
2024-02-23,00:00:00,17415.3,17443.68,17355.7,17411.3,10605310,4,Friday,,
2024-02-26,00:00:00,17393.59,17461.9,17368.47,17420.8,8420640,0,Monday,-17.71,-0.10172
2024-02-27,00:00:00,17414.88,17593.17,17381.06,17591.37,9339500,1,Tuesday,,
2024-02-28,00:00:00,17589.99,17620.7,17554.4,17571.9,9682940,2,Wednesday,,
2024-02-29,00:00:00,17585.4,17755.96,17568.77,17732.46,12314780,3,Thursday,,
2024-03-01,00:00:00,17737.37,17816.26,17687.27,17747.26,12224320,4,Friday,,
2024-03-04,00:00:00,17744.07,17764.58,17683.76,17688.09,8395980,0,Monday,-3.19,-0.01797
2024-03-05,00:00:00,17685.27,17747.78,17623.65,17679.48,11732020,1,Tuesday,,
2024-03-06,00:00:00,17682.7,17745.6,17664.19,17713.19,15214240,2,Wednesday,,
2024-03-07,00:00:00,17722.0,17886.0,17617.48,17859.7,12632260,3,Thursday,,
2024-03-08,00:00:00,17879.35,17905.8,17741.37,17754.97,15756550,4,Friday,,
2024-03-11,00:00:00,17721.26,17788.5,17659.49,17782.5,11749490,0,Monday,-33.71,-0.18986
2024-03-12,00:00:00,17806.9,17993.35,17745.1,17986.6,13598180,1,Tuesday,,
2024-03-13,00:00:00,18000.46,18015.39,17937.96,17966.96,10380360,2,Wednesday,,
2024-03-14,00:00:00,17964.77,18038.9,17862.65,17913.79,15615770,3,Thursday,,
2024-03-15,00:00:00,17910.19,18043.4,17890.07,17983.77,14023750,4,Friday,,
2024-03-18,00:00:00,17989.3,18014.76,17901.77,17917.29,9480830,0,Monday,5.53,0.03075
2024-03-19,00:00:00,17893.96,18007.3,17877.1,18002.9,10852980,1,Tuesday,,
2024-03-20,00:00:00,18007.47,18151.4,17952.85,18143.5,12402870,2,Wednesday,,
2024-03-21,00:00:00,18157.56,18207.28,18051.87,18161.76,10629710,3,Thursday,,
2024-03-22,00:00:00,18164.67,18258.18,18131.2,18225.27,9126200,4,Friday,,
2024-03-25,00:00:00,18231.35,18288.4,18175.9,18258.79,8004530,0,Monday,6.08,0.03336
2024-03-26,00:00:00,18266.7,18412.77,18254.79,18371.29,7525770,1,Tuesday,,
2024-03-27,00:00:00,18372.4,18533.2,18368.78,18523.26,7699780,2,Wednesday,,
2024-03-28,00:00:00,18523.85,18546.1,18474.26,18510.18,8264970,3,Thursday,,
2024-04-01,00:00:00,18586.28,18630.6,18457.15,18515.48,1386790,0,Monday,76.1,0.41113
2024-04-02,00:00:00,18511.88,18570.3,18255.65,18307.1,7222920,1,Tuesday,,
2024-04-03,00:00:00,18303.89,18379.3,18237.06,18360.19,6890650,2,Wednesday,,
2024-04-04,00:00:00,18357.77,18428.26,18173.19,18197.76,6778970,3,Thursday,,
2024-04-05,00:00:00,18205.57,18221.65,18083.9,18181.79,8927860,4,Friday,,
2024-04-08,00:00:00,18213.89,18328.27,18159.08,18302.78,6088720,0,Monday,32.1,0.17655
2024-04-09,00:00:00,18305.2,18306.0,18056.26,18144.39,6727000,1,Tuesday,,
2024-04-10,00:00:00,18130.28,18238.9,17973.29,18059.46,9497430,2,Wednesday,,
2024-04-11,00:00:00,18053.68,18108.69,17859.76,18038.76,9637920,3,Thursday,,
2024-04-12,00:00:00,18039.15,18161.3,17831.3,17849.76,11328250,4,Friday,,
2024-04-15,00:00:00,17850.37,18194.78,17842.67,17876.56,11795020,0,Monday,0.61,0.00342
2024-04-16,00:00:00,17887.85,17904.76,17712.27,17755.87,12970970,1,Tuesday,,
2024-04-17,00:00:00,17787.5,17908.4,17724.69,17766.69,13175180,2,Wednesday,,
2024-04-18,00:00:00,17781.7,17864.99,17713.98,17751.0,11839330,3,Thursday,,
2024-04-19,00:00:00,17757.9,17771.8,17396.8,17715.76,12713310,4,Friday,,
2024-04-22,00:00:00,17752.57,17980.69,17748.18,17922.6,10130030,0,Monday,36.81,0.20778
2024-04-23,00:00:00,17948.28,18184.49,17899.77,18178.57,7583500,1,Tuesday,,
2024-04-24,00:00:00,18181.7,18237.8,17998.38,18015.48,7567130,2,Wednesday,,
2024-04-25,00:00:00,18001.85,18082.79,17794.29,18050.0,11933730,3,Thursday,,
2024-04-26,00:00:00,18035.26,18202.27,17958.8,18173.26,8747020,4,Friday,,
2024-04-29,00:00:00,18194.98,18238.2,18081.65,18125.8,6769700,0,Monday,21.72,0.11952
2024-04-30,00:00:00,18118.0,18147.8,17862.09,17888.78,9863050,1,Tuesday,,
2024-05-01,00:00:00,17856.87,18041.47,17795.07,17819.88,546250,2,Wednesday,,
2024-05-02,00:00:00,17861.1,17984.3,17854.0,17938.69,9510250,3,Thursday,,
2024-05-03,00:00:00,17970.38,18107.28,17903.76,18021.28,9895980,4,Friday,,
2024-05-06,00:00:00,18054.77,18220.4,18016.6,18208.06,5015250,0,Monday,33.49,0.18584
2024-05-07,00:00:00,18206.07,18449.39,18199.08,18448.46,6826280,1,Tuesday,,
2024-05-08,00:00:00,18429.26,18546.9,18410.06,18495.1,6459000,2,Wednesday,,
2024-05-09,00:00:00,18498.09,18737.29,18470.08,18730.07,6056950,3,Thursday,,
2024-05-10,00:00:00,18735.1,18847.26,18709.58,18769.78,5703660,4,Friday,,
2024-05-13,00:00:00,18766.08,18800.67,18702.18,18713.56,4542210,0,Monday,-3.7,-0.01971
2024-05-14,00:00:00,18720.08,18772.67,18621.28,18765.15,5489910,1,Tuesday,,
2024-05-15,00:00:00,18768.57,18892.28,18744.77,18864.98,6311820,2,Wednesday,,
2024-05-16,00:00:00,18882.98,18924.89,18677.87,18679.8,6943730,3,Thursday,,
2024-05-17,00:00:00,18688.88,18731.47,18624.77,18719.58,5528960,4,Friday,,
2024-05-20,00:00:00,18744.38,18805.58,18723.2,18729.76,3730450,0,Monday,24.8,0.13248
2024-05-21,00:00:00,18741.3,18750.9,18631.8,18729.8,4567460,1,Tuesday,,
2024-05-22,00:00:00,18736.07,18760.1,18589.17,18642.8,6019540,2,Wednesday,,
2024-05-23,00:00:00,18660.5,18766.8,18551.18,18588.17,8018540,3,Thursday,,
2024-05-24,00:00:00,18584.15,18708.77,18512.77,18697.3,5737500,4,Friday,,
2024-05-27,00:00:00,18708.06,18797.69,18664.2,18795.69,2394210,0,Monday,10.76,0.05755
2024-05-28,00:00:00,18785.76,18853.9,18616.8,18652.65,7878270,1,Tuesday,,
2024-05-29,00:00:00,18651.09,18674.1,18434.26,18469.48,8339710,2,Wednesday,,
2024-05-30,00:00:00,18443.79,18537.2,18379.57,18456.76,7946110,3,Thursday,,
2024-05-31,00:00:00,18458.6,18595.2,18416.79,18587.78,9448390,4,Friday,,
2024-06-03,00:00:00,18564.37,18700.4,18502.15,18575.38,10483760,0,Monday,-23.41,-0.12594
2024-06-04,00:00:00,18572.4,18589.76,18360.65,18458.48,10557180,1,Tuesday,,
2024-06-05,00:00:00,18458.9,18637.2,18450.07,18620.85,7376700,2,Wednesday,,
2024-06-06,00:00:00,18644.18,18785.3,18596.68,18623.7,8130120,3,Thursday,,
2024-06-07,00:00:00,18627.15,18652.2,18421.06,18545.08,10404350,4,Friday,,
2024-06-10,00:00:00,18494.67,18529.3,18356.07,18497.59,7851190,0,Monday,-50.41,-0.27182
2024-06-11,00:00:00,18515.68,18550.3,18275.76,18385.7,8378420,1,Tuesday,,
2024-06-12,00:00:00,18377.37,18651.77,18373.6,18609.5,9541540,2,Wednesday,,
2024-06-13,00:00:00,18637.49,18646.38,18227.65,18287.38,9804400,3,Thursday,,
2024-06-14,00:00:00,18271.89,18345.3,17948.8,18000.28,10160800,4,Friday,,
2024-06-17,00:00:00,17996.27,18161.69,17968.76,18141.5,7561360,0,Monday,-4.01,-0.02228
2024-06-18,00:00:00,18167.15,18211.76,18070.15,18153.8,9250540,1,Tuesday,,
2024-06-19,00:00:00,18159.78,18172.76,18051.68,18079.18,5194000,2,Wednesday,,
2024-06-20,00:00:00,18064.5,18260.8,18060.26,18228.6,9371200,3,Thursday,,
2024-06-21,00:00:00,18245.76,18254.69,18086.78,18181.4,6946260,4,Friday,,
2024-06-24,00:00:00,18198.0,18355.79,18122.56,18208.9,6376530,0,Monday,16.6,0.0913
2024-06-25,00:00:00,18215.96,18252.56,18074.4,18185.3,6508090,1,Tuesday,,
2024-06-26,00:00:00,18191.57,18365.9,18044.27,18134.1,6904230,2,Wednesday,,
2024-06-27,00:00:00,18144.59,18264.88,18085.69,18238.97,4538940,3,Thursday,,
2024-06-28,00:00:00,18233.47,18355.28,18188.65,18246.3,3184510,4,Friday,,
2024-07-01,00:00:00,18307.78,18462.79,18250.08,18321.77,3242690,0,Monday,61.48,0.33695
2024-07-02,00:00:00,18329.29,18329.29,18027.77,18171.4,3118340,1,Tuesday,,
2024-07-03,00:00:00,18165.1,18403.17,18159.87,18399.79,2388250,2,Wednesday,,
2024-07-04,00:00:00,18410.27,18465.79,18382.57,18451.9,1427620,3,Thursday,,
2024-07-05,00:00:00,18452.39,18665.18,18417.2,18505.75,2825500,4,Friday,,
2024-07-08,00:00:00,18465.39,18632.77,18410.28,18460.07,2768070,0,Monday,-40.36,-0.21809
2024-07-09,00:00:00,18466.17,18502.4,18211.8,18245.69,3066220,1,Tuesday,,
2024-07-10,00:00:00,18244.8,18459.69,18222.15,18444.1,2238380,2,Wednesday,,
2024-07-11,00:00:00,18451.2,18579.4,18412.4,18521.17,3328370,3,Thursday,,
2024-07-12,00:00:00,18512.89,18782.4,18500.28,18709.4,3076810,4,Friday,,
2024-07-15,00:00:00,18716.77,18747.56,18539.58,18567.2,3282170,0,Monday,7.37,0.03939
2024-07-16,00:00:00,18584.0,18596.1,18449.15,18573.19,3019130,1,Tuesday,,
2024-07-17,00:00:00,18577.18,18582.89,18343.9,18434.1,4035470,2,Wednesday,,
2024-07-18,00:00:00,18468.18,18535.79,18288.15,18321.2,4771780,3,Thursday,,
2024-07-19,00:00:00,18341.46,18350.56,18147.45,18152.19,8137780,4,Friday,,
2024-07-22,00:00:00,18185.88,18478.0,18166.57,18468.79,3824730,0,Monday,33.69,0.1856
2024-07-23,00:00:00,18488.79,18649.79,18443.68,18524.79,3926990,1,Tuesday,,
2024-07-24,00:00:00,18492.47,18520.7,18320.17,18360.6,4551630,2,Wednesday,,
2024-07-25,00:00:00,18371.68,18392.59,18094.79,18266.68,6115790,3,Thursday,,
2024-07-26,00:00:00,18298.3,18476.7,18215.26,18463.27,5313300,4,Friday,,
2024-07-29,00:00:00,18486.07,18546.26,18307.7,18348.65,4115510,0,Monday,22.8,0.12349
2024-07-30,00:00:00,18373.17,18470.08,18263.99,18389.85,4780920,1,Tuesday,,
2024-07-31,00:00:00,18442.07,18576.48,18406.39,18498.06,5380840,2,Wednesday,,
2024-08-01,00:00:00,18530.87,18556.8,17966.27,18020.89,6411570,3,Thursday,,
2024-08-02,00:00:00,18039.88,18052.09,17619.76,17716.28,7837320,4,Friday,,
2024-08-05,00:00:00,17555.65,17649.07,17021.3,17344.77,11300540,0,Monday,-160.63,-0.90668
2024-08-06,00:00:00,17450.7,17568.19,17228.97,17353.7,8803570,1,Tuesday,,
2024-08-07,00:00:00,17311.76,17670.98,17272.06,17426.6,7148280,2,Wednesday,,
2024-08-08,00:00:00,17372.96,17749.2,17268.06,17712.76,6486840,3,Thursday,,
2024-08-09,00:00:00,17727.6,17787.8,17614.77,17773.77,5335840,4,Friday,,
2024-08-12,00:00:00,17765.7,17829.3,17672.78,17698.48,4417840,0,Monday,-8.07,-0.0454
2024-08-13,00:00:00,17709.08,17865.2,17666.77,17855.18,4025110,1,Tuesday,,
2024-08-14,00:00:00,17859.1,17925.18,17824.77,17924.27,4226990,2,Wednesday,,
2024-08-15,00:00:00,17905.2,18210.3,17885.5,18185.57,3489180,3,Thursday,,
2024-08-16,00:00:00,18200.65,18354.19,18193.06,18319.78,3729700,4,Friday,,
2024-08-19,00:00:00,18348.68,18454.78,18279.29,18417.0,2779960,0,Monday,28.9,0.15775
2024-08-20,00:00:00,18439.4,18496.4,18315.3,18358.9,3031310,1,Tuesday,,
2024-08-21,00:00:00,18346.98,18477.77,18338.78,18464.65,3249090,2,Wednesday,,
2024-08-22,00:00:00,18467.3,18552.27,18424.6,18449.5,3350050,3,Thursday,,
2024-08-23,00:00:00,18459.2,18672.3,18450.57,18624.28,4395140,4,Friday,,
2024-08-26,00:00:00,18626.5,18643.19,18547.78,18610.07,2963330,0,Monday,2.22,0.01192
2024-08-27,00:00:00,18625.0,18729.27,18596.67,18690.98,3558300,1,Tuesday,,
2024-08-28,00:00:00,18691.1,18858.27,18651.77,18774.6,4019270,2,Wednesday,,
2024-08-29,00:00:00,18734.35,18971.67,18669.6,18855.6,4888880,3,Thursday,,
2024-08-30,00:00:00,18851.76,18969.9,18830.98,18942.3,3761880,4,Friday,,
2024-09-02,00:00:00,18945.98,18947.3,18769.26,18943.68,1937750,0,Monday,3.68,0.01943
2024-09-03,00:00:00,18933.77,18992.76,18620.89,18656.89,4782150,1,Tuesday,,
2024-09-04,00:00:00,18634.15,18654.29,18471.0,18540.67,5257520,2,Wednesday,,
2024-09-05,00:00:00,18567.96,18680.79,18503.27,18606.59,4988940,3,Thursday,,
2024-09-06,00:00:00,18595.87,18609.28,18254.69,18261.29,5701350,4,Friday,,
2024-09-09,00:00:00,18239.89,18496.7,18218.27,18492.3,4657630,0,Monday,-21.4,-0.11719
2024-09-10,00:00:00,18505.57,18506.48,18185.67,18326.46,4862560,1,Tuesday,,
2024-09-11,00:00:00,18313.46,18492.96,18206.27,18472.96,5879000,2,Wednesday,,
2024-09-12,00:00:00,18471.06,18597.29,18378.76,18548.87,5320210,3,Thursday,,
2024-09-13,00:00:00,18565.38,18725.26,18530.65,18683.8,4241970,4,Friday,,
2024-09-16,00:00:00,18694.08,18725.7,18596.27,18701.5,5654080,0,Monday,10.28,0.05502
2024-09-17,00:00:00,18701.17,18806.9,18616.15,18695.27,4452580,1,Tuesday,,
2024-09-18,00:00:00,18691.67,18916.18,18687.38,18770.35,4979220,2,Wednesday,,
2024-09-19,00:00:00,18774.88,19047.79,18765.06,18949.17,3928010,3,Thursday,,
2024-09-20,00:00:00,18970.6,18972.3,18703.19,18733.76,4713060,4,Friday,,
2024-09-23,00:00:00,18715.08,18887.4,18679.77,18874.67,3872000,0,Monday,-18.68,-0.09971
2024-09-24,00:00:00,18872.57,19029.88,18843.15,18986.08,4039070,1,Tuesday,,
2024-09-25,00:00:00,18991.28,19000.2,18841.46,18924.1,3636150,2,Wednesday,,
2024-09-26,00:00:00,18910.8,19293.3,18909.1,19274.4,4162580,3,Thursday,,
2024-09-27,00:00:00,19285.76,19494.3,19229.56,19395.76,4397540,4,Friday,,
2024-09-30,00:00:00,19363.38,19478.7,19305.19,19364.38,4315270,0,Monday,-32.38,-0.16694
2024-10-01,00:00:00,19357.0,19447.78,19130.8,19216.3,5719730,1,Tuesday,,
2024-10-02,00:00:00,19174.5,19271.2,19056.78,19159.15,4746740,2,Wednesday,,
2024-10-03,00:00:00,19172.4,19181.1,18960.26,18992.97,4915260,3,Thursday,,
2024-10-04,00:00:00,18967.5,19201.15,18947.9,19196.77,4648500,4,Friday,,
2024-10-07,00:00:00,19217.88,19230.1,18980.68,19023.28,4417270,0,Monday,21.11,0.10997
2024-10-08,00:00:00,19032.2,19116.65,18906.1,19100.4,3948100,1,Tuesday,,
2024-10-09,00:00:00,19092.3,19283.69,19001.79,19251.18,3521000,2,Wednesday,,
2024-10-10,00:00:00,19258.2,19306.07,19142.26,19215.96,4019800,3,Thursday,,
2024-10-11,00:00:00,19224.77,19399.19,19175.26,19385.27,3330800,4,Friday,,
2024-10-14,00:00:00,19356.96,19547.7,19337.48,19528.3,2268280,0,Monday,-28.31,-0.14604
2024-10-15,00:00:00,19544.79,19637.9,19449.96,19456.15,3228770,1,Tuesday,,
2024-10-16,00:00:00,19447.28,19513.27,19401.06,19476.6,2526440,2,Wednesday,,
2024-10-17,00:00:00,19473.56,19679.77,19435.57,19568.28,2801610,3,Thursday,,
2024-10-18,00:00:00,19564.8,19669.68,19477.7,19641.69,2362530,4,Friday,,
2024-10-21,00:00:00,19660.89,19681.2,19448.7,19514.56,3146700,0,Monday,19.2,0.09775
2024-10-22,00:00:00,19530.58,19589.6,19368.6,19449.19,3519490,1,Tuesday,,
2024-10-23,00:00:00,19417.6,19475.4,19298.98,19345.08,3160690,2,Wednesday,,
2024-10-24,00:00:00,19356.89,19558.09,19327.08,19452.5,2934500,3,Thursday,,
2024-10-25,00:00:00,19436.07,19517.2,19351.0,19411.19,3770210,4,Friday,,
2024-10-28,00:00:00,19503.6,19581.2,19395.9,19525.15,4513020,0,Monday,92.41,0.47607
2024-10-29,00:00:00,19525.8,19643.8,19459.47,19470.59,4266010,1,Tuesday,,
2024-10-30,00:00:00,19500.26,19502.2,19197.77,19232.3,5055440,2,Wednesday,,
2024-10-31,00:00:00,19216.08,19225.7,19003.26,19077.77,5442560,3,Thursday,,
2024-11-01,00:00:00,19110.68,19297.28,19041.06,19225.77,4937450,4,Friday,,
2024-11-04,00:00:00,19186.4,19293.3,19094.3,19136.9,3815440,0,Monday,-39.37,-0.20478
2024-11-05,00:00:00,19152.7,19312.48,19102.77,19306.28,3675900,1,Tuesday,,
2024-11-06,00:00:00,19307.48,19566.3,19002.17,19104.57,5796450,2,Wednesday,,
2024-11-07,00:00:00,19134.1,19449.7,19028.58,19441.17,4241000,3,Thursday,,
2024-11-08,00:00:00,19438.08,19448.4,19142.27,19240.77,3881020,4,Friday,,
2024-11-11,00:00:00,19248.47,19545.8,19246.06,19408.57,3731890,0,Monday,7.7,0.04002
2024-11-12,00:00:00,19405.47,19416.58,18959.65,19078.5,4351320,1,Tuesday,,
2024-11-13,00:00:00,19068.88,19124.9,18834.77,18998.3,4750500,2,Wednesday,,
2024-11-14,00:00:00,18995.27,19307.4,18930.56,19185.49,4558730,3,Thursday,,
2024-11-15,00:00:00,19209.59,19289.29,19119.78,19233.77,5106630,4,Friday,,
2024-11-18,00:00:00,19228.07,19293.56,19087.9,19128.08,4205340,0,Monday,-5.7,-0.02964
2024-11-19,00:00:00,19133.87,19248.57,18809.26,19065.38,5420440,1,Tuesday,,
2024-11-20,00:00:00,19050.56,19203.4,18958.3,19092.39,4475400,2,Wednesday,,
2024-11-21,00:00:00,19086.97,19197.17,18898.28,19167.48,5691080,3,Thursday,,
2024-11-22,00:00:00,19154.8,19369.4,19029.8,19348.89,5344640,4,Friday,,
2024-11-25,00:00:00,19420.28,19468.88,19325.85,19391.1,5033390,0,Monday,71.39,0.36896
2024-11-26,00:00:00,19385.85,19409.37,19219.67,19326.37,4500850,1,Tuesday,,
2024-11-27,00:00:00,19325.4,19339.29,19141.9,19272.7,4907110,2,Wednesday,,
2024-11-28,00:00:00,19276.3,19438.4,19275.6,19432.39,2910690,3,Thursday,,
2024-11-29,00:00:00,19436.4,19680.2,19348.67,19641.17,3462140,4,Friday,,
2024-12-02,00:00:00,19667.68,19949.1,19560.0,19932.29,4350190,0,Monday,26.51,0.13497
2024-12-03,00:00:00,19914.09,20039.3,19890.09,20027.68,3679830,1,Tuesday,,
2024-12-04,00:00:00,20027.98,20261.79,19998.97,20217.68,3438980,2,Wednesday,,
2024-12-05,00:00:00,20214.37,20375.26,20192.65,20322.17,3428870,3,Thursday,,
2024-12-06,00:00:00,20328.6,20425.28,20299.56,20373.9,3207560,4,Friday,,
2024-12-09,00:00:00,20376.37,20473.26,20299.56,20303.8,3508540,0,Monday,2.47,0.01212
2024-12-10,00:00:00,20316.9,20395.67,20257.46,20317.06,3407020,1,Tuesday,,
2024-12-11,00:00:00,20323.65,20425.56,20277.96,20405.28,3071850,2,Wednesday,,
2024-12-12,00:00:00,20404.26,20448.17,20360.09,20396.35,3197900,3,Thursday,,
2024-12-13,00:00:00,20429.2,20526.3,20363.19,20411.19,3382780,4,Friday,,
2024-12-16,00:00:00,20418.59,20473.46,20298.2,20307.26,2901490,0,Monday,7.4,0.03625
2024-12-17,00:00:00,20310.6,20356.8,20220.09,20233.9,3264230,1,Tuesday,,
2024-12-18,00:00:00,20242.2,20330.2,19915.47,20003.18,4789870,2,Wednesday,,
2024-12-19,00:00:00,20063.57,20104.76,19928.97,19930.7,4747960,3,Thursday,,
2024-12-20,00:00:00,19966.97,19969.59,19644.77,19871.27,6128730,4,Friday,,
2024-12-23,00:00:00,19949.4,19951.49,19798.3,19890.0,4426860,0,Monday,78.13,0.39318
2024-12-24,00:00:00,19894.96,20031.49,19868.17,20021.47,215750,1,Tuesday,,
2024-12-26,00:00:00,19998.77,20028.7,19897.26,19979.49,313490,3,Thursday,,
2024-12-27,00:00:00,19976.78,19999.67,19797.15,19953.0,4434710,4,Friday,,
2024-12-30,00:00:00,19951.19,19999.29,19759.46,19817.27,4655660,0,Monday,-1.81,-0.00907
2024-12-31,00:00:00,19814.3,19918.78,19774.98,19806.79,495860,1,Tuesday,,
2025-01-02,00:00:00,19849.35,20038.97,19773.5,19963.08,5676340,3,Thursday,,
2025-01-03,00:00:00,19955.4,20034.1,19864.56,19906.59,3653830,4,Friday,,
2025-01-06,00:00:00,19903.98,20247.2,19881.89,20143.3,3798090,0,Monday,-2.61,-0.01311
2025-01-07,00:00:00,20144.79,20391.8,20106.56,20303.37,3732460,1,Tuesday,,
2025-01-08,00:00:00,20294.67,20482.3,20238.9,20337.85,4708470,2,Wednesday,,
2025-01-09,00:00:00,20330.8,20360.3,20247.3,20330.4,1943060,3,Thursday,,
2025-01-10,00:00:00,20340.9,20402.8,20186.56,20245.57,4686230,4,Friday,,
2025-01-13,00:00:00,20223.18,20257.39,20022.79,20207.1,3838370,0,Monday,-22.39,-0.11059
2025-01-14,00:00:00,20238.2,20360.58,20197.37,20284.9,3558200,1,Tuesday,,
2025-01-15,00:00:00,20284.07,20629.7,20262.27,20609.3,3525290,2,Wednesday,,
2025-01-16,00:00:00,20624.9,20704.56,20574.85,20603.17,3300350,3,Thursday,,
2025-01-17,00:00:00,20628.8,20926.9,20620.85,20891.0,2869080,4,Friday,,
2025-01-20,00:00:00,20892.4,21054.27,20854.79,21017.15,1957440,0,Monday,1.4,0.0067
2025-01-21,00:00:00,21001.97,21145.56,20863.09,21127.2,3226610,1,Tuesday,,
2025-01-22,00:00:00,21145.0,21334.28,21121.69,21236.58,3087210,2,Wednesday,,
2025-01-23,00:00:00,21245.68,21497.65,21222.0,21476.5,2458380,3,Thursday,,
2025-01-24,00:00:00,21474.2,21529.09,21348.4,21366.27,2572080,4,Friday,,
2025-01-27,00:00:00,21278.88,21413.69,21078.77,21396.4,6441300,0,Monday,-87.39,-0.40901
2025-01-28,00:00:00,21412.65,21513.07,21296.26,21478.7,4133090,1,Tuesday,,
2025-01-29,00:00:00,21460.98,21674.17,21455.9,21624.35,3825980,2,Wednesday,,
2025-01-30,00:00:00,21638.6,21793.68,21618.89,21716.5,3189930,3,Thursday,,
2025-01-31,00:00:00,21755.89,21801.67,21616.06,21629.2,3351070,4,Friday,,
2025-02-03,00:00:00,21231.31,21468.15,21102.47,21399.69,6870490,0,Monday,-397.89,-1.8396
2025-02-04,00:00:00,21542.68,21547.3,21294.49,21447.48,4478080,1,Tuesday,,
2025-02-05,00:00:00,21421.76,21648.8,21384.68,21635.59,3989160,2,Wednesday,,
2025-02-06,00:00:00,21637.7,21923.8,21630.69,21875.38,4192150,3,Thursday,,
2025-02-07,00:00:00,21871.67,21947.29,21723.65,21736.3,5090160,4,Friday,,
2025-02-10,00:00:00,21701.69,21946.8,21696.26,21928.28,3353160,0,Monday,-34.61,-0.15923
2025-02-11,00:00:00,21925.37,22113.7,21881.77,22094.7,3722180,1,Tuesday,,
2025-02-12,00:00:00,22094.18,22314.48,22023.07,22299.0,4512230,2,Wednesday,,
2025-02-13,00:00:00,22318.98,22623.09,22303.08,22488.7,5410990,3,Thursday,,
2025-02-14,00:00:00,22494.8,22612.26,22465.26,22501.29,3243240,4,Friday,,
2025-02-17,00:00:00,22513.39,22879.5,22493.79,22860.1,2547130,0,Monday,12.1,0.05377
2025-02-18,00:00:00,22860.19,22881.7,22713.2,22867.9,3932970,1,Tuesday,,
2025-02-19,00:00:00,22864.28,22936.6,22369.19,22401.28,3978090,2,Wednesday,,
2025-02-20,00:00:00,22416.0,22578.26,22273.79,22294.77,4320100,3,Thursday,,
2025-02-21,00:00:00,22301.56,22395.9,22116.17,22176.9,4755220,4,Friday,,
2025-02-24,00:00:00,22254.37,22586.06,22230.3,22322.15,6210300,0,Monday,77.47,0.34933
2025-02-25,00:00:00,22314.98,22589.08,22255.78,22536.19,6796180,1,Tuesday,,
2025-02-26,00:00:00,22565.96,22835.38,22504.46,22636.7,5548420,2,Wednesday,,
2025-02-27,00:00:00,22659.56,22701.38,22371.8,22399.35,7353580,3,Thursday,,
2025-02-28,00:00:00,22421.78,22574.79,22217.67,22545.0,7521090,4,Friday,,
2025-03-03,00:00:00,22605.79,23310.3,22525.5,23048.4,9339230,0,Monday,60.79,0.26964
2025-03-04,00:00:00,23059.2,23090.7,22313.35,22735.47,12717700,1,Tuesday,,
2025-03-05,00:00:00,22793.99,23228.27,22671.65,23169.07,9860840,2,Wednesday,,
2025-03-06,00:00:00,23177.1,23478.26,23058.39,23232.28,10918940,3,Thursday,,
2025-03-07,00:00:00,23258.59,23289.1,22855.76,23209.4,10981670,4,Friday,,
2025-03-10,00:00:00,23021.29,23211.67,22448.56,22583.3,9488050,0,Monday,-188.11,-0.81049
2025-03-11,00:00:00,22529.35,22837.18,22239.07,22422.69,8458700,1,Tuesday,,
2025-03-12,00:00:00,22476.08,22814.15,22432.99,22642.65,6716260,2,Wednesday,,
2025-03-13,00:00:00,22688.77,22759.78,22413.9,22513.77,5786840,3,Thursday,,
2025-03-14,00:00:00,22558.4,23084.29,22458.3,23079.79,6076910,4,Friday,,
2025-03-17,00:00:00,22998.38,23258.3,22927.77,23236.28,5248330,0,Monday,-81.41,-0.35273
2025-03-18,00:00:00,23256.58,23476.48,23188.1,23348.47,5916260,1,Tuesday,,
2025-03-19,00:00:00,23360.3,23430.77,23134.37,23312.89,5537150,2,Wednesday,,
2025-03-20,00:00:00,23354.9,23369.8,22811.76,22960.17,6225500,3,Thursday,,
2025-03-21,00:00:00,22962.0,23014.6,22716.19,22888.69,7027880,4,Friday,,
2025-03-24,00:00:00,22952.9,23135.65,22805.09,22881.65,7253180,0,Monday,64.21,0.28053
2025-03-25,00:00:00,22875.48,23184.8,22790.99,23144.17,6434720,1,Tuesday,,
2025-03-26,00:00:00,23139.48,23225.2,22657.98,22706.58,7468910,2,Wednesday,,
2025-03-27,00:00:00,22653.98,22742.0,22464.59,22658.47,8328680,3,Thursday,,
2025-03-28,00:00:00,22659.68,22679.26,22373.46,22456.96,8845290,4,Friday,,
2025-03-29,00:00:00,22456.48,22456.48,22455.46,22455.46,240,5,Saturday,,
2025-03-31,00:00:00,22392.47,22430.4,21969.46,22266.06,9131150,0,Monday,-62.99,-0.28051
2025-04-01,00:00:00,22257.0,22578.0,22213.46,22501.38,9019870,1,Tuesday,,
2025-04-02,00:00:00,22508.88,22566.17,22139.77,22558.97,8681820,2,Wednesday,,
2025-04-03,00:00:00,21746.24,22150.76,21561.37,21641.5,10772320,3,Thursday,,
2025-04-04,00:00:00,21634.89,21702.65,20320.19,20331.67,12189310,4,Friday,,
2025-04-07,00:00:00,19584.37,20836.07,18809.68,19990.89,5976500,0,Monday,-747.3,-3.67555
2025-04-08,00:00:00,19970.97,20471.3,19392.48,19631.4,8302860,1,Tuesday,,
2025-04-09,00:00:00,19561.46,21523.76,19302.67,21395.49,8129610,2,Wednesday,,
2025-04-10,00:00:00,21421.98,21535.76,20144.57,20731.76,7950560,3,Thursday,,
2025-04-11,00:00:00,20705.58,20901.58,20101.2,20693.69,7065410,4,Friday,,
2025-04-14,00:00:00,20845.5,21048.78,20694.79,20942.0,5737390,0,Monday,151.81,0.73361
2025-04-15,00:00:00,20934.9,21320.28,20858.27,21263.99,6624600,1,Tuesday,,
2025-04-16,00:00:00,21142.5,21317.3,20951.85,21133.2,6648510,2,Wednesday,,
2025-04-17,00:00:00,21126.57,21437.87,21077.9,21221.07,6777590,3,Thursday,,
2025-04-21,00:00:00,21136.5,21172.7,20670.58,20851.35,714230,0,Monday,-84.57,-0.39852
2025-04-22,00:00:00,20843.46,21481.2,20828.68,21446.96,7839800,1,Tuesday,,
2025-04-23,00:00:00,21731.78,22050.65,21641.3,21923.5,8375850,2,Wednesday,,
2025-04-24,00:00:00,21898.58,22185.7,21725.17,22145.89,8260490,3,Thursday,,
2025-04-25,00:00:00,22160.18,22357.28,22072.7,22351.38,8010320,4,Friday,,
2025-04-28,00:00:00,22310.48,22444.87,22230.65,22312.9,7159830,0,Monday,-40.9,-0.18299
2025-04-29,00:00:00,22303.79,22531.76,22287.57,22514.18,7100300,1,Tuesday,,
2025-04-30,00:00:00,22497.99,22667.67,22229.69,22654.5,8908890,2,Wednesday,,
2025-05-01,00:00:00,22712.3,22826.1,22620.98,22644.38,746250,3,Thursday,,
2025-05-02,00:00:00,22643.4,23160.09,22634.06,23112.8,7478480,4,Friday,,
2025-05-05,00:00:00,23079.85,23406.7,23000.29,23324.65,5092490,0,Monday,-32.95,-0.14256
2025-05-06,00:00:00,23327.96,23427.9,22851.9,23181.79,7150150,1,Tuesday,,
2025-05-07,00:00:00,23310.0,23388.35,23031.17,23179.5,7386440,2,Wednesday,,
2025-05-08,00:00:00,23148.07,23472.67,23146.98,23381.76,7225290,3,Thursday,,
2025-05-09,00:00:00,23382.76,23546.78,23318.58,23507.78,5666950,4,Friday,,
2025-05-12,00:00:00,23722.09,23923.79,23352.79,23641.85,7982100,0,Monday,214.31,0.91166
2025-05-13,00:00:00,23650.89,23654.27,23486.06,23578.88,5484030,1,Tuesday,,
2025-05-14,00:00:00,23588.78,23694.8,23437.8,23491.56,5751630,2,Wednesday,,
2025-05-15,00:00:00,23461.4,23729.6,23330.76,23719.6,5433540,3,Thursday,,
2025-05-16,00:00:00,23715.89,23887.8,23663.26,23808.79,4648860,4,Friday,,
2025-05-19,00:00:00,23704.17,24035.79,23666.3,24014.7,4938040,0,Monday,-104.62,-0.43942
2025-05-20,00:00:00,24032.97,24081.8,23897.9,24016.99,4808080,1,Tuesday,,
2025-05-21,00:00:00,24019.8,24160.29,23868.76,23905.48,6615080,2,Wednesday,,
2025-05-22,00:00:00,23922.06,24086.3,23838.27,24028.3,6393790,3,Thursday,,
2025-05-23,00:00:00,24048.87,24143.9,23267.27,23605.3,8563200,4,Friday,,
2025-05-26,00:00:00,23639.98,24042.4,23637.9,24004.27,3208810,0,Monday,34.68,0.14692
2025-05-27,00:00:00,23982.18,24301.8,23946.17,24289.98,4685120,1,Tuesday,,
2025-05-28,00:00:00,24291.8,24327.4,24022.69,24069.76,5185780,2,Wednesday,,
2025-05-29,00:00:00,24118.15,24391.06,23839.7,23934.07,6870550,3,Thursday,,
2025-05-30,00:00:00,23920.5,24184.77,23882.7,24024.78,7862280,4,Friday,,
2025-06-02,00:00:00,24003.6,24086.9,23734.9,24083.47,7912450,0,Monday,-21.18,-0.08816
2025-06-03,00:00:00,24070.8,24142.18,23815.76,24123.58,6101880,1,Tuesday,,
2025-06-04,00:00:00,24135.18,24345.79,24123.56,24259.8,6369670,2,Wednesday,,
2025-06-05,00:00:00,24252.2,24489.79,24179.17,24239.1,7306650,3,Thursday,,
2025-06-06,00:00:00,24208.39,24352.79,24206.37,24302.79,5670860,4,Friday,,
2025-06-09,00:00:00,24318.4,24330.47,24094.78,24133.19,4305490,0,Monday,15.61,0.06423
2025-06-10,00:00:00,24158.85,24254.59,23951.15,23982.17,5850390,1,Tuesday,,
2025-06-11,00:00:00,23990.99,24152.29,23829.19,23861.06,6660560,2,Wednesday,,
2025-06-12,00:00:00,23847.1,23887.3,23613.4,23765.85,5237660,3,Thursday,,
2025-06-13,00:00:00,23733.29,23734.28,23284.56,23431.8,7342160,4,Friday,,
2025-06-16,00:00:00,23373.7,23715.65,23349.0,23582.76,5618530,0,Monday,-58.1,-0.24795
2025-06-17,00:00:00,23578.57,23578.7,23293.68,23316.6,7165490,1,Tuesday,,
2025-06-18,00:00:00,23281.0,23506.27,23246.85,23315.88,6775870,2,Wednesday,,
2025-06-19,00:00:00,23309.28,23314.8,23017.65,23043.28,4220540,3,Thursday,,
2025-06-20,00:00:00,23095.7,23487.9,23080.69,23282.28,6534920,4,Friday,,
2025-06-23,00:00:00,23197.3,23434.9,23075.8,23419.7,6908820,0,Monday,-84.98,-0.365
2025-06-24,00:00:00,23457.29,23815.28,23446.2,23707.7,5465830,1,Tuesday,,
2025-06-25,00:00:00,23690.9,23754.67,23460.17,23493.26,4922990,2,Wednesday,,
2025-06-26,00:00:00,23501.07,23731.69,23482.29,23711.58,4419170,3,Thursday,,
2025-06-27,00:00:00,23735.19,24102.19,23727.46,24075.26,5200420,4,Friday,,
2025-06-30,00:00:00,24112.69,24173.18,23849.29,23920.27,4561630,0,Monday,37.43,0.15547
2025-07-01,00:00:00,23921.76,23991.7,23631.3,23689.88,5133850,1,Tuesday,,
2025-07-02,00:00:00,23708.69,23855.09,23610.8,23793.17,5187010,2,Wednesday,,
2025-07-03,00:00:00,23812.68,23950.69,23756.77,23931.67,3884940,3,Thursday,,
2025-07-04,00:00:00,23902.87,23924.18,23700.78,23774.7,3642040,4,Friday,,
2025-07-07,00:00:00,23855.4,24128.69,23793.57,23970.2,4358710,0,Monday,80.7,0.33944
2025-07-08,00:00:00,23956.09,24277.15,23931.2,24239.68,5836130,1,Tuesday,,
2025-07-09,00:00:00,24248.98,24634.8,24196.59,24629.85,5585430,2,Wednesday,,
2025-07-10,00:00:00,24623.67,24647.79,24427.68,24438.57,3854550,3,Thursday,,
2025-07-11,00:00:00,24450.87,24476.9,24163.9,24220.27,4413470,4,Friday,,
2025-07-14,00:00:00,24105.26,24237.8,23966.18,24212.3,3436990,0,Monday,-115.01,-0.47485
2025-07-15,00:00:00,24206.0,24293.58,24020.57,24023.47,4034690,1,Tuesday,,
2025-07-16,00:00:00,24017.2,24209.8,23924.68,24184.58,4324910,2,Wednesday,,
2025-07-17,00:00:00,24175.15,24422.3,24156.29,24399.38,3376790,3,Thursday,,
2025-07-18,00:00:00,24392.5,24499.4,24169.15,24197.8,3589990,4,Friday,,
2025-07-21,00:00:00,24190.65,24331.29,24178.06,24250.9,3203540,0,Monday,-7.15,-0.02955
2025-07-22,00:00:00,24251.99,24271.76,23915.3,24077.8,4342080,1,Tuesday,,
2025-07-23,00:00:00,24075.3,24550.37,24060.67,24531.4,5012140,2,Wednesday,,
2025-07-24,00:00:00,24514.29,24566.58,24232.19,24246.4,4499820,3,Thursday,,
2025-07-25,00:00:00,24270.3,24317.4,24061.49,24304.96,3864200,4,Friday,,
2025-07-28,00:00:00,24389.96,24561.88,23923.89,23976.26,3982530,0,Monday,85.0,0.34972
2025-07-29,00:00:00,23977.1,24311.98,23963.26,24217.18,3985770,1,Tuesday,,
2025-07-30,00:00:00,24224.56,24372.67,24132.99,24363.78,4418560,2,Wednesday,,
2025-07-31,00:00:00,24332.0,24432.96,23963.85,24000.99,5018440,3,Thursday,,
2025-08-01,00:00:00,24024.15,24029.0,23376.48,23440.99,7392030,4,Friday,,
2025-08-04,00:00:00,23433.0,23822.77,23401.8,23822.08,3840770,0,Monday,-7.99,-0.03409
2025-08-05,00:00:00,23832.6,23983.49,23783.97,23880.67,4242700,1,Tuesday,,
2025-08-06,00:00:00,23851.79,24038.38,23803.46,23939.47,4076530,2,Wednesday,,
2025-08-07,00:00:00,23924.97,24392.99,23903.97,24210.6,5945870,3,Thursday,,
2025-08-08,00:00:00,24209.09,24304.6,24089.77,24220.78,3601540,4,Friday,,
2025-08-11,00:00:00,24228.19,24283.7,24024.27,24071.06,3369990,0,Monday,7.41,0.03059
2025-08-12,00:00:00,24085.4,24192.58,23941.27,24131.69,3755670,1,Tuesday,,
2025-08-13,00:00:00,24129.88,24249.29,24069.67,24203.9,3306650,2,Wednesday,,
2025-08-14,00:00:00,24193.08,24436.2,24116.58,24408.29,3542750,3,Thursday,,
2025-08-15,00:00:00,24418.57,24539.26,24325.3,24376.3,3580620,4,Friday,,
2025-08-18,00:00:00,24391.08,24445.7,24239.8,24350.9,2840760,0,Monday,14.78,0.06063
2025-08-19,00:00:00,24361.78,24443.27,24279.76,24347.4,3128940,1,Tuesday,,
2025-08-20,00:00:00,24347.78,24370.9,24208.4,24286.48,3789290,2,Wednesday,,
2025-08-21,00:00:00,24296.49,24326.1,24173.78,24281.18,1490400,3,Thursday,,
2025-08-22,00:00:00,24292.88,24449.4,24198.18,24349.9,1604750,4,Friday,,
2025-08-25,00:00:00,24362.18,24378.8,24213.26,24275.15,2634350,0,Monday,12.28,0.05043
2025-08-26,00:00:00,24281.37,24287.8,24031.8,24223.4,3632090,1,Tuesday,,
2025-08-27,00:00:00,24221.77,24250.06,23975.3,24047.67,2567670,2,Wednesday,,
2025-08-28,00:00:00,24009.28,24204.79,23970.77,24041.78,3084830,3,Thursday,,
2025-08-29,00:00:00,24043.97,24068.4,23879.3,23932.4,3507130,4,Friday,,
2025-09-01,00:00:00,23955.2,24049.8,23928.7,24040.15,1891830,0,Monday,22.8,0.09527
2025-09-02,00:00:00,24024.87,24099.59,23475.15,23643.28,5160550,1,Tuesday,,
2025-09-03,00:00:00,23640.59,23709.8,23504.26,23606.29,3742120,2,Wednesday,,
2025-09-04,00:00:00,23596.77,23837.19,23564.57,23831.3,3456370,3,Thursday,,
2025-09-05,00:00:00,23835.97,23894.7,23547.8,23651.26,5134670,4,Friday,,
2025-09-08,00:00:00,23620.5,23832.4,23616.39,23792.85,3487370,0,Monday,-30.76,-0.13006
2025-09-09,00:00:00,23805.1,23860.78,23631.26,23798.38,3200880,1,Tuesday,,
2025-09-10,00:00:00,23806.6,23885.3,23583.65,23597.76,3582370,2,Wednesday,,
2025-09-11,00:00:00,23603.68,23790.76,23557.4,23752.87,3840400,3,Thursday,,
2025-09-12,00:00:00,23753.06,23794.79,23600.27,23697.29,3398140,4,Friday,,
2025-09-15,00:00:00,23708.39,23855.78,23655.58,23732.35,3493720,0,Monday,11.1,0.04684
2025-09-16,00:00:00,23724.35,23788.19,23314.3,23398.4,4231560,1,Tuesday,,
2025-09-17,00:00:00,23392.46,23473.27,23282.29,23389.76,6636060,2,Wednesday,,
2025-09-18,00:00:00,23400.78,23720.2,23395.59,23685.1,5119640,3,Thursday,,
2025-09-19,00:00:00,23718.5,23787.9,23595.77,23648.9,5266100,4,Friday,,
2025-09-22,00:00:00,23638.88,23687.58,23419.28,23571.17,4668860,0,Monday,-10.02,-0.04237
2025-09-23,00:00:00,23576.5,23726.76,23497.15,23542.19,4771210,1,Tuesday,,
2025-09-24,00:00:00,23550.87,23737.79,23492.77,23704.8,5258640,2,Wednesday,,
2025-09-25,00:00:00,23703.5,23732.17,23375.76,23568.58,6814750,3,Thursday,,
2025-09-26,00:00:00,23576.59,23761.29,23528.09,23747.3,5256700,4,Friday,,
2025-09-29,00:00:00,23755.6,23881.69,23666.98,23764.57,4745630,0,Monday,8.3,0.03495
2025-09-30,00:00:00,23748.6,23952.69,23673.27,23902.99,4820950,1,Tuesday,,
2025-10-01,00:00:00,23914.68,24265.68,23739.27,24218.17,5200230,2,Wednesday,,
2025-10-02,00:00:00,24229.4,24502.29,24211.27,24457.19,5285640,3,Thursday,,
2025-10-03,00:00:00,24462.67,24539.59,24334.18,24385.29,4300190,4,Friday,,
2025-10-06,00:00:00,24400.69,24484.77,24259.78,24440.57,4798270,0,Monday,15.4,0.06315
2025-10-07,00:00:00,24445.39,24455.59,24304.77,24377.07,4083890,1,Tuesday,,
2025-10-08,00:00:00,24385.7,24633.77,24355.5,24621.06,3597990,2,Wednesday,,
2025-10-09,00:00:00,24627.1,24773.3,24548.57,24609.65,4125080,3,Thursday,,
2025-10-10,00:00:00,24620.76,24691.77,24165.15,24171.26,7595690,4,Friday,,
2025-10-13,00:00:00,24292.1,24449.29,24250.37,24422.59,6178230,0,Monday,120.84,0.49993
2025-10-14,00:00:00,24429.0,24482.06,23981.76,24269.4,8119150,1,Tuesday,,
2025-10-15,00:00:00,24286.56,24363.65,24004.67,24138.56,6096300,2,Wednesday,,
2025-10-16,00:00:00,24161.97,24287.15,24016.65,24030.87,8248580,3,Thursday,,
2025-10-17,00:00:00,24067.08,24080.7,23675.4,23970.8,9764600,4,Friday,,
2025-10-20,00:00:00,23999.39,24339.18,23912.08,24333.88,4678610,0,Monday,28.59,0.11927
2025-10-21,00:00:00,24338.08,24383.78,24197.78,24310.6,3911200,1,Tuesday,,
2025-10-22,00:00:00,24326.08,24359.3,23949.68,24143.57,6706840,2,Wednesday,,
2025-10-23,00:00:00,24146.78,24232.17,24033.78,24208.88,4955610,3,Thursday,,
2025-10-24,00:00:00,24220.4,24304.27,24139.3,24205.79,4275390,4,Friday,,
2025-10-27,00:00:00,24312.5,24404.57,24186.4,24315.9,3396870,0,Monday,106.71,0.44084
2025-10-28,00:00:00,24309.46,24344.3,24182.26,24248.29,3560690,1,Tuesday,,
2025-10-29,00:00:00,24243.17,24321.3,24003.19,24128.76,6030710,2,Wednesday,,
2025-10-30,00:00:00,24119.17,24261.06,24028.78,24117.29,7990110,3,Thursday,,
2025-10-31,00:00:00,24122.6,24144.6,23906.68,23963.26,5762240,4,Friday,,
2025-11-03,00:00:00,23986.48,24250.9,23962.78,24128.58,4977220,0,Monday,23.22,0.0969
2025-11-04,00:00:00,24122.9,24126.48,23670.77,23881.9,6055800,1,Tuesday,,
2025-11-05,00:00:00,23886.26,24120.8,23579.08,24083.4,5518400,2,Wednesday,,
2025-11-06,00:00:00,24103.0,24113.5,23683.68,23762.98,6881900,3,Thursday,,
2025-11-07,00:00:00,23758.35,23837.77,23451.3,23762.29,7311810,4,Friday,,
2025-11-10,00:00:00,23837.7,24092.89,23801.06,24091.09,4640420,0,Monday,75.41,0.31735
2025-11-11,00:00:00,24084.0,24194.68,23948.77,24186.78,4782420,1,Tuesday,,
2025-11-12,00:00:00,24182.09,24443.79,24174.06,24422.28,5096350,2,Wednesday,,
2025-11-13,00:00:00,24410.2,24503.56,23931.19,24099.35,7718290,3,Thursday,,
2025-11-14,00:00:00,24062.27,24118.57,23608.4,23840.26,9050500,4,Friday,,
2025-11-17,00:00:00,23802.2,23932.76,23352.8,23458.85,7436850,0,Monday,-38.06,-0.15965
2025-11-18,00:00:00,23456.5,23481.67,23081.78,23183.65,9888560,1,Tuesday,,
2025-11-19,00:00:00,23181.87,23380.4,23071.07,23248.8,7753890,2,Wednesday,,
2025-11-20,00:00:00,23315.98,23513.77,22911.0,22927.0,9824210,3,Thursday,,
2025-11-21,00:00:00,22935.8,23301.18,22897.17,23220.8,11471100,4,Friday,,
2025-11-24,00:00:00,23287.6,23394.29,23144.4,23232.0,7201830,0,Monday,66.8,0.28767
2025-11-25,00:00:00,23238.6,23580.18,23135.26,23565.17,7133450,1,Tuesday,,
2025-11-26,00:00:00,23562.67,23762.8,23444.29,23747.58,5290870,2,Wednesday,,
2025-11-27,00:00:00,23753.56,23836.9,23691.7,23775.28,2830600,3,Thursday,,
2025-11-28,00:00:00,23773.4,23887.3,23715.78,23837.26,2660440,4,Friday,,
2025-12-01,00:00:00,23847.98,23868.49,23426.77,23548.65,6199380,0,Monday,10.72,0.04497
2025-12-02,00:00:00,23559.9,23795.79,23546.3,23725.17,5543510,1,Tuesday,,
2025-12-03,00:00:00,23737.7,23842.26,23640.26,23774.67,4939390,2,Wednesday,,
2025-12-04,00:00:00,23782.47,23930.9,23758.6,23879.47,4856800,3,Thursday,,
2025-12-05,00:00:00,23886.6,24131.77,23870.9,24027.9,4326830,4,Friday,,
2025-12-08,00:00:00,24044.4,24117.9,23987.78,24010.29,4201670,0,Monday,16.5,0.06867
2025-12-09,00:00:00,24035.7,24188.29,24024.96,24115.47,4362980,1,Tuesday,,
2025-12-10,00:00:00,24119.47,24226.69,23996.28,24188.65,5812850,2,Wednesday,,
2025-12-11,00:00:00,24185.79,24383.19,23971.09,24367.4,6070470,3,Thursday,,
2025-12-12,00:00:00,24361.3,24474.9,24155.65,24231.76,6126900,4,Friday,,
2025-12-15,00:00:00,24223.39,24332.79,24151.8,24191.49,5649260,0,Monday,-8.37,-0.03454
2025-12-16,00:00:00,24198.39,24199.3,24000.3,24114.28,6624170,1,Tuesday,,
2025-12-17,00:00:00,24116.98,24186.9,23877.65,23919.88,6587350,2,Wednesday,,
2025-12-18,00:00:00,23913.69,24225.8,23853.58,24118.2,5697490,3,Thursday,,
2025-12-19,00:00:00,24130.9,24338.18,24096.57,24270.26,4982520,4,Friday,,
2025-12-22,00:00:00,24312.0,24358.4,24199.3,24294.3,3975310,0,Monday,41.74,0.17198
2025-12-23,00:00:00,24293.26,24363.29,24252.28,24313.89,3266570,1,Tuesday,,
2025-12-24,00:00:00,24314.17,24386.4,24312.3,24364.7,114600,2,Wednesday,,
2025-12-26,00:00:00,24371.88,24400.57,24343.35,24368.4,186500,4,Friday,,
2025-12-29,00:00:00,24377.19,24429.2,24248.76,24356.39,4267190,0,Monday,8.79,0.03607
2025-12-30,00:00:00,24365.69,24642.8,24319.77,24569.78,3175770,1,Tuesday,,
2025-12-31,00:00:00,24571.57,24606.69,24488.49,24489.07,225780,2,Wednesday,,
2026-01-02,00:00:00,24506.6,24680.29,24446.76,24555.26,6801550,4,Friday,,
2026-01-05,00:00:00,24571.9,24881.67,24546.4,24858.59,5372730,0,Monday,16.64,0.06777
2026-01-06,00:00:00,24860.39,24982.8,24831.76,24956.56,4289270,1,Tuesday,,
2026-01-07,00:00:00,24962.1,25151.3,24937.56,25093.89,4761460,2,Wednesday,,
2026-01-08,00:00:00,25122.15,25221.26,25006.59,25176.68,5156820,3,Thursday,,
2026-01-09,00:00:00,25198.9,25200.48,25173.08,25175.3,13450,4,Friday,,
