Date,Time,Open,High,Low,Close,Volume,DayOfWeek,DayName,WeekendGap,WeekendGapPct
2003-05-06,00:00:00,341.49,344.21,340.28,342.37,6868000,1,Tuesday,,
2003-05-07,00:00:00,342.65,344.19,339.0,341.16,6202250,2,Wednesday,,
2003-05-08,00:00:00,341.38,348.05,339.96,347.73,6143150,3,Thursday,,
2003-05-09,00:00:00,347.8,348.58,345.82,347.92,5786590,4,Friday,,
2003-05-12,00:00:00,348.16,351.58,347.73,350.4,9494090,0,Monday,0.24,0.06898
2003-05-13,00:00:00,350.39,351.26,348.54,349.13,11401460,1,Tuesday,,
2003-05-14,00:00:00,349.0,353.95,347.4,352.19,10366990,2,Wednesday,,
2003-05-15,00:00:00,351.96,355.22,350.21,351.57,10309340,3,Thursday,,
2003-05-16,00:00:00,351.21,355.07,350.49,353.9,9962560,4,Friday,,
2003-05-19,00:00:00,355.64,364.11,354.73,363.56,5587510,0,Monday,1.74,0.49166
2003-05-20,00:00:00,364.01,369.3,363.3,367.64,6602190,1,Tuesday,,
2003-05-21,00:00:00,367.89,372.0,362.75,371.5,6089840,2,Wednesday,,
2003-05-22,00:00:00,371.54,371.8,367.43,367.73,6085630,3,Thursday,,
2003-05-23,00:00:00,367.65,370.19,364.75,367.46,5558330,4,Friday,,
2003-05-26,00:00:00,367.94,370.49,367.54,369.97,5372700,0,Monday,0.48,0.13063
2003-05-27,00:00:00,369.96,374.19,365.8,366.46,6615070,1,Tuesday,,
2003-05-28,00:00:00,365.36,366.6,358.0,364.39,6109480,2,Wednesday,,
2003-05-29,00:00:00,364.15,365.0,359.6,364.58,6023140,3,Thursday,,
2003-05-30,00:00:00,364.74,368.8,363.0,363.74,5870570,4,Friday,,
2003-06-02,00:00:00,362.45,366.24,359.55,365.44,5562360,0,Monday,-1.29,-0.35465
2003-06-03,00:00:00,365.31,366.94,363.91,364.94,6745270,1,Tuesday,,
2003-06-04,00:00:00,364.79,365.34,360.36,360.7,6060490,2,Wednesday,,
2003-06-05,00:00:00,360.96,367.4,360.24,366.83,6202240,3,Thursday,,
2003-06-06,00:00:00,366.98,368.3,361.5,363.12,5733890,4,Friday,,
2003-06-09,00:00:00,362.81,365.19,360.36,360.95,5531980,0,Monday,-0.31,-0.08537
2003-06-10,00:00:00,360.85,361.57,351.08,351.41,6772930,1,Tuesday,,
2003-06-11,00:00:00,351.54,355.77,351.07,354.12,6205070,2,Wednesday,,
2003-06-12,00:00:00,354.17,355.12,350.34,352.73,6255420,3,Thursday,,
2003-06-13,00:00:00,352.67,356.1,351.44,355.7,5912740,4,Friday,,
2003-06-16,00:00:00,356.0,360.3,355.56,358.41,5618970,0,Monday,0.3,0.08434
2003-06-17,00:00:00,358.33,362.87,358.11,362.8,6762030,1,Tuesday,,
2003-06-18,00:00:00,362.6,363.87,356.18,356.5,6109720,2,Wednesday,,
2003-06-19,00:00:00,356.74,360.97,353.94,360.91,6245940,3,Thursday,,
2003-06-20,00:00:00,360.57,362.08,355.47,355.76,5708510,4,Friday,,
2003-06-23,00:00:00,355.89,357.17,351.67,351.78,5489200,0,Monday,0.13,0.03654
2003-06-24,00:00:00,351.91,354.26,345.34,345.68,6579810,1,Tuesday,,
2003-06-25,00:00:00,345.44,348.78,345.44,347.81,6107330,2,Wednesday,,
2003-06-26,00:00:00,347.7,348.27,342.71,343.08,6101880,3,Thursday,,
2003-06-27,00:00:00,343.0,345.69,341.69,344.61,6020770,4,Friday,,
2003-06-30,00:00:00,344.32,347.41,343.43,345.25,5634850,0,Monday,-0.29,-0.08415
2003-07-01,00:00:00,345.49,351.06,344.35,350.49,6726990,1,Tuesday,,
2003-07-02,00:00:00,350.25,352.3,349.08,350.26,5994830,2,Wednesday,,
2003-07-03,00:00:00,350.26,350.97,348.57,350.1,5830090,3,Thursday,,
2003-07-04,00:00:00,350.03,351.06,349.82,350.23,5678070,4,Friday,,
2003-07-07,00:00:00,350.16,351.47,346.84,347.17,5452900,0,Monday,-0.07,-0.01999
2003-07-08,00:00:00,347.22,348.03,342.76,343.56,6744280,1,Tuesday,,
2003-07-09,00:00:00,343.44,345.47,342.71,343.61,6066800,2,Wednesday,,
2003-07-10,00:00:00,343.64,345.38,341.25,344.29,6012550,3,Thursday,,
2003-07-11,00:00:00,344.11,344.6,342.5,344.34,5777490,4,Friday,,
2003-07-14,00:00:00,344.39,347.35,343.28,346.36,5646010,0,Monday,0.05,0.01452
2003-07-15,00:00:00,346.75,348.73,342.69,342.88,6632140,1,Tuesday,,
2003-07-16,00:00:00,342.78,344.02,340.48,342.56,6047650,2,Wednesday,,
2003-07-17,00:00:00,342.8,344.6,341.66,343.18,5996560,3,Thursday,,
2003-07-18,00:00:00,343.16,346.77,342.41,346.42,5614840,4,Friday,,
2003-07-21,00:00:00,346.13,351.49,345.75,350.72,5387950,0,Monday,-0.29,-0.08371
2003-07-22,00:00:00,350.48,352.32,348.81,350.1,6692500,1,Tuesday,,
2003-07-23,00:00:00,350.12,358.32,349.48,358.1,6704250,2,Wednesday,,
2003-07-24,00:00:00,357.95,361.96,355.99,361.94,7050220,3,Thursday,,
2003-07-25,00:00:00,361.8,362.97,358.81,362.03,6456140,4,Friday,,
2003-07-28,00:00:00,361.76,366.54,360.81,364.06,5405380,0,Monday,-0.27,-0.07458
2003-07-29,00:00:00,364.01,364.8,360.39,361.07,7162910,1,Tuesday,,
2003-07-30,00:00:00,360.88,361.34,354.37,355.22,6624610,2,Wednesday,,
2003-07-31,00:00:00,355.3,357.05,353.04,353.69,6602340,3,Thursday,,
2003-08-01,00:00:00,353.7,355.5,348.36,348.36,6100510,4,Friday,,
2003-08-04,00:00:00,348.1,349.59,346.05,348.07,5747710,0,Monday,-0.26,-0.07464
2003-08-05,00:00:00,349.0,351.34,347.65,350.83,9674200,1,Tuesday,,
2003-08-06,00:00:00,351.18,353.0,348.59,351.05,9412740,2,Wednesday,,
2003-08-07,00:00:00,350.88,353.35,348.69,352.39,9290180,3,Thursday,,
2003-08-08,00:00:00,352.39,357.19,351.68,356.3,8240250,4,Friday,,
2003-08-11,00:00:00,355.8,361.78,355.17,360.9,9181530,0,Monday,-0.5,-0.14033
2003-08-12,00:00:00,361.14,361.71,357.44,357.52,10576060,1,Tuesday,,
2003-08-13,00:00:00,358.0,363.6,354.95,361.65,10860960,2,Wednesday,,
2003-08-14,00:00:00,361.63,366.6,359.36,365.5,10833030,3,Thursday,,
2003-08-15,00:00:00,365.5,366.42,362.25,363.3,7248660,4,Friday,,
2003-08-18,00:00:00,362.35,362.99,357.13,357.68,8520650,0,Monday,-0.95,-0.26149
2003-08-19,00:00:00,357.7,362.2,355.43,361.6,9036890,1,Tuesday,,
2003-08-20,00:00:00,361.6,366.3,360.67,365.8,10077840,2,Wednesday,,
2003-08-21,00:00:00,365.36,366.14,357.86,360.08,10390670,3,Thursday,,
2003-08-22,00:00:00,360.19,363.69,357.23,362.07,9528100,4,Friday,,
2003-08-25,00:00:00,362.55,363.39,359.7,360.8,9359760,0,Monday,0.48,0.13257
2003-08-26,00:00:00,360.62,365.5,358.39,363.63,10362400,1,Tuesday,,
2003-08-27,00:00:00,364.0,373.69,362.1,371.77,10990680,2,Wednesday,,
2003-08-28,00:00:00,371.92,372.19,367.96,368.67,10931130,3,Thursday,,
2003-08-29,00:00:00,369.19,376.7,368.15,374.89,8374390,4,Friday,,
2003-09-01,00:00:00,374.36,378.1,373.26,375.1,6186300,0,Monday,-0.53,-0.14137
2003-09-02,00:00:00,374.62,378.7,370.74,371.5,11092790,1,Tuesday,,
2003-09-03,00:00:00,371.29,375.1,368.79,373.19,10627430,2,Wednesday,,
2003-09-04,00:00:00,373.19,374.39,368.96,372.5,10520930,3,Thursday,,
2003-09-05,00:00:00,372.7,378.3,369.54,376.69,8729370,4,Friday,,
2003-09-08,00:00:00,376.58,376.64,372.51,374.43,9455750,0,Monday,-0.11,-0.0292
2003-09-09,00:00:00,374.53,382.95,374.22,382.17,11444120,1,Tuesday,,
2003-09-10,00:00:00,381.57,382.27,377.36,379.81,10696130,2,Wednesday,,
2003-09-11,00:00:00,379.61,380.72,374.49,379.55,10381350,3,Thursday,,
2003-09-12,00:00:00,379.39,381.06,374.1,374.8,8540210,4,Friday,,
2003-09-15,00:00:00,374.84,376.41,372.01,373.8,9495320,0,Monday,0.04,0.01067
2003-09-16,00:00:00,373.31,375.77,370.79,372.62,10216940,1,Tuesday,,
2003-09-17,00:00:00,372.46,376.56,371.37,375.78,9522500,2,Wednesday,,
2003-09-18,00:00:00,376.17,379.4,374.34,375.68,8697180,3,Thursday,,
2003-09-19,00:00:00,375.93,382.87,374.13,381.14,7762340,4,Friday,,
2003-09-22,00:00:00,380.38,387.37,379.84,386.4,10862960,0,Monday,-0.76,-0.1994
2003-09-23,00:00:00,386.01,387.3,382.35,383.85,10331270,1,Tuesday,,
2003-09-24,00:00:00,384.3,388.4,382.55,388.4,11492860,2,Wednesday,,
2003-09-25,00:00:00,388.39,393.12,383.06,384.55,12341360,3,Thursday,,
2003-09-26,00:00:00,384.9,385.85,378.39,380.4,9918190,4,Friday,,
2003-09-29,00:00:00,380.46,384.47,378.04,381.6,10245840,0,Monday,0.06,0.01577
2003-09-30,00:00:00,381.68,387.92,380.59,384.69,11906990,1,Tuesday,,
2003-10-01,00:00:00,384.89,385.58,381.77,384.29,9933060,2,Wednesday,,
2003-10-02,00:00:00,383.89,386.24,380.27,382.4,11328570,3,Thursday,,
2003-10-03,00:00:00,382.38,385.53,366.87,369.1,9943640,4,Friday,,
2003-10-06,00:00:00,369.1,372.98,368.5,372.27,10198030,0,Monday,0.0,0.0
2003-10-07,00:00:00,372.38,376.75,371.66,375.73,10047920,1,Tuesday,,
2003-10-08,00:00:00,375.86,377.27,373.68,374.48,8370690,2,Wednesday,,
2003-10-09,00:00:00,374.66,376.45,367.21,368.5,9149120,3,Thursday,,
2003-10-10,00:00:00,368.24,373.36,368.03,372.6,8482740,4,Friday,,
2003-10-13,00:00:00,373.08,374.73,368.76,374.28,9813160,0,Monday,0.48,0.12882
2003-10-14,00:00:00,373.96,376.28,371.22,374.81,10630270,1,Tuesday,,
2003-10-15,00:00:00,374.81,375.57,370.51,372.12,10718630,2,Wednesday,,
2003-10-16,00:00:00,372.3,374.57,369.94,371.09,12356520,3,Thursday,,
2003-10-17,00:00:00,371.35,372.06,365.94,370.92,9215040,4,Friday,,
2003-10-20,00:00:00,370.86,373.98,369.0,372.65,9343610,0,Monday,-0.06,-0.01618
2003-10-21,00:00:00,372.5,381.31,371.98,380.15,10566750,1,Tuesday,,
2003-10-22,00:00:00,379.99,386.95,379.12,385.03,10681200,2,Wednesday,,
2003-10-23,00:00:00,385.39,387.21,381.88,383.5,11894740,3,Thursday,,
2003-10-24,00:00:00,383.74,391.83,383.09,387.99,8182690,4,Friday,,
2003-10-27,00:00:00,387.5,388.06,384.71,387.47,9217370,0,Monday,-0.49,-0.12629
2003-10-28,00:00:00,387.08,387.78,381.51,381.96,9686830,1,Tuesday,,
2003-10-29,00:00:00,382.13,387.02,378.99,385.81,10350120,2,Wednesday,,
2003-10-30,00:00:00,385.76,390.96,381.26,382.7,10411080,3,Thursday,,
2003-10-31,00:00:00,382.58,388.61,380.87,383.62,8739700,4,Friday,,
2003-11-03,00:00:00,383.61,384.65,375.45,375.81,8085210,0,Monday,-0.01,-0.00261
2003-11-04,00:00:00,375.99,380.5,375.66,378.98,9547770,1,Tuesday,,
2003-11-05,00:00:00,378.74,384.0,377.99,380.7,10312700,2,Wednesday,,
2003-11-06,00:00:00,380.69,383.5,378.35,379.5,10729430,3,Thursday,,
2003-11-07,00:00:00,379.5,383.14,375.08,382.6,7834370,4,Friday,,
2003-11-10,00:00:00,382.49,386.89,381.68,385.29,9759100,0,Monday,-0.11,-0.02875
2003-11-11,00:00:00,385.5,388.3,384.73,387.5,10022930,1,Tuesday,,
2003-11-12,00:00:00,387.3,395.8,386.32,393.6,10789260,2,Wednesday,,
2003-11-13,00:00:00,393.38,397.1,391.99,394.19,11629640,3,Thursday,,
2003-11-14,00:00:00,393.75,398.7,393.09,397.02,9541570,4,Friday,,
2003-11-17,00:00:00,396.32,398.74,385.3,390.59,10974110,0,Monday,-0.7,-0.17631
2003-11-18,00:00:00,390.33,398.3,389.43,398.08,10788460,1,Tuesday,,
2003-11-19,00:00:00,398.3,400.05,391.77,394.31,10269420,2,Wednesday,,
2003-11-20,00:00:00,394.6,396.7,390.98,394.0,10228590,3,Thursday,,
2003-11-21,00:00:00,393.77,397.5,391.84,395.6,8612440,4,Friday,,
2003-11-24,00:00:00,395.24,395.94,389.31,390.73,8979940,0,Monday,-0.36,-0.091
2003-11-25,00:00:00,391.0,392.7,388.59,390.26,9353420,1,Tuesday,,
2003-11-26,00:00:00,390.8,400.3,389.82,395.62,8861620,2,Wednesday,,
2003-11-27,00:00:00,395.92,396.8,394.28,394.49,4429650,3,Thursday,,
2003-11-28,00:00:00,394.8,398.6,393.74,397.7,5936960,4,Friday,,
2003-12-01,00:00:00,397.1,402.97,395.85,401.24,10093820,0,Monday,-0.6,-0.15087
2003-12-02,00:00:00,401.49,405.39,398.17,402.52,9793060,1,Tuesday,,
2003-12-03,00:00:00,402.45,404.39,400.28,404.05,10131160,2,Wednesday,,
2003-12-04,00:00:00,403.83,404.5,398.83,401.84,11117670,3,Thursday,,
2003-12-05,00:00:00,402.3,406.1,398.79,405.62,8292450,4,Friday,,
2003-12-08,00:00:00,405.38,408.87,403.94,406.44,9888620,0,Monday,-0.24,-0.05917
2003-12-09,00:00:00,406.24,409.1,404.68,407.8,10019880,1,Tuesday,,
2003-12-10,00:00:00,407.37,411.6,404.09,404.79,10455660,2,Wednesday,,
2003-12-11,00:00:00,404.93,406.1,401.57,404.32,11475940,3,Thursday,,
2003-12-12,00:00:00,404.5,409.0,403.61,408.4,8064550,4,Friday,,
2003-12-15,00:00:00,408.2,410.3,400.77,409.0,10711490,0,Monday,-0.2,-0.04897
2003-12-16,00:00:00,409.36,410.0,405.76,406.52,9814700,1,Tuesday,,
2003-12-17,00:00:00,406.41,412.6,405.74,412.1,10731020,2,Wednesday,,
2003-12-18,00:00:00,411.88,412.2,406.63,410.05,11113780,3,Thursday,,
2003-12-19,00:00:00,410.05,410.8,406.56,408.9,8331250,4,Friday,,
2003-12-22,00:00:00,408.9,411.13,406.8,409.11,9216870,0,Monday,0.0,0.0
2003-12-23,00:00:00,409.13,410.7,407.87,409.82,8384330,1,Tuesday,,
2003-12-24,00:00:00,410.2,412.25,409.44,411.6,5468670,2,Wednesday,,
2003-12-25,00:00:00,411.23,411.6,410.87,411.36,1014390,3,Thursday,,
2003-12-26,00:00:00,411.19,412.8,409.65,411.38,1966700,4,Friday,,
2003-12-29,00:00:00,411.41,415.1,410.84,413.81,9179270,0,Monday,0.03,0.00729
2003-12-30,00:00:00,413.45,416.7,413.29,415.8,9642450,1,Tuesday,,
2003-12-31,00:00:00,415.8,417.3,413.2,415.39,6832240,2,Wednesday,,
2004-01-01,00:00:00,415.02,415.4,414.25,414.64,715330,3,Thursday,,
2004-01-02,00:00:00,414.89,416.1,413.87,415.39,3906670,4,Friday,,
2004-01-05,00:00:00,414.28,423.98,414.1,422.94,10371750,0,Monday,-1.11,-0.26722
2004-01-06,00:00:00,423.2,430.18,420.08,421.9,11123850,1,Tuesday,,
2004-01-07,00:00:00,421.42,424.12,418.97,419.57,11764280,2,Wednesday,,
2004-01-08,00:00:00,420.1,424.8,416.27,423.3,12678850,3,Thursday,,
2004-01-09,00:00:00,423.01,426.9,419.43,425.4,9364920,4,Friday,,
2004-01-12,00:00:00,426.5,428.46,422.22,424.0,10668990,0,Monday,1.1,0.25858
2004-01-13,00:00:00,424.03,426.39,421.65,423.45,11178970,1,Tuesday,,
2004-01-14,00:00:00,423.7,424.4,416.78,419.11,10840680,2,Wednesday,,
2004-01-15,00:00:00,419.09,421.1,406.91,407.88,12171760,3,Thursday,,
2004-01-16,00:00:00,408.3,410.4,404.43,406.3,9468350,4,Friday,,
2004-01-19,00:00:00,405.84,408.68,405.4,406.8,5698640,0,Monday,-0.46,-0.11322
2004-01-20,00:00:00,406.61,412.7,404.42,411.97,10619680,1,Tuesday,,
2004-01-21,00:00:00,412.18,412.91,406.72,410.0,10476880,2,Wednesday,,
2004-01-22,00:00:00,409.67,412.7,407.22,408.9,10203250,3,Thursday,,
2004-01-23,00:00:00,408.9,412.3,405.46,407.4,8988440,4,Friday,,
2004-01-26,00:00:00,407.4,408.62,402.93,403.32,10165710,0,Monday,0.0,0.0
2004-01-27,00:00:00,403.53,411.7,402.0,409.6,10842530,1,Tuesday,,
2004-01-28,00:00:00,409.63,414.47,406.94,409.38,10599960,2,Wednesday,,
2004-01-29,00:00:00,409.82,410.79,395.81,398.76,10538940,3,Thursday,,
2004-01-30,00:00:00,398.49,402.18,397.6,401.83,9571510,4,Friday,,
2004-02-02,00:00:00,401.73,403.15,393.54,397.41,8308660,0,Monday,-0.1,-0.02489
2004-02-03,00:00:00,397.89,403.11,397.39,399.2,9718040,1,Tuesday,,
2004-02-04,00:00:00,398.82,400.58,397.71,400.3,9375180,2,Wednesday,,
2004-02-05,00:00:00,400.3,400.47,396.01,396.5,9606170,3,Thursday,,
2004-02-06,00:00:00,396.17,405.88,393.74,402.55,9562600,4,Friday,,
2004-02-09,00:00:00,402.67,407.07,401.38,405.84,10824770,0,Monday,0.12,0.02981
2004-02-10,00:00:00,406.1,409.69,405.01,405.31,11254090,1,Tuesday,,
2004-02-11,00:00:00,405.79,411.6,403.98,410.73,12259000,2,Wednesday,,
2004-02-12,00:00:00,410.57,413.4,408.98,411.41,12483780,3,Thursday,,
2004-02-13,00:00:00,411.15,416.44,405.85,409.32,8446610,4,Friday,,
2004-02-16,00:00:00,409.47,411.29,408.67,410.93,5429410,0,Monday,0.15,0.03665
2004-02-17,00:00:00,411.2,415.48,409.98,414.85,10765550,1,Tuesday,,
2004-02-18,00:00:00,415.09,416.24,408.74,410.07,10574170,2,Wednesday,,
2004-02-19,00:00:00,410.17,412.16,406.93,409.36,12116040,3,Thursday,,
2004-02-20,00:00:00,409.29,411.07,393.37,396.86,9189600,4,Friday,,
2004-02-23,00:00:00,397.7,399.81,395.4,397.82,11816560,0,Monday,0.84,0.21166
2004-02-24,00:00:00,398.19,404.1,397.04,402.92,11356780,1,Tuesday,,
2004-02-25,00:00:00,403.4,403.9,393.21,395.24,10979200,2,Wednesday,,
2004-02-26,00:00:00,395.36,397.2,389.96,394.6,13256870,3,Thursday,,
2004-02-27,00:00:00,394.34,397.52,390.99,395.5,10531340,4,Friday,,
2004-03-01,00:00:00,395.8,402.39,395.14,399.02,11135270,0,Monday,0.3,0.07585
2004-03-02,00:00:00,399.12,401.03,390.14,392.34,11038880,1,Tuesday,,
2004-03-03,00:00:00,392.39,393.3,387.0,392.64,12784620,2,Wednesday,,
2004-03-04,00:00:00,392.69,395.12,390.62,392.07,12814440,3,Thursday,,
2004-03-05,00:00:00,392.22,400.85,391.54,400.39,9711980,4,Friday,,
2004-03-08,00:00:00,400.4,401.0,397.56,400.59,11002880,0,Monday,0.01,0.0025
2004-03-09,00:00:00,400.44,405.7,399.29,401.93,11851510,1,Tuesday,,
2004-03-10,00:00:00,402.52,404.07,396.71,399.3,12365770,2,Wednesday,,
2004-03-11,00:00:00,399.1,402.59,396.21,402.1,13179390,3,Thursday,,
2004-03-12,00:00:00,402.4,402.47,394.0,394.6,10090140,4,Friday,,
2004-03-15,00:00:00,394.42,399.84,394.23,398.8,11685940,0,Monday,-0.18,-0.04562
2004-03-16,00:00:00,398.9,403.67,397.99,401.54,11712460,1,Tuesday,,
2004-03-17,00:00:00,401.41,407.02,400.79,406.9,12351620,2,Wednesday,,
2004-03-18,00:00:00,406.49,413.54,404.98,410.7,12727290,3,Thursday,,
2004-03-19,00:00:00,410.62,412.8,408.21,411.65,8810750,4,Friday,,
2004-03-22,00:00:00,410.82,418.22,410.16,416.72,11202340,0,Monday,-0.83,-0.20163
2004-03-23,00:00:00,416.57,420.05,414.3,418.84,12512150,1,Tuesday,,
2004-03-24,00:00:00,418.93,419.45,413.69,415.7,13266440,2,Wednesday,,
2004-03-25,00:00:00,415.76,417.72,414.04,415.68,12259050,3,Thursday,,
2004-03-26,00:00:00,415.81,423.15,413.77,421.42,11898000,4,Friday,,
2004-03-29,00:00:00,420.79,421.25,415.62,416.24,13940820,0,Monday,-0.63,-0.14949
2004-03-30,00:00:00,416.57,421.74,416.02,420.67,13279470,1,Tuesday,,
2004-03-31,00:00:00,420.14,426.92,419.3,425.5,17997420,2,Wednesday,,
2004-04-01,00:00:00,425.71,430.5,423.1,425.77,19128450,3,Thursday,,
2004-04-02,00:00:00,425.47,428.76,416.95,420.22,11671530,4,Friday,,
2004-04-03,00:00:00,420.54,420.59,419.68,419.88,79780,5,Saturday,,
2004-04-05,00:00:00,419.83,421.97,412.53,415.04,12688500,0,Monday,-0.05,-0.01191
2004-04-06,00:00:00,415.25,419.1,413.82,418.76,14764100,1,Tuesday,,
2004-04-07,00:00:00,418.51,423.46,416.49,421.95,15150330,2,Wednesday,,
2004-04-08,00:00:00,422.19,423.65,417.46,419.17,14470810,3,Thursday,,
2004-04-09,00:00:00,419.24,420.43,418.46,419.08,1784640,4,Friday,,
2004-04-12,00:00:00,419.04,421.48,416.33,417.65,10723370,0,Monday,-0.04,-0.00954
2004-04-13,00:00:00,417.78,421.02,404.31,406.13,15455350,1,Tuesday,,
2004-04-14,00:00:00,405.81,407.55,396.35,399.68,17427600,2,Wednesday,,
2004-04-15,00:00:00,399.53,401.01,394.39,398.58,18446730,3,Thursday,,
2004-04-16,00:00:00,398.26,402.1,396.03,399.63,14826420,4,Friday,,
2004-04-19,00:00:00,400.14,405.28,398.83,400.64,15601560,0,Monday,0.51,0.12762
2004-04-20,00:00:00,400.62,400.73,393.65,394.15,17255350,1,Tuesday,,
2004-04-21,00:00:00,394.42,394.95,388.39,389.72,17281950,2,Wednesday,,
2004-04-22,00:00:00,389.6,393.54,388.65,392.16,16276450,3,Thursday,,
2004-04-23,00:00:00,391.86,396.23,391.69,394.41,14568760,4,Friday,,
2004-04-26,00:00:00,394.63,397.54,392.54,395.53,15756290,0,Monday,0.22,0.05578
2004-04-27,00:00:00,395.57,398.96,394.91,397.53,17034720,1,Tuesday,,
2004-04-28,00:00:00,397.69,398.44,383.43,384.46,16830260,2,Wednesday,,
2004-04-29,00:00:00,384.95,387.82,376.73,387.02,18394280,3,Thursday,,
2004-04-30,00:00:00,387.22,390.35,384.92,385.86,13589910,4,Friday,,
2004-05-03,00:00:00,386.34,389.13,384.75,386.27,13575730,0,Monday,0.48,0.1244
2004-05-04,00:00:00,386.45,392.83,385.4,391.88,16227320,1,Tuesday,,
2004-05-05,00:00:00,391.94,394.55,389.19,392.38,16104530,2,Wednesday,,
2004-05-06,00:00:00,392.34,393.81,385.78,387.21,17513070,3,Thursday,,
2004-05-07,00:00:00,386.84,388.49,376.44,378.3,15822680,4,Friday,,
2004-05-10,00:00:00,378.46,379.01,370.63,377.94,12986370,0,Monday,0.16,0.04229
2004-05-11,00:00:00,378.11,379.64,373.55,377.38,13402280,1,Tuesday,,
2004-05-12,00:00:00,377.41,383.67,376.0,377.33,13313390,2,Wednesday,,
2004-05-13,00:00:00,377.09,378.7,372.21,374.38,12371680,3,Thursday,,
2004-05-14,00:00:00,373.96,376.86,372.27,376.19,10050130,4,Friday,,
2004-05-17,00:00:00,376.49,382.95,375.59,378.27,20890800,0,Monday,0.3,0.07975
2004-05-18,00:00:00,378.21,379.56,374.38,375.74,21971300,1,Tuesday,,
2004-05-19,00:00:00,376.35,382.82,374.28,381.81,20962930,2,Wednesday,,
2004-05-20,00:00:00,381.69,382.2,377.33,378.7,19424550,3,Thursday,,
2004-05-21,00:00:00,379.02,386.85,378.51,383.73,14916620,4,Friday,,
2004-05-24,00:00:00,384.08,386.31,382.33,384.81,11923990,0,Monday,0.35,0.09121
2004-05-25,00:00:00,384.87,389.43,384.07,388.06,11035330,1,Tuesday,,
2004-05-26,00:00:00,387.81,391.62,386.66,388.2,10685500,2,Wednesday,,
2004-05-27,00:00:00,388.0,395.41,387.45,394.08,12909730,3,Thursday,,
2004-05-28,00:00:00,394.31,396.38,391.75,392.87,10478230,4,Friday,,
2004-05-31,00:00:00,393.15,395.32,392.48,394.9,6020760,0,Monday,0.28,0.07127
2004-06-01,00:00:00,394.73,398.4,392.47,394.18,13439830,1,Tuesday,,
2004-06-02,00:00:00,393.72,396.33,389.51,390.27,13625200,2,Wednesday,,
2004-06-03,00:00:00,390.82,392.33,386.58,387.88,15092350,3,Thursday,,
2004-06-04,00:00:00,387.87,391.25,384.59,389.52,11217450,4,Friday,,
2004-06-07,00:00:00,389.74,393.91,389.55,392.8,14173960,0,Monday,0.22,0.05648
2004-06-08,00:00:00,392.83,395.0,389.68,391.02,18755420,1,Tuesday,,
2004-06-09,00:00:00,390.6,391.47,382.35,383.92,19468240,2,Wednesday,,
2004-06-10,00:00:00,383.85,387.37,381.7,384.92,19690540,3,Thursday,,
2004-06-11,00:00:00,385.04,386.1,382.32,383.73,10970730,4,Friday,,
2004-06-14,00:00:00,383.93,385.7,381.4,382.89,23386760,0,Monday,0.2,0.05212
2004-06-15,00:00:00,382.63,388.59,380.55,388.13,25597750,1,Tuesday,,
2004-06-16,00:00:00,388.33,389.43,382.19,384.19,24289080,2,Wednesday,,
2004-06-17,00:00:00,383.59,389.2,382.5,388.23,24128500,3,Thursday,,
2004-06-18,00:00:00,388.11,395.78,385.37,394.42,24553450,4,Friday,,
2004-06-21,00:00:00,394.02,396.88,391.74,393.15,11936260,0,Monday,-0.4,-0.10141
2004-06-22,00:00:00,393.41,396.21,392.02,394.15,11127570,1,Tuesday,,
2004-06-23,00:00:00,394.33,396.69,392.2,395.3,11489870,2,Wednesday,,
2004-06-24,00:00:00,395.05,402.89,393.23,401.6,12820320,3,Thursday,,
2004-06-25,00:00:00,401.28,402.89,400.04,400.89,11333650,4,Friday,,
2004-06-28,00:00:00,400.88,404.59,398.64,399.81,18772910,0,Monday,-0.01,-0.00249
2004-06-29,00:00:00,399.83,400.98,390.41,391.7,21999360,1,Tuesday,,
2004-06-30,00:00:00,391.83,396.19,390.71,393.77,22289360,2,Wednesday,,
2004-07-01,00:00:00,393.56,395.87,392.13,394.94,19312510,3,Thursday,,
2004-07-02,00:00:00,395.37,399.27,391.26,397.44,17139900,4,Friday,,
2004-07-05,00:00:00,397.28,398.73,396.37,397.82,6496140,0,Monday,-0.16,-0.04026
2004-07-06,00:00:00,397.61,398.88,388.55,391.76,11752480,1,Tuesday,,
2004-07-07,00:00:00,392.12,403.04,391.36,401.89,12528270,2,Wednesday,,
2004-07-08,00:00:00,401.98,408.67,398.5,407.31,12836570,3,Thursday,,
2004-07-09,00:00:00,407.32,407.98,404.48,406.94,11486530,4,Friday,,
2004-07-12,00:00:00,406.97,408.34,404.73,407.47,11816480,0,Monday,0.03,0.00737
2004-07-13,00:00:00,407.49,407.57,399.46,400.66,14113900,1,Tuesday,,
2004-07-14,00:00:00,400.66,405.56,400.66,404.81,12745690,2,Wednesday,,
2004-07-15,00:00:00,404.69,405.28,400.66,403.54,11763860,3,Thursday,,
2004-07-16,00:00:00,403.6,407.13,401.56,406.17,8972010,4,Friday,,
2004-07-19,00:00:00,405.62,407.49,403.38,404.85,24216070,0,Monday,-0.55,-0.13541
2004-07-20,00:00:00,405.04,406.07,398.41,399.34,27860800,1,Tuesday,,
2004-07-21,00:00:00,399.64,401.65,393.9,395.87,30026870,2,Wednesday,,
2004-07-22,00:00:00,395.84,397.96,392.46,393.55,31158260,3,Thursday,,
2004-07-23,00:00:00,393.64,395.88,387.04,389.42,26479200,4,Friday,,
2004-07-26,00:00:00,389.07,392.16,388.06,389.0,11148130,0,Monday,-0.35,-0.08988
2004-07-27,00:00:00,389.25,393.15,385.33,387.05,11010210,1,Tuesday,,
2004-07-28,00:00:00,386.69,389.83,384.57,387.02,12127550,2,Wednesday,,
2004-07-29,00:00:00,387.38,390.8,385.49,386.92,12015660,3,Thursday,,
2004-07-30,00:00:00,386.84,391.89,386.27,390.66,9098170,4,Friday,,
2004-08-02,00:00:00,389.76,393.86,389.59,391.36,15223710,0,Monday,-0.9,-0.23038
2004-08-03,00:00:00,390.97,394.25,387.99,393.13,17686110,1,Tuesday,,
2004-08-04,00:00:00,393.16,393.92,389.46,391.25,17122250,2,Wednesday,,
2004-08-05,00:00:00,390.74,392.96,389.5,392.06,15506300,3,Thursday,,
2004-08-06,00:00:00,392.09,400.5,390.44,399.29,12327550,4,Friday,,
2004-08-09,00:00:00,399.17,400.38,396.91,399.54,12130320,0,Monday,-0.12,-0.03005
2004-08-10,00:00:00,399.4,400.62,396.9,398.01,14809860,1,Tuesday,,
2004-08-11,00:00:00,397.71,398.45,392.1,394.99,14525180,2,Wednesday,,
2004-08-12,00:00:00,394.5,397.05,392.53,393.3,13252990,3,Thursday,,
2004-08-13,00:00:00,393.09,399.21,391.38,398.19,13777080,4,Friday,,
2004-08-16,00:00:00,397.91,402.82,397.62,401.42,15273950,0,Monday,-0.28,-0.07032
2004-08-17,00:00:00,401.53,404.82,399.38,403.73,15028860,1,Tuesday,,
2004-08-18,00:00:00,403.68,405.03,400.37,403.66,16722020,2,Wednesday,,
2004-08-19,00:00:00,404.11,407.47,402.75,405.86,17195270,3,Thursday,,
2004-08-20,00:00:00,405.74,413.89,404.01,411.94,13687520,4,Friday,,
2004-08-23,00:00:00,411.79,412.25,407.46,408.38,13259430,0,Monday,-0.15,-0.03641
2004-08-24,00:00:00,408.66,409.44,401.35,402.4,18097930,1,Tuesday,,
2004-08-25,00:00:00,402.63,407.62,401.58,405.8,15568370,2,Wednesday,,
2004-08-26,00:00:00,405.52,408.73,403.32,405.33,16463110,3,Thursday,,
2004-08-27,00:00:00,405.6,408.2,400.68,402.35,13778190,4,Friday,,
2004-08-30,00:00:00,402.26,408.51,401.86,407.63,14809270,0,Monday,-0.09,-0.02237
2004-08-31,00:00:00,407.24,410.48,405.64,409.13,16140850,1,Tuesday,,
2004-09-01,00:00:00,408.98,409.81,405.67,408.18,16848980,2,Wednesday,,
2004-09-02,00:00:00,407.65,408.72,404.52,405.65,15499660,3,Thursday,,
2004-09-03,00:00:00,405.54,406.45,398.02,400.21,13507610,4,Friday,,
2004-09-06,00:00:00,400.1,402.59,399.44,402.07,11882290,0,Monday,-0.11,-0.02749
2004-09-07,00:00:00,401.74,402.2,395.67,396.84,18470920,1,Tuesday,,
2004-09-08,00:00:00,397.04,399.78,394.11,398.86,18821950,2,Wednesday,,
2004-09-09,00:00:00,398.74,400.3,396.2,398.25,18584830,3,Thursday,,
2004-09-10,00:00:00,398.24,402.51,397.95,401.93,15263490,4,Friday,,
2004-09-13,00:00:00,401.6,404.38,397.94,402.94,14629470,0,Monday,-0.33,-0.0821
2004-09-14,00:00:00,403.25,406.55,401.08,404.34,19260370,1,Tuesday,,
2004-09-15,00:00:00,404.42,405.6,402.01,404.5,16446830,2,Wednesday,,
2004-09-16,00:00:00,404.69,405.58,401.65,403.73,17101210,3,Thursday,,
2004-09-17,00:00:00,403.52,406.63,402.21,405.2,14021390,4,Friday,,
2004-09-20,00:00:00,405.22,405.24,402.43,404.59,10899000,0,Monday,0.02,0.00494
2004-09-21,00:00:00,404.59,409.38,402.96,408.06,14868000,1,Tuesday,,
2004-09-22,00:00:00,407.93,409.31,403.15,406.64,17416340,2,Wednesday,,
2004-09-23,00:00:00,407.04,411.62,405.34,409.14,17284660,3,Thursday,,
2004-09-24,00:00:00,408.68,411.57,405.75,406.77,13456140,4,Friday,,
2004-09-27,00:00:00,407.37,409.78,406.1,408.48,13049780,0,Monday,0.6,0.1475
2004-09-28,00:00:00,408.31,412.63,407.24,412.0,17077590,1,Tuesday,,
2004-09-29,00:00:00,411.77,413.88,409.96,412.17,15280120,2,Wednesday,,
2004-09-30,00:00:00,411.83,418.66,410.13,418.25,18700880,3,Thursday,,
2004-10-01,00:00:00,418.23,419.38,415.83,418.59,13599670,4,Friday,,
2004-10-04,00:00:00,418.21,418.64,410.64,413.13,16012710,0,Monday,-0.38,-0.09078
2004-10-05,00:00:00,412.87,419.29,411.49,417.57,15951610,1,Tuesday,,
2004-10-06,00:00:00,417.6,419.87,415.06,417.48,17206480,2,Wednesday,,
2004-10-07,00:00:00,417.11,419.46,415.97,416.76,18371140,3,Thursday,,
2004-10-08,00:00:00,416.9,423.46,416.16,421.96,14914480,4,Friday,,
2004-10-11,00:00:00,422.44,422.81,419.9,421.05,13350760,0,Monday,0.48,0.11375
2004-10-12,00:00:00,421.21,421.95,411.87,414.43,18263920,1,Tuesday,,
2004-10-13,00:00:00,414.07,415.93,408.39,415.23,19448390,2,Wednesday,,
2004-10-14,00:00:00,415.63,418.58,413.06,416.67,19169060,3,Thursday,,
2004-10-15,00:00:00,417.11,421.0,416.37,418.11,14023830,4,Friday,,
2004-10-18,00:00:00,418.34,419.78,415.01,415.58,15917320,0,Monday,0.23,0.05501
2004-10-19,00:00:00,415.27,420.21,413.5,419.5,17275250,1,Tuesday,,
2004-10-20,00:00:00,419.29,425.46,418.41,423.49,16170180,2,Wednesday,,
2004-10-21,00:00:00,422.99,425.75,420.76,422.92,19153890,3,Thursday,,
2004-10-22,00:00:00,422.83,424.6,420.98,423.39,14080290,4,Friday,,
2004-10-25,00:00:00,423.61,430.01,422.8,427.83,17349680,0,Monday,0.22,0.05196
2004-10-26,00:00:00,427.65,428.63,423.77,426.04,17550700,1,Tuesday,,
2004-10-27,00:00:00,426.18,428.41,422.37,423.44,16375910,2,Wednesday,,
2004-10-28,00:00:00,423.23,426.87,419.69,423.78,20011870,3,Thursday,,
2004-10-29,00:00:00,423.8,428.41,422.9,427.45,15314680,4,Friday,,
2004-11-01,00:00:00,427.48,430.04,425.13,426.13,14947720,0,Monday,0.03,0.00702
2004-11-02,00:00:00,426.59,426.89,416.45,420.67,17181290,1,Tuesday,,
2004-11-03,00:00:00,420.38,426.88,417.91,425.98,19330490,2,Wednesday,,
2004-11-04,00:00:00,425.93,432.51,423.23,428.18,19290240,3,Thursday,,
2004-11-05,00:00:00,428.44,433.53,424.09,433.3,15194880,4,Friday,,
2004-11-08,00:00:00,433.16,434.76,430.12,431.49,17096680,0,Monday,-0.14,-0.03231
2004-11-09,00:00:00,431.68,436.36,430.31,434.36,17502240,1,Tuesday,,
2004-11-10,00:00:00,434.34,437.62,431.35,433.51,14411730,2,Wednesday,,
2004-11-11,00:00:00,433.38,435.22,430.87,434.38,13380420,3,Thursday,,
2004-11-12,00:00:00,433.99,438.48,433.05,436.83,13548790,4,Friday,,
2004-11-15,00:00:00,435.87,439.9,434.8,435.53,14388340,0,Monday,-0.96,-0.21977
2004-11-16,00:00:00,435.55,440.56,434.61,438.63,13986300,1,Tuesday,,
2004-11-17,00:00:00,438.56,444.63,437.89,443.95,17004340,2,Wednesday,,
2004-11-18,00:00:00,444.01,444.76,439.27,442.23,13595910,3,Thursday,,
2004-11-19,00:00:00,442.33,447.93,440.68,446.49,15446060,4,Friday,,
2004-11-22,00:00:00,446.49,448.67,444.79,448.23,15353930,0,Monday,0.0,0.0
2004-11-23,00:00:00,448.18,449.26,444.67,445.99,17813400,1,Tuesday,,
2004-11-24,00:00:00,445.96,449.32,445.68,448.71,15726070,2,Wednesday,,
2004-11-25,00:00:00,449.07,452.39,447.64,451.09,13231800,3,Thursday,,
2004-11-26,00:00:00,450.82,454.62,448.16,451.7,13150400,4,Friday,,
2004-11-29,00:00:00,452.08,454.35,448.32,452.79,16186260,0,Monday,0.38,0.08413
2004-11-30,00:00:00,453.13,453.37,447.16,450.52,15755970,1,Tuesday,,
2004-12-01,00:00:00,450.16,455.15,449.27,453.12,17773630,2,Wednesday,,
2004-12-02,00:00:00,452.97,456.48,446.33,448.06,19707910,3,Thursday,,
2004-12-03,00:00:00,448.14,455.99,447.13,454.92,13620410,4,Friday,,
2004-12-06,00:00:00,454.69,455.77,450.05,451.7,16342670,0,Monday,-0.23,-0.05056
2004-12-07,00:00:00,451.67,454.49,449.25,450.19,16045620,1,Tuesday,,
2004-12-08,00:00:00,449.97,450.89,432.77,439.84,20985150,2,Wednesday,,
2004-12-09,00:00:00,439.39,440.78,431.36,436.18,21115130,3,Thursday,,
2004-12-10,00:00:00,436.33,437.26,430.75,433.69,16920680,4,Friday,,
2004-12-13,00:00:00,433.65,439.62,432.99,437.79,16729760,0,Monday,-0.04,-0.00922
2004-12-14,00:00:00,437.83,439.15,433.93,434.69,15867840,1,Tuesday,,
2004-12-15,00:00:00,435.05,441.01,434.0,439.55,16332070,2,Wednesday,,
2004-12-16,00:00:00,439.6,442.28,434.91,436.45,16789760,3,Thursday,,
2004-12-17,00:00:00,436.67,441.69,435.75,440.91,12788390,4,Friday,,
2004-12-20,00:00:00,440.44,443.52,439.47,441.74,13246430,0,Monday,-0.47,-0.1066
2004-12-21,00:00:00,441.85,442.88,439.41,440.78,13652600,1,Tuesday,,
2004-12-22,00:00:00,440.96,442.36,437.61,439.16,12408300,2,Wednesday,,
2004-12-23,00:00:00,438.99,442.07,438.34,440.86,11222690,3,Thursday,,
2004-12-24,00:00:00,440.75,442.76,439.83,441.9,6559820,4,Friday,,
2004-12-27,00:00:00,441.69,444.88,441.04,443.64,9079160,0,Monday,-0.21,-0.04752
2004-12-28,00:00:00,443.76,444.92,441.82,442.53,11337290,1,Tuesday,,
2004-12-29,00:00:00,442.56,444.06,432.84,435.56,13430870,2,Wednesday,,
2004-12-30,00:00:00,435.44,438.25,432.85,436.32,14341150,3,Thursday,,
2004-12-31,00:00:00,436.97,438.38,435.81,437.56,6660310,4,Friday,,
2005-01-03,00:00:00,437.43,437.83,426.12,428.6,16620930,0,Monday,-0.13,-0.02971
2005-01-04,00:00:00,428.79,430.2,423.43,426.87,18137190,1,Tuesday,,
2005-01-05,00:00:00,426.51,427.93,424.28,425.61,19175370,2,Wednesday,,
2005-01-06,00:00:00,425.96,426.93,419.33,420.67,15868410,3,Thursday,,
2005-01-07,00:00:00,420.59,424.48,415.96,418.73,15436890,4,Friday,,
2005-01-10,00:00:00,418.26,421.26,417.63,418.61,15577210,0,Monday,-0.47,-0.11224
2005-01-11,00:00:00,418.89,422.36,418.24,420.51,15450540,1,Tuesday,,
2005-01-12,00:00:00,420.63,427.2,419.44,425.42,14143790,2,Wednesday,,
2005-01-13,00:00:00,425.48,426.58,422.21,424.45,15403810,3,Thursday,,
2005-01-14,00:00:00,424.29,425.02,419.47,421.53,13343450,4,Friday,,
2005-01-17,00:00:00,421.84,422.81,420.02,421.6,10382020,0,Monday,0.31,0.07354
2005-01-18,00:00:00,421.18,423.56,419.92,422.13,12410770,1,Tuesday,,
2005-01-19,00:00:00,422.33,426.58,420.98,422.33,16933400,2,Wednesday,,
2005-01-20,00:00:00,422.33,422.75,419.17,421.68,17884360,3,Thursday,,
2005-01-21,00:00:00,421.65,427.89,419.69,427.01,13213450,4,Friday,,
2005-01-24,00:00:00,426.82,427.59,425.27,426.65,14466870,0,Monday,-0.19,-0.0445
2005-01-25,00:00:00,426.39,427.47,420.24,421.57,14191890,1,Tuesday,,
2005-01-26,00:00:00,421.64,427.32,420.26,425.94,16760180,2,Wednesday,,
2005-01-27,00:00:00,425.75,427.72,423.05,425.03,16723890,3,Thursday,,
2005-01-28,00:00:00,425.23,427.13,423.25,425.7,12729020,4,Friday,,
2005-01-31,00:00:00,425.88,426.4,418.67,421.41,16945170,0,Monday,0.18,0.04228
2005-02-01,00:00:00,421.55,422.08,418.61,420.3,16733480,1,Tuesday,,
2005-02-02,00:00:00,420.02,422.28,418.97,421.29,15407920,2,Wednesday,,
2005-02-03,00:00:00,421.09,421.34,413.67,416.62,17971660,3,Thursday,,
2005-02-04,00:00:00,416.36,417.09,412.98,413.48,14767410,4,Friday,,
2005-02-07,00:00:00,413.44,415.79,411.52,412.96,17289780,0,Monday,-0.04,-0.00967
2005-02-08,00:00:00,412.45,413.87,409.72,412.1,15978810,1,Tuesday,,
2005-02-09,00:00:00,411.88,413.32,409.64,412.82,14873830,2,Wednesday,,
2005-02-10,00:00:00,412.64,418.08,410.75,417.23,15025550,3,Thursday,,
2005-02-11,00:00:00,417.0,421.42,415.46,420.28,13747360,4,Friday,,
2005-02-14,00:00:00,420.0,425.88,419.44,425.13,18773610,0,Monday,-0.28,-0.06662
2005-02-15,00:00:00,424.88,426.66,422.36,424.83,18272240,1,Tuesday,,
2005-02-16,00:00:00,424.88,425.4,421.09,424.57,16798100,2,Wednesday,,
2005-02-17,00:00:00,424.12,428.07,422.89,426.31,18147980,3,Thursday,,
2005-02-18,00:00:00,426.49,427.74,424.74,425.73,14631560,4,Friday,,
2005-02-21,00:00:00,425.59,427.33,425.03,426.58,13098070,0,Monday,-0.14,-0.03288
2005-02-22,00:00:00,426.37,435.29,425.13,435.09,18972880,1,Tuesday,,
2005-02-23,00:00:00,435.09,435.41,430.64,433.68,18383070,2,Wednesday,,
2005-02-24,00:00:00,433.77,436.28,431.2,432.77,19283990,3,Thursday,,
2005-02-25,00:00:00,433.21,435.24,429.93,434.44,15017880,4,Friday,,
2005-02-28,00:00:00,433.77,437.15,433.33,435.08,18281530,0,Monday,-0.67,-0.15422
2005-03-01,00:00:00,435.07,435.72,430.24,432.14,16374580,1,Tuesday,,
2005-03-02,00:00:00,431.99,433.17,427.49,431.94,17808570,2,Wednesday,,
2005-03-03,00:00:00,431.95,433.06,428.06,428.68,16938500,3,Thursday,,
2005-03-04,00:00:00,428.89,435.03,427.93,433.23,14887860,4,Friday,,
2005-03-07,00:00:00,432.15,435.1,431.32,433.99,14400300,0,Monday,-1.08,-0.24929
2005-03-08,00:00:00,433.56,440.39,432.97,440.01,17134420,1,Tuesday,,
2005-03-09,00:00:00,439.49,442.05,437.88,439.62,17802380,2,Wednesday,,
2005-03-10,00:00:00,440.03,442.3,438.76,441.79,18726590,3,Thursday,,
2005-03-11,00:00:00,441.61,446.56,438.87,445.34,14976500,4,Friday,,
2005-03-14,00:00:00,444.95,445.66,438.96,440.73,16717650,0,Monday,-0.39,-0.08757
2005-03-15,00:00:00,440.39,443.63,438.67,440.34,17972660,1,Tuesday,,
2005-03-16,00:00:00,439.94,443.54,438.58,442.35,16284200,2,Wednesday,,
2005-03-17,00:00:00,442.72,443.52,436.64,437.93,18163690,3,Thursday,,
2005-03-18,00:00:00,437.85,439.54,434.74,438.55,15384110,4,Friday,,
2005-03-21,00:00:00,438.74,439.35,428.06,430.7,16649350,0,Monday,0.19,0.04332
2005-03-22,00:00:00,430.31,432.09,425.5,426.11,18608080,1,Tuesday,,
2005-03-23,00:00:00,426.01,428.77,423.17,424.17,21087670,2,Wednesday,,
2005-03-24,00:00:00,424.46,426.1,423.08,424.09,20212220,3,Thursday,,
2005-03-25,00:00:00,423.51,425.22,423.37,424.96,3436040,4,Friday,,
2005-03-28,00:00:00,424.81,426.15,422.4,425.12,11249710,0,Monday,-0.15,-0.0353
2005-03-29,00:00:00,425.02,427.17,423.83,425.34,19578510,1,Tuesday,,
2005-03-30,00:00:00,425.08,427.62,424.65,425.35,16926660,2,Wednesday,,
2005-03-31,00:00:00,425.36,428.53,424.94,428.18,19730590,3,Thursday,,
2005-04-01,00:00:00,427.66,428.28,423.78,425.63,15823700,4,Friday,,
2005-04-02,00:00:00,425.45,426.02,424.98,425.4,122850,5,Saturday,,
2005-04-04,00:00:00,425.69,426.3,421.54,423.51,18108210,0,Monday,0.29,0.06817
2005-04-05,00:00:00,423.33,425.2,421.6,424.58,19929020,1,Tuesday,,
2005-04-06,00:00:00,424.29,426.87,422.78,425.73,18139520,2,Wednesday,,
2005-04-07,00:00:00,425.85,427.93,424.21,425.41,19120130,3,Thursday,,
2005-04-08,00:00:00,425.07,427.02,423.42,426.07,15551840,4,Friday,,
2005-04-11,00:00:00,425.83,429.05,425.15,427.53,16273080,0,Monday,-0.24,-0.05633
2005-04-12,00:00:00,427.17,429.61,425.38,427.42,18179750,1,Tuesday,,
2005-04-13,00:00:00,427.01,429.14,425.56,428.26,18874130,2,Wednesday,,
2005-04-14,00:00:00,428.5,428.76,421.38,423.1,19597760,3,Thursday,,
2005-04-15,00:00:00,423.34,425.54,421.3,424.25,18382250,4,Friday,,
2005-04-18,00:00:00,423.87,427.54,422.07,426.09,18014780,0,Monday,-0.38,-0.08957
2005-04-19,00:00:00,426.41,433.44,425.32,432.71,18133780,1,Tuesday,,
2005-04-20,00:00:00,432.66,435.21,430.56,434.02,19618010,2,Wednesday,,
2005-04-21,00:00:00,433.74,434.96,430.85,431.6,19578980,3,Thursday,,
2005-04-22,00:00:00,431.53,434.92,430.82,433.59,12439290,4,Friday,,
2005-04-25,00:00:00,433.74,434.62,431.46,433.84,15855350,0,Monday,0.15,0.03459
2005-04-26,00:00:00,433.59,437.23,433.12,436.18,16674310,1,Tuesday,,
2005-04-27,00:00:00,436.21,436.73,430.89,431.66,18034190,2,Wednesday,,
2005-04-28,00:00:00,431.85,434.59,429.61,430.61,19997760,3,Thursday,,
2005-04-29,00:00:00,430.98,436.15,429.99,432.63,16915050,4,Friday,,
2005-05-02,00:00:00,434.18,435.57,427.7,429.2,15626050,0,Monday,1.55,0.35827
2005-05-03,00:00:00,428.76,429.55,425.16,426.98,20404630,1,Tuesday,,
2005-05-04,00:00:00,426.96,429.43,426.26,429.14,18082370,2,Wednesday,,
2005-05-05,00:00:00,428.73,431.4,426.93,429.56,17668480,3,Thursday,,
2005-05-06,00:00:00,429.73,430.68,422.68,425.36,15684850,4,Friday,,
2005-05-09,00:00:00,425.49,426.24,423.76,425.73,18260840,0,Monday,0.13,0.03056
2005-05-10,00:00:00,425.28,427.64,424.84,425.58,18690310,1,Tuesday,,
2005-05-11,00:00:00,425.54,428.24,424.48,426.34,18784270,2,Wednesday,,
2005-05-12,00:00:00,426.37,427.12,419.63,421.75,18832410,3,Thursday,,
2005-05-13,00:00:00,421.52,422.5,418.04,419.41,18709230,4,Friday,,
2005-05-16,00:00:00,419.76,420.12,417.29,419.19,14215800,0,Monday,0.35,0.08345
2005-05-17,00:00:00,418.91,420.81,417.36,417.6,20773480,1,Tuesday,,
2005-05-18,00:00:00,417.67,421.37,417.44,421.14,18060450,2,Wednesday,,
2005-05-19,00:00:00,420.83,422.76,418.43,419.74,19848570,3,Thursday,,
2005-05-20,00:00:00,419.85,420.63,415.68,416.91,16190220,4,Friday,,
2005-05-23,00:00:00,417.04,418.11,415.61,416.99,17683380,0,Monday,0.13,0.03118
2005-05-24,00:00:00,416.49,419.13,415.14,417.01,21246630,1,Tuesday,,
2005-05-25,00:00:00,417.74,419.14,415.98,418.55,20785250,2,Wednesday,,
2005-05-26,00:00:00,418.64,419.64,416.28,417.09,21731160,3,Thursday,,
2005-05-27,00:00:00,417.18,419.96,416.35,419.7,16278770,4,Friday,,
2005-05-30,00:00:00,419.33,419.96,416.66,417.54,16884800,0,Monday,-0.37,-0.08816
2005-05-31,00:00:00,417.24,418.59,412.65,416.48,22516890,1,Tuesday,,
2005-06-01,00:00:00,416.63,417.57,413.4,414.49,22188570,2,Wednesday,,
2005-06-02,00:00:00,414.62,423.15,413.96,420.91,23787730,3,Thursday,,
2005-06-03,00:00:00,421.03,424.25,420.44,421.54,20579330,4,Friday,,
2005-06-06,00:00:00,421.43,427.0,421.05,425.39,21550450,0,Monday,-0.11,-0.02609
2005-06-07,00:00:00,424.93,427.19,423.07,423.8,22337910,1,Tuesday,,
2005-06-08,00:00:00,424.31,426.2,421.73,422.39,20027610,2,Wednesday,,
2005-06-09,00:00:00,422.67,424.64,420.74,422.58,21616660,3,Thursday,,
2005-06-10,00:00:00,422.57,427.25,421.15,425.89,16949980,4,Friday,,
2005-06-13,00:00:00,426.5,430.16,423.05,427.77,21202930,0,Monday,0.61,0.14323
2005-06-14,00:00:00,428.08,428.5,425.01,426.22,21491600,1,Tuesday,,
2005-06-15,00:00:00,425.64,429.44,424.83,428.48,21277520,2,Wednesday,,
2005-06-16,00:00:00,428.48,436.13,427.13,435.04,23892500,3,Thursday,,
2005-06-17,00:00:00,434.88,438.89,433.86,436.61,20094230,4,Friday,,
2005-06-20,00:00:00,436.9,440.82,436.08,437.04,20991380,0,Monday,0.29,0.06642
2005-06-21,00:00:00,436.84,438.62,432.89,437.74,20271640,1,Tuesday,,
2005-06-22,00:00:00,437.71,438.9,435.17,437.1,20878690,2,Wednesday,,
2005-06-23,00:00:00,437.51,441.98,434.85,440.83,21094820,3,Thursday,,
2005-06-24,00:00:00,440.45,443.37,437.68,439.16,20565420,4,Friday,,
2005-06-27,00:00:00,438.84,440.1,437.36,439.51,19594140,0,Monday,-0.32,-0.07287
2005-06-28,00:00:00,439.49,439.69,434.12,434.9,21112840,1,Tuesday,,
2005-06-29,00:00:00,435.28,437.78,432.87,436.24,20717530,2,Wednesday,,
2005-06-30,00:00:00,436.63,438.41,433.74,434.23,22529820,3,Thursday,,
2005-07-01,00:00:00,434.6,436.13,425.76,426.66,17728930,4,Friday,,
2005-07-04,00:00:00,427.08,428.56,425.25,426.82,17935830,0,Monday,0.42,0.09844
2005-07-05,00:00:00,426.46,427.12,420.6,422.66,23115500,1,Tuesday,,
2005-07-06,00:00:00,423.14,424.36,421.96,423.23,20456030,2,Wednesday,,
2005-07-07,00:00:00,422.67,428.54,420.73,423.77,22045520,3,Thursday,,
2005-07-08,00:00:00,423.98,424.49,420.77,422.6,19262730,4,Friday,,
2005-07-11,00:00:00,422.33,426.11,421.8,425.42,21857180,0,Monday,-0.27,-0.06389
2005-07-12,00:00:00,425.43,427.39,423.84,425.93,24126450,1,Tuesday,,
2005-07-13,00:00:00,426.04,426.79,422.49,423.02,22702570,2,Wednesday,,
2005-07-14,00:00:00,423.22,424.23,417.88,419.06,23981690,3,Thursday,,
2005-07-15,00:00:00,418.68,421.26,416.99,420.99,20140760,4,Friday,,
2005-07-18,00:00:00,420.89,422.06,419.06,420.35,19717490,0,Monday,-0.1,-0.02375
2005-07-19,00:00:00,419.87,421.69,417.98,419.31,22603410,1,Tuesday,,
2005-07-20,00:00:00,419.48,422.99,418.76,422.59,18970240,2,Wednesday,,
2005-07-21,00:00:00,422.29,425.46,421.53,424.93,23955960,3,Thursday,,
2005-07-22,00:00:00,424.62,426.53,423.31,424.32,20437020,4,Friday,,
2005-07-25,00:00:00,424.41,425.88,423.12,424.78,20069050,0,Monday,0.09,0.02121
2005-07-26,00:00:00,425.18,425.73,421.39,422.47,23066180,1,Tuesday,,
2005-07-27,00:00:00,422.92,425.43,420.76,424.72,22892710,2,Wednesday,,
2005-07-28,00:00:00,425.05,428.64,423.25,427.23,23693810,3,Thursday,,
2005-07-29,00:00:00,427.46,430.39,425.95,428.9,20343930,4,Friday,,
2005-08-01,00:00:00,428.77,432.3,427.85,431.31,18702280,0,Monday,-0.13,-0.03031
2005-08-02,00:00:00,431.67,432.76,429.99,431.79,21562380,1,Tuesday,,
2005-08-03,00:00:00,431.86,437.14,429.24,436.09,21402060,2,Wednesday,,
2005-08-04,00:00:00,436.08,438.96,434.17,436.99,24018650,3,Thursday,,
2005-08-05,00:00:00,436.91,438.84,435.86,436.57,20673010,4,Friday,,
2005-08-08,00:00:00,436.84,437.49,433.17,434.21,20854010,0,Monday,0.27,0.06185
2005-08-09,00:00:00,434.18,435.44,431.8,433.75,24143500,1,Tuesday,,
2005-08-10,00:00:00,434.1,437.21,433.36,436.76,23732930,2,Wednesday,,
2005-08-11,00:00:00,436.75,446.95,435.9,444.77,26583620,3,Thursday,,
2005-08-12,00:00:00,445.13,449.37,442.89,445.41,22782600,4,Friday,,
2005-08-15,00:00:00,445.39,446.01,440.25,441.71,20490250,0,Monday,-0.02,-0.00449
2005-08-16,00:00:00,441.88,446.38,439.31,445.41,25139360,1,Tuesday,,
2005-08-17,00:00:00,445.36,445.9,437.2,439.34,24498580,2,Wednesday,,
2005-08-18,00:00:00,439.54,442.21,436.76,438.53,25777550,3,Thursday,,
2005-08-19,00:00:00,438.85,440.37,435.03,435.27,22322460,4,Friday,,
2005-08-22,00:00:00,435.51,440.18,434.76,437.36,21007810,0,Monday,0.24,0.05514
2005-08-23,00:00:00,437.6,440.2,436.57,438.41,22589290,1,Tuesday,,
2005-08-24,00:00:00,438.72,440.55,434.94,437.28,22797210,2,Wednesday,,
2005-08-25,00:00:00,436.81,439.57,436.17,438.13,26890210,3,Thursday,,
2005-08-26,00:00:00,437.88,439.94,435.98,437.18,21241810,4,Friday,,
2005-08-29,00:00:00,437.93,440.26,435.47,436.11,21732530,0,Monday,0.75,0.17155
2005-08-30,00:00:00,435.9,436.79,428.37,430.93,24530340,1,Tuesday,,
2005-08-31,00:00:00,430.69,435.15,430.14,434.43,23458940,2,Wednesday,,
2005-09-01,00:00:00,434.18,444.38,433.65,442.52,23215390,3,Thursday,,
2005-09-02,00:00:00,442.07,446.94,440.46,442.55,20307930,4,Friday,,
2005-09-05,00:00:00,442.58,446.35,442.1,444.82,18951740,0,Monday,0.03,0.00678
2005-09-06,00:00:00,444.45,445.86,441.62,444.19,25173610,1,Tuesday,,
2005-09-07,00:00:00,444.22,445.86,442.09,444.34,24088380,2,Wednesday,,
2005-09-08,00:00:00,444.32,449.52,442.83,446.21,24041340,3,Thursday,,
2005-09-09,00:00:00,446.31,449.32,445.06,448.52,22238370,4,Friday,,
2005-09-12,00:00:00,448.55,451.33,446.49,448.79,23041590,0,Monday,0.03,0.00669
2005-09-13,00:00:00,448.54,449.36,443.81,445.65,23840950,1,Tuesday,,
2005-09-14,00:00:00,445.85,450.58,444.98,450.23,23791860,2,Wednesday,,
2005-09-15,00:00:00,450.06,455.55,447.57,454.99,26452690,3,Thursday,,
2005-09-16,00:00:00,454.71,459.94,453.18,459.33,23052120,4,Friday,,
2005-09-19,00:00:00,459.2,468.15,457.32,463.98,23952290,0,Monday,-0.13,-0.0283
2005-09-20,00:00:00,463.98,470.6,461.92,463.05,26476930,1,Tuesday,,
2005-09-21,00:00:00,462.94,471.99,462.58,471.49,26932300,2,Wednesday,,
2005-09-22,00:00:00,471.58,475.07,462.66,465.0,28180630,3,Thursday,,
2005-09-23,00:00:00,465.08,466.4,460.02,462.99,22619260,4,Friday,,
2005-09-26,00:00:00,463.62,467.16,458.03,465.64,23159370,0,Monday,0.63,0.13607
2005-09-27,00:00:00,465.92,466.34,457.45,462.48,25741850,1,Tuesday,,
2005-09-28,00:00:00,462.42,469.95,460.32,468.27,25401230,2,Wednesday,,
2005-09-29,00:00:00,467.98,473.27,467.33,471.82,26884500,3,Thursday,,
2005-09-30,00:00:00,472.16,474.14,466.98,468.35,23029370,4,Friday,,
2005-10-03,00:00:00,469.55,469.84,463.05,465.48,23024800,0,Monday,1.2,0.25622
2005-10-04,00:00:00,465.61,469.31,463.53,465.32,24658910,1,Tuesday,,
2005-10-05,00:00:00,465.45,466.61,462.26,463.92,23753500,2,Wednesday,,
2005-10-06,00:00:00,463.72,473.45,463.43,472.45,27027450,3,Thursday,,
2005-10-07,00:00:00,472.88,475.71,469.1,474.79,22486710,4,Friday,,
2005-10-10,00:00:00,475.3,478.54,471.53,474.88,22018410,0,Monday,0.51,0.10742
2005-10-11,00:00:00,474.6,478.11,473.43,474.67,25098880,1,Tuesday,,
2005-10-12,00:00:00,474.45,480.09,469.38,469.67,25005380,2,Wednesday,,
2005-10-13,00:00:00,470.39,473.79,466.79,470.51,27136170,3,Thursday,,
2005-10-14,00:00:00,470.64,471.78,464.79,468.81,22259880,4,Friday,,
2005-10-17,00:00:00,468.87,475.06,467.73,473.04,23568960,0,Monday,0.06,0.0128
2005-10-18,00:00:00,473.31,474.27,469.8,471.62,24980760,1,Tuesday,,
2005-10-19,00:00:00,471.17,471.76,461.1,463.75,25624230,2,Wednesday,,
2005-10-20,00:00:00,463.93,464.76,458.86,460.41,26260580,3,Thursday,,
2005-10-21,00:00:00,460.3,467.05,459.78,466.33,22027280,4,Friday,,
2005-10-24,00:00:00,466.29,468.4,462.05,464.79,22338070,0,Monday,-0.04,-0.00858
2005-10-25,00:00:00,464.18,473.35,463.24,471.81,25036210,1,Tuesday,,
2005-10-26,00:00:00,471.7,473.78,469.49,470.27,25261130,2,Wednesday,,
2005-10-27,00:00:00,470.39,475.37,469.05,472.74,25972590,3,Thursday,,
2005-10-28,00:00:00,472.53,474.31,468.5,472.5,22417050,4,Friday,,
2005-10-31,00:00:00,472.83,472.93,463.93,465.05,23440980,0,Monday,0.33,0.06984
2005-11-01,00:00:00,465.21,466.39,457.44,458.4,24676580,1,Tuesday,,
2005-11-02,00:00:00,458.19,463.54,457.97,462.64,25107540,2,Wednesday,,
2005-11-03,00:00:00,462.45,465.04,457.92,460.54,24273490,3,Thursday,,
2005-11-04,00:00:00,460.13,464.21,454.35,456.39,21560420,4,Friday,,
2005-11-07,00:00:00,456.07,459.32,455.19,458.79,21390680,0,Monday,-0.32,-0.07012
2005-11-08,00:00:00,458.81,461.89,455.46,460.25,24163380,1,Tuesday,,
2005-11-09,00:00:00,459.92,467.48,459.05,466.17,24623110,2,Wednesday,,
2005-11-10,00:00:00,466.03,469.7,464.36,465.94,25433870,3,Thursday,,
2005-11-11,00:00:00,465.61,469.04,463.91,468.23,21984580,4,Friday,,
2005-11-14,00:00:00,468.89,470.52,465.88,466.94,23159420,0,Monday,0.66,0.14096
2005-11-15,00:00:00,466.64,469.56,465.25,467.75,24124340,1,Tuesday,,
2005-11-16,00:00:00,467.67,478.93,467.35,478.71,18869530,2,Wednesday,,
2005-11-17,00:00:00,478.7,486.58,476.82,485.06,28719220,3,Thursday,,
2005-11-18,00:00:00,484.87,488.52,483.15,484.88,23152540,4,Friday,,
2005-11-21,00:00:00,485.07,491.24,483.4,490.69,23807250,0,Monday,0.19,0.03918
2005-11-22,00:00:00,491.03,495.06,488.85,493.67,27030090,1,Tuesday,,
2005-11-23,00:00:00,493.56,494.12,486.68,491.75,25444760,2,Wednesday,,
2005-11-24,00:00:00,491.49,494.16,490.75,493.06,19898850,3,Thursday,,
2005-11-25,00:00:00,492.47,496.62,492.06,494.51,17487430,4,Friday,,
2005-11-28,00:00:00,494.69,498.74,492.38,497.79,23800450,0,Monday,0.18,0.0364
2005-11-29,00:00:00,498.06,502.16,493.56,498.15,26739850,1,Tuesday,,
2005-11-30,00:00:00,498.49,499.16,491.14,491.83,26139520,2,Wednesday,,
2005-12-01,00:00:00,492.06,503.94,489.4,503.15,26546130,3,Thursday,,
2005-12-02,00:00:00,503.6,506.41,499.34,504.17,23748950,4,Friday,,
2005-12-05,00:00:00,504.28,509.41,502.84,508.38,24691770,0,Monday,0.11,0.02182
2005-12-06,00:00:00,508.64,510.89,503.21,510.79,25059530,1,Tuesday,,
2005-12-07,00:00:00,510.21,516.23,507.87,513.88,25243980,2,Wednesday,,
2005-12-08,00:00:00,514.06,520.79,511.91,520.38,28098850,3,Thursday,,
2005-12-09,00:00:00,520.27,530.5,518.57,525.38,23405250,4,Friday,,
2005-12-12,00:00:00,524.92,540.5,524.16,526.89,25223100,0,Monday,-0.46,-0.08756
2005-12-13,00:00:00,527.41,528.8,516.99,517.77,26263810,1,Tuesday,,
2005-12-14,00:00:00,517.89,518.22,503.88,505.28,27135820,2,Wednesday,,
2005-12-15,00:00:00,505.57,508.94,498.82,502.39,27903030,3,Thursday,,
2005-12-16,00:00:00,502.11,506.92,492.26,502.32,24084170,4,Friday,,
2005-12-19,00:00:00,501.99,508.8,500.01,503.17,23471140,0,Monday,-0.33,-0.0657
2005-12-20,00:00:00,503.24,508.13,490.82,492.17,26832270,1,Tuesday,,
2005-12-21,00:00:00,491.57,494.87,488.65,494.77,26904440,2,Wednesday,,
2005-12-22,00:00:00,494.59,504.18,492.55,503.38,27229320,3,Thursday,,
2005-12-23,00:00:00,503.57,505.74,498.95,501.87,19101780,4,Friday,,
2005-12-26,00:00:00,502.88,503.28,501.42,502.06,12059280,0,Monday,1.01,0.20125
2005-12-27,00:00:00,502.39,507.96,501.64,507.21,21645040,1,Tuesday,,
2005-12-28,00:00:00,506.98,517.7,506.14,515.8,25858230,2,Wednesday,,
2005-12-29,00:00:00,516.04,517.54,509.7,515.86,26885120,3,Thursday,,
2005-12-30,00:00:00,515.87,517.62,511.77,515.43,21275060,4,Friday,,
2006-01-02,00:00:00,515.96,516.09,514.95,515.9,10429360,0,Monday,0.53,0.10283
2006-01-03,00:00:00,515.49,534.39,515.13,533.89,25266120,1,Tuesday,,
2006-01-04,00:00:00,533.82,535.3,525.01,533.75,25816180,2,Wednesday,,
2006-01-05,00:00:00,533.52,534.66,523.32,524.13,22699900,3,Thursday,,
2006-01-06,00:00:00,524.01,539.83,523.16,538.77,19198590,4,Friday,,
2006-01-09,00:00:00,538.26,551.13,534.73,548.46,24294460,0,Monday,-0.51,-0.09466
2006-01-10,00:00:00,548.08,548.91,538.66,542.64,17234730,1,Tuesday,,
2006-01-11,00:00:00,542.08,549.25,538.82,546.4,18778130,2,Wednesday,,
2006-01-12,00:00:00,546.68,549.33,541.32,546.63,25049920,3,Thursday,,
2006-01-13,00:00:00,546.32,557.36,544.57,555.06,17183860,4,Friday,,
2006-01-16,00:00:00,555.09,561.98,554.55,561.57,16818760,0,Monday,0.03,0.0054
2006-01-17,00:00:00,561.69,563.93,551.11,554.21,25577540,1,Tuesday,,
2006-01-18,00:00:00,553.95,557.01,541.35,541.58,25527370,2,Wednesday,,
2006-01-19,00:00:00,542.12,558.81,538.94,556.77,26499550,3,Thursday,,
2006-01-20,00:00:00,556.84,567.5,551.73,551.93,22177210,4,Friday,,
2006-01-23,00:00:00,552.06,560.31,548.34,558.39,24380160,0,Monday,0.13,0.02355
2006-01-24,00:00:00,558.84,559.2,552.28,557.8,24546130,1,Tuesday,,
2006-01-25,00:00:00,557.63,566.21,555.89,562.92,25424630,2,Wednesday,,
2006-01-26,00:00:00,562.34,563.46,553.77,559.64,26709040,3,Thursday,,
2006-01-27,00:00:00,559.35,564.1,554.59,557.7,22456380,4,Friday,,
2006-01-30,00:00:00,558.69,569.16,557.12,567.49,23085110,0,Monday,0.99,0.17751
2006-01-31,00:00:00,567.53,572.27,564.94,568.12,26023960,1,Tuesday,,
2006-02-01,00:00:00,568.18,571.45,562.49,568.7,26407760,2,Wednesday,,
2006-02-02,00:00:00,568.35,574.67,566.93,571.45,27584300,3,Thursday,,
2006-02-03,00:00:00,571.24,573.47,564.56,566.75,22283500,4,Friday,,
2006-02-06,00:00:00,566.67,573.5,565.92,569.2,23702750,0,Monday,-0.08,-0.01412
2006-02-07,00:00:00,569.38,570.78,545.43,547.63,25333170,1,Tuesday,,
2006-02-08,00:00:00,547.93,552.52,544.02,550.41,26701970,2,Wednesday,,
2006-02-09,00:00:00,550.37,566.52,548.49,563.67,27983110,3,Thursday,,
2006-02-10,00:00:00,563.91,568.29,546.22,550.24,23626990,4,Friday,,
2006-02-13,00:00:00,550.02,551.36,537.44,539.53,24826950,0,Monday,-0.22,-0.03998
2006-02-14,00:00:00,539.77,547.47,533.9,546.6,27813040,1,Tuesday,,
2006-02-15,00:00:00,546.34,547.59,534.91,539.08,26238040,2,Wednesday,,
2006-02-16,00:00:00,539.39,547.73,534.7,546.99,26118630,3,Thursday,,
2006-02-17,00:00:00,547.1,554.03,543.13,551.5,22033070,4,Friday,,
2006-02-20,00:00:00,551.61,556.53,550.74,554.86,17773590,0,Monday,0.11,0.01995
2006-02-21,00:00:00,554.85,556.08,550.3,553.64,25030610,1,Tuesday,,
2006-02-22,00:00:00,553.22,555.49,546.51,554.97,25605270,2,Wednesday,,
2006-02-23,00:00:00,554.6,555.7,547.17,548.04,26703230,3,Thursday,,
2006-02-24,00:00:00,547.97,559.19,546.34,557.85,22607040,4,Friday,,
2006-02-27,00:00:00,556.42,558.65,551.5,552.99,23709530,0,Monday,-1.43,-0.25634
2006-02-28,00:00:00,552.92,562.22,551.99,560.75,25503150,1,Tuesday,,
2006-03-01,00:00:00,560.6,566.45,558.78,562.03,25104480,2,Wednesday,,
2006-03-02,00:00:00,561.86,570.03,560.76,568.29,25477120,3,Thursday,,
2006-03-03,00:00:00,568.29,570.53,563.55,564.51,23153860,4,Friday,,
2006-03-06,00:00:00,564.3,568.0,551.48,554.81,23666550,0,Monday,-0.21,-0.0372
2006-03-07,00:00:00,554.87,558.13,547.66,551.99,27258860,1,Tuesday,,
2006-03-08,00:00:00,552.27,553.71,537.61,542.37,26120520,2,Wednesday,,
2006-03-09,00:00:00,542.48,550.25,538.8,545.07,26940910,3,Thursday,,
2006-03-10,00:00:00,545.43,546.72,533.51,540.32,22578260,4,Friday,,
2006-03-13,00:00:00,539.97,546.72,539.57,544.99,23812340,0,Monday,-0.35,-0.06478
2006-03-14,00:00:00,545.14,552.08,541.69,550.12,25792630,1,Tuesday,,
2006-03-15,00:00:00,550.19,556.9,549.33,552.24,25413460,2,Wednesday,,
2006-03-16,00:00:00,552.31,556.46,546.73,554.51,27190070,3,Thursday,,
2006-03-17,00:00:00,554.43,557.51,551.21,553.2,20803110,4,Friday,,
2006-03-20,00:00:00,552.99,556.05,549.34,553.89,22350190,0,Monday,-0.21,-0.03796
2006-03-21,00:00:00,554.22,555.0,546.02,551.5,24470430,1,Tuesday,,
2006-03-22,00:00:00,551.06,553.17,546.28,550.08,25393000,2,Wednesday,,
2006-03-23,00:00:00,550.16,551.06,544.19,549.2,25748580,3,Thursday,,
2006-03-24,00:00:00,549.01,560.78,547.85,559.36,21120000,4,Friday,,
2006-03-27,00:00:00,559.49,568.11,557.46,566.59,24102370,0,Monday,0.13,0.02324
2006-03-28,00:00:00,566.49,569.23,561.53,562.71,26476060,1,Tuesday,,
2006-03-29,00:00:00,562.56,574.03,559.52,572.7,26417790,2,Wednesday,,
2006-03-30,00:00:00,572.46,589.34,570.33,588.52,28958500,3,Thursday,,
2006-03-31,00:00:00,588.05,588.82,578.14,583.07,24871870,4,Friday,,
2006-04-01,00:00:00,582.81,583.38,582.34,582.95,251630,5,Saturday,,
2006-04-03,00:00:00,582.69,591.23,581.13,587.02,24690060,0,Monday,-0.26,-0.0446
2006-04-04,00:00:00,586.87,590.13,583.7,585.94,26889190,1,Tuesday,,
2006-04-05,00:00:00,585.87,589.53,581.31,587.51,26407850,2,Wednesday,,
2006-04-06,00:00:00,587.37,596.73,586.43,594.42,28383920,3,Thursday,,
2006-04-07,00:00:00,594.43,597.75,584.54,587.59,22588390,4,Friday,,
2006-04-10,00:00:00,587.79,599.32,587.16,598.92,26175300,0,Monday,0.2,0.03404
2006-04-11,00:00:00,598.9,603.8,592.1,592.49,29452050,1,Tuesday,,
2006-04-12,00:00:00,592.85,599.88,592.0,597.5,29126310,2,Wednesday,,
2006-04-13,00:00:00,597.82,598.27,590.24,595.9,27890580,3,Thursday,,
2006-04-14,00:00:00,595.6,599.25,595.24,598.38,11556460,4,Friday,,
2006-04-17,00:00:00,599.25,615.57,596.12,612.63,23992670,0,Monday,0.87,0.14539
2006-04-18,00:00:00,612.35,621.86,611.77,620.35,27146010,1,Tuesday,,
2006-04-19,00:00:00,619.91,642.2,619.77,639.34,26062350,2,Wednesday,,
2006-04-20,00:00:00,639.46,645.46,607.73,611.43,29737340,3,Thursday,,
2006-04-21,00:00:00,611.65,634.86,609.34,634.33,22717700,4,Friday,,
2006-04-24,00:00:00,634.18,639.01,618.19,620.14,25109370,0,Monday,-0.15,-0.02365
2006-04-25,00:00:00,620.66,634.61,617.12,629.01,25762100,1,Tuesday,,
2006-04-26,00:00:00,628.75,640.8,627.77,637.89,21696030,2,Wednesday,,
2006-04-27,00:00:00,637.86,643.21,626.07,633.04,27744810,3,Thursday,,
2006-04-28,00:00:00,632.58,655.36,632.4,653.56,22823980,4,Friday,,
2006-05-01,00:00:00,653.87,661.16,649.96,654.1,24264610,0,Monday,0.31,0.04743
2006-05-02,00:00:00,653.92,668.86,652.02,667.84,27189640,1,Tuesday,,
2006-05-03,00:00:00,667.94,677.0,660.07,665.83,26384720,2,Wednesday,,
2006-05-04,00:00:00,666.3,680.1,659.73,676.81,28470780,3,Thursday,,
2006-05-05,00:00:00,676.4,684.23,673.8,682.39,24368650,4,Friday,,
2006-05-08,00:00:00,682.18,685.55,670.45,677.75,25428770,0,Monday,-0.21,-0.03077
2006-05-09,00:00:00,677.97,700.34,676.49,699.98,27494460,1,Tuesday,,
2006-05-10,00:00:00,700.28,707.97,692.74,707.01,26963880,2,Wednesday,,
2006-05-11,00:00:00,706.65,726.1,703.25,713.4,28014970,3,Thursday,,
2006-05-12,00:00:00,713.2,730.05,706.86,714.04,23734710,4,Friday,,
2006-05-15,00:00:00,713.84,719.64,675.38,676.39,25894300,0,Monday,-0.2,-0.02801
2006-05-16,00:00:00,676.56,692.62,673.57,689.63,29094620,1,Tuesday,,
2006-05-17,00:00:00,689.53,716.2,684.21,685.91,27932730,2,Wednesday,,
2006-05-18,00:00:00,686.06,694.36,677.22,681.54,29081020,3,Thursday,,
2006-05-19,00:00:00,681.28,688.09,650.67,657.1,19644610,4,Friday,,
2006-05-22,00:00:00,656.65,661.42,636.06,654.89,25730920,0,Monday,-0.45,-0.06848
2006-05-23,00:00:00,655.38,674.45,650.25,665.61,29097700,1,Tuesday,,
2006-05-24,00:00:00,665.91,670.33,634.6,639.65,27898540,2,Wednesday,,
2006-05-25,00:00:00,639.53,650.41,638.0,649.95,29107390,3,Thursday,,
2006-05-26,00:00:00,649.64,655.23,640.34,652.4,23755810,4,Friday,,
2006-05-29,00:00:00,651.91,652.86,646.07,648.65,12966300,0,Monday,-0.49,-0.07511
2006-05-30,00:00:00,649.09,664.43,647.09,651.69,26708480,1,Tuesday,,
2006-05-31,00:00:00,651.75,659.09,638.4,644.06,24659980,2,Wednesday,,
2006-06-01,00:00:00,644.2,645.24,620.02,628.88,28871670,3,Thursday,,
2006-06-02,00:00:00,628.44,638.76,617.84,636.98,24463320,4,Friday,,
2006-06-05,00:00:00,636.82,645.32,634.11,636.57,25130980,0,Monday,-0.16,-0.02512
2006-06-06,00:00:00,636.25,638.72,624.77,629.71,28088720,1,Tuesday,,
2006-06-07,00:00:00,629.72,630.73,615.58,625.58,27101210,2,Wednesday,,
2006-06-08,00:00:00,625.55,626.95,607.4,612.06,28548220,3,Thursday,,
2006-06-09,00:00:00,612.08,616.99,600.12,606.73,24590420,4,Friday,,
2006-06-12,00:00:00,606.44,611.42,602.78,603.27,18832660,0,Monday,-0.29,-0.0478
2006-06-13,00:00:00,603.52,604.62,560.56,561.39,26535400,1,Tuesday,,
2006-06-14,00:00:00,561.51,570.66,542.18,558.63,24916210,2,Wednesday,,
2006-06-15,00:00:00,558.56,578.08,553.15,575.6,28082560,3,Thursday,,
2006-06-16,00:00:00,575.22,584.78,566.07,580.22,23906480,4,Friday,,
2006-06-19,00:00:00,579.76,580.38,563.07,564.88,25884620,0,Monday,-0.46,-0.07928
2006-06-20,00:00:00,564.37,577.15,559.78,574.74,27065610,1,Tuesday,,
2006-06-21,00:00:00,575.08,590.24,569.77,586.72,24473060,2,Wednesday,,
2006-06-22,00:00:00,586.17,594.73,578.5,579.83,28658600,3,Thursday,,
2006-06-23,00:00:00,579.64,585.73,570.97,582.48,23710610,4,Friday,,
2006-06-26,00:00:00,583.02,586.69,576.62,584.4,24952200,0,Monday,0.54,0.09271
2006-06-27,00:00:00,584.75,595.31,578.04,578.45,27722930,1,Tuesday,,
2006-06-28,00:00:00,577.88,586.02,576.72,579.44,24949360,2,Wednesday,,
2006-06-29,00:00:00,578.93,600.06,577.62,598.87,27613720,3,Thursday,,
2006-06-30,00:00:00,598.76,616.07,596.37,614.87,24695670,4,Friday,,
2006-07-03,00:00:00,613.43,626.38,612.83,623.4,21163430,0,Monday,-1.44,-0.2342
2006-07-04,00:00:00,623.44,623.75,615.68,620.86,17859070,1,Tuesday,,
2006-07-05,00:00:00,621.2,629.91,617.55,627.59,25845490,2,Wednesday,,
2006-07-06,00:00:00,627.58,634.73,621.12,632.26,27616110,3,Thursday,,
2006-07-07,00:00:00,631.95,637.0,626.91,628.6,23585510,4,Friday,,
2006-07-10,00:00:00,628.02,631.86,619.36,623.03,24853910,0,Monday,-0.58,-0.09227
2006-07-11,00:00:00,623.31,643.17,620.43,640.35,26564800,1,Tuesday,,
2006-07-12,00:00:00,640.82,654.92,638.58,650.39,25493280,2,Wednesday,,
2006-07-13,00:00:00,650.31,659.89,643.42,658.92,27608010,3,Thursday,,
2006-07-14,00:00:00,659.04,667.35,658.25,663.2,24542670,4,Friday,,
2006-07-17,00:00:00,663.42,675.82,639.91,642.38,26345530,0,Monday,0.22,0.03317
2006-07-18,00:00:00,642.43,654.04,626.83,631.5,27588800,1,Tuesday,,
2006-07-19,00:00:00,631.64,645.96,617.45,642.05,26672740,2,Wednesday,,
2006-07-20,00:00:00,642.03,644.81,626.63,627.87,27813990,3,Thursday,,
2006-07-21,00:00:00,627.93,636.9,615.26,619.91,24085350,4,Friday,,
2006-07-24,00:00:00,619.7,620.3,601.46,614.27,24730530,0,Monday,-0.21,-0.03388
2006-07-25,00:00:00,614.53,623.58,609.1,617.87,27035550,1,Tuesday,,
2006-07-26,00:00:00,618.04,626.55,612.58,623.41,24924910,2,Wednesday,,
2006-07-27,00:00:00,623.43,640.54,621.27,632.14,26216580,3,Thursday,,
2006-07-28,00:00:00,632.31,637.81,625.72,633.79,22155510,4,Friday,,
2006-07-31,00:00:00,633.39,639.05,628.17,635.84,25206340,0,Monday,-0.4,-0.06311
2006-08-01,00:00:00,635.58,648.08,630.02,646.45,26906340,1,Tuesday,,
2006-08-02,00:00:00,646.26,655.95,644.77,649.98,26852760,2,Wednesday,,
2006-08-03,00:00:00,649.98,652.61,638.24,644.14,27875100,3,Thursday,,
2006-08-04,00:00:00,643.88,653.72,642.6,645.38,23219830,4,Friday,,
2006-08-07,00:00:00,645.25,651.7,643.13,647.12,23822300,0,Monday,-0.13,-0.02014
2006-08-08,00:00:00,647.15,648.65,640.12,641.74,25741220,1,Tuesday,,
2006-08-09,00:00:00,641.62,654.59,634.49,649.09,26737280,2,Wednesday,,
2006-08-10,00:00:00,649.22,653.88,632.87,635.1,27166610,3,Thursday,,
2006-08-11,00:00:00,635.09,644.92,625.79,631.4,23987570,4,Friday,,
2006-08-14,00:00:00,630.43,632.97,622.85,625.76,24817900,0,Monday,-0.97,-0.15363
2006-08-15,00:00:00,625.6,628.0,620.17,624.05,27079620,1,Tuesday,,
2006-08-16,00:00:00,623.7,632.45,622.79,627.87,26473030,2,Wednesday,,
2006-08-17,00:00:00,628.32,631.24,612.29,612.94,27786770,3,Thursday,,
2006-08-18,00:00:00,613.19,618.72,606.6,614.2,24212560,4,Friday,,
2006-08-21,00:00:00,614.36,628.24,612.88,627.24,25488250,0,Monday,0.16,0.02605
2006-08-22,00:00:00,627.27,628.64,619.75,624.03,26738940,1,Tuesday,,
2006-08-23,00:00:00,624.08,629.97,620.37,621.33,25961620,2,Wednesday,,
2006-08-24,00:00:00,621.17,626.24,617.95,620.04,27354650,3,Thursday,,
2006-08-25,00:00:00,620.53,624.6,616.97,621.45,23897130,4,Friday,,
2006-08-28,00:00:00,622.26,623.53,611.96,613.65,24617050,0,Monday,0.81,0.13034
2006-08-29,00:00:00,613.24,617.36,606.49,613.97,26935270,1,Tuesday,,
2006-08-30,00:00:00,614.04,620.61,611.79,617.73,26553620,2,Wednesday,,
2006-08-31,00:00:00,617.72,627.09,617.2,626.07,27682640,3,Thursday,,
2006-09-01,00:00:00,626.05,627.38,618.94,624.52,23862650,4,Friday,,
2006-09-04,00:00:00,625.15,627.51,623.38,625.2,17996960,0,Monday,0.63,0.10088
2006-09-05,00:00:00,625.18,640.3,624.82,637.17,26829880,1,Tuesday,,
2006-09-06,00:00:00,637.06,640.03,631.05,632.9,27453420,2,Wednesday,,
2006-09-07,00:00:00,633.05,635.78,613.26,615.77,28020050,3,Thursday,,
2006-09-08,00:00:00,615.96,619.0,605.67,609.82,25007600,4,Friday,,
2006-09-11,00:00:00,609.76,610.22,582.15,588.18,25716550,0,Monday,-0.06,-0.00984
2006-09-12,00:00:00,587.96,599.5,583.54,586.12,27868850,1,Tuesday,,
2006-09-13,00:00:00,585.55,593.07,578.22,588.66,26951400,2,Wednesday,,
2006-09-14,00:00:00,588.41,594.81,573.58,573.84,28743950,3,Thursday,,
2006-09-15,00:00:00,574.17,581.67,569.9,578.59,22536520,4,Friday,,
2006-09-18,00:00:00,578.4,587.79,577.47,585.9,17532570,0,Monday,-0.19,-0.03284
2006-09-19,00:00:00,586.29,588.57,571.51,572.48,27104630,1,Tuesday,,
2006-09-20,00:00:00,571.98,585.96,571.1,575.76,27207550,2,Wednesday,,
2006-09-21,00:00:00,576.09,584.97,573.27,583.64,27602110,3,Thursday,,
2006-09-22,00:00:00,583.54,592.12,582.81,588.86,22702560,4,Friday,,
2006-09-25,00:00:00,588.95,591.51,581.51,590.08,25065170,0,Monday,0.09,0.01528
2006-09-26,00:00:00,590.12,593.36,585.41,591.36,26588750,1,Tuesday,,
2006-09-27,00:00:00,590.74,602.99,588.68,602.42,23445460,2,Wednesday,,
2006-09-28,00:00:00,602.18,606.71,599.52,600.63,28768030,3,Thursday,,
2006-09-29,00:00:00,600.25,603.66,593.56,597.17,25254400,4,Friday,,
2006-10-02,00:00:00,597.34,603.62,593.7,595.38,24704250,0,Monday,0.17,0.02847
2006-10-03,00:00:00,595.0,597.7,572.89,573.35,28096720,1,Tuesday,,
2006-10-04,00:00:00,573.38,580.5,558.95,566.2,27441840,2,Wednesday,,
2006-10-05,00:00:00,566.13,574.0,561.43,572.85,28913640,3,Thursday,,
2006-10-06,00:00:00,573.22,573.72,559.6,572.8,23288120,4,Friday,,
2006-10-09,00:00:00,572.84,580.57,570.68,576.33,26054220,0,Monday,0.04,0.00698
2006-10-10,00:00:00,576.12,580.81,568.2,570.4,24450670,1,Tuesday,,
2006-10-11,00:00:00,570.78,578.8,569.4,572.07,20123680,2,Wednesday,,
2006-10-12,00:00:00,572.11,579.04,570.07,577.6,28257270,3,Thursday,,
2006-10-13,00:00:00,577.34,590.02,576.13,589.2,24562260,4,Friday,,
2006-10-16,00:00:00,589.06,596.08,588.67,595.4,26699110,0,Monday,-0.14,-0.02376
2006-10-17,00:00:00,595.42,597.33,584.84,589.63,28893270,1,Tuesday,,
2006-10-18,00:00:00,589.21,594.94,586.3,588.21,26178720,2,Wednesday,,
2006-10-19,00:00:00,588.69,600.13,585.55,598.71,20637900,3,Thursday,,
2006-10-20,00:00:00,598.63,602.07,590.2,590.63,24053250,4,Friday,,
2006-10-23,00:00:00,590.83,592.56,578.64,581.2,25465550,0,Monday,0.2,0.03386
2006-10-24,00:00:00,581.33,586.26,572.36,585.29,26932600,1,Tuesday,,
2006-10-25,00:00:00,585.76,591.67,578.88,590.15,25667850,2,Wednesday,,
2006-10-26,00:00:00,590.14,598.17,589.03,596.28,27771150,3,Thursday,,
2006-10-27,00:00:00,596.36,599.79,591.0,598.62,23474930,4,Friday,,
2006-10-30,00:00:00,599.07,610.09,597.46,602.88,25630430,0,Monday,0.45,0.07517
2006-10-31,00:00:00,603.06,607.44,597.54,605.5,25141080,1,Tuesday,,
2006-11-01,00:00:00,606.03,619.19,604.66,616.6,27113880,2,Wednesday,,
2006-11-02,00:00:00,616.17,625.68,613.15,623.5,28459200,3,Thursday,,
2006-11-03,00:00:00,624.05,628.82,616.99,626.72,23692990,4,Friday,,
2006-11-06,00:00:00,626.25,629.31,621.53,621.74,25814480,0,Monday,-0.47,-0.07499
2006-11-07,00:00:00,622.27,628.74,620.99,624.31,27502590,1,Tuesday,,
2006-11-08,00:00:00,624.22,626.63,612.26,614.66,26053870,2,Wednesday,,
2006-11-09,00:00:00,614.79,635.37,614.17,632.61,28021180,3,Thursday,,
2006-11-10,00:00:00,632.69,636.26,624.66,627.25,24433460,4,Friday,,
2006-11-13,00:00:00,627.57,632.32,619.92,625.03,25969550,0,Monday,0.32,0.05102
2006-11-14,00:00:00,624.73,628.94,618.49,620.02,27086330,1,Tuesday,,
2006-11-15,00:00:00,620.2,624.51,614.54,622.0,26973720,2,Wednesday,,
2006-11-16,00:00:00,621.98,627.95,616.82,617.57,27761490,3,Thursday,,
2006-11-17,00:00:00,617.82,622.04,613.98,621.09,23716950,4,Friday,,
2006-11-20,00:00:00,621.53,626.51,619.77,622.12,25796320,0,Monday,0.44,0.07084
2006-11-21,00:00:00,622.12,628.67,620.97,626.74,26910360,1,Tuesday,,
2006-11-22,00:00:00,626.74,634.46,625.01,629.31,25266710,2,Wednesday,,
2006-11-23,00:00:00,629.21,631.24,627.7,630.41,19266220,3,Thursday,,
2006-11-24,00:00:00,629.97,639.72,629.45,636.41,21887740,4,Friday,,
2006-11-27,00:00:00,636.33,641.4,635.98,639.48,26229840,0,Monday,-0.08,-0.01257
2006-11-28,00:00:00,639.32,641.41,632.18,639.39,27714550,1,Tuesday,,
2006-11-29,00:00:00,639.48,640.25,634.03,635.57,26170960,2,Wednesday,,
2006-11-30,00:00:00,635.76,648.6,635.22,645.81,24343100,3,Thursday,,
2006-12-01,00:00:00,646.02,649.63,642.92,644.86,23771220,4,Friday,,
2006-12-04,00:00:00,644.63,647.77,639.84,645.23,25762510,0,Monday,-0.23,-0.03567
2006-12-05,00:00:00,645.49,648.38,638.2,642.31,27705130,1,Tuesday,,
2006-12-06,00:00:00,642.05,642.54,628.07,630.0,27836760,2,Wednesday,,
2006-12-07,00:00:00,630.16,633.76,624.0,632.87,28682540,3,Thursday,,
2006-12-08,00:00:00,632.69,637.64,622.38,623.97,23576400,4,Friday,,
2006-12-11,00:00:00,624.56,630.3,622.12,629.22,25773340,0,Monday,0.59,0.09456
2006-12-12,00:00:00,629.26,630.74,625.65,629.56,27669080,1,Tuesday,,
2006-12-13,00:00:00,629.37,630.05,622.61,627.53,26949920,2,Wednesday,,
2006-12-14,00:00:00,627.49,629.04,624.14,625.17,27800220,3,Thursday,,
2006-12-15,00:00:00,625.02,628.76,613.66,614.46,23103350,4,Friday,,
2006-12-18,00:00:00,614.9,617.95,611.11,615.37,26062060,0,Monday,0.44,0.07161
2006-12-19,00:00:00,615.75,622.78,613.89,622.39,26947680,1,Tuesday,,
2006-12-20,00:00:00,622.28,624.45,618.27,619.33,26896390,2,Wednesday,,
2006-12-21,00:00:00,619.46,622.18,616.84,617.65,27335650,3,Thursday,,
2006-12-22,00:00:00,617.7,621.29,617.25,620.43,22158120,4,Friday,,
2006-12-25,00:00:00,619.94,621.04,619.18,620.62,10536970,0,Monday,-0.49,-0.07898
2006-12-26,00:00:00,620.49,629.29,620.03,623.49,22217180,1,Tuesday,,
2006-12-27,00:00:00,623.6,629.22,622.64,626.16,26433450,2,Wednesday,,
2006-12-28,00:00:00,625.88,635.56,625.61,633.98,25827910,3,Thursday,,
2006-12-29,00:00:00,634.0,636.36,631.07,635.7,22464590,4,Friday,,
2007-01-01,00:00:00,635.76,636.23,635.01,635.88,10469730,0,Monday,0.06,0.00944
2007-01-02,00:00:00,635.78,640.8,635.17,639.59,25720400,1,Tuesday,,
2007-01-03,00:00:00,639.4,644.66,624.63,627.11,25574400,2,Wednesday,,
2007-01-04,00:00:00,626.95,630.35,619.6,620.66,27966600,3,Thursday,,
2007-01-05,00:00:00,620.94,625.77,601.59,606.84,23612590,4,Friday,,
2007-01-08,00:00:00,606.71,610.13,602.94,609.49,25307540,0,Monday,-0.13,-0.02142
2007-01-09,00:00:00,609.85,615.66,605.28,613.14,26973360,1,Tuesday,,
2007-01-10,00:00:00,612.7,613.88,605.15,610.37,26670180,2,Wednesday,,
2007-01-11,00:00:00,610.27,615.78,607.98,610.98,28902340,3,Thursday,,
2007-01-12,00:00:00,610.64,627.32,608.68,626.23,24420950,4,Friday,,
2007-01-15,00:00:00,625.72,627.77,623.68,625.94,26295090,0,Monday,-0.51,-0.08144
2007-01-16,00:00:00,625.82,627.95,621.98,624.06,28037240,1,Tuesday,,
2007-01-17,00:00:00,624.03,633.71,619.36,631.16,27287820,2,Wednesday,,
2007-01-18,00:00:00,631.26,636.48,625.67,626.47,28531260,3,Thursday,,
2007-01-19,00:00:00,626.76,636.08,625.7,634.77,23528350,4,Friday,,
2007-01-22,00:00:00,634.57,639.34,631.07,632.43,25314590,0,Monday,-0.2,-0.03151
2007-01-23,00:00:00,632.71,647.62,631.71,646.29,27405550,1,Tuesday,,
2007-01-24,00:00:00,645.54,648.58,638.01,648.16,27691350,2,Wednesday,,
2007-01-25,00:00:00,648.15,654.44,644.38,645.25,28236520,3,Thursday,,
2007-01-26,00:00:00,645.09,647.83,639.94,645.38,23748050,4,Friday,,
2007-01-29,00:00:00,645.26,647.71,640.03,643.22,24941920,0,Monday,-0.12,-0.01859
2007-01-30,00:00:00,642.87,647.33,639.98,646.64,26842420,1,Tuesday,,
2007-01-31,00:00:00,646.85,654.65,641.28,652.32,26771000,2,Wednesday,,
2007-02-01,00:00:00,652.17,661.11,650.82,656.45,28000520,3,Thursday,,
2007-02-02,00:00:00,656.26,659.56,642.19,647.07,23534480,4,Friday,,
2007-02-05,00:00:00,646.85,651.69,645.17,647.95,25582050,0,Monday,-0.22,-0.034
2007-02-06,00:00:00,647.48,658.23,646.93,652.77,26122370,1,Tuesday,,
2007-02-07,00:00:00,652.81,656.51,650.03,650.93,23707600,2,Wednesday,,
2007-02-08,00:00:00,650.79,661.01,646.88,659.58,26252520,3,Thursday,,
2007-02-09,00:00:00,659.6,668.04,656.23,666.06,20274260,4,Friday,,
2007-02-12,00:00:00,666.03,668.11,659.06,660.23,24355820,0,Monday,-0.03,-0.0045
2007-02-13,00:00:00,660.59,668.87,659.8,663.56,27155630,1,Tuesday,,
2007-02-14,00:00:00,663.57,671.71,662.73,668.27,27369020,2,Wednesday,,
2007-02-15,00:00:00,668.6,670.4,661.91,669.01,27349340,3,Thursday,,
2007-02-16,00:00:00,668.97,669.5,662.06,668.09,21782470,4,Friday,,
2007-02-19,00:00:00,668.32,673.1,666.72,669.8,21589790,0,Monday,0.23,0.03443
2007-02-20,00:00:00,669.85,671.78,655.15,656.53,25837410,1,Tuesday,,
2007-02-21,00:00:00,656.82,682.25,656.09,678.0,26647840,2,Wednesday,,
2007-02-22,00:00:00,678.27,680.83,674.68,676.68,27422950,3,Thursday,,
2007-02-23,00:00:00,676.87,688.21,671.91,681.92,23262160,4,Friday,,
2007-02-26,00:00:00,681.75,687.73,680.72,685.97,25559020,0,Monday,-0.17,-0.02493
2007-02-27,00:00:00,685.77,688.47,658.58,662.5,27101530,1,Tuesday,,
2007-02-28,00:00:00,662.69,677.32,660.81,668.82,27666120,2,Wednesday,,
2007-03-01,00:00:00,668.59,677.36,660.94,663.62,29244550,3,Thursday,,
2007-03-02,00:00:00,663.37,665.43,639.78,641.9,24483540,4,Friday,,
2007-03-05,00:00:00,641.98,644.62,632.57,635.85,26188930,0,Monday,0.08,0.01246
2007-03-06,00:00:00,635.42,647.65,631.85,645.91,28457010,1,Tuesday,,
2007-03-07,00:00:00,646.12,651.53,641.75,648.53,28072810,2,Wednesday,,
2007-03-08,00:00:00,648.6,655.76,646.26,650.72,27948050,3,Thursday,,
2007-03-09,00:00:00,650.96,657.9,646.98,648.92,23398170,4,Friday,,
2007-03-11,00:00:00,648.74,649.15,648.09,648.53,248390,6,Sunday,,
2007-03-12,00:00:00,648.77,653.6,644.85,650.37,24794030,0,Monday,0.24,0.03701
2007-03-13,00:00:00,650.0,651.89,641.27,642.73,26712830,1,Tuesday,,
2007-03-14,00:00:00,642.76,645.77,635.85,643.56,26160700,2,Wednesday,,
2007-03-15,00:00:00,643.2,650.07,642.38,645.24,27310890,3,Thursday,,
2007-03-16,00:00:00,645.68,655.57,644.51,652.4,23100450,4,Friday,,
2007-03-18,00:00:00,651.82,652.31,651.41,652.21,243980,6,Sunday,,
2007-03-19,00:00:00,652.02,655.98,650.74,653.0,24651740,0,Monday,-0.19,-0.02913
2007-03-20,00:00:00,652.35,660.82,651.66,657.23,26215570,1,Tuesday,,
2007-03-21,00:00:00,657.79,664.5,655.56,664.02,25167710,2,Wednesday,,
2007-03-22,00:00:00,663.41,666.55,661.07,663.1,27174200,3,Thursday,,
2007-03-23,00:00:00,663.09,664.5,654.2,656.37,22215970,4,Friday,,
2007-03-26,00:00:00,656.38,664.89,655.7,663.67,6274870,0,Monday,0.01,0.00152
2007-03-27,00:00:00,663.65,665.41,660.59,664.15,6378490,1,Tuesday,,
2007-03-28,00:00:00,664.07,669.2,656.44,664.9,6466350,2,Wednesday,,
2007-03-29,00:00:00,665.32,666.1,654.47,660.8,6519000,3,Thursday,,
2007-03-30,00:00:00,661.14,667.55,659.87,663.31,5613960,4,Friday,,
2007-04-02,00:00:00,662.86,665.95,655.93,663.49,5576570,0,Monday,-0.45,-0.06784
2007-04-03,00:00:00,663.48,667.57,661.2,663.8,6157910,1,Tuesday,,
2007-04-04,00:00:00,663.6,675.27,662.79,673.57,5912790,2,Wednesday,,
2007-04-05,00:00:00,673.52,675.6,670.95,674.4,5550060,3,Thursday,,
2007-04-06,00:00:00,674.04,674.64,672.37,673.57,2529230,4,Friday,,
2007-04-09,00:00:00,673.5,677.25,669.21,670.62,5377960,0,Monday,-0.07,-0.01039
2007-04-10,00:00:00,670.57,681.47,670.4,677.32,6004070,1,Tuesday,,
2007-04-11,00:00:00,677.25,680.64,673.45,676.55,5927300,2,Wednesday,,
2007-04-12,00:00:00,676.75,679.6,670.67,675.67,6150030,3,Thursday,,
2007-04-13,00:00:00,675.45,685.44,675.12,684.65,6001500,4,Friday,,
2007-04-16,00:00:00,684.91,690.95,682.93,689.65,5451870,0,Monday,0.26,0.03798
2007-04-17,00:00:00,689.71,690.57,685.25,686.05,5893850,1,Tuesday,,
2007-04-18,00:00:00,685.9,690.62,684.92,689.52,5763300,2,Wednesday,,
2007-04-19,00:00:00,689.55,691.5,678.25,682.42,6279890,3,Thursday,,
2007-04-20,00:00:00,682.51,693.67,682.22,691.5,5848860,4,Friday,,
2007-04-23,00:00:00,691.16,693.14,686.19,688.62,5456620,0,Monday,-0.34,-0.04917
2007-04-24,00:00:00,688.61,691.46,680.84,683.55,6024100,1,Tuesday,,
2007-04-25,00:00:00,683.58,686.51,681.33,685.63,6174080,2,Wednesday,,
2007-04-26,00:00:00,685.6,686.47,670.93,674.38,6003910,3,Thursday,,
2007-04-27,00:00:00,674.36,681.63,670.38,680.97,5921450,4,Friday,,
2007-04-30,00:00:00,680.53,681.44,675.56,677.88,5337840,0,Monday,-0.44,-0.06461
2007-05-01,00:00:00,677.91,678.8,670.97,673.06,5490050,1,Tuesday,,
2007-05-02,00:00:00,673.11,674.72,667.01,672.62,5662170,2,Wednesday,,
2007-05-03,00:00:00,672.62,682.25,671.75,681.61,5551070,3,Thursday,,
2007-05-04,00:00:00,681.65,690.22,679.42,688.05,5390370,4,Friday,,
2007-05-07,00:00:00,687.79,690.52,686.31,688.31,5123000,0,Monday,-0.26,-0.03779
2007-05-08,00:00:00,688.2,688.47,681.6,684.94,5906950,1,Tuesday,,
2007-05-09,00:00:00,684.83,686.3,675.59,680.04,5728540,2,Wednesday,,
2007-05-10,00:00:00,679.87,680.83,664.2,665.67,6140060,3,Thursday,,
2007-05-11,00:00:00,665.58,672.2,664.01,670.62,6095230,4,Friday,,
2007-05-14,00:00:00,670.03,674.61,665.91,669.05,5714560,0,Monday,-0.59,-0.08798
2007-05-15,00:00:00,669.26,673.23,664.2,671.57,5723480,1,Tuesday,,
2007-05-16,00:00:00,671.4,672.91,659.23,661.38,5680160,2,Wednesday,,
2007-05-17,00:00:00,661.37,664.2,653.53,657.26,6054390,3,Thursday,,
2007-05-18,00:00:00,657.14,662.62,655.39,661.22,5619620,4,Friday,,
2007-05-21,00:00:00,661.02,663.3,656.49,662.62,5113960,0,Monday,-0.2,-0.03025
2007-05-22,00:00:00,662.71,665.12,657.35,658.85,5635340,1,Tuesday,,
2007-05-23,00:00:00,658.8,664.71,656.5,661.25,5620780,2,Wednesday,,
2007-05-24,00:00:00,661.3,662.57,651.02,654.05,5683200,3,Thursday,,
2007-05-25,00:00:00,654.05,656.73,652.65,655.66,5421390,4,Friday,,
2007-05-28,00:00:00,655.27,656.3,654.26,654.99,4001810,0,Monday,-0.39,-0.05948
2007-05-29,00:00:00,655.0,661.75,653.87,655.82,5683710,1,Tuesday,,
2007-05-30,00:00:00,656.5,658.47,651.2,652.95,5408750,2,Wednesday,,
2007-05-31,00:00:00,653.05,661.6,652.14,660.27,5976670,3,Thursday,,
2007-06-01,00:00:00,659.72,671.67,659.65,670.79,5516840,4,Friday,,
2007-06-04,00:00:00,670.44,673.6,667.9,670.65,5092610,0,Monday,-0.35,-0.05218
2007-06-05,00:00:00,670.59,673.2,668.25,669.57,5453330,1,Tuesday,,
2007-06-06,00:00:00,669.71,671.75,664.25,670.37,5464740,2,Wednesday,,
2007-06-07,00:00:00,670.25,672.8,657.07,658.62,5907200,3,Thursday,,
2007-06-08,00:00:00,658.1,661.3,643.6,648.29,5555080,4,Friday,,
2007-06-11,00:00:00,647.59,654.59,647.44,653.2,5273000,0,Monday,-0.7,-0.10798
2007-06-12,00:00:00,653.25,654.51,645.12,646.29,5729840,1,Tuesday,,
2007-06-13,00:00:00,646.9,652.5,642.62,651.17,5678810,2,Wednesday,,
2007-06-14,00:00:00,651.2,654.22,645.3,651.0,5831860,3,Thursday,,
2007-06-15,00:00:00,651.55,655.57,649.12,654.46,5528570,4,Friday,,
2007-06-18,00:00:00,654.72,658.96,654.16,655.51,5399210,0,Monday,0.26,0.03973
2007-06-19,00:00:00,655.61,661.92,652.95,660.45,5374150,1,Tuesday,,
2007-06-20,00:00:00,660.63,661.67,651.95,654.07,5419140,2,Wednesday,,
2007-06-21,00:00:00,654.07,656.52,647.07,651.05,5608590,3,Thursday,,
2007-06-22,00:00:00,651.39,656.3,650.03,653.82,5451720,4,Friday,,
2007-06-25,00:00:00,653.85,654.04,648.35,650.83,5180880,0,Monday,0.03,0.00459
2007-06-26,00:00:00,650.88,651.65,639.51,640.85,5682600,1,Tuesday,,
2007-06-27,00:00:00,640.9,644.7,638.45,642.64,5658460,2,Wednesday,,
2007-06-28,00:00:00,642.6,649.72,642.22,648.12,5967480,3,Thursday,,
2007-06-29,00:00:00,648.4,652.4,645.72,649.16,5473870,4,Friday,,
2007-07-02,00:00:00,648.67,658.37,648.08,656.34,5060180,0,Monday,-0.49,-0.07548
2007-07-03,00:00:00,656.35,657.92,651.35,652.77,4949530,1,Tuesday,,
2007-07-04,00:00:00,652.8,654.75,652.45,653.6,4484550,2,Wednesday,,
2007-07-05,00:00:00,653.57,656.5,645.6,648.88,5376940,3,Thursday,,
2007-07-06,00:00:00,649.3,655.83,644.52,655.47,5463520,4,Friday,,
2007-07-09,00:00:00,655.46,662.37,652.87,659.98,5264970,0,Monday,-0.01,-0.00153
2007-07-10,00:00:00,659.98,664.75,658.1,662.9,5430800,1,Tuesday,,
2007-07-11,00:00:00,662.85,665.78,659.0,660.65,5536730,2,Wednesday,,
2007-07-12,00:00:00,660.55,669.2,660.32,666.15,5593400,3,Thursday,,
2007-07-13,00:00:00,666.12,668.46,663.0,666.22,5460070,4,Friday,,
2007-07-16,00:00:00,666.64,668.42,663.13,664.46,5119150,0,Monday,0.42,0.06304
2007-07-17,00:00:00,664.44,667.07,661.92,664.5,5457080,1,Tuesday,,
2007-07-18,00:00:00,664.47,674.2,663.92,672.65,5701160,2,Wednesday,,
2007-07-19,00:00:00,672.47,677.57,670.6,677.11,6187260,3,Thursday,,
2007-07-20,00:00:00,677.05,686.15,674.72,682.93,5766060,4,Friday,,
2007-07-23,00:00:00,683.05,684.56,679.8,681.14,5426090,0,Monday,0.12,0.01757
2007-07-24,00:00:00,681.0,686.97,680.3,680.39,5975130,1,Tuesday,,
2007-07-25,00:00:00,680.5,681.82,670.0,674.54,5978940,2,Wednesday,,
2007-07-26,00:00:00,674.55,676.65,659.54,662.29,5993560,3,Thursday,,
2007-07-27,00:00:00,662.55,666.95,656.37,660.55,6232870,4,Friday,,
2007-07-30,00:00:00,660.72,665.5,659.48,664.27,5581520,0,Monday,0.17,0.02574
2007-07-31,00:00:00,664.31,668.64,662.85,663.75,5838960,1,Tuesday,,
2007-08-01,00:00:00,663.77,666.8,658.35,666.55,5802910,2,Wednesday,,
2007-08-02,00:00:00,666.52,667.35,662.12,665.3,6184830,3,Thursday,,
2007-08-03,00:00:00,665.42,675.2,664.3,673.27,5795540,4,Friday,,
2007-08-06,00:00:00,672.65,674.97,668.53,671.57,5617460,0,Monday,-0.62,-0.09209
2007-08-07,00:00:00,671.46,672.37,665.55,671.95,5958870,1,Tuesday,,
2007-08-08,00:00:00,672.0,676.6,668.95,674.64,5955320,2,Wednesday,,
2007-08-09,00:00:00,674.57,674.75,659.88,661.57,6279400,3,Thursday,,
2007-08-10,00:00:00,661.35,676.15,657.65,672.4,6310350,4,Friday,,
2007-08-13,00:00:00,672.17,672.37,667.87,668.88,5675950,0,Monday,-0.23,-0.03421
2007-08-14,00:00:00,668.93,670.97,665.27,668.65,5878530,1,Tuesday,,
2007-08-15,00:00:00,668.67,670.71,661.45,667.37,5987480,2,Wednesday,,
2007-08-16,00:00:00,667.1,668.72,641.72,652.1,6149350,3,Thursday,,
2007-08-17,00:00:00,652.07,662.65,645.5,657.2,6089180,4,Friday,,
2007-08-20,00:00:00,657.17,660.02,653.05,657.09,5720040,0,Monday,-0.03,-0.00456
2007-08-21,00:00:00,656.99,659.46,654.29,656.75,6055690,1,Tuesday,,
2007-08-22,00:00:00,656.89,661.37,654.03,660.32,5856230,2,Wednesday,,
2007-08-23,00:00:00,660.34,664.58,657.87,659.63,6322800,3,Thursday,,
2007-08-24,00:00:00,659.54,668.56,656.87,667.6,5939170,4,Friday,,
2007-08-27,00:00:00,667.65,668.3,665.4,666.99,5480770,0,Monday,0.05,0.00749
2007-08-28,00:00:00,666.95,667.82,661.61,661.94,6028250,1,Tuesday,,
2007-08-29,00:00:00,661.93,668.34,661.01,666.91,6035590,2,Wednesday,,
2007-08-30,00:00:00,667.0,667.42,663.21,664.72,6197750,3,Thursday,,
2007-08-31,00:00:00,664.69,674.51,664.1,672.76,6081430,4,Friday,,
2007-09-03,00:00:00,672.35,673.41,670.58,671.82,4816140,0,Monday,-0.41,-0.06094
2007-09-04,00:00:00,671.74,682.91,671.03,681.24,6060370,1,Tuesday,,
2007-09-05,00:00:00,681.19,682.7,677.8,681.41,6170320,2,Wednesday,,
2007-09-06,00:00:00,681.38,697.42,680.54,694.91,6487550,3,Thursday,,
2007-09-07,00:00:00,694.9,706.7,691.51,700.37,6358600,4,Friday,,
2007-09-10,00:00:00,700.25,706.45,698.72,702.52,5951420,0,Monday,-0.12,-0.01713
2007-09-11,00:00:00,702.46,713.5,701.82,712.12,6245810,1,Tuesday,,
2007-09-12,00:00:00,712.14,713.8,705.29,711.06,6236780,2,Wednesday,,
2007-09-13,00:00:00,710.97,712.05,702.98,707.85,6474860,3,Thursday,,
2007-09-14,00:00:00,707.78,716.86,703.39,707.11,6464660,4,Friday,,
2007-09-17,00:00:00,706.45,719.54,705.86,717.4,5986510,0,Monday,-0.66,-0.09334
2007-09-18,00:00:00,717.39,726.79,711.86,723.25,6450640,1,Tuesday,,
2007-09-19,00:00:00,723.22,726.03,719.82,720.93,6272480,2,Wednesday,,
2007-09-20,00:00:00,720.78,738.21,720.5,733.33,6642890,3,Thursday,,
2007-09-21,00:00:00,733.29,739.04,726.47,730.85,6470290,4,Friday,,
2007-09-24,00:00:00,730.55,735.91,726.48,729.96,5823950,0,Monday,-0.3,-0.04105
2007-09-25,00:00:00,729.88,733.43,721.99,732.06,6360040,1,Tuesday,,
2007-09-26,00:00:00,731.95,736.29,725.92,728.27,5962510,2,Wednesday,,
2007-09-27,00:00:00,728.25,735.46,726.67,733.98,6696670,3,Thursday,,
2007-09-28,00:00:00,733.88,745.32,728.21,743.0,6487160,4,Friday,,
2007-10-01,00:00:00,744.25,747.38,740.38,746.85,5962000,0,Monday,1.25,0.16824
2007-10-02,00:00:00,746.78,747.05,724.04,731.2,6482250,1,Tuesday,,
2007-10-03,00:00:00,731.1,735.85,725.52,727.47,6465440,2,Wednesday,,
2007-10-04,00:00:00,727.3,738.45,720.32,737.61,6682110,3,Thursday,,
2007-10-05,00:00:00,737.35,743.97,726.76,742.05,6502390,4,Friday,,
2007-10-08,00:00:00,742.07,742.26,730.97,732.83,5961250,0,Monday,0.02,0.0027
2007-10-09,00:00:00,732.7,740.13,726.49,737.55,6463000,1,Tuesday,,
2007-10-10,00:00:00,737.58,745.53,736.78,740.72,6390180,2,Wednesday,,
2007-10-11,00:00:00,740.66,753.48,739.38,747.47,6864630,3,Thursday,,
2007-10-12,00:00:00,747.56,751.81,744.61,749.45,6745120,4,Friday,,
2007-10-15,00:00:00,748.85,759.91,747.23,759.01,6314050,0,Monday,-0.6,-0.08006
2007-10-16,00:00:00,758.88,766.48,753.62,760.11,6838090,1,Tuesday,,
2007-10-17,00:00:00,760.06,764.65,751.57,754.59,6674560,2,Wednesday,,
2007-10-18,00:00:00,754.46,768.69,754.07,767.65,7073300,3,Thursday,,
2007-10-19,00:00:00,767.65,771.05,757.76,764.55,6956260,4,Friday,,
2007-10-22,00:00:00,764.55,768.05,745.0,753.66,6375300,0,Monday,0.0,0.0
2007-10-23,00:00:00,753.6,760.56,752.36,759.13,6662560,1,Tuesday,,
2007-10-24,00:00:00,759.08,763.84,753.7,763.39,6591730,2,Wednesday,,
2007-10-25,00:00:00,763.26,769.19,761.34,768.81,6881810,3,Thursday,,
2007-10-26,00:00:00,768.91,785.44,767.83,784.56,6790720,4,Friday,,
2007-10-28,00:00:00,784.85,784.9,784.7,784.85,80550,6,Sunday,,
2007-10-29,00:00:00,784.86,794.28,783.87,790.66,6610510,0,Monday,0.01,0.00127
2007-10-30,00:00:00,790.53,791.92,778.95,781.05,6834020,1,Tuesday,,
2007-10-31,00:00:00,781.06,796.9,776.47,795.39,6897500,2,Wednesday,,
2007-11-01,00:00:00,795.5,798.89,783.72,786.9,7083290,3,Thursday,,
2007-11-02,00:00:00,787.01,807.64,786.9,806.38,6783790,4,Friday,,
2007-11-05,00:00:00,806.85,810.95,800.47,805.97,6543460,0,Monday,0.47,0.05829
2007-11-06,00:00:00,805.89,824.79,805.55,824.35,6909400,1,Tuesday,,
2007-11-07,00:00:00,824.35,845.33,822.12,830.41,6862980,2,Wednesday,,
2007-11-08,00:00:00,830.21,845.19,823.37,832.93,7241320,3,Thursday,,
2007-11-09,00:00:00,832.91,838.52,826.98,831.34,7034840,4,Friday,,
2007-11-12,00:00:00,831.25,831.59,791.49,792.78,6649070,0,Monday,-0.09,-0.01083
2007-11-13,00:00:00,792.77,808.59,790.03,801.42,7124970,1,Tuesday,,
2007-11-14,00:00:00,801.38,815.49,799.47,811.35,6873800,2,Wednesday,,
2007-11-15,00:00:00,811.38,817.79,782.46,787.62,7137030,3,Thursday,,
2007-11-16,00:00:00,787.65,797.11,783.56,785.65,7004050,4,Friday,,
2007-11-19,00:00:00,786.23,793.84,774.7,781.52,6666750,0,Monday,0.58,0.07382
2007-11-20,00:00:00,781.38,805.7,772.51,802.3,6971940,1,Tuesday,,
2007-11-21,00:00:00,802.49,806.91,794.42,799.6,6882230,2,Wednesday,,
2007-11-22,00:00:00,799.46,805.12,797.86,803.99,6730210,3,Thursday,,
2007-11-23,00:00:00,804.02,825.43,802.54,823.22,6924040,4,Friday,,
2007-11-26,00:00:00,823.15,836.44,820.83,823.96,6753870,0,Monday,-0.07,-0.0085
2007-11-27,00:00:00,823.93,828.85,807.66,812.0,7098970,1,Tuesday,,
2007-11-28,00:00:00,811.85,815.32,791.37,803.98,7158840,2,Wednesday,,
2007-11-29,00:00:00,804.03,807.52,791.92,792.86,7328710,3,Thursday,,
2007-11-30,00:00:00,792.99,798.94,778.46,783.12,7236740,4,Friday,,
2007-12-03,00:00:00,783.11,794.04,776.66,793.83,6650160,0,Monday,-0.01,-0.00128
2007-12-04,00:00:00,793.88,804.97,786.72,801.04,7081060,1,Tuesday,,
2007-12-05,00:00:00,801.03,806.36,790.74,794.86,6950000,2,Wednesday,,
2007-12-06,00:00:00,794.74,805.24,784.83,801.64,7279070,3,Thursday,,
2007-12-07,00:00:00,801.57,804.73,791.3,794.12,7038020,4,Friday,,
2007-12-10,00:00:00,794.39,811.79,793.86,807.7,6838480,0,Monday,0.27,0.034
2007-12-11,00:00:00,807.82,812.79,795.72,796.46,7084300,1,Tuesday,,
2007-12-12,00:00:00,796.52,816.74,795.42,812.98,7195290,2,Wednesday,,
2007-12-13,00:00:00,812.99,813.34,791.97,796.75,7396340,3,Thursday,,
2007-12-14,00:00:00,796.82,803.2,787.44,794.38,7258890,4,Friday,,
2007-12-17,00:00:00,793.72,798.53,784.76,792.67,6774810,0,Monday,-0.66,-0.08308
2007-12-18,00:00:00,792.62,806.01,790.0,802.25,7043340,1,Tuesday,,
2007-12-19,00:00:00,802.17,804.32,797.43,801.8,7121950,2,Wednesday,,
2007-12-20,00:00:00,801.79,802.87,793.1,795.89,7104860,3,Thursday,,
2007-12-21,00:00:00,795.64,812.05,795.11,811.12,6762840,4,Friday,,
2007-12-24,00:00:00,810.77,815.07,807.86,811.92,5682030,0,Monday,-0.35,-0.04315
2007-12-25,00:00:00,811.58,812.0,806.21,806.36,3319700,1,Tuesday,,
2007-12-26,00:00:00,806.4,825.79,806.3,824.05,6646610,2,Wednesday,,
2007-12-27,00:00:00,824.1,830.96,821.15,825.24,7480970,3,Thursday,,
2007-12-28,00:00:00,825.19,840.46,824.37,840.01,6909740,4,Friday,,
2007-12-31,00:00:00,839.92,842.9,829.78,833.1,6093880,0,Monday,-0.09,-0.01071
2008-01-01,00:00:00,833.02,833.32,832.87,833.06,3631130,1,Tuesday,,
2008-01-02,00:00:00,833.03,860.81,832.94,857.25,7034430,2,Wednesday,,
2008-01-03,00:00:00,857.14,868.81,852.92,864.63,7435920,3,Thursday,,
2008-01-04,00:00:00,864.52,868.35,854.16,858.92,7383710,4,Friday,,
2008-01-07,00:00:00,859.35,864.55,854.91,857.69,6916580,0,Monday,0.43,0.05006
2008-01-08,00:00:00,857.62,880.69,856.32,877.4,7256360,1,Tuesday,,
2008-01-09,00:00:00,877.42,891.04,872.33,878.52,7275720,2,Wednesday,,
2008-01-10,00:00:00,878.36,894.74,866.15,892.63,7538870,3,Thursday,,
2008-01-11,00:00:00,892.65,897.56,887.48,894.75,7421890,4,Friday,,
2008-01-14,00:00:00,895.52,913.92,891.65,903.67,6950160,0,Monday,0.77,0.08606
2008-01-15,00:00:00,903.65,913.79,887.17,887.8,7406280,1,Tuesday,,
2008-01-16,00:00:00,887.81,899.43,874.3,876.69,7335470,2,Wednesday,,
2008-01-17,00:00:00,876.64,889.68,874.41,877.17,7563470,3,Thursday,,
2008-01-18,00:00:00,877.13,888.15,870.11,882.72,7473550,4,Friday,,
2008-01-21,00:00:00,883.97,884.48,860.51,864.56,6805530,0,Monday,1.25,0.14161
2008-01-22,00:00:00,864.73,894.04,849.22,891.84,7405210,1,Tuesday,,
2008-01-23,00:00:00,891.78,895.41,876.16,890.02,7314370,2,Wednesday,,
2008-01-24,00:00:00,890.02,913.07,888.73,912.42,7617430,3,Thursday,,
2008-01-25,00:00:00,912.47,923.3,906.1,913.25,7356500,4,Friday,,
2008-01-28,00:00:00,913.02,928.97,911.15,928.36,7044850,0,Monday,-0.23,-0.02518
2008-01-29,00:00:00,928.01,932.74,919.1,923.2,7434230,1,Tuesday,,
2008-01-30,00:00:00,923.12,936.38,915.98,928.94,7414350,2,Wednesday,,
2008-01-31,00:00:00,928.78,929.39,918.25,925.52,7650510,3,Thursday,,
2008-02-01,00:00:00,925.47,936.39,903.5,904.91,7481870,4,Friday,,
2008-02-04,00:00:00,909.72,912.5,892.16,903.09,7051310,0,Monday,4.81,0.53154
2008-02-05,00:00:00,903.07,906.63,884.39,887.79,7376990,1,Tuesday,,
2008-02-06,00:00:00,887.59,906.99,885.7,900.0,7220610,2,Wednesday,,
2008-02-07,00:00:00,899.98,911.0,896.45,910.2,7723470,3,Thursday,,
2008-02-08,00:00:00,910.2,922.77,907.27,922.45,7446560,4,Friday,,
2008-02-11,00:00:00,923.25,926.76,915.75,922.94,7107850,0,Monday,0.8,0.08673
2008-02-12,00:00:00,922.87,924.37,902.68,905.95,7437160,1,Tuesday,,
2008-02-13,00:00:00,905.89,910.34,896.08,906.18,7445870,2,Wednesday,,
2008-02-14,00:00:00,906.07,913.62,901.52,907.53,7646560,3,Thursday,,
2008-02-15,00:00:00,907.59,915.21,897.78,901.84,7457690,4,Friday,,
2008-02-18,00:00:00,901.92,907.33,900.04,904.63,6700760,0,Monday,0.08,0.00887
2008-02-19,00:00:00,904.65,930.28,904.63,927.31,7543280,1,Tuesday,,
2008-02-20,00:00:00,927.27,945.34,914.31,944.03,7430060,2,Wednesday,,
2008-02-21,00:00:00,943.95,953.43,937.7,945.47,7811280,3,Thursday,,
2008-02-22,00:00:00,945.33,949.38,935.05,944.71,7621410,4,Friday,,
2008-02-25,00:00:00,944.05,951.68,933.12,939.12,7203120,0,Monday,-0.66,-0.06986
2008-02-26,00:00:00,939.17,950.1,926.37,947.83,7623530,1,Tuesday,,
2008-02-27,00:00:00,947.89,964.2,947.56,957.76,7628210,2,Wednesday,,
2008-02-28,00:00:00,957.73,972.32,952.84,970.51,7926190,3,Thursday,,
2008-02-29,00:00:00,970.47,975.71,964.85,973.25,7819400,4,Friday,,
2008-03-03,00:00:00,973.42,989.16,972.43,983.47,7324910,0,Monday,0.17,0.01747
2008-03-04,00:00:00,983.36,987.74,955.97,963.68,7681880,1,Tuesday,,
2008-03-05,00:00:00,963.57,992.65,959.28,989.17,7635290,2,Wednesday,,
2008-03-06,00:00:00,989.15,991.84,965.67,978.45,8054190,3,Thursday,,
2008-03-07,00:00:00,978.43,987.49,969.55,972.52,7833610,4,Friday,,
2008-03-09,00:00:00,972.35,972.53,971.12,971.63,119010,6,Sunday,,
2008-03-10,00:00:00,971.72,980.43,961.15,972.86,7441490,0,Monday,0.09,0.00926
2008-03-11,00:00:00,972.99,985.14,965.6,972.76,7878460,1,Tuesday,,
2008-03-12,00:00:00,972.75,983.05,968.09,982.57,7711060,2,Wednesday,,
2008-03-13,00:00:00,982.75,999.31,981.13,994.79,8263940,3,Thursday,,
2008-03-14,00:00:00,995.06,1006.82,990.38,1002.25,7716180,4,Friday,,
2008-03-16,00:00:00,1000.74,1001.75,1000.71,1001.21,93450,6,Sunday,,
2008-03-17,00:00:00,1001.41,1031.83,994.37,1002.17,7498040,0,Monday,0.2,0.01998
2008-03-18,00:00:00,1002.22,1011.77,976.49,981.81,7968110,1,Tuesday,,
2008-03-19,00:00:00,982.09,996.77,937.06,943.03,7720210,2,Wednesday,,
2008-03-20,00:00:00,942.66,943.18,904.3,909.41,8195030,3,Thursday,,
2008-03-21,00:00:00,909.29,919.0,908.95,918.85,3195570,4,Friday,,
2008-03-23,00:00:00,918.83,919.0,918.44,918.44,106030,6,Sunday,,
2008-03-24,00:00:00,917.98,926.35,906.23,914.76,6626010,0,Monday,-0.46,-0.05008
2008-03-25,00:00:00,914.64,938.63,911.26,938.09,6992040,1,Tuesday,,
2008-03-26,00:00:00,938.29,954.15,934.26,953.51,7006650,2,Wednesday,,
2008-03-27,00:00:00,953.74,954.52,939.95,947.3,7266800,3,Thursday,,
2008-03-28,00:00:00,947.37,950.56,923.01,930.73,6887320,4,Friday,,
2008-03-31,00:00:00,929.75,940.38,912.2,915.72,6622150,0,Monday,-0.98,-0.10529
2008-04-01,00:00:00,915.81,920.43,874.07,881.85,7059850,1,Tuesday,,
2008-04-02,00:00:00,881.87,905.38,881.4,903.87,6841440,2,Wednesday,,
2008-04-03,00:00:00,903.89,907.9,889.57,902.51,7197240,3,Thursday,,
2008-04-04,00:00:00,902.54,914.29,899.98,913.08,6908700,4,Friday,,
2008-04-07,00:00:00,912.66,928.84,910.84,919.32,6653450,0,Monday,-0.42,-0.046
2008-04-08,00:00:00,919.4,925.29,908.43,914.22,7008510,1,Tuesday,,
2008-04-09,00:00:00,914.17,935.21,902.84,933.35,6891970,2,Wednesday,,
2008-04-10,00:00:00,933.36,939.35,921.51,928.25,7097850,3,Thursday,,
2008-04-11,00:00:00,928.27,931.42,918.3,924.63,7003350,4,Friday,,
2008-04-14,00:00:00,924.7,930.9,913.86,923.61,6648290,0,Monday,0.07,0.00757
2008-04-15,00:00:00,923.62,935.76,922.92,927.24,6889300,1,Tuesday,,
2008-04-16,00:00:00,927.3,948.37,924.12,943.89,6981920,2,Wednesday,,
2008-04-17,00:00:00,943.93,952.57,937.04,938.15,7088100,3,Thursday,,
2008-04-18,00:00:00,938.19,946.34,904.43,916.1,7115510,4,Friday,,
2008-04-21,00:00:00,915.75,927.99,911.18,916.37,6677270,0,Monday,-0.35,-0.03821
2008-04-22,00:00:00,916.46,924.9,911.53,914.92,6946680,1,Tuesday,,
2008-04-23,00:00:00,915.03,922.28,896.88,903.51,6844970,2,Wednesday,,
2008-04-24,00:00:00,903.43,906.0,882.79,885.31,7222260,3,Thursday,,
2008-04-25,00:00:00,885.46,895.93,877.59,885.0,7019420,4,Friday,,
2008-04-28,00:00:00,884.92,895.14,884.82,892.34,6873110,0,Monday,-0.08,-0.00904
2008-04-29,00:00:00,892.32,892.92,868.13,869.68,6991740,1,Tuesday,,
2008-04-30,00:00:00,869.79,878.02,862.16,876.48,7200000,2,Wednesday,,
2008-05-01,00:00:00,876.77,881.37,846.64,851.51,7305580,3,Thursday,,
2008-05-02,00:00:00,851.57,858.73,846.71,855.22,7267140,4,Friday,,
2008-05-05,00:00:00,855.2,873.88,855.08,873.33,6630380,0,Monday,-0.02,-0.00234
2008-05-06,00:00:00,873.53,882.61,870.85,875.89,6996730,1,Tuesday,,
2008-05-07,00:00:00,875.82,880.88,863.8,868.28,7033640,2,Wednesday,,
2008-05-08,00:00:00,868.29,885.35,864.97,881.42,7338900,3,Thursday,,
2008-05-09,00:00:00,881.37,889.3,870.06,883.66,7086390,4,Friday,,
2008-05-12,00:00:00,883.65,889.35,877.37,881.88,6726800,0,Monday,-0.01,-0.00113
2008-05-13,00:00:00,881.99,885.17,861.02,866.0,7065550,1,Tuesday,,
2008-05-14,00:00:00,866.0,870.3,859.77,863.18,6965980,2,Wednesday,,
2008-05-15,00:00:00,863.32,887.03,861.66,881.01,7243260,3,Thursday,,
2008-05-16,00:00:00,881.0,904.17,879.51,901.23,7089840,4,Friday,,
2008-05-19,00:00:00,901.07,913.41,900.32,904.43,6661660,0,Monday,-0.16,-0.01775
2008-05-20,00:00:00,904.54,922.61,902.37,918.6,7112100,1,Tuesday,,
2008-05-21,00:00:00,918.72,932.21,916.09,931.89,6987890,2,Wednesday,,
2008-05-22,00:00:00,932.07,934.92,916.94,920.6,7461710,3,Thursday,,
2008-05-23,00:00:00,920.62,928.16,914.67,923.98,7044980,4,Friday,,
2008-05-26,00:00:00,923.92,928.84,922.86,928.28,5917030,0,Monday,-0.06,-0.00649
2008-05-27,00:00:00,928.06,930.39,904.03,905.23,7250790,1,Tuesday,,
2008-05-28,00:00:00,905.29,909.42,889.22,900.22,7189280,2,Wednesday,,
2008-05-29,00:00:00,900.18,902.73,873.13,877.15,7494920,3,Thursday,,
2008-05-30,00:00:00,877.38,888.64,870.73,885.47,7239540,4,Friday,,
2008-06-02,00:00:00,885.67,896.98,880.98,890.77,6843350,0,Monday,0.2,0.02259
2008-06-03,00:00:00,890.62,896.61,875.25,879.81,7235090,1,Tuesday,,
2008-06-04,00:00:00,879.83,886.18,875.75,878.58,7094170,2,Wednesday,,
2008-06-05,00:00:00,878.57,878.66,864.59,876.53,7470790,3,Thursday,,
2008-06-06,00:00:00,876.7,901.87,876.17,901.0,7395840,4,Friday,,
2008-06-09,00:00:00,901.15,908.52,890.41,892.09,6931430,0,Monday,0.15,0.01665
2008-06-10,00:00:00,892.24,894.46,863.82,866.22,7286440,1,Tuesday,,
2008-06-11,00:00:00,866.36,882.49,865.79,879.51,7245320,2,Wednesday,,
2008-06-12,00:00:00,879.64,881.88,857.26,867.37,7558250,3,Thursday,,
2008-06-13,00:00:00,867.65,873.95,858.96,870.95,7270530,4,Friday,,
2008-06-16,00:00:00,870.57,894.38,866.39,881.62,6915020,0,Monday,-0.38,-0.04363
2008-06-17,00:00:00,881.73,888.3,874.7,882.14,7437980,1,Tuesday,,
2008-06-18,00:00:00,882.09,895.52,879.32,893.87,7180120,2,Wednesday,,
2008-06-19,00:00:00,893.65,908.34,886.18,897.6,7590560,3,Thursday,,
2008-06-20,00:00:00,897.27,907.62,895.47,901.07,7407800,4,Friday,,
2008-06-23,00:00:00,900.65,907.02,877.77,883.18,6994510,0,Monday,-0.42,-0.04661
2008-06-24,00:00:00,883.25,893.51,882.28,889.0,7382490,1,Tuesday,,
2008-06-25,00:00:00,889.06,890.12,873.56,885.33,7290680,2,Wednesday,,
2008-06-26,00:00:00,885.35,917.59,884.22,916.32,7626890,3,Thursday,,
2008-06-27,00:00:00,916.41,930.27,909.94,926.9,7543270,4,Friday,,
2008-06-30,00:00:00,926.95,934.84,918.05,924.83,7135160,0,Monday,0.05,0.00539
2008-07-01,00:00:00,924.74,945.82,921.55,939.14,7562950,1,Tuesday,,
2008-07-02,00:00:00,939.33,945.23,931.43,944.77,7383640,2,Wednesday,,
2008-07-03,00:00:00,944.73,946.03,928.03,933.95,7889440,3,Thursday,,
2008-07-04,00:00:00,934.09,936.0,928.74,932.01,6777440,4,Friday,,
2008-07-07,00:00:00,932.07,932.85,914.64,924.95,7255310,0,Monday,0.06,0.00644
2008-07-08,00:00:00,925.07,932.84,912.58,918.85,7493390,1,Tuesday,,
2008-07-09,00:00:00,919.04,928.45,915.59,927.61,7525700,2,Wednesday,,
2008-07-10,00:00:00,927.64,947.27,925.16,945.92,7635740,3,Thursday,,
2008-07-11,00:00:00,945.93,967.25,941.42,962.99,7623490,4,Friday,,
2008-07-14,00:00:00,963.44,974.9,953.76,971.49,7018130,0,Monday,0.45,0.04673
2008-07-15,00:00:00,971.44,987.52,968.76,976.54,7653520,1,Tuesday,,
2008-07-16,00:00:00,976.63,980.71,957.46,959.13,7410090,2,Wednesday,,
2008-07-17,00:00:00,959.35,978.22,953.33,956.81,7774320,3,Thursday,,
2008-07-18,00:00:00,956.63,964.12,949.78,953.86,7582260,4,Friday,,
2008-07-21,00:00:00,954.05,968.05,953.97,964.41,7071290,0,Monday,0.19,0.01992
2008-07-22,00:00:00,964.36,975.69,942.64,945.21,7466980,1,Tuesday,,
2008-07-23,00:00:00,945.11,948.72,917.19,920.12,7431540,2,Wednesday,,
2008-07-24,00:00:00,920.07,930.7,916.5,927.21,7674810,3,Thursday,,
2008-07-25,00:00:00,927.38,934.84,918.58,928.65,7627940,4,Friday,,
2008-07-28,00:00:00,928.4,932.51,922.36,930.1,7128870,0,Monday,-0.25,-0.02692
2008-07-29,00:00:00,930.18,932.91,914.02,918.42,7472010,1,Tuesday,,
2008-07-30,00:00:00,918.27,919.32,893.43,905.42,7412420,2,Wednesday,,
2008-07-31,00:00:00,905.64,924.99,904.82,913.27,7793130,3,Thursday,,
2008-08-01,00:00:00,913.18,916.46,901.36,909.79,7565480,4,Friday,,
2008-08-04,00:00:00,909.32,914.83,893.25,893.96,7120620,0,Monday,-0.47,-0.05166
2008-08-05,00:00:00,893.95,895.23,872.16,873.38,7494520,1,Tuesday,,
2008-08-06,00:00:00,873.43,886.17,872.48,879.0,7495230,2,Wednesday,,
2008-08-07,00:00:00,878.96,884.53,867.37,872.18,7719960,3,Thursday,,
2008-08-08,00:00:00,872.14,873.55,850.5,855.48,7779320,4,Friday,,
2008-08-11,00:00:00,855.07,865.4,818.54,823.1,7388420,0,Monday,-0.41,-0.04793
2008-08-12,00:00:00,823.25,826.34,802.15,811.26,7704920,1,Tuesday,,
2008-08-13,00:00:00,811.15,829.03,805.23,826.03,7642750,2,Wednesday,,
2008-08-14,00:00:00,826.07,836.34,804.37,805.76,7918260,3,Thursday,,
2008-08-15,00:00:00,805.63,806.55,776.38,786.4,7862450,4,Friday,,
2008-08-18,00:00:00,785.22,803.62,785.16,799.2,7262780,0,Monday,-1.18,-0.15005
2008-08-19,00:00:00,799.04,816.28,782.5,813.71,7712480,1,Tuesday,,
2008-08-20,00:00:00,813.69,818.06,799.9,812.91,7569300,2,Wednesday,,
2008-08-21,00:00:00,812.84,838.02,810.63,836.06,7857340,3,Thursday,,
2008-08-22,00:00:00,836.08,837.41,820.84,821.88,7765720,4,Friday,,
2008-08-25,00:00:00,821.82,825.34,816.37,821.18,7299180,0,Monday,-0.06,-0.0073
2008-08-26,00:00:00,821.49,829.31,806.63,824.13,7653660,1,Tuesday,,
2008-08-27,00:00:00,824.19,835.13,821.26,826.02,7614650,2,Wednesday,,
2008-08-28,00:00:00,826.1,843.57,825.03,833.24,7804520,3,Thursday,,
2008-08-29,00:00:00,833.22,838.32,829.01,830.36,7493590,4,Friday,,
2008-09-01,00:00:00,829.55,835.94,815.25,816.78,6995240,0,Monday,-0.81,-0.09755
2008-09-02,00:00:00,816.85,819.53,790.83,804.62,7646520,1,Tuesday,,
2008-09-03,00:00:00,804.78,808.13,789.11,800.19,7514740,2,Wednesday,,
2008-09-04,00:00:00,800.38,814.43,793.51,795.56,7962770,3,Thursday,,
2008-09-05,00:00:00,795.62,817.76,789.76,802.92,7867780,4,Friday,,
2008-09-08,00:00:00,802.55,817.94,796.75,801.65,7199760,0,Monday,-0.37,-0.04608
2008-09-09,00:00:00,801.77,804.54,775.14,776.71,7794350,1,Tuesday,,
2008-09-10,00:00:00,776.68,783.12,750.52,751.35,7759710,2,Wednesday,,
2008-09-11,00:00:00,751.44,757.55,736.11,745.96,8021750,3,Thursday,,
2008-09-12,00:00:00,746.04,766.39,745.79,764.29,7796520,4,Friday,,
2008-09-15,00:00:00,763.17,787.23,763.09,785.76,7140470,0,Monday,-1.12,-0.14654
2008-09-16,00:00:00,785.88,789.59,771.58,778.81,7790660,1,Tuesday,,
2008-09-17,00:00:00,778.73,867.83,773.52,862.9,7611330,2,Wednesday,,
2008-09-18,00:00:00,862.7,912.91,836.08,852.29,7954940,3,Thursday,,
2008-09-19,00:00:00,852.29,875.12,823.76,871.48,7827410,4,Friday,,
2008-09-22,00:00:00,871.97,907.71,861.8,895.95,7441340,0,Monday,0.49,0.05623
2008-09-23,00:00:00,896.19,909.07,879.7,890.69,7880800,1,Tuesday,,
2008-09-24,00:00:00,890.92,900.65,876.16,881.98,7712080,2,Wednesday,,
2008-09-25,00:00:00,881.92,895.25,863.57,876.96,8039310,3,Thursday,,
2008-09-26,00:00:00,876.81,909.02,865.74,877.41,7933920,4,Friday,,
2008-09-29,00:00:00,883.02,922.36,866.42,906.54,7341990,0,Monday,5.61,0.63938
2008-09-30,00:00:00,906.52,912.99,855.8,870.21,7842870,1,Tuesday,,
2008-10-01,00:00:00,870.29,892.86,864.22,870.04,7670610,2,Wednesday,,
2008-10-02,00:00:00,869.76,875.23,828.81,834.28,7976810,3,Thursday,,
2008-10-03,00:00:00,834.32,846.53,820.2,833.34,7909100,4,Friday,,
2008-10-06,00:00:00,834.57,875.26,824.39,858.14,7530100,0,Monday,1.23,0.1476
2008-10-07,00:00:00,858.08,890.15,855.77,887.0,7835650,1,Tuesday,,
2008-10-08,00:00:00,886.85,920.88,877.49,905.55,7883960,2,Wednesday,,
2008-10-09,00:00:00,905.8,922.89,880.71,910.47,8179830,3,Thursday,,
2008-10-10,00:00:00,910.38,929.89,823.91,848.73,8038280,4,Friday,,
2008-10-13,00:00:00,847.12,870.96,821.58,831.24,7452540,0,Monday,-1.61,-0.1897
2008-10-14,00:00:00,831.02,853.43,829.85,835.62,7910050,1,Tuesday,,
2008-10-15,00:00:00,835.64,855.22,831.04,845.22,7815050,2,Wednesday,,
2008-10-16,00:00:00,845.02,848.92,784.49,803.16,8084380,3,Thursday,,
2008-10-17,00:00:00,803.05,814.0,774.11,781.06,8007020,4,Friday,,
2008-10-20,00:00:00,781.45,809.71,780.68,795.69,7458420,0,Monday,0.39,0.04993
2008-10-21,00:00:00,795.53,802.61,765.62,770.51,8014630,1,Tuesday,,
2008-10-22,00:00:00,770.93,776.47,718.98,729.35,7875710,2,Wednesday,,
2008-10-23,00:00:00,729.15,734.7,697.71,720.29,8195610,3,Thursday,,
2008-10-24,00:00:00,720.2,746.94,682.0,732.49,8116580,4,Friday,,
2008-10-26,00:00:00,732.17,733.02,732.09,732.2,105080,6,Sunday,,
2008-10-27,00:00:00,732.46,746.44,706.43,730.11,7642980,0,Monday,0.26,0.03551
2008-10-28,00:00:00,730.69,754.39,723.35,744.17,7969800,1,Tuesday,,
2008-10-29,00:00:00,744.5,773.64,737.85,754.91,7917050,2,Wednesday,,
2008-10-30,00:00:00,755.78,776.32,731.82,735.43,8194880,3,Thursday,,
2008-10-31,00:00:00,736.12,741.01,717.1,723.51,7945110,4,Friday,,
2008-11-03,00:00:00,724.21,738.6,720.88,723.25,7657080,0,Monday,0.7,0.09675
2008-11-04,00:00:00,723.28,767.2,721.4,761.99,8123650,1,Tuesday,,
2008-11-05,00:00:00,761.86,768.29,735.82,739.82,8044720,2,Wednesday,,
2008-11-06,00:00:00,739.69,760.07,728.51,732.23,8366780,3,Thursday,,
2008-11-07,00:00:00,732.27,744.76,725.7,734.95,8151940,4,Friday,,
2008-11-10,00:00:00,734.52,766.72,734.41,745.19,7644210,0,Monday,-0.43,-0.05851
2008-11-11,00:00:00,745.38,749.31,726.56,730.72,8003660,1,Tuesday,,
2008-11-12,00:00:00,730.8,738.58,708.32,711.16,7998590,2,Wednesday,,
2008-11-13,00:00:00,711.27,738.95,699.72,735.93,8450460,3,Thursday,,
2008-11-14,00:00:00,735.59,752.75,724.8,739.98,8268220,4,Friday,,
2008-11-17,00:00:00,741.19,748.79,730.82,737.19,7679060,0,Monday,1.21,0.16352
2008-11-18,00:00:00,737.31,745.56,730.79,736.38,8168770,1,Tuesday,,
2008-11-19,00:00:00,736.52,761.65,731.62,733.45,8093520,2,Wednesday,,
2008-11-20,00:00:00,733.59,752.0,732.31,745.32,8425390,3,Thursday,,
2008-11-21,00:00:00,745.46,801.2,742.47,798.99,8279350,4,Friday,,
2008-11-24,00:00:00,799.27,829.04,785.81,820.49,7813600,0,Monday,0.28,0.03504
2008-11-25,00:00:00,820.57,828.82,802.54,820.0,8097650,1,Tuesday,,
2008-11-26,00:00:00,819.92,822.42,808.5,812.0,8110120,2,Wednesday,,
2008-11-27,00:00:00,811.99,816.98,808.92,814.5,7701520,3,Thursday,,
2008-11-28,00:00:00,814.52,820.07,809.14,817.62,8144090,4,Friday,,
2008-12-01,00:00:00,812.72,818.05,767.67,768.25,7975590,0,Monday,-4.9,-0.5993
2008-12-02,00:00:00,768.32,785.66,761.82,781.39,8571930,1,Tuesday,,
2008-12-03,00:00:00,781.29,782.75,763.86,773.54,8269810,2,Wednesday,,
2008-12-04,00:00:00,773.65,782.63,762.21,766.57,8818890,3,Thursday,,
2008-12-05,00:00:00,766.41,772.11,740.96,755.91,8531890,4,Friday,,
2008-12-08,00:00:00,755.56,781.21,754.27,771.91,7977580,0,Monday,-0.35,-0.0463
2008-12-09,00:00:00,772.26,779.56,762.33,775.59,8415990,1,Tuesday,,
2008-12-10,00:00:00,775.75,813.63,773.8,809.46,8393350,2,Wednesday,,
2008-12-11,00:00:00,809.54,834.07,801.71,819.79,8793280,3,Thursday,,
2008-12-12,00:00:00,820.24,828.09,807.17,821.5,8570910,4,Friday,,
2008-12-15,00:00:00,819.62,841.73,819.57,837.27,7989070,0,Monday,-1.88,-0.22885
2008-12-16,00:00:00,837.03,858.89,829.7,857.02,8612790,1,Tuesday,,
2008-12-17,00:00:00,856.77,881.14,845.96,867.19,8316700,2,Wednesday,,
2008-12-18,00:00:00,867.07,877.79,848.03,852.16,8922200,3,Thursday,,
2008-12-19,00:00:00,852.31,853.65,829.29,836.57,8647450,4,Friday,,
2008-12-22,00:00:00,836.65,851.11,836.25,846.88,8014460,0,Monday,0.08,0.00956
2008-12-23,00:00:00,846.96,848.3,829.19,838.53,8360990,1,Tuesday,,
2008-12-24,00:00:00,838.7,848.18,834.19,845.8,7873690,2,Wednesday,,
2008-12-25,00:00:00,845.77,846.86,839.14,843.78,3738440,3,Thursday,,
2008-12-26,00:00:00,843.73,872.05,841.9,867.06,7884190,4,Friday,,
2008-12-29,00:00:00,866.61,890.02,866.5,879.2,7638710,0,Monday,-0.45,-0.0519
2008-12-30,00:00:00,878.83,883.13,863.62,872.11,8091690,1,Tuesday,,
2008-12-31,00:00:00,872.36,883.23,855.63,879.84,7395420,2,Wednesday,,
2009-01-01,00:00:00,879.87,880.29,876.77,879.88,3554850,3,Thursday,,
2009-01-02,00:00:00,879.96,886.22,866.97,874.75,7361400,4,Friday,,
2009-01-05,00:00:00,872.95,884.88,844.85,858.55,6965740,0,Monday,-1.8,-0.20577
2009-01-06,00:00:00,858.62,869.33,838.59,863.01,7395850,1,Tuesday,,
2009-01-07,00:00:00,862.94,866.29,836.47,842.02,7239890,2,Wednesday,,
2009-01-08,00:00:00,842.12,863.42,835.92,856.23,7595770,3,Thursday,,
2009-01-09,00:00:00,856.27,867.68,844.4,852.96,7502560,4,Friday,,
2009-01-12,00:00:00,853.39,855.3,815.0,820.26,7186410,0,Monday,0.43,0.05041
2009-01-13,00:00:00,820.02,829.94,813.65,821.03,7421900,1,Tuesday,,
2009-01-14,00:00:00,821.03,828.81,807.07,810.87,7347330,2,Wednesday,,
2009-01-15,00:00:00,810.82,820.45,801.83,817.19,7638700,3,Thursday,,
2009-01-16,00:00:00,817.02,842.74,815.38,841.53,7446070,4,Friday,,
2009-01-19,00:00:00,842.19,845.3,831.42,835.37,6846120,0,Monday,0.66,0.07843
2009-01-20,00:00:00,835.18,865.79,823.39,856.34,7410460,1,Tuesday,,
2009-01-21,00:00:00,856.19,863.76,843.18,853.26,7323380,2,Wednesday,,
2009-01-22,00:00:00,853.39,862.3,844.04,856.14,7577070,3,Thursday,,
2009-01-23,00:00:00,856.29,902.67,852.08,898.91,7449800,4,Friday,,
2009-01-26,00:00:00,897.9,915.35,888.62,902.67,7057690,0,Monday,-1.01,-0.11236
2009-01-27,00:00:00,902.55,907.0,892.13,898.06,7408760,1,Tuesday,,
2009-01-28,00:00:00,898.28,902.97,882.52,887.05,7338400,2,Wednesday,,
2009-01-29,00:00:00,886.84,909.14,874.04,907.91,7656310,3,Thursday,,
2009-01-30,00:00:00,907.97,928.79,900.68,926.08,7497560,4,Friday,,
2009-02-02,00:00:00,926.77,926.87,900.74,904.13,6963280,0,Monday,0.69,0.07451
2009-02-03,00:00:00,904.2,912.27,889.17,900.0,7465050,1,Tuesday,,
2009-02-04,00:00:00,899.91,908.46,895.37,904.98,7335980,2,Wednesday,,
2009-02-05,00:00:00,905.23,923.35,901.69,914.29,7637470,3,Thursday,,
2009-02-06,00:00:00,914.03,919.05,903.86,910.7,7479780,4,Friday,,
2009-02-09,00:00:00,912.13,912.49,890.23,893.65,7024010,0,Monday,1.43,0.15702
2009-02-10,00:00:00,893.47,917.14,890.58,914.69,7546190,1,Tuesday,,
2009-02-11,00:00:00,914.7,946.43,910.08,938.59,7355790,2,Wednesday,,
2009-02-12,00:00:00,938.35,951.83,934.12,945.69,7762500,3,Thursday,,
2009-02-13,00:00:00,945.77,946.7,932.03,940.7,7575950,4,Friday,,
2009-02-16,00:00:00,939.14,943.75,935.4,940.69,6848810,0,Monday,-1.56,-0.16583
2009-02-17,00:00:00,940.52,973.37,939.22,969.34,7509370,1,Tuesday,,
2009-02-18,00:00:00,969.38,986.55,960.58,983.72,7533870,2,Wednesday,,
2009-02-19,00:00:00,983.75,985.47,968.37,973.56,7768690,3,Thursday,,
2009-02-20,00:00:00,973.52,1004.76,969.7,991.87,7673670,4,Friday,,
2009-02-23,00:00:00,997.17,997.34,976.53,990.7,7207330,0,Monday,5.3,0.53434
2009-02-24,00:00:00,990.37,994.38,958.96,961.35,7667990,1,Tuesday,,
2009-02-25,00:00:00,961.57,976.84,943.69,953.28,7516320,2,Wednesday,,
2009-02-26,00:00:00,952.9,956.11,931.74,945.09,7883120,3,Thursday,,
2009-02-27,00:00:00,945.2,961.84,929.29,941.9,7704720,4,Friday,,
2009-03-02,00:00:00,939.64,957.72,921.7,925.48,7306580,0,Monday,-2.26,-0.23994
2009-03-03,00:00:00,925.46,932.31,904.73,915.3,7617910,1,Tuesday,,
2009-03-04,00:00:00,915.21,922.06,899.58,906.01,7637830,2,Wednesday,,
2009-03-05,00:00:00,905.8,936.3,904.44,931.6,7788620,3,Thursday,,
2009-03-06,00:00:00,931.5,944.18,929.65,938.05,7689420,4,Friday,,
2009-03-08,00:00:00,939.32,939.48,938.28,939.39,108530,6,Sunday,,
2009-03-09,00:00:00,939.46,941.64,910.65,921.01,7315620,0,Monday,0.07,0.00745
2009-03-10,00:00:00,921.16,921.98,890.89,895.46,7659430,1,Tuesday,,
2009-03-11,00:00:00,895.34,912.61,891.68,906.65,7532700,2,Wednesday,,
2009-03-12,00:00:00,906.28,930.2,905.27,926.17,7926000,3,Thursday,,
2009-03-13,00:00:00,925.93,937.01,918.92,928.65,7447280,4,Friday,,
2009-03-15,00:00:00,926.95,928.1,926.86,928.1,126880,6,Sunday,,
2009-03-16,00:00:00,928.34,929.23,915.17,927.39,7235020,0,Monday,0.24,0.02586
2009-03-17,00:00:00,927.23,927.23,912.08,922.15,7623350,1,Tuesday,,
2009-03-18,00:00:00,922.05,946.65,883.24,939.85,7531790,2,Wednesday,,
2009-03-19,00:00:00,939.73,960.83,925.47,949.72,7892010,3,Thursday,,
2009-03-20,00:00:00,949.93,966.43,946.06,950.94,7511500,4,Friday,,
2009-03-22,00:00:00,950.62,951.95,950.52,950.74,149830,6,Sunday,,
2009-03-23,00:00:00,950.53,956.62,934.56,936.84,7275140,0,Monday,-0.21,-0.02209
2009-03-24,00:00:00,936.77,943.77,918.02,925.78,7816080,1,Tuesday,,
2009-03-25,00:00:00,925.95,939.25,916.95,933.15,7530340,2,Wednesday,,
2009-03-26,00:00:00,933.05,944.79,931.1,933.06,8015690,3,Thursday,,
2009-03-27,00:00:00,933.54,935.66,918.29,921.87,7567190,4,Friday,,
2009-03-30,00:00:00,921.85,931.41,909.25,917.07,7297280,0,Monday,-0.02,-0.00217
2009-03-31,00:00:00,917.07,924.06,911.84,918.69,7679630,1,Tuesday,,
2009-04-01,00:00:00,918.63,932.36,916.18,926.22,7642580,2,Wednesday,,
2009-04-02,00:00:00,926.27,928.55,894.47,903.86,7812240,3,Thursday,,
2009-04-03,00:00:00,903.87,908.42,890.03,891.8,7805210,4,Friday,,
2009-04-06,00:00:00,892.25,896.36,865.1,868.47,7331490,0,Monday,0.45,0.05046
2009-04-07,00:00:00,868.41,884.23,867.82,880.47,7897190,1,Tuesday,,
2009-04-08,00:00:00,880.26,889.45,878.05,880.29,7568570,2,Wednesday,,
2009-04-09,00:00:00,880.2,885.92,874.24,878.6,7892250,3,Thursday,,
2009-04-10,00:00:00,878.48,883.9,877.2,880.42,4379740,4,Friday,,
2009-04-13,00:00:00,880.42,899.3,880.28,893.03,7602860,0,Monday,0.0,0.0
2009-04-14,00:00:00,893.28,897.91,885.79,889.88,7963440,1,Tuesday,,
2009-04-15,00:00:00,889.9,898.1,886.66,890.15,8064790,2,Wednesday,,
2009-04-16,00:00:00,890.43,893.12,871.59,874.79,8140630,3,Thursday,,
2009-04-17,00:00:00,874.91,876.25,864.64,867.66,8091680,4,Friday,,
2009-04-20,00:00:00,867.65,887.93,864.33,883.84,7784360,0,Monday,-0.01,-0.00115
2009-04-21,00:00:00,883.81,894.09,878.61,883.26,8077190,1,Tuesday,,
2009-04-22,00:00:00,883.28,893.01,881.26,889.13,7961580,2,Wednesday,,
2009-04-23,00:00:00,889.14,908.22,888.82,904.0,8268020,3,Thursday,,
2009-04-24,00:00:00,903.99,913.25,901.72,912.22,8176960,4,Friday,,
2009-04-27,00:00:00,911.92,917.94,904.6,905.7,7586820,0,Monday,-0.3,-0.03289
2009-04-28,00:00:00,905.73,906.49,884.72,892.91,8042690,1,Tuesday,,
2009-04-29,00:00:00,893.0,902.48,887.24,897.39,7952690,2,Wednesday,,
2009-04-30,00:00:00,897.43,899.59,880.05,887.81,8072660,3,Thursday,,
2009-05-01,00:00:00,887.86,889.41,879.62,885.75,7894960,4,Friday,,
2009-05-04,00:00:00,885.52,905.86,883.98,901.33,7331430,0,Monday,-0.23,-0.02597
2009-05-05,00:00:00,901.38,915.23,895.37,896.74,8015070,1,Tuesday,,
2009-05-06,00:00:00,896.61,911.43,894.48,910.68,7756110,2,Wednesday,,
2009-05-07,00:00:00,910.79,924.99,909.17,910.27,8280460,3,Thursday,,
2009-05-08,00:00:00,910.15,919.14,905.5,915.82,8033150,4,Friday,,
2009-05-11,00:00:00,915.85,917.22,908.82,912.59,7621460,0,Monday,0.03,0.00328
2009-05-12,00:00:00,912.75,923.28,911.34,922.33,8107070,1,Tuesday,,
2009-05-13,00:00:00,922.4,930.08,917.16,925.57,8046670,2,Wednesday,,
2009-05-14,00:00:00,925.65,928.14,920.25,925.51,8208560,3,Thursday,,
2009-05-15,00:00:00,925.56,933.69,922.96,931.05,8141120,4,Friday,,
2009-05-18,00:00:00,930.43,933.23,915.87,917.76,7629690,0,Monday,-0.62,-0.06659
2009-05-19,00:00:00,917.86,928.86,916.56,924.31,8154720,1,Tuesday,,
2009-05-20,00:00:00,924.27,939.67,923.88,937.93,7911390,2,Wednesday,,
2009-05-21,00:00:00,938.0,955.72,935.41,952.89,8261790,3,Thursday,,
2009-05-22,00:00:00,952.88,960.68,949.32,956.47,7966440,4,Friday,,
2009-05-25,00:00:00,956.1,959.27,952.01,958.45,6923560,0,Monday,-0.37,-0.03868
2009-05-26,00:00:00,958.17,958.44,940.77,951.32,8239230,1,Tuesday,,
2009-05-27,00:00:00,951.35,958.97,946.25,949.07,8085460,2,Wednesday,,
2009-05-28,00:00:00,949.18,964.36,943.57,958.77,8328170,3,Thursday,,
2009-05-29,00:00:00,958.79,979.77,957.47,978.4,8274920,4,Friday,,
2009-06-01,00:00:00,978.77,988.06,973.2,974.32,7811960,0,Monday,0.37,0.03782
2009-06-02,00:00:00,974.27,985.54,968.51,981.22,8281790,1,Tuesday,,
2009-06-03,00:00:00,981.23,989.29,960.44,962.35,8107990,2,Wednesday,,
2009-06-04,00:00:00,962.36,981.12,960.31,979.42,8602770,3,Thursday,,
2009-06-05,00:00:00,979.48,982.21,952.39,954.78,8315630,4,Friday,,
2009-06-08,00:00:00,955.02,959.59,943.41,951.15,7671890,0,Monday,0.24,0.02514
2009-06-09,00:00:00,951.16,960.86,946.88,954.25,8224210,1,Tuesday,,
2009-06-10,00:00:00,954.24,964.77,947.07,953.8,8188050,2,Wednesday,,
2009-06-11,00:00:00,953.81,961.44,943.37,954.41,8281350,3,Thursday,,
2009-06-12,00:00:00,954.3,957.78,936.53,938.5,8351060,4,Friday,,
2009-06-15,00:00:00,937.72,938.61,925.43,927.72,7744230,0,Monday,-0.78,-0.08311
2009-06-16,00:00:00,927.66,938.9,924.98,934.12,8290380,1,Tuesday,,
2009-06-17,00:00:00,934.26,939.8,927.66,937.97,8126080,2,Wednesday,,
2009-06-18,00:00:00,938.04,942.79,929.8,932.5,8552990,3,Thursday,,
2009-06-19,00:00:00,932.54,938.54,930.62,933.37,8322140,4,Friday,,
2009-06-22,00:00:00,933.6,934.41,917.88,922.0,7684260,0,Monday,0.23,0.02464
2009-06-23,00:00:00,922.13,926.33,913.26,925.28,8275330,1,Tuesday,,
2009-06-24,00:00:00,925.23,940.28,921.75,930.84,8157320,2,Wednesday,,
2009-06-25,00:00:00,931.13,939.78,929.56,938.76,8394450,3,Thursday,,
2009-06-26,00:00:00,938.66,947.79,936.16,938.93,8357580,4,Friday,,
2009-06-29,00:00:00,938.05,942.27,933.92,937.39,7828790,0,Monday,-0.88,-0.09372
2009-06-30,00:00:00,937.45,944.48,923.44,925.93,8297960,1,Tuesday,,
2009-07-01,00:00:00,925.95,944.73,925.3,940.06,8066450,2,Wednesday,,
2009-07-02,00:00:00,940.07,941.36,926.76,929.21,8423810,3,Thursday,,
2009-07-03,00:00:00,929.28,933.86,926.88,931.21,7705620,4,Friday,,
2009-07-06,00:00:00,932.11,932.46,920.33,924.57,7786540,0,Monday,0.9,0.09665
2009-07-07,00:00:00,924.58,931.26,920.65,924.12,8253130,1,Tuesday,,
2009-07-08,00:00:00,924.18,924.66,904.49,909.18,8304960,2,Wednesday,,
2009-07-09,00:00:00,909.11,917.93,905.93,911.56,8435280,3,Thursday,,
2009-07-10,00:00:00,911.57,914.98,906.88,912.38,8465350,4,Friday,,
2009-07-13,00:00:00,911.97,922.75,907.46,919.73,7701700,0,Monday,-0.41,-0.04494
2009-07-14,00:00:00,919.84,926.82,917.16,925.1,8333660,1,Tuesday,,
2009-07-15,00:00:00,925.1,941.46,924.06,938.47,8066780,2,Wednesday,,
2009-07-16,00:00:00,938.52,939.99,932.55,936.74,8573660,3,Thursday,,
2009-07-17,00:00:00,936.83,939.3,931.42,936.83,8130980,4,Friday,,
2009-07-20,00:00:00,936.45,954.68,936.17,948.4,7654420,0,Monday,-0.38,-0.04056
2009-07-21,00:00:00,948.35,953.25,943.79,948.18,8317530,1,Tuesday,,
2009-07-22,00:00:00,948.12,954.09,944.54,950.74,8055970,2,Wednesday,,
2009-07-23,00:00:00,950.69,956.92,947.4,948.76,8387370,3,Thursday,,
2009-07-24,00:00:00,948.66,953.74,946.06,950.75,8414380,4,Friday,,
2009-07-27,00:00:00,950.1,958.42,947.21,953.26,7830480,0,Monday,-0.65,-0.06837
2009-07-28,00:00:00,953.22,956.18,934.03,937.16,8338170,1,Tuesday,,
2009-07-29,00:00:00,937.12,940.45,925.01,929.35,8079730,2,Wednesday,,
2009-07-30,00:00:00,929.41,936.63,927.87,933.95,8602100,3,Thursday,,
2009-07-31,00:00:00,933.75,955.04,932.24,953.25,8262000,4,Friday,,
2009-08-03,00:00:00,953.5,961.81,951.53,956.0,7863910,0,Monday,0.25,0.02623
2009-08-04,00:00:00,956.02,969.57,950.55,966.31,8367100,1,Tuesday,,
2009-08-05,00:00:00,966.32,967.61,958.35,963.24,8263280,2,Wednesday,,
2009-08-06,00:00:00,963.08,971.28,956.15,962.74,8602950,3,Thursday,,
2009-08-07,00:00:00,962.64,964.18,953.51,954.24,8568750,4,Friday,,
2009-08-10,00:00:00,953.84,956.41,942.97,945.93,7963590,0,Monday,-0.4,-0.04192
2009-08-11,00:00:00,945.9,949.29,941.82,945.5,8419770,1,Tuesday,,
2009-08-12,00:00:00,945.39,951.62,939.14,946.57,8331290,2,Wednesday,,
2009-08-13,00:00:00,946.63,959.83,945.34,954.37,8750100,3,Thursday,,
2009-08-14,00:00:00,954.29,958.75,943.48,947.85,8503270,4,Friday,,
2009-08-17,00:00:00,945.62,947.56,929.9,934.1,7869470,0,Monday,-2.23,-0.23527
2009-08-18,00:00:00,934.12,939.49,931.94,937.98,8388170,1,Tuesday,,
2009-08-19,00:00:00,937.98,944.45,932.08,941.5,8180790,2,Wednesday,,
2009-08-20,00:00:00,941.45,945.37,937.92,940.05,8479970,3,Thursday,,
2009-08-21,00:00:00,940.02,956.54,937.43,953.12,8436840,4,Friday,,
2009-08-24,00:00:00,952.9,956.53,939.75,941.1,7961520,0,Monday,-0.22,-0.02308
2009-08-25,00:00:00,941.29,953.79,940.41,944.19,8554160,1,Tuesday,,
2009-08-26,00:00:00,944.08,949.58,939.27,945.1,8414780,2,Wednesday,,
2009-08-27,00:00:00,945.15,949.95,941.63,947.57,8638620,3,Thursday,,
2009-08-28,00:00:00,947.54,959.06,946.46,954.25,8466140,4,Friday,,
2009-08-31,00:00:00,954.2,960.15,944.26,950.89,7927280,0,Monday,-0.05,-0.00524
2009-09-01,00:00:00,950.77,956.43,945.85,955.62,8508620,1,Tuesday,,
2009-09-02,00:00:00,955.66,979.97,951.37,977.99,8495080,2,Wednesday,,
2009-09-03,00:00:00,977.98,996.88,973.76,991.35,8691790,3,Thursday,,
2009-09-04,00:00:00,991.42,995.61,985.0,992.9,8544070,4,Friday,,
2009-09-07,00:00:00,993.15,996.16,990.14,993.93,7454150,0,Monday,0.25,0.02518
2009-09-08,00:00:00,994.03,1007.11,992.51,994.66,8666670,1,Tuesday,,
2009-09-09,00:00:00,994.77,1002.61,986.87,991.67,8573980,2,Wednesday,,
2009-09-10,00:00:00,991.78,997.87,982.72,995.93,9076100,3,Thursday,,
2009-09-11,00:00:00,996.03,1010.77,994.04,1004.38,8729230,4,Friday,,
2009-09-14,00:00:00,1004.57,1008.39,993.18,999.79,8151000,0,Monday,0.19,0.01892
2009-09-15,00:00:00,999.71,1008.9,993.25,1007.07,8734720,1,Tuesday,,
2009-09-16,00:00:00,1007.02,1020.19,1005.55,1016.61,8575040,2,Wednesday,,
2009-09-17,00:00:00,1016.6,1023.59,1009.94,1013.0,8911020,3,Thursday,,
2009-09-18,00:00:00,1012.97,1017.32,1005.86,1007.14,8906700,4,Friday,,
2009-09-21,00:00:00,1005.95,1006.19,995.59,1003.08,8262300,0,Monday,-1.19,-0.11816
2009-09-22,00:00:00,1003.12,1018.98,1000.0,1013.89,8796550,1,Tuesday,,
2009-09-23,00:00:00,1013.86,1018.14,1006.06,1007.98,8695590,2,Wednesday,,
2009-09-24,00:00:00,1007.93,1018.18,990.31,993.39,8990920,3,Thursday,,
2009-09-25,00:00:00,993.48,998.68,984.91,990.6,8859970,4,Friday,,
2009-09-28,00:00:00,990.98,996.08,985.69,990.56,8392300,0,Monday,0.38,0.03836
2009-09-29,00:00:00,990.53,995.35,985.45,991.76,8767980,1,Tuesday,,
2009-09-30,00:00:00,991.75,1008.76,990.37,1007.16,8725330,2,Wednesday,,
2009-10-01,00:00:00,1007.05,1009.48,997.57,998.68,8975930,3,Thursday,,
2009-10-02,00:00:00,998.73,1007.01,987.29,1002.28,9038880,4,Friday,,
2009-10-05,00:00:00,1001.45,1017.2,1000.21,1016.7,8306000,0,Monday,-0.83,-0.08281
2009-10-06,00:00:00,1016.74,1043.12,1014.79,1041.58,8932360,1,Tuesday,,
2009-10-07,00:00:00,1041.45,1047.73,1036.2,1043.54,8680270,2,Wednesday,,
2009-10-08,00:00:00,1043.62,1060.87,1042.82,1054.58,8984340,3,Thursday,,
2009-10-09,00:00:00,1054.48,1054.94,1043.04,1048.77,8761740,4,Friday,,
2009-10-12,00:00:00,1047.99,1058.56,1046.23,1056.6,8273010,0,Monday,-0.78,-0.07437
2009-10-13,00:00:00,1056.52,1068.09,1050.56,1063.76,8817510,1,Tuesday,,
2009-10-14,00:00:00,1063.75,1069.96,1055.69,1061.91,8819880,2,Wednesday,,
2009-10-15,00:00:00,1061.87,1065.28,1046.21,1049.81,9020980,3,Thursday,,
2009-10-16,00:00:00,1049.76,1056.09,1042.96,1052.99,9027210,4,Friday,,
2009-10-19,00:00:00,1052.0,1064.17,1047.79,1063.58,8392350,0,Monday,-0.99,-0.09402
2009-10-20,00:00:00,1063.63,1067.24,1052.13,1054.69,9023060,1,Tuesday,,
2009-10-21,00:00:00,1054.75,1064.27,1047.74,1058.56,8843170,2,Wednesday,,
2009-10-22,00:00:00,1058.58,1060.95,1051.23,1059.42,9364970,3,Thursday,,
2009-10-23,00:00:00,1059.48,1066.94,1050.62,1054.65,9177070,4,Friday,,
2009-10-25,00:00:00,1054.19,1054.33,1053.6,1054.06,123380,6,Sunday,,
2009-10-26,00:00:00,1054.44,1059.55,1036.74,1038.64,8511780,0,Monday,0.38,0.03605
2009-10-27,00:00:00,1038.64,1043.13,1031.73,1038.53,9001610,1,Tuesday,,
2009-10-28,00:00:00,1038.37,1041.36,1026.19,1026.78,8935090,2,Wednesday,,
2009-10-29,00:00:00,1026.96,1047.23,1025.88,1044.83,9220960,3,Thursday,,
2009-10-30,00:00:00,1044.94,1048.66,1034.82,1044.68,8965580,4,Friday,,
2009-11-02,00:00:00,1044.22,1062.44,1039.9,1058.95,8663350,0,Monday,-0.46,-0.04403
2009-11-03,00:00:00,1058.93,1087.22,1055.14,1083.99,9103270,1,Tuesday,,
2009-11-04,00:00:00,1084.01,1096.57,1079.39,1091.62,8963050,2,Wednesday,,
2009-11-05,00:00:00,1091.54,1094.0,1083.3,1089.78,9414760,3,Thursday,,
2009-11-06,00:00:00,1089.87,1099.27,1087.75,1094.62,9127480,4,Friday,,
2009-11-09,00:00:00,1095.02,1110.28,1094.64,1103.48,8749790,0,Monday,0.4,0.03654
2009-11-10,00:00:00,1103.34,1108.95,1096.32,1105.14,9161570,1,Tuesday,,
2009-11-11,00:00:00,1105.13,1118.26,1104.6,1117.07,9111040,2,Wednesday,,
2009-11-12,00:00:00,1116.96,1122.2,1102.29,1103.26,9367460,3,Thursday,,
2009-11-13,00:00:00,1103.14,1118.91,1100.38,1118.15,9313330,4,Friday,,
2009-11-16,00:00:00,1117.86,1142.87,1117.43,1138.64,8735210,0,Monday,-0.29,-0.02594
2009-11-17,00:00:00,1138.73,1141.41,1127.4,1140.99,9273050,1,Tuesday,,
2009-11-18,00:00:00,1141.01,1151.78,1135.52,1144.87,9135040,2,Wednesday,,
2009-11-19,00:00:00,1144.83,1145.78,1129.83,1143.95,9476710,3,Thursday,,
2009-11-20,00:00:00,1143.92,1150.76,1132.27,1150.09,9293550,4,Friday,,
2009-11-23,00:00:00,1148.02,1173.4,1147.85,1165.6,9041850,0,Monday,-2.07,-0.17999
2009-11-24,00:00:00,1165.4,1170.83,1157.45,1168.69,9245050,1,Tuesday,,
2009-11-25,00:00:00,1168.69,1191.42,1166.26,1191.29,9464820,2,Wednesday,,
2009-11-26,00:00:00,1191.19,1194.68,1179.69,1192.36,8928520,3,Thursday,,
2009-11-27,00:00:00,1192.25,1192.5,1139.54,1176.5,9180200,4,Friday,,
2009-11-30,00:00:00,1176.51,1181.96,1163.54,1178.95,8932930,0,Monday,0.01,0.00085
2009-12-01,00:00:00,1178.88,1200.89,1174.9,1195.99,9452680,1,Tuesday,,
2009-12-02,00:00:00,1196.1,1216.63,1194.32,1215.17,9358140,2,Wednesday,,
2009-12-03,00:00:00,1215.22,1225.94,1204.68,1207.24,9796010,3,Thursday,,
2009-12-04,00:00:00,1207.2,1211.64,1148.51,1160.74,9440380,4,Friday,,
2009-12-07,00:00:00,1159.37,1163.85,1135.24,1157.66,9010530,0,Monday,-1.37,-0.11803
2009-12-08,00:00:00,1157.61,1168.17,1124.5,1127.73,9458660,1,Tuesday,,
2009-12-09,00:00:00,1127.65,1146.23,1117.02,1128.2,9480490,2,Wednesday,,
2009-12-10,00:00:00,1128.2,1136.35,1121.04,1130.74,9717910,3,Thursday,,
2009-12-11,00:00:00,1130.71,1141.68,1109.48,1114.68,9726210,4,Friday,,
2009-12-14,00:00:00,1113.6,1127.28,1109.98,1126.06,8930940,0,Monday,-1.08,-0.09689
2009-12-15,00:00:00,1126.02,1128.42,1110.85,1124.59,9532680,1,Tuesday,,
2009-12-16,00:00:00,1124.58,1138.78,1121.02,1137.35,9422050,2,Wednesday,,
2009-12-17,00:00:00,1137.33,1141.21,1094.49,1098.16,9846960,3,Thursday,,
2009-12-18,00:00:00,1098.14,1116.19,1095.86,1112.74,9553060,4,Friday,,
2009-12-21,00:00:00,1111.95,1119.05,1090.05,1093.04,9011880,0,Monday,-0.79,-0.071
2009-12-22,00:00:00,1092.93,1096.97,1074.19,1083.24,9589620,1,Tuesday,,
2009-12-23,00:00:00,1083.23,1095.6,1078.97,1087.04,9372450,2,Wednesday,,
2009-12-24,00:00:00,1086.92,1105.36,1086.11,1104.21,8469880,3,Thursday,,
2009-12-25,00:00:00,1104.15,1104.43,1103.63,1103.67,5603230,4,Friday,,
2009-12-28,00:00:00,1103.57,1113.34,1101.37,1106.55,10164080,0,Monday,-0.1,-0.00906
2009-12-29,00:00:00,1106.53,1107.9,1096.19,1096.47,11173240,1,Tuesday,,
2009-12-30,00:00:00,1096.52,1097.58,1085.6,1092.42,10588010,2,Wednesday,,
2009-12-31,00:00:00,1092.42,1106.52,1091.5,1096.19,10675110,3,Thursday,,
2010-01-01,00:00:00,1096.32,1096.82,1095.86,1096.1,7366750,4,Friday,,
2010-01-04,00:00:00,1096.07,1123.3,1092.99,1120.87,16011350,0,Monday,-0.03,-0.00274
2010-01-05,00:00:00,1120.86,1127.53,1114.86,1117.52,17391000,1,Tuesday,,
2010-01-06,00:00:00,1117.34,1140.02,1115.38,1137.56,16854860,2,Wednesday,,
2010-01-07,00:00:00,1137.57,1137.95,1128.07,1131.07,17304470,3,Thursday,,
2010-01-08,00:00:00,1130.94,1138.42,1119.29,1136.72,17358180,4,Friday,,
2010-01-11,00:00:00,1139.06,1160.95,1136.75,1151.18,15935310,0,Monday,2.34,0.20586
2010-01-12,00:00:00,1151.16,1157.6,1125.45,1127.66,17126250,1,Tuesday,,
2010-01-13,00:00:00,1127.61,1138.29,1119.24,1137.47,16595780,2,Wednesday,,
2010-01-14,00:00:00,1137.49,1145.59,1130.44,1142.2,17280640,3,Thursday,,
2010-01-15,00:00:00,1142.21,1145.09,1126.83,1129.6,16800790,4,Friday,,
2010-01-18,00:00:00,1129.57,1136.86,1126.64,1133.45,15589590,0,Monday,-0.03,-0.00266
2010-01-19,00:00:00,1133.41,1140.02,1128.28,1137.78,17697670,1,Tuesday,,
2010-01-20,00:00:00,1137.73,1141.06,1106.99,1110.67,17434530,2,Wednesday,,
2010-01-21,00:00:00,1110.71,1117.2,1089.16,1093.72,17745730,3,Thursday,,
2010-01-22,00:00:00,1093.75,1098.2,1081.87,1092.04,17900710,4,Friday,,
2010-01-25,00:00:00,1091.37,1103.65,1089.49,1097.8,16394960,0,Monday,-0.67,-0.06135
2010-01-26,00:00:00,1097.79,1102.97,1085.54,1097.06,17553810,1,Tuesday,,
2010-01-27,00:00:00,1097.08,1101.85,1083.01,1087.57,17238950,2,Wednesday,,
2010-01-28,00:00:00,1087.39,1095.43,1074.11,1086.16,17912830,3,Thursday,,
2010-01-29,00:00:00,1086.12,1089.26,1074.15,1080.53,17438590,4,Friday,,
2010-02-01,00:00:00,1078.98,1107.08,1076.05,1104.88,16746930,0,Monday,-1.55,-0.14345
2010-02-02,00:00:00,1105.05,1117.68,1098.55,1113.9,18076550,1,Tuesday,,
2010-02-03,00:00:00,1113.87,1124.25,1106.78,1109.29,17610290,2,Wednesday,,
2010-02-04,00:00:00,1109.13,1110.72,1059.33,1062.85,17983930,3,Thursday,,
2010-02-05,00:00:00,1062.82,1068.21,1044.7,1065.62,18077560,4,Friday,,
2010-02-08,00:00:00,1065.35,1073.2,1061.64,1062.43,16510650,0,Monday,-0.27,-0.02534
2010-02-09,00:00:00,1062.4,1082.71,1061.33,1077.6,17749450,1,Tuesday,,
2010-02-10,00:00:00,1077.65,1081.79,1062.84,1071.55,17303420,2,Wednesday,,
2010-02-11,00:00:00,1071.55,1097.38,1069.94,1094.82,18076680,3,Thursday,,
2010-02-12,00:00:00,1094.91,1096.48,1077.57,1093.02,17403270,4,Friday,,
2010-02-15,00:00:00,1093.06,1101.63,1091.19,1100.45,15857610,0,Monday,0.04,0.00366
2010-02-16,00:00:00,1100.48,1120.59,1097.48,1118.93,18610830,1,Tuesday,,
2010-02-17,00:00:00,1118.8,1126.65,1104.89,1106.38,18051610,2,Wednesday,,
2010-02-18,00:00:00,1106.27,1123.7,1097.69,1108.31,18654180,3,Thursday,,
2010-02-19,00:00:00,1108.23,1125.77,1099.11,1118.79,18827810,4,Friday,,
2010-02-22,00:00:00,1117.2,1130.28,1109.76,1113.64,17141670,0,Monday,-1.59,-0.14212
2010-02-23,00:00:00,1113.73,1120.4,1099.01,1102.71,18363090,1,Tuesday,,
2010-02-24,00:00:00,1102.79,1107.71,1089.68,1097.15,18080580,2,Wednesday,,
2010-02-25,00:00:00,1097.08,1108.38,1088.04,1105.94,18692920,3,Thursday,,
2010-02-26,00:00:00,1106.0,1118.4,1103.66,1117.16,18333180,4,Friday,,
2010-03-01,00:00:00,1115.9,1123.06,1111.73,1118.35,17159680,0,Monday,-1.26,-0.11279
2010-03-02,00:00:00,1118.34,1137.12,1114.27,1134.06,18837580,1,Tuesday,,
2010-03-03,00:00:00,1134.06,1144.59,1131.29,1139.3,18050110,2,Wednesday,,
2010-03-04,00:00:00,1139.26,1140.97,1125.59,1131.72,18766860,3,Thursday,,
2010-03-05,00:00:00,1131.55,1140.13,1127.62,1134.2,18706320,4,Friday,,
2010-03-08,00:00:00,1133.51,1137.36,1118.17,1123.11,17420410,0,Monday,-0.69,-0.06084
2010-03-09,00:00:00,1123.03,1124.54,1109.23,1121.21,18436850,1,Tuesday,,
2010-03-10,00:00:00,1121.21,1127.71,1103.3,1107.78,18357170,2,Wednesday,,
2010-03-11,00:00:00,1107.84,1111.33,1100.34,1108.93,18788690,3,Thursday,,
2010-03-12,00:00:00,1108.99,1118.94,1098.29,1101.24,18646890,4,Friday,,
2010-03-14,00:00:00,1099.22,1101.75,1099.02,1101.05,138530,6,Sunday,,
2010-03-15,00:00:00,1101.03,1109.39,1099.75,1108.63,17548120,0,Monday,-0.02,-0.00182
2010-03-16,00:00:00,1108.56,1127.96,1107.76,1125.32,18988970,1,Tuesday,,
2010-03-17,00:00:00,1125.19,1132.43,1117.99,1124.19,18374110,2,Wednesday,,
2010-03-18,00:00:00,1123.95,1128.8,1117.86,1120.97,18964340,3,Thursday,,
2010-03-19,00:00:00,1120.98,1126.61,1101.24,1106.42,18324790,4,Friday,,
2010-03-21,00:00:00,1106.27,1106.84,1106.15,1106.41,99410,6,Sunday,,
2010-03-22,00:00:00,1106.42,1108.28,1092.53,1103.29,17269800,0,Monday,0.01,0.0009
2010-03-23,00:00:00,1102.97,1107.31,1094.22,1102.86,19203820,1,Tuesday,,
2010-03-24,00:00:00,1102.62,1105.15,1084.7,1087.14,18410700,2,Wednesday,,
2010-03-25,00:00:00,1086.86,1095.3,1084.94,1090.1,19006310,3,Thursday,,
2010-03-26,00:00:00,1090.21,1108.61,1088.05,1106.82,18589180,4,Friday,,
2010-03-29,00:00:00,1106.36,1114.25,1102.76,1109.25,17690610,0,Monday,-0.46,-0.04156
2010-03-30,00:00:00,1109.28,1113.01,1101.56,1103.06,19119870,1,Tuesday,,
2010-03-31,00:00:00,1103.09,1117.68,1101.5,1112.53,18393870,2,Wednesday,,
2010-04-01,00:00:00,1112.7,1127.54,1111.1,1126.06,18972160,3,Thursday,,
2010-04-02,00:00:00,1126.07,1126.65,1117.07,1120.9,17384600,4,Friday,,
2010-04-05,00:00:00,1120.23,1132.98,1118.87,1131.4,20086090,0,Monday,-0.67,-0.05977
2010-04-06,00:00:00,1131.39,1138.29,1122.46,1133.71,21994840,1,Tuesday,,
2010-04-07,00:00:00,1133.7,1152.57,1132.24,1148.88,21440280,2,Wednesday,,
2010-04-08,00:00:00,1148.93,1153.25,1142.77,1150.14,22442040,3,Thursday,,
2010-04-09,00:00:00,1150.02,1163.75,1148.83,1161.3,21958870,4,Friday,,
2010-04-12,00:00:00,1159.65,1169.37,1153.77,1155.96,20378070,0,Monday,-1.65,-0.14208
2010-04-13,00:00:00,1156.18,1156.87,1144.47,1150.03,22797210,1,Tuesday,,
2010-04-14,00:00:00,1150.2,1161.7,1149.15,1154.92,21648440,2,Wednesday,,
2010-04-15,00:00:00,1154.95,1161.3,1149.85,1158.53,22556130,3,Thursday,,
2010-04-16,00:00:00,1158.6,1160.2,1129.14,1137.0,22718960,4,Friday,,
2010-04-19,00:00:00,1133.44,1137.39,1123.13,1135.24,20301290,0,Monday,-3.56,-0.3131
2010-04-20,00:00:00,1135.26,1145.57,1132.96,1140.28,22522880,1,Tuesday,,
2010-04-21,00:00:00,1140.25,1149.6,1137.08,1146.14,21522270,2,Wednesday,,
2010-04-22,00:00:00,1146.12,1149.06,1131.8,1141.06,22719500,3,Thursday,,
2010-04-23,00:00:00,1140.92,1157.33,1134.6,1157.02,22305860,4,Friday,,
2010-04-26,00:00:00,1156.97,1159.45,1150.44,1153.15,21075000,0,Monday,-0.05,-0.00432
2010-04-27,00:00:00,1153.22,1171.73,1146.13,1167.2,23290820,1,Tuesday,,
2010-04-28,00:00:00,1167.36,1173.65,1160.47,1165.14,22387620,2,Wednesday,,
2010-04-29,00:00:00,1165.33,1170.75,1162.03,1166.44,23017690,3,Thursday,,
2010-04-30,00:00:00,1166.41,1181.25,1164.28,1178.54,23119860,4,Friday,,
2010-05-03,00:00:00,1177.92,1187.37,1175.65,1181.81,20937530,0,Monday,-0.62,-0.05261
2010-05-04,00:00:00,1181.89,1191.94,1166.59,1170.61,23028450,1,Tuesday,,
2010-05-05,00:00:00,1170.75,1176.35,1157.51,1174.78,22383840,2,Wednesday,,
2010-05-06,00:00:00,1174.77,1209.58,1171.93,1207.68,23407020,3,Thursday,,
2010-05-07,00:00:00,1207.81,1212.47,1192.39,1207.73,22850150,4,Friday,,
2010-05-10,00:00:00,1207.52,1207.7,1184.16,1202.46,21519410,0,Monday,-0.21,-0.01739
2010-05-11,00:00:00,1202.53,1233.67,1200.29,1232.23,23461830,1,Tuesday,,
2010-05-12,00:00:00,1232.2,1247.9,1226.01,1238.38,22685140,2,Wednesday,,
2010-05-13,00:00:00,1238.42,1242.51,1226.88,1232.39,23346830,3,Thursday,,
2010-05-14,00:00:00,1232.39,1248.76,1218.47,1231.02,23586630,4,Friday,,
2010-05-17,00:00:00,1229.7,1241.89,1218.98,1221.97,21053380,0,Monday,-1.32,-0.10723
2010-05-18,00:00:00,1221.86,1228.44,1206.32,1224.59,23208610,1,Tuesday,,
2010-05-19,00:00:00,1224.55,1227.17,1186.45,1193.16,22378620,2,Wednesday,,
2010-05-20,00:00:00,1192.95,1197.54,1174.41,1181.94,23620020,3,Thursday,,
2010-05-21,00:00:00,1181.86,1187.33,1166.48,1176.33,22982640,4,Friday,,
2010-05-24,00:00:00,1177.26,1196.42,1174.83,1191.13,21804190,0,Monday,0.93,0.07906
2010-05-25,00:00:00,1191.22,1203.53,1185.01,1203.46,23716280,1,Tuesday,,
2010-05-26,00:00:00,1203.61,1216.17,1199.72,1211.17,22841650,2,Wednesday,,
2010-05-27,00:00:00,1211.08,1217.78,1205.08,1211.42,23518320,3,Thursday,,
2010-05-28,00:00:00,1211.51,1214.84,1201.74,1213.67,23775510,4,Friday,,
2010-05-31,00:00:00,1212.56,1217.53,1208.9,1215.68,20643150,0,Monday,-1.11,-0.09146
2010-06-01,00:00:00,1215.65,1228.09,1213.69,1225.25,25343260,1,Tuesday,,
2010-06-02,00:00:00,1225.12,1226.66,1213.53,1222.87,24098360,2,Wednesday,,
2010-06-03,00:00:00,1222.94,1224.16,1202.27,1206.16,25673060,3,Thursday,,
2010-06-04,00:00:00,1206.18,1219.57,1196.61,1219.26,25170200,4,Friday,,
2010-06-07,00:00:00,1218.65,1243.76,1209.9,1239.57,23289550,0,Monday,-0.61,-0.05003
2010-06-08,00:00:00,1239.58,1251.06,1233.1,1236.13,25435630,1,Tuesday,,
2010-06-09,00:00:00,1236.04,1240.32,1222.1,1232.9,24538610,2,Wednesday,,
2010-06-10,00:00:00,1232.96,1233.49,1214.97,1216.08,25683860,3,Thursday,,
2010-06-11,00:00:00,1216.04,1230.14,1215.66,1226.08,25699630,4,Friday,,
2010-06-14,00:00:00,1225.57,1233.57,1216.16,1220.63,22696580,0,Monday,-0.51,-0.0416
2010-06-15,00:00:00,1220.76,1236.17,1219.25,1233.54,25722300,1,Tuesday,,
2010-06-16,00:00:00,1233.61,1236.99,1226.99,1228.72,24019710,2,Wednesday,,
2010-06-17,00:00:00,1228.79,1250.23,1228.41,1244.39,26125430,3,Thursday,,
2010-06-18,00:00:00,1244.42,1262.06,1241.36,1256.23,25421520,4,Friday,,
2010-06-21,00:00:00,1256.45,1264.29,1230.47,1233.1,23870710,0,Monday,0.22,0.01751
2010-06-22,00:00:00,1233.28,1242.19,1230.97,1239.48,25751880,1,Tuesday,,
2010-06-23,00:00:00,1239.48,1245.89,1223.81,1236.87,25315750,2,Wednesday,,
2010-06-24,00:00:00,1236.93,1247.77,1227.76,1242.97,26102020,3,Thursday,,
2010-06-25,00:00:00,1242.96,1257.67,1240.36,1255.07,26415430,4,Friday,,
2010-06-28,00:00:00,1254.19,1262.18,1235.38,1238.45,23919060,0,Monday,-0.88,-0.07012
2010-06-29,00:00:00,1238.55,1244.52,1227.26,1239.94,26194000,1,Tuesday,,
2010-06-30,00:00:00,1239.97,1246.94,1234.55,1241.79,25294710,2,Wednesday,,
2010-07-01,00:00:00,1241.88,1243.48,1196.27,1198.5,26570570,3,Thursday,,
2010-07-02,00:00:00,1198.51,1212.74,1197.88,1210.62,26156540,4,Friday,,
2010-07-05,00:00:00,1210.84,1214.02,1205.09,1207.66,23385380,0,Monday,0.22,0.01817
2010-07-06,00:00:00,1207.8,1212.93,1189.18,1192.2,30034390,1,Tuesday,,
2010-07-07,00:00:00,1192.13,1203.43,1184.91,1202.1,28796070,2,Wednesday,,
2010-07-08,00:00:00,1202.16,1207.46,1187.63,1197.45,30358230,3,Thursday,,
2010-07-09,00:00:00,1197.44,1213.18,1193.75,1211.25,30810820,4,Friday,,
2010-07-12,00:00:00,1211.5,1212.57,1196.11,1197.13,27367640,0,Monday,0.25,0.02064
2010-07-13,00:00:00,1196.99,1217.4,1195.35,1211.8,29798560,1,Tuesday,,
2010-07-14,00:00:00,1211.78,1217.41,1202.4,1207.74,28901340,2,Wednesday,,
2010-07-15,00:00:00,1207.8,1216.74,1203.73,1207.81,31193580,3,Thursday,,
2010-07-16,00:00:00,1207.76,1210.47,1185.81,1192.48,30737260,4,Friday,,
2010-07-19,00:00:00,1192.87,1194.45,1176.93,1182.46,28028970,0,Monday,0.39,0.0327
2010-07-20,00:00:00,1182.56,1193.27,1175.35,1191.54,30724510,1,Tuesday,,
2010-07-21,00:00:00,1191.63,1197.38,1183.08,1184.62,29406750,2,Wednesday,,
2010-07-22,00:00:00,1184.61,1199.75,1180.85,1194.44,30856500,3,Thursday,,
2010-07-23,00:00:00,1194.49,1203.63,1184.65,1188.53,31490610,4,Friday,,
2010-07-26,00:00:00,1188.77,1194.06,1179.32,1183.06,28262490,0,Monday,0.24,0.02019
2010-07-27,00:00:00,1183.04,1186.69,1157.74,1161.15,30815050,1,Tuesday,,
2010-07-28,00:00:00,1161.09,1165.77,1156.93,1162.98,29855110,2,Wednesday,,
2010-07-29,00:00:00,1163.02,1169.08,1159.03,1167.98,32152170,3,Thursday,,
2010-07-30,00:00:00,1167.86,1182.89,1165.05,1180.46,31617660,4,Friday,,
2010-08-02,00:00:00,1181.1,1189.79,1174.22,1182.21,28869290,0,Monday,0.64,0.05422
2010-08-03,00:00:00,1182.26,1190.14,1178.55,1185.8,31535190,1,Tuesday,,
2010-08-04,00:00:00,1185.66,1202.53,1184.05,1194.51,30559020,2,Wednesday,,
2010-08-05,00:00:00,1194.45,1199.25,1189.74,1194.56,32141080,3,Thursday,,
2010-08-06,00:00:00,1194.43,1210.46,1191.58,1204.74,32454970,4,Friday,,
2010-08-09,00:00:00,1204.1,1209.17,1198.86,1200.97,29466500,0,Monday,-0.64,-0.05312
2010-08-10,00:00:00,1200.97,1206.76,1190.44,1203.66,32245000,1,Tuesday,,
2010-08-11,00:00:00,1203.77,1207.4,1192.07,1197.51,31796840,2,Wednesday,,
2010-08-12,00:00:00,1197.55,1214.93,1196.57,1213.36,33894510,3,Thursday,,
2010-08-13,00:00:00,1213.43,1217.23,1210.91,1215.06,33586280,4,Friday,,
2010-08-16,00:00:00,1215.01,1227.0,1213.27,1224.72,30345150,0,Monday,-0.05,-0.00412
2010-08-17,00:00:00,1224.72,1228.09,1221.56,1224.39,33067120,1,Tuesday,,
2010-08-18,00:00:00,1224.33,1232.01,1217.17,1228.88,32013350,2,Wednesday,,
2010-08-19,00:00:00,1228.91,1236.94,1227.13,1231.59,33440670,3,Thursday,,
2010-08-20,00:00:00,1231.61,1233.2,1221.93,1227.55,34310000,4,Friday,,
2010-08-23,00:00:00,1226.75,1231.33,1221.31,1225.51,31039990,0,Monday,-0.8,-0.06517
2010-08-24,00:00:00,1225.51,1235.0,1210.03,1230.0,34265840,1,Tuesday,,
2010-08-25,00:00:00,1230.02,1240.89,1227.93,1239.52,32881910,2,Wednesday,,
2010-08-26,00:00:00,1239.54,1243.91,1233.74,1237.03,36153540,3,Thursday,,
2010-08-27,00:00:00,1237.12,1241.8,1232.41,1237.57,35327470,4,Friday,,
2010-08-30,00:00:00,1237.47,1238.13,1233.15,1236.37,32107640,0,Monday,-0.1,-0.00808
2010-08-31,00:00:00,1236.36,1249.49,1231.44,1247.08,35216980,1,Tuesday,,
2010-09-01,00:00:00,1247.04,1254.3,1242.27,1243.71,34082600,2,Wednesday,,
2010-09-02,00:00:00,1243.8,1252.84,1242.75,1250.58,35720140,3,Thursday,,
2010-09-03,00:00:00,1250.54,1253.52,1238.22,1246.15,36442780,4,Friday,,
2010-09-06,00:00:00,1247.71,1250.6,1245.96,1249.45,32038130,0,Monday,1.56,0.12519
2010-09-07,00:00:00,1249.47,1258.59,1244.06,1255.12,36346460,1,Tuesday,,
2010-09-08,00:00:00,1255.11,1261.84,1253.49,1254.52,34465730,2,Wednesday,,
2010-09-09,00:00:00,1254.62,1258.51,1242.26,1243.3,38702350,3,Thursday,,
2010-09-10,00:00:00,1243.3,1250.15,1236.5,1245.76,37580830,4,Friday,,
2010-09-13,00:00:00,1243.17,1248.58,1240.75,1245.07,34868290,0,Monday,-2.59,-0.20791
2010-09-14,00:00:00,1245.05,1274.29,1243.87,1267.67,38333300,1,Tuesday,,
2010-09-15,00:00:00,1267.7,1271.56,1263.34,1267.55,37278790,2,Wednesday,,
2010-09-16,00:00:00,1267.55,1277.51,1264.22,1274.68,38826720,3,Thursday,,
2010-09-17,00:00:00,1274.78,1282.34,1271.67,1273.73,39715940,4,Friday,,
2010-09-20,00:00:00,1273.05,1283.16,1273.02,1278.03,36291460,0,Monday,-0.68,-0.05339
2010-09-21,00:00:00,1277.95,1290.0,1270.85,1286.56,38828670,1,Tuesday,,
2010-09-22,00:00:00,1286.48,1295.88,1285.32,1290.77,38386760,2,Wednesday,,
2010-09-23,00:00:00,1290.87,1295.73,1286.7,1291.9,40926630,3,Thursday,,
2010-09-24,00:00:00,1291.85,1299.45,1291.05,1295.95,40587780,4,Friday,,
2010-09-27,00:00:00,1295.6,1299.55,1293.66,1293.77,36712080,0,Monday,-0.35,-0.02701
2010-09-28,00:00:00,1293.79,1309.47,1283.51,1308.55,39872090,1,Tuesday,,
2010-09-29,00:00:00,1308.55,1312.9,1305.25,1309.29,38837740,2,Wednesday,,
2010-09-30,00:00:00,1309.36,1315.18,1296.17,1307.89,40355740,3,Thursday,,
2010-10-01,00:00:00,1307.96,1319.76,1305.52,1318.47,41233430,4,Friday,,
2010-10-04,00:00:00,1316.97,1319.74,1311.99,1314.74,39046960,0,Monday,-1.5,-0.11377
2010-10-05,00:00:00,1314.81,1341.27,1311.57,1340.24,40670720,1,Tuesday,,
2010-10-06,00:00:00,1340.33,1349.36,1338.11,1348.38,41199090,2,Wednesday,,
2010-10-07,00:00:00,1348.46,1364.45,1325.18,1332.92,41499650,3,Thursday,,
2010-10-08,00:00:00,1333.0,1349.41,1324.63,1345.06,43344570,4,Friday,,
2010-10-11,00:00:00,1344.55,1354.85,1340.14,1353.49,38545170,0,Monday,-0.51,-0.03792
2010-10-12,00:00:00,1353.46,1354.87,1339.91,1349.79,42177110,1,Tuesday,,
2010-10-13,00:00:00,1349.78,1373.56,1348.21,1371.74,40762540,2,Wednesday,,
2010-10-14,00:00:00,1371.78,1386.37,1369.95,1380.5,43014950,3,Thursday,,
2010-10-15,00:00:00,1380.47,1384.97,1362.49,1367.88,43592690,4,Friday,,
2010-10-18,00:00:00,1367.82,1374.56,1352.7,1367.94,40536730,0,Monday,-0.06,-0.00439
2010-10-19,00:00:00,1367.97,1370.44,1329.05,1331.39,42785690,1,Tuesday,,
2010-10-20,00:00:00,1331.41,1346.63,1329.82,1345.78,42595440,2,Wednesday,,
2010-10-21,00:00:00,1345.78,1348.64,1317.71,1325.05,43995850,3,Thursday,,
2010-10-22,00:00:00,1324.97,1328.16,1314.73,1327.9,45220580,4,Friday,,
2010-10-25,00:00:00,1326.92,1348.56,1326.3,1339.4,40231480,0,Monday,-0.98,-0.0738
2010-10-26,00:00:00,1339.41,1343.15,1327.77,1339.92,44051460,1,Tuesday,,
2010-10-27,00:00:00,1340.0,1343.17,1319.04,1324.84,42453680,2,Wednesday,,
2010-10-28,00:00:00,1324.85,1345.12,1322.55,1343.59,45209760,3,Thursday,,
2010-10-29,00:00:00,1343.68,1358.87,1335.1,1358.8,45786180,4,Friday,,
2010-10-31,00:00:00,1356.7,1357.62,1356.69,1356.98,268160,6,Sunday,,
2010-11-01,00:00:00,1356.99,1365.17,1348.73,1350.43,43244820,0,Monday,0.01,0.00074
2010-11-02,00:00:00,1350.47,1359.26,1350.08,1355.07,45330830,1,Tuesday,,
2010-11-03,00:00:00,1355.11,1363.8,1325.51,1346.7,46022140,2,Wednesday,,
2010-11-04,00:00:00,1346.74,1393.02,1346.15,1391.55,46757380,3,Thursday,,
2010-11-05,00:00:00,1391.8,1397.69,1374.34,1393.07,48288620,4,Friday,,
2010-11-08,00:00:00,1392.8,1409.9,1386.58,1409.01,43074420,0,Monday,-0.27,-0.01938
2010-11-09,00:00:00,1408.93,1423.9,1383.04,1392.42,46871650,1,Tuesday,,
2010-11-10,00:00:00,1392.52,1409.64,1383.77,1403.43,45592160,2,Wednesday,,
2010-11-11,00:00:00,1403.45,1417.56,1397.31,1408.04,48065970,3,Thursday,,
2010-11-12,00:00:00,1407.96,1409.54,1359.72,1368.07,44833880,4,Friday,,
2010-11-15,00:00:00,1368.35,1376.76,1355.69,1360.17,36978890,0,Monday,0.28,0.02047
2010-11-16,00:00:00,1360.21,1364.53,1329.54,1339.16,34887750,1,Tuesday,,
2010-11-17,00:00:00,1339.21,1344.78,1330.95,1335.69,28692550,2,Wednesday,,
2010-11-18,00:00:00,1335.72,1359.19,1334.74,1352.73,25738770,3,Thursday,,
2010-11-19,00:00:00,1352.65,1362.32,1341.57,1352.87,25812890,4,Friday,,
2010-11-22,00:00:00,1352.88,1367.39,1348.19,1366.28,26894360,0,Monday,0.01,0.00074
2010-11-23,00:00:00,1366.27,1382.4,1355.92,1375.79,29820160,1,Tuesday,,
2010-11-24,00:00:00,1375.82,1381.32,1369.2,1372.78,23388650,2,Wednesday,,
2010-11-25,00:00:00,1372.72,1374.92,1367.95,1374.25,11288050,3,Thursday,,
2010-11-26,00:00:00,1374.45,1374.54,1350.85,1361.94,21603940,4,Friday,,
2010-11-29,00:00:00,1363.09,1369.24,1353.12,1366.0,25997610,0,Monday,1.15,0.08444
2010-11-30,00:00:00,1365.96,1389.75,1362.79,1385.24,26195430,1,Tuesday,,
2010-12-01,00:00:00,1385.25,1396.89,1381.76,1387.59,30974470,2,Wednesday,,
2010-12-02,00:00:00,1387.56,1398.48,1382.97,1385.01,28065250,3,Thursday,,
2010-12-03,00:00:00,1385.06,1415.32,1383.46,1413.41,26397940,4,Friday,,
2010-12-06,00:00:00,1413.41,1427.29,1408.92,1423.51,23632530,0,Monday,0.0,0.0
2010-12-07,00:00:00,1423.57,1430.94,1397.49,1401.67,26622980,1,Tuesday,,
2010-12-08,00:00:00,1401.67,1403.88,1371.43,1381.47,26465240,2,Wednesday,,
2010-12-09,00:00:00,1381.49,1394.22,1379.04,1386.5,24083650,3,Thursday,,
2010-12-10,00:00:00,1386.29,1392.1,1371.95,1385.44,22533830,4,Friday,,
2010-12-13,00:00:00,1382.9,1399.25,1380.28,1393.8,19441650,0,Monday,-2.54,-0.18334
2010-12-14,00:00:00,1393.76,1407.93,1391.85,1395.69,14911040,1,Tuesday,,
2010-12-15,00:00:00,1395.69,1396.91,1378.71,1380.39,18863630,2,Wednesday,,
2010-12-16,00:00:00,1380.39,1386.31,1361.95,1369.28,20394960,3,Thursday,,
2010-12-17,00:00:00,1369.52,1378.72,1364.76,1374.88,24014440,4,Friday,,
2010-12-20,00:00:00,1374.75,1388.03,1373.73,1385.03,20058100,0,Monday,-0.13,-0.00946
2010-12-21,00:00:00,1385.04,1392.06,1380.79,1385.07,17568890,1,Tuesday,,
2010-12-22,00:00:00,1385.07,1390.93,1382.92,1385.05,15609270,2,Wednesday,,
2010-12-23,00:00:00,1385.05,1388.17,1372.17,1379.3,11933740,3,Thursday,,
2010-12-24,00:00:00,1379.33,1384.8,1377.07,1383.84,7361880,4,Friday,,
2010-12-27,00:00:00,1383.84,1386.23,1371.8,1383.19,11023800,0,Monday,0.0,0.0
2010-12-28,00:00:00,1383.14,1406.78,1381.95,1405.34,16651960,1,Tuesday,,
2010-12-29,00:00:00,1405.43,1414.02,1400.93,1411.04,16288390,2,Wednesday,,
2010-12-30,00:00:00,1411.04,1414.56,1402.32,1404.22,15095900,3,Thursday,,
2010-12-31,00:00:00,1404.27,1420.92,1401.9,1418.88,15850360,4,Friday,,
2011-01-03,00:00:00,1419.1,1423.77,1412.63,1414.18,18349050,0,Monday,0.22,0.01551
2011-01-04,00:00:00,1414.19,1417.19,1374.67,1380.07,23895050,1,Tuesday,,
2011-01-05,00:00:00,1380.05,1384.76,1363.82,1377.88,22320330,2,Wednesday,,
2011-01-06,00:00:00,1377.89,1379.79,1364.43,1371.06,23408770,3,Thursday,,
2011-01-07,00:00:00,1371.04,1378.75,1352.95,1368.8,25767690,4,Friday,,
2011-01-10,00:00:00,1369.0,1376.18,1365.64,1375.22,18619470,0,Monday,0.2,0.01461
2011-01-11,00:00:00,1375.24,1386.53,1372.97,1381.05,20008030,1,Tuesday,,
2011-01-12,00:00:00,1381.05,1388.77,1376.51,1387.22,23176060,2,Wednesday,,
2011-01-13,00:00:00,1387.25,1392.97,1369.45,1373.05,23558840,3,Thursday,,
2011-01-14,00:00:00,1373.09,1378.04,1354.94,1361.58,25288820,4,Friday,,
2011-01-17,00:00:00,1360.65,1365.74,1357.34,1362.23,15528650,0,Monday,-0.93,-0.0683
2011-01-18,00:00:00,1362.2,1376.18,1360.01,1368.0,22638190,1,Tuesday,,
2011-01-19,00:00:00,1367.97,1379.21,1365.96,1369.47,24397270,2,Wednesday,,
2011-01-20,00:00:00,1369.47,1371.26,1343.15,1345.63,23804080,3,Thursday,,
2011-01-21,00:00:00,1345.68,1350.28,1337.7,1342.28,26753410,4,Friday,,
2011-01-24,00:00:00,1342.03,1353.0,1332.99,1333.91,20734030,0,Monday,-0.25,-0.01863
2011-01-25,00:00:00,1333.93,1338.47,1322.84,1332.24,23892410,1,Tuesday,,
2011-01-26,00:00:00,1332.26,1346.69,1324.94,1345.87,20539040,2,Wednesday,,
2011-01-27,00:00:00,1345.98,1347.91,1310.18,1313.33,22409150,3,Thursday,,
2011-01-28,00:00:00,1313.45,1347.03,1308.23,1336.55,28755150,4,Friday,,
2011-01-31,00:00:00,1338.01,1345.76,1323.01,1332.35,26323250,0,Monday,1.46,0.10924
2011-02-01,00:00:00,1332.28,1342.93,1325.23,1341.12,20673380,1,Tuesday,,
2011-02-02,00:00:00,1341.13,1342.94,1326.54,1334.88,20790640,2,Wednesday,,
2011-02-03,00:00:00,1334.85,1355.79,1325.3,1354.26,20724980,3,Thursday,,
2011-02-04,00:00:00,1354.2,1358.03,1345.28,1348.47,22141270,4,Friday,,
2011-02-07,00:00:00,1348.23,1353.06,1343.08,1351.06,15043160,0,Monday,-0.24,-0.0178
2011-02-08,00:00:00,1350.87,1368.02,1348.61,1363.66,15015390,1,Tuesday,,
2011-02-09,00:00:00,1363.27,1366.9,1357.82,1363.33,13602400,2,Wednesday,,
2011-02-10,00:00:00,1363.12,1366.13,1351.69,1363.55,16237420,3,Thursday,,
2011-02-11,00:00:00,1363.55,1368.35,1353.92,1356.46,19938740,4,Friday,,
2011-02-14,00:00:00,1355.92,1366.7,1353.94,1361.58,18326260,0,Monday,-0.54,-0.03981
2011-02-15,00:00:00,1361.58,1376.62,1357.78,1373.48,18703420,1,Tuesday,,
2011-02-16,00:00:00,1373.51,1382.0,1368.35,1374.06,20991170,2,Wednesday,,
2011-02-17,00:00:00,1374.06,1384.93,1373.69,1383.8,16881450,3,Thursday,,
2011-02-18,00:00:00,1383.79,1392.0,1381.62,1389.87,21873080,4,Friday,,
2011-02-21,00:00:00,1388.48,1408.29,1388.26,1405.66,14687390,0,Monday,-1.39,-0.10001
2011-02-22,00:00:00,1405.63,1410.73,1392.77,1398.84,26585060,1,Tuesday,,
2011-02-23,00:00:00,1398.8,1416.62,1395.46,1411.29,21826120,2,Wednesday,,
2011-02-24,00:00:00,1411.3,1418.16,1395.19,1402.02,23328830,3,Thursday,,
2011-02-25,00:00:00,1402.07,1411.6,1399.71,1410.23,21084740,4,Friday,,
2011-02-28,00:00:00,1409.0,1416.4,1404.73,1410.94,22561670,0,Monday,-1.23,-0.08722
2011-03-01,00:00:00,1410.95,1434.9,1409.26,1433.43,21438700,1,Tuesday,,
2011-03-02,00:00:00,1433.41,1440.17,1427.71,1434.09,22325010,2,Wednesday,,
2011-03-03,00:00:00,1434.09,1436.3,1410.18,1415.41,22325700,3,Thursday,,
2011-03-04,00:00:00,1415.42,1432.15,1413.85,1430.72,18763990,4,Friday,,
2011-03-07,00:00:00,1431.2,1444.44,1427.63,1431.1,22910610,0,Monday,0.48,0.03355
2011-03-08,00:00:00,1431.33,1436.76,1423.15,1428.63,24413390,1,Tuesday,,
2011-03-09,00:00:00,1428.63,1436.19,1423.05,1430.18,24734280,2,Wednesday,,
2011-03-10,00:00:00,1429.87,1431.49,1402.75,1411.24,31016010,3,Thursday,,
2011-03-11,00:00:00,1411.28,1424.28,1404.49,1417.63,36246730,4,Friday,,
2011-03-13,00:00:00,1417.1,1418.37,1416.6,1417.43,765650,6,Sunday,,
2011-03-14,00:00:00,1417.45,1431.55,1417.45,1426.38,28490240,0,Monday,0.02,0.00141
2011-03-15,00:00:00,1426.36,1427.6,1382.6,1395.64,42498870,1,Tuesday,,
2011-03-16,00:00:00,1395.12,1406.02,1392.3,1399.13,34924690,2,Wednesday,,
2011-03-17,00:00:00,1399.09,1405.13,1386.66,1403.69,36438300,3,Thursday,,
2011-03-18,00:00:00,1403.77,1423.93,1402.02,1418.17,31990030,4,Friday,,
2011-03-20,00:00:00,1418.03,1419.54,1417.98,1419.02,196530,6,Sunday,,
2011-03-21,00:00:00,1418.84,1434.8,1418.84,1425.17,23570370,0,Monday,-0.18,-0.01268
2011-03-22,00:00:00,1425.08,1432.06,1419.46,1427.48,24280980,1,Tuesday,,
2011-03-23,00:00:00,1427.33,1440.98,1425.64,1436.05,22766450,2,Wednesday,,
2011-03-24,00:00:00,1435.89,1447.7,1423.82,1430.13,28006670,3,Thursday,,
2011-03-25,00:00:00,1429.7,1437.78,1422.45,1429.56,22967670,4,Friday,,
2011-03-28,00:00:00,1429.31,1429.42,1410.15,1420.29,17045350,0,Monday,-0.25,-0.01749
2011-03-29,00:00:00,1420.34,1423.25,1411.05,1418.28,15080400,1,Tuesday,,
2011-03-30,00:00:00,1418.26,1429.82,1411.85,1422.72,18151570,2,Wednesday,,
2011-03-31,00:00:00,1422.77,1439.48,1420.42,1431.97,19078130,3,Thursday,,
2011-04-01,00:00:00,1431.99,1436.02,1413.11,1428.53,22772710,4,Friday,,
2011-04-04,00:00:00,1428.14,1438.68,1427.13,1433.53,12895010,0,Monday,-0.39,-0.0273
2011-04-05,00:00:00,1433.53,1457.05,1429.83,1455.51,19770820,1,Tuesday,,
2011-04-06,00:00:00,1455.51,1462.19,1451.0,1459.54,22548420,2,Wednesday,,
2011-04-07,00:00:00,1459.52,1464.69,1452.56,1457.91,19312740,3,Thursday,,
2011-04-08,00:00:00,1457.88,1475.01,1456.32,1474.56,20528940,4,Friday,,
2011-04-11,00:00:00,1474.49,1476.26,1459.27,1462.97,20374300,0,Monday,-0.07,-0.00475
2011-04-12,00:00:00,1462.95,1467.04,1445.54,1452.8,23484630,1,Tuesday,,
2011-04-13,00:00:00,1452.72,1462.02,1451.07,1457.13,21841380,2,Wednesday,,
2011-04-14,00:00:00,1457.11,1474.69,1452.28,1473.95,23775000,3,Thursday,,
2011-04-15,00:00:00,1473.91,1487.92,1471.42,1486.57,23991840,4,Friday,,
2011-04-18,00:00:00,1485.58,1497.61,1477.32,1495.06,25281500,0,Monday,-0.99,-0.0666
2011-04-19,00:00:00,1495.04,1499.6,1487.52,1496.01,22726940,1,Tuesday,,
2011-04-20,00:00:00,1496.03,1505.82,1493.11,1501.99,25569800,2,Wednesday,,
2011-04-21,00:00:00,1501.96,1508.96,1500.55,1504.61,23195550,3,Thursday,,
2011-04-22,00:00:00,1504.57,1510.52,1501.23,1507.25,17630300,4,Friday,,
2011-04-25,00:00:00,1509.15,1518.11,1501.9,1506.69,24372270,0,Monday,1.9,0.12606
2011-04-26,00:00:00,1506.77,1507.9,1492.99,1506.06,23029780,1,Tuesday,,
2011-04-27,00:00:00,1506.08,1530.07,1503.02,1526.72,29699290,2,Wednesday,,
2011-04-28,00:00:00,1526.72,1538.35,1524.06,1535.49,26698440,3,Thursday,,
2011-04-29,00:00:00,1535.06,1569.33,1531.76,1562.82,26352230,4,Friday,,
2011-05-02,00:00:00,1563.35,1576.41,1540.2,1544.98,43672790,0,Monday,0.53,0.03391
2011-05-03,00:00:00,1545.01,1551.0,1526.98,1535.74,42201320,1,Tuesday,,
2011-05-04,00:00:00,1535.17,1543.22,1506.03,1516.05,39606950,2,Wednesday,,
2011-05-05,00:00:00,1515.97,1521.9,1462.39,1474.02,43419540,3,Thursday,,
2011-05-06,00:00:00,1473.86,1498.28,1470.91,1495.27,46795770,4,Friday,,
2011-05-09,00:00:00,1493.85,1513.85,1489.87,1513.39,30926530,0,Monday,-1.42,-0.09497
2011-05-10,00:00:00,1513.41,1519.33,1505.84,1515.96,29146680,1,Tuesday,,
2011-05-11,00:00:00,1515.93,1526.37,1495.55,1501.02,35169400,2,Wednesday,,
2011-05-12,00:00:00,1500.99,1507.86,1478.34,1505.56,41267640,3,Thursday,,
2011-05-13,00:00:00,1505.46,1516.47,1482.79,1494.92,42554100,4,Friday,,
2011-05-16,00:00:00,1493.07,1504.38,1487.18,1489.03,34663470,0,Monday,-1.85,-0.12375
2011-05-17,00:00:00,1488.89,1497.57,1471.72,1486.57,36758400,1,Tuesday,,
2011-05-18,00:00:00,1486.55,1499.82,1484.85,1497.02,32329980,2,Wednesday,,
2011-05-19,00:00:00,1497.0,1499.61,1486.22,1493.06,31480230,3,Thursday,,
2011-05-20,00:00:00,1493.07,1515.81,1486.95,1511.88,36882500,4,Friday,,
2011-05-23,00:00:00,1511.6,1517.65,1503.88,1516.81,34964300,0,Monday,-0.28,-0.01852
2011-05-24,00:00:00,1516.88,1527.57,1513.17,1526.45,29460390,1,Tuesday,,
2011-05-25,00:00:00,1526.52,1532.18,1521.15,1525.12,28563040,2,Wednesday,,
2011-05-26,00:00:00,1525.17,1530.88,1514.63,1518.9,32628450,3,Thursday,,
2011-05-27,00:00:00,1518.84,1538.29,1517.55,1536.12,24812330,4,Friday,,
2011-05-30,00:00:00,1534.65,1539.16,1533.78,1537.5,11074540,0,Monday,-1.47,-0.0957
2011-05-31,00:00:00,1537.5,1540.71,1532.2,1535.14,27861280,1,Tuesday,,
2011-06-01,00:00:00,1535.25,1550.39,1529.41,1539.11,32398730,2,Wednesday,,
2011-06-02,00:00:00,1539.63,1544.39,1519.72,1533.37,29726180,3,Thursday,,
2011-06-03,00:00:00,1533.35,1545.63,1524.0,1541.9,32630700,4,Friday,,
2011-06-06,00:00:00,1541.33,1553.46,1540.81,1544.42,24196050,0,Monday,-0.57,-0.03697
2011-06-07,00:00:00,1544.42,1550.13,1536.16,1543.97,25232120,1,Tuesday,,
2011-06-08,00:00:00,1543.96,1546.25,1530.81,1537.39,27856650,2,Wednesday,,
2011-06-09,00:00:00,1537.38,1549.46,1533.19,1543.87,24997980,3,Thursday,,
2011-06-10,00:00:00,1543.81,1545.25,1525.88,1531.27,26880200,4,Friday,,
2011-06-13,00:00:00,1530.6,1532.68,1511.22,1515.75,26702640,0,Monday,-0.67,-0.04375
2011-06-14,00:00:00,1515.8,1526.04,1512.02,1523.6,27461460,1,Tuesday,,
2011-06-15,00:00:00,1523.6,1533.97,1513.95,1530.67,32857770,2,Wednesday,,
2011-06-16,00:00:00,1530.67,1532.86,1522.0,1529.56,31322480,3,Thursday,,
2011-06-17,00:00:00,1529.53,1542.07,1522.49,1539.16,27767300,4,Friday,,
2011-06-20,00:00:00,1538.2,1546.23,1532.89,1540.42,22644360,0,Monday,-0.96,-0.06237
2011-06-21,00:00:00,1540.47,1548.03,1538.51,1546.08,22408200,1,Tuesday,,
2011-06-22,00:00:00,1546.11,1558.06,1541.26,1548.73,24682800,2,Wednesday,,
2011-06-23,00:00:00,1548.76,1548.8,1512.87,1521.09,33424310,3,Thursday,,
2011-06-24,00:00:00,1521.08,1525.57,1498.42,1502.37,34300210,4,Friday,,
2011-06-27,00:00:00,1499.37,1505.39,1490.96,1497.81,28348930,0,Monday,-3.0,-0.19968
2011-06-28,00:00:00,1497.72,1506.28,1495.64,1501.21,25577240,1,Tuesday,,
2011-06-29,00:00:00,1501.21,1513.09,1500.2,1512.04,24972670,2,Wednesday,,
2011-06-30,00:00:00,1512.12,1513.88,1498.54,1500.06,26182220,3,Thursday,,
2011-07-01,00:00:00,1499.98,1502.55,1478.04,1487.51,28151680,4,Friday,,
2011-07-04,00:00:00,1485.63,1496.53,1485.06,1495.3,11482700,0,Monday,-1.88,-0.12639
2011-07-05,00:00:00,1495.31,1516.44,1493.22,1515.77,22166500,1,Tuesday,,
2011-07-06,00:00:00,1515.72,1533.68,1510.17,1528.74,25733100,2,Wednesday,,
2011-07-07,00:00:00,1528.73,1534.47,1522.84,1532.08,26607720,3,Thursday,,
2011-07-08,00:00:00,1531.9,1545.45,1524.75,1543.9,25014500,4,Friday,,
2011-07-11,00:00:00,1543.35,1556.85,1541.57,1553.41,24689710,0,Monday,-0.55,-0.03562
2011-07-12,00:00:00,1553.28,1573.47,1540.69,1567.6,33726120,1,Tuesday,,
2011-07-13,00:00:00,1567.58,1587.83,1564.24,1582.12,32631550,2,Wednesday,,
2011-07-14,00:00:00,1582.13,1594.33,1578.82,1587.09,36786820,3,Thursday,,
2011-07-15,00:00:00,1586.96,1593.89,1576.06,1593.4,29414600,4,Friday,,
2011-07-18,00:00:00,1593.1,1607.31,1591.64,1604.65,26453550,0,Monday,-0.3,-0.01883
2011-07-19,00:00:00,1604.62,1609.93,1582.37,1588.22,31075740,1,Tuesday,,
2011-07-20,00:00:00,1588.2,1601.42,1581.22,1600.3,30907730,2,Wednesday,,
2011-07-21,00:00:00,1600.3,1604.47,1584.7,1590.47,34064180,3,Thursday,,
2011-07-22,00:00:00,1590.47,1607.32,1583.81,1601.17,28161560,4,Friday,,
2011-07-25,00:00:00,1599.69,1623.27,1598.29,1613.97,29230120,0,Monday,-1.48,-0.09243
2011-07-26,00:00:00,1613.92,1620.33,1608.03,1619.06,26736070,1,Tuesday,,
2011-07-27,00:00:00,1619.06,1628.44,1608.78,1613.44,27598480,2,Wednesday,,
2011-07-28,00:00:00,1613.42,1619.96,1602.9,1615.84,25981020,3,Thursday,,
2011-07-29,00:00:00,1615.83,1632.51,1610.58,1626.86,30438470,4,Friday,,
2011-08-01,00:00:00,1626.4,1631.85,1607.74,1619.33,32546640,0,Monday,-0.46,-0.02828
2011-08-02,00:00:00,1619.36,1659.07,1616.37,1659.05,31628200,1,Tuesday,,
2011-08-03,00:00:00,1659.07,1672.57,1651.91,1661.48,35421900,2,Wednesday,,
2011-08-04,00:00:00,1661.49,1682.07,1640.73,1646.45,49104480,3,Thursday,,
2011-08-05,00:00:00,1646.57,1670.19,1641.53,1663.52,49405180,4,Friday,,
2011-08-08,00:00:00,1662.05,1720.22,1659.1,1718.61,45126880,0,Monday,-1.47,-0.08837
2011-08-09,00:00:00,1718.65,1779.32,1715.06,1740.5,66177380,1,Tuesday,,
2011-08-10,00:00:00,1740.19,1797.23,1738.34,1792.74,58804670,2,Wednesday,,
2011-08-11,00:00:00,1792.73,1812.8,1732.29,1763.92,66198320,3,Thursday,,
2011-08-12,00:00:00,1763.91,1767.91,1723.07,1746.52,50562460,4,Friday,,
2011-08-15,00:00:00,1745.6,1765.98,1728.02,1765.34,36659430,0,Monday,-0.92,-0.05268
2011-08-16,00:00:00,1765.36,1787.07,1761.07,1785.26,38534740,1,Tuesday,,
2011-08-17,00:00:00,1785.3,1794.66,1779.3,1791.05,29912740,2,Wednesday,,
2011-08-18,00:00:00,1791.05,1828.67,1783.9,1823.57,39417000,3,Thursday,,
2011-08-19,00:00:00,1823.57,1877.37,1821.63,1851.64,55829420,4,Friday,,
2011-08-22,00:00:00,1851.41,1898.21,1851.16,1897.13,57259540,0,Monday,-0.23,-0.01242
2011-08-23,00:00:00,1897.24,1911.75,1822.9,1827.98,65342070,1,Tuesday,,
2011-08-24,00:00:00,1827.95,1853.91,1749.66,1758.64,65881880,2,Wednesday,,
2011-08-25,00:00:00,1758.66,1774.52,1703.14,1774.4,78309950,3,Thursday,,
2011-08-26,00:00:00,1774.41,1827.62,1757.1,1827.46,69898700,4,Friday,,
2011-08-29,00:00:00,1828.2,1834.17,1775.79,1787.97,54987000,0,Monday,0.74,0.04049
2011-08-30,00:00:00,1788.09,1839.72,1783.78,1835.15,50697020,1,Tuesday,,
2011-08-31,00:00:00,1835.13,1839.8,1812.2,1825.55,46269160,2,Wednesday,,
2011-09-01,00:00:00,1825.53,1830.53,1813.96,1825.89,37764550,3,Thursday,,
2011-09-02,00:00:00,1825.47,1884.47,1823.8,1882.56,37210930,4,Friday,,
2011-09-05,00:00:00,1883.56,1902.75,1874.33,1898.86,31550230,0,Monday,1.0,0.05312
2011-09-06,00:00:00,1898.34,1920.66,1863.0,1874.77,60742860,1,Tuesday,,
2011-09-07,00:00:00,1874.75,1880.39,1793.22,1817.27,58260560,2,Wednesday,,
2011-09-08,00:00:00,1817.32,1870.48,1813.56,1869.99,53426250,3,Thursday,,
2011-09-09,00:00:00,1870.01,1885.88,1824.62,1855.32,57131370,4,Friday,,
2011-09-12,00:00:00,1856.77,1861.28,1801.3,1814.87,57047000,0,Monday,1.45,0.07815
2011-09-13,00:00:00,1814.9,1843.77,1800.32,1833.53,55365850,1,Tuesday,,
2011-09-14,00:00:00,1833.55,1844.58,1808.75,1819.55,48605810,2,Wednesday,,
2011-09-15,00:00:00,1819.57,1826.31,1772.66,1788.41,50389100,3,Thursday,,
2011-09-16,00:00:00,1788.38,1821.17,1762.57,1811.52,47934690,4,Friday,,
2011-09-19,00:00:00,1810.8,1827.08,1770.43,1778.59,45031110,0,Monday,-0.72,-0.03975
2011-09-20,00:00:00,1778.62,1811.41,1769.82,1803.38,45218440,1,Tuesday,,
2011-09-21,00:00:00,1803.4,1816.52,1778.5,1781.9,48587880,2,Wednesday,,
2011-09-22,00:00:00,1781.92,1786.07,1721.02,1739.95,62700960,3,Thursday,,
2011-09-23,00:00:00,1739.9,1755.13,1628.91,1656.13,69740950,4,Friday,,
2011-09-26,00:00:00,1655.05,1663.52,1535.46,1626.35,80293340,0,Monday,-1.08,-0.06521
2011-09-27,00:00:00,1626.48,1677.15,1614.79,1650.51,65797080,1,Tuesday,,
2011-09-28,00:00:00,1650.58,1668.83,1598.52,1608.92,61961170,2,Wednesday,,
2011-09-29,00:00:00,1608.95,1634.66,1582.86,1614.48,63462680,3,Thursday,,
2011-09-30,00:00:00,1614.49,1640.36,1606.68,1623.53,52902670,4,Friday,,
2011-10-03,00:00:00,1623.0,1664.18,1621.52,1658.46,47421880,0,Monday,-0.53,-0.03264
2011-10-04,00:00:00,1658.47,1678.32,1595.76,1623.8,58531370,1,Tuesday,,
2011-10-05,00:00:00,1623.75,1646.55,1597.56,1640.77,54025280,2,Wednesday,,
2011-10-06,00:00:00,1640.78,1654.98,1631.62,1651.03,44555090,3,Thursday,,
2011-10-07,00:00:00,1650.74,1665.86,1625.94,1637.47,43024050,4,Friday,,
2011-10-10,00:00:00,1637.08,1677.54,1636.83,1676.42,32526080,0,Monday,-0.39,-0.02382
2011-10-11,00:00:00,1676.43,1684.57,1654.68,1662.11,42577010,1,Tuesday,,
2011-10-12,00:00:00,1662.09,1691.98,1660.45,1675.97,43730660,2,Wednesday,,
2011-10-13,00:00:00,1676.03,1684.4,1653.45,1667.83,42393560,3,Thursday,,
2011-10-14,00:00:00,1667.3,1683.69,1661.12,1680.45,35859260,4,Friday,,
2011-10-17,00:00:00,1679.19,1694.66,1665.58,1670.52,42022890,0,Monday,-1.26,-0.07498
2011-10-18,00:00:00,1670.5,1676.58,1626.85,1657.45,47540750,1,Tuesday,,
2011-10-19,00:00:00,1657.35,1665.14,1639.77,1640.15,43069080,2,Wednesday,,
2011-10-20,00:00:00,1640.19,1644.41,1603.72,1620.65,51487030,3,Thursday,,
2011-10-21,00:00:00,1620.66,1648.45,1611.37,1641.58,43322800,4,Friday,,
2011-10-24,00:00:00,1640.14,1661.67,1635.45,1653.28,38842780,0,Monday,-1.44,-0.08772
2011-10-25,00:00:00,1653.32,1708.93,1643.74,1704.93,43336000,1,Tuesday,,
2011-10-26,00:00:00,1704.95,1726.61,1694.98,1724.38,44039740,2,Wednesday,,
2011-10-27,00:00:00,1724.35,1749.88,1705.95,1744.13,48003880,3,Thursday,,
2011-10-28,00:00:00,1744.12,1752.39,1732.37,1742.91,41459900,4,Friday,,
2011-10-30,00:00:00,1739.17,1741.46,1739.05,1739.18,403400,6,Sunday,,
2011-10-31,00:00:00,1738.99,1744.84,1705.34,1713.98,44175450,0,Monday,-0.19,-0.01092
2011-11-01,00:00:00,1713.44,1724.15,1682.45,1719.02,50269260,1,Tuesday,,
2011-11-02,00:00:00,1718.53,1744.15,1714.29,1736.09,44735590,2,Wednesday,,
2011-11-03,00:00:00,1735.95,1767.2,1722.69,1762.38,45057840,3,Thursday,,
2011-11-04,00:00:00,1762.05,1763.71,1749.05,1753.9,38928640,4,Friday,,
2011-11-07,00:00:00,1753.58,1798.4,1751.97,1794.82,36750450,0,Monday,-0.32,-0.01825
2011-11-08,00:00:00,1794.52,1802.9,1777.05,1785.87,38262300,1,Tuesday,,
2011-11-09,00:00:00,1785.68,1799.5,1764.07,1769.63,48166110,2,Wednesday,,
2011-11-10,00:00:00,1769.36,1775.29,1736.8,1758.16,48187590,3,Thursday,,
2011-11-11,00:00:00,1758.17,1788.3,1746.4,1785.23,41937600,4,Friday,,
2011-11-14,00:00:00,1787.12,1795.82,1773.88,1780.15,37180320,0,Monday,1.89,0.10587
2011-11-15,00:00:00,1779.88,1785.62,1760.34,1780.61,43391400,1,Tuesday,,
2011-11-16,00:00:00,1780.68,1783.53,1753.59,1763.17,48491420,2,Wednesday,,
2011-11-17,00:00:00,1762.94,1766.95,1711.48,1721.1,48431020,3,Thursday,,
2011-11-18,00:00:00,1720.88,1737.48,1711.12,1723.35,42398870,4,Friday,,
2011-11-21,00:00:00,1723.29,1726.39,1666.58,1677.08,51128130,0,Monday,-0.06,-0.00348
2011-11-22,00:00:00,1676.88,1705.51,1671.9,1699.2,52206900,1,Tuesday,,
2011-11-23,00:00:00,1699.27,1710.11,1677.29,1691.97,50546860,2,Wednesday,,
2011-11-24,00:00:00,1691.64,1701.84,1687.45,1694.35,28108950,3,Thursday,,
2011-11-25,00:00:00,1694.42,1697.62,1671.87,1681.52,38016290,4,Friday,,
2011-11-28,00:00:00,1683.37,1720.24,1683.32,1712.21,41874880,0,Monday,1.85,0.11002
2011-11-29,00:00:00,1712.23,1720.13,1703.57,1715.21,42444240,1,Tuesday,,
2011-11-30,00:00:00,1714.98,1750.19,1700.95,1746.07,51484180,2,Wednesday,,
2011-12-01,00:00:00,1746.13,1754.11,1733.51,1744.57,44076260,3,Thursday,,
2011-12-02,00:00:00,1744.12,1760.71,1737.96,1746.26,42860500,4,Friday,,
2011-12-05,00:00:00,1744.83,1754.59,1717.71,1722.39,46018700,0,Monday,-1.43,-0.08189
2011-12-06,00:00:00,1721.88,1732.92,1702.05,1728.51,53698890,1,Tuesday,,
2011-12-07,00:00:00,1728.3,1742.65,1720.16,1741.66,46660480,2,Wednesday,,
2011-12-08,00:00:00,1741.39,1754.97,1704.55,1708.1,50407210,3,Thursday,,
2011-12-09,00:00:00,1708.13,1723.93,1703.44,1711.7,51910140,4,Friday,,
2011-12-12,00:00:00,1709.55,1714.68,1657.23,1666.23,54611770,0,Monday,-2.15,-0.12561
2011-12-13,00:00:00,1665.75,1677.54,1622.27,1630.96,64766380,1,Tuesday,,
2011-12-14,00:00:00,1630.97,1641.39,1563.79,1573.62,76564000,2,Wednesday,,
2011-12-15,00:00:00,1573.62,1593.85,1561.38,1570.08,68893090,3,Thursday,,
2011-12-16,00:00:00,1570.04,1601.08,1568.6,1598.41,60735610,4,Friday,,
2011-12-19,00:00:00,1597.93,1608.05,1583.29,1594.26,32091120,0,Monday,-0.48,-0.03003
2011-12-20,00:00:00,1594.3,1618.45,1589.27,1615.15,27610280,1,Tuesday,,
2011-12-21,00:00:00,1615.01,1641.71,1605.86,1614.79,26242400,2,Wednesday,,
2011-12-22,00:00:00,1614.76,1616.85,1598.5,1605.74,25191400,3,Thursday,,
2011-12-23,00:00:00,1605.72,1613.73,1602.81,1606.58,16664300,4,Friday,,
2011-12-26,00:00:00,1606.0,1606.04,1600.77,1603.92,479700,0,Monday,-0.58,-0.0361
2011-12-27,00:00:00,1603.9,1605.23,1589.49,1592.72,17765160,1,Tuesday,,
2011-12-28,00:00:00,1592.28,1592.94,1549.55,1556.52,27169000,2,Wednesday,,
2011-12-29,00:00:00,1556.62,1561.1,1522.65,1545.38,27069780,3,Thursday,,
2011-12-30,00:00:00,1545.28,1581.33,1544.28,1565.21,20115800,4,Friday,,
2012-01-02,00:00:00,1565.06,1565.15,1564.1,1564.5,19042000,0,Monday,-0.15,-0.00958
2012-01-03,00:00:00,1564.5,1607.33,1564.5,1603.7,49000960,1,Tuesday,,
2012-01-04,00:00:00,1603.65,1618.45,1592.63,1611.79,120451300,2,Wednesday,,
2012-01-05,00:00:00,1611.6,1625.7,1596.75,1622.46,147399300,3,Thursday,,
2012-01-06,00:00:00,1622.25,1630.87,1608.64,1616.69,143745600,4,Friday,,
2012-01-09,00:00:00,1616.06,1623.68,1604.92,1610.85,32762900,0,Monday,-0.63,-0.03897
2012-01-10,00:00:00,1610.21,1640.3,1605.8,1632.05,151883400,1,Tuesday,,
2012-01-11,00:00:00,1631.56,1647.12,1629.4,1641.45,174449100,2,Wednesday,,
2012-01-12,00:00:00,1641.11,1662.0,1640.0,1649.63,194311500,3,Thursday,,
2012-01-13,00:00:00,1649.77,1650.25,1625.26,1638.74,148892500,4,Friday,,
2012-01-16,00:00:00,1638.21,1647.05,1631.45,1643.4,5117145300,0,Monday,-0.53,-0.03234
2012-01-17,00:00:00,1643.1,1667.68,1641.0,1651.95,60535700,1,Tuesday,,
2012-01-18,00:00:00,1651.95,1662.39,1642.55,1659.5,164183200,2,Wednesday,,
2012-01-19,00:00:00,1659.56,1670.05,1649.13,1658.36,208254400,3,Thursday,,
2012-01-20,00:00:00,1658.35,1666.95,1644.94,1666.14,188217600,4,Friday,,
2012-01-23,00:00:00,1665.83,1681.42,1662.56,1676.29,83000340,0,Monday,-0.31,-0.01861
2012-01-24,00:00:00,1676.37,1679.55,1661.48,1664.92,135232720,1,Tuesday,,
2012-01-25,00:00:00,1664.85,1713.05,1649.03,1710.47,118438600,2,Wednesday,,
2012-01-26,00:00:00,1710.21,1730.36,1702.86,1720.28,83592300,3,Thursday,,
2012-01-27,00:00:00,1720.27,1739.38,1714.26,1738.65,235634600,4,Friday,,
2012-01-30,00:00:00,1737.65,1739.79,1716.12,1729.46,34318460,0,Monday,-1.0,-0.05752
2012-01-31,00:00:00,1729.49,1747.65,1726.18,1737.28,193330660,1,Tuesday,,
2012-02-01,00:00:00,1737.1,1751.15,1732.58,1743.45,177355760,2,Wednesday,,
2012-02-02,00:00:00,1744.4,1761.05,1740.99,1759.16,155480560,3,Thursday,,
2012-02-03,00:00:00,1758.51,1763.19,1723.68,1725.84,184071200,4,Friday,,
2012-02-06,00:00:00,1724.75,1738.05,1711.68,1720.05,31564520,0,Monday,-1.09,-0.06316
2012-02-07,00:00:00,1720.05,1749.85,1710.1,1745.0,145173760,1,Tuesday,,
2012-02-08,00:00:00,1744.61,1752.06,1723.98,1732.86,141847900,2,Wednesday,,
2012-02-09,00:00:00,1732.6,1752.6,1725.85,1728.92,143103100,3,Thursday,,
2012-02-10,00:00:00,1728.61,1734.58,1704.66,1721.47,405916720,4,Friday,,
2012-02-13,00:00:00,1721.04,1733.3,1716.07,1722.01,41429540,0,Monday,-0.43,-0.02498
2012-02-14,00:00:00,1721.71,1727.68,1712.0,1720.05,583070920,1,Tuesday,,
2012-02-15,00:00:00,1719.89,1737.34,1717.9,1727.91,381490060,2,Wednesday,,
2012-02-16,00:00:00,1727.71,1729.85,1705.28,1727.9,318638000,3,Thursday,,
2012-02-17,00:00:00,1727.93,1735.45,1717.1,1723.06,362075460,4,Friday,,
2012-02-20,00:00:00,1722.12,1737.14,1721.89,1733.5,325646600,0,Monday,-0.94,-0.05455
2012-02-21,00:00:00,1734.0,1760.15,1730.77,1758.91,109739060,1,Tuesday,,
2012-02-22,00:00:00,1758.6,1781.65,1749.25,1776.05,393742180,2,Wednesday,,
2012-02-23,00:00:00,1775.81,1787.35,1772.23,1780.46,432166360,3,Thursday,,
2012-02-24,00:00:00,1780.34,1782.8,1770.4,1771.99,318257840,4,Friday,,
2012-02-27,00:00:00,1772.02,1779.36,1761.38,1767.29,27740080,0,Monday,0.03,0.00169
2012-02-28,00:00:00,1767.24,1790.31,1765.85,1783.89,450367000,1,Tuesday,,
2012-02-29,00:00:00,1783.6,1790.61,1685.96,1696.48,451358320,2,Wednesday,,
2012-03-01,00:00:00,1696.48,1725.78,1693.5,1717.7,1102783560,3,Thursday,,
2012-03-02,00:00:00,1717.57,1724.09,1705.35,1712.2,781705100,4,Friday,,
2012-03-05,00:00:00,1710.5,1716.71,1693.59,1706.01,34032500,0,Monday,-1.7,-0.09929
2012-03-06,00:00:00,1706.03,1708.91,1662.86,1674.24,327016600,1,Tuesday,,
2012-03-07,00:00:00,1673.86,1688.09,1671.15,1684.55,344235980,2,Wednesday,,
2012-03-08,00:00:00,1684.7,1703.9,1682.24,1699.8,527570780,3,Thursday,,
2012-03-09,00:00:00,1699.32,1714.75,1676.65,1713.71,213521740,4,Friday,,
2012-03-11,00:00:00,1713.25,1713.55,1713.22,1713.55,194400,6,Sunday,,
2012-03-12,00:00:00,1713.58,1716.5,1692.35,1700.0,450060280,0,Monday,0.03,0.00175
2012-03-13,00:00:00,1699.86,1705.64,1661.9,1674.0,822776640,1,Tuesday,,
2012-03-14,00:00:00,1674.36,1682.25,1634.46,1642.7,688101900,2,Wednesday,,
2012-03-15,00:00:00,1642.51,1666.55,1636.02,1656.9,756749060,3,Thursday,,
2012-03-16,00:00:00,1656.71,1664.71,1639.56,1659.31,85611480,4,Friday,,
2012-03-18,00:00:00,1658.93,1659.25,1658.32,1658.9,123300,6,Sunday,,
2012-03-19,00:00:00,1658.63,1669.85,1652.25,1664.4,405310000,0,Monday,-0.27,-0.01628
2012-03-20,00:00:00,1664.11,1664.56,1641.55,1651.1,405063500,1,Tuesday,,
2012-03-21,00:00:00,1650.31,1661.85,1646.56,1649.5,521227780,2,Wednesday,,
2012-03-22,00:00:00,1650.01,1656.27,1628.05,1644.2,815174840,3,Thursday,,
2012-03-23,00:00:00,1644.16,1666.47,1642.08,1661.26,36556580,4,Friday,,
2012-03-26,00:00:00,1660.46,1693.55,1655.44,1689.72,35586780,0,Monday,-0.8,-0.04816
2012-03-27,00:00:00,1689.72,1697.0,1679.52,1680.26,368045000,1,Tuesday,,
2012-03-28,00:00:00,1680.26,1684.37,1654.34,1662.99,481583780,2,Wednesday,,
2012-03-29,00:00:00,1662.95,1664.95,1645.1,1661.17,759701100,3,Thursday,,
2012-03-30,00:00:00,1661.17,1670.92,1659.89,1667.89,356515500,4,Friday,,
2012-04-02,00:00:00,1667.42,1683.45,1662.83,1677.31,33758140,0,Monday,-0.47,-0.02818
2012-04-03,00:00:00,1677.31,1680.91,1638.76,1645.39,532662700,1,Tuesday,,
2012-04-04,00:00:00,1645.39,1647.89,1612.34,1620.21,5685117520,2,Wednesday,,
2012-04-05,00:00:00,1620.21,1633.42,1617.6,1630.61,555831020,3,Thursday,,
2012-04-06,00:00:00,1630.7,1641.95,1627.42,1638.4,482417680,4,Friday,,
2012-04-09,00:00:00,1630.02,1648.7,1629.48,1639.81,29251620,0,Monday,-8.38,-0.51147
2012-04-10,00:00:00,1639.8,1662.95,1631.8,1659.36,219026920,1,Tuesday,,
2012-04-11,00:00:00,1659.3,1662.52,1652.85,1658.49,346343560,2,Wednesday,,
2012-04-12,00:00:00,1658.82,1680.01,1650.45,1675.36,198111220,3,Thursday,,
2012-04-13,00:00:00,1675.34,1677.86,1649.25,1657.52,365503560,4,Friday,,
2012-04-16,00:00:00,1657.32,1657.75,1641.15,1651.58,1192139880,0,Monday,-0.2,-0.01207
2012-04-17,00:00:00,1651.61,1657.35,1634.55,1648.96,401766420,1,Tuesday,,
2012-04-18,00:00:00,1649.35,1654.31,1637.86,1642.04,265844020,2,Wednesday,,
2012-04-19,00:00:00,1642.03,1653.75,1631.0,1642.5,303439740,3,Thursday,,
2012-04-20,00:00:00,1642.51,1646.85,1638.51,1642.46,361182560,4,Friday,,
2012-04-23,00:00:00,1642.02,1643.21,1623.21,1638.39,35756000,0,Monday,-0.44,-0.02679
2012-04-24,00:00:00,1638.5,1649.18,1633.96,1641.67,327465820,1,Tuesday,,
2012-04-25,00:00:00,1641.67,1646.57,1624.86,1643.27,338443240,2,Wednesday,,
2012-04-26,00:00:00,1643.26,1660.95,1641.85,1656.91,418474820,3,Thursday,,
2012-04-27,00:00:00,1656.91,1667.35,1650.49,1662.44,319413500,4,Friday,,
2012-04-30,00:00:00,1661.62,1666.15,1643.46,1664.46,54198320,0,Monday,-0.82,-0.04933
2012-05-01,00:00:00,1664.46,1671.5,1656.89,1662.02,455022520,1,Tuesday,,
2012-05-02,00:00:00,1662.01,1663.3,1645.92,1653.08,260598380,2,Wednesday,,
2012-05-03,00:00:00,1653.09,1654.1,1631.15,1635.61,2165829640,3,Thursday,,
2012-05-04,00:00:00,1635.5,1646.96,1626.63,1641.81,3057334300,4,Friday,,
2012-05-07,00:00:00,1643.02,1643.02,1632.02,1638.12,29206300,0,Monday,1.21,0.0737
2012-05-08,00:00:00,1638.12,1638.93,1595.35,1605.06,283424720,1,Tuesday,,
2012-05-09,00:00:00,1605.06,1606.53,1579.41,1589.21,395639920,2,Wednesday,,
2012-05-10,00:00:00,1589.21,1601.97,1585.63,1593.8,680825920,3,Thursday,,
2012-05-11,00:00:00,1593.79,1594.95,1573.6,1578.66,225328140,4,Friday,,
2012-05-14,00:00:00,1578.72,1585.65,1555.82,1556.13,35549700,0,Monday,0.06,0.0038
2012-05-15,00:00:00,1556.15,1564.09,1541.46,1543.6,444415620,1,Tuesday,,
2012-05-16,00:00:00,1543.61,1552.24,1526.92,1539.09,374493500,2,Wednesday,,
2012-05-17,00:00:00,1539.13,1579.8,1538.37,1573.81,425319000,3,Thursday,,
2012-05-18,00:00:00,1573.8,1597.61,1567.93,1592.52,454951440,4,Friday,,
2012-05-21,00:00:00,1592.74,1599.14,1584.81,1592.92,36050900,0,Monday,0.22,0.01381
2012-05-22,00:00:00,1592.89,1594.35,1561.38,1567.97,275619140,1,Tuesday,,
2012-05-23,00:00:00,1567.97,1568.61,1533.29,1560.97,826336080,2,Wednesday,,
2012-05-24,00:00:00,1560.97,1577.91,1551.56,1559.05,394059600,3,Thursday,,
2012-05-25,00:00:00,1558.93,1574.13,1551.33,1572.08,338508820,4,Friday,,
2012-05-28,00:00:00,1572.02,1583.94,1570.6,1573.2,1286454160,0,Monday,-0.06,-0.00382
2012-05-29,00:00:00,1573.0,1582.65,1547.83,1554.71,114935600,1,Tuesday,,
2012-05-30,00:00:00,1554.65,1569.45,1531.02,1562.66,357825040,2,Wednesday,,
2012-05-31,00:00:00,1562.64,1573.33,1552.0,1560.42,255789900,3,Thursday,,
2012-06-01,00:00:00,1560.41,1629.72,1544.97,1623.91,254410780,4,Friday,,
2012-06-04,00:00:00,1623.35,1628.08,1608.65,1618.59,8655196560,0,Monday,-0.56,-0.03448
2012-06-05,00:00:00,1618.59,1623.57,1611.76,1616.78,168042440,1,Tuesday,,
2012-06-06,00:00:00,1616.8,1640.94,1613.11,1619.05,244846880,2,Wednesday,,
2012-06-07,00:00:00,1619.05,1629.11,1578.02,1589.21,715590820,3,Thursday,,
2012-06-08,00:00:00,1589.21,1595.05,1564.21,1592.82,466975320,4,Friday,,
2012-06-11,00:00:00,1593.07,1608.12,1581.73,1596.22,45503100,0,Monday,0.25,0.0157
2012-06-12,00:00:00,1596.16,1617.58,1585.86,1609.53,870375050,1,Tuesday,,
2012-06-13,00:00:00,1609.52,1624.73,1606.03,1616.53,4065635190,2,Wednesday,,
2012-06-14,00:00:00,1616.53,1627.85,1609.31,1623.06,327767400,3,Thursday,,
2012-06-15,00:00:00,1623.27,1632.47,1619.87,1626.69,443004820,4,Friday,,
2012-06-18,00:00:00,1626.68,1630.05,1607.77,1627.79,37451720,0,Monday,-0.01,-0.00061
2012-06-19,00:00:00,1627.8,1633.17,1617.38,1618.03,532440160,1,Tuesday,,
2012-06-20,00:00:00,1618.03,1622.51,1590.13,1606.99,370481380,2,Wednesday,,
2012-06-21,00:00:00,1607.0,1607.29,1564.37,1565.76,355885500,3,Thursday,,
2012-06-22,00:00:00,1565.9,1573.35,1558.46,1571.79,467565880,4,Friday,,
2012-06-25,00:00:00,1571.92,1588.29,1566.28,1583.99,62404740,0,Monday,0.13,0.00827
2012-06-26,00:00:00,1583.98,1587.35,1567.77,1572.48,703330520,1,Tuesday,,
2012-06-27,00:00:00,1572.48,1583.04,1562.66,1574.05,403560660,2,Wednesday,,
2012-06-28,00:00:00,1573.65,1578.95,1548.0,1551.91,528695820,3,Thursday,,
2012-06-29,00:00:00,1552.58,1606.93,1550.7,1597.07,565391680,4,Friday,,
2012-07-02,00:00:00,1597.37,1602.44,1587.18,1596.77,37335800,0,Monday,0.3,0.01878
2012-07-03,00:00:00,1596.5,1624.84,1594.85,1616.97,349850620,1,Tuesday,,
2012-07-04,00:00:00,1616.97,1620.25,1611.45,1615.3,914746600,2,Wednesday,,
2012-07-05,00:00:00,1614.75,1623.73,1597.45,1604.17,170942480,3,Thursday,,
2012-07-06,00:00:00,1604.16,1609.21,1576.44,1583.12,573846420,4,Friday,,
2012-07-09,00:00:00,1582.39,1592.85,1576.7,1587.22,32421280,0,Monday,-0.73,-0.04611
2012-07-10,00:00:00,1587.21,1601.18,1564.48,1566.8,1073830480,1,Tuesday,,
2012-07-11,00:00:00,1566.82,1583.15,1565.2,1575.64,567000600,2,Wednesday,,
2012-07-12,00:00:00,1576.15,1577.88,1554.94,1571.63,494909860,3,Thursday,,
2012-07-13,00:00:00,1571.64,1596.75,1565.93,1588.91,581654380,4,Friday,,
2012-07-16,00:00:00,1587.82,1594.85,1577.81,1589.18,32179400,0,Monday,-1.09,-0.0686
2012-07-17,00:00:00,1589.24,1599.0,1571.55,1582.96,586584820,1,Tuesday,,
2012-07-18,00:00:00,1582.82,1585.96,1567.73,1573.04,747515220,2,Wednesday,,
2012-07-19,00:00:00,1573.04,1591.52,1572.0,1580.87,411631940,3,Thursday,,
2012-07-20,00:00:00,1580.87,1586.98,1573.65,1583.95,501285680,4,Friday,,
2012-07-23,00:00:00,1582.62,1583.45,1563.18,1576.55,1152525280,0,Monday,-1.33,-0.08397
2012-07-24,00:00:00,1576.55,1584.36,1568.59,1580.77,495906740,1,Tuesday,,
2012-07-25,00:00:00,1580.77,1610.41,1578.5,1604.04,1040151500,2,Wednesday,,
2012-07-26,00:00:00,1604.07,1621.75,1601.24,1615.42,11625475870,3,Thursday,,
2012-07-27,00:00:00,1615.41,1629.48,1611.75,1622.76,475051900,4,Friday,,
2012-07-30,00:00:00,1622.6,1626.11,1614.29,1621.71,40182800,0,Monday,-0.16,-0.00986
2012-07-31,00:00:00,1621.73,1627.98,1610.85,1614.2,393172960,1,Tuesday,,
2012-08-01,00:00:00,1614.22,1618.6,1591.92,1599.25,445104300,2,Wednesday,,
2012-08-02,00:00:00,1599.49,1615.15,1584.55,1587.21,4617621500,3,Thursday,,
2012-08-03,00:00:00,1587.64,1606.68,1586.36,1602.61,711040500,4,Friday,,
2012-08-06,00:00:00,1602.65,1615.45,1601.21,1610.4,31313720,0,Monday,0.04,0.0025
2012-08-07,00:00:00,1610.46,1618.45,1608.24,1611.98,547014700,1,Tuesday,,
2012-08-08,00:00:00,1611.97,1616.78,1603.34,1612.21,499462180,2,Wednesday,,
2012-08-09,00:00:00,1612.2,1618.35,1609.57,1616.66,461185920,3,Thursday,,
2012-08-10,00:00:00,1616.66,1626.25,1606.41,1619.41,327887780,4,Friday,,
2012-08-13,00:00:00,1618.79,1625.57,1607.43,1609.52,48339940,0,Monday,-0.62,-0.03829
2012-08-14,00:00:00,1609.6,1616.26,1590.32,1598.55,727342740,1,Tuesday,,
2012-08-15,00:00:00,1598.66,1606.46,1589.92,1602.6,560644260,2,Wednesday,,
2012-08-16,00:00:00,1602.7,1618.55,1600.81,1614.8,586898920,3,Thursday,,
2012-08-17,00:00:00,1614.82,1619.66,1611.75,1615.21,585205520,4,Friday,,
2012-08-20,00:00:00,1614.82,1622.55,1609.76,1620.08,28496920,0,Monday,-0.39,-0.02415
2012-08-21,00:00:00,1620.08,1641.37,1618.55,1637.36,13087797420,1,Tuesday,,
2012-08-22,00:00:00,1637.57,1655.95,1634.46,1653.87,627452500,2,Wednesday,,
2012-08-23,00:00:00,1653.87,1674.85,1646.87,1670.36,650962520,3,Thursday,,
2012-08-24,00:00:00,1670.37,1673.86,1662.49,1670.16,458900460,4,Friday,,
2012-08-27,00:00:00,1670.03,1676.77,1663.15,1663.56,155151220,0,Monday,-0.13,-0.00778
2012-08-28,00:00:00,1663.56,1672.3,1656.83,1666.44,628854360,1,Tuesday,,
2012-08-29,00:00:00,1666.44,1669.87,1652.25,1656.09,621862840,2,Wednesday,,
2012-08-30,00:00:00,1656.12,1664.1,1650.78,1655.18,531095700,3,Thursday,,
2012-08-31,00:00:00,1655.0,1692.95,1646.87,1690.73,472002500,4,Friday,,
2012-09-03,00:00:00,1691.42,1695.23,1685.39,1691.9,473445200,0,Monday,0.69,0.04081
2012-09-04,00:00:00,1691.9,1698.9,1687.96,1695.51,236155580,1,Tuesday,,
2012-09-05,00:00:00,1695.57,1696.2,1687.27,1692.61,661140920,2,Wednesday,,
2012-09-06,00:00:00,1692.61,1713.67,1691.51,1699.98,454379940,3,Thursday,,
2012-09-07,00:00:00,1699.98,1741.25,1689.05,1735.16,838480620,4,Friday,,
2012-09-10,00:00:00,1735.02,1740.01,1724.75,1725.8,38430560,0,Monday,-0.14,-0.00807
2012-09-11,00:00:00,1725.77,1737.95,1724.3,1731.74,520671560,1,Tuesday,,
2012-09-12,00:00:00,1731.74,1747.09,1725.16,1730.16,627583960,2,Wednesday,,
2012-09-13,00:00:00,1730.33,1772.65,1716.71,1766.56,897404060,3,Thursday,,
2012-09-14,00:00:00,1766.6,1777.75,1765.68,1769.91,1108499180,4,Friday,,
2012-09-17,00:00:00,1769.87,1776.55,1754.02,1760.82,36411280,0,Monday,-0.04,-0.00226
2012-09-18,00:00:00,1760.82,1773.32,1751.78,1771.65,801605920,1,Tuesday,,
2012-09-19,00:00:00,1771.75,1779.35,1761.8,1770.11,910667400,2,Wednesday,,
2012-09-20,00:00:00,1770.13,1772.25,1755.5,1768.26,1008329700,3,Thursday,,
2012-09-21,00:00:00,1768.3,1787.36,1765.09,1772.42,665716700,4,Friday,,
2012-09-24,00:00:00,1772.5,1772.75,1755.52,1763.91,41124440,0,Monday,0.08,0.00451
2012-09-25,00:00:00,1763.91,1774.99,1758.75,1760.37,485478700,1,Tuesday,,
2012-09-26,00:00:00,1760.39,1765.55,1736.31,1752.2,560119440,2,Wednesday,,
2012-09-27,00:00:00,1752.48,1780.24,1750.4,1777.01,499544300,3,Thursday,,
2012-09-28,00:00:00,1777.02,1783.16,1767.38,1772.22,704788140,4,Friday,,
2012-10-01,00:00:00,1771.72,1791.61,1763.36,1775.08,42505200,0,Monday,-0.5,-0.02821
2012-10-02,00:00:00,1775.16,1784.26,1769.99,1774.23,1006299960,1,Tuesday,,
2012-10-03,00:00:00,1774.24,1781.75,1770.88,1777.53,588776380,2,Wednesday,,
2012-10-04,00:00:00,1777.51,1795.15,1777.29,1790.07,719449660,3,Thursday,,
2012-10-05,00:00:00,1790.16,1795.85,1772.7,1779.75,569221200,4,Friday,,
2012-10-08,00:00:00,1780.11,1780.45,1766.48,1774.67,32097620,0,Monday,0.36,0.02023
2012-10-09,00:00:00,1774.7,1779.71,1760.36,1764.04,604021000,1,Tuesday,,
2012-10-10,00:00:00,1764.06,1768.17,1756.91,1762.07,416234800,2,Wednesday,,
2012-10-11,00:00:00,1762.03,1774.83,1758.44,1766.88,601796540,3,Thursday,,
2012-10-12,00:00:00,1767.05,1773.16,1752.12,1752.94,817931980,4,Friday,,
2012-10-15,00:00:00,1752.8,1753.5,1728.53,1737.11,30102260,0,Monday,-0.14,-0.00799
2012-10-16,00:00:00,1737.11,1748.1,1734.67,1747.16,730412200,1,Tuesday,,
2012-10-17,00:00:00,1747.17,1753.45,1742.72,1749.79,754584900,2,Wednesday,,
2012-10-18,00:00:00,1749.79,1752.16,1738.04,1741.16,2481307360,3,Thursday,,
2012-10-19,00:00:00,1741.16,1743.21,1716.93,1720.5,667329680,4,Friday,,
2012-10-22,00:00:00,1720.85,1729.38,1713.56,1728.12,61345240,0,Monday,0.35,0.02034
2012-10-23,00:00:00,1728.11,1730.05,1703.81,1707.51,715617420,1,Tuesday,,
2012-10-24,00:00:00,1707.51,1714.35,1698.44,1701.57,752537740,2,Wednesday,,
2012-10-25,00:00:00,1701.57,1717.95,1700.9,1711.73,695669760,3,Thursday,,
2012-10-26,00:00:00,1711.74,1718.35,1700.65,1710.35,1002589120,4,Friday,,
2012-10-28,00:00:00,1710.07,1710.85,1710.04,1710.48,208000,6,Sunday,,
2012-10-29,00:00:00,1710.38,1717.25,1705.92,1709.2,489380200,0,Monday,-0.1,-0.00585
2012-10-30,00:00:00,1709.55,1715.16,1704.71,1708.8,736038560,1,Tuesday,,
2012-10-31,00:00:00,1709.34,1725.91,1709.26,1719.5,690725780,2,Wednesday,,
2012-11-01,00:00:00,1719.42,1726.92,1713.55,1713.8,690233440,3,Thursday,,
2012-11-02,00:00:00,1715.03,1716.69,1674.62,1677.06,34448760,4,Friday,,
2012-11-05,00:00:00,1676.88,1686.25,1672.51,1684.74,2486515580,0,Monday,-0.18,-0.01073
2012-11-06,00:00:00,1684.75,1720.85,1683.55,1715.76,2101063620,1,Tuesday,,
2012-11-07,00:00:00,1715.76,1731.87,1703.05,1717.38,743216040,2,Wednesday,,
2012-11-08,00:00:00,1717.38,1735.05,1712.65,1731.2,734076840,3,Thursday,,
2012-11-09,00:00:00,1731.16,1738.75,1727.01,1730.93,863567480,4,Friday,,
2012-11-12,00:00:00,1730.35,1737.95,1725.69,1728.01,95707120,0,Monday,-0.58,-0.03351
2012-11-13,00:00:00,1727.99,1733.05,1717.83,1724.71,405575440,1,Tuesday,,
2012-11-14,00:00:00,1724.73,1733.93,1720.64,1726.5,501261180,2,Wednesday,,
2012-11-15,00:00:00,1726.1,1727.77,1704.79,1715.51,620995420,3,Thursday,,
2012-11-16,00:00:00,1715.51,1717.15,1705.72,1713.52,884113260,4,Friday,,
2012-11-19,00:00:00,1712.93,1735.51,1712.89,1731.38,35342920,0,Monday,-0.59,-0.03443
2012-11-20,00:00:00,1731.37,1735.55,1722.0,1726.74,859855180,1,Tuesday,,
2012-11-21,00:00:00,1726.74,1731.95,1719.65,1728.37,742597180,2,Wednesday,,
2012-11-22,00:00:00,1728.39,1732.55,1727.2,1729.8,1072093400,3,Thursday,,
2012-11-23,00:00:00,1729.8,1754.04,1727.99,1749.27,70089200,4,Friday,,
2012-11-26,00:00:00,1751.8,1752.15,1745.95,1748.36,428134740,0,Monday,2.53,0.14463
2012-11-27,00:00:00,1748.4,1751.75,1740.45,1741.94,588419060,1,Tuesday,,
2012-11-28,00:00:00,1741.93,1743.05,1705.8,1719.53,635447540,2,Wednesday,,
2012-11-29,00:00:00,1719.3,1728.37,1718.0,1725.75,1695733840,3,Thursday,,
2012-11-30,00:00:00,1725.81,1731.6,1708.4,1714.61,595872460,4,Friday,,
2012-12-03,00:00:00,1714.05,1722.61,1712.38,1715.81,8658293840,0,Monday,-0.56,-0.03266
2012-12-04,00:00:00,1715.81,1717.24,1691.25,1697.23,717320060,1,Tuesday,,
2012-12-05,00:00:00,1697.22,1706.76,1684.66,1693.72,1058019600,2,Wednesday,,
2012-12-06,00:00:00,1693.62,1703.17,1685.84,1699.6,512021160,3,Thursday,,
2012-12-07,00:00:00,1699.6,1705.35,1684.92,1703.78,551645100,4,Friday,,
2012-12-10,00:00:00,1704.07,1717.28,1702.49,1712.63,61746720,0,Monday,0.29,0.01702
2012-12-11,00:00:00,1712.54,1714.29,1704.73,1709.68,1232359500,1,Tuesday,,
2012-12-12,00:00:00,1709.67,1723.26,1705.45,1711.42,858849200,2,Wednesday,,
2012-12-13,00:00:00,1711.43,1711.8,1689.4,1696.91,1239087060,3,Thursday,,
2012-12-14,00:00:00,1696.82,1700.46,1693.57,1695.46,1063020540,4,Friday,,
2012-12-17,00:00:00,1694.88,1699.8,1686.46,1697.9,45774480,0,Monday,-0.58,-0.03421
2012-12-18,00:00:00,1697.72,1703.09,1660.95,1671.03,428682940,1,Tuesday,,
2012-12-19,00:00:00,1671.03,1676.78,1663.35,1667.01,882111500,2,Wednesday,,
2012-12-20,00:00:00,1666.96,1671.75,1635.37,1647.92,4981469000,3,Thursday,,
2012-12-21,00:00:00,1647.92,1659.65,1635.54,1656.85,890347800,4,Friday,,
2012-12-24,00:00:00,1656.55,1665.83,1651.83,1658.2,138371100,0,Monday,-0.3,-0.01811
2012-12-25,00:00:00,1658.2,1659.02,1651.21,1658.2,109000000,1,Tuesday,,
2012-12-26,00:00:00,1658.2,1667.99,1648.55,1659.11,490827860,2,Wednesday,,
2012-12-27,00:00:00,1658.87,1665.45,1652.65,1663.8,670013120,3,Thursday,,
2012-12-28,00:00:00,1663.76,1666.15,1653.65,1655.67,601397300,4,Friday,,
2012-12-31,00:00:00,1655.19,1680.42,1653.86,1674.98,137606580,0,Monday,-0.48,-0.02899
2013-01-01,00:00:00,1674.95,1675.7,1673.59,1675.0,44000000,1,Tuesday,,
2013-01-02,00:00:00,1674.6,1694.87,1670.15,1686.59,25936340,2,Wednesday,,
2013-01-03,00:00:00,1686.6,1689.95,1660.75,1663.67,31266020,3,Thursday,,
2013-01-04,00:00:00,1663.49,1664.05,1625.76,1655.46,40549660,4,Friday,,
2013-01-07,00:00:00,1655.94,1662.49,1642.75,1646.77,27718980,0,Monday,0.48,0.02899
2013-01-08,00:00:00,1646.78,1662.55,1646.55,1658.98,24666560,1,Tuesday,,
2013-01-09,00:00:00,1658.96,1665.85,1651.35,1657.56,27794220,2,Wednesday,,
2013-01-10,00:00:00,1657.55,1678.77,1653.75,1675.0,26152160,3,Thursday,,
2013-01-11,00:00:00,1674.99,1676.85,1653.11,1662.51,28107240,4,Friday,,
2013-01-14,00:00:00,1662.12,1674.85,1659.95,1667.61,21421900,0,Monday,-0.39,-0.02346
2013-01-15,00:00:00,1667.61,1685.17,1666.36,1679.1,31556240,1,Tuesday,,
2013-01-16,00:00:00,1679.65,1684.8,1673.36,1679.71,31171660,2,Wednesday,,
2013-01-17,00:00:00,1679.68,1696.66,1666.7,1687.4,36062100,3,Thursday,,
2013-01-18,00:00:00,1686.9,1695.21,1683.55,1684.03,29332260,4,Friday,,
2013-01-21,00:00:00,1685.93,1691.26,1684.85,1689.15,16705100,0,Monday,1.9,0.11282
2013-01-22,00:00:00,1689.24,1696.05,1686.75,1692.36,30773560,1,Tuesday,,
2013-01-23,00:00:00,1692.26,1695.05,1683.65,1685.59,37343560,2,Wednesday,,
2013-01-24,00:00:00,1685.44,1686.15,1664.9,1667.8,36856880,3,Thursday,,
2013-01-25,00:00:00,1667.79,1672.31,1655.85,1658.52,35753900,4,Friday,,
2013-01-28,00:00:00,1658.83,1662.33,1651.93,1655.38,30601180,0,Monday,0.31,0.01869
2013-01-29,00:00:00,1655.41,1666.13,1654.33,1663.31,35414340,1,Tuesday,,
2013-01-30,00:00:00,1663.05,1683.85,1662.73,1676.68,56393380,2,Wednesday,,
2013-01-31,00:00:00,1676.68,1680.74,1657.85,1663.56,35431180,3,Thursday,,
2013-02-01,00:00:00,1663.27,1682.07,1659.96,1667.18,41282800,4,Friday,,
2013-02-04,00:00:00,1668.45,1677.65,1661.55,1674.2,22354240,0,Monday,1.27,0.07618
2013-02-05,00:00:00,1674.24,1685.34,1666.6,1672.73,51651580,1,Tuesday,,
2013-02-06,00:00:00,1672.7,1679.75,1668.22,1677.47,42574000,2,Wednesday,,
2013-02-07,00:00:00,1677.49,1683.15,1662.92,1671.05,46553720,3,Thursday,,
2013-02-08,00:00:00,1670.97,1673.62,1664.96,1666.88,33284000,4,Friday,,
2013-02-11,00:00:00,1667.31,1669.55,1643.71,1647.86,28156140,0,Monday,0.43,0.0258
2013-02-12,00:00:00,1647.65,1653.35,1639.16,1651.09,39403160,1,Tuesday,,
2013-02-13,00:00:00,1651.09,1653.47,1640.35,1642.34,42407360,2,Wednesday,,
2013-02-14,00:00:00,1642.23,1649.99,1632.79,1634.56,43743340,3,Thursday,,
2013-02-15,00:00:00,1634.49,1635.95,1597.82,1609.81,46724560,4,Friday,,
2013-02-18,00:00:00,1609.53,1618.76,1607.05,1609.75,27480600,0,Monday,-0.28,-0.01739
2013-02-19,00:00:00,1609.55,1615.18,1600.63,1604.89,36203720,1,Tuesday,,
2013-02-20,00:00:00,1604.79,1609.45,1558.59,1564.25,51946200,2,Wednesday,,
2013-02-21,00:00:00,1564.24,1584.95,1554.95,1575.89,79573920,3,Thursday,,
2013-02-22,00:00:00,1575.9,1587.2,1569.85,1581.13,43932800,4,Friday,,
2013-02-25,00:00:00,1580.17,1596.95,1575.15,1593.16,39124580,0,Monday,-0.96,-0.06072
2013-02-26,00:00:00,1592.82,1620.06,1584.35,1613.38,97400640,1,Tuesday,,
2013-02-27,00:00:00,1613.35,1614.77,1592.32,1596.96,62577780,2,Wednesday,,
2013-02-28,00:00:00,1596.74,1602.92,1574.85,1579.46,68496420,3,Thursday,,
2013-03-01,00:00:00,1579.46,1587.25,1564.73,1576.03,52791360,4,Friday,,
2013-03-04,00:00:00,1578.53,1584.83,1569.4,1573.54,45145200,0,Monday,2.5,0.15863
2013-03-05,00:00:00,1573.56,1586.44,1571.85,1575.21,60310400,1,Tuesday,,
2013-03-06,00:00:00,1575.11,1584.85,1567.25,1583.63,69977700,2,Wednesday,,
2013-03-07,00:00:00,1583.63,1585.45,1574.95,1578.73,48639640,3,Thursday,,
2013-03-08,00:00:00,1578.62,1583.68,1561.39,1578.62,54879500,4,Friday,,
2013-03-11,00:00:00,1578.24,1583.17,1575.45,1581.58,36673700,0,Monday,-0.38,-0.02407
2013-03-12,00:00:00,1581.35,1598.38,1579.99,1592.51,51530500,1,Tuesday,,
2013-03-13,00:00:00,1592.71,1599.23,1585.5,1587.67,33952440,2,Wednesday,,
2013-03-14,00:00:00,1587.67,1593.28,1576.35,1590.01,47236020,3,Thursday,,
2013-03-15,00:00:00,1590.08,1598.81,1588.45,1591.12,28522280,4,Friday,,
2013-03-18,00:00:00,1597.95,1611.14,1590.82,1605.32,27283060,0,Monday,6.83,0.42926
2013-03-19,00:00:00,1604.05,1615.65,1600.0,1612.75,25173600,1,Tuesday,,
2013-03-20,00:00:00,1612.75,1614.75,1603.1,1606.7,17670200,2,Wednesday,,
2013-03-21,00:00:00,1606.36,1616.85,1604.42,1614.62,18619820,3,Thursday,,
2013-03-22,00:00:00,1614.85,1616.12,1603.46,1607.27,17261360,4,Friday,,
2013-03-25,00:00:00,1609.46,1613.59,1589.76,1604.84,23888300,0,Monday,2.19,0.13626
2013-03-26,00:00:00,1605.15,1605.97,1594.56,1599.52,15830600,1,Tuesday,,
2013-03-27,00:00:00,1599.73,1608.22,1591.23,1604.99,20680060,2,Wednesday,,
2013-03-28,00:00:00,1605.09,1607.65,1593.84,1596.72,19682360,3,Thursday,,
2013-04-01,00:00:00,1597.41,1601.05,1594.68,1599.38,14536200,0,Monday,0.69,0.04321
2013-04-02,00:00:00,1599.37,1603.86,1573.69,1575.59,19566740,1,Tuesday,,
2013-04-03,00:00:00,1575.59,1577.11,1549.77,1557.66,30540180,2,Wednesday,,
2013-04-04,00:00:00,1557.75,1559.45,1540.08,1554.34,31151900,3,Thursday,,
2013-04-05,00:00:00,1554.15,1581.16,1549.28,1580.16,39426620,4,Friday,,
2013-04-08,00:00:00,1580.94,1583.05,1567.34,1573.2,19435740,0,Monday,0.78,0.04936
2013-04-09,00:00:00,1573.22,1590.34,1570.35,1585.05,17035280,1,Tuesday,,
2013-04-10,00:00:00,1585.15,1588.55,1555.55,1558.06,23205500,2,Wednesday,,
2013-04-11,00:00:00,1558.05,1568.28,1553.35,1561.17,31591480,3,Thursday,,
2013-04-12,00:00:00,1561.17,1564.64,1480.45,1482.25,58744360,4,Friday,,
2013-04-15,00:00:00,1481.32,1495.47,1334.55,1347.17,71432750,0,Monday,-0.93,-0.06274
2013-04-16,00:00:00,1347.21,1403.35,1321.55,1367.02,70361520,1,Tuesday,,
2013-04-17,00:00:00,1367.0,1395.04,1364.85,1375.96,61756240,2,Wednesday,,
2013-04-18,00:00:00,1375.98,1401.99,1336.35,1390.19,47318860,3,Thursday,,
2013-04-19,00:00:00,1390.17,1425.01,1385.71,1403.58,31209940,4,Friday,,
2013-04-22,00:00:00,1407.47,1438.95,1403.55,1426.09,41932660,0,Monday,3.89,0.27715
2013-04-23,00:00:00,1426.09,1432.7,1404.75,1412.84,37812900,1,Tuesday,,
2013-04-24,00:00:00,1412.83,1433.87,1412.19,1431.51,32325800,2,Wednesday,,
2013-04-25,00:00:00,1431.5,1468.99,1427.0,1467.66,34819020,3,Thursday,,
2013-04-26,00:00:00,1467.65,1485.28,1447.84,1461.37,84245000,4,Friday,,
2013-04-29,00:00:00,1466.33,1478.74,1462.11,1475.45,30398100,0,Monday,4.96,0.33941
2013-04-30,00:00:00,1475.42,1480.05,1460.94,1476.39,46949260,1,Tuesday,,
2013-05-01,00:00:00,1475.64,1478.02,1440.35,1457.25,34467680,2,Wednesday,,
2013-05-02,00:00:00,1456.98,1473.56,1448.75,1466.83,31905540,3,Thursday,,
2013-05-03,00:00:00,1466.83,1487.8,1456.0,1469.69,30175520,4,Friday,,
2013-05-06,00:00:00,1470.15,1478.82,1464.48,1469.09,24259000,0,Monday,0.46,0.0313
2013-05-07,00:00:00,1469.11,1470.61,1441.24,1452.45,50326240,1,Tuesday,,
2013-05-08,00:00:00,1452.45,1476.67,1447.59,1473.81,66611760,2,Wednesday,,
2013-05-09,00:00:00,1473.79,1476.33,1453.18,1457.86,81187440,3,Thursday,,
2013-05-10,00:00:00,1457.83,1462.11,1419.55,1447.0,69078460,4,Friday,,
2013-05-13,00:00:00,1444.98,1446.52,1425.85,1430.35,56329440,0,Monday,-2.02,-0.1396
2013-05-14,00:00:00,1430.29,1445.42,1421.05,1425.2,64553300,1,Tuesday,,
2013-05-15,00:00:00,1425.2,1430.75,1388.67,1392.81,68207220,2,Wednesday,,
2013-05-16,00:00:00,1392.79,1398.28,1369.63,1385.62,77808540,3,Thursday,,
2013-05-17,00:00:00,1385.61,1392.86,1355.15,1358.29,88368300,4,Friday,,
2013-05-20,00:00:00,1364.59,1399.05,1337.95,1393.16,42337260,0,Monday,6.3,0.46382
2013-05-21,00:00:00,1393.85,1401.57,1359.65,1375.87,86368200,1,Tuesday,,
2013-05-22,00:00:00,1373.89,1414.23,1354.48,1369.27,105485180,2,Wednesday,,
2013-05-23,00:00:00,1369.27,1398.25,1356.75,1390.31,109707120,3,Thursday,,
2013-05-24,00:00:00,1390.74,1398.21,1382.35,1386.05,63707440,4,Friday,,
2013-05-27,00:00:00,1387.24,1396.57,1384.29,1394.18,13463720,0,Monday,1.19,0.08586
2013-05-28,00:00:00,1393.72,1401.21,1373.67,1380.63,51344600,1,Tuesday,,
2013-05-29,00:00:00,1381.63,1395.26,1380.06,1392.68,61838920,2,Wednesday,,
2013-05-30,00:00:00,1392.35,1417.95,1388.75,1413.44,69571780,3,Thursday,,
2013-05-31,00:00:00,1413.29,1421.87,1384.74,1387.22,50129820,4,Friday,,
2013-06-03,00:00:00,1389.23,1416.73,1388.56,1410.61,26511060,0,Monday,2.01,0.14489
2013-06-04,00:00:00,1410.6,1415.04,1388.95,1398.98,74259560,1,Tuesday,,
2013-06-05,00:00:00,1398.99,1410.52,1395.75,1402.78,66738600,2,Wednesday,,
2013-06-06,00:00:00,1402.8,1423.55,1391.74,1413.57,58227620,3,Thursday,,
2013-06-07,00:00:00,1413.49,1417.9,1377.7,1381.96,33608600,4,Friday,,
2013-06-10,00:00:00,1382.94,1389.02,1375.87,1386.08,11503980,0,Monday,0.98,0.07091
2013-06-11,00:00:00,1386.05,1387.57,1365.24,1377.81,37205420,1,Tuesday,,
2013-06-12,00:00:00,1377.81,1394.64,1373.88,1388.29,38463160,2,Wednesday,,
2013-06-13,00:00:00,1387.79,1394.9,1374.47,1385.6,24832780,3,Thursday,,
2013-06-14,00:00:00,1385.57,1392.29,1378.44,1389.61,35236240,4,Friday,,
2013-06-17,00:00:00,1390.73,1391.96,1380.6,1385.08,5943160,0,Monday,1.12,0.0806
2013-06-18,00:00:00,1384.68,1386.09,1361.13,1367.19,23527300,1,Tuesday,,
2013-06-19,00:00:00,1367.16,1376.55,1349.05,1350.9,30582000,2,Wednesday,,
2013-06-20,00:00:00,1350.9,1351.25,1276.07,1284.3,35139220,3,Thursday,,
2013-06-21,00:00:00,1284.32,1302.42,1269.34,1295.43,68685660,4,Friday,,
2013-06-24,00:00:00,1297.01,1301.54,1276.1,1281.9,42726640,0,Monday,1.58,0.12197
2013-06-25,00:00:00,1281.9,1289.47,1271.72,1277.16,46186280,1,Tuesday,,
2013-06-26,00:00:00,1277.11,1277.97,1221.79,1225.99,50574700,2,Wednesday,,
2013-06-27,00:00:00,1226.0,1244.69,1196.73,1200.13,61473100,3,Thursday,,
2013-06-28,00:00:00,1200.3,1235.04,1180.27,1233.27,71825260,4,Friday,,
2013-07-01,00:00:00,1234.29,1261.63,1225.07,1251.96,52094500,0,Monday,1.02,0.08271
2013-07-02,00:00:00,1251.97,1267.37,1239.58,1242.89,50868640,1,Tuesday,,
2013-07-03,00:00:00,1242.85,1259.94,1236.75,1251.9,38425620,2,Wednesday,,
2013-07-04,00:00:00,1251.9,1257.36,1244.53,1248.28,20495840,3,Thursday,,
2013-07-05,00:00:00,1248.11,1248.58,1208.13,1222.33,38156940,4,Friday,,
2013-07-08,00:00:00,1222.24,1238.53,1215.38,1236.29,10889960,0,Monday,-0.09,-0.00736
2013-07-09,00:00:00,1236.52,1260.22,1233.41,1250.58,44945580,1,Tuesday,,
2013-07-10,00:00:00,1250.52,1265.74,1243.82,1258.68,36052520,2,Wednesday,,
2013-07-11,00:00:00,1258.72,1298.66,1258.72,1285.53,45048080,3,Thursday,,
2013-07-12,00:00:00,1285.51,1288.55,1267.74,1284.26,41666460,4,Friday,,
2013-07-15,00:00:00,1284.7,1294.68,1273.8,1284.19,16530140,0,Monday,0.44,0.03426
2013-07-16,00:00:00,1282.57,1295.74,1277.1,1291.53,29977580,1,Tuesday,,
2013-07-17,00:00:00,1291.42,1300.34,1270.19,1275.46,19419940,2,Wednesday,,
2013-07-18,00:00:00,1275.45,1288.53,1273.96,1283.7,23078840,3,Thursday,,
2013-07-19,00:00:00,1283.72,1297.77,1282.3,1294.95,42951220,4,Friday,,
2013-07-22,00:00:00,1296.94,1339.35,1295.95,1335.25,33438180,0,Monday,1.99,0.15367
2013-07-23,00:00:00,1334.71,1346.63,1326.45,1344.67,32655720,1,Tuesday,,
2013-07-24,00:00:00,1344.65,1347.46,1313.06,1321.58,14352060,2,Wednesday,,
2013-07-25,00:00:00,1321.59,1337.7,1308.82,1333.16,26647220,3,Thursday,,
2013-07-26,00:00:00,1333.14,1340.46,1312.07,1332.6,31578780,4,Friday,,
2013-07-29,00:00:00,1333.02,1338.26,1322.8,1327.44,18488340,0,Monday,0.42,0.03152
2013-07-30,00:00:00,1326.94,1330.06,1317.0,1325.6,25512940,1,Tuesday,,
2013-07-31,00:00:00,1326.9,1338.83,1305.43,1324.25,38175560,2,Wednesday,,
2013-08-01,00:00:00,1323.42,1330.91,1307.5,1309.35,36916260,3,Thursday,,
2013-08-02,00:00:00,1309.33,1318.23,1282.82,1310.99,13408660,4,Friday,,
2013-08-05,00:00:00,1312.39,1320.49,1297.26,1302.35,21714960,0,Monday,1.4,0.10679
2013-08-06,00:00:00,1302.34,1306.82,1278.99,1282.52,30489340,1,Tuesday,,
2013-08-07,00:00:00,1282.19,1289.29,1272.73,1286.92,27417700,2,Wednesday,,
2013-08-08,00:00:00,1286.96,1314.27,1282.64,1312.76,40992180,3,Thursday,,
2013-08-09,00:00:00,1311.93,1317.18,1304.94,1314.15,25672880,4,Friday,,
2013-08-12,00:00:00,1315.03,1343.87,1314.57,1337.65,30279480,0,Monday,0.88,0.06696
2013-08-13,00:00:00,1337.76,1341.32,1318.51,1321.18,22116060,1,Tuesday,,
2013-08-14,00:00:00,1320.67,1336.25,1315.85,1335.62,20355800,2,Wednesday,,
2013-08-15,00:00:00,1335.72,1370.05,1318.86,1365.68,33877420,3,Thursday,,
2013-08-16,00:00:00,1365.7,1379.5,1357.78,1376.08,40824440,4,Friday,,
2013-08-19,00:00:00,1378.48,1384.37,1362.4,1365.6,16565700,0,Monday,2.4,0.17441
2013-08-20,00:00:00,1364.76,1377.51,1352.24,1370.8,23075820,1,Tuesday,,
2013-08-21,00:00:00,1370.89,1378.99,1359.76,1366.25,21091620,2,Wednesday,,
2013-08-22,00:00:00,1366.09,1381.71,1355.03,1375.62,26649000,3,Thursday,,
2013-08-23,00:00:00,1375.67,1400.02,1368.47,1396.96,24732560,4,Friday,,
2013-08-26,00:00:00,1398.6,1406.62,1389.23,1404.17,8913000,0,Monday,1.64,0.1174
2013-08-27,00:00:00,1404.2,1423.74,1395.76,1414.74,12046460,1,Tuesday,,
2013-08-28,00:00:00,1415.67,1433.69,1413.34,1417.1,13603440,2,Wednesday,,
2013-08-29,00:00:00,1417.1,1418.21,1402.47,1407.25,27287880,3,Thursday,,
2013-08-30,00:00:00,1407.25,1411.17,1392.19,1394.52,23637960,4,Friday,,
2013-09-02,00:00:00,1393.19,1398.28,1373.62,1390.47,12922340,0,Monday,-1.33,-0.09537
2013-09-03,00:00:00,1391.44,1416.3,1384.46,1411.83,36048500,1,Tuesday,,
2013-09-04,00:00:00,1411.34,1414.95,1384.65,1390.97,24341120,2,Wednesday,,
2013-09-05,00:00:00,1391.04,1399.82,1364.87,1367.09,32888960,3,Thursday,,
2013-09-06,00:00:00,1366.34,1393.34,1362.2,1391.48,26634680,4,Friday,,
2013-09-09,00:00:00,1391.07,1394.32,1382.0,1386.29,25456660,0,Monday,-0.41,-0.02947
2013-09-10,00:00:00,1386.29,1391.18,1357.75,1363.15,24445860,1,Tuesday,,
2013-09-11,00:00:00,1363.6,1368.54,1356.52,1364.27,11784600,2,Wednesday,,
2013-09-12,00:00:00,1364.22,1366.04,1320.54,1320.85,21515680,3,Thursday,,
2013-09-13,00:00:00,1320.88,1330.85,1304.88,1326.14,33529280,4,Friday,,
2013-09-16,00:00:00,1335.04,1335.04,1302.86,1312.13,31658720,0,Monday,8.9,0.67112
2013-09-17,00:00:00,1311.96,1323.84,1306.11,1309.83,35540200,1,Tuesday,,
2013-09-18,00:00:00,1309.81,1367.54,1291.66,1362.67,43311840,2,Wednesday,,
2013-09-19,00:00:00,1362.63,1375.22,1358.54,1365.76,28896480,3,Thursday,,
2013-09-20,00:00:00,1365.24,1368.14,1324.55,1324.69,28145200,4,Friday,,
2013-09-23,00:00:00,1326.31,1331.83,1313.36,1321.91,34831050,0,Monday,1.62,0.12229
2013-09-24,00:00:00,1321.92,1329.28,1305.81,1322.84,39963120,1,Tuesday,,
2013-09-25,00:00:00,1322.83,1338.01,1316.61,1333.93,38971500,2,Wednesday,,
2013-09-26,00:00:00,1333.93,1339.24,1318.82,1323.5,34179480,3,Thursday,,
2013-09-27,00:00:00,1323.5,1344.03,1319.56,1335.18,38133180,4,Friday,,
2013-09-30,00:00:00,1341.36,1352.26,1322.77,1328.59,27371160,0,Monday,6.18,0.46286
2013-10-01,00:00:00,1327.48,1337.51,1282.35,1286.84,30961680,1,Tuesday,,
2013-10-02,00:00:00,1286.83,1323.82,1277.84,1315.71,34543480,2,Wednesday,,
2013-10-03,00:00:00,1315.61,1322.24,1302.02,1316.42,34730280,3,Thursday,,
2013-10-04,00:00:00,1316.45,1325.44,1305.64,1309.32,26014260,4,Friday,,
2013-10-07,00:00:00,1311.72,1328.88,1308.53,1322.83,36785780,0,Monday,2.4,0.1833
2013-10-08,00:00:00,1322.64,1330.04,1315.66,1318.87,43526420,1,Tuesday,,
2013-10-09,00:00:00,1318.77,1322.02,1294.72,1305.15,47945480,2,Wednesday,,
2013-10-10,00:00:00,1306.84,1311.64,1282.01,1286.95,43876820,3,Thursday,,
2013-10-11,00:00:00,1286.86,1294.44,1261.47,1270.99,53955720,4,Friday,,
2013-10-14,00:00:00,1276.6,1289.92,1268.45,1276.13,39385040,0,Monday,5.61,0.44139
2013-10-15,00:00:00,1273.04,1288.04,1251.66,1281.69,53704380,1,Tuesday,,
2013-10-16,00:00:00,1281.84,1287.84,1269.24,1282.03,53757860,2,Wednesday,,
2013-10-17,00:00:00,1281.74,1324.34,1274.48,1320.04,57357020,3,Thursday,,
2013-10-18,00:00:00,1320.05,1326.91,1311.7,1315.22,33106860,4,Friday,,
2013-10-21,00:00:00,1316.05,1324.02,1313.15,1315.67,23567380,0,Monday,0.83,0.06311
2013-10-22,00:00:00,1315.45,1344.66,1310.13,1339.82,28491740,1,Tuesday,,
2013-10-23,00:00:00,1339.81,1342.19,1329.14,1332.94,30939600,2,Wednesday,,
2013-10-24,00:00:00,1331.7,1351.94,1330.28,1346.32,31809120,3,Thursday,,
2013-10-25,00:00:00,1346.32,1355.75,1336.6,1349.88,30105480,4,Friday,,
2013-10-28,00:00:00,1353.48,1361.74,1346.37,1352.15,26695380,0,Monday,3.6,0.26669
2013-10-29,00:00:00,1352.47,1360.41,1339.94,1344.78,30232360,1,Tuesday,,
2013-10-30,00:00:00,1344.24,1359.49,1334.75,1344.2,32441040,2,Wednesday,,
2013-10-31,00:00:00,1341.67,1343.08,1319.07,1322.8,34450280,3,Thursday,,
2013-11-01,00:00:00,1322.66,1327.37,1306.07,1314.97,33701040,4,Friday,,
2013-11-04,00:00:00,1313.72,1322.5,1311.13,1314.43,23743420,0,Monday,-1.25,-0.09506
2013-11-05,00:00:00,1314.38,1319.82,1305.84,1311.47,29063380,1,Tuesday,,
2013-11-06,00:00:00,1311.47,1322.01,1309.12,1317.57,26685140,2,Wednesday,,
2013-11-07,00:00:00,1317.46,1326.08,1296.7,1307.36,30771920,3,Thursday,,
2013-11-08,00:00:00,1307.22,1313.66,1281.0,1288.39,27973580,4,Friday,,
2013-11-11,00:00:00,1287.68,1288.73,1279.08,1282.63,19860860,0,Monday,-0.71,-0.05511
2013-11-12,00:00:00,1282.48,1285.32,1261.37,1267.79,29477920,1,Tuesday,,
2013-11-13,00:00:00,1267.79,1284.14,1265.8,1281.51,30203980,2,Wednesday,,
2013-11-14,00:00:00,1281.48,1294.24,1278.1,1286.98,32663960,3,Thursday,,
2013-11-15,00:00:00,1286.98,1291.17,1280.41,1289.91,25612740,4,Friday,,
2013-11-18,00:00:00,1289.32,1289.57,1270.0,1275.15,26463260,0,Monday,-0.59,-0.04574
2013-11-19,00:00:00,1275.15,1278.84,1269.16,1275.38,31379120,1,Tuesday,,
2013-11-20,00:00:00,1275.15,1276.31,1241.04,1243.96,30158720,2,Wednesday,,
2013-11-21,00:00:00,1242.64,1250.32,1236.73,1242.82,26924180,3,Thursday,,
2013-11-22,00:00:00,1242.82,1248.95,1241.12,1243.44,16440020,4,Friday,,
2013-11-25,00:00:00,1242.32,1253.79,1224.86,1251.2,29730980,0,Monday,-1.12,-0.09007
2013-11-26,00:00:00,1251.21,1257.84,1239.6,1242.66,21775080,1,Tuesday,,
2013-11-27,00:00:00,1242.66,1254.66,1236.27,1237.66,18047780,2,Wednesday,,
2013-11-28,00:00:00,1237.56,1245.69,1234.24,1243.97,7463400,3,Thursday,,
2013-11-29,00:00:00,1243.7,1254.75,1240.77,1251.02,16137800,4,Friday,,
2013-12-02,00:00:00,1250.8,1250.8,1217.84,1219.6,30267580,0,Monday,-0.22,-0.01759
2013-12-03,00:00:00,1219.6,1226.14,1215.2,1223.15,23603000,1,Tuesday,,
2013-12-04,00:00:00,1223.04,1251.51,1211.73,1243.44,32196760,2,Wednesday,,
2013-12-05,00:00:00,1243.44,1243.44,1216.97,1224.97,30324260,3,Thursday,,
2013-12-06,00:00:00,1224.97,1244.28,1211.67,1228.89,35508900,4,Friday,,
2013-12-09,00:00:00,1230.58,1243.06,1225.26,1240.11,19482220,0,Monday,1.69,0.13752
2013-12-10,00:00:00,1239.64,1267.79,1237.99,1261.91,28910300,1,Tuesday,,
2013-12-11,00:00:00,1261.94,1263.32,1251.04,1252.02,30437580,2,Wednesday,,
2013-12-12,00:00:00,1252.03,1256.97,1223.75,1225.27,30150440,3,Thursday,,
2013-12-13,00:00:00,1225.17,1238.62,1220.54,1238.46,28393240,4,Friday,,
2013-12-16,00:00:00,1237.91,1251.96,1227.76,1241.11,43525000,0,Monday,-0.55,-0.04441
2013-12-17,00:00:00,1241.18,1248.0,1227.38,1230.78,32739680,1,Tuesday,,
2013-12-18,00:00:00,1230.79,1244.53,1216.05,1218.13,27978180,2,Wednesday,,
2013-12-19,00:00:00,1218.09,1226.48,1186.92,1188.37,34079680,3,Thursday,,
2013-12-20,00:00:00,1188.37,1207.52,1188.27,1202.91,32684480,4,Friday,,
2013-12-23,00:00:00,1202.84,1206.17,1192.65,1198.47,17339200,0,Monday,-0.07,-0.00582
2013-12-24,00:00:00,1197.99,1205.54,1196.08,1203.92,8714800,1,Tuesday,,
2013-12-26,00:00:00,1204.34,1215.83,1203.17,1210.41,8823300,3,Thursday,,
2013-12-27,00:00:00,1210.39,1218.97,1208.93,1212.95,14362080,4,Friday,,
2013-12-30,00:00:00,1213.89,1216.14,1194.6,1196.3,22188700,0,Monday,0.94,0.0775
2013-12-31,00:00:00,1196.29,1214.54,1182.34,1205.39,16983640,1,Tuesday,,
2014-01-02,00:00:00,1203.61,1230.77,1202.3,1224.13,27394100,3,Thursday,,
2014-01-03,00:00:00,1224.12,1240.15,1221.71,1236.68,26592750,4,Friday,,
2014-01-06,00:00:00,1236.98,1248.34,1214.63,1237.77,26266920,0,Monday,0.3,0.02426
2014-01-07,00:00:00,1237.77,1245.24,1224.93,1231.91,26552080,1,Tuesday,,
2014-01-08,00:00:00,1231.93,1232.34,1218.42,1225.73,25769340,2,Wednesday,,
2014-01-09,00:00:00,1225.76,1231.46,1223.47,1227.76,22550560,3,Thursday,,
2014-01-10,00:00:00,1227.76,1248.86,1226.79,1248.14,25998300,4,Friday,,
2014-01-13,00:00:00,1247.76,1255.04,1243.64,1252.93,22030680,0,Monday,-0.38,-0.03045
2014-01-14,00:00:00,1252.88,1255.27,1241.67,1244.99,22814960,1,Tuesday,,
2014-01-15,00:00:00,1244.99,1244.99,1234.24,1241.68,27089000,2,Wednesday,,
2014-01-16,00:00:00,1241.68,1245.2,1236.33,1242.19,24011680,3,Thursday,,
2014-01-17,00:00:00,1242.23,1254.89,1237.74,1253.72,29279620,4,Friday,,
2014-01-20,00:00:00,1253.08,1261.2,1252.63,1255.1,8863900,0,Monday,-0.64,-0.05105
2014-01-21,00:00:00,1254.66,1255.7,1235.61,1241.21,22448960,1,Tuesday,,
2014-01-22,00:00:00,1241.21,1243.56,1235.8,1237.0,16315820,2,Wednesday,,
2014-01-23,00:00:00,1236.98,1265.43,1231.52,1263.81,35995020,3,Thursday,,
2014-01-24,00:00:00,1263.8,1272.54,1256.81,1269.83,34227920,4,Friday,,
2014-01-27,00:00:00,1270.01,1279.01,1251.95,1256.86,33079860,0,Monday,0.18,0.01418
2014-01-28,00:00:00,1256.84,1261.42,1248.7,1256.75,22468240,1,Tuesday,,
2014-01-29,00:00:00,1256.79,1270.14,1248.63,1267.13,28076680,2,Wednesday,,
2014-01-30,00:00:00,1267.29,1267.69,1238.04,1243.49,24720800,3,Thursday,,
2014-01-31,00:00:00,1243.4,1254.91,1238.47,1244.34,25856540,4,Friday,,
2014-02-03,00:00:00,1242.48,1266.24,1240.81,1257.31,26310400,0,Monday,-1.86,-0.14948
2014-02-04,00:00:00,1257.31,1260.94,1247.23,1254.48,25790000,1,Tuesday,,
2014-02-05,00:00:00,1254.47,1274.27,1252.43,1257.65,37136500,2,Wednesday,,
2014-02-06,00:00:00,1257.65,1266.81,1252.75,1257.96,22801440,3,Thursday,,
2014-02-07,00:00:00,1257.96,1271.66,1255.47,1267.03,34055380,4,Friday,,
2014-02-10,00:00:00,1265.51,1277.82,1265.09,1274.66,27140620,0,Monday,-1.52,-0.11997
2014-02-11,00:00:00,1274.64,1293.84,1273.66,1291.19,34821060,1,Tuesday,,
2014-02-12,00:00:00,1291.15,1296.24,1283.95,1290.88,30026200,2,Wednesday,,
2014-02-13,00:00:00,1290.92,1302.84,1286.19,1302.6,32905040,3,Thursday,,
2014-02-14,00:00:00,1302.51,1321.14,1299.78,1318.35,29202580,4,Friday,,
2014-02-17,00:00:00,1318.88,1329.74,1318.85,1328.7,14919200,0,Monday,0.53,0.0402
2014-02-18,00:00:00,1329.56,1331.97,1312.59,1321.76,32266300,1,Tuesday,,
2014-02-19,00:00:00,1321.74,1322.75,1308.86,1311.37,25946180,2,Wednesday,,
2014-02-20,00:00:00,1311.4,1324.98,1307.34,1322.82,32474840,3,Thursday,,
2014-02-21,00:00:00,1322.82,1328.45,1315.95,1324.02,21158500,4,Friday,,
2014-02-24,00:00:00,1325.35,1338.91,1318.69,1336.72,27886020,0,Monday,1.33,0.10045
2014-02-25,00:00:00,1336.72,1343.58,1331.21,1340.39,31860800,1,Tuesday,,
2014-02-26,00:00:00,1340.41,1345.39,1322.29,1330.47,26739800,2,Wednesday,,
2014-02-27,00:00:00,1330.47,1336.13,1323.81,1331.19,31209400,3,Thursday,,
2014-02-28,00:00:00,1331.19,1333.26,1319.73,1326.16,29637480,4,Friday,,
2014-03-03,00:00:00,1332.3,1354.72,1330.64,1350.34,39724520,0,Monday,6.14,0.46299
2014-03-04,00:00:00,1350.39,1352.49,1331.25,1334.25,32179980,1,Tuesday,,
2014-03-05,00:00:00,1334.29,1341.81,1332.66,1336.67,30032180,2,Wednesday,,
2014-03-06,00:00:00,1336.68,1353.59,1331.16,1350.71,34471100,3,Thursday,,
2014-03-07,00:00:00,1350.67,1352.89,1327.67,1338.93,37043000,4,Friday,,
2014-03-10,00:00:00,1338.68,1344.62,1327.94,1338.46,35399600,0,Monday,-0.25,-0.01867
2014-03-11,00:00:00,1339.94,1352.52,1337.86,1347.3,40418300,1,Tuesday,,
2014-03-12,00:00:00,1348.64,1370.84,1345.39,1366.55,46531500,2,Wednesday,,
2014-03-13,00:00:00,1366.34,1375.04,1364.46,1370.13,40357100,3,Thursday,,
2014-03-14,00:00:00,1370.54,1387.92,1367.84,1381.78,39315600,4,Friday,,
2014-03-17,00:00:00,1389.12,1389.12,1361.95,1366.85,38942100,0,Monday,7.34,0.5312
2014-03-18,00:00:00,1365.84,1367.56,1350.74,1354.65,39351700,1,Tuesday,,
2014-03-19,00:00:00,1356.74,1359.62,1327.66,1329.71,42413800,2,Wednesday,,
2014-03-20,00:00:00,1326.94,1334.63,1320.0,1327.38,45666800,3,Thursday,,
2014-03-21,00:00:00,1328.74,1342.34,1328.74,1333.32,30373100,4,Friday,,
2014-03-24,00:00:00,1331.93,1334.26,1307.88,1308.19,36231800,0,Monday,-1.39,-0.10425
2014-03-25,00:00:00,1309.14,1317.31,1305.54,1310.84,34855200,1,Tuesday,,
2014-03-26,00:00:00,1310.54,1316.33,1298.66,1304.2,40465300,2,Wednesday,,
2014-03-27,00:00:00,1304.54,1306.8,1289.06,1290.77,32919800,3,Thursday,,
2014-03-28,00:00:00,1291.85,1298.67,1285.66,1293.87,27953800,4,Friday,,
2014-03-31,00:00:00,1296.2,1298.54,1282.43,1283.93,26512500,0,Monday,2.33,0.18008
2014-04-01,00:00:00,1283.95,1287.96,1277.68,1278.85,24292000,1,Tuesday,,
2014-04-02,00:00:00,1278.84,1294.52,1278.33,1289.78,27588500,2,Wednesday,,
2014-04-03,00:00:00,1289.77,1293.91,1281.62,1286.54,25375500,3,Thursday,,
2014-04-04,00:00:00,1286.52,1306.69,1284.2,1302.27,31479900,4,Friday,,
2014-04-07,00:00:00,1303.43,1304.14,1295.6,1297.23,25673300,0,Monday,1.16,0.08908
2014-04-08,00:00:00,1297.21,1314.33,1296.39,1308.5,33440000,1,Tuesday,,
2014-04-09,00:00:00,1308.46,1315.05,1300.85,1311.69,29758400,2,Wednesday,,
2014-04-10,00:00:00,1311.64,1324.51,1310.77,1318.82,41619400,3,Thursday,,
2014-04-11,00:00:00,1318.79,1323.81,1314.04,1317.17,29036200,4,Friday,,
2014-04-14,00:00:00,1327.49,1331.11,1318.73,1327.82,27151400,0,Monday,10.32,0.7835
2014-04-15,00:00:00,1327.71,1327.71,1284.35,1302.24,36364300,1,Tuesday,,
2014-04-16,00:00:00,1302.27,1306.98,1293.51,1302.36,35245000,2,Wednesday,,
2014-04-17,00:00:00,1302.33,1304.09,1293.15,1294.7,27104200,3,Thursday,,
2014-04-18,00:00:00,1294.76,1295.22,1294.28,1295.03,80800,4,Friday,,
2014-04-21,00:00:00,1298.22,1301.87,1281.82,1289.65,29338500,0,Monday,3.19,0.24633
2014-04-22,00:00:00,1289.63,1292.74,1276.57,1283.56,32058100,1,Tuesday,,
2014-04-23,00:00:00,1283.62,1288.95,1280.83,1283.66,27314100,2,Wednesday,,
2014-04-24,00:00:00,1283.67,1298.65,1268.51,1293.15,37021240,3,Thursday,,
2014-04-25,00:00:00,1293.1,1305.03,1290.38,1301.72,38332600,4,Friday,,
2014-04-28,00:00:00,1303.04,1306.45,1292.0,1296.31,32828100,0,Monday,1.32,0.1014
2014-04-29,00:00:00,1296.28,1301.34,1286.26,1295.76,50924500,1,Tuesday,,
2014-04-30,00:00:00,1295.77,1298.09,1284.92,1291.44,45057500,2,Wednesday,,
2014-05-01,00:00:00,1291.43,1292.79,1277.27,1284.18,49584900,3,Thursday,,
2014-05-02,00:00:00,1284.19,1304.62,1274.77,1298.83,42386300,4,Friday,,
2014-05-05,00:00:00,1300.19,1315.52,1299.44,1310.14,32723900,0,Monday,1.36,0.10471
2014-05-06,00:00:00,1310.13,1314.02,1304.3,1307.81,31679700,1,Tuesday,,
2014-05-07,00:00:00,1307.83,1314.46,1286.6,1289.79,39406700,2,Wednesday,,
2014-05-08,00:00:00,1289.8,1295.32,1284.93,1289.33,49508200,3,Thursday,,
2014-05-09,00:00:00,1289.34,1294.35,1285.48,1287.86,30743400,4,Friday,,
2014-05-12,00:00:00,1289.49,1303.83,1277.66,1295.76,41886400,0,Monday,1.63,0.12657
2014-05-13,00:00:00,1295.75,1298.79,1289.06,1293.51,36979200,1,Tuesday,,
2014-05-14,00:00:00,1293.49,1308.98,1291.51,1305.82,41843600,2,Wednesday,,
2014-05-15,00:00:00,1305.83,1307.09,1290.89,1295.99,40609000,3,Thursday,,
2014-05-16,00:00:00,1296.01,1298.21,1287.69,1292.79,38206300,4,Friday,,
2014-05-19,00:00:00,1292.46,1305.41,1289.12,1292.92,37744300,0,Monday,-0.33,-0.02553
2014-05-20,00:00:00,1292.93,1296.84,1285.9,1294.04,45572200,1,Tuesday,,
2014-05-21,00:00:00,1294.03,1296.2,1283.3,1291.87,30855400,2,Wednesday,,
2014-05-22,00:00:00,1291.72,1303.59,1290.04,1293.94,30501900,3,Thursday,,
2014-05-23,00:00:00,1293.93,1295.47,1286.67,1292.3,27822700,4,Friday,,
2014-05-26,00:00:00,1293.59,1294.11,1290.75,1292.65,14281700,0,Monday,1.29,0.09982
2014-05-27,00:00:00,1292.7,1293.33,1264.48,1264.7,36646910,1,Tuesday,,
2014-05-28,00:00:00,1264.69,1267.15,1255.93,1257.95,38251700,2,Wednesday,,
2014-05-29,00:00:00,1258.0,1260.46,1251.42,1255.5,42620700,3,Thursday,,
2014-05-30,00:00:00,1255.54,1260.34,1242.15,1249.3,31755100,4,Friday,,
2014-06-02,00:00:00,1250.03,1250.74,1241.02,1243.69,26442600,0,Monday,0.73,0.05843
2014-06-03,00:00:00,1243.59,1247.62,1240.52,1244.82,33316200,1,Tuesday,,
2014-06-04,00:00:00,1244.83,1249.01,1242.82,1243.73,39483800,2,Wednesday,,
2014-06-05,00:00:00,1243.75,1257.6,1241.07,1253.42,47427000,3,Thursday,,
2014-06-06,00:00:00,1253.41,1257.79,1245.87,1252.99,41469500,4,Friday,,
2014-06-09,00:00:00,1252.59,1256.96,1251.54,1252.05,24726100,0,Monday,-0.4,-0.03192
2014-06-10,00:00:00,1252.04,1263.52,1250.27,1259.66,38022800,1,Tuesday,,
2014-06-11,00:00:00,1259.65,1265.2,1257.74,1260.86,30714500,2,Wednesday,,
2014-06-12,00:00:00,1260.84,1274.79,1259.88,1273.15,47646900,3,Thursday,,
2014-06-13,00:00:00,1273.12,1277.85,1270.77,1276.53,44842600,4,Friday,,
2014-06-16,00:00:00,1276.24,1284.86,1270.61,1271.71,55105200,0,Monday,-0.29,-0.02272
2014-06-17,00:00:00,1271.72,1273.23,1258.65,1270.53,41484700,1,Tuesday,,
2014-06-18,00:00:00,1270.54,1278.45,1266.28,1277.53,40439300,2,Wednesday,,
2014-06-19,00:00:00,1278.11,1321.59,1275.93,1320.11,58159800,3,Thursday,,
2014-06-20,00:00:00,1319.47,1321.99,1306.45,1314.5,44878900,4,Friday,,
2014-06-23,00:00:00,1313.64,1318.43,1309.93,1317.27,31532200,0,Monday,-0.86,-0.06542
2014-06-24,00:00:00,1317.3,1325.95,1313.82,1318.08,39433600,1,Tuesday,,
2014-06-25,00:00:00,1318.05,1324.79,1307.0,1319.07,46722480,2,Wednesday,,
2014-06-26,00:00:00,1319.05,1319.74,1306.22,1316.47,44931700,3,Thursday,,
2014-06-27,00:00:00,1316.46,1322.25,1312.61,1315.87,33951300,4,Friday,,
2014-06-30,00:00:00,1316.12,1329.45,1310.28,1327.18,39410900,0,Monday,0.25,0.019
2014-07-01,00:00:00,1327.15,1332.95,1323.75,1326.2,39910200,1,Tuesday,,
2014-07-02,00:00:00,1326.19,1331.96,1321.28,1326.59,44796100,2,Wednesday,,
2014-07-03,00:00:00,1326.78,1327.43,1308.94,1319.33,50086200,3,Thursday,,
2014-07-04,00:00:00,1319.31,1323.12,1318.59,1320.23,32268300,4,Friday,,
2014-07-07,00:00:00,1320.45,1320.74,1311.39,1319.67,53013800,0,Monday,0.22,0.01666
2014-07-08,00:00:00,1319.75,1324.76,1313.44,1319.03,38214100,1,Tuesday,,
2014-07-09,00:00:00,1319.05,1332.29,1317.78,1327.64,37300000,2,Wednesday,,
2014-07-10,00:00:00,1327.62,1345.03,1323.97,1335.53,41513400,3,Thursday,,
2014-07-11,00:00:00,1335.51,1339.16,1333.65,1338.41,29290580,4,Friday,,
2014-07-14,00:00:00,1339.03,1339.51,1302.3,1306.99,75820000,0,Monday,0.62,0.04632
2014-07-15,00:00:00,1307.05,1313.71,1292.15,1293.81,63525700,1,Tuesday,,
2014-07-16,00:00:00,1293.84,1303.71,1293.07,1299.0,55134100,2,Wednesday,,
2014-07-17,00:00:00,1298.55,1323.93,1297.52,1318.96,47147500,3,Thursday,,
2014-07-18,00:00:00,1318.38,1324.64,1304.52,1310.65,32809400,4,Friday,,
2014-07-21,00:00:00,1310.18,1318.3,1307.39,1312.28,37101600,0,Monday,-0.47,-0.03586
2014-07-22,00:00:00,1312.21,1315.79,1301.98,1306.2,48756600,1,Tuesday,,
2014-07-23,00:00:00,1306.23,1311.18,1303.07,1304.46,32287400,2,Wednesday,,
2014-07-24,00:00:00,1304.43,1305.08,1287.63,1293.49,72471200,3,Thursday,,
2014-07-25,00:00:00,1293.57,1308.57,1290.88,1306.89,34860900,4,Friday,,
2014-07-28,00:00:00,1307.57,1309.13,1301.3,1303.9,29139700,0,Monday,0.68,0.05203
2014-07-29,00:00:00,1303.88,1312.19,1296.12,1299.03,30417700,1,Tuesday,,
2014-07-30,00:00:00,1298.74,1303.6,1291.71,1296.04,21510000,2,Wednesday,,
2014-07-31,00:00:00,1296.02,1297.3,1280.74,1282.46,27070580,3,Thursday,,
2014-08-01,00:00:00,1282.93,1297.17,1279.92,1293.53,37066500,4,Friday,,
2014-08-04,00:00:00,1294.02,1295.36,1286.08,1288.08,23732100,0,Monday,0.49,0.03788
2014-08-05,00:00:00,1288.03,1293.94,1282.47,1288.62,27541400,1,Tuesday,,
2014-08-06,00:00:00,1288.59,1309.55,1287.57,1305.66,37998800,2,Wednesday,,
2014-08-07,00:00:00,1305.63,1314.62,1301.99,1312.38,32750500,3,Thursday,,
2014-08-08,00:00:00,1312.63,1322.65,1305.56,1309.24,39205500,4,Friday,,
2014-08-11,00:00:00,1308.66,1311.43,1305.13,1308.22,28166700,0,Monday,-0.58,-0.0443
2014-08-12,00:00:00,1307.76,1317.82,1305.62,1309.21,29188700,1,Tuesday,,
2014-08-13,00:00:00,1308.2,1314.94,1304.86,1312.64,31592300,2,Wednesday,,
2014-08-14,00:00:00,1311.96,1319.44,1308.75,1313.3,32940500,3,Thursday,,
2014-08-15,00:00:00,1311.91,1315.12,1292.53,1304.49,38279000,4,Friday,,
2014-08-18,00:00:00,1302.74,1303.57,1295.57,1298.12,22829000,0,Monday,-1.75,-0.13415
2014-08-19,00:00:00,1298.09,1302.3,1293.8,1295.6,21648300,1,Tuesday,,
2014-08-20,00:00:00,1295.59,1297.91,1287.81,1291.68,26391880,2,Wednesday,,
2014-08-21,00:00:00,1291.62,1291.62,1271.97,1276.5,30047000,3,Thursday,,
2014-08-22,00:00:00,1276.53,1282.85,1274.11,1280.79,25459000,4,Friday,,
2014-08-25,00:00:00,1278.88,1280.85,1274.36,1276.61,25855000,0,Monday,-1.91,-0.14913
2014-08-26,00:00:00,1276.62,1290.81,1275.34,1280.89,33611480,1,Tuesday,,
2014-08-27,00:00:00,1280.96,1287.31,1279.93,1282.39,24187800,2,Wednesday,,
2014-08-28,00:00:00,1282.38,1296.43,1282.17,1289.38,36852400,3,Thursday,,
2014-08-29,00:00:00,1289.34,1291.29,1283.27,1286.77,21820100,4,Friday,,
2014-09-01,00:00:00,1287.24,1289.83,1284.74,1286.86,11036010,0,Monday,0.47,0.03653
2014-09-02,00:00:00,1287.13,1287.45,1262.36,1265.18,31491300,1,Tuesday,,
2014-09-03,00:00:00,1265.45,1271.49,1261.2,1269.17,32809420,2,Wednesday,,
2014-09-04,00:00:00,1269.13,1277.22,1260.51,1261.65,33884300,3,Thursday,,
2014-09-05,00:00:00,1261.54,1273.68,1257.2,1268.51,32233530,4,Friday,,
2014-09-08,00:00:00,1268.45,1271.71,1251.38,1255.11,29843840,0,Monday,-0.06,-0.00473
2014-09-09,00:00:00,1255.13,1258.09,1247.48,1255.18,36956230,1,Tuesday,,
2014-09-10,00:00:00,1255.21,1257.69,1243.74,1249.53,35910500,2,Wednesday,,
2014-09-11,00:00:00,1249.52,1250.05,1234.88,1240.37,38716020,3,Thursday,,
2014-09-12,00:00:00,1239.65,1241.5,1227.5,1229.29,36910040,4,Friday,,
2014-09-15,00:00:00,1227.27,1238.52,1225.54,1233.03,37384030,0,Monday,-2.02,-0.16432
2014-09-16,00:00:00,1231.78,1241.91,1231.71,1235.41,43265720,1,Tuesday,,
2014-09-17,00:00:00,1235.38,1239.16,1221.36,1223.24,37621850,2,Wednesday,,
2014-09-18,00:00:00,1222.02,1227.86,1215.59,1224.48,53666690,3,Thursday,,
2014-09-19,00:00:00,1224.75,1228.49,1213.65,1215.2,58825320,4,Friday,,
2014-09-22,00:00:00,1215.24,1220.39,1208.16,1214.9,47861450,0,Monday,0.04,0.00329
2014-09-23,00:00:00,1214.86,1235.28,1214.03,1223.17,48191010,1,Tuesday,,
2014-09-24,00:00:00,1223.26,1226.01,1215.64,1216.88,41400620,2,Wednesday,,
2014-09-25,00:00:00,1216.86,1224.43,1206.77,1221.33,55196190,3,Thursday,,
2014-09-26,00:00:00,1221.38,1231.25,1212.21,1217.98,48342540,4,Friday,,
2014-09-29,00:00:00,1218.26,1223.25,1214.86,1215.57,56264450,0,Monday,0.28,0.02299
2014-09-30,00:00:00,1215.55,1220.08,1204.41,1208.0,66936680,1,Tuesday,,
2014-10-01,00:00:00,1207.64,1219.33,1204.56,1213.62,51465420,2,Wednesday,,
2014-10-02,00:00:00,1213.59,1222.31,1208.59,1214.13,54408740,3,Thursday,,
2014-10-03,00:00:00,1214.12,1215.26,1189.96,1190.5,39080230,4,Friday,,
2014-10-06,00:00:00,1191.49,1209.0,1182.83,1206.93,42340910,0,Monday,0.99,0.08316
2014-10-07,00:00:00,1206.9,1213.39,1202.88,1208.69,45262760,1,Tuesday,,
2014-10-08,00:00:00,1209.23,1224.03,1204.89,1220.78,47303560,2,Wednesday,,
2014-10-09,00:00:00,1220.73,1233.31,1218.93,1224.08,50272810,3,Thursday,,
2014-10-10,00:00:00,1224.11,1225.41,1217.33,1222.79,44986530,4,Friday,,
2014-10-13,00:00:00,1223.26,1237.7,1223.07,1228.18,36950170,0,Monday,0.47,0.03844
2014-10-14,00:00:00,1236.83,1238.17,1230.9,1232.51,50180550,1,Tuesday,,
2014-10-15,00:00:00,1232.48,1249.68,1221.78,1241.63,68048490,2,Wednesday,,
2014-10-16,00:00:00,1241.58,1245.15,1235.33,1238.45,73471670,3,Thursday,,
2014-10-17,00:00:00,1238.41,1241.65,1231.62,1237.65,54598550,4,Friday,,
2014-10-20,00:00:00,1238.38,1248.73,1234.58,1246.53,50057480,0,Monday,0.73,0.05898
2014-10-21,00:00:00,1245.87,1255.18,1245.31,1248.42,56297420,1,Tuesday,,
2014-10-22,00:00:00,1248.39,1249.68,1240.42,1240.87,45715840,2,Wednesday,,
2014-10-23,00:00:00,1241.57,1244.56,1226.28,1231.46,46504890,3,Thursday,,
2014-10-24,00:00:00,1233.55,1234.3,1228.72,1230.69,41668300,4,Friday,,
2014-10-27,00:00:00,1230.39,1231.98,1225.34,1226.18,33660370,0,Monday,-0.3,-0.02438
2014-10-28,00:00:00,1225.78,1235.52,1222.43,1228.26,50118580,1,Tuesday,,
2014-10-29,00:00:00,1227.41,1230.52,1208.2,1211.89,39079960,2,Wednesday,,
2014-10-30,00:00:00,1211.13,1216.61,1195.88,1198.44,65705960,3,Thursday,,
2014-10-31,00:00:00,1199.38,1202.65,1161.15,1172.41,83683830,4,Friday,,
2014-11-03,00:00:00,1169.77,1173.78,1161.53,1166.71,50994580,0,Monday,-2.64,-0.22518
2014-11-04,00:00:00,1165.42,1174.79,1163.82,1168.2,52837610,1,Tuesday,,
2014-11-05,00:00:00,1168.18,1169.61,1137.73,1140.3,74954630,2,Wednesday,,
2014-11-06,00:00:00,1140.34,1149.5,1138.06,1141.54,66449810,3,Thursday,,
2014-11-07,00:00:00,1141.42,1178.64,1131.55,1177.72,82086390,4,Friday,,
2014-11-10,00:00:00,1177.45,1177.52,1147.29,1151.21,61475390,0,Monday,-0.27,-0.02293
2014-11-11,00:00:00,1151.88,1173.24,1146.06,1163.95,64370820,1,Tuesday,,
2014-11-12,00:00:00,1164.0,1170.01,1157.23,1162.32,59030690,2,Wednesday,,
2014-11-13,00:00:00,1162.32,1167.89,1153.85,1162.23,66791210,3,Thursday,,
2014-11-14,00:00:00,1162.08,1193.55,1146.85,1188.48,75084280,4,Friday,,
2014-11-17,00:00:00,1186.61,1194.13,1181.41,1186.45,66462030,0,Monday,-1.87,-0.15734
2014-11-18,00:00:00,1186.46,1204.6,1183.34,1196.75,62612100,1,Tuesday,,
2014-11-19,00:00:00,1196.8,1202.13,1175.09,1182.39,65306220,2,Wednesday,,
2014-11-20,00:00:00,1182.91,1197.07,1176.76,1193.48,72811590,3,Thursday,,
2014-11-21,00:00:00,1193.53,1207.76,1186.68,1201.18,69000030,4,Friday,,
2014-11-24,00:00:00,1200.6,1204.19,1192.77,1196.71,42270860,0,Monday,-0.58,-0.04829
2014-11-25,00:00:00,1196.67,1202.91,1190.33,1200.59,45951270,1,Tuesday,,
2014-11-26,00:00:00,1200.55,1201.63,1194.84,1197.72,32251250,2,Wednesday,,
2014-11-27,00:00:00,1197.83,1199.58,1185.55,1190.67,32434920,3,Thursday,,
2014-11-28,00:00:00,1190.47,1190.74,1165.18,1166.49,44978550,4,Friday,,
2014-12-01,00:00:00,1151.08,1221.01,1142.64,1211.64,86585500,0,Monday,-15.41,-1.32106
2014-12-02,00:00:00,1211.59,1213.08,1191.93,1197.98,57369680,1,Tuesday,,
2014-12-03,00:00:00,1197.74,1215.01,1194.42,1209.29,55734870,2,Wednesday,,
2014-12-04,00:00:00,1209.31,1213.3,1201.29,1205.11,50206540,3,Thursday,,
2014-12-05,00:00:00,1205.08,1207.48,1186.31,1191.94,51579870,4,Friday,,
2014-12-08,00:00:00,1190.44,1208.82,1187.07,1203.12,47445780,0,Monday,-1.5,-0.12585
2014-12-09,00:00:00,1202.88,1238.19,1199.34,1230.74,66164670,1,Tuesday,,
2014-12-10,00:00:00,1230.74,1238.17,1224.59,1225.99,65545360,2,Wednesday,,
2014-12-11,00:00:00,1225.94,1232.67,1215.83,1227.13,66729720,3,Thursday,,
2014-12-12,00:00:00,1227.13,1228.04,1214.44,1222.21,60585620,4,Friday,,
2014-12-15,00:00:00,1221.82,1224.08,1190.58,1192.97,67789160,0,Monday,-0.39,-0.03191
2014-12-16,00:00:00,1192.93,1223.45,1187.49,1196.7,69514270,1,Tuesday,,
2014-12-17,00:00:00,1196.68,1202.91,1182.97,1189.37,61772940,2,Wednesday,,
2014-12-18,00:00:00,1189.4,1213.8,1188.28,1198.36,53698490,3,Thursday,,
2014-12-19,00:00:00,1198.36,1201.23,1193.51,1195.36,46709020,4,Friday,,
2014-12-22,00:00:00,1195.46,1203.22,1170.6,1176.15,41760580,0,Monday,0.1,0.00837
2014-12-23,00:00:00,1176.23,1184.87,1172.56,1176.25,38347600,1,Tuesday,,
2014-12-24,00:00:00,1176.28,1181.16,1172.75,1174.67,17566290,2,Wednesday,,
2014-12-26,00:00:00,1176.05,1198.98,1176.02,1195.61,29770830,4,Friday,,
2014-12-29,00:00:00,1194.07,1197.39,1178.81,1182.72,36879940,0,Monday,-1.54,-0.1288
2014-12-30,00:00:00,1181.75,1210.46,1180.67,1200.27,52312420,1,Tuesday,,
2014-12-31,00:00:00,1199.29,1203.77,1179.59,1183.7,29512550,2,Wednesday,,
2015-01-02,00:00:00,1183.95,1195.0,1167.43,1188.35,43273230,4,Friday,,
2015-01-05,00:00:00,1188.11,1207.39,1177.93,1204.36,51359780,0,Monday,-0.24,-0.0202
2015-01-06,00:00:00,1204.11,1223.02,1201.6,1218.16,58300870,1,Tuesday,,
2015-01-07,00:00:00,1217.86,1218.57,1208.95,1210.96,45069150,2,Wednesday,,
2015-01-08,00:00:00,1210.51,1216.43,1204.77,1208.62,46554830,3,Thursday,,
2015-01-09,00:00:00,1208.62,1223.98,1206.94,1223.03,46998520,4,Friday,,
2015-01-12,00:00:00,1223.03,1235.82,1217.47,1233.0,48826440,0,Monday,0.0,0.0
2015-01-13,00:00:00,1232.98,1244.09,1227.24,1230.5,66711360,1,Tuesday,,
2015-01-14,00:00:00,1230.46,1244.31,1224.98,1228.42,78222530,2,Wednesday,,
2015-01-15,00:00:00,1228.45,1266.71,1225.96,1261.98,72674680,3,Thursday,,
2015-01-16,00:00:00,1261.99,1282.03,1254.93,1280.22,61848000,4,Friday,,
2015-01-19,00:00:00,1280.08,1281.36,1272.0,1276.52,35003990,0,Monday,-0.14,-0.01094
2015-01-20,00:00:00,1275.85,1297.12,1274.0,1294.94,62092510,1,Tuesday,,
2015-01-21,00:00:00,1294.48,1305.24,1284.55,1292.96,69390840,2,Wednesday,,
2015-01-22,00:00:00,1292.99,1307.47,1279.53,1301.84,62539370,3,Thursday,,
2015-01-23,00:00:00,1301.66,1302.08,1284.31,1294.0,55323930,4,Friday,,
2015-01-26,00:00:00,1293.11,1299.11,1275.83,1281.09,55337720,0,Monday,-0.89,-0.06878
2015-01-27,00:00:00,1281.09,1297.53,1272.22,1291.97,56203560,1,Tuesday,,
2015-01-28,00:00:00,1291.71,1293.63,1279.7,1284.25,47439600,2,Wednesday,,
2015-01-29,00:00:00,1283.49,1285.87,1252.05,1257.04,59389490,3,Thursday,,
2015-01-30,00:00:00,1256.63,1284.7,1256.63,1283.35,58529680,4,Friday,,
2015-02-02,00:00:00,1281.85,1283.34,1266.29,1274.07,51671520,0,Monday,-1.5,-0.11688
2015-02-03,00:00:00,1273.98,1285.67,1255.46,1259.95,54599300,1,Tuesday,,
2015-02-04,00:00:00,1259.5,1272.35,1256.63,1268.84,51466880,2,Wednesday,,
2015-02-05,00:00:00,1270.08,1273.88,1256.14,1264.47,47088440,3,Thursday,,
2015-02-06,00:00:00,1264.83,1268.7,1228.3,1233.6,43110460,4,Friday,,
2015-02-09,00:00:00,1236.38,1243.66,1234.23,1238.72,45883730,0,Monday,2.78,0.22536
2015-02-10,00:00:00,1237.85,1245.81,1230.95,1233.43,47551990,1,Tuesday,,
2015-02-11,00:00:00,1233.68,1238.65,1216.5,1218.71,39854950,2,Wednesday,,
2015-02-12,00:00:00,1218.77,1232.87,1217.95,1221.69,48447760,3,Thursday,,
2015-02-13,00:00:00,1221.57,1234.9,1221.57,1229.46,48244080,4,Friday,,
2015-02-16,00:00:00,1227.92,1236.54,1227.24,1231.73,22866150,0,Monday,-1.54,-0.12526
2015-02-17,00:00:00,1229.81,1233.93,1203.71,1209.35,32899100,1,Tuesday,,
2015-02-18,00:00:00,1208.85,1213.38,1197.53,1212.09,38266270,2,Wednesday,,
2015-02-19,00:00:00,1212.09,1222.91,1205.33,1206.47,44613100,3,Thursday,,
2015-02-20,00:00:00,1206.45,1215.39,1198.14,1201.58,45107590,4,Friday,,
2015-02-23,00:00:00,1203.37,1210.28,1190.75,1201.47,35496770,0,Monday,1.79,0.14897
2015-02-24,00:00:00,1201.43,1204.47,1190.39,1200.09,45852910,1,Tuesday,,
2015-02-25,00:00:00,1199.47,1211.78,1199.46,1204.65,40045130,2,Wednesday,,
2015-02-26,00:00:00,1204.61,1219.94,1203.53,1209.05,54368940,3,Thursday,,
2015-02-27,00:00:00,1208.57,1219.33,1204.44,1212.97,50027670,4,Friday,,
2015-03-02,00:00:00,1213.67,1223.19,1204.6,1206.5,48258390,0,Monday,0.7,0.05771
2015-03-03,00:00:00,1205.84,1214.77,1195.38,1203.34,46792140,1,Tuesday,,
2015-03-04,00:00:00,1203.85,1208.93,1198.21,1200.0,39694810,2,Wednesday,,
2015-03-05,00:00:00,1200.32,1209.38,1196.46,1198.07,37418720,3,Thursday,,
2015-03-06,00:00:00,1197.77,1200.64,1163.72,1166.99,45860800,4,Friday,,
2015-03-09,00:00:00,1169.21,1175.29,1165.8,1166.64,32293200,0,Monday,2.22,0.19023
2015-03-10,00:00:00,1167.3,1170.53,1155.19,1161.55,45916610,1,Tuesday,,
2015-03-11,00:00:00,1161.64,1165.19,1147.46,1154.66,43396420,2,Wednesday,,
2015-03-12,00:00:00,1155.06,1166.48,1148.54,1153.52,48242640,3,Thursday,,
2015-03-13,00:00:00,1153.25,1161.72,1151.35,1158.09,38839410,4,Friday,,
2015-03-16,00:00:00,1158.72,1164.05,1150.34,1154.49,34586880,0,Monday,0.63,0.0544
2015-03-17,00:00:00,1154.28,1159.83,1142.76,1149.09,41047180,1,Tuesday,,
2015-03-18,00:00:00,1148.31,1175.61,1145.91,1167.24,39380940,2,Wednesday,,
2015-03-19,00:00:00,1166.79,1177.74,1159.51,1170.92,51450600,3,Thursday,,
2015-03-20,00:00:00,1170.61,1187.95,1168.73,1181.88,45885740,4,Friday,,
2015-03-23,00:00:00,1183.47,1191.58,1179.31,1189.28,50997610,0,Monday,1.59,0.13453
2015-03-24,00:00:00,1188.91,1194.99,1185.4,1192.69,48654280,1,Tuesday,,
2015-03-25,00:00:00,1192.61,1199.69,1186.62,1194.86,40996490,2,Wednesday,,
2015-03-26,00:00:00,1195.37,1219.68,1194.47,1204.39,48885670,3,Thursday,,
2015-03-27,00:00:00,1203.57,1206.15,1192.6,1198.29,41417340,4,Friday,,
2015-03-30,00:00:00,1198.57,1199.36,1182.32,1185.84,36595470,0,Monday,0.28,0.02337
2015-03-31,00:00:00,1185.64,1190.72,1178.39,1183.27,48677850,1,Tuesday,,
2015-04-01,00:00:00,1182.84,1208.6,1180.82,1203.67,45351200,2,Wednesday,,
2015-04-02,00:00:00,1203.61,1207.3,1194.91,1202.17,43896510,3,Thursday,,
2015-04-03,00:00:00,1201.98,1201.98,1201.9,1201.9,740,4,Friday,,
2015-04-06,00:00:00,1213.16,1224.19,1212.9,1214.44,40270570,0,Monday,11.26,0.93685
2015-04-07,00:00:00,1213.81,1215.74,1207.42,1208.73,37186480,1,Tuesday,,
2015-04-08,00:00:00,1208.66,1212.31,1197.38,1202.12,44567570,2,Wednesday,,
2015-04-09,00:00:00,1202.63,1203.28,1192.62,1194.51,41189420,3,Thursday,,
2015-04-10,00:00:00,1194.36,1210.74,1193.25,1206.77,39423300,4,Friday,,
2015-04-13,00:00:00,1206.83,1209.5,1196.39,1198.63,41212780,0,Monday,0.06,0.00497
2015-04-14,00:00:00,1198.4,1201.43,1183.97,1192.43,49178540,1,Tuesday,,
2015-04-15,00:00:00,1191.84,1204.54,1188.9,1202.21,41421290,2,Wednesday,,
2015-04-16,00:00:00,1202.18,1209.17,1194.75,1198.13,52204930,3,Thursday,,
2015-04-17,00:00:00,1197.92,1207.78,1197.43,1203.05,54493960,4,Friday,,
2015-04-20,00:00:00,1204.57,1209.08,1191.38,1195.46,47867100,0,Monday,1.52,0.12635
2015-04-21,00:00:00,1195.02,1204.28,1193.14,1202.09,39960670,1,Tuesday,,
2015-04-22,00:00:00,1202.03,1204.76,1185.68,1186.93,48095330,2,Wednesday,,
2015-04-23,00:00:00,1186.88,1197.98,1184.3,1193.65,50830880,3,Thursday,,
2015-04-24,00:00:00,1193.2,1195.9,1175.2,1179.05,47250650,4,Friday,,
2015-04-27,00:00:00,1179.82,1207.22,1178.61,1201.75,53451480,0,Monday,0.77,0.06531
2015-04-28,00:00:00,1201.75,1215.03,1199.21,1211.68,56363980,1,Tuesday,,
2015-04-29,00:00:00,1211.5,1214.04,1201.35,1204.38,50495580,2,Wednesday,,
2015-04-30,00:00:00,1204.32,1207.18,1177.05,1183.83,51423520,3,Thursday,,
2015-05-01,00:00:00,1183.59,1185.19,1169.58,1178.03,40730450,4,Friday,,
2015-05-04,00:00:00,1177.96,1192.81,1177.71,1187.84,44078510,0,Monday,-0.07,-0.00594
2015-05-05,00:00:00,1187.71,1199.81,1185.71,1193.04,55082120,1,Tuesday,,
2015-05-06,00:00:00,1193.04,1197.61,1188.22,1191.91,41570140,2,Wednesday,,
2015-05-07,00:00:00,1191.67,1192.8,1178.84,1184.17,44268700,3,Thursday,,
2015-05-08,00:00:00,1184.11,1193.44,1181.81,1187.88,56496620,4,Friday,,
2015-05-11,00:00:00,1189.49,1191.77,1178.89,1183.58,36849510,0,Monday,1.61,0.13554
2015-05-12,00:00:00,1183.51,1197.03,1180.83,1193.53,50534530,1,Tuesday,,
2015-05-13,00:00:00,1193.34,1218.86,1191.25,1215.39,58260120,2,Wednesday,,
2015-05-14,00:00:00,1215.26,1227.27,1212.31,1220.73,59372990,3,Thursday,,
2015-05-15,00:00:00,1220.6,1226.14,1210.96,1223.69,46494720,4,Friday,,
2015-05-18,00:00:00,1223.86,1232.33,1221.59,1225.17,48517200,0,Monday,0.17,0.01389
2015-05-19,00:00:00,1224.84,1225.59,1205.75,1207.48,51277800,1,Tuesday,,
2015-05-20,00:00:00,1207.27,1213.37,1203.28,1209.39,51807950,2,Wednesday,,
2015-05-21,00:00:00,1209.32,1212.76,1201.59,1205.82,40235490,3,Thursday,,
2015-05-22,00:00:00,1205.65,1214.84,1201.53,1205.89,39178890,4,Friday,,
2015-05-25,00:00:00,1205.57,1208.58,1202.8,1207.0,17713800,0,Monday,-0.32,-0.02654
2015-05-26,00:00:00,1206.8,1207.51,1185.53,1186.96,39092370,1,Tuesday,,
2015-05-27,00:00:00,1186.78,1190.86,1183.67,1187.63,41943940,2,Wednesday,,
2015-05-28,00:00:00,1187.35,1192.15,1180.42,1188.08,44361470,3,Thursday,,
2015-05-29,00:00:00,1187.68,1193.87,1185.75,1190.3,45505430,4,Friday,,
2015-06-01,00:00:00,1189.27,1204.25,1184.56,1188.88,56102900,0,Monday,-1.03,-0.08653
2015-06-02,00:00:00,1188.79,1196.25,1185.95,1192.76,49088020,1,Tuesday,,
2015-06-03,00:00:00,1192.38,1195.54,1179.39,1184.66,53035830,2,Wednesday,,
2015-06-04,00:00:00,1184.56,1186.17,1172.91,1176.57,51927990,3,Thursday,,
2015-06-05,00:00:00,1176.25,1178.58,1162.74,1171.69,48101750,4,Friday,,
2015-06-08,00:00:00,1170.53,1177.58,1169.07,1173.86,50139020,0,Monday,-1.16,-0.099
2015-06-09,00:00:00,1173.83,1182.9,1172.5,1176.6,49864450,1,Tuesday,,
2015-06-10,00:00:00,1176.29,1192.26,1175.2,1185.86,58550460,2,Wednesday,,
2015-06-11,00:00:00,1185.56,1187.93,1175.63,1181.8,45854250,3,Thursday,,
2015-06-12,00:00:00,1181.58,1184.25,1176.68,1181.42,43476500,4,Friday,,
2015-06-15,00:00:00,1180.44,1190.49,1172.73,1186.12,55638110,0,Monday,-0.98,-0.08295
2015-06-16,00:00:00,1185.97,1187.87,1176.03,1181.77,49001460,1,Tuesday,,
2015-06-17,00:00:00,1181.47,1189.14,1174.57,1185.25,42277480,2,Wednesday,,
2015-06-18,00:00:00,1184.86,1205.69,1183.56,1201.61,60912430,3,Thursday,,
2015-06-19,00:00:00,1201.25,1204.14,1198.32,1199.8,45722590,4,Friday,,
2015-06-22,00:00:00,1199.63,1200.96,1182.12,1185.58,38432670,0,Monday,-0.17,-0.01417
2015-06-23,00:00:00,1185.27,1188.07,1176.41,1178.31,42197150,1,Tuesday,,
2015-06-24,00:00:00,1177.98,1180.23,1170.85,1175.17,34937590,2,Wednesday,,
2015-06-25,00:00:00,1174.71,1178.1,1171.54,1172.89,34309920,3,Thursday,,
2015-06-26,00:00:00,1172.88,1178.62,1168.53,1175.24,40726370,4,Friday,,
2015-06-29,00:00:00,1184.23,1188.07,1173.81,1179.49,59131840,0,Monday,8.99,0.76495
2015-06-30,00:00:00,1179.99,1180.45,1166.9,1172.0,60986410,1,Tuesday,,
2015-07-01,00:00:00,1171.89,1175.05,1167.55,1168.52,49169640,2,Wednesday,,
2015-07-02,00:00:00,1168.15,1169.36,1156.98,1165.88,53987340,3,Thursday,,
2015-07-03,00:00:00,1165.75,1170.23,1164.56,1168.65,25074180,4,Friday,,
2015-07-06,00:00:00,1173.6,1174.88,1162.85,1169.97,53958620,0,Monday,4.95,0.42357
2015-07-07,00:00:00,1169.88,1170.38,1147.98,1154.78,59700480,1,Tuesday,,
2015-07-08,00:00:00,1154.73,1164.63,1147.16,1157.99,78830140,2,Wednesday,,
2015-07-09,00:00:00,1157.81,1167.66,1155.95,1158.94,61852240,3,Thursday,,
2015-07-10,00:00:00,1159.51,1165.38,1157.31,1162.92,51110210,4,Friday,,
2015-07-13,00:00:00,1163.0,1164.76,1151.12,1157.63,51487270,0,Monday,0.08,0.00688
2015-07-14,00:00:00,1157.48,1159.74,1152.89,1155.56,44081980,1,Tuesday,,
2015-07-15,00:00:00,1155.0,1156.79,1143.21,1149.14,40630870,2,Wednesday,,
2015-07-16,00:00:00,1149.05,1149.37,1142.23,1145.06,52608610,3,Thursday,,
2015-07-17,00:00:00,1144.96,1145.74,1131.16,1134.2,51850300,4,Friday,,
2015-07-20,00:00:00,1133.47,1133.47,1070.7,1096.14,90852550,0,Monday,-0.73,-0.06436
2015-07-21,00:00:00,1098.36,1109.88,1096.87,1100.78,63283810,1,Tuesday,,
2015-07-22,00:00:00,1101.17,1103.28,1087.08,1093.83,66255110,2,Wednesday,,
2015-07-23,00:00:00,1093.73,1105.87,1087.19,1090.24,71242730,3,Thursday,,
2015-07-24,00:00:00,1090.41,1101.56,1077.22,1098.57,73988630,4,Friday,,
2015-07-27,00:00:00,1099.03,1105.0,1088.34,1093.51,78095520,0,Monday,0.46,0.04187
2015-07-28,00:00:00,1094.66,1098.95,1091.56,1095.18,57782670,1,Tuesday,,
2015-07-29,00:00:00,1095.07,1101.85,1090.4,1096.04,61204170,2,Wednesday,,
2015-07-30,00:00:00,1096.9,1098.59,1082.5,1088.16,58645750,3,Thursday,,
2015-07-31,00:00:00,1088.13,1103.38,1079.95,1095.27,66030450,4,Friday,,
2015-08-03,00:00:00,1095.91,1097.69,1085.81,1086.34,50926960,0,Monday,0.64,0.05843
2015-08-04,00:00:00,1083.19,1094.7,1080.97,1087.19,61364620,1,Tuesday,,
2015-08-05,00:00:00,1087.89,1092.57,1082.96,1084.69,54932450,2,Wednesday,,
2015-08-06,00:00:00,1084.6,1093.97,1083.47,1089.2,49962670,3,Thursday,,
2015-08-07,00:00:00,1089.31,1099.46,1082.78,1092.92,64251590,4,Friday,,
2015-08-10,00:00:00,1094.34,1108.88,1089.6,1104.14,52512490,0,Monday,1.42,0.12993
2015-08-11,00:00:00,1104.15,1119.35,1093.78,1108.54,63471190,1,Tuesday,,
2015-08-12,00:00:00,1108.67,1125.66,1101.74,1124.06,65556510,2,Wednesday,,
2015-08-13,00:00:00,1125.45,1126.81,1113.59,1114.81,62671760,3,Thursday,,
2015-08-14,00:00:00,1114.72,1121.02,1111.86,1113.83,51349690,4,Friday,,
2015-08-17,00:00:00,1113.96,1122.79,1113.56,1117.23,44149340,0,Monday,0.13,0.01167
2015-08-18,00:00:00,1117.79,1121.08,1109.64,1117.18,48608040,1,Tuesday,,
2015-08-19,00:00:00,1117.68,1134.58,1116.26,1133.51,58902840,2,Wednesday,,
2015-08-20,00:00:00,1133.51,1153.97,1132.59,1151.91,56881490,3,Thursday,,
2015-08-21,00:00:00,1151.86,1168.22,1148.91,1160.07,69207410,4,Friday,,
2015-08-24,00:00:00,1160.74,1170.03,1145.76,1154.35,88344430,0,Monday,0.67,0.05776
2015-08-25,00:00:00,1155.56,1156.58,1134.57,1140.07,73264410,1,Tuesday,,
2015-08-26,00:00:00,1139.96,1146.41,1117.72,1124.76,87323660,2,Wednesday,,
2015-08-27,00:00:00,1125.41,1129.3,1118.28,1124.52,90412700,3,Thursday,,
2015-08-28,00:00:00,1124.95,1140.79,1123.76,1133.02,80971390,4,Friday,,
2015-08-31,00:00:00,1132.85,1136.63,1125.67,1134.47,63824180,0,Monday,-0.17,-0.015
2015-09-01,00:00:00,1134.23,1147.86,1134.22,1139.94,74150910,1,Tuesday,,
2015-09-02,00:00:00,1139.45,1142.4,1132.05,1133.71,64204940,2,Wednesday,,
2015-09-03,00:00:00,1133.56,1134.26,1121.81,1124.8,57610600,3,Thursday,,
2015-09-04,00:00:00,1125.03,1132.21,1116.78,1120.92,55343520,4,Friday,,
2015-09-07,00:00:00,1122.92,1124.78,1115.79,1118.82,37224140,0,Monday,2.0,0.17842
2015-09-08,00:00:00,1118.31,1126.68,1118.31,1121.1,60200390,1,Tuesday,,
2015-09-09,00:00:00,1121.71,1125.34,1101.24,1107.18,62429920,2,Wednesday,,
2015-09-10,00:00:00,1106.39,1114.99,1103.74,1110.63,68569760,3,Thursday,,
2015-09-11,00:00:00,1111.0,1112.87,1098.73,1107.2,51317010,4,Friday,,
2015-09-14,00:00:00,1107.69,1110.42,1103.53,1108.7,42031230,0,Monday,0.49,0.04426
2015-09-15,00:00:00,1107.84,1109.32,1102.46,1104.91,38782820,1,Tuesday,,
2015-09-16,00:00:00,1105.09,1124.15,1103.96,1119.12,59966230,2,Wednesday,,
2015-09-17,00:00:00,1119.2,1135.68,1115.39,1131.09,64773940,3,Thursday,,
2015-09-18,00:00:00,1131.09,1141.64,1127.53,1138.42,68463890,4,Friday,,
2015-09-21,00:00:00,1138.91,1139.89,1129.52,1133.01,39786260,0,Monday,0.49,0.04304
2015-09-22,00:00:00,1132.9,1136.6,1121.33,1124.29,51627030,1,Tuesday,,
2015-09-23,00:00:00,1124.32,1134.17,1121.82,1130.01,40521710,2,Wednesday,,
2015-09-24,00:00:00,1130.5,1156.71,1130.04,1153.53,68499450,3,Thursday,,
2015-09-25,00:00:00,1151.01,1151.62,1140.73,1145.78,59203860,4,Friday,,
2015-09-28,00:00:00,1145.04,1148.2,1127.92,1131.73,59116890,0,Monday,-0.74,-0.06458
2015-09-29,00:00:00,1131.81,1134.64,1124.3,1126.86,67689600,1,Tuesday,,
2015-09-30,00:00:00,1127.13,1128.12,1111.7,1114.52,68447140,2,Wednesday,,
2015-10-01,00:00:00,1115.07,1119.11,1111.04,1113.24,47839770,3,Thursday,,
2015-10-02,00:00:00,1112.89,1141.22,1104.61,1138.06,69992450,4,Friday,,
2015-10-05,00:00:00,1137.52,1141.88,1130.09,1135.35,69717920,0,Monday,-0.54,-0.04745
2015-10-06,00:00:00,1135.22,1151.13,1134.95,1146.86,48277780,1,Tuesday,,
2015-10-07,00:00:00,1146.65,1153.63,1141.74,1145.08,61332580,2,Wednesday,,
2015-10-08,00:00:00,1145.36,1151.26,1136.57,1138.8,63885690,3,Thursday,,
2015-10-09,00:00:00,1138.58,1159.63,1138.55,1154.71,75897140,4,Friday,,
2015-10-12,00:00:00,1155.15,1169.0,1154.79,1163.35,55398810,0,Monday,0.44,0.0381
2015-10-13,00:00:00,1163.09,1168.64,1151.79,1166.17,70848130,1,Tuesday,,
2015-10-14,00:00:00,1168.45,1189.74,1163.38,1183.69,82534190,2,Wednesday,,
2015-10-15,00:00:00,1183.99,1191.45,1174.4,1182.9,79618710,3,Thursday,,
2015-10-16,00:00:00,1182.34,1184.44,1174.24,1176.64,65052890,4,Friday,,
2015-10-19,00:00:00,1176.45,1178.15,1168.55,1170.59,54706790,0,Monday,-0.19,-0.01615
2015-10-20,00:00:00,1170.58,1180.89,1167.33,1175.77,60863720,1,Tuesday,,
2015-10-21,00:00:00,1175.45,1179.22,1163.72,1166.92,68632880,2,Wednesday,,
2015-10-22,00:00:00,1166.76,1171.73,1162.58,1165.42,75681080,3,Thursday,,
2015-10-23,00:00:00,1165.8,1179.35,1158.93,1164.18,76759680,4,Friday,,
2015-10-26,00:00:00,1163.64,1169.64,1162.07,1163.06,54621900,0,Monday,-0.54,-0.04638
2015-10-27,00:00:00,1162.82,1168.73,1160.68,1166.48,48235970,1,Tuesday,,
2015-10-28,00:00:00,1166.37,1182.91,1152.28,1155.83,64987610,2,Wednesday,,
2015-10-29,00:00:00,1156.15,1162.64,1143.38,1143.38,80222110,3,Thursday,,
2015-10-30,00:00:00,1146.7,1150.02,1139.21,1141.83,79172210,4,Friday,,
2015-11-02,00:00:00,1141.65,1142.99,1132.55,1133.31,56007930,0,Monday,-0.18,-0.01576
2015-11-03,00:00:00,1133.22,1138.24,1114.36,1117.4,59765310,1,Tuesday,,
2015-11-04,00:00:00,1117.46,1122.78,1106.33,1107.58,66232610,2,Wednesday,,
2015-11-05,00:00:00,1107.43,1111.45,1102.92,1103.59,56344260,3,Thursday,,
2015-11-06,00:00:00,1103.18,1110.43,1085.4,1089.45,59455650,4,Friday,,
2015-11-09,00:00:00,1089.74,1095.72,1088.34,1091.93,56837900,0,Monday,0.29,0.02662
2015-11-10,00:00:00,1091.7,1094.59,1085.18,1089.31,54054160,1,Tuesday,,
2015-11-11,00:00:00,1089.48,1093.55,1084.11,1086.13,49187100,2,Wednesday,,
2015-11-12,00:00:00,1086.08,1089.64,1074.13,1084.9,57655070,3,Thursday,,
2015-11-13,00:00:00,1084.56,1088.56,1079.71,1083.49,60437810,4,Friday,,
2015-11-16,00:00:00,1089.14,1098.14,1081.31,1082.66,69938800,0,Monday,5.65,0.52146
2015-11-17,00:00:00,1083.43,1084.97,1065.43,1070.01,64409950,1,Tuesday,,
2015-11-18,00:00:00,1071.08,1075.36,1064.62,1070.32,69454780,2,Wednesday,,
2015-11-19,00:00:00,1069.89,1087.38,1069.38,1081.91,76612200,3,Thursday,,
2015-11-20,00:00:00,1081.1,1088.05,1075.8,1077.59,68766890,4,Friday,,
2015-11-23,00:00:00,1077.03,1077.07,1066.76,1068.95,65872240,0,Monday,-0.56,-0.05197
2015-11-24,00:00:00,1068.81,1081.1,1068.64,1075.08,61309830,1,Tuesday,,
2015-11-25,00:00:00,1075.24,1080.78,1067.89,1070.86,52516160,2,Wednesday,,
2015-11-26,00:00:00,1071.36,1074.82,1069.64,1071.55,32778920,3,Thursday,,
2015-11-27,00:00:00,1071.42,1073.75,1052.71,1057.47,53687170,4,Friday,,
2015-11-30,00:00:00,1056.84,1069.68,1053.13,1064.24,53880180,0,Monday,-0.63,-0.05958
2015-12-01,00:00:00,1064.8,1074.63,1063.2,1068.84,67669760,1,Tuesday,,
2015-12-02,00:00:00,1068.41,1071.43,1050.6,1053.24,65548510,2,Wednesday,,
2015-12-03,00:00:00,1053.68,1065.4,1046.23,1061.69,94218840,3,Thursday,,
2015-12-04,00:00:00,1062.67,1088.84,1058.13,1085.85,97319150,4,Friday,,
2015-12-07,00:00:00,1085.67,1086.58,1066.19,1070.93,80290700,0,Monday,-0.18,-0.01658
2015-12-08,00:00:00,1070.34,1079.16,1067.59,1074.5,73223080,1,Tuesday,,
2015-12-09,00:00:00,1074.79,1085.35,1069.5,1072.4,77038120,2,Wednesday,,
2015-12-10,00:00:00,1071.85,1076.43,1069.36,1071.21,65924620,3,Thursday,,
2015-12-11,00:00:00,1071.66,1079.49,1062.38,1074.19,78288650,4,Friday,,
2015-12-14,00:00:00,1073.26,1077.5,1058.65,1059.77,76881690,0,Monday,-0.93,-0.08658
2015-12-15,00:00:00,1059.63,1068.67,1058.85,1060.78,74205310,1,Tuesday,,
2015-12-16,00:00:00,1060.74,1078.31,1060.64,1072.06,61444530,2,Wednesday,,
2015-12-17,00:00:00,1073.03,1073.18,1047.64,1050.83,80861260,3,Thursday,,
2015-12-18,00:00:00,1052.19,1071.58,1050.86,1065.81,65682430,4,Friday,,
2015-12-21,00:00:00,1065.9,1081.64,1063.84,1077.83,67196840,0,Monday,0.09,0.00844
2015-12-22,00:00:00,1078.06,1080.69,1071.72,1072.18,64858120,1,Tuesday,,
2015-12-23,00:00:00,1072.6,1075.46,1068.27,1070.07,52775510,2,Wednesday,,
2015-12-24,00:00:00,1070.16,1076.94,1070.08,1075.81,41469650,3,Thursday,,
2015-12-28,00:00:00,1075.68,1076.9,1066.46,1068.8,70111930,0,Monday,-0.13,-0.01208
2015-12-29,00:00:00,1068.68,1075.3,1067.4,1068.48,67771320,1,Tuesday,,
2015-12-30,00:00:00,1068.76,1072.22,1059.39,1061.01,69106280,2,Wednesday,,
2015-12-31,00:00:00,1061.29,1063.49,1058.17,1060.88,61738260,3,Thursday,,
2016-01-04,00:00:00,1062.34,1083.49,1061.73,1074.23,76132100,0,Monday,1.46,0.13762
2016-01-05,00:00:00,1073.55,1082.05,1072.63,1077.23,72690860,1,Tuesday,,
2016-01-06,00:00:00,1076.97,1095.18,1074.93,1093.22,77279880,2,Wednesday,,
2016-01-07,00:00:00,1093.41,1110.08,1091.35,1108.67,95722650,3,Thursday,,
2016-01-08,00:00:00,1108.27,1112.95,1092.23,1104.03,90385970,4,Friday,,
2016-01-11,00:00:00,1103.75,1108.4,1093.56,1093.88,89342530,0,Monday,-0.28,-0.02536
2016-01-12,00:00:00,1093.44,1099.19,1083.45,1086.09,90925990,1,Tuesday,,
2016-01-13,00:00:00,1086.69,1095.45,1079.76,1093.19,91510690,2,Wednesday,,
2016-01-14,00:00:00,1093.36,1095.21,1071.42,1078.06,96497970,3,Thursday,,
2016-01-15,00:00:00,1079.26,1097.28,1076.2,1088.37,102262620,4,Friday,,
2016-01-18,00:00:00,1089.4,1093.31,1087.51,1088.69,64345260,0,Monday,1.03,0.09464
2016-01-19,00:00:00,1088.8,1094.53,1082.46,1087.07,102807900,1,Tuesday,,
2016-01-20,00:00:00,1087.07,1109.62,1086.98,1100.37,93047040,2,Wednesday,,
2016-01-21,00:00:00,1100.71,1104.51,1092.39,1100.74,101069520,3,Thursday,,
2016-01-22,00:00:00,1101.24,1102.78,1094.04,1097.46,75412150,4,Friday,,
2016-01-25,00:00:00,1097.3,1108.88,1097.13,1107.66,59228790,0,Monday,-0.16,-0.01458
2016-01-26,00:00:00,1107.41,1122.91,1106.94,1119.59,66907550,1,Tuesday,,
2016-01-27,00:00:00,1119.02,1127.99,1114.87,1124.6,63256660,2,Wednesday,,
2016-01-28,00:00:00,1125.1,1125.78,1110.9,1114.79,69709250,3,Thursday,,
2016-01-29,00:00:00,1114.14,1118.4,1108.35,1117.89,71076180,4,Friday,,
2016-02-01,00:00:00,1117.64,1129.68,1115.35,1128.18,65328600,0,Monday,-0.25,-0.02236
2016-02-02,00:00:00,1127.68,1130.95,1122.27,1128.78,62088680,1,Tuesday,,
2016-02-03,00:00:00,1128.53,1145.46,1124.32,1142.09,86861450,2,Wednesday,,
2016-02-04,00:00:00,1141.59,1157.31,1139.55,1155.04,96978430,3,Thursday,,
2016-02-05,00:00:00,1154.43,1174.49,1145.19,1173.35,94181450,4,Friday,,
2016-02-08,00:00:00,1173.3,1200.8,1164.25,1188.74,102345800,0,Monday,-0.05,-0.00426
2016-02-09,00:00:00,1190.17,1198.88,1185.64,1188.67,112540730,1,Tuesday,,
2016-02-10,00:00:00,1189.13,1197.69,1181.49,1196.78,105541450,2,Wednesday,,
2016-02-11,00:00:00,1197.24,1263.33,1195.6,1246.22,123892070,3,Thursday,,
2016-02-12,00:00:00,1246.98,1248.18,1232.37,1237.45,113623680,4,Friday,,
2016-02-15,00:00:00,1231.09,1234.8,1202.19,1208.9,67337870,0,Monday,-6.36,-0.51396
2016-02-16,00:00:00,1208.23,1216.94,1190.83,1200.1,103877630,1,Tuesday,,
2016-02-17,00:00:00,1201.18,1213.71,1195.61,1208.1,108829460,2,Wednesday,,
2016-02-18,00:00:00,1209.28,1239.88,1200.69,1230.47,95819480,3,Thursday,,
2016-02-19,00:00:00,1230.41,1234.53,1219.9,1225.83,101773820,4,Friday,,
2016-02-22,00:00:00,1225.06,1226.19,1201.87,1208.33,96615260,0,Monday,-0.77,-0.06281
2016-02-23,00:00:00,1208.39,1228.23,1207.15,1225.3,96958090,1,Tuesday,,
2016-02-24,00:00:00,1225.16,1253.25,1221.74,1228.34,127921380,2,Wednesday,,
2016-02-25,00:00:00,1227.95,1242.93,1221.13,1232.62,127247500,3,Thursday,,
2016-02-26,00:00:00,1231.69,1240.46,1211.46,1222.42,103587640,4,Friday,,
2016-02-29,00:00:00,1222.51,1241.07,1215.65,1238.17,110990750,0,Monday,0.09,0.00736
2016-03-01,00:00:00,1237.53,1248.46,1227.15,1231.68,118318130,1,Tuesday,,
2016-03-02,00:00:00,1231.21,1244.01,1224.71,1239.62,97402220,2,Wednesday,,
2016-03-03,00:00:00,1239.9,1268.25,1237.35,1263.9,121547430,3,Thursday,,
2016-03-04,00:00:00,1263.48,1279.73,1250.51,1258.99,123621380,4,Friday,,
2016-03-07,00:00:00,1260.11,1273.11,1256.66,1266.79,108491010,0,Monday,1.12,0.08896
2016-03-08,00:00:00,1267.07,1278.04,1260.5,1261.03,110715140,1,Tuesday,,
2016-03-09,00:00:00,1261.42,1264.89,1242.91,1252.64,108227620,2,Wednesday,,
2016-03-10,00:00:00,1252.57,1273.3,1237.11,1271.93,102926040,3,Thursday,,
2016-03-11,00:00:00,1271.21,1284.19,1248.17,1250.39,107594660,4,Friday,,
2016-03-14,00:00:00,1249.98,1261.04,1229.2,1234.93,80984830,0,Monday,-0.41,-0.03279
2016-03-15,00:00:00,1235.33,1238.04,1225.66,1232.35,80177290,1,Tuesday,,
2016-03-16,00:00:00,1232.44,1263.84,1226.72,1262.32,93948500,2,Wednesday,,
2016-03-17,00:00:00,1260.82,1270.89,1254.39,1257.61,121347580,3,Thursday,,
2016-03-18,00:00:00,1256.97,1266.85,1247.8,1254.79,108098250,4,Friday,,
2016-03-21,00:00:00,1254.18,1255.96,1240.57,1243.59,78789680,0,Monday,-0.61,-0.04861
2016-03-22,00:00:00,1243.94,1260.24,1242.31,1248.05,93253930,1,Tuesday,,
2016-03-23,00:00:00,1247.92,1249.43,1215.3,1219.87,100327050,2,Wednesday,,
2016-03-24,00:00:00,1220.62,1223.73,1212.16,1216.95,97007930,3,Thursday,,
2016-03-28,00:00:00,1215.61,1223.06,1208.07,1221.21,80504860,0,Monday,-1.34,-0.11011
2016-03-29,00:00:00,1221.41,1242.88,1215.29,1240.22,82407530,1,Tuesday,,
2016-03-30,00:00:00,1240.82,1244.03,1223.17,1224.77,89888930,2,Wednesday,,
2016-03-31,00:00:00,1225.27,1240.35,1223.84,1232.27,93870100,3,Thursday,,
2016-04-01,00:00:00,1232.2,1235.26,1209.0,1221.45,102656020,4,Friday,,
2016-04-04,00:00:00,1220.1,1222.55,1214.55,1215.38,93017970,0,Monday,-1.35,-0.11052
2016-04-05,00:00:00,1215.57,1236.75,1214.73,1231.04,117441950,1,Tuesday,,
2016-04-06,00:00:00,1230.84,1232.18,1216.48,1222.03,101329710,2,Wednesday,,
2016-04-07,00:00:00,1222.43,1243.2,1222.38,1240.2,128734940,3,Thursday,,
2016-04-08,00:00:00,1240.05,1242.64,1229.55,1239.06,92387680,4,Friday,,
2016-04-11,00:00:00,1239.4,1258.66,1239.2,1257.55,105734950,0,Monday,0.34,0.02744
2016-04-12,00:00:00,1258.04,1262.59,1251.11,1255.24,97992080,1,Tuesday,,
2016-04-13,00:00:00,1255.18,1256.71,1239.75,1242.29,95046410,2,Wednesday,,
2016-04-14,00:00:00,1241.7,1244.05,1223.79,1227.63,119412030,3,Thursday,,
2016-04-15,00:00:00,1227.12,1235.84,1225.2,1233.4,86968890,4,Friday,,
2016-04-18,00:00:00,1234.68,1241.58,1230.06,1232.04,76545810,0,Monday,1.28,0.10378
2016-04-19,00:00:00,1232.24,1256.58,1227.65,1249.98,93738070,1,Tuesday,,
2016-04-20,00:00:00,1249.61,1257.94,1242.33,1244.06,100022250,2,Wednesday,,
2016-04-21,00:00:00,1242.8,1270.22,1242.44,1247.86,110165930,3,Thursday,,
2016-04-22,00:00:00,1246.82,1252.61,1227.35,1231.88,103595520,4,Friday,,
2016-04-25,00:00:00,1232.71,1242.23,1229.99,1237.62,85180700,0,Monday,0.83,0.06738
2016-04-26,00:00:00,1237.89,1244.88,1231.3,1243.21,104412670,1,Tuesday,,
2016-04-27,00:00:00,1243.69,1252.6,1239.35,1245.6,85093200,2,Wednesday,,
2016-04-28,00:00:00,1245.53,1269.59,1237.69,1266.27,103343370,3,Thursday,,
2016-04-29,00:00:00,1266.0,1296.65,1264.87,1292.14,85402160,4,Friday,,
2016-05-02,00:00:00,1290.48,1303.65,1287.61,1291.18,91734420,0,Monday,-1.66,-0.12847
2016-05-03,00:00:00,1291.29,1301.7,1282.17,1286.14,104218490,1,Tuesday,,
2016-05-04,00:00:00,1284.98,1289.74,1271.75,1279.14,101812770,2,Wednesday,,
2016-05-05,00:00:00,1279.21,1286.4,1268.79,1276.61,110291930,3,Thursday,,
2016-05-06,00:00:00,1277.3,1295.49,1274.39,1287.03,101310380,4,Friday,,
2016-05-09,00:00:00,1284.48,1287.48,1261.24,1263.65,121206170,0,Monday,-2.55,-0.19813
2016-05-10,00:00:00,1263.8,1269.46,1256.81,1264.6,122505980,1,Tuesday,,
2016-05-11,00:00:00,1265.62,1279.08,1264.7,1277.18,100131200,2,Wednesday,,
2016-05-12,00:00:00,1277.6,1280.87,1261.59,1262.08,102677690,3,Thursday,,
2016-05-13,00:00:00,1263.27,1276.27,1262.78,1272.46,99353380,4,Friday,,
2016-05-16,00:00:00,1271.43,1288.66,1270.93,1273.67,102258270,0,Monday,-1.03,-0.08095
2016-05-17,00:00:00,1273.34,1282.19,1269.07,1278.78,106881940,1,Tuesday,,
2016-05-18,00:00:00,1279.06,1281.44,1255.02,1258.37,116266220,2,Wednesday,,
2016-05-19,00:00:00,1257.86,1261.23,1243.79,1253.32,110672330,3,Thursday,,
2016-05-20,00:00:00,1254.85,1260.2,1248.76,1251.57,92354050,4,Friday,,
2016-05-23,00:00:00,1250.93,1255.99,1243.1,1247.61,102743720,0,Monday,-0.64,-0.05114
2016-05-24,00:00:00,1248.78,1252.14,1225.96,1225.96,121588160,1,Tuesday,,
2016-05-25,00:00:00,1227.04,1230.12,1217.79,1223.07,105392590,2,Wednesday,,
2016-05-26,00:00:00,1223.52,1234.14,1218.22,1219.2,93215820,3,Thursday,,
2016-05-27,00:00:00,1219.6,1223.53,1206.68,1212.24,94970710,4,Friday,,
2016-05-30,00:00:00,1212.41,1213.36,1199.73,1204.51,51673490,0,Monday,0.17,0.01402
2016-05-31,00:00:00,1206.08,1218.16,1205.28,1214.15,88998830,1,Tuesday,,
2016-06-01,00:00:00,1215.35,1220.36,1205.91,1212.32,89081950,2,Wednesday,,
2016-06-02,00:00:00,1213.36,1217.63,1209.56,1209.56,93117120,3,Thursday,,
2016-06-03,00:00:00,1210.65,1244.68,1206.9,1243.85,82147890,4,Friday,,
2016-06-06,00:00:00,1242.88,1248.63,1239.92,1244.86,78147960,0,Monday,-0.97,-0.07798
2016-06-07,00:00:00,1245.15,1246.52,1234.77,1242.71,69428700,1,Tuesday,,
2016-06-08,00:00:00,1243.91,1264.33,1242.98,1260.91,80047840,2,Wednesday,,
2016-06-09,00:00:00,1261.86,1271.63,1256.76,1268.42,71147620,3,Thursday,,
2016-06-10,00:00:00,1268.72,1278.09,1264.51,1272.84,66855920,4,Friday,,
2016-06-13,00:00:00,1275.45,1287.14,1272.35,1282.54,77615920,0,Monday,2.61,0.20505
2016-06-14,00:00:00,1283.17,1289.77,1276.23,1285.82,73460330,1,Tuesday,,
2016-06-15,00:00:00,1284.69,1296.75,1278.43,1290.34,76520880,2,Wednesday,,
2016-06-16,00:00:00,1291.66,1315.53,1276.9,1276.9,103007130,3,Thursday,,
2016-06-17,00:00:00,1278.85,1299.44,1276.53,1297.56,83302910,4,Friday,,
2016-06-20,00:00:00,1289.38,1292.22,1277.97,1289.92,82008680,0,Monday,-8.18,-0.63041
2016-06-21,00:00:00,1289.3,1294.19,1264.48,1268.32,105916450,1,Tuesday,,
2016-06-22,00:00:00,1268.09,1270.6,1261.12,1264.83,88682900,2,Wednesday,,
2016-06-23,00:00:00,1265.1,1271.84,1254.38,1255.17,66266540,3,Thursday,,
2016-06-24,00:00:00,1251.16,1358.23,1250.18,1315.43,95809650,4,Friday,,
2016-06-27,00:00:00,1321.24,1335.29,1317.63,1323.85,94271480,0,Monday,5.81,0.44168
2016-06-28,00:00:00,1324.28,1326.0,1305.46,1311.6,97103230,1,Tuesday,,
2016-06-29,00:00:00,1310.24,1327.8,1310.06,1319.08,79836420,2,Wednesday,,
2016-06-30,00:00:00,1317.2,1324.13,1312.79,1321.2,94444530,3,Thursday,,
2016-07-01,00:00:00,1322.09,1344.48,1320.52,1340.51,67594900,4,Friday,,
2016-07-04,00:00:00,1341.38,1357.44,1335.94,1350.82,48370700,0,Monday,0.87,0.0649
2016-07-05,00:00:00,1347.76,1357.55,1338.04,1354.71,79665110,1,Tuesday,,
2016-07-06,00:00:00,1355.16,1375.08,1355.16,1363.35,86732520,2,Wednesday,,
2016-07-07,00:00:00,1363.66,1370.69,1350.79,1361.03,84964080,3,Thursday,,
2016-07-08,00:00:00,1359.23,1370.34,1335.42,1365.78,73346960,4,Friday,,
2016-07-11,00:00:00,1367.58,1375.02,1350.83,1355.18,84171840,0,Monday,1.8,0.13179
2016-07-12,00:00:00,1355.19,1357.67,1330.31,1332.04,83776330,1,Tuesday,,
2016-07-13,00:00:00,1333.01,1345.33,1327.55,1342.0,79636740,2,Wednesday,,
2016-07-14,00:00:00,1343.66,1347.06,1320.2,1334.81,94750930,3,Thursday,,
2016-07-15,00:00:00,1335.56,1338.63,1322.5,1336.63,78197280,4,Friday,,
2016-07-18,00:00:00,1332.62,1335.47,1323.46,1327.85,70523700,0,Monday,-4.01,-0.30001
2016-07-19,00:00:00,1328.6,1334.93,1325.58,1330.83,63912770,1,Tuesday,,
2016-07-20,00:00:00,1331.08,1338.35,1312.59,1314.83,79039670,2,Wednesday,,
2016-07-21,00:00:00,1316.02,1333.83,1310.76,1330.13,86332510,3,Thursday,,
2016-07-22,00:00:00,1331.35,1333.73,1319.63,1321.69,76656700,4,Friday,,
2016-07-25,00:00:00,1322.68,1323.71,1311.97,1314.43,68428220,0,Monday,0.99,0.0749
2016-07-26,00:00:00,1315.28,1324.49,1313.76,1319.25,57041770,1,Tuesday,,
2016-07-27,00:00:00,1319.19,1342.42,1315.76,1338.82,61289430,2,Wednesday,,
2016-07-28,00:00:00,1339.0,1345.53,1332.44,1334.68,75063040,3,Thursday,,
2016-07-29,00:00:00,1335.75,1355.0,1328.46,1350.08,87818140,4,Friday,,
2016-08-01,00:00:00,1349.34,1354.85,1346.23,1352.11,69139560,0,Monday,-0.74,-0.05481
2016-08-02,00:00:00,1353.7,1367.2,1347.11,1362.66,73359450,1,Tuesday,,
2016-08-03,00:00:00,1363.58,1366.45,1354.18,1357.26,64664500,2,Wednesday,,
2016-08-04,00:00:00,1358.14,1364.95,1349.1,1360.17,71821980,3,Thursday,,
2016-08-05,00:00:00,1360.27,1364.65,1334.72,1335.13,76519530,4,Friday,,
2016-08-08,00:00:00,1335.35,1338.25,1329.87,1334.21,65191720,0,Monday,0.22,0.01648
2016-08-09,00:00:00,1335.5,1342.6,1330.58,1339.58,57022220,1,Tuesday,,
2016-08-10,00:00:00,1340.12,1357.16,1339.22,1345.51,69696270,2,Wednesday,,
2016-08-11,00:00:00,1346.55,1353.28,1335.73,1337.71,61095220,3,Thursday,,
2016-08-12,00:00:00,1338.98,1356.34,1333.31,1335.32,65646570,4,Friday,,
2016-08-15,00:00:00,1338.03,1343.81,1335.75,1338.46,51777380,0,Monday,2.71,0.20295
2016-08-16,00:00:00,1338.32,1358.01,1338.32,1345.1,73557460,1,Tuesday,,
2016-08-17,00:00:00,1345.13,1351.64,1335.91,1347.68,66189660,2,Wednesday,,
2016-08-18,00:00:00,1348.74,1356.05,1346.04,1351.21,69462870,3,Thursday,,
2016-08-19,00:00:00,1352.0,1352.81,1337.74,1340.9,63759420,4,Friday,,
2016-08-22,00:00:00,1340.35,1340.81,1331.69,1338.31,86785450,0,Monday,-0.55,-0.04102
2016-08-23,00:00:00,1338.58,1344.63,1335.29,1336.33,70496300,1,Tuesday,,
2016-08-24,00:00:00,1338.06,1340.06,1323.54,1323.57,73742610,2,Wednesday,,
2016-08-25,00:00:00,1323.9,1326.96,1318.01,1320.83,58206220,3,Thursday,,
2016-08-26,00:00:00,1321.46,1342.16,1318.33,1320.61,73333050,4,Friday,,
2016-08-29,00:00:00,1319.97,1325.07,1314.87,1322.23,72871650,0,Monday,-0.64,-0.04846
2016-08-30,00:00:00,1323.73,1325.43,1309.23,1309.66,77603930,1,Tuesday,,
2016-08-31,00:00:00,1311.77,1316.09,1304.36,1307.73,73995980,2,Wednesday,,
2016-09-01,00:00:00,1307.92,1315.11,1302.45,1312.51,71220070,3,Thursday,,
2016-09-02,00:00:00,1314.64,1330.09,1303.12,1324.61,74737230,4,Friday,,
2016-09-05,00:00:00,1323.9,1328.54,1321.76,1326.82,44299180,0,Monday,-0.71,-0.0536
2016-09-06,00:00:00,1325.79,1352.52,1324.85,1348.41,82048810,1,Tuesday,,
2016-09-07,00:00:00,1347.8,1352.56,1342.66,1343.99,71962070,2,Wednesday,,
2016-09-08,00:00:00,1344.18,1349.33,1335.52,1336.93,76799100,3,Thursday,,
2016-09-09,00:00:00,1337.49,1339.5,1327.13,1327.51,80318780,4,Friday,,
2016-09-12,00:00:00,1328.02,1330.22,1320.38,1326.23,88043520,0,Monday,0.51,0.03842
2016-09-13,00:00:00,1328.25,1331.97,1315.59,1317.39,87412670,1,Tuesday,,
2016-09-14,00:00:00,1317.58,1325.95,1313.52,1321.41,75785520,2,Wednesday,,
2016-09-15,00:00:00,1322.12,1328.45,1309.29,1313.23,78378090,3,Thursday,,
2016-09-16,00:00:00,1314.08,1318.03,1306.2,1309.88,70228310,4,Friday,,
2016-09-19,00:00:00,1309.68,1318.4,1309.41,1311.73,63110580,0,Monday,-0.2,-0.01527
2016-09-20,00:00:00,1311.88,1317.89,1311.7,1314.65,53047390,1,Tuesday,,
2016-09-21,00:00:00,1313.53,1336.88,1307.91,1334.34,93628930,2,Wednesday,,
2016-09-22,00:00:00,1334.9,1343.63,1331.15,1335.83,79997730,3,Thursday,,
2016-09-23,00:00:00,1335.83,1340.59,1333.75,1337.07,61468090,4,Friday,,
2016-09-26,00:00:00,1336.65,1342.12,1332.69,1336.48,64253570,0,Monday,-0.42,-0.03141
2016-09-27,00:00:00,1337.11,1339.46,1324.7,1325.93,73251180,1,Tuesday,,
2016-09-28,00:00:00,1325.93,1327.5,1317.99,1320.5,63622860,2,Wednesday,,
2016-09-29,00:00:00,1320.9,1325.78,1316.04,1318.83,66915070,3,Thursday,,
2016-09-30,00:00:00,1319.65,1328.01,1313.23,1315.0,72182720,4,Friday,,
2016-10-03,00:00:00,1318.43,1319.62,1309.33,1310.46,52635870,0,Monday,3.43,0.26084
2016-10-04,00:00:00,1312.11,1312.98,1266.87,1267.26,83112430,1,Tuesday,,
2016-10-05,00:00:00,1267.66,1277.11,1262.12,1265.51,72035740,2,Wednesday,,
2016-10-06,00:00:00,1267.08,1269.36,1249.82,1253.06,64511250,3,Thursday,,
2016-10-07,00:00:00,1254.36,1265.4,1241.39,1256.16,66415030,4,Friday,,
2016-10-10,00:00:00,1256.93,1264.93,1256.51,1258.21,41052640,0,Monday,0.77,0.0613
2016-10-11,00:00:00,1259.03,1262.12,1251.23,1251.23,56781440,1,Tuesday,,
2016-10-12,00:00:00,1251.53,1258.84,1249.74,1254.93,51768800,2,Wednesday,,
2016-10-13,00:00:00,1255.61,1262.23,1253.09,1256.86,52814620,3,Thursday,,
2016-10-14,00:00:00,1258.06,1259.39,1246.06,1250.53,56567010,4,Friday,,
2016-10-17,00:00:00,1251.51,1257.11,1250.11,1254.61,49456470,0,Monday,0.98,0.07837
2016-10-18,00:00:00,1254.93,1264.71,1254.93,1261.18,47540280,1,Tuesday,,
2016-10-19,00:00:00,1262.03,1273.31,1260.25,1268.01,50853180,2,Wednesday,,
2016-10-20,00:00:00,1269.32,1274.37,1264.48,1264.53,45939630,3,Thursday,,
2016-10-21,00:00:00,1265.86,1268.0,1261.11,1265.9,44877270,4,Friday,,
2016-10-24,00:00:00,1265.73,1271.87,1260.4,1263.36,43283410,0,Monday,-0.17,-0.01343
2016-10-25,00:00:00,1264.84,1276.61,1262.07,1272.41,43360330,1,Tuesday,,
2016-10-26,00:00:00,1272.48,1276.44,1264.69,1265.98,41623820,2,Wednesday,,
2016-10-27,00:00:00,1266.8,1272.78,1265.06,1267.16,43221160,3,Thursday,,
2016-10-28,00:00:00,1267.66,1284.16,1261.52,1274.36,46948510,4,Friday,,
2016-10-31,00:00:00,1277.21,1279.49,1271.19,1276.01,44394910,0,Monday,2.85,0.22364
2016-11-01,00:00:00,1276.41,1291.82,1275.48,1286.81,57795230,1,Tuesday,,
2016-11-02,00:00:00,1288.02,1307.96,1287.33,1295.61,64643780,2,Wednesday,,
2016-11-03,00:00:00,1296.16,1306.65,1285.62,1301.16,66575130,3,Thursday,,
2016-11-04,00:00:00,1302.35,1307.17,1294.71,1303.56,68561730,4,Friday,,
2016-11-07,00:00:00,1292.73,1295.81,1278.11,1280.81,60800570,0,Monday,-10.83,-0.8308
2016-11-08,00:00:00,1280.81,1290.59,1272.8,1274.38,61341900,1,Tuesday,,
2016-11-09,00:00:00,1275.38,1337.31,1267.95,1277.23,135648900,2,Wednesday,,
2016-11-10,00:00:00,1277.27,1292.21,1252.28,1257.96,90302080,3,Thursday,,
2016-11-11,00:00:00,1258.15,1265.39,1219.04,1225.98,78444660,4,Friday,,
2016-11-14,00:00:00,1226.87,1231.24,1211.54,1220.28,99731640,0,Monday,0.89,0.07259
2016-11-15,00:00:00,1220.71,1231.54,1218.88,1227.95,72823020,1,Tuesday,,
2016-11-16,00:00:00,1228.23,1233.0,1221.46,1224.17,71604680,2,Wednesday,,
2016-11-17,00:00:00,1223.6,1231.38,1210.97,1215.54,65147300,3,Thursday,,
2016-11-18,00:00:00,1215.54,1217.73,1202.9,1207.06,65784800,4,Friday,,
2016-11-21,00:00:00,1207.79,1217.58,1205.54,1213.02,56781430,0,Monday,0.73,0.06048
2016-11-22,00:00:00,1213.06,1220.97,1206.13,1211.03,59993590,1,Tuesday,,
2016-11-23,00:00:00,1212.07,1214.69,1181.7,1187.26,55759150,2,Wednesday,,
2016-11-24,00:00:00,1187.11,1190.77,1180.34,1183.97,36552550,3,Thursday,,
2016-11-25,00:00:00,1182.38,1193.23,1170.84,1183.78,54475170,4,Friday,,
2016-11-28,00:00:00,1183.25,1197.56,1182.23,1192.86,60950320,0,Monday,-0.53,-0.04477
2016-11-29,00:00:00,1192.66,1195.06,1181.02,1187.32,65498820,1,Tuesday,,
2016-11-30,00:00:00,1187.32,1194.89,1170.72,1172.38,72641120,2,Wednesday,,
2016-12-01,00:00:00,1172.38,1176.69,1160.69,1170.43,72475700,3,Thursday,,
2016-12-02,00:00:00,1170.42,1177.96,1166.68,1176.39,64737820,4,Friday,,
2016-12-05,00:00:00,1181.66,1188.06,1157.24,1169.18,75672330,0,Monday,5.27,0.44798
2016-12-06,00:00:00,1169.1,1175.25,1166.88,1169.02,56621140,1,Tuesday,,
2016-12-07,00:00:00,1168.98,1180.19,1165.59,1173.17,55510210,2,Wednesday,,
2016-12-08,00:00:00,1173.01,1178.62,1169.15,1169.67,59330810,3,Thursday,,
2016-12-09,00:00:00,1170.07,1171.97,1156.27,1158.94,47133540,4,Friday,,
2016-12-12,00:00:00,1159.22,1165.75,1151.23,1161.14,59245880,0,Monday,0.28,0.02416
2016-12-13,00:00:00,1161.98,1164.97,1154.55,1157.49,57574880,1,Tuesday,,
2016-12-14,00:00:00,1157.49,1165.16,1138.67,1142.15,67674160,2,Wednesday,,
2016-12-15,00:00:00,1141.17,1144.38,1122.84,1127.33,76322910,3,Thursday,,
2016-12-16,00:00:00,1128.14,1141.17,1126.64,1133.85,60546270,4,Friday,,
2016-12-19,00:00:00,1134.06,1142.32,1133.92,1136.87,52557590,0,Monday,0.21,0.01852
2016-12-20,00:00:00,1136.87,1139.69,1125.72,1131.4,66801980,1,Tuesday,,
2016-12-21,00:00:00,1132.56,1137.06,1129.32,1130.54,46499770,2,Wednesday,,
2016-12-22,00:00:00,1131.21,1134.05,1127.46,1127.46,41688310,3,Thursday,,
2016-12-23,00:00:00,1127.98,1135.77,1127.56,1132.69,13698570,4,Friday,,
2016-12-27,00:00:00,1133.18,1150.8,1131.65,1137.8,29482490,1,Tuesday,,
2016-12-28,00:00:00,1137.51,1144.46,1136.48,1140.8,33976060,2,Wednesday,,
2016-12-29,00:00:00,1140.8,1159.54,1140.8,1156.99,37298250,3,Thursday,,
2016-12-30,00:00:00,1156.96,1163.2,1149.68,1150.31,33385170,4,Friday,,
2017-01-03,00:00:00,1150.0,1164.41,1146.04,1158.1,56876050,1,Tuesday,,
2017-01-04,00:00:00,1157.75,1167.86,1156.14,1162.67,61042200,2,Wednesday,,
2017-01-05,00:00:00,1162.33,1185.04,1162.33,1179.47,82060290,3,Thursday,,
2017-01-06,00:00:00,1179.46,1182.65,1170.92,1172.16,69243040,4,Friday,,
2017-01-09,00:00:00,1172.59,1186.08,1171.59,1180.89,56399730,0,Monday,0.43,0.03668
2017-01-10,00:00:00,1182.43,1190.61,1180.1,1186.97,59019000,1,Tuesday,,
2017-01-11,00:00:00,1186.97,1198.18,1177.1,1190.5,66683990,2,Wednesday,,
2017-01-12,00:00:00,1190.5,1206.93,1190.5,1194.37,64201280,3,Thursday,,
2017-01-13,00:00:00,1194.14,1200.7,1187.84,1196.67,61783020,4,Friday,,
2017-01-16,00:00:00,1200.2,1208.58,1197.85,1202.58,41811500,0,Monday,3.53,0.29499
2017-01-17,00:00:00,1202.31,1218.8,1201.98,1216.09,71104330,1,Tuesday,,
2017-01-18,00:00:00,1215.91,1217.51,1202.35,1203.23,62673270,2,Wednesday,,
2017-01-19,00:00:00,1203.15,1206.48,1195.85,1203.86,78690800,3,Thursday,,
2017-01-20,00:00:00,1203.86,1214.9,1198.58,1209.61,75425720,4,Friday,,
2017-01-23,00:00:00,1209.46,1219.45,1209.26,1217.31,68414250,0,Monday,-0.15,-0.0124
2017-01-24,00:00:00,1217.98,1219.93,1206.55,1207.76,60675100,1,Tuesday,,
2017-01-25,00:00:00,1207.72,1209.78,1193.21,1199.59,65311420,2,Wednesday,,
2017-01-26,00:00:00,1200.36,1202.62,1184.38,1188.06,61127670,3,Thursday,,
2017-01-27,00:00:00,1187.43,1191.57,1180.55,1190.09,60787410,4,Friday,,
2017-01-30,00:00:00,1192.87,1199.4,1188.21,1194.51,62415030,0,Monday,2.78,0.2336
2017-01-31,00:00:00,1195.16,1215.32,1193.71,1209.6,78594460,1,Tuesday,,
2017-02-01,00:00:00,1209.6,1213.19,1198.15,1208.47,79788900,2,Wednesday,,
2017-02-02,00:00:00,1208.34,1225.29,1208.34,1214.74,80982070,3,Thursday,,
2017-02-03,00:00:00,1214.89,1221.34,1206.35,1219.54,74746950,4,Friday,,
2017-02-06,00:00:00,1219.43,1235.6,1219.16,1234.45,78350070,0,Monday,-0.11,-0.00902
2017-02-07,00:00:00,1234.45,1235.71,1227.69,1232.7,65747540,1,Tuesday,,
2017-02-08,00:00:00,1233.01,1244.71,1229.98,1240.58,70866370,2,Wednesday,,
2017-02-09,00:00:00,1240.36,1244.43,1225.6,1227.14,61778710,3,Thursday,,
2017-02-10,00:00:00,1227.57,1237.07,1221.59,1232.86,76201580,4,Friday,,
2017-02-13,00:00:00,1231.48,1232.82,1219.3,1223.85,70607120,0,Monday,-1.38,-0.11193
2017-02-14,00:00:00,1223.85,1234.48,1221.84,1226.99,66915970,1,Tuesday,,
2017-02-15,00:00:00,1226.99,1233.18,1216.6,1232.28,60167250,2,Wednesday,,
2017-02-16,00:00:00,1232.56,1242.34,1232.06,1237.92,67914090,3,Thursday,,
2017-02-17,00:00:00,1238.4,1243.75,1233.73,1233.73,61658940,4,Friday,,
2017-02-20,00:00:00,1234.9,1238.94,1232.71,1237.62,33730950,0,Monday,1.17,0.09483
2017-02-21,00:00:00,1236.99,1238.82,1226.11,1235.05,58393160,1,Tuesday,,
2017-02-22,00:00:00,1234.7,1240.33,1231.18,1236.45,65695550,2,Wednesday,,
2017-02-23,00:00:00,1236.45,1251.08,1235.73,1248.66,68521110,3,Thursday,,
2017-02-24,00:00:00,1248.66,1260.11,1247.71,1256.43,65427520,4,Friday,,
2017-02-27,00:00:00,1257.58,1263.83,1250.94,1251.87,67262710,0,Monday,1.15,0.09153
2017-02-28,00:00:00,1251.77,1258.36,1247.2,1247.2,59871170,1,Tuesday,,
2017-03-01,00:00:00,1247.2,1250.6,1236.85,1248.56,78421030,2,Wednesday,,
2017-03-02,00:00:00,1248.56,1249.7,1230.92,1232.9,70491460,3,Thursday,,
2017-03-03,00:00:00,1232.9,1236.29,1222.81,1234.01,75000010,4,Friday,,
2017-03-06,00:00:00,1232.73,1236.87,1224.05,1224.24,64531730,0,Monday,-1.28,-0.10373
2017-03-07,00:00:00,1224.24,1227.09,1214.14,1214.73,54470320,1,Tuesday,,
2017-03-08,00:00:00,1214.65,1218.49,1206.6,1207.15,57535320,2,Wednesday,,
2017-03-09,00:00:00,1206.88,1208.96,1199.22,1200.03,74519640,3,Thursday,,
2017-03-10,00:00:00,1199.98,1206.3,1194.85,1203.89,58969560,4,Friday,,
2017-03-13,00:00:00,1205.83,1211.13,1202.39,1202.8,62020020,0,Monday,1.94,0.16114
2017-03-14,00:00:00,1202.33,1207.59,1197.3,1197.9,61997370,1,Tuesday,,
2017-03-15,00:00:00,1198.63,1222.0,1197.55,1218.36,65190870,2,Wednesday,,
2017-03-16,00:00:00,1219.04,1233.7,1217.97,1225.33,74517160,3,Thursday,,
2017-03-17,00:00:00,1225.33,1231.58,1224.42,1228.53,56626360,4,Friday,,
2017-03-20,00:00:00,1229.57,1235.47,1229.26,1234.0,50513700,0,Monday,1.04,0.08465
2017-03-21,00:00:00,1234.0,1247.55,1226.86,1243.56,68796720,1,Tuesday,,
2017-03-22,00:00:00,1244.01,1251.32,1243.95,1247.67,73753430,2,Wednesday,,
2017-03-23,00:00:00,1248.79,1253.27,1242.78,1244.24,72206610,3,Thursday,,
2017-03-24,00:00:00,1244.03,1251.84,1240.95,1242.47,58444490,4,Friday,,
2017-03-27,00:00:00,1246.62,1261.01,1246.62,1253.71,52142180,0,Monday,4.15,0.33401
2017-03-28,00:00:00,1253.42,1258.32,1247.67,1250.61,49874850,1,Tuesday,,
2017-03-29,00:00:00,1250.59,1254.61,1247.29,1252.58,53572310,2,Wednesday,,
2017-03-30,00:00:00,1253.5,1253.73,1242.23,1242.23,44682020,3,Thursday,,
2017-03-31,00:00:00,1242.23,1250.54,1239.65,1248.36,49199670,4,Friday,,
2017-04-03,00:00:00,1247.38,1253.68,1244.44,1252.18,39463010,0,Monday,-0.98,-0.0785
2017-04-04,00:00:00,1252.23,1261.25,1252.18,1255.03,45172850,1,Tuesday,,
2017-04-05,00:00:00,1254.81,1257.31,1243.69,1254.6,54328100,2,Wednesday,,
2017-04-06,00:00:00,1255.43,1258.81,1249.75,1250.82,53737370,3,Thursday,,
2017-04-07,00:00:00,1251.16,1270.53,1250.56,1253.76,70289330,4,Friday,,
2017-04-10,00:00:00,1253.97,1257.04,1247.11,1253.53,51789110,0,Monday,0.21,0.01675
2017-04-11,00:00:00,1253.93,1275.07,1253.03,1273.48,61433390,1,Tuesday,,
2017-04-12,00:00:00,1273.6,1286.74,1271.94,1285.54,62224070,2,Wednesday,,
2017-04-13,00:00:00,1286.12,1288.56,1281.85,1286.4,63578850,3,Thursday,,
2017-04-17,00:00:00,1290.27,1295.42,1281.35,1283.57,49101310,0,Monday,3.87,0.30084
2017-04-18,00:00:00,1283.3,1292.29,1278.9,1288.52,65569840,1,Tuesday,,
2017-04-19,00:00:00,1288.48,1290.69,1274.07,1279.02,61119360,2,Wednesday,,
2017-04-20,00:00:00,1279.79,1283.39,1276.6,1280.66,61108060,3,Thursday,,
2017-04-21,00:00:00,1281.86,1288.21,1278.47,1284.42,60500910,4,Friday,,
2017-04-24,00:00:00,1275.93,1277.39,1265.43,1274.98,65397490,0,Monday,-8.49,-0.661
2017-04-25,00:00:00,1276.22,1278.13,1261.6,1263.1,56429310,1,Tuesday,,
2017-04-26,00:00:00,1263.0,1270.6,1260.01,1267.62,60677260,2,Wednesday,,
2017-04-27,00:00:00,1268.65,1269.52,1261.26,1262.95,55710890,3,Thursday,,
2017-04-28,00:00:00,1263.72,1268.52,1263.1,1266.77,51002920,4,Friday,,
2017-05-01,00:00:00,1268.25,1271.07,1254.19,1255.36,37215960,0,Monday,1.48,0.11683
2017-05-02,00:00:00,1256.34,1257.73,1252.0,1255.78,49511890,1,Tuesday,,
2017-05-03,00:00:00,1256.38,1256.92,1235.88,1236.64,49033620,2,Wednesday,,
2017-05-04,00:00:00,1237.99,1241.26,1225.7,1226.85,57299870,3,Thursday,,
2017-05-05,00:00:00,1228.08,1235.56,1226.08,1226.81,55513840,4,Friday,,
2017-05-08,00:00:00,1221.69,1236.49,1221.06,1225.6,52921880,0,Monday,-5.12,-0.41734
2017-05-09,00:00:00,1225.6,1228.59,1214.26,1220.05,52761610,1,Tuesday,,
2017-05-10,00:00:00,1221.99,1225.62,1217.54,1217.91,48905220,2,Wednesday,,
2017-05-11,00:00:00,1217.89,1227.62,1216.95,1223.7,49326230,3,Thursday,,
2017-05-12,00:00:00,1224.76,1231.74,1224.43,1227.44,45561540,4,Friday,,
2017-05-15,00:00:00,1228.13,1237.28,1226.94,1229.28,47236100,0,Monday,0.69,0.05621
2017-05-16,00:00:00,1229.28,1239.08,1229.28,1235.69,44098520,1,Tuesday,,
2017-05-17,00:00:00,1236.78,1261.18,1236.42,1259.9,68905130,2,Wednesday,,
2017-05-18,00:00:00,1260.92,1265.0,1246.0,1246.0,81666930,3,Thursday,,
2017-05-19,00:00:00,1246.23,1256.39,1246.12,1255.22,59683600,4,Friday,,
2017-05-22,00:00:00,1257.0,1262.56,1251.75,1259.33,54432190,0,Monday,1.78,0.14181
2017-05-23,00:00:00,1259.6,1263.73,1250.66,1251.14,60580800,1,Tuesday,,
2017-05-24,00:00:00,1251.14,1258.92,1247.95,1257.45,53174650,2,Wednesday,,
2017-05-25,00:00:00,1257.22,1259.63,1253.8,1254.48,50312620,3,Thursday,,
2017-05-26,00:00:00,1255.28,1269.43,1253.04,1266.49,48659070,4,Friday,,
2017-05-29,00:00:00,1267.12,1268.99,1265.02,1266.72,17415300,0,Monday,0.63,0.04974
2017-05-30,00:00:00,1267.07,1270.44,1259.37,1261.61,46125610,1,Tuesday,,
2017-05-31,00:00:00,1261.96,1274.07,1259.53,1267.53,50284550,2,Wednesday,,
2017-06-01,00:00:00,1268.22,1270.28,1261.49,1264.73,48442750,3,Thursday,,
2017-06-02,00:00:00,1264.83,1279.47,1259.03,1278.3,52380400,4,Friday,,
2017-06-05,00:00:00,1279.76,1283.38,1277.75,1278.38,40871440,0,Monday,1.46,0.11421
2017-06-06,00:00:00,1278.77,1296.06,1278.74,1292.93,59976610,1,Tuesday,,
2017-06-07,00:00:00,1294.14,1294.91,1282.62,1285.83,58938320,2,Wednesday,,
2017-06-08,00:00:00,1286.72,1288.9,1271.31,1277.65,62215300,3,Thursday,,
2017-06-09,00:00:00,1280.86,1281.52,1264.63,1266.33,60704400,4,Friday,,
2017-06-12,00:00:00,1266.87,1270.35,1263.56,1264.66,54098050,0,Monday,0.54,0.04264
2017-06-13,00:00:00,1265.14,1268.91,1259.27,1265.28,50484300,1,Tuesday,,
2017-06-14,00:00:00,1266.15,1281.09,1257.14,1259.57,61539730,2,Wednesday,,
2017-06-15,00:00:00,1259.3,1266.66,1251.49,1252.81,56078650,3,Thursday,,
2017-06-16,00:00:00,1253.76,1257.14,1251.77,1253.24,44057370,4,Friday,,
2017-06-19,00:00:00,1254.22,1255.66,1242.54,1242.54,43786640,0,Monday,0.98,0.0782
2017-06-20,00:00:00,1243.86,1248.09,1241.28,1241.72,44671220,1,Tuesday,,
2017-06-21,00:00:00,1242.75,1247.8,1240.97,1246.34,46226850,2,Wednesday,,
2017-06-22,00:00:00,1245.15,1254.68,1245.15,1249.57,48149750,3,Thursday,,
2017-06-23,00:00:00,1249.86,1258.81,1249.86,1256.0,39215310,4,Friday,,
2017-06-26,00:00:00,1257.12,1257.99,1236.0,1243.81,47578610,0,Monday,1.12,0.08917
2017-06-27,00:00:00,1244.18,1253.11,1241.34,1245.93,51216300,1,Tuesday,,
2017-06-28,00:00:00,1246.63,1254.85,1246.14,1248.69,54940310,2,Wednesday,,
2017-06-29,00:00:00,1248.43,1253.15,1239.79,1244.25,60402990,3,Thursday,,
2017-06-30,00:00:00,1244.92,1248.22,1239.31,1240.41,55063590,4,Friday,,
2017-07-03,00:00:00,1241.62,1242.67,1218.49,1219.09,55859450,0,Monday,1.21,0.09755
2017-07-04,00:00:00,1219.51,1226.49,1219.51,1222.83,30315500,1,Tuesday,,
2017-07-05,00:00:00,1223.53,1228.8,1217.43,1225.68,57810800,2,Wednesday,,
2017-07-06,00:00:00,1225.68,1229.13,1222.55,1224.76,50441680,3,Thursday,,
2017-07-07,00:00:00,1224.79,1228.45,1207.25,1212.25,48211590,4,Friday,,
2017-07-10,00:00:00,1212.33,1215.58,1204.83,1214.11,40610140,0,Monday,0.08,0.0066
2017-07-11,00:00:00,1213.88,1217.43,1208.17,1216.49,47256760,1,Tuesday,,
2017-07-12,00:00:00,1216.8,1225.65,1213.39,1219.33,44623600,2,Wednesday,,
2017-07-13,00:00:00,1219.37,1224.42,1216.52,1217.34,44919290,3,Thursday,,
2017-07-14,00:00:00,1216.89,1232.86,1214.76,1228.5,48950310,4,Friday,,
2017-07-17,00:00:00,1229.11,1235.97,1228.21,1233.0,39891530,0,Monday,0.61,0.04965
2017-07-18,00:00:00,1233.78,1244.52,1232.79,1242.37,48838690,1,Tuesday,,
2017-07-19,00:00:00,1242.32,1243.98,1235.93,1241.17,44318560,2,Wednesday,,
2017-07-20,00:00:00,1240.94,1247.51,1235.28,1244.33,56862350,3,Thursday,,
2017-07-21,00:00:00,1244.09,1255.7,1243.33,1254.66,53603630,4,Friday,,
2017-07-24,00:00:00,1255.12,1258.79,1251.9,1254.31,55226230,0,Monday,0.46,0.03666
2017-07-25,00:00:00,1254.54,1257.89,1249.08,1249.7,59180140,1,Tuesday,,
2017-07-26,00:00:00,1250.01,1263.51,1243.73,1260.04,62493740,2,Wednesday,,
2017-07-27,00:00:00,1260.47,1265.23,1254.5,1259.02,73379480,3,Thursday,,
2017-07-28,00:00:00,1258.73,1270.82,1257.33,1268.8,64217000,4,Friday,,
2017-07-31,00:00:00,1270.07,1271.13,1265.75,1268.52,54748070,0,Monday,1.27,0.10009
2017-08-01,00:00:00,1268.96,1274.06,1262.64,1268.73,64808560,1,Tuesday,,
2017-08-02,00:00:00,1268.6,1272.81,1262.85,1266.43,57587810,2,Wednesday,,
2017-08-03,00:00:00,1265.7,1270.8,1257.4,1267.03,60418070,3,Thursday,,
2017-08-04,00:00:00,1269.23,1270.12,1254.16,1258.07,54406850,4,Friday,,
2017-08-07,00:00:00,1258.78,1259.87,1255.71,1256.7,49626540,0,Monday,0.71,0.05644
2017-08-08,00:00:00,1257.09,1265.18,1251.49,1260.6,55842440,1,Tuesday,,
2017-08-09,00:00:00,1260.4,1278.69,1260.4,1277.13,81288110,2,Wednesday,,
2017-08-10,00:00:00,1277.01,1287.79,1274.6,1286.33,68954610,3,Thursday,,
2017-08-11,00:00:00,1286.42,1292.01,1281.27,1288.26,64357260,4,Friday,,
2017-08-14,00:00:00,1290.12,1290.12,1278.59,1281.77,58753980,0,Monday,1.86,0.14438
2017-08-15,00:00:00,1281.6,1281.94,1267.28,1271.1,57466250,1,Tuesday,,
2017-08-16,00:00:00,1271.22,1283.78,1267.73,1282.03,62962330,2,Wednesday,,
2017-08-17,00:00:00,1283.5,1290.12,1281.44,1287.73,72742530,3,Thursday,,
2017-08-18,00:00:00,1288.01,1300.83,1283.48,1283.51,75924220,4,Friday,,
2017-08-21,00:00:00,1283.17,1293.7,1280.49,1291.06,56120270,0,Monday,-0.34,-0.02649
2017-08-22,00:00:00,1291.28,1292.45,1281.99,1284.72,54424630,1,Tuesday,,
2017-08-23,00:00:00,1285.07,1291.41,1282.71,1289.7,56949430,2,Wednesday,,
2017-08-24,00:00:00,1290.25,1291.17,1284.47,1286.16,61274270,3,Thursday,,
2017-08-25,00:00:00,1286.32,1294.38,1276.14,1290.67,64316790,4,Friday,,
2017-08-28,00:00:00,1292.24,1312.07,1291.78,1309.25,55394310,0,Monday,1.57,0.12164
2017-08-29,00:00:00,1314.51,1325.95,1304.99,1309.11,77361780,1,Tuesday,,
2017-08-30,00:00:00,1308.87,1313.64,1305.14,1308.56,64378190,2,Wednesday,,
2017-08-31,00:00:00,1308.54,1323.63,1298.29,1320.22,70502500,3,Thursday,,
2017-09-01,00:00:00,1321.55,1328.81,1316.44,1323.66,62798380,4,Friday,,
2017-09-04,00:00:00,1334.52,1339.59,1331.74,1333.9,41697120,0,Monday,10.86,0.82045
2017-09-05,00:00:00,1334.17,1344.33,1326.26,1339.51,76568280,1,Tuesday,,
2017-09-06,00:00:00,1339.38,1342.43,1331.6,1333.97,69158280,2,Wednesday,,
2017-09-07,00:00:00,1334.18,1349.84,1332.5,1348.98,71368190,3,Thursday,,
2017-09-08,00:00:00,1348.53,1357.5,1342.71,1346.06,69852690,4,Friday,,
2017-09-11,00:00:00,1335.87,1339.98,1326.35,1326.7,56421580,0,Monday,-10.19,-0.75702
2017-09-12,00:00:00,1326.62,1332.02,1322.59,1330.93,64738530,1,Tuesday,,
2017-09-13,00:00:00,1333.95,1334.6,1320.99,1322.83,63347810,2,Wednesday,,
2017-09-14,00:00:00,1323.38,1330.81,1315.72,1329.3,60351740,3,Thursday,,
2017-09-15,00:00:00,1329.26,1334.29,1319.32,1319.64,79667870,4,Friday,,
2017-09-18,00:00:00,1319.29,1319.89,1304.6,1306.38,99274080,0,Monday,-0.35,-0.02652
2017-09-19,00:00:00,1306.18,1311.64,1305.14,1310.89,106271470,1,Tuesday,,
2017-09-20,00:00:00,1310.97,1315.97,1296.01,1300.74,110005380,2,Wednesday,,
2017-09-21,00:00:00,1301.02,1301.69,1288.16,1290.39,123504010,3,Thursday,,
2017-09-22,00:00:00,1291.0,1298.69,1290.96,1297.13,101704630,4,Friday,,
2017-09-25,00:00:00,1297.97,1311.92,1289.43,1310.55,111578420,0,Monday,0.84,0.06476
2017-09-26,00:00:00,1310.18,1313.6,1292.17,1293.52,114003770,1,Tuesday,,
2017-09-27,00:00:00,1293.93,1296.21,1281.45,1282.56,107747600,2,Wednesday,,
2017-09-28,00:00:00,1282.11,1288.74,1277.68,1285.58,106286150,3,Thursday,,
2017-09-29,00:00:00,1286.88,1290.33,1275.75,1278.5,109566280,4,Friday,,
2017-10-02,00:00:00,1279.54,1280.07,1269.33,1270.74,96607920,0,Monday,1.04,0.08135
2017-10-03,00:00:00,1270.17,1274.7,1268.3,1271.47,85775450,1,Tuesday,,
2017-10-04,00:00:00,1271.59,1282.17,1270.59,1274.61,92212090,2,Wednesday,,
2017-10-05,00:00:00,1274.72,1278.96,1266.33,1268.05,91980890,3,Thursday,,
2017-10-06,00:00:00,1268.16,1276.49,1260.58,1276.26,95580700,4,Friday,,
2017-10-09,00:00:00,1276.05,1285.43,1275.25,1283.74,86110910,0,Monday,-0.21,-0.01645
2017-10-10,00:00:00,1284.01,1294.17,1282.08,1287.42,102145770,1,Tuesday,,
2017-10-11,00:00:00,1287.81,1293.49,1284.54,1290.38,103516300,2,Wednesday,,
2017-10-12,00:00:00,1291.93,1297.43,1289.63,1292.76,97980540,3,Thursday,,
2017-10-13,00:00:00,1293.36,1303.77,1290.86,1303.51,100057660,4,Friday,,
2017-10-16,00:00:00,1303.13,1306.01,1290.48,1294.21,100900310,0,Monday,-0.38,-0.02915
2017-10-17,00:00:00,1294.84,1296.22,1281.52,1285.07,103731880,1,Tuesday,,
2017-10-18,00:00:00,1284.93,1288.85,1276.97,1280.62,99844190,2,Wednesday,,
2017-10-19,00:00:00,1280.6,1290.5,1276.64,1289.13,115397020,3,Thursday,,
2017-10-20,00:00:00,1289.44,1291.04,1277.92,1280.06,108449030,4,Friday,,
2017-10-23,00:00:00,1279.42,1283.23,1272.52,1281.02,101384900,0,Monday,-0.64,-0.05
2017-10-24,00:00:00,1281.85,1283.61,1273.7,1276.59,98122130,1,Tuesday,,
2017-10-25,00:00:00,1276.54,1279.98,1271.0,1277.05,114665300,2,Wednesday,,
2017-10-26,00:00:00,1277.13,1282.5,1265.68,1266.87,115768060,3,Thursday,,
2017-10-27,00:00:00,1266.87,1273.97,1263.48,1273.79,114112320,4,Friday,,
2017-10-30,00:00:00,1272.78,1278.77,1268.95,1276.13,94595270,0,Monday,-1.01,-0.07929
2017-10-31,00:00:00,1276.26,1278.11,1267.66,1270.91,97046710,1,Tuesday,,
2017-11-01,00:00:00,1271.05,1280.85,1267.94,1274.55,107233750,2,Wednesday,,
2017-11-02,00:00:00,1274.41,1284.07,1273.33,1275.9,116160340,3,Thursday,,
2017-11-03,00:00:00,1276.56,1280.14,1265.47,1269.71,103240710,4,Friday,,
2017-11-06,00:00:00,1269.9,1282.86,1266.04,1280.85,113785920,0,Monday,0.19,0.01496
2017-11-07,00:00:00,1281.72,1281.82,1271.86,1274.87,120026600,1,Tuesday,,
2017-11-08,00:00:00,1275.82,1287.14,1275.82,1281.22,121547740,2,Wednesday,,
2017-11-09,00:00:00,1281.72,1288.7,1279.93,1284.63,140851510,3,Thursday,,
2017-11-10,00:00:00,1285.29,1287.03,1273.39,1275.3,121731450,4,Friday,,
2017-11-13,00:00:00,1274.85,1279.72,1274.26,1277.18,114413690,0,Monday,-0.45,-0.03529
2017-11-14,00:00:00,1278.03,1283.55,1269.9,1279.97,122487280,1,Tuesday,,
2017-11-15,00:00:00,1279.82,1289.45,1276.68,1278.1,119815550,2,Wednesday,,
2017-11-16,00:00:00,1278.12,1281.74,1275.1,1278.2,117001500,3,Thursday,,
2017-11-17,00:00:00,1278.59,1296.94,1278.17,1294.07,123803970,4,Friday,,
2017-11-20,00:00:00,1293.37,1294.75,1274.57,1276.59,115819310,0,Monday,-0.7,-0.05409
2017-11-21,00:00:00,1277.03,1284.7,1276.37,1280.23,114643900,1,Tuesday,,
2017-11-22,00:00:00,1280.43,1294.66,1279.05,1291.11,120868040,2,Wednesday,,
2017-11-23,00:00:00,1291.87,1293.5,1287.04,1291.02,65803840,3,Thursday,,
2017-11-24,00:00:00,1291.47,1293.2,1285.67,1288.45,98867880,4,Friday,,
2017-11-27,00:00:00,1289.12,1299.17,1286.72,1294.27,96299190,0,Monday,0.67,0.052
2017-11-28,00:00:00,1294.34,1297.38,1290.6,1292.57,98102210,1,Tuesday,,
2017-11-29,00:00:00,1293.46,1296.62,1281.99,1283.47,117906510,2,Wednesday,,
2017-11-30,00:00:00,1283.83,1285.23,1270.37,1274.16,124497920,3,Thursday,,
2017-12-01,00:00:00,1274.36,1289.21,1271.62,1280.2,126531550,4,Friday,,
2017-12-04,00:00:00,1274.52,1277.13,1271.05,1275.85,104776850,0,Monday,-5.68,-0.44368
2017-12-05,00:00:00,1275.98,1276.98,1260.93,1265.57,112072340,1,Tuesday,,
2017-12-06,00:00:00,1266.14,1269.22,1262.29,1262.4,125061130,2,Wednesday,,
2017-12-07,00:00:00,1263.03,1264.42,1243.9,1246.11,121331670,3,Thursday,,
2017-12-08,00:00:00,1247.3,1252.31,1243.64,1248.37,104633550,4,Friday,,
2017-12-11,00:00:00,1247.12,1251.52,1240.67,1241.69,94984500,0,Monday,-1.25,-0.10013
2017-12-12,00:00:00,1241.63,1246.18,1236.46,1244.32,99658360,1,Tuesday,,
2017-12-13,00:00:00,1244.15,1257.07,1240.25,1255.53,112460630,2,Wednesday,,
2017-12-14,00:00:00,1255.03,1259.02,1250.46,1252.03,108666430,3,Thursday,,
2017-12-15,00:00:00,1252.72,1261.81,1252.61,1254.97,115419250,4,Friday,,
2017-12-18,00:00:00,1254.77,1263.92,1252.74,1261.29,104519160,0,Monday,-0.2,-0.01594
2017-12-19,00:00:00,1261.92,1265.21,1259.21,1261.54,97893030,1,Tuesday,,
2017-12-20,00:00:00,1261.46,1267.84,1261.34,1265.31,102504680,2,Wednesday,,
2017-12-21,00:00:00,1265.33,1268.96,1262.75,1266.37,87679440,3,Thursday,,
2017-12-22,00:00:00,1266.43,1276.12,1264.94,1274.75,95771070,4,Friday,,
2017-12-26,00:00:00,1274.27,1283.8,1273.25,1282.76,50280020,1,Tuesday,,
2017-12-27,00:00:00,1282.86,1288.98,1281.31,1287.07,84772330,2,Wednesday,,
2017-12-28,00:00:00,1286.83,1295.17,1286.74,1293.56,105369510,3,Thursday,,
2017-12-29,00:00:00,1294.64,1307.55,1293.79,1302.62,97391680,4,Friday,,
2018-01-02,00:00:00,1302.92,1318.85,1302.23,1316.96,109813050,1,Tuesday,,
2018-01-03,00:00:00,1317.5,1321.4,1307.43,1312.85,112080810,2,Wednesday,,
2018-01-04,00:00:00,1313.4,1325.97,1305.87,1322.43,104530450,3,Thursday,,
2018-01-05,00:00:00,1322.44,1323.36,1313.64,1319.22,104376610,4,Friday,,
2018-01-08,00:00:00,1320.42,1322.1,1314.78,1320.23,90217770,0,Monday,1.2,0.09096
2018-01-09,00:00:00,1320.28,1320.3,1308.82,1311.85,106853830,1,Tuesday,,
2018-01-10,00:00:00,1312.29,1327.69,1308.17,1316.39,113364140,2,Wednesday,,
2018-01-11,00:00:00,1316.57,1323.9,1315.68,1321.49,100072280,3,Thursday,,
2018-01-12,00:00:00,1322.47,1339.3,1321.5,1337.53,105543020,4,Friday,,
2018-01-15,00:00:00,1336.62,1344.67,1335.84,1339.94,68519960,0,Monday,-0.91,-0.06804
2018-01-16,00:00:00,1340.22,1342.22,1331.84,1338.26,111424900,1,Tuesday,,
2018-01-17,00:00:00,1338.51,1343.93,1325.91,1326.01,114218910,2,Wednesday,,
2018-01-18,00:00:00,1327.03,1333.09,1324.25,1326.64,112642750,3,Thursday,,
2018-01-19,00:00:00,1326.83,1338.04,1326.23,1331.6,105708150,4,Friday,,
2018-01-22,00:00:00,1334.04,1335.63,1328.41,1333.83,99434150,0,Monday,2.44,0.18324
2018-01-23,00:00:00,1333.79,1341.77,1331.34,1340.91,116277850,1,Tuesday,,
2018-01-24,00:00:00,1341.54,1361.99,1339.45,1357.36,116179840,2,Wednesday,,
2018-01-25,00:00:00,1357.5,1366.0,1342.41,1347.7,126242130,3,Thursday,,
2018-01-26,00:00:00,1347.23,1357.11,1344.61,1349.2,97360990,4,Friday,,
2018-01-29,00:00:00,1349.64,1352.36,1337.6,1339.97,81391520,0,Monday,0.44,0.03261
2018-01-30,00:00:00,1340.65,1348.88,1334.42,1338.25,105810950,1,Tuesday,,
2018-01-31,00:00:00,1338.37,1347.52,1332.64,1344.63,93795400,2,Wednesday,,
2018-02-01,00:00:00,1344.85,1351.01,1337.21,1348.25,96386720,3,Thursday,,
2018-02-02,00:00:00,1348.64,1350.05,1327.4,1332.6,104032010,4,Friday,,
2018-02-05,00:00:00,1332.02,1341.59,1328.97,1339.18,103873250,0,Monday,-0.58,-0.04352
2018-02-06,00:00:00,1339.64,1346.06,1320.18,1323.85,154674020,1,Tuesday,,
2018-02-07,00:00:00,1323.7,1332.28,1311.37,1318.12,120432370,2,Wednesday,,
2018-02-08,00:00:00,1317.7,1322.15,1307.02,1318.36,127639730,3,Thursday,,
2018-02-09,00:00:00,1317.74,1322.67,1311.14,1315.69,129570080,4,Friday,,
2018-02-12,00:00:00,1315.27,1326.63,1314.13,1322.36,84891390,0,Monday,-0.42,-0.03192
2018-02-13,00:00:00,1322.43,1330.99,1321.56,1329.2,91292640,1,Tuesday,,
2018-02-14,00:00:00,1329.32,1355.54,1318.0,1350.31,114801070,2,Wednesday,,
2018-02-15,00:00:00,1349.64,1357.08,1348.55,1353.15,99017980,3,Thursday,,
2018-02-16,00:00:00,1353.31,1361.68,1344.75,1346.88,91550670,4,Friday,,
2018-02-19,00:00:00,1347.46,1351.35,1345.79,1346.43,63741280,0,Monday,0.58,0.04306
2018-02-20,00:00:00,1346.22,1348.19,1328.45,1328.88,108265520,1,Tuesday,,
2018-02-21,00:00:00,1329.19,1336.21,1322.34,1324.32,87757190,2,Wednesday,,
2018-02-22,00:00:00,1324.05,1332.08,1320.9,1331.73,111863780,3,Thursday,,
2018-02-23,00:00:00,1331.51,1332.11,1325.77,1328.48,88390100,4,Friday,,
2018-02-26,00:00:00,1328.16,1341.04,1326.63,1333.05,87863960,0,Monday,-0.32,-0.02409
2018-02-27,00:00:00,1333.15,1336.7,1313.39,1317.95,98162990,1,Tuesday,,
2018-02-28,00:00:00,1317.64,1322.52,1315.58,1317.86,115596960,2,Wednesday,,
2018-03-01,00:00:00,1317.92,1321.12,1302.76,1316.62,116245230,3,Thursday,,
2018-03-02,00:00:00,1316.86,1325.41,1315.18,1322.36,123065890,4,Friday,,
2018-03-05,00:00:00,1323.67,1327.75,1317.51,1319.77,131370500,0,Monday,1.31,0.09907
2018-03-06,00:00:00,1319.93,1338.45,1319.84,1334.29,129561580,1,Tuesday,,
2018-03-07,00:00:00,1337.55,1340.47,1322.17,1325.21,146125390,2,Wednesday,,
2018-03-08,00:00:00,1325.22,1328.99,1319.01,1321.7,113496620,3,Thursday,,
2018-03-09,00:00:00,1321.68,1325.12,1312.83,1322.91,53634960,4,Friday,,
2018-03-12,00:00:00,1323.27,1324.22,1315.05,1322.85,51886490,0,Monday,0.36,0.02721
2018-03-13,00:00:00,1322.73,1328.27,1313.94,1326.18,63185530,1,Tuesday,,
2018-03-14,00:00:00,1325.77,1329.99,1321.46,1324.58,44735310,2,Wednesday,,
2018-03-15,00:00:00,1324.42,1327.89,1315.0,1316.0,27957140,3,Thursday,,
2018-03-16,00:00:00,1316.17,1321.7,1309.62,1314.08,28115880,4,Friday,,
2018-03-19,00:00:00,1313.14,1319.59,1307.74,1316.65,29154820,0,Monday,-0.94,-0.07153
2018-03-20,00:00:00,1316.57,1318.21,1307.17,1311.15,28357970,1,Tuesday,,
2018-03-21,00:00:00,1310.95,1336.58,1309.81,1332.08,40061800,2,Wednesday,,
2018-03-22,00:00:00,1331.86,1334.84,1324.76,1328.83,37976540,3,Thursday,,
2018-03-23,00:00:00,1328.93,1350.22,1328.93,1346.98,42013840,4,Friday,,
2018-03-26,00:00:00,1347.12,1355.87,1343.44,1352.38,32717710,0,Monday,0.14,0.01039
2018-03-27,00:00:00,1353.43,1356.79,1339.82,1344.77,36085220,1,Tuesday,,
2018-03-28,00:00:00,1345.14,1346.97,1323.5,1324.82,40233690,2,Wednesday,,
2018-03-29,00:00:00,1324.47,1328.27,1321.18,1325.07,31737790,3,Thursday,,
2018-04-02,00:00:00,1325.74,1344.79,1324.81,1341.12,41014290,0,Monday,0.67,0.05056
2018-04-03,00:00:00,1340.48,1342.49,1329.0,1332.67,34963440,1,Tuesday,,
2018-04-04,00:00:00,1332.63,1348.22,1331.47,1333.07,40033460,2,Wednesday,,
2018-04-05,00:00:00,1332.58,1334.85,1322.74,1326.37,31157910,3,Thursday,,
2018-04-06,00:00:00,1326.14,1335.36,1319.65,1332.99,46282650,4,Friday,,
2018-04-09,00:00:00,1333.97,1337.9,1326.81,1336.17,40978470,0,Monday,0.98,0.07352
2018-04-10,00:00:00,1336.09,1342.58,1331.05,1339.27,38552600,1,Tuesday,,
2018-04-11,00:00:00,1339.07,1365.17,1339.04,1352.3,53002250,2,Wednesday,,
2018-04-12,00:00:00,1352.68,1353.15,1333.72,1334.77,42234230,3,Thursday,,
2018-04-13,00:00:00,1334.62,1347.11,1333.18,1345.24,39782550,4,Friday,,
2018-04-16,00:00:00,1345.94,1350.44,1340.1,1345.57,35495800,0,Monday,0.7,0.05204
2018-04-17,00:00:00,1345.61,1349.34,1337.65,1346.92,31638870,1,Tuesday,,
2018-04-18,00:00:00,1347.47,1355.65,1342.25,1349.22,32555480,2,Wednesday,,
2018-04-19,00:00:00,1349.18,1354.66,1340.91,1345.39,38377150,3,Thursday,,
2018-04-20,00:00:00,1345.93,1346.26,1335.0,1335.14,28515030,4,Friday,,
2018-04-23,00:00:00,1334.17,1335.42,1322.08,1324.62,31351500,0,Monday,-0.97,-0.07265
2018-04-24,00:00:00,1324.42,1332.63,1322.0,1329.56,30031490,1,Tuesday,,
2018-04-25,00:00:00,1329.82,1331.98,1318.72,1322.97,23440840,2,Wednesday,,
2018-04-26,00:00:00,1322.82,1326.52,1315.2,1316.82,25882170,3,Thursday,,
2018-04-27,00:00:00,1316.7,1325.16,1315.26,1323.22,22180960,4,Friday,,
2018-04-30,00:00:00,1322.91,1325.35,1310.17,1315.08,22939120,0,Monday,-0.31,-0.02343
2018-05-01,00:00:00,1314.96,1316.29,1301.68,1303.82,25600520,1,Tuesday,,
2018-05-02,00:00:00,1303.81,1313.36,1303.75,1304.15,29556100,2,Wednesday,,
2018-05-03,00:00:00,1304.36,1318.07,1304.35,1311.97,25849170,3,Thursday,,
2018-05-04,00:00:00,1311.78,1315.41,1308.0,1314.81,27929330,4,Friday,,
2018-05-07,00:00:00,1315.06,1318.89,1310.2,1314.12,27347170,0,Monday,0.25,0.01901
2018-05-08,00:00:00,1313.43,1317.76,1306.03,1313.41,32257540,1,Tuesday,,
2018-05-09,00:00:00,1314.58,1317.38,1304.2,1312.62,30549240,2,Wednesday,,
2018-05-10,00:00:00,1312.38,1322.83,1310.7,1320.23,30043430,3,Thursday,,
2018-05-11,00:00:00,1321.25,1325.9,1317.2,1317.91,24169440,4,Friday,,
2018-05-14,00:00:00,1318.29,1322.31,1312.91,1313.12,20127580,0,Monday,0.38,0.02883
2018-05-15,00:00:00,1312.62,1314.82,1288.66,1290.26,31290440,1,Tuesday,,
2018-05-16,00:00:00,1289.77,1296.83,1286.35,1290.57,29444550,2,Wednesday,,
2018-05-17,00:00:00,1290.21,1294.35,1285.08,1290.72,27722940,3,Thursday,,
2018-05-18,00:00:00,1290.66,1294.15,1286.04,1292.87,24616770,4,Friday,,
2018-05-21,00:00:00,1290.42,1293.08,1282.03,1292.52,24847230,0,Monday,-2.45,-0.1895
2018-05-22,00:00:00,1292.8,1296.12,1287.9,1291.02,25487790,1,Tuesday,,
2018-05-23,00:00:00,1290.91,1298.44,1287.88,1293.1,34623260,2,Wednesday,,
2018-05-24,00:00:00,1294.09,1306.58,1292.72,1304.67,35178350,3,Thursday,,
2018-05-25,00:00:00,1304.32,1307.76,1299.81,1301.35,36973780,4,Friday,,
2018-05-28,00:00:00,1299.59,1300.28,1295.45,1298.02,21874120,0,Monday,-1.76,-0.13524
2018-05-29,00:00:00,1297.55,1306.61,1292.74,1298.87,42148460,1,Tuesday,,
2018-05-30,00:00:00,1298.22,1304.34,1295.86,1300.8,35502940,2,Wednesday,,
2018-05-31,00:00:00,1301.18,1306.42,1297.39,1298.17,34365030,3,Thursday,,
2018-06-01,00:00:00,1298.72,1300.52,1289.25,1292.81,26039550,4,Friday,,
2018-06-04,00:00:00,1292.62,1298.02,1290.3,1290.89,26357360,0,Monday,-0.19,-0.0147
2018-06-05,00:00:00,1292.19,1300.47,1289.87,1295.77,25761670,1,Tuesday,,
2018-06-06,00:00:00,1296.09,1301.77,1293.74,1296.28,23512300,2,Wednesday,,
2018-06-07,00:00:00,1296.34,1303.1,1294.84,1296.34,25553830,3,Thursday,,
2018-06-08,00:00:00,1296.88,1300.54,1293.25,1298.44,28624510,4,Friday,,
2018-06-11,00:00:00,1299.78,1302.21,1294.06,1299.84,18891010,0,Monday,1.34,0.1032
2018-06-12,00:00:00,1298.68,1300.47,1293.22,1295.45,22942290,1,Tuesday,,
2018-06-13,00:00:00,1295.85,1301.19,1291.41,1299.32,25868230,2,Wednesday,,
2018-06-14,00:00:00,1299.25,1309.27,1297.49,1301.86,33161590,3,Thursday,,
2018-06-15,00:00:00,1302.28,1303.06,1275.35,1279.56,38893180,4,Friday,,
2018-06-18,00:00:00,1277.27,1282.34,1276.98,1278.0,31744000,0,Monday,-2.29,-0.17897
2018-06-19,00:00:00,1278.13,1284.03,1270.39,1273.91,33793500,1,Tuesday,,
2018-06-20,00:00:00,1274.55,1276.37,1267.33,1267.67,35311230,2,Wednesday,,
2018-06-21,00:00:00,1267.42,1270.08,1261.35,1267.0,31841610,3,Thursday,,
2018-06-22,00:00:00,1267.0,1271.15,1266.69,1269.07,28359420,4,Friday,,
2018-06-25,00:00:00,1270.0,1272.55,1264.48,1264.73,37798390,0,Monday,0.93,0.07328
2018-06-26,00:00:00,1265.61,1267.63,1254.79,1258.31,43028880,1,Tuesday,,
2018-06-27,00:00:00,1258.61,1260.05,1250.67,1251.36,53303460,2,Wednesday,,
2018-06-28,00:00:00,1251.66,1254.24,1245.92,1247.61,43373370,3,Thursday,,
2018-06-29,00:00:00,1247.79,1255.57,1246.11,1252.53,48666990,4,Friday,,
2018-07-02,00:00:00,1251.52,1254.18,1239.64,1241.03,42239610,0,Monday,-1.01,-0.08064
2018-07-03,00:00:00,1240.98,1256.82,1237.95,1252.31,41440180,1,Tuesday,,
2018-07-04,00:00:00,1252.1,1261.05,1252.0,1256.81,31089700,2,Wednesday,,
2018-07-05,00:00:00,1256.69,1259.7,1251.28,1256.65,39564200,3,Thursday,,
2018-07-06,00:00:00,1257.16,1258.88,1252.78,1254.77,35765050,4,Friday,,
2018-07-09,00:00:00,1255.35,1265.87,1254.73,1257.58,30922960,0,Monday,0.58,0.04622
2018-07-10,00:00:00,1257.29,1260.31,1247.3,1255.27,35952760,1,Tuesday,,
2018-07-11,00:00:00,1255.59,1256.85,1241.5,1241.9,47306200,2,Wednesday,,
2018-07-12,00:00:00,1241.59,1248.53,1241.26,1246.74,41448040,3,Thursday,,
2018-07-13,00:00:00,1247.11,1248.06,1236.34,1241.44,42153860,4,Friday,,
2018-07-16,00:00:00,1240.97,1245.53,1238.29,1240.66,35396640,0,Monday,-0.47,-0.03786
2018-07-17,00:00:00,1240.42,1244.94,1226.02,1227.52,39741230,1,Tuesday,,
2018-07-18,00:00:00,1227.11,1229.12,1221.06,1227.2,35155910,2,Wednesday,,
2018-07-19,00:00:00,1227.1,1229.0,1211.51,1222.68,50691630,3,Thursday,,
2018-07-20,00:00:00,1223.01,1232.23,1215.66,1231.55,50412640,4,Friday,,
2018-07-23,00:00:00,1231.37,1235.08,1222.3,1224.37,48441310,0,Monday,-0.18,-0.01462
2018-07-24,00:00:00,1224.28,1229.48,1218.1,1224.22,42241750,1,Tuesday,,
2018-07-25,00:00:00,1224.04,1234.18,1223.21,1231.37,42955100,2,Wednesday,,
2018-07-26,00:00:00,1231.39,1235.13,1222.29,1222.42,41653340,3,Thursday,,
2018-07-27,00:00:00,1222.86,1227.31,1217.54,1222.68,40718390,4,Friday,,
2018-07-30,00:00:00,1222.62,1225.03,1219.01,1220.7,31774980,0,Monday,-0.06,-0.00491
2018-07-31,00:00:00,1221.6,1228.52,1213.94,1222.65,46507640,1,Tuesday,,
2018-08-01,00:00:00,1223.33,1224.76,1215.78,1215.78,37474970,2,Wednesday,,
2018-08-02,00:00:00,1215.68,1221.27,1206.83,1206.86,39999590,3,Thursday,,
2018-08-03,00:00:00,1207.83,1219.98,1204.5,1213.22,44753120,4,Friday,,
2018-08-06,00:00:00,1213.53,1217.83,1205.55,1205.55,35438000,0,Monday,0.31,0.02555
2018-08-07,00:00:00,1207.19,1216.11,1207.07,1210.44,36142530,1,Tuesday,,
2018-08-08,00:00:00,1210.64,1215.8,1206.43,1213.46,34242540,2,Wednesday,,
2018-08-09,00:00:00,1213.62,1217.24,1210.75,1211.83,32799300,3,Thursday,,
2018-08-10,00:00:00,1212.29,1217.07,1205.67,1210.99,52807420,4,Friday,,
2018-08-13,00:00:00,1210.67,1213.82,1191.62,1193.4,51289450,0,Monday,-0.32,-0.02642
2018-08-14,00:00:00,1194.09,1198.68,1192.0,1193.97,40028100,1,Tuesday,,
2018-08-15,00:00:00,1194.09,1194.62,1173.07,1174.62,50202200,2,Wednesday,,
2018-08-16,00:00:00,1175.62,1181.99,1160.17,1173.97,55603550,3,Thursday,,
2018-08-17,00:00:00,1173.71,1185.0,1171.84,1184.68,48296860,4,Friday,,
2018-08-20,00:00:00,1183.33,1190.78,1182.78,1190.47,38100380,0,Monday,-1.35,-0.11395
2018-08-21,00:00:00,1190.32,1196.96,1187.64,1196.12,43898230,1,Tuesday,,
2018-08-22,00:00:00,1196.8,1201.56,1192.57,1195.6,44171540,2,Wednesday,,
2018-08-23,00:00:00,1195.83,1196.54,1183.86,1185.05,42783670,3,Thursday,,
2018-08-24,00:00:00,1185.22,1208.51,1183.12,1205.59,44677080,4,Friday,,
2018-08-27,00:00:00,1206.87,1212.4,1203.11,1211.1,36216820,0,Monday,1.28,0.10617
2018-08-28,00:00:00,1211.37,1214.24,1199.6,1200.86,43162930,1,Tuesday,,
2018-08-29,00:00:00,1200.8,1207.23,1200.71,1205.27,41640300,2,Wednesday,,
2018-08-30,00:00:00,1206.5,1207.81,1196.26,1199.59,41697670,3,Thursday,,
2018-08-31,00:00:00,1200.19,1208.82,1198.23,1200.74,42652750,4,Friday,,
2018-09-03,00:00:00,1200.14,1203.81,1195.65,1201.2,25624210,0,Monday,-0.6,-0.04997
2018-09-04,00:00:00,1201.52,1201.97,1189.57,1191.13,42629580,1,Tuesday,,
2018-09-05,00:00:00,1191.21,1198.33,1190.88,1196.29,35157310,2,Wednesday,,
2018-09-06,00:00:00,1196.47,1206.94,1195.78,1199.65,39926090,3,Thursday,,
2018-09-07,00:00:00,1199.83,1203.48,1193.42,1195.63,47307200,4,Friday,,
2018-09-10,00:00:00,1195.02,1198.44,1191.5,1195.72,36508220,0,Monday,-0.61,-0.05102
2018-09-11,00:00:00,1194.97,1199.37,1187.7,1198.52,37164380,1,Tuesday,,
2018-09-12,00:00:00,1198.01,1208.43,1192.66,1206.12,43480400,2,Wednesday,,
2018-09-13,00:00:00,1206.78,1212.61,1200.15,1201.27,41512790,3,Thursday,,
2018-09-14,00:00:00,1201.2,1208.51,1192.88,1193.25,43318510,4,Friday,,
2018-09-17,00:00:00,1193.97,1204.78,1192.76,1201.02,36494770,0,Monday,0.72,0.06034
2018-09-18,00:00:00,1201.35,1203.49,1195.84,1198.02,46220320,1,Tuesday,,
2018-09-19,00:00:00,1197.94,1206.17,1197.52,1203.77,39146340,2,Wednesday,,
2018-09-20,00:00:00,1203.87,1208.37,1201.27,1206.93,41029110,3,Thursday,,
2018-09-21,00:00:00,1207.18,1211.01,1191.79,1199.47,45389670,4,Friday,,
2018-09-24,00:00:00,1198.82,1204.14,1194.4,1198.55,31399150,0,Monday,-0.65,-0.05419
2018-09-25,00:00:00,1198.44,1203.27,1197.08,1199.91,33624490,1,Tuesday,,
2018-09-26,00:00:00,1200.72,1202.43,1190.48,1194.17,37171510,2,Wednesday,,
2018-09-27,00:00:00,1194.66,1198.51,1182.0,1182.41,40635640,3,Thursday,,
2018-09-28,00:00:00,1182.44,1193.84,1180.72,1191.76,47417540,4,Friday,,
2018-10-01,00:00:00,1192.31,1192.34,1184.54,1188.64,41940840,0,Monday,0.55,0.04615
2018-10-02,00:00:00,1188.63,1208.21,1188.42,1202.87,49519540,1,Tuesday,,
2018-10-03,00:00:00,1203.17,1208.28,1196.77,1197.17,46033210,2,Wednesday,,
2018-10-04,00:00:00,1197.48,1206.7,1195.97,1199.72,53586410,3,Thursday,,
2018-10-05,00:00:00,1199.66,1205.76,1197.24,1202.69,44025400,4,Friday,,
2018-10-08,00:00:00,1203.04,1204.04,1182.54,1187.69,41325150,0,Monday,0.35,0.0291
2018-10-09,00:00:00,1188.24,1191.84,1183.26,1189.62,44749600,1,Tuesday,,
2018-10-10,00:00:00,1189.25,1194.73,1185.31,1194.4,48875470,2,Wednesday,,
2018-10-11,00:00:00,1194.76,1226.28,1191.23,1223.25,72098960,3,Thursday,,
2018-10-12,00:00:00,1224.03,1224.09,1215.8,1217.77,52334570,4,Friday,,
2018-10-15,00:00:00,1217.53,1233.24,1216.81,1226.57,46177840,0,Monday,-0.24,-0.01971
2018-10-16,00:00:00,1226.77,1232.36,1223.4,1224.37,36158900,1,Tuesday,,
2018-10-17,00:00:00,1224.31,1229.45,1220.55,1222.11,38033830,2,Wednesday,,
2018-10-18,00:00:00,1221.95,1230.09,1218.64,1225.45,44918820,3,Thursday,,
2018-10-19,00:00:00,1225.55,1230.75,1223.06,1225.98,38348620,4,Friday,,
2018-10-22,00:00:00,1227.24,1229.55,1220.01,1221.84,33129990,0,Monday,1.26,0.10277
2018-10-23,00:00:00,1221.81,1239.71,1221.69,1229.86,39109850,1,Tuesday,,
2018-10-24,00:00:00,1230.43,1233.65,1225.58,1233.38,36959410,2,Wednesday,,
2018-10-25,00:00:00,1234.17,1239.17,1228.08,1231.87,41652220,3,Thursday,,
2018-10-26,00:00:00,1231.69,1243.38,1230.01,1233.33,48520050,4,Friday,,
2018-10-29,00:00:00,1233.55,1235.38,1224.22,1229.22,46655200,0,Monday,0.22,0.01784
2018-10-30,00:00:00,1229.9,1230.49,1219.85,1222.79,38537010,1,Tuesday,,
2018-10-31,00:00:00,1223.01,1223.19,1211.8,1214.44,37124400,2,Wednesday,,
2018-11-01,00:00:00,1214.99,1237.33,1214.59,1232.98,43343260,3,Thursday,,
2018-11-02,00:00:00,1233.77,1236.35,1229.66,1232.63,46256080,4,Friday,,
2018-11-05,00:00:00,1232.6,1235.05,1226.8,1231.14,29149170,0,Monday,-0.03,-0.00243
2018-11-06,00:00:00,1231.44,1235.87,1223.42,1226.52,30211920,1,Tuesday,,
2018-11-07,00:00:00,1226.84,1236.42,1222.94,1226.09,46390700,2,Wednesday,,
2018-11-08,00:00:00,1226.36,1227.04,1220.03,1223.24,44047400,3,Thursday,,
2018-11-09,00:00:00,1223.44,1223.56,1206.63,1209.63,35768770,4,Friday,,
2018-11-12,00:00:00,1208.92,1211.39,1200.34,1200.34,31938290,0,Monday,-0.71,-0.0587
2018-11-13,00:00:00,1200.54,1205.12,1196.19,1202.0,42865630,1,Tuesday,,
2018-11-14,00:00:00,1202.29,1216.46,1197.61,1210.55,51923170,2,Wednesday,,
2018-11-15,00:00:00,1210.87,1216.38,1207.53,1212.97,48774590,3,Thursday,,
2018-11-16,00:00:00,1213.46,1225.22,1213.07,1221.09,46531050,4,Friday,,
2018-11-19,00:00:00,1221.93,1225.29,1217.95,1223.73,25780020,0,Monday,0.84,0.06879
2018-11-20,00:00:00,1223.92,1228.7,1219.84,1221.31,41108940,1,Tuesday,,
2018-11-21,00:00:00,1221.69,1230.08,1219.69,1225.65,24744370,2,Wednesday,,
2018-11-22,00:00:00,1225.92,1229.02,1224.8,1227.16,14616800,3,Thursday,,
2018-11-23,00:00:00,1226.85,1228.49,1220.26,1222.88,24436000,4,Friday,,
2018-11-26,00:00:00,1223.3,1227.96,1221.63,1221.92,24707330,0,Monday,0.42,0.03435
2018-11-27,00:00:00,1221.83,1225.19,1211.84,1214.68,27038010,1,Tuesday,,
2018-11-28,00:00:00,1214.78,1226.65,1211.13,1220.86,27758970,2,Wednesday,,
2018-11-29,00:00:00,1221.01,1228.92,1220.4,1223.88,29466860,3,Thursday,,
2018-11-30,00:00:00,1224.15,1225.47,1216.61,1222.03,27641190,4,Friday,,
2018-12-03,00:00:00,1222.95,1234.9,1221.2,1230.34,32723580,0,Monday,0.92,0.07528
2018-12-04,00:00:00,1230.95,1241.88,1230.42,1238.16,35852430,1,Tuesday,,
2018-12-05,00:00:00,1238.92,1239.17,1233.24,1236.92,22655000,2,Wednesday,,
2018-12-06,00:00:00,1237.47,1244.25,1234.68,1237.4,42461810,3,Thursday,,
2018-12-07,00:00:00,1237.72,1249.97,1237.22,1248.2,36520960,4,Friday,,
2018-12-10,00:00:00,1249.67,1250.83,1241.52,1244.13,37740730,0,Monday,1.47,0.11777
2018-12-11,00:00:00,1244.43,1249.42,1240.96,1242.8,31536040,1,Tuesday,,
2018-12-12,00:00:00,1243.0,1247.18,1241.9,1245.27,34821930,2,Wednesday,,
2018-12-13,00:00:00,1245.95,1246.67,1240.05,1241.59,26902520,3,Thursday,,
2018-12-14,00:00:00,1241.63,1242.95,1232.86,1238.12,30258260,4,Friday,,
2018-12-17,00:00:00,1239.02,1248.04,1235.72,1245.49,27399450,0,Monday,0.9,0.07269
2018-12-18,00:00:00,1245.7,1250.35,1244.99,1249.33,23688110,1,Tuesday,,
2018-12-19,00:00:00,1249.78,1257.95,1241.61,1242.7,35665700,2,Wednesday,,
2018-12-20,00:00:00,1243.12,1266.4,1242.65,1259.49,45085980,3,Thursday,,
2018-12-21,00:00:00,1259.97,1262.66,1254.0,1255.43,40686220,4,Friday,,
2018-12-24,00:00:00,1257.35,1269.95,1256.85,1268.93,32384660,0,Monday,1.92,0.15294
2018-12-26,00:00:00,1268.77,1279.02,1264.17,1266.74,28430530,2,Wednesday,,
2018-12-27,00:00:00,1266.59,1278.93,1266.34,1275.34,57208810,3,Thursday,,
2018-12-28,00:00:00,1275.11,1282.07,1274.2,1280.56,45651040,4,Friday,,
2018-12-31,00:00:00,1280.23,1284.0,1277.37,1282.18,28331920,0,Monday,-0.33,-0.02577
2019-01-02,00:00:00,1282.3,1288.67,1278.63,1284.21,37161760,2,Wednesday,,
2019-01-03,00:00:00,1285.11,1294.86,1284.48,1293.87,53835710,3,Thursday,,
2019-01-04,00:00:00,1293.88,1298.54,1276.57,1284.94,48931260,4,Friday,,
2019-01-07,00:00:00,1285.05,1295.0,1282.56,1288.89,32577040,0,Monday,0.11,0.00856
2019-01-08,00:00:00,1288.88,1290.16,1279.32,1284.85,32743860,1,Tuesday,,
2019-01-09,00:00:00,1284.76,1293.85,1280.0,1293.14,30378110,2,Wednesday,,
2019-01-10,00:00:00,1293.46,1297.02,1286.04,1286.29,33410740,3,Thursday,,
2019-01-11,00:00:00,1286.57,1295.09,1286.54,1287.17,34892450,4,Friday,,
2019-01-14,00:00:00,1287.35,1295.81,1287.25,1291.36,29276570,0,Monday,0.18,0.01398
2019-01-15,00:00:00,1291.83,1294.68,1286.66,1289.13,32217730,1,Tuesday,,
2019-01-16,00:00:00,1289.68,1294.91,1287.81,1293.34,29019050,2,Wednesday,,
2019-01-17,00:00:00,1293.91,1295.32,1288.88,1291.63,33515510,3,Thursday,,
2019-01-18,00:00:00,1292.07,1292.38,1280.56,1281.27,28085770,4,Friday,,
2019-01-21,00:00:00,1281.45,1283.46,1276.72,1280.14,11604270,0,Monday,0.18,0.01405
2019-01-22,00:00:00,1279.54,1285.42,1277.37,1284.83,28316680,1,Tuesday,,
2019-01-23,00:00:00,1284.9,1286.44,1278.61,1282.39,24244250,2,Wednesday,,
2019-01-24,00:00:00,1282.66,1284.72,1276.59,1280.86,29272630,3,Thursday,,
2019-01-25,00:00:00,1280.72,1303.53,1280.0,1302.93,28895300,4,Friday,,
2019-01-28,00:00:00,1301.34,1304.34,1297.62,1302.96,22150960,0,Monday,-1.59,-0.12203
2019-01-29,00:00:00,1302.92,1311.95,1302.63,1311.35,29483620,1,Tuesday,,
2019-01-30,00:00:00,1311.26,1323.3,1308.94,1319.04,28887280,2,Wednesday,,
2019-01-31,00:00:00,1320.19,1326.25,1317.38,1320.91,29120650,3,Thursday,,
2019-02-01,00:00:00,1321.21,1323.46,1316.09,1317.27,24464640,4,Friday,,
2019-02-04,00:00:00,1317.92,1318.96,1308.54,1311.8,22806320,0,Monday,0.65,0.04934
2019-02-05,00:00:00,1312.12,1316.83,1310.63,1314.71,23687860,1,Tuesday,,
2019-02-06,00:00:00,1315.0,1315.77,1305.52,1306.16,25299370,2,Wednesday,,
2019-02-07,00:00:00,1306.44,1311.88,1302.7,1309.74,26551110,3,Thursday,,
2019-02-08,00:00:00,1309.87,1315.57,1307.7,1313.94,25071610,4,Friday,,
2019-02-11,00:00:00,1314.1,1314.82,1303.6,1307.74,23259030,0,Monday,0.16,0.01218
2019-02-12,00:00:00,1307.97,1314.67,1306.4,1310.47,17738000,1,Tuesday,,
2019-02-13,00:00:00,1310.81,1318.08,1304.97,1305.91,23028080,2,Wednesday,,
2019-02-14,00:00:00,1305.68,1314.31,1302.29,1312.08,30280490,3,Thursday,,
2019-02-15,00:00:00,1312.27,1322.56,1311.33,1321.04,23056900,4,Friday,,
2019-02-18,00:00:00,1320.88,1327.55,1320.4,1326.38,10424800,0,Monday,-0.16,-0.01211
2019-02-19,00:00:00,1326.14,1341.78,1322.78,1340.57,25793450,1,Tuesday,,
2019-02-20,00:00:00,1340.31,1346.65,1336.8,1338.07,27360940,2,Wednesday,,
2019-02-21,00:00:00,1338.7,1341.42,1320.86,1323.35,53925300,3,Thursday,,
2019-02-22,00:00:00,1323.49,1333.04,1321.47,1327.88,35858300,4,Friday,,
2019-02-25,00:00:00,1328.84,1332.48,1325.12,1327.18,24829340,0,Monday,0.96,0.0723
2019-02-26,00:00:00,1326.97,1330.13,1323.44,1328.61,23411460,1,Tuesday,,
2019-02-27,00:00:00,1328.34,1329.81,1316.82,1319.46,33405530,2,Wednesday,,
2019-02-28,00:00:00,1319.28,1327.23,1312.52,1312.84,27957710,3,Thursday,,
2019-03-01,00:00:00,1313.47,1315.14,1290.1,1293.06,41431080,4,Friday,,
2019-03-04,00:00:00,1292.7,1296.99,1282.76,1286.5,31136410,0,Monday,-0.36,-0.02784
2019-03-05,00:00:00,1286.21,1289.54,1281.13,1287.53,39971000,1,Tuesday,,
2019-03-06,00:00:00,1287.52,1290.88,1283.55,1285.14,33161010,2,Wednesday,,
2019-03-07,00:00:00,1285.58,1288.97,1280.48,1285.13,38266020,3,Thursday,,
2019-03-08,00:00:00,1285.93,1300.71,1285.13,1298.06,39427160,4,Friday,,
2019-03-11,00:00:00,1297.77,1299.05,1290.39,1293.26,27291340,0,Monday,-0.29,-0.02234
2019-03-12,00:00:00,1293.38,1302.15,1291.99,1300.72,33887120,1,Tuesday,,
2019-03-13,00:00:00,1301.21,1311.17,1300.51,1307.91,29252810,2,Wednesday,,
2019-03-14,00:00:00,1308.73,1310.28,1292.78,1295.15,33688340,3,Thursday,,
2019-03-15,00:00:00,1295.85,1306.33,1293.93,1301.88,32007180,4,Friday,,
2019-03-18,00:00:00,1301.86,1306.67,1298.15,1303.36,22396290,0,Monday,-0.02,-0.00154
2019-03-19,00:00:00,1303.5,1310.84,1302.29,1306.26,22032840,1,Tuesday,,
2019-03-20,00:00:00,1305.05,1316.94,1298.61,1311.89,38597270,2,Wednesday,,
2019-03-21,00:00:00,1312.95,1320.31,1303.2,1309.14,34896200,3,Thursday,,
2019-03-22,00:00:00,1309.12,1314.9,1306.78,1313.08,37982770,4,Friday,,
2019-03-25,00:00:00,1313.11,1324.45,1310.96,1321.7,30726120,0,Monday,0.03,0.00228
2019-03-26,00:00:00,1321.56,1323.16,1312.63,1315.48,36658020,1,Tuesday,,
2019-03-27,00:00:00,1315.51,1319.26,1308.07,1308.31,39789470,2,Wednesday,,
2019-03-28,00:00:00,1309.66,1312.24,1288.45,1289.86,36400470,3,Thursday,,
2019-03-29,00:00:00,1289.95,1299.74,1286.67,1291.88,33522960,4,Friday,,
2019-04-01,00:00:00,1292.03,1296.95,1286.42,1287.37,27178660,0,Monday,0.15,0.01161
2019-04-02,00:00:00,1287.31,1292.53,1285.14,1292.28,23525400,1,Tuesday,,
2019-04-03,00:00:00,1292.14,1294.49,1288.34,1289.53,26938980,2,Wednesday,,
2019-04-04,00:00:00,1289.89,1294.34,1280.85,1291.99,19564460,3,Thursday,,
2019-04-05,00:00:00,1292.14,1293.51,1284.33,1291.18,33904960,4,Friday,,
2019-04-08,00:00:00,1291.31,1303.65,1291.2,1297.3,18813290,0,Monday,0.13,0.01007
2019-04-09,00:00:00,1297.37,1306.14,1296.54,1303.69,27121820,1,Tuesday,,
2019-04-10,00:00:00,1303.77,1310.52,1300.86,1307.66,32145580,2,Wednesday,,
2019-04-11,00:00:00,1307.88,1309.11,1289.55,1292.47,29640480,3,Thursday,,
2019-04-12,00:00:00,1292.17,1295.71,1290.0,1290.18,26399490,4,Friday,,
2019-04-15,00:00:00,1291.08,1291.86,1282.45,1287.16,24685190,0,Monday,0.9,0.06976
2019-04-16,00:00:00,1287.53,1288.68,1272.9,1276.54,33718260,1,Tuesday,,
2019-04-17,00:00:00,1276.45,1279.69,1272.9,1273.74,31803780,2,Wednesday,,
2019-04-18,00:00:00,1273.58,1277.63,1271.11,1275.47,34481910,3,Thursday,,
2019-04-22,00:00:00,1275.6,1279.77,1273.72,1274.63,18904580,0,Monday,0.13,0.01019
2019-04-23,00:00:00,1275.05,1276.43,1266.2,1272.02,25116800,1,Tuesday,,
2019-04-24,00:00:00,1272.03,1278.47,1268.7,1274.73,29950230,2,Wednesday,,
2019-04-25,00:00:00,1275.73,1282.53,1273.31,1276.96,31467340,3,Thursday,,
2019-04-26,00:00:00,1276.88,1288.61,1273.72,1285.69,32655830,4,Friday,,
2019-04-29,00:00:00,1286.28,1286.62,1277.99,1279.46,26019490,0,Monday,0.59,0.04589
2019-04-30,00:00:00,1279.69,1286.12,1279.46,1282.41,30680830,1,Tuesday,,
2019-05-01,00:00:00,1283.06,1287.19,1273.0,1276.59,31323190,2,Wednesday,,
2019-05-02,00:00:00,1276.65,1277.94,1266.19,1270.0,33375760,3,Thursday,,
2019-05-03,00:00:00,1270.53,1282.47,1268.27,1278.78,35056980,4,Friday,,
2019-05-06,00:00:00,1280.31,1285.73,1276.93,1280.28,43769890,0,Monday,1.53,0.11965
2019-05-07,00:00:00,1281.04,1286.02,1278.15,1283.0,40327310,1,Tuesday,,
2019-05-08,00:00:00,1283.91,1291.41,1279.28,1280.61,33163270,2,Wednesday,,
2019-05-09,00:00:00,1280.11,1288.14,1279.53,1282.83,53998580,3,Thursday,,
2019-05-10,00:00:00,1283.91,1289.34,1283.07,1285.51,49899680,4,Friday,,
2019-05-13,00:00:00,1287.48,1301.16,1281.93,1299.52,46244050,0,Monday,1.97,0.15325
2019-05-14,00:00:00,1300.01,1303.24,1293.66,1296.87,32269620,1,Tuesday,,
2019-05-15,00:00:00,1296.69,1300.85,1292.95,1295.91,53835310,2,Wednesday,,
2019-05-16,00:00:00,1296.55,1298.69,1284.04,1285.9,26526320,3,Thursday,,
2019-05-17,00:00:00,1286.66,1288.87,1274.75,1277.48,30065110,4,Friday,,
2019-05-20,00:00:00,1277.54,1278.95,1273.61,1277.09,24681060,0,Monday,0.06,0.0047
2019-05-21,00:00:00,1277.36,1277.85,1269.45,1274.53,24236190,1,Tuesday,,
2019-05-22,00:00:00,1274.62,1277.27,1272.41,1273.22,22816080,2,Wednesday,,
2019-05-23,00:00:00,1273.23,1287.22,1272.76,1283.3,38854510,3,Thursday,,
2019-05-24,00:00:00,1283.37,1285.17,1280.69,1284.62,34373480,4,Friday,,
2019-05-27,00:00:00,1284.65,1287.32,1283.7,1284.94,17734500,0,Monday,0.03,0.00234
2019-05-28,00:00:00,1284.92,1286.55,1276.06,1278.35,41240190,1,Tuesday,,
2019-05-29,00:00:00,1279.31,1285.46,1279.02,1279.84,44840360,2,Wednesday,,
2019-05-30,00:00:00,1279.83,1289.16,1274.95,1288.1,29361160,3,Thursday,,
2019-05-31,00:00:00,1288.05,1306.88,1287.88,1305.3,53782440,4,Friday,,
2019-06-03,00:00:00,1306.92,1327.9,1305.84,1323.31,49095600,0,Monday,1.62,0.12411
2019-06-04,00:00:00,1324.95,1329.01,1319.9,1324.86,48451690,1,Tuesday,,
2019-06-05,00:00:00,1325.09,1344.05,1324.45,1329.86,61609400,2,Wednesday,,
2019-06-06,00:00:00,1331.02,1339.75,1327.16,1334.59,52551690,3,Thursday,,
2019-06-07,00:00:00,1335.35,1348.2,1330.2,1340.39,49374440,4,Friday,,
2019-06-10,00:00:00,1336.85,1337.66,1325.03,1327.75,39336560,0,Monday,-3.54,-0.2641
2019-06-11,00:00:00,1327.41,1329.81,1319.82,1326.47,36938200,1,Tuesday,,
2019-06-12,00:00:00,1326.53,1338.35,1325.94,1333.22,38710730,2,Wednesday,,
2019-06-13,00:00:00,1333.89,1343.06,1332.33,1341.34,37810030,3,Thursday,,
2019-06-14,00:00:00,1342.08,1358.09,1337.74,1340.89,59523930,4,Friday,,
2019-06-17,00:00:00,1341.79,1343.51,1332.91,1339.36,37082280,0,Monday,0.9,0.06712
2019-06-18,00:00:00,1339.68,1354.61,1338.55,1346.33,55224620,1,Tuesday,,
2019-06-19,00:00:00,1346.27,1362.53,1341.19,1359.53,58128850,2,Wednesday,,
2019-06-20,00:00:00,1360.32,1393.93,1357.64,1387.77,80166340,3,Thursday,,
2019-06-21,00:00:00,1387.19,1411.81,1382.5,1399.16,79118510,4,Friday,,
2019-06-24,00:00:00,1400.08,1421.28,1399.65,1419.44,59575930,0,Monday,0.92,0.06575
2019-06-25,00:00:00,1419.37,1439.14,1411.81,1422.76,75015990,1,Tuesday,,
2019-06-26,00:00:00,1423.82,1424.38,1401.87,1408.02,61514220,2,Wednesday,,
2019-06-27,00:00:00,1409.47,1412.05,1398.55,1409.3,57017350,3,Thursday,,
2019-06-28,00:00:00,1409.77,1424.57,1405.62,1409.48,48742940,4,Friday,,
2019-07-01,00:00:00,1397.16,1397.7,1381.71,1384.17,56817990,0,Monday,-12.32,-0.87408
2019-07-02,00:00:00,1383.91,1420.96,1383.26,1417.8,62894570,1,Tuesday,,
2019-07-03,00:00:00,1418.39,1437.69,1411.97,1418.27,59184770,2,Wednesday,,
2019-07-04,00:00:00,1419.24,1421.6,1410.13,1414.73,24786310,3,Thursday,,
2019-07-05,00:00:00,1416.1,1424.13,1386.52,1398.53,60009110,4,Friday,,
2019-07-08,00:00:00,1398.97,1407.51,1391.64,1394.98,36863240,0,Monday,0.44,0.03146
2019-07-09,00:00:00,1394.98,1400.03,1385.66,1397.19,35526620,1,Tuesday,,
2019-07-10,00:00:00,1396.91,1418.6,1389.84,1418.25,51289740,2,Wednesday,,
2019-07-11,00:00:00,1418.21,1427.08,1400.74,1403.61,51121360,3,Thursday,,
2019-07-12,00:00:00,1403.79,1416.82,1403.05,1415.14,49207180,4,Friday,,
2019-07-15,00:00:00,1415.41,1419.7,1407.65,1412.96,31278320,0,Monday,0.27,0.01908
2019-07-16,00:00:00,1414.48,1418.16,1400.76,1405.62,40588400,1,Tuesday,,
2019-07-17,00:00:00,1406.55,1426.74,1400.02,1425.86,48974500,2,Wednesday,,
2019-07-18,00:00:00,1428.91,1448.02,1414.58,1445.87,64807410,3,Thursday,,
2019-07-19,00:00:00,1446.95,1452.89,1420.1,1425.17,60008670,4,Friday,,
2019-07-22,00:00:00,1427.6,1429.95,1422.15,1424.38,35572530,0,Monday,2.43,0.17051
2019-07-23,00:00:00,1425.24,1430.09,1414.14,1417.18,36934540,1,Tuesday,,
2019-07-24,00:00:00,1417.49,1429.44,1416.23,1424.18,28947630,2,Wednesday,,
2019-07-25,00:00:00,1425.53,1433.7,1410.97,1414.0,41128590,3,Thursday,,
2019-07-26,00:00:00,1414.07,1424.77,1413.23,1417.95,37891560,4,Friday,,
2019-07-29,00:00:00,1418.78,1428.08,1414.72,1426.5,28514080,0,Monday,0.83,0.05854
2019-07-30,00:00:00,1426.48,1433.16,1422.26,1430.49,30133380,1,Tuesday,,
2019-07-31,00:00:00,1431.01,1434.26,1410.38,1412.58,35123030,2,Wednesday,,
2019-08-01,00:00:00,1412.82,1445.95,1400.42,1444.53,51106370,3,Thursday,,
2019-08-02,00:00:00,1444.8,1449.03,1430.22,1440.57,70816200,4,Friday,,
2019-08-05,00:00:00,1439.9,1469.69,1436.65,1463.7,75231520,0,Monday,-0.67,-0.04651
2019-08-06,00:00:00,1468.19,1474.82,1456.32,1473.78,62539050,1,Tuesday,,
2019-08-07,00:00:00,1474.18,1510.28,1472.21,1501.19,72381860,2,Wednesday,,
2019-08-08,00:00:00,1500.28,1509.47,1489.95,1500.78,49315900,3,Thursday,,
2019-08-09,00:00:00,1504.58,1508.95,1494.7,1496.95,44702130,4,Friday,,
2019-08-12,00:00:00,1497.52,1520.01,1487.26,1510.53,37137680,0,Monday,0.57,0.03808
2019-08-13,00:00:00,1510.78,1534.95,1479.71,1500.93,51352810,1,Tuesday,,
2019-08-14,00:00:00,1501.84,1523.97,1494.09,1516.07,65139200,2,Wednesday,,
2019-08-15,00:00:00,1516.43,1526.95,1507.85,1522.84,55766450,3,Thursday,,
2019-08-16,00:00:00,1523.38,1527.94,1503.63,1512.39,40161450,4,Friday,,
2019-08-19,00:00:00,1512.4,1512.93,1493.17,1495.5,35772300,0,Monday,0.01,0.00066
2019-08-20,00:00:00,1495.84,1508.51,1492.85,1506.9,36319310,1,Tuesday,,
2019-08-21,00:00:00,1507.55,1508.03,1496.44,1502.3,37058140,2,Wednesday,,
2019-08-22,00:00:00,1502.29,1504.52,1492.42,1497.9,36609520,3,Thursday,,
2019-08-23,00:00:00,1498.27,1530.19,1493.47,1526.6,59297200,4,Friday,,
2019-08-26,00:00:00,1535.28,1555.05,1524.95,1527.2,75850880,0,Monday,8.68,0.56858
2019-08-27,00:00:00,1527.1,1544.61,1525.54,1542.28,49564900,1,Tuesday,,
2019-08-28,00:00:00,1541.99,1546.81,1531.85,1538.8,58571570,2,Wednesday,,
2019-08-29,00:00:00,1539.21,1550.32,1519.61,1527.07,66471290,3,Thursday,,
2019-08-30,00:00:00,1527.71,1533.06,1517.0,1520.0,66487470,4,Friday,,
2019-09-02,00:00:00,1528.33,1533.95,1519.31,1528.7,26469840,0,Monday,8.33,0.54803
2019-09-03,00:00:00,1529.52,1549.65,1521.45,1546.7,61444280,1,Tuesday,,
2019-09-04,00:00:00,1546.85,1556.96,1533.83,1551.8,73071280,2,Wednesday,,
2019-09-05,00:00:00,1551.92,1552.92,1506.12,1518.7,67445550,3,Thursday,,
2019-09-06,00:00:00,1517.22,1527.8,1502.49,1506.4,84783230,4,Friday,,
2019-09-09,00:00:00,1507.97,1515.41,1497.55,1498.5,54514590,0,Monday,1.57,0.10422
2019-09-10,00:00:00,1498.69,1500.95,1484.42,1485.4,52091670,1,Tuesday,,
2019-09-11,00:00:00,1485.62,1498.19,1485.0,1496.8,51078800,2,Wednesday,,
2019-09-12,00:00:00,1496.55,1524.12,1489.21,1498.71,59959120,3,Thursday,,
2019-09-13,00:00:00,1498.71,1508.94,1485.73,1488.5,56598820,4,Friday,,
2019-09-16,00:00:00,1506.84,1512.07,1495.82,1497.9,69795080,0,Monday,18.34,1.23211
2019-09-17,00:00:00,1498.62,1507.01,1493.41,1500.9,50385830,1,Tuesday,,
2019-09-18,00:00:00,1501.09,1511.56,1483.15,1493.64,44802330,2,Wednesday,,
2019-09-19,00:00:00,1494.09,1504.47,1488.91,1498.43,52999510,3,Thursday,,
2019-09-20,00:00:00,1499.22,1516.98,1497.88,1516.6,46017540,4,Friday,,
2019-09-23,00:00:00,1513.99,1526.75,1510.97,1521.8,52685540,0,Monday,-2.61,-0.1721
2019-09-24,00:00:00,1522.08,1535.64,1515.53,1531.8,63273240,1,Tuesday,,
2019-09-25,00:00:00,1531.3,1535.05,1500.38,1503.4,61493010,2,Wednesday,,
2019-09-26,00:00:00,1503.93,1512.23,1500.11,1504.2,55144180,3,Thursday,,
2019-09-27,00:00:00,1504.19,1507.31,1486.77,1496.5,62098370,4,Friday,,
2019-09-30,00:00:00,1494.57,1500.46,1464.44,1472.0,56749740,0,Monday,-1.93,-0.12897
2019-10-01,00:00:00,1472.05,1487.14,1459.01,1478.22,64414060,1,Tuesday,,
2019-10-02,00:00:00,1478.64,1505.05,1474.45,1499.4,63678280,2,Wednesday,,
2019-10-03,00:00:00,1499.49,1519.49,1495.72,1504.7,61625820,3,Thursday,,
2019-10-04,00:00:00,1505.35,1515.66,1495.93,1504.3,80346800,4,Friday,,
2019-10-07,00:00:00,1511.87,1512.21,1487.96,1492.99,59422690,0,Monday,7.57,0.50322
2019-10-08,00:00:00,1493.0,1509.62,1486.85,1505.05,94336690,1,Tuesday,,
2019-10-09,00:00:00,1505.6,1512.44,1499.77,1505.2,64309050,2,Wednesday,,
2019-10-10,00:00:00,1505.25,1516.95,1491.02,1493.6,83255320,3,Thursday,,
2019-10-11,00:00:00,1493.73,1503.12,1473.92,1488.6,73463920,4,Friday,,
2019-10-14,00:00:00,1488.13,1497.07,1482.73,1492.8,56196420,0,Monday,-0.47,-0.03157
2019-10-15,00:00:00,1493.01,1498.39,1477.1,1480.6,60053270,1,Tuesday,,
2019-10-16,00:00:00,1480.86,1491.48,1476.99,1489.68,82979230,2,Wednesday,,
2019-10-17,00:00:00,1490.2,1497.31,1483.38,1491.4,73464370,3,Thursday,,
2019-10-18,00:00:00,1491.72,1494.01,1484.83,1489.6,56800820,4,Friday,,
2019-10-21,00:00:00,1491.34,1495.21,1481.4,1484.1,40983370,0,Monday,1.74,0.11681
2019-10-22,00:00:00,1484.2,1488.91,1480.77,1487.2,49161570,1,Tuesday,,
2019-10-23,00:00:00,1487.49,1496.27,1487.49,1491.8,51688740,2,Wednesday,,
2019-10-24,00:00:00,1492.14,1503.95,1487.91,1503.5,56927440,3,Thursday,,
2019-10-25,00:00:00,1503.33,1517.95,1500.56,1504.2,55145700,4,Friday,,
2019-10-28,00:00:00,1504.51,1508.15,1489.95,1492.1,49336540,0,Monday,0.31,0.02061
2019-10-29,00:00:00,1491.97,1494.71,1483.4,1487.2,42760080,1,Tuesday,,
2019-10-30,00:00:00,1488.02,1496.6,1481.05,1495.2,54483950,2,Wednesday,,
2019-10-31,00:00:00,1495.58,1514.15,1493.63,1512.5,60163270,3,Thursday,,
2019-11-01,00:00:00,1512.55,1515.94,1503.22,1514.0,52261790,4,Friday,,
2019-11-04,00:00:00,1513.91,1514.76,1504.39,1509.35,42876290,0,Monday,-0.09,-0.00594
2019-11-05,00:00:00,1509.58,1509.59,1479.28,1483.28,54385970,1,Tuesday,,
2019-11-06,00:00:00,1482.95,1494.12,1482.28,1490.15,45329810,2,Wednesday,,
2019-11-07,00:00:00,1490.0,1492.15,1460.5,1467.93,68050630,3,Thursday,,
2019-11-08,00:00:00,1467.79,1472.87,1456.12,1458.48,54618740,4,Friday,,
2019-11-11,00:00:00,1459.28,1466.38,1448.15,1455.34,38157090,0,Monday,0.8,0.05485
2019-11-12,00:00:00,1455.12,1460.34,1445.55,1455.96,63667460,1,Tuesday,,
2019-11-13,00:00:00,1456.19,1466.99,1455.6,1463.03,60060510,2,Wednesday,,
2019-11-14,00:00:00,1463.28,1474.54,1461.04,1470.61,57190660,3,Thursday,,
2019-11-15,00:00:00,1471.1,1471.25,1462.36,1467.88,40995980,4,Friday,,
2019-11-18,00:00:00,1467.16,1473.93,1456.29,1470.98,44620860,0,Monday,-0.72,-0.04905
2019-11-19,00:00:00,1471.15,1475.33,1464.9,1471.63,47914360,1,Tuesday,,
2019-11-20,00:00:00,1472.24,1478.73,1465.84,1471.12,57517990,2,Wednesday,,
2019-11-21,00:00:00,1474.82,1475.58,1462.28,1463.54,50821520,3,Thursday,,
2019-11-22,00:00:00,1464.04,1473.19,1461.3,1461.79,43467520,4,Friday,,
2019-11-25,00:00:00,1460.22,1462.09,1453.99,1454.87,36498960,0,Monday,-1.57,-0.1074
2019-11-26,00:00:00,1454.64,1462.85,1450.0,1460.94,42813990,1,Tuesday,,
2019-11-27,00:00:00,1461.1,1461.77,1452.54,1454.03,33273700,2,Wednesday,,
2019-11-28,00:00:00,1454.46,1458.21,1454.19,1455.39,19037560,3,Thursday,,
2019-11-29,00:00:00,1455.59,1466.53,1453.12,1463.45,31813480,4,Friday,,
2019-12-02,00:00:00,1464.05,1465.27,1453.88,1462.06,52192340,0,Monday,0.6,0.041
2019-12-03,00:00:00,1462.2,1481.72,1459.77,1477.12,59678170,1,Tuesday,,
2019-12-04,00:00:00,1476.93,1483.99,1471.37,1474.29,56634440,2,Wednesday,,
2019-12-05,00:00:00,1474.49,1480.31,1472.86,1475.68,48455760,3,Thursday,,
2019-12-06,00:00:00,1475.58,1479.79,1458.63,1459.79,38879030,4,Friday,,
2019-12-09,00:00:00,1459.42,1465.32,1458.55,1461.24,29649170,0,Monday,-0.37,-0.02535
2019-12-10,00:00:00,1461.35,1469.13,1459.96,1463.74,42515850,1,Tuesday,,
2019-12-11,00:00:00,1463.84,1478.85,1462.6,1474.37,51815920,2,Wednesday,,
2019-12-12,00:00:00,1474.62,1486.71,1463.78,1469.45,58524580,3,Thursday,,
2019-12-13,00:00:00,1467.73,1477.97,1461.65,1475.45,80430630,4,Friday,,
2019-12-16,00:00:00,1475.1,1479.85,1473.11,1475.82,35448540,0,Monday,-0.35,-0.02372
2019-12-17,00:00:00,1475.8,1480.49,1474.13,1475.77,32564390,1,Tuesday,,
2019-12-18,00:00:00,1475.7,1479.25,1470.4,1474.31,34982810,2,Wednesday,,
2019-12-19,00:00:00,1475.13,1481.67,1473.2,1478.42,34632770,3,Thursday,,
2019-12-20,00:00:00,1478.68,1480.91,1475.77,1477.79,25415540,4,Friday,,
2019-12-23,00:00:00,1478.13,1486.06,1477.42,1485.29,29251710,0,Monday,0.34,0.02301
2019-12-24,00:00:00,1485.18,1500.46,1484.3,1498.44,30811170,1,Tuesday,,
2019-12-26,00:00:00,1499.36,1512.55,1497.21,1511.01,37675440,3,Thursday,,
2019-12-27,00:00:00,1511.16,1515.27,1507.29,1510.78,44186440,4,Friday,,
2019-12-30,00:00:00,1511.46,1516.05,1510.71,1514.81,37269060,0,Monday,0.68,0.04501
2019-12-31,00:00:00,1514.57,1525.23,1514.48,1516.91,46909550,1,Tuesday,,
2020-01-02,00:00:00,1518.77,1531.33,1517.12,1528.83,44513980,3,Thursday,,
2020-01-03,00:00:00,1528.57,1553.52,1527.85,1551.52,73185650,4,Friday,,
2020-01-06,00:00:00,1559.73,1585.63,1559.73,1565.44,73680040,0,Monday,8.21,0.52916
2020-01-07,00:00:00,1565.11,1577.25,1555.25,1573.94,70302120,1,Tuesday,,
2020-01-08,00:00:00,1575.24,1611.33,1552.18,1556.1,110247690,2,Wednesday,,
2020-01-09,00:00:00,1556.53,1561.29,1540.11,1551.68,56332380,3,Thursday,,
2020-01-10,00:00:00,1552.2,1563.01,1545.66,1561.79,50718140,4,Friday,,
2020-01-13,00:00:00,1561.32,1561.32,1546.41,1547.47,45008660,0,Monday,-0.47,-0.03009
2020-01-14,00:00:00,1547.85,1548.74,1535.83,1545.66,65154920,1,Tuesday,,
2020-01-15,00:00:00,1546.26,1558.15,1545.82,1555.78,66801920,2,Wednesday,,
2020-01-16,00:00:00,1556.3,1558.04,1547.97,1551.96,46001080,3,Thursday,,
2020-01-17,00:00:00,1552.4,1561.15,1549.3,1556.94,40158340,4,Friday,,
2020-01-20,00:00:00,1557.13,1562.7,1556.27,1560.48,17483260,0,Monday,0.19,0.0122
2020-01-21,00:00:00,1560.71,1568.51,1546.24,1557.86,64625310,1,Tuesday,,
2020-01-22,00:00:00,1558.64,1559.17,1550.3,1558.47,47668260,2,Wednesday,,
2020-01-23,00:00:00,1558.5,1567.85,1551.8,1562.45,58244930,3,Thursday,,
2020-01-24,00:00:00,1562.33,1575.79,1556.45,1571.45,65777170,4,Friday,,
2020-01-27,00:00:00,1579.25,1588.35,1575.8,1581.7,75958120,0,Monday,7.8,0.49636
2020-01-28,00:00:00,1581.35,1582.96,1565.39,1566.84,57893700,1,Tuesday,,
2020-01-29,00:00:00,1566.76,1577.95,1563.34,1576.3,62125700,2,Wednesday,,
2020-01-30,00:00:00,1576.6,1585.89,1572.15,1573.94,75799370,3,Thursday,,
2020-01-31,00:00:00,1573.78,1590.53,1570.9,1589.33,85879350,4,Friday,,
2020-02-03,00:00:00,1593.39,1593.49,1569.19,1576.37,52739230,0,Monday,4.06,0.25545
2020-02-04,00:00:00,1577.1,1579.55,1548.96,1552.51,50916580,1,Tuesday,,
2020-02-05,00:00:00,1552.51,1562.37,1547.42,1555.68,48471860,2,Wednesday,,
2020-02-06,00:00:00,1555.69,1568.18,1552.38,1566.34,44079310,3,Thursday,,
2020-02-07,00:00:00,1566.62,1574.01,1559.88,1570.2,86675350,4,Friday,,
2020-02-10,00:00:00,1571.25,1576.93,1567.9,1571.76,49906000,0,Monday,1.05,0.06687
2020-02-11,00:00:00,1571.69,1573.98,1561.92,1567.57,54826250,1,Tuesday,,
2020-02-12,00:00:00,1567.58,1570.4,1561.73,1565.71,47666130,2,Wednesday,,
2020-02-13,00:00:00,1565.96,1578.25,1565.49,1575.63,62632330,3,Thursday,,
2020-02-14,00:00:00,1575.84,1584.95,1572.97,1583.65,44725060,4,Friday,,
2020-02-17,00:00:00,1581.86,1583.7,1578.8,1581.01,18294490,0,Monday,-1.79,-0.11303
2020-02-18,00:00:00,1584.02,1605.02,1582.3,1601.21,59929440,1,Tuesday,,
2020-02-19,00:00:00,1601.38,1612.89,1599.45,1611.32,57496260,2,Wednesday,,
2020-02-20,00:00:00,1612.12,1623.66,1603.79,1618.95,59950860,3,Thursday,,
2020-02-21,00:00:00,1619.64,1649.16,1618.89,1643.15,84298380,4,Friday,,
2020-02-24,00:00:00,1654.6,1689.26,1650.84,1659.1,116159780,0,Monday,11.45,0.69683
2020-02-25,00:00:00,1658.83,1663.81,1624.9,1634.38,141516330,1,Tuesday,,
2020-02-26,00:00:00,1635.19,1654.89,1624.79,1640.61,112685840,2,Wednesday,,
2020-02-27,00:00:00,1640.84,1660.37,1635.14,1644.71,191647260,3,Thursday,,
2020-02-28,00:00:00,1644.11,1649.39,1562.85,1585.43,161685310,4,Friday,,
2020-03-02,00:00:00,1591.38,1610.96,1575.32,1589.11,215107710,0,Monday,5.95,0.37529
2020-03-03,00:00:00,1585.2,1649.21,1584.77,1640.53,190515770,1,Tuesday,,
2020-03-04,00:00:00,1640.26,1652.55,1631.8,1636.58,185897880,2,Wednesday,,
2020-03-05,00:00:00,1637.29,1674.5,1634.89,1671.93,148076390,3,Thursday,,
2020-03-06,00:00:00,1672.35,1692.09,1642.13,1673.55,178703200,4,Friday,,
2020-03-09,00:00:00,1694.89,1703.32,1657.31,1680.12,137940320,0,Monday,21.34,1.27513
2020-03-10,00:00:00,1679.67,1680.4,1641.49,1648.95,130607120,1,Tuesday,,
2020-03-11,00:00:00,1649.45,1671.16,1632.93,1634.5,107333410,2,Wednesday,,
2020-03-12,00:00:00,1633.78,1649.96,1560.51,1576.75,121893370,3,Thursday,,
2020-03-13,00:00:00,1579.23,1597.83,1504.4,1529.35,137517490,4,Friday,,
2020-03-16,00:00:00,1567.35,1575.31,1451.15,1513.77,118547290,0,Monday,38.0,2.48472
2020-03-17,00:00:00,1512.08,1553.81,1465.47,1527.84,118845330,1,Tuesday,,
2020-03-18,00:00:00,1527.17,1546.25,1472.63,1485.48,119936650,2,Wednesday,,
2020-03-19,00:00:00,1485.87,1500.83,1463.97,1470.53,87708390,3,Thursday,,
2020-03-20,00:00:00,1470.31,1516.05,1454.9,1498.7,76975930,4,Friday,,
2020-03-23,00:00:00,1503.77,1561.2,1482.26,1552.64,84485030,0,Monday,5.07,0.33829
2020-03-24,00:00:00,1554.93,1632.92,1552.79,1629.64,47644390,1,Tuesday,,
2020-03-25,00:00:00,1628.73,1639.18,1594.68,1615.26,47561490,2,Wednesday,,
2020-03-26,00:00:00,1615.95,1645.05,1595.3,1627.33,34256220,3,Thursday,,
2020-03-27,00:00:00,1626.66,1635.24,1612.84,1626.15,38070600,4,Friday,,
2020-03-30,00:00:00,1639.46,1639.46,1610.1,1621.9,45826570,0,Monday,13.31,0.8185
2020-03-31,00:00:00,1619.3,1623.41,1574.19,1575.95,44280440,1,Tuesday,,
2020-04-01,00:00:00,1573.04,1599.99,1567.47,1589.6,49793450,2,Wednesday,,
2020-04-02,00:00:00,1588.47,1619.94,1582.82,1611.12,51887280,3,Thursday,,
2020-04-03,00:00:00,1611.39,1625.5,1605.63,1617.05,43645140,4,Friday,,
2020-04-06,00:00:00,1615.58,1668.65,1609.0,1660.9,47534730,0,Monday,-1.47,-0.09091
2020-04-07,00:00:00,1658.74,1674.83,1642.13,1646.08,63785760,1,Tuesday,,
2020-04-08,00:00:00,1646.08,1656.29,1640.4,1644.26,39969000,2,Wednesday,,
2020-04-09,00:00:00,1644.0,1689.95,1644.0,1682.15,46255310,3,Thursday,,
2020-04-13,00:00:00,1686.22,1722.55,1675.0,1713.87,47003990,0,Monday,4.07,0.24195
2020-04-14,00:00:00,1709.48,1747.63,1708.73,1725.88,67453230,1,Tuesday,,
2020-04-15,00:00:00,1727.19,1731.0,1707.52,1716.29,51956180,2,Wednesday,,
2020-04-16,00:00:00,1716.58,1738.65,1707.5,1716.43,62850840,3,Thursday,,
2020-04-17,00:00:00,1713.93,1719.39,1679.13,1682.0,64460000,4,Friday,,
2020-04-20,00:00:00,1679.88,1702.14,1671.6,1694.8,55313420,0,Monday,-2.12,-0.12604
2020-04-21,00:00:00,1692.62,1697.8,1659.3,1685.01,61205270,1,Tuesday,,
2020-04-22,00:00:00,1683.24,1718.56,1679.91,1713.06,64567620,2,Wednesday,,
2020-04-23,00:00:00,1713.04,1738.56,1707.33,1729.23,65949400,3,Thursday,,
2020-04-24,00:00:00,1729.4,1736.21,1710.51,1727.7,62210530,4,Friday,,
2020-04-27,00:00:00,1726.39,1727.25,1705.99,1713.36,74220770,0,Monday,-1.31,-0.07582
2020-04-28,00:00:00,1713.41,1715.94,1691.68,1707.46,80414430,1,Tuesday,,
2020-04-29,00:00:00,1706.76,1717.4,1697.81,1712.38,64480040,2,Wednesday,,
2020-04-30,00:00:00,1711.6,1721.6,1681.07,1686.0,68512520,3,Thursday,,
2020-05-01,00:00:00,1684.84,1705.07,1670.42,1698.82,82950500,4,Friday,,
2020-05-04,00:00:00,1697.88,1713.23,1691.33,1701.76,51274080,0,Monday,-0.94,-0.05533
2020-05-05,00:00:00,1700.97,1711.57,1689.79,1704.99,49387510,1,Tuesday,,
2020-05-06,00:00:00,1705.33,1708.07,1682.01,1685.07,50555310,2,Wednesday,,
2020-05-07,00:00:00,1681.52,1721.89,1681.31,1715.25,57487940,3,Thursday,,
2020-05-08,00:00:00,1715.22,1723.15,1700.55,1701.41,64902290,4,Friday,,
2020-05-11,00:00:00,1701.56,1712.06,1691.83,1697.41,66256740,0,Monday,0.15,0.00882
2020-05-12,00:00:00,1696.04,1710.7,1693.61,1702.07,57583470,1,Tuesday,,
2020-05-13,00:00:00,1700.37,1718.02,1699.35,1715.57,76038530,2,Wednesday,,
2020-05-14,00:00:00,1715.57,1736.35,1710.83,1730.32,63777590,3,Thursday,,
2020-05-15,00:00:00,1729.25,1751.4,1728.43,1741.63,77519810,4,Friday,,
2020-05-18,00:00:00,1734.87,1765.02,1727.46,1732.31,85084380,0,Monday,-6.76,-0.38814
2020-05-19,00:00:00,1730.42,1747.82,1726.2,1744.41,85646810,1,Tuesday,,
2020-05-20,00:00:00,1744.29,1753.73,1742.53,1747.63,77077410,2,Wednesday,,
2020-05-21,00:00:00,1747.09,1748.54,1717.15,1727.36,74097480,3,Thursday,,
2020-05-22,00:00:00,1725.52,1739.95,1724.28,1733.65,59924330,4,Friday,,
2020-05-25,00:00:00,1731.31,1734.32,1721.17,1728.08,33714110,0,Monday,-2.34,-0.13498
2020-05-26,00:00:00,1727.93,1735.33,1708.56,1710.13,67774870,1,Tuesday,,
2020-05-27,00:00:00,1708.24,1715.89,1693.6,1708.78,67130630,2,Wednesday,,
2020-05-28,00:00:00,1710.38,1727.43,1706.99,1717.44,66163510,3,Thursday,,
2020-05-29,00:00:00,1716.61,1737.77,1712.43,1728.69,62912510,4,Friday,,
2020-06-01,00:00:00,1735.81,1744.53,1727.55,1738.99,67261030,0,Monday,7.12,0.41187
2020-06-02,00:00:00,1734.29,1745.01,1721.21,1727.16,65317650,1,Tuesday,,
2020-06-03,00:00:00,1726.35,1731.91,1689.24,1699.11,81490000,2,Wednesday,,
2020-06-04,00:00:00,1695.04,1721.86,1695.04,1713.52,69325880,3,Thursday,,
2020-06-05,00:00:00,1713.06,1715.99,1670.74,1684.76,85671780,4,Friday,,
2020-06-08,00:00:00,1674.87,1700.62,1674.87,1697.98,68710280,0,Monday,-9.89,-0.58703
2020-06-09,00:00:00,1696.84,1720.67,1692.03,1711.83,73960070,1,Tuesday,,
2020-06-10,00:00:00,1712.79,1739.67,1707.69,1738.16,67523130,2,Wednesday,,
2020-06-11,00:00:00,1737.39,1744.58,1721.44,1727.21,72187170,3,Thursday,,
2020-06-12,00:00:00,1726.89,1742.95,1722.13,1729.73,70735070,4,Friday,,
2020-06-15,00:00:00,1730.26,1735.26,1704.03,1724.88,83290740,0,Monday,0.53,0.03064
2020-06-16,00:00:00,1724.85,1732.75,1716.54,1726.8,77388270,1,Tuesday,,
2020-06-17,00:00:00,1726.6,1730.16,1712.55,1726.49,60120940,2,Wednesday,,
2020-06-18,00:00:00,1721.2,1737.44,1717.43,1722.36,61513360,3,Thursday,,
2020-06-19,00:00:00,1718.68,1745.17,1718.68,1743.27,61707940,4,Friday,,
2020-06-22,00:00:00,1750.18,1763.06,1742.6,1754.41,84699780,0,Monday,6.91,0.39638
2020-06-23,00:00:00,1754.44,1771.0,1747.3,1767.65,74297730,1,Tuesday,,
2020-06-24,00:00:00,1768.41,1779.39,1760.14,1760.14,81645470,2,Wednesday,,
2020-06-25,00:00:00,1759.04,1768.79,1753.55,1763.15,68680160,3,Thursday,,
2020-06-26,00:00:00,1763.26,1771.95,1747.37,1770.9,70936560,4,Friday,,
2020-06-29,00:00:00,1774.92,1775.75,1765.54,1772.22,56527160,0,Monday,4.02,0.227
2020-06-30,00:00:00,1769.79,1785.85,1764.42,1780.38,59518120,1,Tuesday,,
2020-07-01,00:00:00,1780.28,1789.01,1758.95,1769.6,66342070,2,Wednesday,,
2020-07-02,00:00:00,1769.76,1779.42,1757.44,1774.65,56427450,3,Thursday,,
2020-07-03,00:00:00,1775.26,1777.05,1772.59,1774.82,24276950,4,Friday,,
2020-07-06,00:00:00,1773.37,1786.92,1769.82,1784.1,50676240,0,Monday,-1.45,-0.0817
2020-07-07,00:00:00,1782.69,1797.36,1773.4,1794.47,63701410,1,Tuesday,,
2020-07-08,00:00:00,1794.72,1817.85,1791.45,1808.34,58850170,2,Wednesday,,
2020-07-09,00:00:00,1805.02,1815.86,1795.26,1802.99,61911510,3,Thursday,,
2020-07-10,00:00:00,1801.26,1810.5,1793.93,1798.09,50328270,4,Friday,,
2020-07-13,00:00:00,1799.19,1813.2,1797.71,1802.24,53311210,0,Monday,1.1,0.06118
2020-07-14,00:00:00,1802.54,1810.79,1790.42,1808.88,62056750,1,Tuesday,,
2020-07-15,00:00:00,1807.84,1814.92,1802.23,1809.83,57357350,2,Wednesday,,
2020-07-16,00:00:00,1809.65,1813.14,1794.79,1796.59,52349290,3,Thursday,,
2020-07-17,00:00:00,1796.46,1811.88,1795.61,1809.25,40067580,4,Friday,,
2020-07-20,00:00:00,1808.84,1820.44,1805.57,1817.5,52293430,0,Monday,-0.41,-0.02266
2020-07-21,00:00:00,1817.29,1843.4,1815.67,1841.46,67186430,1,Tuesday,,
2020-07-22,00:00:00,1839.21,1871.95,1839.21,1870.91,87924820,2,Wednesday,,
2020-07-23,00:00:00,1871.76,1898.23,1863.91,1886.96,100871520,3,Thursday,,
2020-07-24,00:00:00,1885.23,1906.46,1881.27,1901.1,74174450,4,Friday,,
2020-07-27,00:00:00,1901.99,1945.52,1899.64,1941.98,117938120,0,Monday,0.89,0.04682
2020-07-28,00:00:00,1941.51,1980.98,1906.64,1957.22,114649090,1,Tuesday,,
2020-07-29,00:00:00,1957.69,1980.8,1941.33,1970.38,80367210,2,Wednesday,,
2020-07-30,00:00:00,1969.59,1971.44,1939.24,1956.15,90126820,3,Thursday,,
2020-07-31,00:00:00,1956.32,1984.22,1954.91,1975.57,90137280,4,Friday,,
2020-08-03,00:00:00,1978.9,1989.15,1960.38,1976.38,74593830,0,Monday,3.33,0.16856
2020-08-04,00:00:00,1976.35,2019.88,1966.72,2018.55,72785100,1,Tuesday,,
2020-08-05,00:00:00,2018.52,2055.65,2009.34,2037.42,97587750,2,Wednesday,,
2020-08-06,00:00:00,2038.58,2069.59,2034.38,2062.83,86805340,3,Thursday,,
2020-08-07,00:00:00,2063.35,2074.8,2015.38,2034.3,118280480,4,Friday,,
2020-08-10,00:00:00,2033.71,2049.75,2018.64,2026.73,84750760,0,Monday,-0.59,-0.029
2020-08-11,00:00:00,2027.5,2029.93,1901.19,1910.93,120491900,1,Tuesday,,
2020-08-12,00:00:00,1909.41,1949.55,1862.32,1915.14,132044440,2,Wednesday,,
2020-08-13,00:00:00,1915.72,1966.16,1912.61,1952.97,104746270,3,Thursday,,
2020-08-14,00:00:00,1953.13,1962.08,1932.03,1944.0,92041380,4,Friday,,
2020-08-17,00:00:00,1948.72,1990.48,1929.35,1984.95,86962570,0,Monday,4.72,0.2428
2020-08-18,00:00:00,1984.27,2015.5,1975.9,2002.0,95397830,1,Tuesday,,
2020-08-19,00:00:00,2001.73,2006.36,1924.53,1928.49,109227900,2,Wednesday,,
2020-08-20,00:00:00,1928.44,1955.13,1924.69,1946.67,107240900,3,Thursday,,
2020-08-21,00:00:00,1946.74,1955.77,1911.24,1939.62,101114340,4,Friday,,
2020-08-24,00:00:00,1939.87,1961.79,1923.61,1928.42,84926120,0,Monday,0.25,0.01289
2020-08-25,00:00:00,1926.63,1937.42,1914.11,1927.66,79810060,1,Tuesday,,
2020-08-26,00:00:00,1930.92,1954.75,1902.68,1953.94,80266150,2,Wednesday,,
2020-08-27,00:00:00,1954.29,1976.58,1909.78,1929.1,94784830,3,Thursday,,
2020-08-28,00:00:00,1928.72,1973.72,1923.29,1964.43,90033900,4,Friday,,
2020-08-31,00:00:00,1965.38,1976.46,1954.13,1967.44,77214060,0,Monday,0.95,0.04836
2020-09-01,00:00:00,1967.11,1992.3,1963.12,1969.99,88593090,1,Tuesday,,
2020-09-02,00:00:00,1969.41,1973.12,1932.43,1942.47,89013890,2,Wednesday,,
2020-09-03,00:00:00,1942.04,1950.9,1921.66,1930.33,90053660,3,Thursday,,
2020-09-04,00:00:00,1930.96,1947.65,1916.2,1933.3,84194220,4,Friday,,
2020-09-07,00:00:00,1929.79,1941.27,1924.29,1928.0,32411380,0,Monday,-3.51,-0.18155
2020-09-08,00:00:00,1929.3,1940.75,1906.43,1931.65,65137240,1,Tuesday,,
2020-09-09,00:00:00,1931.54,1950.78,1919.93,1946.36,49544630,2,Wednesday,,
2020-09-10,00:00:00,1946.39,1966.4,1941.32,1945.41,61198340,3,Thursday,,
2020-09-11,00:00:00,1944.68,1954.66,1937.01,1938.93,64632850,4,Friday,,
2020-09-14,00:00:00,1940.55,1962.38,1937.02,1956.54,52430420,0,Monday,1.62,0.08355
2020-09-15,00:00:00,1957.0,1972.03,1948.28,1953.85,55975670,1,Tuesday,,
2020-09-16,00:00:00,1953.05,1973.47,1949.8,1958.88,63567800,2,Wednesday,,
2020-09-17,00:00:00,1958.92,1960.87,1932.74,1943.72,66771700,3,Thursday,,
2020-09-18,00:00:00,1943.65,1959.9,1943.55,1949.72,53074860,4,Friday,,
2020-09-21,00:00:00,1949.59,1955.46,1882.38,1912.06,77779620,0,Monday,-0.13,-0.00667
2020-09-22,00:00:00,1912.45,1919.89,1894.46,1899.87,76263430,1,Tuesday,,
2020-09-23,00:00:00,1900.01,1905.21,1855.68,1863.16,94660700,2,Wednesday,,
2020-09-24,00:00:00,1863.35,1876.99,1848.63,1867.42,88297990,3,Thursday,,
2020-09-25,00:00:00,1867.65,1875.08,1852.3,1861.0,72296860,4,Friday,,
2020-09-28,00:00:00,1859.45,1882.9,1848.45,1881.22,65505670,0,Monday,-1.55,-0.08329
2020-09-29,00:00:00,1880.85,1898.96,1875.31,1897.72,62756730,1,Tuesday,,
2020-09-30,00:00:00,1898.03,1902.12,1881.24,1885.57,69700640,2,Wednesday,,
2020-10-01,00:00:00,1885.54,1912.03,1884.56,1905.82,68767590,3,Thursday,,
2020-10-02,00:00:00,1904.98,1916.97,1889.64,1898.87,62154090,4,Friday,,
2020-10-05,00:00:00,1903.83,1918.58,1886.9,1913.1,53063370,0,Monday,4.96,0.26121
2020-10-06,00:00:00,1912.57,1921.02,1874.56,1877.75,64131050,1,Tuesday,,
2020-10-07,00:00:00,1878.37,1897.9,1872.75,1886.95,53350960,2,Wednesday,,
2020-10-08,00:00:00,1886.64,1900.5,1881.94,1893.63,48598360,3,Thursday,,
2020-10-09,00:00:00,1893.54,1930.33,1893.38,1929.62,56612480,4,Friday,,
2020-10-12,00:00:00,1928.79,1933.05,1918.16,1922.44,59648200,0,Monday,-0.83,-0.04301
2020-10-13,00:00:00,1922.58,1925.36,1886.31,1891.01,67382720,1,Tuesday,,
2020-10-14,00:00:00,1891.08,1912.83,1882.39,1901.45,56485480,2,Wednesday,,
2020-10-15,00:00:00,1901.54,1908.8,1889.44,1908.4,59903010,3,Thursday,,
2020-10-16,00:00:00,1908.21,1913.81,1897.66,1898.97,47789750,4,Friday,,
2020-10-19,00:00:00,1899.67,1918.34,1896.88,1903.78,50734940,0,Monday,0.7,0.03686
2020-10-20,00:00:00,1903.5,1913.98,1894.62,1906.54,49492510,1,Tuesday,,
2020-10-21,00:00:00,1907.79,1931.3,1907.79,1924.15,53696820,2,Wednesday,,
2020-10-22,00:00:00,1923.8,1925.88,1894.21,1903.83,51959690,3,Thursday,,
2020-10-23,00:00:00,1903.64,1914.11,1894.2,1901.26,46148210,4,Friday,,
2020-10-26,00:00:00,1903.3,1908.46,1891.13,1901.86,54653050,0,Monday,2.04,0.1073
2020-10-27,00:00:00,1901.66,1911.35,1897.72,1907.67,45143970,1,Tuesday,,
2020-10-28,00:00:00,1907.76,1910.77,1869.21,1876.97,69939720,2,Wednesday,,
2020-10-29,00:00:00,1876.49,1884.86,1859.87,1867.52,68047550,3,Thursday,,
2020-10-30,00:00:00,1865.9,1889.7,1864.26,1878.44,69176220,4,Friday,,
2020-11-02,00:00:00,1876.93,1895.9,1873.31,1894.89,64736440,0,Monday,-1.51,-0.08039
2020-11-03,00:00:00,1895.15,1910.46,1886.84,1908.83,52289990,1,Tuesday,,
2020-11-04,00:00:00,1908.74,1916.23,1880.63,1902.29,77450210,2,Wednesday,,
2020-11-05,00:00:00,1903.04,1952.65,1902.03,1949.24,76777860,3,Thursday,,
2020-11-06,00:00:00,1948.38,1960.2,1935.47,1950.3,67388080,4,Friday,,
2020-11-09,00:00:00,1954.69,1965.41,1850.4,1862.08,90937920,0,Monday,4.39,0.22509
2020-11-10,00:00:00,1864.08,1890.24,1860.14,1877.04,77064170,1,Tuesday,,
2020-11-11,00:00:00,1876.86,1884.38,1856.21,1865.23,59705320,2,Wednesday,,
2020-11-12,00:00:00,1864.6,1883.7,1862.59,1876.59,59758580,3,Thursday,,
2020-11-13,00:00:00,1876.93,1896.66,1873.98,1888.29,52841030,4,Friday,,
2020-11-16,00:00:00,1888.14,1898.93,1864.5,1888.58,62061660,0,Monday,-0.15,-0.00794
2020-11-17,00:00:00,1888.66,1893.33,1876.73,1880.0,54789460,1,Tuesday,,
2020-11-18,00:00:00,1879.99,1884.72,1863.51,1871.87,60981670,2,Wednesday,,
2020-11-19,00:00:00,1872.07,1873.97,1852.57,1865.81,59196040,3,Thursday,,
2020-11-20,00:00:00,1865.67,1879.62,1860.91,1870.32,49478040,4,Friday,,
2020-11-23,00:00:00,1869.94,1876.04,1830.78,1837.49,59144660,0,Monday,-0.38,-0.02032
2020-11-24,00:00:00,1838.14,1838.95,1799.99,1807.21,73813210,1,Tuesday,,
2020-11-25,00:00:00,1806.84,1817.58,1801.49,1807.5,56747050,2,Wednesday,,
2020-11-26,00:00:00,1807.61,1818.09,1805.63,1810.18,30045860,3,Thursday,,
2020-11-27,00:00:00,1809.46,1813.78,1774.22,1786.65,43446880,4,Friday,,
2020-11-30,00:00:00,1787.21,1789.81,1764.24,1776.6,60067940,0,Monday,0.56,0.03134
2020-12-01,00:00:00,1776.29,1817.18,1775.68,1814.97,57635600,1,Tuesday,,
2020-12-02,00:00:00,1815.03,1832.34,1807.4,1830.53,49138000,2,Wednesday,,
2020-12-03,00:00:00,1830.18,1843.81,1823.65,1840.78,54304680,3,Thursday,,
2020-12-04,00:00:00,1840.26,1848.09,1828.99,1838.21,55932730,4,Friday,,
2020-12-07,00:00:00,1838.53,1868.45,1821.81,1862.42,50571210,0,Monday,0.32,0.01741
2020-12-08,00:00:00,1862.25,1875.17,1860.15,1870.17,42109550,1,Tuesday,,
2020-12-09,00:00:00,1870.58,1870.91,1825.36,1839.32,58151130,2,Wednesday,,
2020-12-10,00:00:00,1839.58,1849.96,1828.53,1836.38,49340170,3,Thursday,,
2020-12-11,00:00:00,1835.95,1847.65,1823.84,1839.0,42896540,4,Friday,,
2020-12-14,00:00:00,1840.7,1841.29,1818.27,1826.8,44652510,0,Monday,1.7,0.09244
2020-12-15,00:00:00,1827.59,1855.24,1825.35,1852.94,39481670,1,Tuesday,,
2020-12-16,00:00:00,1852.77,1865.66,1844.66,1864.12,57724500,2,Wednesday,,
2020-12-17,00:00:00,1863.81,1896.12,1861.9,1885.2,54316300,3,Thursday,,
2020-12-18,00:00:00,1885.2,1889.54,1877.28,1880.84,47144840,4,Friday,,
2020-12-21,00:00:00,1883.82,1906.64,1854.95,1876.33,77611330,0,Monday,2.98,0.15844
2020-12-22,00:00:00,1876.82,1884.24,1858.85,1859.75,56085000,1,Tuesday,,
2020-12-23,00:00:00,1859.22,1878.35,1856.94,1872.64,50202790,2,Wednesday,,
2020-12-24,00:00:00,1872.54,1883.46,1869.38,1879.13,25809250,3,Thursday,,
2020-12-28,00:00:00,1882.92,1900.1,1869.02,1873.17,45350820,0,Monday,3.79,0.20169
2020-12-29,00:00:00,1872.92,1886.28,1871.6,1878.13,39860610,1,Tuesday,,
2020-12-30,00:00:00,1877.39,1894.46,1875.96,1894.08,32401870,2,Wednesday,,
2020-12-31,00:00:00,1894.14,1900.88,1885.31,1897.77,33752760,3,Thursday,,
2021-01-04,00:00:00,1905.0,1944.35,1903.29,1942.55,58990080,0,Monday,7.23,0.38097
2021-01-05,00:00:00,1941.23,1952.92,1934.18,1949.7,49685450,1,Tuesday,,
2021-01-06,00:00:00,1949.98,1959.22,1900.76,1918.0,71500020,2,Wednesday,,
2021-01-07,00:00:00,1918.56,1927.52,1906.7,1913.82,58029390,3,Thursday,,
2021-01-08,00:00:00,1913.83,1917.34,1828.04,1848.51,76993680,4,Friday,,
2021-01-11,00:00:00,1849.16,1856.57,1816.89,1843.04,66455510,0,Monday,0.65,0.03516
2021-01-12,00:00:00,1844.64,1863.74,1836.56,1854.28,58496190,1,Tuesday,,
2021-01-13,00:00:00,1854.33,1862.89,1841.81,1844.73,57268800,2,Wednesday,,
2021-01-14,00:00:00,1845.23,1857.39,1828.52,1846.06,53980170,3,Thursday,,
2021-01-15,00:00:00,1845.2,1856.85,1823.23,1827.48,56692540,4,Friday,,
2021-01-18,00:00:00,1828.61,1840.67,1802.95,1837.34,49089690,0,Monday,1.13,0.06183
2021-01-19,00:00:00,1837.56,1845.34,1832.84,1839.92,53406270,1,Tuesday,,
2021-01-20,00:00:00,1839.71,1871.95,1832.27,1871.55,72797080,2,Wednesday,,
2021-01-21,00:00:00,1870.52,1874.91,1858.13,1869.62,65500740,3,Thursday,,
2021-01-22,00:00:00,1869.19,1870.61,1837.19,1855.2,68331680,4,Friday,,
2021-01-25,00:00:00,1854.19,1867.73,1847.03,1855.05,76026980,0,Monday,-1.01,-0.05444
2021-01-26,00:00:00,1854.98,1861.63,1848.35,1850.43,65229950,1,Tuesday,,
2021-01-27,00:00:00,1849.91,1853.1,1831.23,1843.84,78432140,2,Wednesday,,
2021-01-28,00:00:00,1843.47,1863.91,1833.92,1842.15,95223450,3,Thursday,,
2021-01-29,00:00:00,1842.54,1875.52,1839.42,1847.05,111261590,4,Friday,,
2021-02-01,00:00:00,1863.42,1871.64,1848.89,1860.25,114171620,0,Monday,16.37,0.88628
2021-02-02,00:00:00,1860.03,1863.97,1829.32,1837.59,102372260,1,Tuesday,,
2021-02-03,00:00:00,1836.83,1844.79,1829.37,1833.47,73755420,2,Wednesday,,
2021-02-04,00:00:00,1833.26,1834.63,1784.89,1793.51,87920240,3,Thursday,,
2021-02-05,00:00:00,1794.02,1815.02,1791.9,1814.05,73939800,4,Friday,,
2021-02-08,00:00:00,1816.96,1838.99,1807.66,1830.29,74987190,0,Monday,2.91,0.16041
2021-02-09,00:00:00,1830.23,1848.47,1828.79,1837.88,77268350,1,Tuesday,,
2021-02-10,00:00:00,1837.32,1855.23,1833.91,1842.1,69475270,2,Wednesday,,
2021-02-11,00:00:00,1842.85,1847.4,1821.01,1825.24,58904360,3,Thursday,,
2021-02-12,00:00:00,1824.38,1830.62,1810.39,1823.65,57933530,4,Friday,,
2021-02-15,00:00:00,1825.12,1826.91,1815.87,1818.44,35155730,0,Monday,1.47,0.08061
2021-02-16,00:00:00,1818.92,1826.38,1789.38,1794.24,77940850,1,Tuesday,,
2021-02-17,00:00:00,1793.83,1795.02,1769.42,1775.79,80176920,2,Wednesday,,
2021-02-18,00:00:00,1775.96,1789.46,1768.31,1775.1,75821290,3,Thursday,,
2021-02-19,00:00:00,1775.59,1791.4,1760.44,1783.4,88052650,4,Friday,,
2021-02-22,00:00:00,1781.55,1812.54,1780.55,1808.9,92962170,0,Monday,-1.85,-0.10373
2021-02-23,00:00:00,1809.2,1815.88,1795.42,1805.43,84448950,1,Tuesday,,
2021-02-24,00:00:00,1804.62,1813.74,1783.44,1803.89,87534480,2,Wednesday,,
2021-02-25,00:00:00,1804.9,1805.31,1765.33,1770.02,118845940,3,Thursday,,
2021-02-26,00:00:00,1770.13,1775.61,1717.09,1733.19,115001580,4,Friday,,
2021-03-01,00:00:00,1732.75,1759.71,1719.53,1724.62,99696870,0,Monday,-0.44,-0.02539
2021-03-02,00:00:00,1724.16,1738.98,1707.07,1737.87,83115290,1,Tuesday,,
2021-03-03,00:00:00,1737.35,1740.45,1701.8,1710.85,84554530,2,Wednesday,,
2021-03-04,00:00:00,1710.13,1723.1,1690.26,1697.14,103458950,3,Thursday,,
2021-03-05,00:00:00,1697.66,1707.67,1687.14,1699.4,91932170,4,Friday,,
2021-03-08,00:00:00,1701.72,1714.17,1676.7,1683.29,91331510,0,Monday,2.32,0.13652
2021-03-09,00:00:00,1683.44,1720.47,1680.01,1715.69,81549680,1,Tuesday,,
2021-03-10,00:00:00,1714.95,1726.7,1708.14,1726.41,77333020,2,Wednesday,,
2021-03-11,00:00:00,1726.04,1739.73,1719.12,1722.19,78539100,3,Thursday,,
2021-03-12,00:00:00,1721.8,1729.16,1699.08,1726.96,77276050,4,Friday,,
2021-03-15,00:00:00,1727.19,1734.42,1721.55,1731.46,73668610,0,Monday,0.23,0.01332
2021-03-16,00:00:00,1731.07,1741.15,1726.11,1730.67,59247710,1,Tuesday,,
2021-03-17,00:00:00,1731.36,1751.5,1724.02,1744.8,75751000,2,Wednesday,,
2021-03-18,00:00:00,1744.8,1755.41,1719.12,1736.38,84090830,3,Thursday,,
2021-03-19,00:00:00,1735.64,1746.54,1728.39,1744.86,78859200,4,Friday,,
2021-03-22,00:00:00,1746.01,1746.93,1727.24,1738.65,78071880,0,Monday,1.15,0.06591
2021-03-23,00:00:00,1738.47,1742.38,1724.58,1726.59,75195030,1,Tuesday,,
2021-03-24,00:00:00,1726.43,1738.32,1723.62,1734.07,68224610,2,Wednesday,,
2021-03-25,00:00:00,1733.88,1745.39,1721.59,1726.62,81792080,3,Thursday,,
2021-03-26,00:00:00,1726.1,1736.65,1721.5,1731.81,69246450,4,Friday,,
2021-03-29,00:00:00,1731.27,1732.99,1705.67,1712.03,63819390,0,Monday,-0.54,-0.03118
2021-03-30,00:00:00,1711.5,1714.32,1678.6,1684.67,76174570,1,Tuesday,,
2021-03-31,00:00:00,1684.67,1715.26,1677.79,1707.22,72703810,2,Wednesday,,
2021-04-01,00:00:00,1707.66,1730.46,1705.64,1728.81,65088360,3,Thursday,,
2021-04-05,00:00:00,1727.93,1733.45,1721.15,1727.8,49400080,0,Monday,-0.88,-0.0509
2021-04-06,00:00:00,1727.93,1745.32,1727.06,1742.7,60234460,1,Tuesday,,
2021-04-07,00:00:00,1742.53,1744.2,1730.52,1737.37,55800070,2,Wednesday,,
2021-04-08,00:00:00,1736.89,1758.57,1733.06,1755.44,56261790,3,Thursday,,
2021-04-09,00:00:00,1755.23,1757.24,1731.17,1743.03,60916730,4,Friday,,
2021-04-12,00:00:00,1743.38,1744.94,1727.32,1732.41,61470700,0,Monday,0.35,0.02008
2021-04-13,00:00:00,1732.25,1748.93,1723.58,1745.12,67937420,1,Tuesday,,
2021-04-14,00:00:00,1745.13,1749.22,1732.51,1736.09,63384870,2,Wednesday,,
2021-04-15,00:00:00,1736.01,1769.53,1734.25,1763.6,69922970,3,Thursday,,
2021-04-16,00:00:00,1762.84,1783.75,1759.62,1775.75,68778850,4,Friday,,
2021-04-19,00:00:00,1777.0,1789.97,1766.63,1771.02,75106780,0,Monday,1.25,0.07039
2021-04-20,00:00:00,1770.43,1780.33,1763.51,1778.38,71411470,1,Tuesday,,
2021-04-21,00:00:00,1778.42,1797.53,1776.17,1793.02,70293140,2,Wednesday,,
2021-04-22,00:00:00,1793.23,1797.75,1777.33,1783.8,77102730,3,Thursday,,
2021-04-23,00:00:00,1783.16,1795.86,1769.87,1776.82,71812560,4,Friday,,
2021-04-26,00:00:00,1775.85,1783.41,1768.62,1780.79,67991760,0,Monday,-0.97,-0.05459
2021-04-27,00:00:00,1780.69,1785.46,1773.62,1776.23,65663790,1,Tuesday,,
2021-04-28,00:00:00,1776.27,1782.42,1762.5,1780.97,76014430,2,Wednesday,,
2021-04-29,00:00:00,1781.07,1789.88,1756.03,1771.61,79110350,3,Thursday,,
2021-04-30,00:00:00,1771.88,1773.59,1764.11,1768.43,74680260,4,Friday,,
2021-05-03,00:00:00,1768.87,1797.8,1765.94,1792.39,64307550,0,Monday,0.44,0.02488
2021-05-04,00:00:00,1792.59,1798.88,1770.64,1778.6,81613070,1,Tuesday,,
2021-05-05,00:00:00,1778.71,1787.85,1770.23,1786.18,72120870,2,Wednesday,,
2021-05-06,00:00:00,1786.47,1817.95,1781.88,1814.45,77127020,3,Thursday,,
2021-05-07,00:00:00,1814.56,1843.17,1812.75,1830.62,95394430,4,Friday,,
2021-05-10,00:00:00,1833.43,1845.3,1830.0,1835.62,97447820,0,Monday,2.81,0.1535
2021-05-11,00:00:00,1835.22,1841.72,1817.88,1836.9,91067310,1,Tuesday,,
2021-05-12,00:00:00,1836.63,1843.6,1813.14,1815.2,104727030,2,Wednesday,,
2021-05-13,00:00:00,1817.04,1828.68,1808.66,1825.9,108527070,3,Thursday,,
2021-05-14,00:00:00,1826.35,1845.85,1819.57,1842.69,87048330,4,Friday,,
2021-05-17,00:00:00,1844.53,1868.39,1840.5,1866.23,81654430,0,Monday,1.84,0.09985
2021-05-18,00:00:00,1866.24,1874.85,1863.11,1868.69,59701340,1,Tuesday,,
2021-05-19,00:00:00,1869.09,1890.02,1852.1,1869.33,65102550,2,Wednesday,,
2021-05-20,00:00:00,1868.6,1883.76,1863.73,1876.57,50898230,3,Thursday,,
2021-05-21,00:00:00,1877.26,1889.23,1870.0,1880.9,48497700,4,Friday,,
2021-05-24,00:00:00,1882.12,1886.88,1875.06,1880.69,50522310,0,Monday,1.22,0.06486
2021-05-25,00:00:00,1880.0,1900.12,1872.61,1898.6,72538680,1,Tuesday,,
2021-05-26,00:00:00,1898.86,1912.65,1890.59,1896.37,79977840,2,Wednesday,,
2021-05-27,00:00:00,1896.51,1903.48,1888.19,1896.06,85393440,3,Thursday,,
2021-05-28,00:00:00,1896.04,1905.8,1882.13,1902.65,58493850,4,Friday,,
2021-05-31,00:00:00,1903.34,1910.55,1902.01,1906.52,29231450,0,Monday,0.69,0.03627
2021-06-01,00:00:00,1907.39,1916.48,1892.27,1899.98,60210980,1,Tuesday,,
2021-06-02,00:00:00,1899.63,1908.97,1894.23,1908.05,53261780,2,Wednesday,,
2021-06-03,00:00:00,1907.63,1909.5,1865.18,1870.49,66918150,3,Thursday,,
2021-06-04,00:00:00,1870.01,1896.1,1855.32,1890.71,66825810,4,Friday,,
2021-06-07,00:00:00,1891.4,1900.02,1881.41,1898.83,56711210,0,Monday,0.69,0.03649
2021-06-08,00:00:00,1897.97,1903.69,1883.62,1892.55,60842510,1,Tuesday,,
2021-06-09,00:00:00,1892.14,1898.92,1887.24,1888.18,54372270,2,Wednesday,,
2021-06-10,00:00:00,1887.67,1899.76,1869.67,1898.04,68008070,3,Thursday,,
2021-06-11,00:00:00,1897.78,1902.95,1874.38,1877.05,59615550,4,Friday,,
2021-06-14,00:00:00,1876.76,1877.89,1844.48,1865.9,59243810,0,Monday,-0.29,-0.01545
2021-06-15,00:00:00,1865.53,1869.07,1851.48,1858.72,56561780,1,Tuesday,,
2021-06-16,00:00:00,1857.98,1862.93,1803.27,1811.49,66541960,2,Wednesday,,
2021-06-17,00:00:00,1810.85,1825.23,1767.13,1773.14,101529930,3,Thursday,,
2021-06-18,00:00:00,1772.43,1797.06,1760.77,1763.2,86704610,4,Friday,,
2021-06-21,00:00:00,1763.94,1786.39,1763.84,1782.75,85639970,0,Monday,0.74,0.04197
2021-06-22,00:00:00,1781.92,1789.99,1772.23,1778.32,55762270,1,Tuesday,,
2021-06-23,00:00:00,1778.17,1794.84,1773.21,1778.7,46494460,2,Wednesday,,
2021-06-24,00:00:00,1778.31,1787.85,1772.78,1775.17,33776920,3,Thursday,,
2021-06-25,00:00:00,1774.77,1790.27,1773.59,1780.94,32106300,4,Friday,,
2021-06-28,00:00:00,1781.23,1785.72,1770.52,1777.91,34961210,0,Monday,0.29,0.01628
2021-06-29,00:00:00,1777.63,1778.82,1750.49,1760.87,35720560,1,Tuesday,,
2021-06-30,00:00:00,1760.88,1774.28,1753.23,1769.64,34291870,2,Wednesday,,
2021-07-01,00:00:00,1769.54,1782.68,1765.53,1776.26,36147210,3,Thursday,,
2021-07-02,00:00:00,1775.34,1794.93,1774.11,1786.98,35736090,4,Friday,,
2021-07-05,00:00:00,1786.53,1795.13,1784.34,1791.55,20866000,0,Monday,-0.45,-0.02518
2021-07-06,00:00:00,1791.37,1814.92,1789.94,1796.54,37082950,1,Tuesday,,
2021-07-07,00:00:00,1796.03,1809.65,1793.75,1803.07,35899510,2,Wednesday,,
2021-07-08,00:00:00,1803.3,1818.29,1794.18,1802.38,39209730,3,Thursday,,
2021-07-09,00:00:00,1801.94,1812.3,1796.56,1807.84,32260620,4,Friday,,
2021-07-12,00:00:00,1807.57,1810.71,1791.38,1805.58,34339880,0,Monday,-0.27,-0.01493
2021-07-13,00:00:00,1805.74,1817.06,1798.51,1807.4,38178420,1,Tuesday,,
2021-07-14,00:00:00,1807.12,1829.68,1804.45,1826.87,37371110,2,Wednesday,,
2021-07-15,00:00:00,1826.88,1833.98,1820.13,1828.87,34176050,3,Thursday,,
2021-07-16,00:00:00,1828.64,1831.95,1808.87,1811.55,35144210,4,Friday,,
2021-07-19,00:00:00,1810.89,1817.18,1794.87,1811.91,46880720,0,Monday,-0.66,-0.03643
2021-07-20,00:00:00,1811.97,1824.9,1804.95,1809.88,38179670,1,Tuesday,,
2021-07-21,00:00:00,1809.46,1813.66,1794.61,1803.08,33813650,2,Wednesday,,
2021-07-22,00:00:00,1802.49,1807.96,1792.65,1806.5,36185470,3,Thursday,,
2021-07-23,00:00:00,1806.19,1810.22,1789.41,1801.7,32384790,4,Friday,,
2021-07-26,00:00:00,1801.99,1811.4,1796.3,1797.17,36038660,0,Monday,0.29,0.0161
2021-07-27,00:00:00,1797.05,1805.12,1793.49,1798.64,30366780,1,Tuesday,,
2021-07-28,00:00:00,1799.18,1809.72,1792.42,1806.24,34486590,2,Wednesday,,
2021-07-29,00:00:00,1806.93,1832.59,1806.69,1827.74,33208260,3,Thursday,,
2021-07-30,00:00:00,1827.17,1831.25,1810.14,1813.4,28071140,4,Friday,,
2021-08-02,00:00:00,1813.32,1819.42,1805.64,1813.19,35621100,0,Monday,-0.08,-0.00441
2021-08-03,00:00:00,1812.94,1814.91,1807.02,1810.31,24149500,1,Tuesday,,
2021-08-04,00:00:00,1809.85,1831.61,1806.33,1811.48,31360890,2,Wednesday,,
2021-08-05,00:00:00,1811.0,1814.75,1797.71,1804.11,29077520,3,Thursday,,
2021-08-06,00:00:00,1803.87,1804.7,1758.58,1762.57,34607070,4,Friday,,
2021-08-09,00:00:00,1762.89,1764.45,1670.49,1729.53,45304890,0,Monday,0.32,0.01816
2021-08-10,00:00:00,1729.23,1738.16,1717.6,1728.65,32608280,1,Tuesday,,
2021-08-11,00:00:00,1728.4,1754.29,1723.99,1751.36,32858010,2,Wednesday,,
2021-08-12,00:00:00,1750.33,1758.04,1741.48,1752.44,28544830,3,Thursday,,
2021-08-13,00:00:00,1751.92,1779.85,1751.57,1779.22,29079250,4,Friday,,
2021-08-16,00:00:00,1778.13,1789.2,1770.7,1787.0,37004580,0,Monday,-1.09,-0.06126
2021-08-17,00:00:00,1787.03,1795.44,1780.45,1785.76,31342180,1,Tuesday,,
2021-08-18,00:00:00,1785.64,1793.64,1777.21,1787.21,28493980,2,Wednesday,,
2021-08-19,00:00:00,1786.83,1792.37,1774.36,1779.92,34064700,3,Thursday,,
2021-08-20,00:00:00,1778.92,1788.28,1778.27,1780.46,30300670,4,Friday,,
2021-08-23,00:00:00,1779.6,1806.38,1776.39,1804.89,30056550,0,Monday,-0.86,-0.0483
2021-08-24,00:00:00,1804.91,1809.46,1800.65,1802.43,26543770,1,Tuesday,,
2021-08-25,00:00:00,1801.89,1802.97,1782.45,1790.51,28101260,2,Wednesday,,
2021-08-26,00:00:00,1790.14,1798.1,1779.93,1791.97,30843990,3,Thursday,,
2021-08-27,00:00:00,1791.76,1819.22,1783.8,1816.16,33461790,4,Friday,,
2021-08-30,00:00:00,1818.33,1823.08,1807.62,1809.85,23018610,0,Monday,2.17,0.11948
2021-08-31,00:00:00,1809.73,1819.08,1801.6,1813.03,27640030,1,Tuesday,,
2021-09-01,00:00:00,1812.97,1819.9,1808.58,1813.53,24557490,2,Wednesday,,
2021-09-02,00:00:00,1812.84,1817.0,1804.88,1809.46,21961670,3,Thursday,,
2021-09-03,00:00:00,1809.01,1833.91,1808.77,1827.29,32563840,4,Friday,,
2021-09-06,00:00:00,1829.97,1830.1,1821.34,1823.01,14185400,0,Monday,2.68,0.14667
2021-09-07,00:00:00,1822.63,1827.13,1792.3,1793.98,33189160,1,Tuesday,,
2021-09-08,00:00:00,1793.93,1802.07,1782.25,1788.89,38851400,2,Wednesday,,
2021-09-09,00:00:00,1788.62,1800.88,1783.72,1794.09,27865360,3,Thursday,,
2021-09-10,00:00:00,1793.81,1803.75,1786.98,1787.05,37206480,4,Friday,,
2021-09-13,00:00:00,1788.35,1798.26,1783.57,1793.36,37673600,0,Monday,1.3,0.07275
2021-09-14,00:00:00,1792.92,1808.56,1780.29,1803.95,41960720,1,Tuesday,,
2021-09-15,00:00:00,1803.81,1806.8,1790.66,1793.6,34292500,2,Wednesday,,
2021-09-16,00:00:00,1793.02,1796.07,1745.22,1753.3,38855480,3,Thursday,,
2021-09-17,00:00:00,1753.25,1767.42,1747.26,1753.49,36643410,4,Friday,,
2021-09-20,00:00:00,1753.96,1767.05,1741.98,1763.67,36627210,0,Monday,0.47,0.0268
2021-09-21,00:00:00,1763.69,1781.66,1757.84,1774.02,35500680,1,Tuesday,,
2021-09-22,00:00:00,1773.76,1787.19,1764.5,1767.59,40360110,2,Wednesday,,
2021-09-23,00:00:00,1767.47,1776.46,1737.77,1742.13,41004350,3,Thursday,,
2021-09-24,00:00:00,1742.57,1757.56,1740.34,1749.88,37708850,4,Friday,,
2021-09-27,00:00:00,1751.5,1760.74,1744.76,1749.73,44917470,0,Monday,1.62,0.09258
2021-09-28,00:00:00,1749.26,1754.34,1728.01,1733.59,50343900,1,Tuesday,,
2021-09-29,00:00:00,1733.38,1745.42,1721.55,1725.94,50725920,2,Wednesday,,
2021-09-30,00:00:00,1725.85,1764.09,1722.1,1756.35,52233470,3,Thursday,,
2021-10-01,00:00:00,1756.57,1764.18,1749.65,1760.1,50386270,4,Friday,,
2021-10-04,00:00:00,1762.08,1770.47,1747.61,1769.21,52774880,0,Monday,1.98,0.11249
2021-10-05,00:00:00,1768.96,1769.96,1748.49,1759.74,43540180,1,Tuesday,,
2021-10-06,00:00:00,1759.38,1765.02,1745.77,1762.42,50224140,2,Wednesday,,
2021-10-07,00:00:00,1762.33,1766.85,1751.84,1755.53,39548780,3,Thursday,,
2021-10-08,00:00:00,1755.26,1781.23,1753.24,1756.61,38840770,4,Friday,,
2021-10-11,00:00:00,1757.14,1760.88,1750.07,1753.78,44244610,0,Monday,0.53,0.03017
2021-10-12,00:00:00,1753.34,1769.24,1750.66,1759.73,41626270,1,Tuesday,,
2021-10-13,00:00:00,1759.42,1796.06,1757.83,1792.44,46547290,2,Wednesday,,
2021-10-14,00:00:00,1792.42,1800.46,1786.6,1795.5,37659790,3,Thursday,,
2021-10-15,00:00:00,1795.2,1796.38,1764.75,1766.66,38626360,4,Friday,,
2021-10-18,00:00:00,1766.57,1772.01,1760.18,1764.56,46894900,0,Monday,-0.09,-0.00509
2021-10-19,00:00:00,1764.31,1785.04,1762.85,1768.9,41819080,1,Tuesday,,
2021-10-20,00:00:00,1769.57,1788.37,1766.74,1781.77,43900490,2,Wednesday,,
2021-10-21,00:00:00,1781.22,1789.37,1776.37,1782.32,46114280,3,Thursday,,
2021-10-22,00:00:00,1782.25,1813.75,1782.25,1791.63,53731630,4,Friday,,
2021-10-25,00:00:00,1792.47,1809.97,1792.16,1807.39,46076150,0,Monday,0.84,0.04688
2021-10-26,00:00:00,1806.87,1808.22,1782.29,1792.28,36872780,1,Tuesday,,
2021-10-27,00:00:00,1792.43,1798.98,1783.37,1796.18,39615000,2,Wednesday,,
2021-10-28,00:00:00,1796.97,1810.34,1792.2,1798.31,47453080,3,Thursday,,
2021-10-29,00:00:00,1799.07,1801.07,1771.85,1782.99,48605780,4,Friday,,
2021-11-01,00:00:00,1783.03,1795.74,1779.0,1793.0,36535110,0,Monday,0.04,0.00224
2021-11-02,00:00:00,1792.97,1796.29,1786.25,1787.51,29880550,1,Tuesday,,
2021-11-03,00:00:00,1786.92,1788.07,1758.64,1769.53,33425620,2,Wednesday,,
2021-11-04,00:00:00,1768.79,1798.8,1768.73,1791.84,41661960,3,Thursday,,
2021-11-05,00:00:00,1791.2,1818.13,1784.89,1817.59,42970280,4,Friday,,
2021-11-08,00:00:00,1818.38,1826.4,1812.31,1823.51,33324180,0,Monday,0.79,0.04346
2021-11-09,00:00:00,1823.19,1832.63,1819.04,1831.41,55819720,1,Tuesday,,
2021-11-10,00:00:00,1831.38,1868.46,1822.17,1848.9,44038110,2,Wednesday,,
2021-11-11,00:00:00,1848.49,1865.9,1842.75,1861.57,33703770,3,Thursday,,
2021-11-12,00:00:00,1861.06,1868.57,1845.09,1864.45,36897370,4,Friday,,
2021-11-15,00:00:00,1869.36,1870.47,1856.32,1862.39,41416090,0,Monday,4.91,0.26335
2021-11-16,00:00:00,1862.21,1877.12,1849.56,1850.46,40182210,1,Tuesday,,
2021-11-17,00:00:00,1849.87,1867.96,1849.33,1867.14,35280120,2,Wednesday,,
2021-11-18,00:00:00,1866.45,1870.81,1854.95,1858.45,42196000,3,Thursday,,
2021-11-19,00:00:00,1858.04,1865.67,1842.87,1845.17,57166430,4,Friday,,
2021-11-22,00:00:00,1846.53,1848.98,1802.14,1804.07,46880340,0,Monday,1.36,0.07371
2021-11-23,00:00:00,1805.64,1812.32,1781.86,1788.71,44243380,1,Tuesday,,
2021-11-24,00:00:00,1788.57,1796.29,1778.4,1788.21,38173370,2,Wednesday,,
2021-11-25,00:00:00,1789.39,1794.97,1785.93,1788.47,14634680,3,Thursday,,
2021-11-26,00:00:00,1790.8,1815.41,1780.36,1792.66,38418500,4,Friday,,
2021-11-29,00:00:00,1790.19,1799.26,1775.56,1784.04,38699340,0,Monday,-2.47,-0.13778
2021-11-30,00:00:00,1783.18,1808.62,1769.76,1773.95,50616170,1,Tuesday,,
2021-12-01,00:00:00,1775.05,1794.41,1772.05,1781.35,46154860,2,Wednesday,,
2021-12-02,00:00:00,1781.79,1783.24,1761.82,1768.4,43167650,3,Thursday,,
2021-12-03,00:00:00,1768.2,1786.0,1766.02,1782.79,52641840,4,Friday,,
2021-12-06,00:00:00,1784.36,1787.63,1775.59,1778.22,44543070,0,Monday,1.57,0.08806
2021-12-07,00:00:00,1778.3,1787.71,1772.17,1783.62,54075310,1,Tuesday,,
2021-12-08,00:00:00,1783.72,1793.0,1779.48,1782.73,32129400,2,Wednesday,,
2021-12-09,00:00:00,1782.37,1787.51,1773.14,1774.94,31768990,3,Thursday,,
2021-12-10,00:00:00,1774.66,1789.4,1769.97,1782.29,31309970,4,Friday,,
2021-12-13,00:00:00,1783.06,1791.45,1781.7,1786.28,35003660,0,Monday,0.77,0.0432
2021-12-14,00:00:00,1786.06,1789.41,1766.36,1770.43,35116390,1,Tuesday,,
2021-12-15,00:00:00,1771.42,1780.76,1752.93,1776.79,42837390,2,Wednesday,,
2021-12-16,00:00:00,1776.22,1799.56,1775.42,1798.91,41142550,3,Thursday,,
2021-12-17,00:00:00,1798.55,1814.15,1795.76,1797.71,33180050,4,Friday,,
2021-12-20,00:00:00,1799.44,1804.06,1788.19,1790.46,42556160,0,Monday,1.73,0.09623
2021-12-21,00:00:00,1789.81,1800.44,1784.84,1788.82,33978810,1,Tuesday,,
2021-12-22,00:00:00,1788.17,1804.95,1785.8,1803.28,30936500,2,Wednesday,,
2021-12-23,00:00:00,1803.8,1810.63,1798.78,1808.36,28694690,3,Thursday,,
2021-12-27,00:00:00,1808.54,1813.39,1802.86,1811.74,25361140,0,Monday,0.18,0.00995
2021-12-28,00:00:00,1811.07,1820.1,1804.92,1805.87,23993520,1,Tuesday,,
2021-12-29,00:00:00,1805.57,1807.58,1789.35,1804.3,26710150,2,Wednesday,,
2021-12-30,00:00:00,1804.03,1817.11,1796.06,1814.35,24044540,3,Thursday,,
2021-12-31,00:00:00,1814.39,1830.25,1814.12,1829.06,24522920,4,Friday,,
2022-01-03,00:00:00,1828.6,1831.62,1798.19,1801.03,36838720,0,Monday,-0.46,-0.02515
2022-01-04,00:00:00,1800.4,1816.69,1798.39,1814.28,37367240,1,Tuesday,,
2022-01-05,00:00:00,1813.71,1829.58,1808.17,1810.23,41987510,2,Wednesday,,
2022-01-06,00:00:00,1810.17,1811.44,1786.29,1790.69,49725770,3,Thursday,,
2022-01-07,00:00:00,1790.54,1798.52,1782.49,1795.81,41639280,4,Friday,,
2022-01-10,00:00:00,1793.95,1802.25,1790.23,1801.26,42679560,0,Monday,-1.86,-0.10357
2022-01-11,00:00:00,1801.02,1823.23,1799.95,1821.23,40241640,1,Tuesday,,
2022-01-12,00:00:00,1820.48,1827.98,1814.58,1825.76,39254590,2,Wednesday,,
2022-01-13,00:00:00,1825.05,1828.06,1812.23,1822.13,37402630,3,Thursday,,
2022-01-14,00:00:00,1822.24,1829.05,1814.58,1817.42,40538100,4,Friday,,
2022-01-17,00:00:00,1817.04,1823.09,1813.0,1819.01,20969020,0,Monday,-0.38,-0.02091
2022-01-18,00:00:00,1817.9,1822.64,1805.66,1813.38,51485040,1,Tuesday,,
2022-01-19,00:00:00,1812.52,1843.32,1810.14,1840.11,46770800,2,Wednesday,,
2022-01-20,00:00:00,1840.16,1847.8,1835.81,1838.79,49636060,3,Thursday,,
2022-01-21,00:00:00,1838.5,1843.11,1828.38,1834.33,53454620,4,Friday,,
2022-01-24,00:00:00,1834.52,1844.21,1829.56,1842.54,63620720,0,Monday,0.19,0.01036
2022-01-25,00:00:00,1842.67,1853.75,1834.84,1847.46,52265650,1,Tuesday,,
2022-01-26,00:00:00,1846.92,1849.94,1814.84,1819.22,56635380,2,Wednesday,,
2022-01-27,00:00:00,1818.99,1822.0,1791.68,1797.06,58287250,3,Thursday,,
2022-01-28,00:00:00,1796.24,1799.31,1780.16,1791.03,56454910,4,Friday,,
2022-01-31,00:00:00,1791.93,1799.81,1785.46,1796.67,45358770,0,Monday,0.9,0.05025
2022-02-01,00:00:00,1797.33,1808.64,1795.63,1800.89,41015090,1,Tuesday,,
2022-02-02,00:00:00,1799.82,1810.72,1794.36,1806.35,38958920,2,Wednesday,,
2022-02-03,00:00:00,1806.37,1808.88,1788.54,1804.59,54965390,3,Thursday,,
2022-02-04,00:00:00,1803.81,1814.8,1792.02,1807.56,55256850,4,Friday,,
2022-02-07,00:00:00,1806.72,1823.46,1806.68,1820.26,76704760,0,Monday,-0.84,-0.04647
2022-02-08,00:00:00,1819.94,1828.66,1815.31,1825.79,57170470,1,Tuesday,,
2022-02-09,00:00:00,1825.29,1835.71,1824.54,1832.89,43304810,2,Wednesday,,
2022-02-10,00:00:00,1833.16,1841.84,1821.53,1826.54,62047870,3,Thursday,,
2022-02-11,00:00:00,1826.42,1865.38,1820.84,1857.9,68942310,4,Friday,,
2022-02-14,00:00:00,1859.23,1874.02,1850.7,1870.91,75958590,0,Monday,1.33,0.07159
2022-02-15,00:00:00,1871.08,1879.38,1844.4,1853.43,58995730,1,Tuesday,,
2022-02-16,00:00:00,1853.15,1872.5,1850.19,1869.5,51701450,2,Wednesday,,
2022-02-17,00:00:00,1869.85,1901.02,1867.7,1897.93,70435800,3,Thursday,,
2022-02-18,00:00:00,1898.12,1902.36,1886.48,1897.77,58767440,4,Friday,,
2022-02-21,00:00:00,1900.82,1908.16,1887.45,1905.01,55154300,0,Monday,3.05,0.16071
2022-02-22,00:00:00,1908.75,1914.02,1891.27,1898.16,72082520,1,Tuesday,,
2022-02-23,00:00:00,1898.35,1910.41,1889.55,1908.66,57742800,2,Wednesday,,
2022-02-24,00:00:00,1909.49,1974.4,1877.94,1903.71,108900340,3,Thursday,,
2022-02-25,00:00:00,1903.72,1921.48,1882.83,1888.53,75880000,4,Friday,,
2022-02-28,00:00:00,1919.21,1930.95,1890.77,1908.74,82460500,0,Monday,30.68,1.62454
2022-03-01,00:00:00,1908.64,1950.08,1901.27,1945.09,90318560,1,Tuesday,,
2022-03-02,00:00:00,1944.32,1947.79,1913.74,1928.22,75833350,2,Wednesday,,
2022-03-03,00:00:00,1928.94,1941.2,1921.91,1935.44,79554820,3,Thursday,,
2022-03-04,00:00:00,1935.44,1970.65,1929.5,1969.85,103409270,4,Friday,,
2022-03-07,00:00:00,1974.47,2002.52,1960.88,1997.79,93696040,0,Monday,4.62,0.23454
2022-03-08,00:00:00,1996.81,2070.36,1980.94,2050.17,86053400,1,Tuesday,,
2022-03-09,00:00:00,2049.66,2059.07,1976.01,1991.09,76217670,2,Wednesday,,
2022-03-10,00:00:00,1989.83,2009.06,1970.51,1996.55,55346860,3,Thursday,,
2022-03-11,00:00:00,1994.94,1998.82,1958.44,1988.25,41312200,4,Friday,,
2022-03-14,00:00:00,1984.74,1990.31,1949.63,1950.46,38758810,0,Monday,-3.51,-0.17654
2022-03-15,00:00:00,1951.34,1954.46,1906.95,1917.83,48475490,1,Tuesday,,
2022-03-16,00:00:00,1917.24,1929.33,1894.95,1927.28,47864680,2,Wednesday,,
2022-03-17,00:00:00,1925.87,1949.75,1923.06,1942.58,40193160,3,Thursday,,
2022-03-18,00:00:00,1942.79,1945.2,1917.8,1921.2,33526790,4,Friday,,
2022-03-21,00:00:00,1921.36,1941.17,1917.86,1935.48,32835660,0,Monday,0.16,0.00833
2022-03-22,00:00:00,1935.43,1938.27,1910.51,1921.29,36868950,1,Tuesday,,
2022-03-23,00:00:00,1921.15,1948.29,1915.45,1943.48,34437620,2,Wednesday,,
2022-03-24,00:00:00,1942.89,1966.08,1937.28,1957.67,37379030,3,Thursday,,
2022-03-25,00:00:00,1956.93,1964.15,1943.0,1957.69,50090280,4,Friday,,
2022-03-28,00:00:00,1956.97,1959.05,1916.84,1922.44,57741460,0,Monday,-0.72,-0.03678
2022-03-29,00:00:00,1922.2,1929.17,1890.0,1919.05,60450390,1,Tuesday,,
2022-03-30,00:00:00,1918.67,1938.43,1915.79,1932.47,47053920,2,Wednesday,,
2022-03-31,00:00:00,1932.27,1949.72,1918.99,1936.79,50252020,3,Thursday,,
2022-04-01,00:00:00,1936.15,1939.36,1917.91,1924.78,40676250,4,Friday,,
2022-04-04,00:00:00,1923.79,1936.88,1915.33,1932.67,41554880,0,Monday,-0.99,-0.05143
2022-04-05,00:00:00,1931.88,1944.46,1917.84,1923.45,39947680,1,Tuesday,,
2022-04-06,00:00:00,1924.13,1933.35,1915.04,1924.97,49963760,2,Wednesday,,
2022-04-07,00:00:00,1923.98,1937.71,1920.38,1931.53,62102240,3,Thursday,,
2022-04-08,00:00:00,1931.36,1948.09,1927.55,1947.14,41236870,4,Friday,,
2022-04-11,00:00:00,1946.14,1969.56,1939.88,1953.25,53739880,0,Monday,-1.0,-0.05136
2022-04-12,00:00:00,1953.13,1978.51,1949.52,1966.48,46389780,1,Tuesday,,
2022-04-13,00:00:00,1966.22,1981.48,1962.72,1977.52,46082420,2,Wednesday,,
2022-04-14,00:00:00,1977.07,1980.25,1960.41,1973.22,48051590,3,Thursday,,
2022-04-18,00:00:00,1974.04,1998.27,1970.84,1978.66,46184050,0,Monday,0.82,0.04156
2022-04-19,00:00:00,1978.46,1981.85,1943.59,1949.83,53140930,1,Tuesday,,
2022-04-20,00:00:00,1949.35,1958.21,1939.16,1957.44,56345090,2,Wednesday,,
2022-04-21,00:00:00,1957.55,1957.55,1936.63,1951.26,50466950,3,Thursday,,
2022-04-22,00:00:00,1951.04,1955.48,1926.46,1930.71,60044760,4,Friday,,
2022-04-25,00:00:00,1930.52,1934.33,1891.37,1897.55,63779010,0,Monday,-0.19,-0.00984
2022-04-26,00:00:00,1898.13,1911.11,1895.61,1905.02,51891350,1,Tuesday,,
2022-04-27,00:00:00,1905.07,1906.9,1881.25,1885.75,58850040,2,Wednesday,,
2022-04-28,00:00:00,1885.21,1896.61,1871.94,1894.23,55500960,3,Thursday,,
2022-04-29,00:00:00,1894.14,1919.84,1892.47,1895.75,56584820,4,Friday,,
2022-05-02,00:00:00,1895.63,1899.79,1854.47,1862.64,53862810,0,Monday,-0.12,-0.00633
2022-05-03,00:00:00,1862.33,1878.0,1850.31,1867.85,45747580,1,Tuesday,,
2022-05-04,00:00:00,1867.84,1889.66,1861.3,1880.57,46622220,2,Wednesday,,
2022-05-05,00:00:00,1881.3,1909.63,1872.36,1876.79,63635750,3,Thursday,,
2022-05-06,00:00:00,1876.03,1892.37,1866.0,1883.15,55149680,4,Friday,,
2022-05-09,00:00:00,1883.07,1885.56,1851.56,1853.74,53994100,0,Monday,-0.08,-0.00425
2022-05-10,00:00:00,1853.95,1865.28,1835.39,1837.96,56154010,1,Tuesday,,
2022-05-11,00:00:00,1837.66,1858.02,1831.84,1852.09,55063280,2,Wednesday,,
2022-05-12,00:00:00,1852.02,1858.71,1821.22,1821.56,61989480,3,Thursday,,
2022-05-13,00:00:00,1822.62,1828.68,1798.97,1810.68,46555430,4,Friday,,
2022-05-16,00:00:00,1809.65,1826.83,1786.64,1823.86,46714120,0,Monday,-1.03,-0.05688
2022-05-17,00:00:00,1824.7,1836.0,1812.78,1814.88,54986410,1,Tuesday,,
2022-05-18,00:00:00,1814.14,1824.61,1807.23,1816.24,48685320,2,Wednesday,,
2022-05-19,00:00:00,1815.94,1849.05,1810.8,1841.7,50257790,3,Thursday,,
2022-05-20,00:00:00,1840.34,1849.3,1832.18,1845.74,40056710,4,Friday,,
2022-05-23,00:00:00,1844.69,1865.33,1843.35,1853.25,38676930,0,Monday,-1.05,-0.05689
2022-05-24,00:00:00,1853.17,1869.57,1849.21,1866.28,33817350,1,Tuesday,,
2022-05-25,00:00:00,1866.26,1867.88,1842.14,1853.22,31059670,2,Wednesday,,
2022-05-26,00:00:00,1852.51,1854.22,1840.8,1850.38,35508370,3,Thursday,,
2022-05-27,00:00:00,1850.33,1861.84,1847.83,1852.84,29727200,4,Friday,,
2022-05-30,00:00:00,1852.54,1863.88,1848.01,1855.75,17557830,0,Monday,-0.3,-0.01619
2022-05-31,00:00:00,1855.94,1857.02,1834.86,1837.05,36289600,1,Tuesday,,
2022-06-01,00:00:00,1836.14,1849.89,1828.36,1846.21,34182170,2,Wednesday,,
2022-06-02,00:00:00,1846.14,1870.34,1843.91,1868.38,28241530,3,Thursday,,
2022-06-03,00:00:00,1867.83,1873.96,1847.27,1850.34,30006510,4,Friday,,
2022-06-06,00:00:00,1850.62,1857.75,1840.58,1841.08,31722650,0,Monday,0.28,0.01513
2022-06-07,00:00:00,1840.48,1855.46,1836.92,1852.12,31027500,1,Tuesday,,
2022-06-08,00:00:00,1851.52,1859.57,1844.48,1853.09,29540960,2,Wednesday,,
2022-06-09,00:00:00,1852.08,1855.27,1839.91,1847.79,33189550,3,Thursday,,
2022-06-10,00:00:00,1847.34,1875.87,1824.95,1871.04,42059680,4,Friday,,
2022-06-13,00:00:00,1874.94,1878.76,1817.9,1818.84,55964120,0,Monday,3.9,0.20844
2022-06-14,00:00:00,1819.32,1831.54,1804.96,1808.15,53580820,1,Tuesday,,
2022-06-15,00:00:00,1807.44,1841.84,1807.25,1833.51,56153710,2,Wednesday,,
2022-06-16,00:00:00,1832.25,1857.42,1814.72,1857.21,51377480,3,Thursday,,
2022-06-17,00:00:00,1856.66,1857.24,1833.71,1838.78,47140180,4,Friday,,
2022-06-20,00:00:00,1837.45,1846.0,1834.49,1837.72,27691290,0,Monday,-1.33,-0.07233
2022-06-21,00:00:00,1837.96,1843.52,1828.42,1832.72,39171220,1,Tuesday,,
2022-06-22,00:00:00,1832.62,1847.78,1823.29,1837.59,40786520,2,Wednesday,,
2022-06-23,00:00:00,1837.79,1846.24,1822.39,1822.55,47594240,3,Thursday,,
2022-06-24,00:00:00,1822.41,1831.69,1816.9,1825.86,42166100,4,Friday,,
2022-06-27,00:00:00,1837.38,1840.95,1820.68,1822.62,43696110,0,Monday,11.52,0.63094
2022-06-28,00:00:00,1822.35,1829.41,1818.27,1819.71,34138550,1,Tuesday,,
2022-06-29,00:00:00,1819.1,1832.96,1811.98,1817.45,39584300,2,Wednesday,,
2022-06-30,00:00:00,1817.2,1825.01,1802.62,1807.1,43285500,3,Thursday,,
2022-07-01,00:00:00,1806.61,1811.7,1784.4,1810.6,47684480,4,Friday,,
2022-07-04,00:00:00,1812.08,1814.2,1803.84,1807.47,24670090,0,Monday,1.48,0.08174
2022-07-05,00:00:00,1807.18,1812.06,1763.75,1764.58,48236710,1,Tuesday,,
2022-07-06,00:00:00,1763.98,1772.78,1732.13,1738.61,55422810,2,Wednesday,,
2022-07-07,00:00:00,1738.44,1749.01,1736.36,1739.97,41973460,3,Thursday,,
2022-07-08,00:00:00,1739.86,1752.39,1732.92,1741.84,41676650,4,Friday,,
2022-07-11,00:00:00,1742.85,1744.53,1731.13,1733.81,42165410,0,Monday,1.01,0.05798
2022-07-12,00:00:00,1733.35,1744.1,1723.05,1725.93,45995020,1,Tuesday,,
2022-07-13,00:00:00,1725.63,1745.28,1706.95,1735.28,57078450,2,Wednesday,,
2022-07-14,00:00:00,1735.07,1736.2,1697.44,1709.64,59826290,3,Thursday,,
2022-07-15,00:00:00,1709.81,1716.52,1698.95,1707.8,43797540,4,Friday,,
2022-07-18,00:00:00,1707.24,1723.8,1705.76,1709.04,44560920,0,Monday,-0.56,-0.03279
2022-07-19,00:00:00,1708.99,1718.32,1705.22,1711.52,35168630,1,Tuesday,,
2022-07-20,00:00:00,1711.36,1714.41,1692.34,1696.33,36291210,2,Wednesday,,
2022-07-21,00:00:00,1696.48,1720.24,1680.75,1718.4,45564910,3,Thursday,,
2022-07-22,00:00:00,1717.99,1739.25,1712.72,1726.62,39240390,4,Friday,,
2022-07-25,00:00:00,1728.15,1736.17,1714.65,1719.56,40362280,0,Monday,1.53,0.08861
2022-07-26,00:00:00,1718.9,1728.07,1713.53,1717.18,35563440,1,Tuesday,,
2022-07-27,00:00:00,1716.36,1740.14,1711.32,1733.8,38917720,2,Wednesday,,
2022-07-28,00:00:00,1734.05,1757.0,1733.54,1755.59,42621780,3,Thursday,,
2022-07-29,00:00:00,1754.98,1767.78,1751.93,1765.7,39802060,4,Friday,,
2022-08-01,00:00:00,1764.81,1775.31,1758.21,1771.97,41752140,0,Monday,-0.89,-0.0504
2022-08-02,00:00:00,1771.44,1787.93,1759.82,1759.93,44302920,1,Tuesday,,
2022-08-03,00:00:00,1760.6,1772.66,1754.2,1765.02,36328410,2,Wednesday,,
2022-08-04,00:00:00,1765.47,1794.9,1763.17,1790.98,35927580,3,Thursday,,
2022-08-05,00:00:00,1790.62,1794.76,1764.91,1774.72,40232720,4,Friday,,
2022-08-08,00:00:00,1773.75,1789.92,1770.57,1788.76,34124810,0,Monday,-0.97,-0.05466
2022-08-09,00:00:00,1788.12,1800.36,1783.04,1794.02,30663930,1,Tuesday,,
2022-08-10,00:00:00,1793.99,1807.77,1787.48,1792.18,36872510,2,Wednesday,,
2022-08-11,00:00:00,1791.56,1799.15,1783.38,1789.52,37911560,3,Thursday,,
2022-08-12,00:00:00,1789.17,1802.55,1784.8,1801.78,35997040,4,Friday,,
2022-08-15,00:00:00,1802.31,1802.31,1772.82,1779.49,37994660,0,Monday,0.53,0.02942
2022-08-16,00:00:00,1778.86,1783.04,1771.37,1775.7,32072520,1,Tuesday,,
2022-08-17,00:00:00,1775.6,1782.19,1759.71,1761.47,40115860,2,Wednesday,,
2022-08-18,00:00:00,1761.01,1772.29,1755.22,1758.43,36159510,3,Thursday,,
2022-08-19,00:00:00,1758.24,1759.25,1745.44,1746.5,35957370,4,Friday,,
2022-08-22,00:00:00,1746.3,1748.96,1727.67,1735.97,39696280,0,Monday,-0.2,-0.01145
2022-08-23,00:00:00,1735.83,1753.97,1730.69,1747.9,40251110,1,Tuesday,,
2022-08-24,00:00:00,1747.39,1755.8,1742.36,1750.83,35734730,2,Wednesday,,
2022-08-25,00:00:00,1750.51,1765.37,1749.83,1758.49,33820780,3,Thursday,,
2022-08-26,00:00:00,1758.48,1758.77,1734.06,1737.34,39201620,4,Friday,,
2022-08-29,00:00:00,1736.07,1745.42,1720.21,1736.84,37628440,0,Monday,-1.27,-0.0731
2022-08-30,00:00:00,1736.91,1740.33,1721.1,1723.81,40461200,1,Tuesday,,
2022-08-31,00:00:00,1723.61,1726.43,1709.51,1710.8,44175830,2,Wednesday,,
2022-09-01,00:00:00,1711.27,1711.31,1688.67,1697.3,40296980,3,Thursday,,
2022-09-02,00:00:00,1696.61,1717.88,1694.87,1711.28,39171310,4,Friday,,
2022-09-05,00:00:00,1712.6,1715.67,1707.57,1710.45,20993920,0,Monday,1.32,0.07714
2022-09-06,00:00:00,1709.42,1726.57,1699.71,1701.93,44722120,1,Tuesday,,
2022-09-07,00:00:00,1701.87,1719.32,1691.22,1718.0,47933030,2,Wednesday,,
2022-09-08,00:00:00,1717.8,1728.1,1703.88,1708.21,49148260,3,Thursday,,
2022-09-09,00:00:00,1708.37,1729.34,1708.23,1715.94,41542980,4,Friday,,
2022-09-12,00:00:00,1717.06,1735.04,1711.81,1724.38,45461840,0,Monday,1.12,0.06527
2022-09-13,00:00:00,1724.56,1731.71,1696.93,1701.88,53804620,1,Tuesday,,
2022-09-14,00:00:00,1701.43,1707.01,1693.52,1697.17,52349670,2,Wednesday,,
2022-09-15,00:00:00,1696.79,1698.12,1660.24,1664.94,49723920,3,Thursday,,
2022-09-16,00:00:00,1664.71,1680.24,1654.05,1673.9,48037110,4,Friday,,
2022-09-19,00:00:00,1675.96,1679.87,1659.58,1675.62,43457320,0,Monday,2.06,0.12307
2022-09-20,00:00:00,1675.22,1679.29,1659.88,1664.7,42341060,1,Tuesday,,
2022-09-21,00:00:00,1664.38,1687.95,1653.65,1673.63,55363600,2,Wednesday,,
2022-09-22,00:00:00,1673.04,1684.79,1655.54,1670.96,64100130,3,Thursday,,
2022-09-23,00:00:00,1671.22,1675.84,1639.62,1643.6,56268460,4,Friday,,
2022-09-26,00:00:00,1643.46,1649.65,1621.03,1622.18,65899960,0,Monday,-0.14,-0.00852
2022-09-27,00:00:00,1621.15,1642.34,1621.15,1628.74,67069250,1,Tuesday,,
2022-09-28,00:00:00,1628.48,1662.64,1614.71,1659.66,64172510,2,Wednesday,,
2022-09-29,00:00:00,1659.66,1664.75,1641.41,1660.31,59471230,3,Thursday,,
2022-09-30,00:00:00,1661.05,1675.27,1659.16,1659.98,53661550,4,Friday,,
2022-10-03,00:00:00,1662.2,1701.38,1659.6,1699.61,48535860,0,Monday,2.22,0.13374
2022-10-04,00:00:00,1699.26,1729.43,1695.07,1725.99,49549980,1,Tuesday,,
2022-10-05,00:00:00,1725.4,1727.66,1700.46,1716.13,55177740,2,Wednesday,,
2022-10-06,00:00:00,1715.99,1725.43,1706.81,1712.43,44089970,3,Thursday,,
2022-10-07,00:00:00,1712.35,1714.72,1690.5,1694.46,43950900,4,Friday,,
2022-10-10,00:00:00,1695.46,1699.71,1665.48,1668.45,41942030,0,Monday,1.0,0.05902
2022-10-11,00:00:00,1668.27,1683.84,1660.91,1666.08,50885870,1,Tuesday,,
2022-10-12,00:00:00,1665.8,1678.21,1661.27,1672.98,48447570,2,Wednesday,,
2022-10-13,00:00:00,1673.02,1682.34,1642.29,1666.21,56522830,3,Thursday,,
2022-10-14,00:00:00,1665.33,1671.65,1640.1,1643.62,54668490,4,Friday,,
2022-10-17,00:00:00,1644.07,1668.27,1643.02,1649.86,53589570,0,Monday,0.45,0.02738
2022-10-18,00:00:00,1649.86,1660.71,1645.65,1651.7,58354680,1,Tuesday,,
2022-10-19,00:00:00,1651.47,1654.32,1627.49,1628.8,74689160,2,Wednesday,,
2022-10-20,00:00:00,1629.47,1645.44,1622.26,1627.4,81599330,3,Thursday,,
2022-10-21,00:00:00,1627.41,1657.8,1617.07,1657.3,113119690,4,Friday,,
2022-10-24,00:00:00,1657.61,1670.75,1643.75,1649.0,102427630,0,Monday,0.31,0.01871
2022-10-25,00:00:00,1649.55,1662.19,1638.1,1652.71,76765550,1,Tuesday,,
2022-10-26,00:00:00,1652.58,1674.68,1649.56,1664.4,74169220,2,Wednesday,,
2022-10-27,00:00:00,1663.72,1670.65,1654.67,1663.0,78211480,3,Thursday,,
2022-10-28,00:00:00,1661.96,1666.86,1637.9,1644.5,68637370,4,Friday,,
2022-10-31,00:00:00,1643.4,1645.49,1631.58,1632.9,54483070,0,Monday,-1.1,-0.06689
2022-11-01,00:00:00,1632.41,1656.88,1630.48,1647.4,68563710,1,Tuesday,,
2022-11-02,00:00:00,1647.76,1669.26,1634.75,1635.1,73171590,2,Wednesday,,
2022-11-03,00:00:00,1635.25,1640.86,1616.48,1629.3,76726120,3,Thursday,,
2022-11-04,00:00:00,1628.55,1681.72,1628.4,1681.15,86728000,4,Friday,,
2022-11-07,00:00:00,1674.33,1681.76,1666.71,1675.1,64933660,0,Monday,-6.82,-0.40567
2022-11-08,00:00:00,1674.3,1716.74,1664.56,1711.6,67147640,1,Tuesday,,
2022-11-09,00:00:00,1710.91,1722.17,1702.05,1706.55,77734490,2,Wednesday,,
2022-11-10,00:00:00,1706.55,1757.0,1703.65,1755.2,82249860,3,Thursday,,
2022-11-11,00:00:00,1754.07,1772.45,1747.11,1771.2,84586560,4,Friday,,
2022-11-14,00:00:00,1765.92,1774.94,1753.1,1771.0,66033810,0,Monday,-5.28,-0.2981
2022-11-15,00:00:00,1770.02,1786.37,1766.95,1778.3,101659290,1,Tuesday,,
2022-11-16,00:00:00,1777.43,1784.93,1770.17,1773.2,74723090,2,Wednesday,,
2022-11-17,00:00:00,1773.65,1774.67,1754.27,1760.1,75330530,3,Thursday,,
2022-11-18,00:00:00,1760.14,1767.58,1747.32,1750.4,64887860,4,Friday,,
2022-11-21,00:00:00,1749.82,1752.81,1732.34,1737.55,53852630,0,Monday,-0.58,-0.03314
2022-11-22,00:00:00,1737.89,1749.6,1736.87,1739.8,49931020,1,Tuesday,,
2022-11-23,00:00:00,1739.36,1753.18,1728.14,1749.22,60205540,2,Wednesday,,
2022-11-24,00:00:00,1749.33,1758.47,1748.6,1754.97,39375280,3,Thursday,,
2022-11-25,00:00:00,1754.8,1760.96,1745.85,1754.42,43504360,4,Friday,,
2022-11-28,00:00:00,1755.79,1763.62,1739.46,1741.15,63585430,0,Monday,1.37,0.07809
2022-11-29,00:00:00,1740.13,1758.9,1739.35,1749.2,55924080,1,Tuesday,,
2022-11-30,00:00:00,1749.41,1769.9,1744.72,1768.1,67267190,2,Wednesday,,
2022-12-01,00:00:00,1768.62,1804.0,1767.76,1802.95,76120840,3,Thursday,,
2022-12-02,00:00:00,1802.2,1804.3,1778.42,1797.25,75550930,4,Friday,,
2022-12-05,00:00:00,1795.94,1809.76,1766.0,1767.9,68967390,0,Monday,-1.31,-0.07289
2022-12-06,00:00:00,1767.95,1780.73,1767.12,1770.8,61564210,1,Tuesday,,
2022-12-07,00:00:00,1770.4,1790.36,1768.59,1785.85,65764050,2,Wednesday,,
2022-12-08,00:00:00,1786.72,1794.73,1781.27,1788.6,53493340,3,Thursday,,
2022-12-09,00:00:00,1788.63,1806.0,1788.3,1795.4,62109150,4,Friday,,
2022-12-12,00:00:00,1795.69,1797.07,1777.42,1780.52,46229970,0,Monday,0.29,0.01615
2022-12-13,00:00:00,1780.38,1824.36,1780.2,1810.1,38486800,1,Tuesday,,
2022-12-14,00:00:00,1809.8,1814.04,1795.01,1806.22,37095610,2,Wednesday,,
2022-12-15,00:00:00,1806.6,1808.55,1773.61,1776.53,36778490,3,Thursday,,
2022-12-16,00:00:00,1776.35,1794.2,1774.2,1792.6,32734160,4,Friday,,
2022-12-19,00:00:00,1792.26,1798.64,1783.79,1787.3,27477020,0,Monday,-0.34,-0.01897
2022-12-20,00:00:00,1786.92,1821.04,1784.51,1816.67,41061030,1,Tuesday,,
2022-12-21,00:00:00,1817.9,1823.68,1811.7,1814.0,30700110,2,Wednesday,,
2022-12-22,00:00:00,1813.48,1820.33,1784.63,1791.8,29080350,3,Thursday,,
2022-12-23,00:00:00,1792.43,1803.1,1791.07,1798.2,27451690,4,Friday,,
2022-12-27,00:00:00,1800.05,1833.21,1799.69,1812.88,31541890,1,Tuesday,,
2022-12-28,00:00:00,1813.04,1814.41,1796.9,1803.5,28037150,2,Wednesday,,
2022-12-29,00:00:00,1803.5,1820.02,1803.5,1814.55,27349170,3,Thursday,,
2022-12-30,00:00:00,1814.05,1825.88,1813.17,1823.46,56788620,4,Friday,,
2023-01-03,00:00:00,1826.84,1849.87,1823.29,1839.05,41297380,1,Tuesday,,
2023-01-04,00:00:00,1838.8,1865.04,1836.05,1853.8,44793240,2,Wednesday,,
2023-01-05,00:00:00,1854.15,1858.88,1824.99,1832.65,38527540,3,Thursday,,
2023-01-06,00:00:00,1830.04,1869.77,1830.03,1865.6,41487070,4,Friday,,
2023-01-09,00:00:00,1867.54,1881.44,1864.48,1870.92,29478180,0,Monday,1.94,0.10399
2023-01-10,00:00:00,1870.51,1880.63,1867.74,1876.3,32665390,1,Tuesday,,
2023-01-11,00:00:00,1876.7,1886.55,1867.02,1874.9,32288420,2,Wednesday,,
2023-01-12,00:00:00,1875.0,1901.47,1872.76,1896.3,35461200,3,Thursday,,
2023-01-13,00:00:00,1895.3,1921.8,1892.2,1919.4,38002660,4,Friday,,
2023-01-16,00:00:00,1920.34,1928.88,1910.66,1913.7,23759100,0,Monday,0.94,0.04897
2023-01-17,00:00:00,1914.84,1918.92,1903.67,1908.19,27948340,1,Tuesday,,
2023-01-18,00:00:00,1907.58,1925.8,1896.49,1903.3,41790390,2,Wednesday,,
2023-01-19,00:00:00,1904.75,1935.05,1900.86,1931.2,41806400,3,Thursday,,
2023-01-20,00:00:00,1931.74,1937.43,1920.51,1925.3,31964230,4,Friday,,
2023-01-23,00:00:00,1926.13,1935.44,1911.25,1930.85,35581440,0,Monday,0.83,0.04311
2023-01-24,00:00:00,1930.6,1942.35,1917.07,1936.7,36658610,1,Tuesday,,
2023-01-25,00:00:00,1937.4,1947.94,1919.7,1945.69,27910480,2,Wednesday,,
2023-01-26,00:00:00,1946.7,1949.09,1918.63,1928.59,29952420,3,Thursday,,
2023-01-27,00:00:00,1928.4,1934.92,1916.53,1927.6,30755420,4,Friday,,
2023-01-30,00:00:00,1927.11,1934.42,1920.59,1922.08,24680010,0,Monday,-0.49,-0.02542
2023-01-31,00:00:00,1922.21,1931.0,1900.66,1927.47,28686810,1,Tuesday,,
2023-02-01,00:00:00,1927.54,1954.45,1920.43,1950.1,35926220,2,Wednesday,,
2023-02-02,00:00:00,1950.39,1959.63,1911.22,1911.76,36018980,3,Thursday,,
2023-02-03,00:00:00,1911.61,1918.48,1861.26,1864.55,39150700,4,Friday,,
2023-02-06,00:00:00,1864.51,1881.2,1859.65,1866.7,32178000,0,Monday,-0.04,-0.00215
2023-02-07,00:00:00,1866.94,1884.35,1864.9,1873.0,36655080,1,Tuesday,,
2023-02-08,00:00:00,1872.1,1886.35,1868.9,1875.25,27179800,2,Wednesday,,
2023-02-09,00:00:00,1874.73,1890.1,1858.86,1861.55,27202390,3,Thursday,,
2023-02-10,00:00:00,1861.64,1872.04,1852.59,1864.7,28141470,4,Friday,,
2023-02-13,00:00:00,1863.92,1866.39,1850.33,1853.35,25071830,0,Monday,-0.78,-0.04183
2023-02-14,00:00:00,1853.01,1870.47,1843.16,1853.95,40687220,1,Tuesday,,
2023-02-15,00:00:00,1854.02,1860.0,1830.47,1835.7,28166140,2,Wednesday,,
2023-02-16,00:00:00,1835.6,1845.16,1827.56,1835.07,26628900,3,Thursday,,
2023-02-17,00:00:00,1836.26,1843.51,1818.81,1841.9,25683100,4,Friday,,
2023-02-20,00:00:00,1840.41,1847.4,1837.14,1840.96,17148580,0,Monday,-1.49,-0.08089
2023-02-21,00:00:00,1841.3,1843.74,1830.1,1834.67,31192650,1,Tuesday,,
2023-02-22,00:00:00,1834.42,1845.9,1823.42,1824.43,30071870,2,Wednesday,,
2023-02-23,00:00:00,1825.15,1833.68,1817.39,1821.59,27344180,3,Thursday,,
2023-02-24,00:00:00,1821.44,1827.71,1808.87,1810.66,27581360,4,Friday,,
2023-02-27,00:00:00,1810.76,1820.06,1806.54,1816.9,24543060,0,Monday,0.1,0.00552
2023-02-28,00:00:00,1816.63,1831.05,1804.59,1826.65,27945380,1,Tuesday,,
2023-03-01,00:00:00,1826.1,1844.41,1822.94,1835.93,28346190,2,Wednesday,,
2023-03-02,00:00:00,1836.31,1838.87,1829.85,1835.62,32104680,3,Thursday,,
2023-03-03,00:00:00,1835.65,1856.77,1835.4,1855.8,26543420,4,Friday,,
2023-03-06,00:00:00,1854.64,1858.17,1845.02,1846.02,26961280,0,Monday,-1.16,-0.06251
2023-03-07,00:00:00,1846.25,1851.56,1812.65,1812.8,26516070,1,Tuesday,,
2023-03-08,00:00:00,1812.97,1824.18,1809.25,1813.31,24970380,2,Wednesday,,
2023-03-09,00:00:00,1812.81,1835.57,1811.81,1830.82,23188120,3,Thursday,,
2023-03-10,00:00:00,1830.43,1870.07,1827.67,1867.45,47097590,4,Friday,,
2023-03-13,00:00:00,1872.4,1914.47,1871.33,1912.7,67362810,0,Monday,4.95,0.26507
2023-03-14,00:00:00,1913.51,1913.98,1895.23,1903.7,44332240,1,Tuesday,,
2023-03-15,00:00:00,1903.41,1937.3,1885.57,1918.06,49171460,2,Wednesday,,
2023-03-16,00:00:00,1917.71,1933.38,1907.45,1919.25,49588620,3,Thursday,,
2023-03-17,00:00:00,1920.77,1989.0,1918.13,1987.8,44892250,4,Friday,,
2023-03-20,00:00:00,1984.15,2009.69,1965.75,1978.38,45621240,0,Monday,-3.65,-0.18362
2023-03-21,00:00:00,1978.31,1985.03,1935.19,1939.2,36842390,1,Tuesday,,
2023-03-22,00:00:00,1939.66,1978.7,1934.17,1969.53,42585860,2,Wednesday,,
2023-03-23,00:00:00,1969.71,2003.18,1964.64,1992.6,43526750,3,Thursday,,
2023-03-24,00:00:00,1993.2,2002.85,1975.09,1977.99,41321790,4,Friday,,
2023-03-27,00:00:00,1979.8,1979.8,1943.89,1956.28,31679050,0,Monday,1.81,0.09151
2023-03-28,00:00:00,1955.5,1975.15,1949.03,1972.91,31469310,1,Tuesday,,
2023-03-29,00:00:00,1972.56,1974.22,1958.58,1963.63,28822760,2,Wednesday,,
2023-03-30,00:00:00,1963.48,1984.19,1955.2,1979.71,32613050,3,Thursday,,
2023-03-31,00:00:00,1979.88,1987.48,1966.75,1968.75,34525280,4,Friday,,
2023-04-03,00:00:00,1972.3,1990.37,1949.6,1984.3,36308730,0,Monday,3.55,0.18032
2023-04-04,00:00:00,1983.34,2024.85,1976.83,2019.88,35349750,1,Tuesday,,
2023-04-05,00:00:00,2020.09,2031.97,2009.88,2020.19,30457020,2,Wednesday,,
2023-04-06,00:00:00,2020.4,2021.25,2001.0,2006.48,30350360,3,Thursday,,
2023-04-10,00:00:00,1993.34,2006.36,1981.55,1990.95,22482850,0,Monday,-13.14,-0.65488
2023-04-11,00:00:00,1991.08,2007.35,1988.62,2003.01,22699410,1,Tuesday,,
2023-04-12,00:00:00,2003.27,2028.23,2001.22,2014.63,31501070,2,Wednesday,,
2023-04-13,00:00:00,2013.97,2048.54,2013.52,2039.5,28525760,3,Thursday,,
2023-04-14,00:00:00,2039.45,2047.34,1992.29,2003.5,35670630,4,Friday,,
2023-04-17,00:00:00,1998.5,2014.88,1980.97,1994.19,26933910,0,Monday,-5.0,-0.24956
2023-04-18,00:00:00,1994.69,2011.75,1991.19,2005.05,22903260,1,Tuesday,,
2023-04-19,00:00:00,2004.7,2008.05,1969.15,1994.61,29605380,2,Wednesday,,
2023-04-20,00:00:00,1994.56,2012.26,1990.38,2004.6,25793400,3,Thursday,,
2023-04-21,00:00:00,2004.42,2005.49,1971.52,1982.25,26516890,4,Friday,,
2023-04-24,00:00:00,1980.75,1990.73,1973.99,1988.94,26157880,0,Monday,-1.5,-0.07567
2023-04-25,00:00:00,1988.7,2003.8,1976.02,1996.7,33561620,1,Tuesday,,
2023-04-26,00:00:00,1997.0,2009.2,1983.2,1988.2,34323170,2,Wednesday,,
2023-04-27,00:00:00,1989.03,2003.26,1973.87,1987.6,41109140,3,Thursday,,
2023-04-28,00:00:00,1987.4,1994.91,1975.9,1989.55,31209770,4,Friday,,
2023-05-01,00:00:00,1990.4,2005.85,1976.92,1981.2,30715800,0,Monday,0.85,0.04272
2023-05-02,00:00:00,1981.34,2019.25,1978.32,2016.33,32224630,1,Tuesday,,
2023-05-03,00:00:00,2016.49,2040.3,2007.41,2038.8,29261180,2,Wednesday,,
2023-05-04,00:00:00,2039.27,2079.78,2030.21,2049.5,53467900,3,Thursday,,
2023-05-05,00:00:00,2049.64,2052.93,1999.45,2016.3,76076940,4,Friday,,
2023-05-08,00:00:00,2016.61,2029.33,2014.13,2020.63,76556310,0,Monday,0.31,0.01537
2023-05-09,00:00:00,2020.4,2037.49,2019.34,2033.87,88654230,1,Tuesday,,
2023-05-10,00:00:00,2033.95,2048.11,2021.43,2029.46,102128340,2,Wednesday,,
2023-05-11,00:00:00,2029.94,2041.21,2011.04,2014.6,127811280,3,Thursday,,
2023-05-12,00:00:00,2014.65,2022.49,2000.83,2009.8,75348920,4,Friday,,
2023-05-15,00:00:00,2007.5,2022.11,2007.0,2015.68,77636580,0,Monday,-2.3,-0.11444
2023-05-16,00:00:00,2015.3,2018.23,1985.4,1988.85,96568830,1,Tuesday,,
2023-05-17,00:00:00,1989.1,1992.98,1974.93,1981.3,89272510,2,Wednesday,,
2023-05-18,00:00:00,1981.46,1985.94,1951.88,1957.35,51410760,3,Thursday,,
2023-05-19,00:00:00,1956.42,1984.08,1953.9,1977.45,29291930,4,Friday,,
2023-05-22,00:00:00,1976.48,1982.51,1968.77,1971.64,26590120,0,Monday,-0.97,-0.04905
2023-05-23,00:00:00,1970.86,1977.55,1954.08,1974.7,34162270,1,Tuesday,,
2023-05-24,00:00:00,1974.68,1985.19,1956.55,1956.65,28820130,2,Wednesday,,
2023-05-25,00:00:00,1956.1,1964.63,1938.66,1941.01,29568120,3,Thursday,,
2023-05-26,00:00:00,1939.84,1957.21,1936.65,1945.79,32316150,4,Friday,,
2023-05-29,00:00:00,1942.08,1949.58,1940.14,1943.05,14114720,0,Monday,-3.71,-0.19067
2023-05-30,00:00:00,1943.7,1963.38,1931.9,1959.09,28245690,1,Tuesday,,
2023-05-31,00:00:00,1958.79,1974.63,1953.5,1962.4,30778150,2,Wednesday,,
2023-06-01,00:00:00,1962.2,1983.02,1953.26,1977.1,28216400,3,Thursday,,
2023-06-02,00:00:00,1976.8,1983.32,1947.16,1947.74,28266000,4,Friday,,
2023-06-05,00:00:00,1947.05,1963.95,1938.05,1961.45,22857850,0,Monday,-0.69,-0.03543
2023-06-06,00:00:00,1960.96,1966.24,1954.26,1963.2,20849020,1,Tuesday,,
2023-06-07,00:00:00,1963.21,1970.09,1939.64,1939.71,22293730,2,Wednesday,,
2023-06-08,00:00:00,1940.34,1970.4,1939.54,1965.15,27523140,3,Thursday,,
2023-06-09,00:00:00,1965.3,1972.93,1956.47,1960.8,20903080,4,Friday,,
2023-06-12,00:00:00,1959.32,1966.87,1949.13,1957.55,23769450,0,Monday,-1.48,-0.07548
2023-06-13,00:00:00,1957.11,1970.72,1939.93,1943.45,25919270,1,Tuesday,,
2023-06-14,00:00:00,1943.62,1960.2,1939.5,1941.24,26072410,2,Wednesday,,
2023-06-15,00:00:00,1941.96,1960.13,1924.9,1957.63,31343920,3,Thursday,,
2023-06-16,00:00:00,1957.01,1967.83,1953.16,1957.36,30051230,4,Friday,,
2023-06-19,00:00:00,1957.2,1958.68,1947.68,1950.13,17317840,0,Monday,-0.16,-0.00817
2023-06-20,00:00:00,1950.58,1956.67,1929.7,1936.02,22864580,1,Tuesday,,
2023-06-21,00:00:00,1935.27,1939.38,1919.08,1932.2,25223530,2,Wednesday,,
2023-06-22,00:00:00,1932.2,1934.85,1912.22,1912.26,21543060,3,Thursday,,
2023-06-23,00:00:00,1913.5,1937.24,1910.07,1920.39,23611900,4,Friday,,
2023-06-26,00:00:00,1924.95,1933.24,1921.42,1921.88,19210300,0,Monday,4.56,0.23745
2023-06-27,00:00:00,1922.6,1930.59,1910.79,1913.39,22448580,1,Tuesday,,
2023-06-28,00:00:00,1913.01,1917.15,1902.69,1906.98,23182420,2,Wednesday,,
2023-06-29,00:00:00,1907.4,1912.99,1892.91,1907.85,28094970,3,Thursday,,
2023-06-30,00:00:00,1907.7,1922.63,1900.46,1919.54,28016940,4,Friday,,
2023-07-03,00:00:00,1918.9,1930.93,1909.96,1921.29,24223390,0,Monday,-0.64,-0.03334
2023-07-04,00:00:00,1920.83,1930.62,1919.64,1925.72,17693850,1,Tuesday,,
2023-07-05,00:00:00,1925.67,1934.9,1914.57,1914.9,22680140,2,Wednesday,,
2023-07-06,00:00:00,1914.5,1927.51,1902.51,1910.74,28443760,3,Thursday,,
2023-07-07,00:00:00,1910.23,1934.74,1909.41,1923.84,35441460,4,Friday,,
2023-07-10,00:00:00,1924.0,1928.08,1912.59,1925.01,21494010,0,Monday,0.16,0.00832
2023-07-11,00:00:00,1924.47,1938.27,1924.17,1931.52,21263660,1,Tuesday,,
2023-07-12,00:00:00,1932.03,1959.6,1931.96,1956.7,24813600,2,Wednesday,,
2023-07-13,00:00:00,1955.93,1963.49,1952.24,1960.25,21576680,3,Thursday,,
2023-07-14,00:00:00,1959.83,1963.59,1950.88,1954.75,20771100,4,Friday,,
2023-07-17,00:00:00,1954.05,1959.74,1945.64,1954.9,18604590,0,Monday,-0.7,-0.03581
2023-07-18,00:00:00,1953.55,1984.19,1953.55,1977.96,29682650,1,Tuesday,,
2023-07-19,00:00:00,1978.38,1980.78,1969.64,1976.3,19876090,2,Wednesday,,
2023-07-20,00:00:00,1976.55,1987.38,1965.2,1969.09,21636650,3,Thursday,,
2023-07-21,00:00:00,1969.21,1973.7,1956.68,1961.43,18312420,4,Friday,,
2023-07-24,00:00:00,1961.5,1967.72,1953.34,1954.3,19780500,0,Monday,0.07,0.00357
2023-07-25,00:00:00,1954.29,1965.55,1951.9,1964.46,22212740,1,Tuesday,,
2023-07-26,00:00:00,1964.4,1978.12,1961.94,1971.21,22589640,2,Wednesday,,
2023-07-27,00:00:00,1971.0,1982.09,1942.53,1943.51,26343890,3,Thursday,,
2023-07-28,00:00:00,1945.71,1963.37,1945.32,1958.46,31699530,4,Friday,,
2023-07-31,00:00:00,1958.61,1972.3,1950.65,1964.72,18712680,0,Monday,0.15,0.00766
2023-08-01,00:00:00,1965.19,1965.88,1941.12,1943.5,17371440,1,Tuesday,,
2023-08-02,00:00:00,1949.61,1954.67,1932.88,1934.29,20180200,2,Wednesday,,
2023-08-03,00:00:00,1933.61,1938.82,1929.42,1933.78,20230420,3,Thursday,,
2023-08-04,00:00:00,1933.64,1946.8,1924.9,1942.57,19534550,4,Friday,,
2023-08-07,00:00:00,1942.1,1946.61,1931.37,1935.72,14150060,0,Monday,-0.47,-0.02419
2023-08-08,00:00:00,1936.52,1937.94,1922.65,1925.07,17993240,1,Tuesday,,
2023-08-09,00:00:00,1924.58,1932.26,1913.51,1913.52,13361960,2,Wednesday,,
2023-08-10,00:00:00,1914.65,1929.99,1911.75,1911.75,18116200,3,Thursday,,
2023-08-11,00:00:00,1912.11,1920.82,1910.69,1913.38,15415100,4,Friday,,
2023-08-14,00:00:00,1912.26,1916.13,1902.6,1906.82,13737810,0,Monday,-1.12,-0.05854
2023-08-15,00:00:00,1907.09,1911.53,1896.21,1901.5,22035950,1,Tuesday,,
2023-08-16,00:00:00,1900.91,1907.1,1891.15,1891.15,18732270,2,Wednesday,,
2023-08-17,00:00:00,1891.6,1903.38,1884.92,1888.42,19702690,3,Thursday,,
2023-08-18,00:00:00,1889.08,1896.68,1886.67,1889.26,14205540,4,Friday,,
2023-08-21,00:00:00,1889.34,1898.66,1884.76,1894.5,15946580,0,Monday,0.08,0.00423
2023-08-22,00:00:00,1894.55,1904.4,1889.02,1896.98,14587710,1,Tuesday,,
2023-08-23,00:00:00,1897.11,1920.28,1897.11,1914.44,16759660,2,Wednesday,,
2023-08-24,00:00:00,1914.5,1923.22,1911.65,1916.5,14601970,3,Thursday,,
2023-08-25,00:00:00,1916.2,1922.27,1903.7,1914.78,16563840,4,Friday,,
2023-08-28,00:00:00,1915.55,1925.95,1912.67,1918.38,15530880,0,Monday,0.77,0.04021
2023-08-29,00:00:00,1919.6,1938.1,1914.36,1937.24,16450880,1,Tuesday,,
2023-08-30,00:00:00,1937.09,1948.96,1934.84,1941.86,21055420,2,Wednesday,,
2023-08-31,00:00:00,1942.87,1947.83,1938.86,1939.66,18123910,3,Thursday,,
2023-09-01,00:00:00,1938.9,1952.9,1934.36,1939.24,27675990,4,Friday,,
2023-09-04,00:00:00,1939.95,1946.18,1936.67,1938.22,12362840,0,Monday,0.71,0.03661
2023-09-05,00:00:00,1937.8,1938.9,1925.2,1925.75,14461470,1,Tuesday,,
2023-09-06,00:00:00,1925.37,1929.06,1915.17,1916.42,15147740,2,Wednesday,,
2023-09-07,00:00:00,1916.55,1923.49,1915.94,1919.34,24075890,3,Thursday,,
2023-09-08,00:00:00,1919.01,1929.6,1917.22,1918.26,13016690,4,Friday,,
2023-09-11,00:00:00,1919.87,1930.56,1916.58,1922.05,12894410,0,Monday,1.61,0.08393
2023-09-12,00:00:00,1921.35,1924.39,1907.48,1913.26,14167010,1,Tuesday,,
2023-09-13,00:00:00,1911.69,1915.65,1905.56,1907.92,17546750,2,Wednesday,,
2023-09-14,00:00:00,1908.21,1912.83,1900.9,1910.45,26165470,3,Thursday,,
2023-09-15,00:00:00,1910.07,1930.31,1909.72,1922.74,18676720,4,Friday,,
2023-09-18,00:00:00,1923.41,1934.13,1922.38,1933.54,14183740,0,Monday,0.67,0.03485
2023-09-19,00:00:00,1933.05,1937.28,1929.67,1931.0,10480720,1,Tuesday,,
2023-09-20,00:00:00,1930.79,1947.32,1927.86,1929.76,18630900,2,Wednesday,,
2023-09-21,00:00:00,1930.74,1931.43,1913.81,1919.57,14741010,3,Thursday,,
2023-09-22,00:00:00,1919.19,1929.02,1919.04,1924.82,10836220,4,Friday,,
2023-09-25,00:00:00,1924.34,1927.12,1915.05,1915.59,15888730,0,Monday,-0.48,-0.02494
2023-09-26,00:00:00,1915.92,1916.71,1899.01,1900.45,13133240,1,Tuesday,,
2023-09-27,00:00:00,1900.34,1903.83,1872.44,1874.34,17630150,2,Wednesday,,
2023-09-28,00:00:00,1874.85,1879.48,1857.57,1863.96,21358100,3,Thursday,,
2023-09-29,00:00:00,1864.98,1879.77,1846.2,1848.1,17104920,4,Friday,,
2023-10-02,00:00:00,1847.27,1848.84,1827.07,1827.85,17402350,0,Monday,-0.83,-0.04491
2023-10-03,00:00:00,1828.27,1833.2,1815.24,1822.56,21661200,1,Tuesday,,
2023-10-04,00:00:00,1822.25,1830.45,1816.47,1820.9,19501880,2,Wednesday,,
2023-10-05,00:00:00,1821.1,1829.11,1812.92,1819.99,16750440,3,Thursday,,
2023-10-06,00:00:00,1820.08,1834.72,1810.29,1832.7,20165700,4,Friday,,
2023-10-09,00:00:00,1847.4,1863.39,1844.13,1860.88,18940850,0,Monday,14.7,0.8021
2023-10-10,00:00:00,1861.1,1865.32,1852.89,1860.05,16968730,1,Tuesday,,
2023-10-11,00:00:00,1859.5,1877.11,1858.54,1873.95,20517260,2,Wednesday,,
2023-10-12,00:00:00,1874.13,1884.88,1867.83,1868.49,19729940,3,Thursday,,
2023-10-13,00:00:00,1868.71,1932.88,1868.71,1932.74,28099030,4,Friday,,
2023-10-16,00:00:00,1928.0,1929.36,1908.09,1919.14,21546330,0,Monday,-4.74,-0.24525
2023-10-17,00:00:00,1919.14,1931.41,1912.32,1922.8,23299870,1,Tuesday,,
2023-10-18,00:00:00,1922.49,1962.55,1922.29,1947.32,23584970,2,Wednesday,,
2023-10-19,00:00:00,1947.58,1977.58,1945.13,1974.05,25478960,3,Thursday,,
2023-10-20,00:00:00,1974.42,1997.13,1971.9,1980.65,27113370,4,Friday,,
2023-10-23,00:00:00,1967.11,1982.72,1964.28,1971.85,21467240,0,Monday,-13.54,-0.68361
2023-10-24,00:00:00,1972.58,1980.73,1953.4,1970.6,20973480,1,Tuesday,,
2023-10-25,00:00:00,1971.27,1987.12,1962.85,1979.1,23084810,2,Wednesday,,
2023-10-26,00:00:00,1978.88,1993.38,1971.65,1984.45,23408120,3,Thursday,,
2023-10-27,00:00:00,1984.49,2009.39,1976.76,2005.65,23066470,4,Friday,,
2023-10-30,00:00:00,2004.13,2006.68,1990.84,1995.73,27802940,0,Monday,-1.52,-0.07579
2023-10-31,00:00:00,1995.02,2007.73,1978.73,1983.5,24844830,1,Tuesday,,
2023-11-01,00:00:00,1982.78,1991.9,1969.82,1982.25,24505300,2,Wednesday,,
2023-11-02,00:00:00,1983.53,1990.93,1978.78,1985.48,17821410,3,Thursday,,
2023-11-03,00:00:00,1984.76,2003.97,1983.15,1992.06,23359670,4,Friday,,
2023-11-06,00:00:00,1991.7,1992.95,1977.23,1977.6,13681770,0,Monday,-0.36,-0.01807
2023-11-07,00:00:00,1977.2,1978.17,1956.6,1969.03,19970020,1,Tuesday,,
2023-11-08,00:00:00,1968.27,1970.95,1947.33,1949.85,17232400,2,Wednesday,,
2023-11-09,00:00:00,1948.96,1965.5,1944.58,1958.3,20662520,3,Thursday,,
2023-11-10,00:00:00,1958.1,1960.69,1932.87,1938.15,17672180,4,Friday,,
2023-11-13,00:00:00,1938.16,1949.12,1931.52,1945.95,19155510,0,Monday,0.01,0.00052
2023-11-14,00:00:00,1945.57,1970.84,1937.98,1963.18,19177470,1,Tuesday,,
2023-11-15,00:00:00,1962.09,1975.15,1955.33,1959.05,19650700,2,Wednesday,,
2023-11-16,00:00:00,1959.11,1987.85,1956.37,1981.0,19890640,3,Thursday,,
2023-11-17,00:00:00,1980.23,1993.34,1978.48,1980.4,18017730,4,Friday,,
2023-11-20,00:00:00,1977.7,1985.09,1965.36,1977.77,19257910,0,Monday,-2.7,-0.13634
2023-11-21,00:00:00,1977.65,2007.47,1977.64,1998.1,24879170,1,Tuesday,,
2023-11-22,00:00:00,1998.6,2006.32,1986.81,1989.55,23829350,2,Wednesday,,
2023-11-23,00:00:00,1988.41,1998.41,1988.41,1992.56,11005330,3,Thursday,,
2023-11-24,00:00:00,1991.7,2003.52,1991.34,2000.51,15770170,4,Friday,,
2023-11-27,00:00:00,2000.99,2018.09,2000.4,2013.85,20310740,0,Monday,0.48,0.02399
2023-11-28,00:00:00,2013.19,2042.91,2011.48,2040.6,21352800,1,Tuesday,,
2023-11-29,00:00:00,2040.88,2051.86,2035.2,2044.0,27235390,2,Wednesday,,
2023-11-30,00:00:00,2045.09,2047.12,2031.26,2036.1,21602120,3,Thursday,,
2023-12-01,00:00:00,2036.22,2075.26,2033.81,2071.67,27147610,4,Friday,,
2023-12-04,00:00:00,2072.53,2145.14,2019.92,2028.96,47067630,0,Monday,0.86,0.04151
2023-12-05,00:00:00,2029.15,2041.15,2009.86,2019.05,30773050,1,Tuesday,,
2023-12-06,00:00:00,2018.58,2035.79,2017.1,2025.22,23531420,2,Wednesday,,
2023-12-07,00:00:00,2025.55,2039.78,2020.08,2028.42,26329750,3,Thursday,,
2023-12-08,00:00:00,2028.03,2033.87,1994.56,2004.42,31592480,4,Friday,,
2023-12-11,00:00:00,2002.79,2007.7,1975.72,1981.62,21620210,0,Monday,-1.63,-0.08132
2023-12-12,00:00:00,1981.95,1996.63,1977.12,1979.32,22205920,1,Tuesday,,
2023-12-13,00:00:00,1979.65,2027.65,1972.93,2027.38,27414030,2,Wednesday,,
2023-12-14,00:00:00,2025.94,2047.78,2023.8,2036.26,36753230,3,Thursday,,
2023-12-15,00:00:00,2036.36,2044.82,2015.52,2019.48,28007290,4,Friday,,
2023-12-18,00:00:00,2018.9,2033.62,2015.88,2026.98,20888790,0,Monday,-0.58,-0.02872
2023-12-19,00:00:00,2026.83,2046.9,2021.61,2040.11,20860100,1,Tuesday,,
2023-12-20,00:00:00,2039.55,2043.38,2027.26,2031.73,19830560,2,Wednesday,,
2023-12-21,00:00:00,2031.7,2045.9,2031.46,2045.85,33682200,3,Thursday,,
2023-12-22,00:00:00,2048.41,2070.53,2046.61,2052.91,51822890,4,Friday,,
2023-12-26,00:00:00,2053.03,2068.95,2052.89,2067.64,19409660,1,Tuesday,,
2023-12-27,00:00:00,2067.29,2084.34,2061.39,2077.49,18869220,2,Wednesday,,
2023-12-28,00:00:00,2076.8,2088.36,2064.45,2065.13,32505830,3,Thursday,,
2023-12-29,00:00:00,2065.7,2074.64,2058.11,2062.69,33486760,4,Friday,,
2024-01-02,00:00:00,2062.6,2078.82,2055.82,2058.61,28431600,1,Tuesday,,
2024-01-03,00:00:00,2058.02,2065.84,2030.52,2041.19,28982460,2,Wednesday,,
2024-01-04,00:00:00,2041.89,2050.86,2036.15,2043.12,21027450,3,Thursday,,
2024-01-05,00:00:00,2043.22,2063.84,2024.26,2045.36,32530750,4,Friday,,
2024-01-08,00:00:00,2044.38,2046.53,2016.6,2027.84,26465290,0,Monday,-0.98,-0.04791
2024-01-09,00:00:00,2028.05,2041.9,2026.02,2029.88,29843640,1,Tuesday,,
2024-01-10,00:00:00,2029.41,2040.13,2020.39,2024.11,25348640,2,Wednesday,,
2024-01-11,00:00:00,2023.99,2043.86,2013.22,2028.69,38022880,3,Thursday,,
2024-01-12,00:00:00,2027.71,2062.14,2027.71,2048.68,32256910,4,Friday,,
2024-01-15,00:00:00,2048.5,2058.51,2045.67,2054.51,17709590,0,Monday,-0.18,-0.00879
2024-01-16,00:00:00,2053.91,2055.49,2024.16,2028.15,36085830,1,Tuesday,,
2024-01-17,00:00:00,2026.9,2032.82,2001.76,2005.94,34486410,2,Wednesday,,
2024-01-18,00:00:00,2005.2,2023.13,2004.9,2022.84,23371390,3,Thursday,,
2024-01-19,00:00:00,2023.79,2039.28,2020.33,2029.38,25702130,4,Friday,,
2024-01-22,00:00:00,2029.71,2032.01,2016.45,2021.11,25856510,0,Monday,0.33,0.01626
2024-01-23,00:00:00,2021.04,2037.81,2019.52,2029.02,25464300,1,Tuesday,,
2024-01-24,00:00:00,2028.28,2036.58,2011.11,2014.21,28481890,2,Wednesday,,
2024-01-25,00:00:00,2013.77,2025.17,2009.45,2020.51,28207890,3,Thursday,,
2024-01-26,00:00:00,2019.85,2026.71,2015.85,2017.91,20329840,4,Friday,,
2024-01-29,00:00:00,2024.21,2037.46,2019.19,2032.95,22508560,0,Monday,6.3,0.3122
2024-01-30,00:00:00,2032.86,2048.45,2028.93,2036.49,26683640,1,Tuesday,,
2024-01-31,00:00:00,2036.95,2055.88,2031.0,2039.11,32713790,2,Wednesday,,
2024-02-01,00:00:00,2039.63,2065.35,2029.9,2054.55,35147840,3,Thursday,,
2024-02-02,00:00:00,2053.79,2057.55,2027.63,2039.28,31701620,4,Friday,,
2024-02-05,00:00:00,2040.05,2042.03,2014.84,2025.01,21242460,0,Monday,0.77,0.03776
2024-02-06,00:00:00,2024.29,2038.79,2022.8,2035.37,20107320,1,Tuesday,,
2024-02-07,00:00:00,2035.22,2044.46,2030.51,2034.81,24585780,2,Wednesday,,
2024-02-08,00:00:00,2034.51,2038.63,2020.1,2033.79,23303850,3,Thursday,,
2024-02-09,00:00:00,2033.88,2037.06,2020.19,2024.15,22220050,4,Friday,,
2024-02-12,00:00:00,2023.49,2027.51,2011.8,2019.88,19594960,0,Monday,-0.66,-0.03261
2024-02-13,00:00:00,2019.19,2032.85,1989.98,1992.86,19672690,1,Tuesday,,
2024-02-14,00:00:00,1992.4,1996.03,1984.09,1992.11,18210150,2,Wednesday,,
2024-02-15,00:00:00,1991.39,2008.17,1990.17,2004.11,20214610,3,Thursday,,
2024-02-16,00:00:00,2003.6,2015.1,1994.98,2013.06,21653590,4,Friday,,
2024-02-19,00:00:00,2014.6,2022.89,2009.93,2017.78,14520810,0,Monday,1.54,0.0765
2024-02-20,00:00:00,2017.5,2030.77,2014.94,2024.1,18044140,1,Tuesday,,
2024-02-21,00:00:00,2023.59,2032.19,2019.91,2025.89,20154540,2,Wednesday,,
2024-02-22,00:00:00,2025.1,2034.71,2019.56,2024.51,23348640,3,Thursday,,
2024-02-23,00:00:00,2023.62,2041.29,2015.95,2035.21,23283700,4,Friday,,
2024-02-26,00:00:00,2034.3,2036.96,2024.97,2030.88,21715990,0,Monday,-0.91,-0.04471
2024-02-27,00:00:00,2030.4,2039.38,2028.72,2029.96,20439870,1,Tuesday,,
2024-02-28,00:00:00,2029.7,2037.81,2024.36,2034.09,18209980,2,Wednesday,,
2024-02-29,00:00:00,2034.23,2050.61,2028.02,2043.86,23125180,3,Thursday,,
2024-03-01,00:00:00,2043.17,2088.22,2038.91,2082.39,32552930,4,Friday,,
2024-03-04,00:00:00,2081.84,2119.8,2079.31,2114.3,35460330,0,Monday,-0.55,-0.02641
2024-03-05,00:00:00,2114.45,2141.75,2110.38,2127.76,38887030,1,Tuesday,,
2024-03-06,00:00:00,2127.19,2152.09,2123.61,2147.97,42179560,2,Wednesday,,
2024-03-07,00:00:00,2147.95,2164.64,2144.05,2159.72,39683650,3,Thursday,,
2024-03-08,00:00:00,2159.1,2195.09,2153.89,2178.97,47474710,4,Friday,,
2024-03-11,00:00:00,2179.01,2188.93,2174.7,2182.09,30259570,0,Monday,0.04,0.00184
2024-03-12,00:00:00,2182.01,2184.63,2150.45,2158.05,38233490,1,Tuesday,,
2024-03-13,00:00:00,2157.54,2179.74,2155.66,2174.07,41920350,2,Wednesday,,
2024-03-14,00:00:00,2173.57,2176.85,2152.66,2161.76,31596400,3,Thursday,,
2024-03-15,00:00:00,2161.34,2172.61,2155.11,2155.63,24297860,4,Friday,,
2024-03-18,00:00:00,2155.39,2163.45,2145.99,2159.99,32146520,0,Monday,-0.24,-0.01113
2024-03-19,00:00:00,2159.7,2162.74,2147.05,2156.99,26403790,1,Tuesday,,
2024-03-20,00:00:00,2157.3,2188.74,2149.47,2185.86,28749700,2,Wednesday,,
2024-03-21,00:00:00,2186.26,2222.88,2166.26,2180.82,43146650,3,Thursday,,
2024-03-22,00:00:00,2181.28,2185.97,2157.03,2165.05,32809060,4,Friday,,
2024-03-25,00:00:00,2165.47,2181.2,2163.45,2171.24,25003800,0,Monday,0.42,0.0194
2024-03-26,00:00:00,2171.2,2199.99,2167.46,2178.51,34429320,1,Tuesday,,
2024-03-27,00:00:00,2178.07,2197.51,2173.28,2194.34,25978700,2,Wednesday,,
2024-03-28,00:00:00,2194.0,2236.01,2187.22,2232.7,38441150,3,Thursday,,
2024-04-01,00:00:00,2238.43,2265.59,2228.39,2251.59,34208010,0,Monday,5.73,0.25664
2024-04-02,00:00:00,2251.27,2280.95,2246.59,2280.14,47832330,1,Tuesday,,
2024-04-03,00:00:00,2280.36,2301.03,2265.41,2299.76,57744770,2,Wednesday,,
2024-04-04,00:00:00,2299.03,2305.43,2279.69,2290.61,36039150,3,Thursday,,
2024-04-05,00:00:00,2290.13,2330.34,2267.61,2328.2,60668220,4,Friday,,
2024-04-08,00:00:00,2323.13,2353.84,2302.76,2338.84,65420730,0,Monday,-5.07,-0.21776
2024-04-09,00:00:00,2338.68,2365.18,2336.8,2352.68,58430700,1,Tuesday,,
2024-04-10,00:00:00,2352.31,2360.07,2319.26,2333.45,63891920,2,Wednesday,,
2024-04-11,00:00:00,2333.41,2377.55,2325.66,2371.7,50851980,3,Thursday,,
2024-04-12,00:00:00,2371.5,2431.39,2333.76,2343.28,72819320,4,Friday,,
2024-04-15,00:00:00,2352.1,2387.45,2323.86,2382.84,76456150,0,Monday,8.82,0.3764
2024-04-16,00:00:00,2382.24,2398.13,2362.84,2382.34,89225830,1,Tuesday,,
2024-04-17,00:00:00,2381.72,2395.45,2354.43,2360.39,52272100,2,Wednesday,,
2024-04-18,00:00:00,2361.67,2392.62,2361.38,2379.05,58352680,3,Thursday,,
2024-04-19,00:00:00,2377.9,2417.74,2372.8,2390.3,72882890,4,Friday,,
2024-04-22,00:00:00,2387.64,2388.43,2324.55,2326.39,50316470,0,Monday,-2.66,-0.11128
2024-04-23,00:00:00,2326.82,2334.3,2291.26,2321.53,82152370,1,Tuesday,,
2024-04-24,00:00:00,2321.5,2337.13,2311.64,2315.72,63428750,2,Wednesday,,
2024-04-25,00:00:00,2314.66,2344.71,2304.9,2331.74,67447930,3,Thursday,,
2024-04-26,00:00:00,2331.68,2352.42,2326.16,2337.24,52090690,4,Friday,,
2024-04-29,00:00:00,2336.07,2346.59,2319.73,2335.09,51952870,0,Monday,-1.17,-0.05006
2024-04-30,00:00:00,2334.65,2336.22,2284.97,2285.49,33556200,1,Tuesday,,
2024-05-01,00:00:00,2285.97,2328.22,2281.51,2318.11,61163860,2,Wednesday,,
2024-05-02,00:00:00,2319.3,2326.32,2285.36,2303.3,52830160,3,Thursday,,
2024-05-03,00:00:00,2303.09,2320.55,2277.16,2301.18,56408450,4,Friday,,
2024-05-06,00:00:00,2304.66,2331.99,2291.64,2323.53,58979610,0,Monday,3.48,0.15123
2024-05-07,00:00:00,2323.43,2329.79,2309.82,2313.8,41916350,1,Tuesday,,
2024-05-08,00:00:00,2313.78,2321.34,2303.55,2308.16,28019840,2,Wednesday,,
2024-05-09,00:00:00,2308.03,2347.09,2306.61,2345.99,53062580,3,Thursday,,
2024-05-10,00:00:00,2345.39,2378.36,2342.97,2360.18,52465970,4,Friday,,
2024-05-13,00:00:00,2362.89,2364.36,2331.99,2336.55,44252280,0,Monday,2.71,0.11482
2024-05-14,00:00:00,2334.93,2359.56,2334.7,2357.72,50935960,1,Tuesday,,
2024-05-15,00:00:00,2357.04,2390.19,2351.74,2385.43,61535160,2,Wednesday,,
2024-05-16,00:00:00,2386.07,2397.28,2370.84,2376.46,51152160,3,Thursday,,
2024-05-17,00:00:00,2376.1,2422.57,2373.79,2414.53,50640120,4,Friday,,
2024-05-20,00:00:00,2417.1,2449.99,2407.14,2425.68,65545230,0,Monday,2.57,0.10644
2024-05-21,00:00:00,2425.7,2433.84,2406.16,2420.36,59744560,1,Tuesday,,
2024-05-22,00:00:00,2421.03,2426.34,2374.86,2377.74,79515210,2,Wednesday,,
2024-05-23,00:00:00,2379.01,2383.61,2326.85,2328.38,74781130,3,Thursday,,
2024-05-24,00:00:00,2327.81,2347.32,2325.26,2333.41,38854850,4,Friday,,
2024-05-27,00:00:00,2336.36,2358.39,2332.13,2350.75,38949110,0,Monday,2.95,0.12642
2024-05-28,00:00:00,2351.1,2363.97,2340.16,2361.01,44286770,1,Tuesday,,
2024-05-29,00:00:00,2360.18,2362.11,2334.44,2337.76,44288680,2,Wednesday,,
2024-05-30,00:00:00,2337.1,2351.7,2322.46,2342.88,54711040,3,Thursday,,
2024-05-31,00:00:00,2344.7,2359.6,2320.39,2326.99,56535150,4,Friday,,
2024-06-03,00:00:00,2327.43,2354.57,2314.64,2350.41,63611360,0,Monday,0.44,0.01891
2024-06-04,00:00:00,2350.49,2352.64,2315.51,2326.68,64996140,1,Tuesday,,
2024-06-05,00:00:00,2325.92,2357.28,2325.78,2354.97,54647600,2,Wednesday,,
2024-06-06,00:00:00,2355.1,2378.41,2353.3,2375.38,54899700,3,Thursday,,
2024-06-07,00:00:00,2374.97,2387.59,2286.63,2293.41,71878080,4,Friday,,
2024-06-10,00:00:00,2294.41,2313.66,2287.66,2310.64,40884310,0,Monday,1.0,0.0436
2024-06-11,00:00:00,2311.95,2319.86,2297.59,2316.51,49497240,1,Tuesday,,
2024-06-12,00:00:00,2316.41,2341.49,2310.58,2324.68,72525230,2,Wednesday,,
2024-06-13,00:00:00,2324.3,2326.49,2295.39,2303.91,70407150,3,Thursday,,
2024-06-14,00:00:00,2303.03,2336.57,2301.41,2332.18,56617890,4,Friday,,
2024-06-17,00:00:00,2331.1,2332.49,2309.89,2318.88,42801170,0,Monday,-1.08,-0.04631
2024-06-18,00:00:00,2318.1,2333.01,2306.47,2329.16,46360820,1,Tuesday,,
2024-06-19,00:00:00,2328.59,2334.87,2323.98,2327.7,26059390,2,Wednesday,,
2024-06-20,00:00:00,2327.86,2365.38,2327.63,2359.7,49984310,3,Thursday,,
2024-06-21,00:00:00,2359.3,2368.56,2316.59,2321.76,53356310,4,Friday,,
2024-06-24,00:00:00,2322.78,2334.59,2317.57,2333.7,50280550,0,Monday,1.02,0.04393
2024-06-25,00:00:00,2333.2,2337.02,2315.41,2319.24,53693970,1,Tuesday,,
2024-06-26,00:00:00,2319.57,2323.74,2293.46,2298.03,53874130,2,Wednesday,,
2024-06-27,00:00:00,2298.1,2330.82,2296.43,2327.7,50998210,3,Thursday,,
2024-06-28,00:00:00,2327.11,2339.64,2318.91,2326.28,53057780,4,Friday,,
2024-07-01,00:00:00,2326.32,2338.39,2318.39,2331.49,47742310,0,Monday,0.04,0.00172
2024-07-02,00:00:00,2330.85,2336.67,2318.95,2329.34,46829490,1,Tuesday,,
2024-07-03,00:00:00,2329.1,2364.8,2326.68,2355.76,48858620,2,Wednesday,,
2024-07-04,00:00:00,2356.93,2362.39,2350.36,2356.55,25965120,3,Thursday,,
2024-07-05,00:00:00,2356.61,2392.82,2347.51,2390.7,53746080,4,Friday,,
2024-07-08,00:00:00,2385.5,2390.93,2350.91,2358.63,50636770,0,Monday,-5.2,-0.21751
2024-07-09,00:00:00,2358.34,2371.36,2349.45,2363.74,44278230,1,Tuesday,,
2024-07-10,00:00:00,2363.09,2386.55,2362.09,2370.99,42705320,2,Wednesday,,
2024-07-11,00:00:00,2371.03,2424.39,2370.24,2414.65,68747730,3,Thursday,,
2024-07-12,00:00:00,2415.3,2418.13,2391.32,2410.53,54676230,4,Friday,,
2024-07-15,00:00:00,2412.45,2439.63,2401.22,2422.16,57587110,0,Monday,1.92,0.07965
2024-07-16,00:00:00,2421.52,2469.57,2419.84,2468.36,63107390,1,Tuesday,,
2024-07-17,00:00:00,2467.95,2483.55,2451.43,2458.64,68111190,2,Wednesday,,
2024-07-18,00:00:00,2458.16,2474.8,2440.2,2444.91,61150350,3,Thursday,,
2024-07-19,00:00:00,2444.64,2445.7,2393.68,2400.49,54657950,4,Friday,,
2024-07-22,00:00:00,2401.3,2412.03,2383.72,2396.05,54831000,0,Monday,0.81,0.03374
2024-07-23,00:00:00,2395.66,2411.91,2388.14,2409.09,62990950,1,Tuesday,,
2024-07-24,00:00:00,2408.65,2431.95,2396.59,2397.01,58521560,2,Wednesday,,
2024-07-25,00:00:00,2397.01,2401.05,2353.01,2364.18,76194700,3,Thursday,,
2024-07-26,00:00:00,2363.57,2390.66,2355.73,2386.76,47071640,4,Friday,,
2024-07-29,00:00:00,2387.64,2402.99,2369.52,2383.5,55582010,0,Monday,0.88,0.03687
2024-07-30,00:00:00,2383.2,2412.7,2376.36,2410.38,57536130,1,Tuesday,,
2024-07-31,00:00:00,2409.9,2450.85,2403.76,2447.09,66866570,2,Wednesday,,
2024-08-01,00:00:00,2448.5,2462.13,2430.07,2446.07,84049310,3,Thursday,,
2024-08-02,00:00:00,2445.67,2477.49,2410.66,2443.05,85590040,4,Friday,,
2024-08-05,00:00:00,2443.97,2458.66,2364.16,2410.01,123821190,0,Monday,0.92,0.03766
2024-08-06,00:00:00,2409.3,2418.22,2381.51,2389.85,82459680,1,Tuesday,,
2024-08-07,00:00:00,2390.57,2406.86,2378.87,2382.49,95818970,2,Wednesday,,
2024-08-08,00:00:00,2383.52,2427.55,2380.86,2427.07,72551330,3,Thursday,,
2024-08-09,00:00:00,2426.84,2436.88,2416.82,2430.93,60795060,4,Friday,,
2024-08-12,00:00:00,2430.3,2473.09,2423.7,2472.39,53230100,0,Monday,-0.63,-0.02592
2024-08-13,00:00:00,2470.41,2476.84,2458.36,2464.86,55576600,1,Tuesday,,
2024-08-14,00:00:00,2466.5,2479.72,2438.0,2447.63,55547130,2,Wednesday,,
2024-08-15,00:00:00,2446.96,2469.95,2432.01,2456.55,58667600,3,Thursday,,
2024-08-16,00:00:00,2456.39,2509.64,2450.57,2506.84,61775930,4,Friday,,
2024-08-19,00:00:00,2508.3,2510.0,2485.51,2503.89,59236220,0,Monday,1.46,0.05824
2024-08-20,00:00:00,2503.28,2531.56,2497.24,2513.61,68014580,1,Tuesday,,
2024-08-21,00:00:00,2512.97,2519.8,2493.7,2512.05,51229780,2,Wednesday,,
2024-08-22,00:00:00,2511.7,2514.55,2470.7,2484.47,51258080,3,Thursday,,
2024-08-23,00:00:00,2484.18,2518.2,2484.18,2512.24,62529630,4,Friday,,
2024-08-26,00:00:00,2511.28,2526.71,2508.59,2517.84,67936990,0,Monday,-0.96,-0.03821
2024-08-27,00:00:00,2517.44,2525.82,2503.32,2524.36,58971090,1,Tuesday,,
2024-08-28,00:00:00,2524.61,2528.89,2493.51,2504.32,56071890,2,Wednesday,,
2024-08-29,00:00:00,2503.86,2528.56,2503.51,2521.09,52782770,3,Thursday,,
2024-08-30,00:00:00,2520.43,2526.72,2494.05,2502.93,50634270,4,Friday,,
2024-09-02,00:00:00,2502.43,2507.13,2489.91,2499.23,27624270,0,Monday,-0.5,-0.01998
2024-09-03,00:00:00,2499.1,2506.16,2473.24,2492.66,48584290,1,Tuesday,,
2024-09-04,00:00:00,2492.49,2500.14,2471.72,2495.28,55754220,2,Wednesday,,
2024-09-05,00:00:00,2494.72,2523.45,2493.66,2516.47,51368330,3,Thursday,,
2024-09-06,00:00:00,2516.05,2529.13,2485.01,2497.03,63028180,4,Friday,,
2024-09-09,00:00:00,2497.1,2507.09,2485.41,2506.11,57273670,0,Monday,0.07,0.0028
2024-09-10,00:00:00,2505.9,2518.3,2500.02,2516.41,49312430,1,Tuesday,,
2024-09-11,00:00:00,2515.98,2528.89,2500.82,2511.55,74622330,2,Wednesday,,
2024-09-12,00:00:00,2511.01,2559.98,2510.89,2558.49,64380750,3,Thursday,,
2024-09-13,00:00:00,2557.7,2585.97,2556.54,2577.61,76496430,4,Friday,,
2024-09-16,00:00:00,2578.72,2589.51,2575.11,2582.24,54534220,0,Monday,1.11,0.04306
2024-09-17,00:00:00,2581.74,2586.84,2560.98,2569.16,55038640,1,Tuesday,,
2024-09-18,00:00:00,2568.7,2599.99,2546.64,2558.66,72500230,2,Wednesday,,
2024-09-19,00:00:00,2558.64,2594.78,2551.01,2586.64,73527910,3,Thursday,,
2024-09-20,00:00:00,2585.85,2625.57,2584.65,2621.5,81270690,4,Friday,,
2024-09-23,00:00:00,2620.91,2634.72,2613.68,2628.41,69490390,0,Monday,-0.59,-0.02251
2024-09-24,00:00:00,2628.05,2664.2,2622.47,2656.8,79596300,1,Tuesday,,
2024-09-25,00:00:00,2657.11,2670.35,2649.72,2656.95,64644910,2,Wednesday,,
2024-09-26,00:00:00,2656.47,2685.41,2654.68,2671.96,78361780,3,Thursday,,
2024-09-27,00:00:00,2671.27,2674.13,2643.11,2657.95,96611800,4,Friday,,
2024-09-30,00:00:00,2657.93,2665.86,2624.54,2634.2,77098860,0,Monday,-0.02,-0.00075
2024-10-01,00:00:00,2633.9,2672.91,2632.18,2663.01,59370940,1,Tuesday,,
2024-10-02,00:00:00,2662.44,2663.19,2640.95,2658.34,50757420,2,Wednesday,,
2024-10-03,00:00:00,2658.03,2662.78,2636.26,2655.72,46042950,3,Thursday,,
2024-10-04,00:00:00,2654.88,2670.07,2632.07,2653.55,53761620,4,Friday,,
2024-10-07,00:00:00,2650.38,2659.47,2637.69,2642.63,47805620,0,Monday,-3.17,-0.11946
2024-10-08,00:00:00,2641.97,2652.89,2604.57,2621.39,76440510,1,Tuesday,,
2024-10-09,00:00:00,2620.64,2624.16,2605.05,2607.47,49453740,2,Wednesday,,
2024-10-10,00:00:00,2606.83,2631.43,2601.73,2629.59,72228340,3,Thursday,,
2024-10-11,00:00:00,2629.1,2661.26,2627.99,2656.84,50343310,4,Friday,,
2024-10-14,00:00:00,2656.3,2666.7,2643.06,2648.42,41407950,0,Monday,-0.54,-0.02032
2024-10-15,00:00:00,2646.91,2668.8,2637.95,2662.34,58973200,1,Tuesday,,
2024-10-16,00:00:00,2662.1,2685.3,2658.56,2673.43,50131550,2,Wednesday,,
2024-10-17,00:00:00,2673.01,2696.61,2672.91,2692.68,60861760,3,Thursday,,
2024-10-18,00:00:00,2692.0,2722.41,2691.66,2721.11,67066950,4,Friday,,
2024-10-21,00:00:00,2720.1,2740.42,2714.16,2719.12,71889010,0,Monday,-1.01,-0.03712
2024-10-22,00:00:00,2720.05,2748.78,2718.8,2748.53,58448120,1,Tuesday,,
2024-10-23,00:00:00,2748.16,2758.34,2708.64,2715.01,77415210,2,Wednesday,,
2024-10-24,00:00:00,2715.04,2743.18,2714.76,2735.88,65493100,3,Thursday,,
2024-10-25,00:00:00,2735.32,2747.64,2716.89,2746.63,59584860,4,Friday,,
2024-10-28,00:00:00,2735.7,2745.79,2724.55,2742.05,65214240,0,Monday,-10.93,-0.39794
2024-10-29,00:00:00,2741.68,2774.72,2739.61,2774.43,65553380,1,Tuesday,,
2024-10-30,00:00:00,2773.9,2789.93,2770.8,2787.2,66365140,2,Wednesday,,
2024-10-31,00:00:00,2788.01,2790.01,2731.41,2743.76,79727160,3,Thursday,,
2024-11-01,00:00:00,2743.95,2762.05,2733.09,2735.89,81253020,4,Friday,,
2024-11-04,00:00:00,2733.3,2748.01,2730.0,2736.22,55455600,0,Monday,-2.59,-0.09467
2024-11-05,00:00:00,2735.7,2749.88,2724.7,2743.69,59165770,1,Tuesday,,
2024-11-06,00:00:00,2742.9,2749.61,2652.3,2658.89,113181710,2,Wednesday,,
2024-11-07,00:00:00,2658.7,2710.24,2643.13,2705.99,85444280,3,Thursday,,
2024-11-08,00:00:00,2705.79,2710.24,2680.22,2684.03,80907130,4,Friday,,
2024-11-11,00:00:00,2683.9,2686.03,2610.51,2619.38,88136440,0,Monday,-0.13,-0.00484
2024-11-12,00:00:00,2618.62,2627.01,2589.51,2597.89,63212020,1,Tuesday,,
2024-11-13,00:00:00,2597.63,2618.63,2572.13,2572.2,76551380,2,Wednesday,,
2024-11-14,00:00:00,2572.24,2581.2,2536.66,2564.14,101908620,3,Thursday,,
2024-11-15,00:00:00,2563.9,2575.91,2554.34,2562.72,88865130,4,Friday,,
2024-11-18,00:00:00,2564.26,2614.95,2563.84,2611.61,69654230,0,Monday,1.54,0.06009
2024-11-19,00:00:00,2611.5,2639.32,2610.2,2632.11,76415910,1,Tuesday,,
2024-11-20,00:00:00,2631.97,2655.28,2618.7,2650.14,66234400,2,Wednesday,,
2024-11-21,00:00:00,2649.51,2673.39,2648.76,2669.53,64202020,3,Thursday,,
2024-11-22,00:00:00,2668.7,2716.16,2667.91,2715.8,94902290,4,Friday,,
2024-11-25,00:00:00,2713.38,2721.18,2615.45,2624.64,87044530,0,Monday,-2.42,-0.08911
2024-11-26,00:00:00,2624.22,2641.77,2605.09,2632.78,84367840,1,Tuesday,,
2024-11-27,00:00:00,2631.86,2658.1,2626.93,2635.78,77609500,2,Wednesday,,
2024-11-28,00:00:00,2636.3,2649.52,2620.82,2637.22,47066390,3,Thursday,,
2024-11-29,00:00:00,2637.51,2666.2,2633.93,2649.95,57632980,4,Friday,,
2024-12-02,00:00:00,2653.07,2653.11,2622.0,2638.55,73703340,0,Monday,3.12,0.11774
2024-12-03,00:00:00,2638.7,2655.53,2633.97,2643.22,82393010,1,Tuesday,,
2024-12-04,00:00:00,2642.62,2657.0,2632.32,2649.32,72914610,2,Wednesday,,
2024-12-05,00:00:00,2649.12,2655.45,2623.39,2631.66,77465210,3,Thursday,,
2024-12-06,00:00:00,2631.5,2645.53,2612.59,2632.66,63847970,4,Friday,,
2024-12-09,00:00:00,2646.52,2676.26,2627.45,2659.35,71085910,0,Monday,13.86,0.52646
2024-12-10,00:00:00,2660.5,2695.38,2657.8,2693.51,63182060,1,Tuesday,,
2024-12-11,00:00:00,2693.7,2721.01,2674.34,2717.39,109228610,2,Wednesday,,
2024-12-12,00:00:00,2717.14,2726.11,2675.05,2680.59,97899660,3,Thursday,,
2024-12-13,00:00:00,2679.78,2692.59,2645.95,2647.39,84427150,4,Friday,,
2024-12-16,00:00:00,2649.1,2664.25,2643.37,2652.59,66685520,0,Monday,1.71,0.06459
2024-12-17,00:00:00,2651.9,2658.47,2632.8,2645.57,71293260,1,Tuesday,,
2024-12-18,00:00:00,2645.36,2651.53,2583.5,2584.57,112537900,2,Wednesday,,
2024-12-19,00:00:00,2583.74,2626.32,2582.26,2593.59,92487670,3,Thursday,,
2024-12-20,00:00:00,2593.5,2631.7,2589.47,2622.43,69115750,4,Friday,,
2024-12-23,00:00:00,2623.7,2633.14,2608.05,2611.64,68630950,0,Monday,1.27,0.04843
2024-12-24,00:00:00,2613.1,2621.2,2609.93,2616.35,41640780,1,Tuesday,,
2024-12-26,00:00:00,2619.2,2638.97,2614.25,2632.7,45096070,3,Thursday,,
2024-12-27,00:00:00,2632.45,2638.11,2611.28,2621.35,53993140,4,Friday,,
2024-12-30,00:00:00,2620.15,2627.99,2595.91,2605.7,74523980,0,Monday,-1.2,-0.04578
2024-12-31,00:00:00,2605.45,2627.36,2602.47,2624.26,47453270,1,Tuesday,,
2025-01-02,00:00:00,2625.1,2660.38,2621.47,2657.2,65824810,3,Thursday,,
2025-01-03,00:00:00,2657.25,2665.18,2636.63,2639.9,64904910,4,Friday,,
2025-01-06,00:00:00,2639.3,2649.3,2614.36,2635.99,73058270,0,Monday,-0.6,-0.02273
2025-01-07,00:00:00,2635.62,2664.1,2632.78,2648.18,59158450,1,Tuesday,,
2025-01-08,00:00:00,2647.97,2669.84,2645.09,2661.11,68034170,2,Wednesday,,
2025-01-09,00:00:00,2660.86,2678.39,2655.3,2669.53,61433300,3,Thursday,,
2025-01-10,00:00:00,2670.26,2697.71,2663.2,2689.76,93161980,4,Friday,,
2025-01-13,00:00:00,2690.16,2693.24,2656.61,2662.47,85029170,0,Monday,0.4,0.01487
2025-01-14,00:00:00,2662.63,2677.99,2659.64,2676.88,68580590,1,Tuesday,,
2025-01-15,00:00:00,2677.47,2697.34,2669.32,2695.72,69739940,2,Wednesday,,
2025-01-16,00:00:00,2697.35,2724.57,2689.72,2713.74,78431480,3,Thursday,,
2025-01-17,00:00:00,2714.07,2717.38,2698.45,2702.64,60017660,4,Friday,,
2025-01-20,00:00:00,2701.11,2713.66,2689.31,2707.25,43033180,0,Monday,-1.53,-0.05661
2025-01-21,00:00:00,2706.05,2745.85,2702.74,2744.01,57498510,1,Tuesday,,
2025-01-22,00:00:00,2743.81,2763.2,2741.7,2755.76,49390350,2,Wednesday,,
2025-01-23,00:00:00,2755.49,2758.66,2735.66,2754.14,67432440,3,Thursday,,
2025-01-24,00:00:00,2753.95,2785.82,2753.18,2769.8,63175460,4,Friday,,
2025-01-27,00:00:00,2770.3,2772.41,2730.53,2739.76,57874830,0,Monday,0.5,0.01805
2025-01-28,00:00:00,2739.76,2764.88,2734.74,2763.01,52918690,1,Tuesday,,
2025-01-29,00:00:00,2762.45,2765.99,2745.0,2758.61,67255970,2,Wednesday,,
2025-01-30,00:00:00,2758.59,2798.3,2757.35,2793.47,73038490,3,Thursday,,
2025-01-31,00:00:00,2793.15,2816.93,2790.89,2798.09,75416260,4,Friday,,
2025-02-03,00:00:00,2793.99,2830.3,2771.89,2813.93,76392830,0,Monday,-4.1,-0.14653
2025-02-04,00:00:00,2812.25,2845.34,2806.93,2841.24,60425370,1,Tuesday,,
2025-02-05,00:00:00,2840.76,2882.22,2839.34,2866.24,48417480,2,Wednesday,,
2025-02-06,00:00:00,2865.99,2873.09,2833.95,2855.95,53391000,3,Thursday,,
2025-02-07,00:00:00,2855.3,2886.61,2852.09,2860.14,50235310,4,Friday,,
2025-02-10,00:00:00,2858.07,2911.66,2854.45,2907.36,58914890,0,Monday,-2.07,-0.07237
2025-02-11,00:00:00,2906.97,2942.66,2881.64,2897.32,58782570,1,Tuesday,,
2025-02-12,00:00:00,2896.58,2909.03,2863.68,2903.97,50846660,2,Wednesday,,
2025-02-13,00:00:00,2903.49,2929.39,2900.22,2927.3,45018210,3,Thursday,,
2025-02-14,00:00:00,2926.74,2939.93,2876.8,2882.09,54788350,4,Friday,,
2025-02-17,00:00:00,2881.74,2906.22,2878.01,2898.28,34899110,0,Monday,-0.35,-0.01214
2025-02-18,00:00:00,2898.55,2936.82,2891.78,2934.57,53765660,1,Tuesday,,
2025-02-19,00:00:00,2934.25,2946.86,2918.36,2932.99,51299510,2,Wednesday,,
2025-02-20,00:00:00,2932.54,2954.76,2923.95,2938.99,38740780,3,Thursday,,
2025-02-21,00:00:00,2938.16,2949.55,2916.61,2934.95,48245280,4,Friday,,
2025-02-24,00:00:00,2934.82,2956.03,2921.05,2952.72,61695670,0,Monday,-0.13,-0.00443
2025-02-25,00:00:00,2952.32,2953.35,2888.09,2914.35,61235970,1,Tuesday,,
2025-02-26,00:00:00,2913.97,2929.99,2890.59,2916.03,50062550,2,Wednesday,,
2025-02-27,00:00:00,2915.88,2920.61,2867.57,2876.49,60141350,3,Thursday,,
2025-02-28,00:00:00,2876.3,2884.93,2832.45,2857.0,60724640,4,Friday,,
2025-03-03,00:00:00,2855.2,2894.99,2855.07,2892.15,49054920,0,Monday,-1.8,-0.063
2025-03-04,00:00:00,2891.78,2927.72,2881.65,2916.63,55682570,1,Tuesday,,
2025-03-05,00:00:00,2917.16,2929.75,2894.14,2918.74,80595520,2,Wednesday,,
2025-03-06,00:00:00,2918.26,2926.43,2890.82,2910.8,54177650,3,Thursday,,
2025-03-07,00:00:00,2910.9,2930.18,2895.7,2909.36,45013340,4,Friday,,
2025-03-10,00:00:00,2910.91,2918.13,2879.93,2888.32,74477270,0,Monday,1.55,0.05328
2025-03-11,00:00:00,2888.1,2922.05,2879.94,2915.63,51164950,1,Tuesday,,
2025-03-12,00:00:00,2915.0,2940.35,2905.76,2932.93,53171370,2,Wednesday,,
2025-03-13,00:00:00,2933.7,2989.16,2932.77,2988.07,57499540,3,Thursday,,
2025-03-14,00:00:00,2988.7,3004.72,2978.09,2983.8,58688340,4,Friday,,
2025-03-17,00:00:00,2984.28,3001.76,2981.97,3000.43,48761150,0,Monday,0.48,0.01609
2025-03-18,00:00:00,3000.1,3038.06,2999.26,3034.07,55309070,1,Tuesday,,
2025-03-19,00:00:00,3033.34,3051.76,3022.32,3045.95,47540320,2,Wednesday,,
2025-03-20,00:00:00,3047.65,3057.24,3025.43,3044.72,55373160,3,Thursday,,
2025-03-21,00:00:00,3043.93,3047.26,2999.27,3022.7,49439000,4,Friday,,
2025-03-24,00:00:00,3020.16,3033.14,3002.14,3011.43,50643690,0,Monday,-2.54,-0.08403
2025-03-25,00:00:00,3011.41,3035.91,3007.32,3019.68,44063440,1,Tuesday,,
2025-03-26,00:00:00,3018.74,3031.95,3012.13,3018.68,42568400,2,Wednesday,,
2025-03-27,00:00:00,3018.67,3059.52,3017.3,3055.51,46932230,3,Thursday,,
2025-03-28,00:00:00,3055.5,3086.72,3053.88,3083.9,46188750,4,Friday,,
2025-03-31,00:00:00,3086.5,3127.82,3076.49,3122.91,48247130,0,Monday,2.6,0.08431
2025-04-01,00:00:00,3122.3,3148.84,3100.66,3113.03,51552300,1,Tuesday,,
2025-04-02,00:00:00,3112.9,3141.28,3104.18,3130.75,38698480,2,Wednesday,,
2025-04-03,00:00:00,3142.05,3167.55,3053.93,3114.59,65639190,3,Thursday,,
2025-04-04,00:00:00,3114.0,3136.43,3015.34,3038.0,65150720,4,Friday,,
2025-04-07,00:00:00,3006.76,3055.18,2956.13,2982.97,83092010,0,Monday,-31.24,-1.02831
2025-04-08,00:00:00,2980.95,3022.49,2974.57,2982.47,47362700,1,Tuesday,,
2025-04-09,00:00:00,2982.45,3099.47,2969.61,3082.24,69640490,2,Wednesday,,
2025-04-10,00:00:00,3080.8,3176.26,3070.93,3175.03,56229440,3,Thursday,,
2025-04-11,00:00:00,3174.49,3245.03,3174.45,3236.38,54756450,4,Friday,,
2025-04-14,00:00:00,3229.16,3245.51,3193.32,3210.26,43590240,0,Monday,-7.22,-0.22309
2025-04-15,00:00:00,3210.55,3233.43,3209.68,3229.86,26555140,1,Tuesday,,
2025-04-16,00:00:00,3230.88,3343.18,3229.74,3342.64,52828450,2,Wednesday,,
2025-04-17,00:00:00,3342.51,3357.45,3283.34,3326.93,39216260,3,Thursday,,
2025-04-21,00:00:00,3331.84,3430.36,3327.99,3422.89,40909880,0,Monday,4.91,0.14758
2025-04-22,00:00:00,3423.82,3499.91,3366.53,3380.07,49014520,1,Tuesday,,
2025-04-23,00:00:00,3349.51,3386.38,3259.49,3287.8,52709020,2,Wednesday,,
2025-04-24,00:00:00,3288.86,3367.01,3288.03,3348.36,43512020,3,Thursday,,
2025-04-25,00:00:00,3350.89,3370.07,3264.78,3318.63,42171640,4,Friday,,
2025-04-28,00:00:00,3324.26,3352.84,3267.76,3343.51,37566680,0,Monday,5.63,0.16965
2025-04-29,00:00:00,3343.74,3348.14,3299.32,3316.59,31897570,1,Tuesday,,
2025-04-30,00:00:00,3316.18,3327.86,3266.88,3288.26,51613410,2,Wednesday,,
2025-05-01,00:00:00,3287.43,3289.78,3201.68,3238.38,53527500,3,Thursday,,
2025-05-02,00:00:00,3238.39,3268.8,3222.39,3239.41,39229710,4,Friday,,
2025-05-05,00:00:00,3239.2,3337.39,3236.74,3332.61,39590110,0,Monday,-0.21,-0.00648
2025-05-06,00:00:00,3335.89,3434.68,3321.11,3431.11,73272960,1,Tuesday,,
2025-05-07,00:00:00,3437.66,3437.66,3359.74,3363.97,54022860,2,Wednesday,,
2025-05-08,00:00:00,3365.55,3414.7,3288.45,3305.51,61668440,3,Thursday,,
2025-05-09,00:00:00,3304.03,3347.36,3274.3,3323.34,50850470,4,Friday,,
2025-05-12,00:00:00,3271.8,3292.68,3207.49,3235.22,52389790,0,Monday,-51.54,-1.55085
2025-05-13,00:00:00,3236.2,3265.41,3215.53,3250.32,38474390,1,Tuesday,,
2025-05-14,00:00:00,3249.28,3256.68,3167.55,3176.91,53189400,2,Wednesday,,
2025-05-15,00:00:00,3178.14,3240.3,3120.2,3239.63,55957170,3,Thursday,,
2025-05-16,00:00:00,3239.86,3251.8,3153.47,3202.47,56338950,4,Friday,,
2025-05-19,00:00:00,3218.45,3249.51,3205.78,3229.2,41729060,0,Monday,15.98,0.49899
2025-05-20,00:00:00,3229.34,3295.47,3204.2,3289.78,45511480,1,Tuesday,,
2025-05-21,00:00:00,3290.14,3324.75,3285.11,3314.68,46333640,2,Wednesday,,
2025-05-22,00:00:00,3319.35,3345.2,3278.79,3294.43,49363230,3,Thursday,,
2025-05-23,00:00:00,3294.3,3365.8,3286.76,3356.57,45628270,4,Friday,,
2025-05-26,00:00:00,3355.7,3356.6,3323.3,3341.64,24266200,0,Monday,-0.87,-0.02592
2025-05-27,00:00:00,3342.5,3349.75,3284.16,3300.45,34094970,1,Tuesday,,
2025-05-28,00:00:00,3300.3,3325.32,3276.07,3286.72,36348510,2,Wednesday,,
2025-05-29,00:00:00,3288.15,3330.78,3245.2,3317.78,47784040,3,Thursday,,
2025-05-30,00:00:00,3317.18,3322.45,3271.09,3288.86,41455270,4,Friday,,
2025-06-02,00:00:00,3298.38,3382.7,3295.21,3381.22,46958870,0,Monday,9.52,0.28946
2025-06-03,00:00:00,3382.9,3391.93,3332.57,3352.89,44861750,1,Tuesday,,
2025-06-04,00:00:00,3353.51,3384.49,3343.45,3372.45,44692240,2,Wednesday,,
2025-06-05,00:00:00,3374.24,3403.18,3339.05,3352.28,42713780,3,Thursday,,
2025-06-06,00:00:00,3353.74,3375.35,3306.91,3309.63,44727670,4,Friday,,
2025-06-09,00:00:00,3311.39,3338.07,3293.2,3325.22,40198650,0,Monday,1.76,0.05318
2025-06-10,00:00:00,3325.13,3348.89,3301.7,3323.3,41214790,1,Tuesday,,
2025-06-11,00:00:00,3322.3,3360.41,3315.24,3355.01,34280630,2,Wednesday,,
2025-06-12,00:00:00,3356.91,3398.74,3338.39,3385.63,43558640,3,Thursday,,
2025-06-13,00:00:00,3385.51,3446.65,3379.38,3431.86,61690600,4,Friday,,
2025-06-16,00:00:00,3451.07,3451.09,3382.53,3383.49,34409880,0,Monday,19.21,0.55975
2025-06-17,00:00:00,3386.82,3403.1,3365.84,3387.39,34740070,1,Tuesday,,
2025-06-18,00:00:00,3389.7,3399.84,3362.36,3368.84,38219590,2,Wednesday,,
2025-06-19,00:00:00,3369.45,3387.8,3347.26,3370.07,29465470,3,Thursday,,
2025-06-20,00:00:00,3368.41,3374.26,3340.18,3368.01,25963160,4,Friday,,
2025-06-23,00:00:00,3390.7,3396.65,3346.68,3367.95,31438780,0,Monday,22.69,0.67369
2025-06-24,00:00:00,3367.3,3369.55,3295.1,3322.63,34655200,1,Tuesday,,
2025-06-25,00:00:00,3323.72,3336.85,3311.7,3332.09,22921850,2,Wednesday,,
2025-06-26,00:00:00,3334.24,3350.03,3309.7,3327.7,31657310,3,Thursday,,
2025-06-27,00:00:00,3327.36,3327.7,3255.49,3273.34,33099560,4,Friday,,
2025-06-30,00:00:00,3272.14,3309.35,3244.93,3302.16,36880340,0,Monday,-1.2,-0.03666
2025-07-01,00:00:00,3302.9,3357.86,3301.96,3337.53,39583110,1,Tuesday,,
2025-07-02,00:00:00,3338.7,3359.82,3327.28,3357.2,28381240,2,Wednesday,,
2025-07-03,00:00:00,3356.7,3365.45,3311.22,3326.09,32127690,3,Thursday,,
2025-07-04,00:00:00,3325.0,3344.91,3323.34,3336.25,20536840,4,Friday,,
2025-07-07,00:00:00,3334.01,3342.35,3296.2,3336.55,45532120,0,Monday,-2.24,-0.06714
2025-07-08,00:00:00,3338.5,3345.55,3286.91,3300.7,37226820,1,Tuesday,,
2025-07-09,00:00:00,3301.1,3316.6,3282.43,3313.45,35805170,2,Wednesday,,
2025-07-10,00:00:00,3312.95,3330.09,3309.91,3323.51,32196110,3,Thursday,,
2025-07-11,00:00:00,3322.93,3368.56,3321.59,3354.72,48122340,4,Friday,,
2025-07-14,00:00:00,3362.95,3374.8,3340.76,3342.78,29110280,0,Monday,8.23,0.24533
2025-07-15,00:00:00,3342.8,3366.15,3320.05,3323.14,28610460,1,Tuesday,,
2025-07-16,00:00:00,3324.09,3377.18,3319.5,3346.05,43439510,2,Wednesday,,
2025-07-17,00:00:00,3347.3,3352.03,3309.57,3338.36,29592120,3,Thursday,,
2025-07-18,00:00:00,3340.72,3361.03,3331.64,3349.66,26049460,4,Friday,,
2025-07-21,00:00:00,3349.9,3401.34,3344.8,3396.53,34051440,0,Monday,0.24,0.00716
2025-07-22,00:00:00,3396.89,3433.28,3383.11,3430.86,33731240,1,Tuesday,,
2025-07-23,00:00:00,3431.61,3438.66,3381.22,3386.61,42623590,2,Wednesday,,
2025-07-24,00:00:00,3387.7,3393.16,3351.17,3367.91,41656710,3,Thursday,,
2025-07-25,00:00:00,3367.7,3373.3,3324.8,3335.57,33913680,4,Friday,,
2025-07-28,00:00:00,3316.94,3345.14,3301.47,3312.07,30146130,0,Monday,-18.63,-0.55853
2025-07-29,00:00:00,3314.26,3333.91,3307.82,3325.57,28324080,1,Tuesday,,
2025-07-30,00:00:00,3326.5,3333.82,3267.95,3274.78,45538950,2,Wednesday,,
2025-07-31,00:00:00,3275.3,3314.7,3273.51,3289.28,40136570,3,Thursday,,
2025-08-01,00:00:00,3289.66,3363.43,3281.43,3362.43,42856070,4,Friday,,
2025-08-04,00:00:00,3364.7,3385.2,3344.75,3372.59,32374910,0,Monday,2.27,0.06751
2025-08-05,00:00:00,3374.1,3390.29,3349.64,3380.01,33138700,1,Tuesday,,
2025-08-06,00:00:00,3380.34,3385.1,3358.01,3368.43,28046600,2,Wednesday,,
2025-08-07,00:00:00,3368.49,3401.8,3364.89,3396.72,77189450,3,Thursday,,
2025-08-08,00:00:00,3404.16,3408.68,3373.29,3398.58,175265920,4,Friday,,
2025-08-11,00:00:00,3397.3,3404.8,3340.81,3341.14,66540030,0,Monday,-1.28,-0.03766
2025-08-12,00:00:00,3342.3,3359.2,3330.9,3347.78,44692610,1,Tuesday,,
2025-08-13,00:00:00,3347.5,3370.51,3342.44,3355.16,33800600,2,Wednesday,,
2025-08-14,00:00:00,3355.9,3374.55,3329.64,3334.91,40932210,3,Thursday,,
2025-08-15,00:00:00,3335.5,3348.59,3331.95,3334.64,25219360,4,Friday,,
2025-08-18,00:00:00,3336.01,3358.22,3323.34,3331.82,33998670,0,Monday,1.37,0.04108
2025-08-19,00:00:00,3333.1,3345.16,3314.78,3316.03,30252530,1,Tuesday,,
2025-08-20,00:00:00,3315.47,3350.2,3311.26,3347.34,31558590,2,Wednesday,,
2025-08-21,00:00:00,3349.1,3351.93,3324.95,3338.93,23834630,3,Thursday,,
2025-08-22,00:00:00,3338.41,3378.59,3321.05,3371.24,32941340,4,Friday,,
2025-08-25,00:00:00,3370.84,3376.14,3359.49,3365.61,18267150,0,Monday,-0.4,-0.01187
2025-08-26,00:00:00,3365.14,3393.49,3351.18,3393.47,33616440,1,Tuesday,,
2025-08-27,00:00:00,3392.65,3398.57,3373.66,3396.49,29586140,2,Wednesday,,
2025-08-28,00:00:00,3397.84,3423.07,3384.45,3415.8,36673050,3,Thursday,,
2025-08-29,00:00:00,3416.97,3453.57,3404.18,3446.8,45793780,4,Friday,,
2025-09-01,00:00:00,3445.65,3489.59,3436.55,3476.22,37815110,0,Monday,-1.15,-0.03336
2025-09-02,00:00:00,3476.51,3539.85,3469.8,3532.41,64421110,1,Tuesday,,
2025-09-03,00:00:00,3532.7,3578.18,3525.85,3558.47,49898690,2,Wednesday,,
2025-09-04,00:00:00,3560.45,3564.0,3510.43,3544.64,44679450,3,Thursday,,
2025-09-05,00:00:00,3545.93,3599.91,3539.72,3585.2,48572260,4,Friday,,
2025-09-08,00:00:00,3582.1,3646.11,3577.7,3633.89,47248800,0,Monday,-3.1,-0.08647
2025-09-09,00:00:00,3635.61,3673.64,3623.99,3623.99,46879010,1,Tuesday,,
2025-09-10,00:00:00,3619.64,3657.24,3618.51,3639.8,31992230,2,Wednesday,,
2025-09-11,00:00:00,3641.1,3648.89,3611.47,3632.49,38928460,3,Thursday,,
2025-09-12,00:00:00,3632.95,3656.43,3630.3,3642.64,29637390,4,Friday,,
2025-09-15,00:00:00,3643.61,3685.34,3626.15,3677.22,32313750,0,Monday,0.97,0.02663
2025-09-16,00:00:00,3679.7,3702.83,3674.45,3689.36,42874630,1,Tuesday,,
2025-09-17,00:00:00,3689.1,3707.31,3645.76,3659.01,48428440,2,Wednesday,,
2025-09-18,00:00:00,3659.28,3672.78,3627.47,3643.41,40146080,3,Thursday,,
2025-09-19,00:00:00,3643.68,3685.09,3631.94,3684.49,37443200,4,Friday,,
2025-09-22,00:00:00,3686.7,3748.53,3683.36,3745.84,38322570,0,Monday,2.21,0.05998
2025-09-23,00:00:00,3745.7,3790.86,3736.45,3762.99,48053840,1,Tuesday,,
2025-09-24,00:00:00,3764.7,3779.0,3717.35,3735.8,43950070,2,Wednesday,,
2025-09-25,00:00:00,3735.89,3761.43,3721.91,3748.41,46537590,3,Thursday,,
2025-09-26,00:00:00,3749.5,3783.59,3734.28,3759.01,43784690,4,Friday,,
2025-09-29,00:00:00,3756.05,3834.01,3755.9,3832.93,45793100,0,Monday,-2.96,-0.07874
2025-09-30,00:00:00,3833.03,3871.51,3792.88,3857.36,52170170,1,Tuesday,,
2025-10-01,00:00:00,3858.9,3895.14,3853.05,3865.41,42569850,2,Wednesday,,
2025-10-02,00:00:00,3865.74,3896.96,3819.09,3855.55,43834550,3,Thursday,,
2025-10-03,00:00:00,3855.63,3891.47,3837.78,3886.82,41217670,4,Friday,,
2025-10-06,00:00:00,3887.95,3969.93,3883.25,3959.01,47810550,0,Monday,1.13,0.02907
2025-10-07,00:00:00,3958.7,3990.84,3940.68,3984.18,51891340,1,Tuesday,,
2025-10-08,00:00:00,3984.3,4059.1,3982.75,4040.74,48579410,2,Wednesday,,
2025-10-09,00:00:00,4042.41,4057.76,3943.79,3976.28,66894800,3,Thursday,,
2025-10-10,00:00:00,3974.93,4022.75,3946.68,4017.84,63001590,4,Friday,,
2025-10-13,00:00:00,4000.53,4117.01,4000.53,4109.1,51991570,0,Monday,-17.31,-0.43083
2025-10-14,00:00:00,4110.23,4179.35,4089.8,4140.93,69128540,1,Tuesday,,
2025-10-15,00:00:00,4141.95,4217.99,4140.06,4206.57,60725070,2,Wednesday,,
2025-10-16,00:00:00,4208.4,4330.47,4199.28,4327.19,64126890,3,Thursday,,
2025-10-17,00:00:00,4330.97,4379.13,4185.43,4250.85,97241250,4,Friday,,
2025-10-20,00:00:00,4237.63,4381.3,4218.51,4355.69,68959460,0,Monday,-13.22,-0.311
2025-10-21,00:00:00,4354.7,4375.25,4078.26,4124.35,85834060,1,Tuesday,,
2025-10-22,00:00:00,4124.52,4161.16,4003.3,4098.06,88776540,2,Wednesday,,
2025-10-23,00:00:00,4094.61,4154.44,4065.41,4125.19,57893790,3,Thursday,,
2025-10-24,00:00:00,4127.1,4144.15,4043.62,4111.56,49909370,4,Friday,,
2025-10-27,00:00:00,4064.05,4108.6,3971.07,3981.09,69222390,0,Monday,-47.51,-1.15552
2025-10-28,00:00:00,3983.91,4019.41,3886.2,3951.95,52930290,1,Tuesday,,
2025-10-29,00:00:00,3952.6,4029.95,3914.55,3928.43,55939520,2,Wednesday,,
2025-10-30,00:00:00,3921.72,4026.95,3915.07,4024.3,63511600,3,Thursday,,
2025-10-31,00:00:00,4036.22,4039.14,3971.97,4001.51,50570890,4,Friday,,
2025-11-03,00:00:00,3983.5,4030.39,3962.32,4001.07,55958110,0,Monday,-18.01,-0.45008
2025-11-04,00:00:00,4000.9,4005.2,3928.47,3931.64,46832410,1,Tuesday,,
2025-11-05,00:00:00,3932.76,3990.24,3929.65,3979.76,33247870,2,Wednesday,,
2025-11-06,00:00:00,3975.45,4019.28,3964.36,3976.53,44249770,3,Thursday,,
2025-11-07,00:00:00,3988.91,4027.22,3983.86,4000.29,34328160,4,Friday,,
2025-11-10,00:00:00,3997.9,4116.4,3996.7,4115.61,37488770,0,Monday,-2.39,-0.05975
2025-11-11,00:00:00,4113.1,4148.76,4096.85,4125.49,35705670,1,Tuesday,,
2025-11-12,00:00:00,4125.5,4211.49,4098.66,4194.6,54874700,2,Wednesday,,
2025-11-13,00:00:00,4194.27,4244.93,4144.97,4170.86,70146460,3,Thursday,,
2025-11-14,00:00:00,4168.41,4211.02,4031.95,4082.02,61822350,4,Friday,,
2025-11-17,00:00:00,4084.9,4106.3,4006.74,4044.51,46620780,0,Monday,2.88,0.07055
2025-11-18,00:00:00,4042.5,4082.28,3997.66,4066.61,51090810,1,Tuesday,,
2025-11-19,00:00:00,4067.85,4132.68,4055.25,4075.84,47179130,2,Wednesday,,
2025-11-20,00:00:00,4077.26,4109.81,4038.61,4076.51,63880530,3,Thursday,,
2025-11-21,00:00:00,4074.5,4100.84,4022.07,4064.28,64766370,4,Friday,,
2025-11-24,00:00:00,4070.1,4139.64,4039.95,4134.72,52246210,0,Monday,5.82,0.1432
2025-11-25,00:00:00,4131.38,4159.05,4109.41,4130.51,55031330,1,Tuesday,,
2025-11-26,00:00:00,4131.1,4173.15,4129.57,4162.56,38195620,2,Wednesday,,
2025-11-27,00:00:00,4164.16,4168.4,4142.43,4157.45,24504190,3,Thursday,,
2025-11-28,00:00:00,4156.82,4226.73,4150.07,4218.96,34802660,4,Friday,,
2025-12-01,00:00:00,4222.3,4264.39,4204.35,4231.26,57808140,0,Monday,3.34,0.07917
2025-12-02,00:00:00,4231.2,4235.85,4163.46,4205.69,41164500,1,Tuesday,,
2025-12-03,00:00:00,4207.0,4241.23,4194.4,4202.41,48838850,2,Wednesday,,
2025-12-04,00:00:00,4202.9,4219.26,4175.01,4207.41,44109070,3,Thursday,,
2025-12-05,00:00:00,4206.9,4259.1,4191.81,4197.4,49972870,4,Friday,,
2025-12-08,00:00:00,4199.61,4218.76,4176.0,4189.89,36224000,0,Monday,2.21,0.05265
2025-12-09,00:00:00,4189.3,4221.35,4169.85,4207.07,45579040,1,Tuesday,,
2025-12-10,00:00:00,4207.23,4238.44,4181.56,4227.65,47914580,2,Wednesday,,
2025-12-11,00:00:00,4228.45,4285.7,4203.9,4279.4,45480050,3,Thursday,,
2025-12-12,00:00:00,4278.9,4353.32,4256.85,4298.7,58755420,4,Friday,,
2025-12-15,00:00:00,4299.3,4349.99,4285.06,4303.99,46910760,0,Monday,0.6,0.01396
2025-12-16,00:00:00,4304.9,4334.94,4271.13,4301.05,47866550,1,Tuesday,,
2025-12-17,00:00:00,4302.1,4348.68,4300.85,4337.34,46354010,2,Wednesday,,
2025-12-18,00:00:00,4339.53,4374.4,4308.28,4330.63,54857020,3,Thursday,,
2025-12-19,00:00:00,4331.7,4356.36,4308.72,4338.67,39483790,4,Friday,,
2025-12-22,00:00:00,4338.9,4448.94,4336.64,4442.81,44462810,0,Monday,0.23,0.0053
2025-12-23,00:00:00,4446.1,4499.67,4429.98,4483.94,54257730,1,Tuesday,,
2025-12-24,00:00:00,4486.3,4525.77,4447.9,4479.03,52147230,2,Wednesday,,
2025-12-26,00:00:00,4490.05,4549.72,4482.65,4532.36,84581490,4,Friday,,
2025-12-29,00:00:00,4538.7,4549.3,4300.7,4331.48,81307190,0,Monday,6.34,0.13988
2025-12-30,00:00:00,4332.5,4404.0,4322.97,4338.03,74848060,1,Tuesday,,
2025-12-31,00:00:00,4340.1,4372.9,4273.81,4318.68,66596140,2,Wednesday,,
2026-01-02,00:00:00,4323.7,4401.93,4309.62,4331.57,45070680,4,Friday,,
2026-01-05,00:00:00,4360.88,4455.43,4344.43,4448.35,61299160,0,Monday,29.31,0.67666
2026-01-06,00:00:00,4446.61,4497.05,4427.73,4493.19,70463980,1,Tuesday,,
2026-01-07,00:00:00,4494.3,4500.35,4423.14,4455.64,57160130,2,Wednesday,,
2026-01-08,00:00:00,4457.5,4479.4,4407.48,4477.56,56246470,3,Thursday,,
2026-01-09,00:00:00,4478.7,4483.55,4472.52,4475.48,739950,4,Friday,,
