"Ticket";"Symbol";"Type";"Open time";"Open price";"Size";"Close time";"Close price";"Profit/Loss";"Balance";"Sample type";"Close type";"MAE ($)";"MFE ($)";"Time in trade";"Comment"
"1";"AUDJPY_DukasM1_the5ers";"Buy";"2003.12.26 00:00:00";"79.509";"0.28";"2003.12.26 22:00:00";"79.632";"21.12";"10021.12";"IS";"Exit After X Bars";"-36.07";"36.25";"22h 0m";""
"2";"AUDJPY_DukasM1_the5ers";"Buy";"2003.12.31 01:00:00";"79.997";"0.25";"2003.12.31 23:00:00";"80.635";"103.05";"10124.17";"IS";"Exit After X Bars";"-28.61";"137.98";"22h 0m";""
"3";"AUDJPY_DukasM1_the5ers";"Buy";"2004.01.01 00:00:00";"80.513";"0.21";"2004.01.01 22:00:00";"80.361";"-21.92";"10102.25";"IS";"Exit After X Bars";"-56.71";"39.96";"22h 0m";""
"4";"AUDJPY_DukasM1_the5ers";"Buy";"2004.01.08 00:00:00";"81.513";"0.24";"2004.01.08 22:00:00";"82.185";"104.26";"10206.51";"IS";"Exit After X Bars";"-57.60";"129.63";"22h 0m";""
"5";"AUDJPY_DukasM1_the5ers";"Buy";"2004.01.19 01:00:00";"81.352";"0.22";"2004.01.19 02:54:00";"80.655";"-101.37";"10105.14";"IS";"SL";"-100.27";"10.50";"1h 54m";""
"6";"AUDJPY_DukasM1_the5ers";"Buy";"2004.03.15 01:00:00";"80.829";"0.13";"2004.03.15 23:00:00";"81.260";"35.99";"10141.13";"IS";"Exit After X Bars";"-30.94";"62.57";"22h 0m";""
"7";"AUDJPY_DukasM1_the5ers";"Buy";"2004.03.29 01:00:00";"78.401";"0.17";"2004.03.29 23:00:00";"78.806";"44.17";"10185.30";"IS";"Exit After X Bars";"-4.34";"62.48";"22h 0m";""
"8";"AUDJPY_DukasM1_the5ers";"Buy";"2004.03.30 00:00:00";"78.785";"0.2";"2004.03.30 23:00:00";"79.541";"97.87";"10283.18";"IS";"Exit After X Bars";"-21.58";"134.71";"23h 0m";""
"9";"AUDJPY_DukasM1_the5ers";"Buy";"2004.04.14 00:00:00";"80.370";"0.21";"2004.04.14 08:24:00";"79.667";"-97.59";"10185.59";"IS";"SL";"-96.54";"30.21";"8h 24m";""
"10";"AUDJPY_DukasM1_the5ers";"Buy";"2004.04.16 01:00:00";"80.081";"0.17";"2004.04.16 23:00:00";"80.119";"3.37";"10188.96";"IS";"Exit After X Bars";"-27.35";"71.59";"22h 0m";""
"11";"AUDJPY_DukasM1_the5ers";"Buy";"2004.04.22 00:00:00";"79.874";"0.18";"2004.04.22 22:00:00";"80.272";"45.95";"10234.91";"IS";"Exit After X Bars";"-73.80";"58.26";"22h 0m";""
"12";"AUDJPY_DukasM1_the5ers";"Buy";"2004.05.25 00:00:00";"78.692";"0.21";"2004.05.25 22:00:00";"79.151";"61.98";"10296.89";"IS";"Exit After X Bars";"-11.54";"107.94";"22h 0m";""
"13";"AUDJPY_DukasM1_the5ers";"Buy";"2004.06.02 01:00:00";"78.047";"0.2";"2004.06.02 14:26:00";"77.312";"-97.13";"10199.76";"IS";"SL";"-96.13";"54.67";"13h 26m";""
"14";"AUDJPY_DukasM1_the5ers";"Buy";"2004.06.25 00:00:00";"74.942";"0.21";"2004.06.25 22:00:00";"75.299";"47.97";"10247.74";"IS";"Exit After X Bars";"-15.52";"65.78";"22h 0m";""
"15";"AUDJPY_DukasM1_the5ers";"Buy";"2004.06.28 01:00:00";"75.120";"0.23";"2004.06.28 23:00:00";"75.490";"54.50";"10302.24";"IS";"Exit After X Bars";"-31.58";"83.47";"22h 0m";""
"16";"AUDJPY_DukasM1_the5ers";"Buy";"2004.07.05 01:00:00";"77.223";"0.22";"2004.07.05 23:00:00";"77.647";"59.90";"10362.14";"IS";"Exit After X Bars";"-20.86";"82.43";"22h 0m";""
"17";"AUDJPY_DukasM1_the5ers";"Buy";"2004.07.12 01:00:00";"77.969";"0.24";"2004.07.12 23:00:00";"78.728";"117.92";"10480.05";"IS";"Exit After X Bars";"-24.17";"142.66";"22h 0m";""
"18";"AUDJPY_DukasM1_the5ers";"Buy";"2004.07.13 00:00:00";"78.729";"0.24";"2004.07.13 22:00:00";"78.849";"17.63";"10497.69";"IS";"Exit After X Bars";"-57.28";"75.49";"22h 0m";""
"19";"AUDJPY_DukasM1_the5ers";"Buy";"2004.07.14 00:00:00";"78.743";"0.22";"2004.07.14 22:00:00";"78.898";"21.20";"10518.89";"IS";"Exit After X Bars";"-44.45";"92.22";"22h 0m";""
"20";"AUDJPY_DukasM1_the5ers";"Buy";"2004.07.21 01:00:00";"78.832";"0.24";"2004.07.21 23:00:00";"78.472";"-57.70";"10461.19";"IS";"Exit After X Bars";"-92.91";"40.02";"22h 0m";""
"21";"AUDJPY_DukasM1_the5ers";"Buy";"2004.07.23 01:00:00";"78.380";"0.23";"2004.07.23 23:00:00";"78.058";"-49.58";"10411.61";"IS";"Exit After X Bars";"-84.98";"26.02";"22h 0m";""
"22";"AUDJPY_DukasM1_the5ers";"Buy";"2004.08.13 00:00:00";"79.230";"0.26";"2004.08.13 22:00:00";"79.293";"9.41";"10421.02";"IS";"Exit After X Bars";"-57.81";"57.81";"22h 0m";""
"23";"AUDJPY_DukasM1_the5ers";"Buy";"2004.08.20 00:00:00";"79.233";"0.23";"2004.08.20 22:00:00";"78.870";"-55.75";"10365.27";"IS";"Exit After X Bars";"-60.61";"13.24";"22h 0m";""
"24";"AUDJPY_DukasM1_the5ers";"Buy";"2004.10.05 00:00:00";"79.935";"0.25";"2004.10.05 22:00:00";"80.451";"83.11";"10448.38";"IS";"Exit After X Bars";"-59.51";"108.06";"22h 0m";""
"25";"AUDJPY_DukasM1_the5ers";"Buy";"2004.10.06 01:00:00";"80.401";"0.25";"2004.10.06 23:00:00";"80.584";"28.67";"10477.05";"IS";"Exit After X Bars";"-52.80";"40.87";"22h 0m";""
"26";"AUDJPY_DukasM1_the5ers";"Buy";"2004.10.07 01:00:00";"80.436";"0.26";"2004.10.07 23:00:00";"80.948";"85.75";"10562.80";"IS";"Exit After X Bars";"-29.41";"94.53";"22h 0m";""
"27";"AUDJPY_DukasM1_the5ers";"Buy";"2004.10.13 00:00:00";"80.009";"0.26";"2004.10.13 12:15:00";"79.434";"-99.06";"10463.73";"IS";"SL";"-97.76";"36.04";"12h 15m";""
"28";"AUDJPY_DukasM1_the5ers";"Buy";"2004.10.15 00:00:00";"79.831";"0.24";"2004.10.15 22:00:00";"79.771";"-10.62";"10453.12";"IS";"Exit After X Bars";"-52.89";"48.02";"22h 0m";""
"29";"AUDJPY_DukasM1_the5ers";"Buy";"2004.11.02 01:00:00";"79.334";"0.25";"2004.11.02 23:00:00";"79.295";"-7.63";"10445.49";"IS";"Exit After X Bars";"-59.51";"15.37";"22h 0m";""
"30";"AUDJPY_DukasM1_the5ers";"Buy";"2004.11.11 01:00:00";"81.181";"0.26";"2004.11.11 23:00:00";"81.474";"48.52";"10494.01";"IS";"Exit After X Bars";"-30.43";"89.09";"22h 0m";""
"31";"AUDJPY_DukasM1_the5ers";"Buy";"2004.11.23 00:00:00";"80.696";"0.28";"2004.11.23 22:00:00";"81.207";"92.16";"10586.17";"IS";"Exit After X Bars";"-64.63";"130.92";"22h 0m";""
"32";"AUDJPY_DukasM1_the5ers";"Buy";"2005.01.04 01:00:00";"79.787";"0.2";"2005.01.04 23:00:00";"79.978";"23.98";"10610.15";"IS";"Exit After X Bars";"-25.37";"72.59";"22h 0m";""
"33";"AUDJPY_DukasM1_the5ers";"Buy";"2005.01.18 01:00:00";"77.131";"0.26";"2005.01.19 01:00:00";"77.034";"-17.72";"10592.43";"IS";"Exit After X Bars";"-30.43";"96.74";"1d 0h 0m";""
"34";"AUDJPY_DukasM1_the5ers";"Buy";"2005.02.11 01:00:00";"82.725";"0.22";"2005.02.11 23:00:00";"83.083";"50.40";"10642.83";"IS";"Exit After X Bars";"-30.36";"65.31";"22h 0m";""
"35";"AUDJPY_DukasM1_the5ers";"Buy";"2005.02.14 01:00:00";"82.839";"0.25";"2005.02.14 06:44:00";"82.230";"-100.81";"10542.02";"IS";"SL";"-99.56";"13.41";"5h 44m";""
"36";"AUDJPY_DukasM1_the5ers";"Buy";"2005.02.25 01:00:00";"82.715";"0.27";"2005.02.25 23:00:00";"82.677";"-8.06";"10533.96";"IS";"Exit After X Bars";"-92.34";"21.01";"22h 0m";""
"37";"AUDJPY_DukasM1_the5ers";"Buy";"2005.03.04 01:00:00";"82.229";"0.28";"2005.03.04 23:00:00";"82.803";"103.70";"10637.66";"IS";"Exit After X Bars";"-6.23";"137.14";"22h 0m";""
"38";"AUDJPY_DukasM1_the5ers";"Buy";"2005.03.09 01:00:00";"83.481";"0.28";"2005.03.09 11:50:00";"82.944";"-99.72";"10537.94";"IS";"SL";"-98.32";"6.96";"10h 50m";""
"39";"AUDJPY_DukasM1_the5ers";"Buy";"2005.03.18 01:00:00";"82.856";"0.29";"2005.03.18 23:00:00";"83.190";"61.89";"10599.83";"IS";"Exit After X Bars";"-40.96";"72.63";"22h 0m";""
"40";"AUDJPY_DukasM1_the5ers";"Buy";"2005.04.05 01:00:00";"83.001";"0.28";"2005.04.05 23:00:00";"83.035";"4.83";"10604.65";"IS";"Exit After X Bars";"-26.73";"68.11";"22h 0m";""
"41";"AUDJPY_DukasM1_the5ers";"Buy";"2005.04.06 01:00:00";"83.087";"0.27";"2005.04.06 08:38:00";"82.537";"-98.46";"10506.19";"IS";"SL";"-97.11";"12.71";"7h 38m";""
"42";"AUDJPY_DukasM1_the5ers";"Buy";"2005.04.07 00:00:00";"83.128";"0.28";"2005.04.07 22:00:00";"83.259";"22.59";"10528.78";"IS";"Exit After X Bars";"-56.94";"50.35";"22h 0m";""
"43";"AUDJPY_DukasM1_the5ers";"Buy";"2005.04.14 00:00:00";"83.477";"0.29";"2005.04.14 22:00:00";"83.406";"-14.91";"10513.87";"IS";"Exit After X Bars";"-51.58";"26.55";"22h 0m";""
"44";"AUDJPY_DukasM1_the5ers";"Buy";"2005.04.21 00:00:00";"82.856";"0.28";"2005.04.21 22:00:00";"82.825";"-7.08";"10506.79";"IS";"Exit After X Bars";"-46.87";"74.70";"22h 0m";""
"45";"AUDJPY_DukasM1_the5ers";"Buy";"2005.04.25 01:00:00";"82.454";"0.23";"2005.04.25 23:00:00";"82.336";"-18.90";"10487.89";"IS";"Exit After X Bars";"-42.56";"40.46";"22h 0m";""
"46";"AUDJPY_DukasM1_the5ers";"Buy";"2005.05.09 01:00:00";"81.308";"0.27";"2005.05.09 23:00:00";"81.495";"31.67";"10519.56";"IS";"Exit After X Bars";"-12.54";"73.27";"22h 0m";""
"47";"AUDJPY_DukasM1_the5ers";"Buy";"2005.05.18 01:00:00";"81.179";"0.26";"2005.05.18 23:00:00";"81.300";"19.27";"10538.83";"IS";"Exit After X Bars";"-45.74";"49.65";"22h 0m";""
"48";"AUDJPY_DukasM1_the5ers";"Buy";"2005.05.25 01:00:00";"81.863";"0.29";"2005.05.25 23:00:00";"82.088";"41.22";"10580.05";"IS";"Exit After X Bars";"-63.34";"63.72";"22h 0m";""
"49";"AUDJPY_DukasM1_the5ers";"Buy";"2005.06.07 01:00:00";"81.738";"0.28";"2005.06.07 23:00:00";"81.900";"28.26";"10608.31";"IS";"Exit After X Bars";"-25.63";"66.46";"22h 0m";""
"50";"AUDJPY_DukasM1_the5ers";"Buy";"2005.06.17 01:00:00";"84.103";"0.27";"2005.06.17 23:00:00";"84.426";"55.68";"10663.99";"IS";"Exit After X Bars";"-16.42";"114.23";"22h 0m";""
"51";"AUDJPY_DukasM1_the5ers";"Buy";"2005.06.21 00:00:00";"84.736";"0.27";"2005.06.21 22:00:00";"84.434";"-54.67";"10609.32";"IS";"Exit After X Bars";"-97.46";"41.49";"22h 0m";""
"52";"AUDJPY_DukasM1_the5ers";"Buy";"2005.06.28 00:00:00";"84.026";"0.25";"2005.06.28 22:00:00";"83.820";"-34.93";"10574.39";"IS";"Exit After X Bars";"-39.24";"83.87";"22h 0m";""
"53";"AUDJPY_DukasM1_the5ers";"Buy";"2005.07.12 00:00:00";"83.506";"0.27";"2005.07.12 22:00:00";"83.877";"64.15";"10638.55";"IS";"Exit After X Bars";"-34.78";"81.04";"22h 0m";""
"54";"AUDJPY_DukasM1_the5ers";"Buy";"2005.07.13 00:00:00";"83.826";"0.25";"2005.07.13 22:00:00";"83.827";"-1.09";"10637.46";"IS";"Exit After X Bars";"-38.74";"29.75";"22h 0m";""
"55";"AUDJPY_DukasM1_the5ers";"Buy";"2005.07.14 00:00:00";"83.879";"0.24";"2005.07.14 22:00:00";"84.324";"68.64";"10706.10";"IS";"Exit After X Bars";"-25.27";"96.52";"22h 0m";""
"56";"AUDJPY_DukasM1_the5ers";"Buy";"2005.07.15 01:00:00";"84.272";"0.24";"2005.07.15 23:00:00";"84.113";"-26.15";"10679.95";"IS";"Exit After X Bars";"-68.43";"31.07";"22h 0m";""
"57";"AUDJPY_DukasM1_the5ers";"Buy";"2005.07.20 00:00:00";"84.541";"0.25";"2005.07.20 18:09:00";"85.453";"147.84";"10827.79";"IS";"PT";"-19.29";"149.09";"18h 9m";""
"58";"AUDJPY_DukasM1_the5ers";"Buy";"2005.08.04 00:00:00";"85.666";"0.3";"2005.08.04 22:00:00";"85.956";"55.39";"10883.18";"IS";"Exit After X Bars";"-36.69";"77.29";"22h 0m";""
"59";"AUDJPY_DukasM1_the5ers";"Buy";"2005.08.05 00:00:00";"85.933";"0.27";"2005.08.05 22:00:00";"85.927";"-2.41";"10880.77";"IS";"Exit After X Bars";"-52.26";"54.38";"22h 0m";""
"60";"AUDJPY_DukasM1_the5ers";"Buy";"2005.09.05 01:00:00";"83.846";"0.27";"2005.09.05 23:00:00";"83.692";"-28.54";"10852.23";"IS";"Exit After X Bars";"-52.44";"45.55";"22h 0m";""
"61";"AUDJPY_DukasM1_the5ers";"Buy";"2005.09.07 00:00:00";"84.159";"0.29";"2005.09.07 22:00:00";"84.487";"60.75";"10912.98";"IS";"Exit After X Bars";"-47.60";"91.97";"22h 0m";""
"62";"AUDJPY_DukasM1_the5ers";"Buy";"2005.09.13 01:00:00";"84.785";"0.26";"2005.09.13 23:00:00";"84.949";"26.58";"10939.57";"IS";"Exit After X Bars";"-24.65";"81.61";"22h 0m";""
"63";"AUDJPY_DukasM1_the5ers";"Buy";"2005.09.19 01:00:00";"85.387";"0.29";"2005.09.19 23:00:00";"85.433";"7.27";"10946.84";"IS";"Exit After X Bars";"-84.39";"19.91";"22h 0m";""
"64";"AUDJPY_DukasM1_the5ers";"Buy";"2005.10.04 00:00:00";"86.984";"0.28";"2005.10.04 22:00:00";"87.195";"37.23";"10984.07";"IS";"Exit After X Bars";"-20.69";"58.04";"22h 0m";""
"65";"AUDJPY_DukasM1_the5ers";"Buy";"2005.10.06 01:00:00";"85.987";"0.25";"2005.10.06 23:00:00";"85.868";"-20.70";"10963.37";"IS";"Exit After X Bars";"-47.57";"83.54";"22h 0m";""
"66";"AUDJPY_DukasM1_the5ers";"Buy";"2005.11.16 01:00:00";"87.124";"0.29";"2005.11.16 23:00:00";"87.139";"1.39";"10964.76";"IS";"Exit After X Bars";"-47.98";"11.76";"22h 0m";""
"67";"AUDJPY_DukasM1_the5ers";"Buy";"2005.12.01 00:00:00";"88.350";"0.32";"2005.12.01 14:43:00";"89.061";"147.18";"11111.94";"IS";"PT";"-3.77";"148.78";"14h 43m";""
"68";"AUDJPY_DukasM1_the5ers";"Buy";"2005.12.02 01:00:00";"89.387";"0.28";"2005.12.02 17:02:00";"90.214";"150.02";"11261.97";"IS";"PT";"-15.20";"151.42";"16h 2m";""
"69";"AUDJPY_DukasM1_the5ers";"Buy";"2005.12.30 00:00:00";"86.163";"0.29";"2005.12.30 22:00:00";"86.581";"77.82";"11339.79";"IS";"Exit After X Bars";"-53.29";"86.66";"22h 0m";""
"70";"AUDJPY_DukasM1_the5ers";"Buy";"2006.01.02 01:00:00";"86.246";"0.26";"2006.01.02 23:00:00";"86.250";"-0.62";"11339.17";"IS";"Exit After X Bars";"-14.96";"3.91";"22h 0m";""
"71";"AUDJPY_DukasM1_the5ers";"Buy";"2006.02.08 00:00:00";"87.191";"0.27";"2006.02.08 22:00:00";"87.559";"63.62";"11402.79";"IS";"Exit After X Bars";"-67.45";"123.42";"22h 0m";""
"72";"AUDJPY_DukasM1_the5ers";"Buy";"2006.03.06 01:00:00";"86.611";"0.3";"2006.03.06 23:00:00";"87.064";"87.37";"11490.16";"IS";"Exit After X Bars";"-7.85";"142.42";"22h 0m";""
"73";"AUDJPY_DukasM1_the5ers";"Buy";"2006.03.13 01:00:00";"86.878";"0.26";"2006.03.13 23:00:00";"87.272";"65.69";"11555.85";"IS";"Exit After X Bars";"-6.29";"86.54";"22h 0m";""
"74";"AUDJPY_DukasM1_the5ers";"Buy";"2006.04.05 00:00:00";"84.662";"0.23";"2006.04.05 22:00:00";"85.522";"128.20";"11684.04";"IS";"Exit After X Bars";"-47.68";"135.36";"22h 0m";""
"75";"AUDJPY_DukasM1_the5ers";"Buy";"2006.04.06 00:00:00";"85.416";"0.24";"2006.04.06 22:00:00";"85.982";"87.63";"11771.67";"IS";"Exit After X Bars";"-19.30";"120.06";"22h 0m";""
"76";"AUDJPY_DukasM1_the5ers";"Buy";"2006.04.11 00:00:00";"86.328";"0.28";"2006.04.11 22:00:00";"86.818";"88.32";"11859.99";"IS";"Exit After X Bars";"-50.90";"112.42";"22h 0m";""
"77";"AUDJPY_DukasM1_the5ers";"Buy";"2006.04.20 00:00:00";"87.551";"0.27";"2006.04.20 17:13:00";"86.989";"-100.58";"11759.41";"IS";"SL";"-99.23";"20.30";"17h 13m";""
"78";"AUDJPY_DukasM1_the5ers";"Buy";"2006.04.27 00:00:00";"86.349";"0.26";"2006.04.27 13:16:00";"85.760";"-101.44";"11657.97";"IS";"SL";"-100.14";"23.46";"13h 16m";""
"79";"AUDJPY_DukasM1_the5ers";"Buy";"2006.05.05 01:00:00";"87.632";"0.26";"2006.05.05 16:19:00";"87.047";"-100.76";"11557.21";"IS";"SL";"-99.46";"17.00";"15h 19m";""
"80";"AUDJPY_DukasM1_the5ers";"Buy";"2006.05.11 00:00:00";"85.559";"0.24";"2006.05.11 22:00:00";"85.827";"40.86";"11598.07";"IS";"Exit After X Bars";"-22.91";"89.30";"22h 0m";""
"81";"AUDJPY_DukasM1_the5ers";"Buy";"2006.05.17 01:00:00";"84.103";"0.22";"2006.05.17 23:00:00";"84.180";"9.98";"11608.05";"IS";"Exit After X Bars";"-67.47";"37.98";"22h 0m";""
"82";"AUDJPY_DukasM1_the5ers";"Buy";"2006.05.26 00:00:00";"84.955";"0.2";"2006.05.26 22:00:00";"85.340";"49.35";"11657.40";"IS";"Exit After X Bars";"-61.99";"66.70";"22h 0m";""
"83";"AUDJPY_DukasM1_the5ers";"Buy";"2006.05.29 01:00:00";"85.167";"0.24";"2006.05.29 02:02:00";"84.552";"-97.72";"11559.68";"IS";"SL";"-96.52";"0.47";"1h 2m";""
"84";"AUDJPY_DukasM1_the5ers";"Buy";"2006.06.02 01:00:00";"83.983";"0.25";"2006.06.02 23:00:00";"83.857";"-21.85";"11537.83";"IS";"Exit After X Bars";"-78.14";"72.10";"22h 0m";""
"85";"AUDJPY_DukasM1_the5ers";"Buy";"2006.06.08 00:00:00";"84.064";"0.31";"2006.06.08 10:13:00";"84.804";"148.46";"11686.29";"IS";"PT";"-28.58";"150.01";"10h 13m";""
"86";"AUDJPY_DukasM1_the5ers";"Buy";"2006.06.23 01:00:00";"85.184";"0.28";"2006.06.23 23:00:00";"85.250";"10.68";"11696.98";"IS";"Exit After X Bars";"-72.14";"20.14";"22h 0m";""
"87";"AUDJPY_DukasM1_the5ers";"Buy";"2006.06.30 01:00:00";"84.895";"0.28";"2006.06.30 23:00:00";"84.987";"15.45";"11712.42";"IS";"Exit After X Bars";"-13.55";"70.13";"22h 0m";""
"88";"AUDJPY_DukasM1_the5ers";"Buy";"2006.07.21 01:00:00";"87.797";"0.31";"2006.07.21 10:41:00";"87.314";"-99.46";"11612.96";"IS";"SL";"-97.91";"6.08";"9h 41m";""
"89";"AUDJPY_DukasM1_the5ers";"Buy";"2006.07.25 01:00:00";"87.527";"0.29";"2006.07.25 19:02:00";"88.312";"147.42";"11760.38";"IS";"PT";"-4.74";"148.87";"18h 2m";""
"90";"AUDJPY_DukasM1_the5ers";"Buy";"2006.08.10 01:00:00";"88.154";"0.29";"2006.08.10 23:00:00";"88.357";"37.05";"11797.42";"IS";"Exit After X Bars";"-7.59";"101.08";"22h 0m";""
"91";"AUDJPY_DukasM1_the5ers";"Buy";"2006.08.17 00:00:00";"88.913";"0.34";"2006.08.17 16:36:00";"88.464";"-101.53";"11695.89";"IS";"SL";"-99.83";"33.35";"16h 36m";""
"92";"AUDJPY_DukasM1_the5ers";"Buy";"2006.08.22 00:00:00";"88.401";"0.32";"2006.08.22 22:00:00";"88.804";"82.73";"11778.62";"IS";"Exit After X Bars";"-30.34";"111.95";"22h 0m";""
"93";"AUDJPY_DukasM1_the5ers";"Buy";"2006.09.04 01:00:00";"89.688";"0.24";"2006.09.04 23:00:00";"89.317";"-59.43";"11719.20";"IS";"Exit After X Bars";"-69.53";"24.80";"22h 0m";""
"94";"AUDJPY_DukasM1_the5ers";"Buy";"2006.09.18 01:00:00";"88.261";"0.26";"2006.09.18 23:00:00";"88.975";"120.09";"11839.29";"IS";"Exit After X Bars";"-6.63";"137.38";"22h 0m";""
"95";"AUDJPY_DukasM1_the5ers";"Buy";"2006.09.20 01:00:00";"88.376";"0.26";"2006.09.20 23:00:00";"88.296";"-14.90";"11824.39";"IS";"Exit After X Bars";"-64.95";"22.78";"22h 0m";""
"96";"AUDJPY_DukasM1_the5ers";"Buy";"2006.10.05 01:00:00";"87.844";"0.32";"2006.10.05 23:00:00";"87.796";"-11.64";"11812.75";"IS";"Exit After X Bars";"-61.73";"18.41";"22h 0m";""
"97";"AUDJPY_DukasM1_the5ers";"Buy";"2006.10.18 00:00:00";"89.151";"0.3";"2006.10.18 22:00:00";"89.704";"106.99";"11919.73";"IS";"Exit After X Bars";"-12.56";"123.98";"22h 0m";""
"98";"AUDJPY_DukasM1_the5ers";"Buy";"2006.10.23 01:00:00";"89.930";"0.35";"2006.10.23 23:00:00";"90.292";"81.10";"12000.83";"IS";"Exit After X Bars";"-19.68";"121.53";"22h 0m";""
"99";"AUDJPY_DukasM1_the5ers";"Buy";"2006.10.26 00:00:00";"90.531";"0.33";"2006.10.26 22:00:00";"90.422";"-25.17";"11975.66";"IS";"Exit After X Bars";"-51.57";"42.73";"22h 0m";""
"100";"AUDJPY_DukasM1_the5ers";"Buy";"2006.11.14 00:00:00";"90.005";"0.32";"2006.11.14 22:00:00";"89.910";"-21.48";"11954.18";"IS";"Exit After X Bars";"-55.45";"32.85";"22h 0m";""
"101";"AUDJPY_DukasM1_the5ers";"Buy";"2006.12.11 01:00:00";"91.316";"0.26";"2006.12.11 23:00:00";"91.746";"71.81";"12025.99";"IS";"Exit After X Bars";"-35.70";"78.89";"22h 0m";""
"102";"AUDJPY_DukasM1_the5ers";"Buy";"2006.12.18 01:00:00";"92.037";"0.27";"2006.12.18 23:00:00";"92.059";"2.53";"12028.53";"IS";"Exit After X Bars";"-33.02";"57.38";"22h 0m";""
"103";"AUDJPY_DukasM1_the5ers";"Buy";"2006.12.20 01:00:00";"92.568";"0.3";"2006.12.20 23:00:00";"92.987";"80.70";"12109.22";"IS";"Exit After X Bars";"-34.53";"118.10";"22h 0m";""
"104";"AUDJPY_DukasM1_the5ers";"Buy";"2006.12.21 01:00:00";"92.961";"0.29";"2006.12.21 23:00:00";"92.830";"-26.29";"12082.93";"IS";"Exit After X Bars";"-71.49";"30.53";"22h 0m";""
"105";"AUDJPY_DukasM1_the5ers";"Buy";"2006.12.26 00:00:00";"93.080";"0.09";"2006.12.26 22:00:00";"93.153";"3.85";"12086.78";"IS";"Exit After X Bars";"-6.36";"24.66";"22h 0m";""
"106";"AUDJPY_DukasM1_the5ers";"Buy";"2007.01.05 01:00:00";"93.228";"0.25";"2007.01.05 02:49:00";"92.625";"-99.83";"11986.95";"IS";"SL";"-98.58";"0.00";"1h 49m";""
"107";"AUDJPY_DukasM1_the5ers";"Buy";"2007.01.18 00:00:00";"94.835";"0.3";"2007.01.18 09:34:00";"95.596";"147.79";"12134.74";"IS";"PT";"-20.99";"149.29";"9h 34m";""
"108";"AUDJPY_DukasM1_the5ers";"Buy";"2007.03.06 01:00:00";"88.536";"0.16";"2007.03.06 04:25:00";"89.966";"148.82";"12283.56";"IS";"PT";"-8.16";"149.62";"3h 25m";""
"109";"AUDJPY_DukasM1_the5ers";"Buy";"2007.03.16 01:00:00";"92.437";"0.19";"2007.03.19 01:00:00";"92.278";"-20.65";"12262.90";"IS";"Exit After X Bars";"-23.36";"99.02";"3d 0h 0m";""
"110";"AUDJPY_DukasM1_the5ers";"Buy";"2007.04.30 01:00:00";"98.808";"0.24";"2007.04.30 23:00:00";"99.212";"62.20";"12325.11";"IS";"Exit After X Bars";"-24.80";"106.25";"22h 0m";""
"111";"AUDJPY_DukasM1_the5ers";"Buy";"2007.05.01 00:00:00";"99.208";"0.27";"2007.05.01 22:00:00";"99.182";"-5.94";"12319.17";"IS";"Exit After X Bars";"-49.97";"45.38";"22h 0m";""
"112";"AUDJPY_DukasM1_the5ers";"Buy";"2007.05.03 00:00:00";"99.108";"0.29";"2007.05.03 22:00:00";"99.177";"11.64";"12330.80";"IS";"Exit After X Bars";"-50.82";"25.03";"22h 0m";""
"113";"AUDJPY_DukasM1_the5ers";"Buy";"2007.05.08 00:00:00";"99.038";"0.34";"2007.05.08 22:00:00";"99.327";"62.55";"12393.36";"IS";"Exit After X Bars";"-32.46";"122.73";"22h 0m";""
"114";"AUDJPY_DukasM1_the5ers";"Buy";"2007.06.12 01:00:00";"102.608";"0.23";"2007.06.12 23:00:00";"102.427";"-28.37";"12364.98";"IS";"Exit After X Bars";"-35.04";"30.38";"22h 0m";""
"115";"AUDJPY_DukasM1_the5ers";"Buy";"2007.07.06 01:00:00";"105.208";"0.31";"2007.07.06 23:00:00";"105.822";"122.92";"12487.90";"IS";"Exit After X Bars";"-13.38";"132.17";"22h 0m";""
"116";"AUDJPY_DukasM1_the5ers";"Buy";"2007.08.03 01:00:00";"102.198";"0.11";"2007.08.03 23:00:00";"100.987";"-87.66";"12400.24";"IS";"Exit After X Bars";"-93.37";"15.61";"22h 0m";""
"117";"AUDJPY_DukasM1_the5ers";"Buy";"2007.08.09 01:00:00";"103.138";"0.18";"2007.08.09 10:05:00";"102.310";"-98.36";"12301.88";"IS";"SL";"-97.46";"60.27";"9h 5m";""
"118";"AUDJPY_DukasM1_the5ers";"Buy";"2007.08.16 01:00:00";"95.108";"0.1";"2007.08.16 06:31:00";"93.688";"-93.36";"12208.53";"IS";"SL";"-92.86";"23.02";"5h 31m";""
"119";"AUDJPY_DukasM1_the5ers";"Buy";"2007.08.22 01:00:00";"91.368";"0.09";"2007.08.22 23:00:00";"92.707";"78.35";"12286.88";"IS";"Exit After X Bars";"-29.90";"105.46";"22h 0m";""
"120";"AUDJPY_DukasM1_the5ers";"Buy";"2007.09.06 00:00:00";"94.678";"0.13";"2007.09.06 22:00:00";"95.527";"71.52";"12358.40";"IS";"Exit After X Bars";"-53.39";"76.68";"22h 0m";""
"121";"AUDJPY_DukasM1_the5ers";"Buy";"2007.09.14 00:00:00";"96.468";"0.17";"2007.09.14 01:55:00";"95.613";"-95.90";"12262.51";"IS";"SL";"-95.05";"1.33";"1h 55m";""
"122";"AUDJPY_DukasM1_the5ers";"Buy";"2007.09.24 01:00:00";"100.008";"0.17";"2007.09.24 23:00:00";"99.637";"-42.09";"12220.41";"IS";"Exit After X Bars";"-72.04";"3.56";"22h 0m";""
"123";"AUDJPY_DukasM1_the5ers";"Buy";"2007.10.03 00:00:00";"101.908";"0.15";"2007.10.03 09:05:00";"103.432";"148.74";"12369.15";"IS";"PT";"-2.75";"149.49";"9h 5m";""
"124";"AUDJPY_DukasM1_the5ers";"Buy";"2007.10.05 00:00:00";"103.338";"0.19";"2007.10.05 15:33:00";"104.547";"149.26";"12518.41";"IS";"PT";"-12.18";"150.21";"15h 33m";""
"125";"AUDJPY_DukasM1_the5ers";"Buy";"2007.10.26 01:00:00";"103.553";"0.13";"2007.10.29 01:00:00";"105.102";"131.07";"12649.48";"IS";"Exit After X Bars";"-11.73";"136.61";"3d 0h 0m";""
"126";"AUDJPY_DukasM1_the5ers";"Buy";"2007.11.12 01:00:00";"99.978";"0.08";"2007.11.12 05:43:00";"98.078";"-99.80";"12549.68";"IS";"SL";"-99.40";"29.66";"4h 43m";""
"127";"AUDJPY_DukasM1_the5ers";"Buy";"2007.12.13 00:00:00";"99.088";"0.11";"2007.12.13 22:00:00";"98.192";"-65.00";"12484.68";"IS";"Exit After X Bars";"-89.05";"17.77";"22h 0m";""
"128";"AUDJPY_DukasM1_the5ers";"Buy";"2007.12.24 01:00:00";"98.933";"0.19";"2007.12.24 23:00:00";"99.570";"78.19";"12562.88";"IS";"Exit After X Bars";"-11.68";"91.82";"22h 0m";""
"129";"AUDJPY_DukasM1_the5ers";"Buy";"2008.01.30 01:00:00";"95.008";"0.15";"2008.01.30 23:00:00";"95.287";"26.62";"12589.49";"IS";"Exit After X Bars";"-51.30";"146.35";"22h 0m";""
"130";"AUDJPY_DukasM1_the5ers";"Buy";"2008.01.31 00:00:00";"94.858";"0.12";"2008.01.31 01:53:00";"93.673";"-93.59";"12495.90";"IS";"SL";"-92.99";"0.94";"1h 53m";""
"131";"AUDJPY_DukasM1_the5ers";"Buy";"2008.02.07 01:00:00";"95.168";"0.13";"2008.02.07 23:00:00";"95.957";"66.42";"12562.33";"IS";"Exit After X Bars";"-87.82";"119.18";"22h 0m";""
"132";"AUDJPY_DukasM1_the5ers";"Buy";"2008.03.24 01:00:00";"89.498";"0.17";"2008.03.24 16:02:00";"90.795";"143.33";"12705.66";"IS";"PT";"-4.22";"144.18";"15h 2m";""
"133";"AUDJPY_DukasM1_the5ers";"Buy";"2008.04.03 00:00:00";"93.563";"0.15";"2008.04.03 22:00:00";"93.872";"29.56";"12735.22";"IS";"Exit After X Bars";"-68.47";"83.08";"22h 0m";""
"134";"AUDJPY_DukasM1_the5ers";"Buy";"2008.05.01 00:00:00";"98.023";"0.18";"2008.05.01 15:47:00";"97.205";"-97.18";"12638.04";"IS";"SL";"-96.28";"9.06";"15h 47m";""
"135";"AUDJPY_DukasM1_the5ers";"Buy";"2008.05.05 01:00:00";"98.433";"0.17";"2008.05.05 23:00:00";"99.202";"84.64";"12722.67";"IS";"Exit After X Bars";"-13.67";"138.07";"22h 0m";""
"136";"AUDJPY_DukasM1_the5ers";"Buy";"2008.05.13 01:00:00";"98.358";"0.17";"2008.05.13 12:44:00";"97.469";"-99.68";"12623.00";"IS";"SL";"-98.83";"1.33";"11h 44m";""
"137";"AUDJPY_DukasM1_the5ers";"Buy";"2008.05.15 00:00:00";"98.128";"0.18";"2008.05.15 22:00:00";"98.557";"49.60";"12672.59";"IS";"Exit After X Bars";"-63.33";"63.80";"22h 0m";""
"138";"AUDJPY_DukasM1_the5ers";"Buy";"2008.05.20 01:00:00";"99.408";"0.2";"2008.05.20 23:00:00";"99.277";"-18.13";"12654.46";"IS";"Exit After X Bars";"-36.36";"81.35";"22h 0m";""
"139";"AUDJPY_DukasM1_the5ers";"Buy";"2008.05.27 01:00:00";"99.258";"0.3";"2008.05.27 13:05:00";"100.008";"145.63";"12800.09";"IS";"PT";"-11.38";"147.13";"12h 5m";""
"140";"AUDJPY_DukasM1_the5ers";"Buy";"2008.05.29 01:00:00";"100.718";"0.23";"2008.05.29 23:00:00";"100.947";"33.29";"12833.38";"IS";"Exit After X Bars";"-41.81";"52.94";"22h 0m";""
"141";"AUDJPY_DukasM1_the5ers";"Buy";"2008.06.02 01:00:00";"100.493";"0.21";"2008.06.02 11:16:00";"99.791";"-97.45";"12735.93";"IS";"SL";"-96.40";"33.92";"10h 16m";""
"142";"AUDJPY_DukasM1_the5ers";"Buy";"2008.07.04 00:00:00";"102.488";"0.21";"2008.07.04 22:00:00";"102.747";"34.52";"12770.45";"IS";"Exit After X Bars";"-20.32";"59.32";"22h 0m";""
"143";"AUDJPY_DukasM1_the5ers";"Buy";"2008.07.18 01:00:00";"103.308";"0.2";"2008.07.18 23:00:00";"103.747";"56.41";"12826.86";"IS";"Exit After X Bars";"-39.63";"72.19";"22h 0m";""
"144";"AUDJPY_DukasM1_the5ers";"Buy";"2008.07.28 01:00:00";"102.908";"0.22";"2008.07.28 23:00:00";"102.777";"-19.95";"12806.92";"IS";"Exit After X Bars";"-22.01";"69.34";"22h 0m";""
"145";"AUDJPY_DukasM1_the5ers";"Buy";"2008.08.28 00:00:00";"94.048";"0.2";"2008.08.28 22:00:00";"94.387";"43.34";"12850.25";"IS";"Exit After X Bars";"-21.97";"115.35";"22h 0m";""
"146";"AUDJPY_DukasM1_the5ers";"Buy";"2008.09.01 01:00:00";"92.788";"0.18";"2008.09.01 10:54:00";"91.938";"-100.95";"12749.30";"IS";"SL";"-100.05";"49.67";"9h 54m";""
"147";"AUDJPY_DukasM1_the5ers";"Buy";"2008.09.15 01:00:00";"86.738";"0.08";"2008.09.15 13:55:00";"84.895";"-96.81";"12652.49";"IS";"SL";"-96.41";"47.19";"12h 55m";""
"148";"AUDJPY_DukasM1_the5ers";"Buy";"2008.09.16 00:00:00";"84.388";"0.07";"2008.09.16 05:09:00";"82.434";"-89.79";"12562.70";"IS";"SL";"-89.44";"5.58";"5h 9m";""
"149";"AUDJPY_DukasM1_the5ers";"Buy";"2008.09.18 01:00:00";"82.008";"0.05";"2008.09.18 23:00:00";"84.507";"81.46";"12644.15";"IS";"Exit After X Bars";"-0.59";"97.50";"22h 0m";""
"150";"AUDJPY_DukasM1_the5ers";"Buy";"2008.09.26 01:00:00";"88.818";"0.12";"2008.09.26 09:03:00";"87.623";"-94.37";"12549.78";"IS";"SL";"-93.77";"15.46";"8h 3m";""
"151";"AUDJPY_DukasM1_the5ers";"Buy";"2008.10.20 01:00:00";"69.888";"0.05";"2008.10.20 23:00:00";"71.706";"59.19";"12608.97";"IS";"Exit After X Bars";"-1.08";"70.04";"22h 0m";""
"152";"AUDJPY_DukasM1_the5ers";"Buy";"2008.10.28 00:00:00";"55.888";"0.05";"2008.10.28 18:11:00";"60.270";"143.02";"12752.00";"IS";"PT";"-4.19";"143.27";"18h 11m";""
"153";"AUDJPY_DukasM1_the5ers";"Buy";"2008.10.30 01:00:00";"65.193";"0.04";"2008.10.30 23:00:00";"67.262";"53.92";"12805.92";"IS";"Exit After X Bars";"-17.08";"75.25";"22h 0m";""
"154";"AUDJPY_DukasM1_the5ers";"Buy";"2008.10.31 00:00:00";"66.568";"0.04";"2008.10.31 09:24:00";"63.482";"-80.92";"12725.00";"IS";"SL";"-80.72";"5.15";"9h 24m";""
"155";"AUDJPY_DukasM1_the5ers";"Buy";"2008.11.04 00:00:00";"67.028";"0.06";"2008.11.04 22:00:00";"69.417";"93.43";"12818.43";"IS";"Exit After X Bars";"-78.39";"137.40";"22h 0m";""
"156";"AUDJPY_DukasM1_the5ers";"Buy";"2008.11.05 01:00:00";"69.563";"0.07";"2008.11.05 11:58:00";"67.392";"-99.73";"12718.70";"IS";"SL";"-99.38";"19.09";"10h 58m";""
"157";"AUDJPY_DukasM1_the5ers";"Buy";"2008.11.12 01:00:00";"63.993";"0.08";"2008.11.12 17:36:00";"62.082";"-100.37";"12618.33";"IS";"SL";"-99.97";"70.47";"16h 36m";""
"158";"AUDJPY_DukasM1_the5ers";"Buy";"2008.11.18 00:00:00";"62.528";"0.06";"2008.11.18 22:00:00";"62.082";"-17.80";"12600.53";"IS";"Exit After X Bars";"-31.70";"57.95";"22h 0m";""
"159";"AUDJPY_DukasM1_the5ers";"Buy";"2008.12.02 01:00:00";"59.368";"0.12";"2008.12.02 23:00:00";"59.987";"47.97";"12648.50";"IS";"Exit After X Bars";"-39.86";"101.38";"22h 0m";""
"160";"AUDJPY_DukasM1_the5ers";"Buy";"2008.12.12 00:00:00";"61.438";"0.11";"2008.12.12 05:48:00";"60.111";"-96.00";"12552.50";"IS";"SL";"-95.45";"20.28";"5h 48m";""
"161";"AUDJPY_DukasM1_the5ers";"Buy";"2008.12.31 01:00:00";"62.333";"0.21";"2008.12.31 19:00:00";"63.396";"144.93";"12697.43";"IS";"PT";"-48.48";"145.98";"18h 0m";""
"162";"AUDJPY_DukasM1_the5ers";"Buy";"2009.01.06 01:00:00";"66.518";"0.13";"2009.01.06 22:04:00";"68.272";"148.46";"12845.88";"IS";"PT";"-52.96";"149.11";"21h 4m";""
"163";"AUDJPY_DukasM1_the5ers";"Buy";"2009.01.07 01:00:00";"67.258";"0.11";"2009.01.07 22:00:00";"65.957";"-94.13";"12751.75";"IS";"SL";"-93.58";"46.18";"21h 0m";""
"164";"AUDJPY_DukasM1_the5ers";"Buy";"2009.01.20 00:00:00";"60.423";"0.13";"2009.01.20 17:53:00";"59.259";"-99.60";"12652.15";"IS";"SL";"-98.95";"18.02";"17h 53m";""
"165";"AUDJPY_DukasM1_the5ers";"Buy";"2009.01.29 00:00:00";"60.118";"0.11";"2009.01.29 18:58:00";"58.781";"-96.72";"12555.43";"IS";"SL";"-96.17";"20.64";"18h 58m";""
"166";"AUDJPY_DukasM1_the5ers";"Buy";"2009.02.05 00:00:00";"57.548";"0.11";"2009.02.05 19:01:00";"59.545";"143.10";"12698.52";"IS";"PT";"-27.91";"143.65";"19h 1m";""
"167";"AUDJPY_DukasM1_the5ers";"Buy";"2009.03.03 01:00:00";"61.093";"0.12";"2009.03.03 09:59:00";"62.907";"141.75";"12840.27";"IS";"PT";"-5.73";"142.35";"8h 59m";""
"168";"AUDJPY_DukasM1_the5ers";"Buy";"2009.03.05 01:00:00";"64.233";"0.14";"2009.03.05 16:10:00";"63.149";"-99.94";"12740.33";"IS";"SL";"-99.24";"6.59";"15h 10m";""
"169";"AUDJPY_DukasM1_the5ers";"Buy";"2009.03.24 01:00:00";"68.133";"0.15";"2009.03.24 07:57:00";"69.598";"142.95";"12883.28";"IS";"PT";"-2.26";"143.70";"6h 57m";""
"170";"AUDJPY_DukasM1_the5ers";"Buy";"2009.04.01 00:00:00";"68.383";"0.13";"2009.04.01 22:00:00";"68.812";"35.82";"12919.10";"IS";"Exit After X Bars";"-66.14";"41.82";"22h 0m";""
"171";"AUDJPY_DukasM1_the5ers";"Buy";"2009.04.09 01:00:00";"70.793";"0.12";"2009.04.09 23:00:00";"72.162";"106.83";"13025.93";"IS";"Exit After X Bars";"-32.41";"119.43";"22h 0m";""
"172";"AUDJPY_DukasM1_the5ers";"Buy";"2009.04.23 01:00:00";"69.143";"0.11";"2009.04.23 23:00:00";"69.892";"53.33";"13079.25";"IS";"Exit After X Bars";"-35.82";"87.18";"22h 0m";""
"173";"AUDJPY_DukasM1_the5ers";"Buy";"2009.04.27 01:00:00";"69.833";"0.15";"2009.04.27 06:41:00";"68.823";"-99.82";"12979.43";"IS";"SL";"-99.07";"0.00";"5h 41m";""
"174";"AUDJPY_DukasM1_the5ers";"Buy";"2009.05.07 01:00:00";"73.533";"0.14";"2009.05.07 12:34:00";"75.118";"144.41";"13123.84";"IS";"PT";"-13.09";"145.11";"11h 34m";""
"175";"AUDJPY_DukasM1_the5ers";"Buy";"2009.07.16 01:00:00";"75.693";"0.15";"2009.07.16 10:00:00";"74.715";"-96.68";"13027.16";"IS";"SL";"-95.93";"3.63";"9h 0m";""
"176";"AUDJPY_DukasM1_the5ers";"Buy";"2009.08.04 00:00:00";"80.213";"0.19";"2009.08.04 11:44:00";"79.439";"-97.12";"12930.04";"IS";"SL";"-96.17";"75.42";"11h 44m";""
"177";"AUDJPY_DukasM1_the5ers";"Buy";"2009.09.14 01:00:00";"77.913";"0.2";"2009.09.14 23:00:00";"78.267";"45.30";"12975.34";"IS";"Exit After X Bars";"-74.94";"58.46";"22h 0m";""
"178";"AUDJPY_DukasM1_the5ers";"Buy";"2009.09.28 01:00:00";"77.313";"0.17";"2009.09.28 23:00:00";"78.162";"93.53";"13068.87";"IS";"Exit After X Bars";"-90.38";"104.72";"22h 0m";""
"179";"AUDJPY_DukasM1_the5ers";"Buy";"2009.10.22 00:00:00";"84.353";"0.17";"2009.10.22 22:00:00";"84.617";"28.50";"13097.37";"IS";"Exit After X Bars";"-49.80";"38.57";"22h 0m";""
"180";"AUDJPY_DukasM1_the5ers";"Buy";"2009.12.22 01:00:00";"80.208";"0.21";"2009.12.22 23:00:00";"80.387";"23.53";"13120.90";"IS";"Exit After X Bars";"-42.98";"55.89";"22h 0m";""
"181";"AUDJPY_DukasM1_the5ers";"Buy";"2009.12.24 01:00:00";"80.473";"0.28";"2009.12.24 23:00:00";"80.767";"52.43";"13173.33";"IS";"Exit After X Bars";"-6.96";"101.07";"22h 0m";""
"182";"AUDJPY_DukasM1_the5ers";"Buy";"2010.01.01 00:00:00";"83.472";"0.23";"2010.01.01 22:00:00";"83.402";"-11.68";"13161.65";"IS";"Exit After X Bars";"-13.24";"13.09";"22h 0m";""
"183";"AUDJPY_DukasM1_the5ers";"Buy";"2010.01.05 00:00:00";"84.413";"0.28";"2010.01.05 06:32:00";"83.873";"-100.27";"13061.38";"IS";"SL";"-98.87";"40.65";"6h 32m";""
"184";"AUDJPY_DukasM1_the5ers";"Buy";"2010.01.07 00:00:00";"84.908";"0.23";"2010.01.07 22:00:00";"85.517";"90.45";"13151.83";"IS";"Exit After X Bars";"-41.81";"113.10";"22h 0m";""
"185";"AUDJPY_DukasM1_the5ers";"Buy";"2010.01.18 01:00:00";"83.678";"0.19";"2010.01.18 23:00:00";"84.077";"48.62";"13200.45";"IS";"Exit After X Bars";"-49.45";"69.83";"22h 0m";""
"186";"AUDJPY_DukasM1_the5ers";"Buy";"2010.05.04 01:00:00";"87.623";"0.22";"2010.05.04 11:46:00";"86.929";"-100.94";"13099.51";"IS";"SL";"-99.84";"47.04";"10h 46m";""
"187";"AUDJPY_DukasM1_the5ers";"Buy";"2010.05.12 01:00:00";"82.918";"0.11";"2010.05.12 23:00:00";"83.212";"20.60";"13120.11";"IS";"Exit After X Bars";"-51.65";"53.37";"22h 0m";""
"188";"AUDJPY_DukasM1_the5ers";"Buy";"2010.05.25 00:00:00";"74.628";"0.08";"2010.05.25 09:46:00";"72.813";"-95.35";"13024.76";"IS";"SL";"-94.95";"0.00";"9h 46m";""
"189";"AUDJPY_DukasM1_the5ers";"Buy";"2010.06.02 00:00:00";"75.593";"0.11";"2010.06.02 22:00:00";"77.092";"107.28";"13132.03";"IS";"Exit After X Bars";"-18.92";"118.83";"22h 0m";""
"190";"AUDJPY_DukasM1_the5ers";"Buy";"2010.07.20 00:00:00";"75.268";"0.15";"2010.07.20 18:16:00";"76.787";"148.25";"13280.28";"IS";"PT";"-13.05";"149.00";"18h 16m";""
"191";"AUDJPY_DukasM1_the5ers";"Buy";"2010.07.23 01:00:00";"77.758";"0.16";"2010.07.23 23:00:00";"78.352";"61.35";"13341.63";"IS";"Exit After X Bars";"-55.24";"64.56";"22h 0m";""
"192";"AUDJPY_DukasM1_the5ers";"Buy";"2010.08.18 01:00:00";"77.488";"0.22";"2010.08.18 13:04:00";"76.808";"-98.93";"13242.70";"IS";"SL";"-97.83";"8.92";"12h 4m";""
"193";"AUDJPY_DukasM1_the5ers";"Buy";"2010.08.19 00:00:00";"76.758";"0.24";"2010.08.19 17:03:00";"76.128";"-100.07";"13142.63";"IS";"SL";"-98.87";"87.42";"17h 3m";""
"194";"AUDJPY_DukasM1_the5ers";"Buy";"2010.09.07 01:00:00";"77.138";"0.31";"2010.09.07 09:21:00";"76.648";"-100.88";"13041.75";"IS";"SL";"-99.33";"31.83";"8h 21m";""
"195";"AUDJPY_DukasM1_the5ers";"Buy";"2010.09.15 00:00:00";"77.958";"0.22";"2010.09.15 03:48:00";"78.992";"147.65";"13189.40";"IS";"PT";"-7.62";"148.75";"3h 48m";""
"196";"AUDJPY_DukasM1_the5ers";"Buy";"2010.09.28 00:00:00";"80.958";"0.28";"2010.09.28 22:00:00";"81.222";"46.94";"13236.34";"IS";"Exit After X Bars";"-92.10";"55.30";"22h 0m";""
"197";"AUDJPY_DukasM1_the5ers";"Buy";"2010.10.01 01:00:00";"80.618";"0.24";"2010.10.04 01:00:00";"80.967";"53.64";"13289.98";"IS";"Exit After X Bars";"-21.66";"81.92";"3d 0h 0m";""
"198";"AUDJPY_DukasM1_the5ers";"Buy";"2010.10.04 01:00:00";"80.988";"0.25";"2010.10.04 10:47:00";"80.395";"-98.19";"13191.78";"IS";"SL";"-96.94";"47.74";"9h 47m";""
"199";"AUDJPY_DukasM1_the5ers";"Buy";"2010.10.19 01:00:00";"80.363";"0.25";"2010.10.19 14:54:00";"79.760";"-99.83";"13091.95";"IS";"SL";"-98.58";"78.80";"13h 54m";""
"200";"AUDJPY_DukasM1_the5ers";"Buy";"2010.11.10 01:00:00";"81.845";"0.22";"2010.11.10 23:00:00";"82.807";"137.30";"13229.25";"IS";"Exit After X Bars";"-13.81";"143.58";"22h 0m";""
"201";"AUDJPY_DukasM1_the5ers";"Buy";"2010.11.11 01:00:00";"82.452";"0.19";"2010.11.11 23:00:00";"82.356";"-12.88";"13216.37";"IS";"Exit After X Bars";"-41.99";"46.59";"22h 0m";""
"202";"AUDJPY_DukasM1_the5ers";"Buy";"2010.12.02 01:00:00";"81.384";"0.21";"2010.12.02 23:00:00";"81.844";"62.12";"13278.49";"IS";"Exit After X Bars";"-65.92";"74.15";"22h 0m";""
"203";"AUDJPY_DukasM1_the5ers";"Buy";"2010.12.23 00:00:00";"83.451";"0.42";"2010.12.23 22:00:00";"83.233";"-61.97";"13216.52";"IS";"Exit After X Bars";"-91.73";"21.15";"22h 0m";""
"204";"AUDJPY_DukasM1_the5ers";"Buy";"2011.01.03 01:00:00";"82.846";"0.3";"2011.01.03 23:00:00";"83.075";"43.42";"13259.94";"IS";"Exit After X Bars";"-22.36";"82.59";"22h 0m";""
"205";"AUDJPY_DukasM1_the5ers";"Buy";"2011.01.12 01:00:00";"81.825";"0.25";"2011.01.12 15:31:00";"82.727";"146.21";"13406.15";"IS";"PT";"-6.38";"147.46";"14h 31m";""
"206";"AUDJPY_DukasM1_the5ers";"Buy";"2011.01.18 00:00:00";"82.165";"0.34";"2011.01.18 22:00:00";"82.435";"58.33";"13464.48";"IS";"Exit After X Bars";"-80.93";"88.27";"22h 0m";""
"207";"AUDJPY_DukasM1_the5ers";"Buy";"2011.01.25 00:00:00";"82.297";"0.3";"2011.01.25 12:30:00";"81.793";"-100.37";"13364.11";"IS";"SL";"-98.87";"18.64";"12h 30m";""
"208";"AUDJPY_DukasM1_the5ers";"Buy";"2011.02.28 01:00:00";"82.955";"0.28";"2011.02.28 23:00:00";"83.278";"57.74";"13421.85";"IS";"Exit After X Bars";"-59.69";"91.18";"22h 0m";""
"209";"AUDJPY_DukasM1_the5ers";"Buy";"2011.03.04 01:00:00";"83.447";"0.3";"2011.03.04 23:00:00";"83.436";"-3.66";"13418.19";"IS";"Exit After X Bars";"-63.76";"106.13";"22h 0m";""
"210";"AUDJPY_DukasM1_the5ers";"Buy";"2011.03.25 01:00:00";"82.703";"0.31";"2011.03.25 16:52:00";"83.443";"148.46";"13566.65";"IS";"PT";"-39.73";"150.01";"15h 52m";""
"211";"AUDJPY_DukasM1_the5ers";"Buy";"2011.04.27 00:00:00";"87.919";"0.25";"2011.04.27 12:30:00";"88.835";"148.50";"13715.15";"IS";"PT";"-38.58";"149.75";"12h 30m";""
"212";"AUDJPY_DukasM1_the5ers";"Buy";"2011.05.17 00:00:00";"85.255";"0.16";"2011.05.17 13:23:00";"86.621";"142.12";"13857.27";"IS";"PT";"-4.60";"142.92";"13h 23m";""
"213";"AUDJPY_DukasM1_the5ers";"Buy";"2011.06.15 00:00:00";"85.978";"0.22";"2011.06.15 22:00:00";"85.383";"-86.70";"13770.57";"IS";"Exit After X Bars";"-88.48";"58.98";"22h 0m";""
"214";"AUDJPY_DukasM1_the5ers";"Buy";"2011.07.08 01:00:00";"87.509";"0.34";"2011.07.08 15:30:00";"87.066";"-100.19";"13670.38";"IS";"SL";"-98.49";"52.03";"14h 30m";""
"215";"AUDJPY_DukasM1_the5ers";"Buy";"2011.07.13 01:00:00";"83.840";"0.14";"2011.07.13 23:00:00";"84.838";"90.67";"13761.05";"IS";"Exit After X Bars";"-3.11";"128.63";"22h 0m";""
"216";"AUDJPY_DukasM1_the5ers";"Buy";"2011.07.14 01:00:00";"84.773";"0.17";"2011.07.14 23:00:00";"84.700";"-8.97";"13752.08";"IS";"Exit After X Bars";"-50.14";"56.92";"22h 0m";""
"217";"AUDJPY_DukasM1_the5ers";"Buy";"2011.08.08 01:00:00";"81.413";"0.1";"2011.08.08 21:16:00";"79.929";"-97.54";"13654.54";"IS";"SL";"-97.04";"20.79";"20h 16m";""
"218";"AUDJPY_DukasM1_the5ers";"Buy";"2011.10.12 01:00:00";"76.346";"0.2";"2011.10.12 11:15:00";"77.462";"144.96";"13799.49";"IS";"PT";"-88.54";"145.96";"10h 15m";""
"219";"AUDJPY_DukasM1_the5ers";"Buy";"2011.10.21 00:00:00";"78.604";"0.15";"2011.10.21 22:00:00";"78.788";"17.30";"13816.79";"IS";"Exit After X Bars";"-38.25";"40.41";"22h 0m";""
"220";"AUDJPY_DukasM1_the5ers";"Buy";"2011.10.28 00:00:00";"81.407";"0.19";"2011.10.28 22:00:00";"81.132";"-35.12";"13781.67";"IS";"Exit After X Bars";"-79.89";"3.11";"22h 0m";""
"221";"AUDJPY_DukasM1_the5ers";"Buy";"2011.11.03 01:00:00";"80.545";"0.17";"2011.11.03 09:25:00";"79.670";"-98.12";"13683.55";"IS";"SL";"-97.27";"0.00";"8h 25m";""
"222";"AUDJPY_DukasM1_the5ers";"Buy";"2011.11.10 01:00:00";"78.687";"0.19";"2011.11.10 23:00:00";"78.753";"7.25";"13690.80";"IS";"Exit After X Bars";"-79.27";"72.31";"22h 0m";""
"223";"AUDJPY_DukasM1_the5ers";"Buy";"2011.12.21 01:00:00";"78.322";"0.29";"2011.12.21 09:12:00";"79.101";"146.28";"13837.08";"IS";"PT";"-4.93";"147.73";"8h 12m";""
"224";"AUDJPY_DukasM1_the5ers";"Buy";"2011.12.28 01:00:00";"79.007";"0.49";"2011.12.28 17:30:00";"78.694";"-102.74";"13734.34";"IS";"SL";"-100.29";"65.37";"16h 30m";""
"225";"AUDJPY_DukasM1_the5ers";"Buy";"2012.01.23 01:00:00";"80.601";"0.31";"2012.01.23 16:55:00";"81.341";"148.46";"13882.80";"IS";"PT";"-24.53";"150.01";"15h 55m";""
"226";"AUDJPY_DukasM1_the5ers";"Buy";"2012.02.02 00:00:00";"81.581";"0.27";"2012.02.02 22:00:00";"81.545";"-7.71";"13875.09";"IS";"Exit After X Bars";"-46.44";"53.14";"22h 0m";""
"227";"AUDJPY_DukasM1_the5ers";"Buy";"2012.02.03 01:00:00";"81.558";"0.29";"2012.02.03 17:00:00";"82.338";"146.47";"14021.56";"IS";"PT";"-48.17";"147.92";"16h 0m";""
"228";"AUDJPY_DukasM1_the5ers";"Buy";"2012.02.07 01:00:00";"82.084";"0.33";"2012.02.07 05:33:00";"82.781";"148.76";"14170.32";"IS";"PT";"-15.32";"150.41";"4h 33m";""
"229";"AUDJPY_DukasM1_the5ers";"Buy";"2012.02.22 01:00:00";"84.904";"0.23";"2012.02.22 23:00:00";"85.384";"71.04";"14241.36";"OOS1";"Exit After X Bars";"-29.18";"103.63";"22h 0m";""
"230";"AUDJPY_DukasM1_the5ers";"Buy";"2012.03.27 01:00:00";"87.181";"0.24";"2012.03.27 23:00:00";"86.990";"-31.18";"14210.19";"OOS1";"Exit After X Bars";"-45.51";"61.68";"22h 0m";""
"231";"AUDJPY_DukasM1_the5ers";"Buy";"2012.04.17 00:00:00";"83.275";"0.23";"2012.04.17 22:00:00";"84.118";"125.64";"14335.83";"OOS1";"Exit After X Bars";"-60.01";"136.42";"22h 0m";""
"232";"AUDJPY_DukasM1_the5ers";"Buy";"2012.06.07 01:00:00";"78.622";"0.19";"2012.06.07 23:00:00";"78.802";"21.41";"14357.24";"OOS1";"Exit After X Bars";"-34.17";"135.30";"22h 0m";""
"233";"AUDJPY_DukasM1_the5ers";"Buy";"2012.06.20 01:00:00";"80.518";"0.28";"2012.06.20 20:04:00";"81.337";"148.56";"14505.80";"OOS1";"PT";"-61.52";"149.96";"19h 4m";""
"234";"AUDJPY_DukasM1_the5ers";"Buy";"2012.06.21 01:00:00";"80.951";"0.22";"2012.06.21 23:00:00";"80.517";"-63.54";"14442.26";"OOS1";"Exit After X Bars";"-67.33";"89.05";"22h 0m";""
"235";"AUDJPY_DukasM1_the5ers";"Buy";"2012.07.06 01:00:00";"82.227";"0.33";"2012.07.06 15:30:00";"81.763";"-101.78";"14340.48";"OOS1";"SL";"-100.13";"0.00";"14h 30m";""
"236";"AUDJPY_DukasM1_the5ers";"Buy";"2012.07.26 01:00:00";"80.585";"0.26";"2012.07.26 14:08:00";"81.448";"145.43";"14485.91";"OOS1";"PT";"-34.68";"146.73";"13h 8m";""
"237";"AUDJPY_DukasM1_the5ers";"Buy";"2012.07.31 01:00:00";"82.028";"0.31";"2012.07.31 23:00:00";"82.090";"11.02";"14496.93";"OOS1";"Exit After X Bars";"-15.81";"88.38";"22h 0m";""
"238";"AUDJPY_DukasM1_the5ers";"Buy";"2012.08.07 00:00:00";"82.697";"0.34";"2012.08.07 22:00:00";"82.990";"63.44";"14560.37";"OOS1";"Exit After X Bars";"-42.02";"116.73";"22h 0m";""
"239";"AUDJPY_DukasM1_the5ers";"Buy";"2012.08.28 00:00:00";"81.660";"0.39";"2012.08.28 04:14:00";"81.265";"-102.69";"14457.69";"OOS1";"SL";"-100.74";"0.00";"4h 14m";""
"240";"AUDJPY_DukasM1_the5ers";"Buy";"2012.08.29 01:00:00";"81.409";"0.4";"2012.08.29 23:00:00";"81.478";"16.05";"14473.73";"OOS1";"Exit After X Bars";"-34.27";"97.30";"22h 0m";""
"241";"AUDJPY_DukasM1_the5ers";"Buy";"2012.09.07 01:00:00";"81.114";"0.35";"2012.09.07 14:31:00";"81.764";"147.02";"14620.75";"OOS1";"PT";"-11.21";"148.77";"13h 31m";""
"242";"AUDJPY_DukasM1_the5ers";"Buy";"2012.09.12 00:00:00";"81.143";"0.41";"2012.09.12 11:38:00";"81.701";"147.55";"14768.31";"OOS1";"PT";"-19.04";"149.60";"11h 38m";""
"243";"AUDJPY_DukasM1_the5ers";"Buy";"2012.09.28 00:00:00";"81.107";"0.35";"2012.09.28 22:00:00";"80.922";"-44.09";"14724.21";"OOS1";"Exit After X Bars";"-89.03";"34.79";"22h 0m";""
"244";"AUDJPY_DukasM1_the5ers";"Buy";"2012.10.25 00:00:00";"82.594";"0.33";"2012.10.25 10:18:00";"83.286";"147.68";"14871.90";"OOS1";"PT";"-9.71";"149.33";"10h 18m";""
"245";"AUDJPY_DukasM1_the5ers";"Buy";"2012.11.07 00:00:00";"83.855";"0.41";"2012.11.07 03:03:00";"83.484";"-101.52";"14770.38";"OOS1";"SL";"-99.47";"5.09";"3h 3m";""
"246";"AUDJPY_DukasM1_the5ers";"Buy";"2012.11.14 00:00:00";"82.836";"0.33";"2012.11.14 09:52:00";"83.531";"148.33";"14918.70";"OOS1";"PT";"-5.18";"149.98";"9h 52m";""
"247";"AUDJPY_DukasM1_the5ers";"Buy";"2012.12.04 01:00:00";"85.656";"0.34";"2012.12.04 23:00:00";"85.701";"8.31";"14927.01";"OOS1";"Exit After X Bars";"-52.03";"58.92";"22h 0m";""
"248";"AUDJPY_DukasM1_the5ers";"Buy";"2012.12.13 01:00:00";"87.767";"0.33";"2012.12.13 23:00:00";"88.016";"52.08";"14979.09";"OOS1";"Exit After X Bars";"-16.40";"113.72";"22h 0m";""
"249";"AUDJPY_DukasM1_the5ers";"Buy";"2012.12.25 01:00:00";"87.910";"0.4";"2012.12.26 01:00:00";"88.048";"34.20";"15013.30";"OOS1";"Exit After X Bars";"-58.07";"78.21";"1d 0h 0m";""
"250";"AUDJPY_DukasM1_the5ers";"Buy";"2012.12.27 01:00:00";"88.656";"0.33";"2012.12.27 22:42:00";"89.345";"147.03";"15160.33";"OOS1";"PT";"-7.12";"148.68";"21h 42m";""
"251";"AUDJPY_DukasM1_the5ers";"Buy";"2013.01.08 01:00:00";"91.905";"0.23";"2013.01.08 17:36:00";"91.243";"-100.72";"15059.61";"OOS1";"SL";"-99.57";"33.09";"16h 36m";""
"252";"AUDJPY_DukasM1_the5ers";"Buy";"2013.02.13 01:00:00";"96.133";"0.19";"2013.02.13 23:00:00";"96.707";"70.37";"15129.98";"OOS1";"Exit After X Bars";"-9.07";"86.23";"22h 0m";""
"253";"AUDJPY_DukasM1_the5ers";"Buy";"2013.03.07 01:00:00";"96.131";"0.29";"2013.03.07 15:30:00";"96.909";"146.09";"15276.07";"OOS1";"PT";"-13.09";"147.54";"14h 30m";""
"254";"AUDJPY_DukasM1_the5ers";"Buy";"2013.03.08 01:00:00";"97.498";"0.29";"2013.03.08 13:30:00";"98.285";"147.80";"15423.86";"OOS1";"PT";"-26.93";"149.25";"12h 30m";""
"255";"AUDJPY_DukasM1_the5ers";"Buy";"2013.03.13 00:00:00";"99.084";"0.23";"2013.03.13 22:00:00";"98.962";"-19.50";"15404.36";"OOS1";"Exit After X Bars";"-81.37";"18.95";"22h 0m";""
"256";"AUDJPY_DukasM1_the5ers";"Buy";"2013.03.14 01:00:00";"98.833";"0.25";"2013.03.14 09:52:00";"99.758";"149.97";"15554.33";"OOS1";"PT";"-3.60";"151.22";"8h 52m";""
"257";"AUDJPY_DukasM1_the5ers";"Buy";"2013.04.02 01:00:00";"97.169";"0.28";"2013.04.02 23:00:00";"97.609";"79.16";"15633.50";"OOS1";"Exit After X Bars";"-48.34";"125.61";"22h 0m";""
"258";"AUDJPY_DukasM1_the5ers";"Buy";"2013.04.10 00:00:00";"103.869";"0.17";"2013.04.10 20:01:00";"105.216";"148.89";"15782.39";"OOS1";"PT";"-18.68";"149.74";"20h 1m";""
"259";"AUDJPY_DukasM1_the5ers";"Buy";"2013.04.11 01:00:00";"105.230";"0.2";"2013.04.11 05:43:00";"104.482";"-98.83";"15683.56";"OOS1";"SL";"-97.83";"3.92";"4h 43m";""
"260";"AUDJPY_DukasM1_the5ers";"Buy";"2013.04.12 00:00:00";"105.116";"0.19";"2013.04.12 11:57:00";"104.343";"-96.99";"15586.57";"OOS1";"SL";"-96.04";"11.06";"11h 57m";""
"261";"AUDJPY_DukasM1_the5ers";"Buy";"2013.04.30 00:00:00";"101.194";"0.2";"2013.04.30 22:00:00";"101.047";"-20.23";"15566.34";"OOS1";"Exit After X Bars";"-89.98";"45.38";"22h 0m";""
"262";"AUDJPY_DukasM1_the5ers";"Buy";"2013.05.14 00:00:00";"101.345";"0.22";"2013.05.14 22:00:00";"100.988";"-52.46";"15513.89";"OOS1";"Exit After X Bars";"-96.39";"14.67";"22h 0m";""
"263";"AUDJPY_DukasM1_the5ers";"Buy";"2013.05.21 01:00:00";"100.293";"0.27";"2013.05.21 23:00:00";"100.474";"30.61";"15544.49";"OOS1";"Exit After X Bars";"-28.25";"113.53";"22h 0m";""
"264";"AUDJPY_DukasM1_the5ers";"Buy";"2013.07.08 01:00:00";"91.670";"0.21";"2013.07.08 23:00:00";"92.286";"83.54";"15628.03";"OOS1";"Exit After X Bars";"-39.69";"92.01";"22h 0m";""
"265";"AUDJPY_DukasM1_the5ers";"Buy";"2013.07.09 01:00:00";"92.129";"0.24";"2013.07.09 23:00:00";"92.867";"114.62";"15742.66";"OOS1";"Exit After X Bars";"-56.19";"147.84";"22h 0m";""
"266";"AUDJPY_DukasM1_the5ers";"Buy";"2013.07.24 00:00:00";"92.414";"0.27";"2013.07.24 19:18:00";"91.848";"-101.28";"15641.38";"OOS1";"SL";"-99.93";"56.15";"19h 18m";""
"267";"AUDJPY_DukasM1_the5ers";"Buy";"2013.08.01 01:00:00";"87.486";"0.21";"2013.08.01 12:20:00";"88.568";"147.53";"15788.91";"OOS1";"PT";"-17.44";"148.58";"11h 20m";""
"268";"AUDJPY_DukasM1_the5ers";"Buy";"2013.08.22 00:00:00";"87.609";"0.19";"2013.08.22 11:16:00";"88.772";"143.55";"15932.46";"OOS1";"PT";"-25.72";"144.50";"11h 16m";""
"269";"AUDJPY_DukasM1_the5ers";"Buy";"2013.08.26 01:00:00";"89.030";"0.26";"2013.08.26 23:00:00";"88.816";"-37.68";"15894.77";"OOS1";"Exit After X Bars";"-53.73";"39.95";"22h 0m";""
"270";"AUDJPY_DukasM1_the5ers";"Buy";"2013.09.06 00:00:00";"91.318";"0.24";"2013.09.06 16:47:00";"90.701";"-98.03";"15796.74";"OOS1";"SL";"-96.83";"22.44";"16h 47m";""
"271";"AUDJPY_DukasM1_the5ers";"Buy";"2013.09.24 01:00:00";"93.126";"0.28";"2013.09.24 15:49:00";"92.577";"-101.92";"15694.82";"OOS1";"SL";"-100.52";"47.24";"14h 49m";""
"272";"AUDJPY_DukasM1_the5ers";"Buy";"2013.09.26 00:00:00";"92.222";"0.26";"2013.09.26 22:00:00";"92.436";"35.08";"15729.90";"OOS1";"Exit After X Bars";"-30.26";"134.32";"22h 0m";""
"273";"AUDJPY_DukasM1_the5ers";"Buy";"2013.09.30 01:00:00";"90.998";"0.24";"2013.09.30 23:00:00";"91.682";"106.15";"15836.05";"OOS1";"Exit After X Bars";"-40.96";"140.46";"22h 0m";""
"274";"AUDJPY_DukasM1_the5ers";"Buy";"2013.10.08 01:00:00";"91.148";"0.28";"2013.10.08 13:16:00";"91.948";"145.08";"15981.13";"OOS1";"PT";"-17.21";"146.48";"12h 16m";""
"275";"AUDJPY_DukasM1_the5ers";"Buy";"2013.10.14 01:00:00";"92.613";"0.23";"2013.10.14 22:15:00";"93.593";"146.24";"16127.37";"OOS1";"PT";"-2.71";"147.39";"21h 15m";""
"276";"AUDJPY_DukasM1_the5ers";"Buy";"2013.10.18 01:00:00";"94.259";"0.27";"2013.10.18 23:00:00";"94.630";"64.15";"16191.53";"OOS1";"Exit After X Bars";"-19.77";"70.80";"22h 0m";""
"277";"AUDJPY_DukasM1_the5ers";"Buy";"2013.10.31 00:00:00";"93.346";"0.3";"2013.10.31 17:50:00";"92.848";"-99.20";"16092.33";"OOS1";"SL";"-97.70";"51.20";"17h 50m";""
"278";"AUDJPY_DukasM1_the5ers";"Buy";"2013.11.12 01:00:00";"92.761";"0.39";"2013.11.12 23:00:00";"92.698";"-18.02";"16074.31";"OOS1";"Exit After X Bars";"-99.21";"79.82";"22h 0m";""
"279";"AUDJPY_DukasM1_the5ers";"Buy";"2013.12.11 01:00:00";"94.049";"0.31";"2013.12.11 09:31:00";"93.560";"-100.68";"15973.64";"OOS1";"SL";"-99.13";"17.43";"8h 31m";""
"280";"AUDJPY_DukasM1_the5ers";"Buy";"2013.12.20 01:00:00";"92.303";"0.27";"2013.12.20 23:00:00";"92.859";"96.82";"16070.45";"OOS1";"Exit After X Bars";"-3.88";"125.00";"22h 0m";""
"281";"AUDJPY_DukasM1_the5ers";"Buy";"2013.12.24 01:00:00";"92.990";"0.4";"2013.12.24 23:00:00";"93.049";"13.43";"16083.89";"OOS1";"Exit After X Bars";"-50.48";"41.07";"22h 0m";""
"282";"AUDJPY_DukasM1_the5ers";"Buy";"2013.12.31 01:00:00";"93.522";"0.42";"2013.12.31 18:41:00";"94.063";"146.48";"16230.37";"OOS1";"PT";"-20.87";"148.58";"17h 41m";""
"283";"AUDJPY_DukasM1_the5ers";"Buy";"2014.01.02 00:00:00";"93.504";"0.35";"2014.01.02 22:00:00";"93.247";"-60.57";"16169.80";"OOS1";"Exit After X Bars";"-80.33";"105.74";"22h 0m";""
"284";"AUDJPY_DukasM1_the5ers";"Buy";"2014.01.28 00:00:00";"89.618";"0.16";"2014.01.28 22:00:00";"90.215";"61.66";"16231.46";"OOS1";"Exit After X Bars";"-7.95";"141.04";"22h 0m";""
"285";"AUDJPY_DukasM1_the5ers";"Buy";"2014.02.05 00:00:00";"90.721";"0.17";"2014.02.05 10:03:00";"89.867";"-95.79";"16135.68";"OOS1";"SL";"-94.94";"7.56";"10h 3m";""
"286";"AUDJPY_DukasM1_the5ers";"Buy";"2014.02.07 01:00:00";"91.270";"0.22";"2014.02.07 23:00:00";"91.614";"48.39";"16184.07";"OOS1";"Exit After X Bars";"-52.37";"84.74";"22h 0m";""
"287";"AUDJPY_DukasM1_the5ers";"Buy";"2014.02.12 00:00:00";"92.774";"0.26";"2014.02.12 22:00:00";"92.535";"-41.93";"16142.13";"OOS1";"Exit After X Bars";"-81.44";"33.32";"22h 0m";""
"1";"AUDJPY_DukasM1_the5ers";"Buy";"2014.03.20 00:00:00";"92.503";"0.26";"2014.03.20 22:00:00";"92.570";"10.09";"16152.22";"OOS1";"Exit After X Bars";"-63.93";"35.36";"22h 0m";""
"2";"AUDJPY_DukasM1_the5ers";"Buy";"2014.03.21 01:00:00";"92.525";"0.31";"2014.03.24 01:00:00";"92.974";"89.55";"16241.77";"OOS1";"Exit After X Bars";"-11.96";"112.91";"3d 0h 0m";""
"3";"AUDJPY_DukasM1_the5ers";"Buy";"2014.03.26 00:00:00";"93.708";"0.35";"2014.03.26 11:00:00";"94.361";"147.70";"16389.48";"OOS1";"PT";"-14.42";"149.45";"11h 0m";""
"4";"AUDJPY_DukasM1_the5ers";"Buy";"2014.03.28 01:00:00";"94.629";"0.33";"2014.03.31 01:00:00";"95.153";"111.52";"16500.99";"OOS1";"Exit After X Bars";"-14.46";"130.77";"3d 0h 0m";""
"5";"AUDJPY_DukasM1_the5ers";"Buy";"2014.04.17 00:00:00";"95.797";"0.31";"2014.04.17 22:00:00";"95.528";"-56.08";"16444.91";"OOS1";"Exit After X Bars";"-92.44";"23.52";"22h 0m";""
"6";"AUDJPY_DukasM1_the5ers";"Buy";"2014.05.27 00:00:00";"94.164";"0.62";"2014.05.27 09:00:00";"94.535";"147.32";"16592.23";"OOS1";"PT";"-12.57";"150.42";"9h 0m";""
"7";"AUDJPY_DukasM1_the5ers";"Buy";"2014.07.02 01:00:00";"96.426";"0.47";"2014.07.02 05:21:00";"96.104";"-101.31";"16490.91";"OOS1";"SL";"-98.96";"4.61";"4h 21m";""
"8";"AUDJPY_DukasM1_the5ers";"Buy";"2014.07.24 00:00:00";"95.953";"0.59";"2014.07.24 10:10:00";"95.692";"-103.65";"16387.27";"OOS1";"SL";"-100.70";"86.81";"10h 10m";""
"9";"AUDJPY_DukasM1_the5ers";"Buy";"2014.07.29 01:00:00";"95.800";"0.65";"2014.07.29 23:00:00";"95.791";"-7.08";"16380.19";"OOS1";"Exit After X Bars";"-45.91";"41.23";"22h 0m";""
"10";"AUDJPY_DukasM1_the5ers";"Buy";"2014.08.13 01:00:00";"94.757";"0.6";"2014.08.13 10:41:00";"95.141";"147.66";"16527.86";"OOS1";"PT";"-7.85";"150.66";"9h 41m";""
"11";"AUDJPY_DukasM1_the5ers";"Buy";"2014.08.19 01:00:00";"95.649";"0.65";"2014.08.19 23:00:00";"95.729";"30.75";"16558.61";"OOS1";"Exit After X Bars";"-14.45";"124.11";"22h 0m";""
"12";"AUDJPY_DukasM1_the5ers";"Buy";"2014.08.27 00:00:00";"96.854";"0.56";"2014.08.27 22:00:00";"97.016";"56.52";"16615.13";"OOS1";"Exit After X Bars";"-27.83";"111.32";"22h 0m";""
"13";"AUDJPY_DukasM1_the5ers";"Buy";"2014.09.03 00:00:00";"97.470";"0.59";"2014.09.03 11:04:00";"97.863";"148.68";"16763.81";"OOS1";"PT";"-10.80";"151.63";"11h 4m";""
"14";"AUDJPY_DukasM1_the5ers";"Buy";"2014.09.08 01:00:00";"98.474";"0.43";"2014.09.08 17:28:00";"98.123";"-100.85";"16662.96";"OOS1";"SL";"-98.70";"32.06";"16h 28m";""
"15";"AUDJPY_DukasM1_the5ers";"Buy";"2014.09.15 01:00:00";"96.732";"0.34";"2014.09.15 23:00:00";"96.727";"-2.81";"16660.15";"OOS1";"Exit After X Bars";"-75.59";"35.13";"22h 0m";""
"16";"AUDJPY_DukasM1_the5ers";"Buy";"2014.09.30 01:00:00";"95.438";"0.32";"2014.09.30 23:00:00";"96.008";"117.68";"16777.83";"OOS1";"Exit After X Bars";"-66.96";"123.46";"22h 0m";""
"17";"AUDJPY_DukasM1_the5ers";"Buy";"2014.10.29 00:00:00";"95.727";"0.38";"2014.10.29 22:00:00";"95.782";"11.77";"16789.59";"OOS1";"Exit After X Bars";"-47.71";"136.92";"22h 0m";""
"18";"AUDJPY_DukasM1_the5ers";"Buy";"2014.11.13 01:00:00";"100.694";"0.26";"2014.11.13 23:00:00";"100.900";"33.72";"16823.32";"OOS1";"Exit After X Bars";"-72.77";"86.71";"22h 0m";""
"19";"AUDJPY_DukasM1_the5ers";"Buy";"2014.12.02 01:00:00";"100.463";"0.25";"2014.12.02 23:00:00";"100.707";"38.64";"16861.96";"OOS1";"Exit After X Bars";"-31.72";"113.62";"22h 0m";""
"20";"AUDJPY_DukasM1_the5ers";"Buy";"2014.12.04 00:00:00";"100.695";"0.28";"2014.12.04 22:00:00";"100.394";"-56.51";"16805.44";"OOS1";"Exit After X Bars";"-86.61";"45.23";"22h 0m";""
"21";"AUDJPY_DukasM1_the5ers";"Buy";"2014.12.05 01:00:00";"100.426";"0.27";"2014.12.05 17:06:00";"101.255";"145.02";"16950.46";"OOS1";"PT";"-9.18";"146.37";"16h 6m";""
"22";"AUDJPY_DukasM1_the5ers";"Buy";"2014.12.12 00:00:00";"98.133";"0.17";"2014.12.12 22:00:00";"97.959";"-20.19";"16930.27";"OOS1";"Exit After X Bars";"-48.80";"31.13";"22h 0m";""
"23";"AUDJPY_DukasM1_the5ers";"Buy";"2014.12.15 01:00:00";"97.567";"0.19";"2014.12.15 20:28:00";"96.788";"-97.74";"16832.53";"OOS1";"SL";"-96.79";"56.53";"19h 28m";""
"24";"AUDJPY_DukasM1_the5ers";"Buy";"2014.12.26 00:04:00";"97.437";"0.39";"2014.12.26 22:00:00";"97.693";"63.34";"16895.87";"OOS1";"Exit After X Bars";"-14.03";"113.23";"21h 56m";""
"25";"AUDJPY_DukasM1_the5ers";"Buy";"2015.01.06 01:00:00";"96.450";"0.24";"2015.01.06 20:25:00";"95.832";"-98.19";"16797.68";"OOS1";"SL";"-96.99";"120.85";"19h 25m";""
"26";"AUDJPY_DukasM1_the5ers";"Buy";"2015.01.20 01:00:00";"96.464";"0.21";"2015.01.20 23:00:00";"97.024";"75.85";"16873.53";"OOS1";"Exit After X Bars";"-15.52";"127.02";"22h 0m";""
"27";"AUDJPY_DukasM1_the5ers";"Buy";"2015.01.27 01:00:00";"93.790";"0.2";"2015.01.27 23:00:00";"93.503";"-38.54";"16834.99";"OOS1";"Exit After X Bars";"-79.26";"38.84";"22h 0m";""
"28";"AUDJPY_DukasM1_the5ers";"Buy";"2015.01.28 01:00:00";"93.348";"0.21";"2015.01.28 04:46:00";"94.446";"149.73";"16984.73";"OOS1";"PT";"-15.52";"150.78";"3h 46m";""
"29";"AUDJPY_DukasM1_the5ers";"Buy";"2015.02.06 00:00:00";"91.636";"0.16";"2015.02.06 17:03:00";"93.006";"142.54";"17127.27";"OOS1";"PT";"-6.07";"143.34";"17h 3m";""
"30";"AUDJPY_DukasM1_the5ers";"Buy";"2015.02.16 01:00:00";"92.140";"0.25";"2015.02.16 23:00:00";"92.076";"-11.71";"17115.55";"OOS1";"Exit After X Bars";"-63.10";"43.65";"22h 0m";""
"31";"AUDJPY_DukasM1_the5ers";"Buy";"2015.02.18 01:00:00";"93.131";"0.27";"2015.02.18 23:00:00";"92.780";"-63.32";"17052.23";"OOS1";"Exit After X Bars";"-89.34";"30.19";"22h 0m";""
"32";"AUDJPY_DukasM1_the5ers";"Buy";"2015.03.03 01:00:00";"93.253";"0.33";"2015.03.03 23:00:00";"93.588";"70.64";"17122.87";"OOS1";"Exit After X Bars";"-59.34";"129.05";"22h 0m";""
"33";"AUDJPY_DukasM1_the5ers";"Buy";"2015.04.28 01:00:00";"93.482";"0.31";"2015.04.28 13:08:00";"94.207";"145.42";"17268.29";"OOS1";"PT";"-32.23";"146.97";"12h 8m";""
"34";"AUDJPY_DukasM1_the5ers";"Buy";"2015.04.29 01:00:00";"95.355";"0.28";"2015.04.29 23:00:00";"95.454";"16.73";"17285.02";"OOS1";"Exit After X Bars";"-92.46";"108.39";"22h 0m";""
"35";"AUDJPY_DukasM1_the5ers";"Buy";"2015.05.05 00:00:00";"94.122";"0.31";"2015.05.05 07:30:00";"93.633";"-100.68";"17184.34";"OOS1";"SL";"-99.13";"56.96";"7h 30m";""
"36";"AUDJPY_DukasM1_the5ers";"Buy";"2015.05.06 00:00:00";"95.178";"0.23";"2015.05.06 22:00:00";"95.038";"-22.21";"17162.13";"OOS1";"Exit After X Bars";"-30.68";"113.85";"22h 0m";""
"37";"AUDJPY_DukasM1_the5ers";"Buy";"2015.05.12 00:00:00";"94.765";"0.26";"2015.05.12 13:00:00";"95.626";"145.09";"17307.22";"OOS1";"PT";"-5.95";"146.39";"13h 0m";""
"38";"AUDJPY_DukasM1_the5ers";"Buy";"2015.05.25 01:00:00";"94.946";"0.35";"2015.05.25 23:00:00";"95.084";"29.83";"17337.06";"OOS1";"Exit After X Bars";"-4.58";"79.19";"22h 0m";""
"39";"AUDJPY_DukasM1_the5ers";"Buy";"2015.06.03 01:00:00";"96.442";"0.26";"2015.06.03 23:00:00";"96.718";"45.63";"17382.68";"OOS1";"Exit After X Bars";"-32.30";"92.66";"22h 0m";""
"40";"AUDJPY_DukasM1_the5ers";"Buy";"2015.06.11 01:00:00";"95.027";"0.2";"2015.06.11 23:00:00";"95.802";"100.36";"17483.04";"OOS1";"Exit After X Bars";"-34.66";"103.45";"22h 0m";""
"41";"AUDJPY_DukasM1_the5ers";"Buy";"2015.06.16 01:00:00";"95.786";"0.32";"2015.06.16 23:00:00";"95.527";"-55.80";"17427.24";"OOS1";"Exit After X Bars";"-79.94";"45.20";"22h 0m";""
"42";"AUDJPY_DukasM1_the5ers";"Buy";"2015.06.26 00:00:00";"95.654";"0.38";"2015.06.26 04:29:00";"95.254";"-101.30";"17325.95";"OOS1";"SL";"-99.40";"6.71";"4h 29m";""
"43";"AUDJPY_DukasM1_the5ers";"Buy";"2015.06.29 01:00:00";"93.472";"0.22";"2015.06.29 01:02:00";"92.792";"-98.93";"17227.02";"OOS1";"SL";"-97.83";"13.95";"2m 0s";""
"44";"AUDJPY_DukasM1_the5ers";"Buy";"2015.07.06 01:00:00";"91.167";"0.21";"2015.07.06 17:09:00";"92.268";"150.14";"17377.16";"OOS1";"PT";"-29.25";"151.19";"16h 9m";""
"45";"AUDJPY_DukasM1_the5ers";"Buy";"2015.07.15 01:00:00";"91.937";"0.29";"2015.07.15 18:24:00";"91.411";"-101.20";"17275.96";"OOS1";"SL";"-99.75";"92.73";"17h 24m";""
"46";"AUDJPY_DukasM1_the5ers";"Buy";"2015.07.17 00:00:00";"91.924";"0.26";"2015.07.17 22:00:00";"91.541";"-66.42";"17209.54";"OOS1";"Exit After X Bars";"-94.19";"29.58";"22h 0m";""
"47";"AUDJPY_DukasM1_the5ers";"Buy";"2015.07.21 00:00:00";"91.528";"0.31";"2015.07.21 17:27:00";"92.260";"146.84";"17356.38";"OOS1";"PT";"-37.10";"148.39";"17h 27m";""
"48";"AUDJPY_DukasM1_the5ers";"Buy";"2015.07.22 00:00:00";"91.915";"0.31";"2015.07.22 05:12:00";"91.424";"-101.08";"17255.30";"OOS1";"SL";"-99.53";"20.27";"5h 12m";""
"49";"AUDJPY_DukasM1_the5ers";"Buy";"2015.08.10 01:00:00";"92.028";"0.3";"2015.08.10 23:00:00";"92.308";"53.43";"17308.73";"OOS1";"Exit After X Bars";"-56.30";"81.02";"22h 0m";""
"50";"AUDJPY_DukasM1_the5ers";"Buy";"2015.08.18 01:00:00";"91.727";"0.4";"2015.08.18 09:49:00";"91.344";"-102.18";"17206.55";"OOS1";"SL";"-100.18";"43.94";"8h 49m";""
"51";"AUDJPY_DukasM1_the5ers";"Buy";"2015.09.02 00:00:00";"83.769";"0.15";"2015.09.02 22:00:00";"84.514";"72.33";"17278.88";"OOS1";"Exit After X Bars";"-13.14";"97.99";"22h 0m";""
"52";"AUDJPY_DukasM1_the5ers";"Buy";"2015.09.09 00:00:00";"84.078";"0.19";"2015.09.09 16:05:00";"85.264";"146.41";"17425.28";"OOS1";"PT";"-4.10";"147.36";"16h 5m";""
"53";"AUDJPY_DukasM1_the5ers";"Buy";"2015.09.15 01:00:00";"85.765";"0.21";"2015.09.15 09:36:00";"85.048";"-99.51";"17325.77";"OOS1";"SL";"-98.46";"76.49";"8h 36m";""
"54";"AUDJPY_DukasM1_the5ers";"Buy";"2015.09.17 01:00:00";"86.709";"0.26";"2015.09.17 22:52:00";"86.138";"-98.38";"17227.39";"OOS1";"SL";"-97.08";"135.68";"21h 52m";""
"55";"AUDJPY_DukasM1_the5ers";"Buy";"2015.10.22 00:00:00";"86.459";"0.28";"2015.10.22 22:00:00";"87.040";"104.98";"17332.37";"OOS1";"Exit After X Bars";"-84.41";"127.80";"22h 0m";""
"56";"AUDJPY_DukasM1_the5ers";"Buy";"2015.10.30 01:00:00";"85.638";"0.28";"2015.11.02 01:00:00";"85.911";"48.66";"17381.03";"OOS1";"Exit After X Bars";"-38.63";"117.92";"3d 0h 0m";""
"57";"AUDJPY_DukasM1_the5ers";"Buy";"2015.11.04 01:00:00";"86.971";"0.31";"2015.11.04 23:00:00";"86.939";"-8.04";"17372.99";"OOS1";"Exit After X Bars";"-46.42";"123.66";"22h 0m";""
"58";"AUDJPY_DukasM1_the5ers";"Buy";"2015.12.01 00:00:00";"88.975";"0.35";"2015.12.01 10:55:00";"89.627";"147.48";"17520.47";"OOS1";"PT";"-21.29";"149.23";"10h 55m";""
"59";"AUDJPY_DukasM1_the5ers";"Buy";"2015.12.02 00:00:00";"89.972";"0.3";"2015.12.02 22:00:00";"89.956";"-4.64";"17515.83";"OOS1";"Exit After X Bars";"-32.57";"100.25";"22h 0m";""
"60";"AUDJPY_DukasM1_the5ers";"Buy";"2015.12.07 01:00:00";"90.370";"0.26";"2015.12.07 15:01:00";"89.800";"-98.21";"17417.62";"OOS1";"SL";"-96.91";"18.02";"14h 1m";""
"61";"AUDJPY_DukasM1_the5ers";"Buy";"2015.12.25 01:00:00";"87.335";"0.35";"2015.12.28 13:00:00";"87.510";"38.40";"17456.01";"OOS1";"Exit After X Bars";"-33.19";"63.40";"3d 12h 0m";""
"62";"AUDJPY_DukasM1_the5ers";"Buy";"2015.12.30 01:00:00";"87.828";"0.5";"2015.12.30 23:00:00";"87.834";"-0.54";"17455.47";"OOS1";"Exit After X Bars";"-73.24";"48.06";"22h 0m";""
"63";"AUDJPY_DukasM1_the5ers";"Buy";"2016.01.27 01:00:00";"82.863";"0.19";"2016.01.27 18:39:00";"84.054";"147.03";"17602.50";"OOS1";"PT";"-20.38";"147.98";"17h 39m";""
"1";"AUDJPY_DukasM1_the5ers";"Buy";"2016.03.10 01:00:00";"84.688";"0.16";"2016.03.10 19:44:00";"83.731";"-100.93";"17501.57";"OOS1";"SL";"-100.13";"97.20";"18h 44m";""
"2";"AUDJPY_DukasM1_the5ers";"Buy";"2016.03.14 01:00:00";"85.845";"0.15";"2016.03.14 20:00:00";"85.310";"-53.23";"17448.35";"OOS1";"Exit After X Bars";"-57.77";"55.03";"19h 0m";""
"3";"AUDJPY_DukasM1_the5ers";"Buy";"2016.04.12 00:00:00";"81.971";"0.15";"2016.04.12 19:00:00";"83.118";"111.76";"17560.10";"OOS1";"Exit After X Bars";"-10.69";"130.26";"19h 0m";""
"4";"AUDJPY_DukasM1_the5ers";"Buy";"2016.04.21 01:00:00";"85.533";"0.19";"2016.04.21 20:00:00";"84.912";"-78.11";"17482.00";"OOS1";"Exit After X Bars";"-91.44";"47.83";"19h 0m";""
"5";"AUDJPY_DukasM1_the5ers";"Buy";"2016.05.12 00:00:00";"79.958";"0.2";"2016.05.12 19:00:00";"79.519";"-58.41";"17423.58";"OOS1";"Exit After X Bars";"-66.18";"54.80";"19h 0m";""
"6";"AUDJPY_DukasM1_the5ers";"Buy";"2016.05.17 00:00:00";"79.469";"0.25";"2016.05.17 09:29:00";"80.405";"151.77";"17575.35";"OOS1";"PT";"-28.28";"153.02";"9h 29m";""
"7";"AUDJPY_DukasM1_the5ers";"Buy";"2016.05.19 01:00:00";"79.608";"0.21";"2016.05.19 20:00:00";"79.215";"-55.02";"17520.33";"OOS1";"Exit After X Bars";"-80.61";"18.95";"19h 0m";""
"8";"AUDJPY_DukasM1_the5ers";"Buy";"2016.08.25 00:00:00";"76.483";"0.34";"2016.08.25 19:00:00";"76.547";"12.53";"17532.86";"OOS1";"Exit After X Bars";"-14.45";"52.69";"19h 0m";""
"9";"AUDJPY_DukasM1_the5ers";"Buy";"2016.08.31 00:00:00";"77.308";"0.38";"2016.08.31 19:00:00";"77.721";"100.73";"17633.59";"OOS1";"Exit After X Bars";"-5.96";"115.30";"19h 0m";""
"10";"AUDJPY_DukasM1_the5ers";"Buy";"2016.09.01 01:00:00";"77.684";"0.37";"2016.09.01 20:00:00";"78.016";"78.48";"17712.07";"OOS1";"Exit After X Bars";"-48.39";"124.12";"19h 0m";""
"11";"AUDJPY_DukasM1_the5ers";"Buy";"2016.09.26 01:00:00";"76.936";"0.3";"2016.09.26 20:00:00";"76.640";"-59.57";"17652.50";"OOS1";"Exit After X Bars";"-95.54";"8.63";"19h 0m";""
"12";"AUDJPY_DukasM1_the5ers";"Buy";"2016.10.11 01:00:00";"78.849";"0.31";"2016.10.11 06:47:00";"78.358";"-101.08";"17551.41";"OOS1";"SL";"-99.53";"13.58";"5h 47m";""
"13";"AUDJPY_DukasM1_the5ers";"Buy";"2016.10.13 01:00:00";"78.866";"0.27";"2016.10.13 05:12:00";"78.309";"-99.69";"17451.72";"OOS1";"SL";"-98.34";"16.24";"4h 12m";""
"14";"AUDJPY_DukasM1_the5ers";"Buy";"2016.11.04 00:00:00";"79.103";"0.25";"2016.11.04 19:00:00";"79.132";"3.49";"17455.21";"OOS1";"Exit After X Bars";"-40.38";"47.08";"19h 0m";""
"15";"AUDJPY_DukasM1_the5ers";"Buy";"2016.11.22 00:00:00";"81.613";"0.27";"2016.11.22 19:00:00";"81.979";"63.27";"17518.48";"OOS1";"Exit After X Bars";"-34.43";"104.17";"19h 0m";""
"16";"AUDJPY_DukasM1_the5ers";"Buy";"2016.11.24 01:00:00";"83.040";"0.25";"2016.11.24 18:37:00";"83.956";"148.50";"17666.98";"OOS1";"PT";"-19.13";"149.75";"17h 37m";""
"17";"AUDJPY_DukasM1_the5ers";"Buy";"2016.11.28 01:00:00";"83.988";"0.21";"2016.11.28 03:27:00";"83.279";"-98.41";"17568.57";"OOS1";"SL";"-97.36";"7.42";"2h 27m";""
"18";"AUDJPY_DukasM1_the5ers";"Buy";"2016.12.09 01:00:00";"85.011";"0.26";"2016.12.09 13:40:00";"85.922";"153.59";"17722.16";"OOS1";"PT";"-4.93";"154.89";"12h 40m";""
"19";"AUDJPY_DukasM1_the5ers";"Buy";"2016.12.22 00:00:00";"85.075";"0.29";"2016.12.22 19:00:00";"84.760";"-61.19";"17660.97";"OOS1";"Exit After X Bars";"-85.15";"41.91";"19h 0m";""
"20";"AUDJPY_DukasM1_the5ers";"Buy";"2017.02.09 01:00:00";"85.455";"0.28";"2017.02.09 18:22:00";"86.294";"152.22";"17813.19";"OOS1";"PT";"-17.39";"153.62";"17h 22m";""
"21";"AUDJPY_DukasM1_the5ers";"Buy";"2017.03.07 00:00:00";"86.321";"0.34";"2017.03.07 19:00:00";"86.649";"71.23";"17884.42";"OOS1";"Exit After X Bars";"-13.12";"131.18";"19h 0m";""
"22";"AUDJPY_DukasM1_the5ers";"Buy";"2017.03.14 00:00:00";"86.964";"0.35";"2017.03.14 19:00:00";"86.705";"-61.03";"17823.39";"OOS1";"Exit After X Bars";"-81.48";"9.84";"19h 0m";""
"23";"AUDJPY_DukasM1_the5ers";"Buy";"2017.04.21 01:00:00";"82.262";"0.27";"2017.04.21 20:00:00";"82.160";"-19.36";"17804.03";"OOS1";"Exit After X Bars";"-50.32";"30.90";"19h 0m";""
"24";"AUDJPY_DukasM1_the5ers";"Buy";"2017.05.11 00:00:00";"84.169";"0.27";"2017.05.11 17:02:00";"83.610";"-100.05";"17703.98";"OOS1";"SL";"-98.70";"13.24";"17h 2m";""
"25";"AUDJPY_DukasM1_the5ers";"Buy";"2017.05.25 00:00:00";"83.652";"0.27";"2017.05.25 19:00:00";"83.387";"-48.14";"17655.84";"OOS1";"Exit After X Bars";"-58.44";"40.26";"19h 0m";""
"26";"AUDJPY_DukasM1_the5ers";"Buy";"2017.05.30 00:00:00";"82.775";"0.4";"2017.05.30 03:56:00";"82.394";"-101.66";"17554.19";"OOS1";"SL";"-99.66";"9.94";"3h 56m";""
"27";"AUDJPY_DukasM1_the5ers";"Buy";"2017.05.31 01:00:00";"82.724";"0.32";"2017.05.31 16:49:00";"82.244";"-102.04";"17452.14";"OOS1";"SL";"-100.44";"47.29";"15h 49m";""
"28";"AUDJPY_DukasM1_the5ers";"Buy";"2017.06.22 00:00:00";"84.103";"0.29";"2017.06.22 19:00:00";"83.973";"-26.10";"17426.04";"OOS1";"Exit After X Bars";"-71.68";"50.25";"19h 0m";""
"29";"AUDJPY_DukasM1_the5ers";"Buy";"2017.07.26 01:00:00";"88.797";"0.31";"2017.07.26 08:53:00";"88.311";"-100.07";"17325.97";"OOS1";"SL";"-98.52";"24.33";"7h 53m";""
"30";"AUDJPY_DukasM1_the5ers";"Buy";"2017.08.29 01:00:00";"86.375";"0.24";"2017.08.29 01:22:00";"85.755";"-98.50";"17227.46";"OOS1";"SL";"-97.30";"2.82";"22m 0s";""
"31";"AUDJPY_DukasM1_the5ers";"Buy";"2017.09.04 01:00:00";"87.201";"0.24";"2017.09.04 20:00:00";"87.182";"-4.18";"17223.28";"OOS1";"Exit After X Bars";"-33.74";"57.91";"19h 0m";""
"32";"AUDJPY_DukasM1_the5ers";"Buy";"2017.09.20 01:00:00";"89.373";"0.29";"2017.09.20 20:00:00";"89.964";"110.63";"17333.91";"OOS1";"Exit After X Bars";"-27.69";"122.89";"19h 0m";""
"33";"AUDJPY_DukasM1_the5ers";"Buy";"2017.10.10 01:00:00";"87.358";"0.37";"2017.10.10 20:00:00";"87.383";"4.20";"17338.11";"OOS1";"Exit After X Bars";"-26.61";"100.65";"19h 0m";""
"34";"AUDJPY_DukasM1_the5ers";"Buy";"2017.10.16 01:00:00";"88.222";"0.36";"2017.10.16 17:57:00";"87.802";"-100.67";"17237.44";"OOS1";"SL";"-98.87";"15.30";"16h 57m";""
"35";"AUDJPY_DukasM1_the5ers";"Buy";"2017.11.27 01:00:00";"84.941";"0.42";"2017.11.27 04:13:00";"84.581";"-100.97";"17136.46";"OOS1";"SL";"-98.87";"20.60";"3h 13m";""
"36";"AUDJPY_DukasM1_the5ers";"Buy";"2017.12.14 00:00:00";"85.953";"0.37";"2017.12.14 19:00:00";"86.341";"92.03";"17228.49";"OOS1";"Exit After X Bars";"-8.23";"130.17";"19h 0m";""
"37";"AUDJPY_DukasM1_the5ers";"Buy";"2017.12.19 00:00:00";"86.220";"0.43";"2017.12.19 19:00:00";"86.444";"60.84";"17289.32";"OOS1";"Exit After X Bars";"-7.59";"82.67";"19h 0m";""
"38";"AUDJPY_DukasM1_the5ers";"Buy";"2017.12.20 00:00:00";"86.515";"0.44";"2017.12.20 19:00:00";"86.916";"113.18";"17402.50";"OOS1";"Exit After X Bars";"-25.90";"132.64";"19h 0m";""
"39";"AUDJPY_DukasM1_the5ers";"Buy";"2017.12.22 01:00:00";"87.286";"0.42";"2017.12.22 20:00:00";"87.360";"18.22";"17420.73";"OOS1";"Exit After X Bars";"-4.94";"65.09";"19h 0m";""
"40";"AUDJPY_DukasM1_the5ers";"Buy";"2018.01.23 01:00:00";"88.896";"0.41";"2018.01.23 05:15:00";"88.526";"-101.25";"17319.48";"OOS1";"SL";"-99.20";"45.85";"4h 15m";""
"1";"AUDJPY_DukasM1_the5ers";"Buy";"2018.01.30 00:00:00";"88.184";"0.56";"2018.01.30 06:13:00";"87.908";"-103.87";"17215.61";"OOS1";"SL";"-101.07";"44.31";"6h 13m";""
"2";"AUDJPY_DukasM1_the5ers";"Buy";"2018.01.31 00:00:00";"87.905";"0.49";"2018.01.31 15:30:00";"88.311";"127.64";"17343.25";"OOS1";"PT";"-84.91";"130.09";"15h 30m";""
"3";"AUDJPY_DukasM1_the5ers";"Buy";"2018.04.06 00:00:00";"82.513";"0.46";"2018.04.06 01:55:00";"82.180";"-102.47";"17240.78";"OOS1";"SL";"-100.17";"16.54";"1h 55m";""
"4";"AUDJPY_DukasM1_the5ers";"Buy";"2018.04.11 00:00:00";"83.200";"0.4";"2018.04.11 10:12:00";"82.817";"-102.18";"17138.60";"OOS1";"SL";"-100.18";"21.45";"10h 12m";""
"5";"AUDJPY_DukasM1_the5ers";"Buy";"2018.04.12 00:00:00";"82.780";"0.48";"2018.04.12 16:26:00";"83.199";"129.12";"17267.72";"OOS1";"PT";"-25.11";"131.52";"16h 26m";""
"6";"AUDJPY_DukasM1_the5ers";"Buy";"2018.04.17 00:00:00";"83.330";"0.57";"2018.04.17 06:12:00";"83.061";"-103.12";"17164.60";"OOS1";"SL";"-100.27";"19.76";"6h 12m";""
"7";"AUDJPY_DukasM1_the5ers";"Buy";"2018.04.19 00:00:00";"83.478";"0.63";"2018.04.19 04:23:00";"83.796";"127.86";"17292.46";"OOS1";"PT";"-27.19";"131.01";"4h 23m";""
"8";"AUDJPY_DukasM1_the5ers";"Buy";"2018.05.11 00:00:00";"82.399";"0.54";"2018.05.11 22:00:00";"82.437";"10.72";"17303.18";"OOS1";"Exit After X Bars";"-57.56";"96.05";"22h 0m";""
"9";"AUDJPY_DukasM1_the5ers";"Buy";"2018.05.22 01:00:00";"84.234";"0.59";"2018.05.22 23:00:00";"83.999";"-93.62";"17209.56";"OOS1";"Exit After X Bars";"-98.38";"93.75";"22h 0m";""
"10";"AUDJPY_DukasM1_the5ers";"Buy";"2018.05.31 01:00:00";"82.522";"0.33";"2018.05.31 04:36:00";"82.068";"-99.62";"17109.94";"OOS1";"SL";"-97.97";"1.29";"3h 36m";""
"11";"AUDJPY_DukasM1_the5ers";"Buy";"2018.06.04 01:00:00";"82.902";"0.42";"2018.06.04 06:03:00";"83.375";"127.81";"17237.75";"OOS1";"PT";"-24.72";"129.91";"5h 3m";""
"12";"AUDJPY_DukasM1_the5ers";"Buy";"2018.06.21 01:00:00";"81.317";"0.46";"2018.06.21 23:00:00";"81.217";"-32.38";"17205.37";"OOS1";"Exit After X Bars";"-74.30";"99.27";"22h 0m";""
"13";"AUDJPY_DukasM1_the5ers";"Buy";"2018.07.05 00:03:00";"81.531";"0.57";"2018.07.05 14:52:00";"81.884";"128.73";"17334.09";"OOS1";"PT";"-96.54";"131.58";"14h 49m";""
"14";"AUDJPY_DukasM1_the5ers";"Buy";"2018.07.11 00:00:00";"82.771";"0.58";"2018.07.11 00:11:00";"82.508";"-102.65";"17231.44";"OOS1";"SL";"-99.75";"4.17";"11m 0s";""
"15";"AUDJPY_DukasM1_the5ers";"Buy";"2018.07.12 01:00:00";"82.428";"0.45";"2018.07.12 08:15:00";"82.876";"129.58";"17361.02";"OOS1";"PT";"-9.42";"131.83";"7h 15m";""
"16";"AUDJPY_DukasM1_the5ers";"Buy";"2018.07.25 01:00:00";"82.542";"0.6";"2018.07.25 04:30:00";"82.875";"127.65";"17488.68";"OOS1";"PT";"-15.30";"130.65";"3h 30m";""
"17";"AUDJPY_DukasM1_the5ers";"Buy";"2018.07.31 00:00:00";"82.223";"0.81";"2018.07.31 06:01:00";"82.472";"127.84";"17616.52";"OOS1";"PT";"-39.73";"131.89";"6h 1m";""
"18";"AUDJPY_DukasM1_the5ers";"Buy";"2018.08.22 00:00:00";"81.229";"0.54";"2018.08.22 03:17:00";"80.943";"-103.69";"17512.83";"OOS1";"SL";"-100.99";"0.00";"3h 17m";""
"19";"AUDJPY_DukasM1_the5ers";"Buy";"2018.08.28 01:00:00";"81.609";"0.64";"2018.08.28 23:00:00";"81.578";"-16.17";"17496.65";"OOS1";"Exit After X Bars";"-77.84";"70.31";"22h 0m";""
"20";"AUDJPY_DukasM1_the5ers";"Buy";"2018.09.06 01:00:00";"80.203";"0.47";"2018.09.06 06:33:00";"79.881";"-101.31";"17395.34";"OOS1";"SL";"-98.96";"25.51";"5h 33m";""
"21";"AUDJPY_DukasM1_the5ers";"Buy";"2018.09.19 00:00:00";"81.124";"0.43";"2018.09.19 13:34:00";"81.589";"128.60";"17523.94";"OOS1";"PT";"-51.74";"130.75";"13h 34m";""
"22";"AUDJPY_DukasM1_the5ers";"Buy";"2018.09.28 01:00:00";"81.739";"0.54";"2018.09.28 17:45:00";"82.113";"129.37";"17653.30";"OOS1";"PT";"-36.02";"132.07";"16h 45m";""
"23";"AUDJPY_DukasM1_the5ers";"Buy";"2018.10.01 01:00:00";"82.155";"0.58";"2018.10.01 23:00:00";"82.350";"71.06";"17724.37";"OOS1";"Exit After X Bars";"-32.62";"92.92";"22h 0m";""
"24";"AUDJPY_DukasM1_the5ers";"Buy";"2018.10.02 00:00:00";"82.252";"0.64";"2018.10.02 08:46:00";"82.012";"-103.64";"17620.72";"OOS1";"SL";"-100.44";"92.07";"8h 46m";""
"25";"AUDJPY_DukasM1_the5ers";"Buy";"2018.10.04 00:00:00";"81.343";"0.52";"2018.10.04 05:06:00";"81.047";"-103.25";"17517.47";"OOS1";"SL";"-100.65";"26.18";"5h 6m";""
"26";"AUDJPY_DukasM1_the5ers";"Buy";"2018.11.15 00:00:00";"82.131";"0.41";"2018.11.15 02:31:00";"82.625";"130.40";"17647.87";"OOS1";"PT";"-12.33";"132.45";"2h 31m";""
"27";"AUDJPY_DukasM1_the5ers";"Buy";"2018.12.26 00:00:00";"77.548";"0.45";"2018.12.26 02:53:00";"77.991";"128.11";"17775.97";"OOS1";"PT";"-16.48";"130.36";"2h 53m";""
"28";"AUDJPY_DukasM1_the5ers";"Buy";"2019.01.03 00:00:00";"76.062";"0.4";"2019.01.03 00:32:00";"75.679";"-102.18";"17673.79";"OOS1";"SL";"-100.18";"0.00";"32m 0s";""
"29";"AUDJPY_DukasM1_the5ers";"Buy";"2019.01.04 00:00:00";"75.415";"0.18";"2019.01.04 17:23:00";"76.507";"127.64";"17801.43";"OOS1";"PT";"-20.83";"128.54";"17h 23m";""
"30";"AUDJPY_DukasM1_the5ers";"Buy";"2019.01.07 01:00:00";"77.211";"0.26";"2019.01.07 23:00:00";"77.660";"75.04";"17876.47";"OOS1";"Exit After X Bars";"-31.11";"87.05";"22h 0m";""
"31";"AUDJPY_DukasM1_the5ers";"Buy";"2019.01.08 01:00:00";"77.628";"0.39";"2019.01.08 23:00:00";"77.641";"1.37";"17877.83";"OOS1";"Exit After X Bars";"-84.67";"54.32";"22h 0m";""
"32";"AUDJPY_DukasM1_the5ers";"Buy";"2019.01.15 00:00:00";"77.833";"0.52";"2019.01.15 03:31:00";"78.217";"127.98";"18005.81";"OOS1";"PT";"-20.74";"130.58";"3h 31m";""
"33";"AUDJPY_DukasM1_the5ers";"Buy";"2019.01.25 01:00:00";"77.667";"0.52";"2019.01.25 05:40:00";"78.054";"129.00";"18134.80";"OOS1";"PT";"-53.73";"131.60";"4h 40m";""
"34";"AUDJPY_DukasM1_the5ers";"Buy";"2019.02.13 00:00:00";"78.396";"0.72";"2019.02.13 03:04:00";"78.676";"128.23";"18263.04";"OOS1";"PT";"-31.07";"131.83";"3h 4m";""
"35";"AUDJPY_DukasM1_the5ers";"Buy";"2019.02.21 00:00:00";"79.408";"0.55";"2019.02.21 02:30:00";"79.772";"128.17";"18391.20";"OOS1";"PT";"-39.20";"130.92";"2h 30m";""
"36";"AUDJPY_DukasM1_the5ers";"Buy";"2019.03.19 01:00:00";"79.068";"0.78";"2019.03.19 02:30:00";"78.869";"-105.40";"18285.80";"OOS1";"SL";"-101.50";"33.15";"1h 30m";""
"37";"AUDJPY_DukasM1_the5ers";"Buy";"2019.04.02 00:00:00";"79.204";"0.67";"2019.04.02 06:31:00";"78.974";"-104.12";"18181.68";"OOS1";"SL";"-100.77";"86.75";"6h 31m";""
"38";"AUDJPY_DukasM1_the5ers";"Buy";"2019.05.07 00:00:00";"77.437";"0.5";"2019.05.07 07:30:00";"77.841";"129.59";"18311.27";"OOS1";"PT";"-74.55";"132.09";"7h 30m";""
"39";"AUDJPY_DukasM1_the5ers";"Buy";"2019.05.15 00:00:00";"76.104";"0.59";"2019.05.15 10:19:00";"75.843";"-103.65";"18207.63";"OOS1";"SL";"-100.70";"25.08";"10h 19m";""
"40";"AUDJPY_DukasM1_the5ers";"Buy";"2019.05.22 01:00:00";"76.090";"0.59";"2019.05.22 23:00:00";"75.926";"-66.22";"18141.40";"OOS1";"Exit After X Bars";"-99.54";"36.65";"22h 0m";""
"41";"AUDJPY_DukasM1_the5ers";"Buy";"2019.06.26 01:00:00";"74.566";"0.73";"2019.06.26 05:19:00";"74.840";"127.15";"18268.55";"OOS1";"PT";"-16.71";"130.80";"4h 19m";""
"42";"AUDJPY_DukasM1_the5ers";"Buy";"2019.06.27 00:00:00";"75.287";"0.76";"2019.06.27 05:14:00";"75.554";"128.89";"18397.44";"OOS1";"PT";"-44.73";"132.69";"5h 14m";""
"43";"AUDJPY_DukasM1_the5ers";"Buy";"2019.07.04 00:00:00";"75.784";"0.77";"2019.07.04 22:00:00";"75.666";"-63.27";"18334.18";"OOS1";"Exit After X Bars";"-84.59";"71.00";"22h 0m";""
"44";"AUDJPY_DukasM1_the5ers";"Buy";"2019.07.12 01:00:00";"75.661";"0.92";"2019.07.12 09:26:00";"75.880";"127.15";"18461.33";"OOS1";"PT";"-18.05";"131.75";"8h 26m";""
"45";"AUDJPY_DukasM1_the5ers";"Buy";"2019.08.06 00:00:00";"71.581";"0.37";"2019.08.06 04:26:00";"72.124";"129.53";"18590.86";"OOS1";"PT";"-83.96";"131.38";"4h 26m";""
"46";"AUDJPY_DukasM1_the5ers";"Buy";"2019.08.14 01:00:00";"72.581";"0.35";"2019.08.14 05:00:00";"72.150";"-100.39";"18490.46";"OOS1";"SL";"-98.64";"0.00";"4h 0m";""
"47";"AUDJPY_DukasM1_the5ers";"Buy";"2019.09.02 01:00:00";"71.282";"0.6";"2019.09.02 23:00:00";"71.332";"16.62";"18507.08";"OOS1";"Exit After X Bars";"-24.33";"98.09";"22h 0m";""
"48";"AUDJPY_DukasM1_the5ers";"Buy";"2019.09.04 01:00:00";"71.580";"0.63";"2019.09.04 04:33:00";"71.898";"127.86";"18634.94";"OOS1";"PT";"-9.89";"131.01";"3h 33m";""
"49";"AUDJPY_DukasM1_the5ers";"Buy";"2019.09.05 00:00:00";"72.315";"0.61";"2019.09.05 04:30:00";"72.642";"127.39";"18762.33";"OOS1";"PT";"-24.73";"130.44";"4h 30m";""
"50";"AUDJPY_DukasM1_the5ers";"Buy";"2019.09.13 01:00:00";"74.227";"0.58";"2019.09.13 23:00:00";"74.392";"59.68";"18822.01";"OOS1";"Exit After X Bars";"-26.55";"102.03";"22h 0m";""
"51";"AUDJPY_DukasM1_the5ers";"Buy";"2019.09.27 00:00:00";"72.773";"0.71";"2019.09.27 14:00:00";"73.058";"128.77";"18950.78";"OOS1";"PT";"-70.11";"132.32";"14h 0m";""
"52";"AUDJPY_DukasM1_the5ers";"Buy";"2019.10.01 01:00:00";"72.966";"0.71";"2019.10.01 07:30:00";"73.248";"127.38";"19078.16";"OOS1";"PT";"-56.18";"130.93";"6h 30m";""
"53";"AUDJPY_DukasM1_the5ers";"Buy";"2019.10.08 01:00:00";"72.212";"0.72";"2019.10.08 08:14:00";"72.491";"127.76";"19205.92";"OOS1";"PT";"-23.54";"131.36";"7h 14m";""
"54";"AUDJPY_DukasM1_the5ers";"Buy";"2019.10.29 00:00:00";"74.541";"0.89";"2019.10.29 16:44:00";"74.768";"127.66";"19333.58";"OOS1";"PT";"-33.17";"132.11";"16h 44m";""
"55";"AUDJPY_DukasM1_the5ers";"Buy";"2019.11.18 01:00:00";"74.113";"0.76";"2019.11.18 15:37:00";"73.910";"-104.69";"19228.89";"OOS1";"SL";"-100.89";"102.88";"14h 37m";""
"56";"AUDJPY_DukasM1_the5ers";"Buy";"2019.11.27 01:00:00";"73.999";"0.91";"2019.11.27 20:48:00";"74.221";"127.56";"19356.45";"OOS1";"PT";"-58.91";"132.11";"19h 48m";""
"57";"AUDJPY_DukasM1_the5ers";"Buy";"2019.11.28 01:00:00";"74.225";"1.03";"2019.11.28 01:03:00";"74.074";"-106.85";"19249.60";"OOS1";"SL";"-101.70";"0.00";"3m 0s";""
"58";"AUDJPY_DukasM1_the5ers";"Buy";"2019.12.05 01:00:00";"74.531";"0.72";"2019.12.05 14:46:00";"74.316";"-104.83";"19144.77";"OOS1";"SL";"-101.23";"44.73";"13h 46m";""
"59";"AUDJPY_DukasM1_the5ers";"Buy";"2019.12.10 00:00:00";"74.079";"0.98";"2019.12.10 13:27:00";"73.920";"-106.79";"19037.97";"OOS1";"SL";"-101.89";"125.61";"13h 27m";""
"60";"AUDJPY_DukasM1_the5ers";"Buy";"2019.12.12 01:00:00";"74.597";"0.91";"2019.12.12 12:11:00";"74.821";"128.75";"19166.72";"OOS1";"PT";"-35.11";"133.30";"11h 11m";""
"61";"AUDJPY_DukasM1_the5ers";"Buy";"2019.12.24 01:00:00";"75.655";"0.9";"2019.12.24 23:00:00";"75.704";"24.34";"19191.06";"OOS1";"Exit After X Bars";"-36.49";"75.33";"22h 0m";""
"62";"AUDJPY_DukasM1_the5ers";"Buy";"2019.12.25 00:59:00";"75.676";"0.98";"2019.12.26 04:16:00";"75.881";"127.26";"19318.32";"OOS1";"PT";"-68.57";"131.37";"1d 3h 17m";""
"63";"AUDJPY_DukasM1_the5ers";"Buy";"2019.12.27 01:00:00";"76.090";"1.2";"2019.12.27 12:15:00";"76.258";"125.83";"19444.15";"OOS1";"PT";"-51.01";"131.83";"11h 15m";""
"64";"AUDJPY_DukasM1_the5ers";"Buy";"2020.01.06 01:00:00";"74.792";"0.55";"2020.01.06 02:43:00";"75.160";"129.60";"19573.75";"OOS1";"PT";"-21.58";"132.35";"1h 43m";""
"65";"AUDJPY_DukasM1_the5ers";"Buy";"2020.01.16 01:00:00";"75.868";"0.72";"2020.01.16 13:24:00";"76.149";"128.70";"19702.46";"OOS1";"PT";"-10.36";"132.30";"12h 24m";""
"1";"AUDJPY_DukasM1_the5ers";"Buy";"2020.02.05 01:00:00";"73.796";"0.51";"2020.02.05 11:25:00";"74.190";"128.85";"19831.30";"OOS1";"PT";"-85.38";"131.40";"10h 25m";""
"2";"AUDJPY_DukasM1_the5ers";"Buy";"2020.02.20 01:00:00";"74.287";"0.61";"2020.02.20 03:32:00";"74.037";"-102.77";"19728.53";"OOS1";"SL";"-99.72";"49.06";"2h 32m";""
"3";"AUDJPY_DukasM1_the5ers";"Buy";"2020.03.16 01:00:00";"65.619";"0.1";"2020.03.16 15:37:00";"64.124";"-98.26";"19630.27";"OOS1";"SL";"-97.76";"40.41";"14h 37m";""
"4";"AUDJPY_DukasM1_the5ers";"Buy";"2020.03.27 00:00:00";"66.129";"0.22";"2020.03.27 23:00:00";"66.581";"63.93";"19694.20";"OOS1";"Exit After X Bars";"-92.94";"115.52";"23h 0m";""
"5";"AUDJPY_DukasM1_the5ers";"Buy";"2020.03.31 01:00:00";"66.514";"0.26";"2020.03.31 16:27:00";"65.930";"-100.59";"19593.61";"OOS1";"SL";"-99.29";"127.69";"15h 27m";""
"6";"AUDJPY_DukasM1_the5ers";"Buy";"2020.04.29 00:00:00";"69.381";"0.55";"2020.04.29 18:55:00";"69.748";"129.24";"19722.85";"OOS1";"PT";"-35.97";"131.99";"18h 55m";""
"7";"AUDJPY_DukasM1_the5ers";"Buy";"2020.05.01 01:00:00";"69.713";"0.38";"2020.05.01 04:47:00";"69.310";"-102.04";"19620.81";"OOS1";"SL";"-100.14";"2.24";"3h 47m";""
"8";"AUDJPY_DukasM1_the5ers";"Buy";"2020.05.19 01:00:00";"69.951";"0.46";"2020.05.19 09:32:00";"70.385";"128.25";"19749.06";"OOS1";"PT";"-22.56";"130.55";"8h 32m";""
"9";"AUDJPY_DukasM1_the5ers";"Buy";"2020.05.21 00:00:00";"70.948";"0.43";"2020.05.21 05:05:00";"70.597";"-100.85";"19648.21";"OOS1";"SL";"-98.70";"13.50";"5h 5m";""
"10";"AUDJPY_DukasM1_the5ers";"Buy";"2020.06.03 00:00:00";"74.963";"0.34";"2020.06.03 03:45:00";"75.555";"129.92";"19778.13";"OOS1";"PT";"-37.35";"131.62";"3h 45m";""
"11";"AUDJPY_DukasM1_the5ers";"Buy";"2020.06.04 00:00:00";"75.384";"0.29";"2020.06.04 15:43:00";"74.865";"-99.87";"19678.26";"OOS1";"SL";"-98.42";"36.03";"15h 43m";""
"12";"AUDJPY_DukasM1_the5ers";"Buy";"2020.06.05 01:00:00";"75.738";"0.27";"2020.06.05 09:00:00";"76.482";"130.01";"19808.27";"OOS1";"PT";"-25.60";"131.36";"8h 0m";""
"13";"AUDJPY_DukasM1_the5ers";"Buy";"2020.06.23 00:00:00";"73.808";"0.4";"2020.06.23 04:15:00";"73.424";"-102.44";"19705.83";"OOS1";"SL";"-100.44";"87.63";"4h 15m";""
"14";"AUDJPY_DukasM1_the5ers";"Buy";"2020.06.29 01:00:00";"73.396";"0.51";"2020.06.29 04:15:00";"73.792";"129.52";"19835.34";"OOS1";"PT";"-10.01";"132.07";"3h 15m";""
"15";"AUDJPY_DukasM1_the5ers";"Buy";"2020.06.30 00:00:00";"73.835";"0.53";"2020.06.30 17:53:00";"74.213";"128.36";"19963.70";"OOS1";"PT";"-79.37";"131.01";"17h 53m";""
"16";"AUDJPY_DukasM1_the5ers";"Buy";"2020.07.02 00:00:00";"74.327";"0.46";"2020.07.02 22:00:00";"74.459";"37.41";"20001.11";"OOS1";"Exit After X Bars";"-44.82";"114.01";"22h 0m";""
"17";"AUDJPY_DukasM1_the5ers";"Buy";"2020.07.20 01:00:00";"74.857";"0.79";"2020.07.20 03:54:00";"75.112";"127.78";"20128.89";"OOS1";"PT";"-20.66";"131.73";"2h 54m";""
"18";"AUDJPY_DukasM1_the5ers";"Buy";"2020.09.10 00:00:00";"77.323";"0.48";"2020.09.10 22:00:00";"77.107";"-70.20";"20058.69";"OOS1";"Exit After X Bars";"-87.57";"129.63";"22h 0m";""
"19";"AUDJPY_DukasM1_the5ers";"Buy";"2020.10.21 00:00:00";"74.370";"0.62";"2020.10.21 22:00:00";"74.501";"50.01";"20108.70";"OOS1";"Exit After X Bars";"-68.11";"97.71";"22h 0m";""
"20";"AUDJPY_DukasM1_the5ers";"Buy";"2020.10.22 01:00:00";"74.401";"0.63";"2020.10.22 23:00:00";"74.632";"92.02";"20200.72";"OOS1";"Exit After X Bars";"-88.57";"112.06";"22h 0m";""
"21";"AUDJPY_DukasM1_the5ers";"Buy";"2020.10.26 01:00:00";"74.530";"0.57";"2020.10.26 11:15:00";"74.880";"127.61";"20328.33";"OOS1";"PT";"-8.57";"130.46";"10h 15m";""
"22";"AUDJPY_DukasM1_the5ers";"Buy";"2020.11.03 01:00:00";"73.871";"0.53";"2020.11.03 10:59:00";"74.251";"129.05";"20457.38";"OOS1";"PT";"-90.80";"131.70";"9h 59m";""
"23";"AUDJPY_DukasM1_the5ers";"Buy";"2020.11.05 01:00:00";"74.907";"0.28";"2020.11.05 23:00:00";"75.392";"87.40";"20544.78";"OOS1";"Exit After X Bars";"-63.35";"101.44";"22h 0m";""
"24";"AUDJPY_DukasM1_the5ers";"Buy";"2020.11.06 00:00:00";"75.391";"0.36";"2020.11.06 05:56:00";"74.967";"-101.61";"20443.16";"OOS1";"SL";"-99.81";"0.00";"5h 56m";""
"25";"AUDJPY_DukasM1_the5ers";"Buy";"2020.12.04 00:00:00";"77.232";"0.62";"2020.12.04 22:00:00";"77.435";"79.20";"20522.37";"OOS1";"Exit After X Bars";"-85.95";"109.06";"22h 0m";""
"26";"AUDJPY_DukasM1_the5ers";"Buy";"2020.12.21 01:00:00";"78.602";"0.68";"2020.12.21 03:48:00";"78.375";"-104.34";"20418.03";"OOS1";"SL";"-100.94";"16.45";"2h 48m";""
"27";"AUDJPY_DukasM1_the5ers";"Buy";"2020.12.23 00:00:00";"77.951";"0.52";"2020.12.23 16:13:00";"78.335";"127.98";"20546.00";"OOS1";"PT";"-18.02";"130.58";"16h 13m";""
"28";"AUDJPY_DukasM1_the5ers";"Buy";"2020.12.24 00:00:00";"78.440";"0.58";"2020.12.24 12:18:00";"78.787";"128.71";"20674.71";"OOS1";"PT";"-29.58";"131.61";"12h 18m";""
"29";"AUDJPY_DukasM1_the5ers";"Buy";"2020.12.31 00:00:00";"79.291";"0.69";"2020.12.31 12:45:00";"79.582";"127.85";"20802.56";"OOS1";"PT";"-38.35";"131.30";"12h 45m";""
"30";"AUDJPY_DukasM1_the5ers";"Buy";"2021.01.14 00:00:00";"80.349";"0.63";"2021.01.14 07:47:00";"80.669";"128.68";"20931.24";"OOS1";"PT";"-23.48";"131.83";"7h 47m";""
"31";"AUDJPY_DukasM1_the5ers";"Buy";"2021.01.15 00:00:00";"80.755";"0.68";"2021.01.15 06:17:00";"80.529";"-103.90";"20827.35";"OOS1";"SL";"-100.50";"14.67";"6h 17m";""
"32";"AUDJPY_DukasM1_the5ers";"Buy";"2021.01.27 00:00:00";"80.190";"0.65";"2021.01.27 14:25:00";"79.955";"-103.14";"20724.21";"OOS1";"SL";"-99.89";"106.69";"14h 25m";""
"33";"AUDJPY_DukasM1_the5ers";"Buy";"2021.01.29 01:00:00";"80.018";"0.47";"2021.01.29 15:38:00";"80.449";"130.12";"20854.33";"OOS1";"PT";"-64.85";"132.47";"14h 38m";""
"34";"AUDJPY_DukasM1_the5ers";"Buy";"2021.02.02 00:00:00";"79.961";"0.5";"2021.02.02 05:28:00";"80.359";"127.63";"20981.96";"OOS1";"PT";"-8.17";"130.13";"5h 28m";""
"35";"AUDJPY_DukasM1_the5ers";"Buy";"2021.02.08 01:00:00";"80.843";"0.7";"2021.02.08 17:03:00";"81.132";"128.79";"21110.75";"OOS1";"PT";"-8.24";"132.29";"16h 3m";""
"36";"AUDJPY_DukasM1_the5ers";"Buy";"2021.03.02 01:00:00";"82.982";"0.37";"2021.03.02 19:36:00";"83.520";"128.32";"21239.07";"OOS1";"PT";"-86.38";"130.17";"18h 36m";""
"37";"AUDJPY_DukasM1_the5ers";"Buy";"2021.03.03 00:00:00";"83.428";"0.39";"2021.03.03 22:00:00";"83.352";"-21.33";"21217.73";"OOS1";"Exit After X Bars";"-78.29";"83.14";"22h 0m";""
"38";"AUDJPY_DukasM1_the5ers";"Buy";"2021.03.23 01:00:00";"84.198";"0.57";"2021.03.23 04:18:00";"83.930";"-102.74";"21114.99";"OOS1";"SL";"-99.89";"24.97";"3h 18m";""
"39";"AUDJPY_DukasM1_the5ers";"Buy";"2021.04.15 00:04:00";"84.114";"0.6";"2021.04.15 22:00:00";"84.253";"51.54";"21166.53";"OOS1";"Exit After X Bars";"-91.42";"116.53";"21h 56m";""
"40";"AUDJPY_DukasM1_the5ers";"Buy";"2021.05.04 01:00:00";"84.658";"0.66";"2021.05.04 10:40:00";"84.426";"-103.43";"21063.10";"OOS1";"SL";"-100.13";"33.66";"9h 40m";""
"41";"AUDJPY_DukasM1_the5ers";"Buy";"2021.05.17 01:00:00";"84.956";"0.58";"2021.05.17 10:38:00";"84.693";"-102.65";"20960.45";"OOS1";"SL";"-99.75";"69.41";"9h 38m";""
"42";"AUDJPY_DukasM1_the5ers";"Buy";"2021.05.28 01:00:00";"85.038";"0.7";"2021.05.28 09:17:00";"84.817";"-104.66";"20855.79";"OOS1";"SL";"-101.16";"51.73";"8h 17m";""
"43";"AUDJPY_DukasM1_the5ers";"Buy";"2021.06.02 00:00:00";"84.869";"0.7";"2021.06.02 04:30:00";"85.158";"128.79";"20984.58";"OOS1";"PT";"-37.08";"132.29";"4h 30m";""
"44";"AUDJPY_DukasM1_the5ers";"Buy";"2021.06.03 01:00:00";"84.914";"0.8";"2021.06.03 15:03:00";"84.722";"-104.44";"20880.13";"OOS1";"SL";"-100.44";"39.76";"14h 3m";""
"45";"AUDJPY_DukasM1_the5ers";"Buy";"2021.06.07 01:00:00";"84.728";"0.71";"2021.06.07 23:00:00";"84.762";"12.24";"20892.37";"OOS1";"Exit After X Bars";"-36.21";"69.18";"22h 0m";""
"46";"AUDJPY_DukasM1_the5ers";"Buy";"2021.06.09 01:00:00";"84.722";"0.9";"2021.06.09 23:00:00";"84.714";"-9.21";"20883.16";"OOS1";"Exit After X Bars";"-36.49";"65.92";"22h 0m";""
"47";"AUDJPY_DukasM1_the5ers";"Buy";"2021.06.15 00:00:00";"84.883";"0.86";"2021.06.15 11:18:00";"84.704";"-104.97";"20778.20";"OOS1";"SL";"-100.67";"25.87";"11h 18m";""
"48";"AUDJPY_DukasM1_the5ers";"Buy";"2021.07.06 00:00:00";"83.524";"0.86";"2021.07.06 05:52:00";"83.759";"127.86";"20906.05";"OOS1";"PT";"-26.99";"132.16";"5h 52m";""
"49";"AUDJPY_DukasM1_the5ers";"Buy";"2021.07.12 00:10:00";"82.241";"0.5";"2021.07.12 17:51:00";"82.645";"129.59";"21035.65";"OOS1";"PT";"-73.89";"132.09";"17h 41m";""
"50";"AUDJPY_DukasM1_the5ers";"Buy";"2021.07.13 00:00:00";"82.465";"0.5";"2021.07.13 15:40:00";"82.157";"-103.20";"20932.44";"OOS1";"SL";"-100.70";"115.42";"15h 40m";""
"51";"AUDJPY_DukasM1_the5ers";"Buy";"2021.07.22 01:00:00";"81.162";"0.46";"2021.07.22 23:00:00";"81.320";"45.23";"20977.67";"OOS1";"Exit After X Bars";"-92.05";"92.95";"22h 0m";""
"52";"AUDJPY_DukasM1_the5ers";"Buy";"2021.08.11 00:00:00";"81.246";"0.78";"2021.08.11 16:24:00";"81.504";"127.70";"21105.37";"OOS1";"PT";"-70.39";"131.60";"16h 24m";""
"53";"AUDJPY_DukasM1_the5ers";"Buy";"2021.08.23 01:00:00";"78.242";"0.42";"2021.08.23 06:53:00";"78.721";"129.46";"21234.82";"OOS1";"PT";"-9.06";"131.56";"5h 53m";""
"54";"AUDJPY_DukasM1_the5ers";"Buy";"2021.08.26 01:00:00";"80.050";"0.67";"2021.08.26 05:17:00";"79.820";"-104.12";"21130.70";"OOS1";"SL";"-100.77";"17.96";"4h 17m";""
"55";"AUDJPY_DukasM1_the5ers";"Buy";"2021.08.30 01:00:00";"80.334";"0.63";"2021.08.30 08:49:00";"80.089";"-104.08";"21026.62";"OOS1";"SL";"-100.93";"19.36";"7h 49m";""
"56";"AUDJPY_DukasM1_the5ers";"Buy";"2021.09.09 00:00:00";"81.182";"0.58";"2021.09.09 08:59:00";"80.919";"-102.65";"20923.97";"OOS1";"SL";"-99.75";"29.58";"8h 59m";""
"57";"AUDJPY_DukasM1_the5ers";"Buy";"2021.09.28 01:00:00";"80.883";"0.58";"2021.09.28 06:31:00";"81.228";"127.95";"21051.92";"OOS1";"PT";"-88.37";"130.85";"5h 31m";""
"58";"AUDJPY_DukasM1_the5ers";"Buy";"2021.10.06 00:00:00";"81.266";"0.49";"2021.10.06 10:04:00";"80.954";"-102.42";"20949.50";"OOS1";"SL";"-99.97";"43.58";"10h 4m";""
"59";"AUDJPY_DukasM1_the5ers";"Buy";"2021.10.08 01:00:00";"81.639";"0.57";"2021.10.08 18:19:00";"81.991";"128.35";"21077.85";"OOS1";"PT";"-31.31";"131.20";"17h 19m";""
"60";"AUDJPY_DukasM1_the5ers";"Buy";"2021.10.11 01:00:00";"81.984";"0.64";"2021.10.11 04:30:00";"82.300";"129.05";"21206.90";"OOS1";"PT";"-54.82";"132.25";"3h 30m";""
"61";"AUDJPY_DukasM1_the5ers";"Buy";"2021.10.14 00:00:00";"83.555";"0.52";"2021.10.14 09:32:00";"83.939";"127.98";"21334.88";"OOS1";"PT";"-15.64";"130.58";"9h 32m";""
"62";"AUDJPY_DukasM1_the5ers";"Buy";"2021.10.26 00:00:00";"85.153";"0.48";"2021.10.26 06:50:00";"85.575";"130.06";"21464.94";"OOS1";"PT";"-16.95";"132.46";"6h 50m";""
"63";"AUDJPY_DukasM1_the5ers";"Buy";"2021.11.12 00:02:00";"83.133";"0.56";"2021.11.12 19:17:00";"83.490";"127.93";"21592.87";"OOS1";"PT";"-9.89";"130.73";"19h 15m";""
"64";"AUDJPY_DukasM1_the5ers";"Buy";"2021.12.07 01:00:00";"80.005";"0.42";"2021.12.07 07:34:00";"80.480";"128.36";"21721.23";"OOS1";"PT";"-41.47";"130.46";"6h 34m";""
"65";"AUDJPY_DukasM1_the5ers";"Buy";"2021.12.09 00:00:00";"81.468";"0.42";"2021.12.09 13:14:00";"81.102";"-102.62";"21618.61";"OOS1";"SL";"-100.52";"54.93";"13h 14m";""
"66";"AUDJPY_DukasM1_the5ers";"Buy";"2021.12.22 01:00:00";"81.566";"0.54";"2021.12.22 07:17:00";"81.280";"-103.69";"21514.91";"OOS1";"SL";"-100.99";"24.37";"6h 17m";""
"67";"AUDJPY_DukasM1_the5ers";"Buy";"2021.12.28 00:00:00";"83.112";"0.65";"2021.12.28 15:13:00";"83.423";"128.94";"21643.85";"OOS1";"PT";"-51.86";"132.19";"15h 13m";""
"68";"AUDJPY_DukasM1_the5ers";"Buy";"2021.12.30 01:00:00";"83.336";"0.56";"2021.12.30 15:02:00";"83.693";"127.93";"21771.79";"OOS1";"PT";"-6.59";"130.73";"14h 2m";""
"69";"AUDJPY_DukasM1_the5ers";"Buy";"2022.01.03 00:13:00";"83.479";"0.67";"2022.01.03 02:26:00";"83.780";"128.53";"21900.31";"OOS1";"PT";"-16.21";"131.88";"2h 13m";""
"1";"AUDJPY_DukasM1_the5ers";"Buy";"2022.02.15 01:00:00";"82.334";"0.31";"2022.02.15 23:00:00";"82.683";"69.20";"21969.51";"OOS1";"Exit After X Bars";"-90.21";"79.67";"22h 0m";""
"2";"AUDJPY_DukasM1_the5ers";"Buy";"2022.02.16 00:00:00";"82.675";"0.37";"2022.02.16 22:00:00";"83.114";"104.37";"22073.88";"OOS1";"Exit After X Bars";"-11.86";"119.52";"22h 0m";""
"3";"AUDJPY_DukasM1_the5ers";"Buy";"2022.03.03 01:00:00";"84.268";"0.42";"2022.03.03 16:37:00";"84.748";"129.73";"22203.61";"OOS1";"PT";"-40.65";"131.83";"15h 37m";""
"4";"AUDJPY_DukasM1_the5ers";"Buy";"2022.03.11 00:00:00";"85.418";"0.46";"2022.03.11 09:01:00";"85.858";"130.05";"22333.66";"OOS1";"PT";"-46.93";"132.35";"9h 1m";""
"5";"AUDJPY_DukasM1_the5ers";"Buy";"2022.03.24 01:00:00";"90.681";"0.36";"2022.03.24 13:38:00";"91.238";"129.32";"22462.99";"OOS1";"PT";"-36.96";"131.12";"12h 38m";""
"6";"AUDJPY_DukasM1_the5ers";"Buy";"2022.03.25 00:00:00";"91.928";"0.36";"2022.03.25 04:23:00";"91.501";"-102.32";"22360.67";"OOS1";"SL";"-100.52";"19.54";"4h 23m";""
"7";"AUDJPY_DukasM1_the5ers";"Buy";"2022.03.28 01:00:00";"91.652";"0.31";"2022.03.28 04:56:00";"92.298";"129.40";"22490.07";"OOS1";"PT";"-4.46";"130.95";"3h 56m";""
"8";"AUDJPY_DukasM1_the5ers";"Buy";"2022.04.05 01:00:00";"92.626";"0.42";"2022.04.05 03:46:00";"92.262";"-102.07";"22388.00";"OOS1";"SL";"-99.97";"20.05";"2h 46m";""
"9";"AUDJPY_DukasM1_the5ers";"Buy";"2022.04.11 01:00:00";"92.696";"0.45";"2022.04.11 08:52:00";"93.143";"129.29";"22517.29";"OOS1";"PT";"-52.67";"131.54";"7h 52m";""
"10";"AUDJPY_DukasM1_the5ers";"Buy";"2022.05.09 01:00:00";"92.328";"0.26";"2022.05.09 03:54:00";"91.747";"-100.08";"22417.21";"OOS1";"SL";"-98.78";"1.19";"2h 54m";""
"11";"AUDJPY_DukasM1_the5ers";"Buy";"2022.06.01 00:00:00";"92.287";"0.37";"2022.06.01 04:18:00";"92.830";"129.53";"22546.73";"OOS1";"PT";"-4.36";"131.38";"4h 18m";""
"12";"AUDJPY_DukasM1_the5ers";"Buy";"2022.06.07 00:00:00";"94.822";"0.38";"2022.06.07 07:30:00";"95.354";"130.30";"22677.03";"OOS1";"PT";"-8.45";"132.20";"7h 30m";""
"13";"AUDJPY_DukasM1_the5ers";"Buy";"2022.06.22 00:03:00";"95.219";"0.31";"2022.06.22 03:12:00";"94.736";"-99.46";"22577.57";"OOS1";"SL";"-97.91";"14.39";"3h 9m";""
"14";"AUDJPY_DukasM1_the5ers";"Buy";"2022.06.27 01:00:00";"93.810";"0.29";"2022.06.27 03:44:00";"93.289";"-100.25";"22477.32";"OOS1";"SL";"-98.80";"47.41";"2h 44m";""
"15";"AUDJPY_DukasM1_the5ers";"Buy";"2022.07.08 00:00:00";"92.983";"0.3";"2022.07.08 06:03:00";"92.474";"-101.35";"22375.96";"OOS1";"SL";"-99.85";"69.05";"6h 3m";""
"16";"AUDJPY_DukasM1_the5ers";"Buy";"2022.07.11 00:09:00";"93.174";"0.27";"2022.07.11 16:27:00";"92.620";"-99.16";"22276.80";"OOS1";"SL";"-97.81";"90.93";"16h 18m";""
"17";"AUDJPY_DukasM1_the5ers";"Buy";"2022.07.18 00:05:00";"94.021";"0.31";"2022.07.18 22:00:00";"94.054";"5.14";"22281.94";"OOS1";"Exit After X Bars";"-17.84";"124.47";"21h 55m";""
"18";"AUDJPY_DukasM1_the5ers";"Buy";"2022.07.20 00:00:00";"95.258";"0.37";"2022.07.20 22:00:00";"95.183";"-20.00";"22261.94";"OOS1";"Exit After X Bars";"-58.07";"119.77";"22h 0m";""
"19";"AUDJPY_DukasM1_the5ers";"Buy";"2022.08.04 00:00:00";"92.997";"0.28";"2022.08.04 13:19:00";"93.708";"128.78";"22390.73";"OOS1";"PT";"-40.46";"130.18";"13h 19m";""
"20";"AUDJPY_DukasM1_the5ers";"Buy";"2022.08.08 01:00:00";"93.314";"0.31";"2022.08.08 09:59:00";"93.965";"130.42";"22521.14";"OOS1";"PT";"-22.30";"131.97";"8h 59m";""
"21";"AUDJPY_DukasM1_the5ers";"Buy";"2022.08.12 01:00:00";"94.484";"0.43";"2022.08.12 10:03:00";"94.951";"129.16";"22650.31";"OOS1";"PT";"-30.65";"131.31";"9h 3m";""
"22";"AUDJPY_DukasM1_the5ers";"Buy";"2022.08.15 00:05:00";"94.934";"0.45";"2022.08.15 05:30:00";"94.596";"-101.71";"22548.60";"OOS1";"SL";"-99.46";"43.85";"5h 25m";""
"23";"AUDJPY_DukasM1_the5ers";"Buy";"2022.08.30 00:04:00";"95.703";"0.4";"2022.08.30 05:18:00";"95.319";"-102.44";"22446.15";"OOS1";"SL";"-100.44";"26.16";"5h 14m";""
"24";"AUDJPY_DukasM1_the5ers";"Buy";"2022.09.06 00:01:00";"95.538";"0.46";"2022.09.06 08:31:00";"95.973";"128.55";"22574.71";"OOS1";"PT";"-16.54";"130.85";"8h 30m";""
"25";"AUDJPY_DukasM1_the5ers";"Buy";"2022.09.12 01:00:00";"97.357";"0.32";"2022.09.12 08:52:00";"97.978";"128.35";"22703.05";"OOS1";"PT";"-3.77";"129.95";"7h 52m";""
"26";"AUDJPY_DukasM1_the5ers";"Buy";"2022.10.13 01:00:00";"92.194";"0.32";"2022.10.13 15:30:00";"91.716";"-101.62";"22601.43";"OOS1";"SL";"-100.02";"53.57";"14h 30m";""
"27";"AUDJPY_DukasM1_the5ers";"Buy";"2022.10.18 00:00:00";"93.746";"0.3";"2022.10.18 12:04:00";"93.246";"-99.59";"22501.84";"OOS1";"SL";"-98.09";"83.96";"12h 4m";""
"28";"AUDJPY_DukasM1_the5ers";"Buy";"2022.11.16 00:00:00";"94.067";"0.26";"2022.11.16 22:00:00";"93.885";"-32.24";"22469.60";"OOS1";"Exit After X Bars";"-43.02";"99.12";"22h 0m";""
"29";"AUDJPY_DukasM1_the5ers";"Buy";"2022.12.09 01:00:00";"92.506";"0.45";"2022.12.09 10:40:00";"92.167";"-102.01";"22367.59";"OOS1";"SL";"-99.76";"59.74";"9h 40m";""
"30";"AUDJPY_DukasM1_the5ers";"Buy";"2022.12.12 01:00:00";"92.835";"0.39";"2022.12.12 02:51:00";"92.449";"-100.39";"22267.20";"OOS1";"SL";"-98.44";"12.50";"1h 51m";""
"31";"AUDJPY_DukasM1_the5ers";"Buy";"2022.12.26 02:00:00";"89.032";"0.38";"2022.12.26 02:53:00";"88.632";"-101.30";"22165.90";"OOS1";"SL";"-99.40";"21.12";"53m 0s";""
"32";"AUDJPY_DukasM1_the5ers";"Buy";"2023.01.05 00:04:00";"90.593";"0.28";"2023.01.05 03:01:00";"90.053";"-100.27";"22065.63";"OOS1";"SL";"-98.87";"4.76";"2h 57m";""
"33";"AUDJPY_DukasM1_the5ers";"Buy";"2023.01.18 00:00:00";"89.488";"0.4";"2023.01.18 03:03:00";"89.992";"129.83";"22195.46";"OOS1";"PT";"-19.62";"131.83";"3h 3m";""
"34";"AUDJPY_DukasM1_the5ers";"Buy";"2023.01.24 00:00:00";"91.808";"0.34";"2023.01.24 09:51:00";"91.363";"-100.64";"22094.82";"OOS1";"SL";"-98.94";"11.34";"9h 51m";""
"35";"AUDJPY_DukasM1_the5ers";"Buy";"2023.01.25 01:00:00";"91.642";"0.38";"2023.01.25 02:30:00";"92.163";"127.56";"22222.38";"OOS1";"PT";"-41.50";"129.46";"1h 30m";""
"36";"AUDJPY_DukasM1_the5ers";"Buy";"2023.01.27 01:00:00";"92.577";"0.37";"2023.01.27 10:07:00";"92.171";"-100.08";"22122.30";"OOS1";"SL";"-98.23";"4.36";"9h 7m";""
"37";"AUDJPY_DukasM1_the5ers";"Buy";"2023.01.30 01:00:00";"92.173";"0.41";"2023.01.30 06:00:00";"91.800";"-102.05";"22020.25";"OOS1";"SL";"-100.00";"128.69";"5h 0m";""
"38";"AUDJPY_DukasM1_the5ers";"Buy";"2023.02.21 00:04:00";"92.656";"0.59";"2023.02.21 17:52:00";"92.998";"129.00";"22149.25";"OOS1";"PT";"-42.83";"131.95";"17h 48m";""
"39";"AUDJPY_DukasM1_the5ers";"Buy";"2023.02.27 01:00:00";"91.699";"0.46";"2023.02.27 06:29:00";"91.370";"-101.26";"22047.98";"OOS1";"SL";"-98.96";"65.27";"5h 29m";""
"40";"AUDJPY_DukasM1_the5ers";"Buy";"2023.03.06 01:00:00";"91.801";"0.54";"2023.03.06 03:19:00";"91.517";"-102.99";"21945.00";"OOS1";"SL";"-100.29";"34.61";"2h 19m";""
"41";"AUDJPY_DukasM1_the5ers";"Buy";"2023.03.30 01:00:00";"88.716";"0.39";"2023.03.30 23:00:00";"88.997";"69.71";"22014.71";"OOS1";"Exit After X Bars";"-82.88";"92.32";"22h 0m";""
"42";"AUDJPY_DukasM1_the5ers";"Buy";"2023.04.11 01:00:00";"88.703";"0.44";"2023.04.11 23:00:00";"88.937";"65.13";"22079.84";"OOS1";"Exit After X Bars";"-50.93";"121.71";"22h 0m";""
"43";"AUDJPY_DukasM1_the5ers";"Buy";"2023.04.20 00:00:00";"90.411";"0.55";"2023.04.20 17:37:00";"90.777";"128.88";"22208.72";"OOS1";"PT";"-58.62";"131.63";"17h 37m";""
"44";"AUDJPY_DukasM1_the5ers";"Buy";"2023.04.28 01:00:00";"88.732";"0.42";"2023.04.28 07:11:00";"89.214";"130.28";"22339.00";"OOS1";"PT";"-82.67";"132.38";"6h 11m";""
"45";"AUDJPY_DukasM1_the5ers";"Buy";"2023.05.04 00:00:00";"89.793";"0.29";"2023.05.04 17:22:00";"89.273";"-100.06";"22238.94";"OOS1";"SL";"-98.61";"62.01";"17h 22m";""
"46";"AUDJPY_DukasM1_the5ers";"Buy";"2023.05.18 01:00:00";"91.646";"0.43";"2023.05.18 04:30:00";"91.295";"-100.85";"22138.09";"OOS1";"SL";"-98.70";"34.02";"3h 30m";""
"47";"AUDJPY_DukasM1_the5ers";"Buy";"2023.05.23 01:00:00";"92.156";"0.42";"2023.05.23 10:30:00";"91.789";"-102.90";"22035.20";"OOS1";"SL";"-100.80";"52.73";"9h 30m";""
"48";"AUDJPY_DukasM1_the5ers";"Buy";"2023.05.30 01:00:00";"91.779";"0.63";"2023.05.30 06:03:00";"91.537";"-102.85";"21932.35";"OOS1";"SL";"-99.70";"48.20";"5h 3m";""
"49";"AUDJPY_DukasM1_the5ers";"Buy";"2023.06.02 01:00:00";"91.216";"0.4";"2023.06.02 05:51:00";"91.718";"129.31";"22061.66";"OOS1";"PT";"-8.63";"131.31";"4h 51m";""
"50";"AUDJPY_DukasM1_the5ers";"Buy";"2023.06.09 01:00:00";"93.223";"0.47";"2023.06.09 09:38:00";"93.654";"130.12";"22191.78";"OOS1";"PT";"-19.67";"132.47";"8h 38m";""
"51";"AUDJPY_DukasM1_the5ers";"Buy";"2023.06.14 00:00:00";"94.865";"0.46";"2023.06.14 22:00:00";"95.095";"66.89";"22258.66";"OOS1";"Exit After X Bars";"-82.12";"125.13";"22h 0m";""
"52";"AUDJPY_DukasM1_the5ers";"Buy";"2023.06.16 01:00:00";"96.513";"0.36";"2023.06.16 09:32:00";"97.075";"130.50";"22389.16";"OOS1";"PT";"-65.21";"132.30";"8h 32m";""
"53";"AUDJPY_DukasM1_the5ers";"Buy";"2023.06.19 01:00:00";"97.538";"0.35";"2023.06.19 06:06:00";"97.109";"-99.94";"22289.22";"OOS1";"SL";"-98.19";"30.90";"5h 6m";""
"54";"AUDJPY_DukasM1_the5ers";"Buy";"2023.06.27 01:00:00";"95.756";"0.4";"2023.06.27 05:53:00";"96.254";"128.26";"22417.49";"OOS1";"PT";"-26.42";"130.26";"4h 53m";""
"55";"AUDJPY_DukasM1_the5ers";"Buy";"2023.06.28 01:00:00";"96.298";"0.42";"2023.06.28 03:42:00";"95.938";"-100.97";"22316.51";"OOS1";"SL";"-98.87";"7.69";"2h 42m";""
"56";"AUDJPY_DukasM1_the5ers";"Buy";"2023.07.04 00:05:00";"96.484";"0.46";"2023.07.04 07:30:00";"96.155";"-101.26";"22215.25";"OOS1";"SL";"-98.96";"64.67";"7h 25m";""
"57";"AUDJPY_DukasM1_the5ers";"Buy";"2023.07.18 00:00:00";"94.530";"0.38";"2023.07.18 10:53:00";"94.126";"-102.29";"22112.96";"OOS1";"SL";"-100.39";"62.37";"10h 53m";""
"58";"AUDJPY_DukasM1_the5ers";"Buy";"2023.08.10 01:00:00";"93.832";"0.42";"2023.08.10 09:06:00";"94.312";"129.73";"22242.69";"OOS1";"PT";"-10.99";"131.83";"8h 6m";""
"59";"AUDJPY_DukasM1_the5ers";"Buy";"2023.09.13 00:00:00";"94.489";"0.56";"2023.09.13 15:30:00";"94.215";"-103.14";"22139.55";"OOS1";"SL";"-100.34";"82.03";"15h 30m";""
"60";"AUDJPY_DukasM1_the5ers";"Buy";"2023.09.29 01:00:00";"95.933";"0.44";"2023.09.29 05:25:00";"96.387";"128.43";"22267.98";"OOS1";"PT";"-8.34";"130.63";"4h 25m";""
"61";"AUDJPY_DukasM1_the5ers";"Buy";"2023.10.09 01:00:00";"94.791";"0.36";"2023.10.09 23:00:00";"95.189";"91.89";"22359.87";"OOS1";"Exit After X Bars";"-40.73";"111.11";"22h 0m";""
"62";"AUDJPY_DukasM1_the5ers";"Buy";"2023.10.17 01:00:00";"94.802";"0.55";"2023.10.17 06:36:00";"95.169";"129.24";"22489.12";"OOS1";"PT";"-30.57";"131.99";"5h 36m";""
"63";"AUDJPY_DukasM1_the5ers";"Buy";"2023.10.18 00:00:00";"95.345";"0.44";"2023.10.18 17:37:00";"94.995";"-102.90";"22386.21";"OOS1";"SL";"-100.70";"91.21";"17h 37m";""
"64";"AUDJPY_DukasM1_the5ers";"Buy";"2023.10.20 01:00:00";"94.765";"0.44";"2023.10.20 11:23:00";"94.421";"-101.18";"22285.04";"OOS1";"SL";"-98.98";"8.63";"10h 23m";""
"65";"AUDJPY_DukasM1_the5ers";"Buy";"2023.10.24 00:00:00";"94.836";"0.49";"2023.10.24 09:39:00";"95.242";"127.64";"22412.68";"OOS1";"PT";"-47.10";"130.09";"9h 39m";""
"66";"AUDJPY_DukasM1_the5ers";"Buy";"2023.11.01 00:00:00";"96.100";"0.39";"2023.11.01 03:20:00";"95.709";"-101.67";"22311.01";"OOS1";"SL";"-99.72";"0.00";"3h 20m";""
"67";"AUDJPY_DukasM1_the5ers";"Buy";"2023.11.06 01:00:00";"97.182";"0.55";"2023.11.06 23:00:00";"97.325";"48.68";"22359.69";"OOS1";"Exit After X Bars";"-6.47";"116.53";"22h 0m";""
"68";"AUDJPY_DukasM1_the5ers";"Buy";"2023.11.15 00:00:00";"97.830";"0.48";"2023.11.15 15:30:00";"98.246";"128.18";"22487.87";"OOS1";"PT";"-59.01";"130.58";"15h 30m";""
"69";"AUDJPY_DukasM1_the5ers";"Buy";"2023.11.16 00:00:00";"98.494";"0.46";"2023.11.16 03:14:00";"98.160";"-102.77";"22385.10";"OOS1";"SL";"-100.47";"23.16";"3h 14m";""
"70";"AUDJPY_DukasM1_the5ers";"Buy";"2023.12.01 01:00:00";"97.884";"0.46";"2023.12.01 23:00:00";"98.009";"35.30";"22420.40";"OOS1";"Exit After X Bars";"-58.06";"55.35";"22h 0m";""
"71";"AUDJPY_DukasM1_the5ers";"Buy";"2023.12.25 02:09:00";"96.771";"0.5";"2023.12.25 02:31:00";"96.463";"-103.20";"22317.20";"OOS1";"SL";"-100.70";"0.00";"22m 0s";""
"72";"AUDJPY_DukasM1_the5ers";"Buy";"2024.01.04 01:00:00";"96.341";"0.43";"2024.01.04 07:14:00";"96.805";"128.32";"22445.52";"OOS1";"PT";"-43.58";"130.47";"6h 14m";""
"1";"AUDJPY_DukasM1_the5ers";"Buy";"2024.01.11 00:00:00";"97.630";"0.55";"2024.01.11 14:00:00";"97.560";"-27.93";"22417.59";"OOS1";"Exit After X Bars";"-75.53";"59.70";"14h 0m";""
"2";"AUDJPY_DukasM1_the5ers";"Buy";"2024.01.16 00:04:00";"96.939";"0.7";"2024.01.16 02:40:00";"96.718";"-104.66";"22312.93";"OOS1";"SL";"-101.16";"54.01";"2h 36m";""
"3";"AUDJPY_DukasM1_the5ers";"Buy";"2024.01.17 01:00:00";"96.893";"0.56";"2024.01.17 15:00:00";"96.878";"-8.29";"22304.63";"OOS1";"Exit After X Bars";"-91.55";"90.45";"14h 0m";""
"4";"AUDJPY_DukasM1_the5ers";"Buy";"2024.01.25 00:00:00";"96.924";"0.5";"2024.01.25 14:00:00";"97.215";"92.65";"22397.28";"OOS1";"Exit After X Bars";"-36.95";"114.44";"14h 0m";""
"5";"AUDJPY_DukasM1_the5ers";"Buy";"2024.01.26 01:00:00";"97.234";"0.55";"2024.01.26 15:00:00";"97.413";"61.63";"22458.91";"OOS1";"Exit After X Bars";"-51.79";"95.31";"14h 0m";""
"6";"AUDJPY_DukasM1_the5ers";"Buy";"2024.02.08 01:00:00";"96.530";"0.68";"2024.02.08 03:58:00";"96.790";"112.21";"22571.12";"OOS1";"PT";"-10.23";"115.61";"2h 58m";""
"7";"AUDJPY_DukasM1_the5ers";"Buy";"2024.02.09 00:00:00";"96.935";"0.68";"2024.02.09 10:04:00";"97.195";"112.21";"22683.34";"OOS1";"PT";"-37.35";"115.61";"10h 4m";""
"8";"AUDJPY_DukasM1_the5ers";"Buy";"2024.02.14 01:00:00";"97.244";"0.67";"2024.02.14 11:28:00";"97.508";"112.32";"22795.65";"OOS1";"PT";"-80.18";"115.67";"10h 28m";""
"9";"AUDJPY_DukasM1_the5ers";"Buy";"2024.02.15 00:00:00";"97.701";"0.71";"2024.02.15 02:57:00";"97.483";"-104.76";"22690.89";"OOS1";"SL";"-101.21";"69.18";"2h 57m";""
"10";"AUDJPY_DukasM1_the5ers";"Buy";"2024.02.16 01:00:00";"97.804";"0.66";"2024.02.16 15:00:00";"97.987";"75.68";"22766.57";"OOS1";"Exit After X Bars";"-45.32";"115.23";"14h 0m";""
"11";"AUDJPY_DukasM1_the5ers";"Buy";"2024.02.20 00:00:00";"98.163";"0.94";"2024.02.20 00:04:00";"97.998";"-106.12";"22660.45";"OOS1";"SL";"-101.42";"0.00";"4m 0s";""
"12";"AUDJPY_DukasM1_the5ers";"Buy";"2024.02.27 01:00:00";"98.482";"0.71";"2024.02.27 04:25:00";"98.266";"-103.84";"22556.61";"OOS1";"SL";"-100.29";"23.21";"3h 25m";""
"13";"AUDJPY_DukasM1_the5ers";"Buy";"2024.03.07 00:00:00";"98.030";"0.54";"2024.03.07 03:15:00";"97.747";"-102.63";"22453.98";"OOS1";"SL";"-99.93";"4.94";"3h 15m";""
"14";"AUDJPY_DukasM1_the5ers";"Buy";"2024.03.08 00:00:00";"97.993";"0.57";"2024.03.08 11:36:00";"97.722";"-103.86";"22350.12";"OOS1";"SL";"-101.01";"59.27";"11h 36m";""
"15";"AUDJPY_DukasM1_the5ers";"Buy";"2024.03.29 00:00:00";"98.622";"0.62";"2024.03.29 15:00:00";"98.553";"-31.07";"22319.04";"OOS1";"Exit After X Bars";"-66.09";"45.81";"15h 0m";""
"16";"AUDJPY_DukasM1_the5ers";"Buy";"2024.04.04 01:00:00";"99.530";"0.62";"2024.04.04 06:30:00";"99.818";"113.66";"22432.71";"OOS1";"PT";"-11.35";"116.76";"5h 30m";""
"17";"AUDJPY_DukasM1_the5ers";"Buy";"2024.04.08 01:00:00";"99.640";"0.49";"2024.04.08 10:50:00";"99.999";"112.58";"22545.29";"OOS1";"PT";"-41.01";"115.03";"9h 50m";""
"18";"AUDJPY_DukasM1_the5ers";"Buy";"2024.04.17 01:00:00";"98.997";"0.4";"2024.04.17 15:00:00";"99.369";"95.30";"22640.59";"OOS1";"Exit After X Bars";"-5.49";"106.72";"14h 0m";""
"19";"AUDJPY_DukasM1_the5ers";"Buy";"2024.04.24 01:00:00";"100.368";"0.52";"2024.04.24 04:30:00";"100.708";"113.01";"22753.61";"OOS1";"PT";"-29.24";"115.61";"3h 30m";""
"20";"AUDJPY_DukasM1_the5ers";"Buy";"2024.04.29 01:00:00";"103.123";"0.31";"2024.04.29 04:11:00";"103.693";"114.00";"22867.60";"OOS1";"PT";"-3.65";"115.55";"3h 11m";""
"21";"AUDJPY_DukasM1_the5ers";"Buy";"2024.05.02 00:03:00";"100.841";"0.23";"2024.05.02 02:16:00";"101.594";"112.10";"22979.71";"OOS1";"PT";"-32.34";"113.25";"2h 13m";""
"22";"AUDJPY_DukasM1_the5ers";"Buy";"2024.05.09 00:01:00";"102.239";"0.58";"2024.05.09 12:51:00";"102.546";"113.54";"23093.24";"OOS1";"PT";"-72.82";"116.44";"12h 50m";""
"23";"AUDJPY_DukasM1_the5ers";"Buy";"2024.05.17 01:00:00";"103.736";"0.48";"2024.05.17 15:00:00";"103.767";"7.33";"23100.57";"OOS1";"Exit After X Bars";"-35.47";"83.49";"14h 0m";""
"24";"AUDJPY_DukasM1_the5ers";"Buy";"2024.05.20 01:00:00";"104.146";"0.52";"2024.05.20 04:00:00";"104.489";"114.03";"23214.61";"OOS1";"PT";"-7.82";"116.63";"3h 0m";""
"25";"AUDJPY_DukasM1_the5ers";"Buy";"2024.05.21 00:00:00";"104.172";"0.55";"2024.05.21 14:00:00";"104.186";"2.29";"23216.89";"OOS1";"Exit After X Bars";"-93.87";"90.99";"14h 0m";""
"26";"AUDJPY_DukasM1_the5ers";"Buy";"2024.05.30 00:00:00";"104.164";"0.57";"2024.05.30 05:45:00";"103.897";"-102.37";"23114.52";"OOS1";"SL";"-99.52";"33.92";"5h 45m";""
"27";"AUDJPY_DukasM1_the5ers";"Buy";"2024.05.31 00:00:00";"104.005";"0.46";"2024.05.31 11:34:00";"104.390";"113.51";"23228.03";"OOS1";"PT";"-52.64";"115.81";"11h 34m";""
"28";"AUDJPY_DukasM1_the5ers";"Buy";"2024.06.06 00:00:00";"103.758";"0.42";"2024.06.06 14:00:00";"103.722";"-11.99";"23216.04";"OOS1";"Exit After X Bars";"-39.00";"60.70";"14h 0m";""
"29";"AUDJPY_DukasM1_the5ers";"Buy";"2024.06.12 00:04:00";"103.703";"0.56";"2024.06.12 06:35:00";"104.018";"112.55";"23328.60";"OOS1";"PT";"-10.99";"115.35";"6h 31m";""
"30";"AUDJPY_DukasM1_the5ers";"Buy";"2024.06.13 00:00:00";"104.413";"0.45";"2024.06.13 14:00:00";"104.480";"17.47";"23346.06";"OOS1";"Exit After X Bars";"-49.14";"75.04";"14h 0m";""
"31";"AUDJPY_DukasM1_the5ers";"Buy";"2024.06.19 00:04:00";"104.987";"0.46";"2024.06.19 14:00:00";"105.318";"97.27";"23443.33";"OOS1";"Exit After X Bars";"-5.41";"114.61";"13h 56m";""
"32";"AUDJPY_DukasM1_the5ers";"Buy";"2024.06.25 00:05:00";"106.075";"0.48";"2024.06.25 14:00:00";"106.158";"23.65";"23466.98";"OOS1";"Exit After X Bars";"-47.40";"100.76";"13h 55m";""
"33";"AUDJPY_DukasM1_the5ers";"Buy";"2024.06.27 00:00:00";"106.888";"0.5";"2024.06.27 14:00:00";"106.860";"-11.65";"23455.33";"OOS1";"Exit After X Bars";"-80.11";"56.56";"14h 0m";""
"34";"AUDJPY_DukasM1_the5ers";"Buy";"2024.07.03 01:00:00";"107.607";"0.58";"2024.07.03 04:31:00";"107.915";"113.92";"23569.24";"OOS1";"PT";"-7.96";"116.82";"3h 31m";""
"35";"AUDJPY_DukasM1_the5ers";"Buy";"2024.07.08 01:00:00";"108.390";"0.55";"2024.07.08 15:00:00";"108.515";"42.21";"23611.45";"OOS1";"Exit After X Bars";"-84.16";"65.10";"14h 0m";""
"36";"AUDJPY_DukasM1_the5ers";"Buy";"2024.07.10 00:00:00";"108.717";"0.69";"2024.07.10 14:00:00";"108.876";"68.29";"23679.74";"OOS1";"Exit After X Bars";"-53.69";"106.03";"14h 0m";""
"37";"AUDJPY_DukasM1_the5ers";"Buy";"2024.07.11 00:00:00";"109.074";"0.73";"2024.07.11 06:43:00";"109.316";"111.87";"23791.62";"OOS1";"PT";"-52.51";"115.52";"6h 43m";""
"38";"AUDJPY_DukasM1_the5ers";"Buy";"2024.07.26 00:00:00";"100.600";"0.22";"2024.07.26 13:50:00";"101.406";"114.85";"23906.47";"OOS1";"PT";"-41.29";"115.95";"13h 50m";""
"39";"AUDJPY_DukasM1_the5ers";"Buy";"2024.08.07 00:07:00";"94.063";"0.12";"2024.08.07 04:40:00";"95.549";"116.01";"24022.48";"OOS1";"PT";"-4.79";"116.61";"4h 33m";""
"40";"AUDJPY_DukasM1_the5ers";"Buy";"2024.08.09 01:00:00";"97.036";"0.17";"2024.08.09 15:00:00";"96.679";"-40.54";"23981.94";"OOS1";"Exit After X Bars";"-61.25";"45.58";"14h 0m";""
"41";"AUDJPY_DukasM1_the5ers";"Buy";"2024.08.15 01:00:00";"97.085";"0.28";"2024.08.15 15:00:00";"97.611";"94.91";"24076.85";"OOS1";"Exit After X Bars";"-92.10";"110.96";"14h 0m";""
"42";"AUDJPY_DukasM1_the5ers";"Buy";"2024.08.27 00:00:00";"97.826";"0.37";"2024.08.27 06:43:00";"98.299";"112.59";"24189.44";"OOS1";"PT";"-33.15";"114.44";"6h 43m";""
"43";"AUDJPY_DukasM1_the5ers";"Buy";"2024.08.29 01:00:00";"97.997";"0.35";"2024.08.29 08:03:00";"98.500";"113.37";"24302.82";"OOS1";"PT";"-34.10";"115.12";"7h 3m";""
"44";"AUDJPY_DukasM1_the5ers";"Buy";"2024.09.02 01:00:00";"98.832";"0.41";"2024.09.02 02:09:00";"99.260";"112.70";"24415.52";"OOS1";"PT";"-4.83";"114.75";"1h 9m";""
"45";"AUDJPY_DukasM1_the5ers";"Buy";"2024.09.13 00:00:00";"95.304";"0.26";"2024.09.13 05:28:00";"94.729";"-99.06";"24316.46";"OOS1";"SL";"-97.76";"13.77";"5h 28m";""
"46";"AUDJPY_DukasM1_the5ers";"Buy";"2024.09.17 01:00:00";"94.921";"0.36";"2024.09.17 15:00:00";"95.094";"38.93";"24355.38";"OOS1";"Exit After X Bars";"-51.79";"92.28";"14h 0m";""
"47";"AUDJPY_DukasM1_the5ers";"Buy";"2024.10.01 00:00:00";"99.276";"0.27";"2024.10.01 07:25:00";"99.933";"114.65";"24470.03";"OOS1";"PT";"-19.24";"116.00";"7h 25m";""
"48";"AUDJPY_DukasM1_the5ers";"Buy";"2024.10.02 00:00:00";"98.789";"0.21";"2024.10.02 06:43:00";"99.610";"111.69";"24581.72";"OOS1";"PT";"-14.42";"112.74";"6h 43m";""
"49";"AUDJPY_DukasM1_the5ers";"Buy";"2024.10.03 00:00:00";"100.815";"0.24";"2024.10.03 14:00:00";"100.507";"-49.54";"24532.19";"OOS1";"Exit After X Bars";"-70.94";"71.57";"14h 0m";""
"50";"AUDJPY_DukasM1_the5ers";"Buy";"2024.10.10 01:00:00";"100.150";"0.36";"2024.10.10 07:30:00";"100.646";"114.96";"24647.15";"OOS1";"PT";"-24.72";"116.76";"6h 30m";""
"51";"AUDJPY_DukasM1_the5ers";"Buy";"2024.10.17 01:00:00";"99.716";"0.43";"2024.10.17 03:41:00";"100.125";"112.86";"24760.01";"OOS1";"PT";"-27.84";"115.01";"2h 41m";""
"52";"AUDJPY_DukasM1_the5ers";"Buy";"2024.10.18 00:00:00";"100.565";"0.43";"2024.10.18 14:00:00";"100.645";"20.34";"24780.35";"OOS1";"Exit After X Bars";"-59.89";"75.92";"14h 0m";""
"53";"AUDJPY_DukasM1_the5ers";"Buy";"2024.11.05 00:00:00";"100.164";"0.4";"2024.11.05 07:18:00";"100.606";"113.61";"24893.96";"OOS1";"PT";"-43.16";"115.61";"7h 18m";""
"54";"AUDJPY_DukasM1_the5ers";"Buy";"2024.11.07 00:04:00";"101.434";"0.29";"2024.11.07 04:39:00";"102.034";"112.33";"25006.30";"OOS1";"PT";"-27.12";"113.78";"4h 35m";""
"55";"AUDJPY_DukasM1_the5ers";"Buy";"2024.11.13 00:00:00";"100.994";"0.43";"2024.11.13 14:00:00";"101.061";"16.69";"25022.99";"OOS1";"Exit After X Bars";"-46.96";"80.98";"14h 0m";""
"56";"AUDJPY_DukasM1_the5ers";"Buy";"2024.11.19 01:00:00";"100.622";"0.38";"2024.11.19 03:10:00";"100.217";"-102.54";"24920.45";"OOS1";"SL";"-100.64";"0.00";"2h 10m";""
"57";"AUDJPY_DukasM1_the5ers";"Buy";"2024.12.12 00:00:00";"97.060";"0.34";"2024.12.12 02:30:00";"97.578";"113.47";"25033.92";"OOS1";"PT";"-47.36";"115.17";"2h 30m";""
"58";"AUDJPY_DukasM1_the5ers";"Buy";"2024.12.24 01:00:00";"98.086";"0.44";"2024.12.24 15:00:00";"97.813";"-80.75";"24953.17";"OOS1";"Exit After X Bars";"-98.11";"25.03";"14h 0m";""
"59";"AUDJPY_DukasM1_the5ers";"Buy";"2024.12.25 02:00:00";"97.815";"0.44";"2024.12.26 02:54:00";"98.218";"114.11";"25067.28";"OOS1";"PT";"-28.20";"115.95";"1d 0h 54m";""
"60";"AUDJPY_DukasM1_the5ers";"Buy";"2025.01.03 01:00:00";"97.676";"0.33";"2025.01.03 15:00:00";"97.756";"15.61";"25082.89";"OOS1";"Exit After X Bars";"-40.35";"46.40";"14h 0m";""
"61";"AUDJPY_DukasM1_the5ers";"Buy";"2025.01.15 00:04:00";"97.753";"0.34";"2025.01.15 07:43:00";"97.311";"-99.97";"24982.92";"OOS1";"SL";"-98.27";"24.68";"7h 39m";""
"62";"AUDJPY_DukasM1_the5ers";"Buy";"2025.01.22 01:00:00";"97.493";"0.41";"2025.01.22 12:23:00";"97.924";"113.50";"25096.42";"OOS1";"PT";"-20.38";"115.55";"11h 23m";""
"63";"AUDJPY_DukasM1_the5ers";"Buy";"2025.01.31 00:00:00";"95.776";"0.36";"2025.01.31 07:18:00";"96.262";"112.61";"25209.03";"OOS1";"PT";"-45.67";"114.41";"7h 18m";""
"64";"AUDJPY_DukasM1_the5ers";"Buy";"2025.02.12 01:00:00";"95.945";"0.45";"2025.02.12 02:40:00";"96.335";"112.51";"25321.55";"OOS1";"PT";"-5.30";"114.76";"1h 40m";""
"65";"AUDJPY_DukasM1_the5ers";"Buy";"2025.02.13 00:04:00";"96.919";"0.36";"2025.02.13 11:01:00";"96.499";"-100.67";"25220.87";"OOS1";"SL";"-98.87";"83.57";"10h 57m";""
"66";"AUDJPY_DukasM1_the5ers";"Buy";"2025.02.20 00:00:00";"96.063";"0.47";"2025.02.20 02:27:00";"95.736";"-102.85";"25118.02";"OOS1";"SL";"-100.50";"8.91";"2h 27m";""
"67";"AUDJPY_DukasM1_the5ers";"Buy";"2025.02.25 01:00:00";"95.028";"0.35";"2025.02.25 09:58:00";"94.596";"-100.62";"25017.40";"OOS1";"SL";"-98.87";"65.00";"8h 58m";""
"68";"AUDJPY_DukasM1_the5ers";"Buy";"2025.03.06 01:00:00";"94.224";"0.24";"2025.03.06 11:19:00";"93.595";"-99.92";"24917.48";"OOS1";"SL";"-98.72";"77.53";"10h 19m";""
"69";"AUDJPY_DukasM1_the5ers";"Buy";"2025.03.10 01:00:00";"92.940";"0.23";"2025.03.10 15:00:00";"92.990";"6.37";"24923.85";"OOS1";"Exit After X Bars";"-25.27";"71.44";"14h 0m";""
"70";"AUDJPY_DukasM1_the5ers";"Buy";"2025.03.13 00:00:00";"93.653";"0.28";"2025.03.13 07:36:00";"93.122";"-98.63";"24825.23";"OOS1";"SL";"-97.23";"52.55";"7h 36m";""
"71";"AUDJPY_DukasM1_the5ers";"Buy";"2025.03.17 01:00:00";"94.005";"0.36";"2025.03.17 14:52:00";"94.499";"114.49";"24939.72";"OOS1";"PT";"-24.48";"116.29";"13h 52m";""
"72";"AUDJPY_DukasM1_the5ers";"Buy";"2025.03.25 00:00:00";"94.713";"0.39";"2025.03.25 14:00:00";"94.872";"38.60";"24978.32";"OOS1";"Exit After X Bars";"-41.06";"50.75";"14h 0m";""
"73";"AUDJPY_DukasM1_the5ers";"Buy";"2025.04.03 00:04:00";"93.697";"0.25";"2025.04.03 00:24:00";"93.085";"-101.30";"24877.02";"OOS1";"SL";"-100.05";"22.40";"20m 0s";""
"74";"AUDJPY_DukasM1_the5ers";"Buy";"2025.04.15 00:06:00";"90.339";"0.19";"2025.04.15 10:02:00";"91.247";"111.86";"24988.88";"OOS1";"PT";"-3.48";"112.81";"9h 56m";""
"75";"AUDJPY_DukasM1_the5ers";"Buy";"2025.04.18 01:04:00";"90.848";"0.31";"2025.04.18 15:00:00";"90.707";"-30.13";"24958.75";"OOS1";"Exit After X Bars";"-50.88";"31.22";"13h 56m";""
"76";"AUDJPY_DukasM1_the5ers";"Buy";"2025.04.28 00:15:00";"91.646";"0.3";"2025.04.28 14:00:00";"91.744";"17.73";"24976.48";"OOS1";"Exit After X Bars";"-33.35";"74.94";"13h 45m";""
"77";"AUDJPY_DukasM1_the5ers";"Buy";"2025.05.02 00:05:00";"92.561";"0.31";"2025.05.02 03:18:00";"93.125";"112.78";"25089.26";"OOS1";"PT";"-8.31";"114.33";"3h 13m";""
"78";"AUDJPY_DukasM1_the5ers";"Buy";"2025.05.05 01:00:00";"93.309";"0.31";"2025.05.05 15:00:00";"93.269";"-9.66";"25079.60";"OOS1";"Exit After X Bars";"-39.53";"35.88";"14h 0m";""
"79";"AUDJPY_DukasM1_the5ers";"Buy";"2025.05.09 01:00:00";"93.382";"0.37";"2025.05.09 10:00:00";"92.967";"-102.26";"24977.34";"OOS1";"SL";"-100.41";"3.39";"9h 0m";""
"80";"AUDJPY_DukasM1_the5ers";"Buy";"2025.05.19 00:05:00";"92.981";"0.42";"2025.05.19 14:00:00";"93.314";"89.36";"25066.70";"OOS1";"Exit After X Bars";"-30.21";"106.84";"13h 55m";""
"81";"AUDJPY_DukasM1_the5ers";"Buy";"2025.05.23 01:00:00";"92.322";"0.4";"2025.05.23 14:51:00";"91.940";"-101.92";"24964.78";"OOS1";"SL";"-99.92";"96.52";"13h 51m";""
"82";"AUDJPY_DukasM1_the5ers";"Buy";"2025.05.26 01:00:00";"92.464";"0.37";"2025.05.26 01:10:00";"92.946";"114.77";"25079.55";"OOS1";"PT";"-4.36";"116.62";"10m 0s";""
"83";"AUDJPY_DukasM1_the5ers";"Buy";"2025.05.29 00:05:00";"92.951";"0.47";"2025.05.29 02:06:00";"93.324";"112.29";"25191.84";"OOS1";"PT";"-11.99";"114.64";"2h 1m";""
"84";"AUDJPY_DukasM1_the5ers";"Buy";"2025.06.02 01:00:00";"92.479";"0.37";"2025.06.02 15:00:00";"92.494";"1.78";"25193.62";"OOS1";"Exit After X Bars";"-5.81";"89.28";"14h 0m";""
"85";"AUDJPY_DukasM1_the5ers";"Buy";"2025.06.03 00:00:00";"92.642";"0.45";"2025.06.03 08:26:00";"92.305";"-101.42";"25092.20";"OOS1";"SL";"-99.17";"64.15";"8h 26m";""
"86";"AUDJPY_DukasM1_the5ers";"Buy";"2025.06.04 01:00:00";"93.033";"0.44";"2025.06.04 13:10:00";"93.432";"112.60";"25204.80";"OOS1";"PT";"-64.16";"114.80";"12h 10m";""
"87";"AUDJPY_DukasM1_the5ers";"Buy";"2025.06.11 00:00:00";"94.441";"0.5";"2025.06.11 14:00:00";"94.477";"9.27";"25214.07";"OOS1";"Exit After X Bars";"-80.43";"101.36";"14h 0m";""
"88";"AUDJPY_DukasM1_the5ers";"Buy";"2025.06.13 01:00:00";"93.688";"0.44";"2025.06.13 03:02:00";"93.341";"-102.04";"25112.03";"OOS1";"SL";"-99.84";"16.40";"2h 2m";""
"89";"AUDJPY_DukasM1_the5ers";"Buy";"2025.06.17 00:04:00";"94.338";"0.39";"2025.06.17 10:01:00";"94.796";"114.85";"25226.89";"OOS1";"PT";"-42.85";"116.80";"9h 57m";""
"90";"AUDJPY_DukasM1_the5ers";"Buy";"2025.06.27 00:00:00";"94.494";"0.52";"2025.06.27 03:05:00";"94.832";"112.33";"25339.22";"OOS1";"PT";"-39.44";"114.93";"3h 5m";""
"91";"AUDJPY_DukasM1_the5ers";"Buy";"2025.07.01 01:00:00";"94.732";"0.5";"2025.07.01 03:53:00";"94.426";"-102.55";"25236.67";"OOS1";"SL";"-100.05";"14.06";"2h 53m";""
"92";"AUDJPY_DukasM1_the5ers";"Buy";"2025.07.02 01:00:00";"94.319";"0.48";"2025.07.02 15:00:00";"94.483";"49.08";"25285.75";"OOS1";"Exit After X Bars";"-5.65";"113.63";"14h 0m";""
"93";"AUDJPY_DukasM1_the5ers";"Buy";"2025.07.07 00:06:00";"94.629";"0.63";"2025.07.07 03:42:00";"94.387";"-102.85";"25182.90";"OOS1";"SL";"-99.70";"61.38";"3h 36m";""
"94";"AUDJPY_DukasM1_the5ers";"Buy";"2025.07.10 00:00:00";"95.599";"0.5";"2025.07.10 10:22:00";"95.956";"114.23";"25297.13";"OOS1";"PT";"-68.34";"116.73";"10h 22m";""
"95";"AUDJPY_DukasM1_the5ers";"Buy";"2025.07.11 01:00:00";"96.277";"0.54";"2025.07.11 03:24:00";"95.995";"-102.28";"25194.85";"OOS1";"SL";"-99.58";"69.92";"2h 24m";""
"96";"AUDJPY_DukasM1_the5ers";"Buy";"2025.07.15 00:00:00";"96.655";"0.52";"2025.07.15 10:58:00";"96.999";"114.37";"25309.22";"OOS1";"PT";"-38.08";"116.97";"10h 58m";""
"97";"AUDJPY_DukasM1_the5ers";"Buy";"2025.07.30 00:04:00";"96.595";"0.58";"2025.07.30 04:30:00";"96.332";"-102.65";"25206.57";"OOS1";"SL";"-99.75";"57.65";"4h 26m";""
"98";"AUDJPY_DukasM1_the5ers";"Buy";"2025.08.18 01:00:00";"95.781";"0.59";"2025.08.18 04:04:00";"96.082";"113.18";"25319.75";"OOS1";"PT";"-8.10";"116.13";"3h 4m";""
"99";"AUDJPY_DukasM1_the5ers";"Buy";"2025.08.22 00:00:00";"95.231";"0.52";"2025.08.22 11:56:00";"95.570";"112.67";"25432.43";"OOS1";"PT";"-51.69";"115.27";"11h 56m";""
"100";"AUDJPY_DukasM1_the5ers";"Buy";"2025.08.28 00:04:00";"95.796";"0.64";"2025.08.28 14:00:00";"95.913";"45.77";"25478.19";"OOS1";"Exit After X Bars";"-37.67";"111.74";"13h 56m";""
"101";"AUDJPY_DukasM1_the5ers";"Buy";"2025.09.03 01:00:00";"96.681";"0.59";"2025.09.03 04:30:00";"96.984";"113.95";"25592.14";"OOS1";"PT";"-6.94";"116.90";"3h 30m";""
"102";"AUDJPY_DukasM1_the5ers";"Buy";"2025.09.05 00:05:00";"96.624";"0.63";"2025.09.05 10:16:00";"96.904";"112.20";"25704.35";"OOS1";"PT";"-7.42";"115.35";"10h 11m";""
"103";"AUDJPY_DukasM1_the5ers";"Buy";"2025.09.12 01:00:00";"98.010";"0.63";"2025.09.12 11:30:00";"98.292";"113.03";"25817.37";"OOS1";"PT";"-8.24";"116.18";"10h 30m";""
"104";"AUDJPY_DukasM1_the5ers";"Buy";"2025.09.15 01:00:00";"98.237";"0.67";"2025.09.15 15:00:00";"98.175";"-30.51";"25786.86";"OOS1";"Exit After X Bars";"-81.93";"22.78";"14h 0m";""
"105";"AUDJPY_DukasM1_the5ers";"Buy";"2025.09.16 01:00:00";"98.249";"0.71";"2025.09.16 07:14:00";"98.031";"-104.76";"25682.09";"OOS1";"SL";"-101.21";"65.00";"6h 14m";""
"106";"AUDJPY_DukasM1_the5ers";"Buy";"2025.09.22 01:00:00";"97.458";"0.57";"2025.09.22 05:40:00";"97.772";"114.19";"25796.28";"OOS1";"PT";"-6.71";"117.04";"4h 40m";""
"107";"AUDJPY_DukasM1_the5ers";"Buy";"2025.09.29 01:00:00";"97.921";"0.62";"2025.09.29 04:24:00";"97.675";"-102.84";"25693.45";"OOS1";"SL";"-99.74";"0.00";"3h 24m";""
"108";"AUDJPY_DukasM1_the5ers";"Buy";"2025.09.30 01:00:00";"97.696";"0.66";"2025.09.30 04:02:00";"97.964";"112.37";"25805.81";"OOS1";"PT";"-8.20";"115.67";"3h 2m";""
"109";"AUDJPY_DukasM1_the5ers";"Buy";"2025.10.14 00:06:00";"99.052";"0.36";"2025.10.14 07:06:00";"98.635";"-99.97";"25705.84";"OOS1";"SL";"-98.17";"101.93";"7h 0m";""
"110";"AUDJPY_DukasM1_the5ers";"Buy";"2025.10.21 00:00:00";"98.142";"0.39";"2025.10.21 13:33:00";"98.597";"114.09";"25819.93";"OOS1";"PT";"-57.64";"116.04";"13h 33m";""
"111";"AUDJPY_DukasM1_the5ers";"Buy";"2025.10.29 00:00:00";"100.078";"0.51";"2025.10.29 02:05:00";"99.780";"-101.93";"25718.00";"OOS1";"SL";"-99.38";"39.69";"2h 5m";""
"112";"AUDJPY_DukasM1_the5ers";"Buy";"2025.11.06 00:00:00";"100.212";"0.39";"2025.11.06 14:00:00";"99.984";"-60.10";"25657.90";"OOS1";"Exit After X Bars";"-72.43";"29.33";"14h 0m";""
"113";"AUDJPY_DukasM1_the5ers";"Buy";"2025.11.11 01:00:00";"100.685";"0.42";"2025.11.11 15:00:00";"100.568";"-34.23";"25623.67";"OOS1";"Exit After X Bars";"-64.27";"52.46";"14h 0m";""
"114";"AUDJPY_DukasM1_the5ers";"Buy";"2025.11.12 01:00:00";"100.558";"0.5";"2025.11.12 07:00:00";"100.912";"113.24";"25736.91";"OOS1";"PT";"-10.46";"115.74";"6h 0m";""
"115";"AUDJPY_DukasM1_the5ers";"Buy";"2025.11.19 01:00:00";"101.229";"0.36";"2025.11.19 05:03:00";"100.809";"-100.67";"25636.24";"OOS1";"SL";"-98.87";"12.71";"4h 3m";""
"116";"AUDJPY_DukasM1_the5ers";"Buy";"2025.11.27 00:00:00";"101.949";"0.48";"2025.11.27 14:00:00";"102.026";"21.77";"25658.01";"OOS1";"Exit After X Bars";"-97.62";"37.67";"14h 0m";""
"117";"AUDJPY_DukasM1_the5ers";"Buy";"2025.12.02 01:00:00";"101.661";"0.53";"2025.12.02 05:05:00";"101.998";"114.15";"25772.16";"OOS1";"PT";"-6.59";"116.80";"4h 5m";""
"118";"AUDJPY_DukasM1_the5ers";"Buy";"2025.12.05 01:00:00";"102.453";"0.56";"2025.12.05 12:09:00";"102.773";"114.38";"25886.54";"OOS1";"PT";"-59.69";"117.18";"11h 9m";""
"119";"AUDJPY_DukasM1_the5ers";"Buy";"2025.12.09 01:00:00";"103.261";"0.57";"2025.12.09 05:30:00";"102.992";"-103.12";"25783.42";"OOS1";"SL";"-100.27";"32.06";"4h 30m";""
"120";"AUDJPY_DukasM1_the5ers";"Buy";"2025.12.15 01:00:00";"103.476";"0.44";"2025.12.15 06:21:00";"103.128";"-102.33";"25681.10";"OOS1";"SL";"-100.13";"57.55";"5h 21m";""
"121";"AUDJPY_DukasM1_the5ers";"Buy";"2025.12.24 01:00:00";"104.595";"0.54";"2025.12.24 15:00:00";"104.563";"-14.00";"25667.10";"OOS1";"Exit After X Bars";"-83.69";"37.43";"14h 0m";""
"122";"AUDJPY_DukasM1_the5ers";"Buy";"2025.12.26 00:04:00";"104.402";"0.47";"2025.12.26 02:04:00";"104.779";"113.52";"25780.61";"OOS1";"PT";"-7.99";"115.87";"2h 0m";""
"123";"AUDJPY_DukasM1_the5ers";"Buy";"2025.12.31 00:00:00";"104.678";"0.59";"2025.12.31 14:00:00";"104.697";"4.38";"25784.99";"OOS1";"Exit After X Bars";"-45.53";"60.19";"14h 0m";""
