"Ticket";"Symbol";"Type";"Open time";"Open price";"Size";"Close time";"Close price";"Profit/Loss";"Balance";"Sample type";"Close type";"MAE ($)";"MFE ($)";"Time in trade";"Comment"
"1";"AUDJPY_DukasM1_the5ers";"Buy";"2004.02.02 01:00:00";"80.737";"0.21";"2004.02.02 16:03:00";"80.018";"-99.79";"9900.21";"IS";"SL";"-98.74";"9.61";"15h 3m";""
"2";"AUDJPY_DukasM1_the5ers";"Buy";"2004.02.23 13:00:00";"83.672";"0.2";"2004.02.25 14:58:00";"84.652";"127.06";"10027.28";"IS";"PT";"-48.39";"128.17";"2d 1h 58m";""
"3";"AUDJPY_DukasM1_the5ers";"Buy";"2004.04.05 13:00:00";"78.964";"0.22";"2004.04.06 06:17:00";"79.835";"124.15";"10151.42";"IS";"PT";"-40.71";"125.30";"17h 17m";""
"4";"AUDJPY_DukasM1_the5ers";"Buy";"2004.04.06 07:00:00";"79.976";"0.2";"2004.04.08 07:26:00";"80.931";"123.68";"10275.11";"IS";"PT";"-23.02";"124.90";"2d 0h 26m";""
"5";"AUDJPY_DukasM1_the5ers";"Buy";"2004.05.31 13:00:00";"78.336";"0.24";"2004.06.02 12:14:00";"77.700";"-101.14";"10173.96";"IS";"SL";"-99.81";"31.07";"1d 23h 14m";""
"6";"AUDJPY_DukasM1_the5ers";"Buy";"2004.11.04 09:00:00";"80.340";"0.3";"2004.11.08 16:58:00";"79.832";"-101.32";"10072.64";"IS";"SL";"-99.66";"53.56";"4d 7h 58m";""
"7";"AUDJPY_DukasM1_the5ers";"Buy";"2005.01.10 13:00:00";"79.181";"0.26";"2005.01.11 21:43:00";"78.607";"-98.96";"9973.68";"IS";"SL";"-97.59";"42.34";"1d 8h 43m";""
"8";"AUDJPY_DukasM1_the5ers";"Buy";"2005.01.17 01:00:00";"77.356";"0.25";"2005.01.19 10:35:00";"78.119";"123.35";"10097.04";"IS";"PT";"-67.19";"124.74";"2d 9h 35m";""
"9";"AUDJPY_DukasM1_the5ers";"Buy";"2005.02.07 01:00:00";"80.246";"0.31";"2005.02.08 16:38:00";"80.870";"124.86";"10221.90";"IS";"PT";"-92.44";"126.50";"1d 15h 38m";""
"10";"AUDJPY_DukasM1_the5ers";"Buy";"2005.04.18 01:00:00";"82.735";"0.31";"2005.04.18 16:46:00";"82.247";"-100.48";"10121.42";"IS";"SL";"-98.93";"9.12";"15h 46m";""
"11";"AUDJPY_DukasM1_the5ers";"Buy";"2005.04.19 00:00:00";"82.529";"0.3";"2005.04.21 13:31:00";"83.169";"123.73";"10245.15";"IS";"PT";"-96.72";"125.55";"2d 13h 31m";""
"12";"AUDJPY_DukasM1_the5ers";"Buy";"2005.08.22 01:00:00";"82.967";"0.3";"2005.08.25 10:31:00";"83.622";"126.59";"10371.75";"IS";"PT";"-70.82";"128.50";"3d 9h 31m";""
"13";"AUDJPY_DukasM1_the5ers";"Buy";"2005.09.12 13:00:00";"84.713";"0.28";"2005.09.16 21:21:00";"85.405";"124.85";"10496.60";"IS";"PT";"-32.41";"126.70";"4d 8h 21m";""
"14";"AUDJPY_DukasM1_the5ers";"Buy";"2005.09.26 01:00:00";"85.167";"0.29";"2005.09.28 15:40:00";"85.828";"123.75";"10620.35";"IS";"PT";"-79.08";"125.35";"2d 14h 40m";""
"15";"AUDJPY_DukasM1_the5ers";"Buy";"2005.10.31 01:00:00";"86.660";"0.31";"2005.11.07 15:07:00";"86.166";"-102.27";"10518.07";"IS";"SL";"-100.14";"101.36";"7d 14h 7m";""
"16";"AUDJPY_DukasM1_the5ers";"Buy";"2005.12.19 01:00:00";"85.986";"0.22";"2005.12.19 07:44:00";"86.863";"125.07";"10643.14";"IS";"PT";"-17.26";"126.17";"6h 44m";""
"17";"AUDJPY_DukasM1_the5ers";"Buy";"2005.12.26 01:00:00";"84.841";"0.3";"2005.12.27 03:28:00";"85.486";"124.95";"10768.09";"IS";"PT";"-53.36";"126.53";"1d 2h 28m";""
"18";"AUDJPY_DukasM1_the5ers";"Buy";"2005.12.27 09:00:00";"85.398";"0.27";"2005.12.29 12:45:00";"86.125";"126.72";"10894.81";"IS";"PT";"-95.34";"128.36";"2d 3h 45m";""
"19";"AUDJPY_DukasM1_the5ers";"Buy";"2006.01.09 13:00:00";"85.816";"0.27";"2006.01.16 11:46:00";"86.540";"125.97";"11020.79";"IS";"PT";"-55.79";"127.83";"6d 22h 46m";""
"20";"AUDJPY_DukasM1_the5ers";"Buy";"2006.02.13 01:00:00";"86.736";"0.28";"2006.02.17 04:39:00";"87.434";"125.95";"11146.74";"IS";"PT";"-76.54";"127.80";"4d 3h 39m";""
"21";"AUDJPY_DukasM1_the5ers";"Buy";"2006.03.20 01:00:00";"84.378";"0.26";"2006.03.20 08:47:00";"83.797";"-100.08";"11046.66";"IS";"SL";"-98.78";"16.32";"7h 47m";""
"22";"AUDJPY_DukasM1_the5ers";"Buy";"2006.03.21 00:00:00";"83.827";"0.23";"2006.03.24 21:40:00";"83.185";"-98.02";"10948.64";"IS";"SL";"-96.56";"72.64";"3d 21h 40m";""
"23";"AUDJPY_DukasM1_the5ers";"Buy";"2006.03.27 13:00:00";"82.442";"0.24";"2006.03.29 21:14:00";"83.246";"124.85";"11073.49";"IS";"PT";"-48.65";"126.18";"2d 8h 14m";""
"24";"AUDJPY_DukasM1_the5ers";"Buy";"2006.04.07 09:00:00";"86.018";"0.29";"2006.04.11 08:52:00";"86.692";"126.21";"11199.70";"IS";"PT";"-71.49";"127.82";"3d 23h 52m";""
"25";"AUDJPY_DukasM1_the5ers";"Buy";"2006.04.12 09:00:00";"86.630";"0.33";"2006.04.13 04:39:00";"86.177";"-99.67";"11100.03";"IS";"SL";"-97.76";"42.51";"19h 39m";""
"26";"AUDJPY_DukasM1_the5ers";"Buy";"2006.04.24 01:00:00";"86.371";"0.27";"2006.04.24 15:03:00";"85.806";"-101.11";"10998.93";"IS";"SL";"-99.76";"25.95";"14h 3m";""
"27";"AUDJPY_DukasM1_the5ers";"Buy";"2006.04.25 00:00:00";"85.281";"0.26";"2006.04.26 15:54:00";"86.042";"128.02";"11126.94";"IS";"PT";"-41.48";"129.39";"1d 15h 54m";""
"28";"AUDJPY_DukasM1_the5ers";"Buy";"2006.05.08 13:00:00";"86.017";"0.27";"2006.05.09 11:00:00";"85.444";"-102.59";"11024.35";"IS";"SL";"-101.17";"0.00";"22h 0m";""
"29";"AUDJPY_DukasM1_the5ers";"Buy";"2006.07.31 01:00:00";"87.902";"0.33";"2006.07.31 08:50:00";"87.446";"-100.05";"10924.30";"IS";"SL";"-98.40";"19.64";"7h 50m";""
"30";"AUDJPY_DukasM1_the5ers";"Buy";"2006.08.21 01:00:00";"87.870";"0.34";"2006.08.21 17:37:00";"88.451";"127.48";"11051.77";"IS";"PT";"-36.46";"129.18";"16h 37m";""
"31";"AUDJPY_DukasM1_the5ers";"Buy";"2006.09.11 01:00:00";"88.022";"0.29";"2006.09.12 17:43:00";"88.689";"124.96";"11176.73";"IS";"PT";"-56.51";"126.49";"1d 16h 43m";""
"32";"AUDJPY_DukasM1_the5ers";"Buy";"2006.09.25 01:00:00";"87.431";"0.3";"2006.09.26 19:13:00";"88.073";"124.37";"11301.10";"IS";"PT";"-36.69";"125.95";"1d 18h 13m";""
"33";"AUDJPY_DukasM1_the5ers";"Buy";"2006.10.10 09:00:00";"88.641";"0.36";"2006.10.12 03:44:00";"89.185";"125.88";"11426.98";"IS";"PT";"-12.24";"128.06";"1d 18h 44m";""
"34";"AUDJPY_DukasM1_the5ers";"Buy";"2006.12.04 13:00:00";"90.984";"0.25";"2006.12.05 10:51:00";"90.391";"-98.26";"11328.72";"IS";"SL";"-96.94";"23.38";"21h 51m";""
"35";"AUDJPY_DukasM1_the5ers";"Buy";"2007.01.08 01:00:00";"92.452";"0.25";"2007.01.09 10:37:00";"93.240";"127.51";"11456.22";"IS";"PT";"-74.06";"128.82";"1d 9h 37m";""
"36";"AUDJPY_DukasM1_the5ers";"Buy";"2007.01.19 09:00:00";"95.787";"0.31";"2007.01.19 12:56:00";"95.296";"-101.08";"11355.14";"IS";"SL";"-99.53";"9.12";"3h 56m";""
"37";"AUDJPY_DukasM1_the5ers";"Buy";"2007.03.05 01:00:00";"91.211";"0.2";"2007.03.05 02:00:00";"90.475";"-97.26";"11257.88";"IS";"SL";"-96.26";"0.00";"1h 0m";""
"38";"AUDJPY_DukasM1_the5ers";"Buy";"2007.03.06 00:00:00";"88.953";"0.18";"2007.03.06 04:26:00";"90.022";"124.93";"11382.81";"IS";"PT";"-58.26";"125.83";"4h 26m";""
"39";"AUDJPY_DukasM1_the5ers";"Buy";"2007.03.30 09:00:00";"94.932";"0.24";"2007.04.02 04:47:00";"95.752";"127.43";"11510.24";"IS";"PT";"-11.30";"128.69";"2d 19h 47m";""
"40";"AUDJPY_DukasM1_the5ers";"Buy";"2007.05.07 01:00:00";"98.633";"0.34";"2007.05.08 04:30:00";"99.205";"125.38";"11635.62";"IS";"PT";"-32.02";"127.18";"1d 3h 30m";""
"41";"AUDJPY_DukasM1_the5ers";"Buy";"2007.05.11 09:00:00";"99.518";"0.26";"2007.05.11 12:32:00";"98.939";"-99.74";"11535.88";"IS";"SL";"-98.44";"8.84";"3h 32m";""
"42";"AUDJPY_DukasM1_the5ers";"Buy";"2007.06.06 09:00:00";"102.348";"0.31";"2007.06.06 13:19:00";"101.862";"-100.07";"11435.81";"IS";"SL";"-98.52";"18.65";"4h 19m";""
"43";"AUDJPY_DukasM1_the5ers";"Buy";"2007.07.23 13:00:00";"107.178";"0.22";"2007.07.24 06:05:00";"106.500";"-98.70";"11337.11";"IS";"SL";"-97.54";"18.99";"17h 5m";""
"44";"AUDJPY_DukasM1_the5ers";"Buy";"2007.07.24 07:00:00";"106.558";"0.25";"2007.07.24 22:42:00";"105.959";"-99.18";"11237.94";"IS";"SL";"-97.93";"75.53";"15h 42m";""
"45";"AUDJPY_DukasM1_the5ers";"Buy";"2007.07.30 03:00:00";"100.768";"0.09";"2007.07.31 14:32:00";"102.806";"119.47";"11357.41";"IS";"PT";"-44.61";"119.94";"1d 11h 32m";""
"46";"AUDJPY_DukasM1_the5ers";"Buy";"2007.08.06 13:00:00";"100.808";"0.17";"2007.08.06 22:15:00";"101.973";"128.66";"11486.06";"IS";"PT";"-14.23";"129.51";"9h 15m";""
"47";"AUDJPY_DukasM1_the5ers";"Buy";"2007.08.07 00:00:00";"102.018";"0.16";"2007.08.07 15:48:00";"101.079";"-99.05";"11387.02";"IS";"SL";"-98.25";"12.76";"15h 48m";""
"48";"AUDJPY_DukasM1_the5ers";"Buy";"2007.08.13 01:00:00";"100.088";"0.12";"2007.08.14 04:14:00";"98.840";"-98.56";"11288.46";"IS";"SL";"-97.93";"35.47";"1d 3h 14m";""
"49";"AUDJPY_DukasM1_the5ers";"Buy";"2007.09.03 13:00:00";"95.418";"0.15";"2007.09.05 17:02:00";"94.421";"-98.62";"11189.83";"IS";"SL";"-97.79";"102.21";"2d 4h 2m";""
"50";"AUDJPY_DukasM1_the5ers";"Buy";"2007.09.10 13:00:00";"93.468";"0.14";"2007.09.11 19:23:00";"94.795";"120.75";"11310.58";"IS";"PT";"-35.52";"121.49";"1d 6h 23m";""
"51";"AUDJPY_DukasM1_the5ers";"Buy";"2007.09.28 09:00:00";"101.698";"0.2";"2007.10.01 08:39:00";"102.654";"123.98";"11434.56";"IS";"PT";"-54.67";"125.03";"2d 23h 39m";""
"52";"AUDJPY_DukasM1_the5ers";"Buy";"2007.10.22 14:00:00";"99.743";"0.11";"2007.10.22 22:53:00";"101.535";"128.35";"11562.91";"IS";"PT";"-5.25";"128.90";"8h 53m";""
"53";"AUDJPY_DukasM1_the5ers";"Buy";"2007.10.23 00:00:00";"101.578";"0.1";"2007.10.24 03:30:00";"103.444";"121.50";"11684.40";"IS";"PT";"-22.10";"122.02";"1d 3h 30m";""
"54";"AUDJPY_DukasM1_the5ers";"Buy";"2007.10.30 09:00:00";"104.858";"0.22";"2007.10.30 10:54:00";"105.757";"128.23";"11812.64";"IS";"PT";"-18.41";"129.33";"1h 54m";""
"55";"AUDJPY_DukasM1_the5ers";"Buy";"2007.11.05 01:00:00";"105.578";"0.1";"2007.11.08 00:14:00";"104.126";"-95.58";"11717.05";"IS";"SL";"-94.95";"104.76";"2d 23h 14m";""
"56";"AUDJPY_DukasM1_the5ers";"Buy";"2007.11.12 20:00:00";"97.303";"0.07";"2007.11.14 01:43:00";"99.891";"118.08";"11835.13";"IS";"PT";"-77.95";"118.46";"1d 5h 43m";""
"57";"AUDJPY_DukasM1_the5ers";"Buy";"2007.12.11 09:00:00";"99.293";"0.24";"2007.12.11 17:48:00";"98.660";"-100.54";"11734.58";"IS";"SL";"-99.34";"21.50";"8h 48m";""
"58";"AUDJPY_DukasM1_the5ers";"Buy";"2007.12.17 13:00:00";"97.163";"0.18";"2007.12.21 11:37:00";"98.227";"124.05";"11858.63";"IS";"PT";"-68.62";"125.24";"3d 22h 37m";""
"59";"AUDJPY_DukasM1_the5ers";"Buy";"2007.12.31 01:00:00";"98.718";"0.19";"2007.12.31 16:49:00";"97.948";"-96.62";"11762.02";"IS";"SL";"-95.67";"7.70";"15h 49m";""
"60";"AUDJPY_DukasM1_the5ers";"Buy";"2008.01.07 13:00:00";"95.763";"0.15";"2008.01.07 17:17:00";"94.801";"-95.11";"11666.90";"IS";"SL";"-94.36";"0.00";"4h 17m";""
"61";"AUDJPY_DukasM1_the5ers";"Buy";"2008.01.08 00:00:00";"95.248";"0.14";"2008.01.08 17:09:00";"96.573";"120.60";"11787.51";"IS";"PT";"-24.08";"121.30";"17h 9m";""
"62";"AUDJPY_DukasM1_the5ers";"Buy";"2008.01.28 13:00:00";"93.578";"0.14";"2008.01.28 21:32:00";"94.919";"122.07";"11909.58";"IS";"PT";"-8.97";"122.77";"8h 32m";""
"63";"AUDJPY_DukasM1_the5ers";"Buy";"2008.01.29 00:00:00";"95.038";"0.14";"2008.01.30 22:04:00";"96.398";"123.77";"12033.34";"IS";"PT";"-63.90";"124.51";"1d 22h 4m";""
"64";"AUDJPY_DukasM1_the5ers";"Buy";"2008.02.26 09:00:00";"100.163";"0.22";"2008.02.29 01:39:00";"99.491";"-98.07";"11935.27";"IS";"SL";"-96.68";"48.48";"2d 16h 39m";""
"65";"AUDJPY_DukasM1_the5ers";"Buy";"2008.03.03 04:00:00";"96.028";"0.14";"2008.03.03 17:18:00";"97.393";"124.26";"12059.54";"IS";"PT";"-50.17";"124.96";"13h 18m";""
"66";"AUDJPY_DukasM1_the5ers";"Buy";"2008.03.04 00:00:00";"97.203";"0.13";"2008.03.04 06:24:00";"96.084";"-95.78";"11963.76";"IS";"SL";"-95.13";"16.75";"6h 24m";""
"67";"AUDJPY_DukasM1_the5ers";"Buy";"2008.03.10 01:00:00";"94.698";"0.13";"2008.03.10 17:32:00";"93.522";"-100.62";"11863.14";"IS";"SL";"-99.97";"47.78";"16h 32m";""
"68";"AUDJPY_DukasM1_the5ers";"Buy";"2008.03.17 19:00:00";"88.888";"0.08";"2008.03.18 15:35:00";"91.359";"128.85";"11991.99";"IS";"PT";"-23.44";"129.27";"20h 35m";""
"69";"AUDJPY_DukasM1_the5ers";"Buy";"2008.03.24 01:00:00";"89.498";"0.19";"2008.03.24 10:45:00";"90.488";"122.05";"12114.04";"IS";"PT";"-4.72";"123.00";"9h 45m";""
"70";"AUDJPY_DukasM1_the5ers";"Buy";"2008.03.25 09:00:00";"91.748";"0.18";"2008.03.25 16:02:00";"90.909";"-99.66";"12014.38";"IS";"SL";"-98.76";"31.43";"7h 2m";""
"71";"AUDJPY_DukasM1_the5ers";"Buy";"2008.03.31 13:00:00";"90.778";"0.15";"2008.04.01 17:00:00";"92.051";"124.08";"12138.46";"IS";"PT";"-34.63";"124.87";"1d 4h 0m";""
"72";"AUDJPY_DukasM1_the5ers";"Buy";"2008.04.08 09:00:00";"94.818";"0.21";"2008.04.09 02:31:00";"95.756";"127.70";"12266.16";"IS";"PT";"-86.93";"128.81";"17h 31m";""
"73";"AUDJPY_DukasM1_the5ers";"Buy";"2008.04.14 13:00:00";"93.278";"0.16";"2008.04.16 10:11:00";"94.499";"126.86";"12393.03";"IS";"PT";"-60.47";"127.75";"1d 21h 11m";""
"74";"AUDJPY_DukasM1_the5ers";"Buy";"2008.04.28 01:00:00";"97.538";"0.23";"2008.04.29 14:40:00";"96.878";"-100.48";"12292.55";"IS";"SL";"-99.27";"99.57";"1d 13h 40m";""
"75";"AUDJPY_DukasM1_the5ers";"Buy";"2008.05.12 01:00:00";"96.908";"0.19";"2008.05.12 12:28:00";"97.947";"128.14";"12420.69";"IS";"PT";"-65.60";"129.09";"11h 28m";""
"76";"AUDJPY_DukasM1_the5ers";"Buy";"2008.05.26 13:00:00";"99.168";"0.3";"2008.05.27 09:13:00";"99.810";"124.37";"12545.06";"IS";"PT";"-25.50";"125.95";"20h 13m";""
"77";"AUDJPY_DukasM1_the5ers";"Buy";"2008.05.28 09:00:00";"99.948";"0.29";"2008.05.28 15:31:00";"100.623";"126.56";"12671.61";"IS";"PT";"-19.53";"128.01";"6h 31m";""
"78";"AUDJPY_DukasM1_the5ers";"Buy";"2008.06.09 13:00:00";"101.728";"0.22";"2008.06.09 17:59:00";"101.045";"-99.36";"12572.25";"IS";"SL";"-98.26";"8.20";"4h 59m";""
"79";"AUDJPY_DukasM1_the5ers";"Buy";"2008.06.10 00:00:00";"100.998";"0.21";"2008.06.11 09:44:00";"101.924";"126.06";"12698.31";"IS";"PT";"-24.44";"127.16";"1d 9h 44m";""
"80";"AUDJPY_DukasM1_the5ers";"Buy";"2008.06.30 01:00:00";"102.038";"0.21";"2008.06.30 18:23:00";"101.334";"-97.73";"12600.58";"IS";"SL";"-96.68";"59.32";"17h 23m";""
"81";"AUDJPY_DukasM1_the5ers";"Buy";"2008.08.04 01:00:00";"100.128";"0.25";"2008.08.04 17:00:00";"100.905";"125.77";"12726.36";"IS";"PT";"-50.35";"127.02";"16h 0m";""
"82";"AUDJPY_DukasM1_the5ers";"Buy";"2008.08.05 00:00:00";"100.618";"0.28";"2008.08.05 07:31:00";"100.086";"-98.81";"12627.55";"IS";"SL";"-97.41";"0.00";"7h 31m";""
"83";"AUDJPY_DukasM1_the5ers";"Buy";"2008.08.11 01:00:00";"97.818";"0.17";"2008.08.12 04:12:00";"96.945";"-97.94";"12529.61";"IS";"SL";"-97.05";"46.91";"1d 3h 12m";""
"84";"AUDJPY_DukasM1_the5ers";"Buy";"2008.09.01 01:00:00";"92.788";"0.2";"2008.09.01 10:42:00";"92.029";"-100.27";"12429.34";"IS";"SL";"-99.27";"55.19";"9h 42m";""
"85";"AUDJPY_DukasM1_the5ers";"Buy";"2008.09.02 00:00:00";"91.958";"0.21";"2008.09.02 09:20:00";"91.242";"-99.37";"12329.97";"IS";"SL";"-98.32";"67.56";"9h 20m";""
"86";"AUDJPY_DukasM1_the5ers";"Buy";"2008.09.08 01:00:00";"90.698";"0.08";"2008.09.08 13:09:00";"88.854";"-96.87";"12233.10";"IS";"SL";"-96.47";"5.34";"12h 9m";""
"87";"AUDJPY_DukasM1_the5ers";"Buy";"2008.09.29 01:00:00";"87.883";"0.14";"2008.09.29 10:44:00";"86.844";"-95.82";"12137.28";"IS";"SL";"-95.12";"93.56";"9h 44m";""
"88";"AUDJPY_DukasM1_the5ers";"Buy";"2008.10.13 01:00:00";"68.448";"0.04";"2008.10.14 12:08:00";"73.381";"128.82";"12266.10";"IS";"PT";"-86.00";"129.03";"1d 11h 8m";""
"89";"AUDJPY_DukasM1_the5ers";"Buy";"2008.10.27 01:00:00";"57.388";"0.04";"2008.10.28 20:44:00";"61.664";"111.64";"12377.74";"IS";"PT";"-48.42";"111.85";"1d 19h 44m";""
"90";"AUDJPY_DukasM1_the5ers";"Buy";"2008.10.29 09:00:00";"62.283";"0.05";"2008.10.29 18:39:00";"65.771";"113.79";"12491.53";"IS";"PT";"-14.16";"114.04";"9h 39m";""
"91";"AUDJPY_DukasM1_the5ers";"Buy";"2008.12.09 09:00:00";"60.798";"0.13";"2008.12.11 18:47:00";"62.246";"122.31";"12613.84";"IS";"PT";"-74.64";"123.09";"2d 9h 47m";""
"92";"AUDJPY_DukasM1_the5ers";"Buy";"2009.01.12 21:00:00";"61.298";"0.13";"2009.01.13 09:08:00";"60.153";"-98.02";"12515.82";"IS";"SL";"-97.34";"0.00";"12h 8m";""
"93";"AUDJPY_DukasM1_the5ers";"Buy";"2009.02.02 01:00:00";"57.043";"0.15";"2009.02.02 10:55:00";"56.060";"-97.17";"12418.65";"IS";"SL";"-96.42";"12.46";"9h 55m";""
"94";"AUDJPY_DukasM1_the5ers";"Buy";"2009.03.02 01:00:00";"62.218";"0.14";"2009.03.02 18:52:00";"61.141";"-99.30";"12319.35";"IS";"SL";"-98.60";"10.25";"17h 52m";""
"95";"AUDJPY_DukasM1_the5ers";"Buy";"2009.03.30 01:00:00";"67.668";"0.15";"2009.03.30 07:18:00";"66.709";"-94.82";"12224.53";"IS";"SL";"-94.07";"35.51";"6h 18m";""
"96";"AUDJPY_DukasM1_the5ers";"Buy";"2009.05.18 13:00:00";"72.258";"0.13";"2009.05.18 21:46:00";"73.682";"120.40";"12344.93";"IS";"PT";"-1.53";"121.05";"8h 46m";""
"97";"AUDJPY_DukasM1_the5ers";"Buy";"2009.05.19 00:00:00";"73.751";"0.14";"2009.05.21 11:49:00";"72.711";"-96.06";"12248.87";"IS";"SL";"-95.21";"106.56";"2d 11h 49m";""
"98";"AUDJPY_DukasM1_the5ers";"Buy";"2009.05.29 09:00:00";"76.378";"0.17";"2009.06.01 17:00:00";"77.481";"121.72";"12370.59";"IS";"PT";"-56.47";"122.62";"3d 8h 0m";""
"99";"AUDJPY_DukasM1_the5ers";"Buy";"2009.06.11 09:00:00";"79.318";"0.17";"2009.06.11 19:57:00";"80.431";"122.88";"12493.47";"IS";"PT";"-48.69";"123.73";"10h 57m";""
"100";"AUDJPY_DukasM1_the5ers";"Buy";"2009.07.06 01:00:00";"76.338";"0.24";"2009.07.06 04:56:00";"75.703";"-100.86";"12392.62";"IS";"SL";"-99.66";"1.10";"3h 56m";""
"101";"AUDJPY_DukasM1_the5ers";"Buy";"2009.07.13 01:00:00";"72.023";"0.15";"2009.07.13 09:47:00";"71.033";"-97.86";"12294.76";"IS";"SL";"-97.11";"65.43";"8h 47m";""
"102";"AUDJPY_DukasM1_the5ers";"Buy";"2009.07.28 09:00:00";"79.008";"0.21";"2009.07.28 14:51:00";"78.301";"-98.14";"12196.62";"IS";"SL";"-97.09";"38.04";"5h 51m";""
"103";"AUDJPY_DukasM1_the5ers";"Buy";"2009.07.29 09:00:00";"77.688";"0.16";"2009.07.30 15:55:00";"78.894";"125.25";"12321.87";"IS";"PT";"-88.20";"126.18";"1d 6h 55m";""
"104";"AUDJPY_DukasM1_the5ers";"Buy";"2009.08.17 08:00:00";"77.743";"0.15";"2009.08.19 15:25:00";"76.728";"-100.39";"12221.48";"IS";"SL";"-99.56";"108.09";"2d 7h 25m";""
"105";"AUDJPY_DukasM1_the5ers";"Buy";"2009.09.14 01:00:00";"77.913";"0.23";"2009.09.16 06:26:00";"78.768";"127.32";"12348.80";"IS";"PT";"-86.18";"128.59";"2d 5h 26m";""
"106";"AUDJPY_DukasM1_the5ers";"Buy";"2009.09.28 05:00:00";"76.733";"0.18";"2009.09.28 17:09:00";"77.826";"127.75";"12476.56";"IS";"PT";"-9.18";"128.65";"12h 9m";""
"107";"AUDJPY_DukasM1_the5ers";"Buy";"2009.09.29 00:00:00";"78.263";"0.19";"2009.09.30 19:00:00";"79.286";"126.10";"12602.66";"IS";"PT";"-9.69";"127.10";"1d 19h 0m";""
"108";"AUDJPY_DukasM1_the5ers";"Buy";"2009.10.05 01:00:00";"77.648";"0.18";"2009.10.05 18:41:00";"78.707";"123.75";"12726.41";"IS";"PT";"-6.24";"124.65";"17h 41m";""
"109";"AUDJPY_DukasM1_the5ers";"Buy";"2009.10.07 09:00:00";"78.843";"0.27";"2009.10.08 02:30:00";"79.573";"127.32";"12853.73";"IS";"PT";"-46.44";"128.89";"17h 30m";""
"110";"AUDJPY_DukasM1_the5ers";"Buy";"2009.10.19 13:00:00";"83.638";"0.21";"2009.10.21 18:59:00";"84.580";"128.20";"12981.93";"IS";"PT";"-38.86";"129.36";"2d 5h 59m";""
"111";"AUDJPY_DukasM1_the5ers";"Buy";"2009.11.02 13:00:00";"81.518";"0.13";"2009.11.03 11:53:00";"80.384";"-97.09";"12884.84";"IS";"SL";"-96.40";"95.38";"22h 53m";""
"112";"AUDJPY_DukasM1_the5ers";"Buy";"2009.11.30 01:00:00";"78.963";"0.13";"2009.12.02 02:50:00";"80.460";"126.54";"13011.38";"IS";"PT";"-38.08";"127.26";"2d 1h 50m";""
"113";"AUDJPY_DukasM1_the5ers";"Buy";"2009.12.30 09:00:00";"82.193";"0.37";"2009.12.30 17:36:00";"82.727";"127.35";"13138.73";"IS";"PT";"-18.87";"129.20";"8h 36m";""
"114";"AUDJPY_DukasM1_the5ers";"Buy";"2010.01.18 01:00:00";"83.678";"0.21";"2010.01.20 10:02:00";"82.974";"-97.84";"13040.89";"IS";"SL";"-96.68";"90.22";"2d 9h 2m";""
"115";"AUDJPY_DukasM1_the5ers";"Buy";"2010.01.25 01:00:00";"81.138";"0.14";"2010.01.26 11:28:00";"80.049";"-100.43";"12940.46";"IS";"SL";"-99.70";"99.06";"1d 10h 28m";""
"116";"AUDJPY_DukasM1_the5ers";"Buy";"2010.02.01 13:00:00";"79.343";"0.16";"2010.02.01 17:22:00";"80.545";"124.96";"13065.42";"IS";"PT";"-3.45";"125.76";"4h 22m";""
"117";"AUDJPY_DukasM1_the5ers";"Buy";"2010.02.02 00:00:00";"80.768";"0.17";"2010.02.02 05:43:00";"79.895";"-97.90";"12967.52";"IS";"SL";"-97.05";"41.91";"5h 43m";""
"118";"AUDJPY_DukasM1_the5ers";"Buy";"2010.02.08 01:00:00";"77.383";"0.12";"2010.02.10 00:32:00";"78.978";"124.50";"13092.02";"IS";"PT";"-46.14";"125.16";"1d 23h 32m";""
"119";"AUDJPY_DukasM1_the5ers";"Buy";"2010.02.17 09:00:00";"81.373";"0.31";"2010.02.17 14:33:00";"82.001";"125.76";"13217.78";"IS";"PT";"-56.36";"127.31";"5h 33m";""
"120";"AUDJPY_DukasM1_the5ers";"Buy";"2010.03.22 13:00:00";"82.568";"0.29";"2010.03.22 15:05:00";"82.042";"-101.20";"13116.58";"IS";"SL";"-99.75";"8.91";"2h 5m";""
"121";"AUDJPY_DukasM1_the5ers";"Buy";"2010.03.23 00:00:00";"82.728";"0.26";"2010.03.24 11:41:00";"83.474";"125.47";"13242.04";"IS";"PT";"-43.02";"126.84";"1d 11h 41m";""
"122";"AUDJPY_DukasM1_the5ers";"Buy";"2010.03.30 09:00:00";"84.968";"0.31";"2010.03.31 12:17:00";"85.589";"124.25";"13366.30";"IS";"PT";"-16.83";"125.89";"1d 3h 17m";""
"123";"AUDJPY_DukasM1_the5ers";"Buy";"2010.04.19 13:00:00";"84.313";"0.17";"2010.04.20 00:22:00";"85.439";"124.28";"13490.57";"IS";"PT";"-10.89";"125.17";"11h 22m";""
"124";"AUDJPY_DukasM1_the5ers";"Buy";"2010.04.20 01:00:00";"85.538";"0.18";"2010.04.20 16:01:00";"86.611";"125.40";"13615.97";"IS";"PT";"-17.42";"126.30";"15h 1m";""
"125";"AUDJPY_DukasM1_the5ers";"Buy";"2010.05.03 13:00:00";"87.118";"0.24";"2010.05.04 03:54:00";"87.923";"125.07";"13741.05";"IS";"PT";"-5.96";"126.34";"14h 54m";""
"126";"AUDJPY_DukasM1_the5ers";"Buy";"2010.05.04 04:00:00";"87.928";"0.24";"2010.05.04 09:07:00";"87.300";"-99.76";"13641.29";"IS";"SL";"-98.56";"3.45";"5h 7m";""
"127";"AUDJPY_DukasM1_the5ers";"Buy";"2010.05.10 01:00:00";"83.343";"0.06";"2010.05.17 05:12:00";"80.906";"-96.03";"13545.26";"IS";"SL";"-95.62";"55.40";"7d 4h 12m";""
"128";"AUDJPY_DukasM1_the5ers";"Buy";"2010.05.17 08:00:00";"80.698";"0.14";"2010.05.18 22:01:00";"79.621";"-99.34";"13445.92";"IS";"SL";"-98.60";"95.85";"1d 14h 1m";""
"129";"AUDJPY_DukasM1_the5ers";"Buy";"2010.06.04 09:00:00";"78.248";"0.15";"2010.06.04 15:30:00";"77.285";"-95.21";"13350.71";"IS";"SL";"-94.46";"41.39";"6h 30m";""
"130";"AUDJPY_DukasM1_the5ers";"Buy";"2010.06.07 13:00:00";"74.938";"0.11";"2010.06.10 11:45:00";"76.637";"121.51";"13472.23";"IS";"PT";"-79.70";"122.21";"2d 22h 45m";""
"131";"AUDJPY_DukasM1_the5ers";"Buy";"2010.06.22 09:00:00";"79.538";"0.19";"2010.06.22 23:14:00";"78.767";"-96.79";"13375.43";"IS";"SL";"-95.79";"43.11";"14h 14m";""
"132";"AUDJPY_DukasM1_the5ers";"Buy";"2010.07.19 05:00:00";"75.083";"0.15";"2010.07.20 05:40:00";"76.333";"121.82";"13497.25";"IS";"PT";"-4.71";"122.61";"1d 0h 40m";""
"133";"AUDJPY_DukasM1_the5ers";"Buy";"2010.07.20 06:00:00";"76.193";"0.16";"2010.07.20 23:30:00";"77.401";"125.55";"13622.80";"IS";"PT";"-63.09";"126.39";"17h 30m";""
"134";"AUDJPY_DukasM1_the5ers";"Buy";"2010.08.09 13:00:00";"78.753";"0.26";"2010.08.10 07:36:00";"78.176";"-99.47";"13523.33";"IS";"SL";"-98.10";"9.69";"18h 36m";""
"135";"AUDJPY_DukasM1_the5ers";"Buy";"2010.08.10 08:00:00";"78.193";"0.28";"2010.08.11 03:23:00";"77.659";"-99.25";"13424.08";"IS";"SL";"-97.77";"53.46";"19h 23m";""
"136";"AUDJPY_DukasM1_the5ers";"Buy";"2010.08.23 01:00:00";"75.953";"0.2";"2010.08.24 10:17:00";"75.211";"-98.10";"13325.98";"IS";"SL";"-97.04";"82.66";"1d 9h 17m";""
"137";"AUDJPY_DukasM1_the5ers";"Buy";"2010.10.11 01:00:00";"80.983";"0.21";"2010.10.12 05:41:00";"80.257";"-100.80";"13225.18";"IS";"SL";"-99.70";"18.13";"1d 4h 41m";""
"138";"AUDJPY_DukasM1_the5ers";"Buy";"2010.11.01 01:00:00";"79.145";"0.27";"2010.11.01 02:00:00";"79.862";"125.24";"13350.42";"IS";"PT";"-6.89";"126.59";"1h 0m";""
"139";"AUDJPY_DukasM1_the5ers";"Buy";"2010.11.03 09:00:00";"80.433";"0.37";"2010.11.03 15:27:00";"80.956";"124.69";"13475.11";"IS";"PT";"-22.26";"126.54";"6h 27m";""
"140";"AUDJPY_DukasM1_the5ers";"Buy";"2010.11.15 01:00:00";"81.444";"0.18";"2010.11.18 17:12:00";"82.504";"123.63";"13598.74";"IS";"PT";"-35.08";"124.77";"3d 16h 12m";""
"141";"AUDJPY_DukasM1_the5ers";"Buy";"2010.11.29 01:00:00";"81.348";"0.26";"2010.11.29 03:20:00";"80.765";"-100.42";"13498.32";"IS";"SL";"-99.12";"20.40";"2h 20m";""
"142";"AUDJPY_DukasM1_the5ers";"Buy";"2010.12.14 09:00:00";"83.066";"0.42";"2010.12.14 21:37:00";"83.537";"127.26";"13625.58";"IS";"PT";"-52.73";"129.36";"12h 37m";""
"143";"AUDJPY_DukasM1_the5ers";"Buy";"2011.01.17 01:00:00";"82.097";"0.3";"2011.01.19 08:56:00";"82.749";"126.25";"13751.83";"IS";"PT";"-64.74";"127.91";"2d 7h 56m";""
"144";"AUDJPY_DukasM1_the5ers";"Buy";"2011.01.25 09:00:00";"82.182";"0.35";"2011.01.25 14:49:00";"81.752";"-100.17";"13651.66";"IS";"SL";"-98.42";"40.51";"5h 49m";""
"145";"AUDJPY_DukasM1_the5ers";"Buy";"2011.01.31 13:00:00";"81.662";"0.28";"2011.02.01 17:00:00";"82.354";"125.23";"13776.89";"IS";"PT";"-16.11";"126.70";"1d 4h 0m";""
"146";"AUDJPY_DukasM1_the5ers";"Buy";"2011.03.22 09:00:00";"81.629";"0.22";"2011.03.24 16:58:00";"82.498";"123.68";"13900.57";"IS";"PT";"-41.58";"125.02";"2d 7h 58m";""
"147";"AUDJPY_DukasM1_the5ers";"Buy";"2011.05.16 13:00:00";"85.120";"0.19";"2011.05.17 08:23:00";"86.162";"128.46";"14029.03";"IS";"PT";"-23.73";"129.46";"19h 23m";""
"148";"AUDJPY_DukasM1_the5ers";"Buy";"2011.05.18 09:00:00";"86.240";"0.2";"2011.05.19 12:24:00";"87.223";"127.40";"14156.43";"IS";"PT";"-65.65";"128.56";"1d 3h 24m";""
"149";"AUDJPY_DukasM1_the5ers";"Buy";"2011.06.27 13:00:00";"84.334";"0.28";"2011.06.28 18:21:00";"85.019";"123.95";"14280.38";"IS";"PT";"-40.83";"125.42";"1d 5h 21m";""
"150";"AUDJPY_DukasM1_the5ers";"Buy";"2011.06.30 09:00:00";"86.358";"0.29";"2011.07.01 20:16:00";"87.022";"124.39";"14404.77";"IS";"PT";"-48.36";"125.92";"1d 11h 16m";""
"151";"AUDJPY_DukasM1_the5ers";"Buy";"2011.07.11 13:00:00";"86.370";"0.29";"2011.07.11 15:17:00";"85.846";"-100.82";"14303.95";"IS";"SL";"-99.37";"13.65";"2h 17m";""
"152";"AUDJPY_DukasM1_the5ers";"Buy";"2011.07.12 00:00:00";"85.529";"0.26";"2011.07.12 04:35:00";"84.944";"-100.76";"14203.19";"IS";"SL";"-99.46";"21.93";"4h 35m";""
"153";"AUDJPY_DukasM1_the5ers";"Buy";"2011.07.18 01:00:00";"84.165";"0.24";"2011.07.18 19:05:00";"83.528";"-101.17";"14102.02";"IS";"SL";"-99.97";"22.13";"18h 5m";""
"154";"AUDJPY_DukasM1_the5ers";"Buy";"2011.07.25 13:00:00";"84.543";"0.31";"2011.07.25 19:38:00";"85.166";"124.74";"14226.76";"IS";"PT";"-7.70";"126.29";"6h 38m";""
"155";"AUDJPY_DukasM1_the5ers";"Buy";"2011.07.26 00:00:00";"84.900";"0.3";"2011.07.26 05:07:00";"85.553";"126.60";"14353.37";"IS";"PT";"-70.43";"128.10";"5h 7m";""
"156";"AUDJPY_DukasM1_the5ers";"Buy";"2011.08.01 01:00:00";"85.134";"0.21";"2011.08.01 03:41:00";"86.045";"124.05";"14477.42";"IS";"PT";"-28.29";"125.10";"2h 41m";""
"157";"AUDJPY_DukasM1_the5ers";"Buy";"2011.08.08 01:00:00";"81.413";"0.11";"2011.08.08 17:37:00";"80.089";"-95.79";"14381.63";"IS";"SL";"-95.24";"22.87";"16h 37m";""
"158";"AUDJPY_DukasM1_the5ers";"Buy";"2011.08.09 00:00:00";"79.217";"0.12";"2011.08.09 04:36:00";"77.960";"-99.24";"14282.39";"IS";"SL";"-98.64";"14.36";"4h 36m";""
"159";"AUDJPY_DukasM1_the5ers";"Buy";"2011.09.05 13:00:00";"81.262";"0.3";"2011.09.06 04:30:00";"80.756";"-100.85";"14181.55";"IS";"SL";"-99.27";"39.04";"15h 30m";""
"160";"AUDJPY_DukasM1_the5ers";"Buy";"2011.09.06 05:00:00";"80.851";"0.3";"2011.09.06 11:06:00";"81.493";"124.45";"14305.99";"IS";"PT";"-48.65";"125.95";"6h 6m";""
"161";"AUDJPY_DukasM1_the5ers";"Buy";"2011.09.12 15:00:00";"79.653";"0.18";"2011.09.14 06:27:00";"78.812";"-99.99";"14206.00";"IS";"SL";"-98.99";"55.32";"1d 15h 27m";""
"162";"AUDJPY_DukasM1_the5ers";"Buy";"2011.10.28 09:00:00";"80.974";"0.22";"2011.10.31 03:25:00";"81.846";"124.29";"14330.29";"IS";"PT";"-35.39";"125.45";"2d 18h 25m";""
"163";"AUDJPY_DukasM1_the5ers";"Buy";"2011.12.12 01:00:00";"79.120";"0.25";"2011.12.12 16:32:00";"78.513";"-100.48";"14229.81";"IS";"SL";"-99.23";"21.42";"15h 32m";""
"164";"AUDJPY_DukasM1_the5ers";"Buy";"2011.12.19 13:00:00";"77.526";"0.3";"2011.12.20 15:50:00";"78.169";"124.56";"14354.37";"IS";"PT";"-83.38";"126.14";"1d 2h 50m";""
"165";"AUDJPY_DukasM1_the5ers";"Buy";"2012.01.09 13:00:00";"78.493";"0.32";"2012.01.10 05:33:00";"79.096";"124.50";"14478.87";"IS";"PT";"-26.99";"126.18";"16h 33m";""
"166";"AUDJPY_DukasM1_the5ers";"Buy";"2012.01.10 06:00:00";"79.101";"0.35";"2012.01.12 13:50:00";"79.665";"126.96";"14605.83";"IS";"PT";"-28.38";"129.08";"2d 7h 50m";""
"167";"AUDJPY_DukasM1_the5ers";"Buy";"2012.01.30 01:00:00";"81.623";"0.27";"2012.01.30 07:58:00";"81.059";"-100.93";"14504.90";"IS";"SL";"-99.58";"21.89";"6h 58m";""
"168";"AUDJPY_DukasM1_the5ers";"Buy";"2012.01.31 00:00:00";"80.929";"0.31";"2012.02.01 16:30:00";"81.563";"126.89";"14631.79";"IS";"PT";"-74.19";"128.52";"1d 16h 30m";""
"169";"AUDJPY_DukasM1_the5ers";"Buy";"2012.02.09 09:00:00";"83.487";"0.3";"2012.02.10 10:02:00";"82.987";"-99.67";"14532.12";"IS";"SL";"-98.09";"73.57";"1d 1h 2m";""
"170";"AUDJPY_DukasM1_the5ers";"Buy";"2012.02.13 01:00:00";"83.156";"0.31";"2012.02.14 14:28:00";"83.790";"126.89";"14659.01";"IS";"PT";"-80.68";"128.52";"1d 13h 28m";""
"171";"AUDJPY_DukasM1_the5ers";"Buy";"2012.03.09 09:00:00";"86.768";"0.22";"2012.03.12 14:32:00";"86.098";"-97.55";"14561.46";"IS";"SL";"-96.39";"119.84";"3d 5h 32m";""
"172";"AUDJPY_DukasM1_the5ers";"Buy";"2012.04.09 13:00:00";"83.685";"0.29";"2012.04.10 03:53:00";"84.360";"126.48";"14687.94";"IS";"PT";"-21.05";"128.01";"14h 53m";""
"173";"AUDJPY_DukasM1_the5ers";"Buy";"2012.04.10 04:00:00";"84.427";"0.29";"2012.04.10 07:40:00";"83.906";"-100.25";"14587.69";"IS";"SL";"-98.80";"37.17";"3h 40m";""
"174";"AUDJPY_DukasM1_the5ers";"Buy";"2012.05.07 01:00:00";"81.005";"0.33";"2012.05.07 19:33:00";"81.596";"125.88";"14713.57";"IS";"PT";"-96.46";"127.53";"18h 33m";""
"175";"AUDJPY_DukasM1_the5ers";"Buy";"2012.05.08 00:00:00";"81.486";"0.35";"2012.05.08 11:10:00";"81.048";"-102.00";"14611.57";"IS";"SL";"-100.25";"39.37";"11h 10m";""
"176";"AUDJPY_DukasM1_the5ers";"Buy";"2012.05.21 01:00:00";"77.986";"0.23";"2012.05.22 08:47:00";"78.818";"123.92";"14735.50";"IS";"PT";"-65.58";"125.13";"1d 7h 47m";""
"177";"AUDJPY_DukasM1_the5ers";"Buy";"2012.06.04 01:00:00";"75.801";"0.19";"2012.06.05 08:55:00";"76.811";"124.49";"14859.98";"IS";"PT";"-70.57";"125.49";"1d 7h 55m";""
"178";"AUDJPY_DukasM1_the5ers";"Buy";"2012.07.09 13:00:00";"80.961";"0.31";"2012.07.11 17:05:00";"81.585";"124.78";"14984.76";"IS";"PT";"-61.83";"126.50";"2d 4h 5m";""
"179";"AUDJPY_DukasM1_the5ers";"Buy";"2012.07.23 13:00:00";"80.246";"0.35";"2012.07.25 01:52:00";"79.811";"-101.50";"14883.27";"IS";"SL";"-99.56";"107.34";"1d 12h 52m";""
"180";"AUDJPY_DukasM1_the5ers";"Buy";"2012.08.27 01:00:00";"81.999";"0.36";"2012.08.28 00:18:00";"81.574";"-101.95";"14781.32";"IS";"SL";"-100.05";"18.83";"23h 18m";""
"181";"AUDJPY_DukasM1_the5ers";"Buy";"2012.09.03 13:00:00";"80.246";"0.38";"2012.09.05 09:56:00";"79.843";"-102.25";"14679.07";"IS";"SL";"-100.14";"95.42";"1d 20h 56m";""
"182";"AUDJPY_DukasM1_the5ers";"Buy";"2012.09.10 13:00:00";"81.075";"0.4";"2012.09.12 06:13:00";"81.566";"126.22";"14805.29";"IS";"PT";"-87.63";"128.43";"1d 17h 13m";""
"183";"AUDJPY_DukasM1_the5ers";"Buy";"2012.09.24 13:00:00";"81.134";"0.33";"2012.09.26 00:35:00";"80.677";"-100.45";"14704.84";"IS";"SL";"-98.62";"79.41";"1d 11h 35m";""
"184";"AUDJPY_DukasM1_the5ers";"Buy";"2012.10.01 13:00:00";"80.838";"0.34";"2012.10.02 08:01:00";"80.393";"-100.73";"14604.11";"IS";"SL";"-98.94";"88.04";"19h 1m";""
"185";"AUDJPY_DukasM1_the5ers";"Buy";"2012.10.08 13:00:00";"79.619";"0.33";"2012.10.09 04:20:00";"80.216";"127.09";"14731.21";"IS";"PT";"-14.89";"128.83";"15h 20m";""
"186";"AUDJPY_DukasM1_the5ers";"Buy";"2012.10.09 05:00:00";"80.213";"0.36";"2012.10.09 09:45:00";"79.796";"-99.97";"14631.24";"IS";"SL";"-98.17";"20.01";"4h 45m";""
"187";"AUDJPY_DukasM1_the5ers";"Buy";"2012.10.22 13:00:00";"82.434";"0.36";"2012.10.23 12:48:00";"82.009";"-101.95";"14529.29";"IS";"SL";"-100.05";"61.21";"23h 48m";""
"188";"AUDJPY_DukasM1_the5ers";"Buy";"2012.10.26 09:00:00";"82.453";"0.31";"2012.11.01 05:15:00";"83.076";"124.24";"14653.54";"IS";"PT";"-96.09";"126.29";"5d 20h 15m";""
"189";"AUDJPY_DukasM1_the5ers";"Buy";"2012.11.12 01:00:00";"82.559";"0.31";"2012.11.14 08:27:00";"83.189";"126.00";"14779.53";"IS";"PT";"-39.12";"127.71";"2d 7h 27m";""
"190";"AUDJPY_DukasM1_the5ers";"Buy";"2012.11.15 09:00:00";"83.649";"0.33";"2012.11.19 00:23:00";"84.232";"123.98";"14903.51";"IS";"PT";"-42.94";"128.83";"3d 15h 23m";""
"191";"AUDJPY_DukasM1_the5ers";"Buy";"2012.12.13 09:00:00";"88.250";"0.39";"2012.12.13 11:20:00";"87.859";"-101.67";"14801.84";"IS";"SL";"-99.72";"5.36";"2h 20m";""
"192";"AUDJPY_DukasM1_the5ers";"Buy";"2012.12.24 01:00:00";"87.797";"0.33";"2012.12.26 02:54:00";"88.393";"126.79";"14928.63";"IS";"PT";"-30.21";"128.61";"2d 1h 54m";""
"193";"AUDJPY_DukasM1_the5ers";"Buy";"2013.01.11 09:00:00";"93.996";"0.24";"2013.01.15 13:48:00";"93.373";"-99.10";"14829.53";"IS";"SL";"-97.77";"101.54";"4d 4h 48m";""
"194";"AUDJPY_DukasM1_the5ers";"Buy";"2013.02.11 00:14:00";"95.595";"0.22";"2013.02.11 22:37:00";"96.461";"123.49";"14953.01";"IS";"PT";"-60.71";"124.59";"22h 23m";""
"195";"AUDJPY_DukasM1_the5ers";"Buy";"2013.03.18 13:00:00";"98.524";"0.2";"2013.03.20 20:06:00";"99.511";"127.98";"15080.99";"IS";"PT";"-46.56";"129.08";"2d 7h 6m";""
"196";"AUDJPY_DukasM1_the5ers";"Buy";"2013.04.05 09:00:00";"100.364";"0.18";"2013.04.05 21:55:00";"101.424";"123.87";"15204.86";"IS";"PT";"-70.15";"124.77";"12h 55m";""
"197";"AUDJPY_DukasM1_the5ers";"Buy";"2013.04.15 01:00:00";"103.273";"0.18";"2013.04.15 05:43:00";"102.435";"-99.54";"15105.32";"IS";"SL";"-98.64";"65.68";"4h 43m";""
"198";"AUDJPY_DukasM1_the5ers";"Buy";"2013.04.16 05:00:00";"100.100";"0.11";"2013.04.16 16:32:00";"101.810";"122.45";"15227.77";"IS";"PT";"-10.86";"123.00";"11h 32m";""
"199";"AUDJPY_DukasM1_the5ers";"Buy";"2013.04.29 01:00:00";"100.778";"0.2";"2013.05.01 16:48:00";"100.013";"-101.16";"15126.62";"IS";"SL";"-100.05";"108.68";"2d 15h 48m";""
"200";"AUDJPY_DukasM1_the5ers";"Buy";"2013.05.27 13:00:00";"97.367";"0.17";"2013.05.28 10:08:00";"98.499";"124.95";"15251.56";"IS";"PT";"-22.01";"125.84";"21h 8m";""
"201";"AUDJPY_DukasM1_the5ers";"Buy";"2013.05.29 09:00:00";"97.544";"0.2";"2013.05.31 10:28:00";"96.780";"-101.13";"15150.43";"IS";"SL";"-99.92";"53.62";"2d 1h 28m";""
"202";"AUDJPY_DukasM1_the5ers";"Buy";"2013.06.03 01:00:00";"96.576";"0.17";"2013.06.05 08:39:00";"95.720";"-96.10";"15054.33";"IS";"SL";"-95.16";"87.27";"2d 7h 39m";""
"203";"AUDJPY_DukasM1_the5ers";"Buy";"2013.06.10 01:00:00";"91.993";"0.11";"2013.06.10 19:16:00";"93.737";"124.90";"15179.23";"IS";"PT";"-6.69";"125.45";"18h 16m";""
"204";"AUDJPY_DukasM1_the5ers";"Buy";"2013.07.01 13:00:00";"91.471";"0.21";"2013.07.03 04:27:00";"92.393";"125.45";"15304.68";"IS";"PT";"-23.48";"126.61";"1d 15h 27m";""
"205";"AUDJPY_DukasM1_the5ers";"Buy";"2013.07.10 09:00:00";"92.395";"0.23";"2013.07.10 18:04:00";"91.730";"-101.17";"15203.51";"IS";"SL";"-100.02";"36.40";"9h 4m";""
"206";"AUDJPY_DukasM1_the5ers";"Buy";"2013.07.15 01:00:00";"90.147";"0.2";"2013.07.16 03:19:00";"91.120";"126.20";"15329.71";"IS";"PT";"-31.13";"127.25";"1d 2h 19m";""
"207";"AUDJPY_DukasM1_the5ers";"Buy";"2013.07.29 13:00:00";"90.374";"0.25";"2013.07.30 06:03:00";"89.773";"-99.57";"15230.14";"IS";"SL";"-98.25";"32.53";"17h 3m";""
"208";"AUDJPY_DukasM1_the5ers";"Buy";"2013.07.30 07:00:00";"89.318";"0.22";"2013.07.31 03:15:00";"88.646";"-97.84";"15132.31";"IS";"SL";"-96.68";"10.93";"20h 15m";""
"209";"AUDJPY_DukasM1_the5ers";"Buy";"2013.08.05 13:00:00";"87.679";"0.25";"2013.08.06 09:09:00";"88.446";"124.07";"15256.38";"IS";"PT";"-64.25";"125.39";"20h 9m";""
"210";"AUDJPY_DukasM1_the5ers";"Buy";"2013.08.07 09:00:00";"86.877";"0.26";"2013.08.08 06:15:00";"87.633";"127.03";"15383.40";"IS";"PT";"-80.42";"128.54";"21h 15m";""
"211";"AUDJPY_DukasM1_the5ers";"Buy";"2013.08.14 09:00:00";"89.510";"0.3";"2013.08.15 17:08:00";"89.006";"-100.61";"15282.79";"IS";"SL";"-98.87";"110.06";"1d 8h 8m";""
"212";"AUDJPY_DukasM1_the5ers";"Buy";"2013.09.03 09:00:00";"89.932";"0.23";"2013.09.04 08:43:00";"90.789";"127.68";"15410.47";"IS";"PT";"-79.11";"128.89";"23h 43m";""
"213";"AUDJPY_DukasM1_the5ers";"Buy";"2013.09.05 09:00:00";"91.485";"0.28";"2013.09.06 15:31:00";"90.939";"-101.45";"15309.03";"IS";"SL";"-99.97";"11.54";"1d 6h 31m";""
"214";"AUDJPY_DukasM1_the5ers";"Buy";"2013.09.11 09:00:00";"93.320";"0.29";"2013.09.12 04:30:00";"92.790";"-102.19";"15206.83";"IS";"SL";"-100.51";"18.77";"19h 30m";""
"215";"AUDJPY_DukasM1_the5ers";"Buy";"2013.09.23 13:00:00";"93.151";"0.27";"2013.09.24 12:59:00";"92.600";"-98.71";"15108.13";"IS";"SL";"-97.28";"51.03";"23h 59m";""
"216";"AUDJPY_DukasM1_the5ers";"Buy";"2013.09.30 01:00:00";"90.998";"0.27";"2013.09.30 17:59:00";"91.718";"125.77";"15233.90";"IS";"PT";"-46.08";"127.12";"16h 59m";""
"217";"AUDJPY_DukasM1_the5ers";"Buy";"2013.10.01 00:00:00";"91.521";"0.24";"2013.10.01 09:40:00";"92.346";"128.28";"15362.18";"IS";"PT";"-23.70";"129.48";"9h 40m";""
"218";"AUDJPY_DukasM1_the5ers";"Buy";"2013.10.14 13:00:00";"93.091";"0.32";"2013.10.15 01:34:00";"93.703";"126.38";"15488.56";"IS";"PT";"-33.90";"128.06";"12h 34m";""
"219";"AUDJPY_DukasM1_the5ers";"Buy";"2013.10.15 02:00:00";"93.682";"0.32";"2013.10.16 17:00:00";"94.285";"124.50";"15613.05";"IS";"PT";"-89.77";"126.18";"1d 15h 0m";""
"220";"AUDJPY_DukasM1_the5ers";"Buy";"2013.10.28 01:00:00";"93.512";"0.31";"2013.10.29 02:07:00";"93.018";"-101.78";"15511.28";"IS";"SL";"-100.14";"93.86";"1d 1h 7m";""
"221";"AUDJPY_DukasM1_the5ers";"Buy";"2013.11.11 01:00:00";"93.021";"0.29";"2013.11.12 18:57:00";"92.506";"-99.19";"15412.09";"IS";"SL";"-97.66";"10.05";"1d 17h 57m";""
"222";"AUDJPY_DukasM1_the5ers";"Buy";"2013.11.25 01:00:00";"92.852";"0.31";"2013.11.26 14:02:00";"92.366";"-100.15";"15311.93";"IS";"SL";"-98.52";"115.35";"1d 13h 2m";""
"223";"AUDJPY_DukasM1_the5ers";"Buy";"2014.01.20 01:00:00";"91.519";"0.39";"2014.01.20 02:26:00";"91.132";"-100.65";"15211.29";"OOS1";"SL";"-98.70";"6.63";"1h 26m";""
"224";"AUDJPY_DukasM1_the5ers";"Buy";"2014.01.21 00:00:00";"91.791";"0.39";"2014.01.21 03:56:00";"92.289";"125.06";"15336.34";"OOS1";"PT";"-21.93";"127.01";"3h 56m";""
"225";"AUDJPY_DukasM1_the5ers";"Buy";"2014.01.27 01:00:00";"88.729";"0.18";"2014.01.27 13:52:00";"89.808";"126.11";"15462.45";"OOS1";"PT";"-16.60";"127.01";"12h 52m";""
"226";"AUDJPY_DukasM1_the5ers";"Buy";"2014.03.03 13:00:00";"90.324";"0.27";"2014.03.04 05:30:00";"91.033";"123.76";"15586.20";"OOS1";"PT";"-34.25";"125.18";"16h 30m";""
"227";"AUDJPY_DukasM1_the5ers";"Buy";"2014.03.04 06:00:00";"90.722";"0.27";"2014.03.04 22:17:00";"91.452";"127.54";"15713.74";"OOS1";"PT";"-13.24";"128.89";"16h 17m";""
"228";"AUDJPY_DukasM1_the5ers";"Buy";"2014.03.17 01:00:00";"91.387";"0.21";"2014.03.17 10:38:00";"92.291";"123.09";"15836.83";"OOS1";"PT";"-8.65";"124.14";"9h 38m";""
"229";"AUDJPY_DukasM1_the5ers";"Buy";"2014.03.18 09:00:00";"92.200";"0.3";"2014.03.21 08:11:00";"92.859";"127.38";"15964.21";"OOS1";"PT";"-53.36";"129.28";"2d 23h 11m";""
"230";"AUDJPY_DukasM1_the5ers";"Buy";"2014.03.25 09:00:00";"93.329";"0.36";"2014.03.26 05:32:00";"93.876";"126.87";"16091.09";"OOS1";"PT";"-22.36";"128.77";"20h 32m";""
"231";"AUDJPY_DukasM1_the5ers";"Buy";"2014.03.27 09:00:00";"94.385";"0.36";"2014.03.28 04:35:00";"94.926";"125.46";"16216.55";"OOS1";"PT";"-42.14";"127.36";"19h 35m";""
"232";"AUDJPY_DukasM1_the5ers";"Buy";"2014.04.14 01:00:00";"95.435";"0.3";"2014.04.15 18:11:00";"94.929";"-100.85";"16115.70";"OOS1";"SL";"-99.27";"113.00";"1d 17h 11m";""
"233";"AUDJPY_DukasM1_the5ers";"Buy";"2014.05.19 01:00:00";"95.109";"0.43";"2014.05.19 09:02:00";"94.751";"-102.82";"16012.89";"OOS1";"SL";"-100.67";"9.00";"8h 2m";""
"234";"AUDJPY_DukasM1_the5ers";"Buy";"2014.06.30 01:00:00";"95.604";"0.6";"2014.06.30 04:54:00";"95.349";"-103.05";"15909.84";"OOS1";"SL";"-100.05";"2.75";"3h 54m";""
"235";"AUDJPY_DukasM1_the5ers";"Buy";"2014.07.02 09:00:00";"96.075";"0.5";"2014.07.03 04:00:00";"95.772";"-101.97";"15807.87";"OOS1";"SL";"-99.07";"32.04";"19h 0m";""
"236";"AUDJPY_DukasM1_the5ers";"Buy";"2014.07.23 09:00:00";"95.680";"0.55";"2014.07.24 04:45:00";"96.036";"124.85";"15932.71";"OOS1";"PT";"-15.47";"128.04";"19h 45m";""
"237";"AUDJPY_DukasM1_the5ers";"Buy";"2014.07.28 13:00:00";"95.754";"0.67";"2014.07.30 21:31:00";"96.046";"124.22";"16056.94";"OOS1";"PT";"-30.23";"127.93";"2d 8h 31m";""
"238";"AUDJPY_DukasM1_the5ers";"Buy";"2014.08.14 09:00:00";"95.392";"0.73";"2014.08.15 08:47:00";"95.660";"124.09";"16181.02";"OOS1";"PT";"-65.88";"127.93";"23h 47m";""
"239";"AUDJPY_DukasM1_the5ers";"Buy";"2014.08.18 13:00:00";"95.483";"0.58";"2014.08.19 05:20:00";"95.820";"124.76";"16305.78";"OOS1";"PT";"-13.65";"127.82";"16h 20m";""
"240";"AUDJPY_DukasM1_the5ers";"Buy";"2014.08.19 06:00:00";"95.809";"0.7";"2014.08.20 17:07:00";"96.090";"124.94";"16430.72";"OOS1";"PT";"-91.55";"128.63";"1d 11h 7m";""
"241";"AUDJPY_DukasM1_the5ers";"Buy";"2014.09.15 01:00:00";"96.732";"0.38";"2014.09.16 18:56:00";"97.247";"125.97";"16556.69";"OOS1";"PT";"-91.44";"127.97";"1d 17h 56m";""
"242";"AUDJPY_DukasM1_the5ers";"Buy";"2014.09.29 01:00:00";"95.760";"0.37";"2014.09.29 05:12:00";"95.347";"-101.78";"16454.92";"OOS1";"SL";"-99.93";"16.94";"4h 12m";""
"243";"AUDJPY_DukasM1_the5ers";"Buy";"2014.10.06 13:00:00";"95.414";"0.37";"2014.10.08 06:26:00";"95.005";"-101.01";"16353.91";"OOS1";"SL";"-98.96";"40.65";"1d 17h 26m";""
"244";"AUDJPY_DukasM1_the5ers";"Buy";"2014.10.13 01:00:00";"93.352";"0.28";"2014.10.13 13:26:00";"94.043";"125.12";"16479.03";"OOS1";"PT";"-88.99";"126.52";"12h 26m";""
"245";"AUDJPY_DukasM1_the5ers";"Buy";"2014.10.14 00:00:00";"93.721";"0.26";"2014.10.14 05:26:00";"94.459";"124.17";"16603.21";"OOS1";"PT";"-24.48";"125.47";"5h 26m";""
"246";"AUDJPY_DukasM1_the5ers";"Buy";"2014.11.12 09:00:00";"100.304";"0.27";"2014.11.13 12:00:00";"101.017";"124.32";"16727.53";"OOS1";"PT";"-33.55";"125.89";"1d 3h 0m";""
"247";"AUDJPY_DukasM1_the5ers";"Buy";"2015.01.05 13:00:00";"97.093";"0.26";"2015.01.06 00:42:00";"96.517";"-99.30";"16628.22";"OOS1";"SL";"-97.93";"6.29";"11h 42m";""
"248";"AUDJPY_DukasM1_the5ers";"Buy";"2015.01.06 01:00:00";"96.450";"0.27";"2015.01.06 04:44:00";"97.161";"124.18";"16752.41";"OOS1";"PT";"-3.35";"125.53";"3h 44m";""
"249";"AUDJPY_DukasM1_the5ers";"Buy";"2015.01.26 01:00:00";"92.815";"0.18";"2015.01.26 18:13:00";"93.907";"127.64";"16880.04";"OOS1";"PT";"-76.27";"128.54";"17h 13m";""
"250";"AUDJPY_DukasM1_the5ers";"Buy";"2015.01.27 00:00:00";"93.881";"0.22";"2015.01.27 15:47:00";"93.210";"-97.63";"16782.41";"OOS1";"SL";"-96.53";"29.64";"15h 47m";""
"251";"AUDJPY_DukasM1_the5ers";"Buy";"2015.03.09 13:00:00";"93.392";"0.35";"2015.03.10 10:47:00";"92.956";"-101.63";"16680.78";"OOS1";"SL";"-99.79";"46.00";"21h 47m";""
"252";"AUDJPY_DukasM1_the5ers";"Buy";"2015.03.30 13:00:00";"92.003";"0.3";"2015.03.31 10:38:00";"91.491";"-102.02";"16578.76";"OOS1";"SL";"-100.44";"11.97";"21h 38m";""
"253";"AUDJPY_DukasM1_the5ers";"Buy";"2015.04.08 09:00:00";"91.987";"0.31";"2015.04.09 05:57:00";"92.617";"125.91";"16704.67";"OOS1";"PT";"-17.23";"127.71";"20h 57m";""
"254";"AUDJPY_DukasM1_the5ers";"Buy";"2015.04.13 01:00:00";"92.259";"0.35";"2015.04.13 05:06:00";"91.822";"-101.77";"16602.90";"OOS1";"SL";"-100.02";"22.20";"4h 6m";""
"255";"AUDJPY_DukasM1_the5ers";"Buy";"2015.05.06 09:00:00";"95.365";"0.27";"2015.05.07 04:30:00";"94.796";"-102.03";"16500.87";"OOS1";"SL";"-100.46";"100.64";"19h 30m";""
"256";"AUDJPY_DukasM1_the5ers";"Buy";"2015.05.13 09:00:00";"95.562";"0.29";"2015.05.13 13:51:00";"96.232";"125.61";"16626.48";"OOS1";"PT";"-12.33";"127.06";"4h 51m";""
"257";"AUDJPY_DukasM1_the5ers";"Buy";"2015.05.25 01:00:00";"94.946";"0.39";"2015.05.26 07:24:00";"95.444";"124.95";"16751.43";"OOS1";"PT";"-5.10";"127.01";"1d 6h 24m";""
"258";"AUDJPY_DukasM1_the5ers";"Buy";"2015.05.26 08:00:00";"95.436";"0.54";"2015.05.26 18:05:00";"95.153";"-102.63";"16648.80";"OOS1";"SL";"-99.93";"116.53";"10h 5m";""
"259";"AUDJPY_DukasM1_the5ers";"Buy";"2015.06.03 09:00:00";"96.644";"0.29";"2015.06.04 04:36:00";"96.117";"-101.62";"16547.17";"OOS1";"SL";"-99.94";"65.05";"19h 36m";""
"260";"AUDJPY_DukasM1_the5ers";"Buy";"2015.06.23 09:00:00";"95.406";"0.4";"2015.06.23 23:16:00";"95.890";"124.49";"16671.67";"OOS1";"PT";"-20.40";"126.60";"14h 16m";""
"261";"AUDJPY_DukasM1_the5ers";"Buy";"2015.06.29 03:00:00";"93.410";"0.21";"2015.06.29 05:09:00";"94.329";"125.15";"16796.82";"OOS1";"PT";"-16.07";"126.20";"2h 9m";""
"262";"AUDJPY_DukasM1_the5ers";"Buy";"2015.06.30 00:00:00";"94.094";"0.21";"2015.07.03 04:58:00";"93.384";"-98.83";"16697.99";"OOS1";"SL";"-97.50";"122.49";"3d 4h 58m";""
"263";"AUDJPY_DukasM1_the5ers";"Buy";"2015.07.06 02:00:00";"91.652";"0.21";"2015.07.07 13:18:00";"90.933";"-99.84";"16598.14";"OOS1";"SL";"-98.74";"104.92";"1d 11h 18m";""
"264";"AUDJPY_DukasM1_the5ers";"Buy";"2015.07.20 13:00:00";"91.634";"0.32";"2015.07.21 17:27:00";"92.252";"127.63";"16725.78";"OOS1";"PT";"-60.47";"129.32";"1d 4h 27m";""
"265";"AUDJPY_DukasM1_the5ers";"Buy";"2015.07.27 01:00:00";"89.996";"0.31";"2015.07.28 04:18:00";"89.501";"-101.98";"16623.80";"OOS1";"SL";"-100.34";"44.60";"1d 3h 18m";""
"266";"AUDJPY_DukasM1_the5ers";"Buy";"2015.07.28 05:00:00";"89.472";"0.31";"2015.07.28 05:41:00";"90.108";"127.38";"16751.18";"OOS1";"PT";"-18.65";"128.93";"41m 0s";""
"267";"AUDJPY_DukasM1_the5ers";"Buy";"2015.07.29 09:00:00";"90.381";"0.3";"2015.08.04 07:51:00";"91.022";"123.77";"16874.95";"OOS1";"PT";"-88.67";"125.75";"5d 22h 51m";""
"268";"AUDJPY_DukasM1_the5ers";"Buy";"2015.08.05 09:00:00";"91.511";"0.35";"2015.08.06 04:30:00";"92.072";"126.37";"17001.31";"OOS1";"PT";"-58.82";"128.40";"19h 30m";""
"269";"AUDJPY_DukasM1_the5ers";"Buy";"2015.08.24 01:00:00";"89.132";"0.24";"2015.08.24 01:45:00";"88.516";"-97.88";"16903.44";"OOS1";"SL";"-96.68";"5.65";"45m 0s";""
"270";"AUDJPY_DukasM1_the5ers";"Buy";"2015.08.25 04:00:00";"85.506";"0.09";"2015.09.01 23:41:00";"83.890";"-95.75";"16807.69";"OOS1";"SL";"-95.11";"106.64";"7d 19h 41m";""
"271";"AUDJPY_DukasM1_the5ers";"Buy";"2015.09.07 01:00:00";"82.267";"0.17";"2015.09.08 09:25:00";"83.368";"121.50";"16929.18";"OOS1";"PT";"-3.67";"122.39";"1d 8h 25m";""
"272";"AUDJPY_DukasM1_the5ers";"Buy";"2015.11.16 13:00:00";"87.426";"0.35";"2015.11.17 17:05:00";"87.990";"127.24";"17056.43";"OOS1";"PT";"-65.23";"129.08";"1d 4h 5m";""
"273";"AUDJPY_DukasM1_the5ers";"Buy";"2015.12.14 01:00:00";"86.997";"0.21";"2015.12.15 03:26:00";"87.909";"124.13";"17180.56";"OOS1";"PT";"-66.88";"125.24";"1d 2h 26m";""
"274";"AUDJPY_DukasM1_the5ers";"Buy";"2015.12.15 04:00:00";"87.794";"0.22";"2015.12.17 19:03:00";"87.115";"-99.02";"17081.54";"OOS1";"SL";"-97.68";"114.95";"2d 15h 3m";""
"275";"AUDJPY_DukasM1_the5ers";"Buy";"2015.12.21 01:00:00";"86.988";"0.22";"2015.12.29 17:01:00";"87.853";"122.87";"17204.41";"OOS1";"PT";"-50.21";"124.44";"8d 16h 1m";""
"276";"AUDJPY_DukasM1_the5ers";"Buy";"2016.01.04 18:00:00";"85.502";"0.25";"2016.01.05 05:05:00";"86.286";"126.85";"17331.26";"OOS1";"PT";"-27.30";"128.17";"11h 5m";""
"277";"AUDJPY_DukasM1_the5ers";"Buy";"2016.01.05 06:00:00";"86.069";"0.24";"2016.01.05 11:21:00";"85.441";"-99.76";"17231.50";"OOS1";"SL";"-98.56";"21.66";"5h 21m";""
"278";"AUDJPY_DukasM1_the5ers";"Buy";"2016.01.11 13:00:00";"82.344";"0.14";"2016.01.14 02:35:00";"81.260";"-100.13";"17131.38";"OOS1";"SL";"-99.24";"96.13";"2d 13h 35m";""
"279";"AUDJPY_DukasM1_the5ers";"Buy";"2016.01.18 01:00:00";"80.134";"0.15";"2016.01.19 08:13:00";"81.433";"126.63";"17258.00";"OOS1";"PT";"-1.77";"127.42";"1d 7h 13m";""
"280";"AUDJPY_DukasM1_the5ers";"Buy";"2016.01.20 10:00:00";"80.155";"0.16";"2016.01.20 10:58:00";"79.242";"-96.33";"17161.68";"OOS1";"SL";"-95.53";"12.35";"58m 0s";""
"281";"AUDJPY_DukasM1_the5ers";"Buy";"2016.02.08 01:00:00";"82.742";"0.21";"2016.02.08 16:36:00";"82.035";"-98.14";"17063.54";"OOS1";"SL";"-97.09";"101.35";"15h 36m";""
"282";"AUDJPY_DukasM1_the5ers";"Buy";"2016.02.09 00:00:00";"82.109";"0.18";"2016.02.09 02:47:00";"81.264";"-100.36";"16963.18";"OOS1";"SL";"-99.46";"0.00";"2h 47m";""
"283";"AUDJPY_DukasM1_the5ers";"Buy";"2016.02.22 01:00:00";"80.406";"0.21";"2016.02.22 10:20:00";"81.313";"123.50";"17086.68";"OOS1";"PT";"-20.46";"124.55";"9h 20m";""
"284";"AUDJPY_DukasM1_the5ers";"Buy";"2016.02.29 13:00:00";"80.704";"0.2";"2016.03.01 02:59:00";"79.954";"-99.14";"16987.54";"OOS1";"SL";"-98.09";"22.89";"13h 59m";""
"285";"AUDJPY_DukasM1_the5ers";"Buy";"2016.03.01 03:00:00";"80.040";"0.22";"2016.03.01 09:25:00";"80.916";"124.92";"17112.46";"OOS1";"PT";"-33.95";"126.02";"6h 25m";""
"286";"AUDJPY_DukasM1_the5ers";"Buy";"2016.03.29 09:00:00";"85.664";"0.36";"2016.03.30 10:39:00";"86.202";"124.76";"17237.22";"OOS1";"PT";"-89.69";"126.65";"1d 1h 39m";""
"287";"AUDJPY_DukasM1_the5ers";"Buy";"2016.04.04 13:00:00";"85.079";"0.25";"2016.04.05 02:53:00";"84.476";"-99.90";"17137.32";"OOS1";"SL";"-98.58";"22.07";"13h 53m";""
"288";"AUDJPY_DukasM1_the5ers";"Buy";"2016.04.05 03:00:00";"84.504";"0.3";"2016.04.05 04:57:00";"83.992";"-101.94";"17035.38";"OOS1";"SL";"-100.44";"7.65";"1h 57m";""
"289";"AUDJPY_DukasM1_the5ers";"Buy";"2016.04.18 13:00:00";"83.550";"0.19";"2016.04.19 02:36:00";"84.578";"126.72";"17162.10";"OOS1";"PT";"-39.01";"127.72";"13h 36m";""
"290";"AUDJPY_DukasM1_the5ers";"Buy";"2016.04.19 03:00:00";"84.764";"0.21";"2016.04.20 18:45:00";"85.677";"124.27";"17286.37";"OOS1";"PT";"-21.83";"125.38";"1d 15h 45m";""
"291";"AUDJPY_DukasM1_the5ers";"Buy";"2016.05.02 01:00:00";"80.900";"0.22";"2016.05.03 05:21:00";"81.765";"123.28";"17409.65";"OOS1";"PT";"-13.95";"124.44";"1d 4h 21m";""
"292";"AUDJPY_DukasM1_the5ers";"Buy";"2016.05.03 06:00:00";"81.761";"0.3";"2016.05.03 07:30:00";"81.262";"-99.39";"17310.26";"OOS1";"SL";"-97.89";"36.88";"1h 30m";""
"293";"AUDJPY_DukasM1_the5ers";"Buy";"2016.05.09 01:00:00";"78.974";"0.26";"2016.05.10 05:06:00";"79.725";"126.32";"17436.58";"OOS1";"PT";"-21.93";"127.69";"1d 4h 6m";""
"1";"AUDJPY_DukasM1_the5ers";"Buy";"2016.05.31 09:00:00";"80.582";"0.42";"2016.05.31 11:04:00";"80.218";"-102.07";"17334.51";"OOS1";"SL";"-99.97";"13.18";"2h 4m";""
"2";"AUDJPY_DukasM1_the5ers";"Buy";"2016.06.06 13:00:00";"78.832";"0.28";"2016.06.07 05:30:00";"79.377";"98.31";"17432.82";"OOS1";"PT";"-23.80";"99.79";"16h 30m";""
"3";"AUDJPY_DukasM1_the5ers";"Buy";"2016.06.07 06:00:00";"79.355";"0.32";"2016.06.07 07:34:00";"79.829";"97.59";"17530.41";"OOS1";"PT";"-15.07";"99.19";"1h 34m";""
"4";"AUDJPY_DukasM1_the5ers";"Buy";"2016.06.08 09:00:00";"79.834";"0.31";"2016.06.09 10:31:00";"79.345";"-100.93";"17429.48";"OOS1";"SL";"-99.13";"89.20";"1d 1h 31m";""
"5";"AUDJPY_DukasM1_the5ers";"Buy";"2016.06.13 13:00:00";"78.435";"0.28";"2016.06.14 10:10:00";"77.893";"-100.71";"17328.76";"OOS1";"SL";"-99.24";"79.83";"21h 10m";""
"6";"AUDJPY_DukasM1_the5ers";"Buy";"2016.06.27 01:00:00";"75.678";"0.07";"2016.07.12 04:02:00";"77.625";"88.49";"17417.26";"OOS1";"PT";"-52.92";"89.12";"15d 3h 2m";""
"7";"AUDJPY_DukasM1_the5ers";"Buy";"2016.07.12 09:00:00";"78.204";"0.27";"2016.07.12 10:14:00";"78.759";"96.64";"17513.90";"OOS1";"PT";"-7.24";"97.99";"1h 14m";""
"8";"AUDJPY_DukasM1_the5ers";"Buy";"2016.07.15 09:00:00";"80.594";"0.17";"2016.07.15 23:26:00";"79.737";"-96.17";"17417.73";"OOS1";"SL";"-95.27";"63.92";"14h 26m";""
"9";"AUDJPY_DukasM1_the5ers";"Buy";"2016.08.01 01:00:00";"77.637";"0.2";"2016.08.02 07:30:00";"76.885";"-99.40";"17318.33";"OOS1";"SL";"-98.35";"71.67";"1d 6h 30m";""
"10";"AUDJPY_DukasM1_the5ers";"Buy";"2016.08.15 13:00:00";"77.456";"0.45";"2016.08.15 19:38:00";"77.794";"97.21";"17415.54";"OOS1";"PT";"-23.84";"99.46";"6h 38m";""
"11";"AUDJPY_DukasM1_the5ers";"Buy";"2016.08.16 00:00:00";"77.710";"0.5";"2016.08.16 04:13:00";"77.402";"-103.20";"17312.33";"OOS1";"SL";"-100.70";"21.25";"4h 13m";""
"12";"AUDJPY_DukasM1_the5ers";"Buy";"2016.08.22 01:00:00";"76.619";"0.38";"2016.08.24 09:17:00";"76.215";"-102.49";"17209.84";"OOS1";"SL";"-100.39";"38.27";"2d 8h 17m";""
"13";"AUDJPY_DukasM1_the5ers";"Buy";"2016.09.02 09:00:00";"78.176";"0.55";"2016.09.02 15:30:00";"78.453";"96.88";"17306.72";"OOS1";"PT";"-31.29";"99.63";"6h 30m";""
"14";"AUDJPY_DukasM1_the5ers";"Buy";"2016.09.09 09:00:00";"78.211";"0.43";"2016.09.09 10:33:00";"77.857";"-101.69";"17205.03";"OOS1";"SL";"-99.54";"0.00";"1h 33m";""
"15";"AUDJPY_DukasM1_the5ers";"Buy";"2016.09.12 01:00:00";"77.369";"0.41";"2016.09.12 10:03:00";"76.997";"-101.79";"17103.24";"OOS1";"SL";"-99.74";"21.98";"9h 3m";""
"16";"AUDJPY_DukasM1_the5ers";"Buy";"2016.09.13 00:00:00";"77.063";"0.35";"2016.09.13 03:45:00";"76.634";"-99.94";"17003.30";"OOS1";"SL";"-98.19";"15.56";"3h 45m";""
"17";"AUDJPY_DukasM1_the5ers";"Buy";"2016.09.22 09:00:00";"76.677";"0.31";"2016.09.22 11:36:00";"77.162";"96.77";"17100.07";"OOS1";"PT";"-13.38";"98.32";"2h 36m";""
"18";"AUDJPY_DukasM1_the5ers";"Buy";"2016.10.19 09:00:00";"79.676";"0.46";"2016.10.19 10:10:00";"79.344";"-102.17";"16997.90";"OOS1";"SL";"-99.87";"0.00";"1h 10m";""
"19";"AUDJPY_DukasM1_the5ers";"Buy";"2016.10.24 01:00:00";"78.978";"0.41";"2016.10.24 10:57:00";"79.352";"98.22";"17096.13";"OOS1";"PT";"-26.81";"100.27";"9h 57m";""
"20";"AUDJPY_DukasM1_the5ers";"Buy";"2016.10.25 00:00:00";"79.293";"0.52";"2016.10.25 05:06:00";"79.588";"97.71";"17193.84";"OOS1";"PT";"-42.17";"100.31";"5h 6m";""
"21";"AUDJPY_DukasM1_the5ers";"Buy";"2016.12.13 09:00:00";"86.230";"0.37";"2016.12.14 21:00:00";"86.638";"96.77";"17290.60";"OOS1";"PT";"-15.24";"98.72";"1d 12h 0m";""
"22";"AUDJPY_DukasM1_the5ers";"Buy";"2016.12.19 01:00:00";"85.818";"0.3";"2016.12.19 13:21:00";"85.317";"-99.78";"17190.82";"OOS1";"SL";"-98.28";"28.84";"12h 21m";""
"23";"AUDJPY_DukasM1_the5ers";"Buy";"2016.12.20 00:00:00";"84.839";"0.3";"2016.12.20 07:22:00";"85.342";"97.18";"17288.00";"OOS1";"PT";"-8.24";"98.68";"7h 22m";""
"24";"AUDJPY_DukasM1_the5ers";"Buy";"2016.12.26 13:00:00";"84.528";"0.41";"2016.12.26 13:17:00";"84.159";"-100.98";"17187.01";"OOS1";"SL";"-98.93";"1.61";"17m 0s";""
"25";"AUDJPY_DukasM1_the5ers";"Buy";"2016.12.27 00:02:00";"84.205";"0.43";"2016.12.27 17:08:00";"84.561";"97.95";"17284.97";"OOS1";"PT";"-41.33";"100.10";"17h 6m";""
"26";"AUDJPY_DukasM1_the5ers";"Buy";"2017.01.04 09:00:00";"85.454";"0.41";"2017.01.05 02:05:00";"85.081";"-102.38";"17182.58";"OOS1";"SL";"-100.00";"68.37";"17h 5m";""
"27";"AUDJPY_DukasM1_the5ers";"Buy";"2017.01.16 13:00:00";"85.353";"0.36";"2017.01.18 22:09:00";"85.780";"98.53";"17281.11";"OOS1";"PT";"-83.34";"100.52";"2d 9h 9m";""
"28";"AUDJPY_DukasM1_the5ers";"Buy";"2017.01.20 09:00:00";"86.746";"0.42";"2017.01.20 21:20:00";"86.381";"-102.35";"17178.76";"OOS1";"SL";"-100.25";"37.63";"12h 20m";""
"29";"AUDJPY_DukasM1_the5ers";"Buy";"2017.01.23 13:00:00";"85.842";"0.38";"2017.01.23 16:39:00";"86.242";"97.50";"17276.26";"OOS1";"PT";"-5.72";"99.40";"3h 39m";""
"30";"AUDJPY_DukasM1_the5ers";"Buy";"2017.01.24 00:00:00";"85.472";"0.31";"2017.01.24 17:17:00";"85.960";"97.38";"17373.64";"OOS1";"PT";"-20.88";"98.93";"17h 17m";""
"31";"AUDJPY_DukasM1_the5ers";"Buy";"2017.02.20 01:00:00";"86.668";"0.35";"2017.02.21 02:06:00";"87.106";"98.40";"17472.04";"OOS1";"PT";"-43.71";"100.25";"1d 1h 6m";""
"32";"AUDJPY_DukasM1_the5ers";"Buy";"2017.02.27 01:00:00";"86.139";"0.38";"2017.02.27 20:32:00";"86.539";"97.50";"17569.54";"OOS1";"PT";"-72.31";"99.40";"19h 32m";""
"33";"AUDJPY_DukasM1_the5ers";"Buy";"2017.03.06 01:00:00";"86.562";"0.41";"2017.03.06 02:42:00";"86.188";"-102.32";"17467.21";"OOS1";"SL";"-100.27";"10.46";"1h 42m";""
"34";"AUDJPY_DukasM1_the5ers";"Buy";"2017.03.21 09:00:00";"86.920";"0.52";"2017.03.21 17:01:00";"86.625";"-102.91";"17364.30";"OOS1";"SL";"-100.31";"62.57";"8h 1m";""
"35";"AUDJPY_DukasM1_the5ers";"Buy";"2017.04.03 13:00:00";"84.711";"0.39";"2017.04.03 17:58:00";"84.316";"-102.69";"17261.61";"OOS1";"SL";"-100.74";"49.48";"4h 58m";""
"36";"AUDJPY_DukasM1_the5ers";"Buy";"2017.04.04 00:00:00";"84.321";"0.37";"2017.04.04 04:03:00";"83.906";"-102.26";"17159.35";"OOS1";"SL";"-100.41";"19.11";"4h 3m";""
"37";"AUDJPY_DukasM1_the5ers";"Buy";"2017.04.14 09:00:00";"82.312";"0.4";"2017.04.17 22:18:00";"82.690";"96.77";"17256.12";"OOS1";"PT";"-82.39";"98.87";"3d 13h 18m";""
"38";"AUDJPY_DukasM1_the5ers";"Buy";"2017.05.02 09:00:00";"84.412";"0.44";"2017.05.03 06:57:00";"84.062";"-103.02";"17153.10";"OOS1";"SL";"-100.70";"36.54";"21h 57m";""
"39";"AUDJPY_DukasM1_the5ers";"Buy";"2017.05.29 01:00:00";"82.793";"0.45";"2017.05.30 03:46:00";"82.451";"-103.01";"17050.09";"OOS1";"SL";"-100.64";"50.32";"1d 2h 46m";""
"40";"AUDJPY_DukasM1_the5ers";"Buy";"2017.07.06 09:00:00";"85.935";"0.4";"2017.07.06 11:19:00";"86.312";"96.61";"17146.70";"OOS1";"PT";"-9.68";"98.61";"2h 19m";""
"41";"AUDJPY_DukasM1_the5ers";"Buy";"2017.07.12 09:00:00";"86.885";"0.47";"2017.07.13 09:58:00";"87.211";"97.47";"17244.17";"OOS1";"PT";"-75.30";"100.19";"1d 0h 58m";""
"42";"AUDJPY_DukasM1_the5ers";"Buy";"2017.07.19 09:00:00";"88.995";"0.42";"2017.07.19 15:59:00";"88.632";"-101.80";"17142.37";"OOS1";"SL";"-99.70";"3.02";"6h 59m";""
"43";"AUDJPY_DukasM1_the5ers";"Buy";"2017.07.24 01:00:00";"87.943";"0.37";"2017.07.25 12:48:00";"88.359";"98.70";"17241.07";"OOS1";"PT";"-71.38";"100.65";"1d 11h 48m";""
"44";"AUDJPY_DukasM1_the5ers";"Buy";"2017.07.31 01:00:00";"88.351";"0.37";"2017.07.31 03:39:00";"87.943";"-100.57";"17140.51";"OOS1";"SL";"-98.72";"5.08";"2h 39m";""
"45";"AUDJPY_DukasM1_the5ers";"Buy";"2017.08.14 01:00:00";"86.101";"0.37";"2017.08.14 03:23:00";"86.511";"97.35";"17237.86";"OOS1";"PT";"-4.36";"99.20";"2h 23m";""
"46";"AUDJPY_DukasM1_the5ers";"Buy";"2017.08.21 01:00:00";"86.627";"0.31";"2017.08.23 15:20:00";"86.140";"-100.44";"17137.42";"OOS1";"SL";"-98.72";"60.21";"2d 14h 20m";""
"47";"AUDJPY_DukasM1_the5ers";"Buy";"2017.10.09 01:00:00";"87.627";"0.45";"2017.10.09 12:12:00";"87.287";"-102.30";"17035.12";"OOS1";"SL";"-100.05";"0.00";"11h 12m";""
"48";"AUDJPY_DukasM1_the5ers";"Buy";"2017.10.10 00:00:00";"87.372";"0.54";"2017.10.10 03:45:00";"87.658";"98.29";"17133.41";"OOS1";"PT";"-27.90";"100.99";"3h 45m";""
"49";"AUDJPY_DukasM1_the5ers";"Buy";"2017.11.06 01:00:00";"87.340";"0.54";"2017.11.06 03:03:00";"87.623";"97.23";"17230.64";"OOS1";"PT";"-13.07";"99.93";"2h 3m";""
"50";"AUDJPY_DukasM1_the5ers";"Buy";"2017.11.20 01:00:00";"84.777";"0.49";"2017.11.21 02:20:00";"85.091";"98.03";"17328.67";"OOS1";"PT";"-88.12";"100.61";"1d 1h 20m";""
"51";"AUDJPY_DukasM1_the5ers";"Buy";"2017.11.21 03:00:00";"84.991";"0.52";"2017.11.21 12:28:00";"85.284";"97.03";"17425.70";"OOS1";"PT";"-82.29";"99.63";"9h 28m";""
"52";"AUDJPY_DukasM1_the5ers";"Buy";"2017.12.13 09:00:00";"85.908";"0.62";"2017.12.14 02:30:00";"86.156";"96.95";"17522.65";"OOS1";"PT";"-98.52";"100.55";"17h 30m";""
"53";"AUDJPY_DukasM1_the5ers";"Buy";"2018.01.22 13:00:00";"88.760";"0.5";"2018.01.23 03:49:00";"89.065";"97.09";"17619.74";"OOS1";"PT";"-22.89";"99.72";"14h 49m";""
"54";"AUDJPY_DukasM1_the5ers";"Buy";"2018.01.23 04:00:00";"89.008";"0.58";"2018.01.23 04:16:00";"88.743";"-103.41";"17516.33";"OOS1";"SL";"-100.51";"0.00";"16m 0s";""
"55";"AUDJPY_DukasM1_the5ers";"Buy";"2018.02.05 13:00:00";"87.209";"0.36";"2018.02.05 21:30:00";"86.783";"-102.09";"17414.25";"OOS1";"SL";"-100.29";"70.86";"8h 30m";""
"56";"AUDJPY_DukasM1_the5ers";"Buy";"2018.02.06 00:00:00";"85.936";"0.28";"2018.02.06 03:55:00";"85.387";"-101.92";"17312.33";"OOS1";"SL";"-100.52";"52.00";"3h 55m";""
"57";"AUDJPY_DukasM1_the5ers";"Buy";"2018.02.12 01:00:00";"85.082";"0.19";"2018.02.13 16:19:00";"84.303";"-97.79";"17214.54";"OOS1";"SL";"-96.79";"63.86";"1d 15h 19m";""
"58";"AUDJPY_DukasM1_the5ers";"Buy";"2018.03.05 01:00:00";"81.993";"0.3";"2018.03.05 10:00:00";"81.495";"-99.20";"17115.34";"OOS1";"SL";"-97.70";"14.91";"9h 0m";""
"59";"AUDJPY_DukasM1_the5ers";"Buy";"2018.03.14 09:00:00";"83.907";"0.42";"2018.03.14 17:36:00";"83.543";"-102.07";"17013.27";"OOS1";"SL";"-99.97";"96.40";"8h 36m";""
"60";"AUDJPY_DukasM1_the5ers";"Buy";"2018.03.19 01:00:00";"81.747";"0.39";"2018.03.19 06:45:00";"81.353";"-102.43";"16910.84";"OOS1";"SL";"-100.48";"27.03";"5h 45m";""
"61";"AUDJPY_DukasM1_the5ers";"Buy";"2018.03.20 00:00:00";"81.811";"0.34";"2018.03.21 20:09:00";"82.255";"96.93";"17007.76";"OOS1";"PT";"-75.59";"98.72";"1d 20h 9m";""
"62";"AUDJPY_DukasM1_the5ers";"Buy";"2018.03.26 01:00:00";"80.627";"0.25";"2018.03.26 09:47:00";"81.238";"98.64";"17106.40";"OOS1";"PT";"-4.09";"99.89";"8h 47m";""
"63";"AUDJPY_DukasM1_the5ers";"Buy";"2018.04.09 13:00:00";"82.089";"0.37";"2018.04.09 18:33:00";"82.502";"98.08";"17204.48";"OOS1";"PT";"-29.76";"99.93";"5h 33m";""
"64";"AUDJPY_DukasM1_the5ers";"Buy";"2018.04.10 00:00:00";"82.166";"0.36";"2018.04.10 05:14:00";"82.583";"96.37";"17300.84";"OOS1";"PT";"-23.54";"98.17";"5h 14m";""
"65";"AUDJPY_DukasM1_the5ers";"Buy";"2018.04.23 01:00:00";"82.682";"0.46";"2018.04.24 16:24:00";"83.016";"98.05";"17398.89";"OOS1";"PT";"-58.66";"100.47";"1d 15h 24m";""
"66";"AUDJPY_DukasM1_the5ers";"Buy";"2018.05.07 01:00:00";"82.242";"0.45";"2018.05.07 04:09:00";"81.906";"-101.12";"17297.77";"OOS1";"SL";"-98.87";"1.47";"3h 9m";""
"67";"AUDJPY_DukasM1_the5ers";"Buy";"2018.06.05 09:00:00";"83.879";"0.42";"2018.06.05 15:10:00";"83.512";"-102.90";"17194.87";"OOS1";"SL";"-100.80";"37.08";"6h 10m";""
"68";"AUDJPY_DukasM1_the5ers";"Buy";"2018.06.11 01:00:00";"83.060";"0.37";"2018.06.11 05:49:00";"83.470";"97.35";"17292.22";"OOS1";"PT";"-13.79";"99.20";"4h 49m";""
"69";"AUDJPY_DukasM1_the5ers";"Buy";"2018.06.18 01:00:00";"82.374";"0.42";"2018.06.18 17:57:00";"82.013";"-101.25";"17190.97";"OOS1";"SL";"-99.15";"6.32";"16h 57m";""
"70";"AUDJPY_DukasM1_the5ers";"Buy";"2018.08.08 09:00:00";"82.657";"0.66";"2018.08.08 10:13:00";"82.425";"-103.43";"17087.54";"OOS1";"SL";"-100.13";"0.00";"1h 13m";""
"71";"AUDJPY_DukasM1_the5ers";"Buy";"2018.08.13 01:00:00";"80.499";"0.26";"2018.08.15 16:47:00";"79.928";"-98.52";"16989.02";"OOS1";"SL";"-97.08";"58.66";"2d 15h 47m";""
"72";"AUDJPY_DukasM1_the5ers";"Buy";"2018.08.22 09:00:00";"81.220";"0.42";"2018.08.23 04:48:00";"80.860";"-101.31";"16887.71";"OOS1";"SL";"-98.87";"40.65";"19h 48m";""
"73";"AUDJPY_DukasM1_the5ers";"Buy";"2018.09.03 01:00:00";"79.897";"0.36";"2018.09.04 07:52:00";"80.319";"97.45";"16985.16";"OOS1";"PT";"-88.04";"99.34";"1d 6h 52m";""
"74";"AUDJPY_DukasM1_the5ers";"Buy";"2018.09.04 08:00:00";"80.297";"0.42";"2018.09.04 11:14:00";"79.938";"-100.70";"16884.46";"OOS1";"SL";"-98.60";"39.82";"3h 14m";""
"75";"AUDJPY_DukasM1_the5ers";"Buy";"2018.09.10 01:00:00";"78.891";"0.33";"2018.09.11 06:19:00";"79.351";"97.53";"16981.99";"OOS1";"PT";"-26.97";"99.27";"1d 5h 19m";""
"76";"AUDJPY_DukasM1_the5ers";"Buy";"2018.09.17 13:00:00";"80.356";"0.47";"2018.09.18 01:49:00";"80.030";"-102.67";"16879.32";"OOS1";"SL";"-100.19";"74.68";"12h 49m";""
"77";"AUDJPY_DukasM1_the5ers";"Buy";"2018.09.18 02:00:00";"79.895";"0.44";"2018.09.18 04:36:00";"80.244";"98.22";"16977.54";"OOS1";"PT";"-33.66";"100.42";"2h 36m";""
"78";"AUDJPY_DukasM1_the5ers";"Buy";"2018.09.20 09:00:00";"81.411";"0.44";"2018.09.20 16:32:00";"81.757";"97.35";"17074.89";"OOS1";"PT";"-13.81";"99.55";"7h 32m";""
"79";"AUDJPY_DukasM1_the5ers";"Buy";"2018.09.24 13:00:00";"81.947";"0.48";"2018.09.24 17:38:00";"81.627";"-102.84";"16972.04";"OOS1";"SL";"-100.44";"11.93";"4h 38m";""
"80";"AUDJPY_DukasM1_the5ers";"Buy";"2018.09.25 00:00:00";"81.805";"0.51";"2018.09.26 04:16:00";"82.106";"97.70";"17069.74";"OOS1";"PT";"-47.36";"100.38";"1d 4h 16m";""
"81";"AUDJPY_DukasM1_the5ers";"Buy";"2018.10.08 01:00:00";"80.258";"0.4";"2018.10.08 11:38:00";"79.877";"-101.66";"16968.08";"OOS1";"SL";"-99.66";"42.90";"10h 38m";""
"1";"AUDJPY_DukasM1_the5ers";"Buy";"2018.10.15 13:00:00";"79.786";"0.38";"2018.10.16 17:03:00";"80.191";"98.64";"17066.72";"OOS1";"PT";"-30.81";"100.64";"1d 4h 3m";""
"2";"AUDJPY_DukasM1_the5ers";"Buy";"2018.11.05 13:00:00";"81.521";"0.39";"2018.11.06 08:33:00";"81.913";"97.92";"17164.64";"OOS1";"PT";"-30.60";"99.97";"19h 33m";""
"3";"AUDJPY_DukasM1_the5ers";"Buy";"2018.11.12 01:00:00";"82.180";"0.49";"2018.11.12 04:29:00";"82.491";"97.20";"17261.84";"OOS1";"PT";"-7.37";"99.65";"3h 29m";""
"4";"AUDJPY_DukasM1_the5ers";"Buy";"2018.12.10 13:00:00";"81.357";"0.38";"2018.12.11 15:42:00";"81.754";"96.65";"17358.49";"OOS1";"PT";"-76.29";"98.65";"1d 2h 42m";""
"5";"AUDJPY_DukasM1_the5ers";"Buy";"2018.12.17 01:00:00";"81.332";"0.5";"2018.12.17 17:35:00";"81.025";"-102.88";"17255.61";"OOS1";"SL";"-100.38";"55.26";"16h 35m";""
"6";"AUDJPY_DukasM1_the5ers";"Buy";"2018.12.24 01:00:00";"78.148";"0.35";"2018.12.24 21:16:00";"77.718";"-100.17";"17155.45";"OOS1";"SL";"-98.42";"81.71";"20h 16m";""
"7";"AUDJPY_DukasM1_the5ers";"Buy";"2018.12.25 00:06:00";"77.737";"0.41";"2018.12.26 14:28:00";"78.110";"97.84";"17253.29";"OOS1";"PT";"-74.80";"100.00";"1d 14h 22m";""
"8";"AUDJPY_DukasM1_the5ers";"Buy";"2019.01.02 00:00:00";"77.351";"0.46";"2019.01.02 03:54:00";"77.019";"-102.17";"17151.12";"OOS1";"SL";"-99.87";"0.00";"3h 54m";""
"9";"AUDJPY_DukasM1_the5ers";"Buy";"2019.01.03 00:00:00";"76.062";"0.33";"2019.01.03 00:33:00";"75.607";"-99.84";"17051.29";"OOS1";"SL";"-98.19";"0.00";"33m 0s";""
"10";"AUDJPY_DukasM1_the5ers";"Buy";"2019.03.11 01:00:00";"78.208";"0.42";"2019.03.11 21:41:00";"78.570";"97.32";"17148.61";"OOS1";"PT";"-81.85";"99.42";"20h 41m";""
"11";"AUDJPY_DukasM1_the5ers";"Buy";"2019.03.25 01:00:00";"77.871";"0.41";"2019.03.25 14:14:00";"78.244";"97.95";"17246.56";"OOS1";"PT";"-88.48";"100.00";"13h 14m";""
"12";"AUDJPY_DukasM1_the5ers";"Buy";"2019.03.26 00:00:00";"78.219";"0.43";"2019.03.26 09:59:00";"78.574";"97.67";"17344.24";"OOS1";"PT";"-9.56";"99.82";"9h 59m";""
"13";"AUDJPY_DukasM1_the5ers";"Buy";"2019.04.08 13:00:00";"79.157";"0.64";"2019.04.08 18:03:00";"79.396";"96.82";"17441.06";"OOS1";"PT";"-14.65";"100.02";"5h 3m";""
"14";"AUDJPY_DukasM1_the5ers";"Buy";"2019.04.09 00:00:00";"79.446";"0.74";"2019.04.09 16:35:00";"79.239";"-103.87";"17337.19";"OOS1";"SL";"-100.17";"81.30";"16h 35m";""
"15";"AUDJPY_DukasM1_the5ers";"Buy";"2019.05.06 02:00:00";"77.538";"0.45";"2019.05.06 02:55:00";"77.198";"-102.30";"17234.89";"OOS1";"SL";"-100.05";"3.53";"55m 0s";""
"16";"AUDJPY_DukasM1_the5ers";"Buy";"2019.05.07 00:00:00";"77.437";"0.42";"2019.05.07 07:30:00";"77.803";"98.42";"17333.31";"OOS1";"PT";"-62.62";"100.52";"7h 30m";""
"17";"AUDJPY_DukasM1_the5ers";"Buy";"2019.05.31 09:00:00";"75.352";"0.44";"2019.06.03 01:07:00";"75.004";"-102.45";"17230.87";"OOS1";"SL";"-101.28";"23.02";"2d 16h 7m";""
"18";"AUDJPY_DukasM1_the5ers";"Buy";"2019.06.03 02:00:00";"75.035";"0.46";"2019.06.03 13:32:00";"75.363";"96.36";"17327.23";"OOS1";"PT";"-20.45";"98.66";"11h 32m";""
"19";"AUDJPY_DukasM1_the5ers";"Buy";"2019.06.17 01:00:00";"74.584";"0.77";"2019.06.17 21:59:00";"74.384";"-104.55";"17222.68";"OOS1";"SL";"-100.70";"98.69";"20h 59m";""
"20";"AUDJPY_DukasM1_the5ers";"Buy";"2019.07.29 13:00:00";"75.028";"0.92";"2019.07.30 11:35:00";"74.859";"-106.52";"17116.16";"OOS1";"SL";"-101.67";"99.27";"22h 35m";""
"21";"AUDJPY_DukasM1_the5ers";"Buy";"2019.08.05 01:00:00";"72.418";"0.35";"2019.08.05 04:17:00";"71.980";"-102.00";"17014.16";"OOS1";"SL";"-100.25";"10.30";"3h 17m";""
"22";"AUDJPY_DukasM1_the5ers";"Buy";"2019.08.06 00:00:00";"71.581";"0.31";"2019.08.06 04:20:00";"72.072";"97.98";"17112.14";"OOS1";"PT";"-70.34";"99.53";"4h 20m";""
"23";"AUDJPY_DukasM1_the5ers";"Buy";"2019.08.12 13:00:00";"71.049";"0.41";"2019.08.13 16:37:00";"71.420";"97.31";"17209.45";"OOS1";"PT";"-40.22";"99.47";"1d 3h 37m";""
"24";"AUDJPY_DukasM1_the5ers";"Buy";"2019.08.26 13:00:00";"71.526";"0.24";"2019.09.04 12:10:00";"72.158";"97.41";"17306.86";"OOS1";"PT";"-67.80";"99.19";"8d 23h 10m";""
"25";"AUDJPY_DukasM1_the5ers";"Buy";"2019.09.12 09:00:00";"74.337";"0.56";"2019.09.12 15:25:00";"74.062";"-103.50";"17203.36";"OOS1";"SL";"-100.70";"12.82";"6h 25m";""
"26";"AUDJPY_DukasM1_the5ers";"Buy";"2019.09.23 13:00:00";"72.797";"0.53";"2019.09.24 12:32:00";"73.087";"97.72";"17301.07";"OOS1";"PT";"-44.36";"100.51";"23h 32m";""
"27";"AUDJPY_DukasM1_the5ers";"Buy";"2019.11.11 13:00:00";"74.776";"0.57";"2019.11.13 02:19:00";"74.507";"-103.42";"17197.65";"OOS1";"SL";"-100.27";"61.87";"1d 13h 19m";""
"28";"AUDJPY_DukasM1_the5ers";"Buy";"2019.12.09 13:00:00";"74.062";"0.79";"2019.12.10 04:23:00";"74.256";"96.06";"17293.71";"OOS1";"PT";"-45.98";"100.22";"15h 23m";""
"29";"AUDJPY_DukasM1_the5ers";"Buy";"2019.12.10 05:00:00";"74.249";"0.76";"2019.12.10 11:09:00";"74.047";"-104.19";"17189.52";"OOS1";"SL";"-100.39";"0.00";"6h 9m";""
"30";"AUDJPY_DukasM1_the5ers";"Buy";"2019.12.16 13:00:00";"75.343";"0.49";"2019.12.17 10:20:00";"75.033";"-101.91";"17087.61";"OOS1";"SL";"-99.33";"91.64";"21h 20m";""
"31";"AUDJPY_DukasM1_the5ers";"Buy";"2020.01.06 01:00:00";"74.792";"0.46";"2020.01.06 02:36:00";"75.125";"97.87";"17185.47";"OOS1";"PT";"-18.05";"100.17";"1h 36m";""
"32";"AUDJPY_DukasM1_the5ers";"Buy";"2020.01.20 13:00:00";"75.621";"0.74";"2020.01.21 03:48:00";"75.412";"-105.03";"17080.44";"OOS1";"SL";"-101.14";"92.91";"14h 48m";""
"33";"AUDJPY_DukasM1_the5ers";"Buy";"2020.01.21 04:00:00";"75.445";"0.71";"2020.01.21 15:18:00";"75.661";"96.74";"17177.18";"OOS1";"PT";"-84.50";"100.29";"11h 18m";""
"34";"AUDJPY_DukasM1_the5ers";"Buy";"2020.01.27 01:00:00";"74.240";"0.45";"2020.01.27 11:04:00";"73.901";"-102.01";"17075.17";"OOS1";"SL";"-99.76";"21.48";"10h 4m";""
"35";"AUDJPY_DukasM1_the5ers";"Buy";"2020.01.28 00:00:00";"73.630";"0.44";"2020.01.29 05:13:00";"73.977";"97.52";"17172.69";"OOS1";"PT";"-96.39";"99.84";"1d 5h 13m";""
"36";"AUDJPY_DukasM1_the5ers";"Buy";"2020.02.03 01:00:00";"72.438";"0.39";"2020.02.03 09:26:00";"72.827";"97.26";"17269.95";"OOS1";"PT";"-7.14";"99.21";"8h 26m";""
"37";"AUDJPY_DukasM1_the5ers";"Buy";"2020.02.10 01:00:00";"73.233";"0.45";"2020.02.10 04:13:00";"73.571";"97.21";"17367.16";"OOS1";"PT";"-53.26";"99.46";"3h 13m";""
"38";"AUDJPY_DukasM1_the5ers";"Buy";"2020.03.02 02:00:00";"70.148";"0.17";"2020.03.02 09:50:00";"71.027";"96.87";"17464.03";"OOS1";"PT";"-32.57";"97.72";"7h 50m";""
"39";"AUDJPY_DukasM1_the5ers";"Buy";"2020.03.09 13:00:00";"67.636";"0.11";"2020.03.12 13:14:00";"66.244";"-100.83";"17363.20";"OOS1";"SL";"-100.13";"97.18";"3d 0h 14m";""
"40";"AUDJPY_DukasM1_the5ers";"Buy";"2020.03.23 13:00:00";"63.436";"0.12";"2020.03.23 20:49:00";"64.689";"97.72";"17460.92";"OOS1";"PT";"-6.98";"98.32";"7h 49m";""
"41";"AUDJPY_DukasM1_the5ers";"Buy";"2020.03.24 00:00:00";"64.787";"0.12";"2020.03.24 10:17:00";"65.976";"92.70";"17553.63";"OOS1";"PT";"-11.38";"93.30";"10h 17m";""
"42";"AUDJPY_DukasM1_the5ers";"Buy";"2020.04.08 09:00:00";"66.973";"0.26";"2020.04.08 16:06:00";"67.546";"96.12";"17649.75";"OOS1";"PT";"-66.31";"97.42";"7h 6m";""
"43";"AUDJPY_DukasM1_the5ers";"Buy";"2020.05.04 01:00:00";"68.433";"0.33";"2020.05.05 09:10:00";"68.896";"98.17";"17747.92";"OOS1";"PT";"-94.52";"99.91";"1d 8h 10m";""
"44";"AUDJPY_DukasM1_the5ers";"Buy";"2020.05.25 01:00:00";"70.284";"0.43";"2020.05.26 03:41:00";"70.637";"96.99";"17844.92";"OOS1";"PT";"-23.90";"99.26";"1d 2h 41m";""
"45";"AUDJPY_DukasM1_the5ers";"Buy";"2020.06.22 13:00:00";"73.559";"0.29";"2020.06.23 02:36:00";"74.090";"99.17";"17944.09";"OOS1";"PT";"-36.79";"100.70";"13h 36m";""
"46";"AUDJPY_DukasM1_the5ers";"Buy";"2020.06.23 03:00:00";"74.086";"0.34";"2020.06.23 04:13:00";"73.636";"-101.75";"17842.34";"OOS1";"SL";"-100.05";"7.78";"1h 13m";""
"47";"AUDJPY_DukasM1_the5ers";"Buy";"2020.07.13 01:00:00";"74.344";"0.51";"2020.07.13 08:22:00";"74.644";"97.50";"17939.84";"OOS1";"PT";"-51.36";"100.05";"7h 22m";""
"48";"AUDJPY_DukasM1_the5ers";"Buy";"2020.07.14 09:00:00";"74.457";"0.5";"2020.07.14 14:36:00";"74.764";"97.88";"18037.71";"OOS1";"PT";"-69.97";"100.38";"5h 36m";""
"49";"AUDJPY_DukasM1_the5ers";"Buy";"2020.07.22 09:00:00";"76.411";"0.48";"2020.07.22 10:38:00";"76.091";"-102.84";"17934.87";"OOS1";"SL";"-100.44";"39.86";"1h 38m";""
"50";"AUDJPY_DukasM1_the5ers";"Buy";"2020.07.27 01:00:00";"75.260";"0.35";"2020.07.31 16:28:00";"75.700";"98.39";"18033.26";"OOS1";"PT";"-99.56";"100.70";"4d 15h 28m";""
"51";"AUDJPY_DukasM1_the5ers";"Buy";"2020.08.10 13:00:00";"75.828";"0.54";"2020.08.11 06:42:00";"76.112";"97.44";"18130.70";"OOS1";"PT";"-50.14";"100.29";"17h 42m";""
"52";"AUDJPY_DukasM1_the5ers";"Buy";"2020.08.11 07:00:00";"76.148";"0.59";"2020.08.12 05:19:00";"75.889";"-103.03";"18027.67";"OOS1";"SL";"-99.93";"72.15";"22h 19m";""
"53";"AUDJPY_DukasM1_the5ers";"Buy";"2020.09.07 01:00:00";"77.423";"0.38";"2020.09.08 14:19:00";"77.024";"-101.15";"17926.52";"OOS1";"SL";"-99.15";"53.92";"1d 13h 19m";""
"54";"AUDJPY_DukasM1_the5ers";"Buy";"2020.09.16 09:00:00";"77.046";"0.52";"2020.09.16 20:27:00";"76.754";"-101.89";"17824.63";"OOS1";"SL";"-99.29";"45.91";"11h 27m";""
"55";"AUDJPY_DukasM1_the5ers";"Buy";"2020.10.05 01:00:00";"75.583";"0.35";"2020.10.05 19:48:00";"76.020";"98.27";"17922.89";"OOS1";"PT";"-22.66";"100.02";"18h 48m";""
"56";"AUDJPY_DukasM1_the5ers";"Buy";"2020.10.09 09:00:00";"76.031";"0.63";"2020.10.09 15:40:00";"76.275";"97.37";"18020.27";"OOS1";"PT";"-19.77";"100.52";"6h 40m";""
"57";"AUDJPY_DukasM1_the5ers";"Buy";"2020.11.16 01:00:00";"76.065";"0.47";"2020.11.16 13:53:00";"76.392";"98.15";"18118.42";"OOS1";"PT";"-6.15";"100.50";"12h 53m";""
"58";"AUDJPY_DukasM1_the5ers";"Buy";"2020.12.10 09:00:00";"77.923";"0.5";"2020.12.10 11:19:00";"78.231";"98.20";"18216.62";"OOS1";"PT";"-13.73";"100.70";"2h 19m";""
"59";"AUDJPY_DukasM1_the5ers";"Buy";"2021.01.07 09:00:00";"80.416";"0.43";"2021.01.08 07:23:00";"80.770";"97.28";"18313.90";"OOS1";"PT";"-71.42";"99.54";"22h 23m";""
"60";"AUDJPY_DukasM1_the5ers";"Buy";"2021.01.15 09:00:00";"80.398";"0.56";"2021.01.15 14:11:00";"80.124";"-103.14";"18210.76";"OOS1";"SL";"-100.34";"10.62";"5h 11m";""
"61";"AUDJPY_DukasM1_the5ers";"Buy";"2021.01.18 01:00:00";"80.025";"0.5";"2021.01.18 06:25:00";"79.720";"-102.22";"18108.54";"OOS1";"SL";"-99.72";"13.41";"5h 25m";""
"62";"AUDJPY_DukasM1_the5ers";"Buy";"2021.01.19 00:00:00";"79.658";"0.57";"2021.01.19 03:26:00";"79.925";"96.67";"18205.21";"OOS1";"PT";"-39.14";"99.52";"3h 26m";""
"63";"AUDJPY_DukasM1_the5ers";"Buy";"2021.01.25 01:00:00";"80.043";"0.57";"2021.01.25 08:00:00";"80.313";"97.79";"18303.00";"OOS1";"PT";"-6.71";"100.64";"7h 0m";""
"64";"AUDJPY_DukasM1_the5ers";"Buy";"2021.03.01 01:00:00";"82.251";"0.24";"2021.03.01 17:41:00";"82.880";"97.52";"18400.51";"OOS1";"PT";"-14.60";"98.72";"16h 41m";""
"1";"AUDJPY_DukasM1_the5ers";"Buy";"2021.03.12 09:00:00";"84.478";"0.49";"2021.03.15 17:35:00";"84.168";"-101.91";"18298.60";"OOS1";"SL";"-99.33";"80.43";"3d 8h 35m";""
"2";"AUDJPY_DukasM1_the5ers";"Buy";"2021.03.22 01:00:00";"84.097";"0.34";"2021.03.23 07:19:00";"83.651";"-100.95";"18197.65";"OOS1";"SL";"-99.16";"62.48";"1d 6h 19m";""
"3";"AUDJPY_DukasM1_the5ers";"Buy";"2021.03.23 08:00:00";"83.623";"0.45";"2021.03.23 12:01:00";"83.286";"-101.42";"18096.23";"OOS1";"SL";"-99.17";"31.19";"4h 1m";""
"4";"AUDJPY_DukasM1_the5ers";"Buy";"2021.04.15 09:00:00";"84.043";"0.48";"2021.04.15 10:37:00";"84.363";"98.04";"18194.27";"OOS1";"PT";"-6.28";"100.44";"1h 37m";""
"5";"AUDJPY_DukasM1_the5ers";"Buy";"2021.04.19 13:00:00";"84.103";"0.54";"2021.04.19 18:45:00";"83.820";"-102.63";"18091.64";"OOS1";"SL";"-99.93";"15.54";"5h 45m";""
"6";"AUDJPY_DukasM1_the5ers";"Buy";"2021.04.20 00:00:00";"83.858";"0.55";"2021.04.20 04:31:00";"84.135";"96.88";"18188.52";"OOS1";"PT";"-18.70";"99.63";"4h 31m";""
"7";"AUDJPY_DukasM1_the5ers";"Buy";"2021.05.03 01:00:00";"84.337";"0.5";"2021.05.03 10:09:00";"84.643";"97.55";"18286.06";"OOS1";"PT";"-6.54";"100.05";"9h 9m";""
"8";"AUDJPY_DukasM1_the5ers";"Buy";"2021.05.31 13:00:00";"84.869";"0.66";"2021.05.31 22:35:00";"84.637";"-103.43";"18182.64";"OOS1";"SL";"-100.13";"15.54";"9h 35m";""
"9";"AUDJPY_DukasM1_the5ers";"Buy";"2021.06.01 00:00:00";"84.707";"0.69";"2021.06.01 04:47:00";"84.928";"96.27";"18278.90";"OOS1";"PT";"-15.34";"99.72";"4h 47m";""
"10";"AUDJPY_DukasM1_the5ers";"Buy";"2021.06.14 13:00:00";"84.619";"0.68";"2021.06.14 16:54:00";"84.843";"96.21";"18375.11";"OOS1";"PT";"-15.12";"99.61";"3h 54m";""
"11";"AUDJPY_DukasM1_the5ers";"Buy";"2021.06.15 00:00:00";"84.883";"0.72";"2021.06.15 11:50:00";"84.670";"-103.89";"18271.22";"OOS1";"SL";"-100.29";"21.66";"11h 50m";""
"12";"AUDJPY_DukasM1_the5ers";"Buy";"2021.06.21 01:00:00";"82.513";"0.39";"2021.06.21 16:39:00";"82.899";"96.49";"18367.71";"OOS1";"PT";"-96.91";"98.44";"15h 39m";""
"13";"AUDJPY_DukasM1_the5ers";"Buy";"2021.06.22 00:02:00";"83.189";"0.38";"2021.06.22 11:29:00";"82.793";"-100.30";"18267.41";"OOS1";"SL";"-98.40";"20.87";"11h 27m";""
"14";"AUDJPY_DukasM1_the5ers";"Buy";"2021.07.07 09:00:00";"83.015";"0.43";"2021.07.07 17:34:00";"82.664";"-100.85";"18166.57";"OOS1";"SL";"-98.70";"92.79";"8h 34m";""
"15";"AUDJPY_DukasM1_the5ers";"Buy";"2021.07.19 13:00:00";"80.893";"0.38";"2021.07.19 14:44:00";"80.496";"-100.55";"18066.02";"OOS1";"SL";"-98.65";"2.73";"1h 44m";""
"16";"AUDJPY_DukasM1_the5ers";"Buy";"2021.07.20 00:00:00";"80.348";"0.34";"2021.07.20 16:31:00";"79.900";"-101.31";"17964.71";"OOS1";"SL";"-99.61";"56.25";"16h 31m";""
"17";"AUDJPY_DukasM1_the5ers";"Buy";"2021.08.02 01:00:00";"80.478";"0.47";"2021.08.03 07:38:00";"80.804";"97.72";"18062.43";"OOS1";"PT";"-43.95";"100.19";"1d 6h 38m";""
"18";"AUDJPY_DukasM1_the5ers";"Buy";"2021.08.03 08:00:00";"80.810";"0.48";"2021.08.03 15:39:00";"80.493";"-101.90";"17960.53";"OOS1";"SL";"-99.50";"32.64";"7h 39m";""
"19";"AUDJPY_DukasM1_the5ers";"Buy";"2021.08.16 00:10:00";"80.729";"0.77";"2021.08.16 03:47:00";"80.529";"-104.55";"17855.97";"OOS1";"SL";"-100.70";"73.51";"3h 37m";""
"20";"AUDJPY_DukasM1_the5ers";"Buy";"2021.09.01 09:00:00";"80.747";"0.57";"2021.09.01 10:43:00";"81.015";"97.04";"17953.02";"OOS1";"PT";"-14.91";"99.89";"1h 43m";""
"21";"AUDJPY_DukasM1_the5ers";"Buy";"2021.09.02 09:00:00";"81.174";"0.52";"2021.09.02 16:45:00";"81.467";"97.03";"18050.05";"OOS1";"PT";"-24.48";"99.63";"7h 45m";""
"22";"AUDJPY_DukasM1_the5ers";"Buy";"2021.09.13 13:00:00";"81.045";"0.49";"2021.09.14 09:04:00";"80.735";"-101.91";"17948.13";"OOS1";"SL";"-99.33";"33.32";"20h 4m";""
"23";"AUDJPY_DukasM1_the5ers";"Buy";"2021.09.20 13:00:00";"79.336";"0.45";"2021.09.21 06:57:00";"79.673";"96.80";"18044.93";"OOS1";"PT";"-84.45";"99.17";"17h 57m";""
"24";"AUDJPY_DukasM1_the5ers";"Buy";"2021.09.21 07:00:00";"79.696";"0.37";"2021.09.21 15:14:00";"79.286";"-101.05";"17943.88";"OOS1";"SL";"-99.20";"32.66";"8h 14m";""
"25";"AUDJPY_DukasM1_the5ers";"Buy";"2021.10.12 09:00:00";"83.368";"0.43";"2021.10.12 09:55:00";"83.016";"-101.13";"17842.75";"OOS1";"SL";"-98.98";"0.00";"55m 0s";""
"26";"AUDJPY_DukasM1_the5ers";"Buy";"2021.10.20 09:00:00";"85.876";"0.51";"2021.10.20 10:00:00";"85.574";"-103.27";"17739.49";"OOS1";"SL";"-100.72";"0.00";"1h 0m";""
"27";"AUDJPY_DukasM1_the5ers";"Buy";"2021.10.25 13:00:00";"85.013";"0.36";"2021.10.26 04:13:00";"85.440";"98.62";"17838.11";"OOS1";"PT";"-14.12";"100.52";"15h 13m";""
"28";"AUDJPY_DukasM1_the5ers";"Buy";"2021.10.26 05:00:00";"85.394";"0.41";"2021.10.26 15:21:00";"85.763";"96.88";"17934.99";"OOS1";"PT";"-18.50";"98.93";"10h 21m";""
"29";"AUDJPY_DukasM1_the5ers";"Buy";"2021.11.08 01:00:00";"83.908";"0.41";"2021.11.09 05:14:00";"83.536";"-101.90";"17833.10";"OOS1";"SL";"-99.74";"70.78";"1d 4h 14m";""
"30";"AUDJPY_DukasM1_the5ers";"Buy";"2021.11.16 09:00:00";"83.816";"0.53";"2021.11.17 05:35:00";"83.529";"-102.26";"17730.84";"OOS1";"SL";"-99.47";"65.85";"20h 35m";""
"31";"AUDJPY_DukasM1_the5ers";"Buy";"2021.11.22 01:00:00";"82.482";"0.38";"2021.11.22 12:29:00";"82.879";"96.75";"17827.59";"OOS1";"PT";"-13.42";"98.65";"11h 29m";""
"32";"AUDJPY_DukasM1_the5ers";"Buy";"2021.11.23 09:00:00";"83.103";"0.48";"2021.11.23 09:28:00";"82.787";"-101.59";"17726.00";"OOS1";"SL";"-99.19";"0.00";"28m 0s";""
"33";"AUDJPY_DukasM1_the5ers";"Buy";"2021.11.29 01:00:00";"80.803";"0.23";"2021.11.30 19:07:00";"80.147";"-99.88";"17626.13";"OOS1";"SL";"-98.66";"91.14";"1d 18h 7m";""
"34";"AUDJPY_DukasM1_the5ers";"Buy";"2021.12.06 13:00:00";"79.595";"0.32";"2021.12.07 03:36:00";"80.076";"98.97";"17725.09";"OOS1";"PT";"-12.35";"100.65";"14h 36m";""
"35";"AUDJPY_DukasM1_the5ers";"Buy";"2021.12.07 04:00:00";"80.124";"0.36";"2021.12.07 07:54:00";"80.545";"97.31";"17822.40";"OOS1";"PT";"-49.20";"99.11";"3h 54m";""
"36";"AUDJPY_DukasM1_the5ers";"Buy";"2021.12.08 09:00:00";"80.917";"0.39";"2021.12.08 15:50:00";"81.307";"97.51";"17919.91";"OOS1";"PT";"-62.23";"99.46";"6h 50m";""
"37";"AUDJPY_DukasM1_the5ers";"Buy";"2021.12.20 01:00:00";"81.059";"0.34";"2021.12.20 07:22:00";"80.619";"-99.53";"17820.38";"OOS1";"SL";"-97.83";"0.00";"6h 22m";""
"38";"AUDJPY_DukasM1_the5ers";"Buy";"2021.12.21 00:00:00";"80.796";"0.35";"2021.12.21 16:31:00";"81.228";"97.12";"17917.51";"OOS1";"PT";"-39.60";"98.87";"16h 31m";""
"39";"AUDJPY_DukasM1_the5ers";"Buy";"2022.01.17 01:00:00";"82.431";"0.37";"2022.01.18 04:52:00";"82.842";"97.49";"18015.00";"OOS1";"PT";"-20.57";"99.44";"1d 3h 52m";""
"40";"AUDJPY_DukasM1_the5ers";"Buy";"2022.01.18 05:00:00";"82.890";"0.51";"2022.01.18 05:50:00";"82.591";"-102.27";"17912.73";"OOS1";"SL";"-99.72";"23.68";"50m 0s";""
"41";"AUDJPY_DukasM1_the5ers";"Buy";"2022.01.24 01:00:00";"81.565";"0.34";"2022.01.24 12:11:00";"81.125";"-99.53";"17813.21";"OOS1";"SL";"-97.83";"58.25";"11h 11m";""
"42";"AUDJPY_DukasM1_the5ers";"Buy";"2022.01.31 01:00:00";"80.691";"0.32";"2022.01.31 08:22:00";"81.159";"96.33";"17909.54";"OOS1";"PT";"-30.34";"97.93";"7h 22m";""
"43";"AUDJPY_DukasM1_the5ers";"Buy";"2022.02.01 09:00:00";"81.254";"0.33";"2022.02.01 22:17:00";"81.709";"96.54";"18006.07";"OOS1";"PT";"-18.77";"98.19";"13h 17m";""
"44";"AUDJPY_DukasM1_the5ers";"Buy";"2022.02.17 09:00:00";"82.876";"0.27";"2022.02.22 01:08:00";"82.307";"-102.03";"17904.04";"OOS1";"SL";"-100.46";"79.28";"4d 16h 8m";""
"45";"AUDJPY_DukasM1_the5ers";"Buy";"2022.02.22 02:00:00";"82.353";"0.35";"2022.02.22 10:28:00";"82.785";"97.12";"18001.17";"OOS1";"PT";"-24.49";"98.87";"8h 28m";""
"46";"AUDJPY_DukasM1_the5ers";"Buy";"2022.03.17 09:00:00";"86.845";"0.29";"2022.03.17 17:38:00";"87.371";"98.30";"18099.47";"OOS1";"PT";"-19.15";"99.75";"8h 38m";""
"47";"AUDJPY_DukasM1_the5ers";"Buy";"2022.03.23 09:00:00";"90.397";"0.31";"2022.03.23 20:55:00";"90.886";"97.58";"18197.05";"OOS1";"PT";"-94.26";"99.13";"11h 55m";""
"48";"AUDJPY_DukasM1_the5ers";"Buy";"2022.04.06 09:00:00";"93.851";"0.3";"2022.04.06 17:47:00";"93.348";"-100.18";"18096.87";"OOS1";"SL";"-98.68";"55.32";"8h 47m";""
"49";"AUDJPY_DukasM1_the5ers";"Buy";"2022.04.12 09:00:00";"93.290";"0.34";"2022.04.12 17:40:00";"93.733";"96.79";"18193.66";"OOS1";"PT";"-28.46";"98.49";"8h 40m";""
"50";"AUDJPY_DukasM1_the5ers";"Buy";"2022.04.20 09:00:00";"95.573";"0.23";"2022.04.20 14:46:00";"94.927";"-98.31";"18095.35";"OOS1";"SL";"-97.16";"0.60";"5h 46m";""
"51";"AUDJPY_DukasM1_the5ers";"Buy";"2022.04.25 00:10:00";"93.062";"0.25";"2022.04.25 04:40:00";"92.457";"-100.16";"17995.20";"OOS1";"SL";"-98.91";"37.76";"4h 30m";""
"52";"AUDJPY_DukasM1_the5ers";"Buy";"2022.04.26 00:00:00";"91.947";"0.18";"2022.04.26 17:18:00";"91.138";"-96.12";"17899.07";"OOS1";"SL";"-95.22";"74.98";"17h 18m";""
"53";"AUDJPY_DukasM1_the5ers";"Buy";"2022.04.29 09:00:00";"93.212";"0.21";"2022.04.29 17:51:00";"92.505";"-98.14";"17800.94";"OOS1";"SL";"-97.09";"27.60";"8h 51m";""
"54";"AUDJPY_DukasM1_the5ers";"Buy";"2022.05.02 13:00:00";"91.874";"0.22";"2022.05.03 07:30:00";"92.563";"97.96";"17898.90";"OOS1";"PT";"-54.24";"99.12";"18h 30m";""
"55";"AUDJPY_DukasM1_the5ers";"Buy";"2022.05.03 08:00:00";"92.419";"0.22";"2022.05.04 21:00:00";"93.096";"96.24";"17995.13";"OOS1";"PT";"-48.63";"97.40";"1d 13h 0m";""
"56";"AUDJPY_DukasM1_the5ers";"Buy";"2022.05.09 01:00:00";"92.328";"0.22";"2022.05.09 04:00:00";"91.637";"-100.51";"17894.63";"OOS1";"SL";"-99.41";"1.01";"3h 0m";""
"57";"AUDJPY_DukasM1_the5ers";"Buy";"2022.06.08 09:00:00";"95.935";"0.29";"2022.06.08 13:47:00";"96.457";"97.54";"17992.17";"OOS1";"PT";"-22.19";"98.99";"4h 47m";""
"58";"AUDJPY_DukasM1_the5ers";"Buy";"2022.06.13 01:00:00";"94.602";"0.23";"2022.06.13 11:19:00";"93.961";"-97.56";"17894.61";"OOS1";"SL";"-96.41";"58.06";"10h 19m";""
"59";"AUDJPY_DukasM1_the5ers";"Buy";"2022.06.14 00:00:00";"93.056";"0.21";"2022.06.14 07:02:00";"93.790";"99.75";"17994.35";"OOS1";"PT";"-7.69";"100.80";"7h 2m";""
"60";"AUDJPY_DukasM1_the5ers";"Buy";"2022.07.04 00:05:00";"92.119";"0.2";"2022.07.04 10:27:00";"92.877";"98.13";"18092.49";"OOS1";"PT";"-69.58";"99.13";"10h 22m";""
"61";"AUDJPY_DukasM1_the5ers";"Buy";"2022.07.05 09:00:00";"93.658";"0.23";"2022.07.05 10:12:00";"93.004";"-99.51";"17992.97";"OOS1";"SL";"-98.36";"0.00";"1h 12m";""
"62";"AUDJPY_DukasM1_the5ers";"Buy";"2022.07.25 13:00:00";"94.796";"0.28";"2022.07.27 21:38:00";"95.328";"95.86";"18088.83";"OOS1";"PT";"-41.75";"97.41";"2d 8h 38m";""
"63";"AUDJPY_DukasM1_the5ers";"Buy";"2022.08.01 00:05:00";"92.947";"0.25";"2022.08.01 04:13:00";"92.354";"-98.19";"17990.64";"OOS1";"SL";"-96.94";"32.04";"4h 8m";""
"64";"AUDJPY_DukasM1_the5ers";"Buy";"2022.08.05 09:00:00";"92.888";"0.26";"2022.08.05 17:25:00";"93.474";"98.33";"18088.97";"OOS1";"PT";"-91.47";"99.63";"8h 25m";""
"65";"AUDJPY_DukasM1_the5ers";"Buy";"2022.08.26 09:00:00";"95.242";"0.42";"2022.08.26 13:25:00";"95.609";"98.70";"18187.67";"OOS1";"PT";"-12.63";"100.80";"4h 25m";""
"66";"AUDJPY_DukasM1_the5ers";"Buy";"2022.09.08 09:00:00";"96.955";"0.26";"2022.09.09 03:32:00";"97.528";"96.05";"18283.72";"OOS1";"PT";"-53.90";"97.42";"18h 32m";""
"67";"AUDJPY_DukasM1_the5ers";"Buy";"2022.09.13 09:00:00";"97.869";"0.32";"2022.09.13 15:30:00";"98.340";"96.96";"18380.68";"OOS1";"PT";"-32.85";"98.56";"6h 30m";""
"68";"AUDJPY_DukasM1_the5ers";"Buy";"2022.09.19 00:05:00";"95.971";"0.29";"2022.09.20 10:23:00";"96.488";"96.52";"18477.19";"OOS1";"PT";"-48.93";"98.04";"1d 10h 18m";""
"69";"AUDJPY_DukasM1_the5ers";"Buy";"2022.10.03 13:00:00";"93.545";"0.22";"2022.10.03 21:28:00";"94.231";"97.59";"18574.78";"OOS1";"PT";"-14.82";"98.69";"8h 28m";""
"70";"AUDJPY_DukasM1_the5ers";"Buy";"2022.10.04 00:00:00";"94.164";"0.25";"2022.10.04 06:30:00";"93.557";"-100.48";"18474.30";"OOS1";"SL";"-99.23";"22.89";"6h 30m";""
"71";"AUDJPY_DukasM1_the5ers";"Buy";"2022.10.10 00:13:00";"92.394";"0.24";"2022.10.10 10:44:00";"91.766";"-99.76";"18374.54";"OOS1";"SL";"-98.56";"58.38";"10h 31m";""
"72";"AUDJPY_DukasM1_the5ers";"Buy";"2022.10.17 13:00:00";"92.909";"0.24";"2022.10.17 17:32:00";"93.544";"98.46";"18473.00";"OOS1";"PT";"-9.26";"99.66";"4h 32m";""
"73";"AUDJPY_DukasM1_the5ers";"Buy";"2022.10.18 00:00:00";"93.746";"0.25";"2022.10.18 12:04:00";"93.151";"-98.52";"18374.48";"OOS1";"SL";"-97.27";"69.97";"12h 4m";""
"74";"AUDJPY_DukasM1_the5ers";"Buy";"2022.10.27 09:00:00";"94.618";"0.27";"2022.11.01 00:15:00";"95.185";"98.54";"18473.02";"OOS1";"PT";"-85.98";"100.11";"4d 15h 15m";""
"75";"AUDJPY_DukasM1_the5ers";"Buy";"2022.11.14 01:00:00";"93.210";"0.22";"2022.11.14 15:32:00";"93.902";"98.45";"18571.47";"OOS1";"PT";"-43.45";"99.55";"14h 32m";""
"76";"AUDJPY_DukasM1_the5ers";"Buy";"2022.12.05 01:00:00";"91.181";"0.27";"2022.12.05 02:17:00";"91.738";"96.99";"18668.47";"OOS1";"PT";"-7.95";"98.34";"1h 17m";""
"77";"AUDJPY_DukasM1_the5ers";"Buy";"2022.12.19 01:00:00";"91.204";"0.3";"2022.12.19 15:57:00";"91.706";"96.98";"18765.45";"OOS1";"PT";"-27.46";"98.48";"14h 57m";""
"78";"AUDJPY_DukasM1_the5ers";"Buy";"2022.12.20 00:00:00";"91.735";"0.35";"2022.12.20 05:02:00";"91.306";"-99.94";"18665.51";"OOS1";"SL";"-98.19";"65.23";"5h 2m";""
"79";"AUDJPY_DukasM1_the5ers";"Buy";"2023.01.02 00:31:00";"88.835";"0.29";"2023.01.03 03:22:00";"88.310";"-101.09";"18564.42";"OOS1";"SL";"-99.56";"91.60";"1d 2h 51m";""
"80";"AUDJPY_DukasM1_the5ers";"Buy";"2023.01.03 05:00:00";"88.508";"0.27";"2023.01.03 10:23:00";"87.942";"-101.28";"18463.14";"OOS1";"SL";"-99.93";"33.37";"5h 23m";""
"81";"AUDJPY_DukasM1_the5ers";"Buy";"2023.01.05 09:00:00";"90.288";"0.23";"2023.01.05 15:16:00";"90.934";"96.01";"18559.15";"OOS1";"PT";"-23.16";"97.16";"6h 16m";""
"82";"AUDJPY_DukasM1_the5ers";"Buy";"2023.01.10 09:00:00";"91.140";"0.3";"2023.01.11 11:34:00";"91.652";"98.86";"18658.01";"OOS1";"PT";"-70.62";"100.44";"1d 2h 34m";""
"83";"AUDJPY_DukasM1_the5ers";"Buy";"2023.01.16 01:00:00";"89.081";"0.28";"2023.01.17 03:10:00";"89.621";"97.40";"18755.41";"OOS1";"PT";"-5.13";"98.87";"1d 2h 10m";""
"84";"AUDJPY_DukasM1_the5ers";"Buy";"2023.01.24 09:00:00";"91.668";"0.31";"2023.01.25 02:30:00";"92.159";"97.90";"18853.31";"OOS1";"PT";"-83.92";"99.53";"17h 30m";""
"85";"AUDJPY_DukasM1_the5ers";"Buy";"2023.02.06 01:00:00";"91.154";"0.25";"2023.02.07 05:30:00";"91.752";"96.44";"18949.76";"OOS1";"PT";"-32.04";"97.76";"1d 4h 30m";""
"86";"AUDJPY_DukasM1_the5ers";"Buy";"2023.02.13 01:00:00";"90.892";"0.32";"2023.02.13 07:50:00";"91.365";"97.38";"19047.13";"OOS1";"PT";"-14.65";"98.98";"6h 50m";""
"87";"AUDJPY_DukasM1_the5ers";"Buy";"2023.02.14 09:00:00";"91.973";"0.36";"2023.02.14 15:31:00";"92.401";"98.96";"19146.09";"OOS1";"PT";"-27.31";"100.76";"6h 31m";""
"88";"AUDJPY_DukasM1_the5ers";"Buy";"2023.02.20 01:00:00";"92.277";"0.4";"2023.02.20 10:05:00";"92.658";"97.66";"19243.75";"OOS1";"PT";"-22.23";"99.66";"9h 5m";""
"89";"AUDJPY_DukasM1_the5ers";"Buy";"2023.02.27 01:00:00";"91.699";"0.39";"2023.02.28 15:05:00";"92.090";"97.66";"19341.41";"OOS1";"PT";"-94.87";"99.72";"1d 14h 5m";""
"90";"AUDJPY_DukasM1_the5ers";"Buy";"2023.03.06 13:00:00";"91.544";"0.42";"2023.03.07 05:47:00";"91.184";"-101.09";"19240.32";"OOS1";"SL";"-98.87";"52.18";"16h 47m";""
"91";"AUDJPY_DukasM1_the5ers";"Buy";"2023.03.07 06:00:00";"91.315";"0.4";"2023.03.07 10:06:00";"90.938";"-100.61";"19139.71";"OOS1";"SL";"-98.61";"14.12";"4h 6m";""
"92";"AUDJPY_DukasM1_the5ers";"Buy";"2023.03.13 13:00:00";"88.579";"0.16";"2023.03.14 14:16:00";"89.522";"97.82";"19237.54";"OOS1";"PT";"-82.45";"98.66";"1d 1h 16m";""
"93";"AUDJPY_DukasM1_the5ers";"Buy";"2023.03.27 01:00:00";"86.677";"0.22";"2023.03.27 09:29:00";"87.356";"96.58";"19334.12";"OOS1";"PT";"-2.59";"97.68";"8h 29m";""
"94";"AUDJPY_DukasM1_the5ers";"Buy";"2023.04.24 01:00:00";"89.714";"0.36";"2023.04.25 11:02:00";"89.295";"-100.53";"19233.58";"OOS1";"SL";"-98.64";"78.39";"1d 10h 2m";""
"95";"AUDJPY_DukasM1_the5ers";"Buy";"2023.05.03 09:00:00";"90.628";"0.31";"2023.05.03 15:53:00";"90.133";"-101.89";"19131.69";"OOS1";"SL";"-100.34";"22.30";"6h 53m";""
"96";"AUDJPY_DukasM1_the5ers";"Buy";"2023.05.15 01:00:00";"90.214";"0.36";"2023.05.15 06:53:00";"90.636";"97.54";"19229.23";"OOS1";"PT";"-13.18";"99.34";"5h 53m";""
"97";"AUDJPY_DukasM1_the5ers";"Buy";"2023.05.16 09:00:00";"90.696";"0.37";"2023.05.16 16:42:00";"91.102";"96.38";"19325.62";"OOS1";"PT";"-35.81";"98.23";"7h 42m";""
"98";"AUDJPY_DukasM1_the5ers";"Buy";"2023.06.16 09:00:00";"96.931";"0.28";"2023.06.16 21:10:00";"97.477";"98.57";"19424.19";"OOS1";"PT";"-39.37";"99.97";"12h 10m";""
"99";"AUDJPY_DukasM1_the5ers";"Buy";"2023.07.10 01:00:00";"95.089";"0.35";"2023.07.10 09:56:00";"94.658";"-100.39";"19323.79";"OOS1";"SL";"-98.64";"87.43";"8h 56m";""
"100";"AUDJPY_DukasM1_the5ers";"Buy";"2023.07.14 09:00:00";"94.975";"0.3";"2023.07.17 04:43:00";"94.474";"-99.87";"19223.93";"OOS1";"SL";"-98.28";"79.84";"2d 19h 43m";""
"101";"AUDJPY_DukasM1_the5ers";"Buy";"2023.07.28 09:00:00";"92.829";"0.14";"2023.07.28 19:05:00";"93.915";"98.72";"19322.65";"OOS1";"PT";"-58.87";"99.42";"10h 5m";""
"102";"AUDJPY_DukasM1_the5ers";"Buy";"2023.07.31 00:07:00";"93.718";"0.17";"2023.07.31 05:46:00";"94.581";"95.09";"19417.74";"OOS1";"PT";"-8.23";"95.94";"5h 39m";""
"103";"AUDJPY_DukasM1_the5ers";"Buy";"2023.08.01 09:00:00";"95.321";"0.26";"2023.08.01 11:22:00";"94.731";"-101.61";"19316.13";"OOS1";"SL";"-100.31";"0.00";"2h 22m";""
"1";"AUDJPY_DukasM1_the5ers";"Buy";"2023.08.11 09:00:00";"94.374";"0.35";"2023.08.14 03:56:00";"93.942";"-100.72";"19215.41";"OOS1";"SL";"-98.87";"40.05";"2d 18h 56m";""
"2";"AUDJPY_DukasM1_the5ers";"Buy";"2023.08.21 01:00:00";"93.122";"0.33";"2023.08.21 14:33:00";"93.559";"92.65";"19308.06";"OOS1";"PT";"-63.01";"94.30";"13h 33m";""
"3";"AUDJPY_DukasM1_the5ers";"Buy";"2023.09.18 13:00:00";"95.055";"0.42";"2023.09.19 13:15:00";"95.401";"92.82";"19400.88";"OOS1";"PT";"-73.61";"95.03";"1d 0h 15m";""
"4";"AUDJPY_DukasM1_the5ers";"Buy";"2023.10.16 01:00:00";"94.173";"0.39";"2023.10.16 05:23:00";"94.551";"94.45";"19495.33";"OOS1";"PT";"-7.14";"96.40";"4h 23m";""
"5";"AUDJPY_DukasM1_the5ers";"Buy";"2023.11.13 01:00:00";"96.317";"0.46";"2023.11.13 08:32:00";"96.634";"93.06";"19588.38";"OOS1";"PT";"-9.63";"95.36";"7h 32m";""
"6";"AUDJPY_DukasM1_the5ers";"Buy";"2023.11.14 09:00:00";"96.626";"0.56";"2023.11.14 15:30:00";"96.890";"93.88";"19682.26";"OOS1";"PT";"-55.66";"96.68";"6h 30m";""
"7";"AUDJPY_DukasM1_the5ers";"Buy";"2023.11.20 01:00:00";"97.443";"0.38";"2023.11.20 13:35:00";"97.039";"-102.29";"19579.97";"OOS1";"SL";"-100.39";"70.32";"12h 35m";""
"8";"AUDJPY_DukasM1_the5ers";"Buy";"2023.12.19 09:00:00";"96.452";"0.25";"2023.12.19 10:16:00";"97.024";"92.26";"19672.23";"OOS1";"PT";"-3.76";"93.51";"1h 16m";""
"9";"AUDJPY_DukasM1_the5ers";"Buy";"2024.01.05 09:00:00";"97.233";"0.39";"2024.01.08 05:53:00";"96.839";"-102.54";"19569.69";"OOS1";"SL";"-100.48";"40.55";"2d 20h 53m";""
"10";"AUDJPY_DukasM1_the5ers";"Buy";"2024.01.15 00:05:00";"96.865";"0.42";"2024.01.15 05:31:00";"97.213";"93.48";"19663.17";"OOS1";"PT";"-13.73";"95.58";"5h 26m";""
"11";"AUDJPY_DukasM1_the5ers";"Buy";"2024.02.23 09:00:00";"98.999";"0.54";"2024.02.23 17:19:00";"98.716";"-102.63";"19560.54";"OOS1";"SL";"-99.93";"20.13";"8h 19m";""
"12";"AUDJPY_DukasM1_the5ers";"Buy";"2024.03.11 13:00:00";"97.046";"0.43";"2024.03.12 04:16:00";"97.390";"94.46";"19655.00";"OOS1";"PT";"-42.46";"96.73";"15h 16m";""
"13";"AUDJPY_DukasM1_the5ers";"Buy";"2024.03.12 05:00:00";"97.543";"0.42";"2024.03.13 16:41:00";"97.892";"93.64";"19748.64";"OOS1";"PT";"-83.22";"95.85";"1d 11h 41m";""
"14";"AUDJPY_DukasM1_the5ers";"Buy";"2024.03.25 01:00:00";"98.580";"0.44";"2024.03.25 15:33:00";"98.912";"93.33";"19841.97";"OOS1";"PT";"-30.50";"95.53";"14h 33m";""
"15";"AUDJPY_DukasM1_the5ers";"Buy";"2024.04.05 09:00:00";"99.417";"0.4";"2024.04.05 18:44:00";"99.786";"94.52";"19936.48";"OOS1";"PT";"-19.88";"96.52";"9h 44m";""
"16";"AUDJPY_DukasM1_the5ers";"Buy";"2024.04.08 01:00:00";"99.640";"0.4";"2024.04.08 10:52:00";"100.008";"94.26";"20030.74";"OOS1";"PT";"-33.48";"96.26";"9h 52m";""
"17";"AUDJPY_DukasM1_the5ers";"Buy";"2024.04.16 09:00:00";"99.179";"0.36";"2024.04.16 16:39:00";"98.755";"-101.61";"19929.13";"OOS1";"SL";"-99.81";"43.79";"7h 39m";""
"18";"AUDJPY_DukasM1_the5ers";"Buy";"2024.04.26 09:00:00";"102.099";"0.33";"2024.04.26 10:25:00";"102.538";"93.08";"20022.21";"OOS1";"PT";"-23.31";"94.73";"1h 25m";""
"19";"AUDJPY_DukasM1_the5ers";"Buy";"2024.06.10 13:00:00";"103.354";"0.38";"2024.06.10 18:59:00";"103.735";"92.78";"20114.99";"OOS1";"PT";"-21.87";"94.68";"5h 59m";""
"20";"AUDJPY_DukasM1_the5ers";"Buy";"2024.06.11 00:00:00";"103.780";"0.42";"2024.06.12 08:34:00";"104.130";"93.91";"20208.90";"OOS1";"PT";"-68.66";"96.13";"1d 8h 34m";""
"21";"AUDJPY_DukasM1_the5ers";"Buy";"2024.06.17 00:05:00";"103.879";"0.28";"2024.06.18 08:34:00";"104.398";"93.55";"20302.46";"OOS1";"PT";"-53.10";"95.03";"1d 8h 29m";""
"22";"AUDJPY_DukasM1_the5ers";"Buy";"2024.06.19 09:00:00";"105.207";"0.45";"2024.06.20 04:48:00";"105.536";"94.20";"20396.66";"OOS1";"PT";"-22.36";"96.81";"19h 48m";""
"23";"AUDJPY_DukasM1_the5ers";"Buy";"2024.07.04 09:00:00";"108.487";"0.49";"2024.07.05 06:21:00";"108.172";"-103.51";"20293.14";"OOS1";"SL";"-100.93";"36.53";"21h 21m";""
"24";"AUDJPY_DukasM1_the5ers";"Buy";"2024.07.15 01:00:00";"107.106";"0.25";"2024.07.16 15:30:00";"106.496";"-101.04";"20192.10";"OOS1";"SL";"-99.72";"20.76";"1d 14h 30m";""
"25";"AUDJPY_DukasM1_the5ers";"Buy";"2024.07.31 09:00:00";"99.230";"0.14";"2024.07.31 10:54:00";"98.171";"-97.65";"20094.45";"OOS1";"SL";"-96.95";"11.54";"1h 54m";""
"26";"AUDJPY_DukasM1_the5ers";"Buy";"2024.08.05 01:00:00";"95.421";"0.14";"2024.08.05 02:52:00";"94.362";"-97.65";"19996.80";"OOS1";"SL";"-96.95";"0.00";"1h 52m";""
"27";"AUDJPY_DukasM1_the5ers";"Buy";"2024.08.06 00:04:00";"93.553";"0.08";"2024.08.06 03:10:00";"95.350";"93.61";"20090.41";"OOS1";"PT";"-6.91";"94.01";"3h 6m";""
"28";"AUDJPY_DukasM1_the5ers";"Buy";"2024.08.13 09:00:00";"97.376";"0.25";"2024.08.14 05:37:00";"96.768";"-100.71";"19989.69";"OOS1";"SL";"-99.40";"60.16";"20h 37m";""
"29";"AUDJPY_DukasM1_the5ers";"Buy";"2024.09.16 01:00:00";"94.317";"0.25";"2024.09.16 18:49:00";"94.888";"92.10";"20081.79";"OOS1";"PT";"-74.06";"93.35";"17h 49m";""
"30";"AUDJPY_DukasM1_the5ers";"Buy";"2024.09.30 00:12:00";"98.085";"0.17";"2024.09.30 15:45:00";"98.930";"93.09";"20174.88";"OOS1";"PT";"-9.89";"93.94";"15h 33m";""
"31";"AUDJPY_DukasM1_the5ers";"Buy";"2024.10.23 09:00:00";"101.620";"0.35";"2024.10.23 20:33:00";"101.187";"-100.85";"20074.03";"OOS1";"SL";"-99.10";"16.02";"11h 33m";""
"32";"AUDJPY_DukasM1_the5ers";"Buy";"2024.11.06 09:00:00";"100.724";"0.26";"2024.11.06 10:39:00";"101.289";"94.76";"20168.79";"OOS1";"PT";"-14.11";"96.06";"1h 39m";""
"33";"AUDJPY_DukasM1_the5ers";"Buy";"2024.11.11 00:05:00";"100.437";"0.28";"2024.11.11 03:01:00";"100.966";"95.46";"20264.25";"OOS1";"PT";"-12.63";"96.86";"2h 56m";""
"34";"AUDJPY_DukasM1_the5ers";"Buy";"2024.12.02 01:00:00";"97.383";"0.29";"2024.12.02 03:56:00";"97.891";"94.89";"20359.13";"OOS1";"PT";"-9.67";"96.34";"2h 56m";""
"35";"AUDJPY_DukasM1_the5ers";"Buy";"2024.12.09 13:00:00";"96.994";"0.26";"2024.12.09 15:51:00";"97.544";"92.21";"20451.34";"OOS1";"PT";"-17.17";"93.51";"2h 51m";""
"36";"AUDJPY_DukasM1_the5ers";"Buy";"2024.12.10 00:04:00";"97.155";"0.28";"2024.12.10 05:30:00";"96.615";"-100.27";"20351.07";"OOS1";"SL";"-98.87";"59.32";"5h 26m";""
"37";"AUDJPY_DukasM1_the5ers";"Buy";"2025.01.02 00:05:00";"97.188";"0.33";"2025.01.02 01:56:00";"97.634";"94.59";"20445.66";"OOS1";"PT";"-11.87";"96.24";"1h 51m";""
"38";"AUDJPY_DukasM1_the5ers";"Buy";"2025.01.13 13:00:00";"96.764";"0.25";"2025.01.14 00:45:00";"97.343";"93.34";"20539.00";"OOS1";"PT";"-35.80";"94.66";"11h 45m";""
"39";"AUDJPY_DukasM1_the5ers";"Buy";"2025.01.14 01:00:00";"97.323";"0.26";"2025.01.14 17:38:00";"97.889";"94.93";"20633.93";"OOS1";"PT";"-38.08";"96.23";"16h 38m";""
"40";"AUDJPY_DukasM1_the5ers";"Buy";"2025.02.03 13:00:00";"95.228";"0.2";"2025.02.03 23:32:00";"95.936";"91.54";"20725.48";"OOS1";"PT";"-79.91";"92.60";"10h 32m";""
"41";"AUDJPY_DukasM1_the5ers";"Buy";"2025.02.04 00:04:00";"96.247";"0.17";"2025.02.06 05:21:00";"95.357";"-99.97";"20625.51";"OOS1";"SL";"-98.94";"56.14";"2d 5h 17m";""
"42";"AUDJPY_DukasM1_the5ers";"Buy";"2025.02.10 13:00:00";"95.524";"0.28";"2025.02.11 22:32:00";"96.049";"94.65";"20720.16";"OOS1";"PT";"-82.94";"96.13";"1d 9h 32m";""
"43";"AUDJPY_DukasM1_the5ers";"Buy";"2025.02.24 13:00:00";"95.259";"0.28";"2025.02.24 17:03:00";"94.727";"-98.81";"20621.35";"OOS1";"SL";"-97.41";"34.61";"4h 3m";""
"44";"AUDJPY_DukasM1_the5ers";"Buy";"2025.02.25 00:00:00";"95.066";"0.28";"2025.02.25 16:53:00";"94.520";"-101.37";"20519.98";"OOS1";"SL";"-99.97";"45.04";"16h 53m";""
"45";"AUDJPY_DukasM1_the5ers";"Buy";"2025.03.03 01:00:00";"93.570";"0.23";"2025.03.03 14:13:00";"94.205";"94.36";"20614.33";"OOS1";"PT";"-57.15";"95.51";"13h 13m";""
"46";"AUDJPY_DukasM1_the5ers";"Buy";"2025.03.31 13:00:00";"93.274";"0.25";"2025.03.31 21:19:00";"93.851";"93.08";"20707.41";"OOS1";"PT";"-37.27";"94.33";"8h 19m";""
"47";"AUDJPY_DukasM1_the5ers";"Buy";"2025.04.01 00:00:00";"93.635";"0.26";"2025.04.02 01:19:00";"94.196";"94.01";"20801.42";"OOS1";"PT";"-83.31";"95.38";"1d 1h 19m";""
"48";"AUDJPY_DukasM1_the5ers";"Buy";"2025.04.07 00:05:00";"87.162";"0.09";"2025.04.07 13:39:00";"88.706";"90.42";"20891.84";"OOS1";"PT";"-61.74";"90.87";"13h 34m";""
"49";"AUDJPY_DukasM1_the5ers";"Buy";"2025.04.08 01:00:00";"88.477";"0.08";"2025.04.09 02:17:00";"86.641";"-96.47";"20795.37";"OOS1";"SL";"-96.05";"63.20";"1d 1h 17m";""
"50";"AUDJPY_DukasM1_the5ers";"Buy";"2025.05.02 09:00:00";"93.110";"0.25";"2025.05.06 10:37:00";"92.506";"-100.13";"20695.25";"OOS1";"SL";"-98.74";"74.06";"4d 1h 37m";""
"51";"AUDJPY_DukasM1_the5ers";"Buy";"2025.06.02 01:00:00";"92.479";"0.29";"2025.06.03 17:26:00";"92.973";"92.15";"20787.40";"OOS1";"PT";"-80.22";"93.68";"1d 16h 26m";""
"52";"AUDJPY_DukasM1_the5ers";"Buy";"2025.07.09 09:00:00";"96.055";"0.35";"2025.07.09 15:00:00";"95.616";"-102.23";"20685.17";"OOS1";"SL";"-100.48";"8.47";"6h 0m";""
"53";"AUDJPY_DukasM1_the5ers";"Buy";"2025.08.04 13:00:00";"95.748";"0.31";"2025.08.04 17:08:00";"95.266";"-99.26";"20585.91";"OOS1";"SL";"-97.71";"0.00";"4h 8m";""
"54";"AUDJPY_DukasM1_the5ers";"Buy";"2025.08.05 00:00:00";"95.072";"0.35";"2025.08.05 15:43:00";"95.494";"94.83";"20680.75";"OOS1";"PT";"-29.52";"96.58";"15h 43m";""
"55";"AUDJPY_DukasM1_the5ers";"Buy";"2025.09.11 09:00:00";"97.484";"0.57";"2025.09.11 11:01:00";"97.741";"92.94";"20773.69";"OOS1";"PT";"-7.08";"95.79";"2h 1m";""
"56";"AUDJPY_DukasM1_the5ers";"Buy";"2025.09.25 09:00:00";"98.152";"0.52";"2025.09.25 15:30:00";"97.855";"-103.59";"20670.10";"OOS1";"SL";"-100.99";"23.80";"6h 30m";""
"57";"AUDJPY_DukasM1_the5ers";"Buy";"2025.10.13 03:00:00";"98.825";"0.19";"2025.10.14 08:40:00";"98.056";"-96.55";"20573.55";"OOS1";"SL";"-95.54";"82.00";"1d 5h 40m";""
"58";"AUDJPY_DukasM1_the5ers";"Buy";"2025.10.20 01:00:00";"97.813";"0.24";"2025.10.20 04:19:00";"98.430";"95.63";"20669.19";"OOS1";"PT";"-2.82";"96.83";"3h 19m";""
"59";"AUDJPY_DukasM1_the5ers";"Buy";"2025.11.10 01:00:00";"99.796";"0.26";"2025.11.10 05:02:00";"100.355";"93.74";"20762.93";"OOS1";"PT";"-9.52";"95.04";"4h 2m";""
"60";"AUDJPY_DukasM1_the5ers";"Buy";"2025.11.11 09:00:00";"100.522";"0.37";"2025.11.12 07:08:00";"100.921";"94.59";"20857.52";"OOS1";"PT";"-40.16";"96.54";"22h 8m";""
"61";"AUDJPY_DukasM1_the5ers";"Buy";"2025.11.13 09:00:00";"101.605";"0.39";"2025.11.13 16:37:00";"101.218";"-100.65";"20756.87";"OOS1";"SL";"-98.70";"56.36";"7h 37m";""
"62";"AUDJPY_DukasM1_the5ers";"Buy";"2025.11.17 01:00:00";"100.964";"0.3";"2025.11.18 06:09:00";"100.462";"-100.06";"20656.81";"OOS1";"SL";"-98.48";"36.49";"1d 5h 9m";""
"63";"AUDJPY_DukasM1_the5ers";"Buy";"2025.11.24 00:05:00";"100.931";"0.21";"2025.11.26 08:10:00";"101.617";"93.04";"20749.85";"OOS1";"PT";"-80.88";"94.20";"2d 8h 5m";""
"64";"AUDJPY_DukasM1_the5ers";"Buy";"2025.11.27 09:00:00";"101.928";"0.39";"2025.11.28 02:53:00";"102.299";"92.56";"20842.41";"OOS1";"PT";"-7.40";"94.62";"17h 53m";""
"65";"AUDJPY_DukasM1_the5ers";"Buy";"2025.12.03 09:00:00";"102.445";"0.43";"2025.12.04 06:43:00";"102.783";"92.55";"20934.96";"OOS1";"PT";"-95.88";"95.04";"21h 43m";""
"66";"AUDJPY_DukasM1_the5ers";"Buy";"2025.12.10 09:00:00";"104.170";"0.41";"2025.12.10 17:09:00";"103.796";"-102.32";"20832.64";"OOS1";"SL";"-100.27";"38.07";"8h 9m";""
