"Ticket";"Symbol";"Type";"Open time";"Open price";"Size";"Close time";"Close price";"Profit/Loss";"Balance";"Sample type";"Close type";"MAE ($)";"MFE ($)";"Time in trade";"Comment"
"1";"AUDJPY_DukasM1_the5ers";"Sell";"2003.12.18 06:00:00";"79.495";"0.14";"2003.12.18 18:00:00";"79.495";"-0.70";"9999.30";"IS";"Exit After X Bars";"-33.51";"38.82";"12h 0m";""
"2";"AUDJPY_DukasM1_the5ers";"Sell";"2004.01.15 06:00:00";"82.187";"0.13";"2004.01.15 18:00:00";"81.547";"53.76";"10053.06";"IS";"Exit After X Bars";"-17.68";"55.77";"12h 0m";""
"3";"AUDJPY_DukasM1_the5ers";"Sell";"2004.01.16 06:00:00";"81.774";"0.13";"2004.01.16 18:00:00";"81.735";"2.67";"10055.72";"IS";"Exit After X Bars";"-8.33";"52.11";"12h 0m";""
"4";"AUDJPY_DukasM1_the5ers";"Sell";"2004.01.29 06:00:00";"81.781";"0.11";"2004.01.29 18:00:00";"80.550";"88.00";"10143.72";"IS";"Exit After X Bars";"-18.13";"93.73";"12h 0m";""
"5";"AUDJPY_DukasM1_the5ers";"Sell";"2004.01.30 06:00:00";"80.860";"0.11";"2004.01.30 18:00:00";"80.501";"25.27";"10168.99";"IS";"Exit After X Bars";"-11.72";"73.80";"12h 0m";""
"6";"AUDJPY_DukasM1_the5ers";"Sell";"2004.02.05 06:00:00";"80.240";"0.15";"2004.02.05 18:00:00";"80.673";"-43.22";"10125.77";"IS";"Exit After X Bars";"-68.76";"7.26";"12h 0m";""
"7";"AUDJPY_DukasM1_the5ers";"Sell";"2004.02.26 06:00:00";"84.069";"0.13";"2004.02.26 18:00:00";"84.303";"-20.54";"10105.23";"IS";"Exit After X Bars";"-45.99";"5.87";"12h 0m";""
"8";"AUDJPY_DukasM1_the5ers";"Sell";"2004.03.11 06:00:00";"82.092";"0.08";"2004.03.11 18:00:00";"81.255";"43.39";"10148.62";"IS";"Exit After X Bars";"-30.76";"62.67";"12h 0m";""
"9";"AUDJPY_DukasM1_the5ers";"Sell";"2004.03.12 06:00:00";"80.494";"0.07";"2004.03.12 18:00:00";"80.860";"-17.10";"10131.51";"IS";"Exit After X Bars";"-48.02";"1.51";"12h 0m";""
"10";"AUDJPY_DukasM1_the5ers";"Sell";"2004.03.18 06:00:00";"79.785";"0.1";"2004.03.18 18:00:00";"79.774";"0.22";"10131.73";"IS";"Exit After X Bars";"-11.31";"34.59";"12h 0m";""
"11";"AUDJPY_DukasM1_the5ers";"Sell";"2004.03.25 06:00:00";"78.760";"0.11";"2004.03.25 18:00:00";"78.459";"21.10";"10152.83";"IS";"Exit After X Bars";"-13.45";"45.82";"12h 0m";""
"12";"AUDJPY_DukasM1_the5ers";"Sell";"2004.03.26 06:00:00";"78.410";"0.11";"2004.03.26 18:00:00";"78.701";"-21.48";"10131.35";"IS";"Exit After X Bars";"-36.90";"33.74";"12h 0m";""
"13";"AUDJPY_DukasM1_the5ers";"Sell";"2004.04.22 06:00:00";"79.797";"0.1";"2004.04.22 18:00:00";"79.908";"-7.76";"10123.59";"IS";"Exit After X Bars";"-35.25";"34.98";"12h 0m";""
"14";"AUDJPY_DukasM1_the5ers";"Sell";"2004.04.29 06:00:00";"79.157";"0.11";"2004.04.29 18:00:00";"79.071";"5.64";"10129.23";"IS";"Exit After X Bars";"-27.91";"23.16";"12h 0m";""
"15";"AUDJPY_DukasM1_the5ers";"Sell";"2004.05.07 06:00:00";"79.200";"0.1";"2004.05.07 18:00:00";"78.881";"20.36";"10149.59";"IS";"Exit After X Bars";"-27.01";"29.56";"12h 0m";""
"16";"AUDJPY_DukasM1_the5ers";"Sell";"2004.05.13 06:00:00";"79.005";"0.1";"2004.05.13 18:00:00";"78.808";"12.38";"10161.97";"IS";"Exit After X Bars";"-16.61";"48.72";"12h 0m";""
"17";"AUDJPY_DukasM1_the5ers";"Sell";"2004.05.20 06:00:00";"78.392";"0.1";"2004.05.20 18:00:00";"78.396";"-0.76";"10161.21";"IS";"Exit After X Bars";"-24.98";"10.72";"12h 0m";""
"18";"AUDJPY_DukasM1_the5ers";"Sell";"2004.05.21 07:00:00";"78.388";"0.11";"2004.05.21 19:00:00";"78.508";"-9.18";"10152.03";"IS";"Exit After X Bars";"-25.32";"10.07";"12h 0m";""
"19";"AUDJPY_DukasM1_the5ers";"Sell";"2004.06.03 06:00:00";"76.414";"0.1";"2004.06.03 18:00:00";"76.654";"-16.19";"10135.83";"IS";"Exit After X Bars";"-72.85";"15.96";"12h 0m";""
"20";"AUDJPY_DukasM1_the5ers";"Sell";"2004.06.04 06:00:00";"76.519";"0.09";"2004.06.04 18:00:00";"77.215";"-41.41";"10094.42";"IS";"Exit After X Bars";"-41.55";"0.47";"12h 0m";""
"21";"AUDJPY_DukasM1_the5ers";"Sell";"2004.06.17 06:00:00";"75.162";"0.1";"2004.06.17 18:00:00";"74.739";"27.16";"10121.58";"IS";"Exit After X Bars";"-22.30";"27.86";"12h 0m";""
"22";"AUDJPY_DukasM1_the5ers";"Sell";"2004.06.18 06:00:00";"74.527";"0.09";"2004.06.18 18:00:00";"74.980";"-27.11";"10094.47";"IS";"Exit After X Bars";"-31.66";"5.12";"12h 0m";""
"23";"AUDJPY_DukasM1_the5ers";"Sell";"2004.07.22 06:00:00";"78.192";"0.12";"2004.07.22 18:00:00";"78.383";"-15.59";"10078.88";"IS";"Exit After X Bars";"-32.41";"7.69";"12h 0m";""
"24";"AUDJPY_DukasM1_the5ers";"Sell";"2004.07.23 06:00:00";"78.306";"0.13";"2004.07.23 18:00:00";"78.127";"14.57";"10093.45";"IS";"Exit After X Bars";"-4.93";"40.46";"12h 0m";""
"25";"AUDJPY_DukasM1_the5ers";"Sell";"2004.08.19 06:00:00";"78.202";"0.15";"2004.08.19 17:37:00";"79.205";"-99.13";"9994.32";"IS";"SL";"-98.38";"6.38";"11h 37m";""
"26";"AUDJPY_DukasM1_the5ers";"Sell";"2004.08.20 06:00:00";"78.939";"0.13";"2004.08.20 18:00:00";"79.208";"-23.52";"9970.80";"IS";"Exit After X Bars";"-32.22";"5.27";"12h 0m";""
"27";"AUDJPY_DukasM1_the5ers";"Sell";"2004.08.26 06:00:00";"77.570";"0.12";"2004.08.26 18:00:00";"77.007";"43.58";"10014.38";"IS";"Exit After X Bars";"-29.43";"49.67";"12h 0m";""
"28";"AUDJPY_DukasM1_the5ers";"Sell";"2004.08.27 06:00:00";"77.190";"0.13";"2004.08.27 18:00:00";"77.111";"6.07";"10020.44";"IS";"Exit After X Bars";"-36.55";"16.58";"12h 0m";""
"29";"AUDJPY_DukasM1_the5ers";"Sell";"2004.09.02 06:00:00";"76.805";"0.14";"2004.09.02 18:00:00";"75.882";"83.80";"10104.25";"IS";"Exit After X Bars";"-6.04";"86.79";"12h 0m";""
"30";"AUDJPY_DukasM1_the5ers";"Sell";"2004.10.15 07:00:00";"79.870";"0.14";"2004.10.15 19:00:00";"79.834";"2.60";"10106.84";"IS";"Exit After X Bars";"-25.82";"33.05";"12h 0m";""
"31";"AUDJPY_DukasM1_the5ers";"Sell";"2004.10.21 06:00:00";"79.304";"0.15";"2004.10.21 18:00:00";"79.313";"-1.63";"10105.21";"IS";"Exit After X Bars";"-36.78";"26.68";"12h 0m";""
"32";"AUDJPY_DukasM1_the5ers";"Sell";"2004.10.22 07:00:00";"79.266";"0.15";"2004.10.22 19:00:00";"79.293";"-3.40";"10101.81";"IS";"Exit After X Bars";"-23.84";"2.35";"12h 0m";""
"33";"AUDJPY_DukasM1_the5ers";"Sell";"2004.11.19 06:00:00";"80.790";"0.15";"2004.11.19 18:00:00";"80.638";"14.16";"10115.97";"IS";"Exit After X Bars";"-60.62";"17.95";"12h 0m";""
"34";"AUDJPY_DukasM1_the5ers";"Sell";"2004.11.25 06:00:00";"80.798";"0.15";"2004.11.25 18:00:00";"81.241";"-44.20";"10071.77";"IS";"Exit After X Bars";"-56.89";"6.28";"12h 0m";""
"35";"AUDJPY_DukasM1_the5ers";"Sell";"2004.12.03 06:00:00";"80.103";"0.12";"2004.12.03 18:00:00";"79.502";"46.56";"10118.33";"IS";"Exit After X Bars";"-8.87";"60.74";"12h 0m";""
"36";"AUDJPY_DukasM1_the5ers";"Sell";"2004.12.09 06:00:00";"78.873";"0.1";"2004.12.09 18:00:00";"78.760";"6.89";"10125.22";"IS";"Exit After X Bars";"-17.13";"20.73";"12h 0m";""
"37";"AUDJPY_DukasM1_the5ers";"Sell";"2004.12.31 06:00:00";"79.890";"0.14";"2004.12.31 18:00:00";"80.279";"-36.31";"10088.90";"IS";"Exit After X Bars";"-38.63";"12.08";"12h 0m";""
"38";"AUDJPY_DukasM1_the5ers";"Sell";"2005.01.06 06:00:00";"79.607";"0.13";"2005.01.06 18:00:00";"79.941";"-29.04";"10059.86";"IS";"Exit After X Bars";"-33.41";"18.62";"12h 0m";""
"39";"AUDJPY_DukasM1_the5ers";"Sell";"2005.01.07 06:00:00";"79.741";"0.14";"2005.01.07 18:00:00";"79.425";"28.23";"10088.09";"IS";"Exit After X Bars";"-15.20";"53.74";"12h 0m";""
"40";"AUDJPY_DukasM1_the5ers";"Sell";"2005.01.14 06:00:00";"78.131";"0.14";"2005.01.14 18:00:00";"77.861";"24.02";"10112.11";"IS";"Exit After X Bars";"-18.86";"39.27";"12h 0m";""
"41";"AUDJPY_DukasM1_the5ers";"Sell";"2005.02.24 06:00:00";"82.524";"0.14";"2005.02.24 18:00:00";"82.773";"-23.50";"10088.61";"IS";"Exit After X Bars";"-25.08";"5.77";"12h 0m";""
"42";"AUDJPY_DukasM1_the5ers";"Sell";"2005.02.25 07:00:00";"82.668";"0.15";"2005.02.25 19:00:00";"82.550";"10.82";"10099.44";"IS";"Exit After X Bars";"-5.00";"45.22";"12h 0m";""
"43";"AUDJPY_DukasM1_the5ers";"Sell";"2005.03.11 06:00:00";"82.183";"0.13";"2005.03.11 18:00:00";"82.473";"-25.30";"10074.13";"IS";"Exit After X Bars";"-35.53";"8.93";"12h 0m";""
"44";"AUDJPY_DukasM1_the5ers";"Sell";"2005.03.25 06:00:00";"82.089";"0.15";"2005.03.25 18:00:00";"82.081";"0.03";"10074.17";"IS";"Exit After X Bars";"-24.03";"9.61";"12h 0m";""
"45";"AUDJPY_DukasM1_the5ers";"Sell";"2005.04.15 06:00:00";"83.073";"0.15";"2005.04.15 18:00:00";"82.905";"15.73";"10089.90";"IS";"Exit After X Bars";"-15.40";"20.99";"12h 0m";""
"46";"AUDJPY_DukasM1_the5ers";"Sell";"2005.04.21 06:00:00";"82.785";"0.15";"2005.04.21 18:00:00";"83.205";"-41.95";"10047.95";"IS";"Exit After X Bars";"-48.46";"2.75";"12h 0m";""
"47";"AUDJPY_DukasM1_the5ers";"Sell";"2005.04.28 06:00:00";"82.295";"0.16";"2005.04.28 18:00:00";"82.517";"-24.03";"10023.92";"IS";"Exit After X Bars";"-37.56";"14.12";"12h 0m";""
"48";"AUDJPY_DukasM1_the5ers";"Sell";"2005.04.29 06:00:00";"82.388";"0.16";"2005.04.29 18:00:00";"81.925";"47.64";"10071.57";"IS";"Exit After X Bars";"-8.06";"48.76";"12h 0m";""
"49";"AUDJPY_DukasM1_the5ers";"Sell";"2005.05.06 06:00:00";"81.500";"0.15";"2005.05.06 18:00:00";"81.392";"9.84";"10081.41";"IS";"Exit After X Bars";"-22.76";"29.13";"12h 0m";""
"50";"AUDJPY_DukasM1_the5ers";"Sell";"2005.06.24 06:00:00";"83.974";"0.14";"2005.06.24 18:00:00";"83.908";"5.34";"10086.75";"IS";"Exit After X Bars";"-61.34";"9.25";"12h 0m";""
"51";"AUDJPY_DukasM1_the5ers";"Sell";"2005.07.28 06:00:00";"84.889";"0.15";"2005.07.28 18:00:00";"85.017";"-13.31";"10073.45";"IS";"Exit After X Bars";"-30.31";"9.22";"12h 0m";""
"52";"AUDJPY_DukasM1_the5ers";"Sell";"2005.08.11 06:00:00";"84.660";"0.16";"2005.08.11 18:00:00";"85.011";"-37.52";"10035.92";"IS";"Exit After X Bars";"-51.69";"0.63";"12h 0m";""
"53";"AUDJPY_DukasM1_the5ers";"Sell";"2005.08.12 06:00:00";"84.811";"0.16";"2005.08.12 18:00:00";"84.512";"30.48";"10066.41";"IS";"Exit After X Bars";"-15.80";"38.40";"12h 0m";""
"54";"AUDJPY_DukasM1_the5ers";"Sell";"2005.08.18 06:00:00";"83.642";"0.15";"2005.08.18 18:00:00";"83.411";"21.91";"10088.31";"IS";"Exit After X Bars";"-16.77";"39.33";"12h 0m";""
"55";"AUDJPY_DukasM1_the5ers";"Sell";"2005.08.19 06:00:00";"83.082";"0.16";"2005.08.19 18:00:00";"83.028";"4.85";"10093.16";"IS";"Exit After X Bars";"-22.49";"29.09";"12h 0m";""
"56";"AUDJPY_DukasM1_the5ers";"Sell";"2005.09.23 06:00:00";"84.844";"0.15";"2005.09.23 18:00:00";"85.023";"-18.31";"10074.86";"IS";"Exit After X Bars";"-17.85";"21.68";"12h 0m";""
"57";"AUDJPY_DukasM1_the5ers";"Sell";"2005.11.11 06:00:00";"86.200";"0.16";"2005.11.11 18:00:00";"86.329";"-14.30";"10060.56";"IS";"Exit After X Bars";"-26.58";"9.00";"12h 0m";""
"58";"AUDJPY_DukasM1_the5ers";"Sell";"2005.12.15 06:00:00";"88.455";"0.12";"2005.12.15 18:00:00";"87.163";"100.78";"10161.34";"IS";"Exit After X Bars";"-12.16";"134.66";"12h 0m";""
"59";"AUDJPY_DukasM1_the5ers";"Sell";"2005.12.16 06:00:00";"86.352";"0.1";"2005.12.16 18:00:00";"85.997";"22.71";"10184.06";"IS";"Exit After X Bars";"-45.45";"27.53";"12h 0m";""
"60";"AUDJPY_DukasM1_the5ers";"Sell";"2005.12.23 06:00:00";"85.107";"0.15";"2005.12.23 18:00:00";"84.641";"44.96";"10229.02";"IS";"Exit After X Bars";"-24.13";"49.93";"12h 0m";""
"61";"AUDJPY_DukasM1_the5ers";"Sell";"2006.01.19 06:00:00";"85.981";"0.15";"2006.01.19 18:00:00";"85.835";"13.57";"10242.59";"IS";"Exit After X Bars";"-11.77";"31.88";"12h 0m";""
"62";"AUDJPY_DukasM1_the5ers";"Sell";"2006.02.10 07:00:00";"87.528";"0.15";"2006.02.10 19:00:00";"86.783";"72.33";"10314.91";"IS";"Exit After X Bars";"-1.77";"85.14";"12h 0m";""
"63";"AUDJPY_DukasM1_the5ers";"Sell";"2006.02.16 06:00:00";"86.977";"0.17";"2006.02.16 18:00:00";"86.840";"14.38";"10329.29";"IS";"Exit After X Bars";"-22.34";"19.45";"12h 0m";""
"64";"AUDJPY_DukasM1_the5ers";"Sell";"2006.02.23 06:00:00";"86.805";"0.17";"2006.02.23 18:00:00";"86.503";"32.72";"10362.02";"IS";"Exit After X Bars";"-8.23";"47.47";"12h 0m";""
"65";"AUDJPY_DukasM1_the5ers";"Sell";"2006.02.24 06:00:00";"86.310";"0.14";"2006.02.24 18:00:00";"86.355";"-4.82";"10357.20";"IS";"Exit After X Bars";"-28.20";"9.70";"12h 0m";""
"66";"AUDJPY_DukasM1_the5ers";"Sell";"2006.03.17 06:00:00";"85.879";"0.15";"2006.03.17 18:00:00";"84.444";"140.01";"10497.20";"IS";"Exit After X Bars";"-8.44";"151.06";"12h 0m";""
"67";"AUDJPY_DukasM1_the5ers";"Sell";"2006.05.11 06:00:00";"85.620";"0.14";"2006.05.11 18:00:00";"85.925";"-28.62";"10468.58";"IS";"Exit After X Bars";"-47.88";"11.63";"12h 0m";""
"68";"AUDJPY_DukasM1_the5ers";"Sell";"2006.05.12 06:00:00";"85.622";"0.13";"2006.05.12 18:00:00";"85.530";"7.17";"10475.75";"IS";"Exit After X Bars";"-17.85";"74.98";"12h 0m";""
"69";"AUDJPY_DukasM1_the5ers";"Sell";"2006.06.01 06:00:00";"84.329";"0.13";"2006.06.01 18:00:00";"83.975";"29.44";"10505.20";"IS";"Exit After X Bars";"-22.02";"31.71";"12h 0m";""
"70";"AUDJPY_DukasM1_the5ers";"Sell";"2006.06.02 06:00:00";"84.146";"0.14";"2006.06.02 18:00:00";"83.760";"34.64";"10539.83";"IS";"Exit After X Bars";"-26.82";"57.31";"12h 0m";""
"71";"AUDJPY_DukasM1_the5ers";"Sell";"2006.06.15 06:00:00";"84.769";"0.16";"2006.06.15 18:00:00";"84.703";"6.11";"10545.94";"IS";"Exit After X Bars";"-34.11";"13.08";"12h 0m";""
"72";"AUDJPY_DukasM1_the5ers";"Sell";"2006.07.21 07:00:00";"87.519";"0.19";"2006.07.21 19:00:00";"87.519";"-0.95";"10544.99";"IS";"Exit After X Bars";"-13.17";"45.97";"12h 0m";""
"73";"AUDJPY_DukasM1_the5ers";"Sell";"2006.08.03 06:00:00";"87.525";"0.17";"2006.08.03 18:00:00";"87.460";"6.38";"10551.36";"IS";"Exit After X Bars";"-19.57";"26.68";"12h 0m";""
"74";"AUDJPY_DukasM1_the5ers";"Sell";"2006.08.17 06:00:00";"88.681";"0.18";"2006.08.17 18:00:00";"88.132";"63.72";"10615.08";"IS";"Exit After X Bars";"-6.12";"78.04";"12h 0m";""
"75";"AUDJPY_DukasM1_the5ers";"Sell";"2006.08.18 06:00:00";"88.279";"0.19";"2006.08.18 18:00:00";"87.772";"62.04";"10677.13";"IS";"Exit After X Bars";"-8.08";"76.91";"12h 0m";""
"76";"AUDJPY_DukasM1_the5ers";"Sell";"2006.09.08 06:00:00";"88.049";"0.12";"2006.09.08 18:00:00";"87.981";"4.74";"10681.86";"IS";"Exit After X Bars";"-18.05";"21.03";"12h 0m";""
"77";"AUDJPY_DukasM1_the5ers";"Sell";"2006.09.22 06:00:00";"87.927";"0.17";"2006.09.22 18:00:00";"87.463";"50.73";"10732.59";"IS";"Exit After X Bars";"-21.68";"68.03";"12h 0m";""
"78";"AUDJPY_DukasM1_the5ers";"Sell";"2006.10.05 06:00:00";"87.694";"0.18";"2006.10.05 18:00:00";"87.600";"10.16";"10742.76";"IS";"Exit After X Bars";"-29.78";"15.30";"12h 0m";""
"79";"AUDJPY_DukasM1_the5ers";"Sell";"2006.11.09 06:00:00";"90.261";"0.17";"2006.11.09 18:00:00";"90.456";"-22.53";"10720.23";"IS";"Exit After X Bars";"-48.80";"10.56";"12h 0m";""
"80";"AUDJPY_DukasM1_the5ers";"Sell";"2006.11.10 06:00:00";"90.205";"0.16";"2006.11.10 18:00:00";"90.009";"19.71";"10739.94";"IS";"Exit After X Bars";"-11.82";"25.22";"12h 0m";""
"81";"AUDJPY_DukasM1_the5ers";"Sell";"2006.11.23 06:00:00";"90.335";"0.17";"2006.11.23 18:00:00";"89.940";"43.06";"10783.00";"IS";"Exit After X Bars";"-6.11";"51.14";"12h 0m";""
"82";"AUDJPY_DukasM1_the5ers";"Sell";"2007.01.05 06:00:00";"92.625";"0.12";"2007.01.05 18:00:00";"92.486";"10.31";"10793.31";"IS";"Exit After X Bars";"-24.64";"19.46";"12h 0m";""
"83";"AUDJPY_DukasM1_the5ers";"Sell";"2007.01.25 06:00:00";"93.890";"0.1";"2007.01.25 18:00:00";"94.120";"-15.54";"10777.77";"IS";"Exit After X Bars";"-30.08";"17.66";"12h 0m";""
"84";"AUDJPY_DukasM1_the5ers";"Sell";"2007.01.26 07:00:00";"94.038";"0.11";"2007.01.26 19:00:00";"93.853";"12.76";"10790.52";"IS";"Exit After X Bars";"-10.21";"20.79";"12h 0m";""
"85";"AUDJPY_DukasM1_the5ers";"Sell";"2007.02.01 06:00:00";"93.579";"0.13";"2007.02.01 18:00:00";"93.357";"18.22";"10808.75";"IS";"Exit After X Bars";"-6.97";"36.30";"12h 0m";""
"86";"AUDJPY_DukasM1_the5ers";"Sell";"2007.02.15 06:00:00";"94.066";"0.14";"2007.02.15 18:00:00";"93.707";"32.17";"10840.91";"IS";"Exit After X Bars";"-29.20";"33.14";"12h 0m";""
"87";"AUDJPY_DukasM1_the5ers";"Sell";"2007.02.16 06:00:00";"93.582";"0.14";"2007.02.16 18:00:00";"93.561";"1.22";"10842.14";"IS";"Exit After X Bars";"-21.24";"15.93";"12h 0m";""
"88";"AUDJPY_DukasM1_the5ers";"Sell";"2007.03.01 06:00:00";"92.937";"0.11";"2007.03.01 18:00:00";"92.342";"42.25";"10884.38";"IS";"Exit After X Bars";"-23.16";"85.24";"12h 0m";""
"89";"AUDJPY_DukasM1_the5ers";"Sell";"2007.03.02 06:00:00";"92.401";"0.1";"2007.03.02 18:00:00";"91.627";"50.11";"10934.50";"IS";"Exit After X Bars";"-2.94";"71.41";"12h 0m";""
"90";"AUDJPY_DukasM1_the5ers";"Sell";"2007.03.08 06:00:00";"90.309";"0.1";"2007.03.08 18:00:00";"90.970";"-43.72";"10890.77";"IS";"Exit After X Bars";"-63.82";"3.14";"12h 0m";""
"91";"AUDJPY_DukasM1_the5ers";"Sell";"2007.04.19 06:00:00";"98.292";"0.11";"2007.04.19 18:00:00";"98.748";"-33.35";"10857.42";"IS";"Exit After X Bars";"-52.73";"61.65";"12h 0m";""
"92";"AUDJPY_DukasM1_the5ers";"Sell";"2007.05.04 06:00:00";"98.497";"0.16";"2007.05.04 18:00:00";"98.613";"-12.94";"10844.49";"IS";"Exit After X Bars";"-19.67";"20.09";"12h 0m";""
"93";"AUDJPY_DukasM1_the5ers";"Sell";"2007.05.25 06:00:00";"99.247";"0.16";"2007.05.25 18:00:00";"99.788";"-57.40";"10787.08";"IS";"Exit After X Bars";"-68.85";"13.81";"12h 0m";""
"94";"AUDJPY_DukasM1_the5ers";"Sell";"2007.07.26 06:00:00";"106.477";"0.1";"2007.07.26 18:00:00";"104.668";"117.79";"10904.88";"IS";"Exit After X Bars";"-19.49";"128.95";"12h 0m";""
"95";"AUDJPY_DukasM1_the5ers";"Sell";"2007.07.27 06:00:00";"104.327";"0.06";"2007.07.27 18:00:00";"101.638";"105.20";"11010.08";"IS";"Exit After X Bars";"-4.63";"113.67";"12h 0m";""
"96";"AUDJPY_DukasM1_the5ers";"Sell";"2007.08.10 06:00:00";"100.067";"0.06";"2007.08.10 18:00:00";"99.388";"26.34";"11036.42";"IS";"Exit After X Bars";"-1.10";"60.50";"12h 0m";""
"97";"AUDJPY_DukasM1_the5ers";"Sell";"2007.08.16 06:00:00";"94.757";"0.06";"2007.08.16 13:35:00";"89.381";"210.63";"11247.05";"IS";"PT";"-3.06";"210.93";"7h 35m";""
"98";"AUDJPY_DukasM1_the5ers";"Sell";"2007.08.17 06:00:00";"89.027";"0.03";"2007.08.17 18:00:00";"89.618";"-11.74";"11235.31";"IS";"Exit After X Bars";"-53.71";"59.87";"12h 0m";""
"99";"AUDJPY_DukasM1_the5ers";"Sell";"2007.10.12 07:00:00";"105.357";"0.1";"2007.10.12 19:00:00";"106.203";"-55.82";"11179.49";"IS";"Exit After X Bars";"-73.76";"25.63";"12h 0m";""
"100";"AUDJPY_DukasM1_the5ers";"Sell";"2007.10.18 06:00:00";"103.937";"0.06";"2007.10.18 18:00:00";"103.423";"19.87";"11199.35";"IS";"Exit After X Bars";"-16.79";"47.36";"12h 0m";""
"101";"AUDJPY_DukasM1_the5ers";"Sell";"2007.10.19 06:00:00";"102.847";"0.07";"2007.10.19 18:00:00";"102.868";"-1.31";"11198.04";"IS";"Exit After X Bars";"-45.00";"27.33";"12h 0m";""
"102";"AUDJPY_DukasM1_the5ers";"Sell";"2007.10.25 06:00:00";"102.752";"0.06";"2007.10.25 18:00:00";"103.353";"-23.88";"11174.16";"IS";"Exit After X Bars";"-46.61";"4.20";"12h 0m";""
"103";"AUDJPY_DukasM1_the5ers";"Sell";"2007.11.02 06:00:00";"105.512";"0.06";"2007.11.02 18:00:00";"105.338";"6.53";"11180.69";"IS";"Exit After X Bars";"-39.94";"30.88";"12h 0m";""
"104";"AUDJPY_DukasM1_the5ers";"Sell";"2007.11.08 06:00:00";"104.302";"0.05";"2007.11.08 18:00:00";"104.728";"-14.18";"11166.51";"IS";"Exit After X Bars";"-39.99";"17.72";"12h 0m";""
"105";"AUDJPY_DukasM1_the5ers";"Sell";"2007.11.09 06:00:00";"104.492";"0.05";"2007.11.09 18:00:00";"101.138";"109.41";"11275.92";"IS";"Exit After X Bars";"-11.38";"110.42";"12h 0m";""
"106";"AUDJPY_DukasM1_the5ers";"Sell";"2007.11.15 06:00:00";"100.167";"0.05";"2007.11.15 18:00:00";"98.858";"42.55";"11318.47";"IS";"Exit After X Bars";"-7.78";"65.78";"12h 0m";""
"107";"AUDJPY_DukasM1_the5ers";"Sell";"2007.11.16 06:00:00";"97.272";"0.05";"2007.11.16 18:00:00";"98.253";"-32.32";"11286.15";"IS";"Exit After X Bars";"-54.54";"2.52";"12h 0m";""
"108";"AUDJPY_DukasM1_the5ers";"Sell";"2007.11.23 06:00:00";"94.267";"0.07";"2007.11.23 18:00:00";"94.058";"9.22";"11295.36";"IS";"Exit After X Bars";"-17.76";"32.13";"12h 0m";""
"109";"AUDJPY_DukasM1_the5ers";"Sell";"2007.12.28 06:00:00";"98.992";"0.11";"2007.12.28 18:00:00";"99.168";"-13.21";"11282.15";"IS";"Exit After X Bars";"-32.94";"37.91";"12h 0m";""
"110";"AUDJPY_DukasM1_the5ers";"Sell";"2008.01.03 06:00:00";"96.757";"0.08";"2008.01.03 18:00:00";"96.583";"8.70";"11290.86";"IS";"Exit After X Bars";"-11.67";"85.11";"12h 0m";""
"111";"AUDJPY_DukasM1_the5ers";"Sell";"2008.01.04 06:00:00";"95.877";"0.07";"2008.01.04 18:00:00";"94.578";"59.11";"11349.97";"IS";"Exit After X Bars";"-30.35";"62.12";"12h 0m";""
"112";"AUDJPY_DukasM1_the5ers";"Sell";"2008.01.18 06:00:00";"93.532";"0.05";"2008.01.18 18:00:00";"94.203";"-22.19";"11327.78";"IS";"Exit After X Bars";"-49.47";"1.86";"12h 0m";""
"113";"AUDJPY_DukasM1_the5ers";"Sell";"2008.01.31 06:00:00";"94.652";"0.06";"2008.01.31 18:00:00";"94.888";"-9.56";"11318.22";"IS";"Exit After X Bars";"-23.86";"30.29";"12h 0m";""
"114";"AUDJPY_DukasM1_the5ers";"Sell";"2008.02.07 06:00:00";"94.862";"0.08";"2008.02.07 18:00:00";"95.303";"-23.47";"11294.75";"IS";"Exit After X Bars";"-36.25";"37.25";"12h 0m";""
"115";"AUDJPY_DukasM1_the5ers";"Sell";"2008.02.29 06:00:00";"99.147";"0.09";"2008.02.29 18:00:00";"97.383";"103.37";"11398.12";"IS";"Exit After X Bars";"-9.00";"127.53";"12h 0m";""
"116";"AUDJPY_DukasM1_the5ers";"Sell";"2008.03.07 06:00:00";"95.387";"0.08";"2008.03.07 18:00:00";"95.798";"-21.90";"11376.21";"IS";"Exit After X Bars";"-37.04";"39.86";"12h 0m";""
"117";"AUDJPY_DukasM1_the5ers";"Sell";"2008.03.13 06:00:00";"94.437";"0.06";"2008.03.13 18:00:00";"94.658";"-8.97";"11367.24";"IS";"Exit After X Bars";"-16.40";"43.63";"12h 0m";""
"118";"AUDJPY_DukasM1_the5ers";"Sell";"2008.03.20 06:00:00";"90.797";"0.04";"2008.03.20 18:00:00";"88.488";"60.20";"11427.44";"IS";"Exit After X Bars";"-4.92";"65.84";"12h 0m";""
"119";"AUDJPY_DukasM1_the5ers";"Sell";"2008.05.01 06:00:00";"97.537";"0.1";"2008.05.01 18:00:00";"97.063";"30.50";"11457.94";"IS";"Exit After X Bars";"-14.26";"48.85";"12h 0m";""
"120";"AUDJPY_DukasM1_the5ers";"Sell";"2008.05.09 06:00:00";"97.467";"0.09";"2008.05.09 18:00:00";"97.108";"20.68";"11478.61";"IS";"Exit After X Bars";"-4.88";"70.74";"12h 0m";""
"121";"AUDJPY_DukasM1_the5ers";"Sell";"2008.06.12 06:00:00";"100.627";"0.1";"2008.06.12 18:00:00";"100.783";"-10.70";"11467.91";"IS";"Exit After X Bars";"-28.64";"5.36";"12h 0m";""
"122";"AUDJPY_DukasM1_the5ers";"Sell";"2008.06.27 06:00:00";"102.387";"0.12";"2008.06.27 18:00:00";"102.058";"25.22";"11493.13";"IS";"Exit After X Bars";"-37.51";"43.32";"12h 0m";""
"123";"AUDJPY_DukasM1_the5ers";"Sell";"2008.07.11 06:00:00";"102.757";"0.14";"2008.07.11 18:00:00";"102.678";"6.53";"11499.66";"IS";"Exit After X Bars";"-37.35";"29.48";"12h 0m";""
"124";"AUDJPY_DukasM1_the5ers";"Sell";"2008.07.25 06:00:00";"102.272";"0.12";"2008.07.25 18:00:00";"103.053";"-61.89";"11437.78";"IS";"Exit After X Bars";"-67.33";"10.36";"12h 0m";""
"125";"AUDJPY_DukasM1_the5ers";"Sell";"2008.07.31 06:00:00";"101.942";"0.14";"2008.07.31 18:00:00";"101.648";"26.22";"11463.99";"IS";"Exit After X Bars";"-41.01";"36.35";"12h 0m";""
"126";"AUDJPY_DukasM1_the5ers";"Sell";"2008.08.01 06:00:00";"101.007";"0.13";"2008.08.01 18:00:00";"100.148";"72.37";"11536.37";"IS";"Exit After X Bars";"-1.53";"80.08";"12h 0m";""
"127";"AUDJPY_DukasM1_the5ers";"Sell";"2008.08.08 06:00:00";"98.427";"0.11";"2008.08.08 18:00:00";"98.078";"24.55";"11560.92";"IS";"Exit After X Bars";"-3.45";"63.88";"12h 0m";""
"128";"AUDJPY_DukasM1_the5ers";"Sell";"2008.08.15 06:00:00";"95.307";"0.07";"2008.08.15 18:00:00";"95.553";"-11.61";"11549.31";"IS";"Exit After X Bars";"-33.78";"13.37";"12h 0m";""
"129";"AUDJPY_DukasM1_the5ers";"Sell";"2008.08.29 06:00:00";"94.317";"0.11";"2008.08.29 18:00:00";"93.483";"59.44";"11608.75";"IS";"Exit After X Bars";"-9.21";"70.64";"12h 0m";""
"130";"AUDJPY_DukasM1_the5ers";"Sell";"2008.09.04 06:00:00";"90.167";"0.08";"2008.09.04 18:00:00";"89.878";"14.72";"11623.47";"IS";"Exit After X Bars";"-45.41";"20.51";"12h 0m";""
"131";"AUDJPY_DukasM1_the5ers";"Sell";"2008.09.05 06:00:00";"87.527";"0.05";"2008.09.05 18:00:00";"85.998";"49.74";"11673.21";"IS";"Exit After X Bars";"-0.59";"82.13";"12h 0m";""
"132";"AUDJPY_DukasM1_the5ers";"Sell";"2008.09.11 06:00:00";"86.027";"0.05";"2008.09.11 18:00:00";"84.538";"48.43";"11721.65";"IS";"Exit After X Bars";"-0.92";"63.50";"12h 0m";""
"133";"AUDJPY_DukasM1_the5ers";"Sell";"2008.09.18 06:00:00";"82.607";"0.03";"2008.09.18 18:00:00";"83.698";"-21.55";"11700.09";"IS";"Exit After X Bars";"-47.04";"2.79";"12h 0m";""
"134";"AUDJPY_DukasM1_the5ers";"Sell";"2008.10.02 06:00:00";"83.592";"0.05";"2008.10.02 18:00:00";"81.488";"68.54";"11768.64";"IS";"Exit After X Bars";"-7.13";"70.69";"12h 0m";""
"135";"AUDJPY_DukasM1_the5ers";"Sell";"2008.10.03 06:00:00";"81.687";"0.06";"2008.10.03 18:00:00";"82.513";"-32.71";"11735.93";"IS";"Exit After X Bars";"-42.69";"22.44";"12h 0m";""
"136";"AUDJPY_DukasM1_the5ers";"Sell";"2008.10.10 06:00:00";"65.322";"0.02";"2008.10.10 18:00:00";"64.908";"5.31";"11741.24";"IS";"Exit After X Bars";"-31.30";"13.04";"12h 0m";""
"137";"AUDJPY_DukasM1_the5ers";"Sell";"2008.10.23 06:00:00";"63.987";"0.03";"2008.10.23 18:00:00";"64.978";"-19.59";"11721.65";"IS";"Exit After X Bars";"-42.63";"13.67";"12h 0m";""
"138";"AUDJPY_DukasM1_the5ers";"Sell";"2008.10.24 06:00:00";"62.837";"0.02";"2008.10.24 18:00:00";"58.328";"58.87";"11780.52";"IS";"Exit After X Bars";"-1.74";"101.91";"12h 0m";""
"139";"AUDJPY_DukasM1_the5ers";"Sell";"2008.11.07 06:00:00";"64.942";"0.03";"2008.11.07 18:00:00";"66.073";"-22.34";"11758.18";"IS";"Exit After X Bars";"-34.00";"8.87";"12h 0m";""
"140";"AUDJPY_DukasM1_the5ers";"Sell";"2008.11.13 06:00:00";"61.567";"0.04";"2008.11.13 18:00:00";"61.533";"0.69";"11758.87";"IS";"Exit After X Bars";"-24.80";"19.67";"12h 0m";""
"141";"AUDJPY_DukasM1_the5ers";"Sell";"2008.11.20 06:00:00";"60.952";"0.05";"2008.11.20 18:00:00";"58.563";"77.86";"11836.74";"IS";"Exit After X Bars";"-3.04";"89.82";"12h 0m";""
"142";"AUDJPY_DukasM1_the5ers";"Sell";"2008.11.21 06:00:00";"58.262";"0.04";"2008.11.21 18:00:00";"58.738";"-12.65";"11824.08";"IS";"Exit After X Bars";"-43.37";"0.58";"12h 0m";""
"143";"AUDJPY_DukasM1_the5ers";"Sell";"2008.12.05 07:00:00";"59.482";"0.07";"2008.12.05 19:00:00";"58.453";"46.75";"11870.84";"IS";"Exit After X Bars";"-12.50";"79.74";"12h 0m";""
"144";"AUDJPY_DukasM1_the5ers";"Sell";"2008.12.12 06:00:00";"60.107";"0.06";"2008.12.12 18:00:00";"60.463";"-14.27";"11856.57";"IS";"Exit After X Bars";"-21.30";"96.21";"12h 0m";""
"145";"AUDJPY_DukasM1_the5ers";"Sell";"2009.01.09 06:00:00";"64.542";"0.06";"2009.01.09 18:00:00";"63.568";"37.92";"11894.48";"IS";"Exit After X Bars";"-14.63";"48.14";"12h 0m";""
"146";"AUDJPY_DukasM1_the5ers";"Sell";"2009.01.15 06:00:00";"58.372";"0.06";"2009.01.15 18:00:00";"58.883";"-20.35";"11874.13";"IS";"Exit After X Bars";"-61.52";"7.34";"12h 0m";""
"147";"AUDJPY_DukasM1_the5ers";"Sell";"2009.01.22 06:00:00";"58.362";"0.04";"2009.01.22 18:00:00";"57.963";"10.24";"11884.37";"IS";"Exit After X Bars";"-19.30";"23.86";"12h 0m";""
"148";"AUDJPY_DukasM1_the5ers";"Sell";"2009.01.23 07:00:00";"57.742";"0.06";"2009.01.23 19:00:00";"57.843";"-4.26";"11880.11";"IS";"Exit After X Bars";"-30.53";"48.73";"12h 0m";""
"149";"AUDJPY_DukasM1_the5ers";"Sell";"2009.01.30 06:00:00";"57.492";"0.07";"2009.01.30 18:00:00";"57.093";"17.91";"11898.02";"IS";"Exit After X Bars";"-23.94";"25.04";"12h 0m";""
"150";"AUDJPY_DukasM1_the5ers";"Sell";"2009.02.12 06:00:00";"59.057";"0.06";"2009.02.12 18:00:00";"58.778";"10.65";"11908.67";"IS";"Exit After X Bars";"-11.69";"37.55";"12h 0m";""
"151";"AUDJPY_DukasM1_the5ers";"Sell";"2009.04.09 06:00:00";"70.592";"0.07";"2009.04.09 18:00:00";"71.973";"-63.56";"11845.10";"IS";"Exit After X Bars";"-75.67";"2.38";"12h 0m";""
"152";"AUDJPY_DukasM1_the5ers";"Sell";"2009.04.10 07:00:00";"71.972";"0.09";"2009.04.10 19:00:00";"72.073";"-6.39";"11838.71";"IS";"Exit After X Bars";"-21.95";"0.00";"12h 0m";""
"153";"AUDJPY_DukasM1_the5ers";"Sell";"2009.04.17 06:00:00";"71.587";"0.07";"2009.04.17 18:00:00";"71.263";"14.48";"11853.19";"IS";"Exit After X Bars";"-15.93";"22.75";"12h 0m";""
"154";"AUDJPY_DukasM1_the5ers";"Sell";"2009.04.24 06:00:00";"69.417";"0.08";"2009.04.24 18:00:00";"70.238";"-43.35";"11809.84";"IS";"Exit After X Bars";"-45.93";"27.05";"12h 0m";""
"155";"AUDJPY_DukasM1_the5ers";"Sell";"2009.05.14 06:00:00";"71.802";"0.06";"2009.05.14 18:00:00";"72.203";"-16.03";"11793.81";"IS";"Exit After X Bars";"-28.76";"27.15";"12h 0m";""
"156";"AUDJPY_DukasM1_the5ers";"Sell";"2009.06.25 06:00:00";"76.692";"0.08";"2009.06.25 18:00:00";"76.678";"0.33";"11794.14";"IS";"Exit After X Bars";"-31.02";"24.69";"12h 0m";""
"157";"AUDJPY_DukasM1_the5ers";"Sell";"2009.07.03 06:00:00";"76.417";"0.1";"2009.07.03 18:00:00";"76.803";"-25.74";"11768.40";"IS";"Exit After X Bars";"-35.18";"10.27";"12h 0m";""
"158";"AUDJPY_DukasM1_the5ers";"Sell";"2009.07.09 06:00:00";"72.822";"0.06";"2009.07.09 18:00:00";"72.588";"8.88";"11777.28";"IS";"Exit After X Bars";"-22.09";"23.03";"12h 0m";""
"159";"AUDJPY_DukasM1_the5ers";"Sell";"2009.07.10 06:00:00";"72.552";"0.07";"2009.07.10 18:00:00";"71.683";"39.43";"11816.71";"IS";"Exit After X Bars";"-15.93";"59.83";"12h 0m";""
"160";"AUDJPY_DukasM1_the5ers";"Sell";"2009.08.14 06:00:00";"80.327";"0.07";"2009.08.14 18:00:00";"78.948";"62.77";"11879.48";"IS";"Exit After X Bars";"-4.94";"63.72";"12h 0m";""
"161";"AUDJPY_DukasM1_the5ers";"Sell";"2009.08.21 07:00:00";"77.122";"0.08";"2009.08.21 17:06:00";"78.918";"-94.36";"11785.13";"IS";"SL";"-93.96";"13.44";"10h 6m";""
"162";"AUDJPY_DukasM1_the5ers";"Sell";"2009.08.27 06:00:00";"77.662";"0.09";"2009.08.27 18:00:00";"77.698";"-2.57";"11782.56";"IS";"Exit After X Bars";"-50.20";"19.24";"12h 0m";""
"163";"AUDJPY_DukasM1_the5ers";"Sell";"2009.09.25 06:00:00";"78.347";"0.12";"2009.09.25 18:00:00";"77.878";"36.20";"11818.76";"IS";"Exit After X Bars";"-52.81";"51.56";"12h 0m";""
"164";"AUDJPY_DukasM1_the5ers";"Sell";"2009.10.29 06:00:00";"81.022";"0.08";"2009.10.29 14:37:00";"82.847";"-95.87";"11722.89";"IS";"SL";"-95.47";"0.37";"8h 37m";""
"165";"AUDJPY_DukasM1_the5ers";"Sell";"2009.11.05 06:00:00";"81.897";"0.08";"2009.11.05 18:00:00";"82.493";"-31.58";"11691.31";"IS";"Exit After X Bars";"-38.35";"24.43";"12h 0m";""
"166";"AUDJPY_DukasM1_the5ers";"Sell";"2009.11.19 06:00:00";"82.342";"0.13";"2009.11.19 18:00:00";"81.153";"100.43";"11791.74";"IS";"Exit After X Bars";"-7.91";"106.86";"12h 0m";""
"167";"AUDJPY_DukasM1_the5ers";"Sell";"2009.11.26 06:00:00";"80.192";"0.11";"2009.11.26 18:00:00";"78.873";"94.33";"11886.06";"IS";"Exit After X Bars";"-7.41";"95.45";"12h 0m";""
"168";"AUDJPY_DukasM1_the5ers";"Sell";"2009.11.27 06:00:00";"77.782";"0.06";"2009.11.27 18:00:00";"78.803";"-40.36";"11845.70";"IS";"Exit After X Bars";"-45.83";"30.68";"12h 0m";""
"169";"AUDJPY_DukasM1_the5ers";"Sell";"2009.12.17 06:00:00";"80.427";"0.12";"2009.12.17 18:00:00";"79.993";"33.46";"11879.16";"IS";"Exit After X Bars";"-6.51";"59.40";"12h 0m";""
"170";"AUDJPY_DukasM1_the5ers";"Sell";"2009.12.18 06:00:00";"79.647";"0.09";"2009.12.18 18:00:00";"80.498";"-50.53";"11828.63";"IS";"Exit After X Bars";"-56.68";"18.07";"12h 0m";""
"171";"AUDJPY_DukasM1_the5ers";"Sell";"2010.01.15 06:00:00";"84.512";"0.1";"2010.01.15 18:00:00";"83.938";"37.04";"11865.66";"IS";"Exit After X Bars";"-10.33";"50.16";"12h 0m";""
"172";"AUDJPY_DukasM1_the5ers";"Sell";"2010.01.22 06:00:00";"81.117";"0.07";"2010.01.22 18:00:00";"81.533";"-19.39";"11846.27";"IS";"Exit After X Bars";"-54.15";"1.92";"12h 0m";""
"173";"AUDJPY_DukasM1_the5ers";"Sell";"2010.01.29 06:00:00";"80.327";"0.08";"2010.01.29 18:00:00";"80.593";"-14.32";"11831.95";"IS";"Exit After X Bars";"-49.59";"23.91";"12h 0m";""
"174";"AUDJPY_DukasM1_the5ers";"Sell";"2010.02.04 06:00:00";"80.072";"0.11";"2010.02.04 18:00:00";"78.723";"96.49";"11928.44";"IS";"Exit After X Bars";"-9.93";"99.05";"12h 0m";""
"175";"AUDJPY_DukasM1_the5ers";"Sell";"2010.02.05 06:00:00";"77.832";"0.07";"2010.02.05 18:00:00";"77.268";"25.47";"11953.91";"IS";"Exit After X Bars";"-14.56";"45.41";"12h 0m";""
"176";"AUDJPY_DukasM1_the5ers";"Sell";"2010.02.25 06:00:00";"79.652";"0.09";"2010.02.25 18:00:00";"78.543";"64.82";"12018.72";"IS";"Exit After X Bars";"-7.53";"74.57";"12h 0m";""
"177";"AUDJPY_DukasM1_the5ers";"Sell";"2010.04.16 06:00:00";"86.087";"0.12";"2010.04.16 18:00:00";"85.568";"40.13";"12058.85";"IS";"Exit After X Bars";"-57.52";"43.71";"12h 0m";""
"178";"AUDJPY_DukasM1_the5ers";"Sell";"2010.04.22 06:00:00";"85.822";"0.11";"2010.04.22 18:00:00";"86.198";"-27.60";"12031.25";"IS";"Exit After X Bars";"-70.71";"8.78";"12h 0m";""
"179";"AUDJPY_DukasM1_the5ers";"Sell";"2010.05.06 06:00:00";"85.222";"0.08";"2010.05.06 18:00:00";"83.973";"64.94";"12096.19";"IS";"Exit After X Bars";"-5.13";"73.87";"12h 0m";""
"180";"AUDJPY_DukasM1_the5ers";"Sell";"2010.05.07 06:00:00";"82.422";"0.03";"2010.05.07 18:00:00";"80.383";"39.85";"12136.04";"IS";"Exit After X Bars";"-14.77";"47.71";"12h 0m";""
"181";"AUDJPY_DukasM1_the5ers";"Sell";"2010.05.14 06:00:00";"83.057";"0.08";"2010.05.14 18:00:00";"81.983";"55.79";"12191.83";"IS";"Exit After X Bars";"-19.25";"71.51";"12h 0m";""
"182";"AUDJPY_DukasM1_the5ers";"Sell";"2010.05.20 06:00:00";"77.552";"0.04";"2010.05.20 18:00:00";"73.393";"108.59";"12300.42";"IS";"Exit After X Bars";"-1.39";"130.97";"12h 0m";""
"183";"AUDJPY_DukasM1_the5ers";"Sell";"2010.05.21 06:00:00";"74.277";"0.03";"2010.05.21 18:00:00";"74.238";"0.62";"12301.03";"IS";"Exit After X Bars";"-24.78";"23.78";"12h 0m";""
"184";"AUDJPY_DukasM1_the5ers";"Sell";"2010.05.27 06:00:00";"74.347";"0.05";"2010.05.27 17:33:00";"76.962";"-85.75";"12215.28";"IS";"SL";"-85.50";"1.54";"11h 33m";""
"185";"AUDJPY_DukasM1_the5ers";"Sell";"2010.06.10 06:00:00";"75.942";"0.06";"2010.06.10 18:00:00";"77.283";"-52.91";"12162.37";"IS";"Exit After X Bars";"-63.68";"1.06";"12h 0m";""
"186";"AUDJPY_DukasM1_the5ers";"Sell";"2010.06.24 06:00:00";"78.662";"0.09";"2010.06.24 18:00:00";"77.378";"75.12";"12237.48";"IS";"Exit After X Bars";"-3.12";"89.57";"12h 0m";""
"187";"AUDJPY_DukasM1_the5ers";"Sell";"2010.06.25 06:00:00";"77.507";"0.08";"2010.06.25 18:00:00";"77.188";"16.29";"12253.77";"IS";"Exit After X Bars";"-10.36";"26.52";"12h 0m";""
"188";"AUDJPY_DukasM1_the5ers";"Sell";"2010.07.01 06:00:00";"73.632";"0.08";"2010.07.01 18:00:00";"72.833";"41.40";"12295.17";"IS";"Exit After X Bars";"-35.73";"41.96";"12h 0m";""
"189";"AUDJPY_DukasM1_the5ers";"Sell";"2010.07.16 06:00:00";"76.542";"0.07";"2010.07.16 18:00:00";"75.413";"51.33";"12346.50";"OOS1";"Exit After X Bars";"-11.81";"68.75";"12h 0m";""
"190";"AUDJPY_DukasM1_the5ers";"Sell";"2010.07.22 06:00:00";"75.742";"0.09";"2010.07.22 17:00:00";"77.441";"-100.44";"12246.06";"OOS1";"SL";"-99.99";"10.12";"11h 0m";""
"191";"AUDJPY_DukasM1_the5ers";"Sell";"2010.07.30 06:00:00";"77.517";"0.09";"2010.07.30 18:00:00";"78.473";"-56.71";"12189.35";"OOS1";"Exit After X Bars";"-62.56";"9.24";"12h 0m";""
"192";"AUDJPY_DukasM1_the5ers";"Sell";"2010.08.12 06:00:00";"75.992";"0.1";"2010.08.12 18:00:00";"76.948";"-63.02";"12126.33";"OOS1";"Exit After X Bars";"-82.92";"0.13";"12h 0m";""
"193";"AUDJPY_DukasM1_the5ers";"Sell";"2010.08.19 06:00:00";"76.767";"0.13";"2010.08.19 18:00:00";"76.163";"50.70";"12177.03";"OOS1";"Exit After X Bars";"-47.86";"66.48";"12h 0m";""
"194";"AUDJPY_DukasM1_the5ers";"Sell";"2010.08.20 06:00:00";"76.187";"0.11";"2010.08.20 18:00:00";"76.133";"3.33";"12180.36";"OOS1";"Exit After X Bars";"-7.41";"50.50";"12h 0m";""
"195";"AUDJPY_DukasM1_the5ers";"Sell";"2010.08.27 06:00:00";"74.697";"0.11";"2010.08.27 17:32:00";"76.001";"-94.35";"12086.01";"OOS1";"SL";"-93.80";"1.22";"11h 32m";""
"196";"AUDJPY_DukasM1_the5ers";"Sell";"2010.09.03 07:00:00";"76.487";"0.13";"2010.09.03 15:30:00";"77.658";"-100.20";"11985.82";"OOS1";"SL";"-99.55";"10.37";"8h 30m";""
"197";"AUDJPY_DukasM1_the5ers";"Sell";"2010.09.23 06:00:00";"80.827";"0.13";"2010.09.23 18:00:00";"80.433";"32.84";"12018.66";"OOS1";"Exit After X Bars";"-11.73";"84.33";"12h 0m";""
"198";"AUDJPY_DukasM1_the5ers";"Sell";"2010.10.01 06:00:00";"80.737";"0.14";"2010.10.01 18:00:00";"80.898";"-15.44";"12003.22";"OOS1";"Exit After X Bars";"-38.27";"17.12";"12h 0m";""
"199";"AUDJPY_DukasM1_the5ers";"Sell";"2010.10.15 06:00:00";"80.702";"0.15";"2010.10.15 18:00:00";"80.368";"32.01";"12035.23";"OOS1";"Exit After X Bars";"-27.76";"38.94";"12h 0m";""
"200";"AUDJPY_DukasM1_the5ers";"Sell";"2010.10.22 06:00:00";"79.567";"0.13";"2010.10.22 18:00:00";"79.728";"-14.34";"12020.89";"OOS1";"Exit After X Bars";"-37.66";"19.72";"12h 0m";""
"201";"AUDJPY_DukasM1_the5ers";"Sell";"2010.10.29 06:00:00";"78.645";"0.14";"2010.10.29 18:00:00";"78.858";"-20.20";"12000.69";"OOS1";"Exit After X Bars";"-34.88";"40.83";"12h 0m";""
"202";"AUDJPY_DukasM1_the5ers";"Sell";"2010.11.12 06:00:00";"81.827";"0.11";"2010.11.12 18:00:00";"81.447";"26.78";"12027.48";"OOS1";"Exit After X Bars";"-9.28";"106.03";"12h 0m";""
"203";"AUDJPY_DukasM1_the5ers";"Sell";"2010.11.25 06:00:00";"81.629";"0.11";"2010.11.25 18:00:00";"82.061";"-31.62";"11995.85";"OOS1";"Exit After X Bars";"-34.17";"1.01";"12h 0m";""
"204";"AUDJPY_DukasM1_the5ers";"Sell";"2010.11.26 06:00:00";"81.619";"0.16";"2010.11.26 18:00:00";"80.996";"64.38";"12060.24";"OOS1";"Exit After X Bars";"-7.85";"110.07";"12h 0m";""
"205";"AUDJPY_DukasM1_the5ers";"Sell";"2010.12.02 06:00:00";"81.021";"0.12";"2010.12.02 18:00:00";"81.682";"-52.47";"12007.77";"OOS1";"Exit After X Bars";"-70.00";"2.35";"12h 0m";""
"206";"AUDJPY_DukasM1_the5ers";"Sell";"2010.12.30 06:00:00";"82.807";"0.24";"2010.12.30 18:00:00";"82.756";"6.80";"12014.57";"OOS1";"Exit After X Bars";"-30.29";"24.95";"12h 0m";""
"207";"AUDJPY_DukasM1_the5ers";"Sell";"2010.12.31 07:00:00";"82.816";"0.21";"2010.12.31 19:00:00";"83.028";"-30.16";"11984.41";"OOS1";"Exit After X Bars";"-54.11";"21.70";"12h 0m";""
"208";"AUDJPY_DukasM1_the5ers";"Sell";"2011.01.07 06:00:00";"82.743";"0.18";"2011.01.07 18:00:00";"82.831";"-11.26";"11973.15";"OOS1";"Exit After X Bars";"-41.90";"30.02";"12h 0m";""
"209";"AUDJPY_DukasM1_the5ers";"Sell";"2011.01.13 06:00:00";"82.534";"0.15";"2011.01.13 18:00:00";"82.646";"-11.74";"11961.42";"OOS1";"Exit After X Bars";"-43.55";"1.28";"12h 0m";""
"210";"AUDJPY_DukasM1_the5ers";"Sell";"2011.01.14 06:00:00";"82.256";"0.17";"2011.01.14 18:00:00";"81.893";"39.50";"12000.92";"OOS1";"Exit After X Bars";"-21.79";"61.81";"12h 0m";""
"211";"AUDJPY_DukasM1_the5ers";"Sell";"2011.01.20 06:00:00";"81.763";"0.16";"2011.01.20 18:00:00";"81.665";"9.45";"12010.37";"OOS1";"Exit After X Bars";"-22.49";"24.59";"12h 0m";""
"212";"AUDJPY_DukasM1_the5ers";"Sell";"2011.01.28 06:00:00";"81.796";"0.17";"2011.01.28 18:00:00";"81.742";"5.15";"12015.53";"OOS1";"Exit After X Bars";"-47.58";"15.01";"12h 0m";""
"213";"AUDJPY_DukasM1_the5ers";"Sell";"2011.02.24 06:00:00";"82.751";"0.15";"2011.02.24 18:00:00";"82.488";"25.05";"12040.57";"OOS1";"Exit After X Bars";"-11.48";"82.98";"12h 0m";""
"214";"AUDJPY_DukasM1_the5ers";"Sell";"2011.03.10 06:00:00";"83.264";"0.17";"2011.03.10 18:00:00";"83.018";"26.50";"12067.07";"OOS1";"Exit After X Bars";"-9.12";"32.46";"12h 0m";""
"215";"AUDJPY_DukasM1_the5ers";"Sell";"2011.03.11 06:00:00";"83.029";"0.17";"2011.03.11 18:00:00";"82.269";"83.64";"12150.71";"OOS1";"Exit After X Bars";"-31.68";"118.62";"12h 0m";""
"216";"AUDJPY_DukasM1_the5ers";"Sell";"2011.03.17 06:00:00";"77.409";"0.04";"2011.03.17 18:00:00";"77.351";"1.32";"12152.02";"OOS1";"Exit After X Bars";"-17.60";"17.19";"12h 0m";""
"217";"AUDJPY_DukasM1_the5ers";"Sell";"2011.04.14 06:00:00";"87.653";"0.08";"2011.04.14 18:00:00";"87.589";"2.95";"12154.97";"OOS1";"Exit After X Bars";"-30.92";"35.94";"12h 0m";""
"218";"AUDJPY_DukasM1_the5ers";"Sell";"2011.05.05 06:00:00";"86.109";"0.09";"2011.05.05 18:00:00";"85.218";"51.99";"12206.96";"OOS1";"Exit After X Bars";"-25.42";"76.51";"12h 0m";""
"219";"AUDJPY_DukasM1_the5ers";"Sell";"2011.05.12 06:00:00";"86.140";"0.08";"2011.05.12 18:00:00";"85.743";"20.37";"12227.33";"OOS1";"Exit After X Bars";"-18.57";"41.85";"12h 0m";""
"220";"AUDJPY_DukasM1_the5ers";"Sell";"2011.05.13 07:00:00";"85.957";"0.09";"2011.05.13 19:00:00";"85.324";"36.80";"12264.13";"OOS1";"Exit After X Bars";"-30.90";"41.49";"12h 0m";""
"221";"AUDJPY_DukasM1_the5ers";"Sell";"2011.06.02 06:00:00";"86.081";"0.1";"2011.06.02 18:00:00";"86.108";"-2.27";"12261.87";"OOS1";"Exit After X Bars";"-19.16";"21.91";"12h 0m";""
"222";"AUDJPY_DukasM1_the5ers";"Sell";"2011.07.14 06:00:00";"84.561";"0.09";"2011.07.14 18:00:00";"85.002";"-26.40";"12235.46";"OOS1";"Exit After X Bars";"-43.49";"13.18";"12h 0m";""
"223";"AUDJPY_DukasM1_the5ers";"Sell";"2011.07.15 06:00:00";"84.966";"0.1";"2011.07.15 18:00:00";"84.132";"54.04";"12289.50";"OOS1";"Exit After X Bars";"-6.41";"63.30";"12h 0m";""
"224";"AUDJPY_DukasM1_the5ers";"Sell";"2011.07.21 06:00:00";"84.361";"0.16";"2011.07.21 18:00:00";"85.127";"-80.94";"12208.56";"OOS1";"Exit After X Bars";"-86.74";"10.57";"12h 0m";""
"225";"AUDJPY_DukasM1_the5ers";"Sell";"2011.08.05 06:00:00";"82.460";"0.07";"2011.08.05 18:00:00";"81.929";"23.96";"12232.51";"OOS1";"Exit After X Bars";"-32.23";"32.23";"12h 0m";""
"226";"AUDJPY_DukasM1_the5ers";"Sell";"2011.08.11 06:00:00";"78.464";"0.05";"2011.08.11 18:00:00";"78.856";"-13.07";"12219.44";"OOS1";"Exit After X Bars";"-25.14";"20.99";"12h 0m";""
"227";"AUDJPY_DukasM1_the5ers";"Sell";"2011.08.19 06:00:00";"79.258";"0.1";"2011.08.19 18:00:00";"79.620";"-24.17";"12195.27";"OOS1";"Exit After X Bars";"-48.98";"25.83";"12h 0m";""
"228";"AUDJPY_DukasM1_the5ers";"Sell";"2011.09.08 06:00:00";"81.958";"0.14";"2011.09.08 18:00:00";"82.409";"-41.99";"12153.28";"OOS1";"Exit After X Bars";"-44.58";"13.37";"12h 0m";""
"229";"AUDJPY_DukasM1_the5ers";"Sell";"2011.09.15 06:00:00";"78.455";"0.1";"2011.09.15 18:00:00";"78.903";"-29.80";"12123.49";"OOS1";"Exit After X Bars";"-65.07";"23.02";"12h 0m";""
"230";"AUDJPY_DukasM1_the5ers";"Sell";"2011.09.22 06:00:00";"76.781";"0.09";"2011.09.22 18:00:00";"74.739";"119.73";"12243.22";"OOS1";"Exit After X Bars";"-16.54";"151.84";"12h 0m";""
"231";"AUDJPY_DukasM1_the5ers";"Sell";"2011.09.29 06:00:00";"74.628";"0.09";"2011.09.29 18:00:00";"75.464";"-49.65";"12193.57";"OOS1";"Exit After X Bars";"-76.21";"0.00";"12h 0m";""
"232";"AUDJPY_DukasM1_the5ers";"Sell";"2011.10.20 06:00:00";"78.236";"0.1";"2011.10.20 18:00:00";"78.353";"-8.15";"12185.41";"OOS1";"Exit After X Bars";"-53.36";"24.98";"12h 0m";""
"233";"AUDJPY_DukasM1_the5ers";"Sell";"2011.10.21 06:00:00";"78.352";"0.1";"2011.10.21 18:00:00";"78.633";"-18.88";"12166.54";"OOS1";"Exit After X Bars";"-44.40";"8.04";"12h 0m";""
"234";"AUDJPY_DukasM1_the5ers";"Sell";"2011.11.03 06:00:00";"80.046";"0.09";"2011.11.03 18:00:00";"80.725";"-40.41";"12126.13";"OOS1";"Exit After X Bars";"-80.86";"23.07";"12h 0m";""
"235";"AUDJPY_DukasM1_the5ers";"Sell";"2011.11.10 06:00:00";"78.832";"0.12";"2011.11.10 18:00:00";"78.307";"40.60";"12166.72";"OOS1";"Exit After X Bars";"-35.47";"60.27";"12h 0m";""
"236";"AUDJPY_DukasM1_the5ers";"Sell";"2011.11.11 06:00:00";"78.760";"0.1";"2011.11.11 18:00:00";"79.061";"-20.18";"12146.54";"OOS1";"Exit After X Bars";"-26.42";"31.06";"12h 0m";""
"237";"AUDJPY_DukasM1_the5ers";"Sell";"2011.11.17 06:00:00";"77.597";"0.11";"2011.11.17 18:00:00";"77.494";"6.86";"12153.40";"OOS1";"Exit After X Bars";"-23.67";"25.18";"12h 0m";""
"238";"AUDJPY_DukasM1_the5ers";"Sell";"2011.11.18 06:00:00";"77.053";"0.12";"2011.11.18 18:00:00";"77.322";"-21.71";"12131.69";"OOS1";"Exit After X Bars";"-29.82";"35.00";"12h 0m";""
"239";"AUDJPY_DukasM1_the5ers";"Sell";"2011.11.25 06:00:00";"75.024";"0.15";"2011.11.25 18:00:00";"75.759";"-72.85";"12058.85";"OOS1";"Exit After X Bars";"-89.85";"13.44";"12h 0m";""
"240";"AUDJPY_DukasM1_the5ers";"Sell";"2011.12.08 06:00:00";"79.627";"0.17";"2011.12.08 18:00:00";"79.169";"50.06";"12108.91";"OOS1";"Exit After X Bars";"-58.36";"59.25";"12h 0m";""
"241";"AUDJPY_DukasM1_the5ers";"Sell";"2011.12.09 06:00:00";"78.423";"0.13";"2011.12.09 18:00:00";"78.983";"-48.26";"12060.66";"OOS1";"Exit After X Bars";"-60.36";"31.96";"12h 0m";""
"242";"AUDJPY_DukasM1_the5ers";"Sell";"2011.12.15 06:00:00";"77.286";"0.15";"2011.12.15 18:00:00";"77.408";"-12.72";"12047.94";"OOS1";"Exit After X Bars";"-42.08";"28.35";"12h 0m";""
"243";"AUDJPY_DukasM1_the5ers";"Sell";"2011.12.29 06:00:00";"78.505";"0.2";"2011.12.29 18:00:00";"78.614";"-15.26";"12032.68";"OOS1";"Exit After X Bars";"-25.90";"41.20";"12h 0m";""
"244";"AUDJPY_DukasM1_the5ers";"Sell";"2012.03.22 06:00:00";"86.430";"0.11";"2012.03.22 18:00:00";"85.568";"61.46";"12094.14";"OOS1";"Exit After X Bars";"-31.58";"75.10";"12h 0m";""
"245";"AUDJPY_DukasM1_the5ers";"Sell";"2012.03.29 06:00:00";"85.645";"0.12";"2012.03.29 18:00:00";"84.977";"51.82";"12145.96";"OOS1";"Exit After X Bars";"-14.44";"80.28";"12h 0m";""
"1";"AUDJPY_DukasM1_the5ers";"Sell";"2012.04.13 07:00:00";"84.169";"0.15";"2012.04.13 19:00:00";"84.015";"14.36";"12160.31";"OOS1";"Exit After X Bars";"-32.96";"35.21";"12h 0m";""
"2";"AUDJPY_DukasM1_the5ers";"Sell";"2012.05.03 06:00:00";"82.530";"0.19";"2012.05.03 18:00:00";"82.529";"-0.83";"12159.49";"OOS1";"Exit After X Bars";"-42.62";"16.52";"12h 0m";""
"3";"AUDJPY_DukasM1_the5ers";"Sell";"2012.05.04 06:00:00";"82.302";"0.21";"2012.05.04 18:00:00";"81.443";"116.91";"12276.40";"OOS1";"Exit After X Bars";"-16.07";"138.56";"12h 0m";""
"4";"AUDJPY_DukasM1_the5ers";"Sell";"2012.05.11 06:00:00";"80.383";"0.14";"2012.05.11 18:00:00";"80.388";"-1.16";"12275.24";"OOS1";"Exit After X Bars";"-19.50";"42.85";"12h 0m";""
"5";"AUDJPY_DukasM1_the5ers";"Sell";"2012.05.17 06:00:00";"79.762";"0.18";"2012.05.17 18:00:00";"79.020";"86.44";"12361.68";"OOS1";"Exit After X Bars";"-29.90";"89.22";"12h 0m";""
"6";"AUDJPY_DukasM1_the5ers";"Sell";"2012.05.18 06:00:00";"78.253";"0.14";"2012.05.18 18:00:00";"78.191";"4.98";"12366.65";"OOS1";"Exit After X Bars";"-20.69";"59.69";"12h 0m";""
"7";"AUDJPY_DukasM1_the5ers";"Sell";"2012.05.25 06:00:00";"77.600";"0.13";"2012.05.25 18:00:00";"77.781";"-16.04";"12350.62";"OOS1";"Exit After X Bars";"-38.42";"3.66";"12h 0m";""
"8";"AUDJPY_DukasM1_the5ers";"Sell";"2012.05.31 06:00:00";"76.372";"0.14";"2012.05.31 18:00:00";"76.067";"27.22";"12377.84";"OOS1";"Exit After X Bars";"-57.31";"28.29";"12h 0m";""
"9";"AUDJPY_DukasM1_the5ers";"Sell";"2012.06.01 06:00:00";"76.009";"0.13";"2012.06.01 18:00:00";"75.410";"50.27";"12428.11";"OOS1";"Exit After X Bars";"-13.60";"130.07";"12h 0m";""
"10";"AUDJPY_DukasM1_the5ers";"Sell";"2012.07.12 06:00:00";"81.050";"0.16";"2012.07.12 18:00:00";"80.096";"99.01";"12527.13";"OOS1";"Exit After X Bars";"-51.58";"103.69";"12h 0m";""
"11";"AUDJPY_DukasM1_the5ers";"Sell";"2012.08.02 06:00:00";"82.224";"0.2";"2012.08.02 18:00:00";"81.918";"39.02";"12566.15";"OOS1";"Exit After X Bars";"-69.97";"63.95";"12h 0m";""
"12";"AUDJPY_DukasM1_the5ers";"Sell";"2012.08.03 06:00:00";"81.843";"0.18";"2012.08.03 15:30:00";"82.684";"-99.89";"12466.26";"OOS1";"SL";"-98.99";"0.94";"9h 30m";""
"13";"AUDJPY_DukasM1_the5ers";"Sell";"2012.08.23 06:00:00";"82.526";"0.18";"2012.08.23 18:00:00";"82.187";"39.00";"12505.26";"OOS1";"Exit After X Bars";"-28.72";"62.86";"12h 0m";""
"14";"AUDJPY_DukasM1_the5ers";"Sell";"2012.08.24 06:00:00";"82.072";"0.19";"2012.08.24 18:00:00";"81.813";"31.23";"12536.49";"OOS1";"Exit After X Bars";"-3.23";"70.32";"12h 0m";""
"15";"AUDJPY_DukasM1_the5ers";"Sell";"2012.08.30 06:00:00";"81.208";"0.26";"2012.08.30 18:00:00";"81.010";"32.36";"12568.85";"OOS1";"Exit After X Bars";"-21.08";"52.37";"12h 0m";""
"16";"AUDJPY_DukasM1_the5ers";"Sell";"2012.08.31 06:00:00";"80.724";"0.25";"2012.08.31 18:00:00";"80.939";"-36.40";"12532.45";"OOS1";"Exit After X Bars";"-96.13";"10.14";"12h 0m";""
"17";"AUDJPY_DukasM1_the5ers";"Sell";"2012.09.20 06:00:00";"81.712";"0.16";"2012.09.20 18:00:00";"81.426";"29.12";"12561.58";"OOS1";"Exit After X Bars";"-3.77";"77.53";"12h 0m";""
"18";"AUDJPY_DukasM1_the5ers";"Sell";"2012.11.08 06:00:00";"83.035";"0.17";"2012.11.08 18:00:00";"83.144";"-12.97";"12548.61";"OOS1";"Exit After X Bars";"-36.13";"2.78";"12h 0m";""
"19";"AUDJPY_DukasM1_the5ers";"Sell";"2012.11.09 06:00:00";"82.857";"0.18";"2012.11.09 18:00:00";"82.474";"44.18";"12592.79";"OOS1";"Exit After X Bars";"-17.19";"103.35";"12h 0m";""
"20";"AUDJPY_DukasM1_the5ers";"Sell";"2012.12.21 06:00:00";"87.705";"0.16";"2012.12.21 18:00:00";"87.718";"-2.16";"12590.63";"OOS1";"Exit After X Bars";"-28.98";"16.64";"12h 0m";""
"21";"AUDJPY_DukasM1_the5ers";"Sell";"2013.01.17 06:00:00";"92.754";"0.1";"2013.01.17 14:51:00";"94.149";"-91.72";"12498.91";"OOS1";"SL";"-91.22";"12.82";"8h 51m";""
"22";"AUDJPY_DukasM1_the5ers";"Sell";"2013.01.31 06:00:00";"94.442";"0.16";"2013.01.31 18:00:00";"95.183";"-78.33";"12420.58";"OOS1";"Exit After X Bars";"-81.82";"17.26";"12h 0m";""
"23";"AUDJPY_DukasM1_the5ers";"Sell";"2013.02.08 06:00:00";"96.054";"0.13";"2013.02.08 18:00:00";"95.752";"25.02";"12445.60";"OOS1";"Exit After X Bars";"-16.32";"77.19";"12h 0m";""
"24";"AUDJPY_DukasM1_the5ers";"Sell";"2013.02.15 06:00:00";"95.834";"0.13";"2013.02.15 18:00:00";"96.670";"-71.72";"12373.88";"OOS1";"Exit After X Bars";"-73.28";"24.82";"12h 0m";""
"25";"AUDJPY_DukasM1_the5ers";"Sell";"2013.02.21 06:00:00";"95.681";"0.15";"2013.02.21 18:00:00";"95.236";"42.90";"12416.78";"OOS1";"Exit After X Bars";"-24.42";"48.75";"12h 0m";""
"26";"AUDJPY_DukasM1_the5ers";"Sell";"2013.03.22 07:00:00";"98.975";"0.14";"2013.03.22 19:00:00";"98.799";"15.41";"12432.20";"OOS1";"Exit After X Bars";"-15.93";"56.21";"12h 0m";""
"27";"AUDJPY_DukasM1_the5ers";"Sell";"2013.03.28 06:00:00";"98.163";"0.14";"2013.03.28 18:00:00";"98.030";"11.48";"12443.67";"OOS1";"Exit After X Bars";"-19.23";"27.37";"12h 0m";""
"28";"AUDJPY_DukasM1_the5ers";"Sell";"2013.03.29 07:00:00";"98.044";"0.17";"2013.03.29 19:00:00";"98.029";"0.82";"12444.49";"OOS1";"Exit After X Bars";"-7.67";"22.57";"12h 0m";""
"29";"AUDJPY_DukasM1_the5ers";"Sell";"2013.04.04 06:00:00";"97.385";"0.15";"2013.04.04 07:57:00";"98.349";"-95.31";"12349.18";"OOS1";"SL";"-94.56";"18.83";"1h 57m";""
"30";"AUDJPY_DukasM1_the5ers";"Sell";"2013.04.18 06:00:00";"101.112";"0.07";"2013.04.18 18:00:00";"101.291";"-8.54";"12340.64";"OOS1";"Exit After X Bars";"-32.09";"21.24";"12h 0m";""
"31";"AUDJPY_DukasM1_the5ers";"Sell";"2013.04.26 06:00:00";"102.041";"0.12";"2013.04.26 18:00:00";"100.488";"121.27";"12461.90";"OOS1";"Exit After X Bars";"-24.33";"135.13";"12h 0m";""
"32";"AUDJPY_DukasM1_the5ers";"Sell";"2013.05.02 06:00:00";"99.834";"0.13";"2013.05.02 18:00:00";"100.451";"-53.10";"12408.80";"OOS1";"Exit After X Bars";"-92.24";"45.57";"12h 0m";""
"33";"AUDJPY_DukasM1_the5ers";"Sell";"2013.05.16 06:00:00";"101.045";"0.15";"2013.05.16 18:00:00";"100.493";"53.39";"12462.20";"OOS1";"Exit After X Bars";"-5.89";"62.68";"12h 0m";""
"34";"AUDJPY_DukasM1_the5ers";"Sell";"2013.05.17 06:00:00";"99.877";"0.15";"2013.05.17 18:00:00";"100.265";"-38.81";"12423.39";"OOS1";"Exit After X Bars";"-46.00";"27.07";"12h 0m";""
"35";"AUDJPY_DukasM1_the5ers";"Sell";"2013.05.23 06:00:00";"99.412";"0.11";"2013.05.23 11:27:00";"97.485";"138.06";"12561.45";"OOS1";"PT";"-1.29";"138.61";"5h 27m";""
"36";"AUDJPY_DukasM1_the5ers";"Sell";"2013.05.24 07:00:00";"98.323";"0.07";"2013.05.24 19:00:00";"97.702";"28.08";"12589.53";"OOS1";"Exit After X Bars";"-23.85";"34.88";"12h 0m";""
"37";"AUDJPY_DukasM1_the5ers";"Sell";"2013.06.06 06:00:00";"93.739";"0.09";"2013.06.06 18:00:00";"93.747";"-0.92";"12588.61";"OOS1";"Exit After X Bars";"-34.13";"16.83";"12h 0m";""
"38";"AUDJPY_DukasM1_the5ers";"Sell";"2013.06.07 06:00:00";"91.945";"0.07";"2013.06.07 18:00:00";"92.356";"-19.16";"12569.44";"OOS1";"Exit After X Bars";"-30.90";"63.67";"12h 0m";""
"39";"AUDJPY_DukasM1_the5ers";"Sell";"2013.06.13 06:00:00";"89.705";"0.06";"2013.06.13 18:00:00";"90.364";"-26.16";"12543.29";"OOS1";"Exit After X Bars";"-40.69";"29.54";"12h 0m";""
"40";"AUDJPY_DukasM1_the5ers";"Sell";"2013.06.20 06:00:00";"89.620";"0.08";"2013.06.20 18:00:00";"90.074";"-24.15";"12519.14";"OOS1";"Exit After X Bars";"-39.55";"10.20";"12h 0m";""
"41";"AUDJPY_DukasM1_the5ers";"Sell";"2013.06.21 06:00:00";"89.775";"0.08";"2013.06.21 18:00:00";"89.758";"0.49";"12519.63";"OOS1";"Exit After X Bars";"-39.71";"9.78";"12h 0m";""
"42";"AUDJPY_DukasM1_the5ers";"Sell";"2013.07.05 07:00:00";"91.503";"0.12";"2013.07.05 19:00:00";"91.557";"-4.84";"12514.79";"OOS1";"Exit After X Bars";"-55.24";"19.70";"12h 0m";""
"43";"AUDJPY_DukasM1_the5ers";"Sell";"2013.07.11 06:00:00";"91.547";"0.09";"2013.07.11 18:00:00";"90.304";"72.70";"12587.49";"OOS1";"Exit After X Bars";"-19.95";"80.98";"12h 0m";""
"44";"AUDJPY_DukasM1_the5ers";"Sell";"2013.07.12 06:00:00";"90.775";"0.1";"2013.07.12 18:00:00";"90.070";"45.60";"12633.09";"OOS1";"Exit After X Bars";"-17.20";"70.04";"12h 0m";""
"45";"AUDJPY_DukasM1_the5ers";"Sell";"2013.07.25 06:00:00";"91.548";"0.16";"2013.07.25 18:00:00";"91.567";"-2.79";"12630.31";"OOS1";"Exit After X Bars";"-19.15";"20.30";"12h 0m";""
"46";"AUDJPY_DukasM1_the5ers";"Sell";"2013.08.01 06:00:00";"88.063";"0.12";"2013.08.01 18:00:00";"88.582";"-41.33";"12588.98";"OOS1";"Exit After X Bars";"-56.34";"8.47";"12h 0m";""
"47";"AUDJPY_DukasM1_the5ers";"Sell";"2013.08.30 06:00:00";"87.781";"0.16";"2013.08.30 18:00:00";"87.416";"37.39";"12626.37";"OOS1";"Exit After X Bars";"-17.68";"43.53";"12h 0m";""
"48";"AUDJPY_DukasM1_the5ers";"Sell";"2013.09.27 06:00:00";"92.243";"0.15";"2013.09.27 18:00:00";"91.541";"68.11";"12694.48";"OOS1";"Exit After X Bars";"-17.17";"83.38";"12h 0m";""
"49";"AUDJPY_DukasM1_the5ers";"Sell";"2013.10.10 06:00:00";"91.856";"0.14";"2013.10.10 18:00:00";"92.779";"-85.20";"12609.28";"OOS1";"Exit After X Bars";"-92.19";"4.03";"12h 0m";""
"50";"AUDJPY_DukasM1_the5ers";"Sell";"2013.11.01 06:00:00";"92.815";"0.17";"2013.11.01 18:00:00";"93.216";"-45.43";"12563.85";"OOS1";"Exit After X Bars";"-63.59";"7.78";"12h 0m";""
"51";"AUDJPY_DukasM1_the5ers";"Sell";"2013.11.08 06:00:00";"92.806";"0.13";"2013.11.08 18:00:00";"92.891";"-7.88";"12555.97";"OOS1";"Exit After X Bars";"-23.89";"18.02";"12h 0m";""
"52";"AUDJPY_DukasM1_the5ers";"Sell";"2013.11.21 06:00:00";"93.441";"0.15";"2013.11.21 18:00:00";"93.498";"-6.34";"12549.63";"OOS1";"Exit After X Bars";"-32.37";"20.60";"12h 0m";""
"53";"AUDJPY_DukasM1_the5ers";"Sell";"2013.11.22 06:00:00";"93.044";"0.15";"2013.11.22 18:00:00";"92.764";"26.71";"12576.35";"OOS1";"Exit After X Bars";"-9.71";"48.46";"12h 0m";""
"54";"AUDJPY_DukasM1_the5ers";"Sell";"2013.11.29 06:00:00";"93.006";"0.18";"2013.11.29 18:00:00";"93.544";"-64.23";"12512.12";"OOS1";"Exit After X Bars";"-66.74";"14.36";"12h 0m";""
"55";"AUDJPY_DukasM1_the5ers";"Sell";"2013.12.05 06:00:00";"92.534";"0.14";"2013.12.05 18:00:00";"92.227";"27.41";"12539.53";"OOS1";"Exit After X Bars";"-2.84";"55.57";"12h 0m";""
"56";"AUDJPY_DukasM1_the5ers";"Sell";"2013.12.12 06:00:00";"92.457";"0.15";"2013.12.12 18:00:00";"92.026";"41.53";"12581.05";"OOS1";"Exit After X Bars";"-81.41";"64.25";"12h 0m";""
"1";"AUDJPY_DukasM1_the5ers";"Sell";"2014.01.09 06:00:00";"93.114";"0.18";"2014.01.09 18:00:00";"93.110";"-0.43";"12580.62";"OOS1";"Exit After X Bars";"-28.48";"10.59";"12h 0m";""
"2";"AUDJPY_DukasM1_the5ers";"Sell";"2014.01.16 06:00:00";"92.394";"0.17";"2014.01.16 18:00:00";"91.807";"64.41";"12645.03";"OOS1";"Exit After X Bars";"-3.78";"84.04";"12h 0m";""
"3";"AUDJPY_DukasM1_the5ers";"Sell";"2014.01.24 06:00:00";"90.638";"0.13";"2014.01.24 12:20:00";"89.033";"135.79";"12780.82";"OOS1";"PT";"-2.21";"136.44";"6h 20m";""
"4";"AUDJPY_DukasM1_the5ers";"Sell";"2014.01.31 07:00:00";"89.741";"0.11";"2014.01.31 19:00:00";"89.423";"22.32";"12803.14";"OOS1";"Exit After X Bars";"-28.63";"62.29";"12h 0m";""
"5";"AUDJPY_DukasM1_the5ers";"Sell";"2014.02.13 06:00:00";"91.356";"0.13";"2014.02.13 18:00:00";"91.773";"-36.10";"12767.04";"OOS1";"Exit After X Bars";"-36.04";"18.96";"12h 0m";""
"6";"AUDJPY_DukasM1_the5ers";"Sell";"2014.02.20 06:00:00";"91.161";"0.14";"2014.02.20 18:00:00";"91.892";"-67.62";"12699.42";"OOS1";"Exit After X Bars";"-69.58";"7.32";"12h 0m";""
"7";"AUDJPY_DukasM1_the5ers";"Sell";"2014.02.27 06:00:00";"91.539";"0.17";"2014.02.27 18:00:00";"91.419";"12.49";"12711.91";"OOS1";"Exit After X Bars";"-4.67";"91.38";"12h 0m";""
"8";"AUDJPY_DukasM1_the5ers";"Sell";"2014.02.28 06:00:00";"91.138";"0.15";"2014.02.28 18:00:00";"91.330";"-19.58";"12692.33";"OOS1";"Exit After X Bars";"-24.72";"30.31";"12h 0m";""
"9";"AUDJPY_DukasM1_the5ers";"Sell";"2014.03.14 06:00:00";"91.766";"0.12";"2014.03.14 18:00:00";"91.727";"2.46";"12694.79";"OOS1";"Exit After X Bars";"-11.46";"35.55";"12h 0m";""
"10";"AUDJPY_DukasM1_the5ers";"Sell";"2014.04.11 06:00:00";"95.245";"0.16";"2014.04.11 18:00:00";"95.580";"-35.85";"12658.94";"OOS1";"Exit After X Bars";"-49.38";"10.99";"12h 0m";""
"11";"AUDJPY_DukasM1_the5ers";"Sell";"2014.04.18 06:00:00";"95.537";"0.24";"2014.04.18 18:00:00";"95.591";"-9.67";"12649.26";"OOS1";"Exit After X Bars";"-15.07";"3.30";"12h 0m";""
"12";"AUDJPY_DukasM1_the5ers";"Sell";"2014.04.25 06:00:00";"94.929";"0.24";"2014.04.25 18:00:00";"94.704";"34.11";"12683.38";"OOS1";"Exit After X Bars";"-11.46";"40.49";"12h 0m";""
"13";"AUDJPY_DukasM1_the5ers";"Sell";"2014.05.16 06:00:00";"94.973";"0.22";"2014.05.16 18:00:00";"95.016";"-7.29";"12676.09";"OOS1";"Exit After X Bars";"-30.64";"21.58";"12h 0m";""
"14";"AUDJPY_DukasM1_the5ers";"Sell";"2014.06.12 06:00:00";"95.669";"0.26";"2014.06.12 18:00:00";"95.976";"-53.50";"12622.59";"OOS1";"Exit After X Bars";"-76.00";"1.53";"12h 0m";""
"15";"AUDJPY_DukasM1_the5ers";"Sell";"2014.06.13 06:00:00";"95.809";"0.26";"2014.06.13 18:00:00";"95.894";"-15.75";"12606.84";"OOS1";"Exit After X Bars";"-60.02";"29.92";"12h 0m";""
"16";"AUDJPY_DukasM1_the5ers";"Sell";"2014.06.27 06:00:00";"95.627";"0.31";"2014.06.27 18:00:00";"95.485";"27.24";"12634.08";"OOS1";"Exit After X Bars";"-22.10";"45.21";"12h 0m";""
"17";"AUDJPY_DukasM1_the5ers";"Sell";"2014.07.03 06:00:00";"95.527";"0.26";"2014.07.03 18:00:00";"95.687";"-28.50";"12605.58";"OOS1";"Exit After X Bars";"-27.88";"31.62";"12h 0m";""
"18";"AUDJPY_DukasM1_the5ers";"Sell";"2014.07.10 06:00:00";"95.505";"0.29";"2014.07.10 15:57:00";"94.762";"139.45";"12745.03";"OOS1";"PT";"-3.79";"140.90";"9h 57m";""
"19";"AUDJPY_DukasM1_the5ers";"Sell";"2014.07.17 06:00:00";"95.022";"0.36";"2014.07.17 18:00:00";"95.187";"-40.64";"12704.38";"OOS1";"Exit After X Bars";"-63.80";"10.83";"12h 0m";""
"20";"AUDJPY_DukasM1_the5ers";"Sell";"2014.07.18 06:00:00";"94.896";"0.22";"2014.07.18 18:00:00";"95.118";"-33.04";"12671.35";"OOS1";"Exit After X Bars";"-61.00";"9.64";"12h 0m";""
"21";"AUDJPY_DukasM1_the5ers";"Sell";"2014.08.01 06:00:00";"95.597";"0.29";"2014.08.01 18:00:00";"95.530";"11.26";"12682.60";"OOS1";"Exit After X Bars";"-33.57";"19.15";"12h 0m";""
"22";"AUDJPY_DukasM1_the5ers";"Sell";"2014.08.07 06:00:00";"94.860";"0.23";"2014.08.07 18:00:00";"94.803";"7.42";"12690.02";"OOS1";"Exit After X Bars";"-21.21";"21.36";"12h 0m";""
"23";"AUDJPY_DukasM1_the5ers";"Sell";"2014.08.08 06:00:00";"94.237";"0.22";"2014.08.08 18:00:00";"94.453";"-32.17";"12657.85";"OOS1";"Exit After X Bars";"-61.43";"35.53";"12h 0m";""
"24";"AUDJPY_DukasM1_the5ers";"Sell";"2014.09.12 06:00:00";"97.355";"0.2";"2014.09.12 18:00:00";"97.120";"29.73";"12687.58";"OOS1";"Exit After X Bars";"-7.72";"52.84";"12h 0m";""
"25";"AUDJPY_DukasM1_the5ers";"Sell";"2014.09.26 06:00:00";"95.712";"0.2";"2014.09.26 18:00:00";"95.834";"-16.96";"12670.63";"OOS1";"Exit After X Bars";"-37.93";"43.68";"12h 0m";""
"26";"AUDJPY_DukasM1_the5ers";"Sell";"2014.10.10 06:00:00";"94.581";"0.17";"2014.10.10 18:00:00";"94.103";"52.29";"12722.92";"OOS1";"Exit After X Bars";"-7.67";"99.05";"12h 0m";""
"27";"AUDJPY_DukasM1_the5ers";"Sell";"2014.11.28 06:00:00";"100.490";"0.18";"2014.11.28 17:59:00";"101.335";"-100.36";"12622.55";"OOS1";"SL";"-99.46";"12.71";"11h 59m";""
"28";"AUDJPY_DukasM1_the5ers";"Sell";"2014.12.11 06:00:00";"98.374";"0.11";"2014.12.11 18:00:00";"98.583";"-15.58";"12606.97";"OOS1";"Exit After X Bars";"-27.12";"66.32";"12h 0m";""
"29";"AUDJPY_DukasM1_the5ers";"Sell";"2014.12.12 07:00:00";"98.161";"0.12";"2014.12.12 19:00:00";"97.749";"31.73";"12638.70";"OOS1";"Exit After X Bars";"-19.93";"35.47";"12h 0m";""
"30";"AUDJPY_DukasM1_the5ers";"Sell";"2015.01.16 06:00:00";"95.789";"0.08";"2015.01.16 18:00:00";"96.486";"-36.86";"12601.84";"OOS1";"Exit After X Bars";"-36.46";"16.48";"12h 0m";""
"31";"AUDJPY_DukasM1_the5ers";"Sell";"2015.01.22 06:00:00";"95.412";"0.12";"2015.01.22 18:00:00";"95.635";"-18.10";"12583.74";"OOS1";"Exit After X Bars";"-35.47";"24.40";"12h 0m";""
"32";"AUDJPY_DukasM1_the5ers";"Sell";"2015.01.23 06:00:00";"94.967";"0.12";"2015.01.23 17:09:00";"93.124";"144.02";"12727.76";"OOS1";"PT";"-5.96";"144.62";"11h 9m";""
"33";"AUDJPY_DukasM1_the5ers";"Sell";"2015.01.29 06:00:00";"93.008";"0.1";"2015.01.29 18:00:00";"91.962";"67.90";"12795.66";"OOS1";"Exit After X Bars";"-1.63";"88.28";"12h 0m";""
"34";"AUDJPY_DukasM1_the5ers";"Sell";"2015.02.05 06:00:00";"91.330";"0.09";"2015.02.05 18:00:00";"91.716";"-23.17";"12772.49";"OOS1";"Exit After X Bars";"-32.78";"19.36";"12h 0m";""
"35";"AUDJPY_DukasM1_the5ers";"Sell";"2015.02.12 06:00:00";"92.154";"0.12";"2015.02.12 18:00:00";"91.781";"28.67";"12801.16";"OOS1";"Exit After X Bars";"-5.10";"68.27";"12h 0m";""
"36";"AUDJPY_DukasM1_the5ers";"Sell";"2015.03.13 07:00:00";"93.181";"0.15";"2015.03.13 19:00:00";"92.566";"59.57";"12860.74";"OOS1";"Exit After X Bars";"-23.25";"84.94";"12h 0m";""
"37";"AUDJPY_DukasM1_the5ers";"Sell";"2015.03.26 06:00:00";"93.200";"0.16";"2015.03.26 18:00:00";"93.272";"-8.33";"12852.40";"OOS1";"Exit After X Bars";"-32.96";"42.06";"12h 0m";""
"38";"AUDJPY_DukasM1_the5ers";"Sell";"2015.03.27 07:00:00";"93.093";"0.18";"2015.03.27 19:00:00";"92.389";"81.97";"12934.37";"OOS1";"Exit After X Bars";"-8.24";"85.10";"12h 0m";""
"39";"AUDJPY_DukasM1_the5ers";"Sell";"2015.04.02 06:00:00";"90.590";"0.17";"2015.04.02 18:00:00";"90.748";"-18.41";"12915.96";"OOS1";"Exit After X Bars";"-50.69";"42.24";"12h 0m";""
"40";"AUDJPY_DukasM1_the5ers";"Sell";"2015.05.29 06:00:00";"94.769";"0.17";"2015.05.29 18:00:00";"95.009";"-27.53";"12888.43";"OOS1";"Exit After X Bars";"-28.79";"11.12";"12h 0m";""
"41";"AUDJPY_DukasM1_the5ers";"Sell";"2015.06.18 06:00:00";"95.208";"0.17";"2015.06.18 14:20:00";"96.103";"-100.34";"12788.08";"OOS1";"SL";"-99.49";"27.24";"8h 20m";""
"42";"AUDJPY_DukasM1_the5ers";"Sell";"2015.06.19 06:00:00";"95.743";"0.18";"2015.06.19 18:00:00";"95.235";"58.89";"12846.98";"OOS1";"Exit After X Bars";"-5.41";"68.98";"12h 0m";""
"43";"AUDJPY_DukasM1_the5ers";"Sell";"2015.06.26 06:00:00";"95.189";"0.23";"2015.06.26 18:00:00";"94.716";"69.99";"12916.97";"OOS1";"Exit After X Bars";"-24.67";"92.95";"12h 0m";""
"44";"AUDJPY_DukasM1_the5ers";"Sell";"2015.07.02 06:00:00";"94.276";"0.16";"2015.07.02 18:00:00";"93.949";"33.41";"12950.38";"OOS1";"Exit After X Bars";"-17.89";"64.03";"12h 0m";""
"45";"AUDJPY_DukasM1_the5ers";"Sell";"2015.07.03 06:00:00";"93.342";"0.17";"2015.07.03 18:00:00";"92.258";"119.66";"13070.03";"OOS1";"Exit After X Bars";"-18.90";"138.18";"12h 0m";""
"46";"AUDJPY_DukasM1_the5ers";"Sell";"2015.07.16 06:00:00";"91.308";"0.15";"2015.07.16 18:00:00";"92.069";"-75.40";"12994.64";"OOS1";"Exit After X Bars";"-81.61";"26.88";"12h 0m";""
"47";"AUDJPY_DukasM1_the5ers";"Sell";"2015.07.23 06:00:00";"91.417";"0.19";"2015.07.23 18:00:00";"91.444";"-4.30";"12990.33";"OOS1";"Exit After X Bars";"-50.82";"16.15";"12h 0m";""
"48";"AUDJPY_DukasM1_the5ers";"Sell";"2015.07.24 06:00:00";"90.462";"0.17";"2015.07.24 18:00:00";"90.036";"46.51";"13036.84";"OOS1";"Exit After X Bars";"-17.23";"51.92";"12h 0m";""
"49";"AUDJPY_DukasM1_the5ers";"Sell";"2015.08.20 06:00:00";"91.088";"0.19";"2015.08.20 18:00:00";"90.688";"48.75";"13085.59";"OOS1";"Exit After X Bars";"-13.42";"102.88";"12h 0m";""
"50";"AUDJPY_DukasM1_the5ers";"Sell";"2015.08.21 06:00:00";"89.854";"0.15";"2015.08.21 18:00:00";"89.805";"4.06";"13089.65";"OOS1";"Exit After X Bars";"-33.25";"10.59";"12h 0m";""
"51";"AUDJPY_DukasM1_the5ers";"Sell";"2015.09.04 06:00:00";"83.385";"0.1";"2015.09.04 18:00:00";"82.624";"49.26";"13138.91";"OOS1";"Exit After X Bars";"-8.76";"66.77";"12h 0m";""
"1";"AUDJPY_DukasM1_the5ers";"Sell";"2015.09.24 06:00:00";"83.967";"0.17";"2015.09.24 18:00:00";"83.437";"58.07";"13196.98";"OOS1";"Exit After X Bars";"-29.90";"106.83";"12h 0m";""
"2";"AUDJPY_DukasM1_the5ers";"Sell";"2015.10.22 06:00:00";"86.670";"0.27";"2015.10.22 18:00:00";"86.935";"-48.14";"13148.84";"OOS1";"Exit After X Bars";"-84.57";"116.00";"12h 0m";""
"3";"AUDJPY_DukasM1_the5ers";"Sell";"2015.10.29 06:00:00";"85.707";"0.24";"2015.10.29 18:00:00";"85.788";"-13.91";"13134.93";"OOS1";"Exit After X Bars";"-46.14";"28.09";"12h 0m";""
"4";"AUDJPY_DukasM1_the5ers";"Sell";"2015.11.26 06:00:00";"88.747";"0.31";"2015.11.26 18:00:00";"88.590";"30.28";"13165.20";"OOS1";"Exit After X Bars";"-13.78";"72.37";"12h 0m";""
"5";"AUDJPY_DukasM1_the5ers";"Sell";"2015.12.11 06:00:00";"88.515";"0.21";"2015.12.11 16:17:00";"87.315";"163.74";"13328.94";"OOS1";"PT";"-11.67";"164.79";"10h 17m";""
"6";"AUDJPY_DukasM1_the5ers";"Sell";"2015.12.18 07:00:00";"87.230";"0.17";"2015.12.18 19:00:00";"87.214";"0.93";"13329.87";"OOS1";"Exit After X Bars";"-14.23";"111.50";"12h 0m";""
"7";"AUDJPY_DukasM1_the5ers";"Sell";"2016.01.07 06:00:00";"83.286";"0.14";"2016.01.07 18:00:00";"82.890";"35.55";"13365.43";"OOS1";"Exit After X Bars";"-11.17";"117.18";"12h 0m";""
"8";"AUDJPY_DukasM1_the5ers";"Sell";"2016.01.14 06:00:00";"81.525";"0.14";"2016.01.14 18:00:00";"82.193";"-61.85";"13303.57";"OOS1";"Exit After X Bars";"-78.55";"31.68";"12h 0m";""
"9";"AUDJPY_DukasM1_the5ers";"Sell";"2016.01.15 06:00:00";"81.887";"0.13";"2016.01.15 18:00:00";"80.441";"122.27";"13425.84";"OOS1";"Exit After X Bars";"-14.96";"144.26";"12h 0m";""
"10";"AUDJPY_DukasM1_the5ers";"Sell";"2016.02.05 06:00:00";"83.819";"0.16";"2016.02.05 18:00:00";"82.890";"96.40";"13522.24";"OOS1";"Exit After X Bars";"-34.21";"99.19";"12h 0m";""
"11";"AUDJPY_DukasM1_the5ers";"Sell";"2016.02.11 06:00:00";"80.030";"0.11";"2016.02.11 10:40:00";"77.828";"157.84";"13680.09";"OOS1";"PT";"-11.15";"158.39";"4h 40m";""
"12";"AUDJPY_DukasM1_the5ers";"Sell";"2016.02.19 06:00:00";"80.167";"0.15";"2016.02.19 18:00:00";"79.977";"17.89";"13697.97";"OOS1";"Exit After X Bars";"-45.12";"32.27";"12h 0m";""
"13";"AUDJPY_DukasM1_the5ers";"Sell";"2016.03.24 06:00:00";"84.520";"0.21";"2016.03.24 18:00:00";"84.659";"-20.14";"13677.84";"OOS1";"Exit After X Bars";"-34.06";"17.85";"12h 0m";""
"14";"AUDJPY_DukasM1_the5ers";"Sell";"2016.04.07 06:00:00";"83.086";"0.19";"2016.04.07 12:36:00";"81.762";"163.55";"13841.39";"OOS1";"PT";"-8.82";"164.50";"6h 36m";""
"15";"AUDJPY_DukasM1_the5ers";"Sell";"2016.04.29 06:00:00";"82.073";"0.17";"2016.04.29 18:00:00";"81.685";"42.28";"13883.67";"OOS1";"Exit After X Bars";"-19.23";"61.14";"12h 0m";""
"16";"AUDJPY_DukasM1_the5ers";"Sell";"2016.05.06 06:00:00";"79.219";"0.23";"2016.05.06 18:00:00";"78.424";"118.42";"14002.09";"OOS1";"Exit After X Bars";"-15.79";"154.31";"12h 0m";""
"17";"AUDJPY_DukasM1_the5ers";"Sell";"2016.05.13 06:00:00";"79.345";"0.21";"2016.05.13 18:00:00";"79.326";"1.56";"14003.65";"OOS1";"Exit After X Bars";"-53.01";"37.49";"12h 0m";""
"18";"AUDJPY_DukasM1_the5ers";"Sell";"2016.05.26 06:00:00";"78.977";"0.25";"2016.05.26 18:00:00";"79.173";"-33.29";"13970.36";"OOS1";"Exit After X Bars";"-88.44";"2.13";"12h 0m";""
"19";"AUDJPY_DukasM1_the5ers";"Sell";"2016.06.02 06:00:00";"78.905";"0.22";"2016.06.02 18:00:00";"78.478";"60.33";"14030.69";"OOS1";"Exit After X Bars";"-33.38";"82.00";"12h 0m";""
"20";"AUDJPY_DukasM1_the5ers";"Sell";"2016.06.16 06:00:00";"77.475";"0.19";"2016.06.16 10:02:00";"76.129";"166.28";"14196.97";"OOS1";"PT";"-15.65";"167.23";"4h 2m";""
"21";"AUDJPY_DukasM1_the5ers";"Sell";"2016.06.24 06:00:00";"74.531";"0.05";"2016.06.24 18:00:00";"76.492";"-64.37";"14132.60";"OOS1";"Exit After X Bars";"-77.33";"48.23";"12h 0m";""
"22";"AUDJPY_DukasM1_the5ers";"Sell";"2016.07.08 06:00:00";"75.547";"0.18";"2016.07.08 18:00:00";"75.945";"-47.75";"14084.86";"OOS1";"Exit After X Bars";"-68.51";"57.32";"12h 0m";""
"23";"AUDJPY_DukasM1_the5ers";"Sell";"2016.07.22 06:00:00";"78.994";"0.17";"2016.07.22 18:00:00";"79.141";"-17.19";"14067.67";"OOS1";"Exit After X Bars";"-60.25";"8.12";"12h 0m";""
"24";"AUDJPY_DukasM1_the5ers";"Sell";"2016.07.28 06:00:00";"78.809";"0.18";"2016.07.28 18:00:00";"78.750";"6.04";"14073.71";"OOS1";"Exit After X Bars";"-34.96";"16.71";"12h 0m";""
"25";"AUDJPY_DukasM1_the5ers";"Sell";"2016.07.29 07:00:00";"78.011";"0.11";"2016.07.29 19:00:00";"77.760";"17.50";"14091.21";"OOS1";"Exit After X Bars";"-16.90";"35.61";"12h 0m";""
"26";"AUDJPY_DukasM1_the5ers";"Sell";"2016.08.19 06:00:00";"76.468";"0.27";"2016.08.19 18:00:00";"76.360";"17.72";"14108.93";"OOS1";"Exit After X Bars";"-43.79";"68.51";"12h 0m";""
"27";"AUDJPY_DukasM1_the5ers";"Sell";"2016.09.09 06:00:00";"78.031";"0.33";"2016.09.09 18:00:00";"77.752";"58.56";"14167.49";"OOS1";"Exit After X Bars";"-45.10";"79.84";"12h 0m";""
"28";"AUDJPY_DukasM1_the5ers";"Sell";"2016.09.15 06:00:00";"76.243";"0.21";"2016.09.15 18:00:00";"76.841";"-83.17";"14084.32";"OOS1";"Exit After X Bars";"-86.65";"7.14";"12h 0m";""
"29";"AUDJPY_DukasM1_the5ers";"Sell";"2016.09.22 06:00:00";"76.605";"0.22";"2016.09.22 11:48:00";"77.297";"-100.65";"13983.67";"OOS1";"SL";"-99.55";"4.32";"5h 48m";""
"30";"AUDJPY_DukasM1_the5ers";"Sell";"2016.10.13 06:00:00";"78.034";"0.24";"2016.10.13 18:00:00";"78.103";"-12.03";"13971.64";"OOS1";"Exit After X Bars";"-78.31";"19.15";"12h 0m";""
"31";"AUDJPY_DukasM1_the5ers";"Sell";"2016.11.03 06:00:00";"78.616";"0.24";"2016.11.03 16:23:00";"79.241";"-99.29";"13872.35";"OOS1";"SL";"-98.09";"0.47";"10h 23m";""
"32";"AUDJPY_DukasM1_the5ers";"Sell";"2016.11.04 06:00:00";"79.144";"0.28";"2016.11.04 18:00:00";"79.023";"20.75";"13893.10";"OOS1";"Exit After X Bars";"-28.20";"49.99";"12h 0m";""
"33";"AUDJPY_DukasM1_the5ers";"Sell";"2016.11.18 07:00:00";"81.715";"0.23";"2016.11.18 19:00:00";"81.167";"81.27";"13974.38";"OOS1";"Exit After X Bars";"-31.28";"84.38";"12h 0m";""
"34";"AUDJPY_DukasM1_the5ers";"Sell";"2016.12.22 06:00:00";"85.136";"0.32";"2016.12.22 18:00:00";"84.890";"49.88";"14024.25";"OOS1";"Exit After X Bars";"-17.37";"103.58";"12h 0m";""
"35";"AUDJPY_DukasM1_the5ers";"Sell";"2016.12.23 06:00:00";"84.680";"0.36";"2016.12.23 18:00:00";"84.101";"134.50";"14158.76";"OOS1";"Exit After X Bars";"-25.66";"168.56";"12h 0m";""
"36";"AUDJPY_DukasM1_the5ers";"Sell";"2016.12.29 06:00:00";"84.053";"0.36";"2016.12.29 18:00:00";"83.966";"18.68";"14177.44";"OOS1";"Exit After X Bars";"-33.90";"69.92";"12h 0m";""
"37";"AUDJPY_DukasM1_the5ers";"Sell";"2017.01.12 06:00:00";"85.411";"0.22";"2017.01.12 18:00:00";"85.524";"-17.36";"14160.08";"OOS1";"Exit After X Bars";"-68.19";"0.00";"12h 0m";""
"38";"AUDJPY_DukasM1_the5ers";"Sell";"2017.02.09 06:00:00";"85.445";"0.32";"2017.02.09 11:45:00";"85.921";"-101.21";"14058.87";"OOS1";"SL";"-99.61";"0.00";"5h 45m";""
"39";"AUDJPY_DukasM1_the5ers";"Sell";"2017.03.03 06:00:00";"86.271";"0.33";"2017.03.03 18:00:00";"86.620";"-76.96";"13981.91";"OOS1";"Exit After X Bars";"-97.97";"10.57";"12h 0m";""
"40";"AUDJPY_DukasM1_the5ers";"Sell";"2017.03.09 06:00:00";"85.973";"0.35";"2017.03.09 16:06:00";"86.405";"-100.62";"13881.29";"OOS1";"SL";"-98.87";"24.72";"10h 6m";""
"41";"AUDJPY_DukasM1_the5ers";"Sell";"2017.03.23 06:00:00";"85.291";"0.24";"2017.03.23 18:00:00";"84.932";"55.14";"13936.43";"OOS1";"Exit After X Bars";"-17.11";"135.13";"12h 0m";""
"42";"AUDJPY_DukasM1_the5ers";"Sell";"2017.04.06 06:00:00";"83.316";"0.26";"2017.04.06 14:43:00";"83.903";"-101.10";"13835.33";"OOS1";"SL";"-99.80";"16.83";"8h 43m";""
"43";"AUDJPY_DukasM1_the5ers";"Sell";"2017.04.07 06:00:00";"83.056";"0.24";"2017.04.07 18:00:00";"83.206";"-24.74";"13810.59";"OOS1";"Exit After X Bars";"-59.32";"15.54";"12h 0m";""
"44";"AUDJPY_DukasM1_the5ers";"Sell";"2017.04.14 06:00:00";"82.586";"0.31";"2017.04.14 18:00:00";"82.285";"59.47";"13870.06";"OOS1";"Exit After X Bars";"-21.08";"69.53";"12h 0m";""
"45";"AUDJPY_DukasM1_the5ers";"Sell";"2017.04.20 06:00:00";"81.795";"0.3";"2017.04.20 16:09:00";"82.302";"-100.96";"13769.09";"OOS1";"SL";"-99.46";"16.09";"10h 9m";""
"46";"AUDJPY_DukasM1_the5ers";"Sell";"2017.05.05 06:00:00";"83.220";"0.31";"2017.05.05 18:00:00";"83.436";"-45.34";"13723.76";"OOS1";"Exit After X Bars";"-46.62";"107.85";"12h 0m";""
"47";"AUDJPY_DukasM1_the5ers";"Sell";"2017.05.18 06:00:00";"82.776";"0.2";"2017.05.18 18:00:00";"82.514";"33.27";"13757.02";"OOS1";"Exit After X Bars";"-41.85";"129.74";"12h 0m";""
"48";"AUDJPY_DukasM1_the5ers";"Sell";"2017.05.26 06:00:00";"82.916";"0.32";"2017.05.26 18:00:00";"82.841";"14.09";"13771.12";"OOS1";"Exit After X Bars";"-10.88";"80.56";"12h 0m";""
"1";"AUDJPY_DukasM1_the5ers";"Sell";"2017.06.01 06:00:00";"82.007";"0.15";"2017.06.01 18:00:00";"82.161";"-15.86";"13755.26";"OOS1";"Exit After X Bars";"-43.16";"2.94";"12h 0m";""
"2";"AUDJPY_DukasM1_the5ers";"Sell";"2017.06.22 06:00:00";"83.805";"0.17";"2017.06.22 18:00:00";"83.965";"-18.64";"13736.62";"OOS1";"Exit After X Bars";"-28.35";"5.22";"12h 0m";""
"3";"AUDJPY_DukasM1_the5ers";"Sell";"2017.07.06 06:00:00";"85.901";"0.16";"2017.07.06 18:00:00";"85.796";"10.19";"13746.81";"OOS1";"Exit After X Bars";"-45.09";"16.53";"12h 0m";""
"4";"AUDJPY_DukasM1_the5ers";"Sell";"2017.08.03 06:00:00";"87.766";"0.17";"2017.08.03 18:00:00";"87.541";"24.16";"13770.97";"OOS1";"Exit After X Bars";"-9.78";"38.91";"12h 0m";""
"5";"AUDJPY_DukasM1_the5ers";"Sell";"2017.08.11 06:00:00";"85.556";"0.15";"2017.08.11 18:00:00";"85.956";"-39.99";"13730.99";"OOS1";"Exit After X Bars";"-69.05";"9.02";"12h 0m";""
"6";"AUDJPY_DukasM1_the5ers";"Sell";"2017.09.07 06:00:00";"87.133";"0.15";"2017.09.07 18:00:00";"87.139";"-1.34";"13729.65";"OOS1";"Exit After X Bars";"-37.27";"11.77";"12h 0m";""
"7";"AUDJPY_DukasM1_the5ers";"Sell";"2017.09.22 06:00:00";"88.524";"0.14";"2017.09.22 18:00:00";"89.321";"-73.66";"13655.98";"OOS1";"Exit After X Bars";"-79.46";"1.56";"12h 0m";""
"8";"AUDJPY_DukasM1_the5ers";"Sell";"2017.09.28 06:00:00";"88.320";"0.16";"2017.09.28 18:00:00";"88.335";"-2.37";"13653.61";"OOS1";"Exit After X Bars";"-17.47";"30.66";"12h 0m";""
"9";"AUDJPY_DukasM1_the5ers";"Sell";"2017.10.06 06:00:00";"87.740";"0.21";"2017.10.06 18:00:00";"87.554";"24.49";"13678.11";"OOS1";"Exit After X Bars";"-27.05";"44.77";"12h 0m";""
"10";"AUDJPY_DukasM1_the5ers";"Sell";"2017.10.27 06:00:00";"87.317";"0.17";"2017.10.27 18:00:00";"87.138";"19.05";"13697.16";"OOS1";"Exit After X Bars";"-4.00";"29.90";"12h 0m";""
"11";"AUDJPY_DukasM1_the5ers";"Sell";"2017.11.17 06:00:00";"85.380";"0.2";"2017.11.17 18:00:00";"84.751";"81.26";"13778.42";"OOS1";"Exit After X Bars";"-3.27";"86.71";"12h 0m";""
"12";"AUDJPY_DukasM1_the5ers";"Sell";"2017.12.07 06:00:00";"84.825";"0.19";"2017.12.07 18:00:00";"84.858";"-5.05";"13773.37";"OOS1";"Exit After X Bars";"-15.78";"18.14";"12h 0m";""
"13";"AUDJPY_DukasM1_the5ers";"Sell";"2018.01.12 06:00:00";"87.681";"0.19";"2018.01.12 18:00:00";"87.852";"-22.20";"13751.17";"OOS1";"Exit After X Bars";"-28.08";"34.04";"12h 0m";""
"14";"AUDJPY_DukasM1_the5ers";"Sell";"2018.02.01 06:00:00";"88.031";"0.15";"2018.02.01 18:00:00";"87.793";"22.60";"13773.77";"OOS1";"Exit After X Bars";"-1.96";"51.59";"12h 0m";""
"15";"AUDJPY_DukasM1_the5ers";"Sell";"2018.02.02 06:00:00";"87.724";"0.16";"2018.02.02 18:00:00";"87.683";"3.49";"13777.26";"OOS1";"Exit After X Bars";"-25.53";"30.34";"12h 0m";""
"16";"AUDJPY_DukasM1_the5ers";"Sell";"2018.02.08 06:00:00";"85.444";"0.1";"2018.02.08 18:00:00";"85.189";"16.18";"13793.43";"OOS1";"Exit After X Bars";"-36.36";"22.36";"12h 0m";""
"17";"AUDJPY_DukasM1_the5ers";"Sell";"2018.02.09 07:00:00";"84.738";"0.09";"2018.02.09 19:00:00";"84.685";"2.67";"13796.10";"OOS1";"Exit After X Bars";"-42.37";"5.06";"12h 0m";""
"18";"AUDJPY_DukasM1_the5ers";"Sell";"2018.02.16 07:00:00";"84.200";"0.12";"2018.02.16 19:00:00";"84.092";"7.87";"13803.98";"OOS1";"Exit After X Bars";"-37.51";"17.34";"12h 0m";""
"19";"AUDJPY_DukasM1_the5ers";"Sell";"2018.02.22 06:00:00";"83.690";"0.16";"2018.02.22 18:00:00";"83.946";"-27.58";"13776.39";"OOS1";"Exit After X Bars";"-34.74";"3.56";"12h 0m";""
"20";"AUDJPY_DukasM1_the5ers";"Sell";"2018.02.23 06:00:00";"83.682";"0.17";"2018.02.23 18:00:00";"83.410";"29.39";"13805.78";"OOS1";"Exit After X Bars";"-14.12";"43.91";"12h 0m";""
"21";"AUDJPY_DukasM1_the5ers";"Sell";"2018.03.01 06:00:00";"82.523";"0.15";"2018.03.01 18:00:00";"82.947";"-42.34";"13763.44";"OOS1";"Exit After X Bars";"-65.52";"17.85";"12h 0m";""
"22";"AUDJPY_DukasM1_the5ers";"Sell";"2018.03.02 06:00:00";"82.207";"0.12";"2018.03.02 18:00:00";"81.688";"40.13";"13803.57";"OOS1";"Exit After X Bars";"-12.32";"49.52";"12h 0m";""
"23";"AUDJPY_DukasM1_the5ers";"Sell";"2018.03.15 06:00:00";"83.553";"0.15";"2018.03.15 18:00:00";"82.894";"63.89";"13867.46";"OOS1";"Exit After X Bars";"-1.86";"72.00";"12h 0m";""
"24";"AUDJPY_DukasM1_the5ers";"Sell";"2018.03.16 06:00:00";"82.365";"0.15";"2018.03.16 18:00:00";"82.048";"30.34";"13897.80";"OOS1";"Exit After X Bars";"-33.55";"46.49";"12h 0m";""
"25";"AUDJPY_DukasM1_the5ers";"Sell";"2018.03.23 07:00:00";"80.794";"0.1";"2018.03.23 19:00:00";"80.951";"-10.77";"13887.03";"OOS1";"Exit After X Bars";"-44.60";"6.02";"12h 0m";""
"26";"AUDJPY_DukasM1_the5ers";"Sell";"2018.04.27 06:00:00";"82.494";"0.23";"2018.04.27 18:00:00";"82.563";"-11.53";"13875.51";"OOS1";"Exit After X Bars";"-34.44";"13.24";"12h 0m";""
"27";"AUDJPY_DukasM1_the5ers";"Sell";"2018.05.24 06:00:00";"82.934";"0.12";"2018.05.24 18:00:00";"82.495";"33.85";"13909.36";"OOS1";"Exit After X Bars";"-8.47";"38.69";"12h 0m";""
"28";"AUDJPY_DukasM1_the5ers";"Sell";"2018.05.31 06:00:00";"82.103";"0.11";"2018.05.31 18:00:00";"82.210";"-8.25";"13901.11";"OOS1";"Exit After X Bars";"-41.65";"1.01";"12h 0m";""
"29";"AUDJPY_DukasM1_the5ers";"Sell";"2018.06.08 06:00:00";"83.610";"0.17";"2018.06.08 18:00:00";"83.115";"54.18";"13955.29";"OOS1";"Exit After X Bars";"-2.00";"112.17";"12h 0m";""
"30";"AUDJPY_DukasM1_the5ers";"Sell";"2018.06.15 06:00:00";"82.665";"0.16";"2018.06.15 18:00:00";"82.445";"22.22";"13977.50";"OOS1";"Exit After X Bars";"-20.30";"39.65";"12h 0m";""
"31";"AUDJPY_DukasM1_the5ers";"Sell";"2018.06.28 06:00:00";"81.070";"0.13";"2018.06.28 18:00:00";"81.104";"-3.54";"13973.96";"OOS1";"Exit After X Bars";"-10.46";"18.96";"12h 0m";""
"32";"AUDJPY_DukasM1_the5ers";"Sell";"2018.07.05 06:00:00";"81.543";"0.19";"2018.07.05 18:00:00";"81.674";"-17.23";"13956.74";"OOS1";"Exit After X Bars";"-50.20";"31.81";"12h 0m";""
"33";"AUDJPY_DukasM1_the5ers";"Sell";"2018.07.20 06:00:00";"82.623";"0.14";"2018.07.20 18:00:00";"82.865";"-22.85";"13933.88";"OOS1";"Exit After X Bars";"-35.25";"9.06";"12h 0m";""
"34";"AUDJPY_DukasM1_the5ers";"Sell";"2018.07.27 06:00:00";"81.990";"0.2";"2018.07.27 18:00:00";"82.202";"-28.73";"13905.16";"OOS1";"Exit After X Bars";"-43.68";"4.19";"12h 0m";""
"35";"AUDJPY_DukasM1_the5ers";"Sell";"2018.08.03 06:00:00";"82.216";"0.21";"2018.08.03 18:00:00";"82.283";"-10.25";"13894.91";"OOS1";"Exit After X Bars";"-57.54";"12.08";"12h 0m";""
"36";"AUDJPY_DukasM1_the5ers";"Sell";"2018.08.10 06:00:00";"81.746";"0.2";"2018.08.10 09:18:00";"80.865";"114.22";"14009.13";"OOS1";"PT";"-6.93";"115.22";"3h 18m";""
"37";"AUDJPY_DukasM1_the5ers";"Sell";"2018.08.23 06:00:00";"80.757";"0.18";"2018.08.23 18:00:00";"80.928";"-21.03";"13988.10";"OOS1";"Exit After X Bars";"-22.95";"14.24";"12h 0m";""
"38";"AUDJPY_DukasM1_the5ers";"Sell";"2018.08.30 06:00:00";"81.372";"0.19";"2018.08.30 18:00:00";"81.129";"29.24";"14017.34";"OOS1";"Exit After X Bars";"-17.77";"40.75";"12h 0m";""
"39";"AUDJPY_DukasM1_the5ers";"Sell";"2018.08.31 06:00:00";"80.480";"0.16";"2018.08.31 18:00:00";"80.187";"29.86";"14047.20";"OOS1";"Exit After X Bars";"-19.77";"68.95";"12h 0m";""
"40";"AUDJPY_DukasM1_the5ers";"Sell";"2018.09.07 06:00:00";"79.316";"0.14";"2018.09.07 18:00:00";"79.403";"-8.66";"14038.53";"OOS1";"Exit After X Bars";"-17.21";"31.77";"12h 0m";""
"41";"AUDJPY_DukasM1_the5ers";"Sell";"2018.09.27 06:00:00";"81.874";"0.18";"2018.09.27 18:00:00";"81.753";"13.34";"14051.88";"OOS1";"Exit After X Bars";"-10.59";"65.44";"12h 0m";""
"42";"AUDJPY_DukasM1_the5ers";"Sell";"2018.10.04 06:00:00";"81.150";"0.18";"2018.10.04 18:00:00";"80.584";"65.72";"14117.60";"OOS1";"Exit After X Bars";"-2.94";"68.15";"12h 0m";""
"43";"AUDJPY_DukasM1_the5ers";"Sell";"2018.10.05 07:00:00";"80.448";"0.17";"2018.10.05 19:00:00";"80.059";"42.39";"14159.99";"OOS1";"Exit After X Bars";"-26.79";"43.91";"12h 0m";""
"44";"AUDJPY_DukasM1_the5ers";"Sell";"2018.10.11 06:00:00";"79.300";"0.12";"2018.10.11 18:00:00";"79.830";"-42.19";"14117.80";"OOS1";"Exit After X Bars";"-68.03";"7.30";"12h 0m";""
"45";"AUDJPY_DukasM1_the5ers";"Sell";"2018.10.25 06:00:00";"79.361";"0.15";"2018.10.25 18:00:00";"79.655";"-29.59";"14088.21";"OOS1";"Exit After X Bars";"-42.86";"25.01";"12h 0m";""
"46";"AUDJPY_DukasM1_the5ers";"Sell";"2018.10.26 06:00:00";"79.243";"0.15";"2018.10.26 18:00:00";"78.790";"43.68";"14131.90";"OOS1";"Exit After X Bars";"-3.43";"65.23";"12h 0m";""
"47";"AUDJPY_DukasM1_the5ers";"Sell";"2018.11.22 06:00:00";"81.916";"0.17";"2018.11.22 18:00:00";"81.894";"1.60";"14133.49";"OOS1";"Exit After X Bars";"-14.45";"22.57";"12h 0m";""
"48";"AUDJPY_DukasM1_the5ers";"Sell";"2018.11.23 06:00:00";"81.903";"0.23";"2018.11.23 18:00:00";"81.522";"56.15";"14189.65";"OOS1";"Exit After X Bars";"-6.32";"69.34";"12h 0m";""
"49";"AUDJPY_DukasM1_the5ers";"Sell";"2018.12.06 06:00:00";"81.384";"0.16";"2018.12.06 18:00:00";"81.058";"33.31";"14222.96";"OOS1";"Exit After X Bars";"-52.21";"36.31";"12h 0m";""
"50";"AUDJPY_DukasM1_the5ers";"Sell";"2018.12.20 06:00:00";"79.832";"0.14";"2018.12.20 18:00:00";"79.427";"36.38";"14259.33";"OOS1";"Exit After X Bars";"-2.29";"48.43";"12h 0m";""
"51";"AUDJPY_DukasM1_the5ers";"Sell";"2019.01.03 06:00:00";"74.295";"0.05";"2019.01.03 18:00:00";"75.257";"-31.70";"14227.63";"OOS1";"Exit After X Bars";"-38.74";"10.07";"12h 0m";""
"52";"AUDJPY_DukasM1_the5ers";"Sell";"2019.01.17 06:00:00";"78.096";"0.17";"2019.01.17 18:00:00";"78.056";"3.60";"14231.23";"OOS1";"Exit After X Bars";"-5.56";"35.80";"12h 0m";""
"53";"AUDJPY_DukasM1_the5ers";"Sell";"2019.01.24 06:00:00";"77.992";"0.17";"2019.01.24 18:00:00";"77.851";"14.82";"14246.05";"OOS1";"Exit After X Bars";"-4.00";"37.57";"12h 0m";""
"54";"AUDJPY_DukasM1_the5ers";"Sell";"2019.02.07 06:00:00";"78.087";"0.18";"2019.02.07 18:00:00";"78.031";"5.69";"14251.74";"OOS1";"Exit After X Bars";"-8.95";"14.95";"12h 0m";""
"55";"AUDJPY_DukasM1_the5ers";"Sell";"2019.02.08 06:00:00";"77.666";"0.16";"2019.02.08 18:00:00";"77.822";"-17.12";"14234.62";"OOS1";"Exit After X Bars";"-34.32";"7.43";"12h 0m";""
"1";"AUDJPY_DukasM1_the5ers";"Sell";"2019.02.22 06:00:00";"78.560";"0.23";"2019.02.22 17:00:00";"78.922";"-55.60";"14179.02";"OOS1";"Exit After X Bars";"-61.51";"2.26";"11h 0m";""
"2";"AUDJPY_DukasM1_the5ers";"Sell";"2019.03.08 06:00:00";"78.119";"0.32";"2019.03.08 17:00:00";"78.227";"-24.20";"14154.82";"OOS1";"Exit After X Bars";"-27.41";"78.68";"11h 0m";""
"3";"AUDJPY_DukasM1_the5ers";"Sell";"2019.03.21 06:00:00";"78.971";"0.3";"2019.03.21 17:00:00";"78.951";"2.42";"14157.25";"OOS1";"Exit After X Bars";"-16.28";"44.92";"11h 0m";""
"4";"AUDJPY_DukasM1_the5ers";"Sell";"2019.03.22 06:00:00";"78.698";"0.32";"2019.03.22 17:00:00";"77.903";"164.76";"14322.01";"OOS1";"Exit After X Bars";"-27.41";"168.45";"11h 0m";""
"5";"AUDJPY_DukasM1_the5ers";"Sell";"2019.03.28 06:00:00";"78.161";"0.3";"2019.03.28 17:00:00";"78.404";"-49.17";"14272.83";"OOS1";"Exit After X Bars";"-58.26";"29.62";"11h 0m";""
"6";"AUDJPY_DukasM1_the5ers";"Sell";"2019.04.19 06:00:00";"79.995";"0.44";"2019.04.19 17:00:00";"80.044";"-16.30";"14256.54";"OOS1";"Exit After X Bars";"-37.40";"0.00";"11h 0m";""
"7";"AUDJPY_DukasM1_the5ers";"Sell";"2019.04.25 06:00:00";"78.631";"0.36";"2019.04.25 17:00:00";"78.208";"97.78";"14354.32";"OOS1";"Exit After X Bars";"-12.24";"113.00";"11h 0m";""
"8";"AUDJPY_DukasM1_the5ers";"Sell";"2019.05.03 06:00:00";"77.967";"0.47";"2019.05.03 17:00:00";"78.059";"-30.63";"14323.69";"OOS1";"Exit After X Bars";"-70.69";"8.91";"11h 0m";""
"9";"AUDJPY_DukasM1_the5ers";"Sell";"2019.05.09 06:00:00";"76.634";"0.3";"2019.05.09 17:00:00";"76.518";"21.26";"14344.95";"OOS1";"Exit After X Bars";"-25.70";"54.14";"11h 0m";""
"10";"AUDJPY_DukasM1_the5ers";"Sell";"2019.05.17 06:00:00";"75.726";"0.38";"2019.05.17 17:00:00";"75.475";"60.47";"14405.42";"OOS1";"Exit After X Bars";"-8.70";"94.68";"11h 0m";""
"11";"AUDJPY_DukasM1_the5ers";"Sell";"2019.05.24 06:00:00";"75.467";"0.36";"2019.05.24 17:00:00";"75.791";"-78.07";"14327.34";"OOS1";"Exit After X Bars";"-88.52";"14.83";"11h 0m";""
"12";"AUDJPY_DukasM1_the5ers";"Sell";"2019.05.31 06:00:00";"75.568";"0.32";"2019.05.31 17:00:00";"75.315";"51.34";"14378.69";"OOS1";"Exit After X Bars";"-12.97";"97.72";"11h 0m";""
"13";"AUDJPY_DukasM1_the5ers";"Sell";"2019.06.06 06:00:00";"75.466";"0.38";"2019.06.06 17:00:00";"75.583";"-30.97";"14347.71";"OOS1";"Exit After X Bars";"-35.29";"43.73";"11h 0m";""
"14";"AUDJPY_DukasM1_the5ers";"Sell";"2019.06.13 06:00:00";"74.815";"0.47";"2019.06.13 17:00:00";"74.998";"-58.59";"14289.12";"OOS1";"Exit After X Bars";"-63.01";"8.30";"11h 0m";""
"15";"AUDJPY_DukasM1_the5ers";"Sell";"2019.06.14 06:00:00";"74.675";"0.5";"2019.06.14 17:00:00";"74.608";"19.41";"14308.53";"OOS1";"Exit After X Bars";"-44.47";"33.02";"11h 0m";""
"16";"AUDJPY_DukasM1_the5ers";"Sell";"2019.06.20 06:00:00";"74.138";"0.4";"2019.06.20 11:01:00";"74.517";"-101.13";"14207.39";"OOS1";"SL";"-99.13";"0.00";"5h 1m";""
"17";"AUDJPY_DukasM1_the5ers";"Sell";"2019.06.21 06:00:00";"74.215";"0.38";"2019.06.21 17:00:00";"74.355";"-36.69";"14170.70";"OOS1";"Exit After X Bars";"-54.42";"14.66";"11h 0m";""
"18";"AUDJPY_DukasM1_the5ers";"Sell";"2019.07.11 06:00:00";"75.251";"0.5";"2019.07.11 15:35:00";"75.556";"-102.22";"14068.48";"OOS1";"SL";"-99.72";"9.15";"9h 35m";""
"19";"AUDJPY_DukasM1_the5ers";"Sell";"2019.07.26 07:00:00";"75.409";"0.55";"2019.07.26 18:00:00";"75.102";"107.67";"14176.14";"OOS1";"Exit After X Bars";"-23.02";"115.09";"11h 0m";""
"20";"AUDJPY_DukasM1_the5ers";"Sell";"2019.08.01 06:00:00";"74.787";"0.39";"2019.08.01 17:00:00";"74.208";"145.71";"14321.86";"OOS1";"Exit After X Bars";"-15.56";"161.69";"11h 0m";""
"21";"AUDJPY_DukasM1_the5ers";"Sell";"2019.08.02 06:00:00";"72.882";"0.22";"2019.08.02 17:00:00";"72.565";"44.50";"14366.36";"OOS1";"Exit After X Bars";"-19.13";"93.65";"11h 0m";""
"22";"AUDJPY_DukasM1_the5ers";"Sell";"2019.08.23 06:00:00";"72.050";"0.41";"2019.08.23 17:00:00";"71.865";"47.55";"14413.91";"OOS1";"Exit After X Bars";"-19.84";"89.82";"11h 0m";""
"23";"AUDJPY_DukasM1_the5ers";"Sell";"2019.08.29 06:00:00";"71.267";"0.37";"2019.08.29 11:59:00";"71.683";"-102.50";"14311.41";"OOS1";"SL";"-100.65";"32.18";"5h 59m";""
"24";"AUDJPY_DukasM1_the5ers";"Sell";"2019.09.19 06:00:00";"73.344";"0.34";"2019.09.19 17:00:00";"73.491";"-34.38";"14277.03";"OOS1";"Exit After X Bars";"-38.46";"45.13";"11h 0m";""
"25";"AUDJPY_DukasM1_the5ers";"Sell";"2019.09.20 06:00:00";"73.279";"0.39";"2019.09.20 17:00:00";"73.211";"15.39";"14292.42";"OOS1";"Exit After X Bars";"-49.22";"24.23";"11h 0m";""
"26";"AUDJPY_DukasM1_the5ers";"Sell";"2019.09.27 06:00:00";"72.757";"0.44";"2019.09.27 15:29:00";"73.104";"-102.04";"14190.38";"OOS1";"SL";"-99.84";"3.16";"9h 29m";""
"27";"AUDJPY_DukasM1_the5ers";"Sell";"2019.10.25 06:00:00";"74.038";"0.46";"2019.10.25 17:00:00";"74.146";"-34.79";"14155.59";"OOS1";"Exit After X Bars";"-64.37";"0.30";"11h 0m";""
"28";"AUDJPY_DukasM1_the5ers";"Sell";"2019.11.14 06:00:00";"73.894";"0.36";"2019.11.14 17:00:00";"73.646";"56.58";"14212.17";"OOS1";"Exit After X Bars";"-36.02";"69.92";"11h 0m";""
"29";"AUDJPY_DukasM1_the5ers";"Sell";"2019.11.22 06:00:00";"73.728";"0.41";"2019.11.22 17:00:00";"73.777";"-15.19";"14196.98";"OOS1";"Exit After X Bars";"-54.69";"33.78";"11h 0m";""
"30";"AUDJPY_DukasM1_the5ers";"Sell";"2020.01.03 06:00:00";"75.380";"0.35";"2020.01.03 17:00:00";"75.211";"36.93";"14233.91";"OOS1";"Exit After X Bars";"-19.45";"116.95";"11h 0m";""
"31";"AUDJPY_DukasM1_the5ers";"Sell";"2020.01.23 06:00:00";"75.289";"0.38";"2020.01.23 17:00:00";"75.082";"49.54";"14283.45";"OOS1";"Exit After X Bars";"-22.86";"63.12";"11h 0m";""
"32";"AUDJPY_DukasM1_the5ers";"Sell";"2020.01.24 06:00:00";"74.960";"0.38";"2020.01.24 17:00:00";"74.909";"10.77";"14294.22";"OOS1";"Exit After X Bars";"-56.41";"25.10";"11h 0m";""
"33";"AUDJPY_DukasM1_the5ers";"Sell";"2020.01.30 06:00:00";"73.331";"0.35";"2020.01.30 17:00:00";"73.063";"59.59";"14353.81";"OOS1";"Exit After X Bars";"-26.09";"66.37";"11h 0m";""
"34";"AUDJPY_DukasM1_the5ers";"Sell";"2020.02.13 06:00:00";"73.827";"0.34";"2020.02.13 17:00:00";"73.955";"-30.16";"14323.65";"OOS1";"Exit After X Bars";"-61.81";"29.13";"11h 0m";""
"35";"AUDJPY_DukasM1_the5ers";"Sell";"2020.02.27 06:00:00";"72.284";"0.26";"2020.02.27 17:00:00";"72.345";"-11.67";"14311.98";"OOS1";"Exit After X Bars";"-43.19";"43.02";"11h 0m";""
"36";"AUDJPY_DukasM1_the5ers";"Sell";"2020.02.28 06:00:00";"71.334";"0.2";"2020.02.28 17:00:00";"70.599";"95.13";"14407.11";"OOS1";"Exit After X Bars";"-9.02";"110.38";"11h 0m";""
"37";"AUDJPY_DukasM1_the5ers";"Sell";"2020.03.05 06:00:00";"71.040";"0.2";"2020.03.05 17:00:00";"70.485";"71.59";"14478.70";"OOS1";"Exit After X Bars";"-24.85";"90.63";"11h 0m";""
"38";"AUDJPY_DukasM1_the5ers";"Sell";"2020.03.06 06:00:00";"69.788";"0.21";"2020.03.06 17:00:00";"69.834";"-7.37";"14471.33";"OOS1";"Exit After X Bars";"-73.47";"26.50";"11h 0m";""
"39";"AUDJPY_DukasM1_the5ers";"Sell";"2020.03.12 06:00:00";"66.759";"0.1";"2020.03.12 17:00:00";"66.530";"14.47";"14485.80";"OOS1";"Exit After X Bars";"-40.35";"52.97";"11h 0m";""
"40";"AUDJPY_DukasM1_the5ers";"Sell";"2020.03.13 06:00:00";"66.010";"0.08";"2020.03.13 17:00:00";"67.210";"-63.18";"14422.63";"OOS1";"Exit After X Bars";"-91.24";"2.82";"11h 0m";""
"41";"AUDJPY_DukasM1_the5ers";"Sell";"2020.03.19 06:00:00";"60.733";"0.06";"2020.03.19 13:08:00";"62.980";"-88.46";"14334.16";"OOS1";"SL";"-88.16";"6.63";"7h 8m";""
"42";"AUDJPY_DukasM1_the5ers";"Sell";"2020.04.16 06:00:00";"67.819";"0.2";"2020.04.16 17:00:00";"67.889";"-10.15";"14324.01";"OOS1";"Exit After X Bars";"-30.73";"15.82";"11h 0m";""
"43";"AUDJPY_DukasM1_the5ers";"Sell";"2020.04.23 06:00:00";"67.936";"0.25";"2020.04.23 09:08:00";"68.550";"-101.63";"14222.38";"OOS1";"SL";"-100.38";"10.14";"3h 8m";""
"44";"AUDJPY_DukasM1_the5ers";"Sell";"2020.05.07 06:00:00";"68.092";"0.27";"2020.05.07 10:06:00";"68.658";"-101.28";"14121.10";"OOS1";"SL";"-99.93";"0.00";"4h 6m";""
"45";"AUDJPY_DukasM1_the5ers";"Sell";"2020.05.14 06:00:00";"68.845";"0.22";"2020.05.14 17:00:00";"68.597";"34.58";"14155.68";"OOS1";"Exit After X Bars";"-18.85";"38.70";"11h 0m";""
"46";"AUDJPY_DukasM1_the5ers";"Sell";"2020.06.11 06:00:00";"74.575";"0.17";"2020.06.11 17:00:00";"73.827";"82.30";"14237.98";"OOS1";"Exit After X Bars";"-2.11";"110.61";"11h 0m";""
"47";"AUDJPY_DukasM1_the5ers";"Sell";"2020.06.12 06:00:00";"72.890";"0.16";"2020.06.12 10:16:00";"73.842";"-100.41";"14137.57";"OOS1";"SL";"-99.61";"5.34";"4h 16m";""
"48";"AUDJPY_DukasM1_the5ers";"Sell";"2020.06.19 06:00:00";"73.335";"0.19";"2020.06.19 17:00:00";"73.539";"-26.30";"14111.28";"OOS1";"Exit After X Bars";"-62.87";"11.31";"11h 0m";""
"49";"AUDJPY_DukasM1_the5ers";"Sell";"2020.07.10 06:00:00";"74.327";"0.36";"2020.07.10 17:00:00";"74.246";"17.27";"14128.55";"OOS1";"Exit After X Bars";"-19.77";"77.69";"11h 0m";""
"50";"AUDJPY_DukasM1_the5ers";"Sell";"2020.07.31 06:00:00";"75.097";"0.3";"2020.07.31 16:17:00";"75.602";"-100.57";"14027.98";"OOS1";"SL";"-99.07";"13.73";"10h 17m";""
"51";"AUDJPY_DukasM1_the5ers";"Sell";"2020.08.20 06:00:00";"76.106";"0.36";"2020.08.20 17:00:00";"75.797";"70.94";"14098.92";"OOS1";"Exit After X Bars";"-32.72";"113.47";"11h 0m";""
"52";"AUDJPY_DukasM1_the5ers";"Sell";"2020.09.04 06:00:00";"77.171";"0.3";"2020.09.04 17:00:00";"77.098";"12.82";"14111.74";"OOS1";"Exit After X Bars";"-61.99";"22.17";"11h 0m";""
"53";"AUDJPY_DukasM1_the5ers";"Sell";"2020.09.11 07:00:00";"77.237";"0.3";"2020.09.11 18:00:00";"77.281";"-10.13";"14101.61";"OOS1";"Exit After X Bars";"-71.80";"0.00";"11h 0m";""
"54";"AUDJPY_DukasM1_the5ers";"Sell";"2020.09.17 06:00:00";"76.443";"0.26";"2020.09.17 17:00:00";"76.395";"6.86";"14108.47";"OOS1";"Exit After X Bars";"-10.88";"55.43";"11h 0m";""
"55";"AUDJPY_DukasM1_the5ers";"Sell";"2020.09.24 06:00:00";"74.356";"0.25";"2020.09.24 17:00:00";"74.126";"36.35";"14144.82";"OOS1";"Exit After X Bars";"-7.68";"60.49";"11h 0m";""
"56";"AUDJPY_DukasM1_the5ers";"Sell";"2020.10.15 06:00:00";"75.019";"0.34";"2020.10.15 17:00:00";"74.505";"112.58";"14257.40";"OOS1";"Exit After X Bars";"-32.02";"166.53";"11h 0m";""
"1";"AUDJPY_DukasM1_the5ers";"Sell";"2020.11.13 06:00:00";"75.794";"0.29";"2020.11.13 12:09:00";"76.309";"-99.11";"14158.29";"OOS1";"SL";"-97.66";"0.00";"6h 9m";""
"2";"AUDJPY_DukasM1_the5ers";"Sell";"2020.11.19 06:00:00";"75.636";"0.37";"2020.11.19 19:00:00";"75.460";"40.73";"14199.02";"OOS1";"Exit After X Bars";"-52.50";"46.45";"13h 0m";""
"3";"AUDJPY_DukasM1_the5ers";"Sell";"2020.11.27 06:00:00";"76.607";"0.46";"2020.11.27 16:11:00";"76.941";"-102.77";"14096.25";"OOS1";"SL";"-100.47";"0.00";"10h 11m";""
"4";"AUDJPY_DukasM1_the5ers";"Sell";"2021.01.22 06:00:00";"80.174";"0.42";"2021.01.22 19:00:00";"80.198";"-8.69";"14087.56";"OOS1";"Exit After X Bars";"-23.89";"70.58";"13h 0m";""
"5";"AUDJPY_DukasM1_the5ers";"Sell";"2021.01.28 06:00:00";"79.610";"0.28";"2021.01.28 19:00:00";"80.060";"-83.79";"14003.77";"OOS1";"Exit After X Bars";"-90.08";"72.14";"13h 0m";""
"6";"AUDJPY_DukasM1_the5ers";"Sell";"2021.02.19 06:00:00";"82.037";"0.39";"2021.02.19 11:23:00";"82.427";"-101.41";"13902.35";"OOS1";"SL";"-99.46";"8.16";"5h 23m";""
"7";"AUDJPY_DukasM1_the5ers";"Sell";"2021.02.26 07:00:00";"83.116";"0.2";"2021.02.26 20:00:00";"82.370";"96.57";"13998.92";"OOS1";"Exit After X Bars";"-24.46";"113.00";"13h 0m";""
"8";"AUDJPY_DukasM1_the5ers";"Sell";"2021.03.05 06:00:00";"83.288";"0.21";"2021.03.05 19:00:00";"82.985";"40.56";"14039.48";"OOS1";"Exit After X Bars";"-43.81";"67.84";"13h 0m";""
"9";"AUDJPY_DukasM1_the5ers";"Sell";"2021.03.19 06:00:00";"84.311";"0.24";"2021.03.19 19:00:00";"84.433";"-20.35";"14019.13";"OOS1";"Exit After X Bars";"-29.19";"28.56";"13h 0m";""
"10";"AUDJPY_DukasM1_the5ers";"Sell";"2021.03.25 06:00:00";"82.800";"0.26";"2021.03.25 19:00:00";"82.754";"6.52";"14025.65";"OOS1";"Exit After X Bars";"-46.93";"39.44";"13h 0m";""
"11";"AUDJPY_DukasM1_the5ers";"Sell";"2021.04.01 06:00:00";"83.747";"0.31";"2021.04.01 19:00:00";"84.117";"-76.56";"13949.10";"OOS1";"Exit After X Bars";"-86.76";"61.22";"13h 0m";""
"12";"AUDJPY_DukasM1_the5ers";"Sell";"2021.04.08 06:00:00";"83.585";"0.36";"2021.04.08 19:00:00";"83.484";"21.98";"13971.07";"OOS1";"Exit After X Bars";"-50.38";"66.86";"13h 0m";""
"13";"AUDJPY_DukasM1_the5ers";"Sell";"2021.04.09 06:00:00";"83.450";"0.37";"2021.04.09 19:00:00";"83.687";"-59.19";"13911.88";"OOS1";"Exit After X Bars";"-84.68";"96.54";"13h 0m";""
"14";"AUDJPY_DukasM1_the5ers";"Sell";"2021.04.23 06:00:00";"83.333";"0.29";"2021.04.23 19:00:00";"83.543";"-41.27";"13870.61";"OOS1";"Exit After X Bars";"-55.75";"26.36";"13h 0m";""
"15";"AUDJPY_DukasM1_the5ers";"Sell";"2021.05.06 06:00:00";"84.369";"0.32";"2021.05.06 18:34:00";"84.844";"-101.00";"13769.61";"OOS1";"SL";"-99.40";"8.16";"12h 34m";""
"16";"AUDJPY_DukasM1_the5ers";"Sell";"2021.05.13 06:00:00";"84.730";"0.28";"2021.05.13 19:00:00";"84.629";"17.09";"13786.70";"OOS1";"Exit After X Bars";"-17.03";"77.45";"13h 0m";""
"17";"AUDJPY_DukasM1_the5ers";"Sell";"2021.05.20 06:00:00";"84.399";"0.28";"2021.05.20 19:00:00";"84.639";"-45.34";"13741.36";"OOS1";"Exit After X Bars";"-48.15";"22.52";"13h 0m";""
"18";"AUDJPY_DukasM1_the5ers";"Sell";"2021.05.21 06:00:00";"84.474";"0.35";"2021.05.21 19:00:00";"84.230";"54.10";"13795.46";"OOS1";"Exit After X Bars";"-33.19";"80.11";"13h 0m";""
"19";"AUDJPY_DukasM1_the5ers";"Sell";"2021.06.04 06:00:00";"84.357";"0.43";"2021.06.04 15:56:00";"84.713";"-102.25";"13693.20";"OOS1";"SL";"-100.10";"4.78";"9h 56m";""
"20";"AUDJPY_DukasM1_the5ers";"Sell";"2021.06.10 06:00:00";"84.683";"0.59";"2021.06.10 15:40:00";"84.944";"-103.65";"13589.55";"OOS1";"SL";"-100.70";"16.59";"9h 40m";""
"21";"AUDJPY_DukasM1_the5ers";"Sell";"2021.06.17 06:00:00";"84.406";"0.34";"2021.06.17 19:00:00";"83.328";"237.98";"13827.53";"OOS1";"Exit After X Bars";"-21.79";"242.57";"13h 0m";""
"22";"AUDJPY_DukasM1_the5ers";"Sell";"2021.06.18 06:00:00";"83.239";"0.32";"2021.06.18 19:00:00";"82.658";"119.98";"13947.51";"OOS1";"Exit After X Bars";"-9.84";"159.45";"13h 0m";""
"23";"AUDJPY_DukasM1_the5ers";"Sell";"2021.07.02 06:00:00";"83.267";"0.44";"2021.07.02 19:00:00";"83.458";"-57.16";"13890.35";"OOS1";"Exit After X Bars";"-60.13";"61.57";"13h 0m";""
"24";"AUDJPY_DukasM1_the5ers";"Sell";"2021.07.08 06:00:00";"82.532";"0.28";"2021.07.08 19:00:00";"81.688";"153.14";"14043.49";"OOS1";"Exit After X Bars";"-9.34";"219.35";"13h 0m";""
"25";"AUDJPY_DukasM1_the5ers";"Sell";"2021.07.15 06:00:00";"81.900";"0.34";"2021.07.15 19:00:00";"81.841";"11.42";"14054.91";"OOS1";"Exit After X Bars";"-61.14";"40.24";"13h 0m";""
"26";"AUDJPY_DukasM1_the5ers";"Sell";"2021.07.16 06:00:00";"81.711";"0.32";"2021.07.16 19:00:00";"81.613";"18.91";"14073.81";"OOS1";"Exit After X Bars";"-51.48";"43.53";"13h 0m";""
"27";"AUDJPY_DukasM1_the5ers";"Sell";"2021.07.30 06:00:00";"80.996";"0.34";"2021.07.30 19:00:00";"80.669";"71.00";"14144.82";"OOS1";"Exit After X Bars";"-21.79";"84.93";"13h 0m";""
"28";"AUDJPY_DukasM1_the5ers";"Sell";"2021.08.13 06:00:00";"81.058";"0.55";"2021.08.13 19:00:00";"80.980";"25.30";"14170.12";"OOS1";"Exit After X Bars";"-20.50";"62.58";"13h 0m";""
"29";"AUDJPY_DukasM1_the5ers";"Sell";"2021.08.19 06:00:00";"79.366";"0.34";"2021.08.19 19:00:00";"78.696";"147.26";"14317.38";"OOS1";"Exit After X Bars";"-9.78";"246.12";"13h 0m";""
"30";"AUDJPY_DukasM1_the5ers";"Sell";"2021.08.20 06:00:00";"78.254";"0.26";"2021.08.20 19:00:00";"78.313";"-11.33";"14306.05";"OOS1";"Exit After X Bars";"-49.82";"58.66";"13h 0m";""
"31";"AUDJPY_DukasM1_the5ers";"Sell";"2021.09.09 06:00:00";"81.042";"0.36";"2021.09.09 19:00:00";"81.023";"2.67";"14308.73";"OOS1";"Exit After X Bars";"-39.55";"26.60";"13h 0m";""
"32";"AUDJPY_DukasM1_the5ers";"Sell";"2021.09.10 06:00:00";"81.067";"0.36";"2021.09.10 19:00:00";"80.993";"15.62";"14324.35";"OOS1";"Exit After X Bars";"-88.28";"32.25";"13h 0m";""
"33";"AUDJPY_DukasM1_the5ers";"Sell";"2021.09.17 07:00:00";"80.128";"0.35";"2021.09.17 20:00:00";"80.016";"23.88";"14348.23";"OOS1";"Exit After X Bars";"-89.49";"52.41";"13h 0m";""
"34";"AUDJPY_DukasM1_the5ers";"Sell";"2021.10.01 06:00:00";"80.352";"0.27";"2021.10.01 19:00:00";"80.703";"-63.32";"14284.91";"OOS1";"Exit After X Bars";"-75.74";"77.33";"13h 0m";""
"35";"AUDJPY_DukasM1_the5ers";"Sell";"2021.10.22 06:00:00";"85.234";"0.22";"2021.10.22 19:00:00";"84.764";"66.52";"14351.42";"OOS1";"Exit After X Bars";"-46.47";"80.42";"13h 0m";""
"36";"AUDJPY_DukasM1_the5ers";"Sell";"2021.11.05 06:00:00";"84.092";"0.26";"2021.11.05 19:00:00";"84.002";"14.00";"14365.42";"OOS1";"Exit After X Bars";"-17.85";"38.42";"13h 0m";""
"37";"AUDJPY_DukasM1_the5ers";"Sell";"2021.11.11 06:00:00";"83.280";"0.26";"2021.11.11 19:00:00";"83.217";"9.41";"14374.84";"OOS1";"Exit After X Bars";"-23.29";"25.67";"13h 0m";""
"38";"AUDJPY_DukasM1_the5ers";"Sell";"2021.11.12 06:00:00";"83.207";"0.35";"2021.11.12 19:00:00";"83.404";"-46.84";"14328.00";"OOS1";"Exit After X Bars";"-58.82";"17.17";"13h 0m";""
"39";"AUDJPY_DukasM1_the5ers";"Sell";"2021.11.18 06:00:00";"82.914";"0.29";"2021.11.18 19:00:00";"83.044";"-26.10";"14301.90";"OOS1";"Exit After X Bars";"-68.08";"14.03";"13h 0m";""
"40";"AUDJPY_DukasM1_the5ers";"Sell";"2021.11.26 06:00:00";"81.907";"0.3";"2021.11.26 19:00:00";"80.817";"212.33";"14514.23";"OOS1";"Exit After X Bars";"-21.58";"259.35";"13h 0m";""
"41";"AUDJPY_DukasM1_the5ers";"Sell";"2021.12.02 06:00:00";"80.422";"0.2";"2021.12.02 19:00:00";"80.291";"16.13";"14530.36";"OOS1";"Exit After X Bars";"-19.75";"64.74";"13h 0m";""
"42";"AUDJPY_DukasM1_the5ers";"Sell";"2021.12.03 06:00:00";"80.013";"0.22";"2021.12.03 19:00:00";"79.140";"124.49";"14654.85";"OOS1";"Exit After X Bars";"-29.64";"128.76";"13h 0m";""
"43";"AUDJPY_DukasM1_the5ers";"Sell";"2022.01.06 06:00:00";"83.315";"0.28";"2022.01.06 19:00:00";"82.996";"57.01";"14711.86";"OOS1";"Exit After X Bars";"-5.49";"112.97";"13h 0m";""
"44";"AUDJPY_DukasM1_the5ers";"Sell";"2022.01.07 06:00:00";"83.031";"0.27";"2022.01.07 19:00:00";"83.087";"-11.24";"14700.63";"OOS1";"Exit After X Bars";"-9.89";"68.68";"13h 0m";""
"45";"AUDJPY_DukasM1_the5ers";"Sell";"2022.01.14 06:00:00";"82.725";"0.28";"2022.01.14 19:00:00";"82.290";"78.25";"14778.87";"OOS1";"Exit After X Bars";"-51.27";"112.79";"13h 0m";""
"46";"AUDJPY_DukasM1_the5ers";"Sell";"2022.01.21 06:00:00";"81.797";"0.24";"2022.01.21 19:00:00";"81.902";"-17.68";"14761.19";"OOS1";"Exit After X Bars";"-45.83";"24.01";"13h 0m";""
"47";"AUDJPY_DukasM1_the5ers";"Sell";"2022.01.28 06:00:00";"81.191";"0.23";"2022.01.28 19:00:00";"80.635";"82.47";"14843.67";"OOS1";"Exit After X Bars";"-16.69";"103.63";"13h 0m";""
"48";"AUDJPY_DukasM1_the5ers";"Sell";"2022.02.24 06:00:00";"82.408";"0.21";"2022.02.24 19:00:00";"82.357";"5.95";"14849.62";"OOS1";"Exit After X Bars";"-34.74";"52.32";"13h 0m";""
"49";"AUDJPY_DukasM1_the5ers";"Sell";"2022.04.08 06:00:00";"92.701";"0.23";"2022.04.08 19:00:00";"92.740";"-7.02";"14842.61";"OOS1";"Exit After X Bars";"-30.23";"30.83";"13h 0m";""
"50";"AUDJPY_DukasM1_the5ers";"Sell";"2022.04.22 07:00:00";"94.361";"0.2";"2022.04.22 20:00:00";"93.348";"131.48";"14974.09";"OOS1";"Exit After X Bars";"-6.93";"170.67";"13h 0m";""
"51";"AUDJPY_DukasM1_the5ers";"Sell";"2022.05.12 06:00:00";"89.802";"0.12";"2022.05.12 19:00:00";"87.769";"158.93";"15133.02";"OOS1";"Exit After X Bars";"-9.42";"194.61";"13h 0m";""
"52";"AUDJPY_DukasM1_the5ers";"Sell";"2022.06.10 06:00:00";"95.213";"0.17";"2022.06.10 19:00:00";"94.659";"60.74";"15193.76";"OOS1";"Exit After X Bars";"-37.24";"97.49";"13h 0m";""
"53";"AUDJPY_DukasM1_the5ers";"Sell";"2022.06.23 06:00:00";"93.232";"0.15";"2022.06.23 19:00:00";"92.861";"35.64";"15229.40";"OOS1";"Exit After X Bars";"-53.16";"38.06";"13h 0m";""
"54";"AUDJPY_DukasM1_the5ers";"Sell";"2022.06.24 06:00:00";"93.033";"0.16";"2022.06.24 18:46:00";"93.957";"-97.48";"15131.92";"OOS1";"SL";"-96.68";"24.80";"12h 46m";""
"55";"AUDJPY_DukasM1_the5ers";"Sell";"2022.07.01 06:00:00";"93.044";"0.18";"2022.07.01 19:00:00";"91.725";"154.35";"15286.28";"OOS1";"Exit After X Bars";"-5.06";"189.27";"13h 0m";""
"1";"AUDJPY_DukasM1_the5ers";"Sell";"2022.07.28 06:00:00";"94.607";"0.17";"2022.07.28 18:00:00";"93.747";"94.75";"15381.03";"OOS1";"Exit After X Bars";"-37.80";"109.05";"12h 0m";""
"2";"AUDJPY_DukasM1_the5ers";"Sell";"2022.07.29 06:00:00";"93.990";"0.18";"2022.07.29 18:00:00";"93.251";"86.08";"15467.12";"OOS1";"Exit After X Bars";"-2.82";"131.71";"12h 0m";""
"3";"AUDJPY_DukasM1_the5ers";"Sell";"2022.08.18 06:00:00";"93.491";"0.19";"2022.08.18 18:00:00";"93.889";"-50.40";"15416.72";"OOS1";"Exit After X Bars";"-87.97";"13.17";"12h 0m";""
"4";"AUDJPY_DukasM1_the5ers";"Sell";"2022.09.01 06:00:00";"95.038";"0.2";"2022.09.01 18:00:00";"94.979";"6.72";"15423.43";"OOS1";"Exit After X Bars";"-45.38";"31.13";"12h 0m";""
"5";"AUDJPY_DukasM1_the5ers";"Sell";"2022.09.02 07:00:00";"95.160";"0.21";"2022.09.02 15:30:00";"95.875";"-99.24";"15324.20";"OOS1";"SL";"-98.19";"3.98";"8h 30m";""
"6";"AUDJPY_DukasM1_the5ers";"Sell";"2022.09.16 06:00:00";"96.256";"0.18";"2022.09.16 18:00:00";"95.868";"44.77";"15368.97";"OOS1";"Exit After X Bars";"-21.78";"81.45";"12h 0m";""
"7";"AUDJPY_DukasM1_the5ers";"Sell";"2022.09.22 06:00:00";"95.352";"0.14";"2022.09.22 11:02:00";"96.404";"-97.01";"15271.96";"OOS1";"SL";"-96.31";"13.00";"5h 2m";""
"8";"AUDJPY_DukasM1_the5ers";"Sell";"2022.10.07 06:00:00";"93.151";"0.15";"2022.10.07 18:00:00";"92.978";"16.22";"15288.18";"OOS1";"Exit After X Bars";"-6.47";"68.56";"12h 0m";""
"9";"AUDJPY_DukasM1_the5ers";"Sell";"2022.11.03 06:00:00";"93.750";"0.15";"2022.11.03 18:00:00";"93.274";"45.94";"15334.12";"OOS1";"Exit After X Bars";"-8.73";"76.12";"12h 0m";""
"10";"AUDJPY_DukasM1_the5ers";"Sell";"2022.11.10 06:00:00";"93.747";"0.18";"2022.11.10 18:00:00";"93.396";"40.41";"15374.53";"OOS1";"Exit After X Bars";"-71.92";"94.05";"12h 0m";""
"11";"AUDJPY_DukasM1_the5ers";"Sell";"2022.11.17 06:00:00";"93.659";"0.17";"2022.11.17 18:00:00";"93.515";"15.16";"15389.69";"OOS1";"Exit After X Bars";"-38.91";"54.58";"12h 0m";""
"12";"AUDJPY_DukasM1_the5ers";"Sell";"2022.11.24 06:00:00";"93.812";"0.24";"2022.11.24 18:00:00";"93.684";"18.89";"15408.58";"OOS1";"Exit After X Bars";"-18.68";"106.41";"12h 0m";""
"13";"AUDJPY_DukasM1_the5ers";"Sell";"2022.12.02 06:00:00";"92.103";"0.18";"2022.12.02 18:00:00";"91.772";"38.06";"15446.64";"OOS1";"Exit After X Bars";"-17.19";"113.00";"12h 0m";""
"14";"AUDJPY_DukasM1_the5ers";"Sell";"2022.12.16 06:00:00";"92.235";"0.2";"2022.12.16 18:00:00";"91.279";"124.03";"15570.67";"OOS1";"Exit After X Bars";"-4.58";"131.57";"12h 0m";""
"15";"AUDJPY_DukasM1_the5ers";"Sell";"2023.01.12 06:00:00";"91.039";"0.21";"2023.01.12 18:00:00";"90.029";"137.65";"15708.32";"OOS1";"Exit After X Bars";"-10.71";"155.31";"12h 0m";""
"16";"AUDJPY_DukasM1_the5ers";"Sell";"2023.01.13 06:00:00";"89.783";"0.17";"2023.01.13 18:00:00";"88.756";"113.32";"15821.63";"OOS1";"Exit After X Bars";"-17.01";"125.84";"12h 0m";""
"17";"AUDJPY_DukasM1_the5ers";"Sell";"2023.01.19 06:00:00";"88.592";"0.13";"2023.01.19 18:00:00";"88.535";"4.20";"15825.83";"OOS1";"Exit After X Bars";"-22.36";"39.53";"12h 0m";""
"18";"AUDJPY_DukasM1_the5ers";"Sell";"2023.02.02 06:00:00";"91.855";"0.19";"2023.02.02 18:00:00";"91.218";"78.19";"15904.02";"OOS1";"Exit After X Bars";"-39.51";"94.43";"12h 0m";""
"19";"AUDJPY_DukasM1_the5ers";"Sell";"2023.02.03 06:00:00";"90.769";"0.18";"2023.02.03 18:00:00";"91.445";"-80.47";"15823.55";"OOS1";"Exit After X Bars";"-85.93";"46.02";"12h 0m";""
"20";"AUDJPY_DukasM1_the5ers";"Sell";"2023.02.10 06:00:00";"91.106";"0.24";"2023.02.10 18:00:00";"90.928";"26.74";"15850.29";"OOS1";"Exit After X Bars";"-23.38";"135.91";"12h 0m";""
"21";"AUDJPY_DukasM1_the5ers";"Sell";"2023.02.17 07:00:00";"92.143";"0.22";"2023.02.17 19:00:00";"92.136";"-0.09";"15850.20";"OOS1";"Exit After X Bars";"-19.71";"27.77";"12h 0m";""
"22";"AUDJPY_DukasM1_the5ers";"Sell";"2023.02.24 06:00:00";"91.813";"0.22";"2023.02.24 18:00:00";"91.696";"15.73";"15865.93";"OOS1";"Exit After X Bars";"-4.03";"74.38";"12h 0m";""
"23";"AUDJPY_DukasM1_the5ers";"Sell";"2023.03.09 06:00:00";"90.270";"0.24";"2023.03.09 18:00:00";"90.197";"10.26";"15876.19";"OOS1";"Exit After X Bars";"-38.92";"42.69";"12h 0m";""
"24";"AUDJPY_DukasM1_the5ers";"Sell";"2023.03.10 06:00:00";"89.802";"0.18";"2023.03.10 18:00:00";"89.054";"87.14";"15963.33";"OOS1";"Exit After X Bars";"-54.62";"104.88";"12h 0m";""
"25";"AUDJPY_DukasM1_the5ers";"Sell";"2023.03.16 06:00:00";"87.983";"0.1";"2023.03.16 18:00:00";"88.495";"-33.98";"15929.35";"OOS1";"Exit After X Bars";"-49.11";"37.73";"12h 0m";""
"26";"AUDJPY_DukasM1_the5ers";"Sell";"2023.03.24 07:00:00";"87.096";"0.14";"2023.03.24 19:00:00";"86.785";"27.77";"15957.12";"OOS1";"Exit After X Bars";"-17.67";"93.84";"12h 0m";""
"27";"AUDJPY_DukasM1_the5ers";"Sell";"2023.04.06 06:00:00";"87.838";"0.18";"2023.04.06 18:00:00";"87.822";"0.98";"15958.10";"OOS1";"Exit After X Bars";"-38.96";"27.31";"12h 0m";""
"28";"AUDJPY_DukasM1_the5ers";"Sell";"2023.04.21 06:00:00";"90.073";"0.24";"2023.04.21 18:00:00";"89.854";"33.17";"15991.27";"OOS1";"Exit After X Bars";"-3.92";"103.74";"12h 0m";""
"29";"AUDJPY_DukasM1_the5ers";"Sell";"2023.04.27 06:00:00";"88.228";"0.19";"2023.04.27 18:00:00";"88.728";"-63.07";"15928.20";"OOS1";"Exit After X Bars";"-67.47";"0.00";"12h 0m";""
"30";"AUDJPY_DukasM1_the5ers";"Sell";"2023.05.04 06:00:00";"89.979";"0.15";"2023.05.04 18:00:00";"89.320";"63.89";"15992.09";"OOS1";"Exit After X Bars";"-15.30";"78.77";"12h 0m";""
"31";"AUDJPY_DukasM1_the5ers";"Sell";"2023.05.11 06:00:00";"90.884";"0.2";"2023.05.11 18:00:00";"90.099";"101.67";"16093.76";"OOS1";"Exit After X Bars";"-22.89";"140.86";"12h 0m";""
"32";"AUDJPY_DukasM1_the5ers";"Sell";"2023.05.12 06:00:00";"90.198";"0.2";"2023.05.12 18:00:00";"90.023";"21.89";"16115.65";"OOS1";"Exit After X Bars";"-29.30";"35.57";"12h 0m";""
"33";"AUDJPY_DukasM1_the5ers";"Sell";"2023.05.26 06:00:00";"91.006";"0.23";"2023.05.26 18:00:00";"91.418";"-63.12";"16052.53";"OOS1";"Exit After X Bars";"-82.87";"9.17";"12h 0m";""
"34";"AUDJPY_DukasM1_the5ers";"Sell";"2023.06.29 06:00:00";"95.382";"0.2";"2023.06.29 18:00:00";"95.893";"-67.83";"15984.70";"OOS1";"Exit After X Bars";"-73.76";"0.52";"12h 0m";""
"35";"AUDJPY_DukasM1_the5ers";"Sell";"2023.07.06 06:00:00";"96.190";"0.25";"2023.07.06 18:00:00";"95.468";"116.78";"16101.48";"OOS1";"Exit After X Bars";"-5.89";"136.18";"12h 0m";""
"36";"AUDJPY_DukasM1_the5ers";"Sell";"2023.07.07 06:00:00";"95.416";"0.22";"2023.07.07 18:00:00";"95.066";"49.25";"16150.73";"OOS1";"Exit After X Bars";"-17.70";"101.28";"12h 0m";""
"37";"AUDJPY_DukasM1_the5ers";"Sell";"2023.07.28 06:00:00";"93.071";"0.12";"2023.07.28 18:00:00";"93.594";"-41.64";"16109.09";"OOS1";"Exit After X Bars";"-90.71";"99.66";"12h 0m";""
"38";"AUDJPY_DukasM1_the5ers";"Sell";"2023.08.03 06:00:00";"93.597";"0.18";"2023.08.03 18:00:00";"93.000";"69.37";"16178.46";"OOS1";"Exit After X Bars";"-59.21";"72.86";"12h 0m";""
"39";"AUDJPY_DukasM1_the5ers";"Sell";"2023.08.17 06:00:00";"93.375";"0.19";"2023.08.17 18:00:00";"93.775";"-50.65";"16127.82";"OOS1";"Exit After X Bars";"-79.64";"1.99";"12h 0m";""
"40";"AUDJPY_DukasM1_the5ers";"Sell";"2023.08.18 06:00:00";"93.363";"0.2";"2023.08.18 18:00:00";"93.071";"37.19";"16165.01";"OOS1";"Exit After X Bars";"-2.35";"73.24";"12h 0m";""
"41";"AUDJPY_DukasM1_the5ers";"Sell";"2023.08.25 06:00:00";"93.669";"0.25";"2023.08.25 18:00:00";"93.590";"11.66";"16176.67";"OOS1";"Exit After X Bars";"-38.25";"26.16";"12h 0m";""
"42";"AUDJPY_DukasM1_the5ers";"Sell";"2023.09.01 06:00:00";"94.135";"0.23";"2023.09.01 18:00:00";"94.313";"-27.92";"16148.75";"OOS1";"Exit After X Bars";"-33.84";"40.16";"12h 0m";""
"43";"AUDJPY_DukasM1_the5ers";"Sell";"2023.09.07 06:00:00";"94.002";"0.27";"2023.09.07 18:00:00";"93.806";"33.26";"16182.00";"OOS1";"Exit After X Bars";"-54.38";"49.79";"12h 0m";""
"44";"AUDJPY_DukasM1_the5ers";"Sell";"2023.09.21 06:00:00";"94.993";"0.24";"2023.09.21 18:00:00";"94.638";"54.51";"16236.52";"OOS1";"Exit After X Bars";"-40.33";"69.68";"12h 0m";""
"45";"AUDJPY_DukasM1_the5ers";"Sell";"2023.10.13 06:00:00";"94.763";"0.26";"2023.10.13 18:00:00";"94.228";"89.66";"16326.18";"OOS1";"Exit After X Bars";"-10.03";"98.95";"12h 0m";""
"46";"AUDJPY_DukasM1_the5ers";"Sell";"2023.10.19 06:00:00";"94.403";"0.24";"2023.10.19 18:00:00";"94.693";"-46.71";"16279.47";"OOS1";"Exit After X Bars";"-58.38";"10.67";"12h 0m";""
"47";"AUDJPY_DukasM1_the5ers";"Sell";"2023.10.26 06:00:00";"94.389";"0.21";"2023.10.26 18:00:00";"95.051";"-91.96";"16187.51";"OOS1";"Exit After X Bars";"-97.50";"1.51";"12h 0m";""
"48";"AUDJPY_DukasM1_the5ers";"Sell";"2023.11.09 06:00:00";"96.710";"0.3";"2023.11.09 18:00:00";"96.999";"-58.20";"16129.31";"OOS1";"Exit After X Bars";"-59.25";"24.91";"12h 0m";""
"49";"AUDJPY_DukasM1_the5ers";"Sell";"2023.11.10 06:00:00";"96.165";"0.28";"2023.11.10 18:00:00";"96.190";"-5.98";"16123.34";"OOS1";"Exit After X Bars";"-41.93";"21.61";"12h 0m";""
"50";"AUDJPY_DukasM1_the5ers";"Sell";"2023.11.30 06:00:00";"97.623";"0.25";"2023.11.30 18:00:00";"98.039";"-69.26";"16054.08";"OOS1";"Exit After X Bars";"-80.27";"50.84";"12h 0m";""
"51";"AUDJPY_DukasM1_the5ers";"Sell";"2023.12.07 06:00:00";"95.868";"0.23";"2023.12.07 18:00:00";"94.941";"138.27";"16192.35";"OOS1";"Exit After X Bars";"-14.44";"155.82";"12h 0m";""
"52";"AUDJPY_DukasM1_the5ers";"Sell";"2023.12.08 06:00:00";"95.040";"0.12";"2023.12.08 18:00:00";"95.192";"-12.53";"16179.82";"OOS1";"Exit After X Bars";"-44.73";"18.21";"12h 0m";""
"53";"AUDJPY_DukasM1_the5ers";"Sell";"2023.12.14 06:00:00";"94.940";"0.17";"2023.12.14 18:00:00";"94.934";"-0.18";"16179.64";"OOS1";"Exit After X Bars";"-47.47";"9.67";"12h 0m";""
"54";"AUDJPY_DukasM1_the5ers";"Sell";"2024.01.25 06:00:00";"97.086";"0.27";"2024.01.25 18:00:00";"97.130";"-9.12";"16170.52";"OOS1";"Exit After X Bars";"-50.50";"8.12";"12h 0m";""
"55";"AUDJPY_DukasM1_the5ers";"Sell";"2024.02.01 06:00:00";"96.332";"0.24";"2024.02.01 18:00:00";"95.767";"87.47";"16257.99";"OOS1";"Exit After X Bars";"-2.82";"128.22";"12h 0m";""
"56";"AUDJPY_DukasM1_the5ers";"Sell";"2024.02.29 06:00:00";"97.612";"0.34";"2024.02.29 18:00:00";"97.451";"34.10";"16292.09";"OOS1";"Exit After X Bars";"-36.91";"56.03";"12h 0m";""
"57";"AUDJPY_DukasM1_the5ers";"Sell";"2024.03.15 06:00:00";"97.395";"0.32";"2024.03.15 16:48:00";"97.867";"-100.37";"16191.72";"OOS1";"SL";"-98.77";"23.44";"10h 48m";""
"58";"AUDJPY_DukasM1_the5ers";"Sell";"2024.04.11 06:00:00";"99.582";"0.22";"2024.04.11 18:00:00";"99.892";"-45.70";"16146.02";"OOS1";"Exit After X Bars";"-90.92";"0.00";"12h 0m";""
"1";"AUDJPY_DukasM1_the5ers";"Sell";"2024.04.19 06:00:00";"98.071";"0.12";"2024.04.19 15:29:00";"99.260";"-93.90";"16052.12";"OOS1";"SL";"-93.30";"0.00";"9h 29m";""
"2";"AUDJPY_DukasM1_the5ers";"Sell";"2024.05.03 06:00:00";"100.629";"0.09";"2024.05.06 01:00:00";"101.009";"-23.28";"16028.85";"OOS1";"Exit After X Bars";"-35.67";"9.42";"2d 19h 0m";""
"3";"AUDJPY_DukasM1_the5ers";"Sell";"2024.05.24 06:00:00";"103.581";"0.17";"2024.05.27 01:00:00";"103.988";"-46.97";"15981.88";"OOS1";"Exit After X Bars";"-63.25";"2.11";"2d 19h 0m";""
"4";"AUDJPY_DukasM1_the5ers";"Sell";"2024.05.30 06:00:00";"103.934";"0.19";"2024.05.31 00:00:00";"104.005";"-10.75";"15971.13";"OOS1";"Exit After X Bars";"-29.69";"69.70";"18h 0m";""
"5";"AUDJPY_DukasM1_the5ers";"Sell";"2024.05.31 06:00:00";"103.966";"0.16";"2024.06.03 00:05:00";"104.350";"-41.80";"15929.34";"OOS1";"Exit After X Bars";"-77.01";"5.44";"2d 18h 5m";""
"6";"AUDJPY_DukasM1_the5ers";"Sell";"2024.07.19 06:00:00";"105.559";"0.14";"2024.07.22 01:00:00";"105.215";"30.08";"15959.41";"OOS1";"Exit After X Bars";"-20.69";"35.25";"2d 19h 0m";""
"7";"AUDJPY_DukasM1_the5ers";"Sell";"2024.07.25 06:00:00";"100.012";"0.1";"2024.07.26 00:00:00";"100.600";"-39.46";"15919.95";"OOS1";"Exit After X Bars";"-75.53";"51.59";"18h 0m";""
"8";"AUDJPY_DukasM1_the5ers";"Sell";"2024.07.26 06:00:00";"100.806";"0.08";"2024.07.29 01:00:00";"100.702";"4.63";"15924.58";"OOS1";"Exit After X Bars";"-36.72";"20.66";"2d 19h 0m";""
"9";"AUDJPY_DukasM1_the5ers";"Sell";"2024.08.01 06:00:00";"97.867";"0.06";"2024.08.02 00:00:00";"97.064";"30.90";"15955.48";"OOS1";"Exit After X Bars";"-34.61";"33.11";"18h 0m";""
"10";"AUDJPY_DukasM1_the5ers";"Sell";"2024.08.02 06:00:00";"97.305";"0.06";"2024.08.05 00:05:00";"95.329";"76.92";"16032.40";"OOS1";"Exit After X Bars";"-4.12";"77.65";"2d 18h 5m";""
"11";"AUDJPY_DukasM1_the5ers";"Sell";"2024.08.08 06:00:00";"96.055";"0.04";"2024.08.09 00:05:00";"96.891";"-22.27";"16010.13";"OOS1";"Exit After X Bars";"-28.56";"19.54";"18h 5m";""
"12";"AUDJPY_DukasM1_the5ers";"Sell";"2024.08.22 06:00:00";"97.886";"0.11";"2024.08.23 00:04:00";"97.987";"-8.38";"16001.75";"OOS1";"Exit After X Bars";"-39.71";"19.49";"18h 4m";""
"13";"AUDJPY_DukasM1_the5ers";"Sell";"2024.08.23 06:00:00";"97.735";"0.12";"2024.08.26 01:00:00";"97.829";"-8.59";"15993.16";"OOS1";"Exit After X Bars";"-69.68";"1.41";"2d 19h 0m";""
"14";"AUDJPY_DukasM1_the5ers";"Sell";"2024.09.05 06:00:00";"96.754";"0.1";"2024.09.06 00:00:00";"96.677";"4.02";"15997.18";"OOS1";"Exit After X Bars";"-20.27";"41.46";"18h 0m";""
"15";"AUDJPY_DukasM1_the5ers";"Sell";"2024.09.06 06:00:00";"96.373";"0.11";"2024.09.09 01:00:00";"94.778";"113.62";"16110.79";"OOS1";"Exit After X Bars";"-44.09";"118.76";"2d 19h 0m";""
"16";"AUDJPY_DukasM1_the5ers";"Sell";"2024.09.13 06:00:00";"94.838";"0.1";"2024.09.16 01:00:00";"94.317";"33.06";"16143.85";"OOS1";"Exit After X Bars";"-10.46";"43.22";"2d 19h 0m";""
"17";"AUDJPY_DukasM1_the5ers";"Sell";"2024.10.18 06:00:00";"100.592";"0.16";"2024.10.21 01:00:00";"100.261";"33.01";"16176.86";"OOS1";"Exit After X Bars";"-26.99";"47.08";"2d 19h 0m";""
"18";"AUDJPY_DukasM1_the5ers";"Sell";"2024.10.31 06:00:00";"100.567";"0.15";"2024.11.01 00:00:00";"100.049";"49.29";"16226.15";"OOS1";"Exit After X Bars";"-3.34";"99.95";"18h 0m";""
"19";"AUDJPY_DukasM1_the5ers";"Sell";"2024.11.29 06:00:00";"97.871";"0.12";"2024.12.02 01:00:00";"97.383";"37.08";"16263.23";"OOS1";"Exit After X Bars";"-13.58";"42.61";"2d 19h 0m";""
"20";"AUDJPY_DukasM1_the5ers";"Sell";"2024.12.06 06:00:00";"96.453";"0.13";"2024.12.09 01:00:00";"95.929";"43.23";"16306.46";"OOS1";"Exit After X Bars";"-30.43";"78.29";"2d 19h 0m";""
"21";"AUDJPY_DukasM1_the5ers";"Sell";"2024.12.19 06:00:00";"96.702";"0.11";"2024.12.19 10:40:00";"97.983";"-92.69";"16213.77";"OOS1";"SL";"-92.14";"14.53";"4h 40m";""
"22";"AUDJPY_DukasM1_the5ers";"Sell";"2024.12.20 06:00:00";"97.707";"0.1";"2024.12.23 01:00:00";"97.794";"-6.70";"16207.07";"OOS1";"Exit After X Bars";"-24.52";"17.00";"2d 19h 0m";""
"23";"AUDJPY_DukasM1_the5ers";"Sell";"2024.12.27 06:00:00";"97.999";"0.18";"2024.12.30 01:00:00";"98.184";"-23.60";"16183.47";"OOS1";"Exit After X Bars";"-32.96";"24.25";"2d 19h 0m";""
"24";"AUDJPY_DukasM1_the5ers";"Sell";"2025.01.03 06:00:00";"97.714";"0.13";"2025.01.06 01:00:00";"97.690";"0.72";"16184.19";"OOS1";"Exit After X Bars";"-16.32";"17.85";"2d 19h 0m";""
"25";"AUDJPY_DukasM1_the5ers";"Sell";"2025.01.16 06:00:00";"96.740";"0.12";"2025.01.17 00:04:00";"96.255";"36.84";"16221.03";"OOS1";"Exit After X Bars";"-32.57";"38.29";"18h 4m";""
"26";"AUDJPY_DukasM1_the5ers";"Sell";"2025.01.17 06:00:00";"96.575";"0.14";"2025.01.20 01:00:00";"96.848";"-26.41";"16194.62";"OOS1";"Exit After X Bars";"-54.93";"45.68";"2d 19h 0m";""
"27";"AUDJPY_DukasM1_the5ers";"Sell";"2025.01.30 06:00:00";"96.294";"0.15";"2025.01.31 00:00:00";"95.776";"49.29";"16243.91";"OOS1";"Exit After X Bars";"-6.38";"58.56";"18h 0m";""
"28";"AUDJPY_DukasM1_the5ers";"Sell";"2025.01.31 06:00:00";"96.007";"0.13";"2025.02.03 01:00:00";"95.372";"52.66";"16296.58";"OOS1";"Exit After X Bars";"-79.48";"66.05";"2d 19h 0m";""
"29";"AUDJPY_DukasM1_the5ers";"Sell";"2025.02.06 06:00:00";"95.359";"0.13";"2025.02.07 00:05:00";"94.906";"37.19";"16333.77";"OOS1";"Exit After X Bars";"-29.41";"38.76";"18h 5m";""
"30";"AUDJPY_DukasM1_the5ers";"Sell";"2025.02.07 06:00:00";"95.299";"0.13";"2025.02.10 01:00:00";"94.665";"52.58";"16386.35";"OOS1";"Exit After X Bars";"-33.24";"87.73";"2d 19h 0m";""
"31";"AUDJPY_DukasM1_the5ers";"Sell";"2025.02.20 06:00:00";"95.652";"0.13";"2025.02.21 00:05:00";"95.567";"5.91";"16392.26";"OOS1";"Exit After X Bars";"-23.80";"18.53";"18h 5m";""
"32";"AUDJPY_DukasM1_the5ers";"Sell";"2025.02.27 06:00:00";"93.896";"0.12";"2025.02.28 00:04:00";"93.265";"48.30";"16440.56";"OOS1";"Exit After X Bars";"-49.28";"49.75";"18h 4m";""
"33";"AUDJPY_DukasM1_the5ers";"Sell";"2025.02.28 06:00:00";"92.926";"0.1";"2025.03.03 01:00:00";"93.570";"-43.13";"16397.44";"OOS1";"Exit After X Bars";"-61.60";"3.40";"2d 19h 0m";""
"34";"AUDJPY_DukasM1_the5ers";"Sell";"2025.03.07 06:00:00";"93.023";"0.09";"2025.03.10 01:00:00";"92.940";"3.97";"16401.41";"OOS1";"Exit After X Bars";"-27.78";"34.61";"2d 19h 0m";""
"35";"AUDJPY_DukasM1_the5ers";"Sell";"2025.03.13 06:00:00";"93.472";"0.11";"2025.03.14 00:00:00";"92.819";"45.86";"16447.27";"OOS1";"Exit After X Bars";"-5.25";"66.39";"18h 0m";""
"36";"AUDJPY_DukasM1_the5ers";"Sell";"2025.04.03 06:00:00";"92.816";"0.07";"2025.04.04 00:05:00";"92.353";"20.48";"16467.75";"OOS1";"Exit After X Bars";"-15.20";"23.80";"18h 5m";""
"37";"AUDJPY_DukasM1_the5ers";"Sell";"2025.04.04 06:00:00";"91.639";"0.07";"2025.04.04 14:31:00";"87.835";"173.78";"16641.53";"OOS1";"PT";"-1.79";"174.13";"8h 31m";""
"38";"AUDJPY_DukasM1_the5ers";"Sell";"2025.05.22 06:00:00";"92.227";"0.13";"2025.05.23 00:06:00";"92.278";"-5.65";"16635.88";"OOS1";"Exit After X Bars";"-26.01";"18.70";"18h 6m";""
"39";"AUDJPY_DukasM1_the5ers";"Sell";"2025.05.23 07:00:00";"92.280";"0.15";"2025.05.26 01:00:00";"92.464";"-19.57";"16616.31";"OOS1";"Exit After X Bars";"-41.79";"60.62";"2d 18h 0m";""
"40";"AUDJPY_DukasM1_the5ers";"Sell";"2025.06.05 06:00:00";"92.812";"0.16";"2025.06.05 18:31:00";"93.768";"-100.82";"16515.48";"OOS1";"SL";"-100.02";"11.61";"12h 31m";""
"41";"AUDJPY_DukasM1_the5ers";"Sell";"2025.06.12 06:00:00";"93.455";"0.14";"2025.06.13 00:00:00";"93.707";"-24.49";"16491.00";"OOS1";"Exit After X Bars";"-43.03";"18.77";"18h 0m";""
"42";"AUDJPY_DukasM1_the5ers";"Sell";"2025.06.13 06:00:00";"92.696";"0.11";"2025.06.16 00:05:00";"93.239";"-40.17";"16450.82";"OOS1";"Exit After X Bars";"-85.53";"0.00";"2d 18h 5m";""
"43";"AUDJPY_DukasM1_the5ers";"Sell";"2025.07.03 06:00:00";"94.398";"0.19";"2025.07.03 16:40:00";"95.200";"-100.59";"16350.23";"OOS1";"SL";"-99.64";"0.00";"10h 40m";""
"44";"AUDJPY_DukasM1_the5ers";"Sell";"2025.07.31 06:00:00";"96.035";"0.19";"2025.07.31 16:49:00";"96.824";"-98.98";"16251.25";"OOS1";"SL";"-98.03";"20.00";"10h 49m";""
"45";"AUDJPY_DukasM1_the5ers";"Sell";"2025.08.15 06:00:00";"95.687";"0.19";"2025.08.18 01:00:00";"95.781";"-13.60";"16237.65";"OOS1";"Exit After X Bars";"-25.97";"18.89";"2d 19h 0m";""
"46";"AUDJPY_DukasM1_the5ers";"Sell";"2025.08.21 06:00:00";"94.582";"0.16";"2025.08.22 00:00:00";"95.231";"-69.52";"16168.12";"OOS1";"Exit After X Bars";"-80.77";"0.00";"18h 0m";""
"47";"AUDJPY_DukasM1_the5ers";"Sell";"2025.09.19 06:00:00";"97.771";"0.21";"2025.09.22 00:07:00";"97.422";"45.80";"16213.92";"OOS1";"Exit After X Bars";"-9.06";"70.72";"2d 18h 7m";""
"48";"AUDJPY_DukasM1_the5ers";"Sell";"2025.10.16 06:00:00";"97.891";"0.12";"2025.10.17 00:00:00";"97.528";"27.27";"16241.19";"OOS1";"Exit After X Bars";"-48.02";"49.83";"18h 0m";""
"49";"AUDJPY_DukasM1_the5ers";"Sell";"2025.10.17 06:00:00";"97.152";"0.11";"2025.10.20 01:00:00";"97.813";"-48.66";"16192.53";"OOS1";"Exit After X Bars";"-51.14";"64.02";"2d 19h 0m";""
"50";"AUDJPY_DukasM1_the5ers";"Sell";"2025.11.06 06:00:00";"100.193";"0.14";"2025.11.07 00:00:00";"99.147";"94.34";"16286.87";"OOS1";"Exit After X Bars";"-13.64";"123.96";"18h 0m";""
"51";"AUDJPY_DukasM1_the5ers";"Sell";"2025.12.18 06:00:00";"102.704";"0.17";"2025.12.19 00:00:00";"102.820";"-14.62";"16272.26";"OOS1";"Exit After X Bars";"-46.25";"1.00";"18h 0m";""
