"Ticket";"Symbol";"Type";"Open time";"Open price";"Size";"Close time";"Close price";"Profit/Loss";"Balance";"Sample type";"Close type";"MAE ($)";"MFE ($)";"Time in trade";"Comment"
"1";"GBPUSD_DukasM1_the5ers";"Buy";"2003.08.07 16:30:00";"1.61117";"0.14";"2003.08.08 21:48:00";"1.60449";"-94.55";"9905.45";"IS";"SL";"-93.52";"106.26";"1d 5h 18m";""
"2";"GBPUSD_DukasM1_the5ers";"Buy";"2003.08.13 12:00:00";"1.60250";"0.2";"2003.08.14 09:59:00";"1.61118";"171.18";"10076.63";"IS";"PT";"-31.40";"173.60";"21h 59m";""
"3";"GBPUSD_DukasM1_the5ers";"Buy";"2003.09.02 17:30:00";"1.57041";"0.16";"2003.09.03 03:48:00";"1.56422";"-100.22";"9976.42";"IS";"SL";"-99.04";"69.28";"10h 18m";""
"4";"GBPUSD_DukasM1_the5ers";"Buy";"2003.09.03 16:30:00";"1.56858";"0.14";"2003.09.04 16:34:00";"1.58019";"160.85";"10137.26";"IS";"PT";"-27.72";"162.54";"1d 0h 4m";""
"5";"GBPUSD_DukasM1_the5ers";"Buy";"2003.09.09 15:30:00";"1.58734";"0.16";"2003.09.12 15:30:00";"1.59768";"162.75";"10300.02";"IS";"PT";"-14.40";"165.44";"3d 0h 0m";""
"6";"GBPUSD_DukasM1_the5ers";"Buy";"2003.09.17 12:00:00";"1.59378";"0.17";"2003.09.17 18:04:00";"1.60371";"167.96";"10467.98";"IS";"PT";"-19.55";"168.81";"6h 4m";""
"7";"GBPUSD_DukasM1_the5ers";"Buy";"2003.09.29 18:00:00";"1.66175";"0.14";"2003.09.30 10:46:00";"1.67405";"171.17";"10639.15";"IS";"PT";"-7.70";"172.20";"16h 46m";""
"8";"GBPUSD_DukasM1_the5ers";"Buy";"2003.10.06 13:30:00";"1.66576";"0.15";"2003.10.07 10:26:00";"1.67663";"161.95";"10801.09";"IS";"PT";"-15.30";"163.05";"20h 56m";""
"9";"GBPUSD_DukasM1_the5ers";"Buy";"2003.10.10 20:00:00";"1.66436";"0.14";"2003.10.13 10:42:00";"1.65750";"-97.07";"10704.02";"IS";"SL";"-96.04";"57.12";"2d 14h 42m";""
"10";"GBPUSD_DukasM1_the5ers";"Buy";"2003.10.14 15:30:00";"1.66108";"0.14";"2003.10.14 17:59:00";"1.67314";"168.14";"10872.16";"IS";"PT";"-17.22";"168.84";"2h 29m";""
"11";"GBPUSD_DukasM1_the5ers";"Buy";"2003.10.17 09:00:00";"1.67538";"0.17";"2003.10.17 13:22:00";"1.66961";"-98.94";"10773.22";"IS";"SL";"-98.09";"1.19";"4h 22m";""
"12";"GBPUSD_DukasM1_the5ers";"Buy";"2003.10.20 09:30:00";"1.67988";"0.15";"2003.10.20 12:37:00";"1.67343";"-97.50";"10675.72";"IS";"SL";"-96.75";"19.50";"3h 7m";""
"13";"GBPUSD_DukasM1_the5ers";"Buy";"2003.10.22 03:00:00";"1.67429";"0.2";"2003.10.22 12:08:00";"1.68265";"166.20";"10841.92";"IS";"PT";"-20.20";"167.20";"9h 8m";""
"14";"GBPUSD_DukasM1_the5ers";"Buy";"2003.10.28 18:30:00";"1.69420";"0.15";"2003.10.29 11:38:00";"1.70530";"165.40";"11007.32";"IS";"PT";"-20.40";"166.50";"17h 8m";""
"15";"GBPUSD_DukasM1_the5ers";"Buy";"2003.10.31 17:30:00";"1.69791";"0.16";"2003.11.03 10:33:00";"1.69191";"-97.18";"10910.14";"IS";"SL";"-96.00";"21.92";"2d 17h 3m";""
"16";"GBPUSD_DukasM1_the5ers";"Buy";"2003.11.20 13:00:00";"1.70246";"0.15";"2003.11.24 11:59:00";"1.69619";"-95.51";"10814.63";"IS";"SL";"-94.05";"78.90";"3d 22h 59m";""
"17";"GBPUSD_DukasM1_the5ers";"Buy";"2003.12.05 15:30:00";"1.72387";"0.2";"2003.12.08 11:23:00";"1.73231";"167.33";"10981.96";"IS";"PT";"-24.40";"168.80";"2d 19h 53m";""
"18";"GBPUSD_DukasM1_the5ers";"Buy";"2003.12.15 16:30:00";"1.74663";"0.16";"2003.12.17 16:06:00";"1.75685";"161.96";"11143.92";"IS";"PT";"-57.12";"163.52";"1d 23h 36m";""
"19";"GBPUSD_DukasM1_the5ers";"Buy";"2003.12.23 16:00:00";"1.76509";"0.21";"2003.12.24 16:26:00";"1.77323";"169.39";"11313.32";"IS";"PT";"-63.21";"170.94";"1d 0h 26m";""
"20";"GBPUSD_DukasM1_the5ers";"Buy";"2003.12.29 06:00:00";"1.77441";"0.26";"2003.12.29 17:58:00";"1.77066";"-98.80";"11214.52";"IS";"SL";"-97.50";"62.66";"11h 58m";""
"21";"GBPUSD_DukasM1_the5ers";"Buy";"2003.12.31 20:30:00";"1.78392";"0.13";"2004.01.05 09:34:00";"1.79709";"169.03";"11383.55";"IS";"PT";"-72.80";"171.21";"4d 13h 4m";""
"22";"GBPUSD_DukasM1_the5ers";"Buy";"2004.01.27 16:00:00";"1.81581";"0.11";"2004.01.28 09:56:00";"1.83078";"163.86";"11547.41";"IS";"PT";"-24.31";"164.67";"17h 56m";""
"23";"GBPUSD_DukasM1_the5ers";"Buy";"2004.01.30 16:00:00";"1.82005";"0.1";"2004.01.30 17:17:00";"1.81085";"-92.50";"11454.91";"IS";"SL";"-92.00";"11.60";"1h 17m";""
"24";"GBPUSD_DukasM1_the5ers";"Buy";"2004.02.06 10:00:00";"1.83571";"0.18";"2004.02.06 15:46:00";"1.84525";"170.82";"11625.73";"IS";"PT";"-64.98";"171.72";"5h 46m";""
"25";"GBPUSD_DukasM1_the5ers";"Buy";"2004.02.23 16:30:00";"1.86476";"0.1";"2004.02.24 16:59:00";"1.88093";"160.96";"11786.69";"IS";"PT";"-51.80";"161.70";"1d 0h 29m";""
"26";"GBPUSD_DukasM1_the5ers";"Buy";"2004.03.11 13:30:00";"1.80801";"0.09";"2004.03.12 06:00:00";"1.79747";"-95.52";"11691.17";"IS";"SL";"-94.86";"60.66";"16h 30m";""
"27";"GBPUSD_DukasM1_the5ers";"Buy";"2004.05.14 17:00:00";"1.76341";"0.09";"2004.05.19 11:37:00";"1.78110";"158.12";"11849.29";"IS";"PT";"-58.77";"159.21";"4d 18h 37m";""
"28";"GBPUSD_DukasM1_the5ers";"Buy";"2004.05.24 08:00:00";"1.78763";"0.14";"2004.05.25 10:02:00";"1.79956";"165.99";"12015.28";"IS";"PT";"-72.24";"167.02";"1d 2h 2m";""
"29";"GBPUSD_DukasM1_the5ers";"Buy";"2004.06.09 12:30:00";"1.83975";"0.15";"2004.06.09 14:12:00";"1.83332";"-97.20";"11918.08";"IS";"SL";"-96.45";"4.05";"1h 42m";""
"30";"GBPUSD_DukasM1_the5ers";"Buy";"2004.06.28 10:30:00";"1.82450";"0.17";"2004.06.29 12:50:00";"1.81893";"-95.94";"11822.14";"IS";"SL";"-94.69";"158.95";"1d 2h 20m";""
"31";"GBPUSD_DukasM1_the5ers";"Buy";"2004.07.02 09:30:00";"1.81901";"0.18";"2004.07.02 15:32:00";"1.82827";"165.78";"11987.92";"IS";"PT";"-47.52";"166.68";"6h 2m";""
"32";"GBPUSD_DukasM1_the5ers";"Buy";"2004.07.06 14:00:00";"1.83503";"0.16";"2004.07.07 08:54:00";"1.84583";"171.62";"12159.54";"IS";"PT";"-0.80";"172.80";"18h 54m";""
"33";"GBPUSD_DukasM1_the5ers";"Buy";"2004.07.14 15:30:00";"1.86075";"0.17";"2004.07.14 17:46:00";"1.85508";"-97.24";"12062.30";"IS";"SL";"-96.39";"15.81";"2h 16m";""
"34";"GBPUSD_DukasM1_the5ers";"Buy";"2004.07.22 12:30:00";"1.84170";"0.13";"2004.07.23 12:58:00";"1.83418";"-98.72";"11963.58";"IS";"SL";"-97.76";"96.59";"1d 0h 28m";""
"35";"GBPUSD_DukasM1_the5ers";"Buy";"2004.08.04 18:00:00";"1.82431";"0.14";"2004.08.06 15:32:00";"1.83649";"168.50";"12132.08";"IS";"PT";"-75.46";"170.52";"1d 21h 32m";""
"36";"GBPUSD_DukasM1_the5ers";"Buy";"2004.08.11 20:30:00";"1.83126";"0.16";"2004.08.12 17:02:00";"1.82526";"-97.93";"12034.15";"IS";"SL";"-96.00";"51.84";"20h 32m";""
"37";"GBPUSD_DukasM1_the5ers";"Buy";"2004.08.30 13:30:00";"1.79132";"0.19";"2004.08.31 17:42:00";"1.80018";"166.94";"12201.09";"IS";"PT";"-46.93";"168.34";"1d 4h 12m";""
"38";"GBPUSD_DukasM1_the5ers";"Buy";"2004.09.03 15:30:00";"1.79216";"0.16";"2004.09.03 15:31:00";"1.78620";"-96.16";"12104.93";"IS";"SL";"-95.36";"0.00";"1m 0s";""
"39";"GBPUSD_DukasM1_the5ers";"Buy";"2004.09.06 16:30:00";"1.77883";"0.2";"2004.09.07 14:53:00";"1.77403";"-97.47";"12007.46";"IS";"SL";"-96.00";"114.00";"22h 23m";""
"40";"GBPUSD_DukasM1_the5ers";"Buy";"2004.09.08 18:00:00";"1.78328";"0.13";"2004.09.10 15:46:00";"1.79608";"164.52";"12171.98";"IS";"PT";"-28.99";"166.40";"1d 21h 46m";""
"41";"GBPUSD_DukasM1_the5ers";"Buy";"2004.09.21 12:30:00";"1.78886";"0.24";"2004.09.21 15:15:00";"1.79603";"170.88";"12342.86";"IS";"PT";"-4.08";"172.08";"2h 45m";""
"42";"GBPUSD_DukasM1_the5ers";"Buy";"2004.09.30 14:00:00";"1.80658";"0.16";"2004.10.01 11:17:00";"1.80049";"-98.62";"12244.25";"IS";"SL";"-97.44";"107.04";"21h 17m";""
"43";"GBPUSD_DukasM1_the5ers";"Buy";"2004.10.13 20:00:00";"1.79341";"0.17";"2004.10.14 14:32:00";"1.80346";"168.80";"12413.04";"IS";"PT";"-21.93";"170.85";"18h 32m";""
"44";"GBPUSD_DukasM1_the5ers";"Buy";"2004.11.02 14:00:00";"1.83472";"0.22";"2004.11.03 14:27:00";"1.84253";"170.20";"12583.24";"IS";"PT";"-66.22";"171.82";"1d 0h 27m";""
"45";"GBPUSD_DukasM1_the5ers";"Buy";"2004.11.09 18:30:00";"1.85896";"0.16";"2004.11.10 10:02:00";"1.85296";"-97.18";"12486.06";"IS";"SL";"-96.00";"19.68";"15h 32m";""
"46";"GBPUSD_DukasM1_the5ers";"Buy";"2004.11.10 11:00:00";"1.85767";"0.2";"2004.11.10 16:17:00";"1.85287";"-97.00";"12389.06";"IS";"SL";"-96.00";"70.00";"5h 17m";""
"47";"GBPUSD_DukasM1_the5ers";"Buy";"2004.11.16 12:00:00";"1.85138";"0.2";"2004.11.17 12:27:00";"1.86001";"171.13";"12560.19";"IS";"PT";"-33.60";"172.60";"1d 0h 27m";""
"48";"GBPUSD_DukasM1_the5ers";"Buy";"2004.11.17 18:30:00";"1.85905";"0.14";"2004.11.18 14:35:00";"1.85220";"-97.59";"12462.60";"IS";"SL";"-95.90";"60.62";"20h 5m";""
"49";"GBPUSD_DukasM1_the5ers";"Buy";"2004.11.22 11:00:00";"1.85696";"0.17";"2004.11.23 13:02:00";"1.86699";"169.26";"12631.86";"IS";"PT";"-85.17";"170.51";"1d 2h 2m";""
"50";"GBPUSD_DukasM1_the5ers";"Buy";"2004.11.30 11:30:00";"1.89506";"0.15";"2004.11.30 13:49:00";"1.90616";"165.75";"12797.61";"IS";"PT";"-32.10";"166.50";"2h 19m";""
"51";"GBPUSD_DukasM1_the5ers";"Buy";"2004.12.15 06:00:00";"1.92595";"0.14";"2004.12.15 15:35:00";"1.93757";"161.98";"12959.59";"IS";"PT";"-19.88";"162.68";"9h 35m";""
"52";"GBPUSD_DukasM1_the5ers";"Buy";"2005.01.12 16:00:00";"1.88547";"0.13";"2005.01.14 03:48:00";"1.87777";"-101.98";"12857.61";"IS";"SL";"-100.10";"103.61";"1d 11h 48m";""
"53";"GBPUSD_DukasM1_the5ers";"Buy";"2005.01.18 12:00:00";"1.86383";"0.13";"2005.01.19 11:01:00";"1.87634";"161.67";"13019.29";"IS";"PT";"-17.94";"162.63";"23h 1m";""
"54";"GBPUSD_DukasM1_the5ers";"Buy";"2005.01.26 12:00:00";"1.87611";"0.15";"2005.01.27 17:45:00";"1.88700";"161.54";"13180.82";"IS";"PT";"-13.65";"163.35";"1d 5h 45m";""
"55";"GBPUSD_DukasM1_the5ers";"Buy";"2005.02.03 12:00:00";"1.88519";"0.2";"2005.02.03 15:48:00";"1.88033";"-98.20";"13082.62";"IS";"SL";"-97.20";"117.40";"3h 48m";""
"56";"GBPUSD_DukasM1_the5ers";"Buy";"2005.02.04 13:00:00";"1.88478";"0.25";"2005.02.04 15:52:00";"1.88087";"-99.00";"12983.62";"IS";"SL";"-97.75";"165.25";"2h 52m";""
"57";"GBPUSD_DukasM1_the5ers";"Buy";"2005.02.17 12:00:00";"1.89142";"0.17";"2005.02.17 15:32:00";"1.88568";"-98.43";"12885.19";"IS";"SL";"-97.58";"16.32";"3h 32m";""
"58";"GBPUSD_DukasM1_the5ers";"Buy";"2005.02.25 10:30:00";"1.91118";"0.17";"2005.02.28 02:46:00";"1.92108";"167.05";"13052.24";"IS";"PT";"-83.13";"168.30";"2d 16h 16m";""
"59";"GBPUSD_DukasM1_the5ers";"Buy";"2005.03.04 16:00:00";"1.91190";"0.22";"2005.03.04 16:31:00";"1.91960";"168.30";"13220.54";"IS";"PT";"-25.96";"169.40";"31m 0s";""
"60";"GBPUSD_DukasM1_the5ers";"Buy";"2005.03.11 17:30:00";"1.92632";"0.14";"2005.03.14 09:48:00";"1.91943";"-97.49";"13123.05";"IS";"SL";"-96.46";"21.84";"2d 16h 18m";""
"61";"GBPUSD_DukasM1_the5ers";"Buy";"2005.03.15 13:00:00";"1.91906";"0.16";"2005.03.15 18:05:00";"1.91280";"-100.96";"13022.09";"IS";"SL";"-100.16";"97.28";"5h 5m";""
"62";"GBPUSD_DukasM1_the5ers";"Buy";"2005.03.28 16:30:00";"1.86356";"0.19";"2005.03.29 09:14:00";"1.87262";"170.74";"13192.83";"IS";"PT";"-20.14";"172.14";"16h 44m";""
"63";"GBPUSD_DukasM1_the5ers";"Buy";"2005.04.13 10:00:00";"1.89398";"0.17";"2005.04.13 15:55:00";"1.88821";"-98.94";"13093.89";"IS";"SL";"-98.09";"21.08";"5h 55m";""
"64";"GBPUSD_DukasM1_the5ers";"Buy";"2005.04.15 14:00:00";"1.88392";"0.17";"2005.04.15 17:21:00";"1.89388";"168.47";"13262.36";"IS";"PT";"-37.06";"169.32";"3h 21m";""
"65";"GBPUSD_DukasM1_the5ers";"Buy";"2005.04.22 13:30:00";"1.91521";"0.16";"2005.04.25 12:00:00";"1.90918";"-97.66";"13164.71";"IS";"SL";"-96.48";"31.84";"2d 22h 30m";""
"66";"GBPUSD_DukasM1_the5ers";"Buy";"2005.04.27 16:00:00";"1.90851";"0.19";"2005.04.27 19:11:00";"1.90346";"-96.90";"13067.81";"IS";"SL";"-95.95";"11.21";"3h 11m";""
"67";"GBPUSD_DukasM1_the5ers";"Buy";"2005.05.31 12:00:00";"1.81950";"0.17";"2005.06.01 12:32:00";"1.81362";"-101.21";"12966.59";"IS";"SL";"-99.96";"102.34";"1d 0h 32m";""
"68";"GBPUSD_DukasM1_the5ers";"Buy";"2005.06.10 12:00:00";"1.82385";"0.2";"2005.06.10 17:01:00";"1.81903";"-97.40";"12869.20";"IS";"SL";"-96.40";"44.00";"5h 1m";""
"69";"GBPUSD_DukasM1_the5ers";"Buy";"2005.06.17 04:00:00";"1.82195";"0.17";"2005.06.22 11:15:00";"1.83162";"162.34";"13031.53";"IS";"PT";"-92.82";"164.39";"5d 7h 15m";""
"70";"GBPUSD_DukasM1_the5ers";"Buy";"2005.08.17 14:00:00";"1.81023";"0.17";"2005.08.17 19:47:00";"1.80464";"-95.88";"12935.65";"IS";"SL";"-95.03";"19.72";"5h 47m";""
"71";"GBPUSD_DukasM1_the5ers";"Buy";"2005.08.18 12:00:00";"1.80741";"0.19";"2005.08.18 14:29:00";"1.80229";"-98.23";"12837.42";"IS";"SL";"-97.28";"21.28";"2h 29m";""
"72";"GBPUSD_DukasM1_the5ers";"Buy";"2005.08.19 12:30:00";"1.79681";"0.18";"2005.08.24 10:56:00";"1.79125";"-102.25";"12735.17";"IS";"SL";"-100.08";"137.16";"4d 22h 26m";""
"73";"GBPUSD_DukasM1_the5ers";"Buy";"2005.09.08 16:00:00";"1.84278";"0.17";"2005.09.08 19:58:00";"1.83712";"-97.07";"12638.10";"IS";"SL";"-96.22";"19.89";"3h 58m";""
"74";"GBPUSD_DukasM1_the5ers";"Buy";"2005.09.30 13:00:00";"1.76251";"0.19";"2005.09.30 17:46:00";"1.77120";"164.16";"12802.26";"IS";"PT";"-16.53";"165.11";"4h 46m";""
"75";"GBPUSD_DukasM1_the5ers";"Buy";"2005.10.11 12:00:00";"1.75423";"0.18";"2005.10.11 15:10:00";"1.74879";"-98.82";"12703.44";"IS";"SL";"-97.92";"0.72";"3h 10m";""
"76";"GBPUSD_DukasM1_the5ers";"Buy";"2005.10.25 10:00:00";"1.76922";"0.18";"2005.10.25 14:56:00";"1.77864";"168.66";"12872.10";"IS";"PT";"-1.44";"169.56";"4h 56m";""
"77";"GBPUSD_DukasM1_the5ers";"Buy";"2005.11.28 17:30:00";"1.71358";"0.17";"2005.11.28 20:07:00";"1.72349";"167.62";"13039.72";"IS";"PT";"-0.51";"168.47";"2h 37m";""
"78";"GBPUSD_DukasM1_the5ers";"Buy";"2005.11.30 12:00:00";"1.72303";"0.2";"2005.11.30 17:37:00";"1.73157";"169.80";"13209.52";"IS";"PT";"-4.20";"170.80";"5h 37m";""
"79";"GBPUSD_DukasM1_the5ers";"Buy";"2005.12.02 19:30:00";"1.73346";"0.13";"2005.12.08 17:17:00";"1.74663";"168.72";"13378.24";"IS";"PT";"-83.07";"171.21";"5d 21h 47m";""
"80";"GBPUSD_DukasM1_the5ers";"Buy";"2005.12.20 12:30:00";"1.76559";"0.18";"2005.12.20 16:41:00";"1.76004";"-100.80";"13277.44";"IS";"SL";"-99.90";"44.46";"4h 11m";""
"81";"GBPUSD_DukasM1_the5ers";"Buy";"2006.01.27 16:00:00";"1.78598";"0.15";"2006.01.27 17:20:00";"1.77954";"-97.35";"13180.09";"IS";"SL";"-96.60";"12.75";"1h 20m";""
"82";"GBPUSD_DukasM1_the5ers";"Buy";"2006.01.30 18:30:00";"1.76971";"0.17";"2006.01.31 18:39:00";"1.77937";"162.97";"13343.05";"IS";"PT";"-89.08";"164.22";"1d 0h 9m";""
"83";"GBPUSD_DukasM1_the5ers";"Buy";"2006.02.02 17:30:00";"1.77916";"0.17";"2006.02.03 15:29:00";"1.77344";"-98.49";"13244.56";"IS";"SL";"-97.24";"34.68";"21h 59m";""
"84";"GBPUSD_DukasM1_the5ers";"Buy";"2006.02.15 13:00:00";"1.73830";"0.23";"2006.02.15 16:00:00";"1.74554";"165.37";"13409.93";"IS";"PT";"-3.68";"166.52";"3h 0m";""
"85";"GBPUSD_DukasM1_the5ers";"Buy";"2006.02.17 17:00:00";"1.73701";"0.2";"2006.02.20 04:51:00";"1.74530";"164.33";"13574.26";"IS";"PT";"-3.80";"165.80";"2d 11h 51m";""
"86";"GBPUSD_DukasM1_the5ers";"Buy";"2006.02.21 13:00:00";"1.74444";"0.31";"2006.02.22 11:28:00";"1.74129";"-99.93";"13474.33";"IS";"SL";"-97.65";"89.28";"22h 28m";""
"87";"GBPUSD_DukasM1_the5ers";"Buy";"2006.03.03 03:30:00";"1.75251";"0.19";"2006.03.06 09:11:00";"1.76119";"163.52";"13637.85";"IS";"PT";"-35.72";"164.92";"3d 5h 41m";""
"88";"GBPUSD_DukasM1_the5ers";"Buy";"2006.03.24 16:30:00";"1.73680";"0.22";"2006.03.27 04:54:00";"1.74457";"169.32";"13807.17";"IS";"PT";"-23.10";"170.94";"2d 12h 24m";""
"89";"GBPUSD_DukasM1_the5ers";"Buy";"2006.04.03 18:00:00";"1.73695";"0.15";"2006.04.04 15:04:00";"1.74783";"162.10";"13969.27";"IS";"PT";"-19.65";"163.20";"21h 4m";""
"90";"GBPUSD_DukasM1_the5ers";"Buy";"2006.04.17 01:00:00";"1.75266";"0.42";"2006.04.17 01:04:00";"1.75029";"-101.64";"13867.63";"IS";"SL";"-99.54";"13.86";"4m 0s";""
"91";"GBPUSD_DukasM1_the5ers";"Buy";"2006.04.25 15:30:00";"1.78946";"0.18";"2006.04.25 17:22:00";"1.78408";"-97.74";"13769.89";"IS";"SL";"-96.84";"79.92";"1h 52m";""
"92";"GBPUSD_DukasM1_the5ers";"Buy";"2006.04.26 19:00:00";"1.78971";"0.15";"2006.04.26 20:57:00";"1.78333";"-96.45";"13673.44";"IS";"SL";"-95.70";"16.05";"1h 57m";""
"93";"GBPUSD_DukasM1_the5ers";"Buy";"2006.04.27 16:00:00";"1.78708";"0.2";"2006.04.27 17:28:00";"1.79562";"169.80";"13843.24";"IS";"PT";"-22.80";"170.80";"1h 28m";""
"94";"GBPUSD_DukasM1_the5ers";"Buy";"2006.05.18 19:30:00";"1.88899";"0.11";"2006.05.19 10:41:00";"1.88028";"-96.62";"13746.62";"IS";"SL";"-95.81";"76.34";"15h 11m";""
"95";"GBPUSD_DukasM1_the5ers";"Buy";"2006.05.22 17:00:00";"1.87771";"0.12";"2006.05.24 17:21:00";"1.86999";"-93.81";"13652.81";"IS";"SL";"-92.64";"128.52";"2d 0h 21m";""
"96";"GBPUSD_DukasM1_the5ers";"Buy";"2006.05.25 16:30:00";"1.87190";"0.13";"2006.05.26 16:21:00";"1.86459";"-95.99";"13556.83";"IS";"SL";"-95.03";"67.08";"23h 51m";""
"97";"GBPUSD_DukasM1_the5ers";"Buy";"2006.05.29 12:30:00";"1.86387";"0.22";"2006.05.29 16:26:00";"1.85945";"-98.34";"13458.49";"IS";"SL";"-97.24";"1.98";"3h 56m";""
"98";"GBPUSD_DukasM1_the5ers";"Buy";"2006.06.07 13:30:00";"1.86430";"0.17";"2006.06.07 14:46:00";"1.85872";"-95.71";"13362.78";"IS";"SL";"-94.86";"2.72";"1h 16m";""
"99";"GBPUSD_DukasM1_the5ers";"Buy";"2006.06.09 16:30:00";"1.84606";"0.14";"2006.06.12 00:35:00";"1.83909";"-98.61";"13264.17";"IS";"SL";"-97.58";"30.66";"2d 8h 5m";""
"100";"GBPUSD_DukasM1_the5ers";"Buy";"2006.06.29 21:30:00";"1.82183";"0.13";"2006.06.30 08:21:00";"1.83427";"160.76";"13424.93";"IS";"PT";"-1.04";"161.72";"10h 51m";""
"101";"GBPUSD_DukasM1_the5ers";"Buy";"2006.07.06 18:30:00";"1.83898";"0.17";"2006.07.07 15:33:00";"1.84882";"166.03";"13590.96";"IS";"PT";"-63.07";"167.28";"21h 3m";""
"102";"GBPUSD_DukasM1_the5ers";"Buy";"2006.07.11 21:30:00";"1.84491";"0.17";"2006.07.12 14:26:00";"1.83918";"-98.66";"13492.30";"IS";"SL";"-97.41";"46.24";"16h 56m";""
"103";"GBPUSD_DukasM1_the5ers";"Buy";"2006.08.16 16:00:00";"1.89840";"0.14";"2006.08.17 17:51:00";"1.89167";"-95.91";"13396.38";"IS";"SL";"-94.22";"53.20";"1d 1h 51m";""
"104";"GBPUSD_DukasM1_the5ers";"Buy";"2006.08.25 13:30:00";"1.88974";"0.2";"2006.08.25 17:14:00";"1.88473";"-101.20";"13295.19";"IS";"SL";"-100.20";"16.20";"3h 44m";""
"105";"GBPUSD_DukasM1_the5ers";"Buy";"2006.10.24 17:30:00";"1.87347";"0.23";"2006.10.26 04:07:00";"1.88079";"165.04";"13460.22";"IS";"PT";"-35.88";"168.36";"1d 10h 37m";""
"106";"GBPUSD_DukasM1_the5ers";"Buy";"2006.11.07 03:30:00";"1.90109";"0.3";"2006.11.07 15:40:00";"1.90687";"171.90";"13632.12";"IS";"PT";"-23.70";"173.40";"12h 10m";""
"107";"GBPUSD_DukasM1_the5ers";"Buy";"2006.12.08 16:00:00";"1.96735";"0.16";"2006.12.08 18:49:00";"1.96129";"-97.76";"13534.36";"IS";"SL";"-96.96";"83.20";"2h 49m";""
"108";"GBPUSD_DukasM1_the5ers";"Buy";"2006.12.15 16:00:00";"1.96558";"0.16";"2006.12.15 16:37:00";"1.95933";"-100.80";"13433.56";"IS";"SL";"-100.00";"5.92";"37m 0s";""
"109";"GBPUSD_DukasM1_the5ers";"Buy";"2006.12.27 08:30:00";"1.96159";"0.26";"2006.12.27 10:24:00";"1.95775";"-101.14";"13332.42";"IS";"SL";"-99.84";"34.58";"1h 54m";""
"110";"GBPUSD_DukasM1_the5ers";"Buy";"2007.01.02 00:00:00";"1.95890";"0.52";"2007.01.02 01:09:00";"1.96219";"168.48";"13500.90";"IS";"PT";"-21.32";"171.08";"1h 9m";""
"111";"GBPUSD_DukasM1_the5ers";"Buy";"2007.02.02 11:00:00";"1.96674";"0.26";"2007.02.02 15:35:00";"1.97338";"171.34";"13672.24";"IS";"PT";"-6.24";"172.64";"4h 35m";""
"112";"GBPUSD_DukasM1_the5ers";"Buy";"2007.02.19 00:30:00";"1.95502";"0.2";"2007.02.19 10:48:00";"1.95010";"-99.40";"13572.84";"IS";"SL";"-98.40";"16.80";"10h 18m";""
"113";"GBPUSD_DukasM1_the5ers";"Buy";"2007.02.22 18:30:00";"1.95808";"0.18";"2007.02.28 11:20:00";"1.95276";"-98.36";"13474.48";"IS";"SL";"-95.76";"163.80";"5d 16h 50m";""
"114";"GBPUSD_DukasM1_the5ers";"Buy";"2007.03.01 13:30:00";"1.96355";"0.17";"2007.03.01 17:59:00";"1.95770";"-100.30";"13374.18";"IS";"SL";"-99.45";"14.28";"4h 29m";""
"115";"GBPUSD_DukasM1_the5ers";"Buy";"2007.03.13 15:00:00";"1.93219";"0.19";"2007.03.14 01:35:00";"1.92703";"-99.44";"13274.75";"IS";"SL";"-98.04";"58.14";"10h 35m";""
"116";"GBPUSD_DukasM1_the5ers";"Buy";"2007.03.14 16:00:00";"1.92905";"0.15";"2007.03.16 04:05:00";"1.94003";"162.53";"13437.28";"IS";"PT";"-33.45";"164.70";"1d 12h 5m";""
"117";"GBPUSD_DukasM1_the5ers";"Buy";"2007.03.20 02:00:00";"1.94597";"0.23";"2007.03.20 11:52:00";"1.95335";"168.59";"13605.87";"IS";"PT";"-63.94";"169.74";"9h 52m";""
"118";"GBPUSD_DukasM1_the5ers";"Buy";"2007.03.29 09:00:00";"1.96489";"0.27";"2007.03.30 10:18:00";"1.96129";"-99.19";"13506.68";"IS";"SL";"-97.20";"18.90";"1d 1h 18m";""
"119";"GBPUSD_DukasM1_the5ers";"Buy";"2007.03.30 18:30:00";"1.97042";"0.14";"2007.04.03 10:30:00";"1.98205";"161.46";"13668.14";"IS";"PT";"-57.68";"162.82";"3d 16h 0m";""
"120";"GBPUSD_DukasM1_the5ers";"Buy";"2007.04.13 00:00:00";"1.97873";"0.22";"2007.04.13 09:28:00";"1.98645";"168.74";"13836.88";"IS";"PT";"-16.72";"169.84";"9h 28m";""
"121";"GBPUSD_DukasM1_the5ers";"Buy";"2007.04.27 13:30:00";"1.99518";"0.2";"2007.04.27 15:30:00";"2.00368";"169.00";"14005.88";"IS";"PT";"-4.60";"170.00";"2h 0m";""
"122";"GBPUSD_DukasM1_the5ers";"Buy";"2007.05.04 16:00:00";"1.99128";"0.2";"2007.05.09 16:33:00";"1.99964";"164.78";"14170.67";"IS";"PT";"-66.60";"167.20";"5d 0h 33m";""
"123";"GBPUSD_DukasM1_the5ers";"Buy";"2007.05.29 09:00:00";"1.98508";"0.38";"2007.05.29 12:10:00";"1.98956";"168.34";"14339.01";"IS";"PT";"-80.94";"170.24";"3h 10m";""
"124";"GBPUSD_DukasM1_the5ers";"Buy";"2007.06.15 16:00:00";"1.97333";"0.29";"2007.06.18 09:17:00";"1.97928";"170.42";"14509.42";"IS";"PT";"-15.37";"172.55";"2d 17h 17m";""
"125";"GBPUSD_DukasM1_the5ers";"Buy";"2007.06.27 23:00:00";"1.99883";"0.26";"2007.06.29 13:33:00";"2.00546";"168.63";"14678.05";"IS";"PT";"-35.88";"172.38";"1d 14h 33m";""
"126";"GBPUSD_DukasM1_the5ers";"Buy";"2007.07.06 17:30:00";"2.01333";"0.2";"2007.07.10 16:50:00";"2.02185";"168.46";"14846.50";"IS";"PT";"-72.60";"170.40";"3d 23h 20m";""
"127";"GBPUSD_DukasM1_the5ers";"Buy";"2007.07.26 19:30:00";"2.05408";"0.14";"2007.07.26 22:46:00";"2.04717";"-97.44";"14749.06";"IS";"SL";"-96.74";"29.68";"3h 16m";""
"128";"GBPUSD_DukasM1_the5ers";"Buy";"2007.08.01 15:30:00";"2.02843";"0.14";"2007.08.03 16:36:00";"2.04033";"164.58";"14913.64";"IS";"PT";"-21.42";"166.60";"2d 1h 6m";""
"129";"GBPUSD_DukasM1_the5ers";"Buy";"2007.08.10 19:30:00";"2.02363";"0.12";"2007.08.13 11:46:00";"2.01551";"-98.32";"14815.32";"IS";"SL";"-97.44";"26.64";"2d 16h 16m";""
"130";"GBPUSD_DukasM1_the5ers";"Buy";"2007.08.15 17:30:00";"1.99433";"0.13";"2007.08.16 00:22:00";"1.98664";"-101.54";"14713.78";"IS";"SL";"-99.97";"20.41";"6h 52m";""
"131";"GBPUSD_DukasM1_the5ers";"Buy";"2007.08.29 12:30:00";"2.00753";"0.14";"2007.08.31 13:13:00";"2.01983";"170.18";"14883.96";"IS";"PT";"-45.22";"172.20";"2d 0h 43m";""
"132";"GBPUSD_DukasM1_the5ers";"Buy";"2007.08.31 22:30:00";"2.01753";"0.15";"2007.09.04 15:16:00";"2.01090";"-100.91";"14783.05";"IS";"SL";"-99.45";"58.05";"3d 16h 46m";""
"133";"GBPUSD_DukasM1_the5ers";"Buy";"2007.09.05 17:30:00";"2.01653";"0.15";"2007.09.07 15:30:00";"2.02739";"160.73";"14943.78";"IS";"PT";"-36.45";"162.90";"1d 22h 0m";""
"134";"GBPUSD_DukasM1_the5ers";"Buy";"2007.09.13 20:00:00";"2.03113";"0.16";"2007.09.13 23:57:00";"2.02501";"-99.10";"14844.69";"IS";"SL";"-97.92";"55.52";"3h 57m";""
"135";"GBPUSD_DukasM1_the5ers";"Buy";"2007.10.05 16:00:00";"2.03968";"0.13";"2007.10.09 11:26:00";"2.03215";"-99.15";"14745.53";"IS";"SL";"-97.89";"60.06";"3d 19h 26m";""
"136";"GBPUSD_DukasM1_the5ers";"Buy";"2007.10.12 15:00:00";"2.03378";"0.14";"2007.10.18 10:41:00";"2.04571";"164.34";"14909.87";"IS";"PT";"-71.82";"167.02";"5d 19h 41m";""
"137";"GBPUSD_DukasM1_the5ers";"Buy";"2007.10.25 12:30:00";"2.05188";"0.18";"2007.10.29 13:08:00";"2.06132";"168.17";"15078.04";"IS";"PT";"-80.64";"169.92";"4d 0h 38m";""
"138";"GBPUSD_DukasM1_the5ers";"Buy";"2007.11.28 16:30:00";"2.06988";"0.12";"2007.11.29 12:35:00";"2.06194";"-96.73";"14981.31";"IS";"SL";"-95.28";"160.44";"20h 5m";""
"139";"GBPUSD_DukasM1_the5ers";"Buy";"2007.11.30 12:30:00";"2.06923";"0.14";"2007.11.30 17:06:00";"2.06244";"-95.76";"14885.55";"IS";"SL";"-95.06";"1.68";"4h 36m";""
"140";"GBPUSD_DukasM1_the5ers";"Buy";"2007.12.12 15:30:00";"2.04498";"0.12";"2007.12.13 17:36:00";"2.03720";"-94.81";"14790.74";"IS";"SL";"-93.36";"157.44";"1d 2h 6m";""
"141";"GBPUSD_DukasM1_the5ers";"Buy";"2007.12.25 12:00:00";"1.97189";"0.14";"2007.12.26 15:06:00";"1.98346";"160.95";"14951.69";"IS";"PT";"-2.10";"161.98";"1d 3h 6m";""
"142";"GBPUSD_DukasM1_the5ers";"Buy";"2007.12.31 12:00:00";"1.99943";"0.19";"2007.12.31 15:17:00";"2.00815";"164.73";"15116.42";"IS";"PT";"-8.17";"165.68";"3h 17m";""
"143";"GBPUSD_DukasM1_the5ers";"Buy";"2008.01.02 06:30:00";"1.98638";"0.21";"2008.01.02 09:49:00";"1.98177";"-97.86";"15018.56";"IS";"SL";"-96.81";"56.07";"3h 19m";""
"144";"GBPUSD_DukasM1_the5ers";"Buy";"2008.01.04 12:00:00";"1.97663";"0.15";"2008.01.07 04:35:00";"1.97013";"-98.60";"14919.96";"IS";"SL";"-97.50";"124.80";"2d 16h 35m";""
"145";"GBPUSD_DukasM1_the5ers";"Buy";"2008.01.10 12:00:00";"1.96148";"0.17";"2008.01.10 14:54:00";"1.95563";"-100.30";"14819.66";"IS";"SL";"-99.45";"91.29";"2h 54m";""
"146";"GBPUSD_DukasM1_the5ers";"Buy";"2008.01.16 21:30:00";"1.96403";"0.1";"2008.01.18 17:55:00";"1.95406";"-101.14";"14718.51";"IS";"SL";"-99.70";"151.20";"1d 20h 25m";""
"147";"GBPUSD_DukasM1_the5ers";"Buy";"2008.01.31 12:30:00";"1.99223";"0.12";"2008.02.01 14:39:00";"1.98424";"-96.76";"14621.75";"IS";"SL";"-95.88";"27.24";"1d 2h 9m";""
"148";"GBPUSD_DukasM1_the5ers";"Buy";"2008.02.13 11:00:00";"1.95628";"0.18";"2008.02.13 22:28:00";"1.96554";"165.78";"14787.53";"IS";"PT";"-3.24";"166.68";"11h 28m";""
"149";"GBPUSD_DukasM1_the5ers";"Buy";"2008.03.04 09:00:00";"1.98663";"0.19";"2008.03.04 11:47:00";"1.98158";"-96.90";"14690.63";"IS";"SL";"-95.95";"31.73";"2h 47m";""
"150";"GBPUSD_DukasM1_the5ers";"Buy";"2008.03.05 17:30:00";"1.98758";"0.12";"2008.03.06 14:43:00";"2.00105";"160.19";"14850.82";"IS";"PT";"-8.76";"161.64";"21h 13m";""
"151";"GBPUSD_DukasM1_the5ers";"Buy";"2008.03.20 19:30:00";"1.98483";"0.09";"2008.03.25 22:17:00";"2.00275";"160.19";"15011.01";"IS";"PT";"-83.07";"161.28";"5d 2h 47m";""
"152";"GBPUSD_DukasM1_the5ers";"Buy";"2008.03.31 17:30:00";"1.99413";"0.11";"2008.03.31 18:17:00";"1.98523";"-98.45";"14912.56";"IS";"SL";"-97.90";"2.97";"47m 0s";""
"153";"GBPUSD_DukasM1_the5ers";"Buy";"2008.04.08 03:30:00";"1.99053";"0.17";"2008.04.08 08:47:00";"1.98492";"-96.22";"14816.34";"IS";"SL";"-95.37";"36.89";"5h 17m";""
"154";"GBPUSD_DukasM1_the5ers";"Buy";"2008.04.09 14:30:00";"1.97148";"0.15";"2008.04.10 12:14:00";"1.98276";"167.39";"14983.73";"IS";"PT";"-26.10";"169.20";"21h 44m";""
"155";"GBPUSD_DukasM1_the5ers";"Buy";"2008.04.25 12:00:00";"1.97583";"0.13";"2008.04.28 12:54:00";"1.98901";"170.38";"15154.11";"IS";"PT";"-18.59";"171.34";"3d 0h 54m";""
"156";"GBPUSD_DukasM1_the5ers";"Buy";"2008.04.30 16:30:00";"1.97193";"0.13";"2008.04.30 18:14:00";"1.98473";"165.75";"15319.86";"IS";"PT";"-2.34";"166.40";"1h 44m";""
"157";"GBPUSD_DukasM1_the5ers";"Buy";"2008.05.08 12:00:00";"1.95983";"0.14";"2008.05.08 15:35:00";"1.95314";"-94.36";"15225.50";"IS";"SL";"-93.66";"28.98";"3h 35m";""
"158";"GBPUSD_DukasM1_the5ers";"Buy";"2008.06.05 17:00:00";"1.95473";"0.14";"2008.06.06 17:43:00";"1.96681";"168.09";"15393.59";"IS";"PT";"-19.32";"169.12";"1d 0h 43m";""
"159";"GBPUSD_DukasM1_the5ers";"Buy";"2008.06.11 14:30:00";"1.95833";"0.15";"2008.06.12 10:04:00";"1.95206";"-95.86";"15297.73";"IS";"SL";"-94.05";"126.30";"19h 34m";""
"160";"GBPUSD_DukasM1_the5ers";"Buy";"2008.06.13 18:30:00";"1.94913";"0.13";"2008.06.16 13:48:00";"1.96210";"167.65";"15465.38";"IS";"PT";"-44.59";"168.61";"2d 19h 18m";""
"161";"GBPUSD_DukasM1_the5ers";"Buy";"2008.06.18 17:30:00";"1.95733";"0.16";"2008.06.19 11:30:00";"1.96787";"166.71";"15632.09";"IS";"PT";"-34.08";"168.64";"18h 0m";""
"162";"GBPUSD_DukasM1_the5ers";"Buy";"2008.06.25 21:30:00";"1.97153";"0.17";"2008.06.26 12:52:00";"1.98157";"168.63";"15800.72";"IS";"PT";"-16.66";"170.68";"15h 22m";""
"163";"GBPUSD_DukasM1_the5ers";"Buy";"2008.07.11 15:00:00";"1.98058";"0.19";"2008.07.11 16:22:00";"1.98933";"165.30";"15966.02";"IS";"PT";"-11.02";"166.25";"1h 22m";""
"164";"GBPUSD_DukasM1_the5ers";"Buy";"2008.07.21 12:30:00";"1.99648";"0.18";"2008.07.22 12:29:00";"2.00598";"169.68";"16135.69";"IS";"PT";"-54.54";"171.00";"23h 59m";""
"165";"GBPUSD_DukasM1_the5ers";"Buy";"2008.07.25 12:00:00";"1.99043";"0.16";"2008.07.28 10:43:00";"1.98434";"-98.62";"16037.08";"IS";"SL";"-97.44";"117.92";"2d 22h 43m";""
"166";"GBPUSD_DukasM1_the5ers";"Buy";"2008.08.26 06:30:00";"1.84693";"0.16";"2008.08.26 10:14:00";"1.84099";"-95.84";"15941.24";"IS";"SL";"-95.04";"1.12";"3h 44m";""
"167";"GBPUSD_DukasM1_the5ers";"Buy";"2008.09.05 12:00:00";"1.76353";"0.09";"2008.09.08 00:08:00";"1.78161";"162.06";"16103.29";"IS";"PT";"-57.87";"162.72";"2d 12h 8m";""
"168";"GBPUSD_DukasM1_the5ers";"Buy";"2008.09.09 12:30:00";"1.76288";"0.07";"2008.09.11 00:25:00";"1.74976";"-92.85";"16010.44";"IS";"SL";"-91.84";"54.04";"1d 11h 55m";""
"169";"GBPUSD_DukasM1_the5ers";"Buy";"2008.09.11 15:00:00";"1.75568";"0.09";"2008.09.12 11:45:00";"1.77309";"156.03";"16166.47";"IS";"PT";"-84.87";"156.69";"20h 45m";""
"170";"GBPUSD_DukasM1_the5ers";"Buy";"2008.09.17 20:00:00";"1.79878";"0.06";"2008.09.18 13:10:00";"1.82716";"169.56";"16336.02";"IS";"PT";"-1.08";"170.28";"17h 10m";""
"171";"GBPUSD_DukasM1_the5ers";"Buy";"2008.10.06 14:30:00";"1.76123";"0.08";"2008.10.06 16:03:00";"1.74874";"-100.32";"16235.71";"IS";"SL";"-99.92";"1.36";"1h 33m";""
"172";"GBPUSD_DukasM1_the5ers";"Buy";"2008.10.10 21:30:00";"1.70193";"0.04";"2008.10.13 14:25:00";"1.73760";"142.39";"16378.09";"IS";"PT";"-40.12";"142.68";"2d 16h 55m";""
"173";"GBPUSD_DukasM1_the5ers";"Buy";"2008.10.15 12:00:00";"1.75168";"0.08";"2008.10.15 18:09:00";"1.74035";"-91.04";"16287.05";"IS";"SL";"-90.64";"68.16";"6h 9m";""
"174";"GBPUSD_DukasM1_the5ers";"Buy";"2008.10.16 21:30:00";"1.73198";"0.06";"2008.10.20 16:21:00";"1.71613";"-95.68";"16191.37";"IS";"SL";"-95.10";"118.32";"3d 18h 51m";""
"175";"GBPUSD_DukasM1_the5ers";"Buy";"2008.11.06 10:30:00";"1.59553";"0.06";"2008.11.06 14:00:00";"1.57917";"-98.46";"16092.91";"IS";"SL";"-98.16";"21.42";"3h 30m";""
"176";"GBPUSD_DukasM1_the5ers";"Buy";"2008.11.19 12:30:00";"1.50103";"0.09";"2008.11.19 16:18:00";"1.51900";"161.28";"16254.19";"IS";"PT";"-8.37";"161.73";"3h 48m";""
"177";"GBPUSD_DukasM1_the5ers";"Buy";"2008.11.25 16:00:00";"1.52153";"0.06";"2008.11.25 22:30:00";"1.54949";"167.46";"16421.65";"IS";"PT";"-1.38";"167.76";"6h 30m";""
"178";"GBPUSD_DukasM1_the5ers";"Buy";"2008.11.27 12:00:00";"1.54623";"0.07";"2008.11.28 13:56:00";"1.53276";"-94.81";"16326.84";"IS";"SL";"-94.29";"34.44";"1d 1h 56m";""
"179";"GBPUSD_DukasM1_the5ers";"Buy";"2008.12.31 18:30:00";"1.45723";"0.05";"2009.01.02 15:00:00";"1.43826";"-95.57";"16231.27";"IS";"SL";"-94.85";"126.10";"1d 20h 30m";""
"180";"GBPUSD_DukasM1_the5ers";"Buy";"2009.02.03 16:30:00";"1.43328";"0.06";"2009.02.05 14:06:00";"1.45965";"157.35";"16388.62";"IS";"PT";"-18.78";"158.22";"1d 21h 36m";""
"181";"GBPUSD_DukasM1_the5ers";"Buy";"2009.02.16 16:00:00";"1.43148";"0.08";"2009.02.17 03:12:00";"1.42023";"-90.59";"16298.04";"IS";"SL";"-90.00";"2.56";"11h 12m";""
"182";"GBPUSD_DukasM1_the5ers";"Buy";"2009.02.17 12:00:00";"1.42483";"0.08";"2009.02.18 11:24:00";"1.41370";"-89.63";"16208.41";"IS";"SL";"-89.04";"50.16";"23h 24m";""
"183";"GBPUSD_DukasM1_the5ers";"Buy";"2009.02.20 12:00:00";"1.42738";"0.09";"2009.02.20 19:08:00";"1.44477";"156.06";"16364.47";"IS";"PT";"-34.92";"156.51";"7h 8m";""
"184";"GBPUSD_DukasM1_the5ers";"Buy";"2009.03.18 20:30:00";"1.41403";"0.07";"2009.03.19 13:07:00";"1.43590";"152.24";"16516.71";"IS";"PT";"-0.21";"153.09";"16h 37m";""
"185";"GBPUSD_DukasM1_the5ers";"Buy";"2009.03.30 22:30:00";"1.42543";"0.08";"2009.04.01 23:53:00";"1.44590";"162.42";"16679.13";"IS";"PT";"-12.24";"163.76";"2d 1h 23m";""
"186";"GBPUSD_DukasM1_the5ers";"Buy";"2009.04.08 15:30:00";"1.47303";"0.09";"2009.04.09 12:41:00";"1.46295";"-91.81";"16587.32";"IS";"SL";"-90.72";"44.28";"21h 11m";""
"187";"GBPUSD_DukasM1_the5ers";"Buy";"2009.04.27 18:00:00";"1.46628";"0.1";"2009.04.28 07:17:00";"1.45647";"-98.84";"16488.48";"IS";"SL";"-98.10";"31.20";"13h 17m";""
"188";"GBPUSD_DukasM1_the5ers";"Buy";"2009.04.28 13:30:00";"1.46008";"0.1";"2009.04.29 12:17:00";"1.47654";"163.86";"16652.35";"IS";"PT";"-39.30";"164.60";"22h 47m";""
"189";"GBPUSD_DukasM1_the5ers";"Buy";"2009.05.01 12:00:00";"1.48533";"0.09";"2009.05.05 00:29:00";"1.50300";"158.16";"16810.50";"IS";"PT";"-24.12";"159.03";"3d 12h 29m";""
"190";"GBPUSD_DukasM1_the5ers";"Buy";"2009.05.08 16:00:00";"1.50928";"0.11";"2009.05.08 23:04:00";"1.52471";"168.92";"16979.42";"IS";"PT";"-54.78";"169.73";"7h 4m";""
"191";"GBPUSD_DukasM1_the5ers";"Buy";"2009.05.12 20:00:00";"1.52283";"0.08";"2009.05.13 15:33:00";"1.51100";"-95.23";"16884.19";"IS";"SL";"-94.64";"82.96";"19h 33m";""
"192";"GBPUSD_DukasM1_the5ers";"Buy";"2009.05.14 18:30:00";"1.51873";"0.09";"2009.05.19 09:32:00";"1.53789";"171.35";"17055.55";"IS";"PT";"-64.62";"172.44";"4d 15h 2m";""
"193";"GBPUSD_DukasM1_the5ers";"Buy";"2009.06.05 15:30:00";"1.61636";"0.09";"2009.06.05 15:53:00";"1.60534";"-99.63";"16955.92";"IS";"SL";"-99.18";"71.01";"23m 0s";""
"194";"GBPUSD_DukasM1_the5ers";"Buy";"2009.06.08 17:30:00";"1.59763";"0.09";"2009.06.09 10:11:00";"1.61689";"172.68";"17128.59";"IS";"PT";"-25.47";"173.34";"16h 41m";""
"195";"GBPUSD_DukasM1_the5ers";"Buy";"2009.06.29 10:30:00";"1.65158";"0.12";"2009.06.30 05:52:00";"1.66543";"165.32";"17293.91";"IS";"PT";"-56.76";"166.20";"19h 22m";""
"196";"GBPUSD_DukasM1_the5ers";"Buy";"2009.07.02 04:30:00";"1.64838";"0.13";"2009.07.02 09:19:00";"1.64100";"-96.59";"17197.32";"IS";"SL";"-95.94";"15.21";"4h 49m";""
"197";"GBPUSD_DukasM1_the5ers";"Buy";"2009.07.29 16:30:00";"1.64533";"0.11";"2009.07.29 18:30:00";"1.63648";"-97.90";"17099.42";"IS";"SL";"-97.35";"9.57";"2h 0m";""
"198";"GBPUSD_DukasM1_the5ers";"Buy";"2009.08.11 14:30:00";"1.65113";"0.12";"2009.08.12 09:50:00";"1.64299";"-98.56";"17000.86";"IS";"SL";"-97.68";"5.64";"19h 20m";""
"199";"GBPUSD_DukasM1_the5ers";"Buy";"2009.08.21 13:00:00";"1.65223";"0.13";"2009.08.24 10:00:00";"1.64455";"-100.80";"16900.06";"IS";"SL";"-99.84";"132.21";"2d 21h 0m";""
"200";"GBPUSD_DukasM1_the5ers";"Buy";"2009.08.31 17:30:00";"1.62748";"0.12";"2009.09.01 16:02:00";"1.61969";"-94.36";"16805.70";"IS";"SL";"-93.48";"120.84";"22h 32m";""
"201";"GBPUSD_DukasM1_the5ers";"Buy";"2009.09.02 13:30:00";"1.62073";"0.12";"2009.09.03 11:41:00";"1.63471";"166.31";"16972.01";"IS";"PT";"-21.36";"167.76";"22h 11m";""
"202";"GBPUSD_DukasM1_the5ers";"Buy";"2009.09.04 19:00:00";"1.63758";"0.13";"2009.09.08 11:32:00";"1.65020";"162.80";"17134.80";"IS";"PT";"-70.59";"164.06";"3d 16h 32m";""
"203";"GBPUSD_DukasM1_the5ers";"Buy";"2009.09.15 09:00:00";"1.66423";"0.17";"2009.09.15 12:23:00";"1.65857";"-97.07";"17037.73";"IS";"SL";"-96.22";"30.09";"3h 23m";""
"204";"GBPUSD_DukasM1_the5ers";"Buy";"2009.09.16 12:30:00";"1.65163";"0.14";"2009.09.16 16:36:00";"1.64469";"-97.86";"16939.88";"IS";"SL";"-97.16";"17.78";"4h 6m";""
"205";"GBPUSD_DukasM1_the5ers";"Buy";"2009.10.26 23:00:00";"1.63348";"0.13";"2009.10.29 12:41:00";"1.64678";"170.72";"17110.59";"IS";"PT";"-64.74";"172.90";"2d 13h 41m";""
"206";"GBPUSD_DukasM1_the5ers";"Buy";"2009.11.05 11:30:00";"1.65458";"0.14";"2009.11.09 02:54:00";"1.66693";"171.54";"17282.13";"IS";"PT";"-82.32";"172.90";"3d 15h 24m";""
"207";"GBPUSD_DukasM1_the5ers";"Buy";"2009.12.30 17:00:00";"1.59303";"0.15";"2009.12.30 18:22:00";"1.60419";"166.65";"17448.78";"IS";"PT";"-21.45";"167.40";"1h 22m";""
"208";"GBPUSD_DukasM1_the5ers";"Buy";"2010.01.12 12:00:00";"1.61358";"0.14";"2010.01.13 11:32:00";"1.62554";"166.41";"17615.19";"IS";"PT";"-34.72";"167.44";"23h 32m";""
"209";"GBPUSD_DukasM1_the5ers";"Buy";"2010.01.27 12:00:00";"1.61858";"0.14";"2010.01.28 21:13:00";"1.61190";"-95.21";"17519.98";"IS";"SL";"-93.52";"125.58";"1d 9h 13m";""
"210";"GBPUSD_DukasM1_the5ers";"Buy";"2010.04.06 21:30:00";"1.52613";"0.14";"2010.04.07 12:52:00";"1.51916";"-98.61";"17421.37";"IS";"SL";"-97.58";"34.58";"15h 22m";""
"211";"GBPUSD_DukasM1_the5ers";"Buy";"2010.04.08 18:00:00";"1.52458";"0.13";"2010.04.09 11:48:00";"1.53782";"171.16";"17592.53";"IS";"PT";"-3.64";"172.12";"17h 48m";""
"212";"GBPUSD_DukasM1_the5ers";"Buy";"2010.04.14 03:30:00";"1.54083";"0.18";"2010.04.15 05:13:00";"1.55025";"167.39";"17759.92";"IS";"PT";"-57.24";"169.56";"1d 1h 43m";""
"213";"GBPUSD_DukasM1_the5ers";"Buy";"2010.05.12 08:30:00";"1.49043";"0.1";"2010.05.13 11:31:00";"1.48068";"-98.71";"17661.21";"IS";"SL";"-97.50";"140.20";"1d 3h 1m";""
"214";"GBPUSD_DukasM1_the5ers";"Buy";"2010.05.17 14:30:00";"1.44518";"0.07";"2010.05.18 22:00:00";"1.43153";"-96.07";"17565.14";"IS";"SL";"-95.55";"46.69";"1d 7h 30m";""
"215";"GBPUSD_DukasM1_the5ers";"Buy";"2010.05.25 22:30:00";"1.43808";"0.11";"2010.05.27 10:11:00";"1.45324";"165.17";"17730.31";"IS";"PT";"-56.43";"166.76";"1d 11h 41m";""
"216";"GBPUSD_DukasM1_the5ers";"Buy";"2010.05.31 18:00:00";"1.45278";"0.13";"2010.06.01 10:11:00";"1.44550";"-95.60";"17634.72";"IS";"SL";"-94.64";"24.96";"16h 11m";""
"217";"GBPUSD_DukasM1_the5ers";"Buy";"2010.06.04 12:00:00";"1.46693";"0.16";"2010.06.04 14:13:00";"1.46091";"-97.12";"17537.60";"IS";"SL";"-96.32";"10.72";"2h 13m";""
"218";"GBPUSD_DukasM1_the5ers";"Buy";"2010.06.16 17:00:00";"1.48223";"0.13";"2010.06.16 23:01:00";"1.47502";"-95.30";"17442.30";"IS";"SL";"-93.73";"42.51";"6h 1m";""
"219";"GBPUSD_DukasM1_the5ers";"Buy";"2010.06.25 19:00:00";"1.49843";"0.13";"2010.06.28 17:53:00";"1.51109";"163.62";"17605.92";"IS";"PT";"-6.89";"164.58";"2d 22h 53m";""
"220";"GBPUSD_DukasM1_the5ers";"Buy";"2010.07.07 16:30:00";"1.51498";"0.16";"2010.07.09 15:30:00";"1.50889";"-99.75";"17506.17";"IS";"SL";"-97.44";"145.12";"1d 23h 0m";""
"221";"GBPUSD_DukasM1_the5ers";"Buy";"2010.07.13 00:00:00";"1.50253";"0.16";"2010.07.13 09:37:00";"1.49649";"-97.44";"17408.73";"IS";"SL";"-96.64";"33.12";"9h 37m";""
"222";"GBPUSD_DukasM1_the5ers";"Buy";"2010.07.22 12:00:00";"1.52703";"0.14";"2010.07.23 11:43:00";"1.53918";"169.07";"17577.80";"IS";"PT";"-51.52";"170.10";"23h 43m";""
"223";"GBPUSD_DukasM1_the5ers";"Buy";"2010.07.30 18:00:00";"1.56598";"0.14";"2010.08.02 10:27:00";"1.57795";"166.55";"17744.35";"IS";"PT";"-8.12";"167.58";"2d 16h 27m";""
"224";"GBPUSD_DukasM1_the5ers";"Buy";"2010.08.06 16:00:00";"1.59453";"0.16";"2010.08.10 02:13:00";"1.58857";"-96.92";"17647.44";"IS";"SL";"-95.36";"83.52";"3d 10h 13m";""
"225";"GBPUSD_DukasM1_the5ers";"Buy";"2010.08.10 21:30:00";"1.58793";"0.12";"2010.08.11 03:37:00";"1.57975";"-99.04";"17548.39";"IS";"SL";"-98.16";"34.44";"6h 7m";""
"226";"GBPUSD_DukasM1_the5ers";"Buy";"2010.08.18 12:00:00";"1.56153";"0.14";"2010.08.19 09:33:00";"1.55438";"-101.79";"17446.60";"IS";"SL";"-100.10";"100.38";"21h 33m";""
"227";"GBPUSD_DukasM1_the5ers";"Buy";"2010.08.19 12:00:00";"1.56343";"0.13";"2010.08.20 08:58:00";"1.55587";"-99.24";"17347.36";"IS";"SL";"-98.28";"47.06";"20h 58m";""
"228";"GBPUSD_DukasM1_the5ers";"Buy";"2010.08.24 17:30:00";"1.54633";"0.12";"2010.08.26 17:38:00";"1.55968";"158.47";"17505.83";"IS";"PT";"-89.76";"160.20";"2d 0h 8m";""
"229";"GBPUSD_DukasM1_the5ers";"Buy";"2010.08.30 09:30:00";"1.55428";"0.21";"2010.08.30 17:06:00";"1.54953";"-100.80";"17405.03";"IS";"SL";"-99.75";"68.67";"7h 36m";""
"230";"GBPUSD_DukasM1_the5ers";"Buy";"2010.09.16 19:00:00";"1.56273";"0.13";"2010.09.20 18:47:00";"1.55518";"-99.41";"17305.62";"IS";"SL";"-98.15";"130.91";"3d 23h 47m";""
"231";"GBPUSD_DukasM1_the5ers";"Buy";"2010.09.21 20:30:00";"1.55953";"0.16";"2010.09.22 09:12:00";"1.57013";"168.42";"17474.04";"IS";"PT";"-0.48";"169.60";"12h 42m";""
"232";"GBPUSD_DukasM1_the5ers";"Buy";"2010.09.23 12:00:00";"1.56893";"0.14";"2010.09.24 16:21:00";"1.58072";"164.03";"17638.07";"IS";"PT";"-69.02";"165.06";"1d 4h 21m";""
"233";"GBPUSD_DukasM1_the5ers";"Buy";"2010.10.05 07:00:00";"1.58303";"0.21";"2010.10.05 07:08:00";"1.57832";"-99.96";"17538.11";"IS";"SL";"-98.91";"0.42";"8m 0s";""
"234";"GBPUSD_DukasM1_the5ers";"Buy";"2010.10.08 15:30:00";"1.59233";"0.11";"2010.10.12 10:30:00";"1.58391";"-93.69";"17444.42";"IS";"SL";"-92.62";"45.87";"3d 19h 0m";""
"235";"GBPUSD_DukasM1_the5ers";"Buy";"2010.10.28 11:30:00";"1.58429";"0.16";"2010.10.28 16:10:00";"1.59477";"166.88";"17611.30";"IS";"PT";"-37.44";"167.68";"4h 40m";""
"236";"GBPUSD_DukasM1_the5ers";"Buy";"2010.11.03 23:30:00";"1.61020";"0.11";"2010.11.04 14:33:00";"1.62519";"164.34";"17775.64";"IS";"PT";"-19.69";"164.89";"15h 3m";""
"237";"GBPUSD_DukasM1_the5ers";"Buy";"2010.11.10 13:00:00";"1.60458";"0.13";"2010.11.11 09:58:00";"1.61783";"170.68";"17946.32";"IS";"PT";"-38.35";"172.25";"20h 58m";""
"238";"GBPUSD_DukasM1_the5ers";"Buy";"2010.11.17 12:00:00";"1.59340";"0.15";"2010.11.17 14:30:00";"1.58709";"-95.40";"17850.92";"IS";"SL";"-94.65";"0.00";"2h 30m";""
"239";"GBPUSD_DukasM1_the5ers";"Buy";"2010.12.08 13:00:00";"1.57694";"0.15";"2010.12.13 18:56:00";"1.58831";"168.03";"18018.95";"IS";"PT";"-87.90";"170.55";"5d 5h 56m";""
"240";"GBPUSD_DukasM1_the5ers";"Buy";"2010.12.16 13:30:00";"1.56158";"0.18";"2010.12.16 17:54:00";"1.55611";"-99.36";"17919.59";"IS";"SL";"-98.46";"28.08";"4h 24m";""
"241";"GBPUSD_DukasM1_the5ers";"Buy";"2010.12.29 16:30:00";"1.54163";"0.18";"2010.12.29 22:09:00";"1.55120";"171.36";"18090.95";"IS";"PT";"-2.16";"172.26";"5h 39m";""
"242";"GBPUSD_DukasM1_the5ers";"Buy";"2011.01.05 10:00:00";"1.56122";"0.18";"2011.01.05 11:37:00";"1.55569";"-100.44";"17990.51";"IS";"SL";"-99.54";"26.46";"1h 37m";""
"243";"GBPUSD_DukasM1_the5ers";"Buy";"2011.01.07 16:00:00";"1.55241";"0.14";"2011.01.12 03:57:00";"1.56413";"162.39";"18152.90";"IS";"PT";"-69.44";"164.08";"4d 11h 57m";""
"244";"GBPUSD_DukasM1_the5ers";"Buy";"2011.01.25 01:30:00";"1.59837";"0.2";"2011.01.25 10:15:00";"1.59350";"-98.40";"18054.50";"IS";"SL";"-97.40";"64.40";"8h 45m";""
"245";"GBPUSD_DukasM1_the5ers";"Buy";"2011.01.26 12:30:00";"1.58802";"0.12";"2011.01.31 17:45:00";"1.60164";"161.42";"18215.92";"IS";"PT";"-71.40";"163.44";"5d 5h 15m";""
"246";"GBPUSD_DukasM1_the5ers";"Buy";"2011.02.09 17:30:00";"1.61173";"0.16";"2011.02.10 10:21:00";"1.60549";"-101.77";"18114.15";"IS";"SL";"-99.84";"6.40";"16h 51m";""
"247";"GBPUSD_DukasM1_the5ers";"Buy";"2011.02.17 12:00:00";"1.61256";"0.18";"2011.02.18 11:30:00";"1.62201";"168.78";"18282.92";"IS";"PT";"-23.22";"170.10";"23h 30m";""
"248";"GBPUSD_DukasM1_the5ers";"Buy";"2011.02.23 05:00:00";"1.61824";"0.19";"2011.02.23 11:30:00";"1.62705";"166.44";"18449.37";"IS";"PT";"-30.97";"167.39";"6h 30m";""
"249";"GBPUSD_DukasM1_the5ers";"Buy";"2011.03.04 17:00:00";"1.62970";"0.16";"2011.03.04 18:38:00";"1.62379";"-95.36";"18354.00";"IS";"SL";"-94.56";"0.16";"1h 38m";""
"250";"GBPUSD_DukasM1_the5ers";"Buy";"2011.03.07 10:30:00";"1.62915";"0.24";"2011.03.07 16:36:00";"1.62510";"-98.40";"18255.61";"IS";"SL";"-97.20";"118.56";"6h 6m";""
"251";"GBPUSD_DukasM1_the5ers";"Buy";"2011.04.27 20:00:00";"1.65490";"0.13";"2011.04.28 03:32:00";"1.66739";"160.80";"18416.40";"IS";"PT";"-14.30";"162.37";"7h 32m";""
"252";"GBPUSD_DukasM1_the5ers";"Buy";"2011.05.02 17:30:00";"1.67071";"0.16";"2011.05.02 22:45:00";"1.66478";"-95.68";"18320.72";"IS";"SL";"-94.88";"23.20";"5h 15m";""
"253";"GBPUSD_DukasM1_the5ers";"Buy";"2011.05.04 12:30:00";"1.65305";"0.14";"2011.05.05 11:28:00";"1.64634";"-95.63";"18225.09";"IS";"SL";"-93.94";"60.34";"22h 58m";""
"254";"GBPUSD_DukasM1_the5ers";"Buy";"2011.05.06 14:00:00";"1.64288";"0.14";"2011.05.06 21:37:00";"1.63584";"-99.26";"18125.83";"IS";"SL";"-98.56";"48.44";"7h 37m";""
"255";"GBPUSD_DukasM1_the5ers";"Buy";"2011.05.19 13:30:00";"1.61853";"0.18";"2011.05.20 20:34:00";"1.62803";"169.68";"18295.51";"IS";"PT";"-84.06";"171.00";"1d 7h 4m";""
"256";"GBPUSD_DukasM1_the5ers";"Buy";"2011.06.24 12:00:00";"1.60264";"0.17";"2011.06.24 17:31:00";"1.59685";"-99.28";"18196.23";"IS";"SL";"-98.43";"34.00";"5h 31m";""
"257";"GBPUSD_DukasM1_the5ers";"Buy";"2011.07.08 16:00:00";"1.60331";"0.15";"2011.07.11 09:36:00";"1.59700";"-95.75";"18100.47";"IS";"SL";"-94.65";"66.60";"2d 17h 36m";""
"258";"GBPUSD_DukasM1_the5ers";"Buy";"2011.07.12 17:30:00";"1.59012";"0.12";"2011.07.13 17:34:00";"1.60440";"170.48";"18270.95";"IS";"PT";"-18.48";"171.36";"1d 0h 4m";""
"259";"GBPUSD_DukasM1_the5ers";"Buy";"2011.07.29 00:00:00";"1.63728";"0.21";"2011.07.29 05:31:00";"1.63257";"-99.96";"18170.99";"IS";"SL";"-98.91";"6.09";"5h 31m";""
"260";"GBPUSD_DukasM1_the5ers";"Buy";"2011.08.04 09:30:00";"1.63715";"0.2";"2011.08.04 12:54:00";"1.63237";"-96.60";"18074.39";"IS";"SL";"-95.60";"48.80";"3h 24m";""
"261";"GBPUSD_DukasM1_the5ers";"Buy";"2011.08.16 16:00:00";"1.63809";"0.18";"2011.08.16 20:50:00";"1.64724";"163.80";"18238.19";"IS";"PT";"-15.12";"164.70";"4h 50m";""
"262";"GBPUSD_DukasM1_the5ers";"Buy";"2011.09.12 17:00:00";"1.58534";"0.14";"2011.09.12 18:09:00";"1.57826";"-99.82";"18138.37";"IS";"SL";"-99.12";"10.36";"1h 9m";""
"263";"GBPUSD_DukasM1_the5ers";"Buy";"2011.09.14 12:00:00";"1.57707";"0.16";"2011.09.19 02:53:00";"1.57084";"-102.37";"18036.00";"IS";"SL";"-99.68";"155.52";"4d 14h 53m";""
"264";"GBPUSD_DukasM1_the5ers";"Buy";"2011.09.30 18:30:00";"1.56359";"0.12";"2011.10.03 04:03:00";"1.55567";"-95.92";"17940.08";"IS";"SL";"-107.40";"35.04";"2d 9h 33m";""
"265";"GBPUSD_DukasM1_the5ers";"Buy";"2011.10.20 20:30:00";"1.57716";"0.12";"2011.10.21 13:30:00";"1.59143";"170.36";"18110.44";"IS";"PT";"-21.72";"171.24";"17h 0m";""
"266";"GBPUSD_DukasM1_the5ers";"Buy";"2011.11.07 13:30:00";"1.60502";"0.15";"2011.11.09 12:39:00";"1.59873";"-95.81";"18014.63";"IS";"SL";"-94.35";"118.65";"1d 23h 9m";""
"267";"GBPUSD_DukasM1_the5ers";"Buy";"2011.11.10 20:00:00";"1.59488";"0.12";"2011.11.11 17:37:00";"1.60840";"161.36";"18175.99";"IS";"PT";"-64.20";"162.24";"21h 37m";""
"268";"GBPUSD_DukasM1_the5ers";"Buy";"2011.11.25 14:00:00";"1.54885";"0.17";"2011.11.25 20:01:00";"1.54325";"-96.05";"18079.94";"IS";"SL";"-95.20";"49.98";"6h 1m";""
"269";"GBPUSD_DukasM1_the5ers";"Buy";"2011.11.28 00:30:00";"1.54931";"0.16";"2011.11.29 12:13:00";"1.55997";"169.38";"18249.32";"IS";"PT";"-54.72";"170.56";"1d 11h 43m";""
"270";"GBPUSD_DukasM1_the5ers";"Buy";"2011.11.30 13:30:00";"1.56160";"0.15";"2011.11.30 15:42:00";"1.57316";"172.65";"18421.97";"IS";"PT";"-54.00";"173.40";"2h 12m";""
"271";"GBPUSD_DukasM1_the5ers";"Buy";"2011.12.12 14:30:00";"1.56494";"0.14";"2011.12.12 21:12:00";"1.55793";"-98.84";"18323.13";"IS";"SL";"-98.14";"10.78";"6h 42m";""
"272";"GBPUSD_DukasM1_the5ers";"Buy";"2011.12.19 15:30:00";"1.55351";"0.18";"2011.12.20 11:55:00";"1.56293";"168.24";"18491.36";"IS";"PT";"-76.68";"169.56";"20h 25m";""
"273";"GBPUSD_DukasM1_the5ers";"Buy";"2012.01.12 16:30:00";"1.53516";"0.18";"2012.01.13 16:05:00";"1.52973";"-99.06";"18392.30";"IS";"SL";"-97.74";"103.86";"23h 35m";""
"274";"GBPUSD_DukasM1_the5ers";"Buy";"2012.02.09 14:30:00";"1.58762";"0.2";"2012.02.09 17:32:00";"1.58278";"-97.80";"18294.50";"IS";"SL";"-96.80";"17.40";"3h 2m";""
"275";"GBPUSD_DukasM1_the5ers";"Buy";"2012.02.10 12:00:00";"1.58369";"0.24";"2012.02.10 14:12:00";"1.57953";"-101.04";"18193.46";"IS";"SL";"-99.84";"28.80";"2h 12m";""
"276";"GBPUSD_DukasM1_the5ers";"Buy";"2012.02.14 12:30:00";"1.57661";"0.2";"2012.02.14 14:50:00";"1.57167";"-99.80";"18093.66";"IS";"SL";"-98.80";"7.40";"2h 20m";""
"277";"GBPUSD_DukasM1_the5ers";"Buy";"2012.02.16 16:30:00";"1.56935";"0.22";"2012.02.16 18:38:00";"1.57705";"168.30";"18261.96";"IS";"PT";"-16.28";"169.40";"2h 8m";""
"278";"GBPUSD_DukasM1_the5ers";"Buy";"2012.03.07 12:30:00";"1.57532";"0.25";"2012.03.07 15:07:00";"1.57145";"-98.00";"18163.96";"IS";"SL";"-96.75";"0.50";"2h 37m";""
"279";"GBPUSD_DukasM1_the5ers";"Buy";"2012.04.18 11:30:00";"1.59382";"0.25";"2012.04.18 17:08:00";"1.60051";"166.00";"18329.96";"IS";"PT";"-0.75";"167.25";"5h 38m";""
"280";"GBPUSD_DukasM1_the5ers";"Buy";"2012.05.02 07:00:00";"1.62329";"0.38";"2012.05.02 10:50:00";"1.62067";"-101.46";"18228.50";"IS";"SL";"-99.56";"21.28";"3h 50m";""
"281";"GBPUSD_DukasM1_the5ers";"Buy";"2012.05.03 18:00:00";"1.62022";"0.24";"2012.05.04 15:31:00";"1.61605";"-101.85";"18126.65";"IS";"SL";"-100.08";"3.36";"21h 31m";""
"282";"GBPUSD_DukasM1_the5ers";"Buy";"2012.05.07 12:30:00";"1.61521";"0.28";"2012.05.09 12:26:00";"1.61163";"-102.96";"18023.69";"IS";"SL";"-100.24";"127.12";"1d 23h 56m";""
"283";"GBPUSD_DukasM1_the5ers";"Buy";"2012.05.10 14:30:00";"1.61552";"0.23";"2012.05.11 08:41:00";"1.61123";"-100.36";"17923.33";"IS";"SL";"-98.67";"61.18";"18h 11m";""
"284";"GBPUSD_DukasM1_the5ers";"Buy";"2012.06.11 00:30:00";"1.55171";"0.16";"2012.06.12 11:30:00";"1.54574";"-96.70";"17826.63";"IS";"SL";"-95.52";"103.36";"1d 11h 0m";""
"285";"GBPUSD_DukasM1_the5ers";"Buy";"2012.06.12 13:00:00";"1.55238";"0.18";"2012.06.15 16:44:00";"1.56180";"166.54";"17993.17";"IS";"PT";"-92.52";"169.56";"3d 3h 44m";""
"286";"GBPUSD_DukasM1_the5ers";"Buy";"2012.08.08 13:30:00";"1.56534";"0.2";"2012.08.10 10:21:00";"1.56045";"-100.69";"17892.48";"IS";"SL";"-97.80";"63.80";"1d 20h 51m";""
"287";"GBPUSD_DukasM1_the5ers";"Buy";"2012.08.10 17:30:00";"1.56678";"0.21";"2012.08.21 10:30:00";"1.57477";"162.28";"18054.76";"IS";"PT";"-66.99";"167.79";"10d 17h 0m";""
"288";"GBPUSD_DukasM1_the5ers";"Buy";"2012.08.28 13:30:00";"1.57952";"0.33";"2012.08.29 15:24:00";"1.58467";"167.52";"18222.28";"IS";"PT";"-61.71";"169.95";"1d 1h 54m";""
"289";"GBPUSD_DukasM1_the5ers";"Buy";"2012.08.30 14:00:00";"1.58439";"0.33";"2012.08.30 17:41:00";"1.58142";"-99.66";"18122.62";"IS";"SL";"-98.01";"100.98";"3h 41m";""
"290";"GBPUSD_DukasM1_the5ers";"Buy";"2012.08.31 12:00:00";"1.58209";"0.33";"2012.08.31 15:35:00";"1.58720";"166.98";"18289.60";"IS";"PT";"-46.20";"168.63";"3h 35m";""
"291";"GBPUSD_DukasM1_the5ers";"Buy";"2012.09.04 05:00:00";"1.58958";"0.38";"2012.09.04 13:54:00";"1.58699";"-100.32";"18189.28";"IS";"SL";"-98.42";"45.98";"8h 54m";""
"292";"GBPUSD_DukasM1_the5ers";"Buy";"2012.11.20 15:30:00";"1.59273";"0.29";"2012.11.21 08:48:00";"1.58929";"-101.89";"18087.38";"IS";"SL";"-99.76";"8.12";"17h 18m";""
"293";"GBPUSD_DukasM1_the5ers";"Buy";"2012.11.21 14:00:00";"1.59328";"0.28";"2012.11.23 17:23:00";"1.59945";"168.72";"18256.10";"IS";"PT";"-40.60";"172.76";"2d 3h 23m";""
"294";"GBPUSD_DukasM1_the5ers";"Buy";"2012.11.29 06:30:00";"1.60175";"0.44";"2012.11.30 09:14:00";"1.60568";"169.68";"18425.78";"IS";"PT";"-69.08";"172.92";"1d 2h 44m";""
"295";"GBPUSD_DukasM1_the5ers";"Buy";"2012.12.06 12:00:00";"1.61145";"0.4";"2012.12.06 17:01:00";"1.60897";"-101.20";"18324.58";"IS";"SL";"-99.20";"52.00";"5h 1m";""
"296";"GBPUSD_DukasM1_the5ers";"Buy";"2013.01.04 22:30:00";"1.60801";"0.22";"2013.01.07 06:27:00";"1.60362";"-98.20";"18226.38";"IS";"SL";"-96.58";"2.42";"2d 7h 57m";""
"297";"GBPUSD_DukasM1_the5ers";"Buy";"2013.02.21 13:00:00";"1.52250";"0.16";"2013.02.22 23:51:00";"1.51646";"-98.20";"18128.19";"IS";"SL";"-96.64";"151.20";"1d 10h 51m";""
"298";"GBPUSD_DukasM1_the5ers";"Buy";"2013.03.07 14:30:00";"1.50530";"0.18";"2013.03.08 06:37:00";"1.49982";"-99.96";"18028.22";"IS";"SL";"-98.64";"52.56";"16h 7m";""
"299";"GBPUSD_DukasM1_the5ers";"Buy";"2013.03.20 12:00:00";"1.51310";"0.16";"2013.03.20 14:35:00";"1.50712";"-96.48";"17931.74";"IS";"SL";"-95.68";"43.36";"2h 35m";""
"300";"GBPUSD_DukasM1_the5ers";"Buy";"2013.03.21 04:00:00";"1.51254";"0.19";"2013.03.22 16:13:00";"1.52147";"168.27";"18100.02";"IS";"PT";"-27.93";"169.67";"1d 12h 13m";""
"301";"GBPUSD_DukasM1_the5ers";"Buy";"2013.04.18 14:30:00";"1.52694";"0.24";"2013.04.19 10:43:00";"1.53403";"168.39";"18268.41";"IS";"PT";"-38.88";"170.16";"20h 13m";""
"302";"GBPUSD_DukasM1_the5ers";"Buy";"2013.05.03 17:00:00";"1.55655";"0.18";"2013.05.07 17:05:00";"1.55119";"-98.23";"18170.18";"OOS1";"SL";"-96.48";"64.62";"4d 0h 5m";""
"303";"GBPUSD_DukasM1_the5ers";"Buy";"2013.06.17 04:30:00";"1.57176";"0.23";"2013.06.18 09:15:00";"1.56757";"-98.06";"18072.12";"OOS1";"SL";"-96.37";"77.97";"1d 4h 45m";""
"304";"GBPUSD_DukasM1_the5ers";"Buy";"2013.06.24 16:00:00";"1.54143";"0.18";"2013.06.26 12:01:00";"1.53607";"-98.23";"17973.89";"OOS1";"SL";"-96.48";"113.22";"1d 20h 1m";""
"305";"GBPUSD_DukasM1_the5ers";"Buy";"2013.07.29 12:00:00";"1.54027";"0.27";"2013.07.29 15:16:00";"1.53659";"-100.71";"17873.18";"OOS1";"SL";"-99.36";"26.46";"3h 16m";""
"306";"GBPUSD_DukasM1_the5ers";"Buy";"2013.07.31 22:00:00";"1.52517";"0.15";"2013.08.01 01:41:00";"1.51867";"-99.31";"17773.87";"OOS1";"SL";"-97.50";"3.45";"3h 41m";""
"307";"GBPUSD_DukasM1_the5ers";"Buy";"2013.08.28 16:00:00";"1.55366";"0.18";"2013.08.29 15:33:00";"1.54837";"-97.39";"17676.47";"OOS1";"SL";"-95.22";"28.26";"23h 33m";""
"308";"GBPUSD_DukasM1_the5ers";"Buy";"2013.09.06 16:00:00";"1.56266";"0.19";"2013.09.09 17:22:00";"1.57167";"169.79";"17846.26";"OOS1";"PT";"-25.84";"171.19";"3d 1h 22m";""
"309";"GBPUSD_DukasM1_the5ers";"Buy";"2013.09.25 13:00:00";"1.60148";"0.33";"2013.09.25 16:43:00";"1.60673";"171.60";"18017.86";"OOS1";"PT";"-2.64";"173.25";"3h 43m";""
"310";"GBPUSD_DukasM1_the5ers";"Buy";"2013.10.10 14:30:00";"1.59518";"0.26";"2013.10.14 17:53:00";"1.60176";"168.55";"18186.41";"OOS1";"PT";"-73.32";"171.08";"4d 3h 23m";""
"311";"GBPUSD_DukasM1_the5ers";"Buy";"2013.11.04 12:00:00";"1.59548";"0.26";"2013.11.05 11:33:00";"1.60191";"165.27";"18351.68";"OOS1";"PT";"-36.92";"167.18";"23h 33m";""
"312";"GBPUSD_DukasM1_the5ers";"Buy";"2013.11.07 20:30:00";"1.61043";"0.16";"2013.11.08 15:30:00";"1.60445";"-96.86";"18254.82";"OOS1";"SL";"-95.68";"15.36";"19h 0m";""
"313";"GBPUSD_DukasM1_the5ers";"Buy";"2013.11.13 12:00:00";"1.59193";"0.27";"2013.11.13 12:30:00";"1.59815";"166.59";"18421.41";"OOS1";"PT";"-9.99";"167.94";"30m 0s";""
"314";"GBPUSD_DukasM1_the5ers";"Buy";"2013.11.19 19:30:00";"1.61288";"0.22";"2013.11.21 04:33:00";"1.60851";"-99.32";"18322.10";"OOS1";"SL";"-96.14";"108.24";"1d 9h 3m";""
"315";"GBPUSD_DukasM1_the5ers";"Buy";"2013.12.05 09:30:00";"1.64022";"0.28";"2013.12.05 11:12:00";"1.63675";"-98.56";"18223.54";"OOS1";"SL";"-97.16";"0.84";"1h 42m";""
"316";"GBPUSD_DukasM1_the5ers";"Buy";"2013.12.06 16:30:00";"1.63625";"0.19";"2013.12.10 04:10:00";"1.64513";"166.87";"18390.41";"OOS1";"PT";"-84.55";"168.72";"3d 11h 40m";""
"317";"GBPUSD_DukasM1_the5ers";"Buy";"2013.12.20 17:30:00";"1.63820";"0.19";"2013.12.20 21:33:00";"1.63316";"-96.71";"18293.70";"OOS1";"SL";"-95.76";"24.32";"4h 3m";""
"318";"GBPUSD_DukasM1_the5ers";"Buy";"2013.12.24 13:30:00";"1.63648";"0.29";"2013.12.26 17:11:00";"1.64238";"166.91";"18460.61";"OOS1";"PT";"-86.13";"171.10";"2d 3h 41m";""
"319";"GBPUSD_DukasM1_the5ers";"Buy";"2014.01.06 16:00:00";"1.63918";"0.22";"2014.01.08 17:36:00";"1.64691";"167.92";"18628.53";"OOS1";"PT";"-39.16";"170.06";"2d 1h 36m";""
"320";"GBPUSD_DukasM1_the5ers";"Buy";"2014.01.10 17:00:00";"1.65002";"0.16";"2014.01.13 10:28:00";"1.64399";"-97.66";"18530.88";"OOS1";"SL";"-96.48";"26.88";"2d 17h 28m";""
"321";"GBPUSD_DukasM1_the5ers";"Buy";"2014.01.21 16:00:00";"1.64742";"0.2";"2014.01.22 13:37:00";"1.65587";"167.53";"18698.40";"OOS1";"PT";"-47.40";"169.00";"21h 37m";""
"322";"GBPUSD_DukasM1_the5ers";"Buy";"2014.02.04 12:00:00";"1.63311";"0.22";"2014.02.05 11:28:00";"1.62857";"-101.50";"18596.90";"OOS1";"SL";"-99.88";"29.26";"23h 28m";""
"323";"GBPUSD_DukasM1_the5ers";"Buy";"2014.02.26 11:00:00";"1.66937";"0.3";"2014.02.26 16:20:00";"1.66604";"-101.40";"18495.51";"OOS1";"SL";"-99.90";"23.40";"5h 20m";""
"324";"GBPUSD_DukasM1_the5ers";"Buy";"2014.03.14 19:30:00";"1.66357";"0.21";"2014.03.18 10:04:00";"1.65896";"-98.85";"18396.65";"OOS1";"SL";"-96.81";"63.00";"3d 14h 34m";""
"325";"GBPUSD_DukasM1_the5ers";"Buy";"2014.04.15 12:30:00";"1.67243";"0.27";"2014.04.16 11:30:00";"1.67879";"169.73";"18566.39";"OOS1";"PT";"-30.78";"171.72";"23h 0m";""
"326";"GBPUSD_DukasM1_the5ers";"Buy";"2014.05.20 11:00:00";"1.68363";"0.43";"2014.05.21 11:03:00";"1.68759";"167.12";"18733.50";"OOS1";"PT";"-85.14";"170.28";"1d 0h 3m";""
"327";"GBPUSD_DukasM1_the5ers";"Buy";"2014.05.29 12:00:00";"1.67362";"0.36";"2014.05.29 15:23:00";"1.67087";"-100.80";"18632.70";"OOS1";"SL";"-99.00";"15.84";"3h 23m";""
"328";"GBPUSD_DukasM1_the5ers";"Buy";"2014.06.05 16:00:00";"1.67653";"0.26";"2014.06.06 15:05:00";"1.68307";"168.13";"18800.83";"OOS1";"PT";"-14.04";"170.04";"23h 5m";""
"329";"GBPUSD_DukasM1_the5ers";"Buy";"2014.06.09 09:30:00";"1.68212";"0.51";"2014.06.09 13:00:00";"1.68017";"-102.00";"18698.83";"OOS1";"SL";"-99.45";"55.08";"3h 30m";""
"330";"GBPUSD_DukasM1_the5ers";"Buy";"2014.06.11 12:00:00";"1.67871";"0.35";"2014.06.12 12:00:00";"1.68360";"166.92";"18865.75";"OOS1";"PT";"-56.35";"171.15";"1d 0h 0m";""
"331";"GBPUSD_DukasM1_the5ers";"Buy";"2014.06.25 16:00:00";"1.69984";"0.32";"2014.06.30 15:43:00";"1.70524";"167.42";"19033.17";"OOS1";"PT";"-87.68";"172.80";"4d 23h 43m";""
"332";"GBPUSD_DukasM1_the5ers";"Buy";"2014.07.09 21:30:00";"1.71478";"0.32";"2014.07.10 11:44:00";"1.71168";"-103.07";"18930.11";"OOS1";"SL";"-99.20";"63.04";"14h 14m";""
"333";"GBPUSD_DukasM1_the5ers";"Buy";"2014.07.15 12:00:00";"1.71380";"0.3";"2014.07.17 13:49:00";"1.71056";"-101.53";"18828.58";"OOS1";"SL";"-97.20";"159.00";"2d 1h 49m";""
"334";"GBPUSD_DukasM1_the5ers";"Buy";"2014.08.14 22:30:00";"1.66884";"0.44";"2014.08.18 05:50:00";"1.67278";"169.08";"18997.66";"OOS1";"PT";"-52.80";"191.84";"3d 7h 20m";""
"335";"GBPUSD_DukasM1_the5ers";"Buy";"2014.08.20 12:00:00";"1.66519";"0.33";"2014.08.20 20:05:00";"1.66222";"-99.66";"18898.00";"OOS1";"SL";"-98.01";"4.62";"8h 5m";""
"336";"GBPUSD_DukasM1_the5ers";"Buy";"2014.08.29 17:30:00";"1.66091";"0.34";"2014.08.29 18:26:00";"1.65800";"-100.64";"18797.36";"OOS1";"SL";"-98.94";"14.28";"56m 0s";""
"337";"GBPUSD_DukasM1_the5ers";"Buy";"2014.09.16 19:00:00";"1.62704";"0.19";"2014.09.18 15:24:00";"1.63596";"166.74";"18964.10";"OOS1";"PT";"-57.57";"169.48";"1d 20h 24m";""
"338";"GBPUSD_DukasM1_the5ers";"Buy";"2014.09.24 10:00:00";"1.63921";"0.29";"2014.09.24 16:29:00";"1.63577";"-101.21";"18862.89";"OOS1";"SL";"-99.76";"60.32";"6h 29m";""
"339";"GBPUSD_DukasM1_the5ers";"Buy";"2014.10.06 15:00:00";"1.59925";"0.28";"2014.10.06 21:32:00";"1.60532";"168.56";"19031.45";"OOS1";"PT";"-52.64";"169.96";"6h 32m";""
"340";"GBPUSD_DukasM1_the5ers";"Buy";"2014.10.08 12:00:00";"1.60749";"0.22";"2014.10.08 21:39:00";"1.61523";"169.18";"19200.63";"OOS1";"PT";"-95.26";"170.28";"9h 39m";""
"341";"GBPUSD_DukasM1_the5ers";"Buy";"2014.10.15 13:00:00";"1.59283";"0.2";"2014.10.15 16:34:00";"1.60137";"169.80";"19370.43";"OOS1";"PT";"-30.40";"170.80";"3h 34m";""
"342";"GBPUSD_DukasM1_the5ers";"Buy";"2014.10.31 10:00:00";"1.59930";"0.26";"2014.10.31 15:22:00";"1.59550";"-100.10";"19270.33";"OOS1";"SL";"-98.80";"46.54";"5h 22m";""
"343";"GBPUSD_DukasM1_the5ers";"Buy";"2014.11.07 17:30:00";"1.58470";"0.18";"2014.11.11 21:05:00";"1.59398";"165.29";"19435.62";"OOS1";"PT";"-22.50";"167.04";"4d 3h 35m";""
"344";"GBPUSD_DukasM1_the5ers";"Buy";"2014.11.19 12:00:00";"1.56499";"0.23";"2014.11.20 16:27:00";"1.57227";"164.66";"19600.28";"OOS1";"PT";"-42.09";"167.44";"1d 4h 27m";""
"345";"GBPUSD_DukasM1_the5ers";"Buy";"2014.11.25 17:00:00";"1.57017";"0.22";"2014.11.26 14:33:00";"1.57784";"167.12";"19767.40";"OOS1";"PT";"-50.38";"168.74";"21h 33m";""
"346";"GBPUSD_DukasM1_the5ers";"Buy";"2014.12.03 13:00:00";"1.56694";"0.25";"2014.12.05 07:59:00";"1.56297";"-102.86";"19664.54";"OOS1";"SL";"-99.25";"140.00";"1d 18h 59m";""
"347";"GBPUSD_DukasM1_the5ers";"Buy";"2014.12.12 16:30:00";"1.57378";"0.21";"2014.12.15 12:09:00";"1.56912";"-99.41";"19565.13";"OOS1";"SL";"-97.86";"18.90";"2d 19h 39m";""
"348";"GBPUSD_DukasM1_the5ers";"Buy";"2014.12.16 12:00:00";"1.57039";"0.17";"2014.12.17 17:59:00";"1.56478";"-96.62";"19468.51";"OOS1";"SL";"-95.37";"138.38";"1d 5h 59m";""
"349";"GBPUSD_DukasM1_the5ers";"Buy";"2014.12.18 16:30:00";"1.56390";"0.15";"2014.12.23 01:28:00";"1.55728";"-101.11";"19367.40";"OOS1";"SL";"-99.30";"64.65";"4d 8h 58m";""
"350";"GBPUSD_DukasM1_the5ers";"Buy";"2015.01.13 14:30:00";"1.51686";"0.18";"2015.01.14 15:51:00";"1.52619";"166.62";"19534.02";"OOS1";"PT";"-47.34";"167.94";"1d 1h 21m";""
"351";"GBPUSD_DukasM1_the5ers";"Buy";"2015.01.19 12:00:00";"1.51643";"0.21";"2015.01.19 21:41:00";"1.51166";"-101.22";"19432.79";"OOS1";"SL";"-100.17";"21.00";"9h 41m";""
"352";"GBPUSD_DukasM1_the5ers";"Buy";"2015.01.23 21:30:00";"1.50170";"0.16";"2015.01.27 14:46:00";"1.51205";"164.04";"19596.84";"OOS1";"PT";"-52.64";"165.60";"3d 17h 16m";""
"353";"GBPUSD_DukasM1_the5ers";"Buy";"2015.02.05 05:30:00";"1.51995";"0.18";"2015.02.05 15:33:00";"1.52915";"164.70";"19761.54";"OOS1";"PT";"-18.72";"165.60";"10h 3m";""
"354";"GBPUSD_DukasM1_the5ers";"Buy";"2015.02.10 18:00:00";"1.52589";"0.19";"2015.02.12 14:10:00";"1.53470";"164.65";"19926.19";"OOS1";"PT";"-95.19";"167.39";"1d 20h 10m";""
"355";"GBPUSD_DukasM1_the5ers";"Buy";"2015.02.23 16:00:00";"1.54074";"0.21";"2015.02.25 08:55:00";"1.54864";"163.86";"20090.04";"OOS1";"PT";"-12.18";"165.90";"1d 16h 55m";""
"356";"GBPUSD_DukasM1_the5ers";"Buy";"2015.03.02 12:00:00";"1.54173";"0.29";"2015.03.02 14:59:00";"1.53829";"-101.21";"19988.84";"OOS1";"SL";"-99.76";"9.86";"2h 59m";""
"357";"GBPUSD_DukasM1_the5ers";"Buy";"2015.03.25 13:30:00";"1.49103";"0.17";"2015.03.26 15:50:00";"1.48537";"-98.27";"19890.56";"OOS1";"SL";"-96.22";"142.46";"1d 2h 20m";""
"358";"GBPUSD_DukasM1_the5ers";"Buy";"2015.03.27 13:00:00";"1.48677";"0.17";"2015.03.30 10:00:00";"1.48106";"-98.32";"19792.24";"OOS1";"SL";"-97.07";"91.80";"2d 21h 0m";""
"359";"GBPUSD_DukasM1_the5ers";"Buy";"2015.03.31 15:30:00";"1.48018";"0.16";"2015.04.01 12:10:00";"1.47416";"-97.50";"19694.74";"OOS1";"SL";"-96.32";"111.04";"20h 40m";""
"360";"GBPUSD_DukasM1_the5ers";"Buy";"2015.04.03 15:00:00";"1.48483";"0.27";"2015.04.03 15:30:00";"1.49124";"171.72";"19866.46";"OOS1";"PT";"-81.00";"173.07";"30m 0s";""
"361";"GBPUSD_DukasM1_the5ers";"Buy";"2015.05.07 21:30:00";"1.52537";"0.13";"2015.05.08 00:00:00";"1.53777";"160.24";"20026.71";"OOS1";"PT";"-21.84";"161.20";"2h 30m";""
"362";"GBPUSD_DukasM1_the5ers";"Buy";"2015.05.20 13:00:00";"1.55259";"0.18";"2015.05.21 11:30:00";"1.56206";"168.29";"20194.99";"OOS1";"PT";"-61.02";"170.46";"22h 30m";""
"363";"GBPUSD_DukasM1_the5ers";"Buy";"2015.06.15 18:30:00";"1.55538";"0.19";"2015.06.16 17:00:00";"1.56425";"167.13";"20362.12";"OOS1";"PT";"-23.18";"168.53";"22h 30m";""
"364";"GBPUSD_DukasM1_the5ers";"Buy";"2015.06.30 15:30:00";"1.57333";"0.17";"2015.07.01 02:41:00";"1.56753";"-99.85";"20262.27";"OOS1";"SL";"-98.60";"71.57";"11h 11m";""
"365";"GBPUSD_DukasM1_the5ers";"Buy";"2015.07.06 18:00:00";"1.56019";"0.17";"2015.07.07 10:49:00";"1.55442";"-99.34";"20162.93";"OOS1";"SL";"-98.09";"44.71";"16h 49m";""
"366";"GBPUSD_DukasM1_the5ers";"Buy";"2015.07.28 12:00:00";"1.55825";"0.25";"2015.07.29 15:39:00";"1.56513";"170.16";"20333.09";"OOS1";"PT";"-22.75";"172.00";"1d 3h 39m";""
"367";"GBPUSD_DukasM1_the5ers";"Buy";"2015.07.29 21:30:00";"1.56303";"0.17";"2015.07.30 18:46:00";"1.55723";"-100.65";"20232.44";"OOS1";"SL";"-98.60";"18.53";"21h 16m";""
"368";"GBPUSD_DukasM1_the5ers";"Buy";"2015.07.31 16:00:00";"1.56566";"0.16";"2015.07.31 18:01:00";"1.55973";"-95.68";"20136.76";"OOS1";"SL";"-94.88";"29.76";"2h 1m";""
"369";"GBPUSD_DukasM1_the5ers";"Buy";"2015.08.04 15:00:00";"1.56202";"0.21";"2015.08.04 17:22:00";"1.55746";"-96.81";"20039.95";"OOS1";"SL";"-95.76";"3.57";"2h 22m";""
"370";"GBPUSD_DukasM1_the5ers";"Buy";"2015.08.14 14:00:00";"1.56300";"0.27";"2015.08.17 18:00:00";"1.55933";"-101.08";"19938.87";"OOS1";"SL";"-99.09";"156.60";"3d 4h 0m";""
"371";"GBPUSD_DukasM1_the5ers";"Buy";"2015.08.18 12:00:00";"1.56701";"0.22";"2015.08.20 11:44:00";"1.56263";"-99.54";"19839.33";"OOS1";"SL";"-96.36";"102.52";"1d 23h 44m";""
"372";"GBPUSD_DukasM1_the5ers";"Buy";"2015.08.20 19:00:00";"1.56862";"0.19";"2015.08.24 09:41:00";"1.56338";"-101.41";"19737.93";"OOS1";"SL";"-99.56";"70.49";"3d 14h 41m";""
"373";"GBPUSD_DukasM1_the5ers";"Buy";"2015.08.24 12:00:00";"1.57119";"0.17";"2015.08.25 12:51:00";"1.58099";"165.35";"19903.28";"OOS1";"PT";"-22.10";"166.60";"1d 0h 51m";""
"374";"GBPUSD_DukasM1_the5ers";"Buy";"2015.09.10 12:00:00";"1.53881";"0.26";"2015.09.10 18:14:00";"1.54527";"166.66";"20069.94";"OOS1";"PT";"-49.14";"167.96";"6h 14m";""
"375";"GBPUSD_DukasM1_the5ers";"Buy";"2015.09.16 12:00:00";"1.54014";"0.24";"2015.09.16 17:02:00";"1.54719";"168.00";"20237.94";"OOS1";"PT";"-23.76";"169.20";"5h 2m";""
"376";"GBPUSD_DukasM1_the5ers";"Buy";"2015.10.26 12:00:00";"1.53467";"0.28";"2015.10.27 11:30:00";"1.53113";"-101.18";"20136.75";"OOS1";"SL";"-99.12";"97.44";"23h 30m";""
"377";"GBPUSD_DukasM1_the5ers";"Buy";"2015.10.28 17:00:00";"1.53250";"0.29";"2015.10.28 20:00:00";"1.52906";"-101.21";"20035.54";"OOS1";"SL";"-99.76";"63.80";"3h 0m";""
"378";"GBPUSD_DukasM1_the5ers";"Buy";"2015.10.29 16:00:00";"1.52806";"0.26";"2015.10.30 08:43:00";"1.53466";"169.69";"20205.23";"OOS1";"PT";"-0.78";"171.60";"16h 43m";""
"1";"GBPUSD_DukasM1_the5ers";"Buy";"2015.11.17 12:00:00";"1.52116";"0.35";"2015.11.19 02:14:00";"1.52488";"125.15";"20330.38";"OOS1";"PT";"-83.30";"130.20";"1d 14h 14m";""
"2";"GBPUSD_DukasM1_the5ers";"Buy";"2015.12.03 15:00:00";"1.49713";"0.23";"2015.12.03 15:44:00";"1.50278";"128.80";"20459.18";"OOS1";"PT";"-55.66";"129.95";"44m 0s";""
"3";"GBPUSD_DukasM1_the5ers";"Buy";"2015.12.16 22:00:00";"1.50600";"0.15";"2015.12.16 22:20:00";"1.49972";"-94.95";"20364.23";"OOS1";"SL";"-94.20";"5.85";"20m 0s";""
"4";"GBPUSD_DukasM1_the5ers";"Buy";"2016.01.20 12:00:00";"1.41841";"0.2";"2016.01.20 13:36:00";"1.41354";"-98.40";"20265.83";"OOS1";"SL";"-97.40";"12.60";"1h 36m";""
"5";"GBPUSD_DukasM1_the5ers";"Buy";"2016.01.28 12:00:00";"1.43143";"0.2";"2016.01.28 17:15:00";"1.43792";"128.80";"20394.63";"OOS1";"PT";"-63.20";"129.80";"5h 15m";""
"6";"GBPUSD_DukasM1_the5ers";"Buy";"2016.02.02 20:00:00";"1.44101";"0.15";"2016.02.03 13:23:00";"1.44936";"124.15";"20518.77";"OOS1";"PT";"-39.90";"125.25";"17h 23m";""
"7";"GBPUSD_DukasM1_the5ers";"Buy";"2016.02.09 18:00:00";"1.44831";"0.13";"2016.02.10 14:51:00";"1.45771";"121.24";"20640.02";"OOS1";"PT";"-56.16";"122.20";"20h 51m";""
"8";"GBPUSD_DukasM1_the5ers";"Buy";"2016.02.17 14:00:00";"1.43109";"0.17";"2016.02.17 16:26:00";"1.42544";"-96.90";"20543.12";"OOS1";"SL";"-96.05";"19.38";"2h 26m";""
"9";"GBPUSD_DukasM1_the5ers";"Buy";"2016.03.24 12:30:00";"1.41093";"0.24";"2016.03.24 19:16:00";"1.41629";"127.44";"20670.56";"OOS1";"PT";"-13.44";"128.64";"6h 46m";""
"10";"GBPUSD_DukasM1_the5ers";"Buy";"2016.04.18 11:00:00";"1.41806";"0.25";"2016.04.18 17:06:00";"1.42316";"126.25";"20796.81";"OOS1";"PT";"-44.00";"127.50";"6h 6m";""
"11";"GBPUSD_DukasM1_the5ers";"Buy";"2016.05.02 14:30:00";"1.46379";"0.26";"2016.05.02 15:10:00";"1.46874";"127.40";"20924.21";"OOS1";"PT";"-1.30";"128.70";"40m 0s";""
"12";"GBPUSD_DukasM1_the5ers";"Buy";"2016.05.12 20:00:00";"1.44643";"0.17";"2016.05.13 09:35:00";"1.44086";"-95.94";"20828.27";"OOS1";"SL";"-94.69";"2.72";"13h 35m";""
"13";"GBPUSD_DukasM1_the5ers";"Buy";"2016.05.18 14:00:00";"1.44804";"0.22";"2016.05.18 14:52:00";"1.45378";"125.18";"20953.45";"OOS1";"PT";"-3.30";"126.28";"52m 0s";""
"14";"GBPUSD_DukasM1_the5ers";"Buy";"2016.05.30 15:30:00";"1.46315";"0.28";"2016.05.31 04:14:00";"1.46781";"128.42";"21081.86";"OOS1";"PT";"-63.84";"130.48";"12h 44m";""
"15";"GBPUSD_DukasM1_the5ers";"Buy";"2016.06.13 17:00:00";"1.42679";"0.11";"2016.06.14 05:45:00";"1.41835";"-93.65";"20988.21";"OOS1";"SL";"-92.84";"66.00";"12h 45m";""
"16";"GBPUSD_DukasM1_the5ers";"Buy";"2016.07.18 18:30:00";"1.33005";"0.12";"2016.07.19 04:51:00";"1.32215";"-95.68";"20892.53";"OOS1";"SL";"-94.80";"16.68";"10h 21m";""
"17";"GBPUSD_DukasM1_the5ers";"Buy";"2016.07.20 12:00:00";"1.31502";"0.16";"2016.07.21 00:06:00";"1.32295";"124.95";"21017.48";"OOS1";"PT";"-27.84";"126.88";"12h 6m";""
"18";"GBPUSD_DukasM1_the5ers";"Buy";"2016.07.27 11:30:00";"1.31286";"0.2";"2016.07.27 13:00:00";"1.30787";"-100.80";"20916.68";"OOS1";"SL";"-99.80";"34.20";"1h 30m";""
"19";"GBPUSD_DukasM1_the5ers";"Buy";"2016.07.29 16:00:00";"1.32213";"0.17";"2016.07.29 18:05:00";"1.32978";"129.20";"21045.88";"OOS1";"PT";"-87.89";"130.05";"2h 5m";""
"20";"GBPUSD_DukasM1_the5ers";"Buy";"2016.08.09 12:00:00";"1.30114";"0.25";"2016.08.09 13:15:00";"1.29715";"-101.00";"20944.88";"OOS1";"SL";"-99.75";"0.00";"1h 15m";""
"21";"GBPUSD_DukasM1_the5ers";"Buy";"2016.08.18 03:30:00";"1.30596";"0.2";"2016.08.18 11:31:00";"1.31224";"124.60";"21069.48";"OOS1";"PT";"-37.20";"125.60";"8h 1m";""
"22";"GBPUSD_DukasM1_the5ers";"Buy";"2016.08.22 12:00:00";"1.31153";"0.23";"2016.08.23 09:04:00";"1.31723";"129.41";"21198.89";"OOS1";"PT";"-76.36";"131.10";"21h 4m";""
"23";"GBPUSD_DukasM1_the5ers";"Buy";"2016.09.30 16:00:00";"1.29788";"0.21";"2016.10.03 00:05:00";"1.29327";"-98.36";"21100.53";"OOS1";"SL";"-130.62";"91.98";"2d 8h 5m";""
"24";"GBPUSD_DukasM1_the5ers";"Buy";"2016.10.14 09:00:00";"1.21994";"0.2";"2016.10.17 02:06:00";"1.21514";"-97.47";"21003.06";"OOS1";"SL";"-96.00";"122.80";"2d 17h 6m";""
"25";"GBPUSD_DukasM1_the5ers";"Buy";"2016.10.27 11:30:00";"1.22394";"0.26";"2016.10.27 16:02:00";"1.22012";"-100.62";"20902.44";"OOS1";"SL";"-99.32";"82.42";"4h 32m";""
"26";"GBPUSD_DukasM1_the5ers";"Buy";"2016.10.28 20:30:00";"1.21900";"0.19";"2016.11.01 09:59:00";"1.22584";"128.11";"21030.55";"OOS1";"PT";"-88.16";"129.96";"3d 13h 29m";""
"27";"GBPUSD_DukasM1_the5ers";"Buy";"2016.11.23 18:30:00";"1.24279";"0.17";"2016.11.28 04:16:00";"1.25021";"123.28";"21153.84";"OOS1";"PT";"-44.88";"126.14";"4d 9h 46m";""
"28";"GBPUSD_DukasM1_the5ers";"Buy";"2016.11.29 12:00:00";"1.24684";"0.23";"2016.11.29 17:56:00";"1.25233";"125.12";"21278.96";"OOS1";"PT";"-35.19";"126.27";"5h 56m";""
"29";"GBPUSD_DukasM1_the5ers";"Buy";"2016.12.14 15:30:00";"1.26940";"0.25";"2016.12.14 21:00:00";"1.26549";"-99.00";"21179.96";"OOS1";"SL";"-97.75";"72.00";"5h 30m";""
"30";"GBPUSD_DukasM1_the5ers";"Buy";"2017.01.13 12:00:00";"1.22075";"0.23";"2017.01.13 14:48:00";"1.21650";"-98.90";"21081.05";"OOS1";"SL";"-97.75";"57.96";"2h 48m";""
"31";"GBPUSD_DukasM1_the5ers";"Buy";"2017.01.19 22:00:00";"1.23377";"0.18";"2017.01.20 12:03:00";"1.22833";"-99.24";"20981.81";"OOS1";"SL";"-97.92";"61.38";"14h 3m";""
"32";"GBPUSD_DukasM1_the5ers";"Buy";"2017.01.30 01:30:00";"1.25935";"0.2";"2017.01.30 10:09:00";"1.25446";"-98.80";"20883.01";"OOS1";"SL";"-97.80";"13.40";"8h 39m";""
"33";"GBPUSD_DukasM1_the5ers";"Buy";"2017.01.31 16:30:00";"1.25296";"0.17";"2017.02.01 11:39:00";"1.26058";"128.29";"21011.30";"OOS1";"PT";"-21.25";"129.54";"19h 9m";""
"34";"GBPUSD_DukasM1_the5ers";"Buy";"2017.02.09 10:30:00";"1.25554";"0.25";"2017.02.09 18:52:00";"1.25166";"-98.25";"20913.05";"OOS1";"SL";"-97.00";"66.75";"8h 22m";""
"35";"GBPUSD_DukasM1_the5ers";"Buy";"2017.02.21 18:00:00";"1.24679";"0.24";"2017.02.22 13:46:00";"1.24277";"-98.25";"20814.80";"OOS1";"SL";"-96.48";"95.52";"19h 46m";""
"36";"GBPUSD_DukasM1_the5ers";"Buy";"2017.02.23 14:00:00";"1.24774";"0.25";"2017.02.23 17:46:00";"1.25282";"125.75";"20940.55";"OOS1";"PT";"-4.00";"127.00";"3h 46m";""
"37";"GBPUSD_DukasM1_the5ers";"Buy";"2017.02.28 02:00:00";"1.24376";"0.28";"2017.02.28 22:25:00";"1.24019";"-101.36";"20839.19";"OOS1";"SL";"-99.96";"91.56";"20h 25m";""
"38";"GBPUSD_DukasM1_the5ers";"Buy";"2017.03.02 15:00:00";"1.22968";"0.24";"2017.03.02 21:09:00";"1.22561";"-98.88";"20740.31";"OOS1";"SL";"-97.68";"14.16";"6h 9m";""
"39";"GBPUSD_DukasM1_the5ers";"Buy";"2017.03.10 16:00:00";"1.21814";"0.28";"2017.03.13 09:08:00";"1.22284";"129.54";"20869.85";"OOS1";"PT";"-96.88";"131.60";"2d 17h 8m";""
"40";"GBPUSD_DukasM1_the5ers";"Buy";"2017.03.29 22:00:00";"1.24358";"0.2";"2017.03.30 16:29:00";"1.25008";"127.58";"20997.44";"OOS1";"PT";"-66.00";"130.00";"18h 29m";""
"41";"GBPUSD_DukasM1_the5ers";"Buy";"2017.04.05 12:00:00";"1.24676";"0.3";"2017.04.07 11:31:00";"1.24346";"-103.33";"20894.10";"OOS1";"SL";"-99.00";"114.30";"1d 23h 31m";""
"42";"GBPUSD_DukasM1_the5ers";"Buy";"2017.04.14 16:00:00";"1.25303";"0.47";"2017.04.17 16:32:00";"1.25580";"126.73";"21020.84";"OOS1";"PT";"-62.51";"130.19";"3d 0h 32m";""
"43";"GBPUSD_DukasM1_the5ers";"Buy";"2017.04.26 21:00:00";"1.28494";"0.26";"2017.04.27 10:04:00";"1.28988";"125.30";"21146.13";"OOS1";"PT";"-44.72";"128.44";"13h 4m";""
"44";"GBPUSD_DukasM1_the5ers";"Buy";"2017.05.04 12:30:00";"1.28984";"0.31";"2017.05.05 09:57:00";"1.29403";"127.61";"21273.74";"OOS1";"PT";"-59.21";"129.89";"21h 27m";""
"45";"GBPUSD_DukasM1_the5ers";"Buy";"2017.05.22 15:00:00";"1.30088";"0.26";"2017.05.23 09:20:00";"1.29713";"-99.41";"21174.33";"OOS1";"SL";"-97.50";"88.66";"18h 20m";""
"46";"GBPUSD_DukasM1_the5ers";"Buy";"2017.05.23 18:30:00";"1.30140";"0.24";"2017.05.23 19:26:00";"1.29728";"-100.08";"21074.25";"OOS1";"SL";"-98.88";"46.80";"56m 0s";""
"47";"GBPUSD_DukasM1_the5ers";"Buy";"2017.06.02 16:00:00";"1.28851";"0.28";"2017.06.05 16:26:00";"1.29310";"126.46";"21200.71";"OOS1";"PT";"-86.24";"128.52";"3d 0h 26m";""
"48";"GBPUSD_DukasM1_the5ers";"Buy";"2017.06.07 20:00:00";"1.29267";"0.25";"2017.06.09 00:00:00";"1.28873";"-102.11";"21098.60";"OOS1";"SL";"-98.50";"126.75";"1d 4h 0m";""
"49";"GBPUSD_DukasM1_the5ers";"Buy";"2017.06.15 14:30:00";"1.27711";"0.2";"2017.06.20 10:30:00";"1.27227";"-99.22";"20999.38";"OOS1";"SL";"-96.80";"86.60";"4d 20h 0m";""
"50";"GBPUSD_DukasM1_the5ers";"Buy";"2017.07.25 21:00:00";"1.30429";"0.29";"2017.07.26 09:31:00";"1.30090";"-100.44";"20898.94";"OOS1";"SL";"-98.31";"11.02";"12h 31m";""
"51";"GBPUSD_DukasM1_the5ers";"Buy";"2017.07.26 13:30:00";"1.30448";"0.3";"2017.07.26 21:12:00";"1.30873";"126.00";"21024.94";"OOS1";"PT";"-36.60";"127.50";"7h 42m";""
"52";"GBPUSD_DukasM1_the5ers";"Buy";"2017.08.16 12:00:00";"1.28908";"0.28";"2017.08.16 16:05:00";"1.28561";"-98.56";"20926.38";"OOS1";"SL";"-97.16";"34.16";"4h 5m";""
"53";"GBPUSD_DukasM1_the5ers";"Buy";"2017.08.22 09:00:00";"1.28856";"0.48";"2017.08.22 10:29:00";"1.28647";"-102.72";"20823.66";"OOS1";"SL";"-100.32";"20.16";"1h 29m";""
"54";"GBPUSD_DukasM1_the5ers";"Buy";"2017.09.05 13:30:00";"1.29579";"0.33";"2017.09.05 17:04:00";"1.29975";"129.03";"20952.69";"OOS1";"PT";"-16.83";"130.68";"3h 34m";""
"55";"GBPUSD_DukasM1_the5ers";"Buy";"2017.09.20 14:30:00";"1.35466";"0.17";"2017.09.20 21:00:00";"1.36199";"123.76";"21076.45";"OOS1";"PT";"-31.11";"124.61";"6h 30m";""
"56";"GBPUSD_DukasM1_the5ers";"Buy";"2017.09.21 18:00:00";"1.35432";"0.2";"2017.09.22 16:52:00";"1.34938";"-100.27";"20976.18";"OOS1";"SL";"-98.80";"105.40";"22h 52m";""
"57";"GBPUSD_DukasM1_the5ers";"Buy";"2017.10.11 19:00:00";"1.32106";"0.3";"2017.10.12 04:37:00";"1.32545";"128.08";"21104.25";"OOS1";"PT";"-21.90";"131.70";"9h 37m";""
"58";"GBPUSD_DukasM1_the5ers";"Buy";"2017.10.25 12:00:00";"1.31767";"0.29";"2017.10.25 13:05:00";"1.32212";"127.60";"21231.85";"OOS1";"PT";"-17.40";"129.05";"1h 5m";""
"59";"GBPUSD_DukasM1_the5ers";"Buy";"2017.11.03 18:30:00";"1.30769";"0.22";"2017.11.06 18:41:00";"1.31352";"126.64";"21358.49";"OOS1";"PT";"-40.92";"128.26";"3d 0h 11m";""
"60";"GBPUSD_DukasM1_the5ers";"Buy";"2017.11.16 21:00:00";"1.31874";"0.26";"2017.11.17 03:25:00";"1.32366";"126.01";"21484.50";"OOS1";"PT";"-19.50";"127.92";"6h 25m";""
"61";"GBPUSD_DukasM1_the5ers";"Buy";"2017.11.24 20:30:00";"1.33314";"0.28";"2017.11.27 15:41:00";"1.33784";"129.54";"21614.04";"OOS1";"PT";"-60.48";"131.60";"2d 19h 11m";""
"62";"GBPUSD_DukasM1_the5ers";"Buy";"2017.12.07 12:30:00";"1.34065";"0.31";"2017.12.07 13:28:00";"1.33748";"-99.82";"21514.22";"OOS1";"SL";"-98.27";"22.32";"58m 0s";""
"63";"GBPUSD_DukasM1_the5ers";"Buy";"2017.12.18 14:00:00";"1.33647";"0.34";"2017.12.18 15:47:00";"1.34034";"129.88";"21644.10";"OOS1";"PT";"-14.96";"131.58";"1h 47m";""
"64";"GBPUSD_DukasM1_the5ers";"Buy";"2017.12.22 12:00:00";"1.33901";"0.37";"2017.12.22 17:59:00";"1.33633";"-101.01";"21543.09";"OOS1";"SL";"-99.16";"25.90";"5h 59m";""
"65";"GBPUSD_DukasM1_the5ers";"Buy";"2018.01.04 21:30:00";"1.35492";"0.37";"2018.01.08 03:26:00";"1.35841";"125.53";"21668.62";"OOS1";"PT";"-96.57";"129.13";"3d 5h 56m";""
"66";"GBPUSD_DukasM1_the5ers";"Buy";"2018.01.08 18:00:00";"1.35809";"0.32";"2018.01.09 09:42:00";"1.35499";"-101.56";"21567.07";"OOS1";"SL";"-99.20";"12.80";"15h 42m";""
"67";"GBPUSD_DukasM1_the5ers";"Buy";"2018.01.10 13:00:00";"1.35407";"0.29";"2018.01.10 18:36:00";"1.35067";"-100.05";"21467.02";"OOS1";"SL";"-98.60";"61.19";"5h 36m";""
"68";"GBPUSD_DukasM1_the5ers";"Buy";"2018.01.11 16:00:00";"1.35247";"0.28";"2018.01.12 10:40:00";"1.35711";"127.86";"21594.88";"OOS1";"PT";"-6.44";"129.92";"18h 40m";""
"69";"GBPUSD_DukasM1_the5ers";"Buy";"2018.01.30 12:00:00";"1.40729";"0.18";"2018.01.30 15:21:00";"1.41432";"125.64";"21720.52";"OOS1";"PT";"-15.48";"126.54";"3h 21m";""
"70";"GBPUSD_DukasM1_the5ers";"Buy";"2018.02.20 12:00:00";"1.40039";"0.22";"2018.02.21 10:28:00";"1.39591";"-100.18";"21620.34";"OOS1";"SL";"-98.56";"44.66";"22h 28m";""
"71";"GBPUSD_DukasM1_the5ers";"Buy";"2018.02.22 16:00:00";"1.39196";"0.19";"2018.02.22 19:31:00";"1.39874";"127.87";"21748.21";"OOS1";"PT";"-18.81";"128.82";"3h 31m";""
"72";"GBPUSD_DukasM1_the5ers";"Buy";"2018.03.01 16:00:00";"1.37726";"0.24";"2018.03.01 17:00:00";"1.37314";"-100.08";"21648.13";"OOS1";"SL";"-98.88";"14.64";"1h 0m";""
"73";"GBPUSD_DukasM1_the5ers";"Buy";"2018.03.09 16:00:00";"1.38391";"0.27";"2018.03.09 17:22:00";"1.38870";"127.98";"21776.11";"OOS1";"PT";"-14.31";"129.33";"1h 22m";""
"74";"GBPUSD_DukasM1_the5ers";"Buy";"2018.03.13 14:30:00";"1.38993";"0.34";"2018.03.13 14:42:00";"1.39374";"127.84";"21903.95";"OOS1";"PT";"-21.42";"129.54";"12m 0s";""
"75";"GBPUSD_DukasM1_the5ers";"Buy";"2018.04.19 14:00:00";"1.42202";"0.26";"2018.04.19 18:48:00";"1.41829";"-98.28";"21805.67";"OOS1";"SL";"-96.98";"65.52";"4h 48m";""
"1";"GBPUSD_DukasM1_the5ers";"Buy";"2018.05.25 12:00:00";"1.33739";"0.29";"2018.05.25 13:56:00";"1.33396";"-100.92";"21704.75";"OOS1";"SL";"-99.47";"10.44";"1h 56m";""
"2";"GBPUSD_DukasM1_the5ers";"Buy";"2018.06.21 14:30:00";"1.32107";"0.22";"2018.06.22 08:09:00";"1.32701";"129.06";"21833.81";"OOS1";"PT";"-21.34";"130.68";"17h 39m";""
"3";"GBPUSD_DukasM1_the5ers";"Buy";"2018.07.05 09:00:00";"1.32307";"0.4";"2018.07.05 12:47:00";"1.32628";"126.40";"21960.21";"OOS1";"PT";"-22.40";"128.40";"3h 47m";""
"4";"GBPUSD_DukasM1_the5ers";"Buy";"2018.07.06 16:00:00";"1.32481";"0.28";"2018.07.09 00:05:00";"1.32951";"129.54";"22089.75";"OOS1";"PT";"-0.84";"197.40";"2d 8h 5m";""
"5";"GBPUSD_DukasM1_the5ers";"Buy";"2018.07.17 12:00:00";"1.32635";"0.32";"2018.07.17 14:08:00";"1.32326";"-100.48";"21989.27";"OOS1";"SL";"-98.88";"14.08";"2h 8m";""
"6";"GBPUSD_DukasM1_the5ers";"Buy";"2018.07.24 14:00:00";"1.31349";"0.28";"2018.07.25 21:09:00";"1.31803";"125.06";"22114.33";"OOS1";"PT";"-68.88";"127.12";"1d 7h 9m";""
"7";"GBPUSD_DukasM1_the5ers";"Buy";"2018.07.27 18:00:00";"1.31281";"0.28";"2018.07.31 17:52:00";"1.30927";"-101.84";"22012.48";"OOS1";"SL";"-99.12";"124.60";"3d 23h 52m";""
"8";"GBPUSD_DukasM1_the5ers";"Buy";"2018.08.01 14:00:00";"1.31289";"0.37";"2018.08.02 07:09:00";"1.31020";"-104.00";"21908.48";"OOS1";"SL";"-99.53";"55.87";"17h 9m";""
"9";"GBPUSD_DukasM1_the5ers";"Buy";"2018.08.03 14:30:00";"1.30346";"0.28";"2018.08.03 16:22:00";"1.29989";"-101.36";"21807.13";"OOS1";"SL";"-99.96";"23.24";"1h 52m";""
"10";"GBPUSD_DukasM1_the5ers";"Buy";"2018.08.20 14:00:00";"1.27500";"0.39";"2018.08.20 19:28:00";"1.27835";"128.70";"21935.82";"OOS1";"PT";"-7.02";"130.65";"5h 28m";""
"11";"GBPUSD_DukasM1_the5ers";"Buy";"2018.08.24 13:30:00";"1.28520";"0.3";"2018.08.27 19:24:00";"1.28951";"127.09";"22062.92";"OOS1";"PT";"-69.90";"129.30";"3d 5h 54m";""
"12";"GBPUSD_DukasM1_the5ers";"Buy";"2018.08.29 13:00:00";"1.28866";"0.34";"2018.08.29 16:58:00";"1.29250";"128.86";"22191.78";"OOS1";"PT";"-76.16";"130.56";"3h 58m";""
"13";"GBPUSD_DukasM1_the5ers";"Buy";"2018.09.07 09:30:00";"1.29419";"0.34";"2018.09.07 13:45:00";"1.29798";"127.16";"22318.94";"OOS1";"PT";"-51.34";"128.86";"4h 15m";""
"14";"GBPUSD_DukasM1_the5ers";"Buy";"2018.09.10 15:30:00";"1.29475";"0.28";"2018.09.10 15:53:00";"1.29941";"129.08";"22448.02";"OOS1";"PT";"-10.08";"130.48";"23m 0s";""
"15";"GBPUSD_DukasM1_the5ers";"Buy";"2018.10.01 16:00:00";"1.30781";"0.22";"2018.10.01 18:42:00";"1.30344";"-97.24";"22350.78";"OOS1";"SL";"-96.14";"10.34";"2h 42m";""
"16";"GBPUSD_DukasM1_the5ers";"Buy";"2018.10.09 18:30:00";"1.31101";"0.22";"2018.10.10 08:21:00";"1.31675";"124.66";"22475.44";"OOS1";"PT";"-1.54";"126.28";"13h 51m";""
"17";"GBPUSD_DukasM1_the5ers";"Buy";"2018.10.18 13:00:00";"1.31264";"0.3";"2018.10.18 15:14:00";"1.30935";"-100.20";"22375.24";"OOS1";"SL";"-98.70";"14.10";"2h 14m";""
"18";"GBPUSD_DukasM1_the5ers";"Buy";"2018.10.19 13:30:00";"1.30420";"0.3";"2018.10.19 19:46:00";"1.30849";"127.20";"22502.44";"OOS1";"PT";"-70.20";"128.70";"6h 16m";""
"19";"GBPUSD_DukasM1_the5ers";"Buy";"2018.11.12 16:00:00";"1.29199";"0.2";"2018.11.12 17:57:00";"1.28709";"-99.00";"22403.44";"OOS1";"SL";"-98.00";"31.60";"1h 57m";""
"20";"GBPUSD_DukasM1_the5ers";"Buy";"2018.11.14 22:00:00";"1.30360";"0.08";"2018.11.15 10:53:00";"1.29239";"-90.65";"22312.79";"OOS1";"SL";"-89.68";"28.64";"12h 53m";""
"21";"GBPUSD_DukasM1_the5ers";"Buy";"2018.12.26 08:30:00";"1.27110";"0.3";"2018.12.26 14:01:00";"1.26785";"-99.00";"22213.79";"OOS1";"SL";"-97.50";"9.00";"5h 31m";""
"22";"GBPUSD_DukasM1_the5ers";"Buy";"2018.12.31 22:00:00";"1.27520";"0.19";"2019.01.02 10:32:00";"1.27008";"-99.13";"22114.66";"OOS1";"SL";"-97.28";"39.71";"1d 12h 32m";""
"23";"GBPUSD_DukasM1_the5ers";"Buy";"2019.01.09 17:00:00";"1.27821";"0.23";"2019.01.09 17:57:00";"1.27392";"-99.82";"22014.84";"OOS1";"SL";"-98.67";"48.76";"57m 0s";""
"24";"GBPUSD_DukasM1_the5ers";"Buy";"2019.01.21 18:00:00";"1.28943";"0.24";"2019.01.22 17:38:00";"1.29489";"129.27";"22144.12";"OOS1";"PT";"-94.56";"131.04";"23h 38m";""
"25";"GBPUSD_DukasM1_the5ers";"Buy";"2019.02.22 18:00:00";"1.30579";"0.23";"2019.02.25 22:13:00";"1.31136";"126.42";"22270.54";"OOS1";"PT";"-25.76";"128.11";"3d 4h 13m";""
"26";"GBPUSD_DukasM1_the5ers";"Buy";"2019.03.13 12:30:00";"1.31576";"0.17";"2019.03.13 20:58:00";"1.32315";"124.78";"22395.31";"OOS1";"PT";"-25.33";"125.63";"8h 28m";""
"27";"GBPUSD_DukasM1_the5ers";"Buy";"2019.03.27 12:00:00";"1.32060";"0.27";"2019.03.27 20:47:00";"1.32533";"126.36";"22521.68";"OOS1";"PT";"-58.32";"127.71";"8h 47m";""
"28";"GBPUSD_DukasM1_the5ers";"Buy";"2019.04.12 13:00:00";"1.30755";"0.37";"2019.04.12 15:11:00";"1.31104";"127.28";"22648.96";"OOS1";"PT";"-17.76";"129.13";"2h 11m";""
"29";"GBPUSD_DukasM1_the5ers";"Buy";"2019.04.15 01:30:00";"1.30782";"0.32";"2019.04.16 18:09:00";"1.30469";"-102.52";"22546.44";"OOS1";"SL";"-100.16";"129.92";"1d 16h 39m";""
"30";"GBPUSD_DukasM1_the5ers";"Buy";"2019.04.24 13:00:00";"1.29395";"0.42";"2019.04.24 21:22:00";"1.29156";"-102.48";"22443.96";"OOS1";"SL";"-100.38";"100.80";"8h 22m";""
"31";"GBPUSD_DukasM1_the5ers";"Buy";"2019.06.11 12:00:00";"1.27080";"0.38";"2019.06.12 11:08:00";"1.27427";"129.06";"22573.02";"OOS1";"PT";"-61.94";"131.86";"23h 8m";""
"32";"GBPUSD_DukasM1_the5ers";"Buy";"2019.06.13 15:30:00";"1.27023";"0.34";"2019.06.13 18:53:00";"1.26730";"-101.32";"22471.70";"OOS1";"SL";"-99.62";"18.36";"3h 23m";""
"33";"GBPUSD_DukasM1_the5ers";"Buy";"2019.06.27 06:30:00";"1.26852";"0.45";"2019.06.27 12:46:00";"1.27144";"129.15";"22600.85";"OOS1";"PT";"-74.25";"131.40";"6h 16m";""
"34";"GBPUSD_DukasM1_the5ers";"Buy";"2019.06.28 14:00:00";"1.26871";"0.39";"2019.06.28 17:29:00";"1.27202";"127.14";"22727.99";"OOS1";"PT";"-19.50";"129.09";"3h 29m";""
"35";"GBPUSD_DukasM1_the5ers";"Buy";"2019.07.12 11:30:00";"1.25411";"0.42";"2019.07.12 21:43:00";"1.25724";"129.36";"22857.35";"OOS1";"PT";"-84.84";"131.46";"10h 13m";""
"36";"GBPUSD_DukasM1_the5ers";"Buy";"2019.07.23 14:30:00";"1.24733";"0.34";"2019.07.23 15:10:00";"1.24446";"-99.28";"22758.07";"OOS1";"SL";"-97.58";"27.54";"40m 0s";""
"37";"GBPUSD_DukasM1_the5ers";"Buy";"2019.07.25 18:00:00";"1.24939";"0.26";"2019.07.25 19:08:00";"1.24567";"-98.02";"22660.05";"OOS1";"SL";"-96.72";"4.94";"1h 8m";""
"38";"GBPUSD_DukasM1_the5ers";"Buy";"2019.08.06 09:30:00";"1.21589";"0.27";"2019.08.06 12:44:00";"1.22068";"127.98";"22788.03";"OOS1";"PT";"-14.04";"129.33";"3h 14m";""
"39";"GBPUSD_DukasM1_the5ers";"Buy";"2019.08.16 01:30:00";"1.20864";"0.3";"2019.08.16 11:34:00";"1.21301";"129.60";"22917.63";"OOS1";"PT";"-16.20";"131.10";"10h 4m";""
"40";"GBPUSD_DukasM1_the5ers";"Buy";"2019.08.20 17:00:00";"1.21338";"0.23";"2019.08.22 15:52:00";"1.21898";"125.48";"23043.11";"OOS1";"PT";"-59.11";"128.80";"1d 22h 52m";""
"41";"GBPUSD_DukasM1_the5ers";"Buy";"2019.09.12 17:00:00";"1.23460";"0.22";"2019.09.13 10:02:00";"1.24055";"129.28";"23172.39";"OOS1";"PT";"-56.54";"130.90";"17h 2m";""
"42";"GBPUSD_DukasM1_the5ers";"Buy";"2019.09.19 12:00:00";"1.24950";"0.28";"2019.09.19 13:17:00";"1.24597";"-100.24";"23072.15";"OOS1";"SL";"-98.84";"12.04";"1h 17m";""
"43";"GBPUSD_DukasM1_the5ers";"Buy";"2019.09.24 12:30:00";"1.24492";"0.35";"2019.09.24 12:39:00";"1.24866";"129.15";"23201.30";"OOS1";"PT";"-1.40";"130.90";"9m 0s";""
"44";"GBPUSD_DukasM1_the5ers";"Buy";"2019.10.03 10:30:00";"1.22984";"0.3";"2019.10.03 15:20:00";"1.23414";"127.50";"23328.80";"OOS1";"PT";"-73.80";"129.00";"4h 50m";""
"45";"GBPUSD_DukasM1_the5ers";"Buy";"2019.10.07 14:00:00";"1.23308";"0.31";"2019.10.07 21:21:00";"1.22991";"-99.82";"23228.98";"OOS1";"SL";"-98.27";"7.44";"7h 21m";""
"46";"GBPUSD_DukasM1_the5ers";"Buy";"2019.10.29 13:00:00";"1.28653";"0.27";"2019.10.31 02:55:00";"1.29132";"125.43";"23354.41";"OOS1";"PT";"-64.26";"129.33";"1d 13h 55m";""
"47";"GBPUSD_DukasM1_the5ers";"Buy";"2019.11.14 11:30:00";"1.28621";"0.38";"2019.11.14 13:58:00";"1.28362";"-100.32";"23254.09";"OOS1";"SL";"-98.42";"11.02";"2h 28m";""
"48";"GBPUSD_DukasM1_the5ers";"Buy";"2019.11.15 16:00:00";"1.28874";"0.41";"2019.11.18 00:53:00";"1.29190";"126.54";"23380.64";"OOS1";"PT";"-7.79";"150.06";"2d 8h 53m";""
"49";"GBPUSD_DukasM1_the5ers";"Buy";"2019.11.27 12:00:00";"1.28615";"0.42";"2019.11.27 13:59:00";"1.28928";"129.36";"23510.00";"OOS1";"PT";"-6.30";"131.46";"1h 59m";""
"50";"GBPUSD_DukasM1_the5ers";"Buy";"2019.11.29 18:00:00";"1.29364";"0.32";"2019.12.02 11:06:00";"1.29056";"-100.92";"23409.08";"OOS1";"SL";"-98.56";"17.60";"2d 17h 6m";""
"51";"GBPUSD_DukasM1_the5ers";"Buy";"2020.01.27 12:00:00";"1.30954";"0.31";"2020.01.27 14:26:00";"1.30636";"-100.13";"23308.95";"OOS1";"SL";"-98.58";"3.10";"2h 26m";""
"52";"GBPUSD_DukasM1_the5ers";"Buy";"2020.01.30 12:00:00";"1.30163";"0.41";"2020.01.30 13:59:00";"1.30482";"128.74";"23437.69";"OOS1";"PT";"-34.85";"130.79";"1h 59m";""
"53";"GBPUSD_DukasM1_the5ers";"Buy";"2020.02.04 15:30:00";"1.30359";"0.24";"2020.02.05 15:47:00";"1.29949";"-100.17";"23337.53";"OOS1";"SL";"-98.40";"81.12";"1d 0h 17m";""
"54";"GBPUSD_DukasM1_the5ers";"Buy";"2020.02.13 10:00:00";"1.29783";"0.46";"2020.02.13 11:21:00";"1.29569";"-100.74";"23236.79";"OOS1";"SL";"-98.44";"24.84";"1h 21m";""
"55";"GBPUSD_DukasM1_the5ers";"Buy";"2020.02.18 12:30:00";"1.30302";"0.32";"2020.02.18 19:55:00";"1.29996";"-99.52";"23137.27";"OOS1";"SL";"-97.92";"58.88";"7h 25m";""
"56";"GBPUSD_DukasM1_the5ers";"Buy";"2020.02.19 10:00:00";"1.30062";"0.49";"2020.02.19 11:09:00";"1.29859";"-101.92";"23035.34";"OOS1";"SL";"-99.47";"59.29";"1h 9m";""
"57";"GBPUSD_DukasM1_the5ers";"Buy";"2020.04.20 12:30:00";"1.24896";"0.23";"2020.04.20 14:12:00";"1.24462";"-100.97";"22934.38";"OOS1";"SL";"-99.82";"3.91";"1h 42m";""
"58";"GBPUSD_DukasM1_the5ers";"Buy";"2020.04.24 14:00:00";"1.23582";"0.22";"2020.04.27 07:34:00";"1.24170";"127.74";"23062.12";"OOS1";"PT";"-86.46";"129.36";"2d 17h 34m";""
"59";"GBPUSD_DukasM1_the5ers";"Buy";"2020.05.12 13:30:00";"1.23530";"0.2";"2020.05.12 18:35:00";"1.23042";"-98.60";"22963.52";"OOS1";"SL";"-97.60";"49.60";"5h 5m";""
"60";"GBPUSD_DukasM1_the5ers";"Buy";"2020.05.14 12:30:00";"1.22233";"0.22";"2020.05.14 15:40:00";"1.21792";"-98.12";"22865.40";"OOS1";"SL";"-97.02";"13.64";"3h 10m";""
"61";"GBPUSD_DukasM1_the5ers";"Buy";"2020.05.20 16:30:00";"1.22839";"0.23";"2020.05.20 19:11:00";"1.22407";"-100.51";"22764.88";"OOS1";"SL";"-99.36";"6.67";"2h 41m";""
"62";"GBPUSD_DukasM1_the5ers";"Buy";"2020.05.25 15:00:00";"1.21917";"0.36";"2020.05.26 09:03:00";"1.22278";"127.31";"22892.20";"OOS1";"PT";"-89.28";"129.96";"18h 3m";""
"63";"GBPUSD_DukasM1_the5ers";"Buy";"2020.05.28 16:30:00";"1.22976";"0.2";"2020.05.29 14:52:00";"1.23607";"124.73";"23016.92";"OOS1";"PT";"-40.40";"126.20";"22h 22m";""
"64";"GBPUSD_DukasM1_the5ers";"Buy";"2020.06.09 18:00:00";"1.27214";"0.18";"2020.06.10 14:51:00";"1.27918";"125.40";"23142.32";"OOS1";"PT";"-27.90";"126.72";"20h 51m";""
"65";"GBPUSD_DukasM1_the5ers";"Buy";"2020.07.17 05:30:00";"1.25678";"0.33";"2020.07.17 11:12:00";"1.25380";"-99.99";"23042.33";"OOS1";"SL";"-98.34";"10.23";"5h 42m";""
"66";"GBPUSD_DukasM1_the5ers";"Buy";"2020.07.24 04:00:00";"1.27586";"0.26";"2020.07.24 10:11:00";"1.27211";"-98.80";"22943.53";"OOS1";"SL";"-97.50";"37.70";"6h 11m";""
"67";"GBPUSD_DukasM1_the5ers";"Buy";"2020.08.10 12:00:00";"1.30780";"0.27";"2020.08.10 13:32:00";"1.30420";"-98.55";"22844.98";"OOS1";"SL";"-97.20";"22.95";"1h 32m";""
"68";"GBPUSD_DukasM1_the5ers";"Buy";"2020.08.11 10:30:00";"1.30755";"0.3";"2020.08.11 14:36:00";"1.31181";"126.30";"22971.28";"OOS1";"PT";"-12.30";"127.80";"4h 6m";""
"69";"GBPUSD_DukasM1_the5ers";"Buy";"2020.08.28 06:00:00";"1.32320";"0.22";"2020.08.28 12:10:00";"1.32900";"126.50";"23097.78";"OOS1";"PT";"-2.64";"127.60";"6h 10m";""
"70";"GBPUSD_DukasM1_the5ers";"Buy";"2020.09.17 13:00:00";"1.29749";"0.19";"2020.09.17 14:04:00";"1.29244";"-96.90";"23000.88";"OOS1";"SL";"-95.95";"13.49";"1h 4m";""
"71";"GBPUSD_DukasM1_the5ers";"Buy";"2020.09.18 09:00:00";"1.29680";"0.24";"2020.09.18 20:17:00";"1.29272";"-99.12";"22901.76";"OOS1";"SL";"-97.92";"75.84";"11h 17m";""
"72";"GBPUSD_DukasM1_the5ers";"Buy";"2020.09.22 12:00:00";"1.28238";"0.18";"2020.09.22 16:50:00";"1.27701";"-97.56";"22804.20";"OOS1";"SL";"-96.66";"77.58";"4h 50m";""
"73";"GBPUSD_DukasM1_the5ers";"Buy";"2020.09.23 12:30:00";"1.27312";"0.19";"2020.09.25 10:14:00";"1.27973";"122.85";"22927.04";"OOS1";"PT";"-77.71";"125.59";"1d 21h 44m";""
"74";"GBPUSD_DukasM1_the5ers";"Buy";"2020.10.20 12:00:00";"1.29645";"0.25";"2020.10.20 14:54:00";"1.29251";"-99.75";"22827.29";"OOS1";"SL";"-98.50";"37.75";"2h 54m";""
"75";"GBPUSD_DukasM1_the5ers";"Buy";"2020.10.26 12:00:00";"1.30494";"0.25";"2020.10.26 14:54:00";"1.30105";"-98.50";"22728.79";"OOS1";"SL";"-97.25";"62.75";"2h 54m";""
"76";"GBPUSD_DukasM1_the5ers";"Buy";"2020.11.04 14:00:00";"1.30203";"0.11";"2020.11.05 00:56:00";"1.29354";"-94.72";"22634.08";"OOS1";"SL";"-93.39";"33.00";"10h 56m";""
"77";"GBPUSD_DukasM1_the5ers";"Buy";"2020.11.05 09:30:00";"1.30248";"0.15";"2020.11.05 17:59:00";"1.31115";"129.30";"22763.38";"OOS1";"PT";"-35.85";"130.05";"8h 29m";""
"1";"GBPUSD_DukasM1_the5ers";"Buy";"2020.12.08 15:30:00";"1.33703";"0.14";"2020.12.08 17:18:00";"1.33016";"-96.88";"22666.50";"OOS1";"SL";"-96.18";"7.28";"1h 48m";""
"2";"GBPUSD_DukasM1_the5ers";"Buy";"2020.12.14 00:30:00";"1.33383";"0.12";"2020.12.14 14:37:00";"1.34434";"125.52";"22792.02";"OOS1";"PT";"-58.32";"126.12";"14h 7m";""
"3";"GBPUSD_DukasM1_the5ers";"Buy";"2020.12.15 13:30:00";"1.33527";"0.18";"2020.12.15 18:07:00";"1.34254";"129.96";"22921.98";"OOS1";"PT";"-13.32";"130.86";"4h 37m";""
"4";"GBPUSD_DukasM1_the5ers";"Buy";"2021.01.06 06:30:00";"1.36151";"0.23";"2021.01.06 15:58:00";"1.35716";"-101.20";"22820.78";"OOS1";"SL";"-100.05";"127.88";"9h 28m";""
"5";"GBPUSD_DukasM1_the5ers";"Buy";"2021.01.08 18:00:00";"1.35903";"0.16";"2021.01.11 01:41:00";"1.35298";"-97.98";"22722.80";"OOS1";"SL";"-96.80";"14.24";"2d 7h 41m";""
"6";"GBPUSD_DukasM1_the5ers";"Buy";"2021.01.11 19:00:00";"1.35207";"0.17";"2021.01.12 11:27:00";"1.35953";"125.57";"22848.37";"OOS1";"PT";"-28.39";"126.82";"16h 27m";""
"7";"GBPUSD_DukasM1_the5ers";"Buy";"2021.01.26 13:30:00";"1.36709";"0.25";"2021.01.26 16:53:00";"1.37224";"127.50";"22975.87";"OOS1";"PT";"-6.25";"128.75";"3h 23m";""
"8";"GBPUSD_DukasM1_the5ers";"Buy";"2021.01.28 16:00:00";"1.36823";"0.19";"2021.01.29 16:02:00";"1.37509";"128.94";"23104.81";"OOS1";"PT";"-48.07";"130.34";"1d 0h 2m";""
"9";"GBPUSD_DukasM1_the5ers";"Buy";"2021.02.04 14:30:00";"1.36414";"0.2";"2021.02.05 10:36:00";"1.37059";"127.53";"23232.34";"OOS1";"PT";"-18.80";"129.00";"20h 6m";""
"10";"GBPUSD_DukasM1_the5ers";"Buy";"2021.02.12 17:00:00";"1.38203";"0.3";"2021.02.15 01:25:00";"1.38642";"129.49";"23361.83";"OOS1";"PT";"-10.80";"131.70";"2d 8h 25m";""
"11";"GBPUSD_DukasM1_the5ers";"Buy";"2021.03.02 14:00:00";"1.39273";"0.2";"2021.03.03 11:29:00";"1.39920";"127.93";"23489.76";"OOS1";"PT";"-62.60";"129.40";"21h 29m";""
"12";"GBPUSD_DukasM1_the5ers";"Buy";"2021.03.10 16:00:00";"1.39069";"0.21";"2021.03.11 15:12:00";"1.39685";"126.82";"23616.58";"OOS1";"PT";"-56.70";"129.36";"23h 12m";""
"13";"GBPUSD_DukasM1_the5ers";"Buy";"2021.03.24 12:00:00";"1.37306";"0.22";"2021.03.24 21:30:00";"1.36866";"-97.90";"23518.68";"OOS1";"SL";"-96.80";"5.28";"9h 30m";""
"14";"GBPUSD_DukasM1_the5ers";"Buy";"2021.03.29 10:30:00";"1.37848";"0.3";"2021.03.29 11:30:00";"1.38287";"130.20";"23648.88";"OOS1";"PT";"-13.50";"131.70";"1h 0m";""
"15";"GBPUSD_DukasM1_the5ers";"Buy";"2021.04.01 10:30:00";"1.37750";"0.29";"2021.04.01 16:41:00";"1.38202";"129.63";"23778.51";"OOS1";"PT";"-49.30";"131.08";"6h 11m";""
"16";"GBPUSD_DukasM1_the5ers";"Buy";"2021.04.15 12:30:00";"1.38024";"0.3";"2021.04.15 13:56:00";"1.37691";"-101.40";"23677.11";"OOS1";"SL";"-99.90";"19.20";"1h 26m";""
"17";"GBPUSD_DukasM1_the5ers";"Buy";"2021.04.16 13:00:00";"1.37784";"0.28";"2021.04.16 18:10:00";"1.38252";"129.64";"23806.75";"OOS1";"PT";"-12.60";"131.04";"5h 10m";""
"18";"GBPUSD_DukasM1_the5ers";"Buy";"2021.04.28 17:00:00";"1.38949";"0.28";"2021.04.28 21:38:00";"1.39415";"129.08";"23935.83";"OOS1";"PT";"-15.40";"130.48";"4h 38m";""
"19";"GBPUSD_DukasM1_the5ers";"Buy";"2021.05.06 12:30:00";"1.39167";"0.34";"2021.05.06 14:00:00";"1.38876";"-100.64";"23835.19";"OOS1";"SL";"-98.94";"20.74";"1h 30m";""
"20";"GBPUSD_DukasM1_the5ers";"Buy";"2021.05.07 16:00:00";"1.39539";"0.25";"2021.05.10 01:08:00";"1.40069";"130.66";"23965.85";"OOS1";"PT";"-89.50";"132.50";"2d 9h 8m";""
"21";"GBPUSD_DukasM1_the5ers";"Buy";"2021.05.20 16:30:00";"1.41533";"0.25";"2021.05.21 12:00:00";"1.42059";"129.66";"24095.51";"OOS1";"PT";"-25.75";"131.50";"19h 30m";""
"22";"GBPUSD_DukasM1_the5ers";"Buy";"2021.05.31 18:00:00";"1.42136";"0.33";"2021.06.01 11:20:00";"1.41837";"-101.10";"23994.41";"OOS1";"SL";"-98.67";"117.15";"17h 20m";""
"23";"GBPUSD_DukasM1_the5ers";"Buy";"2021.06.02 15:30:00";"1.41610";"0.28";"2021.06.03 16:42:00";"1.41256";"-102.50";"23891.91";"OOS1";"SL";"-99.12";"116.48";"1d 1h 12m";""
"24";"GBPUSD_DukasM1_the5ers";"Buy";"2021.06.07 14:00:00";"1.41494";"0.29";"2021.06.09 17:45:00";"1.41151";"-102.29";"23789.62";"OOS1";"SL";"-99.47";"119.48";"2d 3h 45m";""
"25";"GBPUSD_DukasM1_the5ers";"Buy";"2021.06.10 16:00:00";"1.41487";"0.27";"2021.06.11 17:30:00";"1.41119";"-101.35";"23688.27";"OOS1";"SL";"-99.36";"98.28";"1d 1h 30m";""
"26";"GBPUSD_DukasM1_the5ers";"Buy";"2021.06.14 16:30:00";"1.41165";"0.33";"2021.06.15 11:58:00";"1.40861";"-102.75";"23585.53";"OOS1";"SL";"-100.32";"39.93";"19h 28m";""
"27";"GBPUSD_DukasM1_the5ers";"Buy";"2021.07.02 16:00:00";"1.37800";"0.27";"2021.07.02 20:53:00";"1.38281";"128.52";"23714.04";"OOS1";"PT";"-56.97";"129.87";"4h 53m";""
"28";"GBPUSD_DukasM1_the5ers";"Buy";"2021.07.07 13:30:00";"1.38240";"0.28";"2021.07.07 17:09:00";"1.37885";"-100.80";"23613.24";"OOS1";"SL";"-99.40";"48.72";"3h 39m";""
"29";"GBPUSD_DukasM1_the5ers";"Buy";"2021.07.15 13:30:00";"1.38947";"0.22";"2021.07.15 15:57:00";"1.38510";"-97.24";"23516.00";"OOS1";"SL";"-96.14";"2.64";"2h 27m";""
"30";"GBPUSD_DukasM1_the5ers";"Buy";"2021.07.23 08:30:00";"1.37644";"0.37";"2021.07.23 10:21:00";"1.37375";"-101.38";"23414.63";"OOS1";"SL";"-99.53";"5.55";"1h 51m";""
"31";"GBPUSD_DukasM1_the5ers";"Buy";"2021.08.09 12:30:00";"1.38914";"0.31";"2021.08.09 17:18:00";"1.38592";"-101.37";"23313.25";"OOS1";"SL";"-99.82";"2.79";"4h 48m";""
"32";"GBPUSD_DukasM1_the5ers";"Buy";"2021.08.13 15:00:00";"1.38189";"0.45";"2021.08.13 17:10:00";"1.38483";"130.05";"23443.30";"OOS1";"PT";"-3.60";"132.30";"2h 10m";""
"33";"GBPUSD_DukasM1_the5ers";"Buy";"2021.08.26 10:30:00";"1.37454";"0.46";"2021.08.26 15:36:00";"1.37240";"-100.74";"23342.56";"OOS1";"SL";"-98.44";"43.70";"5h 6m";""
"34";"GBPUSD_DukasM1_the5ers";"Buy";"2021.09.01 15:30:00";"1.37713";"0.36";"2021.09.02 16:45:00";"1.38075";"125.97";"23468.54";"OOS1";"PT";"-16.92";"130.32";"1d 1h 15m";""
"35";"GBPUSD_DukasM1_the5ers";"Buy";"2021.09.08 19:30:00";"1.37814";"0.27";"2021.09.09 14:52:00";"1.38293";"126.07";"23594.60";"OOS1";"PT";"-76.68";"129.33";"19h 22m";""
"36";"GBPUSD_DukasM1_the5ers";"Buy";"2021.09.13 18:00:00";"1.38487";"0.29";"2021.09.14 15:34:00";"1.38938";"128.66";"23723.26";"OOS1";"PT";"-65.25";"130.79";"21h 34m";""
"37";"GBPUSD_DukasM1_the5ers";"Buy";"2021.09.15 17:00:00";"1.38505";"0.31";"2021.09.16 09:53:00";"1.38184";"-103.25";"23620.01";"OOS1";"SL";"-99.51";"9.61";"16h 53m";""
"38";"GBPUSD_DukasM1_the5ers";"Buy";"2021.09.16 15:00:00";"1.38380";"0.35";"2021.09.16 15:40:00";"1.38098";"-100.45";"23519.55";"OOS1";"SL";"-98.70";"0.00";"40m 0s";""
"39";"GBPUSD_DukasM1_the5ers";"Buy";"2021.10.12 14:00:00";"1.36159";"0.31";"2021.10.12 17:02:00";"1.35838";"-101.06";"23418.50";"OOS1";"SL";"-99.51";"65.72";"3h 2m";""
"40";"GBPUSD_DukasM1_the5ers";"Buy";"2021.10.22 12:00:00";"1.38101";"0.29";"2021.10.22 16:27:00";"1.37766";"-98.60";"23319.89";"OOS1";"SL";"-97.15";"13.92";"4h 27m";""
"41";"GBPUSD_DukasM1_the5ers";"Buy";"2021.12.14 12:00:00";"1.32223";"0.4";"2021.12.14 13:46:00";"1.32557";"131.60";"23451.50";"OOS1";"PT";"-18.00";"133.60";"1h 46m";""
"42";"GBPUSD_DukasM1_the5ers";"Buy";"2022.01.07 16:30:00";"1.35554";"0.32";"2022.01.07 21:30:00";"1.35963";"129.28";"23580.78";"OOS1";"PT";"-28.48";"130.88";"5h 0m";""
"43";"GBPUSD_DukasM1_the5ers";"Buy";"2022.02.11 14:30:00";"1.35872";"0.24";"2022.02.11 21:06:00";"1.35458";"-100.56";"23480.21";"OOS1";"SL";"-99.36";"53.28";"6h 36m";""
"44";"GBPUSD_DukasM1_the5ers";"Buy";"2022.02.17 07:30:00";"1.35841";"0.28";"2022.02.17 16:25:00";"1.36305";"128.52";"23608.73";"OOS1";"PT";"-45.36";"129.92";"8h 55m";""
"45";"GBPUSD_DukasM1_the5ers";"Buy";"2022.03.11 13:30:00";"1.31064";"0.21";"2022.03.11 18:29:00";"1.30591";"-100.38";"23508.36";"OOS1";"SL";"-99.33";"38.22";"4h 59m";""
"46";"GBPUSD_DukasM1_the5ers";"Buy";"2022.03.16 21:00:00";"1.31150";"0.16";"2022.03.17 13:10:00";"1.31945";"125.27";"23633.62";"OOS1";"PT";"-17.12";"127.20";"16h 10m";""
"47";"GBPUSD_DukasM1_the5ers";"Buy";"2022.03.21 15:30:00";"1.31843";"0.28";"2022.03.22 02:39:00";"1.31489";"-101.18";"23532.44";"OOS1";"SL";"-99.12";"71.96";"11h 9m";""
"48";"GBPUSD_DukasM1_the5ers";"Buy";"2022.03.22 11:00:00";"1.31770";"0.25";"2022.03.22 14:16:00";"1.32297";"130.50";"23662.94";"OOS1";"PT";"-11.50";"131.75";"3h 16m";""
"49";"GBPUSD_DukasM1_the5ers";"Buy";"2022.03.31 18:00:00";"1.31615";"0.22";"2022.04.01 10:02:00";"1.31172";"-99.08";"23563.86";"OOS1";"SL";"-97.46";"30.58";"16h 2m";""
"50";"GBPUSD_DukasM1_the5ers";"Buy";"2022.04.06 12:00:00";"1.30973";"0.29";"2022.04.06 21:09:00";"1.30631";"-100.63";"23463.23";"OOS1";"SL";"-99.18";"30.45";"9h 9m";""
"51";"GBPUSD_DukasM1_the5ers";"Buy";"2022.04.12 16:00:00";"1.30489";"0.28";"2022.04.12 20:55:00";"1.30136";"-100.24";"23362.99";"OOS1";"SL";"-98.84";"12.88";"4h 55m";""
"52";"GBPUSD_DukasM1_the5ers";"Buy";"2022.05.05 11:00:00";"1.25425";"0.17";"2022.05.05 14:08:00";"1.24862";"-96.56";"23266.43";"OOS1";"SL";"-95.71";"62.90";"3h 8m";""
"53";"GBPUSD_DukasM1_the5ers";"Buy";"2022.05.06 14:00:00";"1.23744";"0.15";"2022.05.06 16:42:00";"1.23097";"-97.80";"23168.63";"OOS1";"SL";"-97.05";"7.65";"2h 42m";""
"54";"GBPUSD_DukasM1_the5ers";"Buy";"2022.05.09 13:00:00";"1.23165";"0.17";"2022.05.09 15:07:00";"1.23931";"129.37";"23298.00";"OOS1";"PT";"-9.01";"130.22";"2h 7m";""
"55";"GBPUSD_DukasM1_the5ers";"Buy";"2022.05.11 16:30:00";"1.23638";"0.15";"2022.05.11 19:30:00";"1.23007";"-95.40";"23202.60";"OOS1";"SL";"-94.65";"54.45";"3h 0m";""
"56";"GBPUSD_DukasM1_the5ers";"Buy";"2022.05.26 10:00:00";"1.25633";"0.24";"2022.05.26 13:17:00";"1.26167";"126.96";"23329.56";"OOS1";"PT";"-21.12";"128.16";"3h 17m";""
"57";"GBPUSD_DukasM1_the5ers";"Buy";"2022.06.09 13:30:00";"1.25381";"0.27";"2022.06.09 22:04:00";"1.25015";"-100.17";"23229.39";"OOS1";"SL";"-98.82";"54.81";"8h 34m";""
"58";"GBPUSD_DukasM1_the5ers";"Buy";"2022.06.27 10:00:00";"1.22905";"0.24";"2022.06.27 15:40:00";"1.22496";"-99.36";"23130.03";"OOS1";"SL";"-98.16";"99.84";"5h 40m";""
"59";"GBPUSD_DukasM1_the5ers";"Buy";"2022.07.25 05:30:00";"1.19911";"0.2";"2022.07.25 12:41:00";"1.20573";"131.40";"23261.43";"OOS1";"PT";"-57.60";"132.40";"7h 11m";""
"60";"GBPUSD_DukasM1_the5ers";"Buy";"2022.08.18 13:00:00";"1.20699";"0.21";"2022.08.18 16:33:00";"1.20232";"-99.12";"23162.31";"OOS1";"SL";"-98.07";"19.74";"3h 33m";""
"61";"GBPUSD_DukasM1_the5ers";"Buy";"2022.08.26 12:30:00";"1.18344";"0.24";"2022.08.26 17:10:00";"1.18881";"127.68";"23289.99";"OOS1";"PT";"-48.24";"128.88";"4h 40m";""
"62";"GBPUSD_DukasM1_the5ers";"Buy";"2022.09.14 15:30:00";"1.15520";"0.17";"2022.09.15 13:30:00";"1.14960";"-97.25";"23192.74";"OOS1";"SL";"-95.20";"63.41";"22h 0m";""
"63";"GBPUSD_DukasM1_the5ers";"Buy";"2022.10.03 10:30:00";"1.12034";"0.09";"2022.10.04 08:53:00";"1.13486";"130.02";"23322.76";"OOS1";"PT";"-30.51";"130.68";"22h 23m";""
"64";"GBPUSD_DukasM1_the5ers";"Buy";"2022.10.28 18:00:00";"1.15914";"0.13";"2022.10.31 13:53:00";"1.15194";"-94.56";"23228.20";"OOS1";"SL";"-93.60";"41.73";"2d 19h 53m";""
"65";"GBPUSD_DukasM1_the5ers";"Buy";"2022.11.02 20:30:00";"1.15403";"0.16";"2022.11.02 20:50:00";"1.14788";"-99.20";"23129.00";"OOS1";"SL";"-98.40";"38.56";"20m 0s";""
"66";"GBPUSD_DukasM1_the5ers";"Buy";"2022.11.08 17:30:00";"1.15220";"0.14";"2022.11.09 11:57:00";"1.14522";"-98.75";"23030.25";"OOS1";"SL";"-97.72";"107.52";"18h 27m";""
"67";"GBPUSD_DukasM1_the5ers";"Buy";"2022.11.22 02:30:00";"1.18455";"0.22";"2022.11.23 02:05:00";"1.19039";"126.86";"23157.11";"OOS1";"PT";"-47.08";"128.48";"23h 35m";""
"68";"GBPUSD_DukasM1_the5ers";"Buy";"2022.12.06 14:30:00";"1.22282";"0.17";"2022.12.06 17:05:00";"1.21707";"-98.60";"23058.51";"OOS1";"SL";"-97.75";"21.42";"2h 35m";""
"69";"GBPUSD_DukasM1_the5ers";"Buy";"2022.12.07 13:00:00";"1.21758";"0.18";"2022.12.09 03:08:00";"1.22484";"128.08";"23186.59";"OOS1";"PT";"-65.88";"130.68";"1d 14h 8m";""
"70";"GBPUSD_DukasM1_the5ers";"Buy";"2022.12.12 19:00:00";"1.22827";"0.17";"2022.12.13 15:30:00";"1.23573";"125.57";"23312.16";"OOS1";"PT";"-71.74";"126.82";"20h 30m";""
"71";"GBPUSD_DukasM1_the5ers";"Buy";"2022.12.30 10:00:00";"1.20670";"0.24";"2022.12.30 11:50:00";"1.20268";"-97.68";"23214.48";"OOS1";"SL";"-96.48";"18.24";"1h 50m";""
"72";"GBPUSD_DukasM1_the5ers";"Buy";"2023.01.12 13:00:00";"1.21785";"0.22";"2023.01.12 14:52:00";"1.21331";"-100.98";"23113.50";"OOS1";"SL";"-99.88";"3.74";"1h 52m";""
"73";"GBPUSD_DukasM1_the5ers";"Buy";"2023.01.27 20:00:00";"1.23918";"0.19";"2023.01.30 21:16:00";"1.23413";"-97.35";"23016.15";"OOS1";"SL";"-95.95";"48.45";"3d 1h 16m";""
"74";"GBPUSD_DukasM1_the5ers";"Buy";"2023.02.01 22:00:00";"1.23686";"0.19";"2023.02.02 12:35:00";"1.23176";"-99.20";"22916.96";"OOS1";"SL";"-96.90";"61.56";"14h 35m";""
"75";"GBPUSD_DukasM1_the5ers";"Buy";"2023.02.13 14:30:00";"1.20961";"0.25";"2023.02.13 20:48:00";"1.21494";"132.00";"23048.96";"OOS1";"PT";"-38.25";"133.25";"6h 18m";""
"76";"GBPUSD_DukasM1_the5ers";"Buy";"2023.02.14 17:00:00";"1.21851";"0.14";"2023.02.15 09:00:00";"1.21148";"-99.45";"22949.51";"OOS1";"SL";"-98.42";"49.42";"16h 0m";""
"77";"GBPUSD_DukasM1_the5ers";"Buy";"2023.02.17 16:00:00";"1.19702";"0.24";"2023.02.17 17:19:00";"1.20247";"129.60";"23079.11";"OOS1";"PT";"-12.96";"130.80";"1h 19m";""
"78";"GBPUSD_DukasM1_the5ers";"Buy";"2023.02.21 12:00:00";"1.20914";"0.19";"2023.02.22 21:42:00";"1.20393";"-100.39";"22978.72";"OOS1";"SL";"-98.99";"106.21";"1d 9h 42m";""
"79";"GBPUSD_DukasM1_the5ers";"Buy";"2023.03.30 10:00:00";"1.23376";"0.33";"2023.03.30 15:39:00";"1.23772";"129.03";"23107.75";"OOS1";"PT";"-37.62";"130.68";"5h 39m";""
"80";"GBPUSD_DukasM1_the5ers";"Buy";"2023.04.17 15:30:00";"1.24315";"0.27";"2023.04.17 16:46:00";"1.23952";"-99.36";"23008.39";"OOS1";"SL";"-98.01";"0.00";"1h 16m";""
"81";"GBPUSD_DukasM1_the5ers";"Buy";"2023.04.19 10:00:00";"1.24548";"0.3";"2023.04.19 12:32:00";"1.24220";"-99.90";"22908.49";"OOS1";"SL";"-98.40";"52.50";"2h 32m";""
"82";"GBPUSD_DukasM1_the5ers";"Buy";"2023.04.20 16:00:00";"1.24543";"0.23";"2023.04.21 09:30:00";"1.24123";"-98.29";"22810.20";"OOS1";"SL";"-96.60";"30.36";"17h 30m";""
"83";"GBPUSD_DukasM1_the5ers";"Buy";"2023.04.27 18:30:00";"1.24920";"0.21";"2023.04.28 17:52:00";"1.25533";"127.18";"22937.38";"OOS1";"PT";"-96.18";"128.73";"23h 22m";""
"84";"GBPUSD_DukasM1_the5ers";"Buy";"2023.05.22 11:00:00";"1.24336";"0.28";"2023.05.23 11:03:00";"1.23986";"-100.06";"22837.32";"OOS1";"SL";"-98.00";"104.44";"1d 0h 3m";""
"85";"GBPUSD_DukasM1_the5ers";"Buy";"2023.05.31 20:30:00";"1.24014";"0.2";"2023.06.01 13:57:00";"1.24652";"125.18";"22962.50";"OOS1";"PT";"-1.60";"127.60";"17h 27m";""
"86";"GBPUSD_DukasM1_the5ers";"Buy";"2023.06.05 19:00:00";"1.24381";"0.23";"2023.06.06 15:23:00";"1.23957";"-99.21";"22863.29";"OOS1";"SL";"-97.52";"46.69";"20h 23m";""
"87";"GBPUSD_DukasM1_the5ers";"Buy";"2023.06.07 12:00:00";"1.24391";"0.38";"2023.06.07 16:35:00";"1.24733";"128.06";"22991.35";"OOS1";"PT";"-31.92";"129.96";"4h 35m";""
"1";"GBPUSD_DukasM1_the5ers";"Buy";"2023.06.29 13:30:00";"1.26550";"0.36";"2023.06.29 15:31:00";"1.26275";"-100.80";"22890.55";"OOS1";"SL";"-99.00";"41.76";"2h 1m";""
"2";"GBPUSD_DukasM1_the5ers";"Buy";"2023.07.07 06:30:00";"1.27352";"0.4";"2023.07.07 15:29:00";"1.27760";"161.20";"23051.75";"OOS1";"PT";"-38.80";"163.20";"8h 59m";""
"3";"GBPUSD_DukasM1_the5ers";"Buy";"2023.08.07 10:30:00";"1.27359";"0.34";"2023.08.07 16:32:00";"1.27840";"161.84";"23213.59";"OOS1";"PT";"-65.62";"163.54";"6h 2m";""
"4";"GBPUSD_DukasM1_the5ers";"Buy";"2023.08.17 13:30:00";"1.27470";"0.32";"2023.08.18 09:41:00";"1.27162";"-100.92";"23112.67";"OOS1";"SL";"-98.56";"128.32";"20h 11m";""
"5";"GBPUSD_DukasM1_the5ers";"Buy";"2023.08.21 19:30:00";"1.27571";"0.29";"2023.08.22 16:43:00";"1.27230";"-101.02";"23011.65";"OOS1";"SL";"-98.89";"124.70";"21h 13m";""
"6";"GBPUSD_DukasM1_the5ers";"Buy";"2023.09.01 16:00:00";"1.26921";"0.31";"2023.09.01 16:51:00";"1.26604";"-99.82";"22911.83";"OOS1";"SL";"-98.27";"32.24";"51m 0s";""
"7";"GBPUSD_DukasM1_the5ers";"Buy";"2023.10.09 21:00:00";"1.22326";"0.28";"2023.10.10 19:46:00";"1.22907";"160.62";"23072.45";"OOS1";"PT";"-59.36";"162.68";"22h 46m";""
"8";"GBPUSD_DukasM1_the5ers";"Buy";"2023.10.26 16:00:00";"1.21246";"0.32";"2023.10.30 09:57:00";"1.20934";"-102.95";"22969.50";"OOS1";"SL";"-99.84";"120.32";"3d 17h 57m";""
"9";"GBPUSD_DukasM1_the5ers";"Buy";"2023.11.03 03:00:00";"1.21892";"0.38";"2023.11.03 14:13:00";"1.22326";"163.02";"23132.52";"OOS1";"PT";"-19.00";"164.92";"11h 13m";""
"10";"GBPUSD_DukasM1_the5ers";"Buy";"2023.11.09 03:30:00";"1.22841";"0.44";"2023.11.09 13:22:00";"1.22613";"-102.52";"23030.00";"OOS1";"SL";"-100.32";"106.48";"9h 52m";""
"11";"GBPUSD_DukasM1_the5ers";"Buy";"2023.11.17 12:30:00";"1.24330";"0.32";"2023.11.20 04:53:00";"1.24838";"160.20";"23190.20";"OOS1";"PT";"-90.88";"162.56";"2d 16h 23m";""
"12";"GBPUSD_DukasM1_the5ers";"Buy";"2023.11.24 10:30:00";"1.25448";"0.52";"2023.11.24 14:17:00";"1.25765";"162.24";"23352.44";"OOS1";"PT";"-24.96";"164.84";"3h 47m";""
"13";"GBPUSD_DukasM1_the5ers";"Buy";"2023.12.01 18:30:00";"1.26750";"0.25";"2023.12.04 16:12:00";"1.26358";"-99.84";"23252.60";"OOS1";"SL";"-98.00";"122.50";"2d 21h 42m";""
"14";"GBPUSD_DukasM1_the5ers";"Buy";"2023.12.13 21:30:00";"1.25925";"0.23";"2023.12.14 11:54:00";"1.26622";"157.53";"23410.13";"OOS1";"PT";"-20.01";"160.31";"14h 24m";""
"15";"GBPUSD_DukasM1_the5ers";"Buy";"2023.12.21 13:30:00";"1.26593";"0.34";"2023.12.22 09:00:00";"1.27071";"160.02";"23570.15";"OOS1";"PT";"-56.44";"162.52";"19h 30m";""
"16";"GBPUSD_DukasM1_the5ers";"Buy";"2023.12.26 01:30:00";"1.27084";"0.34";"2023.12.27 15:22:00";"1.27562";"160.02";"23730.17";"OOS1";"PT";"-82.62";"162.52";"1d 13h 52m";""
"17";"GBPUSD_DukasM1_the5ers";"Buy";"2024.01.05 16:30:00";"1.26891";"0.29";"2024.01.05 17:01:00";"1.27456";"162.40";"23892.57";"OOS1";"PT";"-28.13";"163.85";"31m 0s";""
"18";"GBPUSD_DukasM1_the5ers";"Buy";"2024.01.12 10:30:00";"1.27768";"0.34";"2024.01.12 12:05:00";"1.27478";"-100.30";"23792.27";"OOS1";"SL";"-98.60";"7.14";"1h 35m";""
"19";"GBPUSD_DukasM1_the5ers";"Buy";"2024.01.22 11:30:00";"1.27066";"0.39";"2024.01.23 16:33:00";"1.26812";"-101.93";"23690.34";"OOS1";"SL";"-99.06";"156.39";"1d 5h 3m";""
"20";"GBPUSD_DukasM1_the5ers";"Buy";"2024.01.26 12:00:00";"1.27143";"0.41";"2024.01.26 15:47:00";"1.27543";"161.95";"23852.29";"OOS1";"PT";"-1.23";"164.00";"3h 47m";""
"21";"GBPUSD_DukasM1_the5ers";"Buy";"2024.01.29 09:30:00";"1.27159";"0.52";"2024.01.29 12:27:00";"1.26969";"-101.40";"23750.89";"OOS1";"SL";"-98.80";"13.00";"2h 57m";""
"22";"GBPUSD_DukasM1_the5ers";"Buy";"2024.02.01 18:00:00";"1.26820";"0.25";"2024.02.01 21:07:00";"1.27464";"159.75";"23910.64";"OOS1";"PT";"-7.50";"161.00";"3h 7m";""
"23";"GBPUSD_DukasM1_the5ers";"Buy";"2024.02.23 19:30:00";"1.26790";"0.42";"2024.02.28 08:52:00";"1.26551";"-105.45";"23805.19";"OOS1";"SL";"-100.38";"85.26";"4d 13h 22m";""
"24";"GBPUSD_DukasM1_the5ers";"Buy";"2024.02.29 03:30:00";"1.26640";"0.52";"2024.02.29 14:11:00";"1.26448";"-102.44";"23702.75";"OOS1";"SL";"-99.84";"53.04";"10h 41m";""
"25";"GBPUSD_DukasM1_the5ers";"Buy";"2024.03.01 14:00:00";"1.26428";"0.47";"2024.03.01 16:30:00";"1.26217";"-101.52";"23601.23";"OOS1";"SL";"-99.17";"18.80";"2h 30m";""
"26";"GBPUSD_DukasM1_the5ers";"Buy";"2024.03.05 11:30:00";"1.26869";"0.62";"2024.03.05 17:00:00";"1.27135";"161.82";"23763.05";"OOS1";"PT";"-79.98";"164.92";"5h 30m";""
"27";"GBPUSD_DukasM1_the5ers";"Buy";"2024.03.07 06:00:00";"1.27337";"0.47";"2024.03.07 16:55:00";"1.27686";"161.68";"23924.73";"OOS1";"PT";"-21.15";"164.03";"10h 55m";""
"28";"GBPUSD_DukasM1_the5ers";"Buy";"2024.03.29 16:00:00";"1.26326";"0.52";"2024.04.01 13:11:00";"1.26133";"-104.19";"23820.54";"OOS1";"SL";"-129.48";"63.44";"2d 21h 11m";""
"29";"GBPUSD_DukasM1_the5ers";"Buy";"2024.04.02 16:30:00";"1.25606";"0.51";"2024.04.03 17:00:00";"1.25932";"162.51";"23983.04";"OOS1";"PT";"-30.60";"166.26";"1d 0h 30m";""
"30";"GBPUSD_DukasM1_the5ers";"Buy";"2024.04.08 08:30:00";"1.26334";"0.51";"2024.04.08 15:08:00";"1.26139";"-102.00";"23881.04";"OOS1";"SL";"-99.45";"12.75";"6h 38m";""
"31";"GBPUSD_DukasM1_the5ers";"Buy";"2024.04.11 16:30:00";"1.25751";"0.32";"2024.04.11 17:00:00";"1.25443";"-100.16";"23780.88";"OOS1";"SL";"-98.56";"5.76";"30m 0s";""
"32";"GBPUSD_DukasM1_the5ers";"Buy";"2024.05.01 21:30:00";"1.25125";"0.39";"2024.05.02 16:47:00";"1.24873";"-102.99";"23677.89";"OOS1";"SL";"-98.28";"145.86";"19h 17m";""
"33";"GBPUSD_DukasM1_the5ers";"Buy";"2024.05.06 10:30:00";"1.25694";"0.43";"2024.05.07 08:52:00";"1.25463";"-102.49";"23575.40";"OOS1";"SL";"-99.33";"106.21";"22h 22m";""
"34";"GBPUSD_DukasM1_the5ers";"Buy";"2024.05.09 16:00:00";"1.25023";"0.33";"2024.05.13 14:47:00";"1.25518";"160.14";"23735.54";"OOS1";"PT";"-48.18";"163.35";"3d 22h 47m";""
"35";"GBPUSD_DukasM1_the5ers";"Buy";"2024.05.14 16:30:00";"1.25726";"0.34";"2024.05.15 12:45:00";"1.26214";"163.42";"23898.96";"OOS1";"PT";"-19.38";"165.92";"20h 15m";""
"36";"GBPUSD_DukasM1_the5ers";"Buy";"2024.05.23 15:00:00";"1.27406";"0.44";"2024.05.23 16:45:00";"1.27181";"-101.20";"23797.76";"OOS1";"SL";"-99.00";"25.08";"1h 45m";""
"37";"GBPUSD_DukasM1_the5ers";"Buy";"2024.05.30 16:00:00";"1.27245";"0.44";"2024.05.31 10:32:00";"1.27017";"-103.56";"23694.20";"OOS1";"SL";"-100.32";"98.56";"18h 32m";""
"38";"GBPUSD_DukasM1_the5ers";"Buy";"2024.05.31 11:30:00";"1.27158";"0.58";"2024.05.31 15:55:00";"1.27444";"162.98";"23857.18";"OOS1";"PT";"-51.62";"165.88";"4h 25m";""
"39";"GBPUSD_DukasM1_the5ers";"Buy";"2024.06.05 15:30:00";"1.27836";"0.52";"2024.06.05 17:07:00";"1.27646";"-101.40";"23755.78";"OOS1";"SL";"-98.80";"59.80";"1h 37m";""
"40";"GBPUSD_DukasM1_the5ers";"Buy";"2024.06.10 18:30:00";"1.27249";"0.4";"2024.06.12 14:04:00";"1.27659";"160.11";"23915.89";"OOS1";"PT";"-76.80";"164.00";"1d 19h 34m";""
"41";"GBPUSD_DukasM1_the5ers";"Buy";"2024.07.10 12:30:00";"1.28051";"0.65";"2024.07.10 16:36:00";"1.28305";"161.85";"24077.74";"OOS1";"PT";"-18.85";"165.10";"4h 6m";""
"42";"GBPUSD_DukasM1_the5ers";"Buy";"2024.07.24 13:00:00";"1.29091";"0.51";"2024.07.25 04:59:00";"1.28894";"-106.63";"23971.11";"OOS1";"SL";"-100.47";"143.31";"15h 59m";""
"43";"GBPUSD_DukasM1_the5ers";"Buy";"2024.08.02 14:30:00";"1.27487";"0.37";"2024.08.02 15:30:00";"1.27925";"160.21";"24131.32";"OOS1";"PT";"-41.07";"162.06";"1h 0m";""
"44";"GBPUSD_DukasM1_the5ers";"Buy";"2024.08.15 18:30:00";"1.28630";"0.33";"2024.08.16 15:09:00";"1.29126";"161.25";"24292.57";"OOS1";"PT";"-50.49";"163.68";"20h 39m";""
"45";"GBPUSD_DukasM1_the5ers";"Buy";"2024.09.19 18:30:00";"1.32722";"0.19";"2024.09.23 18:39:00";"1.33570";"159.27";"24451.85";"OOS1";"PT";"-45.79";"161.12";"4d 0h 9m";""
"46";"GBPUSD_DukasM1_the5ers";"Buy";"2024.09.26 13:30:00";"1.33665";"0.39";"2024.09.26 18:18:00";"1.34090";"163.80";"24615.65";"OOS1";"PT";"-62.40";"165.75";"4h 48m";""
"47";"GBPUSD_DukasM1_the5ers";"Buy";"2024.09.30 11:00:00";"1.33992";"0.39";"2024.09.30 17:25:00";"1.33739";"-100.62";"24515.03";"OOS1";"SL";"-98.67";"91.65";"6h 25m";""
"48";"GBPUSD_DukasM1_the5ers";"Buy";"2024.10.17 13:30:00";"1.30022";"0.41";"2024.10.18 09:01:00";"1.30418";"159.34";"24674.37";"OOS1";"PT";"-93.48";"162.36";"19h 31m";""
"49";"GBPUSD_DukasM1_the5ers";"Buy";"2024.11.13 14:00:00";"1.27546";"0.38";"2024.11.13 16:33:00";"1.27282";"-102.22";"24572.15";"OOS1";"SL";"-100.32";"55.10";"2h 33m";""
"50";"GBPUSD_DukasM1_the5ers";"Buy";"2024.12.04 17:30:00";"1.27024";"0.25";"2024.12.05 16:35:00";"1.27666";"157.48";"24729.63";"OOS1";"PT";"-40.75";"160.50";"23h 5m";""
"51";"GBPUSD_DukasM1_the5ers";"Buy";"2024.12.10 21:00:00";"1.27654";"0.34";"2024.12.11 09:43:00";"1.27359";"-102.80";"24626.83";"OOS1";"SL";"-100.30";"54.06";"12h 43m";""
"52";"GBPUSD_DukasM1_the5ers";"Buy";"2024.12.20 12:30:00";"1.25184";"0.31";"2024.12.20 18:20:00";"1.25703";"159.34";"24786.17";"OOS1";"PT";"-72.23";"160.89";"5h 50m";""
"53";"GBPUSD_DukasM1_the5ers";"Buy";"2024.12.24 14:30:00";"1.25479";"0.47";"2024.12.24 18:47:00";"1.25267";"-101.99";"24684.18";"OOS1";"SL";"-99.64";"125.02";"4h 17m";""
"54";"GBPUSD_DukasM1_the5ers";"Buy";"2025.01.03 13:30:00";"1.24139";"0.35";"2025.01.06 10:13:00";"1.24600";"158.77";"24842.95";"OOS1";"PT";"-91.70";"161.35";"2d 20h 43m";""
"55";"GBPUSD_DukasM1_the5ers";"Buy";"2025.01.30 16:00:00";"1.24671";"0.3";"2025.01.30 22:38:00";"1.24347";"-98.70";"24744.25";"OOS1";"SL";"-97.20";"28.20";"6h 38m";""
"56";"GBPUSD_DukasM1_the5ers";"Buy";"2025.01.31 19:00:00";"1.24458";"0.29";"2025.01.31 20:28:00";"1.24114";"-101.21";"24643.04";"OOS1";"SL";"-99.76";"74.53";"1h 28m";""
"57";"GBPUSD_DukasM1_the5ers";"Buy";"2025.02.03 14:30:00";"1.23438";"0.18";"2025.02.03 17:43:00";"1.24322";"158.22";"24801.26";"OOS1";"PT";"-15.12";"159.12";"3h 13m";""
"58";"GBPUSD_DukasM1_the5ers";"Buy";"2025.02.19 08:00:00";"1.26238";"0.44";"2025.02.19 12:05:00";"1.26013";"-101.20";"24700.06";"OOS1";"SL";"-99.00";"53.24";"4h 5m";""
"59";"GBPUSD_DukasM1_the5ers";"Buy";"2025.02.20 15:30:00";"1.26167";"0.38";"2025.02.20 20:14:00";"1.26600";"162.64";"24862.70";"OOS1";"PT";"-44.08";"164.54";"4h 44m";""
"60";"GBPUSD_DukasM1_the5ers";"Buy";"2025.02.25 14:00:00";"1.26532";"0.37";"2025.02.26 17:54:00";"1.26970";"159.34";"25022.04";"OOS1";"PT";"-67.34";"162.06";"1d 3h 54m";""
"61";"GBPUSD_DukasM1_the5ers";"Buy";"2025.02.28 17:30:00";"1.26179";"0.38";"2025.02.28 17:57:00";"1.25917";"-101.46";"24920.58";"OOS1";"SL";"-99.56";"13.30";"27m 0s";""
"62";"GBPUSD_DukasM1_the5ers";"Buy";"2025.03.12 11:00:00";"1.29423";"0.39";"2025.03.12 14:30:00";"1.29844";"162.24";"25082.82";"OOS1";"PT";"-50.70";"164.19";"3h 30m";""
"63";"GBPUSD_DukasM1_the5ers";"Buy";"2025.03.19 21:00:00";"1.30071";"0.33";"2025.03.20 09:20:00";"1.29769";"-103.65";"24979.17";"OOS1";"SL";"-99.66";"24.09";"12h 20m";""
"64";"GBPUSD_DukasM1_the5ers";"Buy";"2025.03.25 12:00:00";"1.29307";"0.43";"2025.03.26 09:33:00";"1.29075";"-102.92";"24876.25";"OOS1";"SL";"-99.76";"154.37";"21h 33m";""
"65";"GBPUSD_DukasM1_the5ers";"Buy";"2025.04.25 10:00:00";"1.33052";"0.32";"2025.04.28 16:30:00";"1.33565";"161.80";"25038.05";"OOS1";"PT";"-81.60";"164.16";"3d 6h 30m";""
"66";"GBPUSD_DukasM1_the5ers";"Buy";"2025.05.01 14:00:00";"1.33386";"0.31";"2025.05.01 17:28:00";"1.33063";"-101.68";"24936.37";"OOS1";"SL";"-100.13";"20.46";"3h 28m";""
"67";"GBPUSD_DukasM1_the5ers";"Buy";"2025.05.09 12:00:00";"1.32696";"0.28";"2025.05.12 10:17:00";"1.32350";"-98.94";"24837.43";"OOS1";"SL";"-96.88";"147.56";"2d 22h 17m";""
"68";"GBPUSD_DukasM1_the5ers";"Buy";"2025.05.15 16:00:00";"1.33056";"0.28";"2025.05.15 17:35:00";"1.32698";"-101.64";"24735.79";"OOS1";"SL";"-100.24";"38.64";"1h 35m";""
"69";"GBPUSD_DukasM1_the5ers";"Buy";"2025.05.30 11:00:00";"1.34781";"0.33";"2025.05.30 17:01:00";"1.34479";"-101.31";"24634.48";"OOS1";"SL";"-99.66";"68.97";"6h 1m";""
"70";"GBPUSD_DukasM1_the5ers";"Buy";"2025.06.02 03:30:00";"1.34893";"0.31";"2025.06.02 10:13:00";"1.35414";"159.96";"24794.44";"OOS1";"PT";"-52.08";"161.51";"6h 43m";""
"71";"GBPUSD_DukasM1_the5ers";"Buy";"2025.06.04 10:30:00";"1.35394";"0.36";"2025.06.04 15:14:00";"1.35121";"-100.08";"24694.36";"OOS1";"SL";"-98.28";"21.24";"4h 44m";""
"72";"GBPUSD_DukasM1_the5ers";"Buy";"2025.06.11 12:30:00";"1.34970";"0.36";"2025.06.11 15:35:00";"1.35424";"161.64";"24856.00";"OOS1";"PT";"-44.64";"163.44";"3h 5m";""
"73";"GBPUSD_DukasM1_the5ers";"Buy";"2025.06.16 10:00:00";"1.35858";"0.28";"2025.06.17 11:56:00";"1.35503";"-101.46";"24754.54";"OOS1";"SL";"-99.40";"101.36";"1d 1h 56m";""
"74";"GBPUSD_DukasM1_the5ers";"Buy";"2025.06.23 17:30:00";"1.34720";"0.2";"2025.06.24 02:39:00";"1.35516";"157.73";"24912.27";"OOS1";"PT";"-11.00";"159.20";"9h 9m";""
"75";"GBPUSD_DukasM1_the5ers";"Buy";"2025.07.14 13:30:00";"1.34929";"0.35";"2025.07.14 17:37:00";"1.34646";"-100.80";"24811.47";"OOS1";"SL";"-99.05";"0.70";"4h 7m";""
"76";"GBPUSD_DukasM1_the5ers";"Buy";"2025.08.01 16:00:00";"1.32844";"0.19";"2025.08.01 20:05:00";"1.32329";"-98.80";"24712.67";"OOS1";"SL";"-97.85";"49.21";"4h 5m";""
"77";"GBPUSD_DukasM1_the5ers";"Buy";"2025.08.05 10:30:00";"1.32914";"0.34";"2025.08.05 10:51:00";"1.32622";"-100.98";"24611.69";"OOS1";"SL";"-99.28";"7.14";"21m 0s";""
"78";"GBPUSD_DukasM1_the5ers";"Buy";"2025.08.06 11:00:00";"1.33029";"0.44";"2025.08.06 18:09:00";"1.33400";"161.04";"24772.73";"OOS1";"PT";"-94.60";"163.24";"7h 9m";""
"79";"GBPUSD_DukasM1_the5ers";"Buy";"2025.08.18 03:30:00";"1.35609";"0.49";"2025.08.18 09:43:00";"1.35407";"-101.43";"24671.30";"OOS1";"SL";"-98.98";"18.13";"6h 13m";""
"80";"GBPUSD_DukasM1_the5ers";"Buy";"2025.08.19 13:30:00";"1.35289";"0.46";"2025.08.19 15:33:00";"1.35072";"-102.12";"24569.18";"OOS1";"SL";"-99.82";"2.30";"2h 3m";""
"81";"GBPUSD_DukasM1_the5ers";"Buy";"2025.08.21 12:00:00";"1.34661";"0.44";"2025.08.21 15:45:00";"1.34434";"-102.08";"24467.10";"OOS1";"SL";"-99.88";"71.72";"3h 45m";""
"82";"GBPUSD_DukasM1_the5ers";"Buy";"2025.08.22 15:00:00";"1.34152";"0.51";"2025.08.22 17:00:00";"1.34474";"161.67";"24628.77";"OOS1";"PT";"-21.42";"164.22";"2h 0m";""
"83";"GBPUSD_DukasM1_the5ers";"Buy";"2025.08.29 18:00:00";"1.35097";"0.34";"2025.09.02 10:13:00";"1.34805";"-102.58";"24526.18";"OOS1";"SL";"-99.28";"135.66";"3d 16h 13m";""
"84";"GBPUSD_DukasM1_the5ers";"Buy";"2025.09.03 12:00:00";"1.34072";"0.27";"2025.09.05 09:01:00";"1.34678";"159.72";"24685.90";"OOS1";"PT";"-34.02";"163.62";"1d 21h 1m";""
"85";"GBPUSD_DukasM1_the5ers";"Buy";"2025.09.10 17:00:00";"1.35551";"0.33";"2025.09.10 22:30:00";"1.35248";"-101.64";"24584.26";"OOS1";"SL";"-99.99";"19.14";"5h 30m";""
"86";"GBPUSD_DukasM1_the5ers";"Buy";"2025.09.11 16:00:00";"1.35452";"0.32";"2025.09.15 11:23:00";"1.35965";"161.05";"24745.31";"OOS1";"PT";"-68.80";"164.16";"3d 19h 23m";""
"87";"GBPUSD_DukasM1_the5ers";"Buy";"2025.10.02 04:30:00";"1.34801";"0.37";"2025.10.02 16:15:00";"1.34535";"-100.27";"24645.04";"OOS1";"SL";"-98.42";"111.00";"11h 45m";""
"88";"GBPUSD_DukasM1_the5ers";"Buy";"2025.10.17 05:30:00";"1.34442";"0.36";"2025.10.17 11:15:00";"1.34165";"-101.52";"24543.52";"OOS1";"SL";"-99.72";"97.92";"5h 45m";""
"89";"GBPUSD_DukasM1_the5ers";"Buy";"2025.10.24 16:00:00";"1.33457";"0.33";"2025.10.24 17:30:00";"1.33154";"-101.64";"24441.88";"OOS1";"SL";"-99.99";"43.56";"1h 30m";""
"90";"GBPUSD_DukasM1_the5ers";"Buy";"2025.11.11 18:00:00";"1.31734";"0.32";"2025.11.12 02:58:00";"1.31427";"-100.60";"24341.29";"OOS1";"SL";"-98.24";"18.24";"8h 58m";""
"91";"GBPUSD_DukasM1_the5ers";"Buy";"2025.11.20 12:00:00";"1.30796";"0.4";"2025.11.20 15:30:00";"1.30545";"-102.40";"24238.89";"OOS1";"SL";"-100.40";"20.40";"3h 30m";""
"92";"GBPUSD_DukasM1_the5ers";"Buy";"2025.11.28 18:00:00";"1.32514";"0.31";"2025.12.01 00:20:00";"1.32196";"-100.86";"24138.03";"OOS1";"SL";"-108.81";"1.55";"2d 6h 20m";""
"93";"GBPUSD_DukasM1_the5ers";"Buy";"2025.12.01 14:30:00";"1.32455";"0.34";"2025.12.01 20:21:00";"1.32166";"-99.96";"24038.07";"OOS1";"SL";"-98.26";"102.68";"5h 51m";""
"94";"GBPUSD_DukasM1_the5ers";"Buy";"2025.12.10 16:00:00";"1.33303";"0.46";"2025.12.10 21:57:00";"1.33659";"161.46";"24199.53";"OOS1";"PT";"-72.68";"163.76";"5h 57m";""
"95";"GBPUSD_DukasM1_the5ers";"Buy";"2025.12.17 18:00:00";"1.33994";"0.29";"2025.12.18 00:04:00";"1.33655";"-101.81";"24097.71";"OOS1";"SL";"-98.31";"20.01";"6h 4m";""
"96";"GBPUSD_DukasM1_the5ers";"Buy";"2025.12.18 14:30:00";"1.33772";"0.37";"2025.12.18 15:30:00";"1.34216";"162.43";"24260.14";"OOS1";"PT";"-2.59";"164.28";"1h 0m";""
"97";"GBPUSD_DukasM1_the5ers";"Buy";"2025.12.19 11:30:00";"1.33780";"0.42";"2025.12.22 09:44:00";"1.34169";"160.29";"24420.43";"OOS1";"PT";"-89.04";"163.38";"2d 22h 14m";""
"98";"GBPUSD_DukasM1_the5ers";"Buy";"2025.12.29 22:00:00";"1.35069";"0.32";"2025.12.30 16:40:00";"1.34757";"-102.20";"24318.24";"OOS1";"SL";"-99.84";"75.84";"18h 40m";""
