"Ticket";"Symbol";"Type";"Open time";"Open price";"Size";"Close time";"Close price";"Profit/Loss";"Balance";"Sample type";"Close type";"MAE ($)";"MFE ($)";"Time in trade";"Comment"
"1";"GBPUSD_DukasM1_the5ers";"Buy";"2003.08.04 15:00:00";"1.61204";"0.19";"2003.08.04 18:42:00";"1.60690";"-98.61";"9901.39";"IS";"SL";"-97.66";"15.01";"3h 42m";""
"2";"GBPUSD_DukasM1_the5ers";"Buy";"2003.08.11 16:00:00";"1.60258";"0.19";"2003.08.13 09:22:00";"1.59749";"-98.56";"9802.83";"IS";"SL";"-96.71";"143.45";"1d 17h 22m";""
"3";"GBPUSD_DukasM1_the5ers";"Buy";"2003.08.26 19:00:00";"1.57301";"0.16";"2003.08.27 01:17:00";"1.56699";"-97.50";"9705.34";"IS";"SL";"-96.32";"23.52";"6h 17m";""
"4";"GBPUSD_DukasM1_the5ers";"Buy";"2003.09.11 23:00:00";"1.59519";"0.18";"2003.09.12 16:45:00";"1.60363";"150.60";"9855.93";"IS";"PT";"-81.18";"151.92";"17h 45m";""
"5";"GBPUSD_DukasM1_the5ers";"Buy";"2003.09.29 18:00:00";"1.66175";"0.15";"2003.09.30 10:19:00";"1.67217";"155.20";"10011.13";"IS";"PT";"-8.25";"156.30";"16h 19m";""
"6";"GBPUSD_DukasM1_the5ers";"Buy";"2003.10.01 11:00:00";"1.66428";"0.15";"2003.10.01 13:53:00";"1.65778";"-98.25";"9912.88";"IS";"SL";"-97.50";"14.40";"2h 53m";""
"7";"GBPUSD_DukasM1_the5ers";"Buy";"2003.10.02 19:00:00";"1.67448";"0.14";"2003.10.03 00:20:00";"1.66759";"-97.49";"9815.39";"IS";"SL";"-96.46";"1.26";"5h 20m";""
"8";"GBPUSD_DukasM1_the5ers";"Buy";"2003.10.24 16:00:00";"1.69780";"0.18";"2003.10.27 05:19:00";"1.69233";"-99.78";"9715.60";"IS";"SL";"-98.46";"21.78";"2d 13h 19m";""
"9";"GBPUSD_DukasM1_the5ers";"Buy";"2003.10.27 13:00:00";"1.69673";"0.19";"2003.10.27 14:52:00";"1.69160";"-98.42";"9617.18";"IS";"SL";"-97.47";"0.38";"1h 52m";""
"10";"GBPUSD_DukasM1_the5ers";"Buy";"2003.10.30 13:00:00";"1.70243";"0.22";"2003.10.30 19:50:00";"1.69795";"-99.66";"9517.52";"IS";"SL";"-98.56";"98.34";"6h 50m";""
"11";"GBPUSD_DukasM1_the5ers";"Buy";"2003.11.12 05:00:00";"1.67055";"0.2";"2003.11.13 09:30:00";"1.67832";"152.98";"9670.51";"IS";"PT";"-41.00";"155.40";"1d 4h 30m";""
"12";"GBPUSD_DukasM1_the5ers";"Buy";"2003.11.17 12:00:00";"1.69083";"0.18";"2003.11.18 17:15:00";"1.69922";"149.70";"9820.20";"IS";"PT";"-83.88";"151.02";"1d 5h 15m";""
"13";"GBPUSD_DukasM1_the5ers";"Buy";"2003.11.26 18:00:00";"1.70775";"0.16";"2003.11.28 10:57:00";"1.71725";"149.69";"9969.89";"IS";"PT";"-10.88";"152.00";"1d 16h 57m";""
"14";"GBPUSD_DukasM1_the5ers";"Buy";"2003.12.11 13:00:00";"1.74273";"0.2";"2003.12.12 12:57:00";"1.75041";"152.13";"10122.02";"IS";"PT";"-86.20";"153.60";"23h 57m";""
"15";"GBPUSD_DukasM1_the5ers";"Buy";"2003.12.16 16:00:00";"1.74960";"0.18";"2003.12.17 16:10:00";"1.75788";"147.72";"10269.73";"IS";"PT";"-23.58";"149.04";"1d 0h 10m";""
"16";"GBPUSD_DukasM1_the5ers";"Buy";"2004.01.05 14:00:00";"1.79935";"0.21";"2004.01.05 18:09:00";"1.80676";"154.56";"10424.29";"IS";"PT";"-19.74";"155.61";"4h 9m";""
"17";"GBPUSD_DukasM1_the5ers";"Buy";"2004.01.08 16:00:00";"1.83118";"0.13";"2004.01.09 15:34:00";"1.84270";"148.80";"10573.10";"IS";"PT";"-47.58";"149.76";"23h 34m";""
"18";"GBPUSD_DukasM1_the5ers";"Buy";"2004.01.27 16:00:00";"1.81581";"0.11";"2004.01.28 08:27:00";"1.82910";"145.38";"10718.48";"IS";"PT";"-24.31";"146.19";"16h 27m";""
"19";"GBPUSD_DukasM1_the5ers";"Buy";"2004.02.06 16:00:00";"1.84810";"0.13";"2004.02.09 00:08:00";"1.84083";"-95.47";"10623.01";"IS";"SL";"-95.94";"19.63";"2d 8h 8m";""
"20";"GBPUSD_DukasM1_the5ers";"Buy";"2004.02.16 16:00:00";"1.88735";"0.17";"2004.02.17 10:09:00";"1.89652";"154.64";"10777.65";"IS";"PT";"-17.68";"155.89";"18h 9m";""
"21";"GBPUSD_DukasM1_the5ers";"Buy";"2004.03.23 20:00:00";"1.85215";"0.13";"2004.03.24 10:55:00";"1.84497";"-94.30";"10683.35";"IS";"SL";"-93.34";"20.67";"14h 55m";""
"22";"GBPUSD_DukasM1_the5ers";"Buy";"2004.03.26 13:00:00";"1.81923";"0.11";"2004.03.26 17:56:00";"1.81031";"-98.67";"10584.68";"IS";"SL";"-98.12";"27.50";"4h 56m";""
"23";"GBPUSD_DukasM1_the5ers";"Buy";"2004.03.29 12:00:00";"1.81615";"0.12";"2004.03.30 18:26:00";"1.82889";"152.00";"10736.68";"IS";"PT";"-30.00";"152.88";"1d 6h 26m";""
"24";"GBPUSD_DukasM1_the5ers";"Buy";"2004.04.26 11:00:00";"1.77680";"0.13";"2004.04.26 19:08:00";"1.78858";"152.49";"10889.17";"IS";"PT";"-12.74";"153.14";"8h 8m";""
"25";"GBPUSD_DukasM1_the5ers";"Buy";"2004.04.29 17:00:00";"1.77486";"0.12";"2004.04.30 11:14:00";"1.76654";"-100.72";"10788.45";"IS";"SL";"-99.84";"73.32";"18h 14m";""
"26";"GBPUSD_DukasM1_the5ers";"Buy";"2004.05.07 13:00:00";"1.79531";"0.14";"2004.05.07 15:51:00";"1.78861";"-94.50";"10693.95";"IS";"SL";"-93.80";"106.26";"2h 51m";""
"27";"GBPUSD_DukasM1_the5ers";"Buy";"2004.05.14 17:00:00";"1.76341";"0.11";"2004.05.19 10:07:00";"1.77725";"150.91";"10844.86";"IS";"PT";"-71.83";"152.24";"4d 17h 7m";""
"28";"GBPUSD_DukasM1_the5ers";"Buy";"2004.06.10 18:00:00";"1.83160";"0.12";"2004.06.10 19:33:00";"1.84392";"147.24";"10992.10";"IS";"PT";"-9.72";"147.84";"1h 33m";""
"29";"GBPUSD_DukasM1_the5ers";"Buy";"2004.06.25 22:00:00";"1.82563";"0.14";"2004.06.29 14:14:00";"1.81876";"-97.54";"10894.56";"IS";"SL";"-96.18";"115.08";"3d 16h 14m";""
"30";"GBPUSD_DukasM1_the5ers";"Buy";"2004.07.08 18:00:00";"1.85770";"0.16";"2004.07.08 21:57:00";"1.85145";"-100.80";"10793.76";"IS";"SL";"-100.00";"2.88";"3h 57m";""
"31";"GBPUSD_DukasM1_the5ers";"Buy";"2004.07.13 15:00:00";"1.86193";"0.16";"2004.07.13 15:41:00";"1.85602";"-95.36";"10698.40";"IS";"SL";"-94.56";"6.88";"41m 0s";""
"32";"GBPUSD_DukasM1_the5ers";"Buy";"2004.07.14 16:00:00";"1.85858";"0.17";"2004.07.15 06:04:00";"1.85285";"-99.46";"10598.93";"IS";"SL";"-97.41";"32.47";"14h 4m";""
"33";"GBPUSD_DukasM1_the5ers";"Buy";"2004.07.16 12:00:00";"1.85473";"0.18";"2004.07.16 15:46:00";"1.86301";"148.14";"10747.07";"IS";"PT";"-20.16";"149.04";"3h 46m";""
"34";"GBPUSD_DukasM1_the5ers";"Buy";"2004.08.04 19:00:00";"1.82480";"0.16";"2004.08.06 15:32:00";"1.83443";"151.77";"10898.84";"IS";"PT";"-94.08";"154.08";"1d 20h 32m";""
"35";"GBPUSD_DukasM1_the5ers";"Buy";"2004.08.30 11:00:00";"1.79006";"0.2";"2004.08.31 04:43:00";"1.79762";"149.73";"11048.57";"IS";"PT";"-37.00";"151.20";"17h 43m";""
"36";"GBPUSD_DukasM1_the5ers";"Buy";"2004.08.31 19:00:00";"1.80246";"0.16";"2004.09.01 10:20:00";"1.79647";"-97.02";"10951.55";"IS";"SL";"-95.84";"64.64";"15h 20m";""
"37";"GBPUSD_DukasM1_the5ers";"Buy";"2004.09.10 01:00:00";"1.78897";"0.17";"2004.09.10 15:58:00";"1.79776";"148.58";"11100.13";"IS";"PT";"-51.68";"149.43";"14h 58m";""
"38";"GBPUSD_DukasM1_the5ers";"Buy";"2004.10.08 06:00:00";"1.78351";"0.23";"2004.10.08 14:30:00";"1.79010";"150.42";"11250.55";"IS";"PT";"-36.57";"151.57";"8h 30m";""
"39";"GBPUSD_DukasM1_the5ers";"Buy";"2004.11.02 14:00:00";"1.83472";"0.22";"2004.11.03 00:19:00";"1.84166";"151.06";"11401.61";"IS";"PT";"-0.66";"152.68";"10h 19m";""
"40";"GBPUSD_DukasM1_the5ers";"Buy";"2004.11.05 18:00:00";"1.84781";"0.14";"2004.11.08 11:45:00";"1.85845";"147.93";"11549.54";"IS";"PT";"-5.04";"148.96";"2d 17h 45m";""
"41";"GBPUSD_DukasM1_the5ers";"Buy";"2004.11.08 12:00:00";"1.86008";"0.17";"2004.11.08 15:13:00";"1.85420";"-100.81";"11448.73";"IS";"SL";"-99.96";"10.71";"3h 13m";""
"42";"GBPUSD_DukasM1_the5ers";"Buy";"2004.11.29 18:00:00";"1.89356";"0.15";"2004.11.30 03:36:00";"1.88700";"-99.50";"11349.23";"IS";"SL";"-98.40";"41.10";"9h 36m";""
"43";"GBPUSD_DukasM1_the5ers";"Buy";"2004.11.30 12:00:00";"1.89478";"0.16";"2004.11.30 13:45:00";"1.90403";"147.20";"11496.43";"IS";"PT";"-17.60";"148.00";"1h 45m";""
"44";"GBPUSD_DukasM1_the5ers";"Buy";"2004.12.24 11:00:00";"1.92389";"0.15";"2004.12.24 20:00:00";"1.91734";"-99.00";"11397.43";"IS";"SL";"-98.25";"73.20";"9h 0m";""
"45";"GBPUSD_DukasM1_the5ers";"Buy";"2005.01.03 11:00:00";"1.91240";"0.12";"2005.01.03 16:06:00";"1.90424";"-98.52";"11298.91";"IS";"SL";"-97.92";"35.88";"5h 6m";""
"46";"GBPUSD_DukasM1_the5ers";"Buy";"2005.01.12 16:00:00";"1.88547";"0.15";"2005.01.14 03:44:00";"1.87894";"-100.12";"11198.79";"IS";"SL";"-97.95";"119.55";"1d 11h 44m";""
"47";"GBPUSD_DukasM1_the5ers";"Buy";"2005.01.18 12:00:00";"1.86383";"0.14";"2005.01.19 10:39:00";"1.87436";"146.39";"11345.18";"IS";"PT";"-19.32";"147.42";"22h 39m";""
"48";"GBPUSD_DukasM1_the5ers";"Buy";"2005.02.04 13:00:00";"1.88478";"0.24";"2005.02.04 15:37:00";"1.89124";"153.84";"11499.02";"IS";"PT";"-90.24";"155.04";"2h 37m";""
"49";"GBPUSD_DukasM1_the5ers";"Buy";"2005.02.09 08:00:00";"1.85835";"0.18";"2005.02.10 15:34:00";"1.85292";"-99.91";"11399.11";"IS";"SL";"-97.74";"102.06";"1d 7h 34m";""
"50";"GBPUSD_DukasM1_the5ers";"Buy";"2005.02.24 20:00:00";"1.91269";"0.13";"2005.02.28 10:44:00";"1.92409";"146.94";"11546.04";"IS";"PT";"-83.20";"148.20";"3d 14h 44m";""
"51";"GBPUSD_DukasM1_the5ers";"Buy";"2005.03.08 11:00:00";"1.92130";"0.21";"2005.03.08 16:54:00";"1.92865";"153.30";"11699.34";"IS";"PT";"-58.38";"154.35";"5h 54m";""
"52";"GBPUSD_DukasM1_the5ers";"Buy";"2005.03.15 13:00:00";"1.91906";"0.17";"2005.03.15 18:05:00";"1.91330";"-98.77";"11600.58";"IS";"SL";"-97.92";"103.36";"5h 5m";""
"53";"GBPUSD_DukasM1_the5ers";"Buy";"2005.03.31 11:00:00";"1.88009";"0.2";"2005.03.31 16:08:00";"1.88792";"155.60";"11756.17";"IS";"PT";"-12.60";"156.60";"5h 8m";""
"54";"GBPUSD_DukasM1_the5ers";"Buy";"2005.04.15 11:00:00";"1.88145";"0.18";"2005.04.15 16:35:00";"1.88973";"148.14";"11904.31";"IS";"PT";"-16.74";"149.04";"5h 35m";""
"55";"GBPUSD_DukasM1_the5ers";"Buy";"2005.05.05 09:00:00";"1.90418";"0.22";"2005.05.06 02:50:00";"1.89970";"-100.18";"11804.14";"IS";"SL";"-98.56";"71.50";"17h 50m";""
"56";"GBPUSD_DukasM1_the5ers";"Buy";"2005.05.18 16:00:00";"1.83718";"0.19";"2005.05.20 15:50:00";"1.83193";"-102.49";"11701.64";"IS";"SL";"-99.75";"112.29";"1d 23h 50m";""
"57";"GBPUSD_DukasM1_the5ers";"Buy";"2005.05.25 17:00:00";"1.83240";"0.22";"2005.05.26 07:57:00";"1.82787";"-102.32";"11599.32";"IS";"SL";"-99.66";"18.92";"14h 57m";""
"58";"GBPUSD_DukasM1_the5ers";"Buy";"2005.05.30 06:00:00";"1.82428";"0.2";"2005.05.31 04:07:00";"1.81949";"-97.27";"11502.05";"IS";"SL";"-95.80";"20.60";"22h 7m";""
"59";"GBPUSD_DukasM1_the5ers";"Buy";"2005.07.25 12:00:00";"1.73793";"0.15";"2005.07.28 14:05:00";"1.74823";"151.98";"11654.03";"IS";"PT";"-66.75";"154.50";"3d 2h 5m";""
"60";"GBPUSD_DukasM1_the5ers";"Buy";"2005.08.03 11:00:00";"1.76973";"0.22";"2005.08.03 12:07:00";"1.77683";"155.10";"11809.13";"IS";"PT";"-6.82";"156.20";"1h 7m";""
"61";"GBPUSD_DukasM1_the5ers";"Buy";"2005.08.08 11:00:00";"1.77898";"0.19";"2005.08.08 12:08:00";"1.78692";"149.91";"11959.04";"IS";"PT";"-26.98";"150.86";"1h 8m";""
"62";"GBPUSD_DukasM1_the5ers";"Buy";"2005.08.16 11:00:00";"1.81297";"0.21";"2005.08.16 13:42:00";"1.80834";"-98.28";"11860.76";"IS";"SL";"-97.23";"24.99";"2h 42m";""
"63";"GBPUSD_DukasM1_the5ers";"Buy";"2005.08.19 13:00:00";"1.79588";"0.18";"2005.08.22 15:04:00";"1.80431";"150.42";"12011.18";"IS";"PT";"-81.00";"151.74";"3d 2h 4m";""
"64";"GBPUSD_DukasM1_the5ers";"Buy";"2005.08.31 16:00:00";"1.78948";"0.19";"2005.08.31 17:31:00";"1.79743";"150.10";"12161.28";"IS";"PT";"-86.07";"151.05";"1h 31m";""
"65";"GBPUSD_DukasM1_the5ers";"Buy";"2005.09.09 16:00:00";"1.83962";"0.16";"2005.09.12 06:01:00";"1.83372";"-95.58";"12065.70";"IS";"SL";"-94.40";"44.32";"2d 14h 1m";""
"66";"GBPUSD_DukasM1_the5ers";"Buy";"2005.09.14 16:00:00";"1.82839";"0.18";"2005.09.14 21:31:00";"1.82306";"-96.84";"11968.86";"IS";"SL";"-95.94";"28.62";"5h 31m";""
"67";"GBPUSD_DukasM1_the5ers";"Buy";"2005.09.30 14:00:00";"1.76599";"0.19";"2005.10.03 00:37:00";"1.76091";"-97.92";"11870.94";"IS";"SL";"-96.52";"128.63";"2d 10h 37m";""
"68";"GBPUSD_DukasM1_the5ers";"Buy";"2005.10.06 21:00:00";"1.77787";"0.15";"2005.10.07 09:49:00";"1.77151";"-96.50";"11774.44";"IS";"SL";"-95.40";"46.50";"12h 49m";""
"69";"GBPUSD_DukasM1_the5ers";"Buy";"2005.10.12 12:00:00";"1.74644";"0.19";"2005.10.12 15:41:00";"1.75446";"151.43";"11925.87";"IS";"PT";"-40.28";"152.38";"3h 41m";""
"70";"GBPUSD_DukasM1_the5ers";"Buy";"2005.10.19 11:00:00";"1.74998";"0.18";"2005.10.19 12:49:00";"1.75829";"148.68";"12074.55";"IS";"PT";"-5.94";"149.58";"1h 49m";""
"71";"GBPUSD_DukasM1_the5ers";"Buy";"2005.10.25 00:00:00";"1.76906";"0.18";"2005.10.25 02:12:00";"1.76370";"-97.38";"11977.17";"IS";"SL";"-96.48";"0.72";"2h 12m";""
"72";"GBPUSD_DukasM1_the5ers";"Buy";"2005.11.24 11:00:00";"1.72364";"0.22";"2005.11.25 09:34:00";"1.71918";"-99.74";"11877.43";"IS";"SL";"-98.12";"102.96";"22h 34m";""
"73";"GBPUSD_DukasM1_the5ers";"Buy";"2005.12.27 11:00:00";"1.73385";"0.25";"2005.12.27 19:41:00";"1.72995";"-98.75";"11778.68";"IS";"SL";"-97.50";"105.50";"8h 41m";""
"74";"GBPUSD_DukasM1_the5ers";"Buy";"2006.01.03 04:00:00";"1.72426";"0.31";"2006.01.03 07:17:00";"1.72924";"152.83";"11931.51";"IS";"PT";"-6.20";"154.38";"3h 17m";""
"75";"GBPUSD_DukasM1_the5ers";"Buy";"2006.01.18 11:00:00";"1.76806";"0.19";"2006.01.18 17:49:00";"1.76300";"-97.09";"11834.42";"IS";"SL";"-96.14";"37.62";"6h 49m";""
"76";"GBPUSD_DukasM1_the5ers";"Buy";"2006.01.20 13:00:00";"1.75919";"0.2";"2006.01.20 16:25:00";"1.76680";"151.20";"11985.62";"IS";"PT";"-20.80";"152.20";"3h 25m";""
"77";"GBPUSD_DukasM1_the5ers";"Buy";"2006.01.26 17:00:00";"1.78758";"0.19";"2006.01.26 20:01:00";"1.78236";"-100.13";"11885.49";"IS";"SL";"-99.18";"13.30";"3h 1m";""
"78";"GBPUSD_DukasM1_the5ers";"Buy";"2006.01.27 16:00:00";"1.78598";"0.16";"2006.01.27 17:20:00";"1.78004";"-95.84";"11789.65";"IS";"SL";"-95.04";"13.60";"1h 20m";""
"79";"GBPUSD_DukasM1_the5ers";"Buy";"2006.02.17 13:00:00";"1.73700";"0.23";"2006.02.20 03:04:00";"1.74364";"151.03";"11940.68";"IS";"PT";"-95.68";"152.72";"2d 14h 4m";""
"80";"GBPUSD_DukasM1_the5ers";"Buy";"2006.02.28 12:00:00";"1.74267";"0.26";"2006.02.28 15:24:00";"1.74851";"150.54";"12091.22";"IS";"PT";"-6.50";"151.84";"3h 24m";""
"81";"GBPUSD_DukasM1_the5ers";"Buy";"2006.03.02 20:00:00";"1.75122";"0.2";"2006.03.06 02:01:00";"1.75900";"153.66";"12244.87";"IS";"PT";"-22.60";"155.60";"3d 6h 1m";""
"82";"GBPUSD_DukasM1_the5ers";"Buy";"2006.03.14 17:00:00";"1.74145";"0.22";"2006.03.15 16:24:00";"1.74852";"153.92";"12398.79";"IS";"PT";"-0.88";"155.54";"23h 24m";""
"83";"GBPUSD_DukasM1_the5ers";"Buy";"2006.03.17 22:00:00";"1.75690";"0.22";"2006.03.21 02:39:00";"1.75240";"-101.14";"12297.65";"IS";"SL";"-99.00";"34.98";"3d 4h 39m";""
"84";"GBPUSD_DukasM1_the5ers";"Buy";"2006.04.06 12:00:00";"1.75642";"0.2";"2006.04.06 16:38:00";"1.75157";"-98.00";"12199.65";"IS";"SL";"-97.00";"58.20";"4h 38m";""
"85";"GBPUSD_DukasM1_the5ers";"Buy";"2006.04.11 17:00:00";"1.74811";"0.21";"2006.04.12 11:48:00";"1.75545";"152.59";"12352.25";"IS";"PT";"-82.95";"154.14";"18h 48m";""
"86";"GBPUSD_DukasM1_the5ers";"Buy";"2006.04.28 12:00:00";"1.80601";"0.2";"2006.04.28 17:50:00";"1.81372";"153.20";"12505.45";"IS";"PT";"-19.80";"154.20";"5h 50m";""
"87";"GBPUSD_DukasM1_the5ers";"Buy";"2006.05.09 16:00:00";"1.86006";"0.19";"2006.05.09 17:35:00";"1.86819";"153.52";"12658.97";"IS";"PT";"-9.31";"154.47";"1h 35m";""
"88";"GBPUSD_DukasM1_the5ers";"Buy";"2006.05.18 12:00:00";"1.88736";"0.14";"2006.05.19 10:41:00";"1.88027";"-100.29";"12558.68";"IS";"SL";"-99.26";"119.98";"22h 41m";""
"89";"GBPUSD_DukasM1_the5ers";"Buy";"2006.05.24 11:00:00";"1.88230";"0.13";"2006.05.24 16:15:00";"1.87496";"-96.07";"12462.61";"IS";"SL";"-95.42";"41.86";"5h 15m";""
"90";"GBPUSD_DukasM1_the5ers";"Buy";"2006.05.25 22:00:00";"1.87320";"0.14";"2006.05.26 15:11:00";"1.86626";"-98.19";"12364.42";"IS";"SL";"-97.16";"54.04";"17h 11m";""
"91";"GBPUSD_DukasM1_the5ers";"Buy";"2006.06.26 20:00:00";"1.82076";"0.2";"2006.06.28 17:35:00";"1.81577";"-101.74";"12262.67";"IS";"SL";"-99.80";"107.00";"1d 21h 35m";""
"92";"GBPUSD_DukasM1_the5ers";"Buy";"2006.07.05 09:00:00";"1.84717";"0.25";"2006.07.05 10:02:00";"1.84325";"-99.25";"12163.42";"IS";"SL";"-98.00";"31.75";"1h 2m";""
"93";"GBPUSD_DukasM1_the5ers";"Buy";"2006.07.07 11:00:00";"1.83830";"0.28";"2006.07.07 15:29:00";"1.84375";"151.20";"12314.62";"IS";"PT";"-35.84";"152.60";"4h 29m";""
"94";"GBPUSD_DukasM1_the5ers";"Buy";"2006.07.14 15:00:00";"1.84234";"0.19";"2006.07.14 15:29:00";"1.83714";"-99.75";"12214.87";"IS";"SL";"-98.80";"25.08";"29m 0s";""
"95";"GBPUSD_DukasM1_the5ers";"Buy";"2006.07.19 18:00:00";"1.83928";"0.14";"2006.07.20 14:18:00";"1.84977";"145.17";"12360.04";"IS";"PT";"-44.94";"146.86";"20h 18m";""
"96";"GBPUSD_DukasM1_the5ers";"Buy";"2006.08.08 12:00:00";"1.90586";"0.25";"2006.08.08 21:14:00";"1.91215";"156.00";"12516.04";"IS";"PT";"-35.75";"157.25";"9h 14m";""
"97";"GBPUSD_DukasM1_the5ers";"Buy";"2006.08.11 12:00:00";"1.89748";"0.18";"2006.08.11 15:30:00";"1.89200";"-99.54";"12416.50";"IS";"SL";"-98.64";"22.14";"3h 30m";""
"98";"GBPUSD_DukasM1_the5ers";"Buy";"2006.08.30 01:00:00";"1.89905";"0.19";"2006.08.31 09:45:00";"1.90715";"151.60";"12568.11";"IS";"PT";"-40.47";"153.90";"1d 8h 45m";""
"99";"GBPUSD_DukasM1_the5ers";"Buy";"2006.09.01 19:00:00";"1.90460";"0.18";"2006.09.05 10:34:00";"1.89931";"-96.97";"12471.14";"IS";"SL";"-95.22";"59.22";"3d 15h 34m";""
"100";"GBPUSD_DukasM1_the5ers";"Buy";"2006.11.02 17:00:00";"1.91006";"0.23";"2006.11.03 09:39:00";"1.90586";"-98.29";"12372.84";"IS";"SL";"-96.60";"7.59";"16h 39m";""
"101";"GBPUSD_DukasM1_the5ers";"Buy";"2006.11.09 11:00:00";"1.90726";"0.28";"2006.11.09 14:13:00";"1.90369";"-101.36";"12271.49";"IS";"SL";"-99.96";"7.56";"3h 13m";""
"102";"GBPUSD_DukasM1_the5ers";"Buy";"2006.11.10 01:00:00";"1.90669";"0.2";"2006.11.10 10:57:00";"1.91424";"150.00";"12421.49";"IS";"PT";"-14.40";"151.00";"9h 57m";""
"103";"GBPUSD_DukasM1_the5ers";"Buy";"2006.12.01 18:00:00";"1.98050";"0.14";"2006.12.04 10:22:00";"1.97350";"-99.03";"12322.45";"IS";"SL";"-98.00";"46.06";"2d 16h 22m";""
"104";"GBPUSD_DukasM1_the5ers";"Buy";"2006.12.12 15:00:00";"1.96391";"0.18";"2006.12.13 13:17:00";"1.97252";"153.66";"12476.11";"IS";"PT";"-67.86";"154.98";"22h 17m";""
"105";"GBPUSD_DukasM1_the5ers";"Buy";"2007.01.25 11:00:00";"1.97105";"0.2";"2007.01.25 21:04:00";"1.96605";"-101.00";"12375.11";"IS";"SL";"-100.00";"26.60";"10h 4m";""
"106";"GBPUSD_DukasM1_the5ers";"Buy";"2007.02.01 13:00:00";"1.96653";"0.2";"2007.02.02 15:36:00";"1.97436";"155.13";"12530.24";"IS";"PT";"-45.80";"156.60";"1d 2h 36m";""
"107";"GBPUSD_DukasM1_the5ers";"Buy";"2007.02.06 11:00:00";"1.96323";"0.25";"2007.02.06 14:08:00";"1.96932";"151.00";"12681.24";"IS";"PT";"-49.00";"152.25";"3h 8m";""
"108";"GBPUSD_DukasM1_the5ers";"Buy";"2007.02.22 19:00:00";"1.95677";"0.21";"2007.02.23 16:25:00";"1.96422";"154.90";"12836.14";"IS";"PT";"-65.73";"156.45";"21h 25m";""
"109";"GBPUSD_DukasM1_the5ers";"Buy";"2007.03.13 16:00:00";"1.93360";"0.2";"2007.03.13 22:38:00";"1.92863";"-100.40";"12735.74";"IS";"SL";"-99.40";"21.80";"6h 38m";""
"110";"GBPUSD_DukasM1_the5ers";"Buy";"2007.03.14 17:00:00";"1.93311";"0.16";"2007.03.16 09:37:00";"1.94254";"148.57";"12884.31";"IS";"PT";"-36.64";"150.88";"1d 16h 37m";""
"111";"GBPUSD_DukasM1_the5ers";"Buy";"2007.03.19 11:00:00";"1.94511";"0.2";"2007.03.20 11:52:00";"1.95269";"150.13";"13034.44";"IS";"PT";"-69.60";"151.60";"1d 0h 52m";""
"112";"GBPUSD_DukasM1_the5ers";"Buy";"2007.03.23 15:00:00";"1.96605";"0.21";"2007.03.23 16:17:00";"1.96140";"-98.70";"12935.74";"IS";"SL";"-97.65";"10.92";"1h 17m";""
"113";"GBPUSD_DukasM1_the5ers";"Buy";"2007.03.30 19:00:00";"1.96828";"0.17";"2007.04.02 14:50:00";"1.97710";"148.69";"13084.43";"IS";"PT";"-33.66";"149.94";"2d 19h 50m";""
"114";"GBPUSD_DukasM1_the5ers";"Buy";"2007.04.27 12:00:00";"1.99418";"0.22";"2007.04.27 15:24:00";"2.00128";"155.10";"13239.53";"IS";"PT";"-14.96";"156.20";"3h 24m";""
"115";"GBPUSD_DukasM1_the5ers";"Buy";"2007.05.18 11:00:00";"1.97663";"0.34";"2007.05.18 11:30:00";"1.97371";"-100.98";"13138.55";"IS";"SL";"-99.28";"38.08";"30m 0s";""
"116";"GBPUSD_DukasM1_the5ers";"Buy";"2007.05.23 13:00:00";"1.97813";"0.3";"2007.05.23 14:26:00";"1.98335";"155.10";"13293.65";"IS";"PT";"-11.40";"156.60";"1h 26m";""
"117";"GBPUSD_DukasM1_the5ers";"Buy";"2007.06.29 14:00:00";"2.00493";"0.28";"2007.07.02 08:51:00";"2.01053";"154.74";"13448.39";"IS";"PT";"-42.84";"156.80";"2d 18h 51m";""
"118";"GBPUSD_DukasM1_the5ers";"Buy";"2007.07.10 13:00:00";"2.01633";"0.31";"2007.07.10 16:48:00";"2.02135";"154.07";"13602.46";"IS";"PT";"-61.38";"155.62";"3h 48m";""
"119";"GBPUSD_DukasM1_the5ers";"Buy";"2007.07.16 12:00:00";"2.03803";"0.27";"2007.07.17 11:49:00";"2.04365";"149.75";"13752.21";"IS";"PT";"-84.51";"151.74";"23h 49m";""
"120";"GBPUSD_DukasM1_the5ers";"Buy";"2007.08.01 16:00:00";"2.03203";"0.15";"2007.08.03 18:35:00";"2.04225";"151.13";"13903.34";"IS";"PT";"-76.95";"153.30";"2d 2h 35m";""
"121";"GBPUSD_DukasM1_the5ers";"Buy";"2007.08.08 12:00:00";"2.02368";"0.18";"2007.08.08 14:45:00";"2.03201";"149.04";"14052.38";"IS";"PT";"-33.84";"149.94";"2h 45m";""
"122";"GBPUSD_DukasM1_the5ers";"Buy";"2007.08.23 13:00:00";"2.00683";"0.15";"2007.08.24 09:34:00";"2.00056";"-95.15";"13957.23";"IS";"SL";"-94.05";"38.55";"20h 34m";""
"123";"GBPUSD_DukasM1_the5ers";"Buy";"2007.09.07 14:00:00";"2.02183";"0.18";"2007.09.07 15:44:00";"2.03018";"149.40";"14106.63";"IS";"PT";"-28.44";"150.30";"1h 44m";""
"124";"GBPUSD_DukasM1_the5ers";"Buy";"2007.09.25 15:00:00";"2.01543";"0.17";"2007.09.27 08:49:00";"2.02452";"152.08";"14258.71";"IS";"PT";"-84.66";"154.53";"1d 17h 49m";""
"125";"GBPUSD_DukasM1_the5ers";"Buy";"2007.10.03 04:00:00";"2.04323";"0.2";"2007.10.03 10:23:00";"2.03829";"-99.80";"14158.91";"IS";"SL";"-98.80";"20.40";"6h 23m";""
"126";"GBPUSD_DukasM1_the5ers";"Buy";"2007.10.04 12:00:00";"2.03443";"0.19";"2007.10.04 16:31:00";"2.04239";"150.29";"14309.20";"IS";"PT";"-79.42";"151.24";"4h 31m";""
"127";"GBPUSD_DukasM1_the5ers";"Buy";"2007.10.12 15:00:00";"2.03378";"0.16";"2007.10.15 13:00:00";"2.04332";"151.46";"14460.66";"IS";"PT";"-41.28";"152.64";"2d 22h 0m";""
"128";"GBPUSD_DukasM1_the5ers";"Buy";"2007.11.07 01:00:00";"2.08803";"0.23";"2007.11.07 04:30:00";"2.09484";"155.48";"14616.14";"IS";"PT";"-47.84";"156.63";"3h 30m";""
"129";"GBPUSD_DukasM1_the5ers";"Buy";"2007.11.23 04:00:00";"2.07313";"0.14";"2007.11.23 10:22:00";"2.06618";"-98.00";"14518.14";"IS";"SL";"-97.30";"47.18";"6h 22m";""
"130";"GBPUSD_DukasM1_the5ers";"Buy";"2007.11.26 19:00:00";"2.06798";"0.15";"2007.11.28 09:35:00";"2.06169";"-95.81";"14422.33";"IS";"SL";"-94.35";"112.80";"1d 14h 35m";""
"131";"GBPUSD_DukasM1_the5ers";"Buy";"2007.11.28 17:00:00";"2.07038";"0.14";"2007.11.28 21:39:00";"2.08115";"150.08";"14572.41";"IS";"PT";"-39.62";"150.78";"4h 39m";""
"132";"GBPUSD_DukasM1_the5ers";"Buy";"2007.11.30 11:00:00";"2.06738";"0.15";"2007.11.30 17:07:00";"2.06109";"-95.10";"14477.31";"IS";"SL";"-94.35";"38.55";"6h 7m";""
"133";"GBPUSD_DukasM1_the5ers";"Buy";"2007.12.03 13:00:00";"2.06448";"0.13";"2007.12.04 18:56:00";"2.05723";"-95.21";"14382.10";"IS";"SL";"-94.25";"43.81";"1d 5h 56m";""
"134";"GBPUSD_DukasM1_the5ers";"Buy";"2007.12.07 12:00:00";"2.02788";"0.14";"2007.12.10 10:53:00";"2.03883";"152.27";"14534.37";"IS";"PT";"-24.22";"153.30";"2d 22h 53m";""
"135";"GBPUSD_DukasM1_the5ers";"Buy";"2007.12.28 13:00:00";"1.99973";"0.19";"2007.12.28 15:58:00";"1.99466";"-97.28";"14437.09";"IS";"SL";"-96.33";"46.93";"2h 58m";""
"136";"GBPUSD_DukasM1_the5ers";"Buy";"2008.01.02 07:00:00";"1.98703";"0.22";"2008.01.02 09:48:00";"1.98252";"-100.32";"14336.77";"IS";"SL";"-99.22";"44.44";"2h 48m";""
"137";"GBPUSD_DukasM1_the5ers";"Buy";"2008.01.04 12:00:00";"1.97663";"0.15";"2008.01.07 04:35:00";"1.97014";"-98.45";"14238.32";"IS";"SL";"-97.35";"124.80";"2d 16h 35m";""
"138";"GBPUSD_DukasM1_the5ers";"Buy";"2008.01.07 21:00:00";"1.97128";"0.14";"2008.01.08 10:30:00";"1.98193";"148.07";"14386.39";"IS";"PT";"-68.32";"149.10";"13h 30m";""
"139";"GBPUSD_DukasM1_the5ers";"Buy";"2008.01.10 12:00:00";"1.96148";"0.17";"2008.01.10 14:52:00";"1.95564";"-100.13";"14286.26";"IS";"SL";"-99.28";"91.29";"2h 52m";""
"140";"GBPUSD_DukasM1_the5ers";"Buy";"2008.01.16 16:00:00";"1.96598";"0.12";"2008.01.17 17:56:00";"1.97846";"148.31";"14434.57";"IS";"PT";"-81.36";"149.76";"1d 1h 56m";""
"141";"GBPUSD_DukasM1_the5ers";"Buy";"2008.01.24 12:00:00";"1.95853";"0.13";"2008.01.24 17:11:00";"1.96986";"146.64";"14581.21";"IS";"PT";"-67.34";"147.29";"5h 11m";""
"142";"GBPUSD_DukasM1_the5ers";"Buy";"2008.01.31 13:00:00";"1.99223";"0.13";"2008.02.01 14:39:00";"1.98495";"-95.60";"14485.61";"IS";"SL";"-94.64";"29.51";"1d 1h 39m";""
"143";"GBPUSD_DukasM1_the5ers";"Buy";"2008.02.11 13:00:00";"1.95143";"0.15";"2008.02.11 16:23:00";"1.94492";"-98.40";"14387.21";"IS";"SL";"-97.65";"6.30";"3h 23m";""
"144";"GBPUSD_DukasM1_the5ers";"Buy";"2008.02.12 17:00:00";"1.95948";"0.15";"2008.02.14 10:05:00";"1.96989";"153.98";"14541.20";"IS";"PT";"-68.70";"156.15";"1d 17h 5m";""
"145";"GBPUSD_DukasM1_the5ers";"Buy";"2008.03.11 11:00:00";"2.01123";"0.16";"2008.03.11 12:41:00";"2.02097";"155.04";"14696.24";"IS";"PT";"-6.88";"155.84";"1h 41m";""
"146";"GBPUSD_DukasM1_the5ers";"Buy";"2008.03.12 04:00:00";"2.00943";"0.13";"2008.03.12 12:28:00";"2.02084";"147.68";"14843.92";"IS";"PT";"-12.09";"148.33";"8h 28m";""
"147";"GBPUSD_DukasM1_the5ers";"Buy";"2008.03.17 11:00:00";"2.02053";"0.09";"2008.03.17 12:07:00";"2.00999";"-95.31";"14748.61";"IS";"SL";"-94.86";"3.78";"1h 7m";""
"148";"GBPUSD_DukasM1_the5ers";"Buy";"2008.04.01 15:00:00";"1.98538";"0.13";"2008.04.01 17:21:00";"1.97782";"-98.93";"14649.68";"IS";"SL";"-98.28";"25.61";"2h 21m";""
"149";"GBPUSD_DukasM1_the5ers";"Buy";"2008.04.03 17:00:00";"1.99048";"0.14";"2008.04.04 10:49:00";"2.00150";"153.25";"14802.93";"IS";"PT";"-38.22";"154.28";"17h 49m";""
"150";"GBPUSD_DukasM1_the5ers";"Buy";"2008.04.22 13:00:00";"1.98403";"0.14";"2008.04.22 17:45:00";"1.99481";"150.22";"14953.15";"IS";"PT";"-12.32";"150.92";"4h 45m";""
"151";"GBPUSD_DukasM1_the5ers";"Buy";"2008.04.30 13:00:00";"1.96913";"0.16";"2008.04.30 17:44:00";"1.97888";"155.20";"15108.35";"IS";"PT";"-62.88";"156.00";"4h 44m";""
"152";"GBPUSD_DukasM1_the5ers";"Buy";"2008.05.02 11:00:00";"1.98418";"0.14";"2008.05.02 15:33:00";"1.97743";"-95.20";"15013.15";"IS";"SL";"-94.50";"77.98";"4h 33m";""
"153";"GBPUSD_DukasM1_the5ers";"Buy";"2008.05.16 18:00:00";"1.95363";"0.15";"2008.05.19 17:31:00";"1.94728";"-96.35";"14916.79";"IS";"SL";"-95.25";"130.05";"2d 23h 31m";""
"154";"GBPUSD_DukasM1_the5ers";"Buy";"2008.05.23 15:00:00";"1.98243";"0.18";"2008.05.26 11:04:00";"1.97693";"-100.32";"14816.47";"IS";"SL";"-99.00";"49.86";"2d 20h 4m";""
"155";"GBPUSD_DukasM1_the5ers";"Buy";"2008.06.13 19:00:00";"1.94948";"0.15";"2008.06.16 12:19:00";"1.95963";"151.15";"14967.61";"IS";"PT";"-56.70";"152.25";"2d 17h 19m";""
"156";"GBPUSD_DukasM1_the5ers";"Buy";"2008.06.26 12:00:00";"1.97913";"0.19";"2008.06.26 15:22:00";"1.98739";"155.99";"15123.60";"IS";"PT";"-59.47";"156.94";"3h 22m";""
"157";"GBPUSD_DukasM1_the5ers";"Buy";"2008.07.01 10:00:00";"1.99638";"0.18";"2008.07.01 17:58:00";"1.99094";"-98.82";"15024.78";"IS";"SL";"-97.92";"76.86";"7h 58m";""
"158";"GBPUSD_DukasM1_the5ers";"Buy";"2008.07.17 18:00:00";"2.00683";"0.14";"2008.07.17 20:13:00";"2.00009";"-95.06";"14929.72";"IS";"SL";"-94.36";"4.48";"2h 13m";""
"159";"GBPUSD_DukasM1_the5ers";"Buy";"2008.08.21 17:00:00";"1.87363";"0.13";"2008.08.22 11:25:00";"1.86596";"-100.67";"14829.06";"IS";"SL";"-99.71";"74.36";"18h 25m";""
"160";"GBPUSD_DukasM1_the5ers";"Buy";"2008.08.25 11:00:00";"1.84598";"0.15";"2008.08.25 18:48:00";"1.85615";"151.80";"14980.86";"IS";"PT";"-15.45";"152.55";"7h 48m";""
"161";"GBPUSD_DukasM1_the5ers";"Buy";"2008.09.05 12:00:00";"1.76353";"0.1";"2008.09.08 00:05:00";"1.77840";"147.96";"15128.82";"IS";"PT";"-64.30";"155.30";"2d 12h 5m";""
"162";"GBPUSD_DukasM1_the5ers";"Buy";"2008.09.11 15:00:00";"1.75568";"0.1";"2008.09.12 11:13:00";"1.77086";"151.06";"15279.88";"IS";"PT";"-94.30";"151.80";"20h 13m";""
"163";"GBPUSD_DukasM1_the5ers";"Buy";"2008.09.19 16:00:00";"1.81433";"0.07";"2008.09.19 19:33:00";"1.83618";"152.60";"15432.48";"IS";"PT";"-17.01";"152.95";"3h 33m";""
"164";"GBPUSD_DukasM1_the5ers";"Buy";"2008.09.24 11:00:00";"1.85623";"0.1";"2008.09.24 22:50:00";"1.84650";"-97.80";"15334.68";"IS";"SL";"-97.30";"44.70";"11h 50m";""
"165";"GBPUSD_DukasM1_the5ers";"Buy";"2008.10.29 17:00:00";"1.63178";"0.04";"2008.10.31 16:22:00";"1.60851";"-93.66";"15241.03";"IS";"SL";"-93.08";"141.48";"1d 23h 22m";""
"166";"GBPUSD_DukasM1_the5ers";"Buy";"2008.11.05 14:00:00";"1.60373";"0.04";"2008.11.06 02:21:00";"1.58268";"-84.68";"15156.34";"IS";"SL";"-84.20";"63.48";"12h 21m";""
"167";"GBPUSD_DukasM1_the5ers";"Buy";"2008.11.06 11:00:00";"1.59628";"0.05";"2008.11.06 14:00:00";"1.57904";"-86.45";"15069.89";"IS";"SL";"-86.20";"14.10";"3h 0m";""
"168";"GBPUSD_DukasM1_the5ers";"Buy";"2008.11.24 13:00:00";"1.49733";"0.07";"2008.11.25 15:44:00";"1.51910";"151.87";"15221.77";"IS";"PT";"-17.71";"152.39";"1d 2h 44m";""
"169";"GBPUSD_DukasM1_the5ers";"Buy";"2008.11.27 12:00:00";"1.54623";"0.07";"2008.11.28 13:57:00";"1.53194";"-100.55";"15121.22";"IS";"SL";"-100.03";"34.44";"1d 1h 57m";""
"170";"GBPUSD_DukasM1_the5ers";"Buy";"2008.12.15 16:00:00";"1.51373";"0.07";"2008.12.15 17:45:00";"1.53475";"146.79";"15268.01";"IS";"PT";"-10.36";"147.14";"1h 45m";""
"171";"GBPUSD_DukasM1_the5ers";"Buy";"2009.01.07 15:00:00";"1.50433";"0.07";"2009.01.07 18:12:00";"1.52643";"154.35";"15422.36";"IS";"PT";"-4.41";"154.70";"3h 12m";""
"172";"GBPUSD_DukasM1_the5ers";"Buy";"2009.01.09 14:00:00";"1.52898";"0.07";"2009.01.09 16:40:00";"1.51574";"-93.03";"15329.33";"IS";"SL";"-92.68";"40.39";"2h 40m";""
"173";"GBPUSD_DukasM1_the5ers";"Buy";"2009.01.15 22:00:00";"1.46578";"0.08";"2009.01.16 08:24:00";"1.48478";"151.41";"15480.74";"IS";"PT";"-25.04";"152.00";"10h 24m";""
"174";"GBPUSD_DukasM1_the5ers";"Buy";"2009.01.19 06:00:00";"1.48913";"0.07";"2009.01.19 09:21:00";"1.47618";"-91.00";"15389.74";"IS";"SL";"-90.65";"2.59";"3h 21m";""
"175";"GBPUSD_DukasM1_the5ers";"Buy";"2009.02.23 13:00:00";"1.46133";"0.08";"2009.02.23 20:58:00";"1.44981";"-92.56";"15297.18";"IS";"SL";"-92.16";"37.76";"7h 58m";""
"176";"GBPUSD_DukasM1_the5ers";"Buy";"2009.02.26 12:00:00";"1.42723";"0.09";"2009.02.27 10:58:00";"1.41629";"-99.12";"15198.06";"IS";"SL";"-98.46";"100.53";"22h 58m";""
"177";"GBPUSD_DukasM1_the5ers";"Buy";"2009.03.17 06:00:00";"1.41213";"0.1";"2009.03.17 08:52:00";"1.40278";"-94.00";"15104.06";"IS";"SL";"-93.50";"16.20";"2h 52m";""
"178";"GBPUSD_DukasM1_the5ers";"Buy";"2009.03.24 03:00:00";"1.46753";"0.08";"2009.03.25 13:16:00";"1.45604";"-92.51";"15011.55";"IS";"SL";"-91.92";"82.96";"1d 10h 16m";""
"179";"GBPUSD_DukasM1_the5ers";"Buy";"2009.03.31 22:00:00";"1.43453";"0.1";"2009.04.02 04:28:00";"1.44982";"151.46";"15163.01";"IS";"PT";"-72.80";"152.90";"1d 6h 28m";""
"180";"GBPUSD_DukasM1_the5ers";"Buy";"2009.04.24 17:00:00";"1.47518";"0.09";"2009.04.27 02:46:00";"1.46468";"-95.16";"15067.85";"IS";"SL";"-94.50";"19.08";"2d 9h 46m";""
"181";"GBPUSD_DukasM1_the5ers";"Buy";"2009.05.04 19:00:00";"1.49813";"0.12";"2009.05.05 11:56:00";"1.51088";"152.12";"15219.96";"IS";"PT";"-35.16";"153.00";"16h 56m";""
"182";"GBPUSD_DukasM1_the5ers";"Buy";"2009.05.15 17:00:00";"1.52663";"0.11";"2009.05.15 20:00:00";"1.51811";"-94.27";"15125.69";"IS";"SL";"-93.72";"18.92";"3h 0m";""
"183";"GBPUSD_DukasM1_the5ers";"Buy";"2009.05.28 18:00:00";"1.59688";"0.1";"2009.05.29 12:26:00";"1.61168";"147.26";"15272.96";"IS";"PT";"-92.30";"148.00";"18h 26m";""
"184";"GBPUSD_DukasM1_the5ers";"Buy";"2009.06.04 11:00:00";"1.63528";"0.09";"2009.06.04 14:57:00";"1.62465";"-96.12";"15176.84";"IS";"SL";"-95.67";"73.53";"3h 57m";""
"185";"GBPUSD_DukasM1_the5ers";"Buy";"2009.06.15 16:00:00";"1.64151";"0.09";"2009.06.15 17:34:00";"1.63148";"-90.72";"15086.12";"IS";"SL";"-90.27";"10.98";"1h 34m";""
"186";"GBPUSD_DukasM1_the5ers";"Buy";"2009.07.22 15:00:00";"1.64253";"0.13";"2009.07.23 11:30:00";"1.65403";"147.93";"15234.05";"IS";"PT";"-92.69";"149.50";"20h 30m";""
"187";"GBPUSD_DukasM1_the5ers";"Buy";"2009.09.09 18:00:00";"1.65668";"0.13";"2009.09.10 12:56:00";"1.64943";"-95.82";"15138.23";"IS";"SL";"-94.25";"21.06";"18h 56m";""
"188";"GBPUSD_DukasM1_the5ers";"Buy";"2009.09.16 12:00:00";"1.64918";"0.15";"2009.09.17 22:54:00";"1.64263";"-100.06";"15038.16";"IS";"SL";"-98.25";"113.55";"1d 10h 54m";""
"189";"GBPUSD_DukasM1_the5ers";"Buy";"2009.10.13 13:00:00";"1.58063";"0.13";"2009.10.13 19:32:00";"1.59190";"145.86";"15184.02";"IS";"PT";"-40.04";"146.51";"6h 32m";""
"190";"GBPUSD_DukasM1_the5ers";"Buy";"2009.10.26 23:00:00";"1.63348";"0.13";"2009.10.28 19:15:00";"1.64527";"152.01";"15336.03";"IS";"PT";"-64.74";"153.27";"1d 20h 15m";""
"191";"GBPUSD_DukasM1_the5ers";"Buy";"2009.10.29 01:00:00";"1.63903";"0.12";"2009.10.29 15:36:00";"1.65204";"155.52";"15491.55";"IS";"PT";"-63.36";"156.12";"14h 36m";""
"192";"GBPUSD_DukasM1_the5ers";"Buy";"2009.12.01 11:00:00";"1.65163";"0.12";"2009.12.01 21:25:00";"1.66418";"150.00";"15641.55";"IS";"PT";"-24.36";"150.60";"10h 25m";""
"193";"GBPUSD_DukasM1_the5ers";"Buy";"2009.12.18 11:00:00";"1.62193";"0.13";"2009.12.18 17:21:00";"1.61425";"-100.49";"15541.06";"IS";"SL";"-99.84";"22.36";"6h 21m";""
"194";"GBPUSD_DukasM1_the5ers";"Buy";"2009.12.30 17:00:00";"1.59303";"0.17";"2009.12.30 18:02:00";"1.60186";"149.26";"15690.32";"IS";"PT";"-24.31";"150.11";"1h 2m";""
"195";"GBPUSD_DukasM1_the5ers";"Buy";"2010.01.12 12:00:00";"1.61358";"0.15";"2010.01.13 11:16:00";"1.62402";"155.50";"15845.82";"IS";"PT";"-37.20";"156.60";"23h 16m";""
"196";"GBPUSD_DukasM1_the5ers";"Buy";"2010.03.11 11:00:00";"1.49898";"0.16";"2010.03.12 01:08:00";"1.50825";"147.14";"15992.96";"OOS1";"PT";"-35.68";"148.32";"14h 8m";""
"197";"GBPUSD_DukasM1_the5ers";"Buy";"2010.03.16 12:00:00";"1.50963";"0.16";"2010.03.16 17:37:00";"1.51891";"147.68";"16140.64";"OOS1";"PT";"-26.08";"148.48";"5h 37m";""
"198";"GBPUSD_DukasM1_the5ers";"Buy";"2010.04.05 17:00:00";"1.53058";"0.21";"2010.04.06 03:17:00";"1.52593";"-99.20";"16041.44";"OOS1";"SL";"-97.65";"27.72";"10h 17m";""
"199";"GBPUSD_DukasM1_the5ers";"Buy";"2010.04.14 16:00:00";"1.54458";"0.16";"2010.04.16 10:01:00";"1.53838";"-101.51";"15939.93";"OOS1";"SL";"-99.20";"122.72";"1d 18h 1m";""
"200";"GBPUSD_DukasM1_the5ers";"Buy";"2010.04.29 11:00:00";"1.52188";"0.14";"2010.04.29 19:02:00";"1.53272";"151.06";"16090.99";"OOS1";"PT";"-24.22";"151.76";"8h 2m";""
"201";"GBPUSD_DukasM1_the5ers";"Buy";"2010.05.26 13:00:00";"1.44188";"0.13";"2010.05.27 10:11:00";"1.45377";"153.00";"16243.99";"OOS1";"PT";"-95.29";"154.57";"21h 11m";""
"202";"GBPUSD_DukasM1_the5ers";"Buy";"2010.06.01 15:00:00";"1.45663";"0.12";"2010.06.01 17:27:00";"1.46909";"148.92";"16392.91";"OOS1";"PT";"-7.56";"149.52";"2h 27m";""
"203";"GBPUSD_DukasM1_the5ers";"Buy";"2010.06.10 17:00:00";"1.46513";"0.12";"2010.06.11 15:48:00";"1.45736";"-94.12";"16298.79";"OOS1";"SL";"-93.24";"128.64";"22h 48m";""
"204";"GBPUSD_DukasM1_the5ers";"Buy";"2010.07.13 04:00:00";"1.50353";"0.18";"2010.07.13 09:08:00";"1.49811";"-98.46";"16200.33";"OOS1";"SL";"-97.56";"19.26";"5h 8m";""
"205";"GBPUSD_DukasM1_the5ers";"Buy";"2010.07.14 12:00:00";"1.52553";"0.16";"2010.07.15 13:31:00";"1.53523";"153.27";"16353.60";"OOS1";"PT";"-82.88";"155.20";"1d 1h 31m";""
"206";"GBPUSD_DukasM1_the5ers";"Buy";"2010.07.27 15:00:00";"1.55418";"0.16";"2010.07.28 16:42:00";"1.56347";"147.46";"16501.06";"OOS1";"PT";"-54.88";"148.64";"1d 1h 42m";""
"207";"GBPUSD_DukasM1_the5ers";"Buy";"2010.08.05 14:00:00";"1.59148";"0.17";"2010.08.05 17:00:00";"1.58559";"-100.98";"16400.08";"OOS1";"SL";"-100.13";"14.79";"3h 0m";""
"208";"GBPUSD_DukasM1_the5ers";"Buy";"2010.08.06 16:00:00";"1.59453";"0.17";"2010.08.10 02:13:00";"1.58880";"-99.06";"16301.02";"OOS1";"SL";"-97.41";"88.74";"3d 10h 13m";""
"209";"GBPUSD_DukasM1_the5ers";"Buy";"2010.08.26 18:00:00";"1.55818";"0.16";"2010.08.27 00:52:00";"1.55201";"-99.90";"16201.12";"OOS1";"SL";"-98.72";"1.92";"6h 52m";""
"210";"GBPUSD_DukasM1_the5ers";"Buy";"2010.09.14 11:00:00";"1.54188";"0.17";"2010.09.14 16:51:00";"1.55079";"150.62";"16351.74";"OOS1";"PT";"-52.36";"151.47";"5h 51m";""
"211";"GBPUSD_DukasM1_the5ers";"Buy";"2010.09.24 12:00:00";"1.57168";"0.17";"2010.09.24 16:21:00";"1.58091";"156.06";"16507.80";"OOS1";"PT";"-28.56";"156.91";"4h 21m";""
"212";"GBPUSD_DukasM1_the5ers";"Buy";"2010.10.26 09:00:00";"1.57859";"0.18";"2010.10.26 12:12:00";"1.58715";"153.18";"16660.98";"OOS1";"PT";"-61.74";"154.08";"3h 12m";""
"213";"GBPUSD_DukasM1_the5ers";"Buy";"2010.10.27 13:00:00";"1.58479";"0.15";"2010.10.27 16:46:00";"1.57817";"-100.05";"16560.93";"OOS1";"SL";"-99.30";"5.85";"3h 46m";""
"214";"GBPUSD_DukasM1_the5ers";"Buy";"2010.11.03 11:00:00";"1.60711";"0.2";"2010.11.03 13:55:00";"1.61464";"149.60";"16710.53";"OOS1";"PT";"-23.20";"150.60";"2h 55m";""
"215";"GBPUSD_DukasM1_the5ers";"Buy";"2010.11.08 16:00:00";"1.61574";"0.15";"2010.11.09 02:02:00";"1.60917";"-99.65";"16610.88";"OOS1";"SL";"-98.55";"0.00";"10h 2m";""
"216";"GBPUSD_DukasM1_the5ers";"Buy";"2010.11.09 13:00:00";"1.61530";"0.16";"2010.11.09 18:08:00";"1.60904";"-100.96";"16509.92";"OOS1";"SL";"-100.16";"48.48";"5h 8m";""
"217";"GBPUSD_DukasM1_the5ers";"Buy";"2010.11.30 18:00:00";"1.55737";"0.17";"2010.12.02 11:43:00";"1.56660";"154.46";"16664.37";"OOS1";"PT";"-45.22";"156.91";"1d 17h 43m";""
"218";"GBPUSD_DukasM1_the5ers";"Buy";"2010.12.13 18:00:00";"1.58558";"0.17";"2010.12.14 16:07:00";"1.57979";"-99.68";"16564.69";"OOS1";"SL";"-98.43";"92.65";"22h 7m";""
"219";"GBPUSD_DukasM1_the5ers";"Buy";"2010.12.21 04:00:00";"1.55481";"0.19";"2010.12.21 11:46:00";"1.54957";"-100.51";"16464.18";"OOS1";"SL";"-99.56";"36.86";"7h 46m";""
"220";"GBPUSD_DukasM1_the5ers";"Buy";"2010.12.29 17:00:00";"1.54310";"0.18";"2010.12.29 22:11:00";"1.55158";"151.74";"16615.92";"OOS1";"PT";"-16.02";"152.64";"5h 11m";""
"221";"GBPUSD_DukasM1_the5ers";"Buy";"2011.01.11 19:00:00";"1.56263";"0.15";"2011.01.12 19:11:00";"1.57284";"152.05";"16767.96";"OOS1";"PT";"-65.55";"153.15";"1d 0h 11m";""
"222";"GBPUSD_DukasM1_the5ers";"Buy";"2011.01.14 16:00:00";"1.58676";"0.16";"2011.01.18 09:38:00";"1.59613";"148.36";"16916.33";"OOS1";"PT";"-52.48";"149.92";"3d 17h 38m";""
"223";"GBPUSD_DukasM1_the5ers";"Buy";"2011.01.24 18:00:00";"1.60024";"0.17";"2011.01.25 10:13:00";"1.59445";"-99.68";"16816.65";"OOS1";"SL";"-98.43";"22.95";"16h 13m";""
"224";"GBPUSD_DukasM1_the5ers";"Buy";"2011.01.27 14:00:00";"1.59600";"0.14";"2011.01.27 19:16:00";"1.58928";"-94.78";"16721.87";"OOS1";"SL";"-94.08";"41.58";"5h 16m";""
"225";"GBPUSD_DukasM1_the5ers";"Buy";"2011.02.09 18:00:00";"1.61136";"0.18";"2011.02.10 10:21:00";"1.60584";"-101.53";"16620.33";"OOS1";"SL";"-99.36";"9.36";"16h 21m";""
"226";"GBPUSD_DukasM1_the5ers";"Buy";"2011.02.10 19:00:00";"1.61296";"0.15";"2011.02.11 03:46:00";"1.60649";"-98.15";"16522.18";"OOS1";"SL";"-97.05";"3.00";"8h 46m";""
"227";"GBPUSD_DukasM1_the5ers";"Buy";"2011.03.07 11:00:00";"1.62971";"0.24";"2011.03.07 15:54:00";"1.62559";"-100.08";"16422.10";"OOS1";"SL";"-98.88";"105.12";"4h 54m";""
"228";"GBPUSD_DukasM1_the5ers";"Buy";"2011.03.14 12:00:00";"1.61035";"0.19";"2011.03.14 18:00:00";"1.61823";"148.77";"16570.87";"OOS1";"PT";"-30.59";"149.72";"6h 0m";""
"229";"GBPUSD_DukasM1_the5ers";"Buy";"2011.03.30 17:00:00";"1.60621";"0.19";"2011.03.31 09:03:00";"1.61426";"150.65";"16721.53";"OOS1";"PT";"-61.37";"152.95";"16h 3m";""
"230";"GBPUSD_DukasM1_the5ers";"Buy";"2011.04.01 19:00:00";"1.61303";"0.14";"2011.04.05 11:54:00";"1.62383";"149.84";"16871.37";"OOS1";"PT";"-55.02";"151.20";"3d 16h 54m";""
"231";"GBPUSD_DukasM1_the5ers";"Buy";"2011.04.11 17:00:00";"1.63895";"0.19";"2011.04.11 23:03:00";"1.63387";"-97.92";"16773.45";"OOS1";"SL";"-96.52";"68.59";"6h 3m";""
"232";"GBPUSD_DukasM1_the5ers";"Buy";"2011.04.14 07:00:00";"1.62965";"0.2";"2011.04.14 17:30:00";"1.63719";"149.80";"16923.25";"OOS1";"PT";"-20.60";"150.80";"10h 30m";""
"233";"GBPUSD_DukasM1_the5ers";"Buy";"2011.04.25 12:00:00";"1.65252";"0.23";"2011.04.25 16:51:00";"1.64820";"-100.51";"16822.74";"OOS1";"SL";"-99.36";"51.29";"4h 51m";""
"234";"GBPUSD_DukasM1_the5ers";"Buy";"2011.05.06 14:00:00";"1.64288";"0.15";"2011.05.06 21:35:00";"1.63661";"-94.80";"16727.94";"OOS1";"SL";"-94.05";"51.90";"7h 35m";""
"235";"GBPUSD_DukasM1_the5ers";"Buy";"2011.06.03 18:00:00";"1.63611";"0.17";"2011.06.06 01:54:00";"1.64513";"152.09";"16880.03";"OOS1";"PT";"-0.51";"153.34";"2d 7h 54m";""
"236";"GBPUSD_DukasM1_the5ers";"Buy";"2011.06.28 16:00:00";"1.59916";"0.16";"2011.06.30 05:27:00";"1.60870";"150.33";"17030.36";"OOS1";"PT";"-48.00";"152.64";"1d 13h 27m";""
"237";"GBPUSD_DukasM1_the5ers";"Buy";"2011.07.21 16:00:00";"1.62432";"0.17";"2011.07.21 23:56:00";"1.63307";"147.50";"17177.85";"OOS1";"PT";"-14.11";"148.75";"7h 56m";""
"238";"GBPUSD_DukasM1_the5ers";"Buy";"2011.07.26 06:00:00";"1.63383";"0.22";"2011.07.26 11:35:00";"1.64092";"154.88";"17332.73";"OOS1";"PT";"-34.54";"155.98";"5h 35m";""
"239";"GBPUSD_DukasM1_the5ers";"Buy";"2011.07.29 17:00:00";"1.64176";"0.17";"2011.08.01 16:01:00";"1.63596";"-99.85";"17232.88";"OOS1";"SL";"-98.60";"96.90";"2d 23h 1m";""
"240";"GBPUSD_DukasM1_the5ers";"Buy";"2011.08.15 12:00:00";"1.63164";"0.19";"2011.08.15 17:45:00";"1.63980";"154.09";"17386.97";"OOS1";"PT";"-67.83";"155.04";"5h 45m";""
"241";"GBPUSD_DukasM1_the5ers";"Buy";"2011.08.24 13:00:00";"1.65219";"0.2";"2011.08.24 14:35:00";"1.64728";"-99.20";"17287.77";"OOS1";"SL";"-98.20";"20.00";"1h 35m";""
"242";"GBPUSD_DukasM1_the5ers";"Buy";"2011.08.26 20:00:00";"1.63411";"0.14";"2011.08.29 17:31:00";"1.64496";"150.87";"17438.64";"OOS1";"PT";"-26.74";"151.90";"2d 21h 31m";""
"243";"GBPUSD_DukasM1_the5ers";"Buy";"2011.09.06 11:00:00";"1.61171";"0.21";"2011.09.06 11:02:00";"1.61908";"153.72";"17592.36";"OOS1";"PT";"-10.92";"154.77";"2m 0s";""
"244";"GBPUSD_DukasM1_the5ers";"Buy";"2011.09.08 14:00:00";"1.59667";"0.17";"2011.09.08 17:22:00";"1.60547";"148.75";"17741.11";"OOS1";"PT";"-0.51";"149.60";"3h 22m";""
"245";"GBPUSD_DukasM1_the5ers";"Buy";"2011.09.12 23:00:00";"1.58618";"0.13";"2011.09.13 11:07:00";"1.57879";"-97.03";"17644.08";"OOS1";"SL";"-96.07";"9.49";"12h 7m";""
"246";"GBPUSD_DukasM1_the5ers";"Buy";"2011.09.19 11:00:00";"1.57297";"0.19";"2011.09.19 16:06:00";"1.56782";"-98.80";"17545.29";"OOS1";"SL";"-97.85";"36.29";"5h 6m";""
"247";"GBPUSD_DukasM1_the5ers";"Buy";"2011.09.20 11:00:00";"1.56998";"0.19";"2011.09.21 11:32:00";"1.56479";"-100.01";"17445.28";"OOS1";"SL";"-98.61";"89.49";"1d 0h 32m";""
"1";"GBPUSD_DukasM1_the5ers";"Buy";"2011.10.05 21:00:00";"1.54675";"0.14";"2011.10.06 07:52:00";"1.53979";"-99.13";"17346.14";"OOS1";"SL";"-97.44";"11.48";"10h 52m";""
"2";"GBPUSD_DukasM1_the5ers";"Buy";"2011.10.06 11:00:00";"1.54830";"0.16";"2011.10.06 13:00:00";"1.54217";"-98.88";"17247.27";"OOS1";"SL";"-98.08";"22.08";"2h 0m";""
"3";"GBPUSD_DukasM1_the5ers";"Buy";"2011.10.21 13:00:00";"1.58219";"0.16";"2011.10.21 15:02:00";"1.59177";"152.48";"17399.75";"OOS1";"PT";"-2.88";"153.28";"2h 2m";""
"4";"GBPUSD_DukasM1_the5ers";"Buy";"2011.10.26 04:00:00";"1.60250";"0.19";"2011.10.26 13:47:00";"1.59726";"-100.51";"17299.23";"OOS1";"SL";"-99.56";"30.97";"9h 47m";""
"5";"GBPUSD_DukasM1_the5ers";"Buy";"2011.11.08 12:00:00";"1.60672";"0.19";"2011.11.09 11:31:00";"1.60156";"-99.44";"17199.80";"OOS1";"SL";"-98.04";"117.99";"23h 31m";""
"6";"GBPUSD_DukasM1_the5ers";"Buy";"2011.11.10 20:00:00";"1.59488";"0.14";"2011.11.11 17:27:00";"1.60552";"147.93";"17347.73";"OOS1";"PT";"-74.90";"148.96";"21h 27m";""
"7";"GBPUSD_DukasM1_the5ers";"Buy";"2011.11.28 12:00:00";"1.55485";"0.16";"2011.11.28 22:47:00";"1.54888";"-96.32";"17251.41";"OOS1";"SL";"-95.52";"73.12";"10h 47m";""
"8";"GBPUSD_DukasM1_the5ers";"Buy";"2011.11.29 08:00:00";"1.55284";"0.19";"2011.11.29 12:13:00";"1.56076";"149.53";"17400.94";"OOS1";"PT";"-61.94";"150.48";"4h 13m";""
"9";"GBPUSD_DukasM1_the5ers";"Buy";"2011.12.09 12:00:00";"1.56449";"0.19";"2011.12.09 13:26:00";"1.57276";"156.18";"17557.12";"OOS1";"PT";"-30.40";"157.13";"1h 26m";""
"10";"GBPUSD_DukasM1_the5ers";"Buy";"2011.12.15 11:00:00";"1.54902";"0.2";"2011.12.20 10:13:00";"1.55683";"153.78";"17710.90";"OOS1";"PT";"-54.80";"156.20";"4d 23h 13m";""
"11";"GBPUSD_DukasM1_the5ers";"Buy";"2011.12.23 10:00:00";"1.56997";"0.24";"2011.12.23 16:34:00";"1.56585";"-100.08";"17610.82";"OOS1";"SL";"-98.88";"17.76";"6h 34m";""
"12";"GBPUSD_DukasM1_the5ers";"Buy";"2012.01.12 12:00:00";"1.53416";"0.21";"2012.01.13 16:10:00";"1.52950";"-99.41";"17511.41";"OOS1";"SL";"-97.86";"142.17";"1d 4h 10m";""
"13";"GBPUSD_DukasM1_the5ers";"Buy";"2012.01.17 03:00:00";"1.53283";"0.24";"2012.01.17 12:29:00";"1.53919";"151.44";"17662.86";"OOS1";"PT";"-8.16";"152.64";"9h 29m";""
"14";"GBPUSD_DukasM1_the5ers";"Buy";"2012.01.24 15:00:00";"1.55792";"0.21";"2012.01.25 11:30:00";"1.55328";"-98.99";"17563.87";"OOS1";"SL";"-97.44";"101.85";"20h 30m";""
"15";"GBPUSD_DukasM1_the5ers";"Buy";"2012.01.25 21:00:00";"1.56335";"0.18";"2012.01.26 18:31:00";"1.57203";"154.07";"17717.94";"OOS1";"PT";"-43.38";"156.24";"21h 31m";""
"16";"GBPUSD_DukasM1_the5ers";"Buy";"2012.01.27 12:00:00";"1.57163";"0.22";"2012.01.27 17:37:00";"1.56723";"-97.90";"17620.04";"OOS1";"SL";"-96.80";"28.16";"5h 37m";""
"17";"GBPUSD_DukasM1_the5ers";"Buy";"2012.02.14 11:00:00";"1.57315";"0.25";"2012.02.14 17:03:00";"1.56918";"-100.50";"17519.54";"OOS1";"SL";"-99.25";"95.75";"6h 3m";""
"18";"GBPUSD_DukasM1_the5ers";"Buy";"2012.02.16 17:00:00";"1.57011";"0.23";"2012.02.16 18:38:00";"1.57689";"154.79";"17674.32";"OOS1";"PT";"-1.15";"155.94";"1h 38m";""
"19";"GBPUSD_DukasM1_the5ers";"Buy";"2012.04.12 07:00:00";"1.59277";"0.29";"2012.04.12 20:19:00";"1.59815";"154.57";"17828.89";"OOS1";"PT";"-40.60";"156.02";"13h 19m";""
"20";"GBPUSD_DukasM1_the5ers";"Buy";"2012.04.26 16:00:00";"1.61958";"0.27";"2012.04.27 09:04:00";"1.61598";"-99.19";"17729.71";"OOS1";"SL";"-97.20";"13.77";"17h 4m";""
"21";"GBPUSD_DukasM1_the5ers";"Buy";"2012.05.18 11:00:00";"1.57748";"0.22";"2012.05.22 10:17:00";"1.58440";"150.10";"17879.81";"OOS1";"PT";"-9.90";"152.24";"3d 23h 17m";""
"22";"GBPUSD_DukasM1_the5ers";"Buy";"2012.05.25 11:00:00";"1.56757";"0.25";"2012.05.25 17:59:00";"1.56359";"-100.75";"17779.06";"OOS1";"SL";"-99.50";"59.00";"6h 59m";""
"23";"GBPUSD_DukasM1_the5ers";"Buy";"2012.07.19 11:00:00";"1.56765";"0.27";"2012.07.19 11:44:00";"1.56403";"-99.09";"17679.97";"OOS1";"SL";"-97.74";"7.83";"44m 0s";""
"24";"GBPUSD_DukasM1_the5ers";"Buy";"2012.08.10 18:00:00";"1.56918";"0.23";"2012.08.16 09:08:00";"1.56492";"-102.39";"17577.58";"OOS1";"SL";"-97.98";"83.72";"5d 15h 8m";""
"25";"GBPUSD_DukasM1_the5ers";"Buy";"2012.08.29 14:00:00";"1.58214";"0.43";"2012.08.30 15:15:00";"1.58574";"149.61";"17727.19";"OOS1";"PT";"-60.63";"154.80";"1d 1h 15m";""
"26";"GBPUSD_DukasM1_the5ers";"Buy";"2012.09.14 13:00:00";"1.62165";"0.26";"2012.09.20 09:08:00";"1.61782";"-104.56";"17622.63";"OOS1";"SL";"-99.58";"146.38";"5d 20h 8m";""
"27";"GBPUSD_DukasM1_the5ers";"Buy";"2012.10.11 06:00:00";"1.60201";"0.32";"2012.10.12 09:56:00";"1.60689";"153.80";"17776.43";"OOS1";"PT";"-73.60";"156.16";"1d 3h 56m";""
"28";"GBPUSD_DukasM1_the5ers";"Buy";"2012.11.07 06:00:00";"1.60119";"0.34";"2012.11.07 14:21:00";"1.59828";"-100.64";"17675.79";"OOS1";"SL";"-98.94";"101.66";"8h 21m";""
"29";"GBPUSD_DukasM1_the5ers";"Buy";"2012.11.09 05:00:00";"1.59958";"0.3";"2012.11.09 10:54:00";"1.59628";"-100.50";"17575.29";"OOS1";"SL";"-99.00";"69.00";"5h 54m";""
"30";"GBPUSD_DukasM1_the5ers";"Buy";"2012.11.14 05:00:00";"1.58876";"0.37";"2012.11.14 12:41:00";"1.58609";"-100.64";"17474.65";"OOS1";"SL";"-98.79";"48.84";"7h 41m";""
"31";"GBPUSD_DukasM1_the5ers";"Buy";"2012.11.15 18:00:00";"1.58724";"0.31";"2012.11.16 17:13:00";"1.58404";"-101.48";"17373.17";"OOS1";"SL";"-99.20";"63.86";"23h 13m";""
"32";"GBPUSD_DukasM1_the5ers";"Buy";"2012.11.23 17:00:00";"1.59816";"0.32";"2012.11.23 18:19:00";"1.60299";"152.96";"17526.13";"OOS1";"PT";"-15.36";"154.56";"1h 19m";""
"33";"GBPUSD_DukasM1_the5ers";"Buy";"2012.12.14 20:00:00";"1.61730";"0.29";"2012.12.18 17:00:00";"1.62271";"154.07";"17680.20";"OOS1";"PT";"-58.58";"156.89";"3d 21h 0m";""
"34";"GBPUSD_DukasM1_the5ers";"Buy";"2012.12.26 23:00:00";"1.61368";"0.31";"2012.12.27 12:37:00";"1.61872";"152.50";"17832.70";"OOS1";"PT";"-41.23";"156.24";"13h 37m";""
"35";"GBPUSD_DukasM1_the5ers";"Buy";"2012.12.28 15:00:00";"1.61333";"0.27";"2012.12.31 15:56:00";"1.61913";"154.61";"17987.31";"OOS1";"PT";"-20.52";"156.60";"3d 0h 56m";""
"36";"GBPUSD_DukasM1_the5ers";"Buy";"2013.01.17 22:00:00";"1.60077";"0.23";"2013.01.18 03:12:00";"1.59658";"-98.06";"17889.25";"OOS1";"SL";"-96.37";"2.53";"5h 12m";""
"37";"GBPUSD_DukasM1_the5ers";"Buy";"2013.01.22 14:00:00";"1.58663";"0.27";"2013.01.22 22:12:00";"1.58298";"-99.90";"17789.35";"OOS1";"SL";"-98.55";"45.36";"8h 12m";""
"38";"GBPUSD_DukasM1_the5ers";"Buy";"2013.01.25 11:00:00";"1.58101";"0.29";"2013.01.25 11:30:00";"1.57765";"-98.89";"17690.46";"OOS1";"SL";"-97.44";"18.85";"30m 0s";""
"39";"GBPUSD_DukasM1_the5ers";"Buy";"2013.02.05 12:00:00";"1.57765";"0.26";"2013.02.05 14:46:00";"1.57388";"-99.32";"17591.14";"OOS1";"SL";"-98.02";"21.84";"2h 46m";""
"40";"GBPUSD_DukasM1_the5ers";"Buy";"2013.02.06 13:00:00";"1.56751";"0.25";"2013.02.07 12:08:00";"1.57356";"148.23";"17739.37";"OOS1";"PT";"-83.25";"151.25";"23h 8m";""
"41";"GBPUSD_DukasM1_the5ers";"Buy";"2013.02.08 12:00:00";"1.57400";"0.27";"2013.02.08 14:07:00";"1.57969";"152.28";"17891.65";"OOS1";"PT";"-20.52";"153.63";"2h 7m";""
"42";"GBPUSD_DukasM1_the5ers";"Buy";"2013.03.04 14:00:00";"1.50479";"0.21";"2013.03.05 01:43:00";"1.51214";"152.80";"18044.45";"OOS1";"PT";"-18.69";"154.35";"11h 43m";""
"43";"GBPUSD_DukasM1_the5ers";"Buy";"2013.03.15 13:00:00";"1.51553";"0.2";"2013.03.15 19:13:00";"1.51066";"-98.40";"17946.05";"OOS1";"SL";"-97.40";"41.80";"6h 13m";""
"44";"GBPUSD_DukasM1_the5ers";"Buy";"2013.03.22 12:00:00";"1.52095";"0.24";"2013.03.25 16:41:00";"1.51679";"-101.61";"17844.44";"OOS1";"SL";"-99.84";"120.96";"3d 4h 41m";""
"45";"GBPUSD_DukasM1_the5ers";"Buy";"2013.04.01 11:00:00";"1.52063";"0.36";"2013.04.02 06:26:00";"1.52493";"152.15";"17996.59";"OOS1";"PT";"-72.72";"154.80";"19h 26m";""
"46";"GBPUSD_DukasM1_the5ers";"Buy";"2013.04.16 20:00:00";"1.53507";"0.22";"2013.04.17 11:31:00";"1.53053";"-101.50";"17895.10";"OOS1";"SL";"-99.88";"61.82";"15h 31m";""
"47";"GBPUSD_DukasM1_the5ers";"Buy";"2013.04.22 12:00:00";"1.52424";"0.25";"2013.04.23 11:30:00";"1.52031";"-100.09";"17795.01";"OOS1";"SL";"-98.25";"137.25";"23h 30m";""
"48";"GBPUSD_DukasM1_the5ers";"Buy";"2013.04.23 18:00:00";"1.52842";"0.23";"2013.04.23 21:30:00";"1.52423";"-97.52";"17697.48";"OOS1";"SL";"-96.37";"1.84";"3h 30m";""
"1";"GBPUSD_DukasM1_the5ers";"Buy";"2013.05.29 11:00:00";"1.50506";"0.28";"2013.05.29 14:08:00";"1.51117";"169.68";"17867.17";"OOS1";"PT";"-70.56";"171.08";"3h 8m";""
"2";"GBPUSD_DukasM1_the5ers";"Buy";"2013.06.10 19:00:00";"1.55547";"0.21";"2013.06.11 17:21:00";"1.56351";"167.29";"18034.46";"OOS1";"PT";"-72.24";"168.84";"22h 21m";""
"3";"GBPUSD_DukasM1_the5ers";"Buy";"2013.06.24 16:00:00";"1.54143";"0.21";"2013.06.26 11:55:00";"1.53674";"-100.53";"17933.93";"OOS1";"SL";"-98.49";"132.09";"1d 19h 55m";""
"4";"GBPUSD_DukasM1_the5ers";"Buy";"2013.07.18 13:00:00";"1.52189";"0.21";"2013.07.22 12:34:00";"1.53008";"169.95";"18103.88";"OOS1";"PT";"-77.49";"171.99";"3d 23h 34m";""
"5";"GBPUSD_DukasM1_the5ers";"Buy";"2013.08.02 11:00:00";"1.51364";"0.23";"2013.08.02 15:30:00";"1.52107";"169.74";"18273.62";"OOS1";"PT";"-12.65";"170.89";"4h 30m";""
"6";"GBPUSD_DukasM1_the5ers";"Buy";"2013.08.07 14:00:00";"1.54475";"0.18";"2013.08.08 17:12:00";"1.55449";"173.15";"18446.76";"OOS1";"PT";"-32.58";"175.32";"1d 3h 12m";""
"7";"GBPUSD_DukasM1_the5ers";"Buy";"2013.08.21 13:00:00";"1.56942";"0.38";"2013.08.21 13:38:00";"1.56682";"-100.70";"18346.06";"OOS1";"SL";"-98.80";"6.08";"38m 0s";""
"8";"GBPUSD_DukasM1_the5ers";"Buy";"2013.09.13 11:00:00";"1.58092";"0.38";"2013.09.13 15:30:00";"1.58546";"170.62";"18516.68";"OOS1";"PT";"-34.96";"172.52";"4h 30m";""
"9";"GBPUSD_DukasM1_the5ers";"Buy";"2013.10.08 15:00:00";"1.61074";"0.29";"2013.10.08 19:15:00";"1.60737";"-99.18";"18417.50";"OOS1";"SL";"-97.73";"49.01";"4h 15m";""
"10";"GBPUSD_DukasM1_the5ers";"Buy";"2013.10.16 11:00:00";"1.59980";"0.36";"2013.10.16 11:30:00";"1.60465";"172.80";"18590.30";"OOS1";"PT";"-1.08";"174.60";"30m 0s";""
"11";"GBPUSD_DukasM1_the5ers";"Buy";"2013.11.06 12:00:00";"1.60993";"0.3";"2013.11.07 02:50:00";"1.60663";"-102.62";"18487.68";"OOS1";"SL";"-99.00";"35.40";"14h 50m";""
"12";"GBPUSD_DukasM1_the5ers";"Buy";"2013.11.15 17:00:00";"1.61221";"0.27";"2013.11.18 19:40:00";"1.60852";"-101.62";"18386.06";"OOS1";"SL";"-99.63";"71.28";"3d 2h 40m";""
"13";"GBPUSD_DukasM1_the5ers";"Buy";"2013.11.27 12:00:00";"1.62807";"0.29";"2013.11.28 10:02:00";"1.63408";"170.79";"18556.85";"OOS1";"PT";"-66.12";"174.29";"22h 2m";""
"14";"GBPUSD_DukasM1_the5ers";"Buy";"2013.12.06 11:00:00";"1.63395";"0.33";"2013.12.06 15:30:00";"1.63097";"-99.99";"18456.86";"OOS1";"SL";"-98.34";"101.31";"4h 30m";""
"15";"GBPUSD_DukasM1_the5ers";"Buy";"2013.12.31 15:00:00";"1.65307";"0.28";"2014.01.02 01:08:00";"1.65921";"167.88";"18624.73";"OOS1";"PT";"-7.00";"171.92";"1d 10h 8m";""
"16";"GBPUSD_DukasM1_the5ers";"Buy";"2014.01.09 23:00:00";"1.64814";"0.33";"2014.01.10 11:08:00";"1.64517";"-100.44";"18524.30";"OOS1";"SL";"-98.01";"17.82";"12h 8m";""
"17";"GBPUSD_DukasM1_the5ers";"Buy";"2014.01.10 17:00:00";"1.65002";"0.24";"2014.01.10 19:24:00";"1.64596";"-98.64";"18425.66";"OOS1";"SL";"-97.44";"40.32";"2h 24m";""
"18";"GBPUSD_DukasM1_the5ers";"Buy";"2014.02.06 18:00:00";"1.63241";"0.26";"2014.02.07 15:31:00";"1.63899";"169.17";"18594.82";"OOS1";"PT";"-63.44";"171.08";"21h 31m";""
"19";"GBPUSD_DukasM1_the5ers";"Buy";"2014.02.12 13:00:00";"1.65361";"0.27";"2014.02.13 00:32:00";"1.66007";"171.16";"18765.98";"OOS1";"PT";"-69.93";"174.42";"11h 32m";""
"20";"GBPUSD_DukasM1_the5ers";"Buy";"2014.02.24 12:00:00";"1.66728";"0.26";"2014.02.24 14:00:00";"1.66353";"-98.80";"18667.18";"OOS1";"SL";"-97.50";"15.08";"2h 0m";""
"21";"GBPUSD_DukasM1_the5ers";"Buy";"2014.03.25 13:00:00";"1.65031";"0.35";"2014.03.26 10:04:00";"1.65526";"170.67";"18837.86";"OOS1";"PT";"-37.45";"173.25";"21h 4m";""
"22";"GBPUSD_DukasM1_the5ers";"Buy";"2014.03.31 15:00:00";"1.66477";"0.4";"2014.03.31 16:33:00";"1.66226";"-102.40";"18735.46";"OOS1";"SL";"-100.40";"27.20";"1h 33m";""
"23";"GBPUSD_DukasM1_the5ers";"Buy";"2014.04.15 13:00:00";"1.67229";"0.37";"2014.04.16 11:14:00";"1.67704";"173.03";"18908.48";"OOS1";"PT";"-37.00";"175.75";"22h 14m";""
"24";"GBPUSD_DukasM1_the5ers";"Buy";"2014.04.29 10:00:00";"1.68276";"0.54";"2014.04.29 11:30:00";"1.68093";"-101.52";"18806.96";"OOS1";"SL";"-98.82";"100.44";"1h 30m";""
"25";"GBPUSD_DukasM1_the5ers";"Buy";"2014.05.27 04:00:00";"1.68666";"0.57";"2014.05.27 11:34:00";"1.68491";"-102.60";"18704.36";"OOS1";"SL";"-99.75";"87.78";"7h 34m";""
"26";"GBPUSD_DukasM1_the5ers";"Buy";"2014.06.03 11:00:00";"1.67656";"0.51";"2014.06.03 13:55:00";"1.67462";"-101.49";"18602.87";"OOS1";"SL";"-98.94";"83.64";"2h 55m";""
"27";"GBPUSD_DukasM1_the5ers";"Buy";"2014.06.04 13:00:00";"1.67359";"0.45";"2014.06.05 12:43:00";"1.67743";"167.36";"18770.24";"OOS1";"PT";"-30.15";"172.80";"23h 43m";""
"28";"GBPUSD_DukasM1_the5ers";"Buy";"2014.06.18 23:00:00";"1.69883";"0.3";"2014.06.19 16:41:00";"1.70458";"168.88";"18939.11";"OOS1";"PT";"-41.70";"172.50";"17h 41m";""
"29";"GBPUSD_DukasM1_the5ers";"Buy";"2014.06.20 12:00:00";"1.70593";"0.51";"2014.06.20 14:17:00";"1.70396";"-103.02";"18836.09";"OOS1";"SL";"-100.47";"5.10";"2h 17m";""
"30";"GBPUSD_DukasM1_the5ers";"Buy";"2014.06.30 15:00:00";"1.70451";"0.44";"2014.06.30 17:43:00";"1.70846";"171.60";"19007.69";"OOS1";"PT";"-33.44";"173.80";"2h 43m";""
"31";"GBPUSD_DukasM1_the5ers";"Buy";"2014.07.15 12:00:00";"1.71380";"0.39";"2014.07.15 17:00:00";"1.71830";"173.55";"19181.24";"OOS1";"PT";"-26.91";"175.50";"5h 0m";""
"32";"GBPUSD_DukasM1_the5ers";"Buy";"2014.08.04 16:00:00";"1.68382";"0.45";"2014.08.05 11:30:00";"1.68771";"171.74";"19352.98";"OOS1";"PT";"-9.90";"175.05";"19h 30m";""
"33";"GBPUSD_DukasM1_the5ers";"Buy";"2014.08.12 14:00:00";"1.67784";"0.58";"2014.08.12 18:06:00";"1.68086";"172.26";"19525.24";"OOS1";"PT";"-45.24";"175.16";"4h 6m";""
"34";"GBPUSD_DukasM1_the5ers";"Buy";"2014.08.15 22:00:00";"1.66968";"0.53";"2014.08.18 05:52:00";"1.67297";"170.47";"19695.71";"OOS1";"PT";"-42.93";"186.56";"2d 7h 52m";""
"35";"GBPUSD_DukasM1_the5ers";"Buy";"2014.08.21 11:00:00";"1.65901";"0.44";"2014.08.22 17:09:00";"1.65675";"-102.68";"19593.03";"OOS1";"SL";"-99.44";"48.40";"1d 6h 9m";""
"36";"GBPUSD_DukasM1_the5ers";"Buy";"2014.08.29 11:00:00";"1.65993";"0.54";"2014.08.29 14:52:00";"1.65808";"-102.60";"19490.43";"OOS1";"SL";"-99.90";"31.86";"3h 52m";""
"37";"GBPUSD_DukasM1_the5ers";"Buy";"2014.09.01 05:00:00";"1.65955";"0.44";"2014.09.01 11:02:00";"1.66352";"172.48";"19662.91";"OOS1";"PT";"-27.28";"174.68";"6h 2m";""
"38";"GBPUSD_DukasM1_the5ers";"Buy";"2014.09.15 12:00:00";"1.62583";"0.29";"2014.09.15 19:31:00";"1.62241";"-100.63";"19562.28";"OOS1";"SL";"-99.18";"27.55";"7h 31m";""
"39";"GBPUSD_DukasM1_the5ers";"Buy";"2014.09.25 17:00:00";"1.63373";"0.25";"2014.09.25 18:13:00";"1.62972";"-101.50";"19460.78";"OOS1";"SL";"-100.25";"7.75";"1h 13m";""
"40";"GBPUSD_DukasM1_the5ers";"Buy";"2014.10.02 06:00:00";"1.62189";"0.29";"2014.10.02 09:48:00";"1.61846";"-100.92";"19359.86";"OOS1";"SL";"-99.47";"89.03";"3h 48m";""
"41";"GBPUSD_DukasM1_the5ers";"Buy";"2014.10.16 12:00:00";"1.60047";"0.18";"2014.10.16 13:00:00";"1.59518";"-96.12";"19263.74";"OOS1";"SL";"-95.22";"18.54";"1h 0m";""
"42";"GBPUSD_DukasM1_the5ers";"Buy";"2014.10.20 12:00:00";"1.61175";"0.24";"2014.10.22 10:42:00";"1.60764";"-100.97";"19162.77";"OOS1";"SL";"-98.64";"160.08";"1d 22h 42m";""
"43";"GBPUSD_DukasM1_the5ers";"Buy";"2014.10.24 12:00:00";"1.60640";"0.3";"2014.10.24 12:33:00";"1.60309";"-100.80";"19061.97";"OOS1";"SL";"-99.30";"2.70";"33m 0s";""
"44";"GBPUSD_DukasM1_the5ers";"Buy";"2014.10.30 13:00:00";"1.60078";"0.28";"2014.10.30 14:30:00";"1.59731";"-98.56";"18963.41";"OOS1";"SL";"-97.16";"2.52";"1h 30m";""
"45";"GBPUSD_DukasM1_the5ers";"Buy";"2014.10.31 13:00:00";"1.60011";"0.3";"2014.10.31 14:58:00";"1.59678";"-101.40";"18862.01";"OOS1";"SL";"-99.90";"29.40";"1h 58m";""
"46";"GBPUSD_DukasM1_the5ers";"Buy";"2014.11.24 14:00:00";"1.56882";"0.28";"2014.11.25 10:04:00";"1.56526";"-101.74";"18760.27";"OOS1";"SL";"-99.68";"73.64";"20h 4m";""
"1";"GBPUSD_DukasM1_the5ers";"Buy";"2014.12.04 19:00:00";"1.57053";"0.23";"2014.12.05 02:29:00";"1.56619";"-101.51";"18658.75";"OOS1";"SL";"-99.82";"6.21";"7h 29m";""
"2";"GBPUSD_DukasM1_the5ers";"Buy";"2014.12.05 12:00:00";"1.56731";"0.27";"2014.12.05 15:30:00";"1.56369";"-99.09";"18559.66";"OOS1";"SL";"-97.74";"58.86";"3h 30m";""
"3";"GBPUSD_DukasM1_the5ers";"Buy";"2014.12.08 12:00:00";"1.55839";"0.3";"2014.12.08 20:28:00";"1.56484";"192.00";"18751.66";"OOS1";"PT";"-29.70";"193.50";"8h 28m";""
"4";"GBPUSD_DukasM1_the5ers";"Buy";"2014.12.15 09:00:00";"1.57417";"0.31";"2014.12.15 11:29:00";"1.57097";"-100.75";"18650.91";"OOS1";"SL";"-99.20";"13.64";"2h 29m";""
"5";"GBPUSD_DukasM1_the5ers";"Buy";"2014.12.18 12:00:00";"1.56210";"0.19";"2014.12.23 11:31:00";"1.55702";"-98.82";"18552.10";"OOS1";"SL";"-96.52";"116.09";"4d 23h 31m";""
"6";"GBPUSD_DukasM1_the5ers";"Buy";"2014.12.29 04:00:00";"1.55710";"0.46";"2014.12.29 12:54:00";"1.55495";"-101.20";"18450.90";"OOS1";"SL";"-98.90";"66.70";"8h 54m";""
"7";"GBPUSD_DukasM1_the5ers";"Buy";"2014.12.30 11:00:00";"1.55396";"0.4";"2014.12.30 12:14:00";"1.55149";"-100.80";"18350.10";"OOS1";"SL";"-98.80";"4.80";"1h 14m";""
"8";"GBPUSD_DukasM1_the5ers";"Buy";"2015.01.09 11:00:00";"1.51163";"0.34";"2015.01.09 15:30:00";"1.51726";"189.72";"18539.82";"OOS1";"PT";"-24.82";"191.42";"4h 30m";""
"9";"GBPUSD_DukasM1_the5ers";"Buy";"2015.01.15 15:00:00";"1.52522";"0.21";"2015.01.15 16:10:00";"1.52062";"-97.65";"18442.17";"OOS1";"SL";"-96.60";"30.24";"1h 10m";""
"10";"GBPUSD_DukasM1_the5ers";"Buy";"2015.01.20 11:00:00";"1.51240";"0.28";"2015.01.20 15:54:00";"1.51931";"192.08";"18634.25";"OOS1";"PT";"-10.08";"193.48";"4h 54m";""
"11";"GBPUSD_DukasM1_the5ers";"Buy";"2015.01.22 12:00:00";"1.51599";"0.27";"2015.01.22 15:41:00";"1.51237";"-99.09";"18535.16";"OOS1";"SL";"-97.74";"141.21";"3h 41m";""
"12";"GBPUSD_DukasM1_the5ers";"Buy";"2015.02.03 13:00:00";"1.50562";"0.23";"2015.02.03 18:12:00";"1.51383";"187.68";"18722.84";"OOS1";"PT";"-11.27";"188.83";"5h 12m";""
"13";"GBPUSD_DukasM1_the5ers";"Buy";"2015.02.17 13:00:00";"1.53895";"0.31";"2015.02.17 14:52:00";"1.53579";"-99.51";"18623.33";"OOS1";"SL";"-97.96";"39.06";"1h 52m";""
"14";"GBPUSD_DukasM1_the5ers";"Buy";"2015.02.23 16:00:00";"1.54074";"0.27";"2015.02.25 08:00:00";"1.54789";"190.43";"18813.76";"OOS1";"PT";"-15.66";"193.05";"1d 16h 0m";""
"15";"GBPUSD_DukasM1_the5ers";"Buy";"2015.03.26 10:00:00";"1.49277";"0.22";"2015.03.26 14:46:00";"1.48838";"-97.68";"18716.07";"OOS1";"SL";"-96.58";"146.08";"4h 46m";""
"16";"GBPUSD_DukasM1_the5ers";"Buy";"2015.04.15 17:00:00";"1.47804";"0.21";"2015.04.16 03:29:00";"1.48723";"190.45";"18906.53";"OOS1";"PT";"-74.76";"192.99";"10h 29m";""
"17";"GBPUSD_DukasM1_the5ers";"Buy";"2015.05.06 17:00:00";"1.52594";"0.19";"2015.05.07 09:50:00";"1.52074";"-101.10";"18805.43";"OOS1";"SL";"-98.80";"60.23";"16h 50m";""
"18";"GBPUSD_DukasM1_the5ers";"Buy";"2015.05.07 22:00:00";"1.52582";"0.18";"2015.05.08 00:00:00";"1.53617";"184.98";"18990.41";"OOS1";"PT";"-38.34";"186.30";"2h 0m";""
"19";"GBPUSD_DukasM1_the5ers";"Buy";"2015.05.20 13:00:00";"1.55259";"0.23";"2015.05.21 11:30:00";"1.56093";"189.04";"19179.45";"OOS1";"PT";"-77.97";"191.82";"22h 30m";""
"20";"GBPUSD_DukasM1_the5ers";"Buy";"2015.06.04 12:00:00";"1.53965";"0.23";"2015.06.04 16:22:00";"1.53535";"-100.05";"19079.40";"OOS1";"SL";"-98.90";"103.50";"4h 22m";""
"21";"GBPUSD_DukasM1_the5ers";"Buy";"2015.06.15 19:00:00";"1.55710";"0.24";"2015.06.16 21:12:00";"1.56511";"190.47";"19269.87";"OOS1";"PT";"-70.56";"192.24";"1d 2h 12m";""
"22";"GBPUSD_DukasM1_the5ers";"Buy";"2015.06.25 11:00:00";"1.57064";"0.29";"2015.06.29 00:16:00";"1.56724";"-101.42";"19168.46";"OOS1";"SL";"-98.60";"185.31";"3d 13h 16m";""
"23";"GBPUSD_DukasM1_the5ers";"Buy";"2015.07.01 11:00:00";"1.57121";"0.26";"2015.07.01 11:40:00";"1.56749";"-98.02";"19070.43";"OOS1";"SL";"-96.72";"55.38";"40m 0s";""
"24";"GBPUSD_DukasM1_the5ers";"Buy";"2015.07.27 17:00:00";"1.55466";"0.28";"2015.07.28 12:43:00";"1.56143";"187.50";"19257.93";"OOS1";"PT";"-52.36";"189.56";"19h 43m";""
"25";"GBPUSD_DukasM1_the5ers";"Buy";"2015.07.29 13:00:00";"1.56359";"0.31";"2015.07.29 21:06:00";"1.56045";"-98.89";"19159.04";"OOS1";"SL";"-97.34";"167.09";"8h 6m";""
"26";"GBPUSD_DukasM1_the5ers";"Buy";"2015.07.31 06:00:00";"1.56095";"0.33";"2015.07.31 10:14:00";"1.55794";"-100.98";"19058.06";"OOS1";"SL";"-99.33";"20.13";"4h 14m";""
"27";"GBPUSD_DukasM1_the5ers";"Buy";"2015.08.04 20:00:00";"1.56302";"0.26";"2015.08.04 20:32:00";"1.55919";"-100.88";"18957.18";"OOS1";"SL";"-99.58";"2.60";"32m 0s";""
"28";"GBPUSD_DukasM1_the5ers";"Buy";"2015.08.05 11:00:00";"1.55832";"0.28";"2015.08.06 14:00:00";"1.55483";"-101.10";"18856.08";"OOS1";"SL";"-97.72";"189.84";"1d 3h 0m";""
"29";"GBPUSD_DukasM1_the5ers";"Buy";"2015.08.10 16:00:00";"1.55107";"0.3";"2015.08.10 19:34:00";"1.55755";"192.90";"19048.98";"OOS1";"PT";"-53.10";"194.40";"3h 34m";""
"30";"GBPUSD_DukasM1_the5ers";"Buy";"2015.08.18 12:00:00";"1.56701";"0.3";"2015.08.19 17:30:00";"1.56368";"-102.11";"18946.87";"OOS1";"SL";"-99.90";"139.80";"1d 5h 30m";""
"31";"GBPUSD_DukasM1_the5ers";"Buy";"2015.09.07 11:00:00";"1.52001";"0.31";"2015.09.07 12:06:00";"1.52629";"193.13";"19140.00";"OOS1";"PT";"-0.93";"194.68";"1h 6m";""
"32";"GBPUSD_DukasM1_the5ers";"Buy";"2015.09.10 12:00:00";"1.53881";"0.34";"2015.09.10 14:05:00";"1.54440";"188.36";"19328.36";"OOS1";"PT";"-64.26";"190.06";"2h 5m";""
"33";"GBPUSD_DukasM1_the5ers";"Buy";"2015.09.14 11:00:00";"1.54640";"0.36";"2015.09.14 13:25:00";"1.54363";"-101.52";"19226.84";"OOS1";"SL";"-99.72";"0.72";"2h 25m";""
"34";"GBPUSD_DukasM1_the5ers";"Buy";"2015.09.24 18:00:00";"1.52832";"0.25";"2015.09.24 19:05:00";"1.52431";"-101.50";"19125.34";"OOS1";"SL";"-100.25";"5.00";"1h 5m";""
"35";"GBPUSD_DukasM1_the5ers";"Buy";"2015.10.01 12:00:00";"1.51503";"0.34";"2015.10.02 15:30:00";"1.52071";"190.62";"19315.96";"OOS1";"PT";"-95.88";"193.12";"1d 3h 30m";""
"36";"GBPUSD_DukasM1_the5ers";"Buy";"2015.10.06 12:00:00";"1.51702";"0.34";"2015.10.06 18:21:00";"1.52268";"190.74";"19506.70";"OOS1";"PT";"-37.06";"192.44";"6h 21m";""
"37";"GBPUSD_DukasM1_the5ers";"Buy";"2015.10.22 11:00:00";"1.54435";"0.45";"2015.10.22 11:30:00";"1.54866";"191.70";"19698.40";"OOS1";"PT";"-11.25";"193.95";"30m 0s";""
"38";"GBPUSD_DukasM1_the5ers";"Buy";"2015.11.19 18:00:00";"1.52950";"0.31";"2015.11.20 10:50:00";"1.52636";"-99.62";"19598.78";"OOS1";"SL";"-97.34";"125.55";"16h 50m";""
"39";"GBPUSD_DukasM1_the5ers";"Buy";"2015.11.20 13:00:00";"1.53013";"0.35";"2015.11.20 13:59:00";"1.52728";"-101.50";"19497.28";"OOS1";"SL";"-99.75";"2.10";"59m 0s";""
"40";"GBPUSD_DukasM1_the5ers";"Buy";"2015.11.25 16:00:00";"1.51164";"0.3";"2015.11.25 17:00:00";"1.50839";"-99.00";"19398.28";"OOS1";"SL";"-97.50";"22.80";"1h 0m";""
"41";"GBPUSD_DukasM1_the5ers";"Buy";"2015.12.11 11:00:00";"1.51644";"0.34";"2015.12.11 12:04:00";"1.51354";"-100.30";"19297.98";"OOS1";"SL";"-98.60";"8.50";"1h 4m";""
"42";"GBPUSD_DukasM1_the5ers";"Buy";"2016.01.13 19:00:00";"1.44681";"0.23";"2016.01.13 23:22:00";"1.44250";"-101.91";"19196.07";"OOS1";"SL";"-99.13";"0.00";"4h 22m";""
"43";"GBPUSD_DukasM1_the5ers";"Buy";"2016.01.26 15:00:00";"1.42494";"0.23";"2016.01.26 17:35:00";"1.43334";"192.05";"19388.12";"OOS1";"PT";"-31.28";"193.20";"2h 35m";""
"44";"GBPUSD_DukasM1_the5ers";"Buy";"2016.02.09 11:00:00";"1.44351";"0.22";"2016.02.09 16:01:00";"1.43903";"-99.66";"19288.46";"OOS1";"SL";"-98.56";"110.22";"5h 1m";""
"45";"GBPUSD_DukasM1_the5ers";"Buy";"2016.02.16 11:00:00";"1.45006";"0.22";"2016.02.16 11:59:00";"1.44569";"-97.24";"19191.22";"OOS1";"SL";"-96.14";"23.54";"59m 0s";""
"46";"GBPUSD_DukasM1_the5ers";"Buy";"2016.02.17 12:00:00";"1.43108";"0.21";"2016.02.17 16:17:00";"1.42649";"-97.44";"19093.78";"OOS1";"SL";"-96.39";"58.59";"4h 17m";""
"47";"GBPUSD_DukasM1_the5ers";"Buy";"2016.02.18 13:00:00";"1.43371";"0.21";"2016.02.19 11:40:00";"1.42905";"-99.41";"18994.38";"OOS1";"SL";"-97.86";"120.33";"22h 40m";""
"48";"GBPUSD_DukasM1_the5ers";"Buy";"2016.03.02 14:00:00";"1.40014";"0.22";"2016.03.02 21:07:00";"1.40898";"193.38";"19187.76";"OOS1";"PT";"-21.34";"194.48";"7h 7m";""
"49";"GBPUSD_DukasM1_the5ers";"Buy";"2016.03.04 17:00:00";"1.42162";"0.2";"2016.03.07 10:05:00";"1.41680";"-97.87";"19089.88";"OOS1";"SL";"-96.40";"64.40";"2d 17h 5m";""
"50";"GBPUSD_DukasM1_the5ers";"Buy";"2016.03.07 19:00:00";"1.42529";"0.21";"2016.03.08 13:21:00";"1.42057";"-100.67";"18989.22";"OOS1";"SL";"-99.12";"63.63";"18h 21m";""
"51";"GBPUSD_DukasM1_the5ers";"Buy";"2016.03.09 11:00:00";"1.42161";"0.29";"2016.03.10 14:46:00";"1.41821";"-102.10";"18887.12";"OOS1";"SL";"-98.60";"71.34";"1d 3h 46m";""
"52";"GBPUSD_DukasM1_the5ers";"Buy";"2016.03.24 13:00:00";"1.41377";"0.26";"2016.03.28 15:51:00";"1.42103";"186.23";"19073.35";"OOS1";"PT";"-88.40";"188.76";"4d 2h 51m";""
"53";"GBPUSD_DukasM1_the5ers";"Buy";"2016.04.14 16:00:00";"1.41660";"0.2";"2016.04.18 17:52:00";"1.42629";"191.86";"19265.20";"OOS1";"PT";"-88.80";"193.80";"4d 1h 52m";""
"54";"GBPUSD_DukasM1_the5ers";"Buy";"2016.04.25 15:00:00";"1.45093";"0.21";"2016.04.26 15:34:00";"1.46011";"191.23";"19456.44";"OOS1";"PT";"-98.07";"192.78";"1d 0h 34m";""
"55";"GBPUSD_DukasM1_the5ers";"Buy";"2016.05.09 13:00:00";"1.44758";"0.2";"2016.05.09 14:35:00";"1.44277";"-97.20";"19359.24";"OOS1";"SL";"-96.20";"0.00";"1h 35m";""
"56";"GBPUSD_DukasM1_the5ers";"Buy";"2016.06.03 11:00:00";"1.44289";"0.29";"2016.06.03 15:32:00";"1.44942";"187.92";"19547.16";"OOS1";"PT";"-87.87";"189.37";"4h 32m";""
"57";"GBPUSD_DukasM1_the5ers";"Buy";"2016.06.16 21:00:00";"1.42090";"0.13";"2016.06.17 21:09:00";"1.43507";"183.25";"19730.41";"OOS1";"PT";"-16.77";"184.21";"1d 0h 9m";""
"1";"GBPUSD_DukasM1_the5ers";"Buy";"2016.07.06 11:00:00";"1.29627";"0.12";"2016.07.06 17:12:00";"1.28852";"-93.60";"19636.81";"OOS1";"SL";"-93.00";"63.24";"6h 12m";""
"2";"GBPUSD_DukasM1_the5ers";"Buy";"2016.07.11 15:00:00";"1.29855";"0.14";"2016.07.12 10:09:00";"1.31258";"195.39";"19832.20";"OOS1";"PT";"-88.34";"196.42";"19h 9m";""
"3";"GBPUSD_DukasM1_the5ers";"Buy";"2016.08.09 12:00:00";"1.30114";"0.27";"2016.08.09 12:58:00";"1.29754";"-98.55";"19733.65";"OOS1";"SL";"-97.20";"0.00";"58m 0s";""
"4";"GBPUSD_DukasM1_the5ers";"Buy";"2016.08.22 11:00:00";"1.30826";"0.25";"2016.08.23 08:17:00";"1.31639";"201.41";"19935.06";"OOS1";"PT";"-17.75";"203.25";"21h 17m";""
"5";"GBPUSD_DukasM1_the5ers";"Buy";"2016.08.31 06:00:00";"1.31122";"0.29";"2016.08.31 16:33:00";"1.30780";"-100.63";"19834.43";"OOS1";"SL";"-99.18";"132.53";"10h 33m";""
"6";"GBPUSD_DukasM1_the5ers";"Buy";"2016.09.08 12:00:00";"1.33623";"0.31";"2016.09.08 15:54:00";"1.33305";"-100.13";"19734.30";"OOS1";"SL";"-98.58";"40.30";"3h 54m";""
"7";"GBPUSD_DukasM1_the5ers";"Buy";"2016.10.14 15:00:00";"1.22506";"0.17";"2016.10.14 15:54:00";"1.21948";"-95.71";"19638.59";"OOS1";"SL";"-94.86";"17.34";"54m 0s";""
"8";"GBPUSD_DukasM1_the5ers";"Buy";"2016.10.17 20:00:00";"1.21974";"0.2";"2016.10.18 13:41:00";"1.22992";"202.13";"19840.72";"OOS1";"PT";"-42.80";"203.60";"17h 41m";""
"9";"GBPUSD_DukasM1_the5ers";"Buy";"2016.11.03 13:00:00";"1.24369";"0.21";"2016.11.04 17:01:00";"1.25300";"193.96";"20034.68";"OOS1";"PT";"-90.93";"195.51";"1d 4h 1m";""
"10";"GBPUSD_DukasM1_the5ers";"Buy";"2016.11.10 16:00:00";"1.24425";"0.16";"2016.11.10 20:54:00";"1.25684";"200.64";"20235.32";"OOS1";"PT";"-6.72";"201.44";"4h 54m";""
"11";"GBPUSD_DukasM1_the5ers";"Buy";"2016.12.12 14:00:00";"1.26326";"0.24";"2016.12.13 11:45:00";"1.27145";"194.79";"20430.12";"OOS1";"PT";"-29.76";"196.56";"21h 45m";""
"12";"GBPUSD_DukasM1_the5ers";"Buy";"2016.12.30 12:00:00";"1.23131";"0.29";"2016.12.30 16:53:00";"1.23834";"202.42";"20632.54";"OOS1";"PT";"-78.30";"203.87";"4h 53m";""
"13";"GBPUSD_DukasM1_the5ers";"Buy";"2017.02.07 19:00:00";"1.24853";"0.2";"2017.02.15 11:30:00";"1.24362";"-102.98";"20529.56";"OOS1";"SL";"-98.20";"193.60";"7d 16h 30m";""
"14";"GBPUSD_DukasM1_the5ers";"Buy";"2017.02.21 18:00:00";"1.24679";"0.29";"2017.02.22 13:44:00";"1.24334";"-102.18";"20427.38";"OOS1";"SL";"-100.05";"115.42";"19h 44m";""
"15";"GBPUSD_DukasM1_the5ers";"Buy";"2017.02.23 11:00:00";"1.24638";"0.27";"2017.02.23 17:47:00";"1.25382";"199.53";"20626.91";"OOS1";"PT";"-35.37";"200.88";"6h 47m";""
"16";"GBPUSD_DukasM1_the5ers";"Buy";"2017.03.09 20:00:00";"1.21704";"0.31";"2017.03.13 09:19:00";"1.22347";"196.32";"20823.22";"OOS1";"PT";"-95.79";"199.33";"3d 13h 19m";""
"17";"GBPUSD_DukasM1_the5ers";"Buy";"2017.03.23 16:00:00";"1.25185";"0.28";"2017.03.24 04:29:00";"1.24831";"-101.18";"20722.04";"OOS1";"SL";"-99.12";"34.16";"12h 29m";""
"18";"GBPUSD_DukasM1_the5ers";"Buy";"2017.03.27 02:00:00";"1.25148";"0.31";"2017.03.27 10:26:00";"1.25794";"198.71";"20920.75";"OOS1";"PT";"-23.87";"200.26";"8h 26m";""
"19";"GBPUSD_DukasM1_the5ers";"Buy";"2017.03.29 12:00:00";"1.24454";"0.26";"2017.03.29 16:12:00";"1.24072";"-100.62";"20820.13";"OOS1";"SL";"-99.32";"79.56";"4h 12m";""
"20";"GBPUSD_DukasM1_the5ers";"Buy";"2017.03.30 14:00:00";"1.24497";"0.29";"2017.03.30 16:36:00";"1.25199";"202.13";"21022.26";"OOS1";"PT";"-3.48";"203.58";"2h 36m";""
"21";"GBPUSD_DukasM1_the5ers";"Buy";"2017.04.05 12:00:00";"1.24676";"0.32";"2017.04.07 11:30:00";"1.24363";"-104.78";"20917.48";"OOS1";"SL";"-100.16";"121.92";"1d 23h 30m";""
"22";"GBPUSD_DukasM1_the5ers";"Buy";"2017.04.11 15:00:00";"1.24366";"0.38";"2017.04.11 17:58:00";"1.24893";"198.36";"21115.84";"OOS1";"PT";"-35.34";"200.26";"2h 58m";""
"23";"GBPUSD_DukasM1_the5ers";"Buy";"2017.04.17 13:00:00";"1.25474";"0.55";"2017.04.17 17:43:00";"1.25840";"198.55";"21314.39";"OOS1";"PT";"-34.65";"201.30";"4h 43m";""
"24";"GBPUSD_DukasM1_the5ers";"Buy";"2017.05.04 12:00:00";"1.28904";"0.32";"2017.05.05 15:32:00";"1.29529";"197.64";"21512.04";"OOS1";"PT";"-35.52";"200.00";"1d 3h 32m";""
"25";"GBPUSD_DukasM1_the5ers";"Buy";"2017.05.30 11:00:00";"1.28594";"0.36";"2017.05.31 00:29:00";"1.28318";"-102.01";"21410.03";"OOS1";"SL";"-99.36";"103.68";"13h 29m";""
"26";"GBPUSD_DukasM1_the5ers";"Buy";"2017.05.31 14:00:00";"1.28365";"0.25";"2017.05.31 18:04:00";"1.29181";"202.75";"21612.78";"OOS1";"PT";"-10.75";"204.00";"4h 4m";""
"27";"GBPUSD_DukasM1_the5ers";"Buy";"2017.06.01 18:00:00";"1.29026";"0.24";"2017.06.02 09:55:00";"1.28618";"-99.69";"21513.09";"OOS1";"SL";"-97.92";"31.44";"15h 55m";""
"28";"GBPUSD_DukasM1_the5ers";"Buy";"2017.06.07 16:00:00";"1.29238";"0.34";"2017.06.09 00:00:00";"1.28948";"-103.51";"21409.58";"OOS1";"SL";"-98.60";"182.24";"1d 8h 0m";""
"29";"GBPUSD_DukasM1_the5ers";"Buy";"2017.06.16 21:00:00";"1.27884";"0.28";"2017.06.19 17:43:00";"1.27530";"-101.18";"21308.40";"OOS1";"SL";"-99.12";"72.80";"2d 20h 43m";""
"30";"GBPUSD_DukasM1_the5ers";"Buy";"2017.07.11 11:00:00";"1.28955";"0.45";"2017.07.11 16:06:00";"1.28735";"-101.25";"21207.15";"OOS1";"SL";"-99.00";"142.20";"5h 6m";""
"31";"GBPUSD_DukasM1_the5ers";"Buy";"2017.07.21 22:00:00";"1.30072";"0.29";"2017.07.25 15:12:00";"1.30756";"195.54";"21402.69";"OOS1";"PT";"-57.71";"198.36";"3d 17h 12m";""
"32";"GBPUSD_DukasM1_the5ers";"Buy";"2017.08.02 11:00:00";"1.32257";"0.35";"2017.08.03 14:00:00";"1.31974";"-103.28";"21299.41";"OOS1";"SL";"-99.05";"147.70";"1d 3h 0m";""
"33";"GBPUSD_DukasM1_the5ers";"Buy";"2017.08.16 22:00:00";"1.28843";"0.28";"2017.08.18 18:20:00";"1.28496";"-101.20";"21198.21";"OOS1";"SL";"-97.16";"89.32";"1d 20h 20m";""
"34";"GBPUSD_DukasM1_the5ers";"Buy";"2017.09.11 14:00:00";"1.32134";"0.32";"2017.09.11 17:40:00";"1.31829";"-99.20";"21099.01";"OOS1";"SL";"-97.60";"24.64";"3h 40m";""
"35";"GBPUSD_DukasM1_the5ers";"Buy";"2017.09.20 12:00:00";"1.35654";"0.21";"2017.09.20 12:21:00";"1.35198";"-96.81";"21002.20";"OOS1";"SL";"-95.76";"21.63";"21m 0s";""
"36";"GBPUSD_DukasM1_the5ers";"Buy";"2017.09.28 14:00:00";"1.34209";"0.22";"2017.09.29 11:57:00";"1.33773";"-97.54";"20904.66";"OOS1";"SL";"-95.92";"75.68";"21h 57m";""
"37";"GBPUSD_DukasM1_the5ers";"Buy";"2017.10.03 11:00:00";"1.32766";"0.3";"2017.10.03 12:53:00";"1.32432";"-101.70";"20802.96";"OOS1";"SL";"-100.20";"23.70";"1h 53m";""
"38";"GBPUSD_DukasM1_the5ers";"Buy";"2017.10.12 21:00:00";"1.32731";"0.21";"2017.10.16 21:27:00";"1.32262";"-100.53";"20702.43";"OOS1";"SL";"-98.49";"135.24";"4d 0h 27m";""
"39";"GBPUSD_DukasM1_the5ers";"Buy";"2017.10.20 11:00:00";"1.31315";"0.28";"2017.10.23 08:58:00";"1.32041";"201.22";"20903.65";"OOS1";"PT";"-21.28";"203.28";"2d 21h 58m";""
"40";"GBPUSD_DukasM1_the5ers";"Buy";"2017.10.31 15:00:00";"1.32346";"0.31";"2017.11.01 09:51:00";"1.32990";"197.36";"21101.01";"OOS1";"PT";"-1.86";"199.64";"18h 51m";""
"41";"GBPUSD_DukasM1_the5ers";"Buy";"2017.11.16 13:00:00";"1.31957";"0.27";"2017.11.20 10:43:00";"1.32691";"195.56";"21296.56";"OOS1";"PT";"-71.01";"198.18";"3d 21h 43m";""
"42";"GBPUSD_DukasM1_the5ers";"Buy";"2017.11.22 17:00:00";"1.32791";"0.32";"2017.11.24 15:53:00";"1.33427";"198.90";"21495.46";"OOS1";"PT";"-54.08";"203.52";"1d 22h 53m";""
"43";"GBPUSD_DukasM1_the5ers";"Buy";"2018.01.08 18:00:00";"1.35809";"0.37";"2018.01.09 09:37:00";"1.35541";"-101.88";"21393.58";"OOS1";"SL";"-99.16";"14.80";"15h 37m";""
"44";"GBPUSD_DukasM1_the5ers";"Buy";"2018.01.11 16:00:00";"1.35247";"0.29";"2018.01.12 10:57:00";"1.35939";"198.55";"21592.13";"OOS1";"PT";"-6.67";"200.68";"18h 57m";""
"45";"GBPUSD_DukasM1_the5ers";"Buy";"2018.01.18 13:00:00";"1.38618";"0.22";"2018.01.22 17:41:00";"1.39532";"198.94";"21791.07";"OOS1";"PT";"-51.70";"201.08";"4d 4h 41m";""
"46";"GBPUSD_DukasM1_the5ers";"Buy";"2018.01.23 18:00:00";"1.40187";"0.23";"2018.01.23 18:18:00";"1.39761";"-99.13";"21691.94";"OOS1";"SL";"-97.98";"3.68";"18m 0s";""
"47";"GBPUSD_DukasM1_the5ers";"Buy";"2018.01.30 12:00:00";"1.40729";"0.19";"2018.01.31 05:34:00";"1.41765";"195.44";"21887.38";"OOS1";"PT";"-16.34";"196.84";"17h 34m";""
"1";"GBPUSD_DukasM1_the5ers";"Buy";"2018.03.23 16:00:00";"1.41332";"0.23";"2018.03.26 12:17:00";"1.41998";"151.49";"22038.87";"OOS1";"PT";"-10.12";"153.18";"2d 20h 17m";""
"2";"GBPUSD_DukasM1_the5ers";"Buy";"2018.04.12 15:00:00";"1.42040";"0.25";"2018.04.13 10:12:00";"1.42644";"149.16";"22188.03";"OOS1";"PT";"-48.25";"151.00";"19h 12m";""
"3";"GBPUSD_DukasM1_the5ers";"Buy";"2018.04.16 12:00:00";"1.42709";"0.28";"2018.04.16 16:07:00";"1.43255";"151.48";"22339.50";"OOS1";"PT";"-12.60";"152.88";"4h 7m";""
"4";"GBPUSD_DukasM1_the5ers";"Buy";"2018.04.19 14:00:00";"1.42202";"0.24";"2018.04.19 20:14:00";"1.41790";"-100.08";"22239.42";"OOS1";"SL";"-98.88";"60.48";"6h 14m";""
"5";"GBPUSD_DukasM1_the5ers";"Buy";"2018.04.26 14:00:00";"1.39634";"0.26";"2018.04.26 18:01:00";"1.39259";"-98.80";"22140.63";"OOS1";"SL";"-97.50";"89.96";"4h 1m";""
"6";"GBPUSD_DukasM1_the5ers";"Buy";"2018.05.08 10:00:00";"1.35750";"0.29";"2018.05.08 10:31:00";"1.35409";"-100.34";"22040.29";"OOS1";"SL";"-98.89";"14.50";"31m 0s";""
"7";"GBPUSD_DukasM1_the5ers";"Buy";"2018.05.09 12:00:00";"1.35479";"0.25";"2018.05.10 13:33:00";"1.36098";"151.73";"22192.01";"OOS1";"PT";"-68.00";"154.75";"1d 1h 33m";""
"8";"GBPUSD_DukasM1_the5ers";"Buy";"2018.06.15 12:00:00";"1.32720";"0.22";"2018.06.18 10:59:00";"1.32274";"-99.74";"22092.28";"OOS1";"SL";"-98.12";"56.76";"2d 22h 59m";""
"9";"GBPUSD_DukasM1_the5ers";"Buy";"2018.06.25 15:00:00";"1.32833";"0.23";"2018.06.26 12:12:00";"1.32409";"-99.21";"21993.06";"OOS1";"SL";"-97.52";"19.55";"21h 12m";""
"10";"GBPUSD_DukasM1_the5ers";"Buy";"2018.07.10 11:00:00";"1.32878";"0.2";"2018.07.10 12:05:00";"1.32391";"-98.40";"21894.66";"OOS1";"SL";"-97.40";"26.00";"1h 5m";""
"11";"GBPUSD_DukasM1_the5ers";"Buy";"2018.07.16 13:00:00";"1.32665";"0.28";"2018.07.16 17:57:00";"1.32313";"-99.96";"21794.70";"OOS1";"SL";"-98.56";"73.64";"4h 57m";""
"12";"GBPUSD_DukasM1_the5ers";"Buy";"2018.07.25 22:00:00";"1.31735";"0.27";"2018.07.26 16:30:00";"1.31364";"-103.43";"21691.27";"OOS1";"SL";"-100.17";"107.19";"18h 30m";""
"13";"GBPUSD_DukasM1_the5ers";"Buy";"2018.08.29 12:00:00";"1.28761";"0.3";"2018.08.29 16:58:00";"1.29261";"148.50";"21839.77";"OOS1";"PT";"-35.70";"150.00";"4h 58m";""
"14";"GBPUSD_DukasM1_the5ers";"Buy";"2018.09.05 17:00:00";"1.29669";"0.18";"2018.09.05 18:22:00";"1.29116";"-100.44";"21739.33";"OOS1";"SL";"-99.54";"7.92";"1h 22m";""
"15";"GBPUSD_DukasM1_the5ers";"Buy";"2018.09.19 12:00:00";"1.31958";"0.26";"2018.09.19 14:08:00";"1.31575";"-100.88";"21638.45";"OOS1";"SL";"-99.58";"8.84";"2h 8m";""
"16";"GBPUSD_DukasM1_the5ers";"Buy";"2018.10.04 11:00:00";"1.29680";"0.27";"2018.10.04 17:03:00";"1.30251";"152.82";"21791.27";"OOS1";"PT";"-25.65";"154.17";"6h 3m";""
"17";"GBPUSD_DukasM1_the5ers";"Buy";"2018.10.09 19:00:00";"1.31382";"0.2";"2018.10.10 21:19:00";"1.32145";"151.13";"21942.40";"OOS1";"PT";"-26.20";"152.60";"1d 2h 19m";""
"18";"GBPUSD_DukasM1_the5ers";"Buy";"2018.11.05 17:00:00";"1.30265";"0.2";"2018.11.06 23:45:00";"1.31027";"150.46";"22092.86";"OOS1";"PT";"-28.20";"152.40";"1d 6h 45m";""
"19";"GBPUSD_DukasM1_the5ers";"Buy";"2018.12.06 12:00:00";"1.27403";"0.21";"2018.12.06 19:17:00";"1.28112";"147.84";"22240.70";"OOS1";"PT";"-38.22";"148.89";"7h 17m";""
"20";"GBPUSD_DukasM1_the5ers";"Buy";"2018.12.13 23:00:00";"1.26646";"0.17";"2018.12.14 08:45:00";"1.26085";"-96.62";"22144.07";"OOS1";"SL";"-95.37";"0.34";"9h 45m";""
"21";"GBPUSD_DukasM1_the5ers";"Buy";"2018.12.21 10:00:00";"1.26755";"0.26";"2018.12.21 16:30:00";"1.26373";"-100.62";"22043.45";"OOS1";"SL";"-99.32";"57.72";"6h 30m";""
"22";"GBPUSD_DukasM1_the5ers";"Buy";"2019.01.11 13:00:00";"1.28229";"0.19";"2019.01.14 17:54:00";"1.29017";"148.32";"22191.78";"OOS1";"PT";"-93.48";"149.72";"3d 4h 54m";""
"23";"GBPUSD_DukasM1_the5ers";"Buy";"2019.01.16 23:00:00";"1.28812";"0.14";"2019.01.17 21:20:00";"1.29858";"144.75";"22336.52";"OOS1";"PT";"-69.02";"146.44";"22h 20m";""
"24";"GBPUSD_DukasM1_the5ers";"Buy";"2019.01.22 12:00:00";"1.29134";"0.26";"2019.01.22 20:58:00";"1.29714";"149.50";"22486.02";"OOS1";"PT";"-61.10";"150.80";"8h 58m";""
"25";"GBPUSD_DukasM1_the5ers";"Buy";"2019.01.25 18:00:00";"1.31663";"0.18";"2019.01.29 21:55:00";"1.31123";"-98.95";"22387.07";"OOS1";"SL";"-97.20";"91.62";"4d 3h 55m";""
"26";"GBPUSD_DukasM1_the5ers";"Buy";"2019.02.22 18:00:00";"1.30579";"0.21";"2019.02.26 00:04:00";"1.31304";"150.21";"22537.28";"OOS1";"PT";"-23.52";"152.25";"3d 6h 4m";""
"27";"GBPUSD_DukasM1_the5ers";"Buy";"2019.03.05 11:00:00";"1.31812";"0.28";"2019.03.05 14:38:00";"1.31461";"-99.68";"22437.60";"OOS1";"SL";"-98.28";"48.44";"3h 38m";""
"28";"GBPUSD_DukasM1_the5ers";"Buy";"2019.03.19 13:00:00";"1.32930";"0.23";"2019.03.19 15:53:00";"1.32507";"-98.44";"22339.16";"OOS1";"SL";"-97.29";"40.25";"2h 53m";""
"29";"GBPUSD_DukasM1_the5ers";"Buy";"2019.03.26 10:00:00";"1.32071";"0.19";"2019.03.27 23:59:00";"1.31555";"-100.78";"22238.38";"OOS1";"SL";"-98.04";"117.04";"1d 13h 59m";""
"30";"GBPUSD_DukasM1_the5ers";"Buy";"2019.03.29 15:00:00";"1.31053";"0.15";"2019.03.29 17:34:00";"1.30396";"-99.30";"22139.08";"OOS1";"SL";"-98.55";"25.95";"2h 34m";""
"31";"GBPUSD_DukasM1_the5ers";"Buy";"2019.04.02 21:00:00";"1.31098";"0.15";"2019.04.05 15:41:00";"1.30467";"-97.17";"22041.91";"OOS1";"SL";"-94.65";"128.70";"2d 18h 41m";""
"32";"GBPUSD_DukasM1_the5ers";"Buy";"2019.05.10 14:00:00";"1.30229";"0.31";"2019.05.13 17:54:00";"1.29914";"-99.93";"21941.98";"OOS1";"SL";"-97.65";"75.02";"3d 3h 54m";""
"33";"GBPUSD_DukasM1_the5ers";"Buy";"2019.06.26 14:00:00";"1.26896";"0.29";"2019.07.01 10:59:00";"1.26554";"-104.05";"21837.93";"OOS1";"SL";"-99.18";"130.21";"4d 20h 59m";""
"34";"GBPUSD_DukasM1_the5ers";"Buy";"2019.07.10 12:00:00";"1.24800";"0.39";"2019.07.10 15:53:00";"1.25195";"152.10";"21990.03";"OOS1";"PT";"-71.37";"154.05";"3h 53m";""
"35";"GBPUSD_DukasM1_the5ers";"Buy";"2019.07.12 18:00:00";"1.25592";"0.31";"2019.07.15 15:43:00";"1.25271";"-101.79";"21888.23";"OOS1";"SL";"-99.51";"60.14";"2d 21h 43m";""
"36";"GBPUSD_DukasM1_the5ers";"Buy";"2019.08.01 18:00:00";"1.21542";"0.18";"2019.08.02 04:12:00";"1.20986";"-101.40";"21786.83";"OOS1";"SL";"-100.08";"30.78";"10h 12m";""
"37";"GBPUSD_DukasM1_the5ers";"Buy";"2019.08.06 11:00:00";"1.21833";"0.22";"2019.08.06 21:09:00";"1.21379";"-100.98";"21685.85";"OOS1";"SL";"-99.88";"57.20";"10h 9m";""
"38";"GBPUSD_DukasM1_the5ers";"Buy";"2019.08.13 14:00:00";"1.20853";"0.3";"2019.08.13 18:48:00";"1.20525";"-99.90";"21585.95";"OOS1";"SL";"-98.40";"36.60";"4h 48m";""
"39";"GBPUSD_DukasM1_the5ers";"Buy";"2019.08.29 15:00:00";"1.22181";"0.25";"2019.08.29 20:09:00";"1.21789";"-99.25";"21486.70";"OOS1";"SL";"-98.00";"35.00";"5h 9m";""
"1";"GBPUSD_DukasM1_the5ers";"Buy";"2019.09.24 13:00:00";"1.24525";"0.3";"2019.09.24 16:01:00";"1.24920";"117.00";"21603.70";"OOS1";"PT";"-58.80";"118.50";"3h 1m";""
"2";"GBPUSD_DukasM1_the5ers";"Buy";"2019.10.01 14:00:00";"1.23011";"0.32";"2019.10.01 14:54:00";"1.22698";"-101.76";"21501.94";"OOS1";"SL";"-100.16";"38.08";"54m 0s";""
"3";"GBPUSD_DukasM1_the5ers";"Buy";"2019.10.15 01:00:00";"1.26287";"0.15";"2019.10.15 17:27:00";"1.27041";"112.35";"21614.29";"OOS1";"PT";"-39.45";"113.10";"16h 27m";""
"4";"GBPUSD_DukasM1_the5ers";"Buy";"2019.10.29 16:00:00";"1.28726";"0.28";"2019.10.31 02:55:00";"1.29146";"113.56";"21727.85";"OOS1";"PT";"-87.08";"117.60";"1d 10h 55m";""
"5";"GBPUSD_DukasM1_the5ers";"Buy";"2019.11.07 11:00:00";"1.28697";"0.44";"2019.11.07 14:00:00";"1.28473";"-100.76";"21627.09";"OOS1";"SL";"-98.56";"35.20";"3h 0m";""
"6";"GBPUSD_DukasM1_the5ers";"Buy";"2019.11.08 11:00:00";"1.28208";"0.44";"2019.11.08 13:18:00";"1.27981";"-102.08";"21525.01";"OOS1";"SL";"-99.88";"5.28";"2h 18m";""
"7";"GBPUSD_DukasM1_the5ers";"Buy";"2019.11.27 12:00:00";"1.28615";"0.41";"2019.11.27 13:04:00";"1.28900";"114.80";"21639.81";"OOS1";"PT";"-6.15";"116.85";"1h 4m";""
"8";"GBPUSD_DukasM1_the5ers";"Buy";"2019.11.29 18:00:00";"1.29364";"0.36";"2019.12.02 11:05:00";"1.29087";"-102.37";"21537.44";"OOS1";"SL";"-99.72";"19.80";"2d 17h 5m";""
"9";"GBPUSD_DukasM1_the5ers";"Buy";"2019.12.02 15:00:00";"1.29318";"0.42";"2019.12.03 09:23:00";"1.29602";"116.19";"21653.63";"OOS1";"PT";"-55.44";"119.28";"18h 23m";""
"10";"GBPUSD_DukasM1_the5ers";"Buy";"2020.01.14 17:00:00";"1.30024";"0.32";"2020.01.15 08:24:00";"1.30393";"115.72";"21769.35";"OOS1";"PT";"-30.08";"118.08";"15h 24m";""
"11";"GBPUSD_DukasM1_the5ers";"Buy";"2020.01.16 12:00:00";"1.30537";"0.39";"2020.01.17 08:42:00";"1.30842";"116.08";"21885.43";"OOS1";"PT";"-87.36";"118.95";"20h 42m";""
"12";"GBPUSD_DukasM1_the5ers";"Buy";"2020.02.10 12:00:00";"1.29109";"0.37";"2020.02.10 15:35:00";"1.29427";"115.81";"22001.24";"OOS1";"PT";"-12.21";"117.66";"3h 35m";""
"13";"GBPUSD_DukasM1_the5ers";"Buy";"2020.02.13 13:00:00";"1.29883";"0.4";"2020.02.13 13:50:00";"1.29637";"-100.40";"21900.84";"OOS1";"SL";"-98.40";"0.00";"50m 0s";""
"14";"GBPUSD_DukasM1_the5ers";"Buy";"2020.02.18 13:00:00";"1.30291";"0.38";"2020.02.18 19:34:00";"1.30031";"-100.70";"21800.14";"OOS1";"SL";"-98.80";"74.10";"6h 34m";""
"15";"GBPUSD_DukasM1_the5ers";"Buy";"2020.02.28 12:00:00";"1.29046";"0.29";"2020.02.28 13:42:00";"1.28703";"-100.92";"21699.22";"OOS1";"SL";"-99.47";"6.96";"1h 42m";""
"16";"GBPUSD_DukasM1_the5ers";"Buy";"2020.04.02 09:00:00";"1.24096";"0.16";"2020.04.02 20:39:00";"1.23504";"-95.52";"21603.70";"OOS1";"SL";"-94.72";"104.80";"11h 39m";""
"17";"GBPUSD_DukasM1_the5ers";"Buy";"2020.04.14 16:00:00";"1.25808";"0.25";"2020.04.14 19:24:00";"1.26279";"116.50";"21720.20";"OOS1";"PT";"-50.50";"117.75";"3h 24m";""
"18";"GBPUSD_DukasM1_the5ers";"Buy";"2020.05.19 22:00:00";"1.22812";"0.23";"2020.05.19 23:32:00";"1.22392";"-98.29";"21621.91";"OOS1";"SL";"-96.60";"17.48";"1h 32m";""
"19";"GBPUSD_DukasM1_the5ers";"Buy";"2020.05.25 13:00:00";"1.21865";"0.34";"2020.05.26 04:10:00";"1.22208";"114.12";"21736.03";"OOS1";"PT";"-66.64";"116.62";"15h 10m";""
"20";"GBPUSD_DukasM1_the5ers";"Buy";"2020.06.01 17:00:00";"1.24231";"0.21";"2020.06.01 17:57:00";"1.24798";"118.02";"21854.04";"OOS1";"PT";"-13.86";"119.07";"57m 0s";""
"21";"GBPUSD_DukasM1_the5ers";"Buy";"2020.06.02 13:00:00";"1.25660";"0.2";"2020.06.04 10:21:00";"1.25172";"-100.49";"21753.56";"OOS1";"SL";"-97.60";"97.80";"1d 21h 21m";""
"22";"GBPUSD_DukasM1_the5ers";"Buy";"2020.06.08 22:00:00";"1.27242";"0.21";"2020.06.09 10:16:00";"1.26766";"-101.51";"21652.05";"OOS1";"SL";"-99.96";"65.52";"12h 16m";""
"23";"GBPUSD_DukasM1_the5ers";"Buy";"2020.06.10 05:00:00";"1.27286";"0.24";"2020.06.10 08:47:00";"1.27767";"114.24";"21766.29";"OOS1";"PT";"-7.68";"115.44";"3h 47m";""
"24";"GBPUSD_DukasM1_the5ers";"Buy";"2020.06.15 12:00:00";"1.25420";"0.18";"2020.06.15 23:59:00";"1.26058";"113.52";"21879.81";"OOS1";"PT";"-67.14";"114.84";"11h 59m";""
"25";"GBPUSD_DukasM1_the5ers";"Buy";"2020.06.25 11:00:00";"1.24353";"0.26";"2020.06.25 16:42:00";"1.23968";"-101.40";"21778.41";"OOS1";"SL";"-100.10";"74.36";"5h 42m";""
"26";"GBPUSD_DukasM1_the5ers";"Buy";"2020.07.20 11:00:00";"1.25744";"0.28";"2020.07.20 14:09:00";"1.26156";"113.96";"21892.37";"OOS1";"PT";"-26.88";"115.36";"3h 9m";""
"27";"GBPUSD_DukasM1_the5ers";"Buy";"2020.07.23 19:00:00";"1.27583";"0.22";"2020.07.27 03:38:00";"1.28106";"112.92";"22005.29";"OOS1";"PT";"-91.30";"115.06";"3d 8h 38m";""
"28";"GBPUSD_DukasM1_the5ers";"Buy";"2020.08.18 04:00:00";"1.31325";"0.33";"2020.08.18 10:07:00";"1.31678";"114.84";"22120.13";"OOS1";"PT";"-33.33";"116.49";"6h 7m";""
"29";"GBPUSD_DukasM1_the5ers";"Buy";"2020.09.04 12:00:00";"1.33102";"0.25";"2020.09.04 14:15:00";"1.32711";"-99.00";"22021.13";"OOS1";"SL";"-97.75";"21.25";"2h 15m";""
"30";"GBPUSD_DukasM1_the5ers";"Buy";"2020.09.15 12:00:00";"1.28816";"0.25";"2020.09.15 18:01:00";"1.28429";"-98.00";"21923.13";"OOS1";"SL";"-96.75";"111.00";"6h 1m";""
"31";"GBPUSD_DukasM1_the5ers";"Buy";"2020.09.16 13:00:00";"1.29481";"0.26";"2020.09.16 16:19:00";"1.29926";"114.40";"22037.53";"OOS1";"PT";"-29.64";"115.70";"3h 19m";""
"32";"GBPUSD_DukasM1_the5ers";"Buy";"2020.10.02 11:00:00";"1.29152";"0.18";"2020.10.05 16:03:00";"1.29790";"113.52";"22151.04";"OOS1";"PT";"-40.86";"114.84";"3d 5h 3m";""
"33";"GBPUSD_DukasM1_the5ers";"Buy";"2020.10.27 14:00:00";"1.30492";"0.32";"2020.10.28 10:07:00";"1.30180";"-102.20";"22048.85";"OOS1";"SL";"-99.84";"96.64";"20h 7m";""
"34";"GBPUSD_DukasM1_the5ers";"Buy";"2020.11.19 14:00:00";"1.32547";"0.28";"2020.11.19 15:36:00";"1.32190";"-101.36";"21947.49";"OOS1";"SL";"-99.96";"8.40";"1h 36m";""
"35";"GBPUSD_DukasM1_the5ers";"Buy";"2021.01.11 19:00:00";"1.35207";"0.2";"2021.01.12 11:20:00";"1.35776";"112.33";"22059.82";"OOS1";"PT";"-33.40";"113.80";"16h 20m";""
"36";"GBPUSD_DukasM1_the5ers";"Buy";"2021.01.14 11:00:00";"1.36593";"0.28";"2021.01.14 15:26:00";"1.36243";"-99.40";"21960.42";"OOS1";"SL";"-98.00";"8.12";"4h 26m";""
"37";"GBPUSD_DukasM1_the5ers";"Buy";"2021.01.28 16:00:00";"1.36823";"0.22";"2021.01.28 20:23:00";"1.37342";"113.08";"22073.50";"OOS1";"PT";"-3.08";"114.18";"4h 23m";""
"38";"GBPUSD_DukasM1_the5ers";"Buy";"2021.02.01 04:00:00";"1.37209";"0.24";"2021.02.01 15:26:00";"1.36805";"-98.16";"21975.34";"OOS1";"SL";"-96.96";"87.60";"11h 26m";""
"39";"GBPUSD_DukasM1_the5ers";"Buy";"2021.02.18 11:00:00";"1.39121";"0.3";"2021.02.18 14:47:00";"1.39509";"114.90";"22090.24";"OOS1";"PT";"-22.20";"116.40";"3h 47m";""
"40";"GBPUSD_DukasM1_the5ers";"Buy";"2021.03.02 14:00:00";"1.39273";"0.2";"2021.03.03 09:27:00";"1.39843";"112.53";"22202.76";"OOS1";"PT";"-62.60";"114.00";"19h 27m";""
"41";"GBPUSD_DukasM1_the5ers";"Buy";"2021.03.09 06:00:00";"1.38469";"0.23";"2021.03.09 10:53:00";"1.38977";"115.69";"22318.45";"OOS1";"PT";"-45.77";"116.84";"4h 53m";""
"42";"GBPUSD_DukasM1_the5ers";"Buy";"2021.04.01 16:00:00";"1.37914";"0.3";"2021.04.01 18:25:00";"1.38300";"114.30";"22432.75";"OOS1";"PT";"-2.40";"115.80";"2h 25m";""
"1";"GBPUSD_DukasM1_the5ers";"Buy";"2021.04.05 12:00:00";"1.38620";"0.36";"2021.04.05 16:45:00";"1.38906";"101.16";"22533.91";"OOS1";"PT";"-31.68";"102.96";"4h 45m";""
"2";"GBPUSD_DukasM1_the5ers";"Buy";"2021.04.12 11:00:00";"1.37281";"0.3";"2021.04.12 13:46:00";"1.37629";"102.90";"22636.81";"OOS1";"PT";"-0.90";"104.40";"2h 46m";""
"3";"GBPUSD_DukasM1_the5ers";"Buy";"2021.04.13 23:00:00";"1.37574";"0.29";"2021.04.14 09:38:00";"1.37930";"101.11";"22737.92";"OOS1";"PT";"-26.10";"103.24";"10h 38m";""
"4";"GBPUSD_DukasM1_the5ers";"Buy";"2021.04.23 21:00:00";"1.38663";"0.3";"2021.04.26 05:25:00";"1.39012";"102.49";"22840.41";"OOS1";"PT";"-6.30";"104.70";"2d 8h 25m";""
"5";"GBPUSD_DukasM1_the5ers";"Buy";"2021.05.04 21:00:00";"1.38943";"0.28";"2021.05.06 14:02:00";"1.38587";"-103.72";"22736.69";"OOS1";"SL";"-99.68";"88.76";"1d 17h 2m";""
"6";"GBPUSD_DukasM1_the5ers";"Buy";"2021.05.24 17:00:00";"1.41627";"0.3";"2021.05.25 09:40:00";"1.41975";"102.19";"22838.88";"OOS1";"PT";"-55.20";"104.40";"16h 40m";""
"7";"GBPUSD_DukasM1_the5ers";"Buy";"2021.05.31 06:00:00";"1.42002";"0.36";"2021.05.31 11:12:00";"1.41724";"-101.88";"22737.00";"OOS1";"SL";"-100.08";"0.36";"5h 12m";""
"8";"GBPUSD_DukasM1_the5ers";"Buy";"2021.06.02 16:00:00";"1.41674";"0.33";"2021.06.03 13:02:00";"1.41990";"100.29";"22837.29";"OOS1";"PT";"-80.19";"104.28";"21h 2m";""
"9";"GBPUSD_DukasM1_the5ers";"Buy";"2021.06.04 11:00:00";"1.41149";"0.37";"2021.06.04 15:15:00";"1.41431";"102.49";"22939.78";"OOS1";"PT";"-15.17";"104.34";"4h 15m";""
"10";"GBPUSD_DukasM1_the5ers";"Buy";"2021.06.30 14:00:00";"1.38618";"0.34";"2021.06.30 16:08:00";"1.38326";"-100.98";"22838.80";"OOS1";"SL";"-99.28";"28.90";"2h 8m";""
"11";"GBPUSD_DukasM1_the5ers";"Buy";"2021.07.07 14:00:00";"1.38235";"0.32";"2021.07.07 17:05:00";"1.37929";"-99.52";"22739.28";"OOS1";"SL";"-97.92";"57.28";"3h 5m";""
"12";"GBPUSD_DukasM1_the5ers";"Buy";"2021.07.15 10:00:00";"1.38601";"0.36";"2021.07.15 10:24:00";"1.38328";"-100.08";"22639.21";"OOS1";"SL";"-98.28";"4.32";"24m 0s";""
"13";"GBPUSD_DukasM1_the5ers";"Buy";"2021.07.26 12:00:00";"1.37681";"0.35";"2021.07.26 12:47:00";"1.37976";"101.50";"22740.71";"OOS1";"PT";"-15.40";"103.25";"47m 0s";""
"14";"GBPUSD_DukasM1_the5ers";"Buy";"2021.08.04 17:00:00";"1.39491";"0.36";"2021.08.04 17:17:00";"1.39216";"-100.80";"22639.90";"OOS1";"SL";"-99.00";"1.80";"17m 0s";""
"15";"GBPUSD_DukasM1_the5ers";"Buy";"2021.08.11 16:00:00";"1.38602";"0.41";"2021.08.11 20:02:00";"1.38856";"102.09";"22741.99";"OOS1";"PT";"-54.94";"104.14";"4h 2m";""
"16";"GBPUSD_DukasM1_the5ers";"Buy";"2021.09.09 11:00:00";"1.37870";"0.42";"2021.09.09 12:08:00";"1.38120";"102.90";"22844.89";"OOS1";"PT";"-2.52";"105.00";"1h 8m";""
"17";"GBPUSD_DukasM1_the5ers";"Buy";"2021.09.22 19:00:00";"1.36677";"0.35";"2021.09.22 21:00:00";"1.36391";"-101.85";"22743.04";"OOS1";"SL";"-100.10";"2.80";"2h 0m";""
"18";"GBPUSD_DukasM1_the5ers";"Buy";"2021.10.19 04:00:00";"1.37522";"0.42";"2021.10.19 08:43:00";"1.37771";"102.48";"22845.52";"OOS1";"PT";"-21.00";"104.58";"4h 43m";""
"19";"GBPUSD_DukasM1_the5ers";"Buy";"2021.12.06 11:00:00";"1.32542";"0.32";"2021.12.07 06:05:00";"1.32864";"100.68";"22946.21";"OOS1";"PT";"-76.16";"103.04";"19h 5m";""
"20";"GBPUSD_DukasM1_the5ers";"Buy";"2021.12.09 21:00:00";"1.32168";"0.3";"2021.12.10 18:41:00";"1.32510";"100.39";"23046.60";"OOS1";"PT";"-88.80";"102.60";"21h 41m";""
"21";"GBPUSD_DukasM1_the5ers";"Buy";"2021.12.10 19:00:00";"1.32616";"0.29";"2021.12.13 08:57:00";"1.32273";"-101.60";"22945.00";"OOS1";"SL";"-99.47";"39.15";"2d 13h 57m";""
"22";"GBPUSD_DukasM1_the5ers";"Buy";"2021.12.14 12:00:00";"1.32223";"0.39";"2021.12.14 13:34:00";"1.32490";"102.18";"23047.18";"OOS1";"PT";"-17.55";"104.13";"1h 34m";""
"23";"GBPUSD_DukasM1_the5ers";"Buy";"2021.12.16 10:00:00";"1.32644";"0.35";"2021.12.16 10:27:00";"1.32939";"101.50";"23148.68";"OOS1";"PT";"-1.05";"103.25";"27m 0s";""
"24";"GBPUSD_DukasM1_the5ers";"Buy";"2021.12.27 16:00:00";"1.34268";"0.36";"2021.12.28 13:20:00";"1.34554";"100.31";"23248.99";"OOS1";"PT";"-68.04";"102.96";"21h 20m";""
"25";"GBPUSD_DukasM1_the5ers";"Buy";"2022.01.04 11:00:00";"1.34915";"0.36";"2022.01.04 16:24:00";"1.35203";"101.88";"23350.87";"OOS1";"PT";"-46.44";"103.68";"5h 24m";""
"26";"GBPUSD_DukasM1_the5ers";"Buy";"2022.01.07 12:00:00";"1.35549";"0.4";"2022.01.07 15:36:00";"1.35298";"-102.40";"23248.47";"OOS1";"SL";"-100.40";"39.20";"3h 36m";""
"27";"GBPUSD_DukasM1_the5ers";"Buy";"2022.01.20 17:00:00";"1.36501";"0.39";"2022.01.20 20:02:00";"1.36244";"-102.18";"23146.29";"OOS1";"SL";"-100.23";"44.85";"3h 2m";""
"28";"GBPUSD_DukasM1_the5ers";"Buy";"2022.02.10 11:00:00";"1.35517";"0.46";"2022.02.10 12:04:00";"1.35742";"101.20";"23247.49";"OOS1";"PT";"-11.96";"103.50";"1h 4m";""
"29";"GBPUSD_DukasM1_the5ers";"Buy";"2022.03.14 11:00:00";"1.30446";"0.29";"2022.03.14 21:25:00";"1.30104";"-100.63";"23146.86";"OOS1";"SL";"-99.18";"99.76";"10h 25m";""
"30";"GBPUSD_DukasM1_the5ers";"Buy";"2022.03.15 06:00:00";"1.30458";"0.3";"2022.03.15 17:52:00";"1.30807";"103.20";"23250.06";"OOS1";"PT";"-84.90";"104.70";"11h 52m";""
"31";"GBPUSD_DukasM1_the5ers";"Buy";"2022.04.01 02:00:00";"1.31465";"0.27";"2022.04.01 15:31:00";"1.31106";"-98.28";"23151.78";"OOS1";"SL";"-96.93";"4.86";"13h 31m";""
"32";"GBPUSD_DukasM1_the5ers";"Buy";"2022.04.07 05:00:00";"1.30810";"0.33";"2022.04.08 09:45:00";"1.30514";"-100.11";"23051.67";"OOS1";"SL";"-97.68";"83.49";"1d 4h 45m";""
"33";"GBPUSD_DukasM1_the5ers";"Buy";"2022.04.12 16:00:00";"1.30489";"0.33";"2022.04.12 19:43:00";"1.30186";"-101.64";"22950.03";"OOS1";"SL";"-99.99";"15.18";"3h 43m";""
"34";"GBPUSD_DukasM1_the5ers";"Buy";"2022.04.13 18:00:00";"1.30374";"0.29";"2022.04.13 18:56:00";"1.30728";"101.21";"23051.24";"OOS1";"PT";"-5.22";"102.66";"56m 0s";""
"35";"GBPUSD_DukasM1_the5ers";"Buy";"2022.04.19 11:00:00";"1.30147";"0.41";"2022.04.19 12:00:00";"1.30400";"101.68";"23152.92";"OOS1";"PT";"-14.35";"103.73";"1h 0m";""
"36";"GBPUSD_DukasM1_the5ers";"Buy";"2022.05.03 16:00:00";"1.25576";"0.23";"2022.05.03 17:51:00";"1.25151";"-98.90";"23054.02";"OOS1";"SL";"-97.75";"19.32";"1h 51m";""
"37";"GBPUSD_DukasM1_the5ers";"Buy";"2022.05.13 19:00:00";"1.22431";"0.2";"2022.05.16 04:09:00";"1.22947";"101.73";"23155.75";"OOS1";"PT";"-46.40";"103.20";"2d 9h 9m";""
"38";"GBPUSD_DukasM1_the5ers";"Buy";"2022.05.30 19:00:00";"1.26584";"0.29";"2022.05.31 03:27:00";"1.26239";"-102.18";"23053.56";"OOS1";"SL";"-100.05";"3.48";"8h 27m";""
"39";"GBPUSD_DukasM1_the5ers";"Buy";"2022.06.23 17:00:00";"1.22896";"0.19";"2022.06.23 18:59:00";"1.22393";"-96.52";"22957.04";"OOS1";"SL";"-95.57";"8.74";"1h 59m";""
"40";"GBPUSD_DukasM1_the5ers";"Buy";"2022.07.25 12:00:00";"1.20277";"0.2";"2022.07.25 14:15:00";"1.20799";"103.40";"23060.44";"OOS1";"PT";"-10.80";"104.40";"2h 15m";""
"41";"GBPUSD_DukasM1_the5ers";"Buy";"2022.08.09 12:00:00";"1.21185";"0.3";"2022.08.09 18:00:00";"1.20851";"-101.70";"22958.74";"OOS1";"SL";"-100.20";"34.20";"6h 0m";""
"42";"GBPUSD_DukasM1_the5ers";"Buy";"2022.08.16 17:00:00";"1.20923";"0.26";"2022.08.17 09:00:00";"1.21324";"102.35";"23061.09";"OOS1";"PT";"-47.58";"104.26";"16h 0m";""
"43";"GBPUSD_DukasM1_the5ers";"Buy";"2022.08.23 12:00:00";"1.17772";"0.25";"2022.08.23 16:45:00";"1.18191";"103.50";"23164.59";"OOS1";"PT";"-79.75";"104.75";"4h 45m";""
"44";"GBPUSD_DukasM1_the5ers";"Buy";"2022.09.05 12:00:00";"1.14900";"0.22";"2022.09.06 01:09:00";"1.15359";"99.36";"23263.95";"OOS1";"PT";"-22.00";"100.98";"13h 9m";""
"45";"GBPUSD_DukasM1_the5ers";"Buy";"2022.09.14 12:00:00";"1.15378";"0.2";"2022.09.14 18:07:00";"1.15886";"100.60";"23364.55";"OOS1";"PT";"-11.00";"101.60";"6h 7m";""
"46";"GBPUSD_DukasM1_the5ers";"Buy";"2022.10.12 13:00:00";"1.10672";"0.11";"2022.10.13 12:30:00";"1.11575";"98.00";"23462.55";"OOS1";"PT";"-49.72";"99.33";"23h 30m";""
"1";"GBPUSD_DukasM1_the5ers";"Buy";"2022.11.30 12:00:00";"1.20150";"0.21";"2022.11.30 17:10:00";"1.19684";"-98.91";"23363.64";"OOS1";"SL";"-97.86";"28.98";"5h 10m";""
"2";"GBPUSD_DukasM1_the5ers";"Buy";"2022.12.08 17:00:00";"1.22296";"0.21";"2022.12.09 14:29:00";"1.22807";"105.76";"23469.40";"OOS1";"PT";"-50.61";"107.31";"21h 29m";""
"3";"GBPUSD_DukasM1_the5ers";"Buy";"2022.12.09 15:00:00";"1.22805";"0.27";"2022.12.09 15:30:00";"1.22436";"-100.98";"23368.42";"OOS1";"SL";"-99.63";"44.28";"30m 0s";""
"4";"GBPUSD_DukasM1_the5ers";"Buy";"2022.12.27 02:00:00";"1.20821";"0.34";"2022.12.27 10:41:00";"1.20531";"-100.30";"23268.13";"OOS1";"SL";"-98.60";"101.66";"8h 41m";""
"5";"GBPUSD_DukasM1_the5ers";"Buy";"2023.01.20 21:00:00";"1.23910";"0.26";"2023.01.23 03:23:00";"1.24333";"108.07";"23376.19";"OOS1";"PT";"-4.68";"109.98";"2d 6h 23m";""
"6";"GBPUSD_DukasM1_the5ers";"Buy";"2023.01.30 13:00:00";"1.24097";"0.29";"2023.01.30 15:31:00";"1.23758";"-99.76";"23276.43";"OOS1";"SL";"-98.31";"4.93";"2h 31m";""
"7";"GBPUSD_DukasM1_the5ers";"Buy";"2023.02.17 16:00:00";"1.19702";"0.27";"2023.02.17 17:12:00";"1.20112";"109.35";"23385.78";"OOS1";"PT";"-14.58";"110.70";"1h 12m";""
"8";"GBPUSD_DukasM1_the5ers";"Buy";"2023.03.17 20:00:00";"1.21852";"0.26";"2023.03.20 12:58:00";"1.22279";"109.11";"23494.89";"OOS1";"PT";"-48.36";"111.02";"2d 16h 58m";""
"9";"GBPUSD_DukasM1_the5ers";"Buy";"2023.04.06 11:00:00";"1.24687";"0.34";"2023.04.06 15:50:00";"1.24397";"-100.30";"23394.59";"OOS1";"SL";"-98.60";"42.84";"4h 50m";""
"10";"GBPUSD_DukasM1_the5ers";"Buy";"2023.04.10 11:00:00";"1.24268";"0.43";"2023.04.10 15:05:00";"1.24039";"-100.62";"23293.97";"OOS1";"SL";"-98.47";"66.65";"4h 5m";""
"11";"GBPUSD_DukasM1_the5ers";"Buy";"2023.04.24 12:00:00";"1.24517";"0.34";"2023.04.24 20:45:00";"1.24836";"106.76";"23400.73";"OOS1";"PT";"-86.70";"108.46";"8h 45m";""
"12";"GBPUSD_DukasM1_the5ers";"Buy";"2023.04.27 22:00:00";"1.24938";"0.29";"2023.04.28 11:15:00";"1.24602";"-99.57";"23301.15";"OOS1";"SL";"-97.44";"28.71";"13h 15m";""
"13";"GBPUSD_DukasM1_the5ers";"Buy";"2023.04.28 17:00:00";"1.25103";"0.27";"2023.04.28 17:52:00";"1.25504";"106.92";"23408.07";"OOS1";"PT";"-19.98";"108.27";"52m 0s";""
"14";"GBPUSD_DukasM1_the5ers";"Buy";"2023.05.30 05:00:00";"1.23733";"0.5";"2023.05.30 06:24:00";"1.23532";"-103.00";"23305.07";"OOS1";"SL";"-100.50";"16.50";"1h 24m";""
"15";"GBPUSD_DukasM1_the5ers";"Buy";"2023.06.08 12:00:00";"1.24778";"0.39";"2023.06.08 16:34:00";"1.25058";"107.25";"23412.32";"OOS1";"PT";"-95.94";"109.20";"4h 34m";""
"16";"GBPUSD_DukasM1_the5ers";"Buy";"2023.06.22 12:00:00";"1.27758";"0.34";"2023.06.22 14:00:00";"1.28084";"109.14";"23521.46";"OOS1";"PT";"-8.84";"110.84";"2h 0m";""
"17";"GBPUSD_DukasM1_the5ers";"Buy";"2023.07.07 14:00:00";"1.27619";"0.35";"2023.07.07 15:30:00";"1.27932";"107.80";"23629.26";"OOS1";"PT";"-37.10";"109.55";"1h 30m";""
"18";"GBPUSD_DukasM1_the5ers";"Buy";"2023.07.18 14:00:00";"1.31245";"0.36";"2023.07.18 14:26:00";"1.30968";"-101.52";"23527.74";"OOS1";"SL";"-99.72";"1.44";"26m 0s";""
"19";"GBPUSD_DukasM1_the5ers";"Buy";"2023.07.25 19:00:00";"1.28736";"0.3";"2023.07.26 10:46:00";"1.29098";"106.39";"23634.13";"OOS1";"PT";"-14.70";"108.60";"15h 46m";""
"20";"GBPUSD_DukasM1_the5ers";"Buy";"2023.07.28 13:00:00";"1.28184";"0.25";"2023.07.28 14:08:00";"1.28624";"108.75";"23742.88";"OOS1";"PT";"-13.50";"110.00";"1h 8m";""
"21";"GBPUSD_DukasM1_the5ers";"Buy";"2023.07.31 14:00:00";"1.28674";"0.33";"2023.07.31 16:16:00";"1.28370";"-101.97";"23640.91";"OOS1";"SL";"-100.32";"16.50";"2h 16m";""
"22";"GBPUSD_DukasM1_the5ers";"Buy";"2023.08.25 12:00:00";"1.25865";"0.34";"2023.08.25 14:06:00";"1.26192";"109.48";"23750.39";"OOS1";"PT";"-17.00";"111.18";"2h 6m";""
"23";"GBPUSD_DukasM1_the5ers";"Buy";"2023.10.04 12:00:00";"1.21137";"0.31";"2023.10.04 15:15:00";"1.21493";"108.81";"23859.21";"OOS1";"PT";"-4.65";"110.36";"3h 15m";""
"24";"GBPUSD_DukasM1_the5ers";"Buy";"2023.11.17 13:00:00";"1.24311";"0.33";"2023.11.17 23:43:00";"1.24645";"107.79";"23967.00";"OOS1";"PT";"-87.45";"110.22";"10h 43m";""
"25";"GBPUSD_DukasM1_the5ers";"Buy";"2023.11.27 14:00:00";"1.26347";"0.4";"2023.11.27 17:06:00";"1.26102";"-100.00";"23867.00";"OOS1";"SL";"-98.00";"37.20";"3h 6m";""
"26";"GBPUSD_DukasM1_the5ers";"Buy";"2023.12.01 19:00:00";"1.26802";"0.27";"2023.12.04 01:26:00";"1.27212";"108.71";"23975.71";"OOS1";"PT";"-17.55";"110.70";"2d 6h 26m";""
"27";"GBPUSD_DukasM1_the5ers";"Buy";"2024.01.19 00:00:00";"1.27049";"0.33";"2024.01.19 09:00:00";"1.26751";"-99.99";"23875.72";"OOS1";"SL";"-98.34";"31.02";"9h 0m";""
"28";"GBPUSD_DukasM1_the5ers";"Buy";"2024.02.12 10:00:00";"1.26466";"0.52";"2024.02.12 10:25:00";"1.26274";"-102.44";"23773.28";"OOS1";"SL";"-99.84";"0.00";"25m 0s";""
"29";"GBPUSD_DukasM1_the5ers";"Buy";"2024.02.15 17:00:00";"1.25819";"0.39";"2024.02.16 15:30:00";"1.25567";"-101.15";"23672.13";"OOS1";"SL";"-98.28";"94.38";"22h 30m";""
"30";"GBPUSD_DukasM1_the5ers";"Buy";"2024.03.13 14:00:00";"1.28082";"0.46";"2024.03.14 06:04:00";"1.27866";"-104.92";"23567.21";"OOS1";"SL";"-99.36";"13.34";"16h 4m";""
"31";"GBPUSD_DukasM1_the5ers";"Buy";"2024.04.02 11:00:00";"1.25539";"0.58";"2024.04.02 12:12:00";"1.25728";"106.72";"23673.93";"OOS1";"PT";"-35.38";"109.62";"1h 12m";""
"32";"GBPUSD_DukasM1_the5ers";"Buy";"2024.04.08 06:00:00";"1.26377";"0.44";"2024.04.08 12:16:00";"1.26153";"-100.76";"23573.17";"OOS1";"SL";"-98.56";"7.04";"6h 16m";""
"33";"GBPUSD_DukasM1_the5ers";"Buy";"2024.04.09 13:00:00";"1.26801";"0.54";"2024.04.09 15:51:00";"1.27006";"108.00";"23681.17";"OOS1";"PT";"-24.30";"110.70";"2h 51m";""
"34";"GBPUSD_DukasM1_the5ers";"Buy";"2024.04.19 11:00:00";"1.24495";"0.37";"2024.04.19 18:11:00";"1.24230";"-99.90";"23581.27";"OOS1";"SL";"-98.05";"69.19";"7h 11m";""
"35";"GBPUSD_DukasM1_the5ers";"Buy";"2024.04.29 19:00:00";"1.25511";"0.33";"2024.04.30 15:30:00";"1.25214";"-100.44";"23480.83";"OOS1";"SL";"-98.01";"60.06";"20h 30m";""
"36";"GBPUSD_DukasM1_the5ers";"Buy";"2024.05.06 11:00:00";"1.25682";"0.39";"2024.05.07 08:54:00";"1.25425";"-103.10";"23377.73";"OOS1";"SL";"-100.23";"101.01";"21h 54m";""
"37";"GBPUSD_DukasM1_the5ers";"Buy";"2024.05.08 14:00:00";"1.24956";"0.56";"2024.05.08 15:10:00";"1.24779";"-101.92";"23275.81";"OOS1";"SL";"-99.12";"28.56";"1h 10m";""
"38";"GBPUSD_DukasM1_the5ers";"Buy";"2024.05.13 15:00:00";"1.25460";"0.52";"2024.05.13 17:41:00";"1.25671";"107.12";"23382.93";"OOS1";"PT";"-4.16";"109.72";"2h 41m";""
"39";"GBPUSD_DukasM1_the5ers";"Buy";"2024.05.17 17:00:00";"1.26759";"0.54";"2024.05.17 17:46:00";"1.26964";"108.00";"23490.93";"OOS1";"PT";"-12.96";"110.70";"46m 0s";""
"40";"GBPUSD_DukasM1_the5ers";"Buy";"2024.05.23 15:00:00";"1.27406";"0.46";"2024.05.23 16:45:00";"1.27190";"-101.66";"23389.27";"OOS1";"SL";"-99.36";"26.22";"1h 45m";""
"1";"GBPUSD_DukasM1_the5ers";"Buy";"2024.06.05 16:00:00";"1.27923";"0.53";"2024.06.05 17:00:00";"1.27735";"-102.29";"23286.98";"OOS1";"SL";"-99.64";"14.84";"1h 0m";""
"2";"GBPUSD_DukasM1_the5ers";"Buy";"2024.06.07 11:00:00";"1.28005";"0.57";"2024.06.07 11:45:00";"1.27831";"-102.03";"23184.95";"OOS1";"SL";"-99.18";"2.85";"45m 0s";""
"3";"GBPUSD_DukasM1_the5ers";"Buy";"2024.06.11 14:00:00";"1.27425";"0.52";"2024.06.11 16:37:00";"1.27234";"-101.92";"23083.03";"OOS1";"SL";"-99.32";"27.04";"2h 37m";""
"4";"GBPUSD_DukasM1_the5ers";"Buy";"2024.06.12 06:00:00";"1.27415";"0.55";"2024.06.12 15:30:00";"1.27768";"191.40";"23274.43";"OOS1";"PT";"-27.50";"194.15";"9h 30m";""
"5";"GBPUSD_DukasM1_the5ers";"Buy";"2024.06.18 20:00:00";"1.27024";"0.44";"2024.06.20 14:00:00";"1.26800";"-104.91";"23169.52";"OOS1";"SL";"-98.56";"164.12";"1d 18h 0m";""
"6";"GBPUSD_DukasM1_the5ers";"Buy";"2024.06.28 11:00:00";"1.26435";"0.54";"2024.06.28 17:36:00";"1.26252";"-101.52";"23068.00";"OOS1";"SL";"-98.82";"106.38";"6h 36m";""
"7";"GBPUSD_DukasM1_the5ers";"Buy";"2024.07.02 14:00:00";"1.26421";"0.5";"2024.07.02 16:42:00";"1.26809";"191.50";"23259.50";"OOS1";"PT";"-6.00";"194.00";"2h 42m";""
"8";"GBPUSD_DukasM1_the5ers";"Buy";"2024.07.09 17:00:00";"1.28155";"0.55";"2024.07.09 17:27:00";"1.27975";"-101.75";"23157.75";"OOS1";"SL";"-99.00";"30.80";"27m 0s";""
"9";"GBPUSD_DukasM1_the5ers";"Buy";"2024.07.11 12:00:00";"1.28754";"0.66";"2024.07.11 15:30:00";"1.29046";"189.42";"23347.17";"OOS1";"PT";"-45.54";"192.72";"3h 30m";""
"10";"GBPUSD_DukasM1_the5ers";"Buy";"2024.07.26 20:00:00";"1.28743";"0.51";"2024.07.29 10:14:00";"1.28549";"-102.69";"23244.47";"OOS1";"SL";"-98.94";"68.85";"2d 14h 14m";""
"11";"GBPUSD_DukasM1_the5ers";"Buy";"2024.08.08 18:00:00";"1.27139";"0.32";"2024.08.12 09:29:00";"1.27740";"189.21";"23433.69";"OOS1";"PT";"-2.56";"192.32";"3d 15h 29m";""
"12";"GBPUSD_DukasM1_the5ers";"Buy";"2024.08.12 18:00:00";"1.27840";"0.46";"2024.08.12 19:36:00";"1.27623";"-102.12";"23331.56";"OOS1";"SL";"-99.82";"44.16";"1h 36m";""
"13";"GBPUSD_DukasM1_the5ers";"Buy";"2024.08.15 19:00:00";"1.28627";"0.37";"2024.08.16 19:26:00";"1.29152";"191.53";"23523.09";"OOS1";"PT";"-55.50";"194.25";"1d 0h 26m";""
"14";"GBPUSD_DukasM1_the5ers";"Buy";"2024.08.23 18:00:00";"1.31883";"0.34";"2024.08.27 12:19:00";"1.32446";"188.12";"23711.21";"OOS1";"PT";"-47.26";"191.42";"3d 18h 19m";""
"15";"GBPUSD_DukasM1_the5ers";"Buy";"2024.09.12 17:00:00";"1.30570";"0.43";"2024.09.12 21:15:00";"1.31017";"190.06";"23901.27";"OOS1";"PT";"-22.79";"192.21";"4h 15m";""
"16";"GBPUSD_DukasM1_the5ers";"Buy";"2024.09.18 11:00:00";"1.31983";"0.46";"2024.09.18 16:14:00";"1.32404";"191.36";"24092.63";"OOS1";"PT";"-17.02";"193.66";"5h 14m";""
"17";"GBPUSD_DukasM1_the5ers";"Buy";"2024.09.23 16:00:00";"1.33279";"0.3";"2024.09.24 16:04:00";"1.33908";"186.49";"24279.12";"OOS1";"PT";"-47.10";"188.70";"1d 0h 4m";""
"18";"GBPUSD_DukasM1_the5ers";"Buy";"2024.10.17 14:00:00";"1.30077";"0.4";"2024.10.17 16:10:00";"1.29832";"-100.00";"24179.12";"OOS1";"SL";"-98.00";"60.40";"2h 10m";""
"19";"GBPUSD_DukasM1_the5ers";"Buy";"2024.12.02 14:00:00";"1.27112";"0.34";"2024.12.02 14:52:00";"1.26820";"-100.98";"24078.14";"OOS1";"SL";"-99.28";"8.16";"52m 0s";""
"20";"GBPUSD_DukasM1_the5ers";"Buy";"2025.01.24 12:00:00";"1.24279";"0.29";"2025.01.24 18:42:00";"1.24947";"192.27";"24270.41";"OOS1";"PT";"-80.91";"193.72";"6h 42m";""
"21";"GBPUSD_DukasM1_the5ers";"Buy";"2025.01.30 11:00:00";"1.24553";"0.36";"2025.01.30 12:51:00";"1.24275";"-101.88";"24168.53";"OOS1";"SL";"-100.08";"5.76";"1h 51m";""
"22";"GBPUSD_DukasM1_the5ers";"Buy";"2025.01.31 19:00:00";"1.24458";"0.29";"2025.01.31 20:26:00";"1.24116";"-100.63";"24067.90";"OOS1";"SL";"-99.18";"74.53";"1h 26m";""
"23";"GBPUSD_DukasM1_the5ers";"Buy";"2025.02.13 05:00:00";"1.24619";"0.29";"2025.02.13 18:03:00";"1.25271";"187.63";"24255.53";"OOS1";"PT";"-27.26";"189.08";"13h 3m";""
"24";"GBPUSD_DukasM1_the5ers";"Buy";"2025.02.26 17:00:00";"1.26646";"0.4";"2025.02.26 19:30:00";"1.27125";"189.60";"24445.13";"OOS1";"PT";"-28.00";"191.60";"2h 30m";""
"25";"GBPUSD_DukasM1_the5ers";"Buy";"2025.02.28 11:00:00";"1.26006";"0.39";"2025.02.28 20:16:00";"1.25751";"-101.40";"24343.73";"OOS1";"SL";"-99.45";"81.12";"9h 16m";""
"26";"GBPUSD_DukasM1_the5ers";"Buy";"2025.03.03 02:00:00";"1.26024";"0.35";"2025.03.03 13:42:00";"1.26579";"192.50";"24536.23";"OOS1";"PT";"-71.75";"194.25";"11h 42m";""
"27";"GBPUSD_DukasM1_the5ers";"Buy";"2025.04.02 13:00:00";"1.29474";"0.4";"2025.04.02 23:13:00";"1.29954";"187.17";"24723.40";"OOS1";"PT";"-72.80";"192.00";"10h 13m";""
"28";"GBPUSD_DukasM1_the5ers";"Buy";"2025.04.17 11:00:00";"1.32426";"0.29";"2025.04.21 02:33:00";"1.33082";"187.42";"24910.82";"OOS1";"PT";"-68.15";"190.24";"3d 15h 33m";""
"29";"GBPUSD_DukasM1_the5ers";"Buy";"2025.04.22 07:00:00";"1.34042";"0.36";"2025.04.22 10:40:00";"1.33766";"-101.16";"24809.66";"OOS1";"SL";"-99.36";"69.48";"3h 40m";""
"30";"GBPUSD_DukasM1_the5ers";"Buy";"2025.04.25 19:00:00";"1.33290";"0.29";"2025.04.28 01:30:00";"1.32948";"-101.31";"24708.34";"OOS1";"SL";"-99.18";"8.99";"2d 6h 30m";""
"31";"GBPUSD_DukasM1_the5ers";"Buy";"2025.04.28 12:00:00";"1.33293";"0.31";"2025.04.28 17:32:00";"1.33909";"189.41";"24897.75";"OOS1";"PT";"-0.93";"190.96";"5h 32m";""
"32";"GBPUSD_DukasM1_the5ers";"Buy";"2025.05.01 12:00:00";"1.33247";"0.32";"2025.05.01 17:32:00";"1.32935";"-101.44";"24796.31";"OOS1";"SL";"-99.84";"65.60";"5h 32m";""
"33";"GBPUSD_DukasM1_the5ers";"Buy";"2025.05.28 12:00:00";"1.35093";"0.37";"2025.05.28 14:27:00";"1.34826";"-100.64";"24695.67";"OOS1";"SL";"-98.79";"36.26";"2h 27m";""
"34";"GBPUSD_DukasM1_the5ers";"Buy";"2025.05.29 11:00:00";"1.34648";"0.33";"2025.06.02 09:33:00";"1.35238";"191.49";"24887.17";"OOS1";"PT";"-56.10";"194.70";"3d 22h 33m";""
"35";"GBPUSD_DukasM1_the5ers";"Buy";"2025.06.05 12:00:00";"1.35672";"0.37";"2025.06.06 10:03:00";"1.35402";"-102.62";"24784.54";"OOS1";"SL";"-99.90";"180.93";"22h 3m";""
"36";"GBPUSD_DukasM1_the5ers";"Buy";"2025.06.11 12:00:00";"1.34943";"0.36";"2025.06.11 15:35:00";"1.35471";"188.28";"24972.82";"OOS1";"PT";"-34.92";"190.08";"3h 35m";""
"37";"GBPUSD_DukasM1_the5ers";"Buy";"2025.06.23 18:00:00";"1.34883";"0.23";"2025.06.24 07:51:00";"1.35719";"190.59";"25163.41";"OOS1";"PT";"-42.32";"192.28";"13h 51m";""
"38";"GBPUSD_DukasM1_the5ers";"Buy";"2025.07.04 00:00:00";"1.36551";"0.28";"2025.07.07 07:41:00";"1.36197";"-101.18";"25062.23";"OOS1";"SL";"-99.12";"72.80";"3d 7h 41m";""
"39";"GBPUSD_DukasM1_the5ers";"Buy";"2025.07.16 19:00:00";"1.34237";"0.27";"2025.07.17 05:49:00";"1.33877";"-100.46";"24961.77";"OOS1";"SL";"-97.20";"61.83";"10h 49m";""
"40";"GBPUSD_DukasM1_the5ers";"Buy";"2025.07.18 13:00:00";"1.34407";"0.4";"2025.07.18 20:10:00";"1.34159";"-101.20";"24860.57";"OOS1";"SL";"-99.20";"137.60";"7h 10m";""
"41";"GBPUSD_DukasM1_the5ers";"Buy";"2025.08.05 19:00:00";"1.33074";"0.29";"2025.08.07 09:16:00";"1.33727";"185.18";"25045.75";"OOS1";"PT";"-75.40";"189.37";"1d 14h 16m";""
"42";"GBPUSD_DukasM1_the5ers";"Buy";"2025.08.12 11:00:00";"1.34591";"0.42";"2025.08.12 15:41:00";"1.35055";"192.78";"25238.53";"OOS1";"PT";"-55.02";"194.88";"4h 41m";""
"43";"GBPUSD_DukasM1_the5ers";"Buy";"2025.08.21 12:00:00";"1.34661";"0.42";"2025.08.21 15:45:00";"1.34424";"-101.64";"25136.89";"OOS1";"SL";"-99.54";"68.46";"3h 45m";""
"44";"GBPUSD_DukasM1_the5ers";"Buy";"2025.09.09 13:00:00";"1.35872";"0.39";"2025.09.09 14:53:00";"1.35615";"-102.18";"25034.71";"OOS1";"SL";"-100.23";"7.41";"1h 53m";""
"45";"GBPUSD_DukasM1_the5ers";"Buy";"2025.10.06 17:00:00";"1.34613";"0.35";"2025.10.07 10:11:00";"1.34327";"-102.68";"24932.03";"OOS1";"SL";"-100.10";"99.75";"17h 11m";""
"46";"GBPUSD_DukasM1_the5ers";"Buy";"2025.10.15 19:00:00";"1.33943";"0.32";"2025.10.16 16:19:00";"1.34537";"186.21";"25118.25";"OOS1";"PT";"-77.44";"190.08";"21h 19m";""
"47";"GBPUSD_DukasM1_the5ers";"Buy";"2025.10.27 12:00:00";"1.33453";"0.39";"2025.10.27 17:07:00";"1.33197";"-101.79";"25016.46";"OOS1";"SL";"-99.84";"29.25";"5h 7m";""
"48";"GBPUSD_DukasM1_the5ers";"Buy";"2025.11.11 17:00:00";"1.31805";"0.34";"2025.11.11 23:47:00";"1.31518";"-100.08";"24916.38";"OOS1";"SL";"-97.58";"0.34";"6h 47m";""
"49";"GBPUSD_DukasM1_the5ers";"Buy";"2025.11.13 11:00:00";"1.31675";"0.37";"2025.11.14 01:22:00";"1.31404";"-102.99";"24813.38";"OOS1";"SL";"-100.27";"178.34";"14h 22m";""
"50";"GBPUSD_DukasM1_the5ers";"Buy";"2025.11.14 20:00:00";"1.31611";"0.24";"2025.11.19 11:48:00";"1.31199";"-101.78";"24711.60";"OOS1";"SL";"-98.88";"76.32";"4d 15h 48m";""
"51";"GBPUSD_DukasM1_the5ers";"Buy";"2025.11.24 06:00:00";"1.30977";"0.36";"2025.11.25 15:15:00";"1.31506";"187.79";"24899.39";"OOS1";"PT";"-63.00";"190.44";"1d 9h 15m";""
"52";"GBPUSD_DukasM1_the5ers";"Buy";"2025.12.31 15:00:00";"1.34671";"0.44";"2025.12.31 16:07:00";"1.34443";"-102.52";"24796.88";"OOS1";"SL";"-100.32";"40.48";"1h 7m";""
